Food Produced,Food Eaten,Current Food,run_id
0.0,60.0,340,1
0.0,60.0,280,1
50.35,43.35,287,1
62.75,93.75,256,1
74.75,93.75,237,1
74.75,93.75,218,1
74.75,93.75,199,1
26.75,93.75,132,1
32.75,93.75,71,1
36.0,93.75,36,1
18.0,93.75,18,1
48.0,93.75,48,1
60.0,135.0,60,1
72.0,205.35,72,1
87.0,290.40000000000003,87,1
111.0,470.4,111,1
102.0,487.35,102,1
96.0,487.35,96,1
96.0,487.35,96,1
96.0,487.35,96,1
96.0,487.35,96,1
78.0,345.6,78,1
72.0,277.35,72,1
72.0,277.35,72,1
72.0,277.35,72,1
84.0,277.35,84,1
102.0,390.15,102,1
126.0,595.35,126,1
138.0,714.1500000000001,138,1
150.0,866.4000000000001,150,1
168.0,1058.4,168,1
192.0,1411.35,192,1
196.0,1749.6,196,1
196.0,1848.15,196,1
185.0,1622.4,185,1
180.0,1215.0,180,1
180.0,1215.0,180,1
180.0,1215.0,180,1
180.0,1215.0,180,1
180.0,1215.0,180,1
180.0,1215.0,180,1
180.0,1215.0,180,1
180.0,1215.0,180,1
180.0,1215.0,180,1
180.0,1215.0,180,1
180.0,1215.0,180,1
180.0,1215.0,180,1
180.0,1215.0,180,1
180.0,1215.0,180,1
180.0,1215.0,180,1
162.0,1033.35,162,1
162.0,1033.35,162,1
162.0,1033.35,162,1
162.0,1033.35,162,1
111.0,470.4,111,1
111.0,470.4,111,1
111.0,470.4,111,1
111.0,470.4,111,1
111.0,470.4,111,1
111.0,470.4,111,1
111.0,470.4,111,1
111.0,470.4,111,1
111.0,470.4,111,1
111.0,470.4,111,1
111.0,470.4,111,1
111.0,470.4,111,1
111.0,470.4,111,1
111.0,470.4,111,1
111.0,470.4,111,1
111.0,470.4,111,1
111.0,470.4,111,1
135.0,470.4,135,1
144.0,540.0,144,1
171.0,756.1500000000001,171,1
198.0,1008.6,198,1
222.0,1297.35,222,1
225.0,1653.75,225,1
238.0,1685.4,238,1
252.0,1749.6,252,1
252.0,2053.3500000000004,252,1
252.0,2053.3500000000004,252,1
252.0,2053.3500000000004,252,1
186.0,912.6,186,1
126.0,421.35,126,1
126.0,421.35,126,1
126.0,421.35,126,1
126.0,421.35,126,1
126.0,421.35,126,1
126.0,421.35,126,1
126.0,421.35,126,1
126.0,421.35,126,1
126.0,421.35,126,1
126.0,421.35,126,1
126.0,421.35,126,1
78.0,153.60000000000002,78,1
78.0,153.60000000000002,78,1
75.0,144.15,75,1
75.0,144.15,75,1
75.0,144.15,75,1
75.0,144.15,75,1
0.0,60.0,340,2
0.0,60.0,280,2
0.0,60.0,220,2
16.0,60.0,176,2
20.0,60.0,136,2
6.0,60.0,82,2
7.0,60.0,29,2
7.0,60.0,7,2
4.0,60.0,4,2
7.0,60.0,7,2
9.0,163.35000000000002,9,2
96.0,345.6,96,2
161.0,1008.6,161,2
217.0,1949.4,217,2
137.0,1109.4,137,2
137.0,1109.4,137,2
137.0,1109.4,137,2
137.0,1109.4,137,2
137.0,1109.4,137,2
137.0,1109.4,137,2
137.0,1109.4,137,2
137.0,1109.4,137,2
137.0,1109.4,137,2
137.0,1109.4,137,2
96.0,540.0,96,2
96.0,540.0,96,2
96.0,540.0,96,2
96.0,540.0,96,2
96.0,540.0,96,2
96.0,540.0,96,2
96.0,540.0,96,2
96.0,540.0,96,2
96.0,540.0,96,2
96.0,540.0,96,2
96.0,540.0,96,2
96.0,540.0,96,2
96.0,540.0,96,2
96.0,540.0,96,2
96.0,540.0,96,2
96.0,540.0,96,2
96.0,540.0,96,2
96.0,540.0,96,2
96.0,540.0,96,2
96.0,540.0,96,2
96.0,540.0,96,2
96.0,540.0,96,2
96.0,540.0,96,2
96.0,540.0,96,2
96.0,540.0,96,2
96.0,540.0,96,2
96.0,540.0,96,2
96.0,540.0,96,2
96.0,540.0,96,2
96.0,540.0,96,2
96.0,540.0,96,2
96.0,540.0,96,2
96.0,540.0,96,2
96.0,540.0,96,2
96.0,540.0,96,2
96.0,540.0,96,2
96.0,540.0,96,2
96.0,540.0,96,2
96.0,540.0,96,2
96.0,540.0,96,2
96.0,540.0,96,2
96.0,540.0,96,2
96.0,540.0,96,2
96.0,540.0,96,2
96.0,540.0,96,2
96.0,540.0,96,2
96.0,540.0,96,2
96.0,540.0,96,2
96.0,540.0,96,2
96.0,540.0,96,2
96.0,540.0,96,2
96.0,540.0,96,2
96.0,540.0,96,2
96.0,540.0,96,2
96.0,540.0,96,2
120.0,540.0,120,2
160.0,960.0,160,2
206.0,1622.4,206,2
217.0,1848.15,217,2
301.0,1983.75,301,2
351.0,2381.4,351,2
403.0,2940.0,403,2
359.0,3511.3500000000004,359,2
359.0,3511.3500000000004,359,2
359.0,3511.3500000000004,359,2
351.0,2269.3500000000004,351,2
351.0,2269.3500000000004,351,2
351.0,2269.3500000000004,351,2
351.0,2269.3500000000004,351,2
351.0,2269.3500000000004,351,2
351.0,2269.3500000000004,351,2
351.0,2269.3500000000004,351,2
351.0,2269.3500000000004,351,2
351.0,2269.3500000000004,351,2
351.0,2269.3500000000004,351,2
351.0,2269.3500000000004,351,2
0.0,60.0,340,3
0.0,60.0,280,3
0.0,60.0,220,3
0.0,60.0,160,3
0.0,60.0,100,3
0.0,60.0,40,3
0.0,43.35,0,3
0.0,25.35,0,3
27.0,15.0,27,3
26.15,18.15,35,3
35.6,21.6,49,3
35.400000000000006,38.400000000000006,46,3
44.400000000000006,38.400000000000006,52,3
72.0,93.75,72,3
81.0,205.35,81,3
126.0,453.75,126,3
144.0,693.6,144,3
126.0,912.6,126,3
286.0,912.6,286,3
308.0,1161.6,308,3
264.0,1622.4,264,3
233.0,1622.4,233,3
211.0,1242.15,211,3
198.0,1242.15,198,3
299.0,1242.15,299,3
255.0,1591.35,255,3
412.0,1591.35,412,3
352.0,1591.35,352,3
264.0,1591.35,264,3
135.0,1591.35,135,3
377.0,1591.35,377,3
215.0,1622.4,215,3
126.0,1622.4,126,3
202.0,693.6,202,3
125.0,735.0,125,3
230.0,735.0,230,3
220.0,889.3499999999999,220,3
265.0,889.3499999999999,265,3
156.0,1033.35,156,3
267.0,1033.35,267,3
164.0,1188.15,164,3
49.0,1188.15,49,3
248.0,1188.15,248,3
270.0,1297.35,270,3
248.0,1470.15,248,3
239.0,1470.15,239,3
258.0,1470.15,258,3
254.0,1717.35,254,3
232.0,1717.35,232,3
223.0,1717.35,223,3
280.0,1717.35,280,3
174.0,1749.6,174,3
175.0,1749.6,175,3
56.0,1915.35,56,3
175.0,1915.35,175,3
138.0,843.75,138,3
75.0,843.75,75,3
59.0,843.75,59,3
58.0,843.75,58,3
126.0,843.75,126,3
71.0,960.0,71,3
126.0,960.0,126,3
101.0,1161.6,101,3
169.0,1161.6,169,3
46.0,1411.35,46,3
186.0,960.0,186,3
195.0,1161.6,195,3
101.0,1411.35,101,3
220.0,1411.35,220,3
273.0,1717.35,273,3
273.0,1815.0,273,3
13.0,1815.0,13,3
273.0,1815.0,273,3
198.0,1109.4,198,3
198.0,1109.4,198,3
198.0,1109.4,198,3
198.0,1109.4,198,3
73.0,1109.4,73,3
151.0,437.4,151,3
164.0,522.1500000000001,164,3
187.0,633.75,187,3
203.0,799.3500000000001,203,3
177.0,889.3499999999999,177,3
223.0,889.3499999999999,223,3
190.0,1058.4,190,3
233.0,1058.4,233,3
259.0,1325.4,259,3
286.0,1653.75,286,3
269.0,1382.4,269,3
269.0,1382.4,269,3
49.0,1382.4,49,3
269.0,1382.4,269,3
246.0,1717.35,246,3
294.0,1717.35,294,3
294.0,1717.35,294,3
294.0,1717.35,294,3
294.0,1717.35,294,3
216.0,1717.35,216,3
245.0,1717.35,245,3
287.0,1848.15,287,3
0.0,60.0,340,4
0.0,60.0,280,4
0.0,60.0,220,4
0.0,60.0,160,4
0.0,60.0,100,4
0.0,60.0,40,4
0.0,60.0,0,4
0.0,33.75,0,4
0.0,21.6,0,4
0.0,12.15,0,4
0.0,7.35,0,4
0.0,5.4,0,4
0.0,3.75,0,4
0.0,2.4000000000000004,0,4
0.0,1.35,0,4
0.0,0.6000000000000001,0,4
0.0,0.15,0,4
0.0,60.0,340,5
0.0,60.0,280,5
0.0,60.0,220,5
0.0,60.0,160,5
0.0,60.0,100,5
0.0,60.0,40,5
0.0,60.0,0,5
0.0,33.75,0,5
20.0,21.6,20,5
20.0,21.6,20,5
20.0,21.6,20,5
20.0,21.6,20,5
20.0,21.6,20,5
10.0,21.6,10,5
10.0,21.6,10,5
38.0,21.6,38,5
27.4,29.4,36,5
37.400000000000006,29.4,44,5
37.400000000000006,29.4,52,5
37.400000000000006,38.400000000000006,51,5
37.400000000000006,38.400000000000006,50,5
37.400000000000006,38.400000000000006,49,5
37.400000000000006,38.400000000000006,48,5
37.400000000000006,38.400000000000006,47,5
37.400000000000006,38.400000000000006,46,5
37.400000000000006,38.400000000000006,45,5
37.400000000000006,38.400000000000006,44,5
18.40000000000001,38.400000000000006,24,5
64.0,33.75,64,5
63.400000000000006,29.4,98,5
63.400000000000006,38.400000000000006,123,5
72.15,54.150000000000006,141,5
95.75,93.75,143,5
96.0,163.35000000000002,96,5
118.0,163.35000000000002,118,5
128.0,194.4,128,5
86.0,303.75,86,5
137.0,303.75,137,5
160.0,405.6,160,5
192.0,653.4000000000001,192,5
169.0,866.4000000000001,169,5
214.0,866.4000000000001,214,5
246.0,1215.0,246,5
265.0,1717.35,265,5
302.0,2306.4,302,5
416.0,2381.4,416,5
420.0,2535.0,420,5
294.0,2774.4,294,5
424.0,2774.4,424,5
302.0,2982.15,302,5
424.0,2982.15,424,5
373.0,3197.4000000000005,373,5
430.0,3197.4000000000005,430,5
232.0,3285.6000000000004,232,5
373.0,3285.6000000000004,373,5
328.0,3330.15,328,5
373.0,3330.15,373,5
318.0,3511.3500000000004,318,5
268.0,3511.3500000000004,268,5
380.0,3511.3500000000004,380,5
390.0,3603.75,390,5
392.0,3744.6,392,5
356.0,3888.150000000001,356,5
205.0,3888.150000000001,205,5
155.0,3888.150000000001,155,5
254.0,3888.150000000001,254,5
254.0,4183.35,254,5
250.0,4183.35,250,5
304.0,4183.35,304,5
294.0,4489.35,294,5
191.0,4489.35,191,5
299.0,4489.35,299,5
191.0,4699.35,191,5
299.0,4699.35,299,5
308.0,4914.150000000001,308,5
308.0,5189.400000000001,308,5
224.0,5189.400000000001,224,5
144.0,5189.400000000001,144,5
224.0,5189.400000000001,224,5
218.0,5529.6,218,5
233.0,5529.6,233,5
183.0,6365.400000000001,183,5
236.0,6365.400000000001,236,5
189.0,6741.6,189,5
238.0,6741.6,238,5
239.0,7392.6,239,5
272.0,7935.0,272,5
290.0,8568.150000000001,290,5
272.0,9077.4,272,5
323.0,9077.4,323,5
324.0,9907.35,324,5
309.0,8213.400000000001,309,5
299.0,2982.15,299,5
299.0,2982.15,299,5
176.0,2982.15,176,5
65.0,2982.15,65,5
203.0,2496.15,203,5
261.0,2815.3500000000004,261,5
40.0,3197.4000000000005,40,5
6.0,3197.4000000000005,6,5
0.0,60.0,340,6
17.399999999999977,29.4,328,6
11.399999999999975,29.4,310,6
26.399999999999977,29.4,307,6
29.399999999999977,29.4,307,6
5.399999999999977,29.4,283,6
61.400000000000006,29.4,315,6
74.35000000000002,43.35,346,6
74.35000000000002,43.35,377,6
80.14999999999998,54.150000000000006,403,6
76.60000000000002,72.60000000000001,407,6
105.75,93.75,419,6
125.0,135.0,409,6
96.0,135.0,370,6
96.0,135.0,331,6
96.0,135.0,292,6
96.0,135.0,253,6
96.0,135.0,214,6
93.0,135.0,172,6
80.0,135.0,117,6
58.150000000000006,66.15,109,6
48.35,43.35,114,6
60.60000000000001,72.60000000000001,102,6
60.60000000000001,72.60000000000001,90,6
60.60000000000001,72.60000000000001,78,6
60.60000000000001,72.60000000000001,66,6
45.400000000000006,38.400000000000006,73,6
58.0,60.0,71,6
58.0,60.0,69,6
58.0,60.0,67,6
58.0,60.0,65,6
58.0,60.0,63,6
58.0,60.0,61,6
31.6,21.6,71,6
41.75,33.75,79,6
60.60000000000001,72.60000000000001,67,6
61.0,72.60000000000001,61,6
61.0,72.60000000000001,61,6
61.0,72.60000000000001,61,6
61.0,72.60000000000001,61,6
61.0,72.60000000000001,61,6
61.0,72.60000000000001,61,6
61.0,72.60000000000001,61,6
61.0,72.60000000000001,61,6
61.0,72.60000000000001,61,6
61.0,72.60000000000001,61,6
61.0,72.60000000000001,61,6
61.0,72.60000000000001,61,6
61.0,72.60000000000001,61,6
61.0,72.60000000000001,61,6
61.0,72.60000000000001,61,6
61.0,72.60000000000001,61,6
61.0,72.60000000000001,61,6
61.0,72.60000000000001,61,6
61.0,72.60000000000001,61,6
61.0,72.60000000000001,61,6
61.0,72.60000000000001,61,6
41.75,33.75,69,6
41.75,33.75,77,6
58.0,60.0,75,6
58.0,60.0,73,6
58.0,60.0,71,6
58.0,60.0,69,6
58.0,60.0,67,6
52.0,60.0,59,6
52.0,60.0,52,6
52.0,60.0,52,6
52.0,60.0,52,6
52.0,60.0,52,6
52.0,60.0,52,6
52.0,60.0,52,6
52.0,60.0,52,6
52.0,60.0,52,6
52.0,60.0,52,6
52.0,60.0,52,6
52.0,60.0,52,6
52.0,60.0,52,6
52.0,60.0,52,6
52.0,60.0,52,6
52.0,60.0,52,6
52.0,60.0,52,6
52.0,60.0,52,6
52.0,60.0,52,6
52.0,60.0,52,6
52.0,60.0,52,6
52.0,60.0,52,6
39.400000000000006,29.4,62,6
39.400000000000006,38.400000000000006,63,6
52.0,66.15,52,6
52.0,66.15,52,6
52.0,66.15,52,6
52.0,66.15,52,6
52.0,66.15,52,6
36.35,25.35,63,6
26.0,15.0,74,6
35.6,21.6,88,6
36.35,25.35,99,6
36.35,25.35,110,6
52.150000000000006,54.150000000000006,108,6
52.150000000000006,54.150000000000006,106,6
0.0,60.0,340,7
72.0,60.0,352,7
36.0,60.0,328,7
42.0,60.0,310,7
42.0,60.0,292,7
42.0,60.0,274,7
42.0,60.0,256,7
30.0,60.0,226,7
51.400000000000006,38.400000000000006,239,7
57.150000000000006,66.15,230,7
44.150000000000006,66.15,208,7
31.15000000000001,66.15,173,7
97.15,66.15,204,7
97.4,101.4,200,7
22.40000000000001,101.4,121,7
81.4,101.4,101,7
82.0,101.4,82,7
23.0,101.4,23,7
109.0,101.4,109,7
132.0,173.4,132,7
132.0,228.15000000000003,132,7
109.0,228.15000000000003,109,7
109.0,194.4,109,7
109.0,194.4,109,7
109.0,194.4,109,7
109.0,194.4,109,7
109.0,194.4,109,7
75.0,194.4,75,7
75.0,194.4,75,7
75.0,194.4,75,7
75.0,194.4,75,7
36.0,194.4,36,7
81.0,194.4,81,7
81.0,303.75,81,7
94.0,303.75,94,7
107.0,375.0,107,7
120.0,487.35,120,7
133.0,614.4000000000001,133,7
159.0,889.3499999999999,159,7
107.0,1215.0,107,7
191.0,1215.0,191,7
252.0,1848.15,252,7
159.0,1440.6,159,7
240.0,1440.6,240,7
198.0,866.4000000000001,198,7
198.0,866.4000000000001,198,7
198.0,866.4000000000001,198,7
165.0,843.75,165,7
168.0,843.75,168,7
198.0,1058.4,198,7
132.0,1353.75,132,7
198.0,1215.0,198,7
201.0,1353.75,201,7
175.0,1749.6,175,7
141.0,714.1500000000001,141,7
141.0,714.1500000000001,141,7
75.0,714.1500000000001,75,7
200.0,714.1500000000001,200,7
223.0,889.3499999999999,223,7
246.0,1161.6,246,7
289.0,1411.35,289,7
301.0,1749.6,301,7
276.0,1749.6,276,7
301.0,1749.6,301,7
301.0,1815.0,301,7
301.0,1815.0,301,7
301.0,1815.0,301,7
252.0,1815.0,252,7
273.0,1815.0,273,7
273.0,1949.4,273,7
273.0,1949.4,273,7
273.0,1949.4,273,7
273.0,1949.4,273,7
266.0,1949.4,266,7
273.0,1949.4,273,7
276.0,2124.15,276,7
311.0,2196.15,311,7
316.0,2419.3500000000004,316,7
317.0,2496.15,317,7
370.0,2653.3500000000004,370,7
390.0,2733.75,390,7
318.0,2774.4,318,7
451.0,2774.4,451,7
538.0,2856.6000000000004,538,7
542.0,2898.15,542,7
542.0,2982.15,542,7
542.0,2982.15,542,7
542.0,2982.15,542,7
542.0,2982.15,542,7
542.0,2982.15,542,7
542.0,2982.15,542,7
542.0,2982.15,542,7
542.0,2982.15,542,7
542.0,2982.15,542,7
542.0,2982.15,542,7
542.0,2982.15,542,7
542.0,2982.15,542,7
542.0,2982.15,542,7
542.0,2982.15,542,7
542.0,2982.15,542,7
0.0,60.0,340,8
0.0,60.0,280,8
0.0,60.0,220,8
0.0,60.0,160,8
42.0,60.0,142,8
42.0,60.0,124,8
13.75,33.75,104,8
21.40000000000001,29.4,96,8
7.400000000000006,29.4,74,8
14.400000000000006,29.4,59,8
14.400000000000002,29.4,44,8
14.400000000000002,29.4,29,8
7.0,29.4,7,8
0.0,29.4,0,8
26.0,18.15,26,8
26.15,18.15,34,8
26.15,18.15,42,8
26.15,18.15,50,8
26.15,18.15,58,8
26.15000000000001,18.15,66,8
26.15000000000001,18.15,74,8
26.15000000000001,18.15,82,8
26.15000000000001,18.15,90,8
26.15000000000001,18.15,98,8
26.15000000000001,18.15,106,8
26.15000000000001,18.15,114,8
26.15000000000001,18.15,122,8
26.15000000000001,18.15,130,8
26.15000000000001,18.15,138,8
26.15000000000001,18.15,146,8
26.15000000000001,18.15,154,8
26.15000000000001,18.15,162,8
26.15000000000001,18.15,170,8
26.15000000000001,18.15,178,8
26.15000000000001,18.15,186,8
26.15000000000001,18.15,194,8
26.15000000000001,18.15,202,8
26.15000000000001,18.15,210,8
26.15000000000001,18.15,218,8
26.15000000000001,18.15,226,8
26.15000000000001,18.15,234,8
26.15000000000001,18.15,242,8
26.15000000000001,18.15,250,8
26.15000000000001,18.15,258,8
26.15000000000001,18.15,266,8
26.15000000000001,18.15,274,8
26.15000000000001,18.15,282,8
26.149999999999977,18.15,290,8
26.149999999999977,18.15,298,8
26.149999999999977,18.15,306,8
26.149999999999977,18.15,314,8
26.149999999999977,18.15,322,8
26.149999999999977,18.15,330,8
26.149999999999977,18.15,338,8
26.149999999999977,18.15,346,8
26.149999999999977,18.15,354,8
26.149999999999977,18.15,362,8
26.149999999999977,18.15,370,8
26.149999999999977,18.15,378,8
26.149999999999977,18.15,386,8
26.149999999999977,18.15,394,8
26.149999999999977,18.15,402,8
26.149999999999977,18.15,410,8
26.149999999999977,18.15,418,8
26.149999999999977,18.15,426,8
26.149999999999977,18.15,434,8
26.149999999999977,18.15,442,8
26.149999999999977,18.15,450,8
26.149999999999977,18.15,458,8
26.149999999999977,18.15,466,8
26.149999999999977,18.15,474,8
26.149999999999977,18.15,482,8
26.149999999999977,18.15,490,8
26.149999999999977,18.15,498,8
26.149999999999977,18.15,506,8
26.149999999999977,18.15,514,8
26.149999999999977,18.15,522,8
26.149999999999977,18.15,530,8
26.149999999999977,18.15,538,8
26.149999999999977,18.15,546,8
26.149999999999977,18.15,554,8
26.149999999999977,18.15,562,8
26.149999999999977,18.15,570,8
26.149999999999977,18.15,578,8
33.14999999999998,18.15,593,8
33.14999999999998,18.15,608,8
33.14999999999998,18.15,623,8
33.14999999999998,18.15,638,8
33.14999999999998,18.15,653,8
33.14999999999998,18.15,668,8
33.14999999999998,18.15,683,8
33.14999999999998,18.15,698,8
33.14999999999998,18.15,713,8
33.14999999999998,18.15,728,8
33.14999999999998,18.15,743,8
33.14999999999998,18.15,758,8
33.14999999999998,18.15,773,8
33.14999999999998,18.15,788,8
33.14999999999998,18.15,803,8
33.14999999999998,18.15,818,8
0.0,60.0,340,9
0.0,60.0,280,9
0.0,60.0,220,9
0.0,60.0,160,9
0.0,60.0,100,9
0.0,60.0,40,9
0.0,60.0,0,9
0.0,33.75,0,9
0.0,21.6,0,9
0.0,12.15,0,9
0.0,7.35,0,9
0.0,5.4,0,9
0.0,3.75,0,9
0.0,2.4000000000000004,0,9
0.0,1.35,0,9
0.0,0.6000000000000001,0,9
0.0,0.15,0,9
0.0,60.0,340,10
0.0,60.0,280,10
0.0,60.0,220,10
0.0,60.0,160,10
0.0,60.0,100,10
0.0,60.0,40,10
27.0,60.0,27,10
36.0,60.0,36,10
27.0,66.15,27,10
27.0,66.15,27,10
27.0,66.15,27,10
27.0,66.15,27,10
27.0,66.15,27,10
27.0,66.15,27,10
27.0,66.15,27,10
27.0,66.15,27,10
27.0,66.15,27,10
27.0,66.15,27,10
27.0,66.15,27,10
27.0,66.15,27,10
27.0,66.15,27,10
27.0,66.15,27,10
27.0,66.15,27,10
27.0,66.15,27,10
27.0,66.15,27,10
27.0,66.15,27,10
27.0,66.15,27,10
27.0,66.15,27,10
27.0,66.15,27,10
27.0,66.15,27,10
27.0,66.15,27,10
27.0,66.15,27,10
27.0,66.15,27,10
27.0,66.15,27,10
27.0,66.15,27,10
27.0,66.15,27,10
27.0,66.15,27,10
27.0,66.15,27,10
27.0,66.15,27,10
27.0,66.15,27,10
27.0,66.15,27,10
27.0,66.15,27,10
27.0,66.15,27,10
27.0,66.15,27,10
27.0,66.15,27,10
27.0,66.15,27,10
27.0,66.15,27,10
27.0,66.15,27,10
27.0,66.15,27,10
27.0,66.15,27,10
27.0,66.15,27,10
27.0,66.15,27,10
27.0,66.15,27,10
27.0,66.15,27,10
27.0,66.15,27,10
27.0,66.15,27,10
27.0,66.15,27,10
27.0,66.15,27,10
27.0,66.15,27,10
27.0,66.15,27,10
27.0,66.15,27,10
27.0,66.15,27,10
27.0,66.15,27,10
27.0,66.15,27,10
36.0,66.15,36,10
36.0,79.35000000000001,36,10
36.0,79.35000000000001,36,10
36.0,79.35000000000001,36,10
36.0,79.35000000000001,36,10
36.0,79.35000000000001,36,10
36.0,79.35000000000001,36,10
36.0,79.35000000000001,36,10
36.0,79.35000000000001,36,10
36.0,79.35000000000001,36,10
36.0,79.35000000000001,36,10
36.0,79.35000000000001,36,10
36.0,79.35000000000001,36,10
36.0,79.35000000000001,36,10
36.0,79.35000000000001,36,10
36.0,79.35000000000001,36,10
36.0,79.35000000000001,36,10
36.0,79.35000000000001,36,10
36.0,79.35000000000001,36,10
36.0,79.35000000000001,36,10
36.0,79.35000000000001,36,10
36.0,79.35000000000001,36,10
36.0,79.35000000000001,36,10
36.0,79.35000000000001,36,10
36.0,79.35000000000001,36,10
36.0,79.35000000000001,36,10
36.0,79.35000000000001,36,10
36.0,79.35000000000001,36,10
36.0,79.35000000000001,36,10
36.0,79.35000000000001,36,10
36.0,79.35000000000001,36,10
36.0,79.35000000000001,36,10
36.0,79.35000000000001,36,10
36.0,79.35000000000001,36,10
36.0,79.35000000000001,36,10
36.0,79.35000000000001,36,10
0.0,60.0,340,11
0.0,60.0,280,11
0.0,60.0,220,11
0.0,60.0,160,11
0.0,60.0,100,11
10.0,60.0,50,11
10.0,60.0,10,11
6.0,60.0,6,11
4.0,60.0,4,11
2.0,21.6,2,11
1.0,21.6,1,11
2.0,21.6,2,11
2.0,29.4,2,11
2.0,29.4,2,11
2.0,29.4,2,11
2.0,29.4,2,11
2.0,29.4,2,11
1.0,29.4,1,11
2.0,25.35,2,11
2.0,25.35,2,11
2.0,25.35,2,11
2.0,25.35,2,11
2.0,25.35,2,11
2.0,25.35,2,11
1.0,18.15,1,11
9.0,18.15,9,11
16.0,21.6,16,11
0.0,25.35,0,11
18.0,12.15,18,11
17.6,9.6,26,11
17.6,9.6,34,11
18.15,12.15,40,11
18.0,15.0,43,11
28.15,18.15,53,11
29.35,25.35,57,11
36.400000000000006,29.4,64,11
35.599999999999994,48.6,51,11
35.599999999999994,48.6,38,11
36.0,48.6,36,11
18.0,48.6,18,11
36.0,48.6,36,11
36.0,60.0,36,11
36.0,60.0,36,11
36.0,60.0,36,11
36.0,60.0,36,11
36.0,60.0,36,11
18.0,60.0,18,11
36.0,60.0,36,11
54.0,101.4,54,11
64.0,153.60000000000002,64,11
72.0,228.15000000000003,72,11
90.0,317.40000000000003,90,11
108.0,453.75,108,11
126.0,653.4000000000001,126,11
154.0,984.15,154,11
173.0,1297.35,173,11
231.0,1749.6,231,11
231.0,1815.0,231,11
231.0,1815.0,231,11
231.0,1815.0,231,11
231.0,1815.0,231,11
231.0,1815.0,231,11
231.0,1815.0,231,11
231.0,1815.0,231,11
231.0,1815.0,231,11
231.0,1815.0,231,11
231.0,1815.0,231,11
231.0,1815.0,231,11
231.0,1815.0,231,11
231.0,1815.0,231,11
231.0,1815.0,231,11
231.0,1815.0,231,11
231.0,1815.0,231,11
231.0,1815.0,231,11
231.0,1815.0,231,11
231.0,1815.0,231,11
231.0,1815.0,231,11
231.0,1815.0,231,11
231.0,1815.0,231,11
231.0,1815.0,231,11
231.0,1815.0,231,11
231.0,1815.0,231,11
231.0,1815.0,231,11
231.0,1815.0,231,11
231.0,1815.0,231,11
231.0,1815.0,231,11
231.0,1815.0,231,11
231.0,1815.0,231,11
231.0,1815.0,231,11
231.0,1815.0,231,11
231.0,1815.0,231,11
231.0,1815.0,231,11
231.0,1815.0,231,11
231.0,1815.0,231,11
231.0,1815.0,231,11
231.0,1815.0,231,11
231.0,1815.0,231,11
231.0,1815.0,231,11
231.0,1815.0,231,11
231.0,1815.0,231,11
0.0,60.0,340,12
0.0,38.400000000000006,301,12
0.0,38.400000000000006,263,12
0.0,38.400000000000006,224,12
0.0,38.400000000000006,186,12
0.0,38.400000000000006,148,12
0.0,38.400000000000006,109,12
0.0,38.400000000000006,71,12
0.0,38.400000000000006,32,12
50.0,38.400000000000006,50,12
40.35,43.35,47,12
88.35,43.35,92,12
110.35,79.35000000000001,123,12
131.60000000000002,117.6,137,12
198.0,194.4,198,12
264.0,331.35,264,12
330.0,540.0,330,12
450.0,1008.6,450,12
574.0,1717.35,574,12
630.0,1848.15,630,12
642.0,2160.0,642,12
705.0,2496.15,705,12
763.0,2733.75,763,12
777.0,3110.4,777,12
724.0,3557.4,724,12
724.0,3557.4,724,12
724.0,3557.4,724,12
724.0,3557.4,724,12
724.0,3557.4,724,12
724.0,3557.4,724,12
724.0,3557.4,724,12
574.0,1782.15,574,12
574.0,1782.15,574,12
574.0,1782.15,574,12
574.0,1782.15,574,12
574.0,1782.15,574,12
574.0,1782.15,574,12
574.0,1782.15,574,12
574.0,1782.15,574,12
574.0,1782.15,574,12
574.0,1782.15,574,12
574.0,1782.15,574,12
574.0,1782.15,574,12
574.0,1782.15,574,12
574.0,1782.15,574,12
574.0,1782.15,574,12
574.0,1782.15,574,12
574.0,1782.15,574,12
574.0,1782.15,574,12
574.0,1782.15,574,12
574.0,1782.15,574,12
574.0,1782.15,574,12
574.0,1782.15,574,12
574.0,1782.15,574,12
574.0,1782.15,574,12
574.0,1782.15,574,12
574.0,1782.15,574,12
574.0,1782.15,574,12
574.0,1782.15,574,12
574.0,1782.15,574,12
574.0,1782.15,574,12
574.0,1782.15,574,12
574.0,1782.15,574,12
574.0,1782.15,574,12
574.0,1782.15,574,12
574.0,1782.15,574,12
343.0,1782.15,343,12
343.0,1782.15,343,12
250.0,821.4000000000001,250,12
250.0,821.4000000000001,250,12
250.0,821.4000000000001,250,12
250.0,821.4000000000001,250,12
250.0,821.4000000000001,250,12
250.0,821.4000000000001,250,12
250.0,821.4000000000001,250,12
250.0,821.4000000000001,250,12
250.0,821.4000000000001,250,12
250.0,821.4000000000001,250,12
250.0,821.4000000000001,250,12
250.0,821.4000000000001,250,12
250.0,821.4000000000001,250,12
250.0,821.4000000000001,250,12
250.0,821.4000000000001,250,12
250.0,821.4000000000001,250,12
250.0,821.4000000000001,250,12
250.0,821.4000000000001,250,12
250.0,821.4000000000001,250,12
250.0,821.4000000000001,250,12
250.0,821.4000000000001,250,12
250.0,821.4000000000001,250,12
250.0,821.4000000000001,250,12
250.0,821.4000000000001,250,12
250.0,821.4000000000001,250,12
250.0,821.4000000000001,250,12
250.0,821.4000000000001,250,12
250.0,821.4000000000001,250,12
250.0,821.4000000000001,250,12
250.0,821.4000000000001,250,12
250.0,821.4000000000001,250,12
250.0,821.4000000000001,250,12
0.0,60.0,340,13
120.0,60.0,400,13
47.35000000000002,43.35,404,13
17.350000000000023,43.35,378,13
17.350000000000023,43.35,352,13
17.350000000000023,43.35,326,13
11.350000000000025,43.35,294,13
35.349999999999994,43.35,286,13
35.349999999999994,43.35,278,13
35.349999999999994,43.35,270,13
5.349999999999994,43.35,232,13
55.35,43.35,244,13
55.35,43.35,256,13
55.35,43.35,268,13
55.35,43.35,280,13
55.35,43.35,292,13
55.35,43.35,304,13
55.35000000000002,43.35,316,13
55.35000000000002,43.35,328,13
55.35000000000002,43.35,340,13
55.35000000000002,43.35,352,13
55.35000000000002,43.35,364,13
55.35000000000002,43.35,376,13
55.35000000000002,43.35,388,13
55.35000000000002,43.35,400,13
55.35000000000002,43.35,412,13
55.35000000000002,43.35,424,13
55.35000000000002,43.35,436,13
55.35000000000002,43.35,448,13
55.35000000000002,43.35,460,13
55.35000000000002,43.35,472,13
55.35000000000002,43.35,484,13
55.35000000000002,43.35,496,13
55.35000000000002,43.35,508,13
55.35000000000002,43.35,520,13
55.35000000000002,43.35,532,13
55.35000000000002,43.35,544,13
55.35000000000002,43.35,556,13
55.35000000000002,43.35,568,13
55.35000000000002,43.35,580,13
55.35000000000002,43.35,592,13
55.35000000000002,43.35,604,13
55.35000000000002,43.35,616,13
55.35000000000002,43.35,628,13
55.35000000000002,43.35,640,13
55.35000000000002,43.35,652,13
55.35000000000002,43.35,664,13
55.35000000000002,43.35,676,13
55.35000000000002,43.35,688,13
55.35000000000002,43.35,700,13
55.35000000000002,43.35,712,13
55.35000000000002,43.35,724,13
55.35000000000002,43.35,736,13
55.35000000000002,43.35,748,13
55.35000000000002,43.35,760,13
55.35000000000002,43.35,772,13
55.35000000000002,43.35,784,13
55.35000000000002,43.35,796,13
55.35000000000002,43.35,808,13
55.35000000000002,43.35,820,13
55.35000000000002,43.35,832,13
55.35000000000002,43.35,844,13
55.35000000000002,43.35,856,13
55.35000000000002,43.35,868,13
55.35000000000002,43.35,880,13
55.35000000000002,43.35,892,13
55.35000000000002,43.35,904,13
55.35000000000002,43.35,916,13
55.35000000000002,43.35,928,13
55.35000000000002,43.35,940,13
55.35000000000002,43.35,952,13
55.35000000000002,43.35,964,13
55.35000000000002,43.35,976,13
55.35000000000002,43.35,988,13
55.35000000000002,43.35,1000,13
55.35000000000002,43.35,1012,13
55.35000000000002,43.35,1024,13
55.35000000000002,43.35,1036,13
55.35000000000002,43.35,1048,13
55.35000000000002,43.35,1060,13
55.35000000000002,43.35,1072,13
55.34999999999991,43.35,1084,13
55.34999999999991,43.35,1096,13
55.34999999999991,43.35,1108,13
55.34999999999991,43.35,1120,13
55.34999999999991,43.35,1132,13
55.34999999999991,43.35,1144,13
55.34999999999991,43.35,1156,13
55.34999999999991,43.35,1168,13
55.34999999999991,43.35,1180,13
55.34999999999991,43.35,1192,13
55.34999999999991,43.35,1204,13
55.34999999999991,43.35,1216,13
55.34999999999991,43.35,1228,13
55.34999999999991,43.35,1240,13
55.34999999999991,43.35,1252,13
55.34999999999991,43.35,1264,13
55.34999999999991,43.35,1276,13
55.34999999999991,43.35,1288,13
55.34999999999991,43.35,1300,13
0.0,60.0,340,14
0.0,60.0,280,14
0.0,38.400000000000006,241,14
0.0,38.400000000000006,203,14
39.20000000000002,38.400000000000006,204,14
52.400000000000006,38.400000000000006,218,14
78.4,38.400000000000006,258,14
26.40000000000001,38.400000000000006,246,14
84.4,38.400000000000006,292,14
84.4,38.400000000000006,338,14
84.39999999999998,38.400000000000006,384,14
71.39999999999998,38.400000000000006,417,14
84.39999999999998,38.400000000000006,463,14
52.39999999999998,38.400000000000006,477,14
78.35000000000002,43.35,512,14
103.60000000000002,72.60000000000001,543,14
78.14999999999998,126.15,495,14
40.14999999999998,126.15,409,14
141.14999999999998,126.15,424,14
167.60000000000002,153.60000000000002,438,14
176.35000000000002,163.35000000000002,451,14
196.6,216.6,431,14
154.60000000000002,216.6,369,14
196.6,216.6,349,14
183.6,216.6,316,14
183.6,216.6,283,14
83.60000000000002,216.6,150,14
168.0,216.6,168,14
210.0,331.35,210,14
210.0,375.0,210,14
126.0,375.0,126,14
197.0,375.0,197,14
226.0,504.6,226,14
268.0,714.1500000000001,268,14
294.0,866.4000000000001,294,14
281.0,1058.4,281,14
336.0,1058.4,336,14
398.0,1653.75,398,14
352.0,1749.6,352,14
406.0,1749.6,406,14
448.0,1848.15,448,14
294.0,2053.3500000000004,294,14
410.0,2053.3500000000004,410,14
461.0,2306.4,461,14
252.0,2535.0,252,14
418.0,2535.0,418,14
406.0,2733.75,406,14
462.0,2124.15,462,14
474.0,2306.4,474,14
476.0,2457.6000000000004,476,14
462.0,2653.3500000000004,462,14
482.0,2653.3500000000004,482,14
482.0,2856.6000000000004,482,14
336.0,2856.6000000000004,336,14
482.0,2856.6000000000004,482,14
484.0,3153.75,484,14
492.0,3465.6000000000004,492,14
474.0,3603.75,474,14
511.0,3603.75,511,14
252.0,3744.6,252,14
440.0,3557.4,440,14
169.0,3744.6,169,14
443.0,3744.6,443,14
440.0,3936.6,440,14
410.0,3936.6,410,14
415.0,3936.6,415,14
118.0,4233.6,118,14
420.0,4133.400000000001,420,14
450.0,4335.0,450,14
450.0,4437.6,450,14
99.0,4437.6,99,14
420.0,4437.6,420,14
335.0,2815.3500000000004,335,14
335.0,2815.3500000000004,335,14
239.0,2815.3500000000004,239,14
379.0,2815.3500000000004,379,14
374.0,2940.0,374,14
381.0,2940.0,381,14
309.0,3024.6000000000004,309,14
352.0,3024.6000000000004,352,14
354.0,3110.4,354,14
421.0,3197.4000000000005,421,14
259.0,3465.6000000000004,259,14
268.0,3465.6000000000004,268,14
262.0,2693.4,262,14
262.0,2693.4,262,14
254.0,2693.4,254,14
262.0,2693.4,262,14
217.0,2815.3500000000004,217,14
328.0,2815.3500000000004,328,14
330.0,3067.3500000000004,330,14
254.0,3241.3500000000004,254,14
437.0,3241.3500000000004,437,14
320.0,3330.15,320,14
59.0,3330.15,59,14
253.0,3330.15,253,14
305.0,3420.1500000000005,305,14
308.0,3744.6,308,14
310.0,3936.6,310,14
303.0,3153.75,303,14
0.0,60.0,340,15
0.0,60.0,280,15
0.0,60.0,220,15
0.0,60.0,160,15
0.0,60.0,100,15
0.0,60.0,40,15
0.0,60.0,0,15
0.0,33.75,0,15
0.0,21.6,0,15
0.0,12.15,0,15
0.0,7.35,0,15
0.0,5.4,0,15
12.0,2.4000000000000004,12,15
11.4,2.4000000000000004,21,15
11.4,2.4000000000000004,30,15
11.4,2.4000000000000004,39,15
11.4,2.4000000000000004,48,15
11.4,2.4000000000000004,57,15
11.4,2.4000000000000004,66,15
11.4,2.4000000000000004,75,15
11.400000000000006,2.4000000000000004,84,15
11.400000000000006,2.4000000000000004,93,15
11.400000000000006,2.4000000000000004,102,15
11.349999999999994,1.35,112,15
11.599999999999994,0.6000000000000001,123,15
11.599999999999994,0.6000000000000001,134,15
11.599999999999994,0.6000000000000001,145,15
11.599999999999994,0.6000000000000001,156,15
11.599999999999994,0.6000000000000001,167,15
11.599999999999994,0.6000000000000001,178,15
11.599999999999994,0.6000000000000001,189,15
11.599999999999994,0.6000000000000001,200,15
11.599999999999994,0.6000000000000001,211,15
11.599999999999994,0.6000000000000001,222,15
11.599999999999994,0.6000000000000001,233,15
11.599999999999994,0.6000000000000001,244,15
11.599999999999994,0.6000000000000001,255,15
11.599999999999994,0.6000000000000001,266,15
11.600000000000025,0.6000000000000001,277,15
11.600000000000025,0.6000000000000001,288,15
11.600000000000025,0.6000000000000001,299,15
11.600000000000025,0.6000000000000001,310,15
11.600000000000025,0.6000000000000001,321,15
11.600000000000025,0.6000000000000001,332,15
11.600000000000025,0.6000000000000001,343,15
11.600000000000025,0.6000000000000001,354,15
11.600000000000025,0.6000000000000001,365,15
11.600000000000025,0.6000000000000001,376,15
11.600000000000025,0.6000000000000001,387,15
11.600000000000025,0.6000000000000001,398,15
11.600000000000025,0.6000000000000001,409,15
11.600000000000025,0.6000000000000001,420,15
11.600000000000025,0.6000000000000001,431,15
11.600000000000025,0.6000000000000001,442,15
11.600000000000025,0.6000000000000001,453,15
11.600000000000025,0.6000000000000001,464,15
11.600000000000025,0.6000000000000001,475,15
11.600000000000025,0.6000000000000001,486,15
11.600000000000025,0.6000000000000001,497,15
11.600000000000025,0.6000000000000001,508,15
11.600000000000025,0.6000000000000001,519,15
11.600000000000025,0.6000000000000001,530,15
11.600000000000025,0.6000000000000001,541,15
11.600000000000025,0.6000000000000001,552,15
11.600000000000025,0.6000000000000001,563,15
11.600000000000025,0.6000000000000001,574,15
0.0,0.6000000000000001,573,15
11.200000000000044,0.6000000000000001,584,15
11.600000000000025,0.6000000000000001,595,15
11.600000000000025,0.6000000000000001,606,15
11.600000000000025,0.6000000000000001,617,15
11.600000000000025,0.6000000000000001,628,15
11.600000000000025,0.6000000000000001,639,15
11.600000000000025,0.6000000000000001,650,15
11.600000000000025,0.6000000000000001,661,15
11.600000000000025,0.6000000000000001,672,15
11.600000000000025,0.6000000000000001,683,15
11.600000000000025,0.6000000000000001,694,15
11.600000000000025,0.6000000000000001,705,15
11.600000000000025,0.6000000000000001,716,15
11.600000000000025,0.6000000000000001,727,15
11.600000000000025,0.6000000000000001,738,15
11.600000000000025,0.6000000000000001,749,15
11.600000000000025,0.6000000000000001,760,15
11.600000000000025,0.6000000000000001,771,15
11.600000000000025,0.6000000000000001,782,15
11.600000000000025,0.6000000000000001,793,15
11.600000000000025,0.6000000000000001,804,15
11.600000000000025,0.6000000000000001,815,15
11.600000000000025,0.6000000000000001,826,15
11.600000000000025,0.6000000000000001,837,15
11.600000000000025,0.6000000000000001,848,15
11.600000000000025,0.6000000000000001,859,15
11.600000000000025,0.6000000000000001,870,15
11.600000000000025,0.6000000000000001,881,15
11.600000000000025,0.6000000000000001,892,15
11.600000000000025,0.6000000000000001,903,15
11.600000000000025,0.6000000000000001,914,15
11.600000000000025,0.6000000000000001,925,15
11.600000000000025,0.6000000000000001,936,15
0.0,60.0,340,16
0.0,60.0,280,16
0.0,60.0,220,16
0.0,60.0,160,16
70.0,60.0,170,16
49.0,60.0,159,16
49.0,60.0,148,16
49.0,60.0,137,16
49.0,60.0,126,16
42.0,60.0,108,16
27.75,33.75,102,16
13.75,33.75,82,16
13.75,33.75,62,16
13.75,33.75,42,16
20.75,33.75,29,16
21.0,33.75,21,16
21.0,33.75,21,16
14.0,33.75,14,16
14.0,33.75,14,16
14.0,33.75,14,16
14.0,33.75,14,16
7.0,33.75,7,16
14.0,33.75,14,16
20.0,33.75,20,16
40.0,33.75,40,16
19.75,33.75,26,16
40.0,33.75,40,16
60.0,60.0,60,16
60.0,79.35000000000001,60,16
33.0,79.35000000000001,33,16
78.0,79.35000000000001,78,16
59.0,93.75,59,16
52.0,93.75,52,16
20.0,93.75,20,16
59.0,93.75,59,16
72.0,126.15,72,16
78.0,153.60000000000002,78,16
98.0,205.35,98,16
52.0,240.0,52,16
110.0,240.0,110,16
24.0,331.35,24,16
120.0,331.35,120,16
110.0,360.15000000000003,110,16
120.0,360.15000000000003,120,16
120.0,390.15,120,16
60.0,390.15,60,16
126.0,390.15,126,16
66.0,453.75,66,16
142.0,453.75,142,16
118.0,504.6,118,16
148.0,504.6,148,16
142.0,633.75,142,16
155.0,633.75,155,16
179.0,735.0,179,16
101.0,936.15,101,16
138.0,453.75,138,16
142.0,504.6,142,16
68.0,576.6,68,16
190.0,576.6,190,16
147.0,390.15,147,16
147.0,390.15,147,16
147.0,390.15,147,16
117.0,390.15,117,16
147.0,390.15,147,16
147.0,421.35,147,16
39.0,421.35,39,16
147.0,421.35,147,16
147.0,453.75,147,16
147.0,453.75,147,16
137.0,453.75,137,16
147.0,453.75,147,16
141.0,540.0,141,16
166.0,540.0,166,16
190.0,673.35,190,16
196.0,821.4000000000001,196,16
137.0,1188.15,137,16
269.0,1188.15,269,16
275.0,1269.6,275,16
258.0,1530.15,258,16
259.0,1530.15,259,16
271.0,1685.4,271,16
280.0,1815.0,280,16
294.0,1949.4,294,16
259.0,2381.4,259,16
366.0,2381.4,366,16
281.0,2574.15,281,16
366.0,2574.15,366,16
370.0,2733.75,370,16
476.0,2982.15,476,16
263.0,3197.4000000000005,263,16
530.0,3197.4000000000005,530,16
260.0,3330.15,260,16
335.0,3330.15,335,16
352.0,3650.400000000001,352,16
315.0,3888.150000000001,315,16
391.0,3888.150000000001,391,16
453.0,3985.35,453,16
275.0,4284.150000000001,275,16
374.0,2613.6000000000004,374,16
437.0,2815.3500000000004,437,16
0.0,60.0,340,17
0.0,60.0,280,17
0.0,60.0,220,17
0.0,60.0,160,17
-0.25,33.75,126,17
-0.25,33.75,92,17
-0.25,33.75,58,17
31.75,33.75,56,17
31.75,33.75,54,17
31.75,33.75,52,17
31.75,33.75,50,17
31.75,33.75,48,17
31.75,33.75,46,17
15.75,33.75,28,17
32.0,33.75,32,17
32.0,33.75,32,17
32.0,33.75,32,17
32.0,33.75,32,17
32.0,33.75,32,17
32.0,33.75,32,17
16.0,33.75,16,17
26.0,33.75,26,17
32.0,43.35,32,17
9.6,21.6,20,17
16.0,21.6,16,17
0.0,21.6,0,17
16.0,12.15,16,17
0.0,12.15,3,17
16.0,12.15,16,17
16.0,15.0,17,17
0.0,18.15,0,17
16.0,12.15,16,17
15.15,12.15,19,17
15.150000000000002,18.15,16,17
16.0,18.15,16,17
16.0,18.15,16,17
16.0,18.15,16,17
16.0,18.15,16,17
16.0,18.15,16,17
16.0,18.15,16,17
16.0,18.15,16,17
16.0,18.15,16,17
16.0,18.15,16,17
16.0,18.15,16,17
16.0,18.15,16,17
16.0,18.15,16,17
16.0,18.15,16,17
16.0,18.15,16,17
16.0,18.15,16,17
16.0,18.15,16,17
16.0,18.15,16,17
16.0,18.15,16,17
16.0,18.15,16,17
16.0,18.15,16,17
16.0,18.15,16,17
16.0,18.15,16,17
16.0,18.15,16,17
16.0,18.15,16,17
16.0,18.15,16,17
16.0,18.15,16,17
16.0,18.15,16,17
16.0,18.15,16,17
16.0,18.15,16,17
16.0,18.15,16,17
16.0,18.15,16,17
16.0,18.15,16,17
16.0,18.15,16,17
16.0,18.15,16,17
16.0,18.15,16,17
16.0,18.15,16,17
16.0,18.15,16,17
16.0,18.15,16,17
16.0,18.15,16,17
16.0,18.15,16,17
0.0,18.15,0,17
16.0,12.15,16,17
16.0,21.6,16,17
16.0,21.6,16,17
16.0,21.6,16,17
16.0,21.6,16,17
16.0,21.6,16,17
16.0,21.6,16,17
16.0,21.6,16,17
16.0,21.6,16,17
16.0,21.6,16,17
16.0,21.6,16,17
16.0,21.6,16,17
16.0,21.6,16,17
16.0,21.6,16,17
16.0,21.6,16,17
16.0,21.6,16,17
16.0,21.6,16,17
16.0,21.6,16,17
16.0,21.6,16,17
16.0,21.6,16,17
16.0,21.6,16,17
16.0,21.6,16,17
16.0,21.6,16,17
16.0,21.6,16,17
16.0,21.6,16,17
0.0,60.0,340,18
0.0,60.0,280,18
40.0,60.0,260,18
40.0,60.0,240,18
40.0,60.0,220,18
28.0,60.0,188,18
12.0,60.0,140,18
16.349999999999994,25.35,131,18
16.349999999999994,25.35,122,18
12.349999999999994,25.35,109,18
8.349999999999994,25.35,92,18
8.349999999999994,25.35,75,18
8.350000000000001,25.35,58,18
8.350000000000001,25.35,41,18
0.0,25.35,15,18
28.0,25.35,28,18
28.35,25.35,31,18
28.35,25.35,34,18
28.35,25.35,37,18
32.400000000000006,29.4,40,18
41.75,33.75,48,18
42.400000000000006,38.400000000000006,52,18
41.6,48.6,45,18
42.0,48.6,42,18
42.0,48.6,42,18
42.0,48.6,42,18
42.0,48.6,42,18
42.0,48.6,42,18
42.0,48.6,42,18
42.0,48.6,42,18
42.0,48.6,42,18
42.0,48.6,42,18
42.0,48.6,42,18
42.0,48.6,42,18
42.0,48.6,42,18
42.0,48.6,42,18
42.0,48.6,42,18
42.0,48.6,42,18
42.0,48.6,42,18
42.0,48.6,42,18
42.0,48.6,42,18
42.0,48.6,42,18
42.0,48.6,42,18
42.0,48.6,42,18
42.0,48.6,42,18
42.0,48.6,42,18
42.0,48.6,42,18
42.0,48.6,42,18
42.0,48.6,42,18
42.0,43.35,42,18
42.0,43.35,42,18
42.0,43.35,42,18
42.0,43.35,42,18
42.0,43.35,42,18
42.0,43.35,42,18
42.0,43.35,42,18
42.0,43.35,42,18
42.0,43.35,42,18
42.0,43.35,42,18
42.0,43.35,42,18
42.0,43.35,42,18
42.0,43.35,42,18
42.0,43.35,42,18
42.0,43.35,42,18
42.0,43.35,42,18
42.0,43.35,42,18
42.0,43.35,42,18
42.0,43.35,42,18
42.0,43.35,42,18
42.0,43.35,42,18
42.0,43.35,42,18
42.0,43.35,42,18
42.0,43.35,42,18
42.0,43.35,42,18
42.0,43.35,42,18
42.0,43.35,42,18
42.0,43.35,42,18
42.0,43.35,42,18
42.0,43.35,42,18
42.0,43.35,42,18
42.0,43.35,42,18
42.0,43.35,42,18
42.0,43.35,42,18
42.0,43.35,42,18
42.0,43.35,42,18
42.0,43.35,42,18
42.0,43.35,42,18
42.0,43.35,42,18
42.0,43.35,42,18
42.0,43.35,42,18
42.0,43.35,42,18
42.0,43.35,42,18
42.0,43.35,42,18
42.0,43.35,42,18
42.0,43.35,42,18
42.0,43.35,42,18
42.0,43.35,42,18
42.0,43.35,42,18
42.0,43.35,42,18
42.0,43.35,42,18
0.0,60.0,340,19
0.0,60.0,280,19
0.0,60.0,220,19
24.0,60.0,184,19
24.0,60.0,148,19
24.0,60.0,112,19
24.0,60.0,76,19
24.0,60.0,40,19
24.0,60.0,24,19
24.0,60.0,24,19
24.0,60.0,24,19
12.0,60.0,12,19
18.0,60.0,18,19
24.0,79.35000000000001,24,19
24.0,109.35,24,19
24.0,109.35,24,19
24.0,109.35,24,19
24.0,109.35,24,19
24.0,109.35,24,19
24.0,109.35,24,19
24.0,109.35,24,19
24.0,109.35,24,19
24.0,109.35,24,19
24.0,109.35,24,19
24.0,109.35,24,19
24.0,109.35,24,19
24.0,109.35,24,19
24.0,109.35,24,19
24.0,109.35,24,19
24.0,109.35,24,19
24.0,109.35,24,19
24.0,109.35,24,19
24.0,109.35,24,19
24.0,109.35,24,19
24.0,109.35,24,19
24.0,109.35,24,19
24.0,109.35,24,19
24.0,109.35,24,19
24.0,109.35,24,19
24.0,109.35,24,19
24.0,109.35,24,19
24.0,109.35,24,19
24.0,109.35,24,19
24.0,109.35,24,19
24.0,109.35,24,19
24.0,109.35,24,19
24.0,109.35,24,19
24.0,109.35,24,19
24.0,109.35,24,19
24.0,109.35,24,19
24.0,109.35,24,19
24.0,109.35,24,19
30.0,109.35,30,19
36.0,135.0,36,19
36.0,144.15,36,19
36.0,144.15,36,19
36.0,144.15,36,19
36.0,144.15,36,19
36.0,144.15,36,19
36.0,144.15,36,19
36.0,144.15,36,19
36.0,144.15,36,19
36.0,144.15,36,19
36.0,144.15,36,19
36.0,144.15,36,19
36.0,144.15,36,19
36.0,144.15,36,19
36.0,144.15,36,19
36.0,144.15,36,19
36.0,144.15,36,19
36.0,144.15,36,19
36.0,144.15,36,19
36.0,144.15,36,19
36.0,144.15,36,19
36.0,144.15,36,19
36.0,144.15,36,19
36.0,144.15,36,19
36.0,144.15,36,19
36.0,144.15,36,19
36.0,144.15,36,19
36.0,144.15,36,19
36.0,144.15,36,19
36.0,144.15,36,19
36.0,144.15,36,19
36.0,144.15,36,19
36.0,144.15,36,19
36.0,144.15,36,19
36.0,144.15,36,19
36.0,144.15,36,19
36.0,144.15,36,19
36.0,144.15,36,19
36.0,144.15,36,19
36.0,144.15,36,19
36.0,144.15,36,19
36.0,144.15,36,19
36.0,144.15,36,19
36.0,144.15,36,19
36.0,144.15,36,19
36.0,144.15,36,19
36.0,144.15,36,19
0.0,60.0,340,20
0.0,60.0,280,20
0.0,60.0,220,20
0.0,60.0,160,20
0.0,21.6,138,20
0.0,21.6,116,20
0.0,21.6,95,20
11.399999999999975,21.6,85,20
2.6000000000000014,21.6,66,20
8.600000000000001,21.6,53,20
14.6,21.6,46,20
23.6,21.6,48,20
23.6,21.6,50,20
23.6,21.6,52,20
17.6,21.6,48,20
17.6,21.6,44,20
17.6,21.6,40,20
17.6,21.6,36,20
17.6,21.6,32,20
17.6,21.6,28,20
17.6,21.6,24,20
17.6,21.6,20,20
18.0,21.6,18,20
18.0,21.6,18,20
18.0,21.6,18,20
18.0,21.6,18,20
18.0,21.6,18,20
18.0,21.6,18,20
18.0,21.6,18,20
18.0,21.6,18,20
18.0,21.6,18,20
18.0,21.6,18,20
18.0,21.6,18,20
18.0,21.6,18,20
15.0,15.0,18,20
15.0,15.0,18,20
15.0,15.0,18,20
15.0,15.0,18,20
14.15,12.15,20,20
14.15,12.15,22,20
8.399999999999999,5.4,25,20
8.399999999999999,5.4,28,20
8.399999999999999,5.4,31,20
14.35,7.35,38,20
14.35,7.35,45,20
8.399999999999999,5.4,48,20
8.399999999999999,5.4,51,20
14.35,7.35,58,20
14.35,7.35,65,20
14.6,9.6,70,20
14.6,9.6,75,20
14.599999999999994,9.6,80,20
14.599999999999994,9.6,85,20
14.599999999999994,9.6,90,20
14.599999999999994,9.6,95,20
14.599999999999994,9.6,100,20
14.599999999999994,9.6,105,20
14.599999999999994,9.6,110,20
14.599999999999994,9.6,115,20
14.599999999999994,9.6,120,20
14.599999999999994,9.6,125,20
8.400000000000006,5.4,128,20
8.400000000000006,5.4,131,20
8.400000000000006,5.4,134,20
8.400000000000006,5.4,137,20
8.400000000000006,5.4,140,20
8.400000000000006,5.4,143,20
8.400000000000006,5.4,146,20
8.400000000000006,5.4,149,20
8.400000000000006,5.4,152,20
8.400000000000006,5.4,155,20
5.400000000000006,2.4000000000000004,158,20
5.400000000000006,2.4000000000000004,161,20
5.400000000000006,2.4000000000000004,164,20
5.400000000000006,2.4000000000000004,167,20
5.400000000000006,2.4000000000000004,170,20
5.400000000000006,2.4000000000000004,173,20
5.400000000000006,2.4000000000000004,176,20
5.400000000000006,2.4000000000000004,179,20
5.400000000000006,2.4000000000000004,182,20
5.400000000000006,2.4000000000000004,185,20
5.400000000000006,2.4000000000000004,188,20
5.400000000000006,2.4000000000000004,191,20
5.400000000000006,2.4000000000000004,194,20
5.400000000000006,2.4000000000000004,197,20
5.400000000000006,2.4000000000000004,200,20
5.400000000000006,2.4000000000000004,203,20
5.400000000000006,2.4000000000000004,206,20
5.400000000000006,2.4000000000000004,209,20
5.400000000000006,2.4000000000000004,212,20
5.400000000000006,2.4000000000000004,215,20
5.400000000000006,2.4000000000000004,218,20
5.400000000000006,2.4000000000000004,221,20
5.400000000000006,2.4000000000000004,224,20
5.400000000000006,2.4000000000000004,227,20
5.400000000000006,2.4000000000000004,230,20
5.400000000000006,2.4000000000000004,233,20
5.400000000000006,2.4000000000000004,236,20
5.400000000000006,2.4000000000000004,239,20
5.400000000000006,2.4000000000000004,242,20
0.0,60.0,340,21
0.0,60.0,280,21
0.0,60.0,220,21
21.40000000000001,29.4,212,21
21.40000000000001,29.4,204,21
21.40000000000001,29.4,196,21
18.40000000000001,29.4,185,21
38.400000000000006,29.4,194,21
44.35,43.35,195,21
65.0,60.0,200,21
57.400000000000006,101.4,156,21
38.400000000000006,101.4,93,21
73.0,101.4,73,21
73.0,101.4,73,21
48.0,101.4,48,21
64.0,101.4,64,21
73.0,153.60000000000002,73,21
96.0,264.6,96,21
121.0,421.35,121,21
160.0,735.0,160,21
195.0,1083.75,195,21
222.0,1653.75,222,21
273.0,1949.4,273,21
222.0,2232.6000000000004,222,21
248.0,2232.6000000000004,248,21
231.0,2496.15,231,21
160.0,2496.15,160,21
198.0,2496.15,198,21
201.0,2613.6000000000004,201,21
201.0,2856.6000000000004,201,21
201.0,2856.6000000000004,201,21
172.0,2856.6000000000004,172,21
154.0,2856.6000000000004,154,21
244.0,2856.6000000000004,244,21
244.0,3110.4,244,21
234.0,3110.4,234,21
230.0,3110.4,230,21
230.0,3110.4,230,21
230.0,3110.4,230,21
121.0,3110.4,121,21
158.0,3110.4,158,21
158.0,3285.6000000000004,158,21
122.0,3285.6000000000004,122,21
80.0,3285.6000000000004,80,21
93.0,3285.6000000000004,93,21
93.0,3375.0,93,21
93.0,3375.0,93,21
149.0,3375.0,149,21
144.0,3650.400000000001,144,21
185.0,3650.400000000001,185,21
183.0,3840.0,183,21
184.0,3840.0,184,21
131.0,4034.400000000001,131,21
206.0,4034.400000000001,206,21
127.0,2693.4,127,21
268.0,2693.4,268,21
268.0,2856.6000000000004,268,21
268.0,2856.6000000000004,268,21
144.0,2856.6000000000004,144,21
238.0,2856.6000000000004,238,21
151.0,2982.15,151,21
113.0,2982.15,113,21
292.0,2982.15,292,21
294.0,3110.4,294,21
294.0,3285.6000000000004,294,21
294.0,3285.6000000000004,294,21
191.0,3285.6000000000004,191,21
92.0,3285.6000000000004,92,21
308.0,3285.6000000000004,308,21
169.0,1622.4,169,21
141.0,1622.4,141,21
169.0,1622.4,169,21
149.0,1653.75,149,21
25.0,714.1500000000001,25,21
137.0,714.1500000000001,137,21
167.0,984.15,167,21
186.0,1325.4,186,21
238.0,1749.6,238,21
196.0,1881.6,196,21
184.0,1881.6,184,21
174.0,1881.6,174,21
224.0,1881.6,224,21
226.0,2053.3500000000004,226,21
226.0,2160.0,226,21
226.0,2160.0,226,21
53.0,936.15,53,21
134.0,936.15,134,21
118.0,1242.15,118,21
168.0,1242.15,168,21
170.0,1560.6,170,21
170.0,1685.4,170,21
6.0,1685.4,6,21
170.0,1685.4,170,21
175.0,1749.6,175,21
158.0,1881.6,158,21
175.0,1881.6,175,21
175.0,1949.4,175,21
85.0,1949.4,85,21
175.0,1949.4,175,21
136.0,1530.15,136,21
0.0,60.0,340,22
0.0,21.6,318,22
0.0,21.6,296,22
0.0,21.6,275,22
0.0,21.6,253,22
0.0,21.6,231,22
0.0,21.6,210,22
0.0,21.6,188,22
0.0,21.6,167,22
0.0,21.6,145,22
0.0,21.6,123,22
0.0,21.6,102,22
0.0,15.0,87,22
0.0,15.0,72,22
-0.3999999999999772,15.0,57,22
0.0,15.0,42,22
0.0,15.0,27,22
8.0,15.0,20,22
8.0,15.0,13,22
8.0,15.0,8,22
4.0,15.0,4,22
4.0,7.35,4,22
3.75,3.75,4,22
3.75,3.75,4,22
3.75,3.75,4,22
3.75,3.75,4,22
3.75,3.75,4,22
3.75,3.75,4,22
3.75,3.75,4,22
3.75,3.75,4,22
3.75,3.75,4,22
3.75,3.75,4,22
3.75,3.75,4,22
3.75,3.75,4,22
3.75,3.75,4,22
3.75,3.75,4,22
3.75,3.75,4,22
3.75,3.75,4,22
3.75,3.75,4,22
3.75,3.75,4,22
3.75,3.75,4,22
3.75,3.75,4,22
3.75,3.75,4,22
3.75,3.75,4,22
3.75,3.75,4,22
3.75,3.75,4,22
3.75,3.75,4,22
3.75,3.75,4,22
3.75,3.75,4,22
3.75,3.75,4,22
3.75,3.75,4,22
3.75,3.75,4,22
3.75,3.75,4,22
3.75,3.75,4,22
3.75,3.75,4,22
3.75,3.75,4,22
3.75,3.75,4,22
3.75,3.75,4,22
3.75,3.75,4,22
3.75,3.75,4,22
3.75,3.75,4,22
3.75,3.75,4,22
3.75,3.75,4,22
3.75,3.75,4,22
3.75,3.75,4,22
3.75,3.75,4,22
3.75,3.75,4,22
3.75,3.75,4,22
3.75,3.75,4,22
3.75,3.75,4,22
3.75,3.75,4,22
3.75,3.75,4,22
3.75,3.75,4,22
3.75,3.75,4,22
3.75,3.75,4,22
3.75,3.75,4,22
3.75,3.75,4,22
3.75,3.75,4,22
3.75,3.75,4,22
3.75,3.75,4,22
3.75,3.75,4,22
3.75,3.75,4,22
3.75,3.75,4,22
3.75,3.75,4,22
3.75,3.75,4,22
3.75,3.75,4,22
3.75,3.75,4,22
3.75,3.75,4,22
3.75,3.75,4,22
3.75,3.75,4,22
3.75,3.75,4,22
3.75,3.75,4,22
3.75,3.75,4,22
3.75,3.75,4,22
3.75,3.75,4,22
3.75,3.75,4,22
3.75,3.75,4,22
3.75,3.75,4,22
3.75,3.75,4,22
3.75,3.75,4,22
0.0,60.0,340,23
0.0,60.0,280,23
0.0,60.0,220,23
0.0,60.0,160,23
0.0,60.0,100,23
0.0,60.0,40,23
0.0,60.0,0,23
0.0,33.75,0,23
3.0,21.6,3,23
9.0,29.4,9,23
12.0,54.150000000000006,12,23
15.0,101.4,15,23
21.0,194.4,21,23
30.0,421.35,30,23
42.0,777.5999999999999,42,23
56.0,1717.35,56,23
56.0,1815.0,56,23
56.0,1815.0,56,23
56.0,1815.0,56,23
56.0,1815.0,56,23
56.0,1815.0,56,23
52.0,1815.0,52,23
57.0,1815.0,57,23
166.0,3153.75,166,23
180.0,3375.0,180,23
144.0,3792.15,144,23
133.0,3792.15,133,23
133.0,3792.15,133,23
111.0,3792.15,111,23
111.0,3792.15,111,23
86.0,1685.4,86,23
86.0,1685.4,86,23
86.0,1685.4,86,23
77.0,1685.4,77,23
66.0,1685.4,66,23
66.0,1685.4,66,23
66.0,1685.4,66,23
66.0,1685.4,66,23
66.0,1685.4,66,23
66.0,1685.4,66,23
60.0,1033.35,60,23
60.0,1033.35,60,23
60.0,1033.35,60,23
20.0,1033.35,20,23
36.0,1033.35,36,23
40.0,1530.15,40,23
40.0,1653.75,40,23
40.0,1653.75,40,23
40.0,1653.75,40,23
40.0,1653.75,40,23
28.0,693.6,28,23
28.0,595.35,28,23
28.0,595.35,28,23
28.0,595.35,28,23
28.0,595.35,28,23
28.0,595.35,28,23
28.0,595.35,28,23
28.0,595.35,28,23
28.0,595.35,28,23
28.0,595.35,28,23
28.0,595.35,28,23
28.0,595.35,28,23
28.0,595.35,28,23
28.0,595.35,28,23
28.0,595.35,28,23
28.0,595.35,28,23
28.0,595.35,28,23
28.0,595.35,28,23
28.0,595.35,28,23
28.0,595.35,28,23
28.0,595.35,28,23
28.0,595.35,28,23
28.0,595.35,28,23
28.0,595.35,28,23
28.0,595.35,28,23
28.0,595.35,28,23
28.0,595.35,28,23
28.0,595.35,28,23
24.0,375.0,24,23
16.0,194.4,16,23
16.0,194.4,16,23
16.0,194.4,16,23
16.0,194.4,16,23
16.0,194.4,16,23
16.0,153.60000000000002,16,23
16.0,153.60000000000002,16,23
16.0,153.60000000000002,16,23
16.0,153.60000000000002,16,23
12.0,86.4,12,23
12.0,86.4,12,23
12.0,86.4,12,23
12.0,79.35000000000001,12,23
12.0,79.35000000000001,12,23
12.0,79.35000000000001,12,23
12.0,79.35000000000001,12,23
12.0,79.35000000000001,12,23
12.0,79.35000000000001,12,23
12.0,72.60000000000001,12,23
12.0,72.60000000000001,12,23
12.0,72.60000000000001,12,23
0.0,60.0,340,24
0.0,60.0,280,24
0.0,60.0,220,24
0.0,60.0,160,24
0.0,60.0,100,24
13.0,60.0,53,24
60.0,60.0,60,24
40.0,60.0,40,24
20.0,60.0,20,24
40.0,60.0,40,24
40.0,60.0,40,24
40.0,60.0,40,24
0.0,60.0,0,24
40.0,33.75,40,24
39.75,33.75,46,24
39.75,33.75,52,24
39.75,33.75,58,24
29.75,33.75,54,24
29.75,33.75,50,24
39.75,33.75,56,24
39.35,43.35,52,24
39.400000000000006,38.400000000000006,53,24
39.35,43.35,49,24
9.35,43.35,15,24
40.0,43.35,40,24
40.0,54.150000000000006,40,24
40.0,54.150000000000006,40,24
40.0,54.150000000000006,40,24
40.0,54.150000000000006,40,24
40.0,54.150000000000006,40,24
40.0,54.150000000000006,40,24
40.0,54.150000000000006,40,24
40.0,54.150000000000006,40,24
10.0,54.150000000000006,10,24
40.0,54.150000000000006,40,24
40.0,60.0,40,24
40.0,60.0,40,24
30.0,60.0,30,24
40.0,60.0,40,24
60.0,86.4,60,24
10.0,109.35,10,24
40.0,109.35,40,24
60.0,117.6,60,24
70.0,205.35,70,24
100.0,317.40000000000003,100,24
60.0,437.4,60,24
120.0,437.4,120,24
130.0,504.6,130,24
100.0,693.6,100,24
130.0,693.6,130,24
130.0,1033.35,130,24
173.0,1033.35,173,24
120.0,1500.0,120,24
130.0,1500.0,130,24
198.0,1685.4,198,24
108.0,1815.0,108,24
180.0,1188.15,180,24
203.0,1717.35,203,24
196.0,1848.15,196,24
203.0,1848.15,203,24
205.0,2053.3500000000004,205,24
171.0,2160.0,171,24
205.0,2160.0,205,24
203.0,2306.4,203,24
207.0,2306.4,207,24
209.0,2419.3500000000004,209,24
203.0,2613.6000000000004,203,24
261.0,2613.6000000000004,261,24
266.0,3153.75,266,24
207.0,3557.4,207,24
263.0,3557.4,263,24
214.0,4183.35,214,24
150.0,4183.35,150,24
220.0,4183.35,220,24
114.0,4386.150000000001,114,24
220.0,4386.150000000001,220,24
221.0,4593.75,221,24
223.0,4699.35,223,24
209.0,3285.6000000000004,209,24
203.0,3285.6000000000004,203,24
92.0,3285.6000000000004,92,24
251.0,3285.6000000000004,251,24
250.0,3603.75,250,24
254.0,3603.75,254,24
242.0,3936.6,242,24
257.0,3936.6,257,24
258.0,4183.35,258,24
246.0,4489.35,246,24
177.0,4489.35,177,24
381.0,4489.35,381,24
386.0,4806.150000000001,386,24
381.0,5301.6,381,24
388.0,5301.6,388,24
334.0,5703.75,334,24
334.0,2774.4,334,24
170.0,2774.4,170,24
276.0,2774.4,276,24
279.0,2940.0,279,24
340.0,3153.75,340,24
200.0,3330.15,200,24
0.0,60.0,340,25
0.0,60.0,280,25
0.0,60.0,220,25
0.0,60.0,160,25
0.0,60.0,100,25
0.0,60.0,40,25
0.0,25.35,14,25
0.0,25.35,0,25
0.0,15.0,0,25
0.0,9.6,0,25
0.0,5.4,0,25
4.0,3.75,4,25
0.0,7.35,0,25
4.0,5.4,4,25
4.0,7.35,4,25
4.0,7.35,4,25
4.0,7.35,4,25
0.0,7.35,0,25
4.0,5.4,4,25
0.0,7.35,0,25
8.0,5.4,8,25
8.350000000000001,7.35,9,25
8.350000000000001,7.35,10,25
8.0,12.15,8,25
0.0,12.15,0,25
8.0,7.35,8,25
8.350000000000001,7.35,9,25
8.0,9.6,8,25
8.0,9.6,8,25
8.0,9.6,8,25
8.0,9.6,8,25
8.0,9.6,8,25
8.0,9.6,8,25
8.0,9.6,8,25
8.0,9.6,8,25
8.0,9.6,8,25
8.0,9.6,8,25
8.0,9.6,8,25
8.0,9.6,8,25
8.0,9.6,8,25
8.0,9.6,8,25
8.0,9.6,8,25
8.0,9.6,8,25
8.0,9.6,8,25
8.0,9.6,8,25
8.0,9.6,8,25
8.0,9.6,8,25
8.0,9.6,8,25
8.0,9.6,8,25
8.0,9.6,8,25
8.0,9.6,8,25
8.0,9.6,8,25
8.0,9.6,8,25
8.0,9.6,8,25
8.0,9.6,8,25
8.0,9.6,8,25
8.0,9.6,8,25
8.0,9.6,8,25
8.0,9.6,8,25
8.0,9.6,8,25
8.0,9.6,8,25
8.0,9.6,8,25
8.0,9.6,8,25
8.0,9.6,8,25
8.0,9.6,8,25
8.0,9.6,8,25
8.0,9.6,8,25
8.0,9.6,8,25
8.0,9.6,8,25
8.0,9.6,8,25
8.0,9.6,8,25
8.0,9.6,8,25
8.0,9.6,8,25
8.0,9.6,8,25
8.0,9.6,8,25
8.0,9.6,8,25
8.0,9.6,8,25
8.0,9.6,8,25
8.0,9.6,8,25
8.0,9.6,8,25
8.0,9.6,8,25
8.0,9.6,8,25
8.0,9.6,8,25
8.0,9.6,8,25
8.0,9.6,8,25
8.0,9.6,8,25
8.0,9.6,8,25
8.0,9.6,8,25
8.0,9.6,8,25
8.0,9.6,8,25
8.0,9.6,8,25
8.0,9.6,8,25
8.0,9.6,8,25
8.0,9.6,8,25
8.0,9.6,8,25
8.0,9.6,8,25
8.0,9.6,8,25
8.0,9.6,8,25
8.0,9.6,8,25
8.0,9.6,8,25
0.0,60.0,340,26
0.0,60.0,280,26
0.0,60.0,220,26
0.0,60.0,160,26
0.0,60.0,100,26
0.0,60.0,40,26
0.0,60.0,0,26
0.0,33.75,0,26
0.0,21.6,0,26
0.0,5.4,0,26
0.0,2.4000000000000004,0,26
0.0,1.35,0,26
0.0,0.6000000000000001,0,26
0.0,0.15,0,26
0.0,60.0,340,27
0.0,60.0,280,27
0.0,60.0,220,27
70.0,60.0,230,27
29.0,60.0,199,27
119.6,48.6,270,27
106.6,48.6,328,27
67.60000000000002,48.6,347,27
106.14999999999998,66.15,387,27
41.39999999999998,101.4,327,27
121.4,101.4,347,27
134.15,126.15,355,27
163.4,173.4,345,27
163.4,173.4,335,27
144.4,173.4,306,27
163.4,173.4,296,27
134.4,173.4,257,27
134.4,173.4,218,27
119.4,173.4,164,27
94.0,173.4,94,27
120.0,153.60000000000002,120,27
68.0,252.15000000000003,68,27
68.0,252.15000000000003,68,27
120.0,252.15000000000003,120,27
120.0,240.0,120,27
94.0,240.0,94,27
120.0,240.0,120,27
120.0,317.40000000000003,120,27
68.0,317.40000000000003,68,27
124.0,317.40000000000003,124,27
160.0,421.35,160,27
134.0,277.35,134,27
62.0,277.35,62,27
139.0,277.35,139,27
162.0,345.6,162,27
172.0,405.6,172,27
182.0,470.4,182,27
205.0,540.0,205,27
258.0,756.1500000000001,258,27
129.0,866.4000000000001,129,27
248.0,866.4000000000001,248,27
281.0,1033.35,281,27
205.0,1269.6,205,27
196.0,1269.6,196,27
304.0,1269.6,304,27
304.0,1530.15,304,27
341.0,1530.15,341,27
304.0,1653.75,304,27
341.0,1653.75,341,27
304.0,1815.0,304,27
350.0,1815.0,350,27
186.0,2018.4,186,27
429.0,2018.4,429,27
432.0,2196.15,432,27
436.0,2306.4,436,27
443.0,2693.4,443,27
500.0,3024.6000000000004,500,27
438.0,3241.3500000000004,438,27
502.0,3110.4,502,27
441.0,3557.4,441,27
454.0,3557.4,454,27
461.0,3792.15,461,27
461.0,4083.75,461,27
268.0,4083.75,268,27
461.0,4083.75,461,27
287.0,1717.35,287,27
225.0,912.6,225,27
225.0,912.6,225,27
196.0,693.6,196,27
140.0,693.6,140,27
156.0,693.6,156,27
195.0,1058.4,195,27
231.0,1591.35,231,27
238.0,1782.15,238,27
179.0,1848.15,179,27
245.0,1848.15,245,27
310.0,2018.4,310,27
313.0,2232.6000000000004,313,27
315.0,2343.75,315,27
317.0,2613.6000000000004,317,27
319.0,2733.75,319,27
245.0,2613.6000000000004,245,27
317.0,2613.6000000000004,317,27
321.0,2898.15,321,27
247.0,3110.4,247,27
324.0,3110.4,324,27
183.0,1297.35,183,27
199.0,1297.35,199,27
200.0,1881.6,200,27
190.0,1591.35,190,27
3.0,1591.35,3,27
149.0,1591.35,149,27
219.0,2196.15,219,27
159.0,2419.3500000000004,159,27
236.0,2419.3500000000004,236,27
151.0,2496.15,151,27
288.0,2496.15,288,27
289.0,2653.3500000000004,289,27
286.0,2856.6000000000004,286,27
187.0,2856.6000000000004,187,27
0.0,60.0,340,28
0.0,60.0,280,28
0.0,60.0,220,28
40.0,60.0,200,28
36.0,60.0,176,28
16.0,60.0,132,28
12.0,60.0,84,28
12.0,60.0,36,28
12.0,60.0,12,28
12.0,60.0,12,28
12.0,60.0,12,28
8.0,60.0,8,28
12.0,60.0,12,28
8.0,60.0,8,28
12.0,60.0,12,28
12.0,60.0,12,28
12.0,60.0,12,28
12.0,60.0,12,28
12.0,60.0,12,28
12.0,60.0,12,28
8.0,60.0,8,28
47.0,60.0,47,28
47.0,60.0,47,28
47.0,60.0,47,28
47.0,60.0,47,28
47.0,60.0,47,28
47.0,60.0,47,28
17.0,60.0,17,28
36.0,60.0,36,28
36.0,60.0,36,28
36.0,60.0,36,28
36.0,60.0,36,28
18.0,60.0,18,28
36.0,60.0,36,28
31.0,60.0,31,28
36.0,60.0,36,28
31.0,66.15,31,28
13.0,66.15,13,28
56.0,66.15,56,28
56.0,86.4,56,28
56.0,86.4,56,28
56.0,86.4,56,28
13.0,86.4,13,28
56.0,86.4,56,28
69.0,135.0,69,28
84.0,194.4,84,28
97.0,264.6,97,28
112.0,390.15,112,28
75.0,522.1500000000001,75,28
75.0,522.1500000000001,75,28
29.0,522.1500000000001,29,28
74.0,522.1500000000001,74,28
74.0,756.1500000000001,74,28
60.0,756.1500000000001,60,28
110.0,756.1500000000001,110,28
105.0,936.15,105,28
117.0,936.15,117,28
139.0,1297.35,139,28
217.0,1881.6,217,28
142.0,2088.6000000000004,142,28
156.0,2088.6000000000004,156,28
147.0,2381.4,147,28
156.0,2381.4,156,28
104.0,2574.15,104,28
158.0,2574.15,158,28
149.0,2693.4,149,28
153.0,2693.4,153,28
160.0,2815.3500000000004,160,28
156.0,3067.3500000000004,156,28
162.0,3067.3500000000004,162,28
162.0,3285.6000000000004,162,28
156.0,3285.6000000000004,156,28
90.0,3285.6000000000004,90,28
162.0,3285.6000000000004,162,28
162.0,3557.4,162,28
160.0,3557.4,160,28
74.0,3557.4,74,28
155.0,3557.4,155,28
157.0,3792.15,157,28
155.0,3936.6,155,28
211.0,3936.6,211,28
191.0,4489.35,191,28
133.0,4489.35,133,28
191.0,4489.35,191,28
200.0,5023.35,200,28
202.0,5472.150000000001,202,28
202.0,6060.150000000001,202,28
191.0,6060.150000000001,191,28
202.0,6060.150000000001,202,28
208.0,6741.6,208,28
129.0,7392.6,129,28
202.0,7392.6,202,28
242.0,8073.6,242,28
240.0,8930.400000000001,240,28
285.0,8930.400000000001,285,28
287.0,9984.6,287,28
148.0,11016.15,148,28
290.0,11016.15,290,28
351.0,11592.6,351,28
242.0,8857.35,242,28
0.0,60.0,340,29
0.0,60.0,280,29
0.0,60.0,220,29
0.0,43.35,176,29
0.0,43.35,133,29
-0.950000000000017,43.35,89,29
-0.6499999999999986,43.35,45,29
-0.6499999999999986,43.35,1,29
0.0,43.35,0,29
0.0,25.35,0,29
0.0,15.0,0,29
0.0,9.6,0,29
0.0,5.4,0,29
0.0,3.75,0,29
0.0,2.4000000000000004,0,29
0.0,1.35,0,29
0.0,0.6000000000000001,0,29
0.0,0.15,0,29
0.0,60.0,340,30
0.0,33.75,306,30
0.0,33.75,272,30
47.900000000000006,29.4,291,30
23.399999999999977,29.4,285,30
-0.5999999999999943,29.4,255,30
41.400000000000006,29.4,267,30
41.400000000000006,29.4,279,30
41.400000000000006,29.4,291,30
35.39999999999998,29.4,297,30
41.39999999999998,29.4,309,30
41.39999999999998,29.4,321,30
41.39999999999998,29.4,333,30
35.35000000000002,43.35,325,30
41.35000000000002,43.35,323,30
35.35000000000002,25.35,333,30
35.39999999999998,38.400000000000006,330,30
41.39999999999998,38.400000000000006,333,30
53.14999999999998,54.150000000000006,332,30
53.14999999999998,54.150000000000006,331,30
53.14999999999998,54.150000000000006,330,30
53.14999999999998,54.150000000000006,329,30
53.14999999999998,54.150000000000006,328,30
53.14999999999998,54.150000000000006,327,30
53.14999999999998,54.150000000000006,326,30
53.14999999999998,54.150000000000006,325,30
53.14999999999998,54.150000000000006,324,30
53.14999999999998,54.150000000000006,323,30
53.14999999999998,54.150000000000006,322,30
53.14999999999998,54.150000000000006,321,30
53.14999999999998,54.150000000000006,320,30
53.14999999999998,54.150000000000006,319,30
53.14999999999998,54.150000000000006,318,30
53.14999999999998,54.150000000000006,317,30
53.14999999999998,54.150000000000006,316,30
53.14999999999998,54.150000000000006,315,30
53.14999999999998,54.150000000000006,314,30
53.14999999999998,54.150000000000006,313,30
53.14999999999998,54.150000000000006,312,30
53.14999999999998,54.150000000000006,311,30
53.14999999999998,54.150000000000006,310,30
53.150000000000006,54.150000000000006,309,30
53.150000000000006,54.150000000000006,308,30
53.150000000000006,54.150000000000006,307,30
53.150000000000006,54.150000000000006,306,30
53.150000000000006,54.150000000000006,305,30
53.150000000000006,54.150000000000006,304,30
53.150000000000006,54.150000000000006,303,30
53.150000000000006,54.150000000000006,302,30
53.150000000000006,54.150000000000006,301,30
53.150000000000006,54.150000000000006,300,30
53.150000000000006,54.150000000000006,299,30
53.150000000000006,54.150000000000006,298,30
53.150000000000006,54.150000000000006,297,30
53.150000000000006,54.150000000000006,296,30
53.150000000000006,54.150000000000006,295,30
53.150000000000006,54.150000000000006,294,30
53.150000000000006,54.150000000000006,293,30
53.150000000000006,54.150000000000006,292,30
53.150000000000006,54.150000000000006,291,30
53.150000000000006,54.150000000000006,290,30
53.150000000000006,54.150000000000006,289,30
53.150000000000006,54.150000000000006,288,30
53.150000000000006,54.150000000000006,287,30
53.150000000000006,54.150000000000006,286,30
53.150000000000006,54.150000000000006,285,30
53.150000000000006,54.150000000000006,284,30
53.150000000000006,54.150000000000006,283,30
53.150000000000006,54.150000000000006,282,30
53.150000000000006,54.150000000000006,281,30
59.150000000000006,54.150000000000006,286,30
77.35000000000002,79.35000000000001,284,30
77.35000000000002,79.35000000000001,282,30
77.35000000000002,79.35000000000001,280,30
77.35000000000002,79.35000000000001,278,30
77.35000000000002,79.35000000000001,276,30
77.35000000000002,79.35000000000001,274,30
77.35000000000002,79.35000000000001,272,30
77.35000000000002,79.35000000000001,270,30
77.35000000000002,79.35000000000001,268,30
77.35000000000002,79.35000000000001,266,30
77.35000000000002,79.35000000000001,264,30
77.35000000000002,79.35000000000001,262,30
77.35000000000002,79.35000000000001,260,30
77.35000000000002,79.35000000000001,258,30
77.35000000000002,79.35000000000001,256,30
77.35000000000002,79.35000000000001,254,30
77.35000000000002,79.35000000000001,252,30
95.35000000000002,79.35000000000001,268,30
132.0,135.0,265,30
132.0,135.0,262,30
132.0,135.0,259,30
132.0,135.0,256,30
132.0,135.0,253,30
132.0,135.0,250,30
132.0,135.0,247,30
132.0,135.0,244,30
132.0,135.0,241,30
132.0,135.0,238,30
95.60000000000002,72.60000000000001,261,30
0.0,60.0,340,31
0.0,60.0,280,31
0.0,60.0,220,31
0.0,60.0,160,31
84.0,60.0,184,31
83.60000000000001,72.60000000000001,195,31
35.60000000000001,117.6,113,31
54.0,117.6,54,31
140.0,117.6,140,31
168.0,194.4,168,31
84.0,194.4,84,31
63.0,194.4,63,31
172.0,194.4,172,31
143.60000000000002,153.60000000000002,162,31
63.60000000000002,153.60000000000002,72,31
136.0,153.60000000000002,136,31
143.0,173.4,143,31
154.0,205.35,154,31
144.0,240.0,144,31
166.0,240.0,166,31
179.0,277.35,179,31
71.0,317.40000000000003,71,31
196.0,317.40000000000003,196,31
36.0,360.15000000000003,36,31
190.0,360.15000000000003,190,31
52.0,453.75,52,31
70.0,453.75,70,31
214.0,470.4,214,31
232.0,504.6,232,31
255.0,633.75,255,31
96.0,714.1500000000001,96,31
241.0,714.1500000000001,241,31
37.0,799.3500000000001,37,31
213.0,799.3500000000001,213,31
213.0,866.4000000000001,213,31
198.0,843.75,198,31
10.0,614.4000000000001,10,31
169.0,614.4000000000001,169,31
169.0,653.4000000000001,169,31
10.0,653.4000000000001,10,31
106.0,653.4000000000001,106,31
57.0,693.6,57,31
142.0,693.6,142,31
151.0,821.4000000000001,151,31
136.0,889.3499999999999,136,31
67.0,889.3499999999999,67,31
167.0,889.3499999999999,167,31
167.0,936.15,167,31
167.0,936.15,167,31
167.0,936.15,167,31
167.0,936.15,167,31
152.0,936.15,152,31
60.0,936.15,60,31
60.0,936.15,60,31
185.0,936.15,185,31
175.0,1135.35,175,31
203.0,1135.35,203,31
175.0,1269.6,175,31
84.0,1269.6,84,31
157.0,756.1500000000001,157,31
148.0,799.3500000000001,148,31
133.0,799.3500000000001,133,31
158.0,799.3500000000001,158,31
157.0,1008.6,157,31
188.0,1008.6,188,31
212.0,1297.35,212,31
190.0,1653.75,190,31
203.0,1653.75,203,31
238.0,1915.35,238,31
98.0,2306.4,98,31
196.0,2306.4,196,31
199.0,2343.75,199,31
146.0,2381.4,146,31
243.0,2381.4,243,31
238.0,2535.0,238,31
244.0,2535.0,244,31
173.0,2653.3500000000004,173,31
299.0,2653.3500000000004,299,31
238.0,2774.4,238,31
350.0,2774.4,350,31
350.0,2856.6000000000004,350,31
98.0,2856.6000000000004,98,31
238.0,2856.6000000000004,238,31
353.0,3067.3500000000004,353,31
254.0,3330.15,254,31
295.0,3330.15,295,31
202.0,3375.0,202,31
269.0,3375.0,269,31
270.0,3650.400000000001,270,31
142.0,3840.0,142,31
98.0,3840.0,98,31
270.0,3840.0,270,31
270.0,3888.150000000001,270,31
270.0,3888.150000000001,270,31
270.0,3888.150000000001,270,31
270.0,3888.150000000001,270,31
313.0,3888.150000000001,313,31
315.0,3985.35,315,31
270.0,4083.75,270,31
263.0,4083.75,263,31
0.0,60.0,340,32
0.0,60.0,280,32
0.0,60.0,220,32
0.0,60.0,160,32
0.0,60.0,100,32
0.0,60.0,40,32
0.0,60.0,0,32
0.0,33.75,0,32
0.0,21.6,0,32
0.0,12.15,0,32
4.0,7.35,4,32
4.0,7.35,4,32
4.0,7.35,4,32
4.0,7.35,4,32
4.0,7.35,4,32
4.0,7.35,4,32
4.0,7.35,4,32
0.0,7.35,0,32
0.0,5.4,0,32
4.0,3.75,4,32
4.0,7.35,4,32
4.0,7.35,4,32
4.0,7.35,4,32
4.0,7.35,4,32
4.0,7.35,4,32
4.0,7.35,4,32
4.0,7.35,4,32
4.0,7.35,4,32
4.0,7.35,4,32
4.0,7.35,4,32
4.0,7.35,4,32
4.0,7.35,4,32
4.0,7.35,4,32
4.0,7.35,4,32
4.0,7.35,4,32
4.0,7.35,4,32
4.0,7.35,4,32
4.0,7.35,4,32
4.0,7.35,4,32
4.0,7.35,4,32
4.0,7.35,4,32
4.0,7.35,4,32
4.0,7.35,4,32
4.0,7.35,4,32
4.0,7.35,4,32
4.0,7.35,4,32
4.0,7.35,4,32
4.0,7.35,4,32
4.0,7.35,4,32
4.0,7.35,4,32
4.0,7.35,4,32
4.0,7.35,4,32
4.0,7.35,4,32
4.0,7.35,4,32
4.0,7.35,4,32
4.0,7.35,4,32
4.0,7.35,4,32
4.0,7.35,4,32
4.0,7.35,4,32
4.0,7.35,4,32
4.0,7.35,4,32
4.0,7.35,4,32
4.0,7.35,4,32
4.0,7.35,4,32
4.0,7.35,4,32
4.0,7.35,4,32
4.0,7.35,4,32
4.0,7.35,4,32
4.0,7.35,4,32
4.0,7.35,4,32
4.0,7.35,4,32
4.0,7.35,4,32
4.0,7.35,4,32
4.0,7.35,4,32
4.0,7.35,4,32
4.0,7.35,4,32
4.0,7.35,4,32
4.0,7.35,4,32
4.0,7.35,4,32
4.0,7.35,4,32
4.0,7.35,4,32
4.0,7.35,4,32
4.0,7.35,4,32
4.0,7.35,4,32
4.0,7.35,4,32
4.0,7.35,4,32
4.0,7.35,4,32
4.0,7.35,4,32
4.0,7.35,4,32
4.0,7.35,4,32
4.0,7.35,4,32
4.0,7.35,4,32
4.0,7.35,4,32
4.0,7.35,4,32
4.0,7.35,4,32
4.0,7.35,4,32
4.0,7.35,4,32
4.0,7.35,4,32
4.0,7.35,4,32
4.0,7.35,4,32
0.0,60.0,340,33
0.0,33.75,306,33
0.0,33.75,272,33
0.0,33.75,238,33
0.0,33.75,205,33
0.0,33.75,171,33
0.0,33.75,137,33
0.0,33.75,103,33
0.0,33.75,70,33
0.0,33.75,36,33
0.0,33.75,2,33
0.0,33.75,0,33
0.0,21.6,0,33
0.0,12.15,0,33
0.0,7.35,0,33
9.0,2.4000000000000004,9,33
8.75,3.75,14,33
8.75,3.75,19,33
8.75,3.75,24,33
8.399999999999999,2.4000000000000004,30,33
8.399999999999999,2.4000000000000004,36,33
8.399999999999999,2.4000000000000004,42,33
8.399999999999999,2.4000000000000004,48,33
8.75,3.75,53,33
8.399999999999999,5.4,56,33
17.6,9.6,64,33
18.0,15.0,67,33
18.0,15.0,70,33
17.150000000000006,18.15,69,33
8.150000000000006,18.15,59,33
31.15000000000001,18.15,72,33
31.35,25.35,78,33
47.400000000000006,38.400000000000006,87,33
47.6,48.6,86,33
47.6,48.6,85,33
47.6,48.6,84,33
47.6,48.6,83,33
47.6,48.6,82,33
47.6,48.6,81,33
47.6,48.6,80,33
47.6,48.6,79,33
47.6,48.6,78,33
47.6,48.6,77,33
47.6,48.6,76,33
47.6,48.6,75,33
47.6,48.6,74,33
47.6,48.6,73,33
47.6,48.6,72,33
47.6,48.6,71,33
47.6,48.6,70,33
47.6,48.6,69,33
47.6,48.6,68,33
47.6,48.6,67,33
47.6,48.6,66,33
47.6,48.6,65,33
47.6,48.6,64,33
47.6,48.6,63,33
47.6,48.6,62,33
47.6,48.6,61,33
47.6,48.6,60,33
47.6,48.6,59,33
47.6,48.6,58,33
47.6,48.6,57,33
47.6,48.6,56,33
47.6,48.6,55,33
47.6,48.6,54,33
47.6,48.6,53,33
47.6,48.6,52,33
63.6,48.6,67,33
80.0,79.35000000000001,80,33
96.0,126.15,96,33
105.0,153.60000000000002,105,33
112.0,183.75,112,33
128.0,216.6,128,33
153.0,331.35,153,33
176.0,470.4,176,33
224.0,735.0,224,33
272.0,1033.35,272,33
297.0,1269.6,297,33
300.0,1622.4,300,33
300.0,1749.6,300,33
350.0,1749.6,350,33
350.0,1848.15,350,33
385.0,1848.15,385,33
390.0,2124.15,390,33
395.0,2457.6000000000004,395,33
480.0,2815.3500000000004,480,33
486.0,3024.6000000000004,486,33
410.0,3375.0,410,33
410.0,3375.0,410,33
410.0,3375.0,410,33
410.0,3375.0,410,33
410.0,3375.0,410,33
410.0,3375.0,410,33
410.0,3375.0,410,33
410.0,3375.0,410,33
410.0,3375.0,410,33
410.0,3375.0,410,33
410.0,3375.0,410,33
410.0,3375.0,410,33
0.0,60.0,340,34
0.0,60.0,280,34
0.0,60.0,220,34
0.0,60.0,160,34
0.0,60.0,100,34
0.0,60.0,40,34
0.0,60.0,0,34
0.0,33.75,0,34
0.0,21.6,0,34
0.0,12.15,0,34
7.0,7.35,7,34
7.0,12.15,7,34
0.0,12.15,0,34
7.0,7.35,7,34
7.0,12.15,7,34
0.0,12.15,0,34
7.0,7.35,7,34
0.0,7.35,0,34
0.0,5.4,0,34
0.0,3.75,0,34
0.0,2.4000000000000004,0,34
0.0,1.35,0,34
0.0,0.6000000000000001,0,34
0.0,0.15,0,34
0.0,60.0,340,35
0.0,60.0,280,35
0.0,60.0,220,35
0.0,43.35,176,35
0.0,43.35,133,35
0.0,43.35,89,35
101.39999999999998,43.35,148,35
168.0,173.4,168,35
429.0,633.75,429,35
444.0,1411.35,444,35
482.0,2693.4,482,35
511.0,2856.6000000000004,511,35
555.0,3241.3500000000004,555,35
392.0,1782.15,392,35
280.0,1782.15,280,35
245.0,1782.15,245,35
249.0,1591.35,249,35
259.0,2856.6000000000004,259,35
476.0,3197.4000000000005,476,35
329.0,3375.0,329,35
396.0,3375.0,396,35
388.0,3511.3500000000004,388,35
441.0,3511.3500000000004,441,35
489.0,3697.35,489,35
318.0,1470.15,318,35
309.0,1470.15,309,35
309.0,1470.15,309,35
309.0,1470.15,309,35
309.0,1470.15,309,35
309.0,1470.15,309,35
309.0,1470.15,309,35
309.0,1470.15,309,35
309.0,1470.15,309,35
309.0,1470.15,309,35
309.0,1470.15,309,35
309.0,1470.15,309,35
309.0,1470.15,309,35
309.0,1470.15,309,35
309.0,1470.15,309,35
309.0,1470.15,309,35
309.0,1470.15,309,35
309.0,1470.15,309,35
309.0,1470.15,309,35
309.0,1470.15,309,35
309.0,1470.15,309,35
309.0,1470.15,309,35
309.0,1470.15,309,35
309.0,1470.15,309,35
309.0,1470.15,309,35
309.0,1470.15,309,35
309.0,1470.15,309,35
309.0,1470.15,309,35
235.0,843.75,235,35
235.0,843.75,235,35
235.0,843.75,235,35
235.0,843.75,235,35
235.0,843.75,235,35
198.0,576.6,198,35
198.0,576.6,198,35
198.0,576.6,198,35
198.0,576.6,198,35
198.0,576.6,198,35
124.0,228.15000000000003,124,35
124.0,228.15000000000003,124,35
124.0,228.15000000000003,124,35
124.0,228.15000000000003,124,35
124.0,228.15000000000003,124,35
124.0,228.15000000000003,124,35
87.35000000000001,109.35,102,35
87.0,109.35,87,35
87.0,109.35,87,35
87.0,109.35,87,35
58.60000000000001,72.60000000000001,73,35
58.60000000000001,72.60000000000001,59,35
59.0,72.60000000000001,59,35
59.0,72.60000000000001,59,35
59.0,72.60000000000001,59,35
59.0,72.60000000000001,59,35
59.0,72.60000000000001,59,35
59.0,72.60000000000001,59,35
59.0,72.60000000000001,59,35
59.0,72.60000000000001,59,35
59.0,72.60000000000001,59,35
40.75,33.75,66,35
41.400000000000006,38.400000000000006,69,35
40.6,48.6,61,35
40.6,48.6,53,35
40.6,48.6,45,35
41.0,48.6,41,35
41.0,48.6,41,35
41.0,48.6,41,35
41.0,48.6,41,35
41.0,48.6,41,35
41.0,48.6,41,35
41.0,48.6,41,35
40.75,33.75,48,35
41.400000000000006,38.400000000000006,51,35
41.400000000000006,38.400000000000006,54,35
40.6,48.6,46,35
41.0,48.6,41,35
0.0,60.0,340,36
0.0,60.0,280,36
0.0,48.6,231,36
0.0,48.6,182,36
0.0,48.6,134,36
0.0,43.35,90,36
0.0,29.4,61,36
38.94999999999999,29.4,71,36
39.400000000000006,29.4,81,36
39.400000000000006,29.4,91,36
39.400000000000006,29.4,101,36
39.400000000000006,29.4,111,36
0.0,29.4,81,36
0.0,29.4,52,36
0.0,29.4,22,36
0.0,29.4,0,36
0.0,18.15,0,36
0.0,12.15,0,36
0.0,7.35,0,36
10.0,5.4,10,36
10.4,5.4,15,36
10.4,5.4,20,36
10.4,5.4,25,36
19.6,9.6,35,36
0.0,12.15,22,36
20.3,12.15,31,36
20.0,15.0,36,36
19.6,21.6,34,36
19.6,21.6,32,36
19.6,21.6,30,36
19.6,21.6,28,36
19.6,21.6,26,36
19.6,21.6,24,36
19.6,21.6,22,36
19.6,21.6,20,36
20.0,21.6,20,36
20.0,21.6,20,36
20.0,21.6,20,36
20.0,21.6,20,36
20.0,21.6,20,36
20.0,21.6,20,36
20.0,21.6,20,36
20.0,21.6,20,36
20.0,21.6,20,36
20.0,21.6,20,36
20.0,21.6,20,36
20.0,21.6,20,36
20.0,21.6,20,36
20.0,21.6,20,36
20.0,21.6,20,36
20.0,21.6,20,36
20.0,21.6,20,36
20.0,21.6,20,36
30.0,21.6,30,36
30.35,25.35,35,36
29.75,33.75,31,36
30.0,33.75,30,36
30.0,33.75,30,36
30.0,33.75,30,36
30.0,33.75,30,36
30.0,33.75,30,36
30.0,33.75,30,36
30.0,33.75,30,36
30.0,33.75,30,36
30.0,33.75,30,36
30.0,33.75,30,36
30.0,33.75,30,36
30.0,33.75,30,36
30.0,33.75,30,36
30.0,33.75,30,36
30.0,33.75,30,36
30.0,33.75,30,36
30.0,33.75,30,36
30.0,33.75,30,36
30.0,33.75,30,36
30.0,33.75,30,36
30.0,33.75,30,36
30.0,33.75,30,36
30.0,33.75,30,36
30.0,33.75,30,36
30.0,33.75,30,36
30.0,33.75,30,36
30.0,33.75,30,36
30.0,33.75,30,36
30.0,33.75,30,36
30.0,33.75,30,36
30.0,33.75,30,36
30.0,33.75,30,36
30.0,33.75,30,36
30.0,33.75,30,36
30.0,33.75,30,36
30.0,33.75,30,36
30.0,33.75,30,36
30.0,33.75,30,36
30.0,33.75,30,36
30.0,33.75,30,36
30.0,33.75,30,36
30.0,33.75,30,36
30.0,33.75,30,36
30.0,33.75,30,36
0.0,60.0,340,37
0.0,60.0,280,37
0.0,60.0,220,37
0.0,60.0,160,37
0.0,60.0,100,37
0.0,60.0,40,37
0.0,60.0,0,37
0.0,33.75,0,37
0.0,21.6,0,37
0.0,12.15,0,37
0.0,7.35,0,37
9.0,5.4,9,37
8.350000000000001,7.35,10,37
8.350000000000001,7.35,11,37
8.600000000000001,9.6,10,37
8.600000000000001,9.6,9,37
0.0,9.6,0,37
10.0,5.4,10,37
10.4,5.4,15,37
10.35,7.35,18,37
1.3500000000000014,7.35,12,37
10.35,7.35,15,37
9.6,9.6,15,37
9.6,9.6,15,37
9.6,9.6,15,37
9.6,9.6,15,37
9.6,9.6,15,37
9.6,9.6,15,37
9.6,9.6,15,37
9.6,9.6,15,37
9.6,9.6,15,37
9.6,9.6,15,37
9.6,9.6,15,37
9.6,9.6,15,37
1.6000000000000014,9.6,7,37
2.0,9.6,2,37
2.0,9.6,2,37
2.0,9.6,2,37
2.0,9.6,2,37
2.0,9.6,2,37
2.0,9.6,2,37
2.0,9.6,2,37
1.0,9.6,1,37
7.0,9.6,7,37
8.0,12.15,8,37
8.0,12.15,8,37
1.0,12.15,1,37
7.0,12.15,7,37
8.0,15.0,8,37
8.0,15.0,8,37
8.0,15.0,8,37
8.0,15.0,8,37
8.0,15.0,8,37
8.0,15.0,8,37
8.0,15.0,8,37
8.0,15.0,8,37
8.0,15.0,8,37
8.0,15.0,8,37
8.0,15.0,8,37
8.0,15.0,8,37
8.0,15.0,8,37
8.0,15.0,8,37
1.0,15.0,1,37
8.0,15.0,8,37
8.0,18.15,8,37
8.0,18.15,8,37
8.0,18.15,8,37
8.0,18.15,8,37
1.0,18.15,1,37
8.0,18.15,8,37
8.0,21.6,8,37
8.0,21.6,8,37
8.0,21.6,8,37
8.0,21.6,8,37
8.0,21.6,8,37
8.0,21.6,8,37
8.0,21.6,8,37
8.0,21.6,8,37
8.0,21.6,8,37
8.0,21.6,8,37
8.0,21.6,8,37
8.0,21.6,8,37
8.0,21.6,8,37
8.0,21.6,8,37
8.0,21.6,8,37
8.0,21.6,8,37
8.0,21.6,8,37
8.0,21.6,8,37
8.0,21.6,8,37
8.0,21.6,8,37
8.0,21.6,8,37
8.0,21.6,8,37
8.0,21.6,8,37
8.0,21.6,8,37
8.0,21.6,8,37
8.0,21.6,8,37
8.0,21.6,8,37
8.0,21.6,8,37
8.0,21.6,8,37
8.0,21.6,8,37
0.0,60.0,340,38
0.0,60.0,280,38
0.0,60.0,220,38
0.0,60.0,160,38
0.0,60.0,100,38
0.0,60.0,40,38
0.0,60.0,0,38
0.0,33.75,0,38
0.0,21.6,0,38
0.0,12.15,0,38
0.0,7.35,0,38
0.0,5.4,0,38
0.0,3.75,0,38
0.0,2.4000000000000004,0,38
0.0,1.35,0,38
9.0,0.6000000000000001,9,38
8.4,2.4000000000000004,15,38
17.35,7.35,25,38
17.6,9.6,33,38
26.15,18.15,41,38
35.75,33.75,43,38
45.0,66.15,45,38
72.0,135.0,72,38
90.0,252.15000000000003,90,38
135.0,558.1500000000001,135,38
207.0,1215.0,207,38
301.0,2419.3500000000004,301,38
308.0,2815.3500000000004,308,38
270.0,3375.0,270,38
270.0,3375.0,270,38
270.0,3375.0,270,38
270.0,3375.0,270,38
270.0,3375.0,270,38
270.0,3375.0,270,38
270.0,3375.0,270,38
270.0,3375.0,270,38
270.0,3375.0,270,38
270.0,3375.0,270,38
270.0,3375.0,270,38
270.0,3375.0,270,38
270.0,3375.0,270,38
270.0,3375.0,270,38
270.0,3375.0,270,38
270.0,3375.0,270,38
270.0,3375.0,270,38
270.0,3375.0,270,38
270.0,3375.0,270,38
270.0,3375.0,270,38
270.0,3375.0,270,38
270.0,3375.0,270,38
270.0,3375.0,270,38
270.0,3375.0,270,38
270.0,3375.0,270,38
270.0,3375.0,270,38
270.0,3375.0,270,38
270.0,3375.0,270,38
270.0,3375.0,270,38
270.0,3375.0,270,38
270.0,3375.0,270,38
270.0,3375.0,270,38
270.0,3375.0,270,38
270.0,3375.0,270,38
270.0,3375.0,270,38
270.0,3375.0,270,38
270.0,3375.0,270,38
270.0,3375.0,270,38
270.0,3375.0,270,38
270.0,3375.0,270,38
270.0,3375.0,270,38
270.0,3375.0,270,38
270.0,3375.0,270,38
270.0,3375.0,270,38
270.0,3375.0,270,38
270.0,3375.0,270,38
270.0,3375.0,270,38
270.0,3375.0,270,38
270.0,3375.0,270,38
270.0,3375.0,270,38
270.0,3375.0,270,38
270.0,3375.0,270,38
270.0,3375.0,270,38
270.0,3375.0,270,38
270.0,3375.0,270,38
270.0,3375.0,270,38
270.0,3375.0,270,38
270.0,3375.0,270,38
270.0,3375.0,270,38
270.0,3375.0,270,38
270.0,3375.0,270,38
270.0,3375.0,270,38
270.0,3375.0,270,38
270.0,3375.0,270,38
270.0,3375.0,270,38
270.0,3375.0,270,38
270.0,3375.0,270,38
270.0,3375.0,270,38
270.0,3375.0,270,38
270.0,3375.0,270,38
270.0,3375.0,270,38
270.0,3375.0,270,38
0.0,60.0,340,39
0.0,60.0,280,39
0.0,60.0,220,39
0.0,60.0,160,39
0.0,60.0,100,39
0.0,60.0,40,39
0.0,60.0,0,39
0.0,33.75,0,39
0.0,21.6,0,39
0.0,12.15,0,39
0.0,7.35,0,39
0.0,5.4,0,39
0.0,3.75,0,39
0.0,2.4000000000000004,0,39
0.0,1.35,0,39
0.0,0.6000000000000001,0,39
0.0,0.15,0,39
0.0,60.0,340,40
0.0,60.0,280,40
0.0,60.0,220,40
0.0,60.0,160,40
-0.5999999999999943,38.400000000000006,121,40
-0.5999999999999943,38.400000000000006,82,40
71.4,38.400000000000006,115,40
71.6,48.6,138,40
23.40000000000001,38.400000000000006,123,40
47.400000000000006,38.400000000000006,132,40
48.0,60.0,120,40
48.0,60.0,108,40
48.0,60.0,96,40
48.0,60.0,84,40
24.0,60.0,48,40
96.0,60.0,96,40
95.4,86.4,105,40
35.150000000000006,54.150000000000006,86,40
35.150000000000006,54.150000000000006,67,40
35.150000000000006,54.150000000000006,48,40
36.0,54.150000000000006,36,40
36.0,54.150000000000006,36,40
36.0,54.150000000000006,36,40
36.0,54.150000000000006,36,40
36.0,54.150000000000006,36,40
36.0,54.150000000000006,36,40
36.0,54.150000000000006,36,40
36.0,54.150000000000006,36,40
36.0,54.150000000000006,36,40
36.0,54.150000000000006,36,40
36.0,54.150000000000006,36,40
36.0,54.150000000000006,36,40
36.0,54.150000000000006,36,40
36.0,54.150000000000006,36,40
36.0,54.150000000000006,36,40
36.0,54.150000000000006,36,40
36.0,54.150000000000006,36,40
36.0,54.150000000000006,36,40
36.0,54.150000000000006,36,40
36.0,54.150000000000006,36,40
36.0,54.150000000000006,36,40
36.0,54.150000000000006,36,40
36.0,54.150000000000006,36,40
36.0,54.150000000000006,36,40
36.0,54.150000000000006,36,40
36.0,54.150000000000006,36,40
36.0,54.150000000000006,36,40
36.0,54.150000000000006,36,40
36.0,54.150000000000006,36,40
36.0,54.150000000000006,36,40
36.0,54.150000000000006,36,40
36.0,54.150000000000006,36,40
36.0,54.150000000000006,36,40
36.0,54.150000000000006,36,40
36.0,54.150000000000006,36,40
36.0,54.150000000000006,36,40
36.0,54.150000000000006,36,40
36.0,54.150000000000006,36,40
36.0,54.150000000000006,36,40
36.0,54.150000000000006,36,40
36.0,54.150000000000006,36,40
36.0,54.150000000000006,36,40
36.0,54.150000000000006,36,40
36.0,54.150000000000006,36,40
36.0,54.150000000000006,36,40
36.0,54.150000000000006,36,40
36.0,54.150000000000006,36,40
36.0,54.150000000000006,36,40
36.0,54.150000000000006,36,40
36.0,54.150000000000006,36,40
36.0,54.150000000000006,36,40
36.0,54.150000000000006,36,40
36.0,54.150000000000006,36,40
36.0,54.150000000000006,36,40
36.0,54.150000000000006,36,40
36.0,54.150000000000006,36,40
36.0,54.150000000000006,36,40
36.0,54.150000000000006,36,40
36.0,54.150000000000006,36,40
36.0,54.150000000000006,36,40
36.0,54.150000000000006,36,40
36.0,54.150000000000006,36,40
36.0,54.150000000000006,36,40
36.0,54.150000000000006,36,40
36.0,54.150000000000006,36,40
36.0,54.150000000000006,36,40
36.0,54.150000000000006,36,40
36.0,54.150000000000006,36,40
36.0,54.150000000000006,36,40
36.0,54.150000000000006,36,40
36.0,54.150000000000006,36,40
36.0,54.150000000000006,36,40
36.0,54.150000000000006,36,40
36.0,54.150000000000006,36,40
36.0,54.150000000000006,36,40
36.0,54.150000000000006,36,40
36.0,54.150000000000006,36,40
36.0,54.150000000000006,36,40
36.0,54.150000000000006,36,40
36.0,54.150000000000006,36,40
0.0,60.0,340,41
60.0,60.0,340,41
27.0,60.0,307,41
5.600000000000023,21.6,291,41
11.600000000000025,21.6,281,41
11.600000000000025,21.6,271,41
2.5999999999999943,21.6,252,41
8.599999999999994,21.6,239,41
5.599999999999994,21.6,223,41
2.5999999999999943,21.6,204,41
19.599999999999994,21.6,202,41
19.599999999999994,21.6,200,41
19.599999999999994,21.6,198,41
19.599999999999994,21.6,196,41
19.599999999999994,21.6,194,41
19.599999999999994,21.6,192,41
19.599999999999994,21.6,190,41
19.599999999999994,21.6,188,41
19.599999999999994,21.6,186,41
19.599999999999994,21.6,184,41
19.599999999999994,21.6,182,41
19.599999999999994,21.6,180,41
19.599999999999994,21.6,178,41
19.599999999999994,21.6,176,41
19.599999999999994,21.6,174,41
19.599999999999994,21.6,172,41
19.599999999999994,21.6,170,41
19.599999999999994,21.6,168,41
19.599999999999994,21.6,166,41
19.599999999999994,21.6,164,41
19.599999999999994,21.6,162,41
19.599999999999994,21.6,160,41
19.599999999999994,21.6,158,41
19.599999999999994,21.6,156,41
19.599999999999994,21.6,154,41
19.599999999999994,21.6,152,41
19.599999999999994,21.6,150,41
19.599999999999994,21.6,148,41
19.599999999999994,21.6,146,41
19.599999999999994,21.6,144,41
19.599999999999994,21.6,142,41
19.599999999999994,21.6,140,41
19.599999999999994,21.6,138,41
19.599999999999994,21.6,136,41
19.599999999999994,21.6,134,41
19.599999999999994,21.6,132,41
19.599999999999994,21.6,130,41
19.599999999999994,21.6,128,41
19.599999999999994,21.6,126,41
19.599999999999994,21.6,124,41
19.599999999999994,21.6,122,41
19.599999999999994,21.6,120,41
19.599999999999994,21.6,118,41
19.599999999999994,21.6,116,41
19.599999999999994,21.6,114,41
19.599999999999994,21.6,112,41
19.599999999999994,21.6,110,41
19.599999999999994,21.6,108,41
19.599999999999994,21.6,106,41
19.599999999999994,21.6,104,41
19.599999999999994,21.6,102,41
19.599999999999994,21.6,100,41
19.599999999999994,21.6,98,41
19.599999999999994,21.6,96,41
19.599999999999994,21.6,94,41
16.599999999999994,9.6,101,41
16.599999999999994,9.6,108,41
10.400000000000006,5.4,113,41
7.400000000000006,2.4000000000000004,118,41
10.400000000000006,5.4,123,41
9.75,3.75,129,41
10.349999999999994,7.35,132,41
10.349999999999994,7.35,135,41
10.349999999999994,7.35,138,41
16.599999999999994,9.6,145,41
16.599999999999994,9.6,152,41
17.150000000000006,12.15,157,41
17.0,15.0,159,41
17.0,15.0,161,41
19.599999999999994,21.6,159,41
19.599999999999994,21.6,157,41
19.599999999999994,21.6,155,41
19.599999999999994,21.6,153,41
19.599999999999994,21.6,151,41
16.599999999999994,9.6,158,41
16.599999999999994,9.6,165,41
17.150000000000006,12.15,170,41
19.599999999999994,21.6,168,41
19.599999999999994,21.6,166,41
19.599999999999994,21.6,164,41
19.599999999999994,21.6,162,41
19.599999999999994,21.6,160,41
19.599999999999994,21.6,158,41
19.599999999999994,21.6,156,41
19.599999999999994,21.6,154,41
19.599999999999994,21.6,152,41
19.599999999999994,21.6,150,41
19.599999999999994,21.6,148,41
19.599999999999994,21.6,146,41
19.599999999999994,21.6,144,41
0.0,60.0,340,42
0.0,60.0,280,42
0.0,54.150000000000006,225,42
0.0,54.150000000000006,171,42
0.0,54.150000000000006,117,42
0.0,54.150000000000006,63,42
0.0,54.150000000000006,9,42
4.0,54.150000000000006,4,42
4.0,54.150000000000006,4,42
3.0,54.150000000000006,3,42
7.0,54.150000000000006,7,42
7.0,54.150000000000006,7,42
7.0,54.150000000000006,7,42
7.0,54.150000000000006,7,42
7.0,54.150000000000006,7,42
7.0,54.150000000000006,7,42
7.0,54.150000000000006,7,42
5.0,54.150000000000006,5,42
6.0,54.150000000000006,6,42
6.0,54.150000000000006,6,42
6.0,54.150000000000006,6,42
6.0,54.150000000000006,6,42
6.0,54.150000000000006,6,42
6.0,54.150000000000006,6,42
6.0,54.150000000000006,6,42
6.0,54.150000000000006,6,42
6.0,54.150000000000006,6,42
6.0,54.150000000000006,6,42
6.0,54.150000000000006,6,42
6.0,54.150000000000006,6,42
5.0,54.150000000000006,5,42
6.0,54.150000000000006,6,42
6.0,66.15,6,42
6.0,66.15,6,42
6.0,66.15,6,42
6.0,66.15,6,42
6.0,66.15,6,42
6.0,66.15,6,42
6.0,66.15,6,42
6.0,66.15,6,42
6.0,66.15,6,42
6.0,66.15,6,42
6.0,66.15,6,42
6.0,66.15,6,42
6.0,66.15,6,42
6.0,66.15,6,42
6.0,66.15,6,42
6.0,66.15,6,42
6.0,66.15,6,42
6.0,66.15,6,42
6.0,66.15,6,42
6.0,66.15,6,42
6.0,66.15,6,42
6.0,66.15,6,42
6.0,66.15,6,42
6.0,66.15,6,42
6.0,66.15,6,42
6.0,66.15,6,42
6.0,66.15,6,42
6.0,66.15,6,42
6.0,66.15,6,42
6.0,66.15,6,42
6.0,66.15,6,42
6.0,66.15,6,42
6.0,66.15,6,42
6.0,66.15,6,42
3.0,66.15,3,42
3.0,66.15,3,42
3.0,66.15,3,42
3.0,66.15,3,42
3.0,66.15,3,42
3.0,66.15,3,42
3.0,66.15,3,42
3.0,66.15,3,42
3.0,66.15,3,42
3.0,66.15,3,42
3.0,66.15,3,42
3.0,66.15,3,42
3.0,66.15,3,42
3.0,66.15,3,42
3.0,66.15,3,42
3.0,66.15,3,42
3.0,66.15,3,42
3.0,66.15,3,42
3.0,66.15,3,42
3.0,66.15,3,42
3.0,66.15,3,42
3.0,66.15,3,42
3.0,66.15,3,42
3.0,66.15,3,42
3.0,66.15,3,42
3.0,66.15,3,42
3.0,66.15,3,42
3.0,66.15,3,42
3.0,66.15,3,42
3.0,66.15,3,42
3.0,66.15,3,42
3.0,66.15,3,42
3.0,66.15,3,42
3.0,66.15,3,42
0.0,60.0,340,43
0.0,60.0,280,43
0.0,60.0,220,43
0.0,60.0,160,43
0.0,60.0,100,43
0.0,60.0,40,43
20.0,60.0,20,43
20.0,60.0,20,43
20.0,60.0,20,43
20.0,60.0,20,43
12.0,60.0,12,43
60.0,60.0,60,43
60.0,60.0,60,43
31.75,33.75,58,43
43.75,33.75,68,43
59.150000000000006,54.150000000000006,73,43
63.60000000000001,72.60000000000001,64,43
64.0,72.60000000000001,64,43
12.0,72.60000000000001,12,43
44.0,48.6,44,43
60.0,79.35000000000001,60,43
64.0,101.4,64,43
76.0,153.60000000000002,76,43
96.0,240.0,96,43
108.0,277.35,108,43
124.0,390.15,124,43
140.0,540.0,140,43
160.0,714.1500000000001,160,43
204.0,1161.6,204,43
287.0,1749.6,287,43
287.0,1949.4,287,43
287.0,1949.4,287,43
172.0,1949.4,172,43
220.0,1269.6,220,43
280.0,1685.4,280,43
287.0,1749.6,287,43
208.0,1215.0,208,43
208.0,1215.0,208,43
204.0,1215.0,204,43
188.0,1215.0,188,43
128.0,614.4000000000001,128,43
128.0,614.4000000000001,128,43
128.0,614.4000000000001,128,43
128.0,614.4000000000001,128,43
128.0,614.4000000000001,128,43
128.0,614.4000000000001,128,43
128.0,614.4000000000001,128,43
128.0,614.4000000000001,128,43
128.0,614.4000000000001,128,43
128.0,614.4000000000001,128,43
128.0,614.4000000000001,128,43
112.0,437.4,112,43
112.0,437.4,112,43
112.0,437.4,112,43
112.0,437.4,112,43
112.0,437.4,112,43
112.0,437.4,112,43
112.0,437.4,112,43
112.0,437.4,112,43
108.0,360.15000000000003,108,43
108.0,360.15000000000003,108,43
108.0,360.15000000000003,108,43
108.0,360.15000000000003,108,43
108.0,360.15000000000003,108,43
108.0,360.15000000000003,108,43
108.0,360.15000000000003,108,43
108.0,360.15000000000003,108,43
108.0,360.15000000000003,108,43
92.0,252.15000000000003,92,43
92.0,252.15000000000003,92,43
92.0,252.15000000000003,92,43
92.0,252.15000000000003,92,43
92.0,252.15000000000003,92,43
92.0,252.15000000000003,92,43
92.0,252.15000000000003,92,43
92.0,252.15000000000003,92,43
92.0,252.15000000000003,92,43
80.0,228.15000000000003,80,43
80.0,228.15000000000003,80,43
80.0,228.15000000000003,80,43
80.0,228.15000000000003,80,43
80.0,228.15000000000003,80,43
80.0,228.15000000000003,80,43
80.0,228.15000000000003,80,43
80.0,228.15000000000003,80,43
80.0,228.15000000000003,80,43
20.0,228.15000000000003,20,43
20.0,228.15000000000003,20,43
16.0,135.0,16,43
16.0,135.0,16,43
16.0,135.0,16,43
16.0,135.0,16,43
16.0,135.0,16,43
16.0,135.0,16,43
16.0,135.0,16,43
16.0,135.0,16,43
16.0,135.0,16,43
16.0,135.0,16,43
16.0,135.0,16,43
12.0,93.75,12,43
0.0,60.0,340,44
0.0,60.0,280,44
120.0,60.0,340,44
72.0,60.0,352,44
84.0,60.0,376,44
72.0,60.0,388,44
71.60000000000002,48.6,411,44
95.35000000000002,79.35000000000001,427,44
71.14999999999998,126.15,372,44
104.15,126.15,350,44
41.75,93.75,298,44
11.75,93.75,216,44
62.75,93.75,185,44
41.75,93.75,133,44
41.75,93.75,81,44
63.0,93.75,63,44
63.0,93.75,63,44
21.0,93.75,21,44
75.0,93.75,75,44
84.0,117.6,84,44
91.0,153.60000000000002,91,44
84.0,228.15000000000003,84,44
119.0,228.15000000000003,119,44
119.0,264.6,119,44
119.0,264.6,119,44
119.0,264.6,119,44
119.0,264.6,119,44
7.0,264.6,7,44
112.0,264.6,112,44
119.0,390.15,119,44
147.0,558.1500000000001,147,44
175.0,843.75,175,44
203.0,1135.35,203,44
266.0,1949.4,266,44
224.0,2053.3500000000004,224,44
187.0,1161.6,187,44
187.0,1161.6,187,44
103.0,1161.6,103,44
187.0,1161.6,187,44
219.0,1530.15,219,44
215.0,1653.75,215,44
222.0,1653.75,222,44
308.0,2232.6000000000004,308,44
252.0,2535.0,252,44
250.0,2535.0,250,44
278.0,2535.0,278,44
390.0,3420.1500000000005,390,44
373.0,3557.4,373,44
343.0,3557.4,343,44
396.0,3557.4,396,44
399.0,3792.15,399,44
301.0,4183.35,301,44
404.0,4183.35,404,44
404.0,4489.35,404,44
404.0,4489.35,404,44
404.0,4489.35,404,44
258.0,4489.35,258,44
353.0,4489.35,353,44
396.0,4646.400000000001,396,44
436.0,4752.6,436,44
230.0,4914.150000000001,230,44
434.0,4914.150000000001,434,44
439.0,4968.6,439,44
252.0,2196.15,252,44
320.0,2196.15,320,44
322.0,2306.4,322,44
324.0,2419.3500000000004,324,44
315.0,2419.3500000000004,315,44
324.0,2419.3500000000004,324,44
32.0,2535.0,32,44
324.0,2535.0,324,44
315.0,2613.6000000000004,315,44
403.0,2613.6000000000004,403,44
242.0,2733.75,242,44
350.0,2733.75,350,44
445.0,2815.3500000000004,445,44
9.0,3024.6000000000004,9,44
448.0,3024.6000000000004,448,44
360.0,3110.4,360,44
412.0,3110.4,412,44
449.0,3285.6000000000004,449,44
411.0,3603.75,411,44
374.0,3603.75,374,44
374.0,3603.75,374,44
374.0,3603.75,374,44
300.0,3603.75,300,44
442.0,3603.75,442,44
442.0,3697.35,442,44
290.0,3697.35,290,44
502.0,3650.400000000001,502,44
504.0,3840.0,504,44
506.0,4034.400000000001,506,44
511.0,4233.6,511,44
494.0,3241.3500000000004,494,44
281.0,3241.3500000000004,281,44
531.0,3241.3500000000004,531,44
470.0,3330.15,470,44
470.0,3330.15,470,44
470.0,3330.15,470,44
470.0,3330.15,470,44
0.0,60.0,340,45
0.0,43.35,296,45
0.0,43.35,253,45
24.05000000000001,43.35,234,45
12.349999999999994,43.35,203,45
12.349999999999994,43.35,172,45
24.349999999999994,43.35,153,45
28.349999999999994,43.35,138,45
8.349999999999994,43.35,103,45
50.35,43.35,110,45
50.150000000000006,54.150000000000006,106,45
50.400000000000006,38.400000000000006,118,45
50.150000000000006,54.150000000000006,114,45
50.150000000000006,54.150000000000006,110,45
50.150000000000006,54.150000000000006,106,45
50.150000000000006,54.150000000000006,102,45
50.150000000000006,54.150000000000006,98,45
46.150000000000006,54.150000000000006,90,45
50.150000000000006,54.150000000000006,86,45
50.150000000000006,54.150000000000006,82,45
50.150000000000006,54.150000000000006,78,45
50.150000000000006,54.150000000000006,74,45
50.150000000000006,54.150000000000006,70,45
50.150000000000006,54.150000000000006,66,45
50.150000000000006,54.150000000000006,62,45
33.400000000000006,38.400000000000006,57,45
33.400000000000006,38.400000000000006,52,45
38.400000000000006,38.400000000000006,52,45
38.400000000000006,38.400000000000006,52,45
38.400000000000006,38.400000000000006,52,45
38.400000000000006,38.400000000000006,52,45
38.400000000000006,38.400000000000006,52,45
38.400000000000006,38.400000000000006,52,45
38.400000000000006,38.400000000000006,52,45
38.400000000000006,38.400000000000006,52,45
38.400000000000006,38.400000000000006,52,45
38.400000000000006,38.400000000000006,52,45
38.400000000000006,38.400000000000006,52,45
38.400000000000006,38.400000000000006,52,45
38.400000000000006,38.400000000000006,52,45
38.400000000000006,38.400000000000006,52,45
38.400000000000006,38.400000000000006,52,45
38.400000000000006,38.400000000000006,52,45
38.400000000000006,38.400000000000006,52,45
38.400000000000006,38.400000000000006,52,45
38.400000000000006,38.400000000000006,52,45
38.400000000000006,38.400000000000006,52,45
38.400000000000006,38.400000000000006,52,45
26.0,15.0,63,45
25.40000000000001,29.4,59,45
25.4,29.4,55,45
25.4,29.4,51,45
25.4,29.4,47,45
25.4,29.4,43,45
25.4,29.4,39,45
25.4,29.4,35,45
21.15,12.15,44,45
26.0,15.0,55,45
26.0,15.0,66,45
25.15000000000001,18.15,73,45
25.15000000000001,18.15,80,45
25.15000000000001,18.15,87,45
25.599999999999994,21.6,91,45
25.599999999999994,21.6,95,45
25.40000000000001,29.4,91,45
25.40000000000001,29.4,87,45
25.40000000000001,29.4,83,45
25.40000000000001,29.4,79,45
25.40000000000001,29.4,75,45
25.40000000000001,29.4,71,45
25.40000000000001,29.4,67,45
25.40000000000001,29.4,63,45
25.40000000000001,29.4,59,45
25.4,29.4,55,45
25.4,29.4,51,45
25.4,29.4,47,45
25.4,29.4,43,45
25.4,29.4,39,45
25.4,29.4,35,45
25.4,29.4,31,45
25.4,29.4,27,45
26.0,29.4,26,45
26.0,29.4,26,45
26.0,29.4,26,45
26.0,29.4,26,45
26.0,29.4,26,45
25.6,21.6,30,45
35.0,33.75,35,45
39.0,38.400000000000006,39,45
39.0,54.150000000000006,39,45
39.0,54.150000000000006,39,45
39.0,54.150000000000006,39,45
39.0,54.150000000000006,39,45
39.0,54.150000000000006,39,45
39.0,54.150000000000006,39,45
25.4,29.4,35,45
25.4,29.4,31,45
25.4,29.4,27,45
26.0,29.4,26,45
26.0,29.4,26,45
0.0,60.0,340,46
0.0,60.0,280,46
0.0,60.0,220,46
0.0,60.0,160,46
0.0,60.0,100,46
0.0,60.0,40,46
0.0,60.0,0,46
0.0,33.75,0,46
0.0,21.6,0,46
0.0,12.15,0,46
0.0,7.35,0,46
0.0,5.4,0,46
0.0,3.75,0,46
0.0,2.4000000000000004,0,46
0.0,1.35,0,46
0.0,0.6000000000000001,0,46
0.0,0.15,0,46
0.0,60.0,340,47
0.0,60.0,280,47
0.0,60.0,220,47
0.0,60.0,160,47
0.0,60.0,100,47
0.0,60.0,40,47
0.0,60.0,0,47
0.0,33.75,0,47
0.0,21.6,0,47
0.0,12.15,0,47
0.0,7.35,0,47
0.0,5.4,0,47
0.0,3.75,0,47
0.0,2.4000000000000004,0,47
0.0,1.35,0,47
0.0,0.6000000000000001,0,47
0.0,0.15,0,47
0.0,60.0,340,48
0.0,60.0,280,48
0.0,60.0,220,48
0.0,60.0,160,48
0.0,60.0,100,48
0.0,60.0,40,48
0.0,60.0,0,48
0.0,33.75,0,48
0.0,21.6,0,48
0.0,5.4,0,48
6.0,3.75,6,48
9.0,15.0,9,48
9.0,25.35,9,48
6.0,25.35,6,48
6.0,25.35,6,48
6.0,25.35,6,48
6.0,25.35,6,48
3.0,25.35,3,48
3.0,25.35,3,48
3.0,25.35,3,48
6.0,25.35,6,48
6.0,48.6,6,48
9.0,48.6,9,48
9.0,93.75,9,48
9.0,93.75,9,48
9.0,93.75,9,48
9.0,93.75,9,48
9.0,93.75,9,48
9.0,93.75,9,48
9.0,93.75,9,48
3.0,93.75,3,48
9.0,93.75,9,48
12.0,163.35000000000002,12,48
15.0,331.35,15,48
18.0,470.4,18,48
45.0,633.75,45,48
63.0,866.4000000000001,63,48
36.0,1083.75,36,48
36.0,1083.75,36,48
54.0,1083.75,54,48
120.0,1411.35,120,48
111.0,1815.0,111,48
147.0,1717.35,147,48
154.0,1915.35,154,48
140.0,2088.6000000000004,140,48
70.0,2088.6000000000004,70,48
147.0,2088.6000000000004,147,48
147.0,2419.3500000000004,147,48
147.0,2419.3500000000004,147,48
70.0,2419.3500000000004,70,48
154.0,2419.3500000000004,154,48
209.0,2496.15,209,48
209.0,2856.6000000000004,209,48
161.0,2856.6000000000004,161,48
127.0,2856.6000000000004,127,48
268.0,2856.6000000000004,268,48
268.0,3153.75,268,48
268.0,3153.75,268,48
114.0,3153.75,114,48
239.0,3153.75,239,48
210.0,3285.6000000000004,210,48
99.0,3285.6000000000004,99,48
182.0,3285.6000000000004,182,48
76.0,3375.0,76,48
154.0,3375.0,154,48
50.0,3511.3500000000004,50,48
224.0,3511.3500000000004,224,48
224.0,3650.400000000001,224,48
247.0,3650.400000000001,247,48
224.0,3888.150000000001,224,48
224.0,3888.150000000001,224,48
63.0,3888.150000000001,63,48
224.0,3888.150000000001,224,48
182.0,3985.35,182,48
189.0,3985.35,189,48
208.0,4083.75,208,48
210.0,4183.35,210,48
208.0,4386.150000000001,208,48
208.0,4386.150000000001,208,48
208.0,4386.150000000001,208,48
208.0,4386.150000000001,208,48
140.0,2053.3500000000004,140,48
140.0,2053.3500000000004,140,48
27.0,2053.3500000000004,27,48
140.0,2053.3500000000004,140,48
140.0,2196.15,140,48
140.0,2196.15,140,48
140.0,2196.15,140,48
140.0,2196.15,140,48
133.0,1717.35,133,48
133.0,1717.35,133,48
108.0,1717.35,108,48
133.0,1717.35,133,48
74.0,1848.15,74,48
154.0,1848.15,154,48
7.0,2419.3500000000004,7,48
115.0,2419.3500000000004,115,48
239.0,2733.75,239,48
119.0,2815.3500000000004,119,48
254.0,2815.3500000000004,254,48
0.0,60.0,340,49
171.0,60.0,451,49
108.0,60.0,499,49
107.60000000000002,117.6,489,49
89.60000000000002,117.6,461,49
89.60000000000002,117.6,433,49
62.60000000000002,117.6,378,49
89.60000000000002,117.6,350,49
89.60000000000002,117.6,322,49
89.60000000000002,117.6,294,49
89.60000000000002,117.6,266,49
71.60000000000002,117.6,220,49
153.60000000000002,117.6,256,49
228.15000000000003,252.15000000000003,232,49
229.0,252.15000000000003,229,49
229.0,252.15000000000003,229,49
229.0,252.15000000000003,229,49
229.0,252.15000000000003,229,49
229.0,252.15000000000003,229,49
185.0,252.15000000000003,185,49
185.0,252.15000000000003,185,49
185.0,252.15000000000003,185,49
185.0,252.15000000000003,185,49
185.0,252.15000000000003,185,49
185.0,252.15000000000003,185,49
140.35000000000002,163.35000000000002,162,49
141.0,163.35000000000002,141,49
141.0,163.35000000000002,141,49
141.0,163.35000000000002,141,49
141.0,163.35000000000002,141,49
141.0,163.35000000000002,141,49
109.75,93.75,157,49
176.0,240.0,176,49
251.0,504.6,251,49
234.0,777.5999999999999,234,49
234.0,777.5999999999999,234,49
234.0,777.5999999999999,234,49
234.0,777.5999999999999,234,49
234.0,777.5999999999999,234,49
234.0,777.5999999999999,234,49
234.0,777.5999999999999,234,49
234.0,777.5999999999999,234,49
234.0,777.5999999999999,234,49
208.0,633.75,208,49
208.0,633.75,208,49
208.0,633.75,208,49
208.0,633.75,208,49
208.0,633.75,208,49
208.0,633.75,208,49
208.0,633.75,208,49
208.0,633.75,208,49
208.0,633.75,208,49
208.0,633.75,208,49
208.0,633.75,208,49
208.0,633.75,208,49
208.0,633.75,208,49
273.0,633.75,273,49
403.0,1353.75,403,49
594.0,2982.15,594,49
384.0,2815.3500000000004,384,49
330.0,2774.4,330,49
330.0,2774.4,330,49
330.0,2774.4,330,49
256.0,2774.4,256,49
264.0,2774.4,264,49
264.0,2982.15,264,49
264.0,2982.15,264,49
124.0,2982.15,124,49
198.0,2982.15,198,49
268.0,3241.3500000000004,268,49
169.0,3465.6000000000004,169,49
201.0,3465.6000000000004,201,49
204.0,3744.6,204,49
204.0,3840.0,204,49
204.0,3840.0,204,49
201.0,3840.0,201,49
170.0,2088.6000000000004,170,49
170.0,2088.6000000000004,170,49
170.0,2088.6000000000004,170,49
163.0,2088.6000000000004,163,49
164.0,1058.4,164,49
184.0,1188.15,184,49
207.0,1470.15,207,49
224.0,1881.6,224,49
240.0,2088.6000000000004,240,49
242.0,2269.3500000000004,242,49
244.0,2496.15,244,49
246.0,2693.4,246,49
248.0,2940.0,248,49
287.0,3241.3500000000004,287,49
187.0,1915.35,187,49
266.0,1915.35,266,49
268.0,2160.0,268,49
192.0,1188.15,192,49
192.0,1188.15,192,49
192.0,1188.15,192,49
189.0,1188.15,189,49
111.0,453.75,111,49
111.0,453.75,111,49
111.0,453.75,111,49
0.0,60.0,340,50
0.0,60.0,280,50
0.0,60.0,220,50
0.0,60.0,160,50
0.0,60.0,100,50
0.0,60.0,40,50
0.0,60.0,0,50
0.0,33.75,0,50
6.0,21.6,6,50
6.0,25.35,6,50
5.0,25.35,5,50
13.0,25.35,13,50
21.0,66.15,21,50
29.0,144.15,29,50
41.0,277.35,41,50
37.0,205.35,37,50
37.0,205.35,37,50
37.0,205.35,37,50
37.0,205.35,37,50
37.0,205.35,37,50
37.0,205.35,37,50
33.0,205.35,33,50
29.0,205.35,29,50
29.0,205.35,29,50
29.0,205.35,29,50
29.0,205.35,29,50
29.0,205.35,29,50
29.0,205.35,29,50
29.0,205.35,29,50
29.0,205.35,29,50
29.0,205.35,29,50
29.0,205.35,29,50
29.0,205.35,29,50
29.0,205.35,29,50
24.0,135.0,24,50
24.0,135.0,24,50
24.0,135.0,24,50
24.0,135.0,24,50
24.0,135.0,24,50
24.0,135.0,24,50
16.0,60.0,16,50
16.0,60.0,16,50
16.0,60.0,16,50
16.0,60.0,16,50
16.0,60.0,16,50
16.0,60.0,16,50
16.0,60.0,16,50
16.0,60.0,16,50
16.0,60.0,16,50
16.0,60.0,16,50
16.0,60.0,16,50
16.0,60.0,16,50
16.0,60.0,16,50
16.0,60.0,16,50
16.0,60.0,16,50
16.0,60.0,16,50
16.0,60.0,16,50
16.0,60.0,16,50
16.0,60.0,16,50
16.0,60.0,16,50
16.0,60.0,16,50
16.0,60.0,16,50
16.0,60.0,16,50
16.0,60.0,16,50
16.0,60.0,16,50
16.0,60.0,16,50
16.0,60.0,16,50
16.0,60.0,16,50
16.0,60.0,16,50
16.0,60.0,16,50
16.0,60.0,16,50
16.0,60.0,16,50
16.0,60.0,16,50
16.0,60.0,16,50
16.0,60.0,16,50
16.0,60.0,16,50
16.0,60.0,16,50
16.0,60.0,16,50
16.0,60.0,16,50
16.0,60.0,16,50
16.0,60.0,16,50
16.0,60.0,16,50
16.0,60.0,16,50
16.0,60.0,16,50
16.0,60.0,16,50
16.0,60.0,16,50
16.0,60.0,16,50
16.0,60.0,16,50
16.0,60.0,16,50
16.0,60.0,16,50
16.0,60.0,16,50
16.0,60.0,16,50
16.0,60.0,16,50
16.0,60.0,16,50
16.0,60.0,16,50
16.0,60.0,16,50
16.0,60.0,16,50
16.0,60.0,16,50
16.0,60.0,16,50
16.0,60.0,16,50
0.0,60.0,340,51
0.0,60.0,280,51
0.0,60.0,220,51
0.0,60.0,160,51
0.0,60.0,100,51
0.0,60.0,40,51
0.0,60.0,0,51
0.0,33.75,0,51
0.0,21.6,0,51
0.0,12.15,0,51
0.0,7.35,0,51
0.0,5.4,0,51
0.0,3.75,0,51
0.0,2.4000000000000004,0,51
0.0,1.35,0,51
12.0,0.6000000000000001,12,51
11.6,0.6000000000000001,23,51
11.6,0.6000000000000001,34,51
11.6,0.6000000000000001,45,51
11.35,1.35,55,51
11.6,0.6000000000000001,66,51
11.4,2.4000000000000004,75,51
11.400000000000006,5.4,81,51
11.599999999999994,9.6,83,51
23.15000000000001,12.15,94,51
23.599999999999994,21.6,96,51
35.35,43.35,88,51
11.35,43.35,56,51
23.35,43.35,36,51
36.0,43.35,36,51
23.4,29.4,30,51
23.4,29.4,24,51
24.0,29.4,24,51
24.0,29.4,24,51
24.0,29.4,24,51
24.0,29.4,24,51
24.0,29.4,24,51
24.0,29.4,24,51
24.0,29.4,24,51
12.0,29.4,12,51
48.0,25.35,48,51
48.0,48.6,48,51
48.0,48.6,48,51
48.0,48.6,48,51
48.0,48.6,48,51
48.0,48.6,48,51
48.0,48.6,48,51
48.0,48.6,48,51
48.0,48.6,48,51
48.0,48.6,48,51
48.0,48.6,48,51
24.0,48.6,24,51
48.0,48.6,48,51
12.0,66.15,12,51
60.0,66.15,60,51
72.0,93.75,72,51
84.0,144.15,84,51
96.0,205.35,96,51
120.0,317.40000000000003,120,51
96.0,437.4,96,51
155.0,437.4,155,51
186.0,714.1500000000001,186,51
248.0,1033.35,248,51
267.0,1242.15,267,51
279.0,1915.35,279,51
236.0,2381.4,236,51
298.0,2088.6000000000004,298,51
155.0,2343.75,155,51
300.0,2343.75,300,51
298.0,2496.15,298,51
304.0,2496.15,304,51
304.0,2574.15,304,51
298.0,2574.15,298,51
304.0,2574.15,304,51
308.0,2856.6000000000004,308,51
155.0,1188.15,155,51
186.0,1188.15,186,51
288.0,1622.4,288,51
294.0,1749.6,294,51
294.0,1881.6,294,51
186.0,1881.6,186,51
343.0,1881.6,343,51
348.0,2053.3500000000004,348,51
336.0,2160.0,336,51
265.0,1470.15,265,51
265.0,1470.15,265,51
195.0,777.5999999999999,195,51
195.0,777.5999999999999,195,51
195.0,777.5999999999999,195,51
195.0,777.5999999999999,195,51
126.0,777.5999999999999,126,51
160.0,777.5999999999999,160,51
204.0,1215.0,204,51
273.0,1915.35,273,51
278.0,2269.3500000000004,278,51
283.0,2653.3500000000004,283,51
278.0,3067.3500000000004,278,51
340.0,3067.3500000000004,340,51
292.0,3465.6000000000004,292,51
292.0,3465.6000000000004,292,51
0.0,60.0,340,52
0.0,60.0,280,52
36.0,60.0,256,52
36.0,60.0,232,52
36.0,60.0,208,52
84.0,60.0,232,52
108.0,60.0,280,52
48.0,60.0,268,52
54.0,60.0,262,52
90.0,60.0,292,52
107.75,93.75,306,52
89.60000000000002,117.6,278,52
53.60000000000002,117.6,214,52
136.60000000000002,117.6,233,52
136.60000000000002,153.60000000000002,216,52
49.60000000000002,153.60000000000002,112,52
100.0,153.60000000000002,100,52
44.0,153.60000000000002,44,52
75.0,153.60000000000002,75,52
46.0,216.6,46,52
46.0,216.6,46,52
44.0,216.6,44,52
116.0,216.6,116,52
139.0,317.40000000000003,139,52
145.0,453.75,145,52
116.0,614.4000000000001,116,52
174.0,614.4000000000001,174,52
145.0,912.6,145,52
23.0,331.35,23,52
23.0,331.35,23,52
93.0,331.35,93,52
70.0,487.35,70,52
76.0,487.35,76,52
76.0,821.4000000000001,76,52
95.0,821.4000000000001,95,52
127.0,1530.15,127,52
127.0,2232.6000000000004,127,52
52.0,2232.6000000000004,52,52
52.0,2232.6000000000004,52,52
126.0,2232.6000000000004,126,52
128.0,2343.75,128,52
130.0,2496.15,130,52
78.0,1242.15,78,52
13.0,1242.15,13,52
52.0,1242.15,52,52
126.0,1717.35,126,52
88.0,1983.75,88,52
39.0,1983.75,39,52
126.0,1983.75,126,52
61.0,2232.6000000000004,61,52
52.0,2232.6000000000004,52,52
63.0,2232.6000000000004,63,52
61.0,2343.75,61,52
80.0,2343.75,80,52
100.0,2856.6000000000004,100,52
105.0,1530.15,105,52
22.0,1815.0,22,52
168.0,1815.0,168,52
140.0,1949.4,140,52
168.0,1949.4,168,52
140.0,2196.15,140,52
170.0,2196.15,170,52
35.0,2196.15,35,52
170.0,2196.15,170,52
140.0,2457.6000000000004,140,52
175.0,2457.6000000000004,175,52
181.0,2774.4,181,52
183.0,3110.4,183,52
176.0,3511.3500000000004,176,52
153.0,3511.3500000000004,153,52
156.0,3511.3500000000004,156,52
120.0,1815.0,120,52
147.0,1815.0,147,52
90.0,1949.4,90,52
124.0,1949.4,124,52
112.0,2856.6000000000004,112,52
214.0,2856.6000000000004,214,52
145.0,3024.6000000000004,145,52
62.0,3024.6000000000004,62,52
220.0,3024.6000000000004,220,52
220.0,3285.6000000000004,220,52
204.0,2018.4,204,52
127.0,1915.35,127,52
203.0,1915.35,203,52
213.0,2196.15,213,52
215.0,2457.6000000000004,215,52
217.0,2693.4,217,52
219.0,2898.15,219,52
141.0,3241.3500000000004,141,52
224.0,3241.3500000000004,224,52
245.0,3420.1500000000005,245,52
241.0,3792.15,241,52
247.0,3792.15,247,52
224.0,4233.6,224,52
242.0,4233.6,242,52
252.0,4699.35,252,52
211.0,5078.400000000001,211,52
228.0,5078.400000000001,228,52
254.0,5301.6,254,52
157.0,6000.0,157,52
0.0,60.0,340,53
0.0,60.0,280,53
42.0,60.0,262,53
32.0,60.0,234,53
6.0,60.0,180,53
80.0,60.0,200,53
80.0,60.0,220,53
53.0,60.0,213,53
73.0,60.0,226,53
73.0,60.0,239,53
45.35,25.35,259,53
45.35,25.35,279,53
45.35,25.35,299,53
45.35000000000002,25.35,319,53
39.35000000000002,25.35,333,53
39.35000000000002,25.35,347,53
32.35000000000002,25.35,354,53
39.39999999999998,29.4,364,53
39.39999999999998,29.4,374,53
38.60000000000002,48.6,364,53
38.60000000000002,48.6,354,53
38.60000000000002,48.6,344,53
12.149999999999975,18.15,338,53
25.149999999999977,18.15,345,53
25.350000000000023,25.35,345,53
25.350000000000023,25.35,345,53
25.350000000000023,25.35,345,53
12.350000000000025,25.35,332,53
25.350000000000023,25.35,332,53
25.350000000000023,25.35,332,53
25.350000000000023,25.35,332,53
25.350000000000023,25.35,332,53
25.350000000000023,25.35,332,53
18.350000000000023,25.35,325,53
12.350000000000025,25.35,312,53
25.350000000000023,25.35,312,53
25.350000000000023,25.35,312,53
25.350000000000023,25.35,312,53
25.350000000000023,25.35,312,53
25.350000000000023,25.35,312,53
25.350000000000023,25.35,312,53
25.350000000000023,25.35,312,53
25.350000000000023,25.35,312,53
18.149999999999977,18.15,312,53
19.0,15.0,316,53
5.149999999999977,18.15,303,53
18.149999999999977,18.15,303,53
12.600000000000025,9.6,306,53
12.149999999999975,12.15,306,53
12.600000000000025,9.6,309,53
18.350000000000023,25.35,302,53
18.350000000000023,25.35,295,53
18.350000000000023,25.35,288,53
18.350000000000023,25.35,281,53
5.349999999999994,25.35,261,53
18.349999999999994,25.35,254,53
18.349999999999994,25.35,247,53
18.349999999999994,25.35,240,53
18.349999999999994,25.35,233,53
18.349999999999994,25.35,226,53
18.349999999999994,25.35,219,53
18.349999999999994,25.35,212,53
18.349999999999994,25.35,205,53
18.349999999999994,25.35,198,53
18.349999999999994,25.35,191,53
18.349999999999994,25.35,184,53
18.349999999999994,25.35,177,53
18.349999999999994,25.35,170,53
18.349999999999994,25.35,163,53
18.349999999999994,25.35,156,53
18.349999999999994,25.35,149,53
18.349999999999994,25.35,142,53
18.349999999999994,25.35,135,53
18.349999999999994,25.35,128,53
18.349999999999994,25.35,121,53
18.349999999999994,25.35,114,53
18.349999999999994,25.35,107,53
18.349999999999994,25.35,100,53
5.349999999999994,25.35,80,53
18.35,25.35,73,53
18.35,25.35,66,53
18.35,25.35,59,53
18.35,25.35,52,53
18.35,25.35,45,53
18.35,25.35,38,53
18.35,25.35,31,53
18.35,25.35,24,53
19.0,25.35,19,53
19.0,25.35,19,53
19.0,25.35,19,53
19.0,25.35,19,53
19.0,25.35,19,53
19.0,25.35,19,53
12.150000000000002,18.15,13,53
13.0,18.15,13,53
13.0,18.15,13,53
13.0,18.15,13,53
12.6,9.6,16,53
19.0,21.6,19,53
19.0,25.35,19,53
0.0,60.0,340,54
0.0,60.0,280,54
0.0,60.0,220,54
0.0,60.0,160,54
0.0,60.0,100,54
0.0,60.0,40,54
0.0,60.0,0,54
0.0,33.75,0,54
0.0,21.6,0,54
0.0,12.15,0,54
2.0,7.35,2,54
2.0,7.35,2,54
0.0,7.35,0,54
13.0,3.75,13,54
12.75,3.75,22,54
12.75,3.75,31,54
12.75,3.75,40,54
12.75,3.75,49,54
12.75,3.75,58,54
12.75,3.75,67,54
12.4,5.4,74,54
12.400000000000006,5.4,81,54
12.349999999999994,7.35,86,54
12.349999999999994,7.35,91,54
25.15000000000001,12.15,104,54
25.15000000000001,18.15,111,54
12.75,33.75,90,54
38.75,33.75,95,54
63.60000000000001,72.60000000000001,86,54
63.60000000000001,72.60000000000001,77,54
63.60000000000001,72.60000000000001,68,54
64.0,72.60000000000001,64,54
64.0,72.60000000000001,64,54
64.0,72.60000000000001,64,54
64.0,72.60000000000001,64,54
64.0,72.60000000000001,64,54
64.0,72.60000000000001,64,54
64.0,72.60000000000001,64,54
64.0,72.60000000000001,64,54
64.0,72.60000000000001,64,54
64.0,72.60000000000001,64,54
64.0,72.60000000000001,64,54
64.0,72.60000000000001,64,54
64.0,72.60000000000001,64,54
64.0,72.60000000000001,64,54
64.0,72.60000000000001,64,54
64.0,72.60000000000001,64,54
52.0,72.60000000000001,52,54
52.0,72.60000000000001,52,54
52.0,72.60000000000001,52,54
52.0,72.60000000000001,52,54
52.0,72.60000000000001,52,54
52.0,72.60000000000001,52,54
52.0,72.60000000000001,52,54
52.0,72.60000000000001,52,54
52.0,72.60000000000001,52,54
52.0,72.60000000000001,52,54
52.0,72.60000000000001,52,54
52.0,72.60000000000001,52,54
52.0,72.60000000000001,52,54
52.0,72.60000000000001,52,54
52.0,72.60000000000001,52,54
52.0,72.60000000000001,52,54
52.0,72.60000000000001,52,54
52.0,72.60000000000001,52,54
52.0,72.60000000000001,52,54
52.0,72.60000000000001,52,54
52.0,72.60000000000001,52,54
5.0,72.60000000000001,5,54
5.0,72.60000000000001,5,54
5.0,72.60000000000001,5,54
5.0,72.60000000000001,5,54
5.0,72.60000000000001,5,54
5.0,72.60000000000001,5,54
5.0,72.60000000000001,5,54
5.0,72.60000000000001,5,54
5.0,72.60000000000001,5,54
5.0,72.60000000000001,5,54
6.0,72.60000000000001,6,54
8.0,135.0,8,54
15.0,303.75,15,54
23.0,693.6,23,54
56.0,1983.75,56,54
63.0,2574.15,63,54
70.0,3110.4,70,54
63.0,3888.150000000001,63,54
63.0,3888.150000000001,63,54
63.0,3888.150000000001,63,54
63.0,3888.150000000001,63,54
63.0,3888.150000000001,63,54
63.0,3888.150000000001,63,54
63.0,3888.150000000001,63,54
63.0,3888.150000000001,63,54
63.0,3888.150000000001,63,54
63.0,3888.150000000001,63,54
63.0,3888.150000000001,63,54
63.0,3888.150000000001,63,54
63.0,3888.150000000001,63,54
63.0,3888.150000000001,63,54
63.0,3888.150000000001,63,54
0.0,60.0,340,55
0.0,60.0,280,55
0.0,60.0,220,55
0.0,60.0,160,55
0.0,60.0,100,55
0.0,60.0,40,55
0.0,60.0,0,55
0.0,33.75,0,55
0.0,21.6,0,55
0.0,12.15,0,55
0.0,7.35,0,55
0.0,5.4,0,55
0.0,3.75,0,55
0.0,2.4000000000000004,0,55
0.0,1.35,0,55
0.0,0.6000000000000001,0,55
0.0,0.15,0,55
0.0,60.0,340,56
0.0,60.0,280,56
0.0,60.0,220,56
0.0,60.0,160,56
0.0,60.0,100,56
0.0,60.0,40,56
0.0,60.0,0,56
0.0,33.75,0,56
0.0,21.6,0,56
0.0,12.15,0,56
20.0,7.35,20,56
0.0,9.6,10,56
28.200000000000003,9.6,29,56
14.15,12.15,31,56
24.15,12.15,43,56
14.35,25.35,32,56
28.35,25.35,35,56
28.0,38.400000000000006,28,56
28.0,38.400000000000006,28,56
28.0,38.400000000000006,28,56
28.0,38.400000000000006,28,56
28.0,38.400000000000006,28,56
28.0,38.400000000000006,28,56
28.0,38.400000000000006,28,56
28.0,38.400000000000006,28,56
28.0,38.400000000000006,28,56
28.0,38.400000000000006,28,56
28.0,38.400000000000006,28,56
28.0,38.400000000000006,28,56
28.0,38.400000000000006,28,56
28.0,38.400000000000006,28,56
28.0,38.400000000000006,28,56
28.0,38.400000000000006,28,56
28.0,38.400000000000006,28,56
28.0,38.400000000000006,28,56
28.0,38.400000000000006,28,56
28.0,38.400000000000006,28,56
28.0,38.400000000000006,28,56
28.0,38.400000000000006,28,56
28.0,38.400000000000006,28,56
28.0,38.400000000000006,28,56
28.0,38.400000000000006,28,56
28.0,38.400000000000006,28,56
28.0,38.400000000000006,28,56
28.0,38.400000000000006,28,56
28.0,38.400000000000006,28,56
28.0,38.400000000000006,28,56
28.0,38.400000000000006,28,56
28.0,38.400000000000006,28,56
28.0,38.400000000000006,28,56
28.0,38.400000000000006,28,56
28.0,38.400000000000006,28,56
28.0,38.400000000000006,28,56
28.0,38.400000000000006,28,56
28.0,38.400000000000006,28,56
28.0,38.400000000000006,28,56
28.0,38.400000000000006,28,56
28.0,38.400000000000006,28,56
28.0,38.400000000000006,28,56
28.0,38.400000000000006,28,56
28.0,38.400000000000006,28,56
28.0,38.400000000000006,28,56
28.0,38.400000000000006,28,56
28.0,38.400000000000006,28,56
28.0,38.400000000000006,28,56
28.0,38.400000000000006,28,56
28.0,38.400000000000006,28,56
28.0,38.400000000000006,28,56
28.0,38.400000000000006,28,56
28.0,38.400000000000006,28,56
28.0,38.400000000000006,28,56
28.0,38.400000000000006,28,56
28.0,38.400000000000006,28,56
28.0,38.400000000000006,28,56
28.0,38.400000000000006,28,56
28.0,38.400000000000006,28,56
28.0,38.400000000000006,28,56
28.0,38.400000000000006,28,56
28.0,38.400000000000006,28,56
28.0,38.400000000000006,28,56
28.0,38.400000000000006,28,56
28.0,38.400000000000006,28,56
28.0,38.400000000000006,28,56
28.0,38.400000000000006,28,56
28.0,38.400000000000006,28,56
28.0,38.400000000000006,28,56
28.0,38.400000000000006,28,56
28.0,38.400000000000006,28,56
28.0,38.400000000000006,28,56
28.0,38.400000000000006,28,56
28.0,38.400000000000006,28,56
28.0,38.400000000000006,28,56
28.0,38.400000000000006,28,56
28.0,38.400000000000006,28,56
28.0,38.400000000000006,28,56
28.0,38.400000000000006,28,56
28.0,38.400000000000006,28,56
28.0,38.400000000000006,28,56
28.0,38.400000000000006,28,56
28.0,38.400000000000006,28,56
0.0,60.0,340,57
240.0,60.0,520,57
108.0,60.0,568,57
108.0,60.0,616,57
71.35000000000002,109.35,578,57
59.35000000000002,109.35,528,57
11.350000000000025,109.35,430,57
35.35000000000002,109.35,356,57
71.35000000000002,109.35,318,57
71.35000000000002,109.35,280,57
71.35000000000002,109.35,242,57
71.35000000000002,109.35,204,57
62.35000000000001,109.35,157,57
71.35000000000001,109.35,119,57
71.35000000000001,109.35,81,57
72.0,109.35,72,57
72.0,109.35,72,57
72.0,109.35,72,57
72.0,109.35,72,57
72.0,109.35,72,57
72.0,109.35,72,57
72.0,109.35,72,57
72.0,109.35,72,57
72.0,109.35,72,57
72.0,109.35,72,57
72.0,109.35,72,57
72.0,109.35,72,57
72.0,109.35,72,57
72.0,109.35,72,57
72.0,109.35,72,57
72.0,109.35,72,57
72.0,109.35,72,57
72.0,109.35,72,57
72.0,109.35,72,57
72.0,109.35,72,57
72.0,109.35,72,57
72.0,109.35,72,57
72.0,109.35,72,57
72.0,109.35,72,57
72.0,109.35,72,57
72.0,109.35,72,57
72.0,109.35,72,57
72.0,109.35,72,57
72.0,109.35,72,57
72.0,109.35,72,57
72.0,109.35,72,57
72.0,109.35,72,57
72.0,109.35,72,57
72.0,109.35,72,57
72.0,109.35,72,57
72.0,109.35,72,57
72.0,109.35,72,57
72.0,109.35,72,57
72.0,109.35,72,57
72.0,109.35,72,57
72.0,109.35,72,57
72.0,109.35,72,57
72.0,109.35,72,57
72.0,109.35,72,57
72.0,109.35,72,57
72.0,109.35,72,57
72.0,109.35,72,57
72.0,109.35,72,57
72.0,109.35,72,57
72.0,109.35,72,57
72.0,109.35,72,57
72.0,109.35,72,57
72.0,109.35,72,57
72.0,109.35,72,57
72.0,109.35,72,57
72.0,109.35,72,57
72.0,109.35,72,57
72.0,109.35,72,57
72.0,109.35,72,57
72.0,109.35,72,57
72.0,109.35,72,57
72.0,109.35,72,57
72.0,109.35,72,57
72.0,109.35,72,57
72.0,109.35,72,57
72.0,109.35,72,57
72.0,109.35,72,57
72.0,109.35,72,57
72.0,109.35,72,57
72.0,109.35,72,57
72.0,109.35,72,57
72.0,109.35,72,57
72.0,109.35,72,57
72.0,109.35,72,57
72.0,109.35,72,57
72.0,109.35,72,57
72.0,109.35,72,57
72.0,109.35,72,57
72.0,109.35,72,57
72.0,109.35,72,57
36.0,109.35,36,57
36.0,109.35,36,57
36.0,109.35,36,57
36.0,109.35,36,57
36.0,109.35,36,57
0.0,60.0,340,58
0.0,60.0,280,58
0.0,60.0,220,58
0.0,60.0,160,58
36.0,60.0,136,58
80.0,60.0,156,58
79.60000000000001,72.60000000000001,163,58
40.75,93.75,110,58
68.75,93.75,85,58
80.0,93.75,80,58
100.0,93.75,100,58
129.0,153.60000000000002,129,58
160.0,252.15000000000003,160,58
216.0,421.35,216,58
269.0,673.35,269,58
340.0,1083.75,340,58
434.0,1815.0,434,58
340.0,1161.6,340,58
260.0,1161.6,260,58
256.0,1161.6,256,58
256.0,1161.6,256,58
256.0,1161.6,256,58
256.0,1161.6,256,58
256.0,1161.6,256,58
256.0,1161.6,256,58
240.0,1161.6,240,58
240.0,1161.6,240,58
240.0,1161.6,240,58
240.0,1161.6,240,58
240.0,1161.6,240,58
240.0,1161.6,240,58
240.0,1161.6,240,58
240.0,1161.6,240,58
240.0,1161.6,240,58
240.0,1161.6,240,58
240.0,1161.6,240,58
240.0,1161.6,240,58
240.0,1161.6,240,58
240.0,1161.6,240,58
240.0,1161.6,240,58
240.0,1161.6,240,58
240.0,1161.6,240,58
240.0,1161.6,240,58
240.0,1161.6,240,58
240.0,1161.6,240,58
240.0,1161.6,240,58
288.0,1161.6,288,58
385.0,1983.75,385,58
395.0,2232.6000000000004,395,58
395.0,2496.15,395,58
390.0,2160.0,390,58
390.0,2160.0,390,58
390.0,2160.0,390,58
390.0,2160.0,390,58
390.0,2160.0,390,58
390.0,2160.0,390,58
390.0,2160.0,390,58
390.0,2160.0,390,58
390.0,2160.0,390,58
390.0,2160.0,390,58
390.0,2160.0,390,58
390.0,2160.0,390,58
390.0,2160.0,390,58
390.0,2160.0,390,58
390.0,2160.0,390,58
385.0,2018.4,385,58
385.0,2018.4,385,58
385.0,2018.4,385,58
385.0,2018.4,385,58
385.0,2018.4,385,58
385.0,2018.4,385,58
385.0,2018.4,385,58
385.0,2018.4,385,58
256.0,936.15,256,58
256.0,936.15,256,58
256.0,936.15,256,58
256.0,936.15,256,58
256.0,936.15,256,58
224.0,714.1500000000001,224,58
224.0,714.1500000000001,224,58
144.0,317.40000000000003,144,58
144.0,317.40000000000003,144,58
144.0,317.40000000000003,144,58
144.0,317.40000000000003,144,58
144.0,317.40000000000003,144,58
144.0,317.40000000000003,144,58
96.0,144.15,96,58
96.0,144.15,96,58
96.0,144.15,96,58
96.0,144.15,96,58
96.0,144.15,96,58
96.0,144.15,96,58
96.0,144.15,96,58
96.0,144.15,96,58
96.0,144.15,96,58
96.0,144.15,96,58
96.0,144.15,96,58
96.0,144.15,96,58
96.0,144.15,96,58
96.0,144.15,96,58
0.0,60.0,340,59
0.0,60.0,280,59
0.0,60.0,220,59
0.0,60.0,160,59
0.0,60.0,100,59
0.0,60.0,40,59
0.0,60.0,0,59
0.0,33.75,0,59
0.0,21.6,0,59
14.0,12.15,14,59
14.15,12.15,16,59
21.0,18.15,21,59
21.0,21.6,21,59
21.0,21.6,21,59
21.0,21.6,21,59
21.0,21.6,21,59
21.0,21.6,21,59
21.0,21.6,21,59
21.0,21.6,21,59
21.0,21.6,21,59
21.0,21.6,21,59
21.0,21.6,21,59
21.0,21.6,21,59
21.0,21.6,21,59
21.0,21.6,21,59
21.0,21.6,21,59
21.0,21.6,21,59
21.0,21.6,21,59
21.0,21.6,21,59
21.0,21.6,21,59
21.0,21.6,21,59
21.0,21.6,21,59
21.0,21.6,21,59
21.0,21.6,21,59
21.0,21.6,21,59
21.0,21.6,21,59
21.0,21.6,21,59
21.0,21.6,21,59
21.0,21.6,21,59
21.0,21.6,21,59
21.0,21.6,21,59
21.0,21.6,21,59
21.0,21.6,21,59
21.0,21.6,21,59
21.0,21.6,21,59
21.0,21.6,21,59
21.0,21.6,21,59
21.0,21.6,21,59
21.0,21.6,21,59
21.0,21.6,21,59
21.0,21.6,21,59
21.0,21.6,21,59
21.0,21.6,21,59
21.0,21.6,21,59
21.0,21.6,21,59
21.0,21.6,21,59
21.0,21.6,21,59
21.0,21.6,21,59
21.0,21.6,21,59
21.0,21.6,21,59
21.0,21.6,21,59
21.0,21.6,21,59
21.0,21.6,21,59
21.0,21.6,21,59
21.0,21.6,21,59
21.0,21.6,21,59
21.0,21.6,21,59
21.0,21.6,21,59
21.0,21.6,21,59
21.0,21.6,21,59
21.0,21.6,21,59
21.0,21.6,21,59
21.0,21.6,21,59
21.0,21.6,21,59
21.0,21.6,21,59
21.0,21.6,21,59
21.0,21.6,21,59
21.0,21.6,21,59
21.0,21.6,21,59
21.0,21.6,21,59
21.0,21.6,21,59
21.0,21.6,21,59
21.0,21.6,21,59
21.0,21.6,21,59
21.0,21.6,21,59
21.0,21.6,21,59
21.0,21.6,21,59
21.0,21.6,21,59
21.0,21.6,21,59
21.0,21.6,21,59
21.0,21.6,21,59
21.0,21.6,21,59
21.0,21.6,21,59
21.0,21.6,21,59
21.0,21.6,21,59
21.0,21.6,21,59
21.0,21.6,21,59
21.0,21.6,21,59
21.0,21.6,21,59
21.0,21.6,21,59
0.0,60.0,340,60
72.0,60.0,352,60
54.0,60.0,346,60
60.0,60.0,346,60
36.0,60.0,322,60
30.0,60.0,292,60
36.0,60.0,268,60
24.0,60.0,232,60
36.0,60.0,208,60
24.0,60.0,172,60
80.0,60.0,192,60
79.60000000000001,117.6,154,60
37.60000000000001,117.6,74,60
72.0,117.6,72,60
72.0,117.6,72,60
44.0,117.6,44,60
72.0,117.6,72,60
50.0,216.6,50,60
43.0,216.6,43,60
124.0,216.6,124,60
155.0,345.6,155,60
177.0,487.35,177,60
217.0,735.0,217,60
217.0,1215.0,217,60
161.0,1215.0,161,60
140.0,1215.0,140,60
287.0,1215.0,287,60
343.0,1815.0,343,60
308.0,1949.4,308,60
385.0,1949.4,385,60
308.0,2088.6000000000004,308,60
385.0,2088.6000000000004,385,60
285.0,2232.6000000000004,285,60
398.0,2232.6000000000004,398,60
402.0,2381.4,402,60
404.0,2613.6000000000004,404,60
338.0,2856.6000000000004,338,60
279.0,2856.6000000000004,279,60
360.0,2856.6000000000004,360,60
252.0,3241.3500000000004,252,60
249.0,3241.3500000000004,249,60
258.0,2457.6000000000004,258,60
203.0,2815.3500000000004,203,60
258.0,2815.3500000000004,258,60
262.0,3110.4,262,60
261.0,3603.75,261,60
262.0,3603.75,262,60
216.0,3888.150000000001,216,60
216.0,3888.150000000001,216,60
206.0,3888.150000000001,206,60
231.0,3888.150000000001,231,60
352.0,4233.6,352,60
418.0,4541.400000000001,418,60
437.0,4860.0,437,60
365.0,5472.150000000001,365,60
441.0,5472.150000000001,441,60
307.0,2306.4,307,60
307.0,2306.4,307,60
307.0,2306.4,307,60
307.0,2306.4,307,60
307.0,2306.4,307,60
307.0,2306.4,307,60
168.0,936.15,168,60
168.0,936.15,168,60
168.0,936.15,168,60
168.0,936.15,168,60
168.0,936.15,168,60
168.0,936.15,168,60
168.0,936.15,168,60
168.0,936.15,168,60
168.0,936.15,168,60
168.0,936.15,168,60
168.0,799.3500000000001,168,60
126.0,421.35,126,60
126.0,421.35,126,60
126.0,421.35,126,60
126.0,421.35,126,60
126.0,421.35,126,60
126.0,421.35,126,60
126.0,421.35,126,60
126.0,421.35,126,60
126.0,421.35,126,60
126.0,421.35,126,60
126.0,421.35,126,60
126.0,421.35,126,60
126.0,421.35,126,60
126.0,421.35,126,60
126.0,421.35,126,60
99.0,421.35,99,60
99.0,421.35,99,60
99.0,421.35,99,60
99.0,421.35,99,60
99.0,421.35,99,60
99.0,421.35,99,60
99.0,421.35,99,60
99.0,421.35,99,60
99.0,421.35,99,60
99.0,421.35,99,60
99.0,421.35,99,60
99.0,421.35,99,60
0.0,60.0,340,61
0.0,60.0,280,61
169.35,25.35,424,61
169.35000000000002,25.35,568,61
78.35000000000002,25.35,621,61
26.350000000000023,25.35,622,61
39.35000000000002,25.35,636,61
13.350000000000025,25.35,624,61
26.350000000000023,25.35,625,61
13.350000000000025,25.35,613,61
40.35000000000002,25.35,628,61
40.35000000000002,25.35,643,61
40.35000000000002,25.35,658,61
40.39999999999998,29.4,669,61
39.75,33.75,675,61
37.14999999999998,18.15,694,61
39.60000000000002,21.6,712,61
40.35000000000002,25.35,727,61
40.39999999999998,29.4,738,61
40.39999999999998,38.400000000000006,740,61
53.35000000000002,43.35,750,61
60.0,60.0,750,61
60.0,60.0,750,61
60.0,60.0,750,61
60.0,60.0,750,61
40.0,60.0,730,61
53.0,60.0,723,61
53.0,60.0,716,61
53.0,60.0,709,61
53.0,60.0,702,61
53.0,60.0,695,61
53.0,60.0,688,61
53.0,60.0,681,61
53.0,60.0,674,61
53.0,60.0,667,61
53.0,60.0,660,61
53.0,60.0,653,61
53.0,60.0,646,61
53.14999999999998,54.150000000000006,645,61
53.14999999999998,54.150000000000006,644,61
33.14999999999998,54.150000000000006,623,61
39.60000000000002,48.6,614,61
39.60000000000002,48.6,605,61
39.60000000000002,48.6,596,61
39.60000000000002,48.6,587,61
39.60000000000002,48.6,578,61
39.60000000000002,48.6,569,61
39.60000000000002,48.6,560,61
39.60000000000002,48.6,551,61
39.60000000000002,48.6,542,61
39.60000000000002,48.6,533,61
39.60000000000002,48.6,524,61
39.60000000000002,48.6,515,61
39.60000000000002,48.6,506,61
39.60000000000002,48.6,497,61
39.60000000000002,48.6,488,61
39.60000000000002,48.6,479,61
39.60000000000002,48.6,470,61
39.60000000000002,48.6,461,61
32.60000000000002,48.6,445,61
39.60000000000002,48.6,436,61
39.60000000000002,48.6,427,61
39.60000000000002,48.6,418,61
39.60000000000002,48.6,409,61
39.60000000000002,48.6,400,61
19.600000000000023,48.6,371,61
39.60000000000002,48.6,362,61
39.60000000000002,48.6,353,61
39.60000000000002,48.6,344,61
39.60000000000002,48.6,335,61
39.60000000000002,48.6,326,61
39.60000000000002,48.6,317,61
39.60000000000002,48.6,308,61
39.60000000000002,48.6,299,61
39.6,48.6,290,61
39.6,48.6,281,61
39.6,48.6,272,61
39.6,48.6,263,61
39.6,48.6,254,61
39.6,48.6,245,61
39.6,48.6,236,61
39.6,48.6,227,61
39.6,48.6,218,61
39.6,48.6,209,61
39.6,48.6,200,61
39.6,48.6,191,61
39.6,48.6,182,61
39.6,48.6,173,61
39.6,48.6,164,61
39.6,48.6,155,61
19.599999999999994,48.6,126,61
39.6,48.6,117,61
39.6,48.6,108,61
39.6,48.6,99,61
39.6,48.6,90,61
39.6,48.6,81,61
39.6,48.6,72,61
39.6,48.6,63,61
39.6,48.6,54,61
39.6,48.6,45,61
0.0,60.0,340,62
0.0,60.0,280,62
0.0,29.4,250,62
0.0,29.4,221,62
0.0,29.4,191,62
0.0,25.35,166,62
26.90000000000001,25.35,168,62
35.400000000000006,38.400000000000006,165,62
35.400000000000006,38.400000000000006,162,62
35.400000000000006,38.400000000000006,159,62
26.40000000000001,38.400000000000006,147,62
17.400000000000006,38.400000000000006,126,62
35.400000000000006,38.400000000000006,123,62
35.400000000000006,38.400000000000006,120,62
35.400000000000006,38.400000000000006,117,62
35.400000000000006,38.400000000000006,114,62
26.40000000000001,38.400000000000006,102,62
38.400000000000006,38.400000000000006,102,62
38.400000000000006,29.4,111,62
38.400000000000006,38.400000000000006,111,62
38.400000000000006,38.400000000000006,111,62
38.400000000000006,38.400000000000006,111,62
38.400000000000006,38.400000000000006,111,62
38.400000000000006,38.400000000000006,111,62
38.400000000000006,38.400000000000006,111,62
38.400000000000006,38.400000000000006,111,62
38.400000000000006,38.400000000000006,111,62
38.400000000000006,38.400000000000006,111,62
38.400000000000006,38.400000000000006,111,62
38.400000000000006,38.400000000000006,111,62
38.400000000000006,38.400000000000006,111,62
38.400000000000006,38.400000000000006,111,62
38.400000000000006,38.400000000000006,111,62
38.400000000000006,38.400000000000006,111,62
38.400000000000006,38.400000000000006,111,62
38.400000000000006,38.400000000000006,111,62
38.400000000000006,38.400000000000006,111,62
38.400000000000006,38.400000000000006,111,62
38.400000000000006,38.400000000000006,111,62
38.400000000000006,38.400000000000006,111,62
38.400000000000006,38.400000000000006,111,62
38.400000000000006,38.400000000000006,111,62
38.400000000000006,38.400000000000006,111,62
38.400000000000006,38.400000000000006,111,62
38.400000000000006,38.400000000000006,111,62
38.400000000000006,38.400000000000006,111,62
38.400000000000006,38.400000000000006,111,62
38.400000000000006,38.400000000000006,111,62
38.400000000000006,38.400000000000006,111,62
38.400000000000006,38.400000000000006,111,62
38.400000000000006,38.400000000000006,111,62
38.400000000000006,38.400000000000006,111,62
38.400000000000006,38.400000000000006,111,62
38.400000000000006,38.400000000000006,111,62
38.400000000000006,38.400000000000006,111,62
38.400000000000006,38.400000000000006,111,62
38.400000000000006,38.400000000000006,111,62
38.400000000000006,38.400000000000006,111,62
51.400000000000006,38.400000000000006,124,62
73.4,86.4,111,62
64.4,86.4,89,62
64.4,86.4,67,62
65.0,86.4,65,62
65.0,86.4,65,62
65.0,86.4,65,62
65.0,86.4,65,62
65.0,86.4,65,62
65.0,86.4,65,62
65.0,86.4,65,62
65.0,86.4,65,62
65.0,86.4,65,62
65.0,86.4,65,62
65.0,86.4,65,62
65.0,86.4,65,62
65.0,86.4,65,62
65.0,86.4,65,62
65.0,86.4,65,62
65.0,86.4,65,62
65.0,86.4,65,62
65.0,86.4,65,62
65.0,86.4,65,62
65.0,86.4,65,62
65.0,86.4,65,62
65.0,86.4,65,62
65.0,86.4,65,62
65.0,86.4,65,62
65.0,86.4,65,62
65.0,86.4,65,62
65.0,86.4,65,62
65.0,86.4,65,62
65.0,86.4,65,62
65.0,86.4,65,62
65.0,86.4,65,62
65.0,86.4,65,62
65.0,86.4,65,62
65.0,86.4,65,62
65.0,86.4,65,62
65.0,86.4,65,62
65.0,86.4,65,62
65.0,86.4,65,62
0.0,60.0,340,63
0.0,60.0,280,63
0.0,60.0,220,63
0.0,60.0,160,63
0.0,60.0,100,63
0.0,60.0,40,63
0.0,60.0,0,63
28.0,33.75,28,63
42.0,72.60000000000001,42,63
63.0,194.4,63,63
77.0,375.0,77,63
203.0,777.5999999999999,203,63
273.0,1470.15,273,63
396.0,2815.3500000000004,396,63
370.0,3511.3500000000004,370,63
370.0,3511.3500000000004,370,63
370.0,3511.3500000000004,370,63
370.0,3511.3500000000004,370,63
370.0,3511.3500000000004,370,63
370.0,3511.3500000000004,370,63
370.0,3511.3500000000004,370,63
370.0,3511.3500000000004,370,63
370.0,3511.3500000000004,370,63
370.0,3511.3500000000004,370,63
370.0,3511.3500000000004,370,63
370.0,3511.3500000000004,370,63
370.0,3511.3500000000004,370,63
370.0,3511.3500000000004,370,63
370.0,3511.3500000000004,370,63
370.0,3511.3500000000004,370,63
370.0,3511.3500000000004,370,63
370.0,3511.3500000000004,370,63
370.0,3511.3500000000004,370,63
370.0,3511.3500000000004,370,63
370.0,3511.3500000000004,370,63
370.0,3511.3500000000004,370,63
370.0,3511.3500000000004,370,63
370.0,3511.3500000000004,370,63
370.0,3511.3500000000004,370,63
370.0,3511.3500000000004,370,63
370.0,3511.3500000000004,370,63
370.0,3511.3500000000004,370,63
370.0,3511.3500000000004,370,63
370.0,3511.3500000000004,370,63
370.0,3511.3500000000004,370,63
370.0,3511.3500000000004,370,63
370.0,3511.3500000000004,370,63
370.0,3511.3500000000004,370,63
370.0,3511.3500000000004,370,63
370.0,3511.3500000000004,370,63
370.0,3511.3500000000004,370,63
370.0,3511.3500000000004,370,63
370.0,3511.3500000000004,370,63
370.0,3511.3500000000004,370,63
370.0,3511.3500000000004,370,63
370.0,3511.3500000000004,370,63
370.0,3511.3500000000004,370,63
370.0,3511.3500000000004,370,63
370.0,3511.3500000000004,370,63
370.0,3511.3500000000004,370,63
370.0,3511.3500000000004,370,63
370.0,3511.3500000000004,370,63
370.0,3511.3500000000004,370,63
370.0,3511.3500000000004,370,63
370.0,3511.3500000000004,370,63
370.0,3511.3500000000004,370,63
370.0,3511.3500000000004,370,63
370.0,3511.3500000000004,370,63
370.0,3511.3500000000004,370,63
370.0,3511.3500000000004,370,63
370.0,3511.3500000000004,370,63
370.0,3511.3500000000004,370,63
370.0,3511.3500000000004,370,63
370.0,3511.3500000000004,370,63
370.0,3511.3500000000004,370,63
370.0,3511.3500000000004,370,63
370.0,3511.3500000000004,370,63
370.0,3511.3500000000004,370,63
370.0,3511.3500000000004,370,63
370.0,3511.3500000000004,370,63
370.0,3511.3500000000004,370,63
370.0,3511.3500000000004,370,63
370.0,3511.3500000000004,370,63
370.0,3511.3500000000004,370,63
370.0,3511.3500000000004,370,63
370.0,3511.3500000000004,370,63
370.0,3511.3500000000004,370,63
370.0,3511.3500000000004,370,63
370.0,3511.3500000000004,370,63
370.0,3511.3500000000004,370,63
370.0,3511.3500000000004,370,63
370.0,3511.3500000000004,370,63
370.0,3511.3500000000004,370,63
370.0,3511.3500000000004,370,63
370.0,3511.3500000000004,370,63
370.0,3511.3500000000004,370,63
370.0,3511.3500000000004,370,63
370.0,3511.3500000000004,370,63
370.0,3511.3500000000004,370,63
370.0,3511.3500000000004,370,63
0.0,60.0,340,64
0.0,60.0,280,64
30.0,60.0,250,64
12.0,60.0,202,64
15.0,60.0,157,64
12.0,60.0,109,64
15.0,60.0,64,64
15.0,60.0,19,64
15.0,60.0,15,64
15.0,60.0,15,64
15.0,60.0,15,64
9.0,60.0,9,64
15.0,60.0,15,64
21.0,135.0,21,64
24.0,205.35,24,64
33.0,437.4,33,64
30.0,375.0,30,64
24.0,205.35,24,64
24.0,205.35,24,64
24.0,205.35,24,64
24.0,205.35,24,64
24.0,205.35,24,64
24.0,205.35,24,64
15.0,86.4,15,64
15.0,86.4,15,64
15.0,86.4,15,64
15.0,86.4,15,64
15.0,86.4,15,64
18.0,86.4,18,64
21.0,109.35,21,64
24.0,135.0,24,64
24.0,163.35000000000002,24,64
21.0,163.35000000000002,21,64
21.0,163.35000000000002,21,64
21.0,163.35000000000002,21,64
21.0,163.35000000000002,21,64
21.0,163.35000000000002,21,64
21.0,163.35000000000002,21,64
21.0,163.35000000000002,21,64
21.0,163.35000000000002,21,64
21.0,163.35000000000002,21,64
21.0,163.35000000000002,21,64
21.0,163.35000000000002,21,64
21.0,163.35000000000002,21,64
21.0,163.35000000000002,21,64
21.0,163.35000000000002,21,64
21.0,163.35000000000002,21,64
21.0,163.35000000000002,21,64
21.0,163.35000000000002,21,64
21.0,163.35000000000002,21,64
21.0,163.35000000000002,21,64
21.0,163.35000000000002,21,64
21.0,163.35000000000002,21,64
21.0,163.35000000000002,21,64
21.0,163.35000000000002,21,64
21.0,163.35000000000002,21,64
21.0,163.35000000000002,21,64
21.0,163.35000000000002,21,64
21.0,163.35000000000002,21,64
21.0,163.35000000000002,21,64
21.0,163.35000000000002,21,64
21.0,163.35000000000002,21,64
21.0,163.35000000000002,21,64
21.0,163.35000000000002,21,64
21.0,163.35000000000002,21,64
21.0,163.35000000000002,21,64
21.0,163.35000000000002,21,64
21.0,163.35000000000002,21,64
21.0,163.35000000000002,21,64
21.0,163.35000000000002,21,64
21.0,163.35000000000002,21,64
21.0,163.35000000000002,21,64
21.0,163.35000000000002,21,64
21.0,163.35000000000002,21,64
21.0,163.35000000000002,21,64
21.0,163.35000000000002,21,64
21.0,163.35000000000002,21,64
21.0,163.35000000000002,21,64
21.0,163.35000000000002,21,64
21.0,163.35000000000002,21,64
21.0,163.35000000000002,21,64
21.0,163.35000000000002,21,64
21.0,163.35000000000002,21,64
21.0,163.35000000000002,21,64
21.0,163.35000000000002,21,64
21.0,163.35000000000002,21,64
21.0,163.35000000000002,21,64
21.0,163.35000000000002,21,64
21.0,163.35000000000002,21,64
21.0,163.35000000000002,21,64
21.0,163.35000000000002,21,64
21.0,163.35000000000002,21,64
21.0,163.35000000000002,21,64
21.0,163.35000000000002,21,64
21.0,163.35000000000002,21,64
21.0,163.35000000000002,21,64
21.0,163.35000000000002,21,64
21.0,163.35000000000002,21,64
21.0,163.35000000000002,21,64
21.0,163.35000000000002,21,64
0.0,60.0,340,65
0.0,60.0,280,65
0.0,60.0,220,65
0.0,60.0,160,65
0.0,60.0,100,65
0.0,60.0,40,65
18.0,60.0,18,65
36.0,60.0,36,65
30.0,93.75,30,65
36.0,93.75,36,65
36.0,109.35,36,65
36.0,109.35,36,65
9.0,109.35,9,65
21.0,60.0,21,65
18.0,66.15,18,65
18.0,66.15,18,65
18.0,66.15,18,65
18.0,66.15,18,65
18.0,66.15,18,65
18.0,66.15,18,65
18.0,66.15,18,65
0.0,66.15,0,65
12.0,38.400000000000006,12,65
18.0,60.0,18,65
18.0,66.15,18,65
18.0,66.15,18,65
18.0,66.15,18,65
18.0,66.15,18,65
18.0,66.15,18,65
18.0,66.15,18,65
18.0,66.15,18,65
18.0,66.15,18,65
18.0,66.15,18,65
18.0,66.15,18,65
18.0,66.15,18,65
18.0,66.15,18,65
18.0,66.15,18,65
18.0,66.15,18,65
18.0,66.15,18,65
18.0,66.15,18,65
18.0,66.15,18,65
9.0,66.15,9,65
44.0,66.15,44,65
44.0,93.75,44,65
44.0,93.75,44,65
44.0,93.75,44,65
44.0,93.75,44,65
44.0,93.75,44,65
44.0,93.75,44,65
44.0,93.75,44,65
44.0,93.75,44,65
44.0,93.75,44,65
44.0,93.75,44,65
44.0,93.75,44,65
44.0,93.75,44,65
16.0,93.75,16,65
44.0,93.75,44,65
44.0,109.35,44,65
44.0,66.15,44,65
44.0,66.15,44,65
44.0,66.15,44,65
44.0,66.15,44,65
44.0,66.15,44,65
44.0,66.15,44,65
44.0,66.15,44,65
44.0,66.15,44,65
44.0,66.15,44,65
44.0,66.15,44,65
44.0,66.15,44,65
44.0,66.15,44,65
44.0,66.15,44,65
44.0,66.15,44,65
44.0,66.15,44,65
44.0,66.15,44,65
44.0,66.15,44,65
44.0,66.15,44,65
44.0,66.15,44,65
44.0,66.15,44,65
44.0,66.15,44,65
44.0,66.15,44,65
44.0,66.15,44,65
44.0,66.15,44,65
44.0,66.15,44,65
44.0,66.15,44,65
44.0,66.15,44,65
44.0,66.15,44,65
44.0,66.15,44,65
22.0,66.15,22,65
44.0,66.15,44,65
44.0,109.35,44,65
44.0,109.35,44,65
44.0,109.35,44,65
44.0,109.35,44,65
44.0,109.35,44,65
44.0,109.35,44,65
44.0,109.35,44,65
44.0,109.35,44,65
44.0,109.35,44,65
44.0,109.35,44,65
44.0,109.35,44,65
0.0,60.0,340,66
56.0,60.0,336,66
48.0,60.0,324,66
32.0,60.0,296,66
40.0,60.0,276,66
28.0,60.0,244,66
24.0,60.0,208,66
12.0,60.0,160,66
36.0,60.0,136,66
36.0,60.0,112,66
33.0,60.0,85,66
29.0,60.0,54,66
29.0,60.0,29,66
29.0,60.0,29,66
29.0,60.0,29,66
29.0,60.0,29,66
29.0,60.0,29,66
22.0,33.75,22,66
22.0,33.75,22,66
22.0,33.75,22,66
22.0,33.75,22,66
22.0,33.75,22,66
22.0,33.75,22,66
22.0,33.75,22,66
22.0,33.75,22,66
22.0,33.75,22,66
22.0,33.75,22,66
13.15,12.15,23,66
13.15,12.15,24,66
18.0,15.0,27,66
17.150000000000002,18.15,26,66
17.150000000000002,18.15,25,66
10.6,9.6,26,66
13.15,12.15,27,66
18.0,15.0,30,66
18.0,15.0,33,66
17.150000000000002,18.15,32,66
17.150000000000002,18.15,31,66
17.150000000000002,18.15,30,66
17.150000000000002,18.15,29,66
17.150000000000002,18.15,28,66
17.150000000000002,18.15,27,66
17.150000000000002,18.15,26,66
17.150000000000002,18.15,25,66
17.150000000000002,18.15,24,66
17.150000000000002,18.15,23,66
17.150000000000002,18.15,22,66
17.150000000000002,18.15,21,66
17.150000000000002,18.15,20,66
17.150000000000002,18.15,19,66
17.150000000000002,18.15,18,66
18.0,18.15,18,66
18.0,18.15,18,66
18.0,18.15,18,66
13.15,12.15,19,66
17.15,12.15,24,66
18.0,15.0,27,66
17.150000000000002,18.15,26,66
17.150000000000002,18.15,25,66
13.6,9.6,29,66
18.0,15.0,32,66
18.0,15.0,35,66
21.6,21.6,35,66
21.6,21.6,35,66
21.6,21.6,35,66
21.6,21.6,35,66
21.6,21.6,35,66
21.6,21.6,35,66
21.6,21.6,35,66
6.600000000000001,21.6,20,66
18.0,21.6,18,66
18.0,21.6,18,66
18.0,21.6,18,66
18.0,21.6,18,66
18.0,21.6,18,66
18.0,21.6,18,66
18.0,21.6,18,66
18.0,21.6,18,66
18.0,21.6,18,66
18.0,21.6,18,66
18.0,21.6,18,66
18.0,21.6,18,66
18.0,21.6,18,66
18.0,21.6,18,66
18.0,21.6,18,66
18.0,21.6,18,66
18.0,21.6,18,66
18.0,21.6,18,66
18.0,21.6,18,66
18.0,21.6,18,66
18.0,21.6,18,66
18.0,21.6,18,66
18.0,21.6,18,66
18.0,21.6,18,66
10.6,9.6,19,66
10.6,9.6,20,66
10.6,9.6,21,66
18.0,15.0,24,66
17.6,21.6,20,66
18.0,15.0,23,66
0.0,60.0,340,67
0.0,60.0,280,67
0.0,60.0,220,67
0.0,60.0,160,67
0.0,60.0,100,67
0.0,60.0,40,67
0.0,60.0,0,67
0.0,33.75,0,67
16.0,21.6,16,67
20.0,29.4,20,67
28.0,60.0,28,67
40.0,135.0,40,67
44.0,277.35,44,67
44.0,303.75,44,67
44.0,303.75,44,67
28.0,135.0,28,67
24.0,135.0,24,67
24.0,135.0,24,67
24.0,135.0,24,67
24.0,135.0,24,67
24.0,126.15,24,67
24.0,126.15,24,67
24.0,126.15,24,67
24.0,126.15,24,67
24.0,126.15,24,67
24.0,126.15,24,67
24.0,126.15,24,67
24.0,126.15,24,67
24.0,126.15,24,67
24.0,126.15,24,67
24.0,126.15,24,67
24.0,126.15,24,67
24.0,126.15,24,67
24.0,126.15,24,67
24.0,126.15,24,67
24.0,126.15,24,67
24.0,126.15,24,67
24.0,126.15,24,67
24.0,126.15,24,67
24.0,126.15,24,67
24.0,126.15,24,67
24.0,126.15,24,67
24.0,126.15,24,67
24.0,126.15,24,67
24.0,126.15,24,67
24.0,126.15,24,67
24.0,126.15,24,67
24.0,126.15,24,67
16.0,54.150000000000006,16,67
16.0,54.150000000000006,16,67
16.0,54.150000000000006,16,67
16.0,54.150000000000006,16,67
16.0,54.150000000000006,16,67
16.0,54.150000000000006,16,67
16.0,54.150000000000006,16,67
16.0,54.150000000000006,16,67
16.0,54.150000000000006,16,67
16.0,54.150000000000006,16,67
16.0,54.150000000000006,16,67
16.0,54.150000000000006,16,67
16.0,54.150000000000006,16,67
16.0,54.150000000000006,16,67
16.0,54.150000000000006,16,67
16.0,54.150000000000006,16,67
16.0,54.150000000000006,16,67
16.0,54.150000000000006,16,67
16.0,54.150000000000006,16,67
16.0,54.150000000000006,16,67
16.0,54.150000000000006,16,67
16.0,54.150000000000006,16,67
16.0,54.150000000000006,16,67
16.0,54.150000000000006,16,67
16.0,54.150000000000006,16,67
16.0,54.150000000000006,16,67
16.0,54.150000000000006,16,67
16.0,54.150000000000006,16,67
16.0,54.150000000000006,16,67
16.0,54.150000000000006,16,67
16.0,54.150000000000006,16,67
16.0,54.150000000000006,16,67
16.0,54.150000000000006,16,67
16.0,54.150000000000006,16,67
20.0,54.150000000000006,20,67
20.0,66.15,20,67
20.0,66.15,20,67
20.0,66.15,20,67
20.0,66.15,20,67
20.0,66.15,20,67
20.0,66.15,20,67
20.0,66.15,20,67
20.0,66.15,20,67
20.0,66.15,20,67
20.0,66.15,20,67
20.0,66.15,20,67
20.0,66.15,20,67
20.0,66.15,20,67
20.0,66.15,20,67
20.0,66.15,20,67
20.0,66.15,20,67
20.0,66.15,20,67
0.0,60.0,340,68
0.0,60.0,280,68
0.0,60.0,220,68
0.0,60.0,160,68
0.0,60.0,100,68
7.0,60.0,47,68
7.0,60.0,7,68
7.0,60.0,7,68
7.0,60.0,7,68
7.0,60.0,7,68
7.0,60.0,7,68
5.0,60.0,5,68
40.0,60.0,40,68
48.0,79.35000000000001,48,68
57.0,135.0,57,68
73.0,205.35,73,68
96.0,345.6,96,68
136.0,673.35,136,68
176.0,1161.6,176,68
252.0,2088.6000000000004,252,68
265.0,2419.3500000000004,265,68
301.0,2774.4,301,68
271.0,3330.15,271,68
271.0,3330.15,271,68
220.0,3330.15,220,68
220.0,3330.15,220,68
222.0,2496.15,222,68
222.0,2653.3500000000004,222,68
222.0,2653.3500000000004,222,68
222.0,2653.3500000000004,222,68
222.0,2653.3500000000004,222,68
222.0,2653.3500000000004,222,68
222.0,2653.3500000000004,222,68
222.0,2653.3500000000004,222,68
222.0,2653.3500000000004,222,68
222.0,2653.3500000000004,222,68
222.0,2653.3500000000004,222,68
222.0,2653.3500000000004,222,68
222.0,2653.3500000000004,222,68
222.0,2653.3500000000004,222,68
222.0,2653.3500000000004,222,68
222.0,2653.3500000000004,222,68
222.0,2653.3500000000004,222,68
222.0,2653.3500000000004,222,68
222.0,2653.3500000000004,222,68
222.0,2653.3500000000004,222,68
210.0,2160.0,210,68
145.0,1269.6,145,68
145.0,1269.6,145,68
145.0,1269.6,145,68
145.0,1269.6,145,68
145.0,1269.6,145,68
145.0,1269.6,145,68
184.0,1269.6,184,68
252.0,2088.6000000000004,252,68
168.0,1033.35,168,68
168.0,1033.35,168,68
168.0,1033.35,168,68
168.0,1033.35,168,68
129.0,1033.35,129,68
129.0,1033.35,129,68
88.0,437.4,88,68
88.0,437.4,88,68
88.0,437.4,88,68
88.0,437.4,88,68
88.0,437.4,88,68
73.0,331.35,73,68
73.0,331.35,73,68
73.0,331.35,73,68
73.0,331.35,73,68
73.0,331.35,73,68
73.0,331.35,73,68
73.0,331.35,73,68
73.0,331.35,73,68
73.0,331.35,73,68
64.0,252.15000000000003,64,68
56.0,173.4,56,68
56.0,173.4,56,68
56.0,173.4,56,68
56.0,173.4,56,68
40.0,93.75,40,68
33.0,79.35000000000001,33,68
33.0,72.60000000000001,33,68
33.0,72.60000000000001,33,68
33.0,72.60000000000001,33,68
33.0,72.60000000000001,33,68
33.0,72.60000000000001,33,68
33.0,72.60000000000001,33,68
33.0,72.60000000000001,33,68
33.0,72.60000000000001,33,68
33.0,72.60000000000001,33,68
25.0,48.6,25,68
25.0,48.6,25,68
25.0,48.6,25,68
25.0,48.6,25,68
25.0,48.6,25,68
25.0,48.6,25,68
17.0,25.35,17,68
17.0,25.35,17,68
17.0,25.35,17,68
0.0,60.0,340,69
0.0,60.0,280,69
0.0,60.0,220,69
0.0,60.0,160,69
0.0,60.0,100,69
0.0,60.0,40,69
27.0,60.0,27,69
27.0,48.6,27,69
27.0,48.6,27,69
27.0,48.6,27,69
18.0,48.6,18,69
24.0,48.6,24,69
24.0,60.0,24,69
36.0,60.0,36,69
36.0,86.4,36,69
36.0,86.4,36,69
36.0,86.4,36,69
0.0,86.4,0,69
24.0,48.6,24,69
12.0,72.60000000000001,12,69
24.0,72.60000000000001,24,69
24.0,117.6,24,69
36.0,117.6,36,69
51.0,228.15000000000003,51,69
72.0,405.6,72,69
60.0,317.40000000000003,60,69
60.0,317.40000000000003,60,69
48.0,317.40000000000003,48,69
48.0,317.40000000000003,48,69
48.0,317.40000000000003,48,69
48.0,317.40000000000003,48,69
36.0,317.40000000000003,36,69
71.0,317.40000000000003,71,69
103.0,614.4000000000001,103,69
119.0,936.15,119,69
151.0,1440.6,151,69
135.0,2381.4,135,69
194.0,2381.4,194,69
191.0,2613.6000000000004,191,69
200.0,2613.6000000000004,200,69
240.0,2815.3500000000004,240,69
243.0,3153.75,243,69
208.0,3420.1500000000005,208,69
208.0,3420.1500000000005,208,69
208.0,3420.1500000000005,208,69
206.0,3420.1500000000005,206,69
206.0,3420.1500000000005,206,69
163.0,3420.1500000000005,163,69
206.0,3420.1500000000005,206,69
163.0,3511.3500000000004,163,69
262.0,3511.3500000000004,262,69
271.0,3792.15,271,69
264.0,4034.400000000001,264,69
407.0,4034.400000000001,407,69
412.0,4335.0,412,69
414.0,4489.35,414,69
414.0,4699.35,414,69
414.0,4699.35,414,69
361.0,4699.35,361,69
414.0,4699.35,414,69
416.0,4914.150000000001,416,69
419.0,5189.400000000001,419,69
370.0,5472.150000000001,370,69
374.0,5472.150000000001,374,69
376.0,5940.150000000001,376,69
372.0,6427.35,372,69
493.0,6427.35,493,69
504.0,6552.150000000001,504,69
422.0,6678.150000000001,422,69
544.0,6678.150000000001,544,69
493.0,7194.150000000001,493,69
395.0,4968.6,395,69
395.0,4968.6,395,69
395.0,4968.6,395,69
395.0,4968.6,395,69
395.0,4968.6,395,69
395.0,4968.6,395,69
362.0,4968.6,362,69
395.0,4968.6,395,69
395.0,5301.6,395,69
395.0,5301.6,395,69
391.0,5301.6,391,69
395.0,5301.6,395,69
399.0,5762.400000000001,399,69
399.0,6181.35,399,69
444.0,6181.35,444,69
504.0,6741.6,504,69
504.0,6998.400000000001,504,69
504.0,6998.400000000001,504,69
504.0,6998.400000000001,504,69
400.0,6998.400000000001,400,69
464.0,6998.400000000001,464,69
504.0,7459.35,504,69
508.0,7797.6,508,69
581.0,8143.35,581,69
581.0,8354.400000000001,581,69
581.0,8354.400000000001,581,69
464.0,8354.400000000001,464,69
508.0,8354.400000000001,508,69
504.0,8712.150000000001,504,69
0.0,60.0,340,70
0.0,60.0,280,70
81.0,60.0,301,70
90.0,60.0,331,70
90.0,60.0,361,70
72.0,60.0,373,70
35.35000000000002,109.35,299,70
80.35000000000002,109.35,270,70
44.35000000000002,109.35,205,70
62.35000000000001,109.35,158,70
53.75,93.75,118,70
53.75,93.75,78,70
54.0,93.75,54,70
54.0,93.75,54,70
45.0,60.0,45,70
45.0,60.0,45,70
45.0,60.0,45,70
45.0,60.0,45,70
45.0,60.0,45,70
45.0,60.0,45,70
45.0,60.0,45,70
45.0,60.0,45,70
45.0,60.0,45,70
45.0,60.0,45,70
45.0,60.0,45,70
45.0,60.0,45,70
45.0,60.0,45,70
45.0,60.0,45,70
45.0,60.0,45,70
45.0,54.150000000000006,45,70
45.0,54.150000000000006,45,70
45.0,54.150000000000006,45,70
45.0,54.150000000000006,45,70
45.0,54.150000000000006,45,70
45.0,54.150000000000006,45,70
45.0,54.150000000000006,45,70
45.0,54.150000000000006,45,70
45.0,54.150000000000006,45,70
35.35,43.35,37,70
36.0,43.35,36,70
36.0,43.35,36,70
36.0,43.35,36,70
36.0,43.35,36,70
26.35,25.35,37,70
45.0,66.15,45,70
63.0,135.0,63,70
108.0,345.6,108,70
162.0,756.1500000000001,162,70
216.0,1440.6,216,70
308.0,3067.3500000000004,308,70
315.0,3840.0,315,70
270.0,3511.3500000000004,270,70
270.0,3511.3500000000004,270,70
270.0,3511.3500000000004,270,70
270.0,3511.3500000000004,270,70
270.0,3511.3500000000004,270,70
270.0,3511.3500000000004,270,70
270.0,3511.3500000000004,270,70
270.0,3511.3500000000004,270,70
270.0,3511.3500000000004,270,70
270.0,3511.3500000000004,270,70
270.0,3511.3500000000004,270,70
270.0,3511.3500000000004,270,70
301.0,2613.6000000000004,301,70
270.0,3330.15,270,70
270.0,3330.15,270,70
270.0,3330.15,270,70
270.0,3330.15,270,70
308.0,3110.4,308,70
315.0,3888.150000000001,315,70
322.0,4437.6,322,70
368.0,5078.400000000001,368,70
376.0,5703.75,376,70
432.0,6998.400000000001,432,70
490.0,8283.75,490,70
539.0,9984.6,539,70
550.0,10296.6,550,70
600.0,12013.35,600,70
612.0,13410.15,612,70
663.0,15073.350000000002,663,70
728.0,16833.75,728,70
795.0,19656.6,795,70
550.0,11179.35,550,70
550.0,11179.35,550,70
550.0,11179.35,550,70
550.0,11179.35,550,70
550.0,11179.35,550,70
550.0,11179.35,550,70
550.0,11179.35,550,70
550.0,11179.35,550,70
550.0,11179.35,550,70
550.0,11179.35,550,70
550.0,11179.35,550,70
432.0,6998.400000000001,432,70
432.0,6998.400000000001,432,70
432.0,6998.400000000001,432,70
432.0,6998.400000000001,432,70
432.0,6998.400000000001,432,70
432.0,6998.400000000001,432,70
432.0,6998.400000000001,432,70
0.0,60.0,340,71
0.0,60.0,280,71
0.0,38.400000000000006,241,71
0.0,38.400000000000006,203,71
0.0,38.400000000000006,164,71
-0.3999999999999772,38.400000000000006,126,71
-0.5999999999999943,38.400000000000006,87,71
-0.5999999999999943,38.400000000000006,48,71
-0.5999999999999943,38.400000000000006,9,71
0.0,38.400000000000006,0,71
0.0,21.6,0,71
0.0,12.15,0,71
0.0,7.35,0,71
0.0,5.4,0,71
0.0,3.75,0,71
0.0,2.4000000000000004,0,71
0.0,1.35,0,71
0.0,0.6000000000000001,0,71
0.0,0.15,0,71
0.0,60.0,340,72
0.0,60.0,280,72
0.0,60.0,220,72
100.0,60.0,260,72
70.0,60.0,270,72
138.35,43.35,365,72
79.39999999999998,29.4,415,72
39.39999999999998,29.4,425,72
26.399999999999977,29.4,422,72
78.39999999999998,29.4,471,72
78.39999999999998,29.4,520,72
51.60000000000002,21.6,550,72
52.14999999999998,18.15,584,72
52.14999999999998,18.15,618,72
38.60000000000002,21.6,635,72
65.35000000000002,25.35,675,72
78.35000000000002,43.35,710,72
117.35000000000002,79.35000000000001,748,72
130.0,135.0,743,72
130.0,135.0,738,72
130.0,135.0,733,72
130.0,135.0,728,72
130.0,135.0,723,72
130.0,135.0,718,72
130.0,135.0,713,72
130.0,135.0,708,72
130.0,135.0,703,72
130.0,135.0,698,72
130.0,135.0,693,72
130.0,135.0,688,72
130.0,135.0,683,72
130.0,135.0,678,72
130.0,135.0,673,72
130.0,135.0,668,72
130.0,135.0,663,72
78.0,135.0,606,72
78.0,135.0,549,72
78.0,135.0,492,72
78.0,135.0,435,72
78.0,135.0,378,72
78.0,135.0,321,72
78.0,135.0,264,72
78.0,135.0,207,72
78.0,135.0,150,72
78.0,135.0,93,72
91.0,135.0,91,72
91.0,135.0,91,72
91.0,135.0,91,72
91.0,135.0,91,72
91.0,135.0,91,72
91.0,135.0,91,72
91.0,135.0,91,72
91.0,135.0,91,72
91.0,135.0,91,72
91.0,135.0,91,72
91.0,135.0,91,72
91.0,135.0,91,72
91.0,135.0,91,72
91.0,135.0,91,72
91.0,135.0,91,72
91.0,135.0,91,72
91.0,135.0,91,72
91.0,135.0,91,72
91.0,135.0,91,72
91.0,135.0,91,72
91.0,135.0,91,72
91.0,135.0,91,72
91.0,135.0,91,72
91.0,135.0,91,72
91.0,135.0,91,72
91.0,135.0,91,72
91.0,135.0,91,72
91.0,135.0,91,72
91.0,135.0,91,72
91.0,135.0,91,72
91.0,135.0,91,72
91.0,135.0,91,72
91.0,135.0,91,72
91.0,135.0,91,72
91.0,135.0,91,72
91.0,135.0,91,72
91.0,135.0,91,72
91.0,135.0,91,72
91.0,135.0,91,72
91.0,135.0,91,72
91.0,135.0,91,72
91.0,135.0,91,72
91.0,135.0,91,72
91.0,135.0,91,72
91.0,135.0,91,72
91.0,135.0,91,72
91.0,135.0,91,72
91.0,135.0,91,72
91.0,135.0,91,72
91.0,135.0,91,72
91.0,135.0,91,72
91.0,135.0,91,72
91.0,135.0,91,72
91.0,135.0,91,72
91.0,135.0,91,72
0.0,60.0,340,73
120.0,60.0,400,73
70.0,60.0,410,73
40.0,60.0,390,73
20.0,60.0,350,73
56.0,60.0,346,73
0.0,60.0,286,73
78.0,60.0,304,73
69.0,60.0,313,73
68.60000000000002,48.6,333,73
77.14999999999998,66.15,344,73
91.39999999999998,86.4,349,73
81.4,101.4,329,73
100.4,101.4,328,73
100.4,101.4,327,73
91.4,101.4,317,73
81.4,101.4,297,73
81.4,101.4,277,73
81.4,101.4,257,73
81.4,101.4,237,73
81.4,101.4,217,73
81.4,101.4,197,73
68.4,101.4,164,73
68.4,101.4,131,73
68.4,101.4,98,73
69.0,101.4,69,73
69.0,101.4,69,73
69.0,101.4,69,73
69.0,101.4,69,73
69.0,101.4,69,73
69.0,101.4,69,73
69.0,101.4,69,73
69.0,101.4,69,73
69.0,101.4,69,73
69.0,101.4,69,73
69.0,101.4,69,73
69.0,101.4,69,73
69.0,101.4,69,73
69.0,101.4,69,73
69.0,101.4,69,73
69.0,101.4,69,73
66.0,101.4,66,73
57.0,72.60000000000001,57,73
57.0,72.60000000000001,57,73
57.0,72.60000000000001,57,73
57.0,72.60000000000001,57,73
57.0,72.60000000000001,57,73
57.0,72.60000000000001,57,73
57.0,72.60000000000001,57,73
57.0,72.60000000000001,57,73
57.0,72.60000000000001,57,73
57.0,72.60000000000001,57,73
57.0,72.60000000000001,57,73
57.0,72.60000000000001,57,73
57.0,72.60000000000001,57,73
57.0,72.60000000000001,57,73
57.0,72.60000000000001,57,73
57.0,72.60000000000001,57,73
57.0,72.60000000000001,57,73
57.0,72.60000000000001,57,73
57.0,72.60000000000001,57,73
57.0,72.60000000000001,57,73
57.0,66.15,57,73
57.0,66.15,57,73
57.0,66.15,57,73
57.0,66.15,57,73
57.0,66.15,57,73
57.0,66.15,57,73
57.0,66.15,57,73
57.0,66.15,57,73
57.0,66.15,57,73
57.0,66.15,57,73
57.0,66.15,57,73
57.0,66.15,57,73
57.0,66.15,57,73
57.0,66.15,57,73
57.0,66.15,57,73
57.0,66.15,57,73
57.0,66.15,57,73
57.0,66.15,57,73
57.0,66.15,57,73
57.0,66.15,57,73
57.0,66.15,57,73
57.0,66.15,57,73
57.0,66.15,57,73
57.0,66.15,57,73
66.0,66.15,66,73
85.0,109.35,85,73
95.0,135.0,95,73
114.0,216.6,114,73
161.0,421.35,161,73
199.0,595.35,199,73
256.0,984.15,256,73
294.0,1353.75,294,73
315.0,1782.15,315,73
368.0,2088.6000000000004,368,73
372.0,2269.3500000000004,372,73
376.0,2496.15,376,73
424.0,2774.4,424,73
424.0,2898.15,424,73
0.0,60.0,340,74
0.0,60.0,280,74
130.0,60.0,350,74
52.0,60.0,342,74
52.0,60.0,334,74
56.0,60.0,330,74
5.0,60.0,275,74
5.0,60.0,220,74
5.0,60.0,165,74
3.0,60.0,108,74
2.0,60.0,50,74
30.0,60.0,30,74
30.0,60.0,30,74
21.0,60.0,21,74
30.0,60.0,30,74
30.0,66.15,30,74
31.0,66.15,31,74
0.0,66.15,0,74
21.0,38.400000000000006,21,74
21.0,43.35,21,74
21.0,43.35,21,74
21.0,43.35,21,74
21.0,43.35,21,74
20.0,33.75,20,74
20.0,33.75,20,74
20.0,33.75,20,74
20.0,33.75,20,74
20.0,33.75,20,74
20.0,33.75,20,74
20.0,33.75,20,74
20.0,29.4,20,74
20.0,29.4,20,74
20.0,29.4,20,74
20.0,29.4,20,74
11.150000000000002,18.15,13,74
11.0,18.15,11,74
9.6,9.6,11,74
9.6,9.6,11,74
9.6,9.6,11,74
9.6,9.6,11,74
9.6,9.6,11,74
9.6,9.6,11,74
9.6,9.6,11,74
9.75,3.75,17,74
9.75,3.75,23,74
9.75,3.75,29,74
9.75,3.75,35,74
1.3500000000000014,1.35,35,74
0.6000000000000014,0.6000000000000001,35,74
0.6000000000000014,0.6000000000000001,35,74
0.6000000000000014,0.6000000000000001,35,74
0.6000000000000014,0.6000000000000001,35,74
0.6000000000000014,0.6000000000000001,35,74
0.6000000000000014,0.6000000000000001,35,74
0.6000000000000014,0.6000000000000001,35,74
0.6000000000000014,0.6000000000000001,35,74
0.6000000000000014,0.6000000000000001,35,74
0.6000000000000014,0.6000000000000001,35,74
0.6000000000000014,0.6000000000000001,35,74
0.6000000000000014,0.6000000000000001,35,74
0.6000000000000014,0.6000000000000001,35,74
0.6000000000000014,0.6000000000000001,35,74
0.6000000000000014,0.6000000000000001,35,74
0.6000000000000014,0.6000000000000001,35,74
0.6000000000000014,0.6000000000000001,35,74
0.6000000000000014,0.6000000000000001,35,74
0.6000000000000014,0.6000000000000001,35,74
0.6000000000000014,0.6000000000000001,35,74
0.6000000000000014,0.6000000000000001,35,74
0.6000000000000014,0.6000000000000001,35,74
0.6000000000000014,0.6000000000000001,35,74
0.6000000000000014,0.6000000000000001,35,74
0.6000000000000014,0.6000000000000001,35,74
0.6000000000000014,0.6000000000000001,35,74
0.6000000000000014,0.6000000000000001,35,74
0.6000000000000014,0.6000000000000001,35,74
0.6000000000000014,0.6000000000000001,35,74
0.6000000000000014,0.6000000000000001,35,74
0.6000000000000014,0.6000000000000001,35,74
0.6000000000000014,0.6000000000000001,35,74
0.6000000000000014,0.6000000000000001,35,74
0.6000000000000014,0.6000000000000001,35,74
0.6000000000000014,0.6000000000000001,35,74
0.6000000000000014,0.6000000000000001,35,74
0.6000000000000014,0.6000000000000001,35,74
0.6000000000000014,0.6000000000000001,35,74
0.6000000000000014,0.6000000000000001,35,74
0.6000000000000014,0.6000000000000001,35,74
0.6000000000000014,0.6000000000000001,35,74
0.6000000000000014,0.6000000000000001,35,74
0.6000000000000014,0.6000000000000001,35,74
0.6000000000000014,0.6000000000000001,35,74
0.6000000000000014,0.6000000000000001,35,74
0.6000000000000014,0.6000000000000001,35,74
0.6000000000000014,0.6000000000000001,35,74
0.6000000000000014,0.6000000000000001,35,74
0.6000000000000014,0.6000000000000001,35,74
0.6000000000000014,0.6000000000000001,35,74
0.6000000000000014,0.6000000000000001,35,74
0.6000000000000014,0.6000000000000001,35,74
0.0,60.0,340,75
0.0,60.0,280,75
0.0,60.0,220,75
0.0,60.0,160,75
91.0,60.0,191,75
246.6,117.6,320,75
338.15000000000003,252.15000000000003,406,75
377.0,576.6,377,75
312.0,576.6,312,75
312.0,576.6,312,75
286.0,576.6,286,75
260.0,576.6,260,75
260.0,576.6,260,75
260.0,576.6,260,75
234.0,576.6,234,75
234.0,576.6,234,75
234.0,576.6,234,75
234.0,576.6,234,75
234.0,576.6,234,75
234.0,576.6,234,75
234.0,576.6,234,75
234.0,576.6,234,75
234.0,576.6,234,75
234.0,576.6,234,75
234.0,576.6,234,75
234.0,576.6,234,75
234.0,576.6,234,75
234.0,576.6,234,75
234.0,576.6,234,75
234.0,576.6,234,75
234.0,576.6,234,75
234.0,576.6,234,75
234.0,576.6,234,75
234.0,576.6,234,75
234.0,576.6,234,75
234.0,576.6,234,75
234.0,576.6,234,75
234.0,576.6,234,75
234.0,576.6,234,75
234.0,576.6,234,75
234.0,576.6,234,75
234.0,576.6,234,75
234.0,576.6,234,75
234.0,576.6,234,75
234.0,576.6,234,75
234.0,576.6,234,75
234.0,576.6,234,75
234.0,576.6,234,75
234.0,576.6,234,75
234.0,576.6,234,75
234.0,576.6,234,75
234.0,576.6,234,75
234.0,576.6,234,75
234.0,576.6,234,75
234.0,576.6,234,75
234.0,576.6,234,75
234.0,576.6,234,75
234.0,576.6,234,75
234.0,576.6,234,75
234.0,576.6,234,75
234.0,576.6,234,75
234.0,576.6,234,75
234.0,576.6,234,75
234.0,576.6,234,75
234.0,576.6,234,75
234.0,576.6,234,75
234.0,576.6,234,75
234.0,576.6,234,75
234.0,576.6,234,75
234.0,576.6,234,75
234.0,576.6,234,75
234.0,576.6,234,75
234.0,576.6,234,75
234.0,576.6,234,75
234.0,576.6,234,75
234.0,576.6,234,75
234.0,576.6,234,75
234.0,576.6,234,75
234.0,576.6,234,75
234.0,576.6,234,75
234.0,576.6,234,75
260.0,576.6,260,75
312.0,777.5999999999999,312,75
364.0,1083.75,364,75
442.0,1500.0,442,75
512.0,2088.6000000000004,512,75
512.0,2196.15,512,75
512.0,2196.15,512,75
512.0,2196.15,512,75
512.0,2196.15,512,75
512.0,2196.15,512,75
512.0,2196.15,512,75
512.0,2196.15,512,75
512.0,2196.15,512,75
512.0,2196.15,512,75
512.0,2196.15,512,75
512.0,2196.15,512,75
512.0,2196.15,512,75
512.0,2196.15,512,75
512.0,2196.15,512,75
0.0,60.0,340,76
0.0,60.0,280,76
0.0,60.0,220,76
0.0,60.0,160,76
0.0,60.0,100,76
0.0,60.0,40,76
24.0,60.0,24,76
40.0,60.0,40,76
80.0,264.6,80,76
84.0,756.1500000000001,84,76
126.0,1949.4,126,76
126.0,2496.15,126,76
105.0,2496.15,105,76
105.0,2496.15,105,76
105.0,2496.15,105,76
105.0,2496.15,105,76
105.0,2496.15,105,76
105.0,2496.15,105,76
105.0,2496.15,105,76
105.0,2496.15,105,76
105.0,2496.15,105,76
105.0,2496.15,105,76
105.0,2496.15,105,76
105.0,2496.15,105,76
105.0,2496.15,105,76
105.0,2496.15,105,76
105.0,2496.15,105,76
105.0,2496.15,105,76
105.0,2496.15,105,76
105.0,2496.15,105,76
105.0,2496.15,105,76
105.0,2496.15,105,76
105.0,2496.15,105,76
105.0,2496.15,105,76
105.0,2496.15,105,76
105.0,2496.15,105,76
105.0,2496.15,105,76
105.0,2496.15,105,76
105.0,2496.15,105,76
105.0,2496.15,105,76
105.0,2496.15,105,76
105.0,2496.15,105,76
105.0,2496.15,105,76
105.0,2496.15,105,76
105.0,2496.15,105,76
105.0,2496.15,105,76
105.0,2496.15,105,76
105.0,2496.15,105,76
105.0,2496.15,105,76
105.0,2496.15,105,76
105.0,2496.15,105,76
105.0,2496.15,105,76
105.0,2496.15,105,76
105.0,2496.15,105,76
105.0,2496.15,105,76
105.0,2496.15,105,76
105.0,2496.15,105,76
105.0,2496.15,105,76
105.0,2496.15,105,76
105.0,2496.15,105,76
105.0,2496.15,105,76
105.0,2496.15,105,76
105.0,2496.15,105,76
105.0,2496.15,105,76
105.0,2496.15,105,76
105.0,2496.15,105,76
105.0,2496.15,105,76
105.0,2496.15,105,76
105.0,2496.15,105,76
105.0,2496.15,105,76
105.0,2496.15,105,76
105.0,2496.15,105,76
105.0,2496.15,105,76
105.0,2496.15,105,76
105.0,2496.15,105,76
105.0,2496.15,105,76
105.0,2496.15,105,76
105.0,2496.15,105,76
105.0,2496.15,105,76
105.0,2496.15,105,76
105.0,2496.15,105,76
105.0,2496.15,105,76
105.0,2496.15,105,76
105.0,2496.15,105,76
105.0,2496.15,105,76
105.0,2496.15,105,76
105.0,2496.15,105,76
105.0,2496.15,105,76
105.0,2496.15,105,76
105.0,2496.15,105,76
105.0,2496.15,105,76
105.0,2496.15,105,76
105.0,2496.15,105,76
105.0,2496.15,105,76
105.0,2496.15,105,76
105.0,2496.15,105,76
105.0,2496.15,105,76
105.0,2496.15,105,76
105.0,2496.15,105,76
105.0,2496.15,105,76
0.0,60.0,340,77
0.0,60.0,280,77
0.0,60.0,220,77
0.0,60.0,160,77
0.0,60.0,100,77
0.0,60.0,40,77
0.0,60.0,0,77
0.0,33.75,0,77
0.0,21.6,0,77
0.0,12.15,0,77
0.0,7.35,0,77
4.0,5.4,4,77
4.0,5.4,4,77
4.0,5.4,4,77
8.0,5.4,8,77
12.0,15.0,12,77
12.0,21.6,12,77
12.0,21.6,12,77
12.0,21.6,12,77
12.0,21.6,12,77
12.0,21.6,12,77
12.0,21.6,12,77
12.0,21.6,12,77
12.0,21.6,12,77
12.0,21.6,12,77
12.0,21.6,12,77
12.0,21.6,12,77
12.0,21.6,12,77
12.0,21.6,12,77
12.0,21.6,12,77
12.0,21.6,12,77
12.0,21.6,12,77
12.0,21.6,12,77
12.0,21.6,12,77
12.0,21.6,12,77
12.0,21.6,12,77
12.0,21.6,12,77
12.0,21.6,12,77
16.0,21.6,16,77
20.0,29.4,20,77
28.0,60.0,28,77
36.0,109.35,36,77
52.0,228.15000000000003,52,77
72.0,437.4,72,77
96.0,756.1500000000001,96,77
140.0,1560.6,140,77
168.0,1848.15,168,77
168.0,2160.0,168,77
168.0,2160.0,168,77
168.0,2160.0,168,77
168.0,2160.0,168,77
168.0,2160.0,168,77
100.0,866.4000000000001,100,77
100.0,866.4000000000001,100,77
100.0,866.4000000000001,100,77
100.0,866.4000000000001,100,77
100.0,866.4000000000001,100,77
100.0,866.4000000000001,100,77
100.0,866.4000000000001,100,77
100.0,866.4000000000001,100,77
100.0,866.4000000000001,100,77
100.0,866.4000000000001,100,77
100.0,866.4000000000001,100,77
100.0,866.4000000000001,100,77
100.0,866.4000000000001,100,77
100.0,866.4000000000001,100,77
100.0,866.4000000000001,100,77
100.0,866.4000000000001,100,77
100.0,866.4000000000001,100,77
100.0,866.4000000000001,100,77
72.0,437.4,72,77
72.0,437.4,72,77
72.0,437.4,72,77
72.0,437.4,72,77
72.0,437.4,72,77
72.0,437.4,72,77
56.0,264.6,56,77
56.0,264.6,56,77
56.0,264.6,56,77
56.0,264.6,56,77
56.0,264.6,56,77
56.0,264.6,56,77
56.0,264.6,56,77
36.0,117.6,36,77
36.0,117.6,36,77
36.0,117.6,36,77
36.0,117.6,36,77
36.0,117.6,36,77
36.0,117.6,36,77
36.0,117.6,36,77
36.0,117.6,36,77
36.0,117.6,36,77
36.0,117.6,36,77
36.0,117.6,36,77
36.0,117.6,36,77
36.0,117.6,36,77
36.0,117.6,36,77
36.0,117.6,36,77
36.0,117.6,36,77
36.0,117.6,36,77
0.0,60.0,340,78
0.0,60.0,280,78
0.0,60.0,220,78
0.0,60.0,160,78
0.0,60.0,100,78
0.0,60.0,40,78
0.0,60.0,0,78
0.0,33.75,0,78
0.0,21.6,0,78
0.0,12.15,0,78
4.0,7.35,4,78
4.0,7.35,4,78
4.0,7.35,4,78
4.0,7.35,4,78
4.0,7.35,4,78
4.0,7.35,4,78
4.0,7.35,4,78
4.0,7.35,4,78
4.0,7.35,4,78
4.0,7.35,4,78
4.0,7.35,4,78
4.0,7.35,4,78
4.0,7.35,4,78
4.0,7.35,4,78
4.0,7.35,4,78
4.0,7.35,4,78
4.0,7.35,4,78
4.0,7.35,4,78
4.0,7.35,4,78
4.0,7.35,4,78
4.0,7.35,4,78
4.0,7.35,4,78
4.0,7.35,4,78
4.0,7.35,4,78
4.0,7.35,4,78
4.0,7.35,4,78
4.0,7.35,4,78
4.0,7.35,4,78
4.0,7.35,4,78
4.0,7.35,4,78
4.0,7.35,4,78
4.0,7.35,4,78
4.0,7.35,4,78
4.0,7.35,4,78
4.0,7.35,4,78
4.0,7.35,4,78
4.0,7.35,4,78
4.0,7.35,4,78
4.0,7.35,4,78
4.0,7.35,4,78
4.0,7.35,4,78
4.0,7.35,4,78
4.0,7.35,4,78
4.0,7.35,4,78
4.0,7.35,4,78
4.0,7.35,4,78
4.0,7.35,4,78
4.0,7.35,4,78
4.0,7.35,4,78
4.0,7.35,4,78
4.0,7.35,4,78
4.0,7.35,4,78
4.0,7.35,4,78
4.0,7.35,4,78
4.0,7.35,4,78
4.0,7.35,4,78
4.0,7.35,4,78
4.0,7.35,4,78
4.0,7.35,4,78
4.0,7.35,4,78
4.0,7.35,4,78
4.0,7.35,4,78
4.0,7.35,4,78
4.0,7.35,4,78
4.0,7.35,4,78
4.0,7.35,4,78
4.0,7.35,4,78
4.0,7.35,4,78
4.0,7.35,4,78
4.0,7.35,4,78
4.0,7.35,4,78
4.0,7.35,4,78
4.0,7.35,4,78
4.0,7.35,4,78
4.0,7.35,4,78
4.0,7.35,4,78
4.0,7.35,4,78
4.0,7.35,4,78
4.0,7.35,4,78
4.0,7.35,4,78
4.0,7.35,4,78
4.0,7.35,4,78
4.0,7.35,4,78
4.0,7.35,4,78
4.0,7.35,4,78
4.0,7.35,4,78
4.0,7.35,4,78
4.0,7.35,4,78
4.0,7.35,4,78
4.0,7.35,4,78
0.0,60.0,340,79
0.0,60.0,280,79
0.0,60.0,220,79
0.0,60.0,160,79
0.0,48.6,111,79
0.0,48.6,62,79
0.0,29.4,33,79
0.0,29.4,4,79
0.0,29.4,0,79
0.0,18.15,0,79
0.0,12.15,0,79
0.0,7.35,0,79
0.0,5.4,0,79
0.0,3.75,0,79
0.0,2.4000000000000004,0,79
0.0,1.35,0,79
0.0,0.6000000000000001,0,79
0.0,0.15,0,79
0.0,60.0,340,80
0.0,60.0,280,80
0.0,60.0,220,80
156.0,60.0,316,80
117.4,86.4,347,80
230.15,144.15,433,80
78.75,183.75,328,80
101.75,183.75,246,80
160.75,183.75,223,80
160.75,183.75,200,80
160.75,183.75,177,80
161.0,183.75,161,80
148.0,173.4,148,80
148.0,173.4,148,80
148.0,173.4,148,80
138.0,173.4,138,80
148.0,173.4,148,80
194.0,290.40000000000003,194,80
263.0,504.6,263,80
345.0,889.3499999999999,345,80
437.0,1411.35,437,80
575.0,2306.4,575,80
580.0,2535.0,580,80
636.0,2815.3500000000004,636,80
642.0,3024.6000000000004,642,80
605.0,3650.400000000001,605,80
605.0,3650.400000000001,605,80
605.0,3650.400000000001,605,80
605.0,3650.400000000001,605,80
605.0,3650.400000000001,605,80
605.0,3650.400000000001,605,80
605.0,3650.400000000001,605,80
605.0,3650.400000000001,605,80
605.0,3650.400000000001,605,80
605.0,3650.400000000001,605,80
605.0,3650.400000000001,605,80
605.0,3650.400000000001,605,80
605.0,3650.400000000001,605,80
605.0,3650.400000000001,605,80
605.0,3650.400000000001,605,80
605.0,3650.400000000001,605,80
605.0,3650.400000000001,605,80
605.0,3650.400000000001,605,80
605.0,3650.400000000001,605,80
605.0,3650.400000000001,605,80
605.0,3650.400000000001,605,80
605.0,3650.400000000001,605,80
605.0,3650.400000000001,605,80
605.0,3650.400000000001,605,80
605.0,3650.400000000001,605,80
605.0,3650.400000000001,605,80
605.0,3650.400000000001,605,80
605.0,3650.400000000001,605,80
605.0,3650.400000000001,605,80
605.0,3650.400000000001,605,80
605.0,3650.400000000001,605,80
605.0,3650.400000000001,605,80
605.0,3650.400000000001,605,80
605.0,3650.400000000001,605,80
605.0,3650.400000000001,605,80
605.0,3650.400000000001,605,80
605.0,3650.400000000001,605,80
605.0,3650.400000000001,605,80
605.0,3650.400000000001,605,80
636.0,2856.6000000000004,636,80
448.0,1749.6,448,80
448.0,1749.6,448,80
448.0,1749.6,448,80
448.0,1749.6,448,80
448.0,1749.6,448,80
448.0,1749.6,448,80
448.0,1749.6,448,80
448.0,1749.6,448,80
448.0,1749.6,448,80
345.0,843.75,345,80
345.0,843.75,345,80
345.0,843.75,345,80
345.0,843.75,345,80
345.0,843.75,345,80
345.0,843.75,345,80
299.0,653.4000000000001,299,80
207.0,317.40000000000003,207,80
207.0,317.40000000000003,207,80
207.0,317.40000000000003,207,80
207.0,317.40000000000003,207,80
207.0,317.40000000000003,207,80
207.0,317.40000000000003,207,80
207.0,317.40000000000003,207,80
207.0,317.40000000000003,207,80
207.0,317.40000000000003,207,80
207.0,317.40000000000003,207,80
207.0,317.40000000000003,207,80
207.0,317.40000000000003,207,80
207.0,317.40000000000003,207,80
207.0,317.40000000000003,207,80
207.0,317.40000000000003,207,80
207.0,317.40000000000003,207,80
207.0,317.40000000000003,207,80
207.0,317.40000000000003,207,80
207.0,317.40000000000003,207,80
0.0,60.0,340,81
0.0,60.0,280,81
0.0,60.0,220,81
0.0,60.0,160,81
0.0,60.0,100,81
40.0,60.0,80,81
40.0,60.0,60,81
40.0,60.0,40,81
24.0,48.6,24,81
51.0,48.6,51,81
73.0,54.150000000000006,73,81
88.0,86.4,88,81
88.0,163.35000000000002,88,81
66.0,163.35000000000002,66,81
73.0,163.35000000000002,73,81
99.0,303.75,99,81
121.0,453.75,121,81
99.0,331.35,99,81
99.0,331.35,99,81
99.0,331.35,99,81
99.0,331.35,99,81
99.0,331.35,99,81
99.0,331.35,99,81
99.0,331.35,99,81
99.0,331.35,99,81
99.0,331.35,99,81
66.0,153.60000000000002,66,81
66.0,153.60000000000002,66,81
66.0,153.60000000000002,66,81
66.0,153.60000000000002,66,81
66.0,153.60000000000002,66,81
66.0,153.60000000000002,66,81
66.0,153.60000000000002,66,81
66.0,153.60000000000002,66,81
66.0,153.60000000000002,66,81
66.0,153.60000000000002,66,81
66.0,153.60000000000002,66,81
66.0,153.60000000000002,66,81
66.0,153.60000000000002,66,81
66.0,153.60000000000002,66,81
66.0,153.60000000000002,66,81
66.0,153.60000000000002,66,81
66.0,153.60000000000002,66,81
66.0,153.60000000000002,66,81
66.0,153.60000000000002,66,81
66.0,153.60000000000002,66,81
66.0,153.60000000000002,66,81
66.0,153.60000000000002,66,81
66.0,153.60000000000002,66,81
66.0,153.60000000000002,66,81
66.0,153.60000000000002,66,81
66.0,153.60000000000002,66,81
66.0,153.60000000000002,66,81
66.0,153.60000000000002,66,81
66.0,153.60000000000002,66,81
66.0,153.60000000000002,66,81
66.0,153.60000000000002,66,81
66.0,153.60000000000002,66,81
66.0,153.60000000000002,66,81
66.0,153.60000000000002,66,81
62.0,72.60000000000001,62,81
62.0,72.60000000000001,62,81
62.0,72.60000000000001,62,81
62.0,72.60000000000001,62,81
62.0,72.60000000000001,62,81
62.0,72.60000000000001,62,81
62.0,72.60000000000001,62,81
62.0,72.60000000000001,62,81
62.0,72.60000000000001,62,81
62.0,72.60000000000001,62,81
62.0,72.60000000000001,62,81
62.0,72.60000000000001,62,81
62.0,72.60000000000001,62,81
62.0,72.60000000000001,62,81
62.0,72.60000000000001,62,81
44.35,43.35,63,81
73.0,101.4,73,81
77.0,126.15,77,81
117.0,264.6,117,81
132.0,345.6,132,81
172.0,595.35,172,81
216.0,912.6,216,81
270.0,1530.15,270,81
170.0,1815.0,170,81
91.0,777.5999999999999,91,81
91.0,777.5999999999999,91,81
168.0,777.5999999999999,168,81
210.0,1161.6,210,81
210.0,1215.0,210,81
210.0,1215.0,210,81
210.0,1215.0,210,81
210.0,1215.0,210,81
210.0,1215.0,210,81
210.0,1215.0,210,81
210.0,1215.0,210,81
210.0,1215.0,210,81
210.0,1215.0,210,81
210.0,1215.0,210,81
210.0,1215.0,210,81
210.0,1215.0,210,81
0.0,60.0,340,82
0.0,60.0,280,82
0.0,60.0,220,82
0.0,60.0,160,82
0.0,60.0,100,82
0.0,60.0,40,82
50.0,60.0,50,82
60.0,126.15,60,82
132.0,194.4,132,82
164.0,290.40000000000003,164,82
198.0,437.4,198,82
242.0,653.4000000000001,242,82
286.0,912.6,286,82
330.0,1242.15,330,82
364.0,1782.15,364,82
428.0,2053.3500000000004,428,82
428.0,2160.0,428,82
428.0,2160.0,428,82
428.0,2160.0,428,82
428.0,2160.0,428,82
428.0,2160.0,428,82
428.0,2160.0,428,82
428.0,2160.0,428,82
428.0,2160.0,428,82
428.0,2160.0,428,82
428.0,2160.0,428,82
428.0,2160.0,428,82
428.0,2160.0,428,82
428.0,2160.0,428,82
428.0,2160.0,428,82
428.0,2160.0,428,82
428.0,2160.0,428,82
428.0,2160.0,428,82
428.0,2160.0,428,82
428.0,2160.0,428,82
428.0,2160.0,428,82
428.0,2160.0,428,82
428.0,2160.0,428,82
428.0,2160.0,428,82
428.0,2160.0,428,82
428.0,2160.0,428,82
428.0,2160.0,428,82
428.0,2160.0,428,82
428.0,2160.0,428,82
428.0,2160.0,428,82
428.0,2160.0,428,82
428.0,2160.0,428,82
428.0,2160.0,428,82
428.0,2160.0,428,82
428.0,2160.0,428,82
428.0,2160.0,428,82
428.0,2160.0,428,82
428.0,2160.0,428,82
428.0,2160.0,428,82
428.0,2160.0,428,82
428.0,2160.0,428,82
428.0,2160.0,428,82
428.0,2160.0,428,82
428.0,2160.0,428,82
428.0,2160.0,428,82
428.0,2160.0,428,82
428.0,2160.0,428,82
428.0,2160.0,428,82
428.0,2160.0,428,82
428.0,2160.0,428,82
428.0,2160.0,428,82
428.0,2160.0,428,82
428.0,2160.0,428,82
428.0,2160.0,428,82
428.0,2160.0,428,82
428.0,2160.0,428,82
428.0,2160.0,428,82
428.0,2160.0,428,82
428.0,2160.0,428,82
428.0,2160.0,428,82
428.0,2160.0,428,82
428.0,2160.0,428,82
428.0,2160.0,428,82
428.0,2160.0,428,82
428.0,2160.0,428,82
428.0,2160.0,428,82
428.0,2160.0,428,82
428.0,2160.0,428,82
428.0,2160.0,428,82
428.0,2160.0,428,82
428.0,2160.0,428,82
428.0,2160.0,428,82
428.0,2160.0,428,82
428.0,2160.0,428,82
428.0,2160.0,428,82
428.0,2160.0,428,82
428.0,2160.0,428,82
428.0,2160.0,428,82
428.0,2160.0,428,82
428.0,2160.0,428,82
428.0,2160.0,428,82
428.0,2160.0,428,82
428.0,2160.0,428,82
428.0,2160.0,428,82
428.0,2160.0,428,82
0.0,60.0,340,83
98.0,60.0,378,83
73.0,60.0,391,83
80.0,60.0,411,83
96.75,93.75,414,83
88.0,135.0,367,83
65.0,135.0,297,83
48.0,135.0,210,83
57.0,135.0,132,83
57.0,135.0,57,83
48.0,135.0,48,83
48.0,135.0,48,83
16.0,126.15,16,83
40.0,126.15,40,83
49.0,228.15000000000003,49,83
72.0,405.6,72,83
88.0,633.75,88,83
104.0,866.4000000000001,104,83
121.0,1242.15,121,83
168.0,1749.6,168,83
168.0,1848.15,168,83
168.0,1848.15,168,83
168.0,1848.15,168,83
210.0,1848.15,210,83
210.0,2053.3500000000004,210,83
210.0,2053.3500000000004,210,83
210.0,2053.3500000000004,210,83
210.0,2053.3500000000004,210,83
210.0,2053.3500000000004,210,83
210.0,2053.3500000000004,210,83
136.0,1033.35,136,83
136.0,1033.35,136,83
136.0,1033.35,136,83
136.0,1033.35,136,83
136.0,1033.35,136,83
136.0,1033.35,136,83
136.0,1033.35,136,83
136.0,1033.35,136,83
136.0,1033.35,136,83
136.0,1033.35,136,83
136.0,1033.35,136,83
136.0,1033.35,136,83
136.0,1033.35,136,83
136.0,1033.35,136,83
96.0,504.6,96,83
96.0,504.6,96,83
96.0,504.6,96,83
96.0,504.6,96,83
96.0,504.6,96,83
96.0,504.6,96,83
96.0,504.6,96,83
96.0,504.6,96,83
96.0,504.6,96,83
96.0,504.6,96,83
96.0,504.6,96,83
96.0,504.6,96,83
96.0,504.6,96,83
96.0,504.6,96,83
96.0,504.6,96,83
96.0,504.6,96,83
96.0,504.6,96,83
96.0,504.6,96,83
96.0,504.6,96,83
96.0,504.6,96,83
96.0,504.6,96,83
96.0,504.6,96,83
96.0,504.6,96,83
96.0,504.6,96,83
96.0,504.6,96,83
96.0,504.6,96,83
96.0,504.6,96,83
96.0,504.6,96,83
96.0,504.6,96,83
96.0,504.6,96,83
96.0,504.6,96,83
96.0,504.6,96,83
96.0,504.6,96,83
96.0,504.6,96,83
96.0,504.6,96,83
72.0,277.35,72,83
64.0,153.60000000000002,64,83
64.0,153.60000000000002,64,83
49.0,153.60000000000002,49,83
49.0,153.60000000000002,49,83
49.0,153.60000000000002,49,83
49.0,153.60000000000002,49,83
49.0,153.60000000000002,49,83
49.0,153.60000000000002,49,83
49.0,153.60000000000002,49,83
49.0,153.60000000000002,49,83
49.0,153.60000000000002,49,83
49.0,153.60000000000002,49,83
49.0,153.60000000000002,49,83
49.0,153.60000000000002,49,83
49.0,153.60000000000002,49,83
49.0,153.60000000000002,49,83
49.0,153.60000000000002,49,83
49.0,153.60000000000002,49,83
49.0,153.60000000000002,49,83
49.0,153.60000000000002,49,83
0.0,60.0,340,84
200.0,60.0,480,84
90.0,60.0,510,84
60.0,60.0,510,84
40.0,60.0,490,84
40.0,60.0,470,84
30.0,60.0,440,84
40.0,60.0,420,84
20.0,60.0,380,84
30.0,60.0,350,84
30.0,60.0,320,84
30.0,60.0,290,84
30.0,60.0,260,84
30.0,60.0,230,84
30.0,60.0,200,84
30.0,60.0,170,84
30.0,60.0,140,84
30.0,60.0,110,84
30.0,60.0,80,84
30.0,60.0,50,84
30.0,60.0,30,84
30.0,60.0,30,84
30.0,60.0,30,84
30.0,60.0,30,84
30.0,60.0,30,84
30.0,60.0,30,84
40.0,60.0,40,84
40.0,60.0,40,84
40.0,60.0,40,84
40.0,60.0,40,84
40.0,60.0,40,84
40.0,60.0,40,84
40.0,60.0,40,84
40.0,60.0,40,84
40.0,60.0,40,84
40.0,60.0,40,84
40.0,60.0,40,84
40.0,60.0,40,84
40.0,60.0,40,84
40.0,60.0,40,84
40.0,60.0,40,84
40.0,60.0,40,84
40.0,60.0,40,84
40.0,60.0,40,84
40.0,60.0,40,84
40.0,60.0,40,84
40.0,60.0,40,84
40.0,60.0,40,84
40.0,60.0,40,84
40.0,60.0,40,84
40.0,60.0,40,84
40.0,60.0,40,84
40.0,60.0,40,84
40.0,60.0,40,84
40.0,60.0,40,84
40.0,60.0,40,84
40.0,60.0,40,84
40.0,60.0,40,84
40.0,60.0,40,84
40.0,60.0,40,84
40.0,60.0,40,84
40.0,60.0,40,84
40.0,60.0,40,84
40.0,60.0,40,84
40.0,60.0,40,84
40.0,60.0,40,84
40.0,60.0,40,84
40.0,60.0,40,84
40.0,60.0,40,84
40.0,60.0,40,84
40.0,60.0,40,84
40.0,60.0,40,84
40.0,60.0,40,84
40.0,60.0,40,84
40.0,60.0,40,84
40.0,60.0,40,84
40.0,60.0,40,84
40.0,60.0,40,84
40.0,60.0,40,84
40.0,60.0,40,84
40.0,60.0,40,84
40.0,60.0,40,84
40.0,60.0,40,84
40.0,60.0,40,84
40.0,60.0,40,84
40.0,60.0,40,84
40.0,60.0,40,84
40.0,60.0,40,84
40.0,60.0,40,84
40.0,60.0,40,84
40.0,60.0,40,84
40.0,60.0,40,84
40.0,60.0,40,84
40.0,60.0,40,84
40.0,60.0,40,84
40.0,60.0,40,84
40.0,60.0,40,84
40.0,60.0,40,84
40.0,60.0,40,84
40.0,60.0,40,84
0.0,60.0,340,85
0.0,60.0,280,85
0.0,60.0,220,85
0.0,60.0,160,85
0.0,60.0,100,85
0.0,60.0,40,85
0.0,60.0,0,85
0.0,33.75,0,85
0.0,21.6,0,85
0.0,12.15,0,85
0.0,7.35,0,85
0.0,5.4,0,85
0.0,3.75,0,85
0.0,2.4000000000000004,0,85
0.0,1.35,0,85
0.0,0.6000000000000001,0,85
0.0,0.15,0,85
0.0,60.0,340,86
0.0,60.0,280,86
0.0,60.0,220,86
0.0,48.6,171,86
0.0,48.6,122,86
0.0,48.6,74,86
44.39999999999998,48.6,70,86
26.599999999999994,48.6,48,86
36.0,48.6,36,86
36.0,48.6,36,86
26.75,33.75,29,86
18.0,33.75,18,86
27.0,33.75,27,86
54.0,43.35,54,86
54.0,60.0,54,86
45.0,60.0,45,86
54.0,60.0,54,86
72.0,86.4,72,86
72.0,117.6,72,86
84.0,117.6,84,86
155.0,144.15,155,86
168.0,194.4,168,86
186.0,216.6,186,86
208.0,290.40000000000003,208,86
248.0,405.6,248,86
279.0,595.35,279,86
341.0,821.4000000000001,341,86
425.0,1297.35,425,86
504.0,1782.15,504,86
546.0,1915.35,546,86
592.0,2088.6000000000004,592,86
604.0,2306.4,604,86
604.0,2535.0,604,86
604.0,2535.0,604,86
604.0,2535.0,604,86
604.0,2535.0,604,86
604.0,2535.0,604,86
604.0,2535.0,604,86
604.0,2535.0,604,86
604.0,2535.0,604,86
604.0,2535.0,604,86
604.0,2535.0,604,86
604.0,2535.0,604,86
604.0,2535.0,604,86
604.0,2535.0,604,86
604.0,2535.0,604,86
604.0,2535.0,604,86
604.0,2535.0,604,86
604.0,2535.0,604,86
604.0,2535.0,604,86
604.0,2535.0,604,86
604.0,2535.0,604,86
604.0,2535.0,604,86
604.0,2535.0,604,86
604.0,2535.0,604,86
604.0,2535.0,604,86
604.0,2535.0,604,86
604.0,2535.0,604,86
604.0,2535.0,604,86
604.0,2535.0,604,86
604.0,2535.0,604,86
604.0,2535.0,604,86
604.0,2535.0,604,86
604.0,2535.0,604,86
604.0,2535.0,604,86
604.0,2535.0,604,86
604.0,2535.0,604,86
604.0,2535.0,604,86
604.0,2535.0,604,86
604.0,2535.0,604,86
604.0,2535.0,604,86
604.0,2535.0,604,86
604.0,2535.0,604,86
604.0,2535.0,604,86
604.0,2535.0,604,86
604.0,2535.0,604,86
604.0,2535.0,604,86
604.0,2535.0,604,86
604.0,2535.0,604,86
604.0,2535.0,604,86
604.0,2535.0,604,86
604.0,2535.0,604,86
604.0,2535.0,604,86
604.0,2535.0,604,86
604.0,2535.0,604,86
604.0,2535.0,604,86
604.0,2535.0,604,86
604.0,2535.0,604,86
604.0,2535.0,604,86
604.0,2535.0,604,86
604.0,2535.0,604,86
604.0,2535.0,604,86
604.0,2535.0,604,86
604.0,2535.0,604,86
604.0,2535.0,604,86
604.0,2535.0,604,86
604.0,2535.0,604,86
604.0,2535.0,604,86
604.0,2535.0,604,86
604.0,2535.0,604,86
0.0,60.0,340,87
0.0,60.0,280,87
0.0,60.0,220,87
70.0,60.0,230,87
50.0,60.0,220,87
80.0,60.0,240,87
32.0,60.0,212,87
57.0,60.0,209,87
6.0,60.0,155,87
87.0,60.0,182,87
87.0,60.0,209,87
87.0,60.0,236,87
57.400000000000006,29.4,264,87
57.400000000000006,29.4,292,87
57.39999999999998,29.4,320,87
57.39999999999998,29.4,348,87
57.39999999999998,29.4,376,87
57.39999999999998,29.4,404,87
57.39999999999998,29.4,432,87
57.39999999999998,29.4,460,87
57.39999999999998,29.4,488,87
34.14999999999998,12.15,510,87
34.14999999999998,12.15,532,87
34.14999999999998,12.15,554,87
34.14999999999998,12.15,576,87
34.14999999999998,12.15,598,87
28.399999999999977,5.4,621,87
15.399999999999975,2.4000000000000004,634,87
15.399999999999975,2.4000000000000004,647,87
15.399999999999975,2.4000000000000004,660,87
15.399999999999975,2.4000000000000004,673,87
15.399999999999975,2.4000000000000004,686,87
15.399999999999975,2.4000000000000004,699,87
15.399999999999975,2.4000000000000004,712,87
15.399999999999975,2.4000000000000004,725,87
15.399999999999975,2.4000000000000004,738,87
15.399999999999975,2.4000000000000004,751,87
15.399999999999975,2.4000000000000004,764,87
15.399999999999975,2.4000000000000004,777,87
15.399999999999975,2.4000000000000004,790,87
15.399999999999975,2.4000000000000004,803,87
15.399999999999975,2.4000000000000004,816,87
15.399999999999975,2.4000000000000004,829,87
15.399999999999975,2.4000000000000004,842,87
15.399999999999975,2.4000000000000004,855,87
15.399999999999975,2.4000000000000004,868,87
15.399999999999975,2.4000000000000004,881,87
15.399999999999975,2.4000000000000004,894,87
15.399999999999975,2.4000000000000004,907,87
15.399999999999975,2.4000000000000004,920,87
15.399999999999975,2.4000000000000004,933,87
15.399999999999975,2.4000000000000004,946,87
15.399999999999975,2.4000000000000004,959,87
15.399999999999975,2.4000000000000004,972,87
15.399999999999975,2.4000000000000004,985,87
15.399999999999975,2.4000000000000004,998,87
15.399999999999975,2.4000000000000004,1011,87
15.399999999999975,2.4000000000000004,1024,87
15.399999999999975,2.4000000000000004,1037,87
15.400000000000093,2.4000000000000004,1050,87
15.400000000000093,2.4000000000000004,1063,87
15.400000000000093,2.4000000000000004,1076,87
15.400000000000093,2.4000000000000004,1089,87
15.400000000000093,2.4000000000000004,1102,87
15.400000000000093,2.4000000000000004,1115,87
15.400000000000093,2.4000000000000004,1128,87
15.400000000000093,2.4000000000000004,1141,87
15.400000000000093,2.4000000000000004,1154,87
15.400000000000093,2.4000000000000004,1167,87
15.400000000000093,2.4000000000000004,1180,87
15.400000000000093,2.4000000000000004,1193,87
15.400000000000093,2.4000000000000004,1206,87
15.400000000000093,2.4000000000000004,1219,87
15.400000000000093,2.4000000000000004,1232,87
15.400000000000093,2.4000000000000004,1245,87
15.400000000000093,2.4000000000000004,1258,87
15.400000000000093,2.4000000000000004,1271,87
15.400000000000093,2.4000000000000004,1284,87
15.400000000000093,2.4000000000000004,1297,87
15.400000000000093,2.4000000000000004,1310,87
15.400000000000093,2.4000000000000004,1323,87
15.400000000000093,2.4000000000000004,1336,87
15.400000000000093,2.4000000000000004,1349,87
15.400000000000093,2.4000000000000004,1362,87
15.400000000000093,2.4000000000000004,1375,87
15.400000000000093,2.4000000000000004,1388,87
15.400000000000093,2.4000000000000004,1401,87
15.400000000000093,2.4000000000000004,1414,87
15.400000000000093,2.4000000000000004,1427,87
15.400000000000093,2.4000000000000004,1440,87
15.400000000000093,2.4000000000000004,1453,87
15.400000000000093,2.4000000000000004,1466,87
15.400000000000093,2.4000000000000004,1479,87
15.400000000000093,2.4000000000000004,1492,87
15.400000000000093,2.4000000000000004,1505,87
15.400000000000093,2.4000000000000004,1518,87
15.400000000000093,2.4000000000000004,1531,87
15.400000000000093,2.4000000000000004,1544,87
15.400000000000093,2.4000000000000004,1557,87
15.400000000000093,2.4000000000000004,1570,87
0.0,60.0,340,88
0.0,60.0,280,88
0.0,60.0,220,88
0.0,60.0,160,88
0.0,60.0,100,88
0.0,60.0,40,88
0.0,60.0,0,88
0.0,33.75,0,88
0.0,21.6,0,88
0.0,12.15,0,88
0.0,3.75,0,88
0.0,2.4000000000000004,0,88
0.0,1.35,0,88
0.0,0.6000000000000001,0,88
0.0,0.15,0,88
0.0,60.0,340,89
12.0,60.0,292,89
6.0,60.0,238,89
7.0,60.0,185,89
7.0,60.0,132,89
7.0,60.0,79,89
5.0,60.0,24,89
5.0,60.0,5,89
5.0,60.0,5,89
5.0,60.0,5,89
5.0,60.0,5,89
5.0,60.0,5,89
5.0,60.0,5,89
4.0,60.0,4,89
4.0,60.0,4,89
4.0,60.0,4,89
4.0,60.0,4,89
4.0,60.0,4,89
4.0,60.0,4,89
3.0,60.0,3,89
21.0,60.0,21,89
22.0,66.15,22,89
22.0,79.35000000000001,22,89
22.0,79.35000000000001,22,89
22.0,79.35000000000001,22,89
22.0,66.15,22,89
22.0,66.15,22,89
22.0,66.15,22,89
22.0,66.15,22,89
22.0,66.15,22,89
22.0,66.15,22,89
15.0,38.400000000000006,15,89
15.0,38.400000000000006,15,89
15.0,38.400000000000006,15,89
15.0,38.400000000000006,15,89
15.0,38.400000000000006,15,89
15.0,38.400000000000006,15,89
15.0,38.400000000000006,15,89
15.0,38.400000000000006,15,89
15.0,38.400000000000006,15,89
15.0,38.400000000000006,15,89
15.0,38.400000000000006,15,89
15.0,38.400000000000006,15,89
15.0,38.400000000000006,15,89
15.0,38.400000000000006,15,89
15.0,38.400000000000006,15,89
15.0,38.400000000000006,15,89
15.0,38.400000000000006,15,89
15.0,38.400000000000006,15,89
15.0,38.400000000000006,15,89
15.0,38.400000000000006,15,89
14.0,21.6,14,89
14.0,21.6,14,89
14.0,21.6,14,89
14.0,21.6,14,89
14.0,21.6,14,89
14.0,21.6,14,89
14.0,21.6,14,89
14.0,21.6,14,89
14.0,21.6,14,89
14.0,21.6,14,89
14.0,21.6,14,89
14.0,21.6,14,89
14.0,21.6,14,89
14.0,21.6,14,89
14.0,21.6,14,89
8.149999999999999,12.15,10,89
8.0,12.15,8,89
8.0,12.15,8,89
8.0,12.15,8,89
8.0,12.15,8,89
8.0,12.15,8,89
7.0,9.6,7,89
7.0,9.6,7,89
7.0,9.6,7,89
7.0,9.6,7,89
7.0,9.6,7,89
7.0,9.6,7,89
7.0,9.6,7,89
7.0,9.6,7,89
7.0,9.6,7,89
7.0,9.6,7,89
7.0,9.6,7,89
7.0,9.6,7,89
7.4,5.4,9,89
7.4,5.4,11,89
6.600000000000001,9.6,8,89
7.0,9.6,7,89
7.0,9.6,7,89
7.0,9.6,7,89
7.0,9.6,7,89
7.0,9.6,7,89
7.4,5.4,9,89
7.4,5.4,11,89
6.600000000000001,9.6,8,89
7.0,9.6,7,89
7.0,9.6,7,89
7.0,9.6,7,89
7.0,9.6,7,89
7.4,5.4,9,89
0.0,60.0,340,90
0.0,60.0,280,90
0.0,60.0,220,90
0.0,60.0,160,90
24.0,60.0,124,90
30.0,60.0,94,90
24.0,60.0,58,90
18.0,60.0,18,90
18.0,60.0,18,90
18.0,60.0,18,90
18.0,60.0,18,90
18.0,60.0,18,90
18.0,60.0,18,90
18.0,60.0,18,90
18.0,60.0,18,90
18.0,60.0,18,90
18.0,60.0,18,90
18.0,60.0,18,90
18.0,60.0,18,90
18.0,60.0,18,90
18.0,60.0,18,90
18.0,60.0,18,90
18.0,60.0,18,90
18.0,60.0,18,90
18.0,60.0,18,90
18.0,60.0,18,90
18.0,60.0,18,90
18.0,60.0,18,90
18.0,60.0,18,90
18.0,60.0,18,90
18.0,60.0,18,90
18.0,60.0,18,90
18.0,60.0,18,90
18.0,60.0,18,90
18.0,60.0,18,90
18.0,60.0,18,90
18.0,60.0,18,90
18.0,60.0,18,90
18.0,60.0,18,90
18.0,60.0,18,90
18.0,60.0,18,90
18.0,60.0,18,90
18.0,60.0,18,90
18.0,60.0,18,90
18.0,60.0,18,90
18.0,60.0,18,90
18.0,60.0,18,90
18.0,60.0,18,90
18.0,60.0,18,90
18.0,60.0,18,90
18.0,60.0,18,90
18.0,60.0,18,90
18.0,60.0,18,90
18.0,60.0,18,90
18.0,60.0,18,90
18.0,60.0,18,90
18.0,60.0,18,90
18.0,60.0,18,90
18.0,60.0,18,90
18.0,60.0,18,90
18.0,60.0,18,90
18.0,60.0,18,90
18.0,60.0,18,90
18.0,60.0,18,90
24.0,60.0,24,90
30.0,93.75,30,90
36.0,153.60000000000002,36,90
48.0,216.6,48,90
60.0,345.6,60,90
78.0,653.4000000000001,78,90
96.0,984.15,96,90
120.0,1470.15,120,90
145.0,2381.4,145,90
145.0,2733.75,145,90
145.0,2733.75,145,90
145.0,2733.75,145,90
145.0,2733.75,145,90
145.0,2733.75,145,90
145.0,2733.75,145,90
145.0,2733.75,145,90
145.0,2733.75,145,90
145.0,2733.75,145,90
145.0,2733.75,145,90
145.0,2733.75,145,90
145.0,2733.75,145,90
145.0,2733.75,145,90
145.0,2733.75,145,90
145.0,2733.75,145,90
145.0,2733.75,145,90
145.0,2733.75,145,90
145.0,2733.75,145,90
145.0,2733.75,145,90
145.0,2733.75,145,90
145.0,2733.75,145,90
145.0,2733.75,145,90
145.0,2733.75,145,90
145.0,2733.75,145,90
145.0,2733.75,145,90
145.0,2733.75,145,90
145.0,2733.75,145,90
0.0,60.0,340,91
0.0,60.0,280,91
70.0,60.0,290,91
44.0,60.0,274,91
55.0,60.0,269,91
55.0,60.0,264,91
44.0,60.0,248,91
23.349999999999994,25.35,246,91
23.349999999999994,25.35,244,91
22.349999999999994,25.35,241,91
23.349999999999994,25.35,239,91
23.349999999999994,25.35,237,91
23.349999999999994,25.35,235,91
23.349999999999994,25.35,233,91
23.349999999999994,25.35,231,91
23.349999999999994,25.35,229,91
12.349999999999994,25.35,216,91
23.349999999999994,25.35,214,91
22.15000000000001,18.15,218,91
23.40000000000001,29.4,212,91
23.40000000000001,29.4,206,91
23.40000000000001,29.4,200,91
23.40000000000001,29.4,194,91
23.40000000000001,29.4,188,91
23.40000000000001,29.4,182,91
23.40000000000001,29.4,176,91
23.349999999999994,25.35,174,91
23.349999999999994,25.35,172,91
23.349999999999994,25.35,170,91
23.349999999999994,25.35,168,91
23.349999999999994,25.35,166,91
23.349999999999994,25.35,164,91
23.349999999999994,25.35,162,91
23.349999999999994,25.35,160,91
23.349999999999994,25.35,158,91
23.349999999999994,25.35,156,91
11.599999999999994,9.6,158,91
22.0,15.0,165,91
23.40000000000001,29.4,159,91
23.40000000000001,29.4,153,91
23.40000000000001,29.4,147,91
23.40000000000001,29.4,141,91
23.40000000000001,29.4,135,91
23.40000000000001,29.4,129,91
12.150000000000006,12.15,129,91
12.150000000000006,12.15,129,91
12.150000000000006,12.15,129,91
12.150000000000006,12.15,129,91
12.150000000000006,12.15,129,91
12.150000000000006,12.15,129,91
12.150000000000006,12.15,129,91
12.150000000000006,12.15,129,91
12.150000000000006,12.15,129,91
12.150000000000006,12.15,129,91
12.150000000000006,12.15,129,91
12.150000000000006,12.15,129,91
12.150000000000006,12.15,129,91
12.150000000000006,12.15,129,91
12.150000000000006,12.15,129,91
12.150000000000006,12.15,129,91
12.150000000000006,12.15,129,91
12.150000000000006,12.15,129,91
11.599999999999994,9.6,131,91
22.0,15.0,138,91
22.15000000000001,18.15,142,91
32.75,33.75,141,91
32.75,33.75,140,91
3.75,33.75,110,91
3.75,33.75,80,91
3.75,33.75,50,91
4.75,33.75,21,91
5.0,33.75,5,91
5.0,33.75,5,91
5.0,33.75,5,91
5.0,33.75,5,91
5.0,33.75,5,91
5.0,33.75,5,91
5.0,33.75,5,91
5.0,33.75,5,91
5.0,33.75,5,91
4.0,18.15,4,91
4.0,18.15,4,91
4.0,18.15,4,91
4.0,18.15,4,91
4.0,18.15,4,91
4.0,18.15,4,91
4.0,18.15,4,91
4.0,18.15,4,91
4.0,18.15,4,91
4.0,18.15,4,91
4.0,18.15,4,91
4.0,18.15,4,91
4.0,18.15,4,91
4.0,18.15,4,91
4.0,18.15,4,91
4.0,18.15,4,91
4.0,18.15,4,91
4.0,18.15,4,91
2.0,12.15,2,91
2.0,12.15,2,91
0.0,60.0,340,92
0.0,60.0,280,92
0.0,60.0,220,92
0.0,60.0,160,92
63.0,60.0,163,92
59.35000000000001,109.35,113,92
89.35000000000001,109.35,93,92
20.0,109.35,20,92
50.0,66.15,50,92
90.0,194.4,90,92
100.0,375.0,100,92
139.0,714.1500000000001,139,92
190.0,1353.75,190,92
199.0,1440.6,199,92
306.0,3197.4000000000005,306,92
305.0,3744.6,305,92
305.0,3744.6,305,92
305.0,3744.6,305,92
305.0,3744.6,305,92
305.0,3744.6,305,92
305.0,3744.6,305,92
305.0,3744.6,305,92
305.0,3744.6,305,92
305.0,3744.6,305,92
305.0,3744.6,305,92
305.0,3744.6,305,92
305.0,3744.6,305,92
305.0,3744.6,305,92
305.0,3744.6,305,92
305.0,3744.6,305,92
42.0,3330.15,42,92
42.0,3330.15,42,92
42.0,3330.15,42,92
42.0,3330.15,42,92
42.0,3330.15,42,92
42.0,3330.15,42,92
42.0,3330.15,42,92
42.0,3330.15,42,92
42.0,3330.15,42,92
42.0,3330.15,42,92
42.0,3330.15,42,92
42.0,3330.15,42,92
42.0,3330.15,42,92
42.0,3330.15,42,92
42.0,3330.15,42,92
42.0,3330.15,42,92
42.0,3330.15,42,92
42.0,3330.15,42,92
42.0,3330.15,42,92
42.0,3330.15,42,92
42.0,3330.15,42,92
42.0,3330.15,42,92
42.0,3330.15,42,92
42.0,2693.4,42,92
42.0,2693.4,42,92
42.0,2693.4,42,92
42.0,2693.4,42,92
42.0,2693.4,42,92
42.0,2693.4,42,92
42.0,2693.4,42,92
42.0,2693.4,42,92
42.0,2693.4,42,92
42.0,2693.4,42,92
42.0,2693.4,42,92
42.0,2693.4,42,92
42.0,2693.4,42,92
63.0,2693.4,63,92
63.0,3153.75,63,92
63.0,3153.75,63,92
63.0,3153.75,63,92
63.0,3153.75,63,92
63.0,3153.75,63,92
63.0,3153.75,63,92
42.0,1591.35,42,92
42.0,1591.35,42,92
42.0,1591.35,42,92
42.0,1591.35,42,92
42.0,1591.35,42,92
42.0,1591.35,42,92
42.0,1591.35,42,92
42.0,1591.35,42,92
42.0,1591.35,42,92
24.0,777.5999999999999,24,92
24.0,777.5999999999999,24,92
24.0,777.5999999999999,24,92
24.0,777.5999999999999,24,92
24.0,777.5999999999999,24,92
23.0,735.0,23,92
23.0,735.0,23,92
23.0,735.0,23,92
23.0,735.0,23,92
21.0,633.75,21,92
21.0,633.75,21,92
21.0,633.75,21,92
21.0,633.75,21,92
16.0,345.6,16,92
16.0,345.6,16,92
16.0,345.6,16,92
12.0,216.6,12,92
12.0,216.6,12,92
0.0,60.0,340,93
0.0,60.0,280,93
0.0,60.0,220,93
0.0,60.0,160,93
0.0,60.0,100,93
0.0,60.0,40,93
0.0,60.0,0,93
0.0,33.75,0,93
0.0,21.6,0,93
0.0,12.15,0,93
0.0,7.35,0,93
0.0,5.4,0,93
0.0,3.75,0,93
0.0,2.4000000000000004,0,93
0.0,1.35,0,93
0.0,0.6000000000000001,0,93
0.0,0.15,0,93
0.0,60.0,340,94
0.0,60.0,280,94
72.0,60.0,292,94
60.0,60.0,292,94
42.0,60.0,274,94
40.0,60.0,254,94
50.0,60.0,244,94
40.0,60.0,224,94
40.0,60.0,204,94
40.0,60.0,184,94
34.150000000000006,54.150000000000006,164,94
34.150000000000006,54.150000000000006,144,94
34.150000000000006,54.150000000000006,124,94
10.150000000000006,54.150000000000006,80,94
0.0,54.150000000000006,25,94
39.50000000000001,25.35,40,94
39.35,25.35,54,94
39.35,25.35,68,94
45.400000000000006,29.4,84,94
45.75,33.75,96,94
45.35,43.35,98,94
39.6,48.6,89,94
45.6,48.6,86,94
35.599999999999994,48.6,73,94
45.6,48.6,70,94
28.35,25.35,73,94
35.400000000000006,29.4,79,94
35.75,33.75,81,94
39.400000000000006,38.400000000000006,82,94
39.35,43.35,78,94
39.35,43.35,74,94
39.35,43.35,70,94
39.35,43.35,66,94
39.35,43.35,62,94
35.75,33.75,64,94
39.400000000000006,38.400000000000006,65,94
45.6,48.6,62,94
22.599999999999994,48.6,36,94
40.0,48.6,40,94
46.0,66.15,46,94
46.0,86.4,46,94
59.0,86.4,59,94
46.0,60.0,46,94
46.0,60.0,46,94
46.0,60.0,46,94
46.0,60.0,46,94
23.0,60.0,23,94
36.0,60.0,36,94
46.0,66.15,46,94
59.0,109.35,59,94
63.0,126.15,63,94
86.0,228.15000000000003,86,94
92.0,290.40000000000003,92,94
69.0,153.60000000000002,69,94
69.0,153.60000000000002,69,94
75.0,153.60000000000002,75,94
92.0,205.35,92,94
105.0,277.35,105,94
128.0,405.6,128,94
161.0,595.35,161,94
161.0,821.4000000000001,161,94
161.0,821.4000000000001,161,94
161.0,821.4000000000001,161,94
161.0,821.4000000000001,161,94
161.0,821.4000000000001,161,94
161.0,821.4000000000001,161,94
161.0,821.4000000000001,161,94
161.0,821.4000000000001,161,94
161.0,821.4000000000001,161,94
161.0,821.4000000000001,161,94
161.0,821.4000000000001,161,94
161.0,821.4000000000001,161,94
161.0,821.4000000000001,161,94
161.0,821.4000000000001,161,94
161.0,821.4000000000001,161,94
161.0,821.4000000000001,161,94
161.0,821.4000000000001,161,94
161.0,821.4000000000001,161,94
161.0,821.4000000000001,161,94
161.0,821.4000000000001,161,94
161.0,821.4000000000001,161,94
161.0,821.4000000000001,161,94
161.0,821.4000000000001,161,94
161.0,821.4000000000001,161,94
161.0,821.4000000000001,161,94
161.0,821.4000000000001,161,94
161.0,821.4000000000001,161,94
161.0,821.4000000000001,161,94
161.0,821.4000000000001,161,94
161.0,821.4000000000001,161,94
161.0,821.4000000000001,161,94
161.0,821.4000000000001,161,94
161.0,821.4000000000001,161,94
161.0,821.4000000000001,161,94
161.0,821.4000000000001,161,94
161.0,821.4000000000001,161,94
161.0,821.4000000000001,161,94
161.0,821.4000000000001,161,94
161.0,821.4000000000001,161,94
161.0,821.4000000000001,161,94
0.0,60.0,340,95
0.0,60.0,280,95
0.0,60.0,220,95
63.0,60.0,223,95
33.0,60.0,196,95
84.0,60.0,220,95
62.400000000000006,29.4,253,95
65.75,33.75,285,95
80.35,43.35,322,95
83.14999999999998,54.150000000000006,351,95
101.35000000000002,79.35000000000001,373,95
101.60000000000002,117.6,357,95
101.60000000000002,117.6,341,95
98.60000000000002,117.6,322,95
53.60000000000002,72.60000000000001,303,95
65.60000000000002,72.60000000000001,296,95
47.35,43.35,300,95
53.6,48.6,305,95
62.150000000000006,54.150000000000006,313,95
63.0,60.0,316,95
65.60000000000002,72.60000000000001,309,95
65.60000000000002,72.60000000000001,302,95
65.60000000000002,72.60000000000001,295,95
62.150000000000006,54.150000000000006,303,95
62.150000000000006,66.15,299,95
62.150000000000006,66.15,295,95
62.150000000000006,66.15,291,95
44.35000000000002,25.35,310,95
44.35000000000002,25.35,329,95
44.39999999999998,29.4,344,95
47.39999999999998,38.400000000000006,353,95
62.14999999999998,54.150000000000006,361,95
63.0,60.0,364,95
80.60000000000002,72.60000000000001,372,95
83.35000000000002,79.35000000000001,376,95
98.35000000000002,109.35,365,95
98.35000000000002,109.35,354,95
98.35000000000002,109.35,343,95
98.35000000000002,109.35,332,95
98.35000000000002,109.35,321,95
98.35000000000002,109.35,310,95
98.35000000000002,109.35,299,95
98.35000000000002,109.35,288,95
98.35000000000002,109.35,277,95
72.0,60.0,289,95
47.39999999999998,29.4,307,95
53.75,33.75,327,95
62.39999999999998,38.400000000000006,351,95
65.60000000000002,48.6,368,95
83.35000000000002,79.35000000000001,372,95
65.60000000000002,48.6,389,95
83.39999999999998,86.4,386,95
83.39999999999998,86.4,383,95
83.39999999999998,86.4,380,95
83.39999999999998,86.4,377,95
83.39999999999998,86.4,374,95
83.39999999999998,86.4,371,95
83.39999999999998,86.4,368,95
83.39999999999998,86.4,365,95
83.39999999999998,86.4,362,95
83.39999999999998,86.4,359,95
83.39999999999998,86.4,356,95
83.39999999999998,86.4,353,95
83.39999999999998,86.4,350,95
83.39999999999998,86.4,347,95
83.39999999999998,86.4,344,95
80.14999999999998,66.15,358,95
80.60000000000002,72.60000000000001,366,95
89.75,93.75,362,95
89.75,93.75,358,95
89.75,93.75,354,95
89.75,93.75,350,95
89.75,93.75,346,95
89.75,93.75,342,95
89.75,93.75,338,95
89.75,93.75,334,95
89.75,93.75,330,95
89.75,93.75,326,95
89.75,93.75,322,95
89.75,93.75,318,95
89.75,93.75,314,95
65.60000000000002,48.6,331,95
80.14999999999998,66.15,345,95
83.35000000000002,79.35000000000001,349,95
83.39999999999998,86.4,346,95
83.39999999999998,86.4,343,95
83.39999999999998,86.4,340,95
83.4,86.4,337,95
83.4,86.4,334,95
83.4,86.4,331,95
83.4,86.4,328,95
83.4,86.4,325,95
83.4,86.4,322,95
83.4,86.4,319,95
83.4,86.4,316,95
83.4,86.4,313,95
83.4,86.4,310,95
83.4,86.4,307,95
83.4,86.4,304,95
83.4,86.4,301,95
0.0,60.0,340,96
0.0,60.0,280,96
0.0,48.6,231,96
0.0,48.6,182,96
0.0,48.6,134,96
0.0,48.6,85,96
0.0,48.6,37,96
0.0,48.6,0,96
0.0,29.4,0,96
0.0,18.15,0,96
0.0,12.15,0,96
0.0,7.35,0,96
0.0,5.4,0,96
0.0,3.75,0,96
0.0,2.4000000000000004,0,96
0.0,1.35,0,96
0.0,0.6000000000000001,0,96
0.0,0.15,0,96
0.0,60.0,340,97
0.0,60.0,280,97
0.0,60.0,220,97
0.0,60.0,160,97
0.0,60.0,100,97
0.0,60.0,40,97
0.0,60.0,0,97
0.0,33.75,0,97
0.0,21.6,0,97
0.0,12.15,0,97
9.0,7.35,9,97
17.35,7.35,19,97
0.0,7.35,11,97
19.700000000000003,7.35,24,97
18.35,7.35,35,97
9.35,7.35,37,97
19.35,7.35,49,97
19.35,7.35,61,97
9.0,15.0,55,97
9.0,15.0,49,97
20.0,15.0,54,97
29.40000000000001,38.400000000000006,45,97
29.40000000000001,38.400000000000006,36,97
29.75,33.75,32,97
30.0,33.75,30,97
30.0,33.75,30,97
30.0,33.75,30,97
20.0,33.75,20,97
29.0,33.75,29,97
40.0,79.35000000000001,40,97
59.0,153.60000000000002,59,97
70.0,264.6,70,97
90.0,421.35,90,97
110.0,735.0,110,97
130.0,1242.15,130,97
141.0,1949.4,141,97
150.0,2196.15,150,97
150.0,2419.3500000000004,150,97
150.0,2419.3500000000004,150,97
150.0,2419.3500000000004,150,97
150.0,2419.3500000000004,150,97
150.0,2419.3500000000004,150,97
150.0,2419.3500000000004,150,97
150.0,2419.3500000000004,150,97
150.0,2419.3500000000004,150,97
150.0,2419.3500000000004,150,97
98.0,2419.3500000000004,98,97
150.0,2419.3500000000004,150,97
150.0,2535.0,150,97
112.0,2535.0,112,97
164.0,2535.0,164,97
174.0,2774.4,174,97
174.0,3197.4000000000005,174,97
164.0,3197.4000000000005,164,97
160.0,3197.4000000000005,160,97
167.0,3197.4000000000005,167,97
118.0,3420.1500000000005,118,97
112.0,3420.1500000000005,112,97
160.0,3197.4000000000005,160,97
118.0,3465.6000000000004,118,97
118.0,3465.6000000000004,118,97
118.0,3465.6000000000004,118,97
116.0,3465.6000000000004,116,97
118.0,3465.6000000000004,118,97
118.0,3744.6,118,97
118.0,3744.6,118,97
116.0,2982.15,116,97
116.0,2982.15,116,97
116.0,2982.15,116,97
66.0,2982.15,66,97
116.0,2982.15,116,97
116.0,3241.3500000000004,116,97
114.0,3241.3500000000004,114,97
116.0,3241.3500000000004,116,97
118.0,3375.0,118,97
118.0,3557.4,118,97
55.0,3557.4,55,97
118.0,3557.4,118,97
94.0,2196.15,94,97
114.0,2196.15,114,97
94.0,2381.4,94,97
172.0,2381.4,172,97
175.0,2815.3500000000004,175,97
56.0,2940.0,56,97
115.0,1058.4,115,97
103.0,889.3499999999999,103,97
103.0,889.3499999999999,103,97
103.0,889.3499999999999,103,97
46.0,653.4000000000001,46,97
92.0,653.4000000000001,92,97
103.0,866.4000000000001,103,97
115.0,1033.35,115,97
84.0,1440.6,84,97
72.0,1440.6,72,97
72.0,1440.6,72,97
56.0,1033.35,56,97
28.0,504.6,28,97
69.0,504.6,69,97
71.0,693.6,71,97
92.0,984.15,92,97
0.0,60.0,340,98
0.0,60.0,280,98
48.0,60.0,268,98
40.0,60.0,248,98
24.0,60.0,212,98
24.0,60.0,176,98
24.0,60.0,140,98
24.0,60.0,104,98
20.0,60.0,64,98
16.0,60.0,20,98
16.0,60.0,16,98
16.0,60.0,16,98
16.0,54.150000000000006,16,98
16.0,54.150000000000006,16,98
16.0,54.150000000000006,16,98
16.0,54.150000000000006,16,98
16.0,54.150000000000006,16,98
16.0,54.150000000000006,16,98
8.0,21.6,8,98
8.0,21.6,8,98
8.0,21.6,8,98
8.0,21.6,8,98
8.0,21.6,8,98
8.0,21.6,8,98
4.0,9.6,4,98
4.0,9.6,4,98
4.0,9.6,4,98
4.0,9.6,4,98
4.0,9.6,4,98
4.0,9.6,4,98
4.0,9.6,4,98
4.0,9.6,4,98
4.0,9.6,4,98
4.0,9.6,4,98
4.0,9.6,4,98
4.0,9.6,4,98
4.0,9.6,4,98
4.0,9.6,4,98
4.0,9.6,4,98
4.0,5.4,4,98
4.0,5.4,4,98
4.0,5.4,4,98
4.0,5.4,4,98
4.0,5.4,4,98
4.0,5.4,4,98
4.0,5.4,4,98
4.0,5.4,4,98
4.0,5.4,4,98
4.0,5.4,4,98
4.0,5.4,4,98
4.0,5.4,4,98
4.0,5.4,4,98
3.75,3.75,4,98
3.75,3.75,4,98
3.75,3.75,4,98
3.75,3.75,4,98
3.75,3.75,4,98
3.75,3.75,4,98
3.75,3.75,4,98
3.75,3.75,4,98
3.75,3.75,4,98
3.75,3.75,4,98
3.75,3.75,4,98
3.75,3.75,4,98
3.75,3.75,4,98
3.75,3.75,4,98
3.75,3.75,4,98
3.75,3.75,4,98
3.75,3.75,4,98
3.75,3.75,4,98
3.75,3.75,4,98
3.75,3.75,4,98
3.75,3.75,4,98
3.75,3.75,4,98
3.75,3.75,4,98
3.75,3.75,4,98
3.75,3.75,4,98
3.75,3.75,4,98
3.75,3.75,4,98
3.75,3.75,4,98
3.75,3.75,4,98
3.75,3.75,4,98
3.75,3.75,4,98
3.75,3.75,4,98
0.0,1.35,2,98
0.0,1.35,1,98
0.0,1.35,0,98
0.0,0.6000000000000001,0,98
0.0,0.15,0,98
0.0,60.0,340,99
0.0,60.0,280,99
0.0,60.0,220,99
0.0,60.0,160,99
0.0,60.0,100,99
0.0,60.0,40,99
0.0,38.400000000000006,1,99
0.0,38.400000000000006,0,99
0.0,21.6,0,99
0.0,12.15,0,99
0.0,7.35,0,99
0.0,5.4,0,99
10.0,3.75,10,99
9.75,3.75,16,99
0.0,7.35,8,99
22.700000000000003,7.35,24,99
32.6,9.6,47,99
46.150000000000006,18.15,75,99
68.75,33.75,110,99
79.15,54.150000000000006,135,99
115.35,109.35,141,99
184.0,252.15000000000003,184,99
240.0,421.35,240,99
309.0,693.6,309,99
299.0,633.75,299,99
299.0,633.75,299,99
299.0,633.75,299,99
299.0,633.75,299,99
299.0,633.75,299,99
299.0,633.75,299,99
299.0,633.75,299,99
299.0,633.75,299,99
299.0,633.75,299,99
299.0,633.75,299,99
299.0,633.75,299,99
299.0,633.75,299,99
299.0,633.75,299,99
299.0,633.75,299,99
299.0,633.75,299,99
299.0,633.75,299,99
299.0,633.75,299,99
299.0,633.75,299,99
299.0,633.75,299,99
299.0,633.75,299,99
299.0,633.75,299,99
299.0,633.75,299,99
299.0,633.75,299,99
299.0,633.75,299,99
299.0,633.75,299,99
299.0,633.75,299,99
299.0,633.75,299,99
299.0,633.75,299,99
299.0,633.75,299,99
299.0,633.75,299,99
299.0,633.75,299,99
299.0,633.75,299,99
299.0,633.75,299,99
299.0,633.75,299,99
299.0,633.75,299,99
299.0,633.75,299,99
299.0,633.75,299,99
299.0,633.75,299,99
299.0,633.75,299,99
299.0,633.75,299,99
299.0,633.75,299,99
299.0,633.75,299,99
299.0,633.75,299,99
299.0,633.75,299,99
299.0,633.75,299,99
299.0,633.75,299,99
299.0,633.75,299,99
299.0,633.75,299,99
299.0,633.75,299,99
299.0,633.75,299,99
299.0,633.75,299,99
299.0,633.75,299,99
299.0,633.75,299,99
299.0,633.75,299,99
299.0,633.75,299,99
299.0,633.75,299,99
299.0,633.75,299,99
299.0,633.75,299,99
299.0,633.75,299,99
299.0,633.75,299,99
299.0,633.75,299,99
208.0,633.75,208,99
208.0,633.75,208,99
208.0,633.75,208,99
208.0,633.75,208,99
208.0,633.75,208,99
208.0,633.75,208,99
208.0,633.75,208,99
208.0,633.75,208,99
208.0,633.75,208,99
208.0,633.75,208,99
208.0,633.75,208,99
208.0,633.75,208,99
208.0,633.75,208,99
208.0,633.75,208,99
208.0,633.75,208,99
0.0,60.0,340,100
0.0,60.0,280,100
0.0,60.0,220,100
0.0,60.0,160,100
130.0,60.0,230,100
169.4,173.4,226,100
117.4,173.4,170,100
156.0,173.4,156,100
104.0,173.4,104,100
117.0,173.4,117,100
156.0,317.40000000000003,156,100
143.0,576.6,143,100
156.0,576.6,156,100
156.0,960.0,156,100
78.0,960.0,78,100
130.0,960.0,130,100
156.0,1530.15,156,100
192.0,2381.4,192,100
197.0,2693.4,197,100
300.0,3375.0,300,100
418.0,3697.35,418,100
529.0,3792.15,529,100
462.0,3792.15,462,100
527.0,3792.15,527,100
468.0,3888.150000000001,468,100
350.0,3888.150000000001,350,100
454.0,3888.150000000001,454,100
352.0,4183.35,352,100
352.0,4183.35,352,100
465.0,4183.35,465,100
475.0,4489.35,475,100
548.0,4699.35,548,100
604.0,4968.6,604,100
454.0,5245.35,454,100
451.0,3603.75,451,100
516.0,3603.75,516,100
291.0,3650.400000000001,291,100
487.0,3650.400000000001,487,100
201.0,3840.0,201,100
514.0,3840.0,514,100
521.0,3888.150000000001,521,100
268.0,4034.400000000001,268,100
124.0,4034.400000000001,124,100
401.0,4034.400000000001,401,100
81.0,4133.400000000001,81,100
426.0,4133.400000000001,426,100
426.0,4284.150000000001,426,100
408.0,4284.150000000001,408,100
384.0,4284.150000000001,384,100
75.0,4284.150000000001,75,100
313.0,4284.150000000001,313,100
275.0,4335.0,275,100
278.0,4335.0,278,100
275.0,4386.150000000001,275,100
276.0,4386.150000000001,276,100
278.0,4646.400000000001,278,100
339.0,4806.150000000001,339,100
270.0,4968.6,270,100
37.0,4968.6,37,100
298.0,4968.6,298,100
210.0,5133.75,210,100
282.0,5133.75,282,100
283.0,5245.35,283,100
482.0,5415.0,482,100
424.0,5703.75,424,100
95.0,5703.75,95,100
381.0,5703.75,381,100
446.0,5940.150000000001,446,100
260.0,6242.400000000001,260,100
118.0,6242.400000000001,118,100
501.0,6242.400000000001,501,100
501.0,5821.35,501,100
438.0,5821.35,438,100
501.0,5821.35,501,100
118.0,6120.6,118,100
232.0,6120.6,232,100
440.0,6242.400000000001,440,100
60.0,6552.150000000001,60,100
456.0,6552.150000000001,456,100
446.0,6933.75,446,100
584.0,6933.75,584,100
154.0,3936.6,154,100
263.0,3936.6,263,100
379.0,4183.35,379,100
260.0,4335.0,260,100
259.0,4335.0,259,100
275.0,4335.0,275,100
275.0,4437.6,275,100
251.0,4437.6,251,100
87.0,4437.6,87,100
396.0,4437.6,396,100
396.0,4489.35,396,100
396.0,4489.35,396,100
335.0,4489.35,335,100
335.0,4489.35,335,100
335.0,4489.35,335,100
331.0,4489.35,331,100
294.0,4489.35,294,100
220.0,4489.35,220,100
342.0,4489.35,342,100
0.0,60.0,340,101
0.0,60.0,280,101
0.0,60.0,220,101
0.0,60.0,160,101
0.0,60.0,100,101
0.0,60.0,40,101
0.0,54.150000000000006,0,101
0.0,33.75,0,101
0.0,21.6,0,101
0.0,12.15,0,101
0.0,7.35,0,101
0.0,5.4,0,101
0.0,3.75,0,101
0.0,2.4000000000000004,0,101
0.0,1.35,0,101
0.0,0.6000000000000001,0,101
0.0,0.15,0,101
0.0,60.0,340,102
0.0,60.0,280,102
0.0,60.0,220,102
0.0,43.35,176,102
0.0,43.35,133,102
23.049999999999983,43.35,113,102
11.599999999999994,21.6,103,102
19.15000000000001,12.15,110,102
19.0,15.0,114,102
37.6,21.6,130,102
13.349999999999994,25.35,118,102
39.35,25.35,132,102
39.400000000000006,29.4,142,102
40.400000000000006,38.400000000000006,144,102
53.35,43.35,154,102
13.150000000000006,66.15,101,102
57.150000000000006,66.15,92,102
57.150000000000006,66.15,83,102
38.150000000000006,66.15,55,102
57.0,66.15,57,102
76.0,86.4,76,102
76.0,126.15,76,102
76.0,126.15,76,102
76.0,126.15,76,102
76.0,126.15,76,102
76.0,126.15,76,102
76.0,126.15,76,102
76.0,126.15,76,102
56.6,48.6,84,102
38.0,86.4,38,102
69.0,86.4,69,102
25.0,126.15,25,102
75.0,126.15,75,102
94.0,163.35000000000002,94,102
75.0,205.35,75,102
94.0,205.35,94,102
119.0,277.35,119,102
144.0,437.4,144,102
125.0,504.6,125,102
144.0,504.6,144,102
144.0,614.4000000000001,144,102
144.0,614.4000000000001,144,102
113.0,614.4000000000001,113,102
216.0,614.4000000000001,216,102
253.0,912.6,253,102
290.0,1297.35,290,102
180.0,1653.75,180,102
261.0,1653.75,261,102
242.0,1815.0,242,102
266.0,1815.0,266,102
261.0,1915.35,261,102
266.0,1915.35,266,102
242.0,1949.4,242,102
266.0,1949.4,266,102
124.0,2053.3500000000004,124,102
270.0,2053.3500000000004,270,102
270.0,2160.0,270,102
270.0,2160.0,270,102
261.0,2160.0,261,102
392.0,2160.0,392,102
264.0,2160.0,264,102
392.0,2160.0,392,102
392.0,2269.3500000000004,392,102
398.0,2269.3500000000004,398,102
126.0,2419.3500000000004,126,102
405.0,2419.3500000000004,405,102
405.0,2535.0,405,102
392.0,2535.0,392,102
405.0,2535.0,405,102
396.0,2733.75,396,102
409.0,2733.75,409,102
398.0,3110.4,398,102
482.0,3110.4,482,102
455.0,3420.1500000000005,455,102
266.0,1325.4,266,102
266.0,1083.75,266,102
266.0,1083.75,266,102
152.0,1083.75,152,102
241.0,1083.75,241,102
268.0,1530.15,268,102
222.0,1622.4,222,102
266.0,1135.35,266,102
266.0,1653.75,266,102
268.0,1653.75,268,102
273.0,1749.6,273,102
392.0,1915.35,392,102
51.0,2053.3500000000004,51,102
398.0,2053.3500000000004,398,102
228.0,2269.3500000000004,228,102
434.0,2269.3500000000004,434,102
273.0,2381.4,273,102
506.0,2381.4,506,102
506.0,2381.4,506,102
230.0,889.3499999999999,230,102
212.0,889.3499999999999,212,102
212.0,889.3499999999999,212,102
212.0,889.3499999999999,212,102
212.0,889.3499999999999,212,102
212.0,889.3499999999999,212,102
212.0,889.3499999999999,212,102
0.0,60.0,340,103
0.0,60.0,280,103
0.0,60.0,220,103
0.0,60.0,160,103
0.0,60.0,100,103
0.0,60.0,40,103
0.0,60.0,0,103
0.0,33.75,0,103
0.0,21.6,0,103
0.0,12.15,0,103
0.0,7.35,0,103
13.0,5.4,13,103
0.0,5.4,7,103
12.8,5.4,15,103
13.35,7.35,21,103
0.0,12.15,8,103
0.0,12.15,0,103
13.0,7.35,13,103
0.0,3.75,9,103
0.0,3.75,5,103
0.0,3.75,1,103
0.0,3.75,0,103
0.0,2.4000000000000004,0,103
0.0,1.35,0,103
0.0,0.6000000000000001,0,103
0.0,0.15,0,103
0.0,60.0,340,104
0.0,60.0,280,104
0.0,60.0,220,104
0.0,60.0,160,104
0.0,60.0,100,104
0.0,60.0,40,104
0.0,60.0,0,104
12.0,33.75,12,104
12.0,33.75,12,104
4.0,18.15,4,104
8.0,18.15,8,104
8.0,18.15,8,104
8.0,18.15,8,104
8.0,18.15,8,104
8.0,18.15,8,104
8.0,18.15,8,104
8.0,18.15,8,104
8.0,18.15,8,104
8.0,18.15,8,104
8.0,18.15,8,104
4.0,18.15,4,104
4.0,18.15,4,104
8.0,18.15,8,104
8.0,21.6,8,104
8.0,21.6,8,104
8.0,21.6,8,104
16.0,21.6,16,104
16.0,33.75,16,104
12.0,18.15,12,104
12.0,18.15,12,104
12.0,18.15,12,104
12.0,18.15,12,104
12.0,18.15,12,104
8.0,12.15,8,104
8.0,12.15,8,104
8.0,12.15,8,104
8.0,12.15,8,104
8.0,12.15,8,104
8.0,12.15,8,104
8.0,12.15,8,104
8.0,12.15,8,104
8.0,12.15,8,104
8.0,12.15,8,104
8.0,12.15,8,104
8.0,12.15,8,104
8.0,12.15,8,104
8.0,12.15,8,104
8.0,12.15,8,104
8.0,12.15,8,104
8.0,12.15,8,104
8.0,12.15,8,104
8.0,12.15,8,104
8.0,12.15,8,104
8.0,12.15,8,104
8.0,12.15,8,104
8.0,12.15,8,104
8.0,12.15,8,104
8.0,12.15,8,104
8.0,12.15,8,104
0.0,12.15,0,104
8.0,7.35,8,104
8.0,12.15,8,104
8.0,12.15,8,104
8.0,12.15,8,104
8.0,12.15,8,104
8.0,12.15,8,104
8.0,12.15,8,104
8.0,12.15,8,104
8.0,12.15,8,104
8.0,12.15,8,104
8.0,12.15,8,104
8.0,12.15,8,104
8.0,12.15,8,104
8.0,12.15,8,104
8.0,12.15,8,104
8.0,12.15,8,104
8.0,12.15,8,104
8.0,12.15,8,104
8.0,12.15,8,104
8.0,12.15,8,104
8.0,12.15,8,104
8.0,12.15,8,104
8.0,12.15,8,104
8.0,12.15,8,104
8.0,12.15,8,104
8.0,12.15,8,104
8.0,12.15,8,104
8.0,12.15,8,104
8.0,12.15,8,104
8.0,12.15,8,104
8.0,12.15,8,104
8.0,12.15,8,104
8.0,12.15,8,104
8.0,12.15,8,104
8.0,12.15,8,104
8.0,12.15,8,104
8.0,12.15,8,104
8.0,12.15,8,104
8.0,12.15,8,104
8.0,12.15,8,104
0.0,60.0,340,105
0.0,60.0,280,105
130.0,60.0,350,105
91.0,60.0,381,105
92.60000000000002,72.60000000000001,401,105
120.39999999999998,86.4,435,105
113.14999999999998,126.15,422,105
33.14999999999998,126.15,329,105
93.15,126.15,296,105
93.15,126.15,263,105
79.75,93.75,249,105
79.75,93.75,235,105
79.75,93.75,221,105
72.75,93.75,200,105
72.75,93.75,179,105
72.75,93.75,158,105
72.75,93.75,137,105
72.75,93.75,116,105
72.75,93.75,95,105
72.75,93.75,74,105
73.0,93.75,73,105
73.0,93.75,73,105
73.0,93.75,73,105
73.0,93.75,73,105
73.0,93.75,73,105
73.0,93.75,73,105
73.0,93.75,73,105
73.0,93.75,73,105
73.0,93.75,73,105
73.0,93.75,73,105
73.0,93.75,73,105
73.0,93.75,73,105
73.0,93.75,73,105
73.0,93.75,73,105
73.0,93.75,73,105
73.0,93.75,73,105
73.0,93.75,73,105
73.0,93.75,73,105
73.0,93.75,73,105
73.0,93.75,73,105
73.0,93.75,73,105
73.0,93.75,73,105
73.0,93.75,73,105
73.0,93.75,73,105
73.0,93.75,73,105
73.0,93.75,73,105
73.0,93.75,73,105
73.0,93.75,73,105
73.0,93.75,73,105
73.0,93.75,73,105
73.0,93.75,73,105
73.0,93.75,73,105
73.0,93.75,73,105
73.0,93.75,73,105
73.0,93.75,73,105
73.0,93.75,73,105
73.0,93.75,73,105
73.0,93.75,73,105
73.0,93.75,73,105
80.0,93.75,80,105
93.0,126.15,93,105
100.0,144.15,100,105
100.0,153.60000000000002,100,105
100.0,153.60000000000002,100,105
100.0,153.60000000000002,100,105
100.0,153.60000000000002,100,105
100.0,153.60000000000002,100,105
100.0,153.60000000000002,100,105
100.0,153.60000000000002,100,105
100.0,153.60000000000002,100,105
100.0,153.60000000000002,100,105
100.0,153.60000000000002,100,105
100.0,153.60000000000002,100,105
100.0,153.60000000000002,100,105
100.0,153.60000000000002,100,105
73.35000000000001,79.35000000000001,94,105
73.35000000000001,79.35000000000001,88,105
73.35000000000001,79.35000000000001,82,105
73.35000000000001,79.35000000000001,76,105
73.0,79.35000000000001,73,105
73.0,79.35000000000001,73,105
73.0,79.35000000000001,73,105
73.0,79.35000000000001,73,105
73.0,79.35000000000001,73,105
72.60000000000001,72.60000000000001,73,105
72.60000000000001,72.60000000000001,73,105
72.60000000000001,72.60000000000001,73,105
72.60000000000001,72.60000000000001,73,105
72.60000000000001,72.60000000000001,73,105
72.60000000000001,72.60000000000001,73,105
72.60000000000001,72.60000000000001,73,105
51.60000000000001,72.60000000000001,52,105
52.0,72.60000000000001,52,105
52.0,72.60000000000001,52,105
78.0,72.60000000000001,78,105
78.0,93.75,78,105
78.0,93.75,78,105
25.75,33.75,70,105
51.75,33.75,88,105
64.6,48.6,104,105
0.0,60.0,340,106
0.0,60.0,280,106
0.0,60.0,220,106
0.0,60.0,160,106
60.0,60.0,160,106
36.0,60.0,136,106
18.0,60.0,94,106
11.400000000000006,29.4,76,106
11.400000000000006,29.4,58,106
-0.5999999999999979,29.4,28,106
20.0,29.4,20,106
12.0,29.4,12,106
6.0,12.15,6,106
6.0,12.15,6,106
6.0,12.15,6,106
6.0,12.15,6,106
6.0,12.15,6,106
6.0,12.15,6,106
6.0,12.15,6,106
6.0,12.15,6,106
6.0,12.15,6,106
5.4,5.4,6,106
5.4,5.4,6,106
5.4,5.4,6,106
5.4,5.4,6,106
5.4,5.4,6,106
5.4,5.4,6,106
5.4,5.4,6,106
-0.25,3.75,2,106
0.0,3.75,0,106
0.0,2.4000000000000004,0,106
0.0,1.35,0,106
0.0,0.6000000000000001,0,106
0.0,0.15,0,106
0.0,60.0,340,107
0.0,60.0,280,107
0.0,60.0,220,107
8.400000000000006,29.4,199,107
8.400000000000006,29.4,178,107
56.400000000000006,29.4,205,107
41.400000000000006,29.4,217,107
44.400000000000006,29.4,232,107
44.400000000000006,38.400000000000006,238,107
41.35,43.35,236,107
29.349999999999994,43.35,222,107
44.35,43.35,223,107
15.0,60.0,178,107
29.599999999999994,21.6,186,107
41.400000000000006,38.400000000000006,189,107
45.0,60.0,174,107
14.599999999999994,48.6,140,107
55.6,48.6,147,107
83.35000000000001,79.35000000000001,151,107
111.15,144.15,118,107
112.0,144.15,112,107
28.0,144.15,28,107
28.0,144.15,28,107
68.0,66.15,68,107
68.0,86.4,68,107
68.0,86.4,68,107
68.0,86.4,68,107
68.0,86.4,68,107
68.0,86.4,68,107
68.0,86.4,68,107
34.0,86.4,34,107
86.0,86.4,86,107
102.0,135.0,102,107
40.0,216.6,40,107
135.0,216.6,135,107
163.0,317.40000000000003,163,107
58.0,487.35,58,107
185.0,487.35,185,107
222.0,714.1500000000001,222,107
259.0,936.15,259,107
274.0,1500.0,274,107
185.0,1949.4,185,107
350.0,1949.4,350,107
354.0,2124.15,354,107
350.0,2535.0,350,107
350.0,1749.6,350,107
350.0,1749.6,350,107
350.0,1749.6,350,107
259.0,1749.6,259,107
264.0,1749.6,264,107
463.0,2733.75,463,107
249.0,3197.4000000000005,249,107
571.0,3197.4000000000005,571,107
291.0,3465.6000000000004,291,107
492.0,3465.6000000000004,492,107
492.0,3697.35,492,107
465.0,3697.35,465,107
402.0,3697.35,402,107
322.0,3697.35,322,107
238.0,3697.35,238,107
343.0,3697.35,343,107
336.0,3110.4,336,107
336.0,3110.4,336,107
312.0,3110.4,312,107
336.0,3110.4,336,107
290.0,3330.15,290,107
432.0,3330.15,432,107
466.0,3697.35,466,107
462.0,3936.6,462,107
411.0,3936.6,411,107
437.0,3936.6,437,107
333.0,4133.400000000001,333,107
258.0,4133.400000000001,258,107
441.0,4133.400000000001,441,107
441.0,4233.6,441,107
441.0,4233.6,441,107
193.0,4233.6,193,107
368.0,4233.6,368,107
353.0,2535.0,353,107
347.0,2535.0,347,107
165.0,2535.0,165,107
353.0,2535.0,353,107
281.0,1983.75,281,107
235.0,1983.75,235,107
238.0,1983.75,238,107
245.0,1782.15,245,107
213.0,1881.6,213,107
22.0,1881.6,22,107
245.0,1881.6,245,107
261.0,2018.4,261,107
213.0,2088.6000000000004,213,107
283.0,2088.6000000000004,283,107
347.0,2232.6000000000004,347,107
353.0,2574.15,353,107
258.0,2774.4,258,107
193.0,2774.4,193,107
356.0,2774.4,356,107
213.0,3024.6000000000004,213,107
223.0,3024.6000000000004,223,107
416.0,3650.400000000001,416,107
0.0,60.0,340,108
0.0,60.0,280,108
0.0,43.35,236,108
0.0,43.35,193,108
0.0,43.35,149,108
0.0,43.35,106,108
0.0,43.35,63,108
0.0,43.35,19,108
24.0,43.35,24,108
24.0,54.150000000000006,24,108
24.0,54.150000000000006,24,108
24.0,54.150000000000006,24,108
24.0,54.150000000000006,24,108
24.0,54.150000000000006,24,108
24.0,54.150000000000006,24,108
24.0,54.150000000000006,24,108
24.0,54.150000000000006,24,108
24.0,54.150000000000006,24,108
24.0,54.150000000000006,24,108
24.0,54.150000000000006,24,108
24.0,54.150000000000006,24,108
24.0,54.150000000000006,24,108
24.0,54.150000000000006,24,108
24.0,54.150000000000006,24,108
24.0,54.150000000000006,24,108
24.0,54.150000000000006,24,108
24.0,54.150000000000006,24,108
24.0,54.150000000000006,24,108
24.0,54.150000000000006,24,108
24.0,54.150000000000006,24,108
24.0,54.150000000000006,24,108
24.0,54.150000000000006,24,108
24.0,54.150000000000006,24,108
24.0,54.150000000000006,24,108
24.0,54.150000000000006,24,108
24.0,54.150000000000006,24,108
24.0,54.150000000000006,24,108
24.0,54.150000000000006,24,108
24.0,54.150000000000006,24,108
24.0,54.150000000000006,24,108
24.0,54.150000000000006,24,108
24.0,54.150000000000006,24,108
24.0,54.150000000000006,24,108
24.0,54.150000000000006,24,108
24.0,54.150000000000006,24,108
24.0,54.150000000000006,24,108
24.0,54.150000000000006,24,108
24.0,54.150000000000006,24,108
24.0,54.150000000000006,24,108
24.0,54.150000000000006,24,108
24.0,54.150000000000006,24,108
24.0,54.150000000000006,24,108
24.0,54.150000000000006,24,108
0.0,54.150000000000006,0,108
0.0,33.75,0,108
0.0,21.6,0,108
0.0,12.15,0,108
0.0,7.35,0,108
0.0,5.4,0,108
0.0,3.75,0,108
0.0,2.4000000000000004,0,108
0.0,1.35,0,108
0.0,0.6000000000000001,0,108
0.0,0.15,0,108
0.0,60.0,340,109
0.0,60.0,280,109
0.0,60.0,220,109
0.0,60.0,160,109
18.0,60.0,118,109
18.0,60.0,76,109
18.0,60.0,34,109
18.0,60.0,18,109
12.0,60.0,12,109
6.0,60.0,6,109
6.0,60.0,6,109
27.0,60.0,27,109
0.0,66.15,0,109
20.0,38.400000000000006,20,109
20.0,48.6,20,109
20.0,48.6,20,109
20.0,48.6,20,109
20.0,48.6,20,109
30.0,48.6,30,109
37.0,72.60000000000001,37,109
40.0,93.75,40,109
47.0,117.6,47,109
50.0,126.15,50,109
50.0,153.60000000000002,50,109
50.0,153.60000000000002,50,109
50.0,153.60000000000002,50,109
50.0,153.60000000000002,50,109
50.0,153.60000000000002,50,109
50.0,153.60000000000002,50,109
50.0,153.60000000000002,50,109
50.0,153.60000000000002,50,109
50.0,153.60000000000002,50,109
50.0,153.60000000000002,50,109
50.0,153.60000000000002,50,109
50.0,153.60000000000002,50,109
50.0,153.60000000000002,50,109
50.0,153.60000000000002,50,109
50.0,153.60000000000002,50,109
50.0,153.60000000000002,50,109
50.0,153.60000000000002,50,109
50.0,153.60000000000002,50,109
50.0,153.60000000000002,50,109
50.0,153.60000000000002,50,109
50.0,153.60000000000002,50,109
50.0,153.60000000000002,50,109
50.0,153.60000000000002,50,109
50.0,153.60000000000002,50,109
50.0,153.60000000000002,50,109
50.0,153.60000000000002,50,109
50.0,153.60000000000002,50,109
50.0,153.60000000000002,50,109
50.0,153.60000000000002,50,109
50.0,153.60000000000002,50,109
50.0,153.60000000000002,50,109
50.0,153.60000000000002,50,109
50.0,153.60000000000002,50,109
50.0,153.60000000000002,50,109
50.0,153.60000000000002,50,109
50.0,153.60000000000002,50,109
50.0,153.60000000000002,50,109
50.0,153.60000000000002,50,109
50.0,153.60000000000002,50,109
50.0,153.60000000000002,50,109
50.0,153.60000000000002,50,109
50.0,153.60000000000002,50,109
50.0,153.60000000000002,50,109
50.0,153.60000000000002,50,109
50.0,153.60000000000002,50,109
50.0,153.60000000000002,50,109
50.0,153.60000000000002,50,109
50.0,153.60000000000002,50,109
50.0,153.60000000000002,50,109
50.0,153.60000000000002,50,109
50.0,153.60000000000002,50,109
50.0,153.60000000000002,50,109
50.0,153.60000000000002,50,109
50.0,153.60000000000002,50,109
50.0,153.60000000000002,50,109
50.0,153.60000000000002,50,109
50.0,153.60000000000002,50,109
50.0,153.60000000000002,50,109
50.0,153.60000000000002,50,109
50.0,153.60000000000002,50,109
50.0,153.60000000000002,50,109
50.0,153.60000000000002,50,109
50.0,153.60000000000002,50,109
50.0,153.60000000000002,50,109
50.0,153.60000000000002,50,109
50.0,153.60000000000002,50,109
50.0,153.60000000000002,50,109
50.0,153.60000000000002,50,109
50.0,153.60000000000002,50,109
50.0,153.60000000000002,50,109
50.0,153.60000000000002,50,109
50.0,153.60000000000002,50,109
50.0,153.60000000000002,50,109
50.0,153.60000000000002,50,109
50.0,153.60000000000002,50,109
50.0,153.60000000000002,50,109
50.0,153.60000000000002,50,109
0.0,60.0,340,110
76.14999999999998,54.150000000000006,362,110
76.14999999999998,54.150000000000006,384,110
36.14999999999998,54.150000000000006,366,110
28.149999999999977,54.150000000000006,340,110
28.149999999999977,54.150000000000006,314,110
20.149999999999977,54.150000000000006,280,110
32.150000000000006,54.150000000000006,258,110
56.150000000000006,54.150000000000006,260,110
18.15000000000001,54.150000000000006,224,110
46.150000000000006,54.150000000000006,216,110
69.15,54.150000000000006,231,110
69.15,54.150000000000006,246,110
59.150000000000006,54.150000000000006,251,110
69.15,54.150000000000006,266,110
50.0,60.0,256,110
50.0,60.0,246,110
50.0,60.0,236,110
50.0,60.0,226,110
50.35,43.35,233,110
45.6,48.6,230,110
49.6,48.6,231,110
59.150000000000006,54.150000000000006,236,110
73.4,86.4,223,110
73.4,86.4,210,110
73.4,86.4,197,110
73.4,86.4,184,110
4.400000000000006,86.4,102,110
46.400000000000006,38.400000000000006,110,110
46.400000000000006,38.400000000000006,118,110
46.400000000000006,38.400000000000006,126,110
49.6,48.6,127,110
59.150000000000006,66.15,120,110
59.150000000000006,66.15,113,110
59.150000000000006,66.15,106,110
59.150000000000006,66.15,99,110
59.150000000000006,66.15,92,110
59.150000000000006,66.15,85,110
59.150000000000006,66.15,78,110
59.150000000000006,66.15,71,110
59.150000000000006,66.15,64,110
59.0,66.15,59,110
59.0,66.15,59,110
59.0,66.15,59,110
59.0,66.15,59,110
59.0,66.15,59,110
59.0,66.15,59,110
59.0,66.15,59,110
59.0,66.15,59,110
59.0,66.15,59,110
59.0,66.15,59,110
59.0,66.15,59,110
59.0,66.15,59,110
59.0,66.15,59,110
59.0,66.15,59,110
59.0,66.15,59,110
59.0,66.15,59,110
59.0,66.15,59,110
59.0,66.15,59,110
59.0,66.15,59,110
59.0,66.15,59,110
59.0,66.15,59,110
59.0,66.15,59,110
59.0,66.15,59,110
59.0,66.15,59,110
59.0,66.15,59,110
59.0,66.15,59,110
59.0,66.15,59,110
59.0,66.15,59,110
59.0,66.15,59,110
59.0,66.15,59,110
59.0,66.15,59,110
59.0,66.15,59,110
59.0,66.15,59,110
59.0,66.15,59,110
59.0,66.15,59,110
59.0,66.15,59,110
59.0,66.15,59,110
59.0,66.15,59,110
59.0,66.15,59,110
59.0,66.15,59,110
59.0,66.15,59,110
59.0,66.15,59,110
59.0,66.15,59,110
59.0,66.15,59,110
59.0,66.15,59,110
59.0,66.15,59,110
59.0,66.15,59,110
59.0,66.15,59,110
59.0,66.15,59,110
59.0,66.15,59,110
59.0,66.15,59,110
59.0,66.15,59,110
59.0,66.15,59,110
59.0,66.15,59,110
59.0,66.15,59,110
59.0,66.15,59,110
59.0,66.15,59,110
59.0,66.15,59,110
59.0,66.15,59,110
0.0,60.0,340,111
0.0,60.0,280,111
0.0,60.0,220,111
0.0,38.400000000000006,181,111
0.0,38.400000000000006,143,111
0.0,38.400000000000006,104,111
0.0,38.400000000000006,66,111
0.0,38.400000000000006,27,111
0.0,38.400000000000006,0,111
0.0,21.6,0,111
0.0,12.15,0,111
0.0,3.75,0,111
0.0,2.4000000000000004,0,111
0.0,1.35,0,111
0.0,0.6000000000000001,0,111
0.0,0.15,0,111
0.0,60.0,340,112
0.0,60.0,280,112
0.0,60.0,220,112
0.0,54.150000000000006,165,112
0.0,54.150000000000006,111,112
0.0,54.150000000000006,57,112
0.0,54.150000000000006,3,112
0.0,54.150000000000006,0,112
0.0,33.75,0,112
0.0,21.6,0,112
0.0,9.6,0,112
0.0,5.4,0,112
0.0,3.75,0,112
0.0,1.35,0,112
0.0,0.6000000000000001,0,112
0.0,0.15,0,112
0.0,60.0,340,113
140.0,60.0,420,113
42.0,60.0,402,113
49.0,60.0,391,113
80.0,60.0,411,113
60.0,60.0,411,113
150.0,60.0,501,113
150.0,60.0,591,113
143.0,60.0,674,113
150.0,60.0,764,113
193.4,101.4,856,113
223.0,135.0,944,113
173.39999999999998,194.4,923,113
180.4,194.4,909,113
150.39999999999998,194.4,865,113
143.39999999999998,194.4,814,113
180.4,194.4,800,113
180.4,194.4,786,113
83.39999999999998,194.4,675,113
150.39999999999998,194.4,631,113
150.39999999999998,194.4,587,113
113.39999999999998,101.4,599,113
133.14999999999998,144.15,588,113
133.14999999999998,144.15,577,113
120.14999999999998,144.15,553,113
120.14999999999998,144.15,529,113
43.14999999999998,144.15,428,113
113.0,135.0,406,113
113.0,135.0,384,113
113.0,135.0,362,113
113.0,135.0,340,113
83.35000000000002,79.35000000000001,344,113
83.4,101.4,326,113
23.40000000000001,101.4,248,113
83.4,101.4,230,113
23.40000000000001,101.4,152,113
91.4,101.4,142,113
39.400000000000006,101.4,80,113
0.0,101.4,0,113
91.0,60.0,91,113
98.0,101.4,98,113
111.0,117.6,111,113
81.15,54.150000000000006,138,113
90.6,72.60000000000001,156,113
98.4,86.4,168,113
98.35,109.35,157,113
98.35,109.35,146,113
49.35000000000001,109.35,86,113
91.0,109.35,91,113
98.0,117.6,98,113
91.0,153.60000000000002,91,113
98.0,153.60000000000002,98,113
98.0,117.6,98,113
98.0,117.6,98,113
98.0,117.6,98,113
49.0,117.6,49,113
91.0,117.6,91,113
98.0,144.15,98,113
98.0,183.75,98,113
98.0,183.75,98,113
98.0,183.75,98,113
98.0,183.75,98,113
98.0,183.75,98,113
98.0,183.75,98,113
98.0,183.75,98,113
0.0,183.75,0,113
42.0,109.35,42,113
103.0,126.15,103,113
122.0,153.60000000000002,122,113
122.0,173.4,122,113
122.0,173.4,122,113
122.0,173.4,122,113
61.150000000000006,66.15,117,113
61.150000000000006,66.15,112,113
61.150000000000006,66.15,107,113
61.150000000000006,66.15,102,113
0.0,66.15,35,113
61.0,66.15,61,113
74.0,72.60000000000001,74,113
103.0,109.35,103,113
122.0,153.60000000000002,122,113
154.0,252.15000000000003,154,113
140.0,421.35,140,113
162.0,421.35,162,113
216.0,614.4000000000001,216,113
216.0,936.15,216,113
258.0,936.15,258,113
312.0,1440.6,312,113
371.0,2269.3500000000004,371,113
270.0,2381.4,270,113
331.0,2381.4,331,113
259.0,2574.15,259,113
376.0,2574.15,376,113
380.0,2774.4,380,113
175.0,1560.6,175,113
254.0,1560.6,254,113
216.0,1717.35,216,113
259.0,1717.35,259,113
216.0,1949.4,216,113
259.0,1949.4,259,113
0.0,60.0,340,114
0.0,60.0,280,114
0.0,60.0,220,114
0.0,60.0,160,114
0.0,60.0,100,114
20.0,60.0,60,114
20.0,60.0,20,114
16.0,60.0,16,114
16.0,60.0,16,114
20.0,60.0,20,114
16.0,60.0,16,114
16.0,60.0,16,114
8.0,25.35,8,114
8.0,25.35,8,114
8.0,25.35,8,114
8.0,25.35,8,114
4.0,25.35,4,114
0.0,25.35,0,114
18.0,15.0,18,114
22.0,15.0,25,114
22.0,15.0,32,114
22.0,15.0,39,114
22.0,15.0,46,114
18.35,7.35,57,114
18.35,7.35,68,114
18.35,7.35,79,114
18.349999999999994,7.35,90,114
18.349999999999994,7.35,101,114
18.349999999999994,7.35,112,114
18.349999999999994,7.35,123,114
18.349999999999994,7.35,134,114
18.349999999999994,7.35,145,114
17.599999999999994,9.6,153,114
3.5999999999999943,9.6,147,114
17.599999999999994,9.6,155,114
22.0,15.0,162,114
4.0,15.0,151,114
18.0,15.0,154,114
18.0,15.0,157,114
8.150000000000006,18.15,147,114
22.15000000000001,18.15,151,114
22.40000000000001,29.4,144,114
22.40000000000001,29.4,137,114
22.40000000000001,29.4,130,114
4.400000000000006,29.4,105,114
4.400000000000006,29.4,80,114
22.40000000000001,29.4,73,114
22.40000000000001,29.4,66,114
22.40000000000001,29.4,59,114
22.4,29.4,52,114
22.4,29.4,45,114
22.4,29.4,38,114
22.4,29.4,31,114
22.4,29.4,24,114
22.0,29.4,22,114
22.0,29.4,22,114
4.0,29.4,4,114
22.0,29.4,22,114
22.0,43.35,22,114
22.0,43.35,22,114
22.0,43.35,22,114
22.0,43.35,22,114
22.0,43.35,22,114
22.0,43.35,22,114
22.0,43.35,22,114
22.0,43.35,22,114
22.0,43.35,22,114
22.0,43.35,22,114
22.0,43.35,22,114
22.0,43.35,22,114
22.0,43.35,22,114
22.0,43.35,22,114
22.0,43.35,22,114
22.0,43.35,22,114
22.0,43.35,22,114
22.0,43.35,22,114
22.0,43.35,22,114
4.0,43.35,4,114
22.0,43.35,22,114
36.0,72.60000000000001,36,114
40.0,117.6,40,114
40.0,135.0,40,114
40.0,135.0,40,114
40.0,135.0,40,114
40.0,135.0,40,114
40.0,135.0,40,114
18.0,135.0,18,114
40.0,135.0,40,114
58.0,252.15000000000003,58,114
72.0,390.15,72,114
76.0,487.35,76,114
36.0,576.6,36,114
90.0,576.6,90,114
108.0,912.6,108,114
126.0,1215.0,126,114
182.0,1749.6,182,114
182.0,1749.6,182,114
182.0,1749.6,182,114
144.0,1749.6,144,114
133.0,1749.6,133,114
0.0,60.0,340,115
0.0,60.0,280,115
0.0,60.0,220,115
0.0,60.0,160,115
0.0,60.0,100,115
0.0,60.0,40,115
0.0,60.0,0,115
0.0,33.75,0,115
0.0,21.6,0,115
0.0,12.15,0,115
0.0,7.35,0,115
10.0,5.4,10,115
10.4,5.4,15,115
0.0,5.4,9,115
9.8,5.4,14,115
10.35,7.35,17,115
10.35,7.35,20,115
9.6,9.6,20,115
0.0,9.6,10,115
21.950000000000003,7.35,25,115
21.35,7.35,39,115
11.15,12.15,38,115
33.15,12.15,59,115
33.400000000000006,29.4,63,115
11.35,43.35,31,115
82.0,43.35,82,115
22.0,101.4,22,115
117.0,101.4,117,115
117.0,135.0,117,115
117.0,135.0,117,115
117.0,135.0,117,115
117.0,135.0,117,115
47.0,135.0,47,115
169.0,135.0,169,115
192.0,205.35,192,115
265.0,375.0,265,115
144.0,331.35,144,115
217.0,331.35,217,115
240.0,453.75,240,115
288.0,673.35,288,115
336.0,912.6,336,115
361.0,1269.6,361,115
350.0,1782.15,350,115
350.0,1782.15,350,115
344.0,1782.15,344,115
361.0,1782.15,361,115
313.0,2343.75,313,115
359.0,2343.75,359,115
350.0,2196.15,350,115
356.0,2196.15,356,115
350.0,2306.4,350,115
359.0,2306.4,359,115
365.0,2653.3500000000004,365,115
265.0,2856.6000000000004,265,115
367.0,2856.6000000000004,367,115
367.0,2898.15,367,115
367.0,2898.15,367,115
356.0,2898.15,356,115
367.0,2898.15,367,115
371.0,3110.4,371,115
373.0,3375.0,373,115
368.0,3603.75,368,115
350.0,1815.0,350,115
350.0,1815.0,350,115
258.0,1815.0,258,115
232.0,1815.0,232,115
420.0,1815.0,420,115
208.0,936.15,208,115
255.0,936.15,255,115
268.0,1242.15,268,115
357.0,1717.35,357,115
420.0,1848.15,420,115
426.0,2053.3500000000004,426,115
430.0,2343.75,430,115
432.0,2419.3500000000004,432,115
427.0,2613.6000000000004,427,115
433.0,2613.6000000000004,433,115
437.0,2774.4,437,115
349.0,2815.3500000000004,349,115
487.0,2815.3500000000004,487,115
558.0,3067.3500000000004,558,115
508.0,3330.15,508,115
508.0,3330.15,508,115
508.0,3330.15,508,115
484.0,3330.15,484,115
501.0,3330.15,501,115
419.0,2982.15,419,115
491.0,2982.15,491,115
494.0,3110.4,494,115
420.0,2613.6000000000004,420,115
286.0,1591.35,286,115
287.0,1591.35,287,115
342.0,1685.4,342,115
413.0,1848.15,413,115
475.0,2018.4,475,115
217.0,2232.6000000000004,217,115
477.0,2232.6000000000004,477,115
298.0,2457.6000000000004,298,115
497.0,2457.6000000000004,497,115
505.0,2856.6000000000004,505,115
0.0,60.0,340,116
143.60000000000002,21.6,462,116
23.600000000000023,21.6,464,116
23.600000000000023,21.6,466,116
38.60000000000002,21.6,483,116
38.60000000000002,21.6,500,116
26.600000000000023,21.6,505,116
25.600000000000023,21.6,509,116
25.600000000000023,21.6,513,116
27.399999999999977,29.4,511,116
27.399999999999977,29.4,509,116
27.399999999999977,29.4,507,116
1.3999999999999773,29.4,479,116
26.399999999999977,29.4,476,116
26.399999999999977,29.4,473,116
26.399999999999977,29.4,470,116
26.399999999999977,29.4,467,116
26.399999999999977,29.4,464,116
14.399999999999975,29.4,449,116
26.399999999999977,29.4,446,116
26.399999999999977,29.4,443,116
26.399999999999977,29.4,440,116
26.399999999999977,29.4,437,116
26.399999999999977,29.4,434,116
26.399999999999977,29.4,431,116
26.399999999999977,29.4,428,116
26.399999999999977,29.4,425,116
26.399999999999977,29.4,422,116
26.399999999999977,29.4,419,116
26.399999999999977,29.4,416,116
26.399999999999977,29.4,413,116
26.399999999999977,29.4,410,116
26.399999999999977,29.4,407,116
26.399999999999977,29.4,404,116
26.399999999999977,29.4,401,116
26.399999999999977,29.4,398,116
26.399999999999977,29.4,395,116
26.399999999999977,29.4,392,116
26.399999999999977,29.4,389,116
26.399999999999977,29.4,386,116
26.399999999999977,29.4,383,116
26.399999999999977,29.4,380,116
26.399999999999977,29.4,377,116
26.399999999999977,29.4,374,116
26.399999999999977,29.4,371,116
26.399999999999977,29.4,368,116
26.399999999999977,29.4,365,116
26.399999999999977,29.4,362,116
26.399999999999977,29.4,359,116
26.399999999999977,29.4,356,116
26.399999999999977,29.4,353,116
26.399999999999977,29.4,350,116
26.399999999999977,29.4,347,116
26.399999999999977,29.4,344,116
26.399999999999977,29.4,341,116
26.399999999999977,29.4,338,116
26.399999999999977,29.4,335,116
26.399999999999977,29.4,332,116
26.399999999999977,29.4,329,116
26.399999999999977,29.4,326,116
26.399999999999977,29.4,323,116
26.399999999999977,29.4,320,116
26.399999999999977,29.4,317,116
26.399999999999977,29.4,314,116
26.399999999999977,29.4,311,116
26.399999999999977,29.4,308,116
26.399999999999977,29.4,305,116
26.399999999999977,29.4,302,116
26.399999999999977,29.4,299,116
26.399999999999977,29.4,296,116
26.399999999999977,29.4,293,116
26.399999999999977,29.4,290,116
26.399999999999977,29.4,287,116
26.399999999999977,29.4,284,116
26.40000000000001,29.4,281,116
23.40000000000001,29.4,275,116
23.40000000000001,29.4,269,116
23.40000000000001,29.4,263,116
23.40000000000001,29.4,257,116
23.40000000000001,29.4,251,116
23.40000000000001,29.4,245,116
23.40000000000001,29.4,239,116
23.40000000000001,29.4,233,116
23.40000000000001,29.4,227,116
23.40000000000001,29.4,221,116
23.40000000000001,29.4,215,116
23.40000000000001,29.4,209,116
23.40000000000001,29.4,203,116
23.40000000000001,29.4,197,116
23.40000000000001,29.4,191,116
23.40000000000001,29.4,185,116
23.40000000000001,29.4,179,116
23.40000000000001,29.4,173,116
23.40000000000001,29.4,167,116
23.40000000000001,29.4,161,116
23.40000000000001,29.4,155,116
23.40000000000001,29.4,149,116
23.40000000000001,29.4,143,116
23.40000000000001,29.4,137,116
23.40000000000001,29.4,131,116
0.0,60.0,340,117
168.0,60.0,448,117
152.39999999999998,38.400000000000006,562,117
152.39999999999998,38.400000000000006,676,117
152.39999999999998,38.400000000000006,790,117
140.39999999999998,38.400000000000006,892,117
76.39999999999998,38.400000000000006,930,117
38.14999999999998,54.150000000000006,914,117
103.14999999999998,54.150000000000006,963,117
72.60000000000002,72.60000000000001,963,117
91.60000000000002,72.60000000000001,982,117
92.35000000000002,109.35,965,117
80.35000000000002,109.35,936,117
80.35000000000002,109.35,907,117
80.35000000000002,109.35,878,117
80.35000000000002,109.35,849,117
80.35000000000002,109.35,820,117
80.35000000000002,109.35,791,117
80.35000000000002,109.35,762,117
80.35000000000002,109.35,733,117
80.35000000000002,109.35,704,117
80.35000000000002,109.35,675,117
80.35000000000002,109.35,646,117
80.35000000000002,109.35,617,117
80.35000000000002,109.35,588,117
80.35000000000002,109.35,559,117
69.39999999999998,86.4,542,117
69.39999999999998,86.4,525,117
69.39999999999998,86.4,508,117
69.39999999999998,86.4,491,117
69.39999999999998,86.4,474,117
69.35000000000002,79.35000000000001,464,117
69.35000000000002,79.35000000000001,454,117
69.35000000000002,79.35000000000001,444,117
69.35000000000002,79.35000000000001,434,117
69.35000000000002,79.35000000000001,424,117
69.35000000000002,79.35000000000001,414,117
69.35000000000002,79.35000000000001,404,117
69.35000000000002,79.35000000000001,394,117
69.35000000000002,79.35000000000001,384,117
69.35000000000002,79.35000000000001,374,117
69.35000000000002,79.35000000000001,364,117
69.35000000000002,79.35000000000001,354,117
69.35000000000002,79.35000000000001,344,117
69.35000000000002,79.35000000000001,334,117
69.35000000000002,79.35000000000001,324,117
69.35000000000002,79.35000000000001,314,117
69.35000000000002,79.35000000000001,304,117
69.35000000000002,79.35000000000001,294,117
69.35000000000002,79.35000000000001,284,117
69.35000000000002,79.35000000000001,274,117
69.35000000000002,79.35000000000001,264,117
69.35000000000002,79.35000000000001,254,117
69.35000000000002,79.35000000000001,244,117
80.35000000000002,79.35000000000001,245,117
80.35000000000002,79.35000000000001,246,117
92.4,101.4,237,117
92.4,101.4,228,117
92.4,101.4,219,117
92.4,101.4,210,117
92.4,101.4,201,117
92.4,101.4,192,117
92.4,101.4,183,117
92.4,101.4,174,117
92.4,101.4,165,117
92.4,101.4,156,117
92.4,101.4,147,117
92.4,101.4,138,117
92.4,101.4,129,117
92.4,101.4,120,117
92.4,101.4,111,117
92.4,101.4,102,117
92.4,101.4,93,117
92.0,101.4,92,117
92.0,101.4,92,117
92.0,101.4,92,117
92.0,101.4,92,117
92.0,101.4,92,117
92.0,101.4,92,117
92.0,101.4,92,117
92.0,101.4,92,117
92.0,101.4,92,117
92.0,101.4,92,117
92.0,101.4,92,117
92.0,101.4,92,117
92.0,101.4,92,117
92.0,101.4,92,117
92.0,101.4,92,117
92.0,101.4,92,117
92.0,101.4,92,117
92.0,101.4,92,117
92.0,101.4,92,117
92.0,101.4,92,117
92.0,101.4,92,117
92.0,101.4,92,117
92.0,101.4,92,117
92.0,101.4,92,117
92.0,101.4,92,117
92.0,101.4,92,117
92.0,101.4,92,117
0.0,60.0,340,118
0.0,60.0,280,118
0.0,60.0,220,118
0.0,60.0,160,118
0.0,60.0,100,118
0.0,60.0,40,118
0.0,60.0,0,118
0.0,33.75,0,118
0.0,21.6,0,118
4.0,12.15,4,118
10.0,60.0,10,118
18.0,205.35,18,118
28.0,595.35,28,118
476.0,1782.15,476,118
426.0,2196.15,426,118
355.0,2196.15,355,118
272.0,1653.75,272,118
272.0,1653.75,272,118
272.0,1653.75,272,118
272.0,1653.75,272,118
272.0,1653.75,272,118
272.0,1653.75,272,118
272.0,1653.75,272,118
272.0,1653.75,272,118
272.0,1653.75,272,118
272.0,1653.75,272,118
272.0,1653.75,272,118
272.0,1653.75,272,118
272.0,1653.75,272,118
272.0,1653.75,272,118
272.0,1653.75,272,118
272.0,1653.75,272,118
272.0,1653.75,272,118
272.0,1653.75,272,118
272.0,1653.75,272,118
272.0,1653.75,272,118
272.0,1653.75,272,118
272.0,1653.75,272,118
272.0,1653.75,272,118
272.0,1653.75,272,118
272.0,1653.75,272,118
272.0,1653.75,272,118
272.0,1653.75,272,118
272.0,1653.75,272,118
272.0,1653.75,272,118
272.0,1653.75,272,118
272.0,1653.75,272,118
272.0,1653.75,272,118
272.0,1653.75,272,118
272.0,1653.75,272,118
272.0,1653.75,272,118
272.0,1653.75,272,118
272.0,1653.75,272,118
272.0,1653.75,272,118
272.0,1653.75,272,118
272.0,1653.75,272,118
272.0,1653.75,272,118
272.0,1653.75,272,118
272.0,1653.75,272,118
272.0,1653.75,272,118
272.0,1653.75,272,118
272.0,1653.75,272,118
310.0,1653.75,310,118
315.0,1881.6,315,118
384.0,2053.3500000000004,384,118
390.0,2343.75,390,118
390.0,2613.6000000000004,390,118
390.0,2613.6000000000004,390,118
390.0,2613.6000000000004,390,118
390.0,2613.6000000000004,390,118
390.0,2613.6000000000004,390,118
390.0,2613.6000000000004,390,118
390.0,2613.6000000000004,390,118
390.0,2613.6000000000004,390,118
390.0,2613.6000000000004,390,118
390.0,2613.6000000000004,390,118
390.0,2613.6000000000004,390,118
390.0,2613.6000000000004,390,118
390.0,2613.6000000000004,390,118
390.0,2613.6000000000004,390,118
390.0,2613.6000000000004,390,118
390.0,2613.6000000000004,390,118
390.0,2613.6000000000004,390,118
390.0,2613.6000000000004,390,118
390.0,2613.6000000000004,390,118
390.0,2613.6000000000004,390,118
390.0,2613.6000000000004,390,118
390.0,2613.6000000000004,390,118
390.0,2613.6000000000004,390,118
390.0,2613.6000000000004,390,118
390.0,2613.6000000000004,390,118
390.0,2613.6000000000004,390,118
390.0,2613.6000000000004,390,118
390.0,2613.6000000000004,390,118
390.0,2613.6000000000004,390,118
390.0,2613.6000000000004,390,118
390.0,2613.6000000000004,390,118
390.0,2613.6000000000004,390,118
390.0,2613.6000000000004,390,118
390.0,2613.6000000000004,390,118
0.0,60.0,340,119
0.0,21.6,318,119
0.0,21.6,296,119
0.0,21.6,275,119
0.0,21.6,253,119
4.000000000000057,21.6,236,119
0.5999999999999943,21.6,215,119
1.5999999999999943,21.6,195,119
2.5999999999999943,21.6,176,119
2.5999999999999943,21.6,157,119
0.5999999999999943,21.6,136,119
2.5999999999999943,21.6,117,119
2.5999999999999943,21.6,98,119
2.5999999999999943,21.6,79,119
2.6000000000000014,21.6,60,119
2.6000000000000014,21.6,41,119
2.6000000000000014,21.6,22,119
2.6000000000000014,21.6,3,119
3.0,21.6,3,119
3.0,21.6,3,119
3.0,21.6,3,119
3.0,21.6,3,119
3.0,21.6,3,119
3.0,21.6,3,119
3.0,21.6,3,119
3.0,21.6,3,119
3.0,21.6,3,119
1.0,21.6,1,119
9.0,18.15,9,119
0.0,29.4,0,119
9.0,18.15,9,119
11.0,21.6,11,119
11.0,21.6,11,119
11.0,21.6,11,119
11.0,21.6,11,119
11.0,21.6,11,119
11.0,21.6,11,119
2.0,21.6,2,119
10.0,21.6,10,119
10.0,25.35,10,119
10.0,25.35,10,119
2.0,25.35,2,119
9.0,15.0,9,119
10.0,25.35,10,119
11.0,38.400000000000006,11,119
11.0,43.35,11,119
11.0,43.35,11,119
2.0,43.35,2,119
11.0,43.35,11,119
1.0,66.15,1,119
1.0,66.15,1,119
5.0,66.15,5,119
4.0,66.15,4,119
13.0,25.35,13,119
13.0,33.75,13,119
13.0,33.75,13,119
13.0,33.75,13,119
13.0,33.75,13,119
13.0,33.75,13,119
13.0,33.75,13,119
5.0,15.0,5,119
5.0,15.0,5,119
5.0,15.0,5,119
5.0,15.0,5,119
5.0,15.0,5,119
5.0,15.0,5,119
5.0,15.0,5,119
5.0,15.0,5,119
5.0,15.0,5,119
5.0,15.0,5,119
5.0,15.0,5,119
5.0,15.0,5,119
5.0,15.0,5,119
5.0,15.0,5,119
5.0,12.15,5,119
4.0,5.4,4,119
4.0,5.4,4,119
4.0,5.4,4,119
4.0,5.4,4,119
4.0,5.4,4,119
4.0,5.4,4,119
4.0,5.4,4,119
4.0,5.4,4,119
4.0,5.4,4,119
4.0,5.4,4,119
4.0,5.4,4,119
4.0,5.4,4,119
4.0,5.4,4,119
4.0,5.4,4,119
4.0,5.4,4,119
4.0,5.4,4,119
4.0,5.4,4,119
4.0,5.4,4,119
4.0,5.4,4,119
4.0,5.4,4,119
4.0,5.4,4,119
4.0,5.4,4,119
4.0,5.4,4,119
4.4,2.4000000000000004,6,119
4.4,2.4000000000000004,8,119
0.0,60.0,340,120
0.0,60.0,280,120
0.0,38.400000000000006,241,120
79.80000000000001,38.400000000000006,283,120
60.400000000000006,86.4,257,120
95.4,86.4,266,120
79.15,144.15,201,120
149.15,144.15,206,120
174.75,183.75,197,120
174.75,183.75,188,120
174.75,183.75,179,120
175.0,183.75,175,120
175.0,183.75,175,120
175.0,183.75,175,120
175.0,183.75,175,120
175.0,183.75,175,120
175.0,183.75,175,120
175.0,183.75,175,120
175.0,183.75,175,120
175.0,183.75,175,120
165.4,173.4,167,120
166.0,173.4,166,120
165.35000000000002,163.35000000000002,168,120
175.0,194.4,175,120
206.0,264.6,206,120
241.0,360.15000000000003,241,120
266.0,437.4,266,120
300.0,540.0,300,120
341.0,693.6,341,120
375.0,866.4000000000001,375,120
441.0,1161.6,441,120
464.0,1560.6,464,120
464.0,1653.75,464,120
481.0,1653.75,481,120
434.0,1983.75,434,120
434.0,1983.75,434,120
423.0,1815.0,423,120
434.0,1815.0,434,120
434.0,1881.6,434,120
391.0,1881.6,391,120
469.0,1881.6,469,120
503.0,2124.15,503,120
553.0,2343.75,553,120
514.0,2613.6000000000004,514,120
514.0,2613.6000000000004,514,120
503.0,2613.6000000000004,503,120
565.0,2613.6000000000004,565,120
529.0,3375.0,529,120
529.0,3375.0,529,120
326.0,3375.0,326,120
369.0,3375.0,369,120
286.0,3650.400000000001,286,120
284.0,3650.400000000001,284,120
286.0,3650.400000000001,286,120
286.0,3936.6,286,120
286.0,3936.6,286,120
286.0,3936.6,286,120
286.0,3936.6,286,120
277.0,3936.6,277,120
300.0,3936.6,300,120
300.0,4034.400000000001,300,120
291.0,2653.3500000000004,291,120
277.0,2653.3500000000004,277,120
206.0,2496.15,206,120
275.0,2496.15,275,120
275.0,2574.15,275,120
275.0,2574.15,275,120
275.0,2574.15,275,120
270.0,2574.15,270,120
275.0,2574.15,275,120
277.0,2774.4,277,120
277.0,2856.6000000000004,277,120
277.0,2856.6000000000004,277,120
277.0,2856.6000000000004,277,120
277.0,2856.6000000000004,277,120
273.0,2457.6000000000004,273,120
242.0,2457.6000000000004,242,120
244.0,2457.6000000000004,244,120
199.0,2535.0,199,120
203.0,2535.0,203,120
147.0,2653.3500000000004,147,120
161.0,1848.15,161,120
85.0,1915.35,85,120
154.0,1915.35,154,120
154.0,1983.75,154,120
154.0,1983.75,154,120
149.0,1983.75,149,120
154.0,1983.75,154,120
163.0,2124.15,163,120
163.0,2269.3500000000004,163,120
59.0,2269.3500000000004,59,120
163.0,2269.3500000000004,163,120
165.0,2419.3500000000004,165,120
154.0,2457.6000000000004,154,120
158.0,2457.6000000000004,158,120
149.0,2613.6000000000004,149,120
224.0,2613.6000000000004,224,120
226.0,2653.3500000000004,226,120
233.0,2774.4,233,120
220.0,2898.15,220,120
0.0,60.0,340,121
0.0,60.0,280,121
100.0,60.0,320,121
100.0,60.0,360,121
70.0,60.0,370,121
50.0,60.0,360,121
85.0,60.0,385,121
68.0,60.0,393,121
60.75,93.75,360,121
99.75,93.75,366,121
120.0,135.0,351,121
120.0,135.0,336,121
120.0,135.0,321,121
96.60000000000002,72.60000000000001,345,121
117.35000000000002,109.35,353,121
137.4,173.4,317,121
137.4,173.4,281,121
117.4,173.4,225,121
117.4,173.4,169,121
117.0,173.4,117,121
117.0,173.4,117,121
117.0,173.4,117,121
117.0,173.4,117,121
89.75,93.75,113,121
89.75,93.75,109,121
89.75,93.75,105,121
89.75,93.75,101,121
57.150000000000006,54.150000000000006,104,121
77.35000000000001,79.35000000000001,102,121
56.6,48.6,110,121
60.150000000000006,66.15,104,121
60.150000000000006,66.15,98,121
60.150000000000006,66.15,92,121
60.150000000000006,66.15,86,121
60.150000000000006,66.15,80,121
60.150000000000006,66.15,74,121
60.150000000000006,66.15,68,121
60.150000000000006,66.15,62,121
60.0,66.15,60,121
60.0,66.15,60,121
60.0,66.15,60,121
60.0,66.15,60,121
60.0,66.15,60,121
60.0,66.15,60,121
60.0,66.15,60,121
60.0,66.15,60,121
60.0,66.15,60,121
60.0,66.15,60,121
60.0,66.15,60,121
77.0,66.15,77,121
97.0,109.35,97,121
100.0,135.0,100,121
117.0,183.75,117,121
157.0,331.35,157,121
180.0,437.4,180,121
220.0,653.4000000000001,220,121
270.0,936.15,270,121
337.0,1440.6,337,121
250.0,799.3500000000001,250,121
250.0,799.3500000000001,250,121
157.0,290.40000000000003,157,121
157.0,290.40000000000003,157,121
157.0,290.40000000000003,157,121
157.0,290.40000000000003,157,121
96.6,117.6,136,121
96.6,117.6,115,121
97.0,117.6,97,121
97.0,117.6,97,121
97.0,117.6,97,121
117.0,117.6,117,121
157.0,216.6,157,121
197.0,345.6,197,121
237.0,504.6,237,121
300.0,843.75,300,121
377.0,1297.35,377,121
500.0,2269.3500000000004,500,121
556.0,2496.15,556,121
592.0,2815.3500000000004,592,121
604.0,3067.3500000000004,604,121
618.0,3285.6000000000004,618,121
572.0,3603.75,572,121
572.0,3603.75,572,121
572.0,3603.75,572,121
572.0,3603.75,572,121
572.0,3603.75,572,121
572.0,3603.75,572,121
572.0,3603.75,572,121
572.0,3603.75,572,121
572.0,3603.75,572,121
572.0,3603.75,572,121
572.0,3603.75,572,121
572.0,3603.75,572,121
572.0,3603.75,572,121
572.0,3603.75,572,121
572.0,3603.75,572,121
572.0,3603.75,572,121
572.0,3603.75,572,121
592.0,2774.4,592,121
618.0,3197.4000000000005,618,121
572.0,3420.1500000000005,572,121
0.0,60.0,340,122
0.0,60.0,280,122
10.0,60.0,230,122
10.0,60.0,180,122
7.0,60.0,127,122
4.0,60.0,71,122
2.4000000000000057,38.400000000000006,35,122
4.0,38.400000000000006,4,122
3.0,38.400000000000006,3,122
4.0,38.400000000000006,4,122
5.0,60.0,5,122
7.0,109.35,7,122
7.0,173.4,7,122
6.0,144.15,6,122
6.0,144.15,6,122
6.0,144.15,6,122
5.0,144.15,5,122
5.0,144.15,5,122
5.0,144.15,5,122
5.0,144.15,5,122
3.0,72.60000000000001,3,122
3.0,72.60000000000001,3,122
3.0,66.15,3,122
3.0,66.15,3,122
3.0,66.15,3,122
3.0,66.15,3,122
3.0,66.15,3,122
3.0,66.15,3,122
3.0,66.15,3,122
3.0,66.15,3,122
0.0,66.15,0,122
0.0,38.400000000000006,0,122
0.0,21.6,0,122
0.0,12.15,0,122
0.0,7.35,0,122
0.0,5.4,0,122
0.0,3.75,0,122
0.0,2.4000000000000004,0,122
0.0,1.35,0,122
0.0,0.6000000000000001,0,122
0.0,0.15,0,122
0.0,60.0,340,123
0.0,60.0,280,123
0.0,60.0,220,123
0.0,25.35,194,123
0.0,25.35,169,123
155.04999999999998,25.35,299,123
191.4,86.4,404,123
515.35,277.35,642,123
741.0,2306.4,741,123
885.0,3197.4000000000005,885,123
854.0,4386.150000000001,854,123
1070.0,4386.150000000001,1070,123
1126.0,5078.400000000001,1126,123
1257.0,6181.35,1257,123
1130.0,7729.35,1130,123
1130.0,7729.35,1130,123
1130.0,7729.35,1130,123
1130.0,7729.35,1130,123
1130.0,7729.35,1130,123
1130.0,7729.35,1130,123
1130.0,7729.35,1130,123
1130.0,7729.35,1130,123
1130.0,7729.35,1130,123
1130.0,7729.35,1130,123
1130.0,7729.35,1130,123
1130.0,7729.35,1130,123
1130.0,7729.35,1130,123
1130.0,7729.35,1130,123
1130.0,7729.35,1130,123
1130.0,7729.35,1130,123
1130.0,7729.35,1130,123
1130.0,7729.35,1130,123
1130.0,7729.35,1130,123
1130.0,7729.35,1130,123
1130.0,7729.35,1130,123
1130.0,7729.35,1130,123
1130.0,7729.35,1130,123
1130.0,7729.35,1130,123
1130.0,7729.35,1130,123
1130.0,7729.35,1130,123
1130.0,7729.35,1130,123
1130.0,7729.35,1130,123
1130.0,7729.35,1130,123
1130.0,7729.35,1130,123
1130.0,7729.35,1130,123
1130.0,7729.35,1130,123
1130.0,7729.35,1130,123
1130.0,7729.35,1130,123
1130.0,7729.35,1130,123
1130.0,7729.35,1130,123
1130.0,7729.35,1130,123
1130.0,7729.35,1130,123
1130.0,7729.35,1130,123
1130.0,7729.35,1130,123
1130.0,7729.35,1130,123
1130.0,7729.35,1130,123
1130.0,7729.35,1130,123
1130.0,7729.35,1130,123
1130.0,7729.35,1130,123
1130.0,7729.35,1130,123
1130.0,7729.35,1130,123
1130.0,7729.35,1130,123
1130.0,7729.35,1130,123
1130.0,7729.35,1130,123
1130.0,7729.35,1130,123
1130.0,7729.35,1130,123
1130.0,7729.35,1130,123
1130.0,7729.35,1130,123
1130.0,7729.35,1130,123
1130.0,7729.35,1130,123
1130.0,7729.35,1130,123
1130.0,7729.35,1130,123
1130.0,7729.35,1130,123
1130.0,7729.35,1130,123
1130.0,7729.35,1130,123
1130.0,7729.35,1130,123
1130.0,7729.35,1130,123
1130.0,7729.35,1130,123
1130.0,7729.35,1130,123
1130.0,7729.35,1130,123
1130.0,7729.35,1130,123
1130.0,7729.35,1130,123
1130.0,7729.35,1130,123
1130.0,7729.35,1130,123
1130.0,7729.35,1130,123
1130.0,7729.35,1130,123
1130.0,7729.35,1130,123
1130.0,7729.35,1130,123
1130.0,7729.35,1130,123
1130.0,7729.35,1130,123
1130.0,7729.35,1130,123
1130.0,7729.35,1130,123
1130.0,7729.35,1130,123
1130.0,7729.35,1130,123
1130.0,7729.35,1130,123
1130.0,7729.35,1130,123
1130.0,7729.35,1130,123
1130.0,7729.35,1130,123
1130.0,7729.35,1130,123
1130.0,7729.35,1130,123
0.0,60.0,340,124
0.0,60.0,280,124
0.0,60.0,220,124
0.0,43.35,176,124
0.0,43.35,133,124
63.04999999999998,43.35,153,124
70.35000000000001,79.35000000000001,144,124
56.35000000000001,79.35000000000001,121,124
56.35000000000001,79.35000000000001,98,124
56.35000000000001,79.35000000000001,75,124
41.6,48.6,68,124
41.6,48.6,61,124
41.6,48.6,54,124
41.6,48.6,47,124
28.0,48.6,28,124
33.0,48.6,33,124
56.0,109.35,56,124
73.0,216.6,73,124
89.0,303.75,89,124
121.0,558.1500000000001,121,124
160.0,960.0,160,124
252.0,1949.4,252,124
252.0,2160.0,252,124
252.0,2160.0,252,124
252.0,2160.0,252,124
252.0,2160.0,252,124
252.0,2160.0,252,124
252.0,2160.0,252,124
252.0,2160.0,252,124
252.0,2160.0,252,124
210.0,2160.0,210,124
252.0,2160.0,252,124
265.0,2419.3500000000004,265,124
301.0,2856.6000000000004,301,124
315.0,3197.4000000000005,315,124
271.0,3511.3500000000004,271,124
220.0,3330.15,220,124
220.0,3330.15,220,124
220.0,3330.15,220,124
264.0,2982.15,264,124
210.0,2124.15,210,124
210.0,2124.15,210,124
210.0,2124.15,210,124
210.0,2124.15,210,124
210.0,2124.15,210,124
210.0,2124.15,210,124
210.0,2124.15,210,124
210.0,2124.15,210,124
210.0,2124.15,210,124
210.0,2124.15,210,124
210.0,2124.15,210,124
210.0,2124.15,210,124
210.0,2124.15,210,124
210.0,2124.15,210,124
252.0,2124.15,252,124
265.0,2457.6000000000004,265,124
301.0,2733.75,301,124
315.0,3024.6000000000004,315,124
271.0,3511.3500000000004,271,124
271.0,3511.3500000000004,271,124
271.0,3511.3500000000004,271,124
271.0,3511.3500000000004,271,124
271.0,3511.3500000000004,271,124
315.0,3153.75,315,124
308.0,3697.35,308,124
308.0,3697.35,308,124
308.0,3697.35,308,124
308.0,3697.35,308,124
308.0,3697.35,308,124
308.0,3697.35,308,124
308.0,3697.35,308,124
308.0,3697.35,308,124
308.0,3697.35,308,124
308.0,3697.35,308,124
308.0,3697.35,308,124
301.0,2693.4,301,124
301.0,2693.4,301,124
301.0,2693.4,301,124
301.0,2693.4,301,124
301.0,2693.4,301,124
301.0,2693.4,301,124
252.0,2160.0,252,124
252.0,2160.0,252,124
252.0,2160.0,252,124
252.0,2160.0,252,124
252.0,2160.0,252,124
252.0,2160.0,252,124
145.0,799.3500000000001,145,124
145.0,799.3500000000001,145,124
145.0,799.3500000000001,145,124
113.0,504.6,113,124
113.0,504.6,113,124
113.0,504.6,113,124
113.0,504.6,113,124
113.0,504.6,113,124
89.0,303.75,89,124
89.0,303.75,89,124
89.0,303.75,89,124
89.0,303.75,89,124
89.0,303.75,89,124
0.0,60.0,340,125
0.0,60.0,280,125
0.0,60.0,220,125
0.0,60.0,160,125
0.0,60.0,100,125
0.0,60.0,40,125
0.0,60.0,0,125
0.0,33.75,0,125
0.0,21.6,0,125
0.0,12.15,0,125
0.0,7.35,0,125
0.0,5.4,0,125
0.0,3.75,0,125
0.0,2.4000000000000004,0,125
0.0,1.35,0,125
0.0,0.6000000000000001,0,125
0.0,0.15,0,125
0.0,60.0,340,126
0.0,60.0,280,126
0.0,60.0,220,126
0.0,60.0,160,126
0.0,60.0,100,126
0.0,29.4,70,126
71.80000000000001,29.4,113,126
71.4,38.400000000000006,146,126
59.150000000000006,54.150000000000006,151,126
84.0,60.0,175,126
83.35000000000001,109.35,149,126
83.35000000000001,109.35,123,126
125.35,109.35,139,126
144.0,240.0,144,126
198.0,421.35,198,126
270.0,799.3500000000001,270,126
410.0,1685.4,410,126
420.0,1815.0,420,126
425.0,2196.15,425,126
464.0,2496.15,464,126
528.0,2898.15,528,126
450.0,3330.15,450,126
450.0,3330.15,450,126
450.0,3330.15,450,126
450.0,3330.15,450,126
450.0,3330.15,450,126
450.0,3330.15,450,126
450.0,3330.15,450,126
450.0,3330.15,450,126
450.0,3330.15,450,126
450.0,3330.15,450,126
450.0,3330.15,450,126
450.0,3330.15,450,126
450.0,3330.15,450,126
450.0,3330.15,450,126
450.0,3330.15,450,126
450.0,3330.15,450,126
450.0,3330.15,450,126
450.0,3330.15,450,126
450.0,3330.15,450,126
450.0,3330.15,450,126
450.0,3330.15,450,126
450.0,3330.15,450,126
450.0,3330.15,450,126
450.0,3330.15,450,126
450.0,3330.15,450,126
450.0,3330.15,450,126
450.0,3330.15,450,126
450.0,3330.15,450,126
450.0,3330.15,450,126
450.0,3330.15,450,126
450.0,3330.15,450,126
450.0,3330.15,450,126
450.0,3330.15,450,126
450.0,3330.15,450,126
450.0,3330.15,450,126
450.0,3330.15,450,126
450.0,3330.15,450,126
450.0,3330.15,450,126
450.0,3330.15,450,126
450.0,3330.15,450,126
450.0,3330.15,450,126
450.0,3330.15,450,126
450.0,3330.15,450,126
450.0,3330.15,450,126
450.0,3330.15,450,126
450.0,3330.15,450,126
450.0,3330.15,450,126
450.0,3330.15,450,126
450.0,3330.15,450,126
450.0,3330.15,450,126
450.0,3330.15,450,126
450.0,3330.15,450,126
450.0,3330.15,450,126
450.0,3330.15,450,126
450.0,3330.15,450,126
450.0,3330.15,450,126
450.0,3330.15,450,126
450.0,3330.15,450,126
450.0,3330.15,450,126
450.0,3330.15,450,126
450.0,3330.15,450,126
450.0,3330.15,450,126
450.0,3330.15,450,126
450.0,3330.15,450,126
450.0,3330.15,450,126
450.0,3330.15,450,126
450.0,3330.15,450,126
450.0,3330.15,450,126
450.0,3330.15,450,126
450.0,3330.15,450,126
450.0,3330.15,450,126
450.0,3330.15,450,126
450.0,3330.15,450,126
450.0,3330.15,450,126
450.0,3330.15,450,126
450.0,3330.15,450,126
450.0,3330.15,450,126
450.0,3330.15,450,126
450.0,3330.15,450,126
0.0,60.0,340,127
0.0,60.0,280,127
0.0,60.0,220,127
0.0,60.0,160,127
36.0,60.0,136,127
24.0,60.0,100,127
30.0,60.0,70,127
15.0,60.0,25,127
27.0,60.0,27,127
6.0,93.75,6,127
24.0,93.75,24,127
30.0,144.15,30,127
33.0,173.4,33,127
42.0,252.15000000000003,42,127
51.0,405.6,51,127
60.0,540.0,60,127
78.0,889.3499999999999,78,127
84.0,1188.15,84,127
84.0,1881.6,84,127
84.0,1881.6,84,127
84.0,1881.6,84,127
84.0,1749.6,84,127
84.0,1749.6,84,127
84.0,1749.6,84,127
84.0,1749.6,84,127
84.0,1749.6,84,127
84.0,1749.6,84,127
84.0,1749.6,84,127
84.0,1749.6,84,127
84.0,1749.6,84,127
84.0,1749.6,84,127
84.0,1749.6,84,127
84.0,1749.6,84,127
84.0,1749.6,84,127
84.0,1749.6,84,127
84.0,1749.6,84,127
84.0,1749.6,84,127
84.0,1749.6,84,127
84.0,1749.6,84,127
84.0,1749.6,84,127
84.0,1749.6,84,127
84.0,1749.6,84,127
84.0,1749.6,84,127
84.0,1749.6,84,127
84.0,1749.6,84,127
84.0,1749.6,84,127
84.0,1749.6,84,127
56.0,1749.6,56,127
56.0,1749.6,56,127
56.0,1749.6,56,127
56.0,1749.6,56,127
56.0,1749.6,56,127
56.0,1749.6,56,127
56.0,1749.6,56,127
56.0,1749.6,56,127
56.0,1749.6,56,127
56.0,1749.6,56,127
56.0,1749.6,56,127
56.0,1749.6,56,127
56.0,1749.6,56,127
56.0,1749.6,56,127
56.0,1749.6,56,127
56.0,1749.6,56,127
56.0,1749.6,56,127
56.0,1749.6,56,127
56.0,1749.6,56,127
56.0,1749.6,56,127
56.0,1749.6,56,127
56.0,1749.6,56,127
56.0,1749.6,56,127
56.0,1749.6,56,127
56.0,1749.6,56,127
56.0,1749.6,56,127
56.0,1749.6,56,127
56.0,1749.6,56,127
56.0,1749.6,56,127
56.0,1749.6,56,127
56.0,1749.6,56,127
56.0,1749.6,56,127
56.0,1749.6,56,127
56.0,1749.6,56,127
56.0,1749.6,56,127
56.0,1749.6,56,127
56.0,1749.6,56,127
56.0,1749.6,56,127
56.0,1749.6,56,127
56.0,1749.6,56,127
56.0,1749.6,56,127
56.0,1749.6,56,127
56.0,1749.6,56,127
56.0,1749.6,56,127
56.0,1749.6,56,127
56.0,1749.6,56,127
56.0,1749.6,56,127
56.0,1749.6,56,127
56.0,1749.6,56,127
56.0,1749.6,56,127
56.0,1749.6,56,127
56.0,1749.6,56,127
56.0,1749.6,56,127
0.0,60.0,340,128
0.0,60.0,280,128
0.0,60.0,220,128
63.0,60.0,223,128
42.0,60.0,205,128
35.0,60.0,180,128
21.0,60.0,141,128
28.0,60.0,109,128
21.0,60.0,70,128
21.0,60.0,31,128
24.0,60.0,24,128
24.0,60.0,24,128
24.0,60.0,24,128
9.0,60.0,9,128
24.0,60.0,24,128
24.0,60.0,24,128
24.0,60.0,24,128
24.0,60.0,24,128
24.0,60.0,24,128
24.0,60.0,24,128
24.0,60.0,24,128
24.0,60.0,24,128
24.0,60.0,24,128
24.0,60.0,24,128
24.0,60.0,24,128
24.0,60.0,24,128
24.0,60.0,24,128
24.0,60.0,24,128
24.0,60.0,24,128
24.0,60.0,24,128
24.0,60.0,24,128
24.0,60.0,24,128
24.0,60.0,24,128
24.0,60.0,24,128
24.0,60.0,24,128
24.0,60.0,24,128
24.0,60.0,24,128
24.0,60.0,24,128
24.0,60.0,24,128
24.0,60.0,24,128
24.0,60.0,24,128
24.0,60.0,24,128
24.0,60.0,24,128
24.0,60.0,24,128
32.0,60.0,32,128
32.0,60.0,32,128
32.0,60.0,32,128
32.0,60.0,32,128
32.0,60.0,32,128
32.0,60.0,32,128
32.0,60.0,32,128
32.0,60.0,32,128
32.0,60.0,32,128
32.0,60.0,32,128
32.0,60.0,32,128
32.0,60.0,32,128
32.0,60.0,32,128
32.0,60.0,32,128
32.0,60.0,32,128
32.0,60.0,32,128
32.0,60.0,32,128
32.0,60.0,32,128
32.0,60.0,32,128
32.0,60.0,32,128
32.0,60.0,32,128
32.0,60.0,32,128
32.0,60.0,32,128
32.0,60.0,32,128
32.0,60.0,32,128
32.0,60.0,32,128
32.0,60.0,32,128
32.0,60.0,32,128
32.0,60.0,32,128
32.0,60.0,32,128
32.0,60.0,32,128
32.0,60.0,32,128
32.0,60.0,32,128
32.0,60.0,32,128
32.0,60.0,32,128
32.0,60.0,32,128
32.0,60.0,32,128
32.0,60.0,32,128
32.0,60.0,32,128
32.0,60.0,32,128
32.0,60.0,32,128
32.0,60.0,32,128
32.0,60.0,32,128
32.0,60.0,32,128
32.0,60.0,32,128
32.0,60.0,32,128
32.0,60.0,32,128
32.0,60.0,32,128
32.0,60.0,32,128
32.0,60.0,32,128
32.0,60.0,32,128
32.0,60.0,32,128
32.0,60.0,32,128
32.0,60.0,32,128
32.0,60.0,32,128
32.0,60.0,32,128
0.0,60.0,340,129
0.0,60.0,280,129
0.0,60.0,220,129
0.0,60.0,160,129
5.0,60.0,105,129
6.0,60.0,51,129
7.0,60.0,7,129
4.0,60.0,4,129
5.0,60.0,5,129
8.0,144.15,8,129
10.0,240.0,10,129
16.0,595.35,16,129
23.0,1325.4,23,129
49.0,3110.4,49,129
49.0,3840.0,49,129
49.0,3840.0,49,129
49.0,3840.0,49,129
49.0,3840.0,49,129
49.0,3840.0,49,129
49.0,3840.0,49,129
35.0,3840.0,35,129
35.0,3840.0,35,129
35.0,3840.0,35,129
42.0,3067.3500000000004,42,129
35.0,3465.6000000000004,35,129
35.0,3465.6000000000004,35,129
35.0,3465.6000000000004,35,129
35.0,3465.6000000000004,35,129
35.0,3465.6000000000004,35,129
35.0,2269.3500000000004,35,129
35.0,2269.3500000000004,35,129
35.0,2269.3500000000004,35,129
35.0,2269.3500000000004,35,129
35.0,2269.3500000000004,35,129
35.0,2269.3500000000004,35,129
35.0,2269.3500000000004,35,129
35.0,2269.3500000000004,35,129
35.0,2269.3500000000004,35,129
35.0,2269.3500000000004,35,129
42.0,2269.3500000000004,42,129
49.0,2419.3500000000004,49,129
42.0,2124.15,42,129
42.0,2124.15,42,129
42.0,2124.15,42,129
22.0,1109.4,22,129
17.0,673.35,17,129
17.0,673.35,17,129
17.0,673.35,17,129
17.0,673.35,17,129
17.0,673.35,17,129
17.0,673.35,17,129
17.0,673.35,17,129
17.0,673.35,17,129
17.0,673.35,17,129
17.0,673.35,17,129
16.0,614.4000000000001,16,129
16.0,614.4000000000001,16,129
16.0,614.4000000000001,16,129
16.0,614.4000000000001,16,129
16.0,614.4000000000001,16,129
16.0,614.4000000000001,16,129
16.0,614.4000000000001,16,129
16.0,614.4000000000001,16,129
11.0,277.35,11,129
11.0,277.35,11,129
11.0,277.35,11,129
11.0,277.35,11,129
11.0,277.35,11,129
11.0,277.35,11,129
11.0,277.35,11,129
11.0,277.35,11,129
11.0,277.35,11,129
11.0,277.35,11,129
11.0,277.35,11,129
11.0,277.35,11,129
11.0,277.35,11,129
11.0,277.35,11,129
11.0,277.35,11,129
11.0,277.35,11,129
11.0,277.35,11,129
11.0,277.35,11,129
11.0,277.35,11,129
11.0,277.35,11,129
11.0,277.35,11,129
11.0,277.35,11,129
11.0,277.35,11,129
11.0,277.35,11,129
11.0,277.35,11,129
11.0,277.35,11,129
11.0,277.35,11,129
11.0,277.35,11,129
11.0,277.35,11,129
11.0,277.35,11,129
11.0,277.35,11,129
10.0,240.0,10,129
10.0,240.0,10,129
10.0,240.0,10,129
10.0,240.0,10,129
7.0,101.4,7,129
7.0,101.4,7,129
0.0,60.0,340,130
0.0,60.0,280,130
0.0,60.0,220,130
0.0,25.35,194,130
-0.3000000000000113,25.35,169,130
-0.6500000000000057,25.35,143,130
13.349999999999994,25.35,131,130
27.349999999999994,25.35,133,130
40.75,33.75,140,130
41.35,43.35,138,130
41.35,43.35,136,130
41.35,43.35,134,130
41.35,43.35,132,130
41.35,43.35,130,130
41.35,43.35,128,130
41.35,43.35,126,130
41.35,43.35,124,130
41.35,43.35,122,130
41.35,43.35,120,130
41.35,43.35,118,130
41.35,43.35,116,130
41.35,43.35,114,130
41.35,43.35,112,130
41.35,43.35,110,130
41.35,43.35,108,130
41.35,43.35,106,130
27.15000000000001,18.15,115,130
40.75,33.75,122,130
55.0,60.0,117,130
55.0,60.0,112,130
55.0,60.0,107,130
41.35,25.35,123,130
41.400000000000006,29.4,135,130
40.75,33.75,142,130
55.150000000000006,54.150000000000006,143,130
55.150000000000006,54.150000000000006,144,130
54.60000000000001,72.60000000000001,126,130
54.60000000000001,72.60000000000001,108,130
54.60000000000001,72.60000000000001,90,130
54.60000000000001,72.60000000000001,72,130
55.0,72.60000000000001,55,130
55.0,72.60000000000001,55,130
55.0,72.60000000000001,55,130
55.0,72.60000000000001,55,130
55.0,72.60000000000001,55,130
55.0,72.60000000000001,55,130
55.0,72.60000000000001,55,130
55.0,72.60000000000001,55,130
55.0,72.60000000000001,55,130
55.0,72.60000000000001,55,130
55.0,72.60000000000001,55,130
55.0,72.60000000000001,55,130
55.0,72.60000000000001,55,130
55.0,72.60000000000001,55,130
55.0,72.60000000000001,55,130
55.0,72.60000000000001,55,130
55.0,72.60000000000001,55,130
55.0,72.60000000000001,55,130
55.0,72.60000000000001,55,130
55.0,72.60000000000001,55,130
55.0,72.60000000000001,55,130
55.0,72.60000000000001,55,130
55.0,72.60000000000001,55,130
55.0,72.60000000000001,55,130
55.0,72.60000000000001,55,130
55.0,72.60000000000001,55,130
55.0,72.60000000000001,55,130
55.0,72.60000000000001,55,130
55.0,72.60000000000001,55,130
55.0,72.60000000000001,55,130
55.0,72.60000000000001,55,130
55.0,72.60000000000001,55,130
55.0,72.60000000000001,55,130
55.0,72.60000000000001,55,130
55.0,72.60000000000001,55,130
55.0,72.60000000000001,55,130
55.0,72.60000000000001,55,130
55.0,72.60000000000001,55,130
55.0,72.60000000000001,55,130
55.0,72.60000000000001,55,130
55.0,72.60000000000001,55,130
55.0,72.60000000000001,55,130
55.0,72.60000000000001,55,130
55.0,72.60000000000001,55,130
55.0,72.60000000000001,55,130
55.0,72.60000000000001,55,130
55.0,72.60000000000001,55,130
55.0,72.60000000000001,55,130
55.0,72.60000000000001,55,130
55.0,72.60000000000001,55,130
55.0,72.60000000000001,55,130
55.0,72.60000000000001,55,130
55.0,72.60000000000001,55,130
55.0,72.60000000000001,55,130
55.0,72.60000000000001,55,130
55.0,72.60000000000001,55,130
55.0,72.60000000000001,55,130
55.0,72.60000000000001,55,130
55.0,72.60000000000001,55,130
55.0,72.60000000000001,55,130
0.0,60.0,340,131
0.0,60.0,280,131
0.0,29.4,250,131
0.0,29.4,221,131
0.0,29.4,191,131
0.0,29.4,162,131
0.0,29.4,132,131
0.0,29.4,103,131
0.0,29.4,74,131
0.0,29.4,44,131
20.600000000000048,29.4,36,131
28.4,29.4,35,131
28.4,29.4,34,131
28.4,29.4,33,131
28.4,29.4,32,131
28.4,29.4,31,131
14.400000000000002,29.4,16,131
57.0,29.4,57,131
56.75,33.75,80,131
68.4,38.400000000000006,110,131
75.35,43.35,142,131
75.15,54.150000000000006,163,131
87.15,66.15,184,131
94.75,93.75,185,131
114.0,135.0,164,131
114.0,135.0,143,131
114.0,135.0,122,131
114.0,135.0,114,131
114.0,135.0,114,131
114.0,135.0,114,131
114.0,135.0,114,131
114.0,117.6,114,131
114.0,117.6,114,131
114.0,117.6,114,131
114.0,117.6,114,131
114.0,117.6,114,131
114.0,117.6,114,131
114.0,117.6,114,131
114.0,117.6,114,131
114.0,117.6,114,131
114.0,117.6,114,131
114.0,117.6,114,131
114.0,117.6,114,131
114.0,117.6,114,131
114.0,117.6,114,131
76.0,60.0,130,131
94.6,72.60000000000001,152,131
94.4,86.4,160,131
94.75,93.75,161,131
106.4,101.4,166,131
94.35,79.35000000000001,181,131
113.6,117.6,177,131
113.6,117.6,173,131
113.6,117.6,169,131
113.6,117.6,165,131
113.35,109.35,169,131
125.15,144.15,150,131
125.15,144.15,131,131
126.0,144.15,126,131
126.0,144.15,126,131
126.0,144.15,126,131
126.0,144.15,126,131
126.0,144.15,126,131
126.0,144.15,126,131
126.0,144.15,126,131
126.0,144.15,126,131
94.75,93.75,127,131
113.6,117.6,123,131
113.6,117.6,119,131
113.6,117.6,115,131
114.0,117.6,114,131
76.0,60.0,130,131
75.35,43.35,162,131
75.15,54.150000000000006,183,131
94.6,72.60000000000001,205,131
94.75,93.75,206,131
113.35,109.35,210,131
76.0,60.0,226,131
94.35000000000002,79.35000000000001,241,131
113.6,117.6,237,131
113.6,117.6,233,131
113.6,117.6,229,131
113.6,117.6,225,131
113.6,117.6,221,131
113.6,117.6,217,131
113.6,117.6,213,131
113.6,117.6,209,131
113.6,117.6,205,131
113.6,117.6,201,131
113.6,117.6,197,131
113.6,117.6,193,131
113.6,117.6,189,131
113.6,117.6,185,131
113.6,117.6,181,131
113.6,117.6,177,131
113.6,117.6,173,131
113.6,117.6,169,131
113.6,117.6,165,131
113.6,117.6,161,131
113.6,117.6,157,131
0.0,60.0,340,132
140.0,60.0,420,132
44.0,60.0,404,132
84.39999999999998,29.4,459,132
34.39999999999998,29.4,464,132
64.39999999999998,29.4,499,132
58.39999999999998,29.4,528,132
64.39999999999998,29.4,563,132
79.60000000000002,48.6,594,132
80.0,60.0,614,132
80.0,60.0,634,132
90.14999999999998,66.15,658,132
111.60000000000002,117.6,652,132
111.60000000000002,117.6,646,132
80.0,60.0,666,132
96.35000000000002,79.35000000000001,683,132
111.60000000000002,117.6,677,132
111.60000000000002,117.6,671,132
96.39999999999998,86.4,681,132
112.39999999999998,101.4,692,132
128.14999999999998,144.15,676,132
128.14999999999998,144.15,660,132
128.14999999999998,144.15,644,132
128.14999999999998,144.15,628,132
128.14999999999998,144.15,612,132
128.14999999999998,144.15,596,132
128.14999999999998,144.15,580,132
128.14999999999998,144.15,564,132
128.14999999999998,144.15,548,132
128.14999999999998,144.15,532,132
128.14999999999998,144.15,516,132
96.39999999999998,86.4,526,132
122.14999999999998,126.15,522,132
122.14999999999998,126.15,518,132
122.14999999999998,126.15,514,132
122.14999999999998,126.15,510,132
122.14999999999998,126.15,506,132
122.14999999999998,126.15,502,132
122.14999999999998,126.15,498,132
122.14999999999998,126.15,494,132
122.14999999999998,126.15,490,132
122.14999999999998,126.15,486,132
122.14999999999998,126.15,482,132
122.14999999999998,126.15,478,132
122.14999999999998,126.15,474,132
122.14999999999998,126.15,470,132
122.14999999999998,126.15,466,132
122.14999999999998,126.15,462,132
122.14999999999998,126.15,458,132
122.14999999999998,126.15,454,132
122.14999999999998,126.15,450,132
95.60000000000002,72.60000000000001,473,132
105.75,93.75,485,132
153.60000000000002,117.6,521,132
170.14999999999998,144.15,547,132
128.39999999999998,86.4,589,132
160.14999999999998,126.15,623,132
202.35,205.35,620,132
202.35,205.35,617,132
202.35,205.35,614,132
153.60000000000002,117.6,650,132
176.35000000000002,163.35000000000002,663,132
192.4,194.4,661,132
137.75,93.75,705,132
160.0,135.0,730,132
186.4,173.4,743,132
207.6,216.6,734,132
207.6,216.6,725,132
207.6,216.6,716,132
207.6,216.6,707,132
207.6,216.6,698,132
207.6,216.6,689,132
153.60000000000002,117.6,725,132
176.35000000000002,163.35000000000002,738,132
207.6,216.6,729,132
207.6,216.6,720,132
207.6,216.6,711,132
207.6,216.6,702,132
207.6,216.6,693,132
207.6,216.6,684,132
207.6,216.6,675,132
207.6,216.6,666,132
207.6,216.6,657,132
207.6,216.6,648,132
207.6,216.6,639,132
207.6,216.6,630,132
207.6,216.6,621,132
207.6,216.6,612,132
175.60000000000002,153.60000000000002,634,132
218.0,240.0,612,132
208.15000000000003,228.15000000000003,592,132
208.15000000000003,228.15000000000003,572,132
208.15000000000003,228.15000000000003,552,132
208.15000000000003,228.15000000000003,532,132
208.15000000000003,228.15000000000003,512,132
208.15000000000003,228.15000000000003,492,132
137.75,93.75,536,132
175.60000000000002,153.60000000000002,558,132
208.15000000000003,228.15000000000003,538,132
208.15000000000003,228.15000000000003,518,132
0.0,60.0,340,133
0.0,60.0,280,133
0.0,60.0,220,133
0.0,60.0,160,133
42.0,60.0,142,133
42.0,60.0,124,133
35.0,60.0,99,133
42.0,60.0,81,133
42.0,60.0,63,133
42.0,60.0,45,133
42.0,60.0,42,133
35.0,60.0,35,133
28.0,60.0,28,133
14.0,60.0,14,133
21.0,60.0,21,133
21.0,60.0,21,133
14.0,60.0,14,133
21.0,60.0,21,133
28.0,109.35,28,133
35.0,135.0,35,133
35.0,194.4,35,133
26.0,194.4,26,133
39.0,194.4,39,133
32.0,252.15000000000003,32,133
64.0,252.15000000000003,64,133
70.0,331.35,70,133
29.0,522.1500000000001,29,133
70.0,522.1500000000001,70,133
86.0,735.0,86,133
116.0,960.0,116,133
166.0,1215.0,166,133
176.0,1560.6,176,133
101.0,1983.75,101,133
105.0,1983.75,105,133
154.0,2053.3500000000004,154,133
156.0,2232.6000000000004,156,133
70.0,2496.15,70,133
84.0,2496.15,84,133
100.0,2815.3500000000004,100,133
102.0,3285.6000000000004,102,133
102.0,3511.3500000000004,102,133
86.0,3511.3500000000004,86,133
60.0,3511.3500000000004,60,133
50.0,3511.3500000000004,50,133
60.0,3511.3500000000004,60,133
95.0,4284.150000000001,95,133
156.0,4593.75,156,133
221.0,5133.75,221,133
158.0,5472.150000000001,158,133
208.0,5472.150000000001,208,133
109.0,6120.6,109,133
209.0,6120.6,209,133
211.0,6933.75,211,133
211.0,7526.400000000001,211,133
148.0,7526.400000000001,148,133
148.0,7526.400000000001,148,133
152.0,7526.400000000001,152,133
152.0,8143.35,152,133
148.0,8143.35,148,133
148.0,5645.400000000001,148,133
23.0,3197.4000000000005,23,133
0.0,3197.4000000000005,0,133
69.0,1109.4,69,133
77.0,1717.35,77,133
73.0,1915.35,73,133
77.0,1915.35,77,133
73.0,2088.6000000000004,73,133
78.0,2088.6000000000004,78,133
69.0,2160.0,69,133
50.0,2160.0,50,133
69.0,2160.0,69,133
50.0,2774.4,50,133
69.0,1382.4,69,133
23.0,1782.15,23,133
50.0,1782.15,50,133
78.0,2124.15,78,133
69.0,2196.15,69,133
69.0,2196.15,69,133
62.0,2196.15,62,133
78.0,2196.15,78,133
78.0,2196.15,78,133
78.0,2196.15,78,133
20.0,1560.6,20,133
20.0,1560.6,20,133
46.0,1560.6,46,133
50.0,1749.6,50,133
133.0,1983.75,133,133
86.0,2088.6000000000004,86,133
135.0,2088.6000000000004,135,133
105.0,2196.15,105,133
51.0,1188.15,51,133
71.0,1188.15,71,133
90.0,735.0,90,133
116.0,1033.35,116,133
135.0,1500.0,135,133
116.0,1749.6,116,133
182.0,1749.6,182,133
128.0,2018.4,128,133
116.0,2018.4,116,133
45.0,2018.4,45,133
0.0,60.0,340,134
0.0,29.4,310,134
0.0,29.4,281,134
0.0,29.4,251,134
0.0,29.4,222,134
0.0,29.4,193,134
0.0,29.4,163,134
0.0,12.15,151,134
0.0,7.35,144,134
0.0,7.35,136,134
0.0,7.35,129,134
0.0,7.35,122,134
0.0,7.35,114,134
-0.3500000000000511,7.35,107,134
-0.6500000000000057,7.35,99,134
-0.6500000000000057,7.35,91,134
-0.6500000000000057,7.35,83,134
-0.6500000000000057,7.35,75,134
-0.6500000000000057,7.35,67,134
-0.6499999999999986,7.35,59,134
-0.6499999999999986,7.35,51,134
-0.6499999999999986,7.35,43,134
-0.6499999999999986,7.35,35,134
-0.6499999999999986,7.35,27,134
-0.6499999999999986,7.35,19,134
-0.6499999999999986,7.35,11,134
-0.6499999999999995,7.35,3,134
0.0,7.35,0,134
0.0,5.4,0,134
0.0,1.35,0,134
0.0,0.6000000000000001,0,134
0.0,0.15,0,134
0.0,60.0,340,135
0.0,60.0,280,135
0.0,60.0,220,135
0.0,60.0,160,135
0.0,60.0,100,135
0.0,60.0,40,135
0.0,60.0,0,135
0.0,33.75,0,135
0.0,21.6,0,135
0.0,12.15,0,135
0.0,7.35,0,135
0.0,5.4,0,135
0.0,3.75,0,135
13.0,2.4000000000000004,13,135
13.4,5.4,21,135
13.15,12.15,22,135
26.0,15.0,33,135
26.15,18.15,41,135
39.35,25.35,55,135
51.6,48.6,58,135
78.0,117.6,78,135
91.0,163.35000000000002,91,135
117.0,290.40000000000003,117,135
143.0,437.4,143,135
182.0,756.1500000000001,182,135
247.0,1353.75,247,135
396.0,2774.4,396,135
335.0,3330.15,335,135
335.0,3330.15,335,135
335.0,3330.15,335,135
335.0,3330.15,335,135
335.0,3330.15,335,135
335.0,3330.15,335,135
335.0,3330.15,335,135
335.0,3330.15,335,135
335.0,3330.15,335,135
335.0,3330.15,335,135
335.0,3330.15,335,135
335.0,3330.15,335,135
335.0,3330.15,335,135
335.0,3330.15,335,135
335.0,3330.15,335,135
335.0,3330.15,335,135
335.0,3330.15,335,135
335.0,3330.15,335,135
335.0,3330.15,335,135
335.0,3330.15,335,135
335.0,3330.15,335,135
335.0,3330.15,335,135
335.0,3330.15,335,135
335.0,3330.15,335,135
335.0,3330.15,335,135
335.0,3330.15,335,135
335.0,3330.15,335,135
335.0,3330.15,335,135
335.0,3330.15,335,135
335.0,3330.15,335,135
335.0,3330.15,335,135
335.0,3330.15,335,135
335.0,3330.15,335,135
335.0,3330.15,335,135
335.0,3330.15,335,135
335.0,3330.15,335,135
335.0,3330.15,335,135
335.0,3330.15,335,135
335.0,3330.15,335,135
335.0,3330.15,335,135
335.0,3330.15,335,135
335.0,3330.15,335,135
335.0,3330.15,335,135
335.0,3330.15,335,135
335.0,3330.15,335,135
335.0,3330.15,335,135
335.0,3330.15,335,135
335.0,3330.15,335,135
335.0,3330.15,335,135
335.0,3330.15,335,135
335.0,3330.15,335,135
335.0,3330.15,335,135
335.0,3330.15,335,135
335.0,3330.15,335,135
402.0,3330.15,402,135
476.0,3936.6,476,135
552.0,4646.400000000001,552,135
560.0,5245.35,560,135
568.0,5821.35,568,135
648.0,7128.6,648,135
730.0,8143.35,730,135
814.0,9601.35,814,135
825.0,10613.4,825,135
912.0,12183.75,912,135
1001.0,14229.6,1001,135
1092.0,16434.15,1092,135
1185.0,18480.15,1185,135
1280.0,21319.35,1280,135
1215.0,25092.15,1215,135
1215.0,25092.15,1215,135
1215.0,25092.15,1215,135
1215.0,25092.15,1215,135
1215.0,25092.15,1215,135
0.0,60.0,340,136
0.0,60.0,280,136
0.0,60.0,220,136
40.0,60.0,200,136
24.0,60.0,164,136
12.0,60.0,116,136
56.0,60.0,112,136
56.0,60.0,108,136
24.0,60.0,72,136
91.0,60.0,103,136
91.15,66.15,128,136
81.35000000000001,79.35000000000001,130,136
108.4,86.4,152,136
118.0,135.0,135,136
118.0,135.0,118,136
118.0,135.0,118,136
118.0,135.0,118,136
118.0,135.0,118,136
118.0,135.0,118,136
118.0,135.0,118,136
118.0,135.0,118,136
118.0,135.0,118,136
118.0,135.0,118,136
118.0,135.0,118,136
118.0,135.0,118,136
118.0,135.0,118,136
118.0,135.0,118,136
118.0,135.0,118,136
118.0,135.0,118,136
118.0,135.0,118,136
118.0,135.0,118,136
118.0,135.0,118,136
118.0,135.0,118,136
118.0,135.0,118,136
118.0,135.0,118,136
118.0,135.0,118,136
118.0,135.0,118,136
118.0,135.0,118,136
118.0,135.0,118,136
118.0,135.0,118,136
118.0,135.0,118,136
118.0,135.0,118,136
118.0,135.0,118,136
118.0,135.0,118,136
118.0,135.0,118,136
118.0,135.0,118,136
118.0,135.0,118,136
118.0,135.0,118,136
118.0,135.0,118,136
118.0,135.0,118,136
118.0,135.0,118,136
118.0,135.0,118,136
118.0,135.0,118,136
118.0,135.0,118,136
118.0,135.0,118,136
118.0,135.0,118,136
118.0,135.0,118,136
118.0,135.0,118,136
118.0,135.0,118,136
118.0,135.0,118,136
118.0,135.0,118,136
118.0,135.0,118,136
118.0,135.0,118,136
118.0,135.0,118,136
118.0,135.0,118,136
118.0,135.0,118,136
118.0,135.0,118,136
118.0,135.0,118,136
118.0,135.0,118,136
118.0,135.0,118,136
118.0,135.0,118,136
118.0,135.0,118,136
118.0,135.0,118,136
118.0,135.0,118,136
118.0,135.0,118,136
118.0,135.0,118,136
118.0,135.0,118,136
118.0,135.0,118,136
118.0,135.0,118,136
118.0,135.0,118,136
118.0,135.0,118,136
118.0,135.0,118,136
118.0,135.0,118,136
118.0,135.0,118,136
118.0,135.0,118,136
118.0,135.0,118,136
118.0,135.0,118,136
118.0,135.0,118,136
118.0,135.0,118,136
118.0,135.0,118,136
118.0,135.0,118,136
118.0,135.0,118,136
118.0,135.0,118,136
118.0,135.0,118,136
118.0,135.0,118,136
118.0,135.0,118,136
118.0,135.0,118,136
118.0,135.0,118,136
118.0,135.0,118,136
70.0,135.0,70,136
0.0,60.0,340,137
0.0,60.0,280,137
0.0,60.0,220,137
0.0,60.0,160,137
0.0,60.0,100,137
0.0,60.0,40,137
-0.6499999999999986,25.35,14,137
0.0,25.35,0,137
0.0,15.0,0,137
0.0,9.6,0,137
0.0,2.4000000000000004,0,137
0.0,1.35,0,137
0.0,0.6000000000000001,0,137
0.0,0.15,0,137
0.0,60.0,340,138
0.0,60.0,280,138
0.0,60.0,220,138
0.0,60.0,160,138
0.0,43.35,116,138
0.0,43.35,73,138
0.0,43.35,29,138
23.199999999999992,18.15,35,138
17.400000000000002,29.4,23,138
24.0,29.4,24,138
36.0,48.6,36,138
0.0,72.60000000000001,0,138
18.0,43.35,18,138
18.0,60.0,18,138
12.0,60.0,12,138
21.0,60.0,21,138
28.0,93.75,28,138
20.0,183.75,20,138
28.0,183.75,28,138
34.0,240.0,34,138
21.0,252.15000000000003,21,138
20.0,183.75,20,138
39.0,153.60000000000002,39,138
21.0,205.35,21,138
39.0,205.35,39,138
33.0,290.40000000000003,33,138
0.0,290.40000000000003,0,138
33.0,163.35000000000002,33,138
33.0,205.35,33,138
33.0,205.35,33,138
33.0,205.35,33,138
39.0,205.35,39,138
22.0,252.15000000000003,22,138
85.0,194.4,85,138
13.0,264.6,13,138
85.0,264.6,85,138
67.0,216.6,67,138
71.0,216.6,71,138
48.0,277.35,48,138
67.0,277.35,67,138
48.0,421.35,48,138
101.0,421.35,101,138
101.0,540.0,101,138
107.0,540.0,107,138
107.0,693.6,107,138
72.0,693.6,72,138
67.0,693.6,67,138
120.0,693.6,120,138
150.0,1109.4,150,138
163.0,1591.35,163,138
214.0,2343.75,214,138
204.0,2535.0,204,138
179.0,2535.0,179,138
165.0,2535.0,165,138
230.0,2535.0,230,138
248.0,2815.3500000000004,248,138
169.0,1382.4,169,138
49.0,1109.4,49,138
133.0,889.3499999999999,133,138
163.0,1382.4,163,138
212.0,2232.6000000000004,212,138
155.0,2419.3500000000004,155,138
77.0,2419.3500000000004,77,138
224.0,2419.3500000000004,224,138
149.0,2535.0,149,138
224.0,2535.0,224,138
191.0,2733.75,191,138
184.0,2733.75,184,138
197.0,2733.75,197,138
117.0,3024.6000000000004,117,138
91.0,3024.6000000000004,91,138
226.0,3024.6000000000004,226,138
97.0,3511.3500000000004,97,138
197.0,3511.3500000000004,197,138
203.0,3650.400000000001,203,138
77.0,3840.0,77,138
203.0,3840.0,203,138
197.0,4133.400000000001,197,138
201.0,4133.400000000001,201,138
205.0,4335.0,205,138
205.0,4233.6,205,138
206.0,4233.6,206,138
94.0,4699.35,94,138
67.0,4699.35,67,138
206.0,4699.35,206,138
216.0,4968.6,216,138
67.0,4489.35,67,138
204.0,4489.35,204,138
206.0,4752.6,206,138
74.0,5245.35,74,138
141.0,5245.35,141,138
142.0,5529.6,142,138
239.0,5821.35,239,138
241.0,6181.35,241,138
239.0,6489.6,239,138
75.0,6489.6,75,138
159.0,6489.6,159,138
228.0,6805.35,228,138
252.0,7260.0,252,138
254.0,8073.6,254,138
0.0,60.0,340,139
42.0,60.0,322,139
160.0,60.0,422,139
45.0,60.0,407,139
42.75,33.75,416,139
68.75,33.75,451,139
59.75,33.75,477,139
19.75,33.75,463,139
64.75,33.75,494,139
64.75,33.75,525,139
64.75,33.75,556,139
64.75,33.75,587,139
72.39999999999998,38.400000000000006,621,139
71.60000000000002,48.6,644,139
89.14999999999998,66.15,667,139
96.35000000000002,79.35000000000001,684,139
96.39999999999998,86.4,694,139
113.39999999999998,101.4,706,139
120.14999999999998,126.15,700,139
120.14999999999998,126.15,694,139
120.14999999999998,126.15,688,139
120.14999999999998,126.15,682,139
120.14999999999998,126.15,676,139
120.14999999999998,126.15,670,139
120.14999999999998,126.15,664,139
120.14999999999998,126.15,658,139
120.14999999999998,126.15,652,139
120.14999999999998,126.15,646,139
120.14999999999998,126.15,640,139
120.14999999999998,126.15,634,139
120.14999999999998,126.15,628,139
120.14999999999998,126.15,622,139
120.14999999999998,126.15,616,139
120.14999999999998,126.15,610,139
120.14999999999998,126.15,604,139
120.14999999999998,126.15,598,139
120.14999999999998,126.15,592,139
120.14999999999998,126.15,586,139
120.14999999999998,126.15,580,139
120.14999999999998,126.15,574,139
120.14999999999998,126.15,568,139
120.14999999999998,126.15,562,139
119.60000000000002,117.6,564,139
137.35000000000002,163.35000000000002,538,139
137.35000000000002,163.35000000000002,512,139
137.35000000000002,163.35000000000002,486,139
137.35000000000002,163.35000000000002,460,139
137.35000000000002,163.35000000000002,434,139
137.35000000000002,163.35000000000002,408,139
137.35000000000002,163.35000000000002,382,139
137.35000000000002,163.35000000000002,356,139
137.35000000000002,163.35000000000002,330,139
137.35000000000002,163.35000000000002,304,139
137.35000000000002,163.35000000000002,278,139
120.0,135.0,263,139
120.0,135.0,248,139
120.0,135.0,233,139
120.0,135.0,218,139
120.0,135.0,203,139
120.15,126.15,197,139
96.35,79.35000000000001,214,139
99.75,93.75,220,139
119.6,117.6,222,139
124.15,144.15,202,139
96.35,79.35000000000001,219,139
96.4,86.4,229,139
99.75,93.75,235,139
120.0,135.0,220,139
120.0,135.0,205,139
120.0,135.0,190,139
120.0,135.0,175,139
120.0,135.0,160,139
99.75,93.75,166,139
113.4,101.4,178,139
119.6,117.6,180,139
124.15,144.15,160,139
124.15,144.15,140,139
124.0,144.15,124,139
124.0,144.15,124,139
124.0,144.15,124,139
124.0,144.15,124,139
124.0,144.15,124,139
76.15,54.150000000000006,146,139
89.15,66.15,169,139
95.6,72.60000000000001,192,139
96.4,86.4,202,139
113.4,101.4,214,139
113.35,109.35,218,139
113.35,109.35,222,139
124.15,144.15,202,139
124.15,144.15,182,139
124.15,144.15,162,139
124.15,144.15,142,139
124.0,144.15,124,139
124.0,144.15,124,139
124.0,144.15,124,139
124.0,144.15,124,139
124.0,144.15,124,139
124.0,144.15,124,139
124.0,144.15,124,139
0.0,60.0,340,140
0.0,60.0,280,140
0.0,60.0,220,140
0.0,60.0,160,140
0.0,33.75,126,140
28.5,33.75,121,140
27.75,33.75,115,140
27.75,33.75,109,140
7.75,33.75,83,140
19.75,33.75,69,140
19.75,33.75,55,140
11.75,33.75,33,140
18.0,33.75,18,140
42.0,33.75,42,140
56.0,66.15,56,140
74.0,126.15,74,140
42.0,183.75,42,140
74.0,183.75,74,140
74.0,228.15000000000003,74,140
74.0,228.15000000000003,74,140
74.0,228.15000000000003,74,140
74.0,228.15000000000003,74,140
70.0,228.15000000000003,70,140
60.0,228.15000000000003,60,140
60.0,228.15000000000003,60,140
46.0,173.4,46,140
46.0,173.4,46,140
46.0,173.4,46,140
46.0,173.4,46,140
46.0,173.4,46,140
42.0,126.15,42,140
42.0,126.15,42,140
32.0,126.15,32,140
53.0,126.15,53,140
53.0,126.15,53,140
53.0,126.15,53,140
53.0,126.15,53,140
53.0,126.15,53,140
53.0,126.15,53,140
53.0,126.15,53,140
53.0,126.15,53,140
53.0,126.15,53,140
53.0,126.15,53,140
70.0,126.15,70,140
74.0,173.4,74,140
95.0,252.15000000000003,95,140
70.0,135.0,70,140
70.0,135.0,70,140
53.0,135.0,53,140
70.0,135.0,70,140
91.0,205.35,91,140
91.0,216.6,91,140
91.0,216.6,91,140
91.0,216.6,91,140
91.0,216.6,91,140
42.0,216.6,42,140
74.0,216.6,74,140
95.0,303.75,95,140
112.0,390.15,112,140
116.0,470.4,116,140
49.0,558.1500000000001,49,140
116.0,558.1500000000001,116,140
137.0,821.4000000000001,137,140
154.0,984.15,154,140
179.0,1188.15,179,140
158.0,1440.6,158,140
179.0,1440.6,179,140
245.0,1848.15,245,140
112.0,2018.4,112,140
210.0,2018.4,210,140
212.0,2088.6000000000004,212,140
156.0,2124.15,156,140
204.0,2124.15,204,140
249.0,2232.6000000000004,249,140
380.0,2574.15,380,140
342.0,2693.4,342,140
386.0,2693.4,386,140
386.0,2940.0,386,140
386.0,2733.75,386,140
292.0,2733.75,292,140
386.0,2733.75,386,140
389.0,2940.0,389,140
389.0,3241.3500000000004,389,140
344.0,3241.3500000000004,344,140
391.0,3241.3500000000004,391,140
211.0,1325.4,211,140
211.0,1325.4,211,140
126.0,504.6,126,140
126.0,504.6,126,140
126.0,504.6,126,140
126.0,504.6,126,140
126.0,504.6,126,140
126.0,504.6,126,140
126.0,504.6,126,140
126.0,504.6,126,140
126.0,504.6,126,140
126.0,504.6,126,140
109.0,504.6,109,140
122.0,504.6,122,140
143.0,714.1500000000001,143,140
0.0,60.0,340,141
0.0,60.0,280,141
120.0,60.0,340,141
179.39999999999998,194.4,325,141
287.4,194.4,418,141
357.75,303.75,472,141
342.0,633.75,342,141
342.0,633.75,342,141
191.40000000000003,290.40000000000003,243,141
118.0,264.6,118,141
102.0,264.6,102,141
112.0,264.6,112,141
118.0,331.35,118,141
118.0,405.6,118,141
70.0,405.6,70,141
162.0,405.6,162,141
188.0,487.35,188,141
188.0,522.1500000000001,188,141
172.0,522.1500000000001,172,141
162.0,522.1500000000001,162,141
156.0,522.1500000000001,156,141
156.0,522.1500000000001,156,141
156.0,522.1500000000001,156,141
104.0,522.1500000000001,104,141
136.0,522.1500000000001,136,141
136.0,558.1500000000001,136,141
136.0,558.1500000000001,136,141
136.0,558.1500000000001,136,141
136.0,558.1500000000001,136,141
52.0,558.1500000000001,52,141
130.0,558.1500000000001,130,141
146.0,673.35,146,141
162.0,889.3499999999999,162,141
188.0,1161.6,188,141
214.0,1440.6,214,141
246.0,1782.15,246,141
252.0,1815.0,252,141
156.0,984.15,156,141
188.0,984.15,188,141
214.0,1215.0,214,141
280.0,1717.35,280,141
280.0,1782.15,280,141
280.0,1782.15,280,141
280.0,1782.15,280,141
280.0,1782.15,280,141
280.0,1782.15,280,141
280.0,1782.15,280,141
246.0,1530.15,246,141
246.0,1530.15,246,141
240.0,1530.15,240,141
246.0,1530.15,246,141
246.0,1653.75,246,141
246.0,1653.75,246,141
214.0,1653.75,214,141
246.0,1653.75,246,141
280.0,1815.0,280,141
280.0,1983.75,280,141
224.0,1983.75,224,141
252.0,1983.75,252,141
182.0,2232.6000000000004,182,141
252.0,2232.6000000000004,252,141
258.0,2381.4,258,141
262.0,2653.3500000000004,262,141
258.0,2815.3500000000004,258,141
110.0,1109.4,110,141
84.0,487.35,84,141
78.0,487.35,78,141
78.0,487.35,78,141
84.0,487.35,84,141
120.0,821.4000000000001,120,141
110.0,1188.15,110,141
104.0,1188.15,104,141
91.0,1188.15,91,141
147.0,1188.15,147,141
175.0,1915.35,175,141
158.0,2018.4,158,141
162.0,2018.4,162,141
119.0,2160.0,119,141
84.0,2160.0,84,141
140.0,2160.0,140,141
135.0,3110.4,135,141
140.0,3110.4,140,141
170.0,3285.6000000000004,170,141
198.0,3375.0,198,141
215.0,3603.75,215,141
217.0,3744.6,217,141
217.0,3985.35,217,141
207.0,3985.35,207,141
182.0,3985.35,182,141
245.0,3985.35,245,141
255.0,4233.6,255,141
76.0,2306.4,76,141
125.0,2306.4,125,141
275.0,2733.75,275,141
290.0,2940.0,290,141
192.0,3024.6000000000004,192,141
200.0,3024.6000000000004,200,141
199.0,3985.35,199,141
209.0,3985.35,209,141
305.0,4133.400000000001,305,141
0.0,60.0,340,142
0.0,60.0,280,142
63.0,60.0,283,142
63.0,60.0,286,142
36.0,60.0,262,142
18.0,60.0,220,142
40.0,60.0,200,142
50.0,60.0,190,142
40.0,60.0,170,142
50.0,60.0,160,142
39.0,60.0,139,142
30.0,60.0,109,142
30.0,60.0,79,142
30.0,60.0,49,142
30.0,60.0,30,142
30.0,60.0,30,142
30.0,60.0,30,142
30.0,60.0,30,142
30.0,60.0,30,142
30.0,60.0,30,142
30.0,60.0,30,142
30.0,60.0,30,142
30.0,60.0,30,142
30.0,60.0,30,142
30.0,60.0,30,142
30.0,60.0,30,142
30.0,60.0,30,142
30.0,60.0,30,142
30.0,60.0,30,142
30.0,60.0,30,142
30.0,60.0,30,142
30.0,60.0,30,142
30.0,60.0,30,142
30.0,60.0,30,142
30.0,60.0,30,142
30.0,60.0,30,142
30.0,60.0,30,142
30.0,60.0,30,142
19.6,21.6,28,142
19.6,21.6,26,142
19.6,21.6,24,142
19.6,21.6,22,142
19.6,21.6,20,142
20.0,21.6,20,142
20.0,21.6,20,142
18.15,12.15,26,142
20.0,15.0,31,142
19.35,25.35,25,142
20.0,25.35,20,142
20.0,25.35,20,142
20.0,25.35,20,142
20.0,25.35,20,142
20.0,25.35,20,142
20.0,25.35,20,142
20.0,25.35,20,142
20.0,25.35,20,142
20.0,25.35,20,142
20.0,25.35,20,142
20.0,25.35,20,142
20.0,25.35,20,142
20.0,25.35,20,142
20.0,25.35,20,142
20.0,25.35,20,142
20.0,25.35,20,142
20.0,25.35,20,142
20.0,25.35,20,142
20.0,25.35,20,142
20.0,25.35,20,142
20.0,25.35,20,142
20.0,25.35,20,142
20.0,25.35,20,142
20.0,25.35,20,142
20.0,25.35,20,142
20.0,25.35,20,142
20.0,25.35,20,142
20.0,25.35,20,142
20.0,25.35,20,142
20.0,25.35,20,142
3.0,25.35,3,142
3.0,25.35,3,142
3.0,25.35,3,142
3.0,25.35,3,142
3.0,25.35,3,142
3.0,25.35,3,142
3.0,25.35,3,142
3.0,25.35,3,142
3.0,25.35,3,142
3.0,25.35,3,142
3.0,25.35,3,142
3.0,25.35,3,142
3.0,25.35,3,142
2.0,15.0,2,142
2.0,15.0,2,142
2.0,15.0,2,142
2.0,15.0,2,142
2.0,15.0,2,142
2.0,15.0,2,142
2.0,15.0,2,142
2.0,15.0,2,142
1.0,5.4,1,142
0.0,60.0,340,143
36.0,60.0,316,143
18.0,60.0,274,143
21.0,60.0,235,143
21.0,60.0,196,143
21.0,60.0,157,143
15.0,60.0,112,143
60.0,60.0,112,143
75.0,60.0,127,143
86.35000000000001,109.35,104,143
75.0,109.35,75,143
45.0,109.35,45,143
45.0,109.35,45,143
42.0,109.35,42,143
60.0,109.35,60,143
30.0,163.35000000000002,30,143
75.0,163.35000000000002,75,143
90.0,264.6,90,143
120.0,653.4000000000001,120,143
150.0,1411.35,150,143
276.0,2232.6000000000004,276,143
282.0,2653.3500000000004,282,143
285.0,3110.4,285,143
238.0,1983.75,238,143
238.0,1983.75,238,143
182.0,1717.35,182,143
182.0,1717.35,182,143
182.0,1717.35,182,143
182.0,1717.35,182,143
182.0,1717.35,182,143
182.0,1717.35,182,143
182.0,1717.35,182,143
182.0,1717.35,182,143
182.0,1717.35,182,143
182.0,1717.35,182,143
133.0,633.75,133,143
133.0,633.75,133,143
133.0,633.75,133,143
133.0,633.75,133,143
133.0,633.75,133,143
133.0,633.75,133,143
133.0,633.75,133,143
133.0,633.75,133,143
133.0,633.75,133,143
133.0,633.75,133,143
133.0,633.75,133,143
133.0,633.75,133,143
133.0,633.75,133,143
133.0,633.75,133,143
133.0,633.75,133,143
133.0,633.75,133,143
133.0,633.75,133,143
133.0,633.75,133,143
133.0,633.75,133,143
152.0,633.75,152,143
209.0,1109.4,209,143
276.0,2124.15,276,143
279.0,2574.15,279,143
344.0,2856.6000000000004,344,143
291.0,3511.3500000000004,291,143
291.0,3511.3500000000004,291,143
291.0,3511.3500000000004,291,143
291.0,3511.3500000000004,291,143
291.0,3511.3500000000004,291,143
344.0,2940.0,344,143
291.0,3511.3500000000004,291,143
291.0,3511.3500000000004,291,143
291.0,3511.3500000000004,291,143
291.0,3511.3500000000004,291,143
291.0,3511.3500000000004,291,143
291.0,3511.3500000000004,291,143
291.0,3511.3500000000004,291,143
291.0,3511.3500000000004,291,143
291.0,3511.3500000000004,291,143
291.0,3511.3500000000004,291,143
291.0,3511.3500000000004,291,143
291.0,3511.3500000000004,291,143
291.0,3511.3500000000004,291,143
291.0,3511.3500000000004,291,143
291.0,3511.3500000000004,291,143
291.0,3511.3500000000004,291,143
291.0,3511.3500000000004,291,143
291.0,3511.3500000000004,291,143
291.0,3511.3500000000004,291,143
291.0,3511.3500000000004,291,143
291.0,3511.3500000000004,291,143
291.0,3511.3500000000004,291,143
291.0,3511.3500000000004,291,143
291.0,3511.3500000000004,291,143
291.0,3511.3500000000004,291,143
291.0,3465.6000000000004,291,143
291.0,3465.6000000000004,291,143
291.0,3465.6000000000004,291,143
291.0,3375.0,291,143
291.0,3375.0,291,143
273.0,1881.6,273,143
273.0,1881.6,273,143
273.0,1881.6,273,143
273.0,1881.6,273,143
273.0,1881.6,273,143
0.0,60.0,340,144
247.0,60.0,527,144
208.4,38.400000000000006,697,144
169.0,135.0,731,144
221.4,194.4,758,144
207.75,453.75,512,144
324.75,453.75,383,144
286.0,453.75,286,144
234.0,453.75,234,144
208.0,453.75,208,144
234.0,453.75,234,144
286.0,714.1500000000001,286,144
364.0,1058.4,364,144
403.0,1353.75,403,144
441.0,1915.35,441,144
512.0,2018.4,512,144
512.0,2196.15,512,144
512.0,2196.15,512,144
512.0,2196.15,512,144
512.0,2196.15,512,144
512.0,2196.15,512,144
512.0,2196.15,512,144
512.0,2196.15,512,144
512.0,2196.15,512,144
512.0,2196.15,512,144
512.0,2196.15,512,144
512.0,2196.15,512,144
512.0,2196.15,512,144
512.0,2196.15,512,144
512.0,2196.15,512,144
512.0,2196.15,512,144
512.0,2196.15,512,144
512.0,2196.15,512,144
512.0,2196.15,512,144
512.0,2196.15,512,144
512.0,2196.15,512,144
512.0,2196.15,512,144
512.0,2196.15,512,144
512.0,2196.15,512,144
512.0,2196.15,512,144
512.0,2196.15,512,144
512.0,2196.15,512,144
512.0,2196.15,512,144
512.0,2196.15,512,144
512.0,2196.15,512,144
512.0,2196.15,512,144
512.0,2196.15,512,144
512.0,2196.15,512,144
512.0,2196.15,512,144
512.0,2196.15,512,144
512.0,2196.15,512,144
512.0,2196.15,512,144
512.0,2196.15,512,144
512.0,2196.15,512,144
512.0,2196.15,512,144
512.0,2196.15,512,144
512.0,2196.15,512,144
512.0,2196.15,512,144
512.0,2196.15,512,144
512.0,2196.15,512,144
512.0,2196.15,512,144
512.0,2196.15,512,144
512.0,2196.15,512,144
512.0,2196.15,512,144
512.0,2196.15,512,144
512.0,2196.15,512,144
512.0,2196.15,512,144
512.0,2196.15,512,144
512.0,2196.15,512,144
512.0,2196.15,512,144
512.0,2196.15,512,144
512.0,2196.15,512,144
512.0,2196.15,512,144
512.0,2196.15,512,144
512.0,2196.15,512,144
512.0,2196.15,512,144
512.0,2196.15,512,144
512.0,2196.15,512,144
512.0,2196.15,512,144
320.0,2196.15,320,144
320.0,2196.15,320,144
320.0,2196.15,320,144
320.0,2196.15,320,144
320.0,2196.15,320,144
320.0,2196.15,320,144
320.0,2196.15,320,144
320.0,2196.15,320,144
320.0,2196.15,320,144
320.0,2196.15,320,144
320.0,2196.15,320,144
320.0,2196.15,320,144
320.0,2196.15,320,144
320.0,2196.15,320,144
320.0,2196.15,320,144
320.0,2196.15,320,144
320.0,2196.15,320,144
320.0,2196.15,320,144
320.0,2196.15,320,144
320.0,2196.15,320,144
320.0,2196.15,320,144
0.0,60.0,340,145
0.0,60.0,280,145
0.0,54.150000000000006,225,145
0.0,54.150000000000006,171,145
28.450000000000017,54.150000000000006,146,145
43.150000000000006,54.150000000000006,135,145
65.15,54.150000000000006,146,145
81.75,93.75,134,145
81.75,93.75,122,145
16.75,93.75,45,145
65.0,93.75,65,145
78.0,135.0,78,145
104.0,228.15000000000003,104,145
117.0,303.75,117,145
147.0,470.4,147,145
173.0,693.6,173,145
234.0,1188.15,234,145
264.0,1685.4,264,145
273.0,1881.6,273,145
251.0,2088.6000000000004,251,145
252.0,2088.6000000000004,252,145
252.0,2306.4,252,145
277.0,2306.4,277,145
277.0,2574.15,277,145
277.0,2574.15,277,145
256.0,2574.15,256,145
516.0,2574.15,516,145
516.0,2693.4,516,145
303.0,2693.4,303,145
396.0,2693.4,396,145
418.0,2856.6000000000004,418,145
418.0,3024.6000000000004,418,145
277.0,2269.3500000000004,277,145
277.0,2269.3500000000004,277,145
277.0,2269.3500000000004,277,145
275.0,2269.3500000000004,275,145
275.0,2269.3500000000004,275,145
275.0,2269.3500000000004,275,145
134.0,984.15,134,145
160.0,984.15,160,145
30.0,843.75,30,145
108.0,843.75,108,145
130.0,984.15,130,145
108.0,912.6,108,145
104.0,912.6,104,145
95.0,912.6,95,145
78.0,614.4000000000001,78,145
56.0,614.4000000000001,56,145
82.0,614.4000000000001,82,145
108.0,889.3499999999999,108,145
82.0,984.15,82,145
82.0,984.15,82,145
78.0,984.15,78,145
56.0,984.15,56,145
134.0,984.15,134,145
82.0,1215.0,82,145
160.0,1215.0,160,145
185.0,1560.6,185,145
160.0,1653.75,160,145
185.0,1653.75,185,145
210.0,1815.0,210,145
121.0,1915.35,121,145
210.0,1915.35,210,145
212.0,1983.75,212,145
65.0,2088.6000000000004,65,145
212.0,2088.6000000000004,212,145
104.0,2196.15,104,145
134.0,2196.15,134,145
264.0,2774.4,264,145
140.0,1881.6,140,145
39.0,1881.6,39,145
168.0,1881.6,168,145
109.0,1983.75,109,145
131.0,1983.75,131,145
172.0,2306.4,172,145
109.0,2381.4,109,145
222.0,2381.4,222,145
223.0,2496.15,223,145
227.0,2653.3500000000004,227,145
249.0,2774.4,249,145
249.0,2898.15,249,145
152.0,2898.15,152,145
102.0,2898.15,102,145
249.0,2898.15,249,145
199.0,2982.15,199,145
271.0,2982.15,271,145
102.0,3110.4,102,145
251.0,3110.4,251,145
89.0,3420.1500000000005,89,145
208.0,3420.1500000000005,208,145
210.0,3744.6,210,145
143.0,3744.6,143,145
147.0,1749.6,147,145
143.0,936.15,143,145
122.0,540.0,122,145
122.0,540.0,122,145
56.0,540.0,56,145
104.0,540.0,104,145
108.0,653.4000000000001,108,145
108.0,777.5999999999999,108,145
0.0,60.0,340,146
0.0,60.0,280,146
0.0,60.0,220,146
60.0,60.0,220,146
18.0,60.0,178,146
18.0,60.0,136,146
18.0,60.0,94,146
12.0,60.0,46,146
20.0,60.0,20,146
42.0,33.75,42,146
53.0,54.150000000000006,53,146
67.0,86.4,67,146
88.0,144.15,88,146
109.0,252.15000000000003,109,146
123.0,405.6,123,146
70.0,390.15,70,146
102.0,390.15,102,146
123.0,558.1500000000001,123,146
140.0,756.1500000000001,140,146
179.0,1161.6,179,146
193.0,1325.4,193,146
231.0,1881.6,231,146
266.0,2018.4,266,146
266.0,2053.3500000000004,266,146
266.0,2053.3500000000004,266,146
266.0,2053.3500000000004,266,146
266.0,2053.3500000000004,266,146
266.0,2053.3500000000004,266,146
266.0,2053.3500000000004,266,146
266.0,2053.3500000000004,266,146
179.0,1161.6,179,146
179.0,1161.6,179,146
179.0,1161.6,179,146
179.0,1161.6,179,146
179.0,1161.6,179,146
179.0,1161.6,179,146
179.0,1161.6,179,146
179.0,1161.6,179,146
179.0,1161.6,179,146
179.0,1161.6,179,146
179.0,1161.6,179,146
179.0,1161.6,179,146
179.0,1161.6,179,146
179.0,1161.6,179,146
179.0,1161.6,179,146
179.0,1161.6,179,146
144.0,777.5999999999999,144,146
144.0,777.5999999999999,144,146
144.0,777.5999999999999,144,146
144.0,777.5999999999999,144,146
144.0,777.5999999999999,144,146
144.0,777.5999999999999,144,146
144.0,777.5999999999999,144,146
144.0,777.5999999999999,144,146
144.0,777.5999999999999,144,146
144.0,777.5999999999999,144,146
144.0,777.5999999999999,144,146
144.0,777.5999999999999,144,146
144.0,777.5999999999999,144,146
144.0,777.5999999999999,144,146
144.0,777.5999999999999,144,146
144.0,777.5999999999999,144,146
144.0,777.5999999999999,144,146
144.0,777.5999999999999,144,146
144.0,777.5999999999999,144,146
144.0,777.5999999999999,144,146
144.0,777.5999999999999,144,146
144.0,777.5999999999999,144,146
109.0,437.4,109,146
109.0,437.4,109,146
70.0,194.4,70,146
70.0,194.4,70,146
84.0,194.4,84,146
109.0,303.75,109,146
84.0,205.35,84,146
84.0,205.35,84,146
84.0,205.35,84,146
84.0,205.35,84,146
84.0,205.35,84,146
84.0,205.35,84,146
84.0,205.35,84,146
84.0,205.35,84,146
84.0,205.35,84,146
84.0,205.35,84,146
84.0,205.35,84,146
70.0,135.0,70,146
70.0,135.0,70,146
46.0,60.0,56,146
46.0,60.0,46,146
46.0,60.0,46,146
46.0,60.0,46,146
46.0,60.0,46,146
46.0,60.0,46,146
46.0,60.0,46,146
46.0,60.0,46,146
46.0,60.0,46,146
46.0,60.0,46,146
46.0,60.0,46,146
46.0,60.0,46,146
46.0,60.0,46,146
0.0,60.0,340,147
0.0,60.0,280,147
100.0,60.0,320,147
70.0,60.0,330,147
109.4,101.4,338,147
256.15,126.15,468,147
279.6,153.60000000000002,594,147
256.35,205.35,645,147
279.15000000000003,252.15000000000003,672,147
206.6,345.6,533,147
219.6,345.6,407,147
219.6,345.6,281,147
220.0,345.6,220,147
220.0,345.6,220,147
184.0,240.0,184,147
184.0,240.0,184,147
161.0,240.0,161,147
161.0,240.0,161,147
161.0,240.0,161,147
161.0,240.0,161,147
138.0,173.4,138,147
138.0,173.4,138,147
138.0,173.4,138,147
138.0,173.4,138,147
138.0,173.4,138,147
138.0,173.4,138,147
138.0,173.4,138,147
138.0,173.4,138,147
138.0,173.4,138,147
138.0,173.4,138,147
138.0,173.4,138,147
138.0,173.4,138,147
138.0,173.4,138,147
138.0,173.4,138,147
138.0,173.4,138,147
138.0,173.4,138,147
138.0,173.4,138,147
138.0,173.4,138,147
138.0,173.4,138,147
138.0,173.4,138,147
138.0,173.4,138,147
138.0,173.4,138,147
138.0,173.4,138,147
138.0,173.4,138,147
138.0,173.4,138,147
138.0,173.4,138,147
138.0,173.4,138,147
138.0,173.4,138,147
138.0,173.4,138,147
138.0,173.4,138,147
138.0,173.4,138,147
138.0,173.4,138,147
138.0,173.4,138,147
138.0,173.4,138,147
138.0,173.4,138,147
138.0,173.4,138,147
138.0,173.4,138,147
138.0,173.4,138,147
138.0,173.4,138,147
138.0,173.4,138,147
138.0,173.4,138,147
138.0,173.4,138,147
138.0,173.4,138,147
138.0,173.4,138,147
138.0,173.4,138,147
138.0,173.4,138,147
138.0,173.4,138,147
138.0,173.4,138,147
138.0,173.4,138,147
138.0,173.4,138,147
138.0,173.4,138,147
138.0,173.4,138,147
138.0,173.4,138,147
138.0,173.4,138,147
138.0,173.4,138,147
138.0,173.4,138,147
138.0,173.4,138,147
138.0,173.4,138,147
138.0,173.4,138,147
138.0,173.4,138,147
138.0,173.4,138,147
138.0,173.4,138,147
138.0,173.4,138,147
138.0,173.4,138,147
138.0,173.4,138,147
138.0,173.4,138,147
138.0,173.4,138,147
138.0,173.4,138,147
138.0,173.4,138,147
138.0,173.4,138,147
138.0,173.4,138,147
138.0,173.4,138,147
138.0,173.4,138,147
138.0,173.4,138,147
138.0,173.4,138,147
138.0,173.4,138,147
138.0,173.4,138,147
138.0,173.4,138,147
138.0,173.4,138,147
138.0,173.4,138,147
0.0,60.0,340,148
0.0,60.0,280,148
117.0,60.0,337,148
104.0,60.0,381,148
91.35000000000002,79.35000000000001,393,148
156.39999999999998,194.4,355,148
156.39999999999998,194.4,317,148
156.39999999999998,194.4,279,148
156.39999999999998,194.4,241,148
130.15,126.15,245,148
169.0,240.0,174,148
130.15,126.15,178,148
117.0,205.35,117,148
117.0,205.35,117,148
104.0,205.35,104,148
91.0,205.35,91,148
91.0,205.35,91,148
91.0,205.35,91,148
91.0,205.35,91,148
91.0,205.35,91,148
91.0,205.35,91,148
91.0,205.35,91,148
91.0,205.35,91,148
91.0,205.35,91,148
91.0,205.35,91,148
78.0,153.60000000000002,78,148
78.0,153.60000000000002,78,148
78.0,153.60000000000002,78,148
78.0,153.60000000000002,78,148
78.0,153.60000000000002,78,148
78.0,153.60000000000002,78,148
78.0,153.60000000000002,78,148
78.0,153.60000000000002,78,148
78.0,153.60000000000002,78,148
78.0,153.60000000000002,78,148
78.0,153.60000000000002,78,148
78.0,153.60000000000002,78,148
78.0,153.60000000000002,78,148
78.0,126.15,78,148
78.0,126.15,78,148
78.0,126.15,78,148
78.0,126.15,78,148
78.0,126.15,78,148
78.0,126.15,78,148
78.0,126.15,78,148
78.0,126.15,78,148
78.0,126.15,78,148
78.0,126.15,78,148
78.0,126.15,78,148
78.0,126.15,78,148
78.0,126.15,78,148
78.0,126.15,78,148
65.0,86.4,65,148
65.0,86.4,65,148
65.0,86.4,65,148
65.0,86.4,65,148
65.0,86.4,65,148
65.0,86.4,65,148
65.0,86.4,65,148
65.0,86.4,65,148
65.0,86.4,65,148
65.0,86.4,65,148
65.0,86.4,65,148
65.0,86.4,65,148
65.0,86.4,65,148
65.0,86.4,65,148
65.0,86.4,65,148
65.0,86.4,65,148
38.35,43.35,60,148
38.35,43.35,55,148
38.35,43.35,50,148
38.35,43.35,45,148
38.35,43.35,40,148
39.0,43.35,39,148
39.0,43.35,39,148
39.0,43.35,39,148
25.35,25.35,39,148
25.35,25.35,39,148
25.35,25.35,39,148
25.35,25.35,39,148
25.35,25.35,39,148
25.35,25.35,39,148
25.35,25.35,39,148
25.35,25.35,39,148
25.35,25.35,39,148
25.35,25.35,39,148
25.35,25.35,39,148
25.35,25.35,39,148
25.15,12.15,52,148
26.0,15.0,63,148
25.15000000000001,18.15,70,148
25.15000000000001,18.15,77,148
25.6,21.6,81,148
25.35,25.35,81,148
25.35,25.35,81,148
25.35,25.35,81,148
25.35,25.35,81,148
25.15000000000001,18.15,88,148
25.15000000000001,18.15,95,148
25.15000000000001,18.15,102,148
0.0,60.0,340,149
0.0,60.0,280,149
0.0,48.6,231,149
0.0,48.6,182,149
0.0,48.6,134,149
0.0,48.6,85,149
0.0,18.15,67,149
0.0,18.15,49,149
0.0,18.15,31,149
0.0,9.6,21,149
0.0,9.6,11,149
0.0,9.6,2,149
0.0,9.6,0,149
0.0,5.4,0,149
0.0,3.75,0,149
0.0,2.4000000000000004,0,149
0.0,1.35,0,149
0.0,0.6000000000000001,0,149
0.0,0.15,0,149
0.0,60.0,340,150
0.0,60.0,280,150
0.0,25.35,254,150
0.0,25.35,229,150
0.0,25.35,203,150
0.0,25.35,178,150
0.0,25.35,153,150
0.0,25.35,127,150
0.0,25.35,102,150
0.0,25.35,77,150
0.0,25.35,51,150
0.0,25.35,26,150
3.849999999999959,25.35,5,150
8.0,25.35,8,150
12.0,66.15,12,150
16.0,117.6,16,150
12.0,228.15000000000003,12,150
20.0,228.15000000000003,20,150
24.0,360.15000000000003,24,150
28.0,470.4,28,150
24.0,437.4,24,150
24.0,437.4,24,150
12.0,183.75,12,150
16.0,183.75,16,150
16.0,252.15000000000003,16,150
16.0,252.15000000000003,16,150
16.0,252.15000000000003,16,150
12.0,252.15000000000003,12,150
16.0,252.15000000000003,16,150
16.0,345.6,16,150
16.0,345.6,16,150
16.0,345.6,16,150
16.0,345.6,16,150
16.0,345.6,16,150
0.0,345.6,0,150
12.0,163.35000000000002,12,150
12.0,194.4,12,150
12.0,194.4,12,150
12.0,194.4,12,150
12.0,163.35000000000002,12,150
12.0,163.35000000000002,12,150
12.0,163.35000000000002,12,150
12.0,163.35000000000002,12,150
4.0,163.35000000000002,4,150
44.0,163.35000000000002,44,150
32.0,93.75,32,150
32.0,93.75,32,150
32.0,93.75,32,150
32.0,93.75,32,150
32.0,93.75,32,150
32.0,93.75,32,150
32.0,93.75,32,150
32.0,79.35000000000001,32,150
32.0,79.35000000000001,32,150
32.0,79.35000000000001,32,150
32.0,79.35000000000001,32,150
32.0,79.35000000000001,32,150
32.0,79.35000000000001,32,150
32.0,79.35000000000001,32,150
28.0,79.35000000000001,28,150
28.0,79.35000000000001,28,150
28.0,79.35000000000001,28,150
28.0,79.35000000000001,28,150
28.0,79.35000000000001,28,150
28.0,79.35000000000001,28,150
28.0,79.35000000000001,28,150
28.0,79.35000000000001,28,150
28.0,79.35000000000001,28,150
28.0,79.35000000000001,28,150
28.0,79.35000000000001,28,150
28.0,79.35000000000001,28,150
28.0,79.35000000000001,28,150
28.0,79.35000000000001,28,150
28.0,79.35000000000001,28,150
28.0,79.35000000000001,28,150
28.0,79.35000000000001,28,150
28.0,79.35000000000001,28,150
28.0,79.35000000000001,28,150
28.0,79.35000000000001,28,150
28.0,79.35000000000001,28,150
28.0,79.35000000000001,28,150
12.0,79.35000000000001,12,150
16.0,29.4,16,150
16.0,38.400000000000006,16,150
16.0,38.400000000000006,16,150
16.0,38.400000000000006,16,150
16.0,38.400000000000006,16,150
16.0,38.400000000000006,16,150
16.0,38.400000000000006,16,150
28.0,38.400000000000006,28,150
28.0,38.400000000000006,28,150
28.0,38.400000000000006,28,150
28.0,38.400000000000006,28,150
28.0,38.400000000000006,28,150
28.0,38.400000000000006,28,150
28.0,38.400000000000006,28,150
28.0,38.400000000000006,28,150
28.0,38.400000000000006,28,150
28.0,38.400000000000006,28,150
28.0,38.400000000000006,28,150
0.0,60.0,340,151
0.0,60.0,280,151
0.0,60.0,220,151
160.0,60.0,320,151
349.75,183.75,486,151
380.0,1058.4,380,151
390.0,1058.4,390,151
459.0,3375.0,459,151
378.0,4489.35,378,151
371.0,4083.75,371,151
371.0,4083.75,371,151
371.0,4083.75,371,151
371.0,4083.75,371,151
371.0,4083.75,371,151
371.0,4083.75,371,151
250.0,1500.0,250,151
250.0,1500.0,250,151
250.0,1500.0,250,151
250.0,1500.0,250,151
250.0,1500.0,250,151
250.0,1500.0,250,151
250.0,1500.0,250,151
250.0,1500.0,250,151
190.0,866.4000000000001,190,151
190.0,866.4000000000001,190,151
190.0,866.4000000000001,190,151
190.0,866.4000000000001,190,151
190.0,866.4000000000001,190,151
190.0,866.4000000000001,190,151
190.0,866.4000000000001,190,151
190.0,866.4000000000001,190,151
190.0,866.4000000000001,190,151
190.0,866.4000000000001,190,151
190.0,866.4000000000001,190,151
190.0,866.4000000000001,190,151
190.0,866.4000000000001,190,151
190.0,866.4000000000001,190,151
190.0,866.4000000000001,190,151
190.0,866.4000000000001,190,151
190.0,866.4000000000001,190,151
190.0,866.4000000000001,190,151
190.0,866.4000000000001,190,151
190.0,866.4000000000001,190,151
190.0,866.4000000000001,190,151
190.0,866.4000000000001,190,151
190.0,866.4000000000001,190,151
190.0,866.4000000000001,190,151
190.0,866.4000000000001,190,151
140.0,487.35,140,151
140.0,487.35,140,151
140.0,487.35,140,151
140.0,487.35,140,151
140.0,487.35,140,151
140.0,487.35,140,151
140.0,487.35,140,151
140.0,487.35,140,151
140.0,487.35,140,151
140.0,487.35,140,151
140.0,487.35,140,151
140.0,487.35,140,151
140.0,487.35,140,151
140.0,487.35,140,151
140.0,487.35,140,151
140.0,487.35,140,151
140.0,470.4,140,151
140.0,470.4,140,151
140.0,470.4,140,151
140.0,470.4,140,151
140.0,470.4,140,151
140.0,470.4,140,151
140.0,470.4,140,151
140.0,470.4,140,151
140.0,470.4,140,151
140.0,470.4,140,151
140.0,470.4,140,151
140.0,470.4,140,151
140.0,470.4,140,151
100.0,252.15000000000003,100,151
100.0,252.15000000000003,100,151
140.0,252.15000000000003,140,151
260.0,889.3499999999999,260,151
400.0,2124.15,400,151
459.0,2733.75,459,151
468.0,3420.1500000000005,468,151
477.0,4183.35,477,151
594.0,5301.6,594,151
660.0,6303.75,660,151
672.0,7260.0,672,151
741.0,8568.150000000001,741,151
870.0,10454.4,870,151
944.0,12877.35,944,151
728.0,7459.35,728,151
728.0,7459.35,728,151
728.0,7459.35,728,151
728.0,7459.35,728,151
728.0,7459.35,728,151
728.0,7459.35,728,151
728.0,7459.35,728,151
728.0,7459.35,728,151
728.0,7459.35,728,151
0.0,60.0,340,152
234.0,60.0,514,152
156.0,60.0,610,152
130.0,60.0,680,152
52.0,60.0,672,152
72.0,60.0,684,152
51.0,60.0,675,152
51.35000000000002,43.35,683,152
55.14999999999998,66.15,672,152
55.14999999999998,66.15,661,152
55.14999999999998,66.15,650,152
55.14999999999998,66.15,639,152
55.14999999999998,66.15,628,152
55.14999999999998,66.15,617,152
51.14999999999998,54.150000000000006,614,152
51.14999999999998,54.150000000000006,611,152
51.14999999999998,54.150000000000006,608,152
51.14999999999998,54.150000000000006,605,152
51.14999999999998,54.150000000000006,602,152
51.14999999999998,54.150000000000006,599,152
51.14999999999998,54.150000000000006,596,152
51.14999999999998,54.150000000000006,593,152
51.14999999999998,54.150000000000006,590,152
51.14999999999998,54.150000000000006,587,152
51.14999999999998,54.150000000000006,584,152
51.14999999999998,54.150000000000006,581,152
51.14999999999998,54.150000000000006,578,152
51.14999999999998,54.150000000000006,575,152
51.14999999999998,54.150000000000006,572,152
51.14999999999998,54.150000000000006,569,152
51.14999999999998,54.150000000000006,566,152
51.14999999999998,54.150000000000006,563,152
51.14999999999998,54.150000000000006,560,152
51.14999999999998,54.150000000000006,557,152
51.14999999999998,54.150000000000006,554,152
51.14999999999998,54.150000000000006,551,152
51.14999999999998,54.150000000000006,548,152
37.75,33.75,552,152
37.75,33.75,556,152
38.39999999999998,38.400000000000006,556,152
38.39999999999998,38.400000000000006,556,152
38.39999999999998,38.400000000000006,556,152
38.39999999999998,38.400000000000006,556,152
38.39999999999998,38.400000000000006,556,152
38.39999999999998,38.400000000000006,556,152
38.39999999999998,38.400000000000006,556,152
38.39999999999998,38.400000000000006,556,152
38.39999999999998,38.400000000000006,556,152
38.39999999999998,38.400000000000006,556,152
38.39999999999998,38.400000000000006,556,152
38.39999999999998,38.400000000000006,556,152
38.39999999999998,38.400000000000006,556,152
38.39999999999998,38.400000000000006,556,152
38.39999999999998,38.400000000000006,556,152
38.39999999999998,38.400000000000006,556,152
38.39999999999998,38.400000000000006,556,152
38.39999999999998,38.400000000000006,556,152
38.39999999999998,38.400000000000006,556,152
38.39999999999998,38.400000000000006,556,152
38.39999999999998,38.400000000000006,556,152
12.399999999999975,38.400000000000006,530,152
12.399999999999975,29.4,513,152
12.399999999999975,29.4,496,152
12.399999999999975,29.4,479,152
12.399999999999975,29.4,462,152
12.399999999999975,29.4,445,152
8.149999999999977,18.15,435,152
8.149999999999977,18.15,425,152
8.149999999999977,18.15,415,152
8.149999999999977,18.15,405,152
8.149999999999977,18.15,395,152
12.149999999999975,18.15,389,152
12.149999999999975,18.15,383,152
12.149999999999975,18.15,377,152
12.149999999999975,18.15,371,152
12.149999999999975,18.15,365,152
12.149999999999975,18.15,359,152
12.149999999999975,18.15,353,152
12.149999999999975,18.15,347,152
12.149999999999975,18.15,341,152
8.350000000000023,7.35,342,152
8.350000000000023,7.35,343,152
8.350000000000023,7.35,344,152
8.350000000000023,7.35,345,152
8.350000000000023,7.35,346,152
7.600000000000023,9.6,344,152
7.600000000000023,9.6,342,152
7.600000000000023,9.6,340,152
7.600000000000023,9.6,338,152
7.600000000000023,9.6,336,152
7.600000000000023,9.6,334,152
7.600000000000023,9.6,332,152
7.600000000000023,9.6,330,152
7.600000000000023,9.6,328,152
7.600000000000023,9.6,326,152
7.600000000000023,9.6,324,152
7.600000000000023,9.6,322,152
7.600000000000023,9.6,320,152
7.600000000000023,9.6,318,152
7.600000000000023,9.6,316,152
0.0,60.0,340,153
0.0,60.0,280,153
0.0,60.0,220,153
0.0,60.0,160,153
0.0,60.0,100,153
0.0,60.0,40,153
0.0,60.0,0,153
12.0,33.75,12,153
12.0,33.75,12,153
8.0,33.75,8,153
12.0,33.75,12,153
12.0,33.75,12,153
8.0,33.75,8,153
8.0,33.75,8,153
8.0,33.75,8,153
30.0,33.75,30,153
47.0,43.35,47,153
26.35,43.35,30,153
39.0,43.35,39,153
26.0,60.0,26,153
26.0,60.0,26,153
13.0,60.0,13,153
39.0,60.0,39,153
26.0,93.75,26,153
39.0,93.75,39,153
13.0,117.6,13,153
39.0,117.6,39,153
52.0,194.4,52,153
52.0,264.6,52,153
52.0,264.6,52,153
52.0,264.6,52,153
65.0,264.6,65,153
104.0,375.0,104,153
130.0,540.0,130,153
156.0,735.0,156,153
156.0,1058.4,156,153
190.0,1058.4,190,153
234.0,1560.6,234,153
248.0,1983.75,248,153
390.0,2535.0,390,153
378.0,2774.4,378,153
284.0,2774.4,284,153
377.0,2774.4,377,153
239.0,2982.15,239,153
447.0,2982.15,447,153
452.0,3110.4,452,153
383.0,3241.3500000000004,383,153
318.0,3241.3500000000004,318,153
452.0,3241.3500000000004,452,153
327.0,3511.3500000000004,327,153
321.0,3511.3500000000004,321,153
318.0,3511.3500000000004,318,153
313.0,3511.3500000000004,313,153
360.0,3511.3500000000004,360,153
375.0,3697.35,375,153
366.0,3936.6,366,153
205.0,3936.6,205,153
308.0,3936.6,308,153
300.0,4034.400000000001,300,153
240.0,4034.400000000001,240,153
236.0,4034.400000000001,236,153
234.0,4034.400000000001,234,153
240.0,4034.400000000001,240,153
236.0,4233.6,236,153
243.0,4233.6,243,153
243.0,4284.150000000001,243,153
234.0,4284.150000000001,234,153
241.0,4284.150000000001,241,153
252.0,4646.400000000001,252,153
260.0,4968.6,260,153
163.0,5245.35,163,153
267.0,5245.35,267,153
269.0,5472.150000000001,269,153
163.0,5762.400000000001,163,153
317.0,5762.400000000001,317,153
317.0,5880.6,317,153
273.0,5880.6,273,153
283.0,5880.6,283,153
197.0,6000.0,197,153
271.0,6000.0,271,153
271.0,6242.400000000001,271,153
143.0,6242.400000000001,143,153
260.0,6242.400000000001,260,153
271.0,6365.400000000001,271,153
280.0,6615.0,280,153
167.0,6933.75,167,153
304.0,6933.75,304,153
165.0,7194.150000000001,165,153
368.0,7194.150000000001,368,153
202.0,7326.150000000001,202,153
440.0,7326.150000000001,440,153
442.0,7526.400000000001,442,153
440.0,7797.6,440,153
445.0,7797.6,445,153
445.0,7866.150000000001,445,153
236.0,7866.150000000001,236,153
376.0,7866.150000000001,376,153
380.0,7866.150000000001,380,153
236.0,8143.35,236,153
397.0,8143.35,397,153
0.0,60.0,340,154
0.0,60.0,280,154
0.0,60.0,220,154
0.0,60.0,160,154
0.0,60.0,100,154
0.0,60.0,40,154
0.0,60.0,0,154
0.0,33.75,0,154
0.0,21.6,0,154
3.0,12.15,3,154
1.0,12.15,1,154
1.0,12.15,1,154
15.0,12.15,15,154
15.15,12.15,18,154
15.15,12.15,21,154
15.15,12.15,24,154
15.15,12.15,27,154
15.15,12.15,30,154
14.15,12.15,32,154
15.15,12.15,35,154
15.15,12.15,38,154
15.15,12.15,41,154
14.15,12.15,43,154
15.15,12.15,46,154
15.0,15.0,46,154
14.0,15.0,45,154
15.0,15.0,45,154
15.0,15.0,45,154
15.0,15.0,45,154
15.0,15.0,45,154
1.0,15.0,31,154
15.0,15.0,31,154
14.15,12.15,33,154
15.150000000000002,18.15,30,154
15.150000000000002,18.15,27,154
15.150000000000002,18.15,24,154
15.150000000000002,18.15,21,154
15.150000000000002,18.15,18,154
15.0,18.15,15,154
15.0,18.15,15,154
15.0,18.15,15,154
15.0,18.15,15,154
15.0,18.15,15,154
15.0,18.15,15,154
15.0,18.15,15,154
15.0,18.15,15,154
15.0,18.15,15,154
15.0,18.15,15,154
15.0,18.15,15,154
15.0,18.15,15,154
15.0,18.15,15,154
1.0,18.15,1,154
15.0,18.15,15,154
15.0,25.35,15,154
1.0,25.35,1,154
19.0,25.35,19,154
19.0,21.6,19,154
19.0,21.6,19,154
19.0,21.6,19,154
19.0,21.6,19,154
19.0,21.6,19,154
19.0,21.6,19,154
19.0,21.6,19,154
19.0,21.6,19,154
19.0,21.6,19,154
19.0,21.6,19,154
19.0,21.6,19,154
19.0,21.6,19,154
1.0,21.6,1,154
18.0,15.0,18,154
18.0,18.15,18,154
18.0,18.15,18,154
18.0,18.15,18,154
18.0,18.15,18,154
19.0,18.15,19,154
19.0,21.6,19,154
19.0,21.6,19,154
19.0,21.6,19,154
19.0,21.6,19,154
19.0,21.6,19,154
19.0,21.6,19,154
19.0,21.6,19,154
19.0,21.6,19,154
19.0,21.6,19,154
19.0,21.6,19,154
19.0,21.6,19,154
19.0,21.6,19,154
19.0,21.6,19,154
19.0,21.6,19,154
19.0,21.6,19,154
19.0,21.6,19,154
1.0,21.6,1,154
19.0,21.6,19,154
36.0,38.400000000000006,36,154
36.0,48.6,36,154
19.0,48.6,19,154
36.0,48.6,36,154
19.0,79.35000000000001,19,154
37.0,79.35000000000001,37,154
54.0,109.35,54,154
0.0,60.0,340,155
144.0,60.0,424,155
83.35000000000002,25.35,482,155
35.35000000000002,25.35,492,155
59.35000000000002,25.35,526,155
59.35000000000002,25.35,560,155
59.35000000000002,25.35,594,155
59.35000000000002,25.35,628,155
23.350000000000023,25.35,626,155
35.60000000000002,21.6,640,155
23.600000000000023,21.6,642,155
23.600000000000023,21.6,644,155
35.35000000000002,25.35,654,155
23.399999999999977,38.400000000000006,639,155
35.39999999999998,38.400000000000006,636,155
47.39999999999998,38.400000000000006,645,155
47.39999999999998,38.400000000000006,654,155
47.35000000000002,43.35,658,155
35.14999999999998,66.15,627,155
29.149999999999977,66.15,590,155
29.149999999999977,66.15,553,155
47.14999999999998,66.15,534,155
0.0,66.15,467,155
35.299999999999955,66.15,437,155
11.149999999999975,66.15,382,155
49.14999999999998,66.15,365,155
49.35000000000002,43.35,371,155
49.14999999999998,54.150000000000006,366,155
49.14999999999998,54.150000000000006,361,155
11.350000000000025,25.35,347,155
27.350000000000023,25.35,349,155
21.149999999999977,18.15,352,155
27.350000000000023,25.35,354,155
27.350000000000023,25.35,356,155
27.399999999999977,29.4,354,155
33.39999999999998,29.4,358,155
33.75,33.75,358,155
33.75,33.75,358,155
33.75,33.75,358,155
33.75,33.75,358,155
33.75,33.75,358,155
21.75,33.75,346,155
33.75,33.75,346,155
33.75,33.75,346,155
33.75,33.75,346,155
33.75,33.75,346,155
33.75,33.75,346,155
11.75,33.75,324,155
33.75,33.75,324,155
21.399999999999977,29.4,316,155
21.399999999999977,29.4,308,155
21.399999999999977,29.4,300,155
21.399999999999977,29.4,292,155
21.399999999999977,29.4,284,155
21.40000000000001,29.4,276,155
21.40000000000001,29.4,268,155
21.40000000000001,29.4,260,155
21.40000000000001,29.4,252,155
21.40000000000001,29.4,244,155
21.40000000000001,29.4,236,155
21.40000000000001,29.4,228,155
0.0,29.4,198,155
21.55000000000001,18.15,202,155
21.349999999999994,25.35,198,155
21.349999999999994,25.35,194,155
21.349999999999994,25.35,190,155
21.349999999999994,25.35,186,155
21.349999999999994,25.35,182,155
21.349999999999994,25.35,178,155
21.349999999999994,25.35,174,155
21.349999999999994,25.35,170,155
21.349999999999994,25.35,166,155
21.349999999999994,25.35,162,155
21.349999999999994,25.35,158,155
21.349999999999994,25.35,154,155
21.349999999999994,25.35,150,155
21.349999999999994,25.35,146,155
21.349999999999994,25.35,142,155
21.349999999999994,25.35,138,155
21.349999999999994,25.35,134,155
0.0,25.35,108,155
21.94999999999999,21.6,109,155
21.40000000000001,29.4,101,155
21.40000000000001,29.4,93,155
21.40000000000001,29.4,85,155
21.40000000000001,29.4,77,155
21.40000000000001,29.4,69,155
21.40000000000001,29.4,61,155
21.4,29.4,53,155
21.4,29.4,45,155
21.4,29.4,37,155
21.4,29.4,29,155
22.0,29.4,22,155
22.0,29.4,22,155
0.0,29.4,0,155
22.0,18.15,22,155
21.6,21.6,22,155
21.6,21.6,22,155
21.6,21.6,22,155
21.6,21.6,22,155
0.0,60.0,340,156
0.0,60.0,280,156
0.0,60.0,220,156
0.0,60.0,160,156
0.0,60.0,100,156
0.0,60.0,40,156
0.0,60.0,0,156
0.0,33.75,0,156
0.0,21.6,0,156
0.0,12.15,0,156
0.0,7.35,0,156
0.0,5.4,0,156
0.0,3.75,0,156
0.0,2.4000000000000004,0,156
0.0,1.35,0,156
0.0,0.6000000000000001,0,156
0.0,0.15,0,156
0.0,60.0,340,157
0.0,60.0,280,157
0.0,60.0,220,157
0.0,60.0,160,157
21.0,60.0,121,157
21.0,60.0,82,157
15.0,60.0,37,157
35.0,60.0,35,157
14.0,60.0,14,157
60.0,60.0,60,157
63.0,79.35000000000001,63,157
15.0,93.75,15,157
63.0,93.75,63,157
78.0,153.60000000000002,78,157
93.0,205.35,93,157
93.0,228.15000000000003,93,157
93.0,228.15000000000003,93,157
48.0,228.15000000000003,48,157
93.0,228.15000000000003,93,157
108.0,331.35,108,157
66.0,153.60000000000002,66,157
84.0,153.60000000000002,84,157
87.0,252.15000000000003,87,157
93.0,360.15000000000003,93,157
150.0,504.6,150,157
213.0,984.15,213,157
230.0,1685.4,230,157
294.0,1949.4,294,157
346.0,2381.4,346,157
311.0,2774.4,311,157
360.0,2774.4,360,157
374.0,3330.15,374,157
303.0,2269.3500000000004,303,157
275.0,2269.3500000000004,275,157
243.0,2269.3500000000004,243,157
207.0,2269.3500000000004,207,157
368.0,2269.3500000000004,368,157
398.0,2653.3500000000004,398,157
364.0,2898.15,364,157
374.0,2457.6000000000004,374,157
368.0,2815.3500000000004,368,157
299.0,2815.3500000000004,299,157
380.0,2815.3500000000004,380,157
380.0,3285.6000000000004,380,157
297.0,3285.6000000000004,297,157
380.0,3285.6000000000004,380,157
374.0,3792.15,374,157
314.0,3792.15,314,157
389.0,3792.15,389,157
318.0,4284.150000000001,318,157
409.0,4284.150000000001,409,157
415.0,4968.6,415,157
419.0,5529.6,419,157
442.0,6427.35,442,157
464.0,7063.35,464,157
528.0,7459.35,528,157
565.0,8283.75,565,157
565.0,8930.400000000001,565,157
419.0,5703.75,419,157
419.0,5703.75,419,157
419.0,5703.75,419,157
419.0,5703.75,419,157
419.0,5703.75,419,157
419.0,5703.75,419,157
419.0,5703.75,419,157
419.0,5703.75,419,157
419.0,5703.75,419,157
419.0,5703.75,419,157
419.0,5703.75,419,157
316.0,2381.4,316,157
316.0,2381.4,316,157
316.0,2381.4,316,157
316.0,2381.4,316,157
316.0,2381.4,316,157
316.0,2381.4,316,157
316.0,2381.4,316,157
316.0,2381.4,316,157
316.0,2381.4,316,157
316.0,2381.4,316,157
316.0,2381.4,316,157
316.0,2381.4,316,157
316.0,2381.4,316,157
316.0,2381.4,316,157
316.0,2381.4,316,157
316.0,2381.4,316,157
217.0,1782.15,217,157
231.0,1188.15,231,157
254.0,1353.75,254,157
316.0,2419.3500000000004,316,157
318.0,2693.4,318,157
394.0,2982.15,394,157
328.0,3511.3500000000004,328,157
283.0,2053.3500000000004,283,157
283.0,2053.3500000000004,283,157
283.0,2053.3500000000004,283,157
283.0,2053.3500000000004,283,157
283.0,2053.3500000000004,283,157
283.0,2053.3500000000004,283,157
283.0,2053.3500000000004,283,157
283.0,2053.3500000000004,283,157
0.0,60.0,340,158
0.0,60.0,280,158
-0.8499999999999943,54.150000000000006,225,158
-0.8499999999999943,54.150000000000006,170,158
-0.8499999999999943,54.150000000000006,115,158
-0.8499999999999943,54.150000000000006,60,158
-0.8499999999999943,54.150000000000006,5,158
0.0,54.150000000000006,0,158
0.0,33.75,0,158
14.0,21.6,14,158
21.0,33.75,21,158
28.0,60.0,28,158
14.0,101.4,14,158
35.0,101.4,35,158
42.0,153.60000000000002,42,158
42.0,183.75,42,158
28.0,183.75,28,158
70.0,183.75,70,158
84.0,277.35,84,158
28.0,437.4,28,158
63.0,437.4,63,158
84.0,453.75,84,158
77.0,633.75,77,158
115.0,633.75,115,158
36.0,331.35,36,158
104.0,331.35,104,158
104.0,303.75,104,158
90.0,216.6,90,158
90.0,216.6,90,158
90.0,216.6,90,158
74.0,216.6,74,158
67.0,216.6,67,158
48.0,79.35000000000001,48,158
30.0,79.35000000000001,30,158
30.0,79.35000000000001,30,158
44.0,79.35000000000001,44,158
48.0,93.75,48,158
60.0,126.15,60,158
74.0,205.35,74,158
18.0,240.0,18,158
56.0,240.0,56,158
68.0,290.40000000000003,68,158
102.0,405.6,102,158
68.0,504.6,68,158
109.0,504.6,109,158
124.0,633.75,124,158
22.0,777.5999999999999,22,158
68.0,777.5999999999999,68,158
124.0,866.4000000000001,124,158
110.0,984.15,110,158
88.0,984.15,88,158
66.0,984.15,66,158
167.0,984.15,167,158
140.0,1135.35,140,158
175.0,1135.35,175,158
202.0,1411.35,202,158
175.0,1782.15,175,158
175.0,1782.15,175,158
210.0,1782.15,210,158
210.0,1848.15,210,158
210.0,1848.15,210,158
175.0,1848.15,175,158
159.0,1848.15,159,158
259.0,1848.15,259,158
324.0,2018.4,324,158
225.0,2160.0,225,158
73.0,1188.15,73,158
107.0,1188.15,107,158
207.0,1411.35,207,158
219.0,1782.15,219,158
307.0,2269.3500000000004,307,158
225.0,2343.75,225,158
266.0,1949.4,266,158
192.0,2124.15,192,158
289.0,2124.15,289,158
192.0,2343.75,192,158
358.0,2343.75,358,158
256.0,1135.35,256,158
78.0,1135.35,78,158
243.0,1135.35,243,158
283.0,1440.6,283,158
317.0,1983.75,317,158
283.0,2232.6000000000004,283,158
256.0,1297.35,256,158
256.0,1297.35,256,158
256.0,1297.35,256,158
256.0,1297.35,256,158
155.0,1297.35,155,158
223.0,1297.35,223,158
315.0,1881.6,315,158
317.0,1983.75,317,158
245.0,2124.15,245,158
173.0,2124.15,173,158
332.0,2124.15,332,158
334.0,2232.6000000000004,334,158
336.0,2343.75,336,158
337.0,2457.6000000000004,337,158
332.0,2613.6000000000004,332,158
173.0,2306.4,173,158
336.0,2306.4,336,158
0.0,60.0,340,159
0.0,60.0,280,159
0.0,43.35,236,159
0.0,43.35,193,159
0.0,43.35,149,159
0.0,43.35,106,159
0.0,43.35,63,159
0.0,43.35,19,159
0.0,43.35,0,159
36.0,25.35,36,159
48.0,43.35,48,159
72.0,93.75,72,159
96.0,153.60000000000002,96,159
120.0,228.15000000000003,120,159
120.0,252.15000000000003,120,159
120.0,252.15000000000003,120,159
120.0,252.15000000000003,120,159
120.0,252.15000000000003,120,159
120.0,252.15000000000003,120,159
120.0,252.15000000000003,120,159
108.0,252.15000000000003,108,159
108.0,194.4,108,159
108.0,194.4,108,159
108.0,194.4,108,159
108.0,194.4,108,159
108.0,194.4,108,159
108.0,194.4,108,159
108.0,194.4,108,159
108.0,194.4,108,159
108.0,194.4,108,159
108.0,194.4,108,159
108.0,194.4,108,159
108.0,194.4,108,159
108.0,194.4,108,159
108.0,194.4,108,159
108.0,194.4,108,159
108.0,194.4,108,159
108.0,194.4,108,159
108.0,194.4,108,159
108.0,194.4,108,159
108.0,194.4,108,159
108.0,194.4,108,159
108.0,194.4,108,159
108.0,194.4,108,159
108.0,194.4,108,159
108.0,194.4,108,159
108.0,194.4,108,159
108.0,194.4,108,159
108.0,194.4,108,159
108.0,194.4,108,159
108.0,194.4,108,159
108.0,194.4,108,159
108.0,194.4,108,159
108.0,194.4,108,159
108.0,194.4,108,159
108.0,194.4,108,159
108.0,194.4,108,159
96.0,163.35000000000002,96,159
60.0,60.0,96,159
60.0,60.0,96,159
60.0,60.0,96,159
60.0,60.0,96,159
60.0,60.0,96,159
60.0,60.0,96,159
60.0,60.0,96,159
60.0,60.0,96,159
60.0,60.0,96,159
60.0,60.0,96,159
35.599999999999994,21.6,110,159
35.599999999999994,21.6,124,159
35.599999999999994,21.6,138,159
35.599999999999994,21.6,152,159
35.599999999999994,21.6,166,159
47.6,21.6,192,159
47.6,21.6,218,159
47.6,21.6,244,159
47.6,21.6,270,159
47.6,21.6,296,159
47.60000000000002,21.6,322,159
47.60000000000002,21.6,348,159
47.60000000000002,21.6,374,159
47.60000000000002,21.6,400,159
47.60000000000002,21.6,426,159
47.60000000000002,21.6,452,159
47.60000000000002,21.6,478,159
47.60000000000002,21.6,504,159
47.60000000000002,21.6,530,159
47.60000000000002,21.6,556,159
47.60000000000002,21.6,582,159
47.60000000000002,21.6,608,159
47.60000000000002,21.6,634,159
47.60000000000002,21.6,660,159
47.60000000000002,21.6,686,159
47.60000000000002,21.6,712,159
47.60000000000002,21.6,738,159
47.60000000000002,21.6,764,159
47.60000000000002,21.6,790,159
47.60000000000002,21.6,816,159
47.60000000000002,21.6,842,159
47.60000000000002,21.6,868,159
0.0,60.0,340,160
0.0,60.0,280,160
0.0,60.0,220,160
84.0,60.0,244,160
142.0,60.0,326,160
54.39999999999998,38.400000000000006,342,160
88.39999999999998,38.400000000000006,392,160
22.399999999999977,38.400000000000006,376,160
87.39999999999998,38.400000000000006,425,160
87.39999999999998,38.400000000000006,474,160
87.39999999999998,38.400000000000006,523,160
87.39999999999998,38.400000000000006,572,160
75.39999999999998,38.400000000000006,609,160
75.39999999999998,38.400000000000006,646,160
65.39999999999998,38.400000000000006,673,160
75.39999999999998,38.400000000000006,710,160
64.60000000000002,48.6,726,160
0.0,54.150000000000006,671,160
92.29999999999995,54.150000000000006,710,160
110.35000000000002,79.35000000000001,741,160
139.60000000000002,117.6,763,160
69.35000000000002,163.35000000000002,669,160
145.35000000000002,163.35000000000002,651,160
145.35000000000002,163.35000000000002,633,160
145.35000000000002,163.35000000000002,615,160
139.35000000000002,163.35000000000002,591,160
127.35000000000002,163.35000000000002,555,160
104.75,93.75,566,160
76.0,60.0,582,160
76.0,60.0,598,160
69.35000000000002,43.35,624,160
75.14999999999998,54.150000000000006,645,160
82.14999999999998,66.15,661,160
104.39999999999998,101.4,664,160
82.14999999999998,126.15,620,160
110.14999999999998,126.15,604,160
110.14999999999998,126.15,588,160
110.14999999999998,126.15,572,160
76.0,60.0,588,160
82.35000000000002,79.35000000000001,591,160
110.60000000000002,117.6,584,160
110.60000000000002,117.6,577,160
92.60000000000002,117.6,552,160
104.60000000000002,117.6,539,160
104.60000000000002,117.6,526,160
104.60000000000002,117.6,513,160
104.60000000000002,117.6,500,160
104.60000000000002,117.6,487,160
104.35000000000002,109.35,482,160
104.35000000000002,109.35,477,160
75.35000000000002,109.35,443,160
82.35000000000002,109.35,416,160
82.35000000000002,109.35,389,160
82.35000000000002,109.35,362,160
82.35000000000002,109.35,335,160
82.35000000000002,109.35,308,160
82.35000000000002,109.35,281,160
75.4,86.4,270,160
75.4,86.4,259,160
75.4,86.4,248,160
47.400000000000006,38.400000000000006,257,160
70.0,60.0,267,160
82.35000000000002,109.35,240,160
82.35000000000002,109.35,213,160
69.35000000000001,109.35,173,160
57.150000000000006,54.150000000000006,176,160
69.15,66.15,179,160
69.4,86.4,162,160
69.4,86.4,145,160
69.4,86.4,128,160
69.4,86.4,111,160
69.4,86.4,94,160
69.4,86.4,77,160
70.0,86.4,70,160
70.0,86.4,70,160
70.0,86.4,70,160
70.0,86.4,70,160
70.0,86.4,70,160
70.0,86.4,70,160
70.0,86.4,70,160
70.0,86.4,70,160
70.0,86.4,70,160
41.0,86.4,41,160
70.0,86.4,70,160
76.0,117.6,76,160
76.0,117.6,76,160
76.0,117.6,76,160
76.0,117.6,76,160
76.0,117.6,76,160
76.0,117.6,76,160
76.0,117.6,76,160
76.0,117.6,76,160
76.0,117.6,76,160
76.0,117.6,76,160
76.0,117.6,76,160
76.0,117.6,76,160
76.0,117.6,76,160
76.0,117.6,76,160
58.0,117.6,58,160
76.0,117.6,76,160
0.0,60.0,340,161
0.0,60.0,280,161
12.0,60.0,232,161
10.0,60.0,182,161
10.0,60.0,132,161
7.0,60.0,79,161
7.0,60.0,26,161
7.0,60.0,7,161
7.0,60.0,7,161
7.0,60.0,7,161
7.0,60.0,7,161
5.0,60.0,5,161
2.0,60.0,2,161
56.0,60.0,56,161
56.0,86.4,56,161
57.0,86.4,57,161
71.0,117.6,71,161
70.0,163.35000000000002,70,161
71.0,163.35000000000002,71,161
85.0,252.15000000000003,85,161
113.0,390.15,113,161
113.0,540.0,113,161
99.0,540.0,99,161
113.0,540.0,113,161
112.0,866.4000000000001,112,161
127.0,866.4000000000001,127,161
168.0,1500.0,168,161
149.0,2269.3500000000004,149,161
149.0,2269.3500000000004,149,161
142.0,2269.3500000000004,142,161
149.0,2269.3500000000004,149,161
21.0,2457.6000000000004,21,161
21.0,2457.6000000000004,21,161
10.0,2457.6000000000004,10,161
21.0,2457.6000000000004,21,161
9.0,2613.6000000000004,9,161
14.0,2613.6000000000004,14,161
7.0,2815.3500000000004,7,161
21.0,2815.3500000000004,21,161
21.0,3241.3500000000004,21,161
14.0,3241.3500000000004,14,161
14.0,3241.3500000000004,14,161
14.0,3241.3500000000004,14,161
14.0,3241.3500000000004,14,161
7.0,3241.3500000000004,7,161
5.0,3241.3500000000004,5,161
6.0,3241.3500000000004,6,161
14.0,3603.75,14,161
4.0,3024.6000000000004,4,161
14.0,3024.6000000000004,14,161
12.0,3197.4000000000005,12,161
28.0,3197.4000000000005,28,161
14.0,3197.4000000000005,14,161
6.0,1560.6,6,161
5.0,1560.6,5,161
6.0,1560.6,6,161
6.0,1653.75,6,161
29.0,1653.75,29,161
35.0,1749.6,35,161
35.0,1815.0,35,161
29.0,1815.0,29,161
35.0,1815.0,35,161
29.0,1815.0,29,161
54.0,1815.0,54,161
89.0,1815.0,89,161
89.0,1353.75,89,161
104.0,1353.75,104,161
105.0,1440.6,105,161
78.0,777.5999999999999,78,161
78.0,777.5999999999999,78,161
53.0,777.5999999999999,53,161
37.0,777.5999999999999,37,161
53.0,777.5999999999999,53,161
78.0,912.6,78,161
55.0,1058.4,55,161
106.0,1058.4,106,161
106.0,1161.6,106,161
1.0,1161.6,1,161
79.0,1161.6,79,161
23.0,653.4000000000001,23,161
87.0,653.4000000000001,87,161
119.0,673.35,119,161
27.0,693.6,27,161
79.0,290.40000000000003,79,161
52.0,317.40000000000003,52,161
69.0,317.40000000000003,69,161
88.0,360.15000000000003,88,161
88.0,375.0,88,161
88.0,375.0,88,161
88.0,375.0,88,161
69.0,375.0,69,161
27.0,173.4,27,161
27.0,173.4,27,161
27.0,173.4,27,161
69.0,173.4,69,161
69.0,205.35,69,161
69.0,205.35,69,161
26.0,205.35,26,161
67.0,205.35,67,161
26.0,163.35000000000002,26,161
0.0,60.0,340,162
0.0,60.0,280,162
0.0,60.0,220,162
0.0,60.0,160,162
72.0,60.0,172,162
59.400000000000006,101.4,130,162
59.400000000000006,101.4,88,162
48.0,101.4,48,162
48.0,101.4,48,162
48.0,101.4,48,162
48.0,101.4,48,162
48.0,101.4,48,162
48.0,101.4,48,162
48.0,101.4,48,162
48.0,101.4,48,162
60.0,101.4,60,162
84.0,183.75,84,162
108.0,290.40000000000003,108,162
132.0,453.75,132,162
156.0,614.4000000000001,156,162
180.0,960.0,180,162
192.0,1353.75,192,162
228.0,2053.3500000000004,228,162
228.0,2160.0,228,162
228.0,2160.0,228,162
228.0,2160.0,228,162
228.0,2160.0,228,162
228.0,2160.0,228,162
228.0,2160.0,228,162
228.0,2160.0,228,162
228.0,2160.0,228,162
228.0,2160.0,228,162
228.0,2160.0,228,162
228.0,2160.0,228,162
228.0,2160.0,228,162
228.0,2160.0,228,162
228.0,2160.0,228,162
228.0,2160.0,228,162
228.0,2160.0,228,162
228.0,2160.0,228,162
228.0,2160.0,228,162
228.0,2160.0,228,162
228.0,2160.0,228,162
228.0,2160.0,228,162
228.0,2160.0,228,162
228.0,2160.0,228,162
228.0,2160.0,228,162
228.0,2160.0,228,162
228.0,2160.0,228,162
228.0,2160.0,228,162
228.0,2160.0,228,162
228.0,2160.0,228,162
228.0,2160.0,228,162
228.0,2160.0,228,162
228.0,2160.0,228,162
228.0,2160.0,228,162
228.0,2160.0,228,162
228.0,2160.0,228,162
228.0,2160.0,228,162
228.0,2160.0,228,162
228.0,2160.0,228,162
228.0,2160.0,228,162
228.0,2160.0,228,162
228.0,2160.0,228,162
228.0,2160.0,228,162
228.0,2160.0,228,162
285.0,2160.0,285,162
290.0,2419.3500000000004,290,162
295.0,2815.3500000000004,295,162
354.0,3067.3500000000004,354,162
300.0,3465.6000000000004,300,162
300.0,3465.6000000000004,300,162
300.0,3465.6000000000004,300,162
300.0,3465.6000000000004,300,162
360.0,3465.6000000000004,360,162
427.0,3985.35,427,162
427.0,4489.35,427,162
427.0,4489.35,427,162
427.0,4489.35,427,162
427.0,4489.35,427,162
427.0,4489.35,427,162
427.0,4489.35,427,162
427.0,4489.35,427,162
360.0,3465.6000000000004,360,162
360.0,3465.6000000000004,360,162
360.0,3465.6000000000004,360,162
360.0,3465.6000000000004,360,162
360.0,3465.6000000000004,360,162
360.0,3465.6000000000004,360,162
360.0,3465.6000000000004,360,162
360.0,3465.6000000000004,360,162
360.0,3465.6000000000004,360,162
360.0,3465.6000000000004,360,162
360.0,3465.6000000000004,360,162
360.0,3465.6000000000004,360,162
342.0,2160.0,342,162
342.0,2160.0,342,162
342.0,2160.0,342,162
342.0,2160.0,342,162
252.0,1033.35,252,162
0.0,60.0,340,163
0.0,60.0,280,163
0.0,60.0,220,163
40.0,60.0,200,163
88.0,60.0,228,163
62.0,60.0,230,163
49.0,60.0,219,163
40.0,60.0,199,163
20.0,60.0,159,163
68.0,60.0,167,163
74.60000000000001,72.60000000000001,169,163
84.75,93.75,160,163
84.75,93.75,151,163
84.75,93.75,142,163
84.75,93.75,133,163
84.75,93.75,124,163
84.75,93.75,115,163
84.75,93.75,106,163
84.75,93.75,97,163
84.75,93.75,88,163
85.0,93.75,85,163
85.0,93.75,85,163
85.0,93.75,85,163
85.0,93.75,85,163
85.0,93.75,85,163
85.0,93.75,85,163
85.0,93.75,85,163
85.0,93.75,85,163
85.0,93.75,85,163
85.0,93.75,85,163
85.0,93.75,85,163
85.0,93.75,85,163
85.0,93.75,85,163
102.0,93.75,102,163
126.0,144.15,126,163
170.0,240.0,170,163
170.0,240.0,170,163
170.0,240.0,170,163
170.0,240.0,170,163
143.0,173.4,143,163
143.0,173.4,143,163
143.0,173.4,143,163
143.0,173.4,143,163
143.0,173.4,143,163
143.0,173.4,143,163
143.0,173.4,143,163
143.0,173.4,143,163
143.0,173.4,143,163
143.0,173.4,143,163
143.0,173.4,143,163
143.0,173.4,143,163
143.0,173.4,143,163
143.0,173.4,143,163
143.0,173.4,143,163
143.0,173.4,143,163
143.0,173.4,143,163
143.0,173.4,143,163
143.0,173.4,143,163
143.0,173.4,143,163
102.4,86.4,159,163
109.35,109.35,159,163
109.35,109.35,159,163
109.35,109.35,159,163
109.35,109.35,159,163
109.35,109.35,159,163
109.35,109.35,159,163
109.35,109.35,159,163
91.6,72.60000000000001,178,163
109.4,101.4,186,163
126.15,144.15,168,163
126.15,144.15,150,163
126.15,144.15,132,163
126.0,144.15,126,163
126.0,144.15,126,163
70.0,126.15,70,163
70.0,126.15,70,163
63.0,109.35,63,163
63.0,109.35,63,163
63.0,109.35,63,163
63.0,109.35,63,163
63.0,109.35,63,163
63.0,109.35,63,163
63.0,109.35,63,163
63.0,109.35,63,163
63.0,109.35,63,163
63.0,109.35,63,163
49.0,66.15,49,163
49.0,66.15,49,163
49.0,66.15,49,163
49.0,66.15,49,163
49.0,66.15,49,163
49.0,66.15,49,163
49.0,66.15,49,163
49.0,66.15,49,163
41.6,48.6,42,163
42.0,48.6,42,163
42.0,48.6,42,163
28.35,25.35,45,163
42.35,43.35,44,163
42.35,43.35,43,163
0.0,60.0,340,164
0.0,60.0,280,164
0.0,60.0,220,164
0.0,60.0,160,164
0.0,60.0,100,164
0.0,60.0,40,164
0.0,60.0,0,164
20.0,33.75,20,164
36.0,93.75,36,164
40.0,194.4,40,164
150.0,252.15000000000003,150,164
182.0,405.6,182,164
224.0,595.35,224,164
308.0,1161.6,308,164
476.0,2196.15,476,164
336.0,1983.75,336,164
350.0,1983.75,350,164
355.0,2306.4,355,164
405.0,2419.3500000000004,405,164
284.0,2613.6000000000004,284,164
220.0,2613.6000000000004,220,164
288.0,2613.6000000000004,288,164
284.0,2693.4,284,164
386.0,2693.4,386,164
386.0,2856.6000000000004,386,164
250.0,1440.6,250,164
170.0,1058.4,170,164
320.0,1058.4,320,164
297.0,960.0,297,164
297.0,960.0,297,164
260.0,693.6,260,164
260.0,693.6,260,164
260.0,693.6,260,164
260.0,693.6,260,164
260.0,693.6,260,164
260.0,693.6,260,164
260.0,693.6,260,164
260.0,693.6,260,164
260.0,693.6,260,164
260.0,693.6,260,164
260.0,693.6,260,164
260.0,693.6,260,164
260.0,693.6,260,164
260.0,693.6,260,164
260.0,693.6,260,164
260.0,693.6,260,164
260.0,693.6,260,164
260.0,693.6,260,164
260.0,693.6,260,164
227.0,522.1500000000001,227,164
227.0,522.1500000000001,227,164
180.0,522.1500000000001,180,164
180.0,522.1500000000001,180,164
180.0,522.1500000000001,180,164
180.0,522.1500000000001,180,164
180.0,522.1500000000001,180,164
180.0,522.1500000000001,180,164
180.0,522.1500000000001,180,164
111.0,194.4,111,164
111.0,194.4,111,164
111.0,194.4,111,164
111.0,194.4,111,164
111.0,194.4,111,164
111.0,194.4,111,164
111.0,194.4,111,164
111.0,194.4,111,164
111.0,194.4,111,164
111.0,194.4,111,164
111.0,194.4,111,164
111.0,194.4,111,164
111.0,194.4,111,164
111.0,194.4,111,164
111.0,194.4,111,164
111.0,194.4,111,164
111.0,194.4,111,164
111.0,194.4,111,164
111.0,194.4,111,164
111.0,194.4,111,164
111.0,194.4,111,164
111.0,194.4,111,164
111.0,194.4,111,164
111.0,194.4,111,164
111.0,194.4,111,164
111.0,194.4,111,164
111.0,194.4,111,164
111.0,194.4,111,164
111.0,194.4,111,164
111.0,194.4,111,164
111.0,194.4,111,164
111.0,194.4,111,164
111.0,194.4,111,164
82.4,101.4,92,164
82.0,101.4,82,164
82.0,101.4,82,164
82.0,101.4,82,164
76.0,101.4,76,164
76.0,101.4,76,164
76.0,101.4,76,164
76.0,101.4,76,164
76.0,101.4,76,164
0.0,60.0,340,165
0.0,60.0,280,165
0.0,60.0,220,165
0.0,60.0,160,165
0.0,60.0,100,165
14.0,60.0,54,165
21.0,60.0,21,165
21.0,60.0,21,165
21.0,60.0,21,165
14.0,60.0,14,165
21.0,60.0,21,165
7.0,60.0,7,165
23.0,60.0,23,165
23.0,60.0,23,165
13.0,60.0,13,165
20.0,60.0,20,165
20.0,60.0,20,165
20.0,60.0,20,165
20.0,60.0,20,165
20.0,60.0,20,165
10.0,60.0,10,165
20.0,43.35,20,165
20.0,43.35,20,165
13.0,43.35,13,165
20.0,43.35,20,165
20.0,60.0,20,165
20.0,60.0,20,165
20.0,60.0,20,165
20.0,60.0,20,165
20.0,60.0,20,165
13.0,60.0,13,165
20.0,60.0,20,165
3.0,72.60000000000001,3,165
20.0,72.60000000000001,20,165
23.0,93.75,23,165
23.0,117.6,23,165
23.0,117.6,23,165
23.0,117.6,23,165
23.0,117.6,23,165
23.0,117.6,23,165
23.0,117.6,23,165
10.0,117.6,10,165
44.0,117.6,44,165
44.0,144.15,44,165
44.0,144.15,44,165
44.0,144.15,44,165
37.0,144.15,37,165
51.0,144.15,51,165
34.0,153.60000000000002,34,165
44.0,153.60000000000002,44,165
37.0,194.4,37,165
51.0,194.4,51,165
61.0,264.6,61,165
61.0,317.40000000000003,61,165
61.0,317.40000000000003,61,165
61.0,317.40000000000003,61,165
34.0,317.40000000000003,34,165
91.0,317.40000000000003,91,165
98.0,453.75,98,165
98.0,633.75,98,165
125.0,633.75,125,165
138.0,777.5999999999999,138,165
172.0,1161.6,172,165
192.0,1500.0,192,165
217.0,2269.3500000000004,217,165
222.0,2457.6000000000004,222,165
222.0,2693.4,222,165
223.0,2693.4,223,165
227.0,2982.15,227,165
223.0,3067.3500000000004,223,165
222.0,3067.3500000000004,222,165
228.0,3067.3500000000004,228,165
230.0,3420.1500000000005,230,165
228.0,3792.15,228,165
223.0,3792.15,223,165
211.0,3792.15,211,165
211.0,3792.15,211,165
241.0,3792.15,241,165
211.0,4183.35,211,165
211.0,4183.35,211,165
190.0,4183.35,190,165
158.0,4183.35,158,165
158.0,4183.35,158,165
150.0,4183.35,150,165
158.0,4183.35,158,165
196.0,4386.150000000001,196,165
79.0,4806.150000000001,79,165
120.0,4806.150000000001,120,165
122.0,4968.6,122,165
82.0,5301.6,82,165
122.0,5301.6,122,165
104.0,5358.150000000001,104,165
145.0,5358.150000000001,145,165
145.0,5762.400000000001,145,165
143.0,5762.400000000001,143,165
145.0,5762.400000000001,145,165
145.0,6242.400000000001,145,165
105.0,6242.400000000001,105,165
145.0,6242.400000000001,145,165
152.0,6615.0,152,165
0.0,60.0,340,166
0.0,33.75,306,166
0.0,33.75,272,166
0.0,33.75,238,166
0.0,33.75,205,166
0.0,33.75,171,166
0.0,33.75,137,166
0.0,33.75,103,166
14.0,33.75,84,166
50.75,33.75,101,166
41.400000000000006,38.400000000000006,104,166
50.6,48.6,106,166
17.150000000000006,66.15,57,166
78.0,66.15,78,166
68.0,79.35000000000001,68,166
78.0,79.35000000000001,78,166
77.60000000000001,72.60000000000001,83,166
85.0,93.75,85,166
94.0,109.35,94,166
111.0,153.60000000000002,111,166
120.0,173.4,120,166
137.0,228.15000000000003,137,166
146.0,252.15000000000003,146,166
172.0,345.6,172,166
208.0,504.6,208,166
276.0,866.4000000000001,276,166
338.0,1242.15,338,166
369.0,1591.35,369,166
369.0,1653.75,369,166
369.0,1653.75,369,166
369.0,1653.75,369,166
369.0,1653.75,369,166
369.0,1653.75,369,166
369.0,1653.75,369,166
369.0,1653.75,369,166
369.0,1653.75,369,166
369.0,1653.75,369,166
286.0,912.6,286,166
286.0,912.6,286,166
286.0,912.6,286,166
286.0,912.6,286,166
286.0,912.6,286,166
198.0,453.75,198,166
198.0,453.75,198,166
198.0,453.75,198,166
198.0,453.75,198,166
198.0,453.75,198,166
198.0,453.75,198,166
198.0,453.75,198,166
198.0,453.75,198,166
198.0,453.75,198,166
182.0,390.15,182,166
182.0,390.15,182,166
182.0,390.15,182,166
182.0,390.15,182,166
182.0,390.15,182,166
182.0,390.15,182,166
182.0,390.15,182,166
182.0,390.15,182,166
182.0,390.15,182,166
182.0,390.15,182,166
182.0,390.15,182,166
172.0,331.35,172,166
156.0,264.6,156,166
156.0,264.6,156,166
156.0,264.6,156,166
156.0,264.6,156,166
156.0,264.6,156,166
156.0,264.6,156,166
156.0,264.6,156,166
156.0,264.6,156,166
156.0,264.6,156,166
156.0,264.6,156,166
156.0,264.6,156,166
156.0,264.6,156,166
94.35,109.35,141,166
94.35,109.35,126,166
94.35,109.35,111,166
94.35,109.35,96,166
94.0,109.35,94,166
94.0,109.35,94,166
94.0,109.35,94,166
94.0,109.35,94,166
94.0,109.35,94,166
94.0,109.35,94,166
94.0,109.35,94,166
94.0,109.35,94,166
94.0,109.35,94,166
94.0,109.35,94,166
94.0,109.35,94,166
94.0,109.35,94,166
94.0,109.35,94,166
94.0,109.35,94,166
94.0,109.35,94,166
94.0,109.35,94,166
94.0,109.35,94,166
94.0,109.35,94,166
94.0,109.35,94,166
94.0,109.35,94,166
94.0,109.35,94,166
0.0,60.0,340,167
0.0,60.0,280,167
0.0,60.0,220,167
0.0,60.0,160,167
0.0,60.0,100,167
0.0,60.0,40,167
54.0,60.0,54,167
90.0,101.4,90,167
243.0,240.0,243,167
360.0,540.0,360,167
574.0,1560.6,574,167
504.0,2053.3500000000004,504,167
378.0,1033.35,378,167
378.0,1033.35,378,167
378.0,1033.35,378,167
288.0,614.4000000000001,288,167
288.0,614.4000000000001,288,167
279.0,614.4000000000001,279,167
234.0,614.4000000000001,234,167
234.0,614.4000000000001,234,167
234.0,614.4000000000001,234,167
234.0,614.4000000000001,234,167
234.0,614.4000000000001,234,167
234.0,614.4000000000001,234,167
234.0,614.4000000000001,234,167
234.0,614.4000000000001,234,167
198.0,453.75,198,167
198.0,453.75,198,167
198.0,453.75,198,167
198.0,453.75,198,167
198.0,453.75,198,167
198.0,453.75,198,167
198.0,453.75,198,167
198.0,453.75,198,167
198.0,453.75,198,167
198.0,453.75,198,167
198.0,453.75,198,167
198.0,453.75,198,167
198.0,453.75,198,167
198.0,453.75,198,167
198.0,453.75,198,167
198.0,453.75,198,167
198.0,453.75,198,167
198.0,453.75,198,167
198.0,453.75,198,167
198.0,453.75,198,167
198.0,453.75,198,167
198.0,453.75,198,167
198.0,453.75,198,167
198.0,453.75,198,167
198.0,453.75,198,167
198.0,453.75,198,167
198.0,453.75,198,167
198.0,453.75,198,167
198.0,453.75,198,167
198.0,453.75,198,167
198.0,453.75,198,167
198.0,453.75,198,167
198.0,453.75,198,167
125.75,183.75,140,167
126.0,183.75,126,167
89.75,93.75,122,167
89.75,93.75,118,167
89.75,93.75,114,167
89.75,93.75,110,167
89.75,93.75,106,167
89.75,93.75,102,167
89.75,93.75,98,167
89.75,93.75,94,167
89.75,93.75,90,167
90.0,93.75,90,167
90.0,93.75,90,167
90.0,93.75,90,167
90.0,93.75,90,167
90.0,93.75,90,167
90.0,93.75,90,167
90.0,93.75,90,167
90.0,93.75,90,167
90.0,93.75,90,167
90.0,93.75,90,167
90.0,93.75,90,167
90.0,93.75,90,167
90.0,93.75,90,167
90.0,93.75,90,167
90.0,93.75,90,167
90.0,93.75,90,167
90.0,93.75,90,167
90.0,93.75,90,167
90.0,93.75,90,167
90.0,93.75,90,167
90.0,93.75,90,167
90.0,93.75,90,167
90.0,93.75,90,167
90.0,93.75,90,167
90.0,93.75,90,167
90.0,93.75,90,167
90.0,93.75,90,167
90.0,93.75,90,167
90.0,93.75,90,167
90.0,93.75,90,167
0.0,60.0,340,168
0.0,60.0,280,168
0.0,60.0,220,168
0.0,60.0,160,168
0.0,60.0,100,168
0.0,60.0,40,168
0.0,60.0,0,168
9.0,15.0,9,168
18.0,21.6,18,168
27.0,29.4,27,168
27.0,29.4,27,168
18.0,29.4,18,168
18.0,29.4,18,168
18.0,29.4,18,168
18.0,29.4,18,168
18.0,29.4,18,168
18.0,29.4,18,168
18.0,29.4,18,168
18.0,29.4,18,168
18.0,29.4,18,168
18.0,29.4,18,168
18.0,29.4,18,168
18.0,29.4,18,168
18.0,29.4,18,168
18.0,29.4,18,168
18.0,29.4,18,168
18.0,29.4,18,168
18.0,29.4,18,168
18.0,29.4,18,168
18.0,29.4,18,168
18.0,29.4,18,168
18.0,29.4,18,168
18.0,29.4,18,168
18.0,29.4,18,168
18.0,29.4,18,168
18.0,29.4,18,168
18.0,29.4,18,168
17.15,12.15,23,168
18.0,15.0,26,168
17.6,21.6,22,168
17.6,21.6,18,168
18.0,21.6,18,168
18.0,21.6,18,168
18.0,21.6,18,168
18.0,21.6,18,168
18.0,21.6,18,168
18.0,21.6,18,168
18.0,21.6,18,168
18.0,21.6,18,168
18.0,21.6,18,168
18.0,21.6,18,168
8.600000000000001,9.6,17,168
8.600000000000001,9.6,16,168
8.600000000000001,9.6,15,168
8.600000000000001,9.6,14,168
8.600000000000001,9.6,13,168
8.600000000000001,9.6,12,168
8.600000000000001,9.6,11,168
8.4,5.4,14,168
8.350000000000001,7.35,15,168
8.350000000000001,7.35,16,168
8.600000000000001,9.6,15,168
8.600000000000001,9.6,14,168
8.600000000000001,9.6,13,168
8.600000000000001,9.6,12,168
8.600000000000001,9.6,11,168
8.600000000000001,9.6,10,168
8.600000000000001,9.6,9,168
9.0,9.6,9,168
9.0,9.6,9,168
9.0,9.6,9,168
9.0,9.6,9,168
9.0,9.6,9,168
9.0,9.6,9,168
9.0,9.6,9,168
9.0,9.6,9,168
9.0,9.6,9,168
9.0,9.6,9,168
9.0,9.6,9,168
8.75,3.75,14,168
8.4,5.4,17,168
8.4,5.4,20,168
8.4,5.4,23,168
8.399999999999999,5.4,26,168
8.350000000000001,7.35,27,168
8.600000000000001,9.6,26,168
8.600000000000001,9.6,25,168
8.600000000000001,9.6,24,168
8.600000000000001,9.6,23,168
8.600000000000001,9.6,22,168
8.600000000000001,9.6,21,168
8.600000000000001,9.6,20,168
8.600000000000001,9.6,19,168
8.600000000000001,9.6,18,168
8.4,5.4,21,168
8.4,5.4,24,168
8.600000000000001,9.6,23,168
8.600000000000001,9.6,22,168
8.75,3.75,27,168
8.75,3.75,32,168
0.0,60.0,340,169
0.0,60.0,280,169
0.0,60.0,220,169
0.0,60.0,160,169
-0.25,33.75,126,169
-0.25,33.75,92,169
-0.25,33.75,58,169
-0.25,33.75,24,169
0.0,33.75,0,169
0.0,12.15,0,169
0.0,7.35,0,169
0.0,5.4,0,169
0.0,3.75,0,169
0.0,1.35,0,169
0.0,0.6000000000000001,0,169
0.0,0.15,0,169
0.0,60.0,340,170
0.0,60.0,280,170
0.0,60.0,220,170
0.0,60.0,160,170
0.0,60.0,100,170
0.0,60.0,40,170
0.0,60.0,0,170
0.0,12.15,0,170
0.0,7.35,0,170
14.0,5.4,14,170
14.4,5.4,23,170
7.399999999999999,2.4000000000000004,28,170
7.399999999999999,2.4000000000000004,33,170
7.399999999999999,2.4000000000000004,38,170
7.399999999999999,2.4000000000000004,43,170
7.399999999999999,2.4000000000000004,48,170
0.0,3.75,44,170
7.5,3.75,48,170
0.0,3.75,44,170
7.5,3.75,48,170
6.75,3.75,51,170
7.399999999999999,5.4,53,170
7.0,15.0,45,170
7.0,15.0,37,170
28.0,15.0,50,170
28.15,18.15,60,170
14.35,25.35,49,170
28.35,25.35,52,170
41.6,48.6,45,170
14.0,48.6,14,170
42.0,48.6,42,170
56.0,79.35000000000001,56,170
70.0,144.15,70,170
98.0,277.35,98,170
91.0,522.1500000000001,91,170
119.0,522.1500000000001,119,170
147.0,912.6,147,170
204.0,1530.15,204,170
189.0,1848.15,189,170
245.0,1848.15,245,170
245.0,2343.75,245,170
216.0,2343.75,216,170
210.0,2343.75,210,170
367.0,2343.75,367,170
367.0,2815.3500000000004,367,170
263.0,2815.3500000000004,263,170
189.0,2815.3500000000004,189,170
375.0,2815.3500000000004,375,170
226.0,3197.4000000000005,226,170
276.0,3197.4000000000005,276,170
282.0,3465.6000000000004,282,170
182.0,3697.35,182,170
276.0,3697.35,276,170
142.0,3985.35,142,170
282.0,3985.35,282,170
345.0,4083.75,345,170
347.0,4133.400000000001,347,170
363.0,4489.35,363,170
152.0,4806.150000000001,152,170
369.0,4806.150000000001,369,170
379.0,5023.35,379,170
190.0,5645.400000000001,190,170
383.0,5645.400000000001,383,170
280.0,2856.6000000000004,280,170
336.0,2856.6000000000004,336,170
214.0,3110.4,214,170
138.0,3110.4,138,170
214.0,3110.4,214,170
208.0,3330.15,208,170
208.0,3330.15,208,170
208.0,3330.15,208,170
120.0,3330.15,120,170
150.0,3330.15,150,170
219.0,4386.150000000001,219,170
222.0,4646.400000000001,222,170
208.0,4806.150000000001,208,170
160.0,4806.150000000001,160,170
323.0,4806.150000000001,323,170
324.0,4968.6,324,170
196.0,5415.0,196,170
328.0,5415.0,328,170
170.0,5703.75,170,170
329.0,5703.75,329,170
265.0,5940.150000000001,265,170
265.0,5940.150000000001,265,170
265.0,5940.150000000001,265,170
264.0,5940.150000000001,264,170
270.0,5940.150000000001,270,170
329.0,6242.400000000001,329,170
270.0,6805.35,270,170
377.0,6805.35,377,170
249.0,7326.150000000001,249,170
448.0,7326.150000000001,448,170
449.0,7661.400000000001,449,170
384.0,8354.400000000001,384,170
471.0,8354.400000000001,471,170
409.0,8640.0,409,170
263.0,8640.0,263,170
256.0,8640.0,256,170
415.0,8640.0,415,170
0.0,60.0,340,171
140.0,60.0,420,171
42.0,60.0,402,171
28.0,60.0,370,171
33.0,60.0,343,171
17.0,60.0,300,171
25.0,60.0,265,171
25.0,60.0,230,171
25.0,60.0,195,171
25.0,60.0,160,171
25.0,60.0,125,171
25.0,60.0,90,171
25.0,60.0,55,171
25.0,60.0,25,171
25.0,60.0,25,171
25.0,60.0,25,171
25.0,60.0,25,171
25.0,60.0,25,171
25.0,60.0,25,171
25.0,60.0,25,171
25.0,60.0,25,171
25.0,60.0,25,171
25.0,60.0,25,171
25.0,60.0,25,171
25.0,60.0,25,171
25.0,60.0,25,171
25.0,60.0,25,171
25.0,60.0,25,171
17.0,25.35,17,171
17.0,25.35,17,171
17.0,25.35,17,171
17.0,25.35,17,171
17.0,25.35,17,171
17.0,25.35,17,171
17.0,25.35,17,171
17.0,25.35,17,171
17.0,25.35,17,171
17.0,25.35,17,171
17.0,25.35,17,171
17.0,25.35,17,171
17.0,25.35,17,171
17.0,25.35,17,171
17.0,25.35,17,171
17.0,25.35,17,171
17.0,25.35,17,171
17.0,25.35,17,171
16.0,21.6,16,171
16.0,21.6,16,171
16.0,21.6,16,171
16.0,21.6,16,171
16.0,21.6,16,171
16.0,21.6,16,171
16.0,21.6,16,171
16.0,21.6,16,171
16.0,21.6,16,171
8.600000000000001,9.6,15,171
8.600000000000001,9.6,14,171
8.600000000000001,9.6,13,171
8.600000000000001,9.6,12,171
8.600000000000001,9.6,11,171
8.600000000000001,9.6,10,171
8.600000000000001,9.6,9,171
9.0,9.6,9,171
9.0,9.6,9,171
9.0,9.6,9,171
9.0,9.6,9,171
9.0,9.6,9,171
9.0,9.6,9,171
9.0,9.6,9,171
9.0,9.6,9,171
9.0,9.6,9,171
9.35,7.35,11,171
8.600000000000001,9.6,10,171
8.600000000000001,9.6,9,171
9.0,9.6,9,171
9.0,9.6,9,171
9.0,9.6,9,171
9.0,9.6,9,171
9.0,9.6,9,171
9.35,7.35,11,171
9.35,7.35,13,171
9.15,12.15,10,171
9.0,12.15,9,171
9.0,12.15,9,171
9.0,12.15,9,171
9.0,12.15,9,171
9.0,12.15,9,171
9.0,12.15,9,171
9.0,12.15,9,171
9.0,12.15,9,171
9.0,12.15,9,171
9.0,12.15,9,171
9.35,7.35,11,171
9.35,7.35,13,171
8.4,5.4,16,171
8.4,5.4,19,171
9.35,7.35,21,171
9.15,12.15,18,171
9.15,12.15,15,171
9.15,12.15,12,171
0.0,60.0,340,172
0.0,60.0,280,172
0.0,60.0,220,172
0.0,60.0,160,172
0.0,60.0,100,172
0.0,60.0,40,172
0.0,60.0,0,172
0.0,33.75,0,172
0.0,21.6,0,172
0.0,12.15,0,172
0.0,7.35,0,172
0.0,5.4,0,172
0.0,3.75,0,172
0.0,2.4000000000000004,0,172
0.0,1.35,0,172
0.0,0.6000000000000001,0,172
0.0,0.15,0,172
0.0,60.0,340,173
0.0,60.0,280,173
0.0,60.0,220,173
0.0,60.0,160,173
0.0,60.0,100,173
0.0,60.0,40,173
0.0,60.0,0,173
14.0,21.6,14,173
14.0,21.6,14,173
14.0,21.6,14,173
7.0,21.6,7,173
28.0,21.6,28,173
28.35,25.35,31,173
42.0,38.400000000000006,42,173
42.0,48.6,42,173
42.0,48.6,42,173
42.0,48.6,42,173
42.0,48.6,42,173
42.0,48.6,42,173
42.0,48.6,42,173
34.75,33.75,43,173
42.0,43.35,42,173
42.0,43.35,42,173
42.0,43.35,42,173
42.0,43.35,42,173
42.0,43.35,42,173
42.0,43.35,42,173
42.0,43.35,42,173
42.0,43.35,42,173
42.0,43.35,42,173
42.0,43.35,42,173
27.6,21.6,48,173
28.35,25.35,51,173
34.75,33.75,52,173
42.400000000000006,38.400000000000006,56,173
42.35,43.35,55,173
42.35,43.35,54,173
42.35,43.35,53,173
42.35,43.35,52,173
42.35,43.35,51,173
42.35,43.35,50,173
42.35,43.35,49,173
42.35,43.35,48,173
42.35,43.35,47,173
42.35,43.35,46,173
42.35,43.35,45,173
34.75,33.75,46,173
42.35,43.35,45,173
42.35,43.35,44,173
42.35,43.35,43,173
42.0,43.35,42,173
42.0,43.35,42,173
42.0,43.35,42,173
34.75,33.75,43,173
34.75,33.75,44,173
42.0,48.6,42,173
42.0,48.6,42,173
42.0,48.6,42,173
42.0,48.6,42,173
27.6,21.6,48,173
27.6,21.6,54,173
27.6,21.6,60,173
28.35,25.35,63,173
28.35,25.35,66,173
28.35,25.35,69,173
28.35,25.35,72,173
28.35,25.35,75,173
28.40000000000001,29.4,74,173
28.40000000000001,29.4,73,173
28.40000000000001,29.4,72,173
28.40000000000001,29.4,71,173
28.40000000000001,29.4,70,173
28.40000000000001,29.4,69,173
28.40000000000001,29.4,68,173
28.40000000000001,29.4,67,173
28.40000000000001,29.4,66,173
28.40000000000001,29.4,65,173
28.40000000000001,29.4,64,173
28.40000000000001,29.4,63,173
28.40000000000001,29.4,62,173
28.40000000000001,29.4,61,173
28.4,29.4,60,173
28.4,29.4,59,173
28.4,29.4,58,173
28.4,29.4,57,173
21.15,12.15,66,173
28.0,15.0,79,173
28.0,15.0,92,173
28.15000000000001,18.15,102,173
34.599999999999994,21.6,115,173
42.400000000000006,29.4,128,173
14.400000000000006,29.4,113,173
35.400000000000006,29.4,119,173
42.35,43.35,118,173
42.35,43.35,117,173
42.35,43.35,116,173
42.35,43.35,115,173
42.35,43.35,114,173
42.35,43.35,113,173
42.35,43.35,112,173
0.0,60.0,340,174
0.0,60.0,280,174
0.0,60.0,220,174
0.0,60.0,160,174
60.0,60.0,160,174
72.0,60.0,172,174
71.4,101.4,142,174
47.400000000000006,101.4,88,174
59.400000000000006,38.400000000000006,109,174
35.400000000000006,101.4,43,174
96.0,101.4,96,174
120.0,375.0,120,174
168.0,912.6,168,174
342.0,2269.3500000000004,342,174
275.0,2982.15,275,174
285.0,2982.15,285,174
300.0,3888.150000000001,300,174
300.0,5078.400000000001,300,174
120.0,1881.6,120,174
168.0,1881.6,168,174
174.0,2535.0,174,174
177.0,3153.75,177,174
198.0,3840.0,198,174
143.0,4968.6,143,174
145.0,4968.6,145,174
132.0,4593.75,132,174
136.0,4593.75,136,174
132.0,5245.35,132,174
128.0,2419.3500000000004,128,174
39.0,2419.3500000000004,39,174
130.0,2419.3500000000004,130,174
116.0,2693.4,116,174
57.0,2693.4,57,174
57.0,2693.4,57,174
60.0,2693.4,60,174
60.0,3936.6,60,174
60.0,3936.6,60,174
59.0,3936.6,59,174
54.0,3936.6,54,174
36.0,3936.6,36,174
18.0,3936.6,18,174
87.0,3936.6,87,174
91.0,4646.400000000001,91,174
91.0,5415.0,91,174
27.0,5415.0,27,174
135.0,5415.0,135,174
229.0,5762.400000000001,229,174
109.0,3024.6000000000004,109,174
117.0,3024.6000000000004,117,174
225.0,3888.150000000001,225,174
108.0,4233.6,108,174
187.0,4233.6,187,174
200.0,4699.35,200,174
195.0,3888.150000000001,195,174
195.0,3888.150000000001,195,174
195.0,3888.150000000001,195,174
78.0,3888.150000000001,78,174
187.0,3888.150000000001,187,174
195.0,4233.6,195,174
191.0,4489.35,191,174
68.0,4489.35,68,174
207.0,4489.35,207,174
143.0,4699.35,143,174
208.0,4699.35,208,174
9.0,5023.35,9,174
59.0,5023.35,59,174
259.0,5821.35,259,174
28.0,6242.400000000001,28,174
259.0,6242.400000000001,259,174
146.0,6741.6,146,174
68.0,6741.6,68,174
145.0,6741.6,145,174
32.0,6998.400000000001,32,174
10.0,6998.400000000001,10,174
128.0,6998.400000000001,128,174
10.0,7194.150000000001,10,174
128.0,7194.150000000001,128,174
128.0,7593.75,128,174
128.0,7593.75,128,174
0.0,7593.75,0,174
53.0,4284.150000000001,53,174
52.0,4593.75,52,174
69.0,4593.75,69,174
49.0,2343.75,49,174
49.0,2343.75,49,174
50.0,2269.3500000000004,50,174
49.0,2496.15,49,174
38.0,2496.15,38,174
59.0,2496.15,59,174
103.0,3153.75,103,174
89.0,3511.3500000000004,89,174
84.0,3511.3500000000004,84,174
89.0,3511.3500000000004,89,174
90.0,3744.6,90,174
91.0,3936.6,91,174
91.0,4233.6,91,174
86.0,4233.6,86,174
91.0,4233.6,91,174
123.0,4646.400000000001,123,174
123.0,3420.1500000000005,123,174
0.0,60.0,340,175
0.0,60.0,280,175
0.0,60.0,220,175
0.0,60.0,160,175
48.0,60.0,148,175
48.0,60.0,136,175
36.0,60.0,112,175
24.0,60.0,76,175
66.0,60.0,82,175
66.0,60.0,88,175
65.15,66.15,87,175
65.15,66.15,86,175
65.15,66.15,85,175
65.15,66.15,84,175
65.15,66.15,83,175
65.15,66.15,82,175
65.15,66.15,81,175
65.15,66.15,80,175
65.15,66.15,79,175
65.15,66.15,78,175
65.15,66.15,77,175
65.15,66.15,76,175
65.15,66.15,75,175
65.15,66.15,74,175
65.15,66.15,73,175
65.15,66.15,72,175
65.15,66.15,71,175
65.15,66.15,70,175
65.15,66.15,69,175
87.15,66.15,90,175
87.4,86.4,91,175
110.0,109.35,110,175
132.0,173.4,132,175
154.0,228.15000000000003,154,175
198.0,375.0,198,175
220.0,522.1500000000001,220,175
276.0,799.3500000000001,276,175
352.0,1269.6,352,175
420.0,1848.15,420,175
424.0,2018.4,424,175
485.0,2306.4,485,175
545.0,2653.3500000000004,545,175
555.0,3110.4,555,175
508.0,3330.15,508,175
508.0,3330.15,508,175
508.0,3330.15,508,175
508.0,3330.15,508,175
508.0,3330.15,508,175
508.0,3330.15,508,175
508.0,3330.15,508,175
508.0,3330.15,508,175
508.0,3330.15,508,175
508.0,3330.15,508,175
508.0,3330.15,508,175
508.0,3330.15,508,175
508.0,3330.15,508,175
508.0,3330.15,508,175
508.0,3330.15,508,175
508.0,3330.15,508,175
508.0,3330.15,508,175
508.0,3330.15,508,175
508.0,3330.15,508,175
508.0,3330.15,508,175
508.0,3330.15,508,175
508.0,3330.15,508,175
508.0,3330.15,508,175
508.0,3330.15,508,175
508.0,3330.15,508,175
508.0,3330.15,508,175
508.0,3330.15,508,175
508.0,3330.15,508,175
508.0,3330.15,508,175
508.0,3330.15,508,175
508.0,3330.15,508,175
508.0,3330.15,508,175
508.0,3330.15,508,175
508.0,3330.15,508,175
508.0,3330.15,508,175
508.0,3330.15,508,175
508.0,3330.15,508,175
508.0,3330.15,508,175
508.0,3330.15,508,175
508.0,3330.15,508,175
508.0,3330.15,508,175
508.0,3330.15,508,175
508.0,3330.15,508,175
508.0,3330.15,508,175
508.0,3330.15,508,175
508.0,3330.15,508,175
508.0,3330.15,508,175
508.0,3330.15,508,175
508.0,3330.15,508,175
508.0,3330.15,508,175
508.0,3330.15,508,175
508.0,3330.15,508,175
508.0,3330.15,508,175
508.0,3330.15,508,175
508.0,3330.15,508,175
508.0,3330.15,508,175
508.0,3330.15,508,175
0.0,60.0,340,176
0.0,60.0,280,176
0.0,60.0,220,176
0.0,60.0,160,176
0.0,60.0,100,176
0.0,60.0,40,176
0.0,60.0,0,176
0.0,33.75,0,176
0.0,21.6,0,176
0.0,12.15,0,176
0.0,7.35,0,176
0.0,5.4,0,176
0.0,3.75,0,176
0.0,2.4000000000000004,0,176
0.0,1.35,0,176
0.0,0.6000000000000001,0,176
0.0,0.15,0,176
0.0,60.0,340,177
0.0,43.35,296,177
0.0,43.35,253,177
0.0,43.35,209,177
0.0,43.35,166,177
0.0,43.35,123,177
0.0,43.35,79,177
0.0,43.35,36,177
80.0,43.35,80,177
69.75,33.75,116,177
49.75,33.75,132,177
39.75,33.75,138,177
40.150000000000006,66.15,112,177
30.15000000000001,66.15,76,177
0.0,66.15,9,177
30.0,66.15,30,177
30.0,72.60000000000001,30,177
30.0,72.60000000000001,30,177
30.0,72.60000000000001,30,177
30.0,72.60000000000001,30,177
30.0,72.60000000000001,30,177
30.0,72.60000000000001,30,177
30.0,72.60000000000001,30,177
30.0,72.60000000000001,30,177
20.4,29.4,21,177
20.0,29.4,20,177
20.0,29.4,20,177
20.0,29.4,20,177
20.0,29.4,20,177
20.0,29.4,20,177
20.0,29.4,20,177
20.0,29.4,20,177
20.0,29.4,20,177
20.0,29.4,20,177
20.0,29.4,20,177
20.0,29.4,20,177
20.0,29.4,20,177
20.0,29.4,20,177
20.0,29.4,20,177
20.0,29.4,20,177
20.0,29.4,20,177
20.0,29.4,20,177
20.0,29.4,20,177
20.0,29.4,20,177
20.0,29.4,20,177
20.0,29.4,20,177
20.0,29.4,20,177
20.0,29.4,20,177
20.0,29.4,20,177
20.0,29.4,20,177
20.0,29.4,20,177
20.0,29.4,20,177
20.0,29.4,20,177
20.0,29.4,20,177
20.0,29.4,20,177
20.0,29.4,20,177
20.0,29.4,20,177
20.0,29.4,20,177
20.0,29.4,20,177
20.0,29.4,20,177
20.0,29.4,20,177
20.0,29.4,20,177
20.0,29.4,20,177
20.0,29.4,20,177
20.0,29.4,20,177
20.0,29.4,20,177
20.0,29.4,20,177
20.0,29.4,20,177
20.0,29.4,20,177
20.0,29.4,20,177
0.0,29.4,0,177
0.0,18.15,0,177
0.0,12.15,0,177
0.0,7.35,0,177
0.0,5.4,0,177
0.0,3.75,0,177
0.0,2.4000000000000004,0,177
0.0,1.35,0,177
0.0,0.6000000000000001,0,177
0.0,0.15,0,177
0.0,60.0,340,178
0.0,60.0,280,178
0.0,60.0,220,178
0.0,60.0,160,178
0.0,60.0,100,178
0.0,60.0,40,178
0.0,60.0,0,178
0.0,33.75,0,178
0.0,9.6,0,178
0.0,5.4,0,178
0.0,3.75,0,178
4.0,2.4000000000000004,4,178
4.4,2.4000000000000004,6,178
4.4,2.4000000000000004,8,178
4.4,2.4000000000000004,10,178
4.4,2.4000000000000004,12,178
4.4,2.4000000000000004,14,178
4.4,2.4000000000000004,16,178
4.4,2.4000000000000004,18,178
4.4,2.4000000000000004,20,178
4.399999999999999,2.4000000000000004,22,178
4.399999999999999,2.4000000000000004,24,178
4.399999999999999,2.4000000000000004,26,178
4.399999999999999,2.4000000000000004,28,178
4.399999999999999,2.4000000000000004,30,178
4.399999999999999,2.4000000000000004,32,178
4.399999999999999,2.4000000000000004,34,178
4.399999999999999,2.4000000000000004,36,178
4.399999999999999,5.4,35,178
4.399999999999999,5.4,34,178
4.399999999999999,5.4,33,178
0.0,5.4,27,178
3.799999999999997,5.4,26,178
4.399999999999999,5.4,25,178
4.399999999999999,5.4,24,178
4.399999999999999,5.4,23,178
4.399999999999999,5.4,22,178
4.399999999999999,5.4,21,178
4.4,5.4,20,178
4.4,5.4,19,178
4.4,5.4,18,178
4.4,5.4,17,178
4.4,5.4,16,178
4.4,5.4,15,178
4.4,5.4,14,178
4.4,5.4,13,178
4.4,5.4,12,178
4.4,5.4,11,178
4.4,5.4,10,178
4.4,5.4,9,178
4.4,5.4,8,178
4.4,5.4,7,178
4.4,5.4,6,178
4.4,5.4,5,178
4.0,5.4,4,178
4.0,5.4,4,178
4.0,5.4,4,178
3.75,3.75,4,178
3.75,3.75,4,178
3.75,3.75,4,178
3.75,3.75,4,178
3.75,3.75,4,178
3.75,3.75,4,178
3.75,3.75,4,178
3.75,3.75,4,178
3.75,3.75,4,178
3.75,3.75,4,178
3.75,3.75,4,178
3.75,3.75,4,178
3.75,3.75,4,178
3.75,3.75,4,178
3.75,3.75,4,178
3.75,3.75,4,178
3.75,3.75,4,178
3.75,3.75,4,178
3.75,3.75,4,178
3.75,3.75,4,178
4.35,1.35,7,178
4.4,5.4,6,178
4.4,5.4,5,178
4.0,5.4,4,178
4.0,5.4,4,178
4.0,5.4,4,178
4.0,5.4,4,178
4.0,5.4,4,178
4.0,5.4,4,178
4.0,5.4,4,178
4.0,5.4,4,178
4.0,5.4,4,178
4.0,5.4,4,178
4.0,5.4,4,178
4.0,5.4,4,178
4.0,5.4,4,178
4.0,5.4,4,178
4.0,5.4,4,178
4.0,5.4,4,178
4.0,5.4,4,178
4.0,5.4,4,178
4.0,5.4,4,178
4.0,5.4,4,178
0.0,60.0,340,179
0.0,60.0,280,179
0.0,48.6,231,179
0.0,48.6,182,179
0.0,48.6,134,179
0.0,21.6,112,179
0.0,21.6,91,179
0.0,21.6,69,179
0.0,21.6,47,179
0.0,21.6,26,179
0.0,21.6,4,179
0.0,21.6,0,179
0.0,12.15,0,179
0.0,7.35,0,179
0.0,5.4,0,179
0.0,3.75,0,179
0.0,2.4000000000000004,0,179
0.0,1.35,0,179
0.0,0.6000000000000001,0,179
0.0,0.15,0,179
0.0,60.0,340,180
0.0,60.0,280,180
0.0,60.0,220,180
0.0,60.0,160,180
0.0,60.0,100,180
0.0,38.400000000000006,61,180
0.0,38.400000000000006,23,180
6.0,38.400000000000006,6,180
15.0,38.400000000000006,15,180
24.0,101.4,24,180
30.0,135.0,30,180
48.0,390.15,48,180
57.0,960.0,57,180
52.0,1622.4,52,180
52.0,1622.4,52,180
52.0,1622.4,52,180
52.0,1622.4,52,180
52.0,1622.4,52,180
52.0,1622.4,52,180
52.0,1622.4,52,180
52.0,1622.4,52,180
52.0,1622.4,52,180
52.0,1622.4,52,180
52.0,1622.4,52,180
52.0,1622.4,52,180
52.0,1622.4,52,180
52.0,1622.4,52,180
52.0,1622.4,52,180
52.0,1622.4,52,180
52.0,1622.4,52,180
52.0,1622.4,52,180
52.0,1622.4,52,180
52.0,1622.4,52,180
52.0,1622.4,52,180
52.0,1622.4,52,180
52.0,1622.4,52,180
52.0,1622.4,52,180
52.0,1622.4,52,180
52.0,1622.4,52,180
52.0,1622.4,52,180
52.0,1622.4,52,180
52.0,1622.4,52,180
52.0,1622.4,52,180
52.0,1622.4,52,180
52.0,1622.4,52,180
52.0,1622.4,52,180
52.0,1622.4,52,180
52.0,1622.4,52,180
52.0,1622.4,52,180
65.0,1622.4,65,180
70.0,1815.0,70,180
84.0,1915.35,84,180
84.0,2088.6000000000004,84,180
84.0,2088.6000000000004,84,180
84.0,2088.6000000000004,84,180
84.0,2088.6000000000004,84,180
84.0,2088.6000000000004,84,180
84.0,2088.6000000000004,84,180
84.0,2088.6000000000004,84,180
84.0,2088.6000000000004,84,180
84.0,2088.6000000000004,84,180
84.0,2088.6000000000004,84,180
84.0,2088.6000000000004,84,180
84.0,2088.6000000000004,84,180
84.0,2088.6000000000004,84,180
84.0,2088.6000000000004,84,180
84.0,2088.6000000000004,84,180
84.0,2088.6000000000004,84,180
84.0,2088.6000000000004,84,180
84.0,2088.6000000000004,84,180
84.0,2088.6000000000004,84,180
84.0,2088.6000000000004,84,180
84.0,2088.6000000000004,84,180
84.0,2088.6000000000004,84,180
84.0,2088.6000000000004,84,180
84.0,2088.6000000000004,84,180
84.0,2088.6000000000004,84,180
84.0,2088.6000000000004,84,180
84.0,2088.6000000000004,84,180
84.0,2088.6000000000004,84,180
84.0,2088.6000000000004,84,180
84.0,2088.6000000000004,84,180
84.0,2088.6000000000004,84,180
84.0,2088.6000000000004,84,180
84.0,2088.6000000000004,84,180
84.0,2088.6000000000004,84,180
84.0,2088.6000000000004,84,180
84.0,2088.6000000000004,84,180
84.0,2088.6000000000004,84,180
84.0,2088.6000000000004,84,180
84.0,2088.6000000000004,84,180
84.0,2088.6000000000004,84,180
84.0,2088.6000000000004,84,180
84.0,2088.6000000000004,84,180
84.0,2088.6000000000004,84,180
84.0,2088.6000000000004,84,180
84.0,2088.6000000000004,84,180
84.0,2088.6000000000004,84,180
84.0,2088.6000000000004,84,180
84.0,2088.6000000000004,84,180
0.0,60.0,340,181
0.0,60.0,280,181
6.0,60.0,226,181
6.0,60.0,172,181
4.0,60.0,116,181
35.0,60.0,91,181
5.0,60.0,36,181
5.0,60.0,5,181
4.0,60.0,4,181
5.0,60.0,5,181
6.0,86.4,6,181
8.0,144.15,8,181
10.0,252.15000000000003,10,181
8.0,153.60000000000002,8,181
8.0,153.60000000000002,8,181
8.0,153.60000000000002,8,181
6.0,101.4,6,181
6.0,101.4,6,181
6.0,101.4,6,181
6.0,101.4,6,181
6.0,101.4,6,181
6.0,101.4,6,181
6.0,101.4,6,181
6.0,101.4,6,181
6.0,101.4,6,181
6.0,101.4,6,181
6.0,101.4,6,181
6.0,101.4,6,181
6.0,101.4,6,181
6.0,101.4,6,181
6.0,101.4,6,181
6.0,101.4,6,181
6.0,101.4,6,181
6.0,101.4,6,181
6.0,101.4,6,181
6.0,101.4,6,181
6.0,101.4,6,181
6.0,101.4,6,181
6.0,101.4,6,181
6.0,101.4,6,181
6.0,101.4,6,181
6.0,101.4,6,181
6.0,101.4,6,181
6.0,101.4,6,181
6.0,101.4,6,181
6.0,101.4,6,181
6.0,101.4,6,181
4.0,43.35,4,181
4.0,43.35,4,181
4.0,43.35,4,181
4.0,43.35,4,181
4.0,43.35,4,181
4.0,43.35,4,181
4.0,43.35,4,181
4.0,43.35,4,181
4.0,43.35,4,181
4.0,43.35,4,181
3.0,21.6,3,181
3.0,21.6,3,181
3.0,21.6,3,181
3.0,21.6,3,181
3.0,21.6,3,181
3.0,21.6,3,181
3.0,21.6,3,181
3.0,21.6,3,181
3.0,21.6,3,181
3.0,21.6,3,181
3.0,21.6,3,181
3.0,21.6,3,181
3.0,18.15,3,181
3.0,18.15,3,181
3.0,18.15,3,181
3.0,18.15,3,181
3.0,18.15,3,181
3.0,18.15,3,181
3.0,18.15,3,181
3.0,18.15,3,181
3.0,18.15,3,181
3.0,18.15,3,181
3.0,18.15,3,181
3.0,18.15,3,181
2.0,12.15,2,181
2.0,12.15,2,181
2.0,12.15,2,181
2.0,12.15,2,181
2.0,12.15,2,181
2.0,12.15,2,181
2.0,12.15,2,181
2.0,12.15,2,181
2.0,12.15,2,181
2.0,12.15,2,181
2.0,12.15,2,181
2.0,12.15,2,181
2.0,12.15,2,181
2.0,12.15,2,181
2.0,12.15,2,181
2.0,12.15,2,181
2.0,12.15,2,181
2.0,12.15,2,181
2.0,9.6,2,181
0.0,60.0,340,182
0.0,60.0,280,182
0.0,54.150000000000006,225,182
0.0,54.150000000000006,171,182
0.0,54.150000000000006,117,182
59.60000000000002,54.150000000000006,123,182
59.150000000000006,54.150000000000006,128,182
35.150000000000006,54.150000000000006,109,182
71.15,54.150000000000006,126,182
23.15000000000001,54.150000000000006,95,182
98.15,54.150000000000006,139,182
98.15,54.150000000000006,183,182
98.15,54.150000000000006,227,182
98.15,54.150000000000006,271,182
98.15,54.150000000000006,315,182
98.14999999999998,54.150000000000006,359,182
98.14999999999998,54.150000000000006,403,182
98.14999999999998,54.150000000000006,447,182
80.39999999999998,38.400000000000006,489,182
80.39999999999998,38.400000000000006,531,182
80.39999999999998,38.400000000000006,573,182
80.39999999999998,38.400000000000006,615,182
80.39999999999998,38.400000000000006,657,182
80.39999999999998,38.400000000000006,699,182
80.39999999999998,38.400000000000006,741,182
80.39999999999998,38.400000000000006,783,182
80.39999999999998,38.400000000000006,825,182
80.39999999999998,38.400000000000006,867,182
80.39999999999998,38.400000000000006,909,182
80.39999999999998,38.400000000000006,951,182
80.39999999999998,38.400000000000006,993,182
80.39999999999998,38.400000000000006,1035,182
80.39999999999998,38.400000000000006,1077,182
80.40000000000009,38.400000000000006,1119,182
80.40000000000009,38.400000000000006,1161,182
80.40000000000009,38.400000000000006,1203,182
80.40000000000009,38.400000000000006,1245,182
80.40000000000009,38.400000000000006,1287,182
80.40000000000009,38.400000000000006,1329,182
80.40000000000009,38.400000000000006,1371,182
80.40000000000009,38.400000000000006,1413,182
80.40000000000009,38.400000000000006,1455,182
80.40000000000009,38.400000000000006,1497,182
80.40000000000009,38.400000000000006,1539,182
80.40000000000009,38.400000000000006,1581,182
80.40000000000009,38.400000000000006,1623,182
80.40000000000009,38.400000000000006,1665,182
80.40000000000009,38.400000000000006,1707,182
80.40000000000009,38.400000000000006,1749,182
80.40000000000009,38.400000000000006,1791,182
80.40000000000009,38.400000000000006,1833,182
80.40000000000009,38.400000000000006,1875,182
80.40000000000009,38.400000000000006,1917,182
80.40000000000009,38.400000000000006,1959,182
80.40000000000009,38.400000000000006,2001,182
80.40000000000009,38.400000000000006,2043,182
61.59999999999991,21.6,2083,182
61.59999999999991,21.6,2123,182
61.59999999999991,21.6,2163,182
61.59999999999991,21.6,2203,182
61.59999999999991,21.6,2243,182
61.59999999999991,21.6,2283,182
61.59999999999991,21.6,2323,182
61.59999999999991,21.6,2363,182
61.59999999999991,21.6,2403,182
61.59999999999991,21.6,2443,182
61.59999999999991,21.6,2483,182
61.59999999999991,21.6,2523,182
61.59999999999991,21.6,2563,182
61.59999999999991,21.6,2603,182
61.59999999999991,21.6,2643,182
61.59999999999991,21.6,2683,182
61.59999999999991,21.6,2723,182
61.59999999999991,21.6,2763,182
61.59999999999991,21.6,2803,182
61.59999999999991,21.6,2843,182
61.59999999999991,21.6,2883,182
61.59999999999991,21.6,2923,182
61.15000000000009,18.15,2966,182
61.15000000000009,18.15,3009,182
61.15000000000009,18.15,3052,182
61.15000000000009,18.15,3095,182
61.15000000000009,18.15,3138,182
61.15000000000009,18.15,3181,182
61.15000000000009,18.15,3224,182
61.15000000000009,18.15,3267,182
61.15000000000009,18.15,3310,182
61.15000000000009,18.15,3353,182
61.15000000000009,18.15,3396,182
61.15000000000009,18.15,3439,182
61.15000000000009,18.15,3482,182
61.15000000000009,18.15,3525,182
61.15000000000009,18.15,3568,182
61.15000000000009,18.15,3611,182
61.15000000000009,18.15,3654,182
61.15000000000009,18.15,3697,182
61.15000000000009,18.15,3740,182
61.15000000000009,18.15,3783,182
61.15000000000009,18.15,3826,182
61.15000000000009,18.15,3869,182
0.0,60.0,340,183
0.0,60.0,280,183
0.0,60.0,220,183
0.0,60.0,160,183
63.0,60.0,163,183
53.400000000000006,101.4,115,183
35.400000000000006,101.4,49,183
27.0,101.4,27,183
27.0,101.4,27,183
36.0,101.4,36,183
36.0,135.0,36,183
27.0,79.35000000000001,27,183
27.0,79.35000000000001,27,183
27.0,79.35000000000001,27,183
27.0,79.35000000000001,27,183
27.0,79.35000000000001,27,183
27.0,79.35000000000001,27,183
27.0,79.35000000000001,27,183
27.0,79.35000000000001,27,183
27.0,79.35000000000001,27,183
27.0,79.35000000000001,27,183
27.0,79.35000000000001,27,183
27.0,79.35000000000001,27,183
27.0,79.35000000000001,27,183
27.0,79.35000000000001,27,183
27.0,79.35000000000001,27,183
27.0,79.35000000000001,27,183
27.0,79.35000000000001,27,183
27.0,79.35000000000001,27,183
27.0,79.35000000000001,27,183
27.0,79.35000000000001,27,183
27.0,79.35000000000001,27,183
27.0,79.35000000000001,27,183
27.0,79.35000000000001,27,183
27.0,79.35000000000001,27,183
27.0,79.35000000000001,27,183
27.0,79.35000000000001,27,183
27.0,79.35000000000001,27,183
27.0,79.35000000000001,27,183
27.0,79.35000000000001,27,183
27.0,79.35000000000001,27,183
27.0,79.35000000000001,27,183
27.0,79.35000000000001,27,183
27.0,79.35000000000001,27,183
27.0,79.35000000000001,27,183
27.0,79.35000000000001,27,183
27.0,79.35000000000001,27,183
27.0,79.35000000000001,27,183
27.0,79.35000000000001,27,183
27.0,79.35000000000001,27,183
27.0,79.35000000000001,27,183
27.0,79.35000000000001,27,183
27.0,79.35000000000001,27,183
27.0,79.35000000000001,27,183
27.0,79.35000000000001,27,183
27.0,79.35000000000001,27,183
27.0,79.35000000000001,27,183
27.0,79.35000000000001,27,183
27.0,79.35000000000001,27,183
27.0,79.35000000000001,27,183
27.0,79.35000000000001,27,183
27.0,79.35000000000001,27,183
27.0,79.35000000000001,27,183
27.0,79.35000000000001,27,183
27.0,79.35000000000001,27,183
27.0,79.35000000000001,27,183
27.0,79.35000000000001,27,183
27.0,79.35000000000001,27,183
27.0,79.35000000000001,27,183
27.0,79.35000000000001,27,183
27.0,79.35000000000001,27,183
27.0,79.35000000000001,27,183
27.0,79.35000000000001,27,183
27.0,79.35000000000001,27,183
27.0,79.35000000000001,27,183
27.0,79.35000000000001,27,183
27.0,79.35000000000001,27,183
27.0,79.35000000000001,27,183
27.0,79.35000000000001,27,183
27.0,79.35000000000001,27,183
27.0,79.35000000000001,27,183
27.0,79.35000000000001,27,183
27.0,79.35000000000001,27,183
27.0,79.35000000000001,27,183
27.0,79.35000000000001,27,183
27.0,79.35000000000001,27,183
27.0,79.35000000000001,27,183
27.0,79.35000000000001,27,183
27.0,79.35000000000001,27,183
27.0,79.35000000000001,27,183
27.0,79.35000000000001,27,183
27.0,79.35000000000001,27,183
27.0,79.35000000000001,27,183
27.0,79.35000000000001,27,183
27.0,79.35000000000001,27,183
27.0,79.35000000000001,27,183
27.0,79.35000000000001,27,183
27.0,79.35000000000001,27,183
27.0,79.35000000000001,27,183
27.0,79.35000000000001,27,183
0.0,60.0,340,184
0.0,60.0,280,184
0.0,60.0,220,184
0.0,60.0,160,184
0.0,60.0,100,184
0.0,60.0,40,184
0.0,60.0,0,184
0.0,33.75,0,184
0.0,21.6,0,184
0.0,12.15,0,184
0.0,7.35,0,184
0.0,5.4,0,184
1.0,3.75,1,184
1.0,5.4,1,184
1.0,5.4,1,184
1.0,5.4,1,184
1.0,5.4,1,184
1.0,5.4,1,184
1.0,5.4,1,184
1.0,5.4,1,184
1.0,5.4,1,184
1.0,5.4,1,184
1.0,5.4,1,184
1.0,5.4,1,184
1.0,5.4,1,184
1.0,5.4,1,184
1.0,5.4,1,184
1.0,5.4,1,184
1.0,5.4,1,184
1.0,5.4,1,184
1.0,5.4,1,184
1.0,5.4,1,184
1.0,5.4,1,184
1.0,5.4,1,184
1.0,5.4,1,184
1.0,5.4,1,184
1.0,5.4,1,184
1.0,5.4,1,184
1.0,5.4,1,184
1.0,5.4,1,184
1.0,5.4,1,184
1.0,5.4,1,184
1.0,5.4,1,184
0.0,5.4,0,184
1.0,3.75,1,184
1.0,5.4,1,184
1.0,5.4,1,184
1.0,5.4,1,184
1.0,5.4,1,184
1.0,5.4,1,184
1.0,5.4,1,184
1.0,5.4,1,184
1.0,5.4,1,184
1.0,5.4,1,184
1.0,5.4,1,184
1.0,5.4,1,184
1.0,5.4,1,184
1.0,5.4,1,184
1.0,5.4,1,184
1.0,5.4,1,184
1.0,5.4,1,184
1.0,5.4,1,184
1.0,5.4,1,184
1.0,5.4,1,184
1.0,5.4,1,184
1.0,5.4,1,184
1.0,5.4,1,184
1.0,5.4,1,184
1.0,5.4,1,184
1.0,5.4,1,184
1.0,5.4,1,184
1.0,5.4,1,184
1.0,5.4,1,184
1.0,5.4,1,184
1.0,5.4,1,184
1.0,5.4,1,184
1.0,5.4,1,184
1.0,5.4,1,184
1.0,5.4,1,184
1.0,5.4,1,184
1.0,5.4,1,184
1.0,5.4,1,184
1.0,5.4,1,184
1.0,5.4,1,184
1.0,5.4,1,184
1.0,5.4,1,184
1.0,5.4,1,184
1.0,5.4,1,184
1.0,5.4,1,184
1.0,5.4,1,184
1.0,5.4,1,184
1.0,5.4,1,184
1.0,5.4,1,184
1.0,5.4,1,184
1.0,5.4,1,184
1.0,5.4,1,184
1.0,5.4,1,184
1.0,5.4,1,184
1.0,5.4,1,184
1.0,5.4,1,184
0.0,60.0,340,185
0.0,48.6,291,185
80.20000000000002,48.6,323,185
53.60000000000002,48.6,328,185
44.60000000000002,48.6,324,185
35.60000000000002,48.6,311,185
17.600000000000023,48.6,280,185
26.599999999999994,48.6,258,185
26.599999999999994,48.6,236,185
26.599999999999994,48.6,214,185
26.599999999999994,48.6,192,185
26.75,33.75,185,185
26.75,33.75,178,185
26.75,33.75,171,185
26.75,33.75,164,185
26.75,33.75,157,185
26.75,33.75,150,185
26.75,33.75,143,185
26.75,33.75,136,185
26.75,33.75,129,185
26.75,33.75,122,185
26.75,33.75,115,185
26.75,33.75,108,185
26.75,33.75,101,185
26.75,33.75,94,185
26.75,33.75,87,185
26.75,33.75,80,185
26.75,33.75,73,185
26.75,33.75,66,185
26.75,33.75,59,185
26.75,33.75,52,185
26.75,33.75,45,185
26.75,33.75,38,185
26.75,33.75,31,185
27.0,33.75,27,185
27.0,33.75,27,185
27.0,33.75,27,185
27.0,33.75,27,185
27.0,33.75,27,185
27.0,33.75,27,185
27.0,33.75,27,185
27.0,33.75,27,185
27.0,33.75,27,185
27.0,33.75,27,185
27.0,33.75,27,185
27.0,33.75,27,185
27.0,33.75,27,185
27.0,33.75,27,185
27.0,33.75,27,185
27.0,33.75,27,185
27.0,33.75,27,185
27.0,33.75,27,185
27.0,33.75,27,185
27.0,33.75,27,185
27.0,33.75,27,185
27.0,33.75,27,185
27.0,33.75,27,185
27.0,33.75,27,185
27.0,33.75,27,185
27.0,33.75,27,185
27.0,33.75,27,185
27.0,33.75,27,185
27.0,33.75,27,185
27.0,33.75,27,185
27.0,33.75,27,185
27.0,33.75,27,185
27.0,33.75,27,185
27.0,33.75,27,185
27.0,33.75,27,185
27.0,33.75,27,185
27.0,33.75,27,185
27.0,33.75,27,185
27.0,33.75,27,185
27.0,33.75,27,185
27.0,33.75,27,185
27.0,33.75,27,185
27.0,33.75,27,185
27.0,33.75,27,185
27.0,33.75,27,185
27.0,33.75,27,185
27.0,33.75,27,185
27.0,33.75,27,185
27.0,33.75,27,185
27.0,33.75,27,185
27.0,33.75,27,185
27.0,33.75,27,185
27.0,33.75,27,185
27.0,33.75,27,185
27.0,33.75,27,185
27.0,33.75,27,185
27.0,33.75,27,185
27.0,33.75,27,185
27.0,33.75,27,185
27.0,33.75,27,185
27.0,33.75,27,185
27.0,33.75,27,185
27.0,33.75,27,185
27.0,33.75,27,185
27.0,33.75,27,185
27.0,33.75,27,185
0.0,60.0,340,186
0.0,43.35,296,186
0.0,25.35,271,186
0.0,25.35,245,186
0.0,25.35,220,186
0.0,25.35,195,186
0.0,25.35,169,186
0.0,25.35,144,186
0.0,25.35,119,186
0.0,25.35,93,186
0.0,25.35,68,186
0.0,25.35,43,186
0.0,25.35,17,186
0.0,25.35,0,186
0.0,15.0,0,186
0.0,9.6,0,186
0.0,5.4,0,186
0.0,3.75,0,186
0.0,2.4000000000000004,0,186
0.0,1.35,0,186
0.0,0.6000000000000001,0,186
0.0,0.15,0,186
0.0,60.0,340,187
0.0,60.0,280,187
0.0,60.0,220,187
0.0,60.0,160,187
0.0,60.0,100,187
0.0,60.0,40,187
0.0,60.0,0,187
0.0,33.75,0,187
27.0,15.0,27,187
27.0,29.4,27,187
18.0,29.4,18,187
9.0,29.4,9,187
22.0,29.4,22,187
22.0,33.75,22,187
26.0,33.75,26,187
22.0,38.400000000000006,22,187
13.0,38.400000000000006,13,187
22.0,29.4,22,187
13.0,60.0,13,187
35.0,60.0,35,187
22.0,135.0,22,187
23.0,135.0,23,187
69.0,173.4,69,187
88.0,264.6,88,187
101.0,375.0,101,187
124.0,540.0,124,187
157.0,843.75,157,187
115.0,1411.35,115,187
184.0,1411.35,184,187
150.0,1915.35,150,187
170.0,1915.35,170,187
230.0,2496.15,230,187
228.0,2815.3500000000004,228,187
230.0,2815.3500000000004,230,187
228.0,3067.3500000000004,228,187
109.0,3067.3500000000004,109,187
157.0,3067.3500000000004,157,187
236.0,3241.3500000000004,236,187
124.0,3511.3500000000004,124,187
164.0,3511.3500000000004,164,187
214.0,3650.400000000001,214,187
165.0,3792.15,165,187
101.0,3792.15,101,187
162.0,3792.15,162,187
124.0,1470.15,124,187
124.0,1470.15,124,187
124.0,1470.15,124,187
124.0,1470.15,124,187
101.0,1470.15,101,187
124.0,1470.15,124,187
114.0,2124.15,114,187
112.0,2124.15,112,187
114.0,2124.15,114,187
114.0,2160.0,114,187
69.0,2160.0,69,187
114.0,2160.0,114,187
109.0,2381.4,109,187
126.0,2381.4,126,187
189.0,2733.75,189,187
177.0,2940.0,177,187
234.0,2940.0,234,187
235.0,3067.3500000000004,235,187
235.0,3285.6000000000004,235,187
235.0,3285.6000000000004,235,187
235.0,3285.6000000000004,235,187
207.0,3285.6000000000004,207,187
42.0,1530.15,42,187
0.0,1530.15,0,187
126.0,735.0,126,187
130.0,1008.6,130,187
122.0,653.4000000000001,122,187
88.0,653.4000000000001,88,187
100.0,653.4000000000001,100,187
126.0,821.4000000000001,126,187
130.0,1033.35,130,187
168.0,1500.0,168,187
142.0,1915.35,142,187
189.0,1915.35,189,187
191.0,2088.6000000000004,191,187
192.0,2306.4,192,187
194.0,2496.15,194,187
197.0,2693.4,197,187
198.0,2940.0,198,187
189.0,3067.3500000000004,189,187
199.0,3067.3500000000004,199,187
197.0,3330.15,197,187
189.0,3330.15,189,187
157.0,1560.6,157,187
164.0,1560.6,164,187
184.0,1685.4,184,187
189.0,1815.0,189,187
153.0,1915.35,153,187
189.0,1915.35,189,187
191.0,2053.3500000000004,191,187
249.0,2232.6000000000004,249,187
189.0,2574.15,189,187
252.0,2574.15,252,187
257.0,2815.3500000000004,257,187
257.0,2982.15,257,187
35.0,2982.15,35,187
0.0,60.0,340,188
0.0,60.0,280,188
53.35,43.35,290,188
125.35,43.35,372,188
83.35000000000002,43.35,412,188
50.35000000000002,43.35,419,188
20.350000000000023,43.35,396,188
72.35000000000002,43.35,425,188
72.35000000000002,43.35,454,188
72.35000000000002,43.35,483,188
72.35000000000002,43.35,512,188
72.35000000000002,43.35,541,188
72.35000000000002,43.35,570,188
72.35000000000002,43.35,599,188
72.35000000000002,43.35,628,188
72.35000000000002,43.35,657,188
72.35000000000002,43.35,686,188
63.35000000000002,43.35,706,188
72.35000000000002,43.35,735,188
71.60000000000002,48.6,758,188
44.14999999999998,54.150000000000006,748,188
72.14999999999998,54.150000000000006,766,188
72.0,60.0,778,188
63.14999999999998,66.15,775,188
72.14999999999998,66.15,781,188
99.60000000000002,117.6,763,188
27.600000000000023,117.6,673,188
56.35000000000002,43.35,686,188
71.60000000000002,72.60000000000001,685,188
71.60000000000002,72.60000000000001,684,188
55.60000000000002,72.60000000000001,667,188
83.60000000000002,72.60000000000001,678,188
100.14999999999998,126.15,652,188
100.14999999999998,126.15,626,188
100.14999999999998,126.15,600,188
100.14999999999998,126.15,574,188
100.14999999999998,126.15,548,188
100.14999999999998,126.15,522,188
100.14999999999998,126.15,496,188
100.14999999999998,126.15,470,188
100.14999999999998,126.15,444,188
100.14999999999998,126.15,418,188
100.14999999999998,126.15,392,188
100.14999999999998,126.15,366,188
100.15,126.15,340,188
100.15,126.15,314,188
100.15,126.15,288,188
100.15,126.15,262,188
100.15,126.15,236,188
100.15,126.15,210,188
100.15,126.15,184,188
100.15,126.15,158,188
100.15,126.15,132,188
100.15,126.15,106,188
100.0,126.15,100,188
100.0,126.15,100,188
100.0,126.15,100,188
100.0,126.15,100,188
100.0,126.15,100,188
100.0,126.15,100,188
100.0,126.15,100,188
100.0,126.15,100,188
100.0,126.15,100,188
100.0,126.15,100,188
100.0,126.15,100,188
100.0,126.15,100,188
100.0,126.15,100,188
100.0,126.15,100,188
100.0,126.15,100,188
100.0,126.15,100,188
100.0,126.15,100,188
100.0,126.15,100,188
100.0,126.15,100,188
100.0,126.15,100,188
100.0,126.15,100,188
100.0,126.15,100,188
100.0,126.15,100,188
100.0,126.15,100,188
100.0,126.15,100,188
100.0,126.15,100,188
100.0,126.15,100,188
100.0,126.15,100,188
100.0,126.15,100,188
100.0,126.15,100,188
100.0,126.15,100,188
100.0,126.15,100,188
100.0,126.15,100,188
100.0,126.15,100,188
100.0,126.15,100,188
100.0,126.15,100,188
100.0,126.15,100,188
100.0,126.15,100,188
100.0,126.15,100,188
100.0,126.15,100,188
100.0,126.15,100,188
100.0,126.15,100,188
100.0,126.15,100,188
100.0,126.15,100,188
100.0,126.15,100,188
100.0,126.15,100,188
0.0,60.0,340,189
0.0,60.0,280,189
0.0,54.150000000000006,225,189
0.0,54.150000000000006,171,189
83.45000000000002,54.150000000000006,201,189
101.15,54.150000000000006,248,189
44.150000000000006,54.150000000000006,238,189
56.150000000000006,54.150000000000006,240,189
44.150000000000006,54.150000000000006,230,189
44.150000000000006,54.150000000000006,220,189
44.150000000000006,54.150000000000006,210,189
41.150000000000006,54.150000000000006,197,189
44.150000000000006,54.150000000000006,187,189
14.150000000000006,54.150000000000006,147,189
35.150000000000006,54.150000000000006,128,189
0.0,54.150000000000006,73,189
38.30000000000001,54.150000000000006,58,189
38.150000000000006,54.150000000000006,42,189
38.0,54.150000000000006,38,189
38.0,54.150000000000006,38,189
38.0,54.150000000000006,38,189
38.0,54.150000000000006,38,189
38.0,54.150000000000006,38,189
23.0,54.150000000000006,23,189
19.0,54.150000000000006,19,189
38.0,54.150000000000006,38,189
38.0,54.150000000000006,38,189
38.0,54.150000000000006,38,189
38.0,54.150000000000006,38,189
38.0,54.150000000000006,38,189
38.0,54.150000000000006,38,189
38.0,54.150000000000006,38,189
38.0,54.150000000000006,38,189
19.0,54.150000000000006,19,189
35.0,54.150000000000006,35,189
35.0,54.150000000000006,35,189
23.0,54.150000000000006,23,189
19.0,54.150000000000006,19,189
35.0,54.150000000000006,35,189
19.0,72.60000000000001,19,189
1.0,72.60000000000001,1,189
35.0,72.60000000000001,35,189
17.0,38.400000000000006,17,189
0.0,38.400000000000006,0,189
16.0,21.6,16,189
16.0,18.15,16,189
12.6,9.6,19,189
12.6,9.6,22,189
12.6,9.6,25,189
13.15,12.15,26,189
13.15,12.15,27,189
16.150000000000002,18.15,25,189
16.150000000000002,18.15,23,189
16.150000000000002,18.15,21,189
16.150000000000002,18.15,19,189
16.150000000000002,18.15,17,189
16.0,18.15,16,189
16.0,18.15,16,189
16.0,18.15,16,189
16.0,18.15,16,189
16.0,18.15,16,189
16.0,18.15,16,189
16.0,18.15,16,189
16.0,18.15,16,189
16.0,18.15,16,189
16.0,18.15,16,189
16.0,18.15,16,189
16.0,18.15,16,189
16.0,18.15,16,189
16.0,18.15,16,189
16.0,18.15,16,189
16.0,18.15,16,189
16.0,18.15,16,189
16.0,18.15,16,189
16.0,18.15,16,189
16.0,18.15,16,189
16.0,18.15,16,189
16.0,18.15,16,189
16.0,18.15,16,189
16.0,18.15,16,189
16.0,18.15,16,189
16.0,18.15,16,189
16.0,18.15,16,189
16.0,18.15,16,189
16.0,18.15,16,189
16.0,18.15,16,189
16.0,18.15,16,189
16.0,18.15,16,189
16.0,18.15,16,189
16.0,18.15,16,189
16.0,18.15,16,189
16.0,18.15,16,189
16.0,18.15,16,189
16.0,18.15,16,189
16.0,18.15,16,189
16.0,18.15,16,189
16.0,18.15,16,189
16.0,18.15,16,189
16.0,18.15,16,189
16.0,18.15,16,189
0.0,60.0,340,190
0.0,60.0,280,190
0.0,60.0,220,190
0.0,60.0,160,190
0.0,60.0,100,190
0.0,60.0,40,190
0.0,60.0,0,190
0.0,33.75,0,190
44.0,21.6,44,190
52.35,25.35,71,190
52.400000000000006,29.4,94,190
65.4,38.400000000000006,121,190
74.15,54.150000000000006,141,190
87.15,66.15,162,190
87.60000000000001,72.60000000000001,177,190
109.75,93.75,193,190
118.15,126.15,185,190
118.15,126.15,177,190
118.15,126.15,169,190
118.15,126.15,161,190
118.15,126.15,153,190
118.15,126.15,145,190
118.15,126.15,137,190
118.15,126.15,129,190
118.15,126.15,121,190
119.0,126.15,119,190
109.35,109.35,119,190
109.35,109.35,119,190
109.35,109.35,119,190
109.35,109.35,119,190
109.35,109.35,119,190
109.35,109.35,119,190
109.35,109.35,119,190
109.35,109.35,119,190
109.35,109.35,119,190
109.35,109.35,119,190
109.35,109.35,119,190
109.35,109.35,119,190
109.35,109.35,119,190
109.35,109.35,119,190
109.35,109.35,119,190
109.35,109.35,119,190
109.35,109.35,119,190
109.35,109.35,119,190
109.35,109.35,119,190
109.35,109.35,119,190
140.35000000000002,109.35,150,190
176.0,163.35000000000002,176,190
207.0,228.15000000000003,207,190
242.0,290.40000000000003,242,190
273.0,390.15,273,190
317.0,522.1500000000001,317,190
383.0,735.0,383,190
484.0,1161.6,484,190
537.0,1440.6,537,190
567.0,1815.0,567,190
567.0,1881.6,567,190
567.0,1881.6,567,190
567.0,1881.6,567,190
567.0,1881.6,567,190
567.0,1881.6,567,190
567.0,1881.6,567,190
567.0,1881.6,567,190
567.0,1881.6,567,190
567.0,1881.6,567,190
567.0,1881.6,567,190
567.0,1881.6,567,190
777.0,1881.6,777,190
784.0,1983.75,784,190
762.0,1685.4,762,190
762.0,1685.4,762,190
556.0,1685.4,556,190
556.0,1685.4,556,190
556.0,1685.4,556,190
556.0,1685.4,556,190
556.0,1685.4,556,190
556.0,1685.4,556,190
556.0,1685.4,556,190
556.0,1685.4,556,190
556.0,1685.4,556,190
556.0,1685.4,556,190
556.0,1685.4,556,190
556.0,1685.4,556,190
556.0,1685.4,556,190
556.0,1685.4,556,190
449.0,1008.6,449,190
330.0,558.1500000000001,330,190
330.0,558.1500000000001,330,190
330.0,558.1500000000001,330,190
330.0,558.1500000000001,330,190
330.0,558.1500000000001,330,190
330.0,558.1500000000001,330,190
330.0,558.1500000000001,330,190
330.0,558.1500000000001,330,190
330.0,558.1500000000001,330,190
330.0,558.1500000000001,330,190
330.0,558.1500000000001,330,190
330.0,558.1500000000001,330,190
330.0,558.1500000000001,330,190
330.0,558.1500000000001,330,190
0.0,60.0,340,191
0.0,60.0,280,191
0.0,60.0,220,191
0.0,60.0,160,191
0.0,60.0,100,191
0.0,60.0,40,191
0.0,60.0,0,191
0.0,33.75,0,191
0.0,21.6,0,191
0.0,12.15,0,191
0.0,7.35,0,191
0.0,5.4,0,191
0.0,3.75,0,191
0.0,2.4000000000000004,0,191
0.0,1.35,0,191
0.0,0.6000000000000001,0,191
0.0,0.15,0,191
0.0,60.0,340,192
0.0,60.0,280,192
0.0,60.0,220,192
0.0,60.0,160,192
0.0,60.0,100,192
0.0,21.6,78,192
0.0,21.6,56,192
0.0,21.6,35,192
0.0,21.6,13,192
0.0,21.6,0,192
0.0,12.15,0,192
0.0,7.35,0,192
0.0,5.4,0,192
0.0,3.75,0,192
0.0,2.4000000000000004,0,192
0.0,1.35,0,192
0.0,0.6000000000000001,0,192
0.0,0.15,0,192
0.0,60.0,340,193
0.0,60.0,280,193
0.0,60.0,220,193
0.0,60.0,160,193
0.0,60.0,100,193
0.0,60.0,40,193
0.0,60.0,0,193
0.0,33.75,0,193
0.0,21.6,0,193
0.0,12.15,0,193
0.0,7.35,0,193
0.0,5.4,0,193
0.0,3.75,0,193
0.0,2.4000000000000004,0,193
0.0,1.35,0,193
0.0,0.6000000000000001,0,193
0.0,0.15,0,193
0.0,60.0,340,194
0.0,48.6,291,194
0.0,48.6,242,194
0.0,48.6,194,194
0.0,48.6,145,194
0.0,48.6,97,194
0.0,48.6,48,194
0.0,48.6,0,194
0.0,29.4,0,194
0.0,18.15,0,194
0.0,12.15,0,194
2.0,7.35,2,194
3.0,15.0,3,194
3.0,33.75,3,194
12.0,33.75,12,194
17.0,66.15,17,194
24.0,126.15,24,194
29.0,194.4,29,194
40.0,360.15000000000003,40,194
52.0,595.35,52,194
65.0,984.15,65,194
105.0,1717.35,105,194
105.0,2160.0,105,194
105.0,2160.0,105,194
105.0,2160.0,105,194
105.0,2160.0,105,194
105.0,2160.0,105,194
105.0,2160.0,105,194
105.0,2160.0,105,194
105.0,2160.0,105,194
105.0,2160.0,105,194
105.0,2160.0,105,194
105.0,2160.0,105,194
105.0,2160.0,105,194
105.0,2160.0,105,194
105.0,2160.0,105,194
105.0,2160.0,105,194
105.0,2160.0,105,194
105.0,2160.0,105,194
105.0,2160.0,105,194
105.0,2160.0,105,194
105.0,2160.0,105,194
105.0,2160.0,105,194
105.0,2160.0,105,194
105.0,2160.0,105,194
105.0,2160.0,105,194
105.0,2160.0,105,194
105.0,2160.0,105,194
105.0,2160.0,105,194
105.0,2160.0,105,194
105.0,2160.0,105,194
105.0,2160.0,105,194
105.0,2160.0,105,194
105.0,2160.0,105,194
105.0,2160.0,105,194
105.0,2160.0,105,194
105.0,2160.0,105,194
105.0,2160.0,105,194
105.0,2160.0,105,194
105.0,2160.0,105,194
105.0,2160.0,105,194
105.0,2160.0,105,194
105.0,2160.0,105,194
105.0,2160.0,105,194
105.0,2160.0,105,194
105.0,2160.0,105,194
105.0,2160.0,105,194
105.0,2160.0,105,194
105.0,2160.0,105,194
105.0,2160.0,105,194
105.0,2160.0,105,194
105.0,2160.0,105,194
105.0,2160.0,105,194
105.0,2160.0,105,194
105.0,2160.0,105,194
105.0,2160.0,105,194
105.0,2160.0,105,194
105.0,2160.0,105,194
105.0,2160.0,105,194
105.0,2160.0,105,194
105.0,2160.0,105,194
105.0,2160.0,105,194
105.0,2160.0,105,194
105.0,2160.0,105,194
105.0,2160.0,105,194
105.0,2160.0,105,194
105.0,2160.0,105,194
105.0,2160.0,105,194
105.0,2160.0,105,194
105.0,2160.0,105,194
105.0,2160.0,105,194
105.0,2160.0,105,194
105.0,2160.0,105,194
105.0,2160.0,105,194
105.0,2160.0,105,194
105.0,2160.0,105,194
105.0,2160.0,105,194
105.0,2160.0,105,194
105.0,2160.0,105,194
105.0,2160.0,105,194
0.0,60.0,340,195
0.0,60.0,280,195
0.0,60.0,220,195
0.0,60.0,160,195
0.0,60.0,100,195
0.0,60.0,40,195
0.0,60.0,0,195
0.0,33.75,0,195
12.0,21.6,12,195
16.0,66.15,16,195
56.0,101.4,56,195
76.0,194.4,76,195
100.0,375.0,100,195
140.0,673.35,140,195
190.0,1325.4,190,195
279.0,2419.3500000000004,279,195
306.0,2693.4,306,195
306.0,2982.15,306,195
306.0,2982.15,306,195
306.0,2982.15,306,195
306.0,2982.15,306,195
306.0,2982.15,306,195
306.0,2982.15,306,195
306.0,2982.15,306,195
386.0,2982.15,386,195
364.0,3650.400000000001,364,195
364.0,3650.400000000001,364,195
364.0,3650.400000000001,364,195
364.0,3650.400000000001,364,195
364.0,3650.400000000001,364,195
364.0,3650.400000000001,364,195
364.0,3650.400000000001,364,195
364.0,3650.400000000001,364,195
364.0,3650.400000000001,364,195
364.0,3650.400000000001,364,195
364.0,3650.400000000001,364,195
364.0,3650.400000000001,364,195
364.0,3650.400000000001,364,195
364.0,3650.400000000001,364,195
364.0,3650.400000000001,364,195
364.0,3650.400000000001,364,195
364.0,3650.400000000001,364,195
364.0,3650.400000000001,364,195
364.0,3650.400000000001,364,195
364.0,3650.400000000001,364,195
364.0,3650.400000000001,364,195
364.0,3650.400000000001,364,195
364.0,3650.400000000001,364,195
364.0,3650.400000000001,364,195
364.0,3650.400000000001,364,195
198.0,3650.400000000001,198,195
198.0,3650.400000000001,198,195
198.0,3650.400000000001,198,195
198.0,3650.400000000001,198,195
198.0,3650.400000000001,198,195
198.0,3650.400000000001,198,195
198.0,3650.400000000001,198,195
198.0,3650.400000000001,198,195
198.0,3650.400000000001,198,195
198.0,3650.400000000001,198,195
198.0,3650.400000000001,198,195
198.0,3650.400000000001,198,195
198.0,3650.400000000001,198,195
198.0,3650.400000000001,198,195
198.0,3650.400000000001,198,195
198.0,3650.400000000001,198,195
198.0,3650.400000000001,198,195
198.0,3650.400000000001,198,195
198.0,3650.400000000001,198,195
198.0,3650.400000000001,198,195
198.0,3650.400000000001,198,195
198.0,3650.400000000001,198,195
198.0,3650.400000000001,198,195
198.0,3650.400000000001,198,195
198.0,3650.400000000001,198,195
198.0,3650.400000000001,198,195
198.0,3650.400000000001,198,195
198.0,3650.400000000001,198,195
198.0,3650.400000000001,198,195
198.0,3650.400000000001,198,195
198.0,3650.400000000001,198,195
198.0,3650.400000000001,198,195
198.0,3650.400000000001,198,195
198.0,3650.400000000001,198,195
198.0,3650.400000000001,198,195
198.0,3650.400000000001,198,195
198.0,3650.400000000001,198,195
198.0,3650.400000000001,198,195
198.0,3650.400000000001,198,195
198.0,3650.400000000001,198,195
198.0,3650.400000000001,198,195
198.0,3650.400000000001,198,195
198.0,3650.400000000001,198,195
198.0,3650.400000000001,198,195
198.0,3650.400000000001,198,195
198.0,3650.400000000001,198,195
198.0,3650.400000000001,198,195
198.0,3650.400000000001,198,195
198.0,3650.400000000001,198,195
198.0,3650.400000000001,198,195
0.0,60.0,340,196
0.0,60.0,280,196
0.0,60.0,220,196
0.0,60.0,160,196
7.0,60.0,107,196
11.0,60.0,58,196
85.0,60.0,85,196
54.35000000000001,79.35000000000001,60,196
71.0,79.35000000000001,71,196
89.0,126.15,89,196
102.0,153.60000000000002,102,196
105.0,205.35,105,196
123.0,331.35,123,196
139.0,470.4,139,196
153.0,595.35,153,196
187.0,889.3499999999999,187,196
208.0,1215.0,208,196
243.0,1530.15,243,196
243.0,1530.15,243,196
243.0,1530.15,243,196
243.0,1530.15,243,196
243.0,1530.15,243,196
243.0,1530.15,243,196
243.0,1530.15,243,196
243.0,1530.15,243,196
243.0,1530.15,243,196
243.0,1530.15,243,196
243.0,1530.15,243,196
243.0,1530.15,243,196
243.0,1530.15,243,196
243.0,1530.15,243,196
243.0,1530.15,243,196
243.0,1530.15,243,196
243.0,1530.15,243,196
243.0,1530.15,243,196
243.0,1530.15,243,196
243.0,1530.15,243,196
243.0,1530.15,243,196
243.0,1530.15,243,196
243.0,1530.15,243,196
243.0,1530.15,243,196
243.0,1530.15,243,196
243.0,1530.15,243,196
243.0,1530.15,243,196
243.0,1530.15,243,196
243.0,1530.15,243,196
243.0,1530.15,243,196
243.0,1530.15,243,196
243.0,1530.15,243,196
243.0,1530.15,243,196
243.0,1530.15,243,196
243.0,1530.15,243,196
243.0,1530.15,243,196
243.0,1530.15,243,196
243.0,1530.15,243,196
243.0,1530.15,243,196
243.0,1530.15,243,196
243.0,1530.15,243,196
243.0,1530.15,243,196
243.0,1530.15,243,196
243.0,1530.15,243,196
243.0,1530.15,243,196
243.0,1530.15,243,196
243.0,1530.15,243,196
243.0,1530.15,243,196
243.0,1530.15,243,196
243.0,1530.15,243,196
243.0,1530.15,243,196
243.0,1530.15,243,196
243.0,1530.15,243,196
243.0,1530.15,243,196
243.0,1530.15,243,196
243.0,1530.15,243,196
243.0,1530.15,243,196
243.0,1530.15,243,196
243.0,1530.15,243,196
243.0,1530.15,243,196
243.0,1530.15,243,196
243.0,1530.15,243,196
243.0,1530.15,243,196
243.0,1530.15,243,196
243.0,1530.15,243,196
243.0,1530.15,243,196
243.0,1530.15,243,196
243.0,1530.15,243,196
243.0,1530.15,243,196
243.0,1530.15,243,196
243.0,1530.15,243,196
243.0,1530.15,243,196
243.0,1530.15,243,196
243.0,1530.15,243,196
243.0,1530.15,243,196
243.0,1530.15,243,196
243.0,1530.15,243,196
243.0,1530.15,243,196
243.0,1530.15,243,196
243.0,1530.15,243,196
243.0,1530.15,243,196
243.0,1530.15,243,196
243.0,1530.15,243,196
0.0,60.0,340,197
0.0,60.0,280,197
0.0,38.400000000000006,241,197
0.0,38.400000000000006,203,197
0.0,15.0,188,197
0.0,7.35,180,197
0.0,7.35,173,197
0.0,7.35,166,197
0.0,7.35,158,197
5.549999999999983,7.35,157,197
2.3499999999999943,7.35,152,197
5.349999999999994,7.35,150,197
5.349999999999994,7.35,148,197
5.349999999999994,7.35,146,197
5.349999999999994,7.35,144,197
5.349999999999994,7.35,142,197
0.0,7.35,134,197
14.699999999999989,7.35,142,197
17.599999999999994,9.6,150,197
18.0,15.0,153,197
32.75,33.75,152,197
17.75,33.75,136,197
29.75,33.75,132,197
29.75,33.75,128,197
29.75,33.75,124,197
29.75,33.75,120,197
29.75,33.75,116,197
29.75,33.75,112,197
29.75,33.75,108,197
29.75,33.75,104,197
29.75,33.75,100,197
29.75,33.75,96,197
29.75,33.75,92,197
29.75,33.75,88,197
29.75,33.75,84,197
29.75,33.75,80,197
29.75,33.75,76,197
29.75,33.75,72,197
29.75,33.75,68,197
29.75,33.75,64,197
29.75,33.75,60,197
29.75,33.75,56,197
29.75,33.75,52,197
29.75,33.75,48,197
29.75,33.75,44,197
29.75,33.75,40,197
32.75,33.75,39,197
32.75,33.75,38,197
32.75,33.75,37,197
32.75,33.75,36,197
32.75,33.75,35,197
32.75,33.75,34,197
32.75,33.75,33,197
33.0,33.75,33,197
33.0,33.75,33,197
33.0,33.75,33,197
33.0,33.75,33,197
33.0,33.75,33,197
33.0,33.75,33,197
33.0,33.75,33,197
33.0,33.75,33,197
33.0,33.75,33,197
33.0,33.75,33,197
33.0,33.75,33,197
33.0,33.75,33,197
33.0,33.75,33,197
33.0,33.75,33,197
33.0,33.75,33,197
33.0,33.75,33,197
33.0,33.75,33,197
33.0,33.75,33,197
33.0,33.75,33,197
33.0,33.75,33,197
33.0,33.75,33,197
33.0,33.75,33,197
33.0,33.75,33,197
33.0,33.75,33,197
33.0,33.75,33,197
33.0,33.75,33,197
33.0,33.75,33,197
33.0,33.75,33,197
33.0,33.75,33,197
33.0,33.75,33,197
33.0,33.75,33,197
33.0,33.75,33,197
45.0,33.75,45,197
48.0,54.150000000000006,48,197
63.0,72.60000000000001,63,197
78.0,126.15,78,197
93.0,153.60000000000002,93,197
120.0,240.0,120,197
153.0,421.35,153,197
183.0,614.4000000000001,183,197
243.0,1008.6,243,197
294.0,1717.35,294,197
294.0,1848.15,294,197
294.0,1848.15,294,197
294.0,1848.15,294,197
294.0,1848.15,294,197
294.0,1848.15,294,197
0.0,60.0,340,198
0.0,60.0,280,198
0.0,60.0,220,198
0.0,21.6,198,198
0.0,21.6,176,198
0.0,21.6,155,198
35.39999999999998,21.6,169,198
47.6,21.6,195,198
59.400000000000006,38.400000000000006,216,198
47.150000000000006,54.150000000000006,209,198
83.15,54.150000000000006,238,198
76.0,60.0,254,198
95.4,86.4,263,198
83.35000000000002,109.35,237,198
57.35000000000001,109.35,185,198
111.35,109.35,187,198
111.15,144.15,154,198
111.15,144.15,121,198
111.0,144.15,111,198
111.0,144.15,111,198
111.0,144.15,111,198
111.0,144.15,111,198
111.0,144.15,111,198
111.0,144.15,111,198
111.0,144.15,111,198
111.0,144.15,111,198
111.0,144.15,111,198
111.0,144.15,111,198
111.0,144.15,111,198
111.0,144.15,111,198
111.0,144.15,111,198
111.0,144.15,111,198
111.0,144.15,111,198
111.0,144.15,111,198
111.0,135.0,111,198
104.0,117.6,104,198
84.60000000000001,72.60000000000001,116,198
85.35000000000001,79.35000000000001,122,198
59.35,43.35,138,198
71.15,54.150000000000006,155,198
78.0,60.0,173,198
84.60000000000001,72.60000000000001,185,198
78.15,66.15,197,198
78.15,66.15,209,198
85.4,86.4,208,198
85.4,86.4,207,198
85.4,86.4,206,198
85.4,86.4,205,198
85.4,86.4,204,198
85.4,86.4,203,198
84.60000000000002,72.60000000000001,215,198
85.35000000000002,79.35000000000001,221,198
85.4,86.4,220,198
85.4,86.4,219,198
85.4,86.4,218,198
85.4,86.4,217,198
85.4,86.4,216,198
85.4,86.4,215,198
85.4,86.4,214,198
85.4,86.4,213,198
85.4,86.4,212,198
85.4,86.4,211,198
85.4,86.4,210,198
85.4,86.4,209,198
85.4,86.4,208,198
85.4,86.4,207,198
85.4,86.4,206,198
85.4,86.4,205,198
85.4,86.4,204,198
85.4,86.4,203,198
85.4,86.4,202,198
85.4,86.4,201,198
85.4,86.4,200,198
85.4,86.4,199,198
85.4,86.4,198,198
85.4,86.4,197,198
85.4,86.4,196,198
85.4,86.4,195,198
85.4,86.4,194,198
85.4,86.4,193,198
85.4,86.4,192,198
85.4,86.4,191,198
85.4,86.4,190,198
85.4,86.4,189,198
85.4,86.4,188,198
58.75,33.75,213,198
58.75,33.75,238,198
56.35,43.35,251,198
56.150000000000006,54.150000000000006,253,198
57.0,60.0,250,198
57.0,60.0,247,198
57.0,60.0,244,198
57.0,60.0,241,198
57.0,60.0,238,198
57.0,60.0,235,198
57.0,60.0,232,198
57.0,60.0,229,198
57.0,60.0,226,198
57.0,60.0,223,198
57.0,60.0,220,198
0.0,60.0,340,199
0.0,60.0,280,199
91.0,60.0,311,199
104.0,60.0,355,199
130.0,60.0,425,199
130.0,60.0,495,199
91.0,60.0,526,199
78.0,60.0,544,199
65.0,60.0,549,199
26.0,60.0,515,199
53.0,60.0,508,199
54.0,60.0,502,199
27.0,60.0,469,199
52.60000000000002,48.6,473,199
52.60000000000002,48.6,477,199
52.60000000000002,48.6,481,199
52.60000000000002,48.6,485,199
40.35000000000002,43.35,482,199
40.35000000000002,43.35,479,199
40.35000000000002,43.35,476,199
27.399999999999977,29.4,474,199
40.39999999999998,29.4,485,199
40.39999999999998,29.4,496,199
40.35000000000002,43.35,493,199
40.35000000000002,43.35,490,199
40.35000000000002,43.35,487,199
40.35000000000002,43.35,484,199
40.35000000000002,43.35,481,199
40.35000000000002,43.35,478,199
40.35000000000002,43.35,475,199
40.35000000000002,43.35,472,199
54.35000000000002,43.35,483,199
67.14999999999998,66.15,484,199
79.75,93.75,470,199
79.75,93.75,456,199
79.75,93.75,442,199
53.75,93.75,402,199
79.75,93.75,388,199
79.75,93.75,374,199
79.75,93.75,360,199
79.75,93.75,346,199
79.75,93.75,332,199
79.75,93.75,318,199
79.75,93.75,304,199
79.75,93.75,290,199
12.75,93.75,209,199
66.75,93.75,182,199
66.75,93.75,155,199
66.75,93.75,128,199
66.75,93.75,101,199
66.75,93.75,74,199
80.0,93.75,80,199
81.0,126.15,81,199
107.0,173.4,107,199
134.0,277.35,134,199
108.0,470.4,108,199
148.0,470.4,148,199
188.0,693.6,188,199
216.0,936.15,216,199
269.0,1440.6,269,199
202.0,2018.4,202,199
243.0,2018.4,243,199
404.0,2496.15,404,199
404.0,2535.0,404,199
378.0,2535.0,378,199
334.0,2535.0,334,199
497.0,2535.0,497,199
504.0,2574.15,504,199
350.0,2653.3500000000004,350,199
519.0,2653.3500000000004,519,199
265.0,2693.4,265,199
497.0,2693.4,497,199
519.0,2774.4,519,199
519.0,2815.3500000000004,519,199
402.0,2815.3500000000004,402,199
483.0,2815.3500000000004,483,199
321.0,3024.6000000000004,321,199
475.0,3024.6000000000004,475,199
481.0,3153.75,481,199
481.0,3241.3500000000004,481,199
409.0,3241.3500000000004,409,199
339.0,2419.3500000000004,339,199
339.0,2419.3500000000004,339,199
333.0,2419.3500000000004,333,199
291.0,2419.3500000000004,291,199
389.0,2419.3500000000004,389,199
390.0,2574.15,390,199
383.0,2653.3500000000004,383,199
394.0,2653.3500000000004,394,199
394.0,2856.6000000000004,394,199
375.0,2856.6000000000004,375,199
380.0,2856.6000000000004,380,199
380.0,2815.3500000000004,380,199
267.0,2815.3500000000004,267,199
482.0,2815.3500000000004,482,199
482.0,2856.6000000000004,482,199
315.0,1591.35,315,199
315.0,1591.35,315,199
315.0,1591.35,315,199
315.0,1591.35,315,199
0.0,60.0,340,200
0.0,60.0,280,200
0.0,60.0,220,200
0.0,60.0,160,200
0.0,60.0,100,200
0.0,60.0,40,200
0.0,60.0,0,200
0.0,33.75,0,200
0.0,21.6,0,200
0.0,12.149999999999999,0,200
0.0,7.3500000000000005,0,200
0.0,5.4,0,200
0.0,3.75,0,200
0.0,2.4000000000000004,0,200
0.0,1.35,0,200
0.0,0.6000000000000001,0,200
0.0,0.15000000000000002,0,200
