houses,farms,mines,lumber mills,latrines,run_id
0,0,0,0,0,1
0,0,0,1,0,1
1,0,0,1,0,1
1,0,0,1,0,1
1,0,0,1,0,1
1,1,0,1,0,1
1,1,1,1,0,1
1,2,1,1,0,1
1,2,1,1,1,1
1,3,1,1,1,1
1,3,1,1,2,1
1,3,1,1,2,1
1,4,1,1,2,1
1,4,1,1,2,1
1,4,1,1,2,1
1,4,1,1,2,1
2,4,0,1,2,1
3,4,0,1,2,1
3,4,0,1,2,1
3,4,1,1,2,1
3,4,1,1,2,1
3,4,1,1,2,1
3,4,1,1,2,1
3,4,1,1,3,1
4,4,1,1,3,1
4,4,1,2,3,1
4,4,1,3,3,1
4,4,1,3,3,1
4,4,2,3,3,1
4,4,2,3,3,1
5,4,2,3,3,1
6,4,2,3,3,1
6,4,2,3,3,1
6,4,2,3,2,1
6,4,2,3,2,1
6,5,2,3,2,1
7,4,2,3,2,1
7,4,3,3,2,1
6,4,3,4,2,1
6,4,4,4,2,1
6,4,4,4,2,1
6,4,3,4,2,1
6,4,3,5,2,1
6,4,3,5,2,1
6,5,3,5,2,1
6,6,3,5,2,1
6,6,4,5,2,1
6,6,4,5,2,1
6,7,4,5,2,1
7,7,3,5,2,1
7,7,4,5,2,1
7,7,3,5,2,1
7,7,3,6,2,1
7,7,3,6,2,1
8,7,3,6,2,1
8,7,4,6,2,1
8,7,4,6,2,1
8,7,4,6,2,1
8,7,4,6,2,1
8,7,5,6,2,1
8,7,5,6,2,1
8,7,5,6,2,1
9,7,5,6,2,1
9,6,5,6,3,1
8,6,5,7,3,1
8,6,5,7,3,1
8,7,5,7,3,1
8,8,5,7,3,1
8,9,5,7,3,1
9,9,5,7,3,1
9,9,5,7,4,1
9,9,5,7,4,1
9,9,5,7,5,1
9,10,5,7,5,1
9,10,4,7,6,1
9,11,4,7,6,1
9,11,4,7,6,1
9,11,4,7,6,1
9,11,4,7,6,1
9,11,4,7,7,1
9,11,4,6,7,1
9,11,4,6,8,1
9,11,4,6,8,1
9,11,4,6,8,1
9,11,4,6,8,1
9,11,4,6,8,1
9,11,4,6,8,1
9,11,4,6,8,1
8,11,4,6,9,1
8,10,4,6,9,1
8,10,4,7,9,1
8,10,4,7,9,1
8,10,4,7,9,1
8,10,4,7,9,1
8,10,4,7,8,1
8,10,4,7,8,1
8,10,4,7,9,1
8,10,4,7,9,1
9,10,4,7,9,1
9,10,4,7,8,1
0,0,0,0,0,2
0,0,1,0,0,2
0,1,1,0,0,2
0,1,1,1,0,2
0,2,1,1,0,2
0,2,1,1,0,2
0,2,1,1,0,2
0,2,1,1,0,2
0,2,1,1,0,2
0,2,1,1,0,2
0,3,1,1,0,2
1,3,1,1,0,2
1,3,1,1,1,2
1,3,1,1,1,2
1,3,1,1,1,2
1,3,1,1,1,2
1,3,1,1,1,2
1,3,1,1,1,2
1,3,1,1,1,2
1,3,1,1,1,2
1,3,1,1,1,2
1,3,1,1,1,2
0,3,1,1,1,2
0,3,1,1,1,2
0,3,1,1,1,2
0,3,1,1,1,2
0,3,1,1,1,2
0,3,1,1,1,2
0,3,1,1,1,2
0,3,1,1,1,2
0,3,1,1,1,2
0,3,1,1,1,2
0,3,1,1,1,2
0,3,1,1,1,2
0,3,1,1,1,2
0,3,1,1,1,2
0,3,1,1,1,2
0,3,1,1,1,2
0,3,1,1,1,2
0,3,1,1,0,2
0,3,1,1,0,2
0,3,1,1,0,2
0,3,1,1,0,2
0,3,1,1,0,2
0,3,1,1,0,2
0,3,1,1,0,2
0,3,1,1,0,2
0,3,1,1,0,2
0,3,1,1,0,2
0,3,1,1,0,2
0,3,1,1,0,2
0,3,0,1,0,2
0,3,0,1,0,2
0,3,0,1,0,2
0,3,0,1,0,2
0,3,0,1,1,2
0,3,0,1,1,2
0,3,0,1,1,2
0,3,0,1,1,2
0,3,0,1,1,2
0,3,0,1,1,2
0,3,0,1,1,2
0,3,0,1,1,2
0,3,0,1,1,2
0,3,0,1,1,2
0,3,0,1,1,2
0,3,0,1,1,2
0,3,0,1,1,2
0,3,0,1,1,2
0,3,0,1,1,2
0,3,0,1,1,2
0,2,0,1,1,2
0,2,0,1,1,2
0,2,0,1,1,2
0,2,0,1,1,2
0,2,0,1,1,2
0,2,0,1,1,2
0,2,0,1,1,2
0,2,0,1,1,2
0,2,0,1,1,2
0,2,0,1,1,2
0,2,0,1,1,2
0,2,0,1,1,2
0,2,0,1,1,2
0,2,0,1,1,2
0,2,0,1,1,2
0,2,0,1,1,2
0,2,0,1,1,2
0,2,0,1,1,2
0,2,0,1,1,2
0,2,0,1,1,2
0,2,0,1,1,2
0,2,0,1,1,2
0,2,0,1,1,2
0,2,0,1,1,2
0,2,0,1,1,2
0,2,0,1,1,2
0,2,0,1,1,2
0,2,0,1,1,2
0,2,0,1,1,2
0,0,0,0,0,3
0,0,1,0,0,3
0,1,1,0,0,3
0,1,1,0,0,3
0,1,1,0,1,3
0,1,1,0,1,3
1,1,1,0,1,3
1,1,1,0,2,3
1,1,1,1,2,3
2,1,1,1,2,3
2,2,1,1,2,3
2,2,1,1,2,3
2,3,1,1,2,3
2,3,1,1,2,3
2,3,1,1,2,3
2,3,1,1,2,3
2,4,1,1,2,3
2,4,1,1,2,3
2,4,1,1,2,3
2,4,1,1,2,3
2,4,1,1,2,3
2,4,1,1,3,3
2,4,1,1,3,3
3,4,1,1,3,3
3,4,1,1,3,3
3,4,1,1,3,3
3,4,1,1,3,3
3,4,1,1,3,3
3,4,2,1,3,3
3,4,2,1,3,3
3,4,2,1,3,3
3,4,2,1,3,3
3,4,2,1,4,3
3,4,2,1,4,3
3,4,2,1,4,3
4,4,2,1,4,3
4,4,2,1,4,3
4,4,2,1,4,3
4,4,2,1,4,3
4,4,2,1,4,3
4,4,2,1,4,3
3,4,2,1,4,3
3,5,2,1,4,3
3,5,2,2,4,3
3,5,2,2,5,3
3,5,2,2,5,3
3,5,2,2,5,3
4,5,2,2,5,3
4,5,2,2,5,3
4,5,2,2,5,3
4,5,2,2,5,3
5,5,2,2,5,3
5,5,2,2,5,3
5,5,2,2,5,3
5,5,2,2,6,3
5,5,2,2,6,3
6,5,2,2,6,3
6,5,2,2,5,3
6,5,2,2,5,3
6,5,2,3,5,3
6,5,2,3,5,3
6,5,2,3,5,3
5,5,2,3,5,3
6,5,2,3,5,3
6,5,2,3,5,3
6,5,2,3,5,3
6,5,2,3,5,3
6,5,3,3,5,3
6,5,3,3,5,3
6,5,3,3,5,3
6,5,3,3,5,3
6,5,3,3,6,3
5,5,3,3,7,3
5,5,3,3,7,3
5,5,3,3,7,3
5,5,3,3,7,3
5,5,3,3,7,3
5,5,3,3,7,3
6,4,3,3,7,3
6,4,3,3,7,3
6,4,3,3,7,3
6,5,3,3,6,3
6,5,3,3,6,3
6,6,3,3,5,3
6,6,3,3,5,3
6,6,4,3,5,3
6,6,4,3,5,3
6,6,4,3,5,3
6,6,4,3,5,3
6,6,4,3,5,3
6,6,4,3,5,3
6,6,4,3,5,3
6,6,4,3,6,3
6,6,4,3,6,3
6,6,4,3,7,3
6,6,4,3,7,3
6,6,4,3,7,3
6,6,4,3,8,3
6,6,5,3,8,3
6,6,5,3,8,3
0,0,0,0,0,4
0,0,0,0,1,4
0,0,0,0,1,4
0,0,0,0,1,4
0,0,0,0,2,4
0,1,0,0,2,4
1,1,0,0,2,4
2,1,0,0,2,4
2,1,0,1,2,4
2,1,1,1,2,4
2,1,1,1,2,4
2,1,1,1,2,4
2,1,1,1,2,4
2,1,1,1,2,4
2,1,1,1,2,4
2,1,1,1,2,4
2,1,1,1,2,4
2,1,1,1,2,4
2,1,1,1,2,4
2,1,1,1,2,4
2,1,1,1,2,4
2,1,1,1,2,4
2,1,1,1,2,4
2,1,1,1,2,4
2,1,1,1,2,4
2,1,1,1,2,4
2,1,1,1,2,4
2,1,1,1,2,4
2,1,1,1,2,4
2,1,1,1,2,4
2,1,1,1,2,4
2,1,1,1,2,4
2,1,1,1,2,4
2,1,1,1,2,4
2,1,1,1,2,4
2,1,1,1,2,4
2,1,1,1,2,4
2,1,1,1,2,4
2,1,1,1,2,4
2,1,1,1,2,4
2,1,1,1,2,4
2,1,1,1,2,4
2,1,1,1,2,4
2,1,1,1,2,4
2,1,1,1,2,4
2,1,1,1,2,4
2,1,1,1,2,4
2,1,1,1,2,4
2,1,1,1,2,4
2,1,1,1,2,4
2,1,1,1,2,4
2,1,1,1,2,4
2,1,1,1,2,4
2,1,1,1,2,4
2,1,1,1,2,4
2,1,1,1,2,4
2,1,1,1,2,4
2,1,1,1,2,4
2,1,1,1,2,4
2,1,1,1,2,4
2,1,1,1,2,4
2,1,1,1,2,4
2,1,1,1,2,4
2,1,1,1,2,4
2,1,1,1,2,4
2,1,1,1,2,4
2,1,1,1,1,4
2,1,1,1,1,4
2,1,1,1,1,4
2,1,1,1,1,4
2,1,1,1,1,4
2,1,1,1,1,4
2,1,1,1,1,4
2,1,1,1,1,4
2,1,1,1,1,4
2,1,1,1,1,4
2,1,1,1,1,4
2,1,1,1,1,4
2,1,1,1,1,4
2,1,1,1,1,4
2,1,1,1,1,4
2,1,1,1,1,4
2,1,1,1,1,4
2,1,1,1,1,4
2,1,1,1,1,4
2,1,1,1,1,4
2,1,1,1,1,4
2,1,1,1,1,4
2,1,1,1,1,4
2,1,0,1,1,4
2,1,0,1,1,4
2,1,0,1,1,4
2,1,0,1,1,4
2,1,0,1,1,4
2,1,0,1,1,4
2,1,0,1,1,4
2,1,0,1,1,4
2,1,0,1,1,4
2,1,0,1,1,4
2,1,0,1,1,4
0,0,0,0,0,5
0,1,0,0,0,5
0,1,1,0,0,5
1,1,1,0,0,5
1,1,1,0,0,5
1,1,1,1,0,5
1,1,0,1,0,5
2,1,0,1,0,5
2,1,1,1,0,5
2,1,1,1,0,5
3,1,1,1,0,5
3,1,1,1,0,5
3,2,1,1,0,5
3,2,1,1,0,5
3,2,1,1,0,5
3,2,1,1,1,5
3,2,1,1,1,5
3,2,1,1,1,5
4,2,1,1,1,5
4,2,1,1,1,5
4,2,1,1,2,5
4,2,1,1,2,5
4,2,1,1,2,5
4,2,1,1,3,5
4,2,1,1,3,5
4,2,1,1,3,5
4,2,1,1,3,5
4,2,1,2,3,5
4,2,1,2,3,5
4,2,1,2,3,5
4,2,1,2,3,5
4,2,1,2,3,5
4,3,1,1,3,5
4,3,1,1,3,5
4,3,1,1,3,5
4,3,1,1,3,5
4,3,1,1,4,5
4,3,1,1,5,5
4,3,1,2,5,5
4,4,1,2,5,5
4,4,2,2,5,5
4,4,2,2,5,5
4,4,2,2,5,5
4,4,2,2,5,5
4,4,2,2,4,5
3,4,2,2,4,5
3,5,2,2,4,5
3,5,3,2,4,5
3,5,3,2,4,5
4,5,3,2,4,5
4,5,3,2,4,5
4,5,3,2,4,5
4,5,3,2,4,5
4,6,2,2,4,5
4,6,2,2,4,5
4,6,2,2,4,5
4,6,2,2,5,5
4,7,2,2,5,5
4,7,2,2,5,5
4,7,2,2,5,5
4,7,2,2,5,5
4,7,2,2,5,5
5,7,2,2,5,5
5,7,3,2,5,5
5,7,3,2,5,5
5,7,3,2,5,5
5,7,3,2,5,5
5,7,3,2,5,5
5,7,3,2,5,5
5,7,3,2,5,5
5,7,3,2,5,5
5,8,3,2,5,5
5,8,3,2,5,5
5,8,3,2,5,5
5,8,3,2,5,5
5,8,3,2,5,5
5,8,3,2,5,5
5,8,3,2,5,5
5,8,3,2,5,5
6,8,3,2,5,5
6,8,3,2,5,5
6,8,3,2,5,5
6,8,3,2,5,5
6,8,3,2,5,5
6,8,3,2,5,5
6,8,4,2,5,5
6,8,4,2,5,5
6,8,4,2,5,5
6,8,4,2,5,5
6,8,4,2,5,5
6,8,4,2,5,5
6,8,4,2,5,5
6,8,4,2,5,5
6,8,4,2,4,5
7,7,4,2,4,5
7,7,4,2,4,5
7,7,4,2,4,5
7,7,4,2,4,5
7,7,4,3,4,5
7,7,4,3,4,5
0,0,0,0,0,6
0,0,1,0,0,6
0,0,1,0,1,6
0,0,1,0,1,6
1,0,1,0,1,6
2,0,1,0,1,6
2,0,1,1,1,6
2,0,1,1,1,6
2,0,1,1,2,6
2,0,1,1,2,6
2,0,1,1,2,6
2,0,1,1,3,6
2,0,1,1,3,6
2,0,1,1,3,6
2,0,1,1,3,6
2,0,1,1,3,6
2,0,1,1,3,6
0,0,0,0,0,7
0,0,0,0,0,7
0,0,1,0,0,7
0,0,1,0,1,7
0,0,1,0,1,7
0,1,1,0,1,7
0,1,1,0,1,7
1,1,1,0,1,7
1,1,1,0,2,7
1,1,1,0,2,7
1,1,1,0,3,7
1,1,1,0,3,7
1,1,1,0,4,7
2,1,1,0,4,7
2,2,1,0,4,7
2,2,1,0,4,7
2,2,1,0,4,7
2,2,1,0,4,7
2,2,1,0,4,7
2,2,1,0,4,7
2,2,1,0,4,7
2,2,1,0,4,7
2,2,1,0,4,7
2,2,1,0,4,7
2,2,1,0,4,7
2,2,1,0,4,7
2,2,1,0,4,7
2,2,1,0,4,7
2,2,1,0,4,7
2,2,1,0,4,7
2,2,1,0,4,7
2,2,1,0,4,7
2,2,1,0,4,7
2,2,1,0,4,7
2,2,1,0,4,7
2,2,1,0,4,7
2,2,1,0,4,7
2,2,1,0,4,7
2,2,1,0,4,7
2,2,1,0,4,7
2,2,1,0,4,7
2,2,1,0,4,7
2,2,1,0,4,7
2,2,1,0,4,7
2,2,1,0,4,7
2,2,1,0,4,7
2,2,1,0,4,7
2,1,1,0,4,7
2,1,1,0,4,7
2,1,1,0,4,7
2,1,1,0,4,7
2,1,1,0,4,7
2,1,1,0,4,7
2,1,1,0,4,7
2,1,1,0,4,7
2,1,1,0,4,7
2,1,1,0,4,7
2,1,1,0,4,7
2,1,1,0,4,7
2,1,1,0,4,7
2,1,1,0,4,7
2,1,1,0,4,7
2,1,1,0,4,7
2,1,1,0,4,7
2,1,1,0,4,7
2,1,1,0,4,7
2,1,1,0,4,7
2,1,1,0,4,7
2,1,1,0,4,7
2,1,1,0,4,7
2,1,1,0,4,7
2,1,1,0,4,7
2,1,1,0,4,7
2,1,1,0,4,7
2,1,1,0,4,7
2,1,1,0,4,7
2,1,1,0,4,7
2,1,1,0,4,7
2,1,1,0,4,7
2,1,1,0,4,7
2,1,1,0,4,7
2,1,1,0,4,7
2,1,1,0,4,7
2,1,1,0,4,7
2,1,1,0,4,7
2,1,1,0,4,7
2,1,1,0,4,7
2,1,1,0,4,7
2,1,1,0,4,7
2,1,1,0,4,7
2,1,1,0,4,7
2,1,1,0,4,7
2,1,1,0,4,7
2,1,1,0,4,7
2,1,1,0,4,7
2,1,1,0,4,7
2,1,1,0,4,7
2,1,1,0,4,7
2,1,1,0,4,7
2,1,1,0,3,7
0,0,0,0,0,8
1,0,0,0,0,8
1,1,0,0,0,8
2,1,0,0,0,8
2,1,1,0,0,8
2,1,1,0,0,8
2,1,1,0,0,8
2,1,1,0,0,8
2,1,1,0,1,8
2,2,1,0,1,8
2,2,1,0,1,8
2,2,1,0,1,8
2,2,1,0,1,8
2,1,1,0,2,8
2,1,1,0,2,8
2,1,1,0,2,8
2,1,1,0,2,8
2,1,1,0,2,8
2,1,1,0,2,8
2,1,1,0,2,8
2,1,1,0,2,8
2,1,1,0,2,8
2,1,1,0,2,8
2,1,1,0,2,8
2,1,1,0,2,8
2,1,1,0,2,8
2,1,1,0,2,8
2,1,1,0,2,8
2,1,1,0,2,8
2,1,1,0,2,8
2,1,1,0,2,8
2,1,1,0,2,8
2,1,1,0,2,8
2,1,1,0,2,8
2,1,1,0,2,8
2,1,1,0,2,8
2,1,1,0,2,8
2,1,1,0,2,8
2,1,1,0,2,8
2,1,1,0,2,8
2,1,1,0,2,8
2,1,1,0,2,8
2,1,1,0,2,8
2,1,1,0,2,8
2,1,1,0,2,8
2,1,1,0,2,8
2,1,1,0,2,8
2,1,1,0,2,8
2,1,1,0,2,8
2,1,1,0,2,8
2,1,1,0,2,8
2,1,1,0,2,8
2,1,1,0,2,8
2,1,1,0,2,8
2,1,1,0,2,8
2,1,1,0,2,8
2,1,1,0,2,8
2,1,1,0,2,8
2,1,1,0,2,8
2,1,1,0,2,8
2,1,1,0,2,8
2,1,1,0,2,8
2,1,1,0,2,8
2,1,1,0,2,8
2,1,1,0,2,8
2,1,1,0,2,8
2,1,1,0,2,8
2,1,1,0,2,8
2,1,1,0,2,8
2,1,1,0,2,8
2,1,1,0,2,8
2,1,1,0,2,8
2,1,1,0,2,8
2,1,1,0,2,8
2,1,1,0,2,8
2,1,1,0,2,8
2,1,1,0,2,8
2,1,1,0,2,8
2,1,1,0,2,8
2,1,1,0,2,8
2,1,1,0,2,8
2,1,1,0,2,8
2,1,1,0,2,8
2,1,1,0,2,8
2,1,1,0,2,8
2,1,1,0,2,8
2,1,1,0,2,8
2,1,1,0,2,8
2,1,1,0,2,8
2,1,1,0,2,8
2,1,1,0,2,8
2,1,1,0,2,8
2,1,1,0,2,8
2,1,1,0,2,8
2,1,1,0,2,8
2,1,1,0,2,8
2,1,1,0,2,8
2,1,1,0,2,8
2,1,1,0,2,8
2,1,1,0,2,8
0,0,0,0,0,9
0,1,0,0,0,9
0,2,0,0,0,9
0,2,0,0,1,9
0,3,0,0,1,9
1,3,0,0,1,9
1,4,0,0,1,9
1,4,0,0,1,9
1,4,0,0,1,9
1,4,0,0,1,9
1,4,0,0,2,9
1,4,0,0,2,9
1,4,0,0,2,9
1,4,0,0,2,9
1,4,0,0,2,9
1,4,0,0,2,9
1,4,0,0,2,9
1,4,0,0,2,9
1,4,0,0,2,9
1,4,0,0,2,9
1,4,0,0,2,9
1,4,0,0,2,9
1,4,0,0,2,9
1,4,0,0,2,9
1,4,0,0,2,9
1,4,0,0,2,9
1,4,0,0,2,9
1,4,0,0,2,9
1,4,0,0,2,9
1,4,0,0,2,9
1,4,0,0,2,9
1,4,0,0,2,9
1,4,0,0,2,9
1,4,0,0,2,9
1,4,0,0,2,9
1,4,0,0,2,9
1,4,0,0,2,9
1,4,0,0,2,9
1,4,0,0,2,9
1,4,0,0,2,9
1,4,0,0,2,9
1,4,0,0,2,9
1,4,0,0,2,9
1,4,0,0,2,9
1,4,0,0,2,9
1,4,0,0,2,9
1,4,0,0,2,9
1,4,0,0,2,9
1,4,0,0,2,9
1,4,0,0,2,9
1,4,0,0,2,9
1,4,0,0,2,9
1,4,0,0,2,9
1,4,0,0,2,9
1,4,0,0,2,9
1,4,0,0,2,9
1,4,0,0,2,9
1,4,0,0,2,9
1,4,0,0,2,9
1,4,0,0,2,9
1,4,0,0,2,9
1,4,0,0,2,9
1,4,0,0,2,9
1,4,0,0,2,9
1,4,0,0,2,9
1,4,0,0,2,9
1,4,0,0,2,9
1,4,0,0,2,9
1,4,0,0,2,9
1,4,0,0,2,9
1,4,0,0,2,9
1,4,0,0,2,9
1,4,0,0,2,9
1,4,0,0,2,9
1,4,0,0,2,9
1,4,0,0,2,9
1,4,0,0,2,9
1,4,0,0,2,9
1,4,0,0,2,9
1,4,0,0,1,9
1,4,0,0,1,9
1,4,0,0,1,9
1,4,0,0,1,9
1,4,0,0,1,9
1,4,0,0,1,9
1,4,0,0,1,9
1,4,0,0,1,9
1,4,0,0,1,9
1,4,0,0,1,9
1,4,0,0,1,9
1,4,0,0,1,9
1,4,0,0,1,9
1,4,0,0,1,9
1,4,0,0,1,9
1,4,0,0,1,9
1,4,0,0,1,9
1,4,0,0,1,9
1,4,0,0,1,9
1,4,0,0,1,9
1,4,0,0,1,9
0,0,0,0,0,10
0,0,0,1,0,10
0,0,1,1,0,10
0,0,1,1,1,10
0,0,1,1,1,10
1,0,1,1,1,10
1,0,1,1,1,10
1,0,1,1,1,10
1,0,1,1,1,10
1,0,1,1,2,10
1,0,1,1,2,10
1,0,1,1,2,10
1,0,1,1,2,10
1,0,1,1,2,10
1,0,1,0,2,10
1,0,1,0,2,10
1,0,1,0,2,10
0,0,0,0,0,11
0,0,0,0,0,11
0,0,0,1,0,11
0,0,0,1,1,11
0,0,0,1,1,11
0,0,0,1,2,11
0,1,0,1,2,11
0,1,0,1,3,11
0,1,0,1,3,11
0,2,0,1,3,11
0,2,0,1,3,11
0,2,0,1,4,11
0,2,0,1,4,11
0,2,0,1,4,11
0,2,0,1,4,11
0,2,0,1,4,11
0,2,0,1,4,11
1,2,0,1,4,11
1,2,0,1,4,11
1,2,0,1,4,11
1,2,0,1,4,11
1,2,0,1,4,11
2,2,0,1,4,11
2,2,0,1,4,11
2,2,0,1,4,11
2,2,0,1,4,11
2,2,0,1,4,11
2,2,0,1,4,11
2,2,0,1,4,11
2,2,0,1,4,11
2,2,0,1,4,11
2,2,0,1,4,11
2,2,0,1,4,11
2,2,0,1,4,11
2,2,0,1,4,11
2,2,0,1,4,11
2,2,0,1,4,11
2,2,0,1,4,11
2,2,0,1,4,11
2,2,0,1,4,11
2,2,0,1,4,11
2,2,0,1,4,11
2,2,0,1,4,11
2,2,0,1,4,11
2,2,0,1,4,11
2,2,0,1,4,11
2,2,0,1,4,11
2,2,0,1,4,11
2,2,0,1,4,11
2,2,0,1,4,11
2,2,0,1,4,11
2,2,0,1,4,11
2,2,0,1,4,11
2,2,0,1,4,11
2,2,0,1,4,11
2,2,0,1,4,11
2,2,0,1,4,11
2,2,0,1,4,11
2,2,0,1,4,11
2,2,0,1,4,11
2,2,0,1,4,11
2,2,0,1,4,11
2,2,0,1,4,11
2,2,0,1,4,11
2,2,0,1,4,11
2,2,0,1,4,11
2,2,0,1,4,11
2,2,0,1,4,11
2,2,0,1,4,11
2,2,0,1,4,11
2,2,0,1,4,11
2,2,0,1,4,11
2,2,0,1,4,11
2,2,0,1,4,11
2,2,0,1,4,11
2,2,0,1,4,11
2,2,0,1,4,11
2,2,0,1,4,11
2,2,0,1,4,11
2,2,0,1,4,11
2,2,0,1,4,11
2,2,0,1,4,11
2,2,0,1,3,11
2,2,0,1,3,11
2,2,0,1,3,11
2,2,0,1,3,11
2,2,0,1,3,11
2,2,0,1,3,11
2,2,0,1,3,11
2,2,0,1,3,11
2,2,0,1,3,11
2,2,0,1,3,11
2,2,0,1,3,11
2,2,0,1,3,11
2,2,0,1,3,11
2,2,0,1,3,11
2,2,0,1,3,11
2,2,0,1,3,11
2,2,0,1,3,11
2,2,0,1,3,11
0,0,0,0,0,12
0,0,1,0,0,12
0,0,1,0,0,12
0,0,1,0,0,12
0,0,1,1,0,12
0,0,1,1,0,12
0,0,1,1,1,12
0,0,1,1,1,12
0,0,1,1,1,12
0,1,1,1,1,12
0,1,1,1,2,12
0,2,1,1,2,12
0,2,1,1,2,12
0,2,1,1,2,12
1,2,1,1,2,12
1,2,1,1,2,12
1,2,1,1,2,12
1,2,1,1,2,12
1,2,1,1,2,12
1,2,1,1,3,12
1,2,1,1,4,12
1,2,1,1,5,12
1,2,1,1,5,12
2,2,1,1,5,12
2,2,1,1,5,12
2,2,1,1,5,12
2,2,1,1,6,12
2,2,1,1,6,12
2,2,1,1,6,12
2,2,1,1,6,12
2,2,1,1,6,12
2,2,1,1,6,12
3,2,1,1,6,12
3,2,1,1,6,12
3,2,1,1,6,12
3,2,1,1,6,12
3,2,1,1,6,12
3,2,1,1,6,12
3,2,1,1,6,12
3,2,1,1,6,12
3,3,1,1,6,12
3,3,1,1,6,12
3,3,1,1,7,12
3,3,1,1,7,12
3,3,1,1,7,12
3,3,1,1,7,12
3,3,1,1,7,12
3,3,1,1,7,12
4,3,1,1,7,12
4,3,1,1,7,12
4,3,1,1,7,12
4,3,1,1,7,12
4,3,1,1,7,12
4,3,1,1,7,12
4,3,1,1,7,12
4,3,1,1,7,12
4,3,1,1,7,12
4,3,1,1,7,12
4,3,1,1,7,12
4,3,1,1,7,12
4,3,1,1,7,12
4,3,1,1,7,12
4,3,1,1,7,12
4,3,1,1,7,12
4,3,1,1,8,12
4,3,1,1,8,12
4,3,1,1,8,12
4,3,1,1,8,12
4,3,1,1,8,12
4,3,1,1,8,12
4,3,1,1,8,12
4,3,1,1,8,12
4,3,1,1,8,12
4,3,1,1,8,12
4,3,1,1,8,12
4,3,1,1,8,12
4,3,1,1,8,12
4,3,1,1,8,12
4,3,1,1,8,12
3,3,1,1,8,12
3,3,1,1,8,12
3,3,1,1,8,12
3,3,1,1,8,12
4,3,1,1,8,12
4,3,1,1,8,12
4,3,1,1,8,12
4,3,1,1,8,12
4,3,1,1,8,12
4,3,1,1,8,12
4,3,1,1,8,12
4,3,1,1,8,12
4,3,1,1,8,12
4,3,1,1,8,12
4,3,1,1,8,12
4,3,1,1,8,12
4,3,1,1,8,12
4,3,1,1,8,12
4,3,1,1,8,12
4,3,1,1,8,12
4,3,1,1,8,12
0,0,0,0,0,13
0,1,0,0,0,13
0,1,0,0,1,13
0,2,0,0,1,13
1,2,0,0,1,13
1,3,0,0,1,13
2,3,0,0,1,13
2,3,0,0,2,13
2,3,0,0,2,13
2,3,0,0,2,13
2,3,0,0,2,13
2,3,0,0,2,13
2,3,0,0,3,13
2,3,0,0,3,13
2,3,0,0,3,13
2,3,0,0,3,13
2,3,0,0,3,13
2,3,0,0,3,13
2,3,0,0,3,13
2,3,0,0,3,13
2,3,0,0,3,13
2,3,0,0,3,13
2,3,0,0,3,13
2,3,0,0,3,13
2,3,0,0,3,13
2,3,0,0,3,13
2,3,0,0,3,13
2,3,0,0,3,13
2,3,0,0,3,13
2,3,0,0,3,13
2,3,0,0,3,13
2,3,0,0,3,13
2,3,0,0,3,13
2,3,0,0,3,13
2,3,0,0,3,13
2,3,0,0,3,13
2,3,0,0,3,13
2,3,0,0,3,13
2,3,0,0,3,13
2,3,0,0,3,13
2,3,0,0,3,13
2,3,0,0,3,13
2,3,0,0,3,13
2,3,0,0,3,13
2,3,0,0,3,13
2,3,0,0,3,13
2,3,0,0,3,13
2,3,0,0,3,13
2,3,0,0,3,13
2,3,0,0,3,13
2,3,0,0,3,13
2,3,0,0,3,13
2,3,0,0,3,13
2,3,0,0,3,13
2,3,0,0,3,13
2,3,0,0,3,13
2,3,0,0,3,13
2,3,0,0,3,13
2,3,0,0,3,13
2,3,0,0,3,13
2,3,0,0,3,13
2,3,0,0,3,13
2,3,0,0,3,13
2,3,0,0,3,13
2,3,0,0,3,13
2,3,0,0,3,13
2,3,0,0,3,13
2,3,0,0,3,13
2,3,0,0,3,13
2,3,0,0,3,13
2,3,0,0,3,13
2,3,0,0,3,13
2,3,0,0,3,13
2,3,0,0,3,13
2,3,0,0,3,13
2,3,0,0,3,13
2,3,0,0,3,13
2,3,0,0,3,13
2,3,0,0,3,13
2,3,0,0,3,13
2,3,0,0,3,13
2,3,0,0,3,13
2,3,0,0,3,13
2,3,0,0,3,13
2,3,0,0,3,13
2,3,0,0,3,13
2,3,0,0,3,13
2,3,0,0,3,13
2,3,0,0,3,13
2,3,0,0,3,13
2,3,0,0,3,13
2,3,0,0,3,13
2,3,0,0,3,13
2,3,0,0,3,13
2,3,0,0,3,13
2,3,0,0,3,13
2,3,0,0,3,13
2,3,0,0,3,13
2,3,0,0,3,13
2,3,0,0,3,13
0,0,0,0,0,14
0,0,0,0,1,14
0,1,0,0,1,14
0,1,1,0,1,14
0,1,1,1,1,14
0,1,1,1,1,14
0,1,1,1,1,14
0,1,1,1,1,14
0,1,1,1,2,14
0,1,1,1,2,14
1,1,1,1,1,14
1,1,1,1,1,14
1,1,1,1,1,14
2,1,1,1,1,14
2,1,1,1,1,14
2,1,1,1,2,14
2,1,1,1,2,14
2,1,1,1,2,14
2,1,1,1,2,14
3,1,1,1,2,14
3,1,1,1,2,14
3,1,1,1,2,14
3,1,1,1,2,14
3,1,1,1,2,14
3,1,1,1,2,14
3,1,1,1,2,14
3,1,1,1,2,14
3,1,1,1,2,14
3,1,1,1,2,14
3,1,1,1,2,14
3,1,1,1,2,14
3,1,1,1,2,14
3,1,1,1,2,14
3,1,1,1,2,14
3,1,1,1,2,14
3,1,1,1,2,14
3,1,1,1,2,14
3,1,1,1,2,14
3,1,1,1,2,14
3,1,1,1,2,14
3,1,1,1,2,14
3,1,1,1,2,14
3,1,1,1,2,14
3,1,1,1,2,14
3,1,1,1,2,14
3,1,1,1,2,14
3,1,1,1,2,14
3,1,1,1,1,14
3,1,1,1,1,14
3,1,1,1,1,14
3,1,1,1,1,14
3,1,1,1,1,14
3,1,1,1,1,14
3,1,1,1,1,14
3,1,1,1,1,14
3,1,1,1,1,14
3,1,1,1,1,14
3,1,1,1,1,14
3,1,1,1,1,14
3,1,1,1,1,14
3,1,1,1,1,14
3,1,1,1,1,14
3,1,1,1,1,14
3,1,1,1,1,14
3,1,1,1,1,14
3,1,1,1,1,14
3,1,1,1,1,14
3,1,1,1,1,14
3,1,1,1,1,14
3,1,1,1,1,14
3,1,1,1,1,14
3,1,1,1,1,14
3,1,1,1,1,14
3,1,1,1,1,14
3,1,1,1,1,14
3,1,1,1,1,14
3,1,1,1,1,14
3,1,1,1,1,14
3,1,1,1,1,14
3,1,1,1,1,14
3,1,1,1,1,14
3,1,1,1,1,14
3,1,1,1,1,14
3,1,1,1,1,14
3,1,0,1,1,14
3,1,0,1,1,14
3,1,0,1,1,14
3,1,0,1,1,14
3,1,0,1,1,14
3,1,0,1,1,14
3,1,0,1,1,14
3,1,0,1,1,14
3,1,0,1,1,14
3,1,0,1,1,14
3,1,0,1,1,14
3,1,0,1,1,14
3,1,0,1,1,14
3,1,0,1,1,14
3,1,0,1,1,14
3,1,0,1,1,14
0,0,0,0,0,15
0,0,1,0,0,15
0,0,1,0,0,15
0,0,1,0,1,15
0,0,1,0,1,15
1,0,1,0,1,15
1,0,1,0,1,15
1,1,1,0,1,15
1,1,1,0,1,15
1,1,1,1,1,15
1,2,1,1,1,15
1,2,1,1,1,15
1,2,1,1,1,15
1,2,1,1,1,15
1,2,1,1,1,15
1,2,1,1,1,15
1,2,1,1,1,15
1,2,1,1,1,15
1,2,1,1,1,15
1,2,1,1,1,15
1,2,1,1,1,15
1,2,1,1,2,15
1,2,1,1,2,15
1,2,1,1,2,15
1,2,1,1,2,15
1,2,1,1,2,15
1,2,1,1,2,15
1,2,1,1,2,15
1,2,1,1,2,15
1,2,1,1,2,15
1,2,1,1,2,15
1,2,1,1,2,15
1,2,1,1,2,15
1,2,1,1,2,15
1,2,1,1,2,15
1,2,1,1,2,15
1,2,1,1,2,15
1,2,1,1,2,15
1,2,1,1,2,15
1,2,1,1,2,15
1,2,1,1,2,15
1,2,1,1,2,15
1,2,1,1,2,15
1,2,1,1,2,15
1,2,1,1,2,15
1,2,1,1,2,15
1,2,1,1,2,15
1,2,1,1,2,15
1,2,1,1,2,15
1,2,1,1,2,15
1,2,1,1,2,15
1,2,1,1,2,15
1,2,1,1,2,15
1,2,1,1,2,15
1,2,1,1,2,15
1,2,1,1,2,15
1,2,1,1,2,15
1,2,1,1,1,15
1,2,1,1,2,15
1,2,1,1,2,15
1,2,1,1,2,15
1,2,1,1,2,15
1,2,1,1,2,15
1,2,1,1,2,15
1,2,1,1,2,15
1,2,1,1,2,15
1,2,1,1,2,15
1,2,1,1,2,15
1,2,1,1,2,15
1,2,1,1,2,15
1,2,1,1,2,15
1,2,1,1,2,15
1,2,1,1,2,15
1,2,1,1,2,15
1,2,1,1,2,15
1,2,1,1,2,15
1,2,1,1,2,15
1,2,1,1,2,15
1,2,1,1,2,15
1,2,1,1,2,15
1,2,1,1,2,15
1,2,1,1,2,15
1,2,1,1,2,15
1,2,1,1,2,15
1,2,1,1,2,15
1,2,1,1,2,15
1,2,1,1,2,15
1,2,1,1,2,15
1,2,1,1,2,15
1,2,1,1,2,15
1,2,1,1,2,15
1,2,1,1,2,15
1,2,1,1,2,15
1,2,1,1,2,15
1,2,1,1,2,15
1,2,1,1,2,15
1,2,1,1,2,15
1,2,1,1,2,15
1,2,1,1,2,15
1,2,1,1,2,15
0,0,0,0,0,16
0,0,1,0,0,16
0,0,1,0,0,16
0,0,1,1,0,16
0,1,1,1,0,16
0,1,1,1,0,16
0,1,1,1,0,16
1,1,1,1,0,16
1,1,1,1,1,16
1,1,1,1,1,16
1,1,1,1,1,16
2,1,1,1,1,16
2,2,1,1,1,16
2,2,1,1,1,16
2,2,1,1,1,16
2,2,1,1,1,16
2,2,1,1,1,16
2,2,1,1,1,16
3,2,1,1,1,16
3,2,1,1,1,16
3,2,1,1,2,16
3,2,1,1,2,16
3,2,1,1,2,16
3,2,1,1,2,16
3,2,1,1,2,16
3,2,1,1,2,16
3,2,1,1,2,16
3,2,1,1,3,16
2,2,1,1,4,16
2,2,1,1,4,16
2,2,1,1,4,16
2,2,1,1,4,16
2,2,1,1,4,16
2,2,1,1,4,16
2,2,1,1,4,16
2,2,1,1,4,16
2,2,1,1,4,16
2,2,1,1,4,16
2,2,1,1,4,16
2,2,1,1,4,16
2,2,1,1,4,16
2,2,1,1,4,16
2,2,1,1,4,16
2,2,1,1,4,16
2,2,1,1,4,16
2,2,1,1,4,16
2,2,1,1,4,16
2,2,1,1,4,16
2,2,1,1,4,16
2,2,1,1,4,16
2,2,1,1,4,16
2,2,1,1,4,16
2,2,1,1,4,16
2,2,1,1,4,16
2,2,1,1,4,16
2,2,1,1,4,16
2,2,1,1,4,16
2,2,1,1,4,16
2,2,1,1,4,16
2,2,1,1,4,16
2,2,1,1,4,16
2,2,1,1,4,16
2,2,1,1,4,16
2,2,1,1,4,16
2,2,1,1,4,16
2,2,1,1,4,16
2,2,1,1,4,16
2,2,1,1,4,16
2,2,1,1,4,16
2,2,1,1,4,16
2,2,1,1,4,16
2,2,1,1,4,16
2,2,1,1,4,16
2,2,1,1,4,16
2,2,1,1,4,16
2,2,1,1,4,16
2,2,1,1,4,16
2,2,1,1,4,16
2,2,1,1,4,16
2,2,1,1,4,16
2,2,1,1,4,16
2,2,1,1,4,16
2,2,1,1,4,16
2,2,1,1,4,16
2,2,1,1,4,16
2,2,1,1,4,16
2,2,1,1,4,16
2,2,1,1,4,16
2,2,1,1,4,16
2,2,1,1,4,16
2,2,1,1,4,16
2,2,1,1,4,16
2,2,1,1,4,16
2,2,1,1,4,16
2,2,1,1,4,16
2,2,1,1,4,16
2,2,1,1,4,16
2,2,1,1,4,16
2,2,1,1,4,16
2,2,1,1,4,16
0,0,0,0,0,17
0,0,0,1,0,17
0,0,0,1,0,17
0,0,0,1,0,17
0,1,0,1,0,17
0,1,1,1,0,17
0,1,1,1,0,17
0,1,1,1,1,17
1,1,1,1,1,17
1,1,1,1,1,17
2,1,1,1,1,17
2,1,1,1,2,17
2,0,1,1,2,17
2,1,1,1,2,17
3,1,1,1,2,17
3,2,1,1,2,17
3,2,1,1,2,17
3,2,1,1,2,17
3,3,1,1,2,17
4,3,1,1,2,17
4,3,1,1,2,17
3,3,1,1,2,17
3,3,1,1,2,17
3,3,1,1,2,17
3,3,1,1,2,17
3,3,1,1,2,17
3,3,1,1,2,17
3,3,1,1,2,17
3,3,1,1,2,17
3,3,1,1,2,17
3,3,1,1,2,17
2,3,1,1,3,17
2,3,1,1,3,17
2,3,1,1,3,17
2,3,1,1,4,17
2,3,1,1,4,17
2,3,1,1,4,17
2,3,1,1,4,17
2,3,1,1,4,17
2,3,2,1,4,17
2,3,2,1,4,17
2,3,2,1,4,17
2,3,3,1,4,17
2,3,3,1,4,17
2,3,3,1,4,17
2,3,3,1,4,17
2,3,3,1,4,17
2,3,3,1,4,17
2,3,3,1,5,17
2,3,3,1,5,17
2,3,3,1,5,17
2,3,4,1,5,17
2,3,4,1,5,17
2,3,4,1,5,17
2,3,4,1,5,17
2,3,4,1,6,17
2,3,4,1,6,17
3,3,4,1,6,17
3,3,4,1,6,17
3,3,4,1,6,17
3,3,4,1,6,17
3,4,4,1,6,17
3,4,4,1,6,17
4,4,4,1,6,17
4,4,4,1,6,17
4,4,4,1,6,17
4,4,4,1,6,17
4,4,4,1,6,17
4,5,4,1,6,17
4,5,4,1,6,17
4,5,4,1,6,17
4,5,4,1,6,17
4,5,4,1,6,17
4,5,4,1,6,17
4,5,4,1,6,17
4,5,4,1,6,17
4,5,4,1,6,17
4,5,4,1,6,17
5,5,4,1,6,17
5,5,4,1,6,17
5,5,4,1,6,17
5,5,4,1,6,17
5,5,4,1,6,17
5,5,4,2,6,17
5,5,4,2,6,17
5,5,4,2,6,17
5,5,4,2,6,17
5,5,5,2,6,17
5,5,5,2,6,17
5,5,5,2,6,17
5,5,6,2,6,17
5,5,6,2,6,17
5,5,6,2,6,17
5,5,6,2,6,17
5,5,6,2,6,17
5,5,6,2,7,17
5,5,6,2,7,17
5,5,6,2,7,17
5,5,6,3,7,17
5,5,6,3,7,17
0,0,0,0,0,18
0,0,1,0,0,18
0,0,1,0,1,18
0,0,1,0,1,18
0,1,1,0,1,18
0,2,1,0,1,18
0,3,1,0,1,18
0,3,1,0,1,18
0,3,1,0,1,18
1,3,1,0,1,18
2,3,1,0,1,18
2,3,1,1,1,18
2,3,1,1,1,18
2,3,1,1,1,18
2,3,1,1,2,18
2,3,1,1,2,18
2,3,1,1,2,18
2,3,1,1,2,18
2,3,1,1,2,18
2,3,1,1,2,18
2,3,1,1,2,18
2,3,1,1,2,18
2,3,1,1,2,18
2,3,1,1,2,18
2,3,1,1,2,18
2,3,1,1,2,18
2,3,1,1,2,18
2,3,1,1,2,18
2,3,1,1,2,18
2,3,1,1,2,18
2,3,1,1,2,18
2,3,1,1,2,18
2,3,1,1,2,18
2,3,1,1,2,18
2,3,1,1,2,18
2,3,1,1,2,18
2,3,1,1,2,18
2,3,1,1,2,18
2,3,1,1,2,18
2,3,1,1,2,18
1,3,1,1,2,18
1,3,1,1,2,18
1,3,1,1,2,18
1,3,1,1,2,18
1,3,1,1,2,18
1,3,1,1,2,18
1,3,1,1,2,18
1,3,1,1,2,18
1,3,1,1,2,18
1,3,1,1,2,18
1,3,1,1,2,18
1,3,1,1,2,18
1,3,1,1,2,18
1,3,1,1,2,18
1,3,1,1,2,18
1,3,1,1,2,18
1,3,1,1,2,18
1,3,1,1,2,18
1,3,1,1,2,18
1,3,1,1,2,18
1,3,1,1,2,18
1,3,1,1,2,18
1,3,1,1,2,18
1,3,1,1,2,18
1,3,1,1,2,18
1,3,1,1,2,18
1,3,1,1,2,18
1,3,1,1,2,18
1,3,1,1,1,18
1,3,1,1,1,18
1,3,1,1,1,18
1,3,1,1,1,18
1,3,1,1,1,18
1,3,1,1,1,18
1,3,1,1,1,18
1,3,1,1,1,18
1,3,1,1,1,18
1,3,1,1,1,18
1,3,1,1,1,18
1,3,1,1,1,18
1,3,1,1,1,18
1,3,1,1,1,18
1,3,1,1,1,18
1,3,1,1,1,18
1,3,1,1,1,18
1,3,1,1,1,18
1,3,1,1,1,18
1,3,1,1,1,18
1,3,1,1,1,18
1,3,1,1,1,18
1,3,1,1,1,18
1,3,1,1,1,18
1,3,1,1,1,18
1,3,1,1,1,18
1,3,1,1,1,18
1,3,1,1,1,18
1,3,1,1,1,18
1,3,1,1,1,18
1,3,1,1,1,18
1,3,1,1,1,18
0,0,0,0,0,19
0,0,0,0,1,19
0,1,0,0,1,19
1,1,0,0,1,19
1,2,0,0,1,19
1,2,0,1,1,19
1,2,0,1,1,19
1,3,0,1,1,19
1,2,0,1,1,19
1,2,0,1,2,19
1,1,0,1,3,19
2,1,0,1,3,19
2,1,0,1,3,19
2,1,0,1,3,19
2,1,0,1,3,19
2,1,0,1,3,19
2,1,0,1,3,19
2,1,0,1,3,19
2,1,0,1,3,19
2,1,0,1,3,19
2,1,0,1,3,19
2,1,0,1,3,19
2,1,0,1,3,19
2,1,0,1,3,19
2,1,0,1,3,19
2,1,0,1,3,19
2,1,0,1,3,19
2,1,0,1,3,19
2,1,0,1,3,19
2,1,0,1,3,19
2,1,0,1,3,19
2,1,0,1,3,19
2,1,0,1,2,19
2,1,0,1,2,19
2,1,0,1,2,19
2,1,0,1,2,19
2,1,0,1,2,19
2,1,0,1,2,19
2,1,0,1,2,19
2,1,0,1,2,19
2,1,0,1,2,19
2,1,0,1,2,19
2,1,0,1,2,19
2,1,0,1,2,19
2,1,0,1,2,19
2,1,0,1,2,19
2,1,0,1,2,19
2,1,0,1,2,19
2,1,0,1,2,19
2,1,0,1,2,19
2,1,0,1,1,19
2,1,0,1,1,19
2,1,0,1,1,19
2,1,0,1,1,19
2,1,0,1,1,19
2,1,0,1,1,19
2,1,0,1,1,19
2,1,0,1,1,19
2,1,0,1,1,19
2,1,0,1,1,19
2,1,0,1,1,19
2,1,0,1,1,19
1,1,0,1,1,19
1,1,0,1,1,19
1,1,0,1,1,19
1,1,0,1,1,19
1,1,0,1,1,19
1,1,0,1,1,19
1,1,0,1,1,19
1,1,0,1,1,19
1,1,0,1,1,19
1,0,0,1,1,19
1,0,0,1,1,19
1,0,0,1,1,19
1,0,0,1,1,19
1,0,0,1,1,19
1,0,0,1,1,19
1,0,0,1,1,19
1,0,0,1,1,19
1,0,0,1,1,19
1,0,0,1,1,19
1,0,0,1,1,19
1,0,0,1,1,19
1,0,0,1,1,19
1,0,0,1,1,19
0,0,0,0,0,20
0,0,0,0,0,20
0,0,0,0,0,20
0,0,0,0,1,20
0,1,0,0,1,20
0,1,0,0,1,20
0,1,0,0,1,20
0,1,0,0,1,20
0,1,0,1,1,20
0,1,0,1,1,20
0,1,0,1,2,20
0,1,1,1,2,20
0,1,1,1,2,20
0,2,1,1,2,20
0,2,1,1,2,20
0,3,1,1,2,20
0,3,1,1,3,20
0,3,1,1,3,20
1,3,1,1,3,20
1,3,1,1,3,20
1,3,1,1,3,20
2,3,1,1,3,20
2,3,1,1,3,20
2,3,1,1,3,20
2,3,1,1,3,20
2,3,1,1,3,20
1,3,1,1,3,20
0,3,1,1,3,20
0,3,1,2,3,20
0,3,1,2,3,20
1,3,1,2,3,20
1,3,1,2,3,20
1,3,1,2,3,20
1,3,1,2,3,20
1,3,1,2,3,20
1,3,1,2,3,20
1,3,1,2,3,20
1,3,1,2,3,20
1,3,1,2,3,20
1,3,1,2,3,20
1,3,1,2,3,20
1,3,1,2,3,20
2,3,1,2,3,20
2,3,1,2,3,20
2,3,1,2,3,20
2,3,1,2,3,20
2,3,1,2,3,20
2,3,1,2,3,20
3,3,1,2,3,20
3,3,1,2,3,20
3,3,1,2,3,20
3,3,1,2,3,20
3,3,1,2,3,20
3,3,1,2,3,20
3,3,1,2,3,20
3,3,1,2,4,20
3,3,1,2,4,20
3,3,1,2,4,20
3,3,1,2,4,20
4,3,1,2,4,20
4,3,1,2,4,20
4,3,1,2,4,20
4,3,1,2,4,20
4,3,1,3,4,20
4,3,1,3,4,20
4,3,1,3,4,20
4,3,1,3,4,20
4,3,1,3,4,20
5,3,1,3,4,20
5,3,1,3,5,20
5,3,1,3,5,20
5,3,1,3,5,20
5,4,1,3,5,20
5,4,1,3,6,20
5,4,1,3,6,20
5,4,1,3,7,20
5,4,1,3,7,20
5,3,1,3,7,20
5,3,1,3,7,20
5,4,1,3,7,20
5,5,1,3,7,20
5,5,1,3,7,20
5,5,1,3,8,20
5,5,1,3,8,20
5,5,1,3,8,20
5,5,1,2,8,20
5,5,1,2,8,20
6,5,1,2,8,20
6,5,1,2,8,20
6,5,1,2,8,20
6,5,1,2,8,20
6,5,1,2,8,20
6,6,1,2,7,20
6,6,1,2,7,20
6,6,1,2,7,20
6,6,1,2,7,20
7,6,1,2,7,20
7,6,1,3,7,20
7,6,1,3,7,20
7,6,1,3,7,20
0,0,0,0,0,21
0,0,0,0,1,21
1,0,0,0,1,21
1,0,1,0,1,21
1,0,1,0,2,21
1,0,1,0,2,21
1,0,1,0,2,21
1,0,1,0,2,21
1,1,1,0,2,21
1,2,1,0,2,21
1,2,1,1,2,21
1,2,1,1,2,21
1,2,1,1,2,21
1,2,1,1,2,21
1,2,1,1,2,21
1,2,1,1,2,21
1,2,1,1,2,21
1,2,1,1,2,21
1,2,1,1,2,21
1,2,1,1,2,21
1,2,1,1,2,21
1,2,1,1,2,21
1,2,1,1,2,21
1,2,1,1,2,21
1,2,1,1,2,21
1,2,1,1,2,21
1,2,1,1,2,21
1,2,1,1,2,21
1,2,1,1,2,21
1,2,1,1,2,21
1,2,1,1,2,21
1,2,1,1,2,21
1,2,1,1,2,21
1,2,1,1,2,21
1,2,1,1,2,21
1,2,1,1,2,21
1,2,1,1,2,21
1,2,1,1,2,21
1,2,1,1,2,21
1,2,1,1,2,21
1,2,1,1,2,21
1,2,1,1,2,21
1,2,1,1,2,21
1,2,1,1,2,21
1,2,1,1,2,21
1,2,1,1,2,21
1,2,1,1,2,21
1,2,1,1,2,21
1,2,1,1,2,21
1,2,1,1,2,21
1,2,1,1,2,21
1,2,1,1,2,21
1,2,1,1,2,21
1,2,1,1,2,21
1,2,1,1,2,21
1,2,1,1,2,21
1,2,1,1,2,21
1,2,1,1,2,21
1,2,1,1,2,21
1,2,1,1,2,21
1,2,1,1,2,21
1,2,1,1,2,21
1,2,1,1,2,21
1,2,1,1,2,21
1,2,1,1,2,21
1,2,1,1,2,21
1,2,1,1,2,21
1,2,1,1,2,21
1,2,1,1,2,21
1,2,1,1,2,21
1,2,1,1,2,21
1,2,1,1,2,21
1,2,1,1,2,21
1,2,1,1,2,21
1,2,1,1,2,21
1,2,1,1,2,21
1,2,1,1,2,21
1,2,1,1,2,21
1,2,1,1,2,21
1,2,1,1,2,21
1,2,1,1,2,21
1,2,1,1,2,21
1,2,1,1,2,21
1,2,1,1,2,21
1,2,1,1,2,21
1,2,1,1,2,21
1,2,1,1,2,21
1,2,1,1,2,21
1,2,1,1,2,21
1,2,1,1,2,21
1,2,1,1,2,21
1,2,1,1,2,21
1,2,1,1,2,21
1,2,1,1,2,21
1,2,1,1,2,21
1,2,1,1,2,21
1,2,1,1,2,21
1,2,1,1,2,21
1,2,1,1,2,21
1,2,1,1,2,21
0,0,0,0,0,22
0,0,1,0,0,22
0,0,1,1,0,22
0,0,1,1,0,22
1,0,1,1,0,22
1,0,1,1,0,22
1,0,1,1,0,22
1,0,1,1,1,22
1,1,1,1,1,22
1,2,1,1,1,22
1,2,1,1,2,22
1,2,1,1,2,22
1,2,1,1,2,22
1,3,1,1,2,22
1,3,1,1,2,22
1,3,1,1,2,22
2,3,1,0,2,22
2,3,1,0,3,22
2,3,1,1,3,22
2,3,1,2,3,22
2,3,2,2,3,22
2,3,2,2,3,22
2,3,2,2,3,22
2,3,2,2,3,22
2,3,2,1,4,22
2,3,2,1,5,22
2,3,2,1,5,22
2,3,2,1,5,22
2,3,2,1,5,22
2,3,2,1,5,22
2,3,2,1,5,22
2,3,2,1,5,22
2,3,2,1,5,22
2,3,2,1,5,22
2,3,2,1,5,22
2,3,2,1,5,22
2,3,2,1,5,22
2,3,2,1,5,22
2,3,2,1,5,22
2,3,2,1,5,22
2,3,2,1,5,22
2,3,2,1,5,22
2,3,2,1,5,22
2,3,2,1,5,22
2,3,2,1,5,22
2,3,2,1,5,22
2,3,2,1,5,22
2,3,2,1,5,22
2,3,2,1,5,22
2,3,2,1,5,22
2,3,2,1,5,22
2,3,2,1,5,22
2,3,2,1,5,22
3,3,2,1,5,22
3,3,2,1,5,22
3,3,2,1,5,22
3,3,2,1,5,22
3,3,2,1,5,22
3,3,2,1,5,22
3,3,2,1,5,22
3,3,2,1,5,22
3,3,2,1,5,22
3,3,2,1,5,22
3,3,2,1,5,22
3,3,2,1,5,22
3,3,2,1,5,22
3,3,2,1,5,22
3,3,2,1,5,22
3,3,2,1,5,22
3,3,2,1,5,22
3,3,2,1,5,22
3,3,2,1,5,22
3,3,2,1,5,22
3,3,2,1,5,22
3,3,2,1,5,22
3,3,2,1,5,22
3,3,2,1,5,22
3,3,2,1,5,22
3,3,2,1,5,22
3,3,2,1,5,22
3,3,2,1,6,22
3,3,2,1,6,22
3,3,2,1,6,22
3,3,2,1,6,22
3,3,2,1,6,22
3,2,2,1,6,22
3,2,2,1,6,22
3,2,2,1,6,22
3,2,2,1,6,22
3,2,2,1,6,22
3,2,2,1,6,22
3,1,2,2,6,22
3,1,2,2,6,22
3,1,2,2,6,22
3,1,2,2,6,22
3,1,2,2,6,22
3,1,2,2,6,22
4,1,2,2,6,22
4,1,2,2,6,22
4,1,2,2,6,22
0,0,0,0,0,23
0,0,0,0,0,23
1,0,0,0,0,23
1,0,0,0,1,23
1,0,0,1,1,23
1,0,0,1,1,23
1,0,0,1,1,23
1,0,0,1,1,23
1,0,0,0,2,23
1,0,1,0,2,23
1,0,1,0,2,23
2,0,1,0,2,23
2,0,1,0,2,23
2,0,1,0,2,23
2,0,1,0,2,23
2,1,1,0,2,23
2,1,1,0,2,23
0,0,0,0,0,24
1,0,0,0,0,24
1,1,0,0,0,24
1,1,0,0,0,24
1,1,0,0,0,24
1,1,0,0,1,24
1,1,1,0,1,24
1,2,1,0,1,24
1,2,1,0,1,24
1,3,1,0,1,24
1,4,1,0,1,24
0,4,1,0,1,24
1,4,1,0,1,24
1,4,1,0,1,24
1,4,1,0,1,24
1,4,1,0,1,24
1,4,1,0,1,24
1,4,1,0,1,24
1,4,1,0,1,24
1,4,1,0,1,24
1,4,1,0,1,24
1,4,1,0,1,24
1,4,1,0,1,24
1,3,1,0,1,24
1,3,1,0,1,24
1,3,1,0,1,24
1,3,1,0,1,24
1,3,1,0,1,24
1,3,1,0,1,24
1,3,1,0,1,24
1,3,1,0,1,24
1,3,1,0,1,24
1,3,1,0,1,24
1,3,1,0,1,24
1,3,1,0,1,24
1,3,1,0,1,24
1,3,1,0,1,24
1,3,1,0,1,24
1,3,1,0,1,24
1,3,1,0,1,24
1,3,1,0,1,24
1,3,1,0,0,24
1,3,1,0,0,24
1,3,1,0,0,24
1,3,1,0,1,24
1,3,1,0,1,24
1,3,1,0,1,24
1,3,1,0,1,24
1,3,1,0,1,24
1,3,1,0,1,24
1,3,1,0,1,24
1,3,1,0,1,24
1,3,1,0,1,24
1,3,1,0,1,24
1,3,1,0,1,24
1,3,1,0,1,24
1,3,1,0,1,24
1,3,1,0,1,24
1,3,1,0,1,24
1,3,1,0,1,24
1,3,1,0,1,24
1,3,1,0,1,24
1,3,1,0,1,24
1,3,1,0,1,24
1,3,1,0,1,24
1,3,1,0,1,24
1,3,1,0,1,24
1,3,1,0,1,24
1,3,1,0,1,24
1,3,1,0,1,24
1,3,1,0,1,24
1,3,1,0,1,24
1,3,1,0,1,24
1,3,1,0,1,24
1,3,1,0,1,24
1,3,1,0,1,24
1,3,1,0,1,24
1,3,1,0,1,24
1,3,1,0,1,24
1,3,1,0,1,24
1,3,1,0,1,24
1,3,1,0,1,24
1,3,1,0,1,24
1,3,1,0,1,24
1,3,1,0,1,24
1,3,1,0,1,24
1,3,1,0,1,24
1,3,1,0,1,24
1,3,1,0,1,24
1,3,1,0,1,24
1,3,1,0,1,24
1,3,1,0,1,24
1,3,1,0,1,24
1,3,1,0,1,24
1,3,1,0,1,24
1,3,1,0,1,24
1,3,1,0,1,24
1,3,1,0,1,24
1,3,1,0,1,24
1,3,1,0,1,24
0,0,0,0,0,25
0,0,0,1,0,25
0,0,0,1,1,25
0,0,1,1,1,25
0,1,1,1,1,25
0,1,1,1,2,25
0,1,1,1,2,25
0,1,1,1,2,25
0,1,1,1,2,25
0,1,1,1,3,25
0,1,1,1,3,25
0,0,1,1,3,25
0,0,1,1,3,25
0,1,1,1,3,25
0,1,1,1,3,25
0,1,1,1,3,25
0,1,1,1,4,25
0,1,1,1,4,25
0,1,1,1,4,25
0,1,1,1,5,25
0,1,1,1,5,25
1,1,1,1,5,25
1,1,1,1,5,25
1,1,1,1,5,25
1,2,1,1,5,25
1,2,1,1,6,25
1,2,1,1,6,25
1,2,1,1,6,25
1,2,1,1,6,25
1,2,1,1,6,25
1,2,1,1,6,25
1,2,1,1,7,25
1,2,1,1,7,25
1,3,1,1,7,25
2,3,1,1,7,25
2,3,1,1,7,25
2,3,1,1,7,25
2,3,1,1,7,25
2,3,1,1,7,25
3,3,1,1,6,25
3,3,1,1,6,25
3,3,1,1,6,25
3,3,1,1,6,25
3,3,1,1,6,25
3,3,1,1,6,25
3,3,1,1,6,25
3,4,1,1,6,25
3,4,1,1,6,25
3,4,1,1,6,25
3,4,1,1,6,25
3,4,1,1,6,25
3,4,1,1,6,25
3,4,1,1,6,25
3,4,1,1,6,25
3,4,1,1,6,25
3,4,1,1,6,25
3,4,1,1,6,25
4,4,1,1,6,25
4,4,1,1,6,25
4,4,1,1,6,25
4,4,1,1,6,25
4,4,1,1,6,25
4,4,1,1,6,25
4,4,1,1,6,25
4,4,1,1,6,25
4,4,1,1,6,25
4,4,1,2,6,25
4,4,1,2,6,25
4,4,1,2,6,25
4,4,1,2,6,25
4,4,1,2,7,25
4,4,1,2,7,25
4,4,1,2,7,25
4,4,1,2,7,25
4,4,1,2,7,25
4,4,1,2,7,25
4,4,1,2,7,25
4,4,1,2,8,25
4,4,1,2,8,25
4,4,1,2,8,25
4,4,1,2,8,25
4,4,1,2,8,25
4,4,1,2,8,25
4,4,1,2,8,25
4,4,1,2,8,25
4,5,1,2,8,25
4,5,1,2,7,25
4,5,1,2,7,25
4,5,1,2,7,25
4,5,1,2,7,25
4,5,1,1,7,25
4,6,1,1,7,25
4,6,1,1,7,25
4,6,1,1,7,25
4,6,1,1,7,25
4,6,1,1,7,25
4,6,1,1,8,25
4,6,1,1,8,25
4,6,1,2,8,25
4,6,1,2,8,25
0,0,0,0,0,26
1,0,0,0,0,26
2,0,0,0,0,26
3,0,0,0,0,26
3,0,0,1,0,26
3,0,0,1,0,26
3,0,0,1,0,26
3,0,0,1,0,26
3,1,0,1,0,26
3,1,0,1,0,26
3,1,0,1,0,26
3,2,0,1,0,26
3,2,0,2,0,26
3,2,0,2,0,26
3,2,0,2,0,26
3,2,0,2,0,26
3,2,0,2,0,26
3,2,0,2,0,26
3,2,0,2,0,26
3,2,0,2,0,26
3,2,0,2,0,26
3,1,0,2,0,26
3,1,0,2,0,26
3,1,0,2,0,26
3,1,0,2,0,26
3,1,0,2,0,26
3,1,0,2,0,26
3,1,0,2,0,26
3,1,0,2,0,26
3,1,0,2,0,26
3,1,0,2,0,26
3,1,0,2,0,26
3,1,0,2,0,26
3,1,0,2,0,26
3,1,0,2,0,26
3,1,0,2,0,26
3,1,0,2,0,26
3,1,0,2,0,26
3,1,0,2,0,26
3,1,0,2,0,26
3,1,0,2,0,26
3,1,0,2,0,26
3,1,0,2,0,26
3,1,0,2,0,26
3,1,0,2,0,26
3,1,0,2,0,26
3,1,0,2,0,26
3,1,0,2,0,26
3,1,0,2,0,26
3,1,0,2,0,26
3,1,0,2,0,26
3,1,0,2,0,26
3,1,0,2,0,26
3,1,0,2,0,26
3,1,0,2,0,26
3,1,0,2,0,26
3,1,0,2,0,26
3,1,0,2,0,26
3,1,0,2,0,26
3,1,0,2,0,26
3,1,0,2,0,26
3,1,0,2,0,26
3,1,0,2,0,26
3,1,0,2,0,26
3,1,0,2,0,26
3,1,0,2,0,26
3,1,0,2,0,26
3,1,0,2,0,26
3,1,0,2,0,26
3,1,0,2,0,26
3,1,0,2,0,26
3,1,0,2,0,26
3,1,0,2,0,26
3,1,0,2,0,26
3,1,0,2,0,26
3,1,0,2,0,26
3,1,0,2,0,26
3,1,0,2,0,26
3,1,0,2,0,26
3,1,0,2,0,26
3,1,0,2,0,26
3,1,0,2,0,26
3,1,0,2,0,26
3,1,0,2,0,26
3,1,0,2,0,26
3,1,0,2,0,26
3,1,0,2,0,26
3,1,0,2,0,26
3,1,0,2,0,26
3,1,0,2,0,26
3,1,0,2,0,26
3,1,0,2,0,26
3,1,0,2,0,26
3,1,0,2,0,26
3,1,0,2,0,26
3,1,0,2,0,26
3,1,0,2,0,26
3,1,0,2,0,26
3,1,0,2,0,26
3,1,0,2,0,26
0,0,0,0,0,27
0,0,0,0,0,27
0,0,0,1,0,27
1,0,0,1,0,27
1,0,0,1,0,27
1,0,0,1,0,27
1,0,1,1,0,27
1,1,1,1,0,27
1,1,1,1,1,27
1,2,1,1,1,27
1,2,1,1,1,27
1,2,1,1,2,27
1,2,1,2,2,27
1,2,1,2,2,27
1,2,1,2,2,27
1,2,1,2,2,27
2,2,1,2,2,27
2,2,1,2,2,27
3,2,1,2,2,27
3,2,1,2,3,27
3,2,1,2,3,27
3,2,1,2,3,27
3,2,1,2,3,27
3,2,1,2,3,27
3,3,1,2,3,27
3,3,1,2,3,27
3,3,1,2,3,27
3,3,1,2,3,27
3,3,1,2,4,27
3,3,1,2,4,27
3,3,1,2,4,27
3,3,1,2,5,27
3,3,1,2,5,27
3,3,1,2,5,27
3,3,1,2,5,27
3,4,1,2,5,27
3,4,1,2,6,27
3,4,1,2,6,27
3,4,1,2,6,27
3,4,2,2,6,27
3,4,2,2,6,27
3,5,2,2,6,27
3,5,2,2,6,27
3,5,2,2,6,27
3,5,2,2,6,27
3,5,2,2,6,27
4,5,2,2,6,27
4,5,2,2,6,27
4,5,2,2,6,27
4,5,2,2,7,27
4,5,2,2,7,27
4,5,2,2,7,27
4,5,2,2,7,27
4,5,2,2,7,27
4,5,2,2,7,27
4,5,2,2,7,27
4,4,2,2,7,27
4,4,2,2,7,27
3,5,2,2,7,27
3,5,2,2,7,27
3,5,2,2,7,27
3,5,2,2,7,27
3,5,2,2,7,27
3,5,2,2,7,27
3,5,2,2,7,27
3,5,2,2,7,27
3,5,2,2,7,27
3,5,2,2,7,27
3,6,1,2,7,27
3,6,1,2,7,27
3,6,1,2,7,27
3,6,1,2,7,27
3,6,1,2,8,27
3,6,1,2,8,27
3,6,2,2,8,27
3,6,2,2,8,27
3,6,2,2,8,27
3,6,2,2,8,27
3,6,2,2,8,27
4,6,2,2,8,27
4,6,2,2,8,27
4,6,2,2,8,27
4,6,2,2,8,27
4,6,2,2,8,27
4,6,2,2,8,27
4,6,2,2,8,27
4,6,2,2,8,27
4,6,2,2,8,27
4,6,2,2,8,27
4,6,2,2,8,27
4,6,2,2,8,27
4,6,2,2,8,27
4,6,2,2,8,27
4,6,2,2,7,27
4,6,2,3,7,27
4,6,2,3,7,27
4,6,2,3,7,27
4,6,2,3,8,27
4,6,2,3,8,27
4,6,2,3,8,27
0,0,0,0,0,28
0,0,0,0,0,28
0,0,0,0,1,28
0,0,0,1,1,28
0,0,0,1,2,28
0,1,0,1,2,28
0,1,0,1,2,28
0,1,0,1,2,28
0,1,0,1,2,28
0,1,1,1,2,28
0,1,1,1,2,28
0,1,1,1,2,28
0,1,1,1,2,28
0,1,1,1,2,28
0,1,1,1,2,28
0,1,1,1,2,28
0,1,1,1,2,28
0,1,1,1,2,28
1,1,1,1,2,28
1,1,1,1,2,28
1,1,1,1,2,28
1,1,1,1,2,28
1,1,1,1,2,28
1,1,1,1,2,28
1,1,1,1,2,28
1,1,1,1,2,28
1,1,1,1,2,28
1,1,1,1,2,28
1,1,1,1,2,28
1,1,1,1,2,28
1,1,1,1,2,28
1,1,1,1,2,28
1,1,1,1,2,28
1,1,1,1,2,28
1,1,1,1,2,28
1,1,1,1,2,28
1,1,1,1,2,28
1,1,1,1,2,28
1,1,1,1,2,28
1,1,1,1,2,28
1,1,1,1,2,28
1,1,1,1,2,28
1,1,1,1,2,28
1,1,1,1,2,28
1,1,1,1,2,28
1,1,1,1,2,28
1,1,1,1,2,28
1,1,1,1,2,28
1,1,1,1,2,28
1,1,1,1,2,28
1,1,1,1,2,28
1,1,1,1,2,28
1,1,1,1,2,28
1,1,1,1,2,28
1,1,1,1,2,28
1,1,1,1,2,28
1,1,1,1,2,28
1,1,1,1,2,28
1,1,1,1,2,28
1,1,1,1,2,28
1,1,1,1,2,28
1,1,1,1,2,28
1,1,1,1,2,28
1,1,1,1,2,28
1,1,1,1,2,28
1,1,1,1,2,28
1,1,1,1,2,28
1,1,1,1,2,28
1,1,1,1,2,28
1,1,1,1,2,28
1,1,1,1,2,28
1,1,1,1,2,28
1,1,1,1,2,28
0,1,1,1,2,28
0,1,1,1,2,28
0,1,1,1,2,28
0,1,1,1,2,28
0,1,1,1,2,28
1,1,1,1,2,28
1,1,1,1,2,28
1,1,1,1,2,28
1,1,1,1,2,28
1,1,1,1,2,28
1,1,1,0,2,28
1,1,1,0,2,28
1,1,1,0,2,28
1,1,1,0,2,28
1,1,1,0,2,28
1,1,1,0,2,28
1,1,1,0,2,28
1,1,1,0,2,28
1,1,1,0,2,28
1,1,1,0,2,28
1,1,1,0,2,28
1,1,1,0,2,28
1,1,1,0,2,28
1,1,1,0,2,28
1,1,1,0,2,28
1,1,1,0,2,28
1,1,1,0,2,28
0,0,0,0,0,29
0,0,0,1,0,29
0,0,0,1,0,29
0,0,1,1,0,29
0,0,1,1,0,29
0,0,1,1,0,29
0,0,1,1,1,29
0,1,1,1,1,29
0,1,1,1,1,29
0,1,1,1,2,29
0,1,1,1,2,29
0,1,1,1,2,29
0,1,1,1,2,29
0,1,1,1,2,29
1,1,1,1,2,29
1,1,1,1,2,29
1,1,1,1,2,29
1,1,1,1,3,29
1,1,1,1,4,29
1,1,1,1,4,29
1,1,1,1,5,29
1,1,1,1,5,29
1,1,1,1,5,29
2,0,1,1,5,29
2,0,1,1,5,29
2,1,1,1,5,29
2,1,1,1,5,29
2,1,1,1,5,29
2,1,1,1,5,29
0,0,0,0,0,30
0,0,0,1,0,30
0,0,1,1,0,30
0,0,1,1,1,30
0,0,1,1,1,30
0,0,1,1,1,30
0,0,1,1,1,30
0,0,1,1,2,30
0,0,1,1,2,30
0,0,1,1,3,30
0,0,1,1,3,30
0,0,1,1,3,30
0,0,1,1,3,30
0,0,1,1,3,30
0,0,1,1,3,30
0,0,1,1,3,30
0,0,1,1,3,30
0,0,0,0,0,31
0,0,1,0,0,31
0,0,1,0,0,31
0,0,1,0,0,31
0,0,1,0,1,31
0,0,1,0,2,31
0,0,1,0,3,31
0,0,1,0,3,31
0,0,1,0,3,31
0,0,1,0,3,31
0,0,1,0,4,31
0,0,1,0,4,31
0,0,1,0,4,31
0,0,1,0,4,31
1,0,1,0,4,31
2,0,1,0,4,31
2,0,1,0,4,31
2,1,1,0,4,31
2,1,1,0,4,31
2,1,1,0,4,31
2,2,1,0,4,31
2,2,1,0,4,31
2,2,1,0,4,31
2,2,1,0,4,31
2,2,1,0,4,31
2,2,1,0,4,31
2,2,1,0,4,31
2,2,1,0,4,31
2,2,1,0,4,31
2,2,1,0,4,31
2,2,1,0,4,31
2,2,1,0,4,31
2,2,1,0,4,31
2,2,1,0,4,31
2,2,1,0,4,31
2,2,1,0,4,31
2,2,1,0,4,31
2,2,1,0,4,31
2,2,1,0,4,31
2,2,1,0,4,31
2,2,1,0,4,31
2,2,1,0,4,31
2,2,1,0,4,31
2,2,1,0,4,31
2,2,1,0,4,31
2,2,1,0,4,31
2,2,1,0,4,31
2,2,1,0,4,31
2,2,1,0,4,31
2,2,1,0,4,31
2,2,1,0,4,31
2,2,1,0,4,31
2,2,1,0,4,31
2,2,1,0,4,31
2,2,1,0,4,31
2,2,1,0,4,31
2,2,1,0,4,31
2,2,1,0,4,31
2,2,1,0,4,31
2,2,1,0,4,31
2,2,1,0,4,31
2,2,1,0,4,31
2,2,1,0,4,31
2,2,1,0,4,31
2,2,1,0,4,31
2,2,1,0,4,31
2,2,1,0,4,31
2,2,1,0,4,31
2,2,1,0,4,31
2,2,1,0,4,31
2,2,1,0,4,31
2,2,1,0,4,31
2,2,1,0,4,31
2,2,1,0,4,31
2,2,1,0,4,31
2,2,1,0,4,31
2,2,1,0,4,31
2,2,1,0,4,31
2,2,1,0,4,31
2,2,1,0,4,31
2,2,1,0,4,31
2,2,1,0,4,31
2,2,1,0,4,31
2,2,1,0,4,31
2,2,1,0,4,31
2,2,1,0,4,31
2,2,1,0,4,31
2,2,1,0,4,31
2,2,1,0,4,31
2,2,1,0,4,31
2,2,1,0,4,31
2,2,1,0,4,31
2,2,1,0,4,31
2,2,1,0,4,31
2,2,1,0,4,31
2,2,1,0,4,31
2,2,1,0,4,31
2,2,1,0,4,31
2,2,1,0,4,31
2,2,1,0,4,31
0,0,0,0,0,32
1,0,0,0,0,32
1,0,0,0,1,32
1,0,0,0,2,32
1,1,0,0,2,32
1,1,1,0,2,32
1,1,1,1,2,32
1,1,1,1,2,32
1,1,1,1,1,32
1,1,1,1,1,32
1,1,1,1,1,32
1,1,1,1,1,32
1,1,1,1,1,32
1,1,1,1,1,32
1,2,1,1,1,32
2,2,1,1,1,32
2,3,1,1,1,32
2,4,1,1,1,32
2,4,1,1,1,32
3,4,1,1,1,32
3,4,1,1,1,32
3,4,1,1,1,32
3,4,1,1,1,32
3,4,1,1,1,32
3,4,1,1,1,32
3,4,1,1,1,32
3,4,1,1,2,32
3,4,1,1,2,32
3,4,1,1,2,32
3,4,1,1,2,32
3,4,1,1,2,32
3,5,1,1,2,32
3,5,1,1,2,32
3,5,1,1,2,32
3,5,1,1,2,32
3,5,1,1,2,32
3,5,1,1,2,32
3,5,1,1,3,32
3,5,1,1,3,32
3,5,1,1,3,32
3,5,1,1,3,32
3,5,1,1,3,32
3,5,1,1,4,32
3,5,1,1,4,32
3,5,1,1,4,32
3,5,1,1,4,32
3,5,1,1,4,32
3,5,1,1,4,32
3,5,1,1,4,32
3,5,1,1,5,32
3,5,1,1,5,32
3,5,1,1,5,32
3,5,1,1,5,32
3,5,1,1,5,32
3,5,1,1,5,32
3,5,1,1,5,32
3,5,1,1,5,32
3,5,1,1,6,32
3,5,1,1,6,32
3,5,1,1,6,32
3,5,1,1,6,32
3,5,1,1,6,32
3,5,1,1,6,32
3,5,1,1,6,32
3,5,1,1,6,32
3,5,1,1,7,32
3,5,1,1,7,32
3,5,1,1,7,32
3,5,1,1,7,32
3,5,1,2,7,32
3,5,1,2,7,32
3,5,1,2,7,32
3,5,1,2,7,32
3,5,1,2,8,32
3,5,1,2,9,32
3,5,1,2,8,32
3,5,1,2,8,32
3,5,1,2,8,32
4,5,1,2,8,32
4,5,1,2,9,32
4,5,1,2,9,32
4,5,1,2,9,32
4,6,1,2,9,32
4,6,1,3,9,32
4,6,1,3,9,32
4,6,1,3,9,32
5,6,1,2,9,32
5,6,1,2,9,32
5,6,1,2,9,32
6,6,1,2,9,32
6,6,1,2,9,32
6,6,1,2,9,32
6,6,1,2,9,32
6,7,1,2,9,32
6,7,1,3,8,32
6,7,1,3,8,32
6,7,1,3,8,32
7,7,1,3,8,32
7,7,1,3,8,32
7,7,1,3,8,32
0,0,0,0,0,33
0,0,0,0,0,33
1,0,0,0,0,33
1,0,0,1,0,33
1,0,0,1,1,33
1,0,0,1,1,33
1,1,0,1,1,33
1,1,0,1,1,33
1,1,0,1,1,33
1,1,0,1,2,33
1,1,0,1,2,33
1,1,0,1,3,33
2,1,0,1,3,33
2,1,0,1,3,33
3,1,0,1,3,33
3,1,0,1,3,33
3,1,0,1,3,33
3,1,0,1,3,33
3,1,0,1,3,33
3,1,0,1,3,33
3,1,0,1,3,33
3,1,0,1,3,33
3,1,0,1,3,33
3,1,0,1,3,33
3,1,0,1,3,33
3,1,0,1,3,33
2,1,0,1,3,33
2,1,0,1,3,33
2,1,0,1,3,33
2,1,0,1,3,33
2,1,0,1,3,33
2,1,0,1,3,33
2,1,0,1,3,33
2,1,0,1,3,33
2,1,0,1,3,33
2,1,0,1,3,33
2,1,0,1,3,33
2,1,0,1,3,33
2,1,0,1,3,33
2,1,0,1,3,33
2,1,0,1,3,33
2,1,0,1,3,33
2,1,0,1,3,33
2,1,0,1,3,33
2,1,0,1,3,33
2,1,0,1,3,33
2,1,0,1,3,33
2,1,0,1,3,33
2,1,0,1,3,33
2,1,0,1,3,33
2,1,0,1,3,33
2,1,0,1,3,33
2,1,0,1,3,33
2,1,0,1,3,33
2,1,0,1,3,33
2,1,0,1,3,33
2,1,0,1,3,33
2,1,0,1,3,33
2,1,0,1,3,33
2,1,0,1,3,33
2,1,0,1,3,33
2,1,0,1,3,33
2,1,0,1,3,33
2,1,0,1,3,33
2,1,0,1,3,33
2,1,0,1,3,33
2,1,0,1,3,33
2,1,0,1,3,33
2,1,0,1,3,33
2,1,0,1,2,33
2,1,0,1,2,33
2,1,0,1,2,33
2,1,0,1,2,33
2,1,0,1,2,33
2,1,0,1,2,33
2,1,0,1,2,33
2,1,0,1,2,33
2,1,0,1,2,33
2,1,0,1,2,33
2,1,0,1,2,33
2,1,0,1,2,33
2,1,0,1,2,33
2,1,0,1,2,33
2,1,0,1,2,33
2,1,0,1,2,33
2,1,0,1,2,33
2,1,0,1,2,33
2,1,0,1,2,33
2,1,0,1,2,33
2,1,0,1,2,33
2,1,0,1,2,33
2,1,0,1,2,33
2,1,0,1,2,33
2,1,0,1,2,33
2,1,0,1,2,33
2,1,0,1,2,33
2,1,0,1,2,33
2,1,0,1,2,33
2,1,0,1,2,33
2,1,0,1,2,33
0,0,0,0,0,34
0,1,0,0,0,34
0,2,0,0,0,34
0,2,0,1,0,34
0,2,1,1,0,34
0,2,1,1,1,34
0,2,1,1,1,34
0,1,1,1,2,34
0,1,1,1,2,34
0,1,1,1,2,34
0,1,1,1,3,34
0,1,1,1,3,34
0,1,1,1,3,34
0,1,1,1,3,34
0,1,1,1,3,34
0,1,1,1,3,34
0,1,1,1,3,34
0,1,1,1,3,34
0,1,1,1,3,34
0,1,1,1,3,34
0,1,1,1,3,34
0,1,1,1,3,34
0,1,1,1,3,34
0,1,1,1,3,34
0,1,1,1,3,34
0,1,1,1,3,34
0,1,1,1,3,34
0,1,1,1,3,34
0,1,1,1,3,34
0,1,1,1,3,34
0,1,1,1,3,34
0,1,1,1,3,34
0,1,1,1,3,34
0,1,1,1,3,34
0,1,1,1,3,34
0,1,1,1,3,34
0,1,1,1,3,34
0,0,0,0,0,35
0,0,0,1,0,35
0,1,0,1,0,35
0,1,0,1,0,35
0,2,0,1,0,35
0,2,0,1,0,35
0,2,0,1,0,35
0,2,0,1,0,35
0,2,0,1,0,35
0,2,0,1,1,35
0,2,0,1,1,35
0,2,0,1,1,35
1,2,0,1,1,35
2,2,0,1,1,35
2,2,0,1,1,35
2,3,0,1,1,35
2,3,0,1,1,35
2,3,0,1,1,35
2,3,0,1,1,35
2,3,0,1,1,35
2,3,0,1,1,35
2,3,0,1,1,35
2,3,0,1,1,35
2,3,0,1,1,35
2,3,0,1,2,35
2,3,0,1,2,35
2,3,0,1,2,35
2,3,0,1,2,35
2,3,0,1,2,35
2,3,0,1,2,35
2,3,0,1,2,35
2,3,0,1,2,35
2,3,0,1,2,35
2,3,0,1,2,35
2,3,0,1,2,35
2,3,0,1,2,35
2,3,0,1,2,35
2,3,0,1,2,35
2,3,0,1,2,35
2,3,0,1,2,35
2,3,0,1,2,35
2,3,0,1,2,35
2,3,0,1,2,35
2,3,0,1,2,35
2,3,0,1,2,35
2,3,0,1,2,35
2,3,0,1,2,35
2,3,0,1,2,35
2,3,0,1,2,35
2,3,0,1,2,35
2,3,0,1,2,35
2,3,0,1,2,35
2,3,0,1,2,35
2,3,0,1,2,35
2,3,0,1,2,35
2,3,0,1,2,35
2,3,0,1,2,35
2,3,0,1,2,35
2,3,0,1,2,35
2,3,0,1,2,35
2,3,0,1,2,35
2,3,0,1,2,35
2,3,0,1,2,35
2,3,0,1,2,35
2,3,0,1,2,35
2,3,0,1,2,35
2,3,0,1,2,35
2,3,0,1,2,35
2,3,0,1,2,35
2,3,0,1,2,35
2,3,0,1,2,35
2,3,0,1,2,35
2,3,0,1,2,35
2,3,0,1,2,35
2,3,0,1,2,35
2,3,0,1,2,35
2,3,0,1,2,35
2,3,0,1,2,35
2,3,0,1,2,35
2,3,0,1,2,35
2,3,0,1,2,35
2,3,0,1,2,35
2,3,0,1,2,35
2,3,0,1,2,35
2,3,0,1,2,35
2,3,0,1,2,35
2,3,0,1,2,35
2,3,0,1,2,35
2,3,0,1,2,35
2,3,0,1,2,35
2,3,0,1,2,35
2,3,0,1,2,35
2,3,0,1,2,35
2,3,0,1,2,35
2,3,0,1,2,35
2,3,0,1,2,35
2,3,0,1,2,35
2,3,0,1,2,35
2,3,0,1,2,35
2,3,0,1,2,35
0,0,0,0,0,36
0,0,0,0,1,36
0,0,0,0,1,36
0,0,0,1,1,36
0,0,0,1,2,36
0,0,1,1,2,36
0,0,1,1,2,36
1,0,1,1,2,36
2,0,1,1,2,36
2,0,1,1,3,36
2,0,1,1,3,36
2,0,1,1,4,36
2,0,1,1,4,36
2,0,1,1,4,36
2,0,1,1,4,36
2,1,1,1,4,36
2,1,1,1,4,36
0,0,0,0,0,37
0,0,0,1,0,37
0,0,0,1,1,37
0,0,0,1,1,37
0,0,0,1,1,37
0,0,0,1,1,37
0,0,1,1,1,37
1,0,1,1,1,37
2,0,1,0,1,37
2,0,1,0,1,37
2,0,1,1,1,37
2,0,1,1,1,37
2,0,1,1,1,37
2,0,1,1,1,37
2,0,1,1,1,37
2,0,1,1,1,37
2,0,1,1,1,37
0,0,0,0,0,38
0,0,0,1,0,38
0,0,1,1,0,38
0,0,1,1,1,38
1,0,1,1,1,38
1,0,1,1,2,38
1,0,1,1,3,38
1,0,1,1,3,38
1,1,1,1,3,38
1,2,1,1,3,38
1,3,1,1,3,38
1,3,1,1,3,38
2,3,1,1,3,38
2,3,1,1,3,38
2,3,1,1,3,38
2,3,1,1,3,38
2,3,1,1,4,38
2,3,1,1,4,38
2,3,1,1,4,38
2,3,1,1,4,38
2,3,1,1,4,38
2,3,1,1,4,38
2,3,1,1,4,38
2,4,1,1,4,38
2,4,1,1,4,38
2,4,1,1,4,38
2,4,1,1,4,38
2,4,1,1,4,38
2,4,1,2,4,38
2,4,1,2,4,38
2,4,1,2,4,38
2,4,1,2,4,38
2,4,1,2,5,38
2,4,1,2,5,38
2,4,1,2,5,38
2,4,1,2,5,38
2,4,1,2,5,38
2,4,1,2,5,38
2,4,1,2,5,38
2,4,1,2,5,38
2,4,1,2,5,38
2,4,1,2,5,38
2,4,1,2,5,38
2,4,1,2,5,38
2,4,1,2,5,38
2,5,1,2,5,38
2,5,1,2,5,38
2,5,1,3,5,38
2,5,1,3,5,38
2,5,1,3,5,38
2,5,1,3,5,38
2,5,1,3,5,38
2,5,1,3,5,38
1,5,1,3,5,38
1,5,1,3,5,38
1,6,1,3,5,38
1,6,1,3,5,38
1,7,1,3,5,38
1,7,1,3,4,38
1,7,1,3,4,38
1,7,1,4,4,38
1,7,1,4,4,38
1,7,1,4,4,38
1,7,1,4,4,38
1,7,1,4,4,38
1,7,1,4,4,38
1,8,1,4,4,38
1,8,1,4,4,38
1,8,1,4,4,38
1,8,1,4,4,38
1,8,1,4,4,38
1,8,1,4,4,38
1,8,1,4,4,38
1,8,1,4,4,38
1,8,1,4,4,38
2,8,1,4,3,38
3,7,1,4,3,38
3,7,1,4,3,38
3,7,1,4,3,38
3,7,1,4,3,38
3,7,1,4,3,38
3,7,1,4,3,38
3,7,1,4,3,38
4,7,1,4,3,38
4,7,1,4,3,38
4,7,1,4,3,38
4,7,1,4,4,38
4,7,1,4,4,38
4,7,1,4,4,38
4,7,1,4,4,38
4,7,1,4,4,38
4,7,1,4,4,38
4,7,1,4,4,38
5,7,1,4,4,38
5,7,1,4,4,38
6,7,1,4,4,38
6,7,1,4,5,38
6,7,1,4,5,38
6,7,1,4,5,38
6,7,1,4,5,38
0,0,0,0,0,39
1,0,0,0,0,39
2,0,0,0,0,39
1,0,1,0,0,39
1,1,1,0,0,39
1,1,1,1,0,39
1,2,1,1,0,39
2,2,1,1,0,39
2,3,1,1,0,39
2,3,1,1,0,39
2,3,1,1,0,39
2,3,1,2,0,39
2,3,1,2,0,39
2,3,1,2,1,39
2,3,1,2,2,39
2,3,1,2,3,39
2,4,1,2,3,39
1,5,1,2,3,39
1,5,1,2,3,39
1,5,1,2,3,39
1,5,1,2,3,39
1,5,1,2,4,39
1,5,2,2,4,39
1,5,2,2,4,39
1,5,2,2,4,39
1,5,2,2,4,39
1,5,2,2,4,39
1,5,2,2,4,39
1,5,2,2,4,39
1,5,2,2,4,39
1,6,2,2,4,39
1,6,2,2,4,39
1,6,2,2,5,39
1,6,2,2,5,39
1,5,2,2,5,39
1,5,1,3,5,39
1,5,1,3,5,39
1,5,1,3,5,39
1,5,1,3,5,39
1,5,1,3,5,39
1,5,1,3,5,39
1,5,1,3,5,39
1,5,1,3,5,39
1,5,1,3,5,39
1,5,1,3,6,39
1,5,1,3,6,39
1,5,1,3,7,39
1,5,1,3,7,39
2,5,1,3,7,39
2,5,1,3,7,39
2,5,1,3,7,39
2,6,1,3,7,39
2,6,1,3,7,39
2,6,1,3,7,39
2,6,1,3,6,39
3,6,1,2,6,39
3,6,1,2,6,39
3,6,1,2,6,39
3,6,1,2,5,39
3,6,1,2,5,39
3,6,1,2,5,39
3,6,1,2,5,39
3,6,1,2,6,39
3,6,1,2,6,39
3,6,2,2,6,39
3,6,2,2,6,39
3,6,2,2,6,39
3,6,2,2,6,39
3,5,3,2,6,39
3,5,3,2,6,39
3,5,3,2,6,39
3,5,3,2,6,39
3,5,3,2,6,39
3,5,3,2,6,39
3,5,3,2,6,39
3,5,3,2,6,39
3,5,3,2,6,39
3,5,3,2,6,39
3,5,3,2,6,39
3,4,3,2,7,39
3,4,3,2,7,39
3,4,3,2,7,39
3,4,3,2,7,39
3,4,3,2,7,39
3,4,3,2,7,39
3,4,3,2,7,39
3,4,3,2,7,39
3,4,3,2,7,39
3,4,3,2,7,39
3,4,3,2,7,39
3,4,3,2,7,39
3,4,3,2,7,39
3,4,3,2,7,39
3,4,3,2,7,39
3,4,3,2,7,39
3,4,3,2,7,39
3,4,3,2,6,39
3,4,3,2,6,39
3,4,3,2,6,39
3,4,3,2,6,39
0,0,0,0,0,40
1,0,0,0,0,40
1,0,1,0,0,40
2,0,1,0,0,40
2,0,1,0,0,40
2,1,1,0,0,40
2,1,1,0,0,40
2,2,1,0,0,40
3,2,1,0,0,40
3,2,1,0,1,40
3,2,1,0,1,40
3,2,2,0,1,40
3,2,2,0,1,40
3,2,2,0,1,40
3,2,2,0,1,40
3,2,2,0,1,40
3,2,2,0,1,40
3,2,2,0,1,40
3,2,2,0,1,40
3,2,2,0,1,40
3,2,2,0,1,40
3,2,2,0,1,40
3,2,2,0,1,40
3,2,2,0,1,40
3,2,2,0,1,40
3,2,2,0,1,40
3,2,2,0,1,40
3,2,2,0,1,40
3,2,2,0,1,40
3,2,2,0,1,40
3,2,2,0,1,40
3,2,2,0,1,40
3,2,2,0,1,40
3,2,2,0,1,40
3,2,2,0,1,40
3,2,2,0,1,40
3,2,2,0,1,40
3,2,2,0,1,40
3,2,2,0,1,40
3,2,2,0,1,40
3,2,2,0,1,40
3,2,2,0,1,40
3,2,2,0,1,40
3,2,2,0,1,40
3,2,2,0,1,40
3,2,2,0,1,40
3,2,2,0,1,40
3,2,2,0,1,40
3,2,2,0,1,40
3,2,2,0,1,40
3,2,2,0,1,40
3,2,2,0,1,40
3,2,2,0,1,40
3,2,2,0,1,40
3,2,2,0,1,40
3,2,2,0,1,40
3,2,2,0,1,40
3,2,2,0,1,40
3,2,2,0,1,40
3,2,2,0,1,40
3,2,2,0,1,40
3,2,2,0,1,40
3,2,2,0,1,40
3,2,2,0,1,40
3,2,2,0,1,40
3,2,2,0,1,40
3,2,2,0,1,40
3,2,2,0,1,40
3,2,2,0,1,40
3,2,2,0,1,40
3,2,2,0,1,40
3,2,2,0,1,40
3,2,2,0,1,40
3,2,2,0,1,40
3,2,2,0,1,40
3,2,2,0,1,40
3,2,2,0,1,40
3,2,2,0,1,40
3,2,2,0,1,40
3,2,2,0,1,40
3,2,2,0,1,40
3,2,2,0,1,40
3,2,2,0,1,40
3,2,2,0,1,40
3,2,2,0,1,40
3,2,2,0,1,40
3,2,2,0,1,40
3,2,2,0,1,40
3,2,2,0,1,40
3,2,2,0,1,40
3,2,2,0,1,40
3,2,2,0,1,40
3,2,2,0,1,40
3,2,2,0,1,40
3,2,2,0,1,40
3,2,2,0,1,40
3,2,2,0,1,40
3,2,2,0,1,40
3,2,2,0,1,40
3,2,2,0,1,40
0,0,0,0,0,41
0,0,0,0,0,41
1,0,0,0,0,41
1,0,0,0,1,41
1,0,0,0,2,41
1,0,0,1,2,41
1,0,0,1,2,41
1,0,1,1,2,41
1,0,1,1,2,41
1,0,1,1,2,41
1,0,1,1,2,41
2,0,1,1,2,41
2,0,1,1,3,41
2,0,1,1,3,41
2,0,1,1,3,41
2,0,1,1,3,41
2,0,1,1,3,41
0,0,0,0,0,42
0,0,0,1,0,42
0,0,1,1,0,42
0,0,1,1,0,42
0,0,1,1,0,42
0,0,1,1,0,42
0,0,1,1,0,42
0,0,1,1,0,42
0,0,1,1,0,42
0,1,1,1,0,42
0,1,1,1,0,42
0,1,1,1,0,42
0,1,1,1,0,42
0,1,1,1,1,42
0,1,1,1,1,42
0,2,1,1,1,42
0,2,1,1,1,42
0,2,1,1,1,42
0,2,1,1,1,42
0,2,1,1,1,42
0,2,1,1,1,42
0,2,1,1,1,42
1,2,1,1,1,42
1,2,1,1,1,42
1,2,1,1,1,42
1,2,1,1,2,42
1,2,1,1,2,42
1,2,1,1,2,42
1,2,1,1,2,42
1,2,1,1,2,42
1,2,1,1,2,42
1,2,1,1,2,42
1,2,1,1,2,42
1,2,1,1,2,42
1,2,1,1,2,42
1,2,1,1,2,42
1,2,1,1,2,42
1,2,1,1,2,42
1,2,1,1,2,42
1,2,1,1,2,42
1,2,1,1,2,42
1,2,1,1,2,42
1,2,1,1,2,42
1,2,1,1,2,42
1,2,1,1,2,42
1,2,1,1,2,42
1,2,1,1,2,42
0,2,1,1,2,42
0,2,1,1,2,42
0,2,1,1,2,42
0,2,1,1,2,42
0,2,1,1,2,42
0,2,1,1,2,42
0,2,1,1,2,42
0,2,1,1,2,42
0,2,1,1,2,42
0,2,1,1,2,42
1,2,1,1,2,42
1,2,1,1,2,42
1,2,1,1,2,42
1,2,1,1,2,42
1,2,1,1,2,42
1,2,1,1,2,42
1,2,1,1,2,42
1,2,1,1,2,42
1,2,1,1,2,42
1,2,1,1,2,42
1,2,1,1,2,42
1,2,1,1,2,42
1,2,1,1,2,42
1,2,1,1,2,42
1,2,1,1,2,42
1,2,1,1,2,42
1,2,1,1,2,42
1,2,1,1,2,42
1,2,1,1,2,42
1,2,1,1,2,42
1,2,1,1,2,42
1,2,1,1,2,42
1,2,1,1,2,42
1,2,1,1,2,42
1,2,1,1,2,42
1,2,1,1,2,42
1,2,1,1,2,42
1,2,1,1,2,42
1,2,1,1,2,42
1,2,1,1,2,42
1,2,1,1,2,42
1,2,1,1,2,42
1,2,1,1,2,42
1,1,1,1,2,42
1,1,1,1,2,42
1,1,1,1,2,42
1,1,1,1,2,42
1,1,1,1,2,42
1,1,1,1,2,42
1,1,1,1,2,42
1,1,1,1,2,42
1,1,1,1,2,42
1,1,1,1,2,42
0,0,0,0,0,43
0,0,0,1,0,43
0,1,0,1,0,43
0,1,1,1,0,43
0,1,1,1,1,43
0,1,1,1,1,43
0,1,1,1,1,43
0,1,1,1,2,43
0,1,1,1,2,43
0,1,1,1,3,43
0,1,1,1,3,43
0,1,1,1,3,43
0,1,1,1,3,43
0,1,1,1,3,43
0,1,1,1,3,43
1,1,1,1,3,43
1,1,1,1,3,43
1,1,1,1,3,43
1,2,0,1,3,43
1,2,0,1,3,43
1,2,0,1,4,43
1,2,0,1,4,43
1,2,0,1,4,43
1,2,0,1,4,43
1,2,0,1,4,43
1,2,1,1,4,43
1,2,1,1,4,43
1,2,1,1,4,43
1,2,1,1,4,43
1,2,1,1,4,43
2,2,1,1,4,43
2,2,1,1,4,43
2,2,1,1,4,43
2,2,1,1,4,43
3,2,1,1,4,43
3,2,1,1,4,43
3,2,1,1,4,43
3,2,1,1,4,43
3,2,1,1,4,43
3,2,1,1,4,43
3,2,1,1,4,43
3,2,1,1,4,43
3,2,1,1,4,43
3,2,1,1,4,43
3,2,1,1,4,43
3,2,1,1,4,43
3,2,1,1,4,43
3,2,1,1,4,43
3,2,1,1,4,43
3,2,1,1,4,43
3,2,1,1,4,43
3,2,1,1,4,43
3,2,1,1,4,43
3,2,1,1,4,43
3,2,1,1,4,43
3,2,1,1,4,43
3,2,1,1,4,43
3,2,1,1,4,43
3,2,1,1,4,43
3,2,1,1,4,43
3,2,1,1,4,43
3,2,1,1,4,43
3,2,1,1,4,43
3,2,1,1,4,43
3,2,1,1,4,43
3,2,1,1,4,43
3,2,1,1,4,43
3,2,1,1,4,43
3,2,1,1,4,43
3,2,1,1,4,43
3,2,1,1,4,43
3,2,1,1,4,43
3,2,1,1,4,43
3,2,1,1,4,43
3,2,1,1,4,43
3,2,1,1,4,43
3,2,1,1,4,43
3,2,1,1,4,43
3,2,1,1,4,43
3,2,1,1,4,43
3,2,1,1,4,43
3,2,1,1,4,43
3,2,1,1,4,43
3,2,1,1,4,43
3,2,1,1,4,43
3,2,1,1,4,43
3,2,1,1,4,43
3,2,1,1,4,43
3,2,1,1,4,43
3,2,1,1,4,43
3,2,1,1,4,43
3,2,1,1,4,43
3,2,1,1,4,43
3,2,1,1,4,43
3,2,1,1,4,43
3,2,1,1,4,43
3,2,1,1,4,43
3,2,1,1,4,43
3,2,1,1,4,43
3,2,1,1,4,43
0,0,0,0,0,44
1,0,0,0,0,44
1,0,0,0,0,44
2,0,0,0,0,44
3,0,0,0,0,44
3,0,0,1,0,44
3,0,0,1,0,44
3,0,0,1,0,44
3,0,0,1,0,44
3,0,0,1,0,44
3,1,0,1,0,44
3,2,0,1,0,44
3,2,0,1,0,44
3,2,0,1,1,44
3,2,0,1,1,44
3,2,0,1,1,44
3,2,0,1,1,44
3,2,0,1,1,44
3,2,0,1,1,44
3,2,0,1,2,44
3,2,0,1,2,44
3,2,0,1,2,44
3,2,0,1,2,44
3,2,0,1,2,44
3,2,0,1,2,44
3,2,0,1,2,44
3,2,0,1,2,44
3,2,0,1,2,44
3,2,0,1,2,44
3,2,0,1,2,44
3,2,0,1,2,44
3,2,0,1,2,44
3,2,0,1,2,44
3,2,0,1,2,44
3,2,0,1,2,44
3,2,0,1,2,44
3,1,0,1,2,44
3,1,0,1,2,44
3,1,0,1,2,44
2,1,0,1,2,44
2,1,0,1,2,44
2,1,0,1,2,44
2,1,0,1,2,44
2,1,0,1,2,44
2,1,0,1,2,44
2,1,0,1,2,44
2,1,0,1,2,44
2,1,0,1,2,44
2,1,0,1,2,44
2,1,0,1,2,44
2,1,0,1,2,44
2,1,0,1,2,44
2,1,0,1,2,44
2,1,0,1,2,44
2,1,0,1,2,44
2,1,0,1,2,44
2,1,0,1,2,44
2,1,0,1,2,44
2,1,0,1,2,44
2,1,0,1,2,44
2,1,0,1,2,44
2,1,0,1,2,44
2,1,0,1,2,44
2,1,0,1,2,44
2,1,0,1,2,44
2,1,0,1,2,44
2,1,0,1,2,44
2,1,0,1,2,44
2,1,0,1,2,44
2,1,0,1,2,44
2,1,0,1,2,44
2,1,0,1,2,44
2,1,0,1,2,44
2,1,0,1,2,44
2,1,0,1,2,44
2,1,0,1,2,44
2,1,0,1,2,44
2,1,0,1,2,44
2,1,0,1,2,44
2,1,0,1,2,44
2,1,0,1,2,44
2,1,0,1,2,44
2,1,0,1,2,44
2,1,0,1,1,44
2,1,0,1,1,44
2,1,0,1,1,44
2,1,0,1,1,44
2,1,0,1,1,44
2,1,0,1,1,44
2,1,0,1,2,44
2,1,0,1,2,44
2,1,0,1,2,44
2,1,0,1,2,44
2,1,0,1,2,44
2,1,0,1,2,44
2,1,0,1,2,44
2,1,0,1,2,44
2,1,0,1,2,44
2,1,0,1,2,44
2,1,0,1,2,44
0,0,0,0,0,45
0,0,0,1,0,45
1,0,0,1,0,45
2,0,0,1,0,45
3,0,0,1,0,45
3,0,0,1,0,45
3,0,0,1,0,45
3,0,0,1,0,45
3,0,0,1,0,45
3,0,0,1,0,45
3,0,0,1,0,45
3,1,0,1,0,45
3,1,0,1,0,45
3,1,0,1,0,45
3,1,0,1,1,45
3,1,0,1,1,45
3,1,0,1,1,45
3,2,0,1,1,45
3,2,0,1,1,45
3,2,0,1,1,45
3,2,0,1,2,45
3,2,0,1,2,45
3,2,0,1,2,45
3,2,0,1,2,45
3,2,0,1,2,45
3,2,0,1,2,45
3,2,0,1,2,45
3,2,0,1,2,45
3,2,0,1,2,45
3,2,0,1,2,45
3,2,0,1,2,45
3,2,0,1,2,45
3,2,0,1,2,45
3,2,0,1,2,45
3,2,0,1,2,45
3,2,0,1,2,45
3,2,0,1,2,45
3,2,0,1,2,45
3,2,0,1,2,45
3,2,0,1,2,45
3,2,0,1,2,45
3,2,0,1,2,45
3,2,0,1,2,45
3,2,0,1,2,45
3,2,0,1,2,45
3,2,0,1,2,45
3,2,0,1,2,45
3,2,0,1,2,45
3,2,0,1,2,45
3,2,0,1,2,45
3,2,0,1,2,45
3,2,0,1,2,45
3,2,0,1,2,45
3,2,0,1,2,45
3,2,0,1,2,45
3,2,0,1,2,45
3,2,0,1,2,45
3,2,0,1,2,45
3,2,0,1,2,45
3,2,0,1,2,45
3,2,0,1,2,45
3,2,0,1,2,45
3,2,0,1,2,45
3,2,0,1,2,45
3,2,0,1,2,45
3,2,0,1,2,45
3,2,0,1,2,45
3,2,0,1,2,45
3,2,0,1,2,45
3,2,0,1,2,45
3,2,0,1,2,45
3,2,0,1,2,45
3,2,0,1,2,45
3,2,0,1,2,45
3,2,0,1,2,45
3,2,0,1,2,45
3,2,0,1,2,45
3,2,0,1,2,45
3,2,0,1,2,45
3,2,0,1,2,45
3,2,0,1,2,45
3,2,0,1,2,45
3,2,0,1,2,45
3,2,0,1,2,45
3,2,0,1,2,45
3,2,0,1,2,45
3,2,0,1,2,45
3,2,0,1,2,45
3,2,0,1,2,45
3,2,0,1,2,45
3,2,0,1,2,45
3,2,0,1,2,45
3,2,0,1,2,45
3,2,0,1,2,45
3,2,0,1,2,45
3,2,0,1,2,45
3,2,0,1,2,45
3,2,0,1,2,45
3,2,0,1,2,45
3,2,0,1,2,45
0,0,0,0,0,46
1,0,0,0,0,46
1,0,1,0,0,46
1,0,1,0,0,46
1,0,1,0,0,46
1,0,1,0,0,46
1,0,1,0,0,46
1,0,1,0,0,46
1,1,0,0,0,46
1,1,1,0,0,46
2,1,1,0,0,46
2,1,1,0,1,46
2,1,1,1,1,46
2,1,1,1,1,46
2,1,1,2,1,46
2,0,1,2,2,46
2,0,1,2,2,46
2,0,1,2,2,46
2,1,1,2,2,46
2,1,1,2,3,46
2,1,1,2,3,46
2,1,1,2,3,46
2,2,1,2,3,46
2,2,1,2,3,46
2,2,2,2,3,46
2,2,2,2,3,46
3,2,2,2,3,46
3,3,2,2,3,46
3,4,2,2,3,46
3,5,2,2,3,46
3,5,2,2,3,46
3,5,2,2,3,46
3,5,2,2,3,46
4,5,2,2,3,46
4,5,2,2,3,46
4,5,2,2,3,46
5,4,2,2,3,46
5,4,3,2,3,46
4,5,3,2,3,46
4,5,2,3,3,46
4,5,2,3,3,46
4,5,2,3,3,46
4,6,2,3,3,46
4,6,2,3,3,46
4,7,2,3,3,46
4,7,2,3,3,46
4,6,3,3,3,46
4,6,4,3,3,46
5,6,4,3,3,46
5,6,4,3,3,46
5,6,4,3,3,46
5,6,4,3,3,46
5,6,4,3,3,46
6,6,4,3,2,46
6,6,4,3,2,46
6,6,4,3,2,46
6,6,4,3,2,46
6,6,4,3,3,46
7,6,4,3,3,46
7,6,4,3,3,46
7,6,4,3,3,46
7,6,4,3,3,46
7,5,5,3,3,46
7,5,5,4,3,46
7,5,5,4,3,46
7,5,5,3,3,46
7,5,5,4,3,46
7,5,5,4,4,46
7,6,5,4,4,46
7,6,6,4,4,46
8,6,6,4,4,46
8,7,6,4,4,46
8,7,6,4,5,46
8,8,6,4,5,46
8,8,6,4,5,46
8,8,7,3,5,46
8,9,7,3,5,46
8,9,7,3,5,46
9,9,7,3,5,46
9,9,7,3,5,46
9,9,7,3,6,46
9,9,8,3,5,46
9,9,8,3,5,46
9,9,8,3,6,46
9,9,8,3,6,46
9,10,8,3,6,46
9,10,8,3,7,46
9,10,8,4,7,46
9,10,8,4,7,46
9,10,8,4,7,46
8,10,9,4,7,46
8,10,9,4,7,46
8,10,9,4,7,46
9,10,9,4,7,46
9,10,9,4,7,46
9,11,9,4,6,46
9,11,9,4,6,46
10,10,9,4,6,46
10,10,9,4,6,46
10,10,9,4,6,46
0,0,0,0,0,47
0,0,0,0,0,47
0,0,0,1,0,47
0,0,0,1,0,47
0,0,0,1,0,47
0,0,0,1,0,47
0,0,1,1,0,47
1,0,1,1,0,47
2,0,1,1,0,47
2,0,1,1,1,47
3,0,1,1,1,47
3,0,1,1,1,47
3,0,1,1,1,47
3,1,1,1,1,47
3,1,1,1,1,47
3,1,1,1,1,47
3,1,1,1,1,47
3,1,1,1,1,47
3,1,1,1,2,47
3,2,1,1,2,47
3,2,1,2,2,47
3,2,1,2,2,47
4,2,1,2,2,47
4,2,1,2,3,47
4,2,1,2,3,47
4,2,1,2,3,47
4,2,1,2,3,47
4,2,1,2,2,47
4,2,1,2,3,47
4,3,1,2,3,47
4,3,1,2,3,47
4,4,1,2,3,47
4,4,1,2,3,47
4,4,1,2,3,47
4,4,1,2,3,47
4,4,2,2,3,47
4,4,2,2,3,47
4,4,2,2,3,47
4,5,2,2,3,47
4,5,2,2,3,47
4,5,2,2,3,47
4,4,3,2,3,47
4,4,3,2,3,47
4,4,3,2,3,47
4,4,3,2,3,47
4,4,3,2,3,47
4,4,3,2,3,47
4,4,3,2,4,47
4,4,3,2,4,47
4,4,3,2,4,47
4,4,3,2,4,47
4,4,3,2,4,47
4,4,4,2,4,47
4,4,3,2,4,47
4,4,3,2,4,47
4,4,3,2,4,47
4,4,3,2,4,47
4,4,3,2,4,47
4,4,3,2,4,47
4,4,3,2,4,47
4,4,3,2,4,47
4,4,3,2,4,47
4,4,3,2,4,47
4,4,2,2,5,47
4,4,2,2,5,47
4,4,2,2,5,47
4,4,2,2,5,47
4,4,2,2,5,47
4,4,2,2,5,47
4,4,2,2,6,47
4,4,2,2,6,47
4,4,2,2,6,47
4,4,2,2,6,47
4,4,2,2,6,47
4,4,2,2,6,47
4,4,2,2,5,47
4,4,2,2,5,47
4,4,3,2,5,47
4,4,3,2,5,47
4,4,3,2,5,47
4,4,3,2,5,47
4,4,3,2,6,47
4,4,3,2,6,47
4,4,3,2,6,47
4,4,3,2,6,47
4,4,3,2,6,47
4,4,3,2,6,47
4,4,3,2,6,47
4,4,3,2,6,47
4,3,3,2,6,47
4,3,4,2,6,47
4,3,4,2,6,47
4,3,4,2,6,47
4,3,4,2,6,47
4,3,4,2,6,47
4,3,4,2,6,47
4,3,4,2,6,47
4,3,4,2,6,47
4,3,4,2,6,47
4,3,4,2,6,47
0,0,0,0,0,48
0,0,0,0,0,48
1,0,0,0,0,48
2,0,0,0,0,48
2,0,0,0,0,48
2,0,1,0,0,48
2,0,1,1,0,48
2,0,1,1,1,48
2,0,1,1,2,48
2,0,1,1,2,48
2,0,1,1,2,48
2,0,1,1,2,48
2,0,1,1,2,48
2,0,1,1,2,48
2,0,1,1,2,48
2,0,1,1,2,48
0,0,0,0,0,49
0,0,0,1,0,49
0,0,1,1,0,49
0,0,1,1,0,49
0,0,1,1,0,49
0,0,1,1,0,49
1,0,1,1,0,49
2,0,1,1,0,49
3,0,1,1,0,49
3,1,1,1,0,49
3,1,1,1,0,49
3,1,1,1,0,49
3,1,1,1,1,49
3,1,1,1,1,49
3,1,1,1,1,49
3,1,1,1,1,49
3,1,1,1,1,49
3,1,1,1,1,49
0,0,0,0,0,50
0,0,0,0,1,50
0,0,1,0,1,50
0,1,1,0,1,50
0,1,1,1,1,50
0,1,1,1,1,50
0,1,1,1,2,50
0,1,1,1,2,50
0,1,1,1,3,50
0,1,1,1,3,50
0,1,1,1,3,50
0,1,1,1,3,50
0,2,1,1,3,50
1,2,1,1,3,50
1,2,1,1,3,50
1,2,1,1,3,50
2,2,1,1,3,50
2,2,1,1,4,50
2,2,1,1,4,50
2,2,1,1,4,50
2,2,1,1,4,50
2,2,1,1,4,50
2,2,1,1,4,50
3,2,1,1,4,50
3,2,1,1,4,50
3,2,1,1,4,50
3,2,1,1,4,50
3,2,1,1,4,50
3,2,1,1,4,50
3,2,1,1,4,50
3,2,1,1,4,50
3,2,1,1,4,50
3,2,1,1,4,50
2,2,1,1,4,50
2,2,1,1,4,50
2,2,1,1,4,50
2,2,1,1,4,50
3,2,1,1,4,50
3,2,1,1,4,50
3,2,1,1,4,50
3,2,1,1,4,50
3,2,1,1,4,50
3,2,1,1,4,50
3,2,1,1,4,50
3,2,1,1,4,50
3,2,1,1,4,50
3,3,1,1,4,50
3,3,1,1,4,50
3,3,1,1,5,50
3,3,1,1,4,50
3,3,1,1,4,50
3,3,1,1,4,50
3,3,1,1,4,50
3,3,1,1,4,50
3,3,1,1,4,50
3,3,1,1,4,50
3,3,1,1,4,50
3,3,1,1,5,50
3,3,1,1,5,50
3,3,1,1,5,50
3,3,1,1,5,50
3,3,1,1,5,50
3,3,1,2,5,50
3,3,1,2,5,50
3,3,1,2,5,50
3,3,1,2,5,50
3,3,1,2,5,50
3,3,1,2,5,50
3,3,1,2,5,50
3,3,1,2,5,50
3,3,1,2,5,50
3,3,1,2,5,50
3,4,1,2,5,50
3,4,1,2,5,50
3,4,1,2,5,50
3,4,1,2,5,50
3,4,1,2,5,50
3,4,1,2,5,50
3,4,1,2,5,50
3,4,1,2,5,50
3,4,1,2,5,50
3,4,1,2,5,50
3,4,1,2,5,50
2,4,1,2,6,50
2,4,1,2,6,50
2,4,1,2,6,50
2,4,1,2,6,50
2,4,1,2,6,50
2,4,1,2,6,50
2,4,1,2,6,50
2,4,1,2,6,50
2,4,1,2,6,50
2,4,1,2,6,50
2,4,1,2,6,50
2,4,1,2,6,50
2,4,1,2,6,50
2,4,1,2,6,50
2,4,1,2,6,50
2,4,1,2,6,50
3,4,1,2,6,50
0,0,0,0,0,51
0,0,0,1,0,51
0,0,0,1,0,51
0,0,0,1,1,51
0,1,0,1,1,51
0,1,0,1,2,51
0,1,0,1,2,51
0,1,0,1,3,51
0,1,0,1,3,51
0,2,0,1,3,51
0,3,0,1,3,51
0,3,0,1,3,51
0,3,0,1,3,51
0,3,0,1,3,51
0,3,0,1,3,51
1,3,0,1,3,51
1,3,0,1,3,51
1,3,0,1,3,51
1,3,0,1,3,51
1,3,0,1,3,51
1,3,0,1,3,51
1,3,0,1,3,51
1,3,0,1,3,51
1,3,0,1,3,51
1,3,0,1,3,51
1,3,0,1,3,51
1,3,0,1,3,51
1,3,0,1,3,51
1,3,0,1,3,51
1,3,0,1,3,51
1,3,0,1,3,51
1,3,0,1,3,51
1,3,0,1,3,51
1,3,0,1,3,51
1,3,0,1,3,51
1,3,0,1,3,51
1,3,0,1,3,51
1,3,0,1,3,51
1,3,0,1,3,51
1,3,0,1,3,51
1,3,0,1,3,51
1,3,0,1,3,51
1,3,0,1,3,51
1,3,0,1,3,51
1,3,0,1,3,51
1,3,0,1,3,51
1,3,0,1,3,51
1,3,0,1,3,51
1,3,0,1,3,51
1,3,0,1,3,51
1,3,0,1,3,51
1,3,0,1,3,51
1,3,0,1,3,51
1,3,0,1,3,51
1,3,0,1,3,51
1,3,0,1,3,51
1,3,0,1,3,51
1,3,0,1,3,51
1,3,0,1,3,51
1,3,0,1,3,51
1,3,0,1,3,51
1,3,0,1,3,51
1,3,0,1,3,51
1,3,0,1,3,51
1,3,0,1,3,51
1,3,0,1,3,51
1,3,0,1,3,51
1,3,0,1,3,51
1,3,0,1,3,51
1,3,0,1,3,51
1,3,0,1,3,51
1,3,0,1,3,51
1,3,0,1,3,51
1,3,0,1,3,51
1,3,0,1,3,51
1,3,0,1,3,51
1,3,0,1,3,51
1,3,0,1,3,51
1,3,0,1,3,51
1,3,0,1,3,51
1,3,0,1,3,51
1,3,0,1,3,51
1,3,0,1,3,51
1,3,0,1,3,51
1,3,0,1,3,51
1,3,0,1,3,51
1,3,0,1,3,51
1,3,0,1,3,51
1,3,0,1,3,51
1,3,0,1,3,51
1,3,0,1,3,51
1,3,0,1,3,51
1,3,0,1,3,51
1,3,0,1,3,51
1,3,0,1,3,51
1,3,0,1,3,51
1,3,0,1,3,51
1,3,0,1,3,51
1,3,0,1,3,51
1,3,0,1,3,51
0,0,0,0,0,52
0,0,0,0,0,52
0,0,0,0,1,52
0,0,1,0,1,52
0,0,1,0,2,52
0,0,1,0,2,52
0,0,1,1,2,52
0,0,1,1,2,52
1,0,1,1,2,52
1,1,1,1,2,52
1,1,1,1,2,52
1,1,1,1,2,52
1,1,1,1,3,52
1,2,1,0,3,52
2,2,1,0,3,52
2,2,1,0,3,52
2,2,1,0,3,52
2,2,1,0,3,52
2,2,1,0,3,52
2,2,1,0,3,52
2,2,1,0,3,52
2,2,1,0,3,52
2,2,1,0,3,52
2,2,1,0,3,52
2,2,1,0,3,52
2,2,1,0,3,52
2,2,1,0,3,52
2,2,1,0,3,52
2,2,1,0,3,52
2,2,1,0,3,52
2,2,1,0,3,52
2,2,1,0,3,52
2,2,1,0,3,52
2,2,1,0,3,52
2,2,1,0,3,52
2,2,1,0,3,52
2,2,1,0,3,52
2,2,1,0,3,52
2,2,1,0,3,52
2,2,1,0,3,52
2,2,1,0,3,52
2,2,1,0,3,52
2,2,1,0,2,52
2,2,1,0,2,52
2,2,1,0,2,52
2,2,1,0,2,52
2,2,1,0,2,52
2,2,1,0,2,52
2,2,1,0,2,52
2,2,1,0,2,52
2,2,1,0,2,52
2,2,1,0,2,52
2,2,1,0,2,52
2,2,1,0,2,52
2,2,1,0,2,52
2,2,1,0,2,52
2,2,1,0,2,52
2,2,1,0,2,52
2,2,1,0,2,52
2,2,1,0,2,52
2,2,1,0,2,52
2,2,1,0,2,52
2,2,1,0,2,52
2,2,1,0,2,52
2,2,1,0,2,52
2,2,1,0,2,52
2,2,1,0,2,52
2,2,1,0,2,52
2,2,1,0,2,52
2,2,1,0,2,52
2,2,1,0,2,52
2,2,1,0,2,52
2,2,1,0,2,52
2,2,1,0,2,52
2,2,1,0,2,52
2,2,1,0,2,52
2,2,1,0,2,52
2,2,1,0,2,52
2,2,1,0,2,52
2,2,1,0,2,52
2,2,1,0,2,52
2,2,1,0,2,52
2,1,1,0,2,52
2,1,1,0,2,52
2,2,1,0,2,52
2,2,1,0,2,52
2,2,1,0,2,52
2,2,1,0,2,52
2,2,1,0,2,52
2,2,1,0,2,52
2,2,1,0,2,52
2,2,1,0,2,52
2,2,1,0,2,52
2,2,1,0,2,52
2,2,1,0,2,52
2,2,1,0,2,52
2,2,1,0,2,52
2,2,1,0,2,52
2,2,1,0,2,52
2,2,1,0,2,52
0,0,0,0,0,53
0,0,1,0,0,53
0,1,1,0,0,53
0,1,1,0,0,53
1,1,1,0,0,53
1,1,1,0,0,53
1,1,1,0,1,53
1,2,1,0,1,53
1,1,1,0,2,53
1,1,1,0,3,53
1,1,1,0,4,53
2,1,1,0,4,53
2,1,1,0,4,53
2,1,1,0,4,53
2,1,1,0,4,53
2,1,1,0,4,53
2,1,1,0,4,53
2,1,1,0,4,53
2,1,1,0,4,53
2,1,1,0,4,53
2,1,1,0,4,53
2,1,1,0,4,53
2,1,1,0,4,53
2,1,1,0,4,53
2,1,1,0,4,53
2,1,1,0,4,53
2,1,1,0,4,53
2,1,1,0,4,53
2,1,1,0,4,53
2,1,1,0,4,53
2,1,1,0,4,53
2,1,1,0,4,53
2,1,1,0,4,53
2,1,1,0,4,53
2,1,1,0,4,53
2,1,1,0,4,53
2,1,1,0,4,53
2,1,1,0,4,53
2,1,1,0,4,53
2,1,1,0,4,53
2,1,1,0,4,53
2,1,1,0,4,53
2,1,1,0,4,53
2,1,1,0,4,53
2,1,1,0,4,53
2,1,1,0,4,53
2,1,1,0,4,53
2,1,1,0,4,53
2,1,1,0,4,53
2,1,1,0,4,53
2,1,1,0,4,53
1,1,1,0,4,53
1,1,1,0,4,53
1,1,1,0,4,53
1,1,1,0,4,53
1,1,1,0,4,53
1,1,1,0,4,53
1,1,1,0,4,53
1,1,1,0,4,53
1,1,1,0,4,53
1,1,1,0,4,53
1,1,1,0,4,53
1,1,1,0,4,53
1,1,1,0,4,53
1,1,1,0,4,53
1,1,1,0,4,53
1,1,1,0,4,53
1,1,1,0,4,53
1,1,1,0,4,53
1,1,1,0,4,53
1,1,1,0,4,53
1,1,1,0,4,53
1,1,1,0,4,53
1,1,1,0,4,53
1,1,1,0,4,53
1,1,1,0,4,53
1,1,1,0,4,53
1,1,1,0,4,53
1,1,1,0,4,53
1,1,1,0,4,53
1,1,1,0,4,53
1,1,1,0,4,53
1,1,1,0,4,53
1,1,1,0,4,53
1,1,1,0,4,53
1,1,1,0,3,53
1,1,1,0,3,53
1,1,1,0,3,53
1,1,1,0,3,53
1,1,1,0,3,53
1,1,1,0,3,53
1,1,1,0,3,53
1,1,1,0,3,53
1,1,1,0,3,53
1,1,1,0,3,53
1,1,1,0,3,53
1,1,1,0,3,53
1,1,1,0,3,53
1,1,1,0,3,53
1,1,1,0,3,53
0,0,0,0,0,54
0,0,0,0,1,54
0,0,1,0,1,54
0,0,1,0,1,54
0,0,1,1,1,54
0,1,1,1,1,54
0,1,1,1,1,54
1,1,1,1,1,54
1,1,1,1,1,54
2,1,1,1,1,54
3,1,1,1,1,54
3,1,1,1,1,54
3,1,1,1,1,54
3,1,1,1,1,54
3,1,1,1,1,54
3,1,1,1,1,54
3,1,1,1,1,54
3,1,1,1,1,54
3,1,1,1,1,54
3,1,1,1,1,54
3,1,1,1,1,54
3,1,1,1,1,54
3,1,1,1,1,54
3,1,1,1,1,54
3,1,1,1,1,54
3,1,1,1,1,54
3,1,1,1,1,54
3,1,1,1,1,54
3,1,1,1,1,54
3,1,1,1,1,54
3,1,1,1,1,54
3,1,1,1,1,54
3,1,1,1,1,54
3,1,1,1,1,54
3,1,1,1,1,54
3,1,1,1,1,54
3,1,1,1,1,54
3,1,1,1,1,54
3,1,1,1,1,54
3,1,1,1,1,54
3,1,1,1,1,54
3,1,1,1,1,54
3,1,1,1,1,54
3,1,1,1,1,54
3,1,1,1,1,54
3,1,1,1,1,54
3,1,1,1,1,54
3,1,1,1,1,54
3,1,1,1,1,54
3,1,1,1,1,54
3,1,1,1,1,54
3,1,1,1,1,54
3,1,1,1,1,54
3,1,1,1,1,54
3,1,1,1,1,54
3,1,1,1,1,54
3,1,1,1,1,54
3,1,1,1,1,54
3,1,1,1,1,54
3,1,1,1,1,54
3,1,1,1,1,54
3,1,1,1,1,54
3,1,1,1,1,54
3,1,1,1,1,54
3,1,1,1,1,54
3,1,1,1,1,54
3,1,1,1,1,54
3,1,1,1,1,54
3,1,1,1,1,54
3,1,1,1,1,54
3,1,1,1,1,54
3,1,1,1,1,54
3,1,1,1,1,54
3,1,1,1,1,54
3,1,1,1,1,54
3,1,1,1,1,54
3,1,1,1,1,54
3,1,1,1,1,54
3,1,1,1,1,54
3,1,1,1,1,54
3,1,1,1,1,54
3,1,1,1,1,54
3,1,1,1,1,54
3,1,1,1,1,54
3,1,1,1,1,54
3,1,1,1,1,54
3,1,1,1,1,54
3,1,1,1,1,54
3,1,1,1,1,54
3,1,1,1,1,54
3,1,1,1,1,54
3,1,1,1,1,54
3,1,1,1,1,54
3,1,1,1,1,54
3,1,1,1,1,54
3,1,1,1,1,54
3,1,1,1,1,54
3,1,1,1,1,54
3,1,1,1,1,54
3,1,1,1,1,54
0,0,0,0,0,55
1,0,0,0,0,55
1,0,0,0,0,55
1,0,0,0,0,55
2,0,0,0,0,55
3,0,0,0,0,55
3,0,0,0,0,55
3,0,0,0,0,55
3,0,0,0,0,55
3,1,0,0,0,55
3,1,0,0,0,55
3,2,0,0,0,55
3,2,0,0,0,55
3,2,0,0,0,55
3,3,0,0,0,55
3,3,0,0,0,55
3,3,0,0,1,55
3,3,0,0,1,55
3,3,0,0,1,55
3,3,0,0,1,55
3,3,0,0,1,55
3,3,0,0,1,55
3,3,0,0,1,55
3,3,0,0,1,55
3,3,0,0,1,55
3,3,0,0,1,55
3,3,0,0,1,55
3,3,0,0,1,55
3,3,0,0,1,55
3,3,0,0,1,55
3,3,0,0,1,55
3,3,0,0,1,55
3,3,0,0,1,55
3,3,0,0,1,55
3,3,0,0,1,55
3,3,0,0,1,55
3,3,0,0,1,55
3,3,0,0,1,55
3,3,0,0,1,55
3,3,0,0,1,55
3,3,0,0,1,55
3,3,0,0,1,55
3,3,0,0,1,55
3,3,0,0,1,55
3,3,0,0,1,55
3,3,0,0,1,55
3,3,0,0,1,55
3,3,0,0,1,55
3,3,0,0,1,55
3,3,0,0,1,55
3,3,0,0,1,55
3,3,0,0,1,55
3,3,0,0,1,55
3,3,0,0,1,55
3,3,0,0,1,55
3,3,0,0,1,55
3,3,0,0,1,55
3,3,0,0,1,55
3,3,0,0,1,55
3,3,0,0,1,55
3,3,0,0,1,55
3,3,0,0,1,55
3,3,0,0,1,55
3,3,0,0,1,55
3,3,0,0,1,55
3,3,0,0,1,55
3,3,0,0,1,55
3,3,0,0,1,55
3,3,0,0,1,55
3,3,0,0,1,55
3,3,0,0,1,55
3,3,0,0,1,55
3,3,0,0,1,55
3,3,0,0,1,55
3,3,0,0,1,55
3,3,0,0,1,55
3,3,0,0,1,55
3,3,0,0,1,55
3,3,0,0,1,55
3,3,0,0,1,55
3,3,0,0,1,55
3,3,0,0,1,55
3,3,0,0,1,55
3,3,0,0,1,55
3,3,0,0,1,55
3,3,0,0,1,55
3,3,0,0,1,55
3,3,0,0,1,55
3,3,0,0,1,55
3,3,0,0,1,55
3,3,0,0,1,55
3,3,0,0,1,55
3,3,0,0,1,55
3,3,0,0,1,55
3,3,0,0,1,55
3,3,0,0,1,55
3,3,0,0,1,55
3,3,0,0,1,55
3,3,0,0,1,55
3,3,0,0,1,55
0,0,0,0,0,56
0,1,0,0,0,56
0,1,0,0,1,56
0,1,0,0,2,56
0,1,1,0,2,56
1,1,1,0,2,56
1,1,1,0,2,56
1,1,1,0,3,56
2,1,1,0,3,56
2,2,1,0,3,56
2,2,1,0,3,56
2,2,1,0,4,56
2,2,1,0,4,56
2,2,1,0,4,56
2,2,1,0,4,56
2,2,1,0,4,56
2,2,1,0,4,56
2,2,1,0,4,56
2,2,1,0,4,56
2,2,1,0,4,56
2,2,1,0,4,56
2,2,1,0,4,56
2,2,1,0,4,56
2,2,1,0,4,56
2,2,1,0,4,56
2,2,1,0,4,56
2,2,1,0,4,56
2,2,1,0,4,56
2,2,1,0,4,56
2,2,1,0,4,56
2,2,1,0,4,56
2,2,1,0,4,56
2,2,1,0,4,56
2,2,1,0,4,56
2,2,1,0,4,56
2,2,1,0,4,56
2,2,1,0,4,56
2,2,1,0,4,56
2,2,1,0,4,56
2,2,1,0,4,56
2,2,1,0,4,56
2,2,1,0,4,56
2,2,1,0,4,56
2,2,1,0,4,56
2,2,1,0,4,56
2,2,1,0,4,56
2,2,1,0,4,56
2,2,1,0,4,56
2,2,1,0,4,56
2,2,1,0,4,56
2,2,1,0,4,56
2,2,1,0,4,56
2,2,1,0,4,56
2,2,1,0,4,56
2,2,1,0,4,56
2,2,1,0,4,56
2,2,1,0,4,56
2,2,1,0,4,56
2,2,1,0,4,56
2,2,1,0,4,56
2,2,1,0,4,56
2,2,1,0,4,56
2,2,1,0,4,56
2,2,1,0,4,56
2,2,1,0,4,56
2,2,1,0,4,56
2,2,1,0,4,56
2,2,1,0,4,56
2,2,1,0,4,56
2,2,1,0,4,56
2,2,1,0,4,56
2,2,1,0,4,56
2,2,1,0,4,56
2,2,1,0,4,56
2,2,1,0,4,56
2,2,1,0,4,56
2,2,1,0,4,56
2,2,1,0,4,56
2,2,1,0,4,56
2,2,1,0,4,56
2,2,0,0,4,56
2,2,0,0,4,56
2,2,0,0,4,56
2,2,0,0,4,56
2,2,0,0,4,56
2,2,0,0,4,56
2,2,0,0,4,56
2,2,0,0,4,56
2,2,0,0,4,56
2,2,0,0,4,56
2,2,1,0,4,56
2,2,1,0,4,56
2,2,1,0,4,56
2,2,1,0,4,56
2,2,1,0,4,56
2,2,1,0,4,56
2,2,1,0,4,56
2,2,1,0,4,56
2,2,1,0,4,56
2,2,1,0,4,56
0,0,0,0,0,57
0,0,1,0,0,57
0,0,1,1,0,57
0,0,1,1,1,57
0,0,1,1,1,57
0,1,1,1,1,57
0,1,1,1,1,57
0,1,1,1,1,57
0,2,1,1,1,57
0,2,1,1,1,57
0,2,1,1,1,57
0,2,1,1,1,57
0,2,1,1,1,57
0,2,1,1,2,57
1,2,1,1,2,57
1,2,1,1,2,57
1,2,1,1,2,57
1,2,1,1,2,57
1,2,1,1,2,57
1,2,1,1,2,57
1,2,1,1,2,57
1,2,1,1,2,57
1,2,1,1,2,57
1,2,1,1,2,57
1,2,1,1,2,57
1,2,1,1,2,57
1,2,1,1,2,57
1,2,1,1,2,57
1,2,1,1,2,57
1,2,1,1,2,57
1,2,1,1,2,57
1,2,1,1,2,57
1,2,1,1,2,57
1,2,1,1,2,57
1,2,1,1,2,57
1,2,1,1,2,57
1,2,1,1,2,57
1,2,1,1,2,57
1,2,1,1,2,57
1,2,1,1,2,57
1,2,1,1,2,57
1,2,1,1,2,57
1,2,1,1,2,57
1,2,1,1,2,57
1,2,1,1,2,57
1,2,1,1,2,57
1,2,1,1,2,57
1,2,1,1,2,57
1,2,1,1,2,57
1,2,1,1,2,57
1,2,1,1,2,57
1,2,1,1,2,57
1,2,1,1,2,57
1,2,1,1,2,57
1,2,1,1,2,57
1,2,1,1,2,57
1,2,1,1,2,57
1,2,1,1,2,57
1,2,1,1,2,57
1,2,1,1,2,57
1,2,1,1,2,57
1,2,1,1,2,57
1,2,1,1,2,57
1,2,1,1,2,57
1,2,1,1,2,57
1,2,1,1,2,57
1,2,1,1,2,57
1,2,1,1,2,57
1,2,1,1,2,57
1,2,1,1,2,57
1,2,1,1,2,57
1,2,1,1,2,57
1,2,1,1,2,57
1,2,1,1,2,57
1,2,1,1,2,57
1,2,1,1,2,57
1,2,1,1,2,57
1,2,1,1,2,57
1,2,1,1,2,57
1,2,1,1,2,57
1,2,1,1,2,57
1,2,1,1,2,57
1,2,1,1,2,57
1,2,1,1,2,57
1,2,1,1,2,57
1,2,1,1,2,57
1,2,1,1,2,57
1,2,1,1,2,57
1,2,1,1,2,57
1,2,1,1,2,57
1,2,1,1,2,57
1,2,1,1,2,57
1,2,1,1,2,57
1,2,1,1,2,57
1,2,1,1,2,57
1,2,1,1,2,57
1,2,1,1,2,57
1,2,1,1,2,57
1,2,1,1,2,57
1,2,1,1,2,57
0,0,0,0,0,58
0,0,0,0,0,58
0,0,0,0,1,58
0,0,0,0,1,58
0,1,0,0,1,58
0,2,0,0,1,58
0,3,0,0,1,58
1,3,0,0,1,58
1,3,0,0,1,58
2,3,0,0,1,58
2,3,0,0,1,58
2,3,0,0,1,58
2,3,0,1,1,58
2,3,0,1,1,58
2,3,0,1,1,58
2,3,0,1,1,58
2,3,0,1,2,58
2,3,0,1,2,58
2,3,0,1,2,58
2,3,0,1,2,58
2,3,0,1,2,58
2,3,0,1,2,58
2,3,0,1,2,58
2,3,0,1,3,58
2,3,0,1,3,58
2,3,0,1,3,58
2,3,0,1,3,58
2,3,0,1,3,58
2,3,0,1,3,58
2,3,0,1,3,58
2,3,0,1,3,58
2,3,0,1,3,58
2,3,0,1,3,58
2,3,0,1,3,58
2,3,0,1,3,58
2,3,0,1,3,58
2,3,0,1,3,58
2,3,0,1,3,58
2,3,0,1,3,58
2,3,0,1,3,58
2,3,0,1,3,58
2,3,0,1,3,58
2,3,0,1,3,58
2,3,0,1,3,58
2,3,0,1,3,58
2,3,0,1,3,58
2,3,0,1,3,58
2,3,0,1,3,58
2,3,0,1,3,58
2,3,0,1,3,58
2,3,0,1,3,58
2,3,0,1,3,58
2,3,0,1,3,58
2,3,0,1,3,58
2,3,0,1,3,58
2,3,0,1,3,58
2,3,0,1,3,58
2,3,0,1,3,58
2,3,0,1,3,58
2,3,0,1,3,58
2,3,0,1,3,58
2,3,0,1,3,58
2,3,0,1,3,58
2,3,0,1,3,58
2,3,0,1,3,58
2,3,0,1,3,58
2,3,0,1,3,58
2,3,0,1,3,58
2,2,0,1,3,58
2,2,0,1,3,58
2,2,0,1,3,58
2,2,0,1,3,58
2,2,0,1,3,58
2,2,0,1,3,58
2,2,0,1,3,58
2,2,0,1,3,58
2,2,0,1,3,58
2,2,0,1,3,58
2,2,0,1,3,58
2,2,0,1,3,58
2,2,0,1,3,58
2,2,0,1,3,58
2,2,0,1,3,58
2,2,0,1,3,58
2,2,0,1,3,58
2,2,0,1,3,58
2,2,0,1,3,58
2,2,0,1,3,58
2,2,0,1,3,58
2,2,0,1,3,58
2,2,0,1,3,58
2,2,0,1,3,58
2,2,0,1,3,58
2,2,0,1,3,58
2,2,0,1,3,58
2,2,0,1,3,58
2,2,0,1,3,58
1,2,0,1,3,58
1,2,0,1,3,58
1,2,0,1,3,58
0,0,0,0,0,59
0,0,0,0,0,59
0,0,0,0,1,59
0,0,0,0,1,59
0,0,1,0,1,59
0,0,1,0,1,59
0,0,1,1,1,59
0,0,1,1,1,59
0,0,1,1,1,59
1,0,1,1,1,59
1,0,1,1,1,59
1,1,1,1,1,59
1,1,1,1,1,59
1,1,1,1,1,59
2,1,1,1,0,59
2,1,1,1,0,59
2,1,1,1,0,59
2,1,1,1,1,59
2,1,1,1,1,59
2,1,1,1,1,59
2,1,1,1,1,59
2,1,1,1,1,59
2,2,1,1,1,59
3,2,1,1,1,59
3,2,1,1,1,59
3,2,1,1,1,59
3,2,1,1,2,59
3,3,1,1,2,59
3,3,2,1,2,59
3,3,2,1,3,59
3,3,2,1,3,59
3,4,2,1,3,59
3,4,2,1,3,59
3,4,2,1,3,59
3,4,2,1,3,59
3,4,2,1,4,59
3,4,2,1,4,59
3,4,2,1,4,59
3,4,2,1,5,59
3,4,2,1,5,59
3,3,2,1,5,59
3,3,2,1,5,59
3,3,2,1,5,59
3,3,2,1,5,59
3,3,2,1,5,59
3,4,2,1,5,59
3,4,2,1,5,59
3,4,2,1,5,59
3,4,2,1,5,59
3,4,2,1,5,59
3,4,2,1,5,59
3,4,2,2,5,59
3,4,2,2,5,59
3,4,3,2,5,59
3,4,3,2,5,59
3,4,3,2,5,59
3,4,3,2,5,59
3,4,3,2,5,59
4,4,3,2,5,59
4,4,3,2,5,59
4,4,3,2,6,59
4,4,3,2,6,59
4,4,3,2,6,59
4,4,3,2,6,59
4,4,3,2,6,59
4,4,3,2,6,59
4,4,3,2,6,59
4,4,3,2,6,59
4,4,3,2,6,59
5,4,3,2,6,59
5,4,3,2,6,59
5,4,3,2,6,59
5,4,3,2,7,59
5,4,3,2,7,59
5,4,3,2,7,59
5,4,3,2,7,59
5,4,3,2,7,59
5,4,3,2,7,59
5,4,3,2,7,59
5,4,3,2,7,59
5,4,3,2,7,59
5,4,3,2,7,59
5,4,3,2,7,59
5,4,3,2,8,59
5,4,3,2,8,59
5,4,3,2,8,59
5,4,3,2,8,59
5,4,3,2,8,59
5,4,3,2,8,59
5,4,3,2,8,59
5,4,3,2,8,59
5,4,3,2,8,59
5,4,3,2,8,59
5,4,3,2,8,59
5,4,3,2,8,59
5,4,3,2,8,59
5,4,3,2,8,59
5,4,3,2,8,59
5,4,3,2,8,59
5,4,3,2,8,59
0,0,0,0,0,60
0,1,0,0,0,60
0,2,0,0,0,60
0,3,0,0,0,60
0,4,0,0,0,60
1,4,0,0,0,60
1,4,0,0,1,60
1,3,0,0,1,60
1,3,0,0,1,60
1,3,0,0,1,60
1,3,0,0,2,60
1,3,0,0,2,60
1,3,0,0,2,60
1,3,0,0,2,60
1,3,0,0,2,60
1,3,0,0,2,60
1,3,0,0,2,60
1,3,0,0,2,60
1,3,0,0,2,60
1,3,0,0,2,60
1,3,0,0,2,60
1,3,0,0,2,60
1,3,0,0,2,60
1,3,0,0,2,60
1,3,0,0,2,60
1,3,0,0,2,60
1,3,0,0,2,60
1,3,0,0,2,60
1,3,0,0,2,60
1,3,0,0,2,60
1,3,0,0,2,60
1,3,0,0,2,60
1,3,0,0,2,60
1,3,0,0,2,60
1,3,0,0,2,60
1,3,0,0,2,60
1,3,0,0,2,60
1,3,0,0,2,60
1,3,0,0,2,60
1,3,0,0,2,60
1,3,0,0,2,60
1,3,0,0,2,60
1,3,0,0,2,60
1,3,0,0,2,60
1,3,0,0,2,60
1,3,0,0,2,60
1,3,0,0,2,60
1,3,0,0,2,60
1,3,0,0,2,60
1,3,0,0,2,60
1,3,0,0,2,60
1,3,0,0,2,60
1,3,0,0,2,60
1,3,0,0,2,60
1,3,0,0,2,60
1,3,0,0,2,60
1,3,0,0,2,60
1,3,0,0,2,60
1,3,0,0,2,60
1,3,0,0,2,60
1,3,0,0,2,60
1,3,0,0,2,60
1,3,0,0,2,60
1,3,0,0,2,60
1,3,0,0,2,60
1,3,0,0,2,60
1,3,0,0,2,60
1,3,0,0,2,60
1,3,0,0,2,60
1,3,0,0,2,60
1,3,0,0,2,60
1,3,0,0,2,60
1,3,0,0,2,60
1,3,0,0,2,60
1,3,0,0,2,60
1,3,0,0,2,60
1,3,0,0,2,60
1,3,0,0,2,60
1,2,0,0,2,60
1,2,0,0,2,60
1,2,0,0,2,60
1,2,0,0,2,60
1,2,0,0,2,60
1,2,0,0,2,60
1,2,0,0,2,60
1,2,0,0,2,60
1,2,0,0,2,60
1,2,0,0,2,60
1,2,0,0,2,60
1,2,0,0,2,60
1,2,0,0,2,60
1,2,0,0,2,60
1,2,0,0,2,60
1,2,0,0,2,60
1,2,0,0,2,60
1,2,0,0,2,60
1,2,0,0,2,60
1,2,0,0,2,60
1,2,0,0,2,60
1,2,0,0,2,60
0,0,0,0,0,61
0,0,0,1,0,61
0,1,0,1,0,61
1,1,0,1,0,61
1,1,0,1,0,61
1,1,0,1,1,61
1,1,0,1,1,61
1,1,0,2,1,61
2,1,0,2,1,61
2,1,0,2,2,61
2,1,0,2,2,61
2,2,0,2,1,61
2,2,0,2,1,61
2,2,0,2,1,61
2,2,0,2,1,61
2,2,0,2,1,61
2,2,0,2,1,61
2,2,0,2,2,61
2,2,0,2,2,61
2,2,0,2,2,61
2,2,0,2,2,61
2,2,0,2,2,61
2,2,0,2,2,61
2,2,0,2,2,61
2,2,0,2,2,61
2,1,0,2,2,61
2,1,0,2,2,61
2,1,0,2,2,61
2,1,0,2,2,61
2,1,0,2,2,61
0,0,0,0,0,62
0,0,0,1,0,62
0,0,0,1,1,62
0,0,1,1,1,62
0,1,1,1,1,62
0,2,1,1,1,62
0,2,1,1,1,62
0,2,1,1,1,62
0,2,1,1,2,62
0,2,1,1,2,62
1,2,1,1,2,62
1,2,1,1,2,62
2,2,1,1,2,62
2,3,1,1,2,62
2,3,1,1,2,62
2,3,1,1,3,62
2,3,1,1,3,62
2,3,1,1,3,62
2,2,1,1,4,62
2,3,1,1,4,62
3,3,1,1,4,62
3,3,1,1,4,62
3,4,1,1,4,62
3,4,1,1,4,62
3,4,1,1,4,62
3,4,1,1,4,62
3,4,1,1,4,62
3,4,1,1,4,62
3,4,1,1,4,62
3,4,1,1,4,62
3,5,1,1,4,62
3,5,1,1,4,62
3,5,1,1,4,62
3,5,1,1,4,62
3,5,1,1,4,62
2,5,2,1,4,62
2,5,2,1,4,62
2,5,2,1,4,62
2,5,2,1,4,62
2,5,2,1,4,62
2,5,3,1,4,62
2,5,3,1,4,62
2,5,3,1,4,62
2,5,3,1,4,62
2,5,3,1,3,62
2,5,3,1,4,62
3,5,3,1,4,62
3,5,3,1,4,62
3,5,4,1,4,62
3,5,4,1,4,62
3,5,4,1,5,62
3,5,4,1,5,62
3,5,4,1,5,62
3,5,4,1,5,62
3,5,4,1,5,62
3,5,4,1,5,62
3,5,4,1,5,62
4,5,4,1,5,62
4,5,4,1,6,62
4,5,4,1,6,62
4,5,4,1,6,62
4,5,4,1,6,62
4,5,4,1,7,62
4,5,4,1,7,62
4,5,4,1,7,62
4,5,4,1,7,62
4,5,4,2,7,62
4,5,4,2,7,62
4,5,4,2,7,62
4,5,4,1,7,62
4,5,3,1,8,62
4,5,3,1,8,62
4,5,3,1,8,62
4,5,3,1,9,62
4,5,3,1,9,62
4,5,4,1,9,62
4,5,4,1,9,62
4,5,4,1,9,62
4,5,4,2,9,62
4,5,4,2,9,62
4,5,4,2,9,62
4,5,4,2,9,62
4,5,4,2,10,62
4,5,4,2,10,62
4,5,4,2,10,62
4,5,4,2,10,62
4,5,4,2,10,62
4,5,4,2,10,62
4,5,4,2,10,62
4,5,4,2,10,62
4,5,5,2,10,62
4,5,5,2,10,62
4,5,5,2,10,62
5,5,5,2,9,62
5,5,5,2,9,62
5,5,5,2,9,62
5,5,5,2,9,62
5,4,5,2,10,62
5,4,5,2,10,62
5,4,5,2,10,62
0,0,0,0,0,63
0,0,0,0,1,63
1,0,0,0,1,63
1,0,0,1,1,63
1,0,1,1,1,63
1,0,1,1,1,63
1,0,1,1,1,63
1,0,1,1,2,63
2,0,1,1,2,63
2,0,1,1,2,63
2,0,1,1,2,63
2,1,1,1,2,63
2,1,1,1,2,63
2,1,1,1,2,63
2,1,1,1,3,63
2,1,1,1,3,63
2,1,1,1,3,63
2,1,1,1,3,63
2,1,1,1,3,63
2,1,1,1,4,63
2,1,1,1,4,63
2,1,1,1,4,63
2,1,1,1,4,63
2,1,1,1,4,63
2,1,1,1,4,63
2,1,1,1,4,63
2,1,1,1,4,63
2,1,1,1,4,63
2,1,1,1,4,63
2,1,1,1,4,63
2,1,1,1,4,63
2,1,1,1,4,63
2,1,1,1,4,63
2,1,1,1,4,63
2,1,1,1,4,63
2,1,1,1,4,63
2,1,1,1,4,63
2,1,1,1,4,63
2,1,1,1,4,63
2,1,1,1,4,63
2,1,1,1,4,63
2,1,1,1,4,63
2,1,1,1,4,63
2,1,1,1,4,63
2,1,1,1,4,63
2,1,1,1,4,63
2,1,1,1,4,63
2,1,0,1,4,63
2,1,0,1,4,63
2,1,0,1,4,63
2,1,0,1,4,63
2,1,0,1,4,63
2,1,0,1,4,63
2,1,0,1,4,63
2,1,0,1,4,63
2,1,0,1,4,63
2,1,0,1,4,63
2,1,0,1,4,63
2,1,0,1,4,63
2,1,0,1,4,63
2,1,0,1,4,63
2,1,0,1,4,63
2,1,0,1,4,63
2,1,0,1,4,63
2,1,0,1,4,63
2,1,0,1,4,63
2,1,0,1,4,63
2,1,0,1,4,63
2,1,0,1,4,63
2,1,0,1,4,63
2,1,0,1,4,63
2,1,0,1,4,63
2,1,0,1,4,63
1,1,0,1,4,63
1,1,0,1,4,63
1,1,0,1,4,63
1,1,0,1,4,63
1,1,0,1,4,63
1,1,0,1,4,63
1,1,0,1,4,63
1,1,0,1,4,63
1,1,0,1,4,63
1,1,0,1,4,63
1,1,0,1,4,63
1,1,0,1,4,63
1,1,0,1,4,63
1,1,0,1,4,63
2,1,0,1,4,63
2,1,0,1,4,63
2,1,0,1,4,63
2,1,0,1,4,63
2,1,0,1,4,63
2,1,0,1,4,63
2,1,0,1,4,63
2,1,0,1,4,63
2,1,0,1,4,63
2,1,0,1,4,63
2,1,0,1,4,63
2,1,0,1,4,63
2,1,0,1,4,63
0,0,0,0,0,64
1,0,0,0,0,64
1,0,0,0,1,64
1,0,1,0,1,64
1,0,1,0,1,64
1,0,1,0,1,64
1,0,1,0,2,64
1,1,1,0,2,64
1,2,1,0,2,64
1,2,1,0,2,64
1,2,1,0,3,64
1,2,1,0,4,64
1,2,1,0,4,64
1,2,1,0,4,64
1,2,1,0,4,64
1,2,1,0,4,64
1,2,1,0,4,64
1,2,1,0,4,64
1,2,1,0,4,64
2,2,1,0,4,64
2,2,1,0,4,64
2,2,1,0,4,64
2,2,1,0,4,64
2,2,1,0,4,64
2,2,1,0,4,64
2,2,1,0,4,64
2,2,1,0,4,64
2,2,1,0,4,64
2,2,1,0,4,64
2,2,1,0,4,64
2,2,1,0,4,64
2,2,1,0,4,64
2,2,1,0,4,64
2,2,1,0,4,64
2,2,1,0,4,64
2,2,1,0,3,64
2,2,1,0,3,64
2,2,1,0,3,64
2,2,1,0,3,64
2,2,1,0,3,64
2,2,1,0,3,64
2,2,1,0,3,64
2,2,1,0,3,64
2,2,1,0,3,64
2,2,1,0,3,64
2,2,1,0,3,64
2,2,1,0,3,64
2,2,1,0,3,64
2,2,1,0,3,64
2,2,1,0,3,64
2,2,1,0,3,64
2,2,1,0,3,64
2,2,1,0,3,64
2,2,1,0,3,64
2,2,1,0,3,64
2,2,1,0,3,64
2,2,1,0,3,64
2,2,1,0,3,64
2,2,1,0,3,64
2,2,1,0,3,64
2,2,1,0,3,64
2,2,1,0,3,64
2,2,1,0,3,64
2,2,1,0,3,64
2,2,1,0,3,64
2,2,1,0,3,64
2,2,1,0,3,64
2,2,1,0,3,64
2,2,1,0,3,64
2,2,1,0,3,64
2,2,1,0,3,64
2,2,1,0,3,64
2,2,1,0,3,64
2,2,1,0,3,64
2,2,1,0,3,64
2,2,1,0,3,64
2,2,1,0,3,64
2,2,1,0,3,64
2,2,1,0,3,64
2,2,1,0,3,64
2,2,1,0,3,64
2,2,1,0,3,64
2,2,1,0,3,64
2,2,1,0,3,64
2,2,1,0,3,64
2,2,1,0,3,64
2,2,1,0,3,64
2,2,1,0,3,64
2,2,1,0,3,64
2,2,1,0,3,64
2,2,1,0,3,64
2,2,1,0,3,64
2,2,1,0,3,64
2,2,1,0,3,64
2,2,1,0,3,64
2,2,1,0,3,64
2,2,1,0,3,64
2,2,1,0,3,64
2,2,1,0,3,64
2,2,1,0,3,64
0,0,0,0,0,65
0,1,0,0,0,65
0,1,0,1,0,65
0,1,0,1,0,65
0,1,1,1,0,65
0,2,1,1,0,65
0,2,1,1,0,65
0,2,1,1,1,65
0,2,1,1,2,65
0,2,1,1,2,65
0,3,1,0,2,65
0,3,1,0,2,65
0,3,1,0,3,65
1,3,1,0,3,65
2,3,1,0,3,65
2,3,1,1,2,65
2,3,1,0,3,65
2,3,1,1,3,65
2,3,1,1,3,65
2,3,1,1,3,65
2,3,1,1,4,65
3,3,1,1,4,65
3,3,1,1,4,65
3,3,1,1,4,65
3,3,1,1,5,65
3,3,1,1,5,65
3,3,2,1,5,65
3,3,2,1,5,65
3,3,2,1,5,65
3,3,2,1,5,65
4,3,2,1,5,65
4,3,2,1,5,65
4,3,2,1,5,65
4,3,2,1,5,65
4,3,2,1,5,65
5,3,2,1,5,65
5,3,2,1,5,65
5,3,2,1,5,65
5,3,2,1,5,65
5,3,2,1,6,65
5,3,2,1,6,65
5,3,2,0,6,65
5,3,3,0,6,65
5,3,3,0,6,65
5,3,3,0,6,65
5,3,3,0,6,65
5,3,3,1,6,65
5,3,3,2,5,65
5,3,3,2,5,65
5,3,3,2,5,65
5,3,3,2,5,65
5,3,3,2,5,65
5,3,3,2,5,65
5,3,3,2,5,65
5,3,3,2,5,65
5,3,3,2,5,65
5,3,3,2,5,65
5,3,3,2,5,65
5,3,3,2,5,65
5,3,3,2,5,65
5,3,3,2,5,65
5,3,3,2,5,65
5,3,3,2,5,65
5,3,3,2,5,65
5,3,3,2,5,65
5,3,3,2,5,65
5,3,3,2,5,65
5,3,3,2,5,65
5,3,3,2,5,65
5,3,3,2,5,65
5,3,3,2,5,65
5,3,3,2,5,65
5,3,3,2,5,65
5,3,3,2,5,65
5,3,3,1,5,65
5,3,3,1,5,65
5,3,3,1,5,65
5,3,3,1,5,65
5,3,3,1,5,65
5,3,3,1,5,65
5,3,3,1,5,65
5,3,3,1,5,65
5,3,3,1,5,65
4,3,3,1,5,65
4,3,3,1,5,65
4,3,3,1,5,65
4,3,3,1,5,65
4,3,3,1,5,65
4,3,3,1,5,65
4,3,3,1,5,65
4,3,3,1,5,65
4,3,3,1,5,65
4,3,3,1,5,65
4,3,3,1,5,65
4,3,3,1,5,65
4,3,3,1,5,65
4,3,3,1,5,65
4,3,3,1,5,65
4,3,3,1,5,65
4,3,3,1,5,65
0,0,0,0,0,66
0,0,0,1,0,66
0,0,0,1,1,66
0,0,1,1,1,66
0,1,1,1,1,66
1,1,1,1,1,66
2,1,1,1,1,66
2,1,1,1,1,66
2,1,1,1,1,66
2,1,1,1,2,66
2,1,1,1,2,66
2,1,1,1,3,66
2,1,1,1,4,66
2,1,1,1,4,66
2,1,1,1,4,66
2,1,1,1,4,66
2,1,1,1,4,66
2,1,1,1,4,66
2,1,1,1,4,66
2,1,1,1,4,66
2,1,1,1,4,66
2,1,1,1,4,66
2,1,1,1,4,66
2,1,1,1,4,66
2,1,1,1,4,66
2,1,1,1,4,66
2,1,1,1,4,66
2,1,1,1,4,66
2,1,1,1,4,66
2,1,1,1,4,66
2,1,1,1,4,66
2,1,1,1,4,66
2,1,1,1,4,66
2,1,1,1,4,66
2,1,1,1,4,66
2,1,1,1,4,66
2,1,1,1,4,66
2,1,1,1,4,66
2,1,1,1,4,66
2,1,1,1,4,66
2,1,1,1,4,66
2,1,1,1,4,66
2,1,1,1,4,66
2,1,1,1,4,66
2,1,1,1,4,66
2,1,1,1,4,66
2,1,1,1,4,66
2,1,1,1,4,66
2,1,1,1,4,66
2,1,1,1,4,66
2,1,1,1,4,66
2,1,1,1,4,66
2,1,1,1,4,66
2,1,1,1,4,66
2,1,1,1,4,66
2,1,1,1,4,66
2,1,1,1,4,66
2,1,1,1,4,66
2,1,1,1,4,66
1,1,1,1,4,66
1,1,1,1,4,66
1,1,1,1,4,66
1,1,1,1,4,66
1,1,1,1,4,66
1,1,1,1,4,66
1,1,1,1,4,66
1,1,1,1,4,66
1,1,1,1,4,66
1,1,1,1,4,66
1,1,1,1,4,66
1,1,1,1,4,66
1,1,1,1,4,66
1,1,1,1,4,66
1,1,1,1,4,66
1,1,1,1,4,66
1,1,1,1,4,66
1,1,1,1,4,66
1,1,1,1,4,66
1,1,1,1,4,66
1,1,1,1,4,66
1,1,1,1,4,66
1,1,1,1,4,66
1,1,1,1,4,66
1,1,1,1,4,66
1,1,1,1,4,66
1,1,1,1,4,66
1,1,1,1,4,66
1,1,1,1,4,66
1,1,1,1,4,66
1,1,1,1,4,66
1,1,1,1,4,66
1,1,1,1,4,66
1,1,1,1,4,66
1,1,1,1,4,66
1,1,1,1,4,66
1,1,1,1,4,66
1,1,1,1,4,66
1,1,1,1,4,66
1,1,1,1,4,66
1,1,1,1,4,66
0,0,0,0,0,67
0,0,0,0,0,67
0,0,0,1,0,67
0,1,0,1,0,67
0,1,0,1,1,67
1,1,0,1,1,67
1,2,0,1,1,67
1,3,0,1,1,67
1,3,0,1,2,67
1,2,0,1,2,67
1,2,0,1,2,67
1,2,0,1,2,67
2,2,0,1,2,67
2,2,0,1,2,67
2,2,0,1,2,67
2,2,0,1,2,67
2,2,0,1,2,67
2,2,0,1,2,67
2,2,0,1,2,67
2,2,0,1,2,67
2,2,0,1,2,67
2,2,0,1,2,67
2,2,0,1,2,67
2,2,0,1,3,67
2,2,0,1,3,67
2,2,0,1,3,67
2,2,0,1,3,67
2,2,0,1,3,67
2,2,0,1,3,67
2,2,0,1,3,67
2,2,0,1,3,67
2,2,0,1,3,67
2,2,0,1,3,67
2,2,0,1,3,67
2,2,0,1,3,67
2,2,0,1,3,67
2,2,0,1,3,67
2,2,0,1,3,67
2,2,0,1,3,67
2,2,0,1,3,67
2,2,0,1,3,67
2,2,0,1,3,67
2,2,0,1,3,67
2,2,0,1,3,67
2,2,0,1,3,67
2,2,0,1,3,67
2,2,0,1,3,67
2,2,0,1,3,67
2,2,0,1,2,67
2,2,0,1,2,67
2,2,0,1,2,67
2,2,0,1,2,67
2,2,0,1,2,67
2,2,0,1,2,67
2,2,0,1,2,67
2,2,0,1,2,67
2,2,0,1,2,67
2,2,0,1,2,67
2,2,0,1,2,67
2,2,0,1,2,67
2,2,0,1,2,67
2,2,0,1,2,67
2,2,0,1,2,67
2,2,0,1,2,67
2,2,0,1,2,67
2,2,0,1,2,67
2,2,0,1,2,67
2,2,0,1,2,67
2,2,0,1,2,67
2,2,0,1,2,67
2,2,0,1,2,67
2,2,0,1,2,67
2,2,0,1,2,67
2,2,0,1,2,67
2,2,0,1,2,67
2,2,0,1,2,67
2,2,0,1,2,67
2,2,0,1,2,67
2,2,0,1,2,67
2,2,0,1,2,67
2,2,0,1,2,67
2,2,0,1,2,67
2,2,0,1,2,67
2,2,0,1,2,67
2,2,0,1,2,67
2,2,0,1,2,67
2,2,0,1,2,67
2,2,0,1,2,67
2,2,0,1,2,67
2,2,0,1,2,67
2,2,0,1,2,67
2,2,0,1,2,67
2,2,0,1,2,67
2,2,0,1,2,67
2,2,0,1,2,67
2,2,0,1,2,67
2,2,0,1,2,67
2,2,0,1,2,67
2,2,0,1,2,67
2,2,0,1,2,67
0,0,0,0,0,68
0,0,1,0,0,68
1,0,1,0,0,68
1,1,0,0,0,68
1,2,0,0,0,68
1,2,0,1,0,68
2,2,0,1,0,68
2,1,0,1,1,68
2,1,0,1,1,68
2,1,0,1,1,68
2,1,0,1,1,68
2,1,0,1,1,68
2,1,0,1,1,68
2,1,0,1,1,68
2,1,0,1,1,68
2,1,0,1,1,68
2,1,0,1,1,68
2,1,0,1,1,68
2,1,0,1,1,68
2,1,0,1,1,68
2,1,0,1,1,68
2,1,0,1,1,68
2,1,0,1,1,68
2,1,0,1,1,68
2,1,0,1,1,68
2,1,0,1,1,68
2,1,0,1,1,68
2,1,0,1,1,68
2,1,0,1,1,68
2,1,0,1,1,68
2,1,0,1,1,68
2,1,0,1,1,68
2,1,0,1,1,68
2,1,0,1,1,68
2,1,0,1,1,68
2,1,0,1,1,68
2,1,0,1,1,68
2,1,0,1,1,68
2,1,0,1,1,68
2,1,0,1,1,68
2,1,0,1,1,68
2,1,0,1,1,68
2,1,0,1,1,68
2,1,0,1,1,68
2,1,0,1,1,68
2,1,0,1,1,68
2,1,0,1,1,68
2,1,0,1,1,68
2,1,0,1,1,68
2,1,0,1,1,68
2,1,0,1,1,68
2,1,0,1,1,68
2,1,0,1,1,68
2,1,0,1,1,68
2,1,0,1,1,68
2,1,0,1,1,68
1,1,0,1,1,68
1,1,0,1,1,68
1,1,0,1,1,68
1,1,0,1,1,68
1,1,0,1,1,68
1,1,0,1,1,68
1,1,0,1,1,68
1,1,0,1,1,68
1,1,0,1,1,68
1,1,0,1,1,68
1,1,0,1,1,68
1,1,0,1,1,68
1,1,0,1,1,68
1,1,0,1,1,68
1,1,0,1,1,68
1,1,0,1,1,68
1,1,0,1,1,68
1,1,0,1,1,68
1,1,0,1,1,68
1,1,0,1,1,68
1,1,0,1,1,68
1,1,0,1,1,68
1,1,0,1,1,68
1,1,0,1,1,68
1,1,0,1,1,68
1,1,0,1,1,68
1,1,0,1,1,68
1,1,0,1,1,68
1,1,0,1,1,68
1,1,0,1,1,68
1,1,0,1,1,68
1,1,0,1,1,68
1,1,0,1,1,68
1,1,0,1,1,68
1,1,0,1,1,68
1,1,0,1,1,68
1,1,0,1,1,68
1,1,0,1,1,68
1,1,0,1,1,68
1,1,0,1,1,68
1,1,0,1,1,68
1,1,0,1,1,68
1,1,0,1,1,68
1,1,0,1,1,68
0,0,0,0,0,69
0,0,0,0,0,69
1,0,0,0,0,69
1,1,0,0,0,69
2,1,0,0,0,69
2,2,0,0,0,69
2,2,0,0,0,69
2,2,0,0,0,69
2,2,0,0,0,69
2,3,0,0,0,69
2,3,0,0,0,69
2,3,0,1,0,69
2,3,0,1,0,69
2,3,0,1,0,69
2,3,0,1,1,69
2,3,0,2,1,69
2,3,0,2,1,69
2,3,0,2,1,69
2,3,0,2,1,69
2,3,0,2,1,69
2,3,0,2,1,69
2,3,0,2,1,69
2,3,0,2,1,69
2,3,0,2,1,69
2,3,0,2,1,69
2,3,0,2,1,69
2,3,0,2,1,69
2,3,0,2,1,69
2,3,0,2,1,69
2,3,0,2,1,69
2,3,0,2,1,69
2,3,0,2,1,69
2,3,0,2,1,69
2,3,0,2,1,69
2,3,0,2,1,69
2,3,0,2,1,69
2,3,0,2,1,69
2,3,0,2,1,69
2,3,0,2,1,69
2,3,0,2,1,69
2,3,0,2,1,69
2,3,0,2,1,69
2,3,0,2,1,69
2,3,0,2,1,69
2,3,0,2,1,69
2,3,0,2,1,69
2,3,0,2,1,69
2,3,0,2,1,69
2,3,0,2,1,69
2,3,0,2,1,69
2,3,0,2,1,69
2,3,0,2,1,69
2,3,0,2,1,69
2,3,0,2,1,69
2,3,0,2,1,69
2,3,0,2,1,69
2,3,0,2,1,69
2,3,0,2,1,69
2,3,0,2,1,69
2,3,0,2,1,69
2,3,0,2,1,69
2,3,0,2,1,69
2,3,0,2,1,69
2,3,0,2,1,69
2,3,0,2,1,69
2,3,0,2,1,69
2,3,0,2,1,69
2,3,0,2,1,69
2,3,0,2,1,69
2,3,0,2,1,69
2,3,0,2,1,69
2,3,0,2,1,69
2,3,0,2,1,69
2,3,0,2,1,69
2,3,0,2,1,69
2,3,0,2,1,69
2,3,0,2,1,69
2,3,0,2,1,69
2,3,0,2,1,69
2,3,0,2,1,69
2,3,0,2,1,69
2,3,0,2,1,69
2,3,0,2,1,69
2,3,0,2,1,69
2,3,0,2,1,69
2,3,0,2,1,69
2,3,0,2,1,69
2,3,0,2,1,69
2,3,0,2,1,69
2,3,0,2,1,69
2,3,0,2,1,69
2,3,0,2,1,69
2,3,0,2,1,69
2,3,0,2,1,69
2,3,0,2,1,69
2,3,0,2,1,69
2,3,0,2,1,69
2,3,0,2,1,69
2,3,0,2,1,69
2,3,0,2,1,69
0,0,0,0,0,70
0,0,0,0,1,70
0,0,1,0,1,70
0,0,1,0,1,70
1,0,0,0,1,70
1,0,0,0,2,70
2,0,0,0,2,70
2,0,0,1,2,70
2,0,0,1,3,70
2,1,0,1,3,70
2,1,0,1,3,70
2,1,0,1,3,70
2,1,0,1,3,70
2,1,0,1,3,70
2,1,0,1,3,70
2,1,0,1,3,70
2,1,0,1,3,70
2,1,0,1,3,70
2,1,0,1,3,70
2,1,0,1,3,70
2,1,0,1,3,70
2,1,0,1,3,70
2,1,0,1,3,70
2,1,0,1,3,70
2,1,0,1,3,70
2,1,0,1,3,70
2,1,0,1,3,70
2,1,0,1,3,70
2,1,0,1,3,70
2,1,0,1,3,70
2,1,0,1,3,70
2,1,0,1,3,70
2,1,0,1,3,70
2,1,0,1,3,70
2,1,0,1,3,70
2,1,0,1,3,70
2,1,0,1,3,70
2,1,0,1,3,70
2,1,0,1,3,70
2,1,0,1,3,70
2,1,0,1,3,70
2,1,0,1,3,70
2,1,0,1,3,70
2,1,0,1,3,70
2,1,0,1,3,70
2,1,0,1,3,70
2,1,0,1,3,70
2,1,0,1,3,70
2,1,0,1,3,70
2,1,0,1,3,70
2,1,0,1,3,70
2,1,0,1,3,70
2,1,0,1,3,70
2,1,0,1,3,70
2,1,0,1,3,70
2,1,0,1,3,70
2,1,0,1,3,70
2,1,0,1,3,70
2,1,0,1,3,70
2,1,0,1,3,70
2,1,0,1,3,70
2,1,0,1,3,70
2,1,0,1,3,70
2,1,0,1,3,70
2,1,0,1,3,70
2,1,0,1,3,70
2,1,0,1,3,70
2,1,0,1,3,70
2,1,0,1,3,70
2,1,0,1,3,70
2,1,0,1,3,70
2,1,0,1,3,70
2,1,0,1,3,70
2,1,0,1,3,70
2,1,0,1,3,70
2,1,0,1,3,70
2,1,0,1,3,70
2,1,0,1,3,70
2,1,0,1,3,70
2,1,0,1,3,70
2,1,0,1,3,70
2,1,0,1,3,70
2,1,0,1,3,70
2,1,0,1,3,70
2,1,0,1,3,70
2,1,0,1,3,70
2,1,0,1,3,70
2,1,0,1,3,70
2,1,0,1,3,70
2,1,0,1,3,70
2,1,0,1,3,70
2,1,0,1,3,70
2,1,0,1,3,70
2,1,0,1,3,70
2,1,0,1,3,70
2,1,0,1,3,70
2,1,0,1,3,70
2,1,0,1,3,70
2,1,0,1,3,70
2,1,0,1,3,70
0,0,0,0,0,71
1,0,0,0,0,71
1,1,0,0,0,71
1,2,0,0,0,71
2,2,0,0,0,71
2,2,0,0,1,71
2,2,0,0,2,71
2,3,0,0,2,71
2,3,0,0,2,71
2,3,0,0,2,71
2,3,0,0,2,71
2,3,0,1,2,71
2,3,0,1,2,71
2,3,0,1,2,71
2,3,0,1,2,71
2,3,0,1,2,71
2,3,0,1,2,71
2,3,0,1,2,71
2,3,0,1,2,71
2,3,0,1,2,71
2,3,0,1,2,71
2,3,0,1,2,71
2,3,0,1,2,71
2,3,0,1,2,71
2,3,0,1,2,71
2,3,0,1,2,71
2,3,0,1,2,71
2,3,0,1,2,71
2,3,0,1,2,71
2,3,0,1,2,71
2,3,0,1,2,71
2,3,0,1,2,71
2,3,0,1,2,71
2,3,0,1,2,71
2,3,0,1,2,71
2,3,0,1,2,71
2,3,0,1,2,71
2,3,0,1,2,71
2,3,0,1,2,71
2,3,0,1,2,71
2,3,0,1,2,71
2,3,0,1,2,71
2,3,0,1,2,71
2,3,0,1,2,71
2,3,0,1,2,71
2,3,0,1,2,71
2,3,0,1,2,71
2,3,0,1,2,71
2,3,0,1,2,71
2,3,0,1,2,71
2,3,0,1,2,71
2,3,0,1,2,71
2,3,0,1,2,71
2,3,0,1,2,71
2,3,0,1,2,71
2,3,0,1,2,71
2,3,0,1,2,71
2,3,0,1,2,71
2,3,0,1,2,71
2,3,0,1,2,71
2,3,0,1,2,71
2,3,0,1,2,71
2,3,0,1,2,71
2,3,0,1,2,71
2,3,0,1,2,71
2,2,0,1,2,71
2,2,0,1,2,71
2,2,0,1,2,71
2,2,0,1,2,71
2,2,0,1,2,71
2,2,0,1,2,71
2,2,0,1,2,71
2,2,0,1,2,71
2,2,0,1,2,71
2,2,0,1,2,71
2,2,0,1,2,71
2,2,0,1,2,71
2,2,0,1,2,71
2,2,0,1,2,71
2,2,0,1,2,71
2,2,0,1,2,71
2,2,0,1,2,71
2,2,0,1,2,71
2,2,0,1,2,71
2,2,0,1,2,71
2,2,0,1,2,71
2,2,0,1,2,71
2,2,0,1,2,71
2,2,0,1,2,71
2,2,0,1,2,71
2,2,0,1,2,71
2,2,0,1,2,71
2,2,0,1,2,71
2,2,0,1,2,71
2,2,0,1,2,71
2,2,0,1,2,71
2,2,0,1,2,71
2,2,0,1,2,71
2,2,0,1,2,71
2,2,0,1,2,71
0,0,0,0,0,72
0,0,0,0,0,72
0,0,0,1,0,72
0,0,1,1,0,72
1,0,1,0,0,72
1,0,1,1,0,72
2,0,1,1,0,72
2,0,1,1,0,72
2,1,1,1,0,72
3,1,1,1,0,72
3,1,1,1,1,72
2,1,1,1,1,72
2,1,1,1,1,72
2,1,1,1,2,72
2,1,1,1,2,72
2,1,1,1,2,72
0,0,0,0,0,73
0,0,0,1,0,73
0,0,0,1,0,73
0,0,1,1,0,73
0,0,1,1,0,73
0,0,1,1,0,73
0,1,1,1,0,73
0,1,1,1,0,73
0,1,1,1,0,73
0,1,1,1,0,73
0,2,1,1,0,73
1,2,1,1,0,73
2,2,1,1,0,73
3,2,1,1,0,73
3,2,1,1,1,73
3,2,1,1,1,73
3,2,1,1,1,73
3,2,1,1,1,73
4,2,1,1,1,73
5,2,1,1,1,73
5,2,1,1,1,73
5,3,1,1,1,73
5,3,1,1,1,73
5,3,1,1,2,73
5,3,2,1,2,73
6,3,2,1,2,73
6,3,2,1,2,73
6,3,1,1,2,73
6,3,1,1,2,73
6,3,1,2,2,73
6,4,1,2,2,73
6,4,2,2,2,73
6,4,3,2,2,73
7,4,3,2,2,73
7,4,4,2,2,73
7,4,4,2,2,73
7,5,4,2,2,73
8,5,4,2,2,73
9,5,4,2,2,73
9,5,5,2,2,73
9,5,5,2,2,73
9,4,6,2,2,73
9,4,6,3,2,73
8,4,7,3,2,73
8,4,7,4,2,73
8,4,7,4,2,73
8,4,8,4,2,73
8,5,7,4,2,73
8,5,7,3,3,73
9,5,7,3,3,73
9,5,7,3,3,73
9,5,8,3,3,73
9,5,8,3,3,73
10,5,8,3,3,73
9,5,8,4,3,73
9,5,8,4,4,73
9,5,8,4,4,73
9,5,8,5,4,73
9,6,8,4,4,73
10,6,8,4,4,73
10,6,8,5,4,73
10,7,8,5,4,73
10,7,8,6,4,73
11,7,8,6,4,73
11,7,8,6,4,73
11,7,8,5,5,73
11,7,8,5,5,73
11,8,8,5,5,73
11,7,8,5,6,73
11,7,8,5,6,73
11,7,8,6,5,73
11,8,8,6,5,73
11,8,8,6,5,73
11,9,7,6,5,73
11,9,7,6,5,73
11,10,7,6,4,73
11,10,8,6,4,73
11,11,8,6,4,73
11,11,8,6,4,73
11,11,9,6,4,73
11,11,9,6,4,73
11,11,9,6,4,73
11,10,9,6,4,73
11,10,9,6,5,73
11,11,9,6,5,73
12,11,9,6,5,73
12,10,9,7,5,73
12,10,9,7,6,73
12,10,9,7,6,73
12,10,9,7,6,73
12,10,9,7,6,73
12,10,9,7,7,73
12,9,10,7,7,73
12,9,9,7,7,73
12,9,9,7,7,73
12,10,8,7,7,73
12,10,8,7,7,73
12,10,8,6,8,73
12,10,8,6,8,73
12,10,8,6,8,73
0,0,0,0,0,74
0,0,1,0,0,74
0,0,1,1,0,74
0,0,1,1,0,74
0,1,1,1,0,74
0,1,1,1,0,74
0,2,1,1,0,74
0,2,1,1,1,74
0,2,1,1,1,74
1,2,1,1,1,74
1,2,1,1,2,74
1,2,1,1,2,74
1,3,1,1,2,74
2,3,1,1,2,74
2,4,1,1,2,74
2,4,1,1,2,74
2,3,1,1,3,74
2,3,2,1,3,74
2,4,2,1,3,74
2,4,2,1,4,74
2,4,2,1,5,74
2,4,2,1,6,74
2,4,2,1,6,74
3,4,2,1,6,74
4,4,2,1,6,74
4,4,2,1,6,74
4,4,2,1,6,74
4,4,2,1,6,74
4,4,2,1,6,74
4,4,2,1,6,74
3,4,2,1,6,74
3,4,2,1,6,74
3,4,2,1,6,74
3,4,2,1,6,74
3,4,2,1,6,74
3,4,2,1,6,74
3,4,2,1,6,74
3,4,2,1,6,74
3,4,2,1,6,74
3,4,2,1,6,74
3,4,2,1,6,74
3,4,2,1,6,74
3,4,2,1,6,74
3,4,2,1,6,74
3,4,2,1,6,74
3,4,2,1,6,74
3,4,2,1,6,74
3,4,2,1,6,74
3,4,2,1,6,74
3,4,2,1,6,74
3,4,2,1,6,74
3,4,2,1,6,74
3,4,2,1,6,74
3,4,2,1,6,74
3,4,2,1,6,74
3,4,2,1,6,74
3,4,2,1,6,74
3,4,2,1,6,74
3,4,2,1,6,74
3,4,2,1,6,74
3,4,2,1,6,74
3,4,2,1,6,74
3,4,2,1,6,74
3,4,2,1,6,74
3,4,2,1,6,74
3,4,2,1,6,74
3,4,2,1,6,74
3,4,2,1,6,74
3,4,2,1,6,74
3,4,2,1,6,74
3,4,2,1,6,74
3,4,2,1,6,74
3,4,2,1,6,74
3,4,2,1,6,74
3,4,2,1,6,74
3,4,2,1,6,74
3,4,2,1,6,74
3,4,2,1,6,74
3,4,2,1,6,74
3,4,2,1,6,74
3,4,2,1,6,74
3,4,2,1,6,74
3,4,2,1,6,74
3,4,2,1,6,74
3,4,2,1,6,74
3,4,2,1,6,74
3,4,2,1,6,74
3,4,2,1,6,74
3,4,2,1,6,74
3,4,2,1,6,74
3,4,2,1,6,74
3,4,2,1,6,74
3,4,2,1,6,74
3,4,2,1,6,74
3,4,2,1,6,74
3,4,2,1,6,74
3,4,2,1,6,74
3,4,2,1,6,74
3,4,2,1,6,74
3,4,2,1,6,74
0,0,0,0,0,75
1,0,0,0,0,75
1,0,1,0,0,75
1,0,1,1,0,75
1,0,1,1,0,75
1,1,1,1,0,75
2,1,1,1,0,75
2,1,1,1,0,75
3,1,1,1,0,75
3,1,1,1,0,75
3,1,2,1,0,75
4,1,2,1,0,75
3,1,2,1,0,75
3,2,2,1,0,75
3,3,2,1,0,75
3,3,3,0,0,75
3,3,3,0,0,75
3,3,3,0,0,75
3,4,3,0,0,75
3,4,3,0,0,75
3,4,3,0,0,75
3,4,3,0,0,75
3,4,3,0,0,75
3,4,3,1,0,75
3,4,3,1,0,75
3,4,3,1,0,75
3,4,3,1,0,75
3,4,3,1,1,75
3,4,3,2,1,75
3,4,3,2,1,75
3,4,3,2,1,75
3,4,3,2,1,75
3,4,3,2,1,75
3,4,3,2,1,75
3,4,3,2,1,75
4,4,3,2,1,75
4,4,3,2,1,75
4,4,3,2,1,75
4,4,3,2,2,75
4,4,3,2,2,75
4,4,4,2,2,75
4,4,4,2,2,75
4,4,4,2,2,75
4,4,4,2,2,75
4,4,4,2,2,75
4,4,4,2,2,75
4,4,5,2,2,75
4,4,5,2,3,75
4,4,5,2,3,75
4,4,5,2,3,75
4,4,5,2,3,75
4,4,5,2,3,75
4,4,5,2,3,75
4,5,5,2,2,75
4,5,5,2,2,75
4,5,5,2,3,75
4,5,5,2,3,75
4,5,5,2,3,75
4,5,5,2,3,75
4,5,5,2,3,75
4,5,5,2,3,75
4,5,5,2,3,75
4,5,5,2,3,75
4,5,5,2,3,75
4,5,5,2,3,75
4,5,4,2,4,75
4,5,4,2,4,75
4,5,4,2,5,75
4,5,4,2,5,75
4,5,4,2,5,75
4,5,4,2,5,75
4,5,4,2,5,75
4,5,4,2,5,75
4,5,4,2,6,75
4,5,4,2,6,75
4,5,4,2,6,75
4,5,4,2,6,75
4,5,4,2,6,75
4,5,4,2,6,75
4,5,4,2,6,75
4,5,4,2,6,75
4,5,4,2,6,75
4,5,4,2,6,75
4,5,4,2,6,75
4,5,4,2,6,75
4,5,4,2,6,75
4,5,4,2,6,75
4,5,4,2,6,75
4,5,4,2,6,75
4,5,4,2,6,75
4,5,4,2,6,75
4,5,4,2,6,75
4,5,4,2,6,75
4,5,4,2,6,75
4,5,4,2,6,75
4,5,4,2,6,75
4,5,4,2,6,75
4,5,4,2,6,75
4,5,4,2,6,75
4,5,4,2,6,75
0,0,0,0,0,76
0,0,0,0,0,76
0,1,0,0,0,76
1,1,0,0,0,76
1,1,0,1,0,76
1,1,0,1,1,76
2,1,0,1,1,76
2,1,0,1,2,76
2,1,0,1,2,76
3,1,0,1,2,76
3,2,0,1,2,76
3,2,0,1,2,76
3,2,0,1,2,76
3,2,0,1,2,76
3,2,0,1,2,76
3,2,0,1,2,76
3,2,0,1,2,76
3,2,0,1,2,76
3,2,0,1,2,76
3,2,0,1,2,76
3,2,0,1,2,76
3,2,0,1,2,76
3,2,0,1,2,76
3,2,0,1,2,76
3,2,0,1,2,76
3,2,0,1,2,76
3,2,0,1,2,76
3,2,0,1,2,76
3,2,0,1,2,76
3,2,0,1,2,76
3,2,0,1,2,76
3,2,0,1,2,76
3,2,0,1,2,76
3,2,0,1,2,76
3,2,0,1,2,76
3,2,0,1,2,76
3,2,0,1,2,76
3,2,0,1,2,76
3,2,0,1,2,76
3,2,0,1,2,76
3,2,0,1,2,76
3,2,0,1,2,76
3,2,0,1,2,76
3,2,0,1,2,76
3,2,0,1,2,76
3,2,0,1,2,76
3,2,0,1,2,76
3,2,0,1,2,76
3,2,0,1,2,76
3,2,0,1,2,76
3,2,0,1,2,76
3,2,0,1,2,76
3,2,0,1,2,76
3,2,0,1,2,76
3,2,0,1,2,76
3,2,0,1,2,76
3,2,0,1,2,76
3,2,0,1,2,76
3,2,0,1,2,76
3,2,0,1,2,76
3,2,0,1,2,76
3,2,0,1,2,76
3,2,0,1,2,76
3,2,0,1,2,76
3,2,0,1,2,76
3,2,0,1,2,76
3,2,0,1,2,76
3,2,0,1,2,76
3,2,0,1,2,76
3,2,0,1,2,76
3,2,0,1,2,76
3,2,0,1,2,76
3,2,0,1,2,76
3,2,0,1,2,76
3,2,0,1,2,76
3,2,0,1,2,76
3,2,0,1,2,76
3,2,0,1,2,76
3,2,0,1,2,76
3,2,0,1,2,76
3,2,0,1,2,76
3,2,0,1,2,76
3,2,0,1,2,76
3,2,0,1,2,76
3,2,0,1,2,76
3,2,0,1,2,76
3,2,0,1,2,76
3,2,0,1,2,76
3,2,0,1,2,76
2,2,0,1,2,76
2,2,0,1,2,76
2,2,0,1,2,76
2,2,0,1,2,76
2,2,0,1,2,76
2,2,0,1,2,76
2,2,0,1,2,76
2,2,0,1,2,76
2,2,0,1,2,76
2,2,0,1,2,76
2,2,0,1,2,76
0,0,0,0,0,77
0,1,0,0,0,77
0,1,0,0,1,77
1,1,0,0,1,77
1,2,0,0,1,77
1,2,0,1,1,77
1,2,0,1,2,77
1,3,0,1,2,77
1,3,0,1,2,77
1,3,0,1,2,77
1,3,0,1,2,77
1,3,0,1,2,77
1,3,0,1,3,77
1,3,0,1,3,77
1,3,0,1,3,77
1,3,0,1,3,77
1,3,0,1,3,77
1,3,0,1,3,77
1,3,0,1,3,77
1,3,0,1,3,77
2,3,0,1,3,77
2,3,0,1,3,77
2,3,0,1,3,77
2,3,0,1,3,77
2,3,0,1,3,77
2,3,0,1,3,77
2,3,0,1,3,77
2,3,0,1,3,77
2,3,0,1,3,77
2,3,0,1,3,77
2,3,0,1,3,77
2,3,0,1,3,77
2,3,0,1,3,77
2,3,0,1,3,77
2,3,0,1,3,77
2,3,0,1,3,77
2,3,0,1,3,77
2,3,0,1,3,77
2,3,0,1,3,77
2,3,0,1,3,77
2,3,0,1,3,77
2,3,0,1,3,77
2,3,0,1,3,77
2,3,0,1,3,77
2,3,0,1,3,77
2,3,0,1,3,77
2,3,0,1,3,77
2,3,0,1,3,77
2,3,0,1,3,77
2,3,0,1,3,77
2,3,0,1,3,77
2,3,0,1,3,77
2,3,0,1,3,77
2,3,0,1,3,77
2,3,0,1,3,77
2,3,0,1,3,77
2,3,0,1,3,77
2,3,0,1,3,77
2,3,0,1,3,77
2,3,0,1,3,77
2,3,0,1,3,77
2,3,0,1,3,77
2,3,0,1,3,77
2,3,0,1,3,77
2,3,0,1,3,77
2,3,0,1,3,77
2,3,0,1,3,77
2,3,0,1,3,77
2,3,0,1,3,77
2,3,0,1,3,77
2,3,0,1,3,77
2,3,0,1,3,77
2,3,0,1,3,77
2,3,0,1,3,77
2,3,0,1,3,77
2,3,0,1,3,77
2,3,0,1,3,77
2,3,0,1,3,77
2,3,0,1,3,77
2,3,0,1,3,77
2,3,0,1,3,77
2,3,0,1,3,77
2,3,0,1,3,77
2,3,0,1,3,77
2,3,0,1,3,77
2,3,0,1,3,77
2,3,0,1,3,77
2,3,0,1,3,77
2,3,0,1,3,77
2,3,0,1,3,77
2,3,0,1,3,77
2,3,0,1,3,77
2,3,0,1,3,77
2,3,0,1,3,77
2,3,0,1,3,77
2,3,0,1,3,77
2,3,0,1,3,77
2,3,0,1,3,77
2,3,0,1,3,77
2,3,0,1,3,77
0,0,0,0,0,78
0,0,0,0,1,78
0,0,0,1,1,78
1,0,0,1,1,78
1,0,0,1,1,78
2,0,0,1,1,78
2,0,0,1,1,78
2,1,0,1,1,78
2,1,0,1,2,78
2,1,1,1,2,78
2,1,1,1,2,78
2,2,1,1,2,78
2,3,1,1,2,78
2,3,1,1,2,78
2,3,1,1,2,78
2,3,1,1,2,78
2,3,1,1,2,78
2,3,1,1,2,78
2,3,1,1,2,78
2,3,1,1,2,78
2,3,1,1,2,78
2,3,1,1,2,78
2,3,1,1,2,78
2,3,1,1,2,78
2,3,1,1,2,78
2,3,1,1,2,78
2,3,1,1,2,78
2,3,1,1,2,78
2,3,1,1,2,78
2,3,1,1,2,78
2,3,1,1,2,78
2,3,1,1,2,78
2,3,1,1,2,78
2,3,1,1,2,78
2,3,1,1,2,78
2,3,1,1,2,78
2,3,1,1,2,78
2,3,1,1,2,78
2,3,1,1,2,78
2,3,1,1,2,78
2,3,1,1,2,78
2,3,1,1,2,78
2,3,1,1,2,78
2,3,1,1,2,78
2,3,1,1,2,78
2,3,1,1,2,78
2,3,1,1,2,78
2,3,1,1,2,78
2,3,1,1,2,78
2,3,1,1,2,78
2,3,1,1,2,78
2,3,1,1,2,78
2,3,1,1,2,78
2,3,1,1,2,78
2,3,1,1,2,78
2,3,1,1,2,78
2,3,1,1,2,78
2,3,1,1,2,78
2,3,1,1,2,78
2,3,1,1,2,78
2,3,1,1,2,78
2,3,1,1,2,78
2,3,1,1,2,78
2,3,1,1,2,78
2,3,1,1,2,78
2,3,1,1,2,78
2,3,1,1,2,78
2,3,1,1,2,78
2,3,1,1,2,78
2,3,1,1,2,78
2,3,1,1,2,78
2,3,1,1,2,78
2,3,1,1,2,78
2,3,1,1,2,78
2,3,1,1,2,78
2,3,1,1,2,78
2,3,1,1,2,78
2,3,1,1,2,78
2,3,1,1,2,78
2,3,1,1,2,78
2,3,1,1,2,78
2,3,1,1,2,78
2,3,1,1,2,78
2,3,1,1,2,78
2,3,1,1,1,78
2,3,1,1,1,78
2,3,1,1,1,78
2,3,1,1,1,78
2,3,1,1,1,78
2,3,1,1,1,78
2,3,1,1,1,78
2,3,1,1,1,78
2,3,1,1,1,78
2,3,1,1,1,78
2,3,1,1,1,78
2,3,1,1,1,78
2,3,1,1,1,78
2,3,1,1,1,78
2,3,1,1,1,78
2,3,1,1,1,78
0,0,0,0,0,79
0,0,0,1,0,79
0,1,0,1,0,79
0,1,0,1,0,79
0,1,0,1,0,79
0,1,0,1,0,79
1,1,0,1,0,79
1,2,0,1,0,79
1,2,0,1,0,79
0,2,1,1,0,79
0,3,1,1,0,79
0,3,1,1,0,79
0,3,1,1,0,79
0,4,1,1,0,79
0,4,1,1,1,79
0,4,1,1,1,79
0,4,1,1,1,79
1,4,1,1,1,79
1,4,1,1,1,79
1,4,1,1,2,79
1,4,1,1,2,79
1,4,1,1,2,79
1,4,1,1,2,79
2,4,1,1,2,79
2,4,1,1,2,79
2,4,1,1,2,79
2,4,1,1,3,79
2,4,1,1,3,79
3,4,1,1,3,79
3,4,1,1,3,79
3,4,1,1,3,79
3,4,1,1,3,79
3,4,1,1,3,79
3,4,1,1,3,79
3,4,1,1,3,79
3,4,1,1,3,79
3,4,1,1,3,79
4,4,0,1,3,79
5,4,0,1,3,79
5,4,0,1,3,79
5,4,0,1,3,79
5,4,1,1,2,79
5,4,1,1,2,79
5,4,1,1,2,79
5,4,1,0,3,79
5,4,1,1,3,79
4,4,1,1,4,79
4,5,1,1,4,79
4,5,2,1,4,79
4,5,2,2,4,79
4,5,2,2,4,79
4,5,2,2,5,79
4,5,2,2,5,79
4,5,2,2,6,79
4,5,2,2,6,79
4,5,2,2,6,79
4,5,3,2,6,79
4,5,3,2,6,79
4,5,3,2,6,79
4,5,3,2,6,79
4,5,3,2,6,79
4,5,3,2,6,79
4,5,3,2,6,79
4,5,3,2,6,79
4,5,3,2,6,79
4,5,3,2,6,79
4,5,3,2,7,79
4,5,3,2,7,79
4,5,3,2,7,79
4,5,3,2,7,79
4,5,3,2,7,79
4,5,3,2,7,79
4,5,3,2,7,79
4,5,3,2,7,79
4,5,4,2,7,79
4,5,4,2,7,79
4,5,4,2,7,79
4,5,4,2,7,79
4,5,4,2,7,79
4,5,4,2,7,79
4,5,4,2,7,79
4,5,5,2,7,79
4,5,5,2,7,79
4,5,5,2,7,79
4,5,5,2,7,79
4,5,5,2,7,79
4,5,5,2,7,79
4,4,5,2,7,79
4,4,5,2,7,79
4,5,5,1,7,79
4,5,5,1,7,79
4,5,5,1,7,79
4,5,5,1,7,79
4,5,5,1,7,79
4,5,5,1,7,79
4,5,5,1,7,79
4,5,5,1,7,79
4,5,5,1,7,79
4,5,5,1,7,79
4,5,5,1,7,79
0,0,0,0,0,80
0,0,0,1,0,80
1,0,0,1,0,80
1,0,0,1,1,80
2,0,0,1,1,80
3,0,0,1,1,80
3,1,0,1,1,80
3,2,0,1,1,80
3,2,0,1,1,80
3,2,0,1,1,80
3,2,0,1,1,80
3,2,0,1,1,80
3,2,0,1,1,80
3,2,0,1,1,80
3,2,0,1,1,80
3,2,0,1,1,80
3,2,0,1,1,80
3,2,0,1,1,80
3,2,0,1,2,80
3,2,0,1,2,80
3,2,0,1,2,80
3,2,0,1,2,80
3,2,0,1,2,80
3,2,0,1,2,80
3,2,0,1,2,80
3,2,0,1,2,80
3,2,0,1,2,80
3,2,0,1,2,80
3,2,0,1,2,80
3,2,0,1,2,80
3,2,0,1,2,80
3,2,0,1,2,80
3,2,0,1,2,80
3,2,0,1,2,80
3,2,0,1,2,80
3,2,0,1,2,80
3,2,0,1,2,80
3,2,0,1,2,80
3,2,0,1,2,80
3,2,0,1,2,80
3,2,0,1,2,80
3,2,0,1,2,80
3,2,0,1,2,80
3,2,0,1,2,80
3,2,0,1,2,80
3,2,0,1,2,80
3,2,0,1,2,80
3,2,0,1,2,80
3,2,0,1,2,80
3,2,0,1,2,80
3,2,0,1,2,80
3,2,0,1,2,80
3,2,0,1,2,80
3,2,0,1,2,80
3,2,0,1,2,80
3,2,0,1,2,80
3,2,0,1,2,80
3,2,0,1,2,80
3,2,0,1,2,80
3,2,0,1,2,80
3,2,0,1,2,80
3,2,0,1,2,80
3,2,0,1,2,80
3,2,0,1,2,80
3,2,0,1,2,80
3,2,0,1,2,80
3,2,0,1,2,80
3,2,0,1,2,80
3,2,0,1,2,80
3,2,0,1,2,80
3,2,0,1,2,80
3,2,0,1,2,80
3,2,0,1,2,80
3,2,0,1,2,80
3,2,0,1,2,80
3,2,0,1,2,80
3,2,0,1,2,80
3,2,0,1,2,80
3,2,0,1,2,80
3,2,0,1,2,80
3,2,0,1,2,80
3,2,0,1,2,80
3,2,0,1,2,80
3,2,0,1,2,80
3,2,0,1,2,80
3,2,0,1,2,80
3,2,0,1,2,80
3,2,0,1,2,80
3,2,0,1,2,80
3,2,0,1,2,80
3,2,0,1,2,80
3,2,0,1,2,80
3,2,0,1,2,80
3,2,0,1,2,80
3,2,0,1,2,80
3,2,0,1,2,80
3,2,0,1,2,80
3,2,0,1,2,80
3,2,0,1,2,80
3,2,0,1,1,80
0,0,0,0,0,81
0,1,0,0,0,81
1,1,0,0,0,81
1,1,1,0,0,81
2,1,1,0,0,81
2,2,1,0,0,81
2,2,1,0,0,81
2,2,1,1,0,81
2,2,1,2,0,81
2,2,1,2,0,81
2,2,1,2,0,81
1,3,1,2,0,81
2,3,1,2,0,81
2,3,1,2,0,81
2,3,2,2,0,81
2,2,2,2,0,81
3,2,2,2,0,81
3,2,3,2,0,81
3,2,3,2,0,81
4,2,3,2,0,81
4,2,3,2,0,81
3,2,3,3,0,81
3,2,3,2,1,81
3,2,3,3,1,81
3,3,3,3,1,81
3,3,4,3,1,81
3,3,4,3,1,81
3,3,4,4,1,81
3,3,4,4,1,81
3,2,4,4,2,81
3,2,4,4,3,81
3,3,4,4,3,81
3,3,4,5,3,81
3,3,5,5,3,81
3,3,5,5,3,81
3,4,4,5,3,81
3,4,4,6,3,81
3,4,4,6,3,81
3,4,4,6,4,81
3,4,4,6,4,81
3,4,4,6,5,81
3,4,4,6,6,81
4,4,4,6,6,81
4,4,4,6,7,81
3,5,4,6,7,81
3,5,5,6,7,81
4,5,5,6,7,81
5,5,5,6,7,81
5,5,5,6,7,81
5,5,5,6,7,81
5,5,5,6,7,81
5,6,5,6,7,81
5,6,5,6,8,81
5,6,5,6,9,81
5,6,5,6,10,81
5,6,5,6,10,81
5,7,5,6,10,81
5,7,5,7,9,81
5,7,5,7,8,81
5,7,5,7,9,81
5,7,5,7,10,81
5,7,5,7,11,81
5,7,5,7,11,81
4,8,5,7,11,81
4,8,5,7,11,81
4,8,5,7,11,81
4,8,5,7,11,81
4,8,5,7,11,81
4,9,5,7,11,81
4,9,5,7,12,81
4,9,5,7,12,81
5,8,5,7,12,81
5,9,5,7,12,81
5,9,5,7,12,81
5,10,5,7,12,81
5,10,5,7,12,81
5,11,5,7,12,81
5,11,5,7,12,81
5,11,5,7,13,81
5,11,5,7,13,81
4,11,5,7,13,81
4,10,5,7,14,81
5,10,5,7,13,81
5,11,5,7,13,81
5,11,4,7,14,81
5,11,4,7,14,81
5,10,4,7,14,81
5,11,4,7,13,81
6,10,4,7,13,81
6,10,4,6,14,81
6,10,4,6,14,81
6,11,4,6,13,81
6,11,4,6,13,81
6,11,4,6,13,81
6,11,4,6,13,81
7,11,4,6,13,81
7,11,4,6,13,81
6,11,4,6,13,81
6,11,4,6,13,81
6,11,4,6,14,81
0,0,0,0,0,82
0,0,1,0,0,82
1,0,1,0,0,82
2,0,1,0,0,82
2,0,1,1,0,82
2,0,1,1,0,82
2,0,1,1,0,82
2,0,1,1,1,82
2,1,1,1,1,82
2,1,1,1,1,82
2,1,1,1,1,82
2,2,1,1,1,82
2,2,1,1,2,82
2,2,1,2,2,82
2,2,1,2,3,82
2,2,1,2,3,82
2,2,2,2,3,82
1,3,2,2,3,82
1,3,2,2,3,82
1,4,2,2,3,82
1,4,2,2,3,82
2,4,2,1,3,82
2,4,2,1,3,82
3,4,2,1,3,82
3,4,2,1,3,82
3,5,2,1,3,82
4,5,2,1,3,82
4,5,2,1,3,82
4,5,2,2,3,82
4,5,2,2,3,82
4,5,3,2,3,82
4,5,3,2,3,82
4,5,3,2,3,82
4,4,3,3,3,82
4,4,3,3,3,82
4,5,3,3,3,82
4,5,3,3,4,82
4,5,4,3,4,82
5,5,4,3,4,82
5,5,4,3,4,82
6,5,4,3,3,82
7,5,4,3,3,82
7,5,4,3,3,82
7,5,4,3,3,82
7,5,4,3,3,82
8,5,4,3,3,82
9,4,4,3,3,82
9,4,4,3,3,82
9,4,4,4,3,82
9,4,4,4,3,82
9,4,4,5,3,82
9,3,4,5,4,82
10,3,4,5,4,82
10,3,4,5,4,82
9,4,4,5,4,82
9,4,5,5,4,82
9,4,5,5,4,82
9,4,5,5,5,82
9,4,5,6,5,82
9,4,5,6,6,82
9,4,5,7,6,82
9,4,5,7,6,82
9,4,5,7,6,82
10,4,5,7,6,82
10,4,5,7,7,82
11,3,5,7,7,82
11,3,5,7,8,82
11,3,5,7,8,82
11,3,5,7,9,82
11,3,5,7,9,82
11,3,5,7,9,82
11,3,5,7,9,82
11,4,5,7,9,82
12,4,5,7,9,82
11,4,5,7,10,82
11,3,5,7,11,82
11,4,5,7,11,82
12,4,5,7,11,82
13,4,5,7,11,82
13,4,5,7,11,82
13,5,5,7,11,82
13,5,5,7,11,82
13,5,5,7,11,82
13,5,5,7,12,82
13,6,5,7,11,82
13,7,5,7,10,82
13,7,5,7,10,82
12,8,5,7,10,82
12,8,5,7,10,82
12,9,5,7,10,82
12,9,5,7,10,82
12,9,5,7,10,82
12,10,5,7,10,82
13,10,4,7,10,82
13,10,4,7,10,82
13,10,4,7,11,82
13,9,4,7,11,82
13,9,4,7,12,82
13,10,4,7,12,82
13,10,4,7,12,82
0,0,0,0,0,83
0,1,0,0,0,83
0,1,1,0,0,83
0,1,1,1,0,83
0,1,1,1,0,83
1,1,1,1,0,83
1,1,1,1,0,83
1,2,1,1,0,83
1,2,1,1,0,83
1,2,1,1,0,83
1,2,1,1,0,83
1,2,1,1,0,83
1,2,1,1,0,83
1,2,1,1,0,83
1,2,1,1,0,83
1,2,1,2,0,83
1,2,1,2,0,83
1,2,1,2,0,83
1,2,1,2,0,83
1,2,1,2,0,83
1,2,1,2,0,83
1,2,1,2,0,83
1,2,1,2,0,83
1,2,1,2,0,83
1,2,1,2,0,83
1,2,1,2,0,83
1,2,1,2,0,83
1,2,1,2,0,83
1,2,1,2,0,83
1,2,1,2,0,83
1,2,1,2,0,83
1,2,1,2,0,83
1,2,1,2,0,83
1,2,1,2,0,83
1,2,1,2,0,83
1,2,1,2,0,83
1,2,1,2,0,83
1,2,1,2,0,83
1,2,1,2,0,83
1,2,1,2,0,83
1,2,1,2,0,83
1,2,1,2,0,83
1,2,1,2,0,83
1,2,1,2,0,83
1,2,1,2,0,83
1,2,1,2,0,83
1,2,1,2,0,83
1,2,1,2,0,83
1,2,1,2,0,83
1,2,1,2,0,83
1,2,1,2,0,83
1,2,1,2,0,83
1,2,1,2,0,83
1,2,1,2,0,83
1,2,1,2,0,83
1,2,1,2,0,83
1,2,1,2,0,83
1,2,1,2,0,83
1,2,1,2,0,83
1,2,1,2,0,83
1,2,1,2,0,83
1,2,1,2,0,83
1,2,1,2,0,83
1,2,1,2,0,83
1,2,1,2,0,83
1,2,1,2,0,83
1,2,1,2,0,83
1,2,1,2,0,83
1,2,1,2,0,83
1,2,1,2,0,83
1,2,1,2,0,83
1,2,1,2,0,83
1,2,1,2,0,83
1,2,1,2,0,83
1,2,1,2,0,83
1,2,1,2,0,83
1,2,1,2,0,83
1,2,1,2,0,83
1,2,1,2,0,83
1,2,1,2,0,83
1,2,1,2,0,83
1,2,1,2,0,83
1,2,1,2,0,83
1,2,1,2,0,83
1,2,1,2,0,83
1,2,1,2,0,83
1,2,1,2,0,83
1,2,1,2,0,83
1,2,1,2,0,83
1,2,1,2,0,83
1,2,1,2,0,83
1,2,1,2,0,83
1,2,1,2,0,83
1,2,1,2,0,83
1,2,1,2,0,83
1,2,1,2,0,83
1,2,1,2,0,83
1,2,1,2,0,83
1,1,1,2,0,83
1,1,1,2,0,83
0,0,0,0,0,84
1,0,0,0,0,84
1,1,0,0,0,84
1,1,0,0,0,84
1,1,0,0,0,84
2,1,0,0,0,84
2,1,1,0,0,84
2,1,1,0,0,84
2,1,2,0,0,84
2,1,2,1,0,84
3,1,2,1,0,84
3,1,2,1,0,84
3,1,2,1,0,84
3,1,3,1,0,84
3,1,3,2,0,84
3,1,3,3,0,84
3,1,3,3,0,84
3,1,3,3,1,84
3,2,3,3,1,84
3,2,4,3,1,84
3,2,4,3,1,84
3,3,4,3,1,84
3,3,4,3,1,84
3,3,5,3,1,84
3,3,6,3,1,84
3,3,6,3,1,84
3,3,6,3,1,84
3,3,5,4,1,84
3,3,5,4,1,84
3,3,5,4,1,84
3,3,5,3,2,84
4,3,5,3,2,84
4,4,4,3,2,84
4,4,3,4,2,84
4,5,3,4,2,84
4,5,3,4,3,84
4,5,3,5,3,84
4,6,3,5,3,84
5,6,3,5,3,84
5,6,3,5,4,84
5,6,3,5,5,84
5,6,3,5,6,84
5,7,3,5,6,84
5,7,4,5,6,84
5,8,4,5,6,84
5,8,4,5,6,84
5,8,4,5,6,84
5,9,4,5,6,84
5,9,4,6,6,84
5,9,4,6,6,84
5,9,4,6,6,84
6,9,4,6,6,84
6,10,4,6,6,84
6,10,4,7,6,84
6,11,4,7,6,84
6,11,5,7,6,84
6,11,5,8,6,84
6,11,5,8,6,84
7,11,4,8,6,84
6,11,4,8,6,84
6,11,4,8,6,84
6,11,4,9,6,84
7,11,3,9,6,84
7,11,4,9,6,84
7,11,4,9,6,84
7,11,5,9,6,84
7,10,5,9,7,84
6,10,5,9,8,84
6,10,5,8,9,84
6,11,5,8,9,84
6,11,6,7,9,84
6,11,6,7,9,84
6,11,6,7,10,84
6,11,6,7,10,84
6,11,6,7,10,84
5,12,6,7,10,84
5,12,6,7,10,84
5,11,7,7,10,84
5,11,7,7,11,84
5,11,7,7,11,84
5,11,6,7,11,84
5,11,6,7,11,84
5,12,6,7,10,84
5,12,6,7,10,84
6,12,6,7,10,84
6,12,6,7,10,84
5,12,7,7,10,84
5,12,7,7,10,84
5,12,7,7,10,84
5,12,7,7,10,84
5,12,7,7,10,84
5,12,7,7,9,84
5,12,7,7,9,84
6,12,7,7,9,84
6,12,7,7,9,84
5,12,7,7,10,84
5,12,7,7,10,84
5,12,7,7,10,84
5,12,7,7,10,84
5,11,7,7,11,84
0,0,0,0,0,85
1,0,0,0,0,85
1,0,0,0,1,85
1,0,0,0,2,85
1,0,0,0,3,85
1,0,0,0,4,85
1,0,0,0,4,85
1,0,0,0,4,85
1,0,0,0,5,85
1,0,0,0,5,85
1,0,0,0,5,85
1,0,0,0,5,85
1,0,0,0,5,85
1,0,0,0,5,85
1,0,0,0,5,85
1,0,0,0,5,85
1,0,0,0,5,85
1,0,0,0,5,85
0,0,0,0,0,86
0,0,0,1,0,86
0,1,0,1,0,86
0,1,0,1,0,86
0,1,0,1,0,86
0,1,0,1,1,86
0,1,0,1,1,86
0,1,0,1,1,86
0,1,0,1,2,86
0,1,0,1,3,86
0,1,1,1,3,86
0,1,1,1,3,86
0,1,1,1,3,86
0,2,1,1,3,86
0,2,1,1,3,86
0,2,1,1,3,86
1,2,1,1,3,86
1,2,1,1,4,86
1,3,1,1,4,86
1,4,1,1,4,86
1,4,1,1,4,86
1,4,1,1,4,86
1,4,1,1,4,86
1,4,1,1,4,86
1,4,1,1,4,86
1,4,1,1,4,86
1,4,1,1,4,86
1,4,1,1,4,86
1,4,1,1,4,86
1,4,1,1,4,86
1,4,1,1,4,86
1,4,1,1,4,86
1,4,1,1,5,86
1,4,1,1,5,86
1,4,1,1,5,86
1,4,1,1,6,86
2,4,1,1,6,86
2,4,1,1,6,86
2,4,1,1,6,86
2,4,1,1,6,86
2,4,1,2,6,86
2,4,1,2,6,86
2,4,1,2,6,86
2,4,1,2,6,86
2,4,1,2,6,86
2,4,1,2,7,86
2,4,1,2,7,86
2,4,1,2,7,86
2,4,1,2,7,86
2,4,0,2,7,86
2,4,1,2,7,86
2,4,1,2,7,86
2,4,1,2,7,86
2,4,1,2,7,86
3,4,1,2,7,86
3,4,1,2,8,86
3,4,1,2,8,86
3,4,2,2,7,86
3,4,2,2,7,86
3,4,2,2,7,86
3,4,2,2,7,86
3,4,2,2,7,86
4,4,2,2,7,86
4,4,2,2,7,86
4,4,2,2,7,86
4,4,2,2,7,86
5,4,2,2,7,86
5,4,2,2,8,86
5,4,2,2,8,86
5,4,2,2,8,86
5,4,3,2,8,86
5,4,3,2,8,86
5,4,3,2,9,86
5,4,3,2,9,86
5,4,3,2,9,86
6,4,2,2,9,86
6,4,2,2,9,86
6,4,2,2,9,86
6,4,3,2,9,86
6,4,3,2,9,86
6,4,4,2,9,86
6,4,5,2,9,86
6,4,5,2,9,86
6,4,5,2,9,86
6,4,5,2,9,86
5,4,5,2,9,86
5,4,5,2,9,86
6,4,5,2,8,86
6,4,5,2,8,86
6,4,5,2,8,86
6,4,5,2,8,86
6,4,5,2,9,86
6,4,5,2,9,86
6,4,5,2,9,86
6,4,5,2,9,86
6,4,5,2,9,86
6,4,6,2,8,86
6,4,6,2,8,86
6,3,6,2,9,86
5,3,6,2,9,86
0,0,0,0,0,87
0,1,0,0,0,87
0,1,0,0,1,87
0,1,0,0,1,87
0,1,1,0,1,87
1,1,1,0,1,87
1,1,1,1,1,87
1,2,1,1,1,87
1,2,1,1,1,87
1,2,1,1,1,87
1,2,1,1,1,87
1,2,1,1,1,87
1,2,1,1,1,87
1,2,1,1,1,87
1,2,1,1,1,87
1,2,1,1,1,87
1,2,1,1,1,87
1,2,1,1,1,87
1,2,1,1,1,87
1,2,1,1,1,87
1,2,1,1,1,87
1,2,1,1,2,87
1,2,1,1,2,87
1,2,1,1,2,87
1,2,1,1,2,87
1,2,1,1,2,87
1,2,1,1,2,87
1,2,1,1,2,87
1,2,1,1,2,87
1,2,1,1,2,87
1,2,1,1,2,87
1,2,1,1,2,87
1,2,1,1,2,87
1,2,1,1,2,87
1,2,1,1,2,87
1,2,1,1,2,87
1,2,1,1,2,87
1,2,1,1,2,87
1,2,1,1,2,87
1,2,1,1,2,87
1,2,1,1,2,87
1,2,1,1,2,87
1,2,1,1,2,87
1,2,1,1,2,87
1,2,1,1,2,87
1,2,1,1,2,87
1,2,1,1,2,87
1,2,1,1,2,87
1,2,1,1,2,87
1,2,1,1,2,87
1,2,1,1,2,87
1,2,1,1,2,87
1,2,1,1,2,87
1,2,1,1,2,87
1,2,1,1,2,87
1,2,1,1,2,87
1,2,1,1,2,87
1,2,1,1,2,87
1,2,1,1,2,87
1,2,1,1,2,87
1,2,1,1,2,87
1,2,1,1,2,87
1,2,1,1,2,87
1,2,1,1,2,87
1,2,1,1,2,87
1,2,1,1,2,87
1,2,1,1,2,87
1,2,1,1,2,87
1,2,1,1,2,87
1,2,1,1,2,87
1,2,1,1,2,87
1,2,1,1,2,87
1,2,1,1,2,87
1,2,1,1,2,87
1,2,1,1,2,87
1,2,1,1,2,87
1,2,1,1,2,87
1,2,1,1,2,87
1,2,1,1,2,87
1,2,1,1,2,87
1,2,1,1,2,87
1,2,1,1,2,87
1,2,1,1,2,87
1,2,1,1,2,87
1,2,1,1,2,87
1,2,1,1,2,87
1,2,1,1,2,87
1,2,1,1,2,87
1,2,1,1,2,87
1,2,1,1,2,87
1,2,1,1,2,87
1,2,1,1,2,87
1,2,1,1,2,87
1,2,1,1,2,87
1,2,1,1,2,87
1,2,1,1,2,87
1,2,1,1,2,87
1,2,1,1,2,87
1,2,1,1,2,87
1,2,1,1,2,87
0,0,0,0,0,88
1,0,0,0,0,88
1,0,0,0,0,88
1,0,0,0,0,88
1,1,0,0,0,88
1,2,0,0,0,88
1,2,1,0,0,88
0,2,1,0,1,88
1,2,1,0,1,88
1,2,1,0,1,88
1,2,1,1,1,88
1,2,1,1,1,88
1,2,1,1,1,88
1,2,1,1,1,88
1,2,1,1,1,88
1,2,1,1,1,88
1,2,1,1,1,88
1,2,0,1,2,88
1,2,0,1,2,88
1,2,0,1,2,88
1,2,0,1,2,88
1,2,0,1,2,88
1,2,0,1,2,88
1,2,0,1,2,88
1,2,0,1,2,88
1,2,0,1,2,88
1,2,0,1,2,88
1,2,0,1,2,88
1,2,0,1,2,88
1,2,0,1,2,88
1,2,0,1,2,88
1,2,0,1,2,88
1,2,0,1,1,88
1,2,0,1,1,88
1,2,0,1,1,88
1,2,0,1,1,88
1,2,0,1,1,88
1,2,0,1,1,88
1,2,0,1,1,88
1,2,0,1,1,88
1,2,0,1,1,88
1,2,0,1,1,88
1,2,0,1,1,88
1,2,0,1,1,88
1,2,0,1,1,88
1,2,0,1,1,88
1,2,0,1,1,88
1,2,0,1,1,88
1,2,0,1,1,88
1,2,0,1,1,88
1,2,0,1,1,88
1,2,0,1,1,88
1,2,0,1,1,88
1,2,0,1,1,88
1,2,0,1,1,88
1,2,0,1,1,88
1,2,0,1,1,88
1,2,0,1,1,88
1,2,0,1,1,88
1,2,0,1,1,88
1,2,0,1,1,88
0,2,0,1,1,88
0,2,0,1,1,88
0,2,0,1,1,88
0,2,0,1,1,88
0,2,0,1,1,88
0,2,0,1,1,88
0,2,0,1,1,88
0,2,0,1,1,88
0,2,0,1,1,88
0,2,0,1,1,88
0,2,0,1,1,88
0,2,0,1,1,88
0,2,0,1,1,88
0,2,0,1,1,88
0,2,0,1,0,88
0,2,0,1,0,88
0,2,0,1,0,88
0,2,0,1,0,88
0,2,0,1,0,88
0,2,0,1,0,88
0,2,0,1,0,88
0,2,0,1,0,88
0,2,0,1,0,88
0,2,0,1,1,88
0,2,0,1,1,88
0,2,0,1,1,88
0,2,0,1,1,88
0,2,0,1,1,88
0,2,0,1,1,88
0,2,0,1,1,88
0,2,0,1,1,88
0,2,0,1,1,88
0,2,0,1,1,88
0,2,0,1,1,88
0,2,0,1,1,88
0,2,0,1,1,88
0,2,0,1,1,88
0,2,0,1,1,88
0,2,0,1,1,88
0,0,0,0,0,89
0,0,1,0,0,89
0,1,1,0,0,89
0,2,1,0,0,89
0,2,1,0,0,89
0,3,1,0,0,89
0,3,1,0,1,89
0,3,1,1,1,89
0,3,1,1,1,89
1,3,1,1,1,89
1,3,1,1,1,89
1,3,1,1,1,89
1,3,1,1,1,89
1,3,1,1,1,89
1,3,1,1,1,89
1,3,1,1,1,89
1,3,2,1,1,89
1,3,2,1,2,89
2,3,2,1,2,89
2,4,2,1,2,89
2,4,2,1,2,89
3,4,2,1,2,89
3,4,2,1,2,89
3,4,2,1,2,89
3,4,2,1,2,89
3,4,2,1,2,89
3,4,2,1,2,89
3,4,2,1,3,89
3,4,2,1,3,89
3,5,2,1,3,89
3,5,2,1,3,89
3,5,1,1,3,89
3,5,1,1,3,89
3,5,1,1,4,89
3,5,1,1,4,89
3,5,1,1,4,89
3,5,1,1,4,89
3,5,1,1,4,89
3,5,1,1,4,89
3,5,1,1,4,89
3,5,1,1,4,89
3,5,1,2,4,89
3,5,1,2,4,89
3,5,1,1,4,89
3,5,1,1,5,89
3,5,1,1,5,89
3,5,1,1,5,89
3,5,1,1,5,89
3,5,1,1,5,89
3,5,0,1,5,89
4,5,0,1,5,89
4,5,0,1,5,89
4,5,0,1,5,89
4,4,0,2,5,89
4,4,0,2,5,89
4,4,0,2,6,89
4,4,1,2,6,89
4,4,1,2,6,89
5,4,1,2,6,89
5,4,1,2,6,89
5,3,1,2,7,89
5,4,1,2,7,89
5,4,2,2,7,89
5,4,2,3,7,89
5,4,2,3,7,89
5,5,2,3,7,89
5,5,2,3,7,89
6,5,1,3,7,89
6,5,1,3,7,89
6,6,1,3,6,89
6,6,1,3,6,89
6,5,1,3,6,89
6,6,1,3,6,89
6,6,1,3,6,89
6,6,1,3,6,89
6,6,1,4,5,89
6,6,1,5,5,89
6,6,1,5,6,89
6,7,1,5,6,89
6,7,1,5,6,89
6,7,1,5,6,89
5,7,2,5,6,89
5,7,2,5,6,89
5,7,2,5,7,89
5,7,2,5,8,89
6,7,1,5,8,89
7,7,1,5,7,89
7,7,1,5,7,89
7,7,1,5,6,89
8,7,1,5,6,89
7,7,1,5,6,89
7,7,2,5,6,89
7,8,2,5,6,89
7,9,2,5,5,89
7,10,2,5,5,89
7,10,2,5,5,89
7,10,2,5,6,89
7,10,2,5,7,89
6,11,2,5,7,89
6,11,2,5,7,89
0,0,0,0,0,90
1,0,0,0,0,90
2,0,0,0,0,90
2,0,0,0,0,90
2,0,0,0,1,90
3,0,0,0,1,90
3,0,0,0,2,90
3,1,0,0,2,90
3,1,0,0,3,90
3,1,0,0,3,90
3,1,0,0,3,90
3,2,0,0,3,90
3,2,0,0,3,90
3,2,0,0,3,90
3,2,0,0,3,90
3,2,0,0,3,90
3,2,0,0,3,90
3,2,0,0,3,90
3,2,0,0,3,90
3,2,0,0,3,90
3,2,0,0,3,90
3,2,0,0,3,90
3,2,0,0,3,90
3,2,0,0,3,90
3,2,0,0,3,90
3,2,0,0,3,90
3,2,0,0,3,90
3,2,0,0,3,90
3,2,0,0,3,90
3,2,0,0,3,90
3,2,0,0,3,90
3,2,0,0,3,90
3,2,0,0,3,90
3,2,0,0,3,90
3,2,0,0,3,90
3,2,0,0,3,90
3,2,0,0,3,90
3,2,0,0,3,90
3,2,0,0,3,90
3,2,0,0,3,90
3,2,0,0,3,90
3,2,0,0,3,90
3,2,0,0,3,90
3,2,0,0,3,90
3,2,0,0,3,90
3,2,0,0,3,90
3,2,0,0,2,90
3,2,0,0,2,90
3,2,0,0,2,90
3,2,0,0,2,90
3,2,0,0,2,90
3,2,0,0,2,90
3,2,0,0,2,90
3,2,0,0,2,90
3,2,0,0,2,90
3,1,0,0,2,90
3,1,0,0,2,90
3,1,0,0,2,90
3,1,0,0,2,90
3,1,0,0,2,90
3,1,0,0,2,90
3,1,0,0,2,90
3,1,0,0,2,90
3,1,0,0,2,90
3,1,0,0,2,90
3,1,0,0,2,90
3,1,0,0,2,90
3,1,0,0,2,90
3,1,0,0,2,90
3,1,0,0,2,90
3,1,0,0,2,90
3,1,0,0,2,90
3,1,0,0,2,90
2,1,0,0,2,90
2,1,0,0,2,90
2,1,0,0,2,90
2,1,0,0,2,90
2,1,0,0,2,90
2,1,0,0,2,90
2,1,0,0,2,90
2,1,0,0,2,90
2,1,0,0,2,90
2,1,0,0,2,90
2,1,0,0,2,90
2,1,0,0,2,90
2,1,0,0,2,90
2,1,0,0,2,90
2,1,0,0,2,90
2,1,0,0,2,90
2,1,0,0,2,90
2,1,0,0,2,90
2,1,0,0,2,90
2,1,0,0,2,90
2,1,0,0,2,90
2,1,0,0,2,90
2,1,0,0,2,90
2,1,0,0,2,90
2,1,0,0,2,90
2,1,0,0,2,90
2,1,0,0,2,90
0,0,0,0,0,91
0,0,0,0,1,91
0,0,0,1,1,91
0,0,0,1,1,91
0,1,0,1,1,91
0,1,1,1,1,91
0,1,1,1,1,91
0,1,1,1,1,91
0,1,1,1,1,91
0,1,1,1,1,91
0,1,1,1,1,91
0,1,1,1,1,91
0,2,1,1,1,91
0,2,1,1,2,91
0,3,1,1,2,91
0,3,1,1,2,91
0,3,1,1,2,91
0,3,1,1,2,91
0,3,1,1,2,91
0,3,1,1,2,91
0,3,1,1,3,91
1,3,1,1,3,91
1,2,1,1,4,91
1,2,1,1,4,91
2,2,1,1,4,91
2,2,1,1,4,91
2,3,1,1,4,91
2,3,1,1,4,91
2,3,1,1,4,91
2,3,1,1,4,91
2,3,1,1,4,91
2,3,1,1,4,91
2,3,1,1,4,91
2,3,1,1,4,91
2,3,1,1,4,91
2,3,1,1,4,91
2,3,1,1,4,91
3,3,1,1,4,91
3,3,1,1,4,91
3,3,1,1,4,91
3,3,1,1,4,91
3,3,1,1,4,91
3,3,1,1,4,91
3,3,1,1,4,91
3,3,1,1,4,91
3,3,1,1,4,91
3,3,1,1,4,91
3,3,1,1,4,91
3,3,1,1,4,91
3,3,1,1,4,91
3,3,1,1,4,91
3,3,1,1,4,91
3,3,1,1,4,91
3,3,1,1,4,91
3,3,1,1,4,91
3,3,1,1,4,91
3,3,1,1,4,91
3,3,1,1,4,91
3,3,1,1,4,91
3,3,1,1,4,91
3,3,1,1,4,91
3,3,1,1,4,91
3,3,1,1,4,91
3,3,1,1,4,91
3,3,1,1,4,91
3,3,1,1,5,91
3,3,1,1,5,91
3,3,1,1,5,91
3,3,1,1,5,91
3,3,1,1,5,91
3,3,1,1,5,91
3,3,1,1,5,91
3,3,1,1,5,91
3,3,1,1,5,91
3,3,1,1,5,91
3,3,1,1,5,91
3,3,1,1,5,91
3,2,1,1,5,91
3,2,1,1,5,91
3,2,1,1,5,91
3,2,1,1,5,91
3,2,1,1,5,91
3,2,1,1,5,91
3,2,1,1,5,91
3,2,1,1,5,91
3,2,1,1,5,91
3,2,1,1,5,91
3,2,1,1,5,91
3,2,1,1,5,91
3,2,1,1,5,91
3,2,1,1,5,91
3,2,1,1,5,91
3,2,1,1,5,91
3,3,1,1,5,91
3,3,1,1,5,91
3,3,1,1,5,91
3,3,1,1,5,91
3,3,1,1,5,91
3,3,1,1,5,91
3,3,1,1,5,91
0,0,0,0,0,92
0,0,0,1,0,92
0,1,0,1,0,92
0,1,1,1,0,92
0,2,1,1,0,92
0,2,1,1,0,92
0,2,1,1,0,92
0,1,1,1,0,92
0,1,1,1,0,92
1,1,0,1,0,92
1,1,0,1,0,92
1,1,0,1,0,92
1,1,0,1,1,92
1,1,0,1,1,92
1,2,0,1,1,92
1,2,0,2,1,92
1,2,0,2,1,92
1,2,0,2,1,92
1,3,0,2,1,92
1,3,0,2,2,92
1,2,0,2,2,92
1,2,1,2,2,92
1,2,1,2,2,92
1,2,1,2,3,92
1,2,1,2,3,92
1,2,1,2,3,92
1,2,1,2,3,92
1,2,2,2,3,92
2,1,2,2,3,92
2,1,2,2,3,92
2,1,2,2,4,92
2,1,2,2,4,92
3,1,2,2,4,92
3,2,2,2,4,92
3,2,2,2,4,92
3,2,2,2,4,92
3,2,2,2,4,92
3,2,2,2,4,92
0,0,0,0,0,93
0,0,0,0,1,93
0,0,1,0,1,93
0,0,1,0,1,93
0,0,1,0,2,93
0,0,1,0,2,93
0,1,1,0,2,93
0,1,1,0,2,93
0,1,1,1,2,93
0,1,1,1,3,93
0,1,1,1,3,93
0,1,1,1,3,93
0,1,1,1,3,93
1,1,1,1,3,93
1,1,1,1,3,93
1,1,1,1,3,93
1,1,1,1,3,93
1,1,1,1,3,93
1,1,1,1,3,93
1,1,1,1,3,93
1,1,1,1,3,93
1,1,1,1,3,93
1,1,1,1,3,93
1,1,1,1,3,93
1,1,1,1,3,93
1,1,1,1,3,93
1,1,1,1,3,93
1,1,1,1,3,93
1,1,1,1,3,93
1,1,1,1,3,93
1,1,1,1,3,93
1,1,1,1,3,93
1,1,1,1,3,93
1,1,1,1,3,93
1,1,1,1,3,93
1,1,1,1,3,93
1,1,1,1,3,93
1,1,1,1,3,93
1,1,1,1,3,93
1,1,1,1,3,93
1,1,1,1,3,93
1,1,1,1,3,93
1,1,1,1,3,93
1,1,1,1,3,93
1,1,1,1,3,93
1,1,1,1,3,93
1,1,1,1,3,93
1,1,1,1,3,93
1,1,1,1,3,93
1,1,1,1,3,93
1,1,1,1,3,93
1,1,1,1,3,93
1,1,1,1,3,93
1,1,1,1,3,93
1,1,1,1,2,93
1,1,1,1,2,93
1,1,1,1,2,93
1,1,1,1,2,93
1,1,1,1,2,93
1,1,1,1,2,93
1,1,1,1,2,93
1,1,1,1,2,93
1,1,1,1,2,93
1,1,1,1,2,93
1,1,1,1,2,93
1,1,1,1,2,93
1,1,1,1,2,93
1,1,1,1,2,93
1,1,1,1,2,93
1,1,1,1,2,93
1,1,1,1,2,93
1,1,1,1,2,93
1,1,1,1,2,93
1,1,1,1,2,93
1,1,1,1,2,93
1,1,1,1,2,93
1,1,1,1,2,93
1,1,1,1,2,93
1,1,1,1,2,93
1,1,1,1,2,93
1,1,1,1,2,93
1,1,1,1,2,93
1,1,1,1,2,93
1,1,1,1,2,93
1,1,1,1,2,93
1,1,1,1,2,93
1,1,1,1,2,93
1,1,1,1,2,93
1,1,1,1,2,93
1,1,1,1,2,93
1,1,1,1,2,93
1,1,1,1,2,93
1,1,1,1,2,93
1,1,1,1,2,93
1,1,1,1,2,93
1,1,1,1,2,93
1,1,1,1,2,93
1,1,1,1,2,93
1,1,1,1,2,93
1,1,1,1,2,93
0,0,0,0,0,94
0,0,0,0,0,94
0,0,0,1,0,94
0,0,0,1,0,94
0,1,0,1,0,94
0,1,0,1,0,94
0,1,0,1,0,94
0,1,0,1,0,94
0,1,0,1,0,94
0,1,0,1,1,94
0,1,0,1,1,94
0,1,0,0,1,94
0,1,1,0,1,94
0,1,1,0,1,94
0,2,1,0,1,94
0,2,1,1,1,94
0,2,1,1,1,94
0,2,1,1,1,94
0,2,1,1,2,94
1,2,1,1,2,94
1,2,1,1,2,94
1,2,1,1,2,94
1,2,1,1,2,94
1,2,1,1,2,94
1,2,1,1,2,94
1,2,1,1,2,94
1,2,1,1,2,94
1,2,1,1,2,94
1,2,1,1,2,94
1,2,1,1,2,94
1,2,1,1,2,94
1,2,1,1,2,94
1,2,1,1,2,94
1,2,1,1,2,94
1,2,1,1,2,94
1,2,1,1,2,94
1,2,1,1,2,94
1,2,1,1,2,94
1,2,1,1,2,94
1,2,1,1,2,94
1,2,1,1,2,94
1,2,1,1,2,94
1,2,1,1,2,94
1,2,1,1,2,94
1,2,1,1,2,94
1,2,1,1,2,94
1,2,1,1,2,94
1,2,1,1,2,94
1,2,1,1,2,94
1,2,1,1,2,94
1,2,1,1,2,94
1,2,1,1,2,94
1,2,1,1,2,94
1,2,1,1,2,94
1,2,1,1,2,94
1,2,1,1,2,94
1,2,1,1,2,94
1,2,1,1,2,94
1,2,1,1,2,94
1,2,1,1,2,94
1,2,1,1,2,94
1,2,1,1,2,94
1,2,1,1,2,94
1,2,1,1,2,94
1,2,1,1,2,94
1,2,1,1,2,94
1,2,1,1,2,94
1,2,1,1,2,94
1,2,1,1,2,94
1,2,1,1,2,94
1,2,1,1,2,94
1,2,1,1,2,94
1,2,1,1,2,94
1,2,1,1,2,94
1,2,1,1,2,94
1,2,1,1,2,94
1,2,1,1,2,94
1,2,1,1,2,94
1,2,1,1,2,94
1,2,1,1,2,94
1,2,1,1,2,94
1,2,1,1,2,94
1,2,1,1,2,94
1,2,1,1,2,94
1,2,1,1,2,94
1,2,1,1,2,94
1,2,1,1,2,94
1,2,1,1,2,94
1,2,1,1,2,94
1,2,1,1,2,94
1,2,1,1,2,94
1,2,1,1,2,94
1,2,1,1,2,94
1,2,1,1,2,94
1,2,1,1,2,94
1,2,1,1,2,94
1,2,1,1,2,94
1,2,1,1,2,94
1,2,1,1,2,94
1,2,1,1,2,94
0,0,0,0,0,95
0,1,0,0,0,95
0,1,0,0,1,95
0,1,0,1,1,95
0,1,1,1,1,95
0,1,1,1,1,95
0,1,1,1,1,95
1,1,1,1,1,95
1,1,1,1,1,95
1,1,1,1,1,95
1,1,1,1,1,95
2,1,1,1,1,95
2,1,1,1,1,95
2,2,1,1,1,95
2,2,1,1,1,95
2,2,1,1,1,95
2,2,1,1,1,95
2,2,2,1,1,95
1,2,2,1,2,95
1,2,2,1,2,95
2,2,2,1,2,95
2,2,2,1,3,95
2,2,2,1,3,95
2,2,2,1,4,95
3,2,2,1,4,95
4,2,2,1,4,95
4,2,2,1,4,95
4,2,2,1,4,95
4,2,2,1,4,95
4,3,2,1,4,95
4,2,2,1,5,95
4,2,2,1,5,95
4,2,2,1,5,95
4,2,2,1,5,95
4,2,2,1,5,95
4,2,2,1,5,95
4,2,2,1,5,95
4,2,2,1,6,95
4,2,2,1,6,95
4,2,2,1,6,95
5,2,2,1,5,95
5,2,2,1,5,95
5,2,2,1,5,95
5,2,2,1,5,95
5,3,2,1,5,95
5,3,2,1,5,95
5,3,2,1,5,95
5,3,2,1,5,95
5,3,2,1,5,95
5,3,2,1,5,95
5,3,2,1,5,95
5,3,2,2,5,95
5,3,2,2,5,95
6,3,2,2,5,95
6,3,3,2,5,95
6,3,3,2,6,95
5,3,3,2,7,95
5,3,3,2,7,95
5,3,3,2,8,95
5,3,3,2,8,95
5,3,3,3,7,95
5,3,3,3,7,95
5,3,3,3,7,95
5,3,3,4,7,95
5,3,3,4,7,95
5,3,3,4,8,95
5,3,3,4,8,95
5,3,3,4,8,95
5,4,3,4,8,95
5,5,3,4,8,95
6,5,3,4,8,95
6,5,3,4,7,95
6,5,3,4,7,95
6,5,3,4,8,95
6,5,3,4,9,95
7,5,3,4,9,95
7,5,3,4,9,95
7,6,3,4,9,95
7,6,3,4,9,95
7,6,3,4,9,95
7,7,3,3,9,95
7,7,4,3,9,95
7,7,5,3,9,95
7,6,5,4,9,95
7,6,5,4,10,95
7,6,5,4,10,95
7,6,5,4,10,95
7,6,5,4,10,95
7,6,5,4,11,95
7,6,5,4,11,95
8,6,5,4,11,95
8,6,5,4,12,95
8,6,5,4,13,95
8,6,5,4,14,95
8,6,5,5,14,95
9,6,5,5,14,95
9,6,5,5,15,95
9,6,5,6,15,95
9,6,5,6,15,95
9,6,6,6,14,95
0,0,0,0,0,96
0,0,0,0,1,96
0,0,1,0,1,96
0,0,1,0,1,96
0,0,1,1,1,96
0,1,1,1,1,96
0,1,1,1,1,96
1,1,1,1,1,96
1,2,1,1,1,96
1,2,1,1,1,96
1,2,1,1,1,96
1,2,1,1,1,96
2,2,1,1,1,96
2,2,1,1,1,96
2,2,1,1,1,96
2,2,1,1,1,96
2,2,1,1,1,96
2,2,1,1,1,96
2,2,1,1,1,96
2,2,1,1,1,96
2,2,1,1,1,96
2,2,1,1,1,96
2,2,1,1,1,96
2,2,1,1,1,96
2,2,1,1,1,96
2,2,1,1,1,96
2,2,1,1,1,96
2,2,1,1,1,96
2,2,1,1,1,96
2,2,1,1,1,96
2,2,1,1,1,96
2,2,1,1,1,96
2,2,1,1,1,96
2,2,1,1,1,96
2,2,1,1,1,96
2,2,1,1,1,96
2,2,1,1,1,96
2,2,1,1,1,96
2,2,1,1,1,96
2,2,1,1,1,96
2,2,1,1,1,96
2,2,1,1,1,96
2,2,1,1,1,96
2,2,1,1,1,96
2,2,1,1,1,96
2,2,1,1,1,96
2,2,1,1,1,96
2,2,1,1,1,96
2,2,1,1,1,96
2,2,1,1,1,96
2,1,1,1,1,96
1,1,1,1,1,96
1,1,1,1,1,96
1,1,1,1,1,96
1,1,1,1,1,96
1,1,1,1,1,96
1,1,1,1,1,96
1,1,1,1,1,96
1,1,1,1,1,96
1,1,1,1,1,96
1,1,1,1,1,96
1,1,1,1,1,96
1,1,1,1,1,96
1,1,1,1,1,96
1,1,1,1,1,96
1,1,1,1,1,96
1,1,1,1,1,96
1,1,1,1,1,96
1,1,1,1,1,96
1,1,1,1,1,96
1,1,1,1,1,96
1,1,1,1,1,96
1,1,1,1,1,96
1,1,1,1,1,96
1,1,1,1,1,96
1,1,1,1,1,96
1,1,1,1,1,96
1,1,1,1,1,96
1,1,1,1,1,96
1,1,1,1,1,96
1,1,1,1,1,96
1,1,1,1,1,96
1,1,1,1,1,96
1,1,1,1,1,96
1,1,1,1,1,96
1,1,1,1,1,96
1,1,1,1,1,96
1,1,1,1,1,96
1,1,1,1,1,96
1,1,1,1,1,96
1,1,1,1,1,96
1,1,1,1,1,96
1,1,1,1,1,96
1,1,1,1,1,96
1,1,1,1,1,96
1,1,1,1,1,96
1,1,1,1,1,96
1,1,1,1,1,96
1,1,1,1,1,96
1,1,1,1,1,96
0,0,0,0,0,97
0,0,1,0,0,97
0,0,1,0,1,97
0,0,1,0,2,97
0,0,1,0,2,97
0,1,1,0,2,97
0,1,1,0,2,97
0,1,1,0,2,97
0,1,1,1,2,97
0,2,1,1,2,97
0,2,1,1,2,97
0,2,1,1,2,97
0,2,1,1,2,97
0,2,1,1,3,97
0,2,1,1,3,97
0,2,1,1,3,97
0,2,1,1,3,97
0,2,1,1,3,97
0,2,1,1,3,97
0,2,1,1,3,97
0,2,1,1,3,97
0,2,1,1,3,97
0,2,1,1,3,97
0,2,1,1,3,97
0,2,1,1,3,97
0,2,1,1,3,97
0,2,1,1,3,97
0,2,1,1,3,97
0,2,1,1,3,97
0,2,1,1,3,97
0,2,1,1,3,97
0,2,1,1,3,97
0,2,1,1,3,97
0,2,1,1,3,97
0,2,1,1,3,97
0,2,1,1,3,97
0,2,1,1,3,97
0,2,1,1,3,97
0,2,1,1,3,97
0,2,1,1,3,97
0,2,1,1,3,97
0,2,1,1,3,97
0,2,1,1,3,97
0,2,1,1,3,97
0,2,1,1,3,97
0,2,1,1,3,97
0,2,1,1,3,97
0,2,1,1,3,97
0,2,1,1,3,97
0,2,1,1,3,97
0,2,1,1,3,97
0,2,1,1,3,97
0,2,1,1,3,97
0,2,1,1,3,97
0,2,1,1,3,97
0,2,1,1,3,97
0,2,1,1,3,97
0,2,1,1,3,97
0,2,1,1,3,97
0,2,1,1,3,97
0,2,1,1,3,97
0,2,1,1,3,97
0,2,1,1,3,97
0,2,1,1,3,97
0,2,1,1,3,97
0,2,1,1,3,97
0,2,1,1,3,97
0,2,1,1,3,97
0,2,1,1,3,97
0,2,1,1,3,97
0,2,1,1,3,97
0,2,1,1,3,97
0,2,1,1,3,97
0,2,1,1,3,97
0,2,1,1,3,97
0,2,1,1,3,97
0,2,1,1,3,97
0,2,1,1,3,97
0,2,1,1,3,97
0,2,1,1,3,97
0,2,1,1,3,97
0,2,1,1,3,97
0,2,1,1,3,97
0,2,1,1,3,97
0,2,1,1,3,97
0,2,1,1,3,97
0,2,1,1,3,97
0,2,1,1,3,97
0,2,1,1,3,97
0,2,1,1,3,97
0,2,1,1,3,97
0,2,1,1,3,97
0,2,1,1,3,97
0,2,1,1,3,97
0,2,1,1,3,97
0,2,1,1,3,97
0,2,1,1,3,97
0,2,1,1,3,97
0,2,1,1,3,97
0,2,1,1,3,97
0,0,0,0,0,98
1,0,0,0,0,98
1,1,0,0,0,98
1,2,0,0,0,98
1,3,0,0,0,98
1,3,0,0,0,98
1,3,0,0,0,98
1,4,0,0,0,98
1,4,0,0,1,98
1,4,0,0,1,98
1,4,0,0,1,98
1,4,0,0,1,98
1,4,0,0,1,98
1,4,0,0,2,98
1,4,0,0,2,98
1,4,0,0,2,98
1,4,0,0,2,98
1,4,0,0,2,98
1,4,0,0,2,98
1,4,0,0,2,98
1,4,0,0,2,98
1,4,0,0,2,98
1,4,0,0,2,98
1,4,0,0,2,98
1,4,0,0,2,98
1,4,0,0,2,98
1,4,0,0,2,98
1,4,0,0,2,98
1,4,0,0,2,98
1,4,0,0,2,98
1,4,0,0,2,98
1,4,0,0,2,98
1,4,0,0,2,98
1,4,0,0,2,98
1,4,0,0,2,98
1,4,0,0,2,98
1,4,0,0,2,98
1,4,0,0,2,98
1,4,0,0,2,98
1,4,0,0,2,98
1,4,0,0,2,98
1,4,0,0,2,98
1,4,0,0,2,98
1,4,0,0,2,98
1,4,0,0,2,98
1,4,0,0,2,98
1,4,0,0,2,98
1,4,0,0,2,98
1,4,0,0,2,98
1,4,0,0,2,98
1,4,0,0,2,98
1,4,0,0,2,98
1,4,0,0,2,98
1,4,0,0,2,98
1,4,0,0,2,98
1,4,0,0,2,98
1,4,0,0,2,98
1,4,0,0,2,98
1,4,0,0,2,98
1,4,0,0,2,98
1,4,0,0,2,98
1,4,0,0,2,98
1,4,0,0,2,98
1,4,0,0,2,98
1,4,0,0,2,98
1,4,0,0,2,98
1,4,0,0,2,98
1,4,0,0,2,98
1,4,0,0,2,98
1,4,0,0,2,98
1,4,0,0,2,98
1,4,0,0,2,98
1,4,0,0,2,98
1,4,0,0,2,98
1,4,0,0,2,98
1,4,0,0,2,98
1,4,0,0,2,98
1,4,0,0,2,98
1,4,0,0,2,98
1,4,0,0,2,98
1,4,0,0,2,98
1,4,0,0,2,98
1,4,0,0,2,98
1,4,0,0,2,98
1,4,0,0,2,98
1,4,0,0,2,98
1,4,0,0,2,98
1,4,0,0,2,98
1,4,0,0,2,98
1,4,0,0,2,98
1,4,0,0,2,98
1,4,0,0,2,98
1,4,0,0,2,98
1,4,0,0,2,98
1,4,0,0,2,98
1,4,0,0,2,98
1,4,0,0,2,98
1,4,0,0,2,98
1,4,0,0,2,98
1,4,0,0,2,98
0,0,0,0,0,99
0,1,0,0,0,99
0,2,0,0,0,99
0,2,0,0,0,99
0,2,0,0,1,99
0,2,0,0,1,99
0,2,0,0,1,99
0,2,1,0,1,99
0,2,1,1,1,99
1,2,1,1,1,99
1,2,1,1,2,99
1,2,1,1,2,99
1,3,1,1,2,99
1,3,1,1,2,99
1,3,1,1,2,99
1,3,1,1,2,99
2,3,1,1,2,99
2,3,1,1,2,99
2,3,1,1,2,99
2,3,1,1,2,99
2,3,1,1,2,99
2,3,1,1,2,99
2,3,1,1,2,99
2,3,1,1,2,99
2,3,1,1,2,99
2,3,1,1,2,99
2,3,1,1,2,99
2,3,1,1,2,99
2,3,1,1,2,99
2,3,1,1,2,99
2,3,1,1,2,99
2,3,1,1,2,99
2,3,1,1,2,99
2,3,1,1,2,99
2,3,1,1,2,99
2,3,1,1,2,99
2,3,1,1,2,99
2,3,1,1,2,99
2,3,1,1,2,99
2,3,1,1,2,99
2,3,1,1,2,99
2,3,1,1,2,99
2,3,1,1,2,99
2,3,1,1,2,99
2,3,1,1,2,99
2,3,1,1,2,99
2,3,1,1,2,99
2,3,1,1,2,99
2,3,1,1,2,99
2,3,1,1,2,99
2,3,1,1,2,99
2,3,1,1,2,99
2,3,1,1,2,99
2,3,1,1,2,99
2,3,1,1,2,99
2,3,1,1,2,99
2,3,1,1,2,99
2,3,1,1,2,99
2,3,1,1,2,99
2,3,1,1,2,99
2,3,1,1,2,99
2,3,1,1,2,99
2,3,1,1,2,99
2,3,1,1,2,99
2,3,1,1,2,99
2,3,1,1,2,99
2,3,1,1,2,99
2,3,1,1,2,99
2,3,1,1,2,99
2,3,1,1,2,99
2,3,1,1,2,99
2,3,1,1,2,99
2,3,1,1,2,99
2,3,1,1,2,99
2,3,1,1,2,99
2,3,1,1,2,99
2,3,1,1,2,99
2,3,1,1,2,99
2,3,1,1,2,99
2,3,1,1,2,99
2,3,1,1,2,99
2,3,1,1,2,99
2,3,1,1,2,99
2,3,1,1,2,99
2,3,1,1,2,99
2,3,1,1,2,99
2,3,1,1,2,99
2,3,1,1,2,99
2,3,1,1,2,99
2,3,1,1,2,99
2,3,1,1,2,99
2,3,1,1,2,99
2,3,1,1,2,99
2,3,1,1,2,99
2,3,1,1,2,99
2,3,1,1,2,99
2,3,1,1,2,99
2,3,1,1,2,99
2,3,1,1,2,99
2,3,1,1,2,99
0,0,0,0,0,100
0,0,0,0,0,100
0,0,0,0,0,100
0,0,0,1,0,100
0,0,0,1,0,100
0,1,0,1,0,100
0,2,0,1,0,100
0,1,0,1,0,100
0,1,0,1,0,100
1,1,0,1,0,100
1,1,1,1,0,100
1,1,1,1,1,100
1,2,1,1,1,100
1,2,1,1,1,100
1,2,1,1,1,100
1,2,1,1,1,100
1,2,1,1,1,100
1,2,1,1,1,100
1,2,1,1,1,100
1,2,1,1,1,100
1,2,1,1,1,100
1,2,1,1,1,100
1,2,1,1,1,100
1,2,1,1,1,100
1,2,1,1,1,100
1,2,1,1,1,100
1,2,1,1,1,100
1,2,1,1,1,100
1,2,1,1,1,100
1,2,1,1,1,100
1,2,1,1,1,100
1,2,1,1,1,100
1,2,1,1,1,100
1,2,1,1,1,100
1,2,1,1,1,100
1,2,1,1,1,100
1,2,1,1,1,100
1,2,1,1,1,100
1,2,1,1,1,100
1,2,1,1,1,100
1,2,1,1,1,100
1,2,1,1,1,100
0,2,1,1,1,100
0,2,1,1,1,100
0,2,1,1,1,100
1,2,1,1,1,100
1,2,1,1,1,100
1,2,1,1,1,100
1,2,1,1,1,100
1,2,1,1,1,100
1,2,1,1,1,100
1,2,1,1,1,100
1,2,1,1,1,100
1,2,1,1,1,100
1,2,1,1,1,100
1,2,1,1,1,100
1,2,1,1,1,100
1,2,1,1,1,100
1,2,1,1,1,100
1,2,1,1,1,100
1,2,1,1,1,100
1,2,1,1,1,100
1,2,1,1,1,100
1,2,1,1,1,100
1,2,1,1,1,100
1,2,1,1,1,100
1,2,1,1,1,100
1,2,1,1,1,100
1,2,1,1,1,100
1,2,1,1,1,100
1,2,1,1,1,100
1,2,1,1,1,100
1,2,1,1,1,100
1,2,1,1,1,100
1,2,1,1,1,100
1,2,1,1,1,100
1,2,1,1,1,100
1,2,1,1,1,100
1,2,1,1,1,100
1,2,1,1,1,100
1,2,1,1,1,100
1,2,1,1,1,100
1,2,1,1,1,100
1,2,1,1,1,100
1,2,1,1,1,100
1,2,1,1,1,100
1,2,1,1,1,100
1,2,1,1,1,100
1,2,1,1,1,100
1,2,1,1,1,100
1,2,1,1,1,100
1,2,1,1,1,100
1,2,1,1,1,100
1,2,1,1,1,100
1,2,1,1,1,100
1,2,1,1,1,100
1,2,1,1,1,100
1,2,1,1,1,100
1,2,1,1,1,100
1,2,1,1,1,100
0,0,0,0,0,101
0,0,0,0,1,101
1,0,0,0,1,101
1,0,0,0,1,101
1,0,0,1,1,101
1,1,0,1,1,101
1,1,0,1,2,101
1,1,0,1,2,101
1,1,0,1,2,101
1,1,0,1,2,101
1,1,0,1,2,101
1,1,0,1,2,101
1,1,0,1,2,101
1,1,0,1,3,101
1,1,1,1,3,101
1,1,1,1,3,101
1,1,1,1,3,101
1,1,1,1,3,101
1,1,1,1,3,101
1,2,1,1,3,101
1,2,1,1,3,101
1,2,1,1,3,101
1,3,1,1,3,101
1,3,1,1,3,101
1,3,1,1,3,101
1,3,1,1,3,101
1,3,1,1,3,101
1,3,1,1,3,101
1,3,1,1,3,101
1,3,1,1,3,101
1,3,1,1,4,101
1,3,1,1,5,101
1,3,1,1,5,101
1,3,1,1,5,101
1,3,1,1,5,101
1,3,1,1,5,101
1,3,1,1,6,101
1,3,1,1,6,101
1,3,1,1,6,101
1,3,1,1,7,101
2,3,1,1,7,101
2,4,1,1,7,101
2,4,1,1,7,101
3,4,1,1,7,101
3,4,1,1,7,101
3,4,1,1,7,101
3,4,1,1,7,101
3,4,1,1,7,101
3,4,1,1,7,101
3,4,1,2,7,101
3,4,1,2,7,101
3,4,2,2,7,101
3,4,2,2,7,101
3,4,2,2,7,101
3,4,2,2,7,101
3,4,2,2,7,101
3,4,2,2,7,101
3,4,2,2,7,101
3,4,3,2,7,101
3,4,3,2,7,101
3,3,3,2,8,101
3,4,3,2,8,101
3,4,4,2,8,101
3,4,4,2,8,101
3,4,4,3,8,101
3,4,4,3,8,101
3,3,4,3,8,101
3,3,4,3,8,101
3,3,4,3,8,101
3,3,5,3,8,101
4,3,5,3,8,101
5,3,5,3,8,101
6,3,5,3,8,101
6,3,5,3,8,101
6,4,4,3,8,101
6,4,5,3,8,101
6,4,5,3,8,101
6,4,4,3,9,101
7,4,4,3,9,101
7,4,4,3,9,101
7,4,5,3,9,101
7,4,5,3,9,101
7,4,5,3,9,101
7,4,5,3,10,101
7,5,5,3,10,101
7,4,6,3,10,101
7,4,6,3,10,101
7,4,6,3,10,101
7,4,6,3,11,101
7,5,5,3,11,101
7,5,5,3,11,101
7,5,5,3,11,101
7,5,5,4,11,101
7,6,5,4,10,101
7,6,5,4,10,101
7,6,5,4,10,101
7,6,5,4,10,101
7,7,5,4,10,101
7,7,6,4,10,101
7,7,6,4,10,101
0,0,0,0,0,102
1,0,0,0,0,102
1,0,0,0,0,102
1,0,0,1,0,102
1,0,0,1,1,102
2,0,0,1,1,102
2,0,0,1,1,102
2,0,1,1,1,102
2,1,1,1,1,102
2,1,1,1,2,102
2,1,1,1,3,102
2,1,1,1,3,102
2,1,1,1,4,102
2,1,1,1,4,102
2,1,1,1,4,102
2,2,1,1,4,102
2,2,1,1,5,102
2,2,1,1,5,102
2,2,1,1,5,102
2,2,1,1,5,102
2,2,1,1,5,102
2,2,1,1,5,102
3,2,1,1,5,102
3,2,1,1,5,102
3,2,1,1,5,102
3,2,1,1,5,102
3,2,1,1,5,102
3,2,1,1,5,102
3,3,1,1,5,102
3,3,1,1,5,102
3,3,1,1,5,102
3,3,1,1,5,102
3,3,1,1,5,102
3,3,2,1,5,102
3,3,2,1,5,102
3,3,2,1,6,102
3,3,2,2,5,102
3,3,2,2,5,102
4,3,2,2,5,102
4,4,2,2,5,102
5,4,2,2,5,102
5,4,2,2,6,102
4,4,2,2,6,102
5,4,2,2,6,102
5,4,2,2,7,102
5,3,2,2,8,102
6,3,2,2,8,102
7,3,2,2,8,102
7,3,2,2,8,102
7,3,2,2,8,102
7,4,2,2,8,102
7,4,2,2,9,102
7,4,2,2,9,102
8,4,2,2,9,102
8,4,2,3,9,102
8,4,3,3,9,102
8,4,4,2,9,102
7,5,4,2,9,102
7,5,4,2,9,102
7,6,4,2,9,102
7,6,4,2,9,102
7,6,4,3,9,102
7,6,4,3,9,102
7,6,4,3,10,102
7,6,4,3,9,102
8,6,4,3,9,102
7,6,4,4,9,102
7,6,4,4,9,102
8,6,4,4,9,102
8,7,4,4,9,102
8,7,5,4,9,102
8,7,5,5,9,102
7,8,5,5,9,102
8,8,5,5,9,102
8,8,5,6,8,102
8,8,5,6,8,102
8,8,5,6,9,102
8,9,5,6,9,102
8,9,5,6,9,102
8,9,5,7,9,102
7,9,5,7,9,102
8,9,5,7,9,102
8,10,5,7,9,102
8,9,5,7,10,102
9,9,5,6,10,102
9,9,6,5,10,102
9,10,6,4,10,102
9,10,6,4,11,102
9,10,7,4,10,102
10,10,7,4,10,102
10,11,7,4,10,102
10,11,7,4,9,102
10,10,7,5,9,102
10,10,8,5,9,102
10,10,8,5,9,102
10,11,8,5,9,102
10,11,8,5,9,102
10,11,8,5,9,102
10,10,8,5,9,102
10,11,8,4,9,102
0,0,0,0,0,103
1,0,0,0,0,103
1,0,1,0,0,103
1,0,1,0,1,103
1,0,1,0,1,103
2,0,1,0,1,103
2,0,1,0,1,103
2,1,1,0,1,103
2,1,1,0,0,103
2,1,1,0,0,103
2,1,1,1,0,103
2,1,1,1,0,103
2,1,1,1,0,103
2,1,1,1,1,103
2,1,1,1,1,103
2,2,1,1,1,103
2,2,1,1,1,103
2,2,1,1,2,103
2,2,1,1,2,103
2,2,1,1,3,103
2,2,1,1,3,103
2,2,1,1,4,103
2,2,1,1,4,103
2,2,1,1,4,103
2,2,1,1,4,103
0,0,0,0,0,104
0,0,1,0,0,104
1,0,1,0,0,104
1,0,1,0,0,104
1,0,1,0,0,104
1,0,1,1,0,104
1,0,1,1,0,104
1,0,1,1,0,104
2,0,1,1,0,104
2,0,1,1,0,104
2,0,1,1,0,104
2,1,1,1,0,104
2,1,1,1,0,104
2,1,1,1,1,104
2,1,1,1,2,104
2,1,1,1,2,104
2,1,1,1,2,104
2,1,1,1,2,104
2,1,1,1,3,104
2,1,1,1,3,104
2,1,1,1,3,104
2,1,1,1,3,104
2,1,1,1,3,104
2,1,1,1,3,104
2,1,1,1,3,104
2,1,1,1,3,104
2,1,1,1,3,104
2,1,1,1,3,104
2,1,1,1,3,104
2,1,1,1,3,104
2,1,1,1,3,104
2,1,1,1,3,104
2,1,1,1,3,104
2,1,1,1,3,104
2,1,1,1,3,104
2,1,1,1,3,104
2,1,1,1,3,104
2,1,1,1,3,104
2,1,1,1,3,104
2,1,1,1,3,104
2,1,1,1,3,104
2,1,1,1,3,104
2,1,1,1,3,104
2,1,1,1,3,104
2,1,1,1,3,104
2,1,1,1,3,104
2,1,1,1,3,104
2,1,1,1,3,104
2,1,1,1,3,104
2,1,1,1,3,104
2,1,1,1,3,104
2,1,1,1,3,104
2,1,1,1,3,104
2,1,1,1,3,104
2,1,1,1,3,104
2,1,1,1,3,104
2,1,1,1,3,104
2,1,1,1,3,104
2,1,1,1,3,104
2,1,1,1,3,104
2,1,1,1,3,104
2,1,1,1,3,104
2,1,1,1,3,104
2,1,1,1,3,104
2,1,1,1,3,104
2,1,1,1,3,104
2,1,1,1,3,104
2,1,1,1,3,104
2,1,1,1,3,104
2,1,1,1,3,104
2,1,1,1,3,104
2,1,1,1,3,104
2,1,1,1,3,104
2,1,1,1,3,104
2,1,1,1,3,104
2,1,0,1,3,104
2,1,0,1,3,104
2,1,0,1,3,104
2,1,0,1,3,104
2,1,0,1,3,104
2,1,0,1,3,104
2,1,0,1,3,104
2,1,0,1,3,104
2,1,0,1,3,104
2,1,0,1,3,104
2,1,0,1,3,104
2,1,0,1,3,104
2,1,0,1,3,104
2,1,0,1,3,104
2,1,0,1,3,104
2,1,0,1,3,104
2,1,0,1,3,104
2,1,0,1,3,104
2,1,0,1,3,104
2,1,0,1,3,104
2,1,0,1,3,104
2,1,0,1,3,104
2,1,0,1,3,104
2,1,0,1,3,104
2,1,0,1,3,104
0,0,0,0,0,105
1,0,0,0,0,105
1,0,0,0,1,105
1,0,0,0,2,105
2,0,0,0,2,105
3,0,0,0,2,105
3,0,0,0,2,105
3,1,0,0,2,105
3,1,0,0,2,105
3,1,0,0,2,105
3,1,0,0,3,105
3,2,0,0,3,105
3,2,0,0,3,105
3,2,0,0,3,105
3,2,0,0,3,105
3,2,0,0,3,105
3,2,0,0,3,105
3,2,0,0,3,105
3,2,0,0,3,105
3,2,0,0,3,105
3,2,0,0,3,105
3,2,0,0,3,105
3,2,0,0,3,105
3,2,0,0,3,105
3,2,0,0,3,105
3,2,0,0,3,105
3,2,0,0,3,105
3,2,0,0,3,105
3,2,0,0,3,105
3,2,0,0,3,105
3,2,0,0,3,105
3,2,0,0,3,105
3,2,0,0,3,105
3,2,0,0,3,105
3,2,0,0,3,105
3,2,0,0,3,105
3,2,0,0,3,105
3,2,0,0,3,105
3,2,0,0,3,105
3,2,0,0,3,105
3,2,0,0,3,105
3,2,0,0,3,105
3,2,0,0,3,105
3,2,0,0,3,105
3,2,0,0,3,105
3,2,0,0,3,105
3,2,0,0,3,105
3,2,0,0,3,105
3,2,0,0,3,105
3,2,0,0,3,105
3,2,0,0,3,105
3,2,0,0,3,105
3,2,0,0,3,105
3,2,0,0,3,105
3,2,0,0,3,105
3,2,0,0,3,105
3,2,0,0,3,105
3,2,0,0,3,105
3,2,0,0,3,105
3,2,0,0,3,105
3,2,0,0,3,105
3,2,0,0,3,105
3,2,0,0,3,105
3,2,0,0,3,105
3,2,0,0,3,105
3,2,0,0,3,105
3,2,0,0,3,105
3,2,0,0,3,105
3,2,0,0,3,105
3,2,0,0,3,105
3,2,0,0,3,105
3,2,0,0,3,105
3,2,0,0,3,105
3,2,0,0,3,105
3,2,0,0,3,105
3,2,0,0,3,105
3,2,0,0,3,105
3,2,0,0,3,105
3,2,0,0,3,105
3,2,0,0,3,105
3,2,0,0,3,105
3,2,0,0,3,105
3,2,0,0,3,105
3,2,0,0,3,105
3,2,0,0,3,105
3,2,0,0,3,105
3,2,0,0,3,105
3,2,0,0,3,105
3,2,0,0,3,105
3,2,0,0,3,105
3,2,0,0,3,105
3,2,0,0,3,105
3,2,0,0,3,105
3,2,0,0,3,105
3,2,0,0,3,105
3,2,0,0,3,105
3,2,0,0,3,105
3,2,0,0,3,105
3,2,0,0,3,105
3,2,0,0,3,105
0,0,0,0,0,106
0,0,1,0,0,106
0,0,1,0,0,106
0,0,1,1,0,106
0,0,1,1,0,106
0,0,1,1,0,106
0,0,1,1,0,106
0,0,1,1,0,106
1,0,1,1,0,106
1,0,1,1,1,106
1,1,1,1,1,106
1,1,0,1,2,106
1,1,1,1,2,106
1,1,1,1,3,106
1,1,1,1,4,106
1,1,1,1,4,106
1,1,1,1,4,106
1,1,1,1,4,106
1,1,1,1,4,106
1,1,1,1,4,106
1,1,1,1,4,106
1,1,1,1,4,106
1,1,1,1,4,106
1,1,1,1,4,106
1,1,1,1,4,106
1,1,1,1,4,106
1,1,1,1,4,106
1,1,1,1,4,106
1,1,1,1,4,106
1,1,1,1,4,106
1,1,1,1,4,106
1,1,1,1,4,106
1,1,1,1,4,106
1,1,1,1,4,106
1,1,1,1,4,106
1,1,1,1,4,106
1,1,1,1,4,106
1,1,1,1,4,106
1,1,1,1,4,106
1,1,1,1,4,106
1,1,1,1,4,106
1,1,1,1,4,106
1,1,1,1,4,106
1,1,1,1,4,106
1,1,1,1,4,106
1,1,1,1,4,106
1,1,1,1,4,106
1,1,1,1,4,106
1,1,1,1,4,106
1,1,1,1,4,106
1,1,1,1,4,106
1,1,1,1,4,106
1,1,1,1,4,106
1,1,1,1,4,106
1,1,1,1,4,106
1,1,1,1,4,106
1,1,1,1,4,106
1,1,1,1,4,106
1,1,1,1,4,106
1,1,1,1,4,106
1,1,1,1,4,106
1,1,1,1,4,106
1,1,1,1,4,106
1,1,1,1,4,106
1,1,1,1,4,106
1,1,1,1,4,106
1,1,1,1,4,106
1,1,1,1,4,106
1,1,1,1,4,106
1,1,1,1,4,106
1,1,1,1,4,106
1,1,1,1,4,106
1,1,1,1,4,106
1,1,1,1,4,106
1,1,1,1,4,106
1,1,1,1,4,106
1,1,1,1,4,106
1,1,1,1,4,106
1,1,1,1,4,106
0,0,0,0,0,107
0,0,0,0,1,107
0,0,1,0,1,107
0,1,1,0,1,107
0,2,1,0,1,107
1,2,1,0,1,107
2,2,1,0,1,107
2,2,1,0,1,107
2,2,1,0,1,107
2,2,1,1,1,107
2,2,1,1,1,107
2,3,1,1,1,107
2,3,1,1,1,107
2,3,1,1,1,107
2,3,1,2,1,107
2,3,1,2,1,107
3,3,1,2,1,107
3,3,1,2,2,107
3,3,1,3,2,107
3,3,1,3,2,107
4,3,1,3,2,107
4,3,1,3,2,107
4,3,1,3,2,107
5,3,1,3,2,107
5,3,1,3,2,107
5,4,1,3,2,107
5,4,1,3,2,107
5,4,1,3,2,107
5,4,1,3,3,107
6,4,1,3,3,107
6,4,1,4,3,107
6,4,1,4,3,107
6,4,1,4,3,107
6,4,1,5,3,107
6,4,1,5,3,107
6,4,1,5,3,107
6,4,2,5,3,107
6,4,2,5,4,107
6,4,2,5,4,107
6,4,3,5,4,107
6,4,3,6,4,107
6,4,3,6,4,107
6,4,3,6,4,107
6,4,3,6,4,107
6,4,3,6,4,107
7,4,3,6,4,107
7,4,3,6,5,107
7,5,3,6,5,107
8,5,3,6,5,107
8,5,3,6,6,107
8,5,3,6,6,107
8,5,3,7,6,107
9,5,3,7,6,107
9,5,3,7,6,107
8,5,4,7,6,107
8,5,4,7,6,107
8,5,4,7,6,107
8,5,4,7,6,107
8,5,4,7,6,107
8,5,5,7,6,107
9,4,5,7,6,107
9,4,4,8,6,107
10,4,4,8,5,107
10,3,5,8,5,107
10,4,5,8,4,107
10,4,5,8,4,107
11,4,5,8,4,107
10,5,5,8,4,107
9,6,5,8,4,107
9,6,5,9,4,107
9,7,5,9,4,107
10,7,5,9,4,107
10,7,6,9,4,107
10,7,6,9,4,107
10,7,6,9,5,107
10,7,6,10,5,107
10,7,6,11,5,107
10,6,6,11,6,107
10,6,6,11,6,107
10,7,6,11,6,107
11,7,6,11,6,107
10,7,6,11,7,107
10,7,6,11,8,107
9,7,6,11,8,107
9,7,6,11,9,107
9,7,6,12,9,107
8,8,6,12,9,107
8,9,6,12,9,107
8,9,6,12,8,107
8,9,6,13,7,107
9,9,6,12,7,107
9,9,6,12,7,107
9,9,6,12,7,107
9,9,7,11,7,107
8,9,7,12,7,107
8,9,7,13,7,107
8,9,7,12,8,107
8,10,7,12,8,107
9,10,7,12,8,107
9,10,7,12,9,107
0,0,0,0,0,108
0,0,0,0,1,108
0,0,1,0,1,108
0,0,1,0,1,108
0,0,1,0,1,108
0,0,1,0,2,108
1,0,1,0,2,108
1,0,1,0,2,108
1,0,1,1,2,108
1,1,1,1,2,108
1,1,1,1,2,108
1,1,1,1,2,108
1,1,1,1,2,108
1,1,1,1,2,108
1,1,1,1,2,108
2,1,1,1,2,108
2,1,1,1,2,108
2,2,1,1,2,108
3,2,1,1,2,108
3,2,1,1,3,108
3,2,1,1,3,108
3,2,1,1,3,108
3,2,1,1,3,108
3,2,1,1,3,108
3,3,1,1,3,108
3,3,1,1,3,108
3,3,1,1,3,108
3,3,1,1,3,108
3,3,1,1,3,108
3,3,1,2,3,108
3,3,1,2,3,108
3,3,1,2,3,108
3,2,1,3,3,108
3,2,1,4,3,108
3,2,2,4,3,108
3,2,2,4,4,108
3,2,3,4,4,108
3,2,3,5,4,108
3,2,3,5,4,108
4,2,3,5,4,108
4,2,3,6,4,108
5,2,3,6,4,108
5,2,3,5,4,108
5,3,3,5,4,108
5,4,3,5,4,108
6,4,3,5,4,108
6,4,3,5,5,108
6,5,3,5,5,108
6,5,4,5,5,108
6,5,4,5,6,108
6,5,4,5,7,108
6,4,5,5,7,108
7,3,5,5,7,108
7,3,6,5,7,108
7,4,5,5,7,108
7,4,5,5,7,108
7,4,5,5,7,108
6,4,5,5,7,108
6,5,5,5,7,108
6,5,5,5,8,108
6,5,6,5,8,108
6,5,6,6,8,108
6,5,6,6,8,108
6,5,6,6,8,108
6,5,6,7,8,108
6,5,6,7,8,108
6,5,6,7,8,108
6,5,6,7,8,108
5,5,6,7,9,108
6,5,6,7,9,108
6,5,6,7,9,108
6,5,6,7,9,108
6,5,6,7,9,108
6,5,6,7,9,108
6,6,6,7,9,108
6,6,6,7,9,108
6,5,6,7,10,108
6,5,6,8,10,108
6,5,6,8,10,108
6,5,6,8,11,108
6,5,6,8,11,108
6,6,6,8,11,108
6,6,6,8,11,108
7,6,6,8,11,108
7,6,6,8,12,108
8,6,6,8,12,108
8,7,6,7,12,108
8,7,6,7,11,108
8,7,6,8,11,108
8,7,6,9,11,108
8,7,6,9,11,108
8,7,6,9,11,108
8,7,6,9,11,108
8,7,5,9,12,108
8,7,5,9,12,108
8,7,5,9,13,108
8,7,5,9,13,108
9,7,4,9,13,108
9,7,4,9,13,108
9,7,4,9,13,108
0,0,0,0,0,109
0,0,0,1,0,109
0,1,0,1,0,109
1,1,0,1,0,109
1,1,0,1,1,109
1,2,0,1,1,109
1,2,0,1,1,109
2,2,0,1,1,109
3,2,0,1,1,109
3,2,0,1,1,109
3,2,0,1,2,109
3,2,0,1,2,109
3,2,0,1,2,109
3,2,0,1,2,109
3,2,0,1,2,109
3,2,0,1,2,109
3,2,0,1,2,109
3,2,0,1,2,109
3,2,0,1,2,109
3,2,0,1,2,109
3,2,0,1,2,109
3,2,0,1,2,109
3,2,0,1,2,109
3,2,0,1,2,109
3,2,0,1,2,109
3,2,0,1,2,109
3,2,0,1,2,109
3,2,0,1,2,109
3,2,0,1,2,109
3,2,0,1,2,109
3,2,0,1,2,109
3,2,0,1,2,109
3,2,0,1,2,109
3,2,0,1,2,109
3,2,0,1,2,109
3,2,0,1,2,109
3,2,0,1,2,109
3,2,0,1,2,109
3,2,0,1,2,109
3,2,0,1,2,109
3,2,0,1,2,109
3,2,0,1,2,109
3,2,0,1,2,109
3,2,0,1,2,109
3,2,0,1,2,109
3,2,0,1,2,109
3,2,0,1,2,109
3,2,0,1,2,109
3,2,0,1,2,109
3,2,0,1,2,109
3,2,0,1,2,109
3,2,0,1,2,109
3,2,0,1,2,109
3,2,0,1,2,109
3,2,0,1,2,109
3,2,0,1,2,109
3,2,0,1,2,109
3,2,0,1,2,109
3,2,0,1,2,109
3,2,0,1,2,109
3,2,0,1,2,109
3,2,0,1,2,109
3,2,0,1,1,109
3,2,0,1,1,109
3,2,0,1,2,109
3,2,0,1,2,109
3,2,0,1,2,109
3,2,0,1,2,109
3,2,0,1,2,109
3,2,0,1,2,109
3,2,0,1,2,109
3,2,0,1,2,109
3,2,0,1,2,109
3,2,0,1,2,109
3,2,0,1,2,109
3,2,0,1,2,109
3,2,0,1,2,109
3,2,0,1,2,109
3,2,0,1,2,109
3,2,0,1,2,109
3,2,0,1,2,109
3,2,0,1,2,109
3,2,0,1,2,109
3,2,0,1,2,109
3,2,0,1,2,109
3,2,0,1,2,109
3,2,0,1,2,109
3,2,0,1,2,109
3,2,0,1,2,109
3,2,0,1,2,109
3,2,0,1,2,109
3,2,0,1,2,109
3,2,0,1,2,109
3,2,0,1,2,109
3,2,0,1,2,109
3,2,0,1,2,109
3,2,0,1,2,109
3,2,0,1,2,109
3,2,0,1,2,109
3,2,0,1,2,109
0,0,0,0,0,110
0,0,0,0,0,110
1,0,0,0,0,110
1,0,0,1,0,110
1,0,0,1,0,110
1,0,0,1,1,110
1,0,0,1,1,110
1,0,0,1,1,110
1,0,1,1,1,110
2,0,1,1,1,110
2,0,1,1,1,110
2,0,1,1,2,110
2,0,1,1,2,110
2,1,1,1,2,110
2,1,1,1,2,110
2,1,1,1,2,110
2,1,1,1,2,110
2,1,1,1,2,110
2,1,1,1,2,110
2,1,1,1,2,110
2,1,1,1,1,110
2,2,1,1,1,110
2,2,1,1,2,110
2,2,1,1,2,110
2,2,1,1,2,110
2,2,1,1,2,110
2,2,1,1,3,110
2,2,1,1,3,110
2,2,1,1,3,110
2,2,1,1,3,110
2,2,1,1,3,110
2,2,1,1,3,110
2,2,1,1,3,110
2,3,1,1,3,110
2,3,1,1,3,110
2,3,1,1,3,110
2,3,1,1,3,110
2,3,1,1,3,110
2,2,1,1,4,110
2,2,1,1,4,110
2,2,1,1,4,110
2,2,1,1,4,110
1,2,1,2,4,110
1,2,1,2,4,110
1,2,1,2,4,110
1,3,1,2,4,110
1,3,1,2,4,110
0,3,1,2,4,110
0,3,1,2,5,110
0,3,1,2,5,110
0,3,1,2,5,110
1,3,1,2,5,110
2,3,1,2,4,110
2,3,1,2,4,110
2,3,1,2,5,110
2,3,1,2,5,110
2,3,1,2,5,110
2,3,1,2,5,110
2,3,1,2,5,110
2,2,1,2,6,110
2,2,1,2,6,110
2,2,1,2,6,110
2,3,1,2,6,110
2,3,1,2,6,110
2,3,1,2,6,110
2,4,1,2,6,110
2,4,1,2,6,110
2,4,1,2,6,110
2,4,1,2,6,110
3,4,1,2,6,110
3,4,1,2,5,110
3,4,1,2,5,110
3,3,1,3,5,110
3,3,1,3,5,110
3,3,1,3,5,110
4,3,1,3,5,110
4,3,1,3,5,110
4,3,1,3,5,110
4,3,1,4,5,110
4,3,1,4,5,110
4,3,1,4,5,110
4,3,1,4,5,110
4,3,1,4,6,110
4,3,1,4,6,110
4,3,1,4,6,110
4,4,1,4,5,110
4,4,1,4,5,110
4,4,1,4,6,110
4,4,1,4,6,110
4,4,1,4,6,110
4,4,1,4,6,110
5,4,1,4,6,110
5,4,1,4,6,110
5,4,1,4,6,110
5,5,1,4,6,110
5,5,1,4,6,110
5,6,1,3,6,110
5,6,1,3,6,110
5,6,1,3,6,110
5,6,1,3,6,110
0,0,0,0,0,111
0,0,1,0,0,111
0,0,1,0,1,111
0,0,1,0,1,111
0,1,1,0,1,111
1,1,1,0,1,111
1,1,1,0,1,111
1,1,1,1,1,111
1,1,1,1,1,111
1,2,1,1,1,111
1,2,1,1,2,111
2,2,1,1,2,111
2,2,2,1,2,111
2,2,2,1,2,111
2,2,2,1,2,111
3,2,2,1,1,111
3,2,2,1,1,111
3,2,2,1,1,111
3,2,2,1,2,111
3,3,2,1,2,111
3,3,2,1,2,111
3,3,2,1,2,111
3,2,3,1,2,111
3,2,3,1,2,111
3,2,3,2,2,111
4,2,3,2,2,111
4,2,3,2,3,111
4,3,3,2,3,111
4,3,3,3,3,111
4,3,3,3,3,111
4,3,3,3,4,111
4,3,4,3,4,111
4,3,4,3,4,111
4,3,4,3,5,111
4,3,4,3,5,111
4,3,4,3,6,111
5,3,4,3,6,111
5,4,4,3,5,111
5,4,4,4,5,111
5,3,4,4,5,111
5,4,4,4,5,111
5,4,5,4,5,111
5,4,6,4,5,111
5,5,6,4,5,111
5,5,6,4,5,111
5,5,6,5,5,111
5,5,6,5,5,111
5,5,6,5,5,111
5,6,6,4,5,111
5,6,6,4,5,111
5,6,6,5,5,111
5,6,6,5,6,111
5,7,6,5,5,111
4,7,6,5,6,111
4,7,6,5,7,111
4,7,6,5,7,111
4,7,6,5,7,111
4,7,6,5,7,111
4,7,6,5,7,111
4,7,6,5,8,111
4,7,6,5,8,111
4,7,6,5,8,111
4,6,6,5,8,111
4,6,6,5,8,111
4,5,6,5,9,111
4,5,6,5,9,111
4,6,6,5,9,111
4,6,6,5,9,111
4,6,6,6,9,111
4,7,6,6,9,111
4,7,6,6,9,111
4,7,6,6,9,111
4,7,6,6,9,111
4,7,6,6,10,111
4,7,5,6,10,111
3,8,5,6,10,111
4,8,5,5,10,111
4,8,5,5,10,111
4,8,5,5,10,111
4,8,5,5,10,111
4,8,5,5,11,111
4,8,5,5,10,111
4,8,5,5,10,111
4,8,5,5,10,111
5,8,5,5,10,111
5,8,5,5,10,111
5,8,5,5,10,111
5,8,5,5,10,111
5,8,5,5,11,111
5,8,5,5,11,111
5,8,5,5,11,111
5,8,5,5,12,111
5,8,5,5,12,111
5,8,5,5,11,111
5,8,5,5,11,111
5,9,5,5,11,111
5,9,5,5,11,111
5,10,4,5,11,111
5,10,4,5,11,111
4,10,5,5,11,111
0,0,0,0,0,112
0,0,1,0,0,112
0,0,1,1,0,112
0,0,1,1,0,112
1,0,1,1,0,112
1,0,1,1,0,112
1,0,1,1,1,112
1,0,1,1,1,112
2,0,1,1,1,112
2,1,1,1,1,112
2,1,1,1,1,112
2,1,1,1,1,112
3,1,1,1,1,112
3,2,1,1,1,112
3,2,1,1,2,112
3,2,1,1,2,112
3,2,1,1,2,112
3,3,1,1,2,112
3,3,1,1,3,112
3,3,2,1,3,112
4,3,2,1,3,112
4,3,2,2,3,112
4,3,2,2,3,112
4,3,2,2,3,112
5,3,2,2,3,112
5,3,2,2,3,112
5,4,2,2,2,112
5,3,2,3,2,112
5,3,2,3,2,112
5,4,2,3,1,112
5,4,2,3,1,112
5,4,2,3,1,112
4,4,2,3,1,112
4,5,2,3,1,112
4,6,2,3,1,112
4,7,2,3,1,112
4,7,2,3,1,112
4,7,2,3,2,112
4,7,2,3,2,112
4,8,2,3,2,112
5,8,2,3,2,112
5,9,2,3,2,112
5,8,3,3,2,112
5,8,3,3,2,112
6,8,3,3,2,112
6,8,4,3,2,112
6,8,4,3,3,112
6,8,4,3,3,112
7,8,4,3,3,112
7,7,4,3,4,112
7,7,4,3,4,112
7,7,4,3,4,112
8,7,4,3,4,112
7,7,4,3,4,112
6,7,4,3,4,112
6,8,4,3,4,112
6,8,5,3,4,112
6,8,5,3,4,112
7,8,4,3,4,112
6,8,4,4,4,112
7,8,4,4,4,112
7,8,4,4,4,112
7,9,4,4,4,112
7,9,5,4,4,112
7,9,5,4,5,112
7,9,5,4,5,112
7,9,5,4,6,112
7,9,6,4,6,112
7,9,7,4,6,112
7,9,8,4,6,112
6,9,8,4,7,112
7,9,8,3,7,112
7,10,8,3,7,112
7,10,8,4,7,112
7,9,8,5,7,112
7,9,8,5,7,112
8,9,7,5,7,112
9,9,7,5,7,112
9,9,7,6,7,112
9,9,7,6,8,112
9,9,7,6,8,112
9,9,7,6,8,112
10,9,7,6,8,112
10,9,7,6,9,112
10,9,7,6,9,112
10,9,7,6,9,112
9,9,7,6,9,112
9,9,7,6,9,112
9,9,7,7,9,112
9,9,7,7,9,112
9,10,7,7,9,112
9,10,7,7,9,112
9,11,7,7,8,112
9,11,7,6,9,112
9,11,7,6,9,112
9,11,8,6,9,112
9,10,9,6,9,112
9,10,9,6,9,112
9,10,9,6,9,112
9,10,9,6,9,112
0,0,0,0,0,113
0,1,0,0,0,113
0,1,0,0,1,113
0,1,0,0,2,113
1,1,0,0,2,113
1,2,0,0,2,113
1,2,0,1,2,113
1,3,0,1,2,113
1,3,0,1,2,113
2,2,0,1,2,113
2,2,0,1,2,113
2,2,0,1,2,113
2,2,0,1,2,113
2,2,0,1,2,113
2,2,0,1,2,113
2,2,0,1,2,113
2,2,0,1,3,113
2,2,0,1,3,113
2,2,0,1,3,113
2,2,0,1,3,113
2,2,0,1,3,113
2,2,0,1,3,113
2,2,0,1,3,113
2,2,0,1,3,113
2,2,0,1,3,113
2,2,0,1,3,113
2,2,0,1,3,113
2,2,0,1,3,113
2,2,0,1,3,113
2,2,0,1,3,113
2,2,0,1,3,113
2,2,0,1,3,113
2,2,0,1,3,113
2,2,0,1,3,113
1,2,0,1,3,113
1,2,0,1,3,113
1,2,0,1,3,113
1,2,0,1,3,113
1,2,0,1,3,113
1,2,0,1,3,113
1,2,0,1,3,113
1,2,0,1,3,113
1,2,0,1,3,113
1,2,0,1,3,113
1,2,0,1,3,113
1,2,0,1,3,113
1,2,0,1,3,113
1,2,0,1,3,113
1,2,0,1,3,113
1,2,0,1,3,113
1,2,0,1,3,113
1,2,0,1,3,113
1,2,0,1,3,113
1,2,0,1,3,113
1,2,0,1,3,113
1,2,0,1,3,113
1,2,0,1,3,113
1,2,0,1,3,113
1,2,0,1,3,113
1,2,0,1,3,113
1,2,0,1,3,113
1,2,0,1,3,113
1,2,0,1,3,113
1,2,0,1,3,113
1,2,0,1,3,113
1,2,0,1,3,113
1,2,0,1,3,113
1,2,0,1,3,113
1,2,0,1,3,113
1,2,0,1,3,113
1,2,0,1,3,113
1,2,0,1,3,113
1,2,0,1,3,113
1,2,0,1,3,113
1,2,0,1,3,113
1,2,0,1,3,113
1,2,0,1,3,113
1,2,0,1,3,113
1,2,0,1,3,113
1,2,0,1,3,113
1,2,0,1,3,113
1,2,0,1,3,113
1,2,0,1,3,113
1,2,0,1,3,113
1,2,0,1,3,113
1,2,0,1,3,113
1,2,0,1,3,113
1,2,0,1,3,113
1,2,0,1,3,113
1,2,0,1,3,113
1,2,0,1,3,113
1,2,0,1,3,113
1,2,0,1,3,113
1,2,0,1,3,113
1,2,0,1,3,113
1,2,0,1,3,113
1,2,0,1,3,113
1,2,0,1,3,113
1,2,0,1,3,113
1,2,0,1,3,113
0,0,0,0,0,114
0,1,0,0,0,114
0,1,0,1,0,114
0,1,1,1,0,114
1,1,1,1,0,114
1,1,1,1,0,114
1,2,1,1,0,114
1,2,1,1,1,114
1,2,1,1,1,114
1,3,1,1,1,114
1,3,1,1,1,114
2,3,1,1,1,114
2,3,1,1,1,114
3,3,1,1,1,114
3,3,1,1,1,114
3,3,1,1,1,114
3,3,1,1,1,114
3,3,1,2,1,114
3,3,1,2,1,114
3,3,1,2,1,114
3,3,1,2,1,114
3,3,1,2,1,114
3,3,1,2,2,114
3,3,1,2,2,114
3,4,1,2,2,114
3,4,1,2,2,114
3,4,1,2,2,114
3,4,1,2,2,114
3,4,1,2,3,114
3,4,1,2,3,114
3,4,1,2,3,114
3,4,1,2,3,114
3,4,1,2,3,114
4,4,1,2,3,114
4,4,1,2,3,114
4,4,1,2,3,114
4,4,1,2,3,114
4,4,1,2,3,114
4,4,1,2,3,114
5,4,1,2,3,114
5,4,1,2,3,114
5,4,1,2,3,114
4,4,1,2,3,114
4,4,1,2,3,114
4,4,1,2,3,114
4,4,1,2,3,114
4,5,1,2,3,114
4,5,1,3,3,114
4,5,1,3,3,114
4,5,1,3,3,114
4,5,1,3,4,114
4,5,1,3,4,114
4,5,1,3,5,114
4,5,1,3,4,114
5,5,1,3,4,114
5,5,1,3,4,114
5,5,1,3,4,114
5,5,1,4,4,114
5,5,1,4,4,114
5,5,1,4,4,114
5,5,1,4,4,114
5,5,1,4,4,114
5,5,1,4,4,114
5,6,1,4,4,114
5,6,1,4,4,114
5,6,1,4,4,114
5,6,1,4,4,114
5,6,1,5,4,114
5,6,1,5,4,114
5,6,1,5,4,114
5,6,1,5,4,114
5,6,1,5,4,114
5,6,1,5,4,114
5,6,1,5,4,114
5,6,1,5,4,114
5,5,1,5,4,114
5,5,1,6,4,114
5,5,1,6,4,114
5,5,1,6,5,114
5,5,1,6,5,114
5,5,1,6,6,114
5,5,1,6,6,114
5,5,1,6,7,114
5,5,1,6,7,114
5,5,1,6,7,114
5,5,1,6,7,114
5,5,1,6,7,114
5,5,1,6,7,114
5,6,1,6,7,114
5,6,1,6,7,114
5,6,1,6,7,114
5,6,1,6,7,114
5,6,1,6,7,114
5,6,1,6,7,114
5,7,1,6,7,114
5,7,1,6,7,114
5,7,1,6,7,114
5,7,1,6,7,114
5,7,1,6,7,114
5,7,1,6,7,114
0,0,0,0,0,115
0,0,0,0,0,115
0,0,0,0,0,115
0,0,0,1,0,115
0,0,1,1,0,115
1,0,1,1,0,115
2,0,1,1,0,115
2,0,1,1,0,115
2,0,1,1,0,115
2,0,1,1,1,115
2,0,1,1,1,115
2,1,1,1,1,115
2,1,1,1,2,115
2,1,1,1,2,115
2,1,1,1,2,115
2,1,1,1,2,115
2,1,1,1,2,115
2,1,1,1,2,115
2,1,1,1,2,115
2,1,1,1,2,115
2,1,1,1,2,115
2,1,1,1,2,115
2,1,1,1,2,115
2,1,1,1,2,115
2,1,1,1,2,115
2,1,1,1,2,115
2,1,1,1,2,115
2,1,1,1,2,115
2,1,1,1,2,115
2,1,1,1,2,115
2,1,1,1,2,115
2,1,1,1,2,115
2,1,1,1,2,115
2,1,1,1,2,115
2,1,1,1,2,115
2,1,1,1,2,115
2,1,1,1,2,115
2,1,1,1,2,115
2,1,1,1,2,115
2,1,1,1,2,115
2,1,1,1,2,115
2,1,1,1,2,115
2,1,1,1,2,115
2,1,1,1,2,115
2,1,1,1,2,115
2,1,1,1,2,115
2,1,1,1,2,115
2,1,1,1,2,115
2,1,1,1,2,115
2,1,1,1,2,115
2,1,1,1,2,115
2,1,1,1,2,115
2,1,1,1,2,115
2,1,1,1,2,115
2,1,1,1,2,115
2,1,1,1,2,115
2,1,1,1,2,115
2,1,1,1,2,115
2,1,1,1,2,115
2,1,1,1,2,115
2,1,1,1,2,115
2,1,1,1,2,115
2,1,1,1,2,115
2,1,1,1,2,115
2,1,1,1,2,115
2,1,1,1,2,115
2,1,1,0,2,115
2,1,1,0,2,115
2,1,1,0,2,115
2,1,1,0,2,115
2,1,1,0,2,115
2,1,1,0,2,115
2,1,1,0,2,115
2,1,1,0,2,115
2,1,1,0,2,115
2,1,1,0,2,115
2,1,1,0,2,115
3,1,1,0,2,115
3,2,1,0,2,115
3,2,1,1,2,115
4,2,1,1,2,115
4,2,1,2,2,115
4,3,1,2,2,115
4,3,1,2,2,115
4,3,1,2,1,115
4,3,1,2,2,115
4,4,1,2,2,115
4,4,1,2,2,115
4,4,1,2,2,115
4,4,1,2,2,115
4,5,1,2,2,115
4,5,1,2,3,115
4,5,1,2,3,115
4,5,1,3,3,115
4,5,1,3,3,115
4,5,1,3,3,115
4,5,1,3,3,115
4,5,1,3,4,115
4,5,1,3,5,115
4,5,1,3,5,115
0,0,0,0,0,116
0,1,0,0,0,116
0,1,0,0,1,116
0,1,1,0,1,116
0,1,1,0,1,116
0,1,1,0,1,116
0,2,1,0,1,116
0,2,1,0,1,116
0,3,1,0,1,116
0,4,1,0,1,116
0,4,1,0,1,116
1,4,1,0,1,116
1,4,1,0,1,116
1,4,1,0,1,116
1,4,1,0,1,116
1,4,1,0,1,116
1,4,1,0,2,116
1,4,1,0,2,116
1,4,1,0,2,116
1,4,1,0,2,116
1,4,1,0,2,116
1,4,1,0,2,116
1,4,1,0,2,116
1,4,1,0,2,116
1,4,1,0,2,116
1,4,1,0,2,116
1,4,1,0,2,116
1,4,1,0,2,116
1,4,1,0,2,116
1,4,1,0,2,116
1,4,1,0,2,116
1,4,1,0,2,116
1,4,1,0,2,116
1,4,1,0,2,116
1,3,1,0,2,116
1,3,1,0,2,116
1,3,1,0,2,116
1,3,1,0,2,116
1,3,1,0,2,116
1,3,1,0,2,116
1,3,1,0,2,116
1,3,1,0,2,116
1,3,1,0,2,116
1,3,1,0,2,116
1,3,1,0,2,116
1,3,1,0,2,116
1,3,1,0,2,116
1,3,1,0,2,116
1,3,1,0,2,116
1,3,1,0,2,116
1,3,1,0,2,116
1,3,1,0,2,116
1,3,1,0,2,116
1,3,1,0,2,116
1,3,1,0,2,116
1,3,1,0,2,116
1,3,1,0,2,116
1,3,1,0,2,116
1,3,1,0,2,116
1,3,1,0,2,116
1,3,1,0,2,116
1,3,1,0,2,116
1,3,1,0,2,116
1,3,1,0,2,116
1,3,1,0,2,116
1,3,1,0,2,116
1,3,1,0,2,116
1,3,1,0,2,116
1,3,1,0,2,116
1,3,1,0,2,116
1,3,1,0,2,116
1,3,1,0,2,116
1,3,1,0,2,116
1,3,1,0,2,116
1,3,1,0,2,116
1,3,1,0,2,116
1,3,1,0,2,116
1,3,1,0,2,116
1,3,1,0,2,116
1,3,1,0,2,116
1,3,1,0,2,116
1,3,1,0,2,116
1,3,1,0,2,116
1,3,1,0,2,116
1,3,1,0,2,116
1,3,1,0,2,116
1,3,1,0,2,116
1,3,1,0,2,116
1,3,1,0,2,116
1,3,1,0,2,116
1,3,1,0,2,116
1,3,1,0,2,116
1,3,1,0,2,116
1,3,1,0,2,116
1,3,1,0,2,116
1,3,1,0,2,116
1,3,1,0,2,116
1,3,1,0,2,116
1,3,1,0,2,116
1,3,1,0,2,116
0,0,0,0,0,117
1,0,0,0,0,117
1,0,1,0,0,117
2,0,1,0,0,117
2,0,1,0,0,117
2,0,1,1,0,117
2,0,1,1,1,117
2,1,1,1,1,117
2,2,1,1,1,117
2,2,1,1,1,117
2,2,1,1,1,117
3,2,1,1,1,117
3,2,1,1,1,117
4,2,1,1,1,117
4,2,1,1,1,117
4,2,1,1,1,117
4,2,1,1,1,117
4,2,1,1,1,117
4,2,1,1,1,117
5,2,1,1,1,117
5,3,1,1,1,117
5,3,1,1,2,117
5,3,2,1,2,117
5,3,2,1,3,117
5,3,2,1,4,117
5,4,2,1,4,117
5,4,2,2,4,117
5,3,2,3,4,117
5,3,2,3,5,117
6,3,2,3,5,117
6,4,2,3,5,117
6,4,2,3,5,117
7,4,2,3,5,117
7,4,3,3,5,117
7,4,3,4,5,117
7,4,3,4,5,117
8,4,3,4,5,117
7,4,3,4,5,117
7,4,3,4,5,117
8,4,3,4,5,117
8,5,3,4,5,117
8,5,3,4,5,117
8,5,4,4,5,117
9,5,4,4,4,117
10,5,4,4,4,117
11,5,4,4,4,117
11,6,4,4,4,117
11,6,5,4,4,117
11,6,5,4,4,117
11,6,5,5,4,117
11,6,5,5,4,117
12,6,5,5,4,117
13,6,5,5,4,117
12,6,6,5,4,117
12,6,5,5,5,117
13,6,5,5,5,117
13,6,5,5,5,117
13,6,5,5,5,117
13,7,4,5,5,117
14,7,4,4,5,117
14,7,4,5,5,117
14,8,4,5,5,117
14,8,4,4,6,117
14,8,4,4,6,117
14,8,4,4,6,117
14,8,5,4,6,117
14,7,5,5,6,117
15,7,5,5,6,117
15,7,5,5,7,117
15,7,5,6,7,117
16,7,5,6,7,117
15,7,5,6,8,117
16,7,5,5,8,117
15,7,5,5,9,117
15,8,5,5,9,117
16,7,5,5,9,117
16,8,5,4,9,117
16,8,6,4,9,117
16,8,6,4,8,117
17,8,6,4,7,117
17,8,6,4,8,117
17,8,6,3,8,117
16,8,7,3,8,117
16,8,6,3,9,117
16,7,6,3,10,117
16,7,6,3,11,117
16,7,7,3,11,117
15,8,7,3,11,117
14,8,8,3,11,117
13,8,8,3,12,117
13,8,8,4,11,117
14,8,8,4,11,117
13,9,8,4,11,117
12,9,9,4,11,117
12,9,9,4,10,117
12,8,10,4,10,117
12,8,11,4,10,117
12,8,12,4,10,117
12,9,12,4,10,117
12,9,12,4,10,117
0,0,0,0,0,118
1,0,0,0,0,118
1,1,0,0,0,118
1,1,0,0,1,118
1,1,0,0,2,118
1,2,0,0,2,118
1,2,1,0,2,118
1,2,1,0,2,118
1,2,1,0,2,118
1,2,1,1,2,118
1,2,1,1,3,118
1,2,1,1,3,118
2,2,1,1,3,118
2,2,1,1,4,118
3,2,1,1,4,118
3,3,0,1,4,118
3,3,0,1,4,118
3,3,0,1,4,118
4,3,0,1,4,118
4,3,1,1,4,118
4,4,1,1,4,118
4,4,1,1,4,118
4,4,1,2,4,118
4,4,1,2,5,118
4,4,1,2,5,118
4,4,1,3,5,118
4,4,1,3,5,118
4,5,1,3,5,118
4,5,1,4,5,118
4,5,1,4,5,118
4,5,1,4,5,118
4,5,1,4,5,118
4,5,1,4,5,118
4,6,1,4,5,118
4,6,1,4,5,118
4,6,1,4,5,118
4,6,1,4,5,118
4,7,1,4,5,118
4,7,1,4,5,118
4,7,1,4,5,118
4,7,1,4,6,118
4,7,1,4,6,118
4,7,1,4,6,118
4,7,1,4,6,118
4,7,1,4,6,118
5,7,1,4,6,118
5,7,1,4,6,118
5,7,1,4,6,118
5,7,1,4,7,118
5,7,1,4,7,118
6,7,1,4,7,118
6,7,1,4,7,118
6,7,1,4,7,118
6,7,1,4,7,118
6,7,1,4,7,118
7,7,1,4,7,118
7,7,1,4,7,118
7,7,1,4,7,118
7,7,1,4,7,118
7,7,1,4,7,118
7,8,1,4,7,118
7,8,1,4,7,118
7,8,1,4,7,118
7,8,1,4,7,118
7,8,1,4,7,118
7,8,1,5,7,118
7,8,1,5,7,118
7,8,1,5,7,118
7,8,1,5,7,118
7,8,1,5,7,118
7,8,1,5,8,118
7,8,1,5,8,118
7,8,1,5,8,118
7,9,1,5,8,118
7,9,1,5,8,118
7,9,1,5,8,118
7,9,1,5,8,118
7,9,1,5,8,118
7,9,0,5,8,118
7,9,0,5,8,118
7,9,0,5,8,118
7,9,0,5,9,118
7,9,0,5,9,118
7,9,0,5,9,118
7,9,0,5,9,118
7,9,0,5,9,118
7,9,0,5,9,118
7,9,0,5,9,118
7,9,0,5,9,118
7,9,0,5,9,118
7,9,0,5,9,118
7,9,0,5,9,118
6,9,0,5,9,118
6,9,0,5,9,118
6,9,0,5,9,118
5,9,0,5,9,118
5,9,0,5,9,118
5,9,0,5,9,118
5,9,0,5,9,118
5,9,0,5,9,118
0,0,0,0,0,119
0,1,0,0,0,119
0,1,1,0,0,119
1,1,1,0,0,119
1,1,1,0,0,119
1,1,1,1,0,119
1,1,1,2,0,119
1,1,1,2,0,119
1,1,1,2,0,119
1,1,1,2,0,119
1,1,1,2,0,119
1,1,1,2,0,119
1,1,1,2,0,119
1,1,1,2,0,119
1,1,1,2,0,119
1,1,1,2,1,119
1,1,1,2,1,119
1,1,1,2,1,119
1,1,1,2,1,119
1,1,1,2,1,119
1,1,1,2,1,119
1,1,1,2,1,119
1,1,1,2,1,119
1,1,1,2,1,119
1,1,1,2,2,119
1,1,1,2,2,119
1,1,1,2,2,119
1,1,1,2,2,119
1,1,1,2,2,119
1,1,1,2,2,119
1,1,1,2,2,119
1,1,1,2,2,119
1,1,1,2,2,119
1,1,1,2,2,119
1,1,1,2,2,119
1,1,1,2,2,119
1,1,1,2,2,119
1,1,1,2,2,119
1,1,1,2,2,119
1,1,1,2,2,119
1,1,1,2,2,119
1,1,1,2,2,119
1,1,1,2,2,119
1,1,1,2,2,119
1,1,1,2,2,119
1,1,1,2,2,119
1,1,1,2,2,119
1,1,1,2,2,119
1,1,1,2,2,119
1,1,1,2,2,119
1,1,1,2,2,119
1,1,1,2,2,119
1,1,1,2,2,119
1,1,1,2,2,119
1,1,1,2,2,119
1,1,1,2,2,119
1,1,1,2,2,119
1,1,1,2,2,119
1,1,1,2,2,119
1,1,1,2,2,119
1,1,1,2,2,119
1,1,1,2,2,119
1,1,1,2,2,119
1,1,1,2,2,119
1,1,1,2,2,119
1,1,1,2,2,119
1,1,1,2,2,119
1,1,1,2,1,119
1,1,1,2,1,119
1,1,1,2,1,119
1,1,1,2,1,119
1,1,1,2,1,119
1,1,1,2,1,119
1,1,1,2,1,119
1,1,1,2,1,119
1,1,1,2,1,119
1,1,1,2,1,119
1,1,1,2,1,119
1,1,1,2,1,119
1,1,1,2,1,119
1,1,1,2,1,119
1,1,1,2,1,119
1,1,1,2,1,119
1,1,1,2,1,119
1,1,1,2,1,119
1,1,1,2,1,119
1,1,1,2,1,119
1,1,1,2,1,119
1,1,1,2,1,119
1,1,1,2,1,119
1,1,1,2,1,119
1,1,1,2,1,119
1,1,1,2,1,119
1,1,1,2,1,119
1,1,1,2,1,119
1,1,1,2,1,119
1,1,1,2,1,119
1,1,1,2,1,119
1,1,1,2,1,119
1,1,1,2,1,119
0,0,0,0,0,120
0,0,1,0,0,120
0,1,1,0,0,120
0,2,1,0,0,120
0,2,1,0,0,120
0,3,0,0,0,120
0,3,0,1,0,120
0,3,0,1,1,120
0,3,0,1,1,120
0,3,0,1,1,120
0,3,0,1,1,120
1,3,0,1,1,120
1,3,1,1,1,120
1,3,1,1,1,120
1,3,1,1,1,120
1,3,1,1,1,120
1,3,1,1,1,120
1,3,1,1,1,120
1,3,1,1,1,120
1,3,1,1,2,120
1,3,1,1,2,120
1,3,1,1,2,120
1,3,1,1,2,120
1,3,1,1,2,120
1,3,1,1,2,120
1,3,1,1,2,120
1,3,1,1,2,120
2,3,1,1,2,120
2,3,1,1,2,120
2,3,1,1,2,120
3,3,1,1,2,120
3,3,1,1,2,120
3,3,1,1,2,120
3,3,1,1,3,120
3,3,1,1,3,120
3,3,1,1,3,120
3,3,1,1,3,120
3,3,1,1,3,120
3,3,1,1,3,120
3,3,1,1,3,120
3,3,1,1,3,120
3,3,1,1,3,120
3,3,1,1,3,120
3,3,1,1,4,120
3,3,1,1,4,120
3,3,1,1,4,120
3,3,1,1,4,120
3,3,1,1,4,120
3,3,1,1,4,120
3,3,1,1,4,120
3,3,1,1,4,120
3,3,1,1,4,120
3,3,1,1,4,120
3,3,1,1,4,120
3,3,1,1,4,120
3,3,1,1,4,120
3,3,1,1,4,120
3,3,1,1,4,120
3,3,1,1,4,120
3,3,1,1,4,120
3,3,1,1,4,120
3,3,1,1,4,120
3,3,1,1,4,120
3,3,1,1,4,120
3,3,1,1,4,120
3,3,1,1,4,120
3,3,1,1,4,120
3,3,1,1,4,120
3,3,1,1,4,120
3,3,1,1,4,120
3,3,1,1,3,120
3,3,1,1,3,120
3,3,1,1,3,120
3,3,1,1,3,120
3,3,1,1,3,120
3,3,1,1,3,120
3,3,1,1,4,120
3,3,1,1,4,120
3,3,1,1,4,120
3,3,1,1,4,120
3,3,1,1,4,120
3,3,1,1,4,120
3,3,1,1,4,120
3,3,1,1,4,120
3,3,1,1,4,120
3,3,1,1,4,120
3,3,1,1,4,120
3,3,1,1,4,120
3,3,1,1,4,120
3,3,1,1,4,120
3,3,1,1,4,120
3,3,1,1,4,120
3,3,1,1,4,120
3,3,1,1,4,120
3,3,1,1,4,120
3,3,1,1,4,120
3,3,1,1,4,120
3,3,1,1,4,120
3,3,1,1,4,120
3,3,1,1,4,120
0,0,0,0,0,121
0,0,1,0,0,121
0,1,1,0,0,121
0,2,1,0,0,121
1,2,1,0,0,121
1,2,1,0,0,121
1,3,1,0,0,121
1,4,1,0,0,121
1,4,1,0,0,121
1,4,1,0,0,121
1,4,1,0,0,121
1,4,1,0,0,121
1,4,1,0,0,121
1,4,1,0,0,121
1,4,1,0,0,121
1,4,1,0,0,121
1,4,1,0,0,121
1,4,1,0,0,121
1,4,1,0,0,121
1,4,1,0,0,121
1,4,1,0,0,121
1,4,1,0,1,121
1,4,1,0,2,121
1,4,1,0,2,121
1,4,1,0,2,121
1,4,1,0,2,121
1,4,1,0,2,121
1,4,1,0,2,121
1,4,1,0,2,121
1,4,1,0,2,121
1,4,1,0,2,121
1,4,1,0,2,121
1,4,1,0,2,121
1,4,1,0,2,121
1,4,1,0,2,121
1,4,1,0,2,121
1,4,1,0,2,121
1,4,1,0,2,121
1,4,1,0,2,121
1,4,1,0,2,121
1,4,1,0,2,121
1,4,1,0,2,121
1,4,1,0,2,121
1,4,1,0,2,121
1,4,1,0,2,121
1,4,1,0,2,121
1,4,1,0,2,121
1,4,1,0,2,121
1,4,1,0,2,121
1,4,1,0,2,121
1,4,1,0,2,121
1,4,1,0,2,121
1,4,1,0,2,121
1,4,1,0,2,121
1,4,1,0,2,121
1,4,1,0,2,121
1,4,1,0,2,121
1,4,1,0,2,121
1,4,1,0,2,121
1,4,1,0,2,121
1,4,1,0,2,121
1,4,1,0,2,121
1,4,1,0,2,121
1,4,1,0,2,121
1,4,1,0,2,121
1,4,1,0,2,121
1,4,1,0,2,121
1,4,1,0,2,121
1,4,1,0,2,121
1,4,1,0,2,121
1,4,1,0,2,121
1,4,1,0,2,121
1,4,1,0,2,121
1,4,1,0,2,121
1,4,1,0,2,121
0,4,1,0,2,121
0,4,1,0,2,121
0,4,1,0,2,121
0,4,1,0,2,121
0,4,1,0,2,121
0,4,1,0,2,121
0,4,1,0,2,121
0,4,1,0,2,121
0,4,1,0,2,121
0,4,1,0,2,121
0,4,1,0,2,121
0,4,1,0,2,121
0,4,1,0,2,121
0,4,1,0,2,121
0,4,1,0,2,121
0,4,1,0,2,121
0,4,1,0,2,121
0,4,1,0,2,121
0,4,1,0,2,121
0,4,1,0,2,121
0,4,1,0,2,121
0,4,1,0,2,121
0,4,1,0,2,121
0,4,1,0,2,121
0,4,0,0,2,121
0,0,0,0,0,122
0,0,0,1,0,122
0,1,0,1,0,122
0,2,0,1,0,122
0,2,0,1,0,122
0,2,0,1,0,122
0,2,0,1,1,122
0,2,0,1,2,122
1,2,0,1,2,122
1,2,0,1,2,122
2,2,0,1,2,122
2,2,0,1,2,122
3,2,0,1,2,122
3,2,0,1,2,122
3,2,0,1,2,122
3,2,0,1,2,122
3,2,0,1,2,122
3,2,0,1,2,122
3,2,0,1,2,122
3,2,0,1,2,122
3,2,0,1,2,122
3,2,0,1,2,122
3,2,0,1,2,122
3,2,0,1,2,122
3,2,0,1,2,122
3,2,0,1,2,122
3,2,0,1,2,122
3,2,0,1,2,122
3,2,0,1,2,122
3,2,0,1,2,122
3,2,0,1,2,122
3,2,0,1,2,122
3,2,0,1,2,122
3,2,0,1,2,122
3,2,0,1,2,122
3,2,0,1,2,122
3,2,0,1,2,122
3,2,0,1,2,122
3,2,0,1,2,122
3,2,0,1,2,122
3,2,0,1,2,122
3,2,0,1,2,122
3,2,0,1,2,122
3,2,0,1,2,122
3,2,0,1,2,122
3,2,0,1,2,122
3,2,0,1,2,122
3,2,0,1,2,122
3,2,0,1,2,122
3,2,0,1,2,122
3,2,0,1,2,122
3,2,0,1,2,122
3,2,0,1,2,122
3,2,0,1,2,122
3,2,0,1,2,122
3,2,0,1,2,122
3,2,0,1,2,122
3,2,0,1,2,122
3,2,0,1,2,122
3,2,0,1,2,122
3,2,0,1,2,122
3,2,0,1,2,122
3,2,0,1,2,122
3,2,0,1,2,122
3,2,0,1,2,122
3,2,0,1,2,122
3,2,0,1,2,122
3,2,0,1,2,122
3,2,0,1,2,122
3,2,0,1,2,122
3,2,0,1,2,122
3,2,0,1,2,122
3,2,0,1,2,122
3,2,0,1,2,122
3,2,0,1,2,122
3,2,0,1,2,122
3,2,0,1,2,122
3,2,0,1,2,122
3,2,0,1,2,122
3,2,0,1,2,122
3,2,0,1,2,122
3,2,0,1,2,122
3,2,0,1,2,122
3,2,0,1,2,122
3,2,0,1,2,122
3,2,0,1,2,122
3,2,0,1,2,122
3,2,0,1,2,122
3,2,0,1,2,122
3,2,0,1,2,122
3,2,0,1,2,122
3,2,0,1,2,122
3,2,0,1,2,122
3,2,0,1,2,122
3,2,0,1,2,122
3,2,0,1,2,122
3,2,0,1,2,122
3,2,0,1,2,122
3,2,0,1,2,122
3,2,0,1,2,122
0,0,0,0,0,123
0,1,0,0,0,123
0,1,0,0,0,123
0,1,1,0,0,123
1,1,1,0,0,123
1,1,1,1,0,123
1,2,1,1,0,123
2,2,1,1,0,123
2,2,1,1,1,123
2,2,1,1,1,123
2,2,1,1,1,123
2,2,1,1,1,123
2,2,1,1,1,123
2,2,1,1,1,123
2,2,1,1,1,123
2,2,1,1,1,123
2,2,1,1,1,123
2,2,1,1,1,123
2,2,1,1,1,123
2,2,1,1,1,123
2,2,1,1,1,123
2,2,1,1,1,123
2,2,1,1,1,123
2,2,1,1,1,123
2,2,1,1,1,123
2,2,1,1,1,123
2,2,1,1,1,123
2,2,1,1,1,123
2,2,1,1,1,123
2,2,1,1,1,123
2,2,1,1,1,123
2,2,1,1,1,123
2,2,1,1,1,123
2,2,1,1,1,123
2,2,1,1,1,123
2,2,1,1,1,123
2,2,1,1,1,123
2,2,1,1,1,123
2,2,1,1,1,123
2,2,1,1,1,123
2,2,1,1,1,123
2,2,1,1,1,123
2,2,1,1,1,123
2,2,1,1,1,123
2,2,1,1,1,123
2,2,1,1,1,123
2,2,1,1,1,123
2,2,1,1,1,123
2,2,1,1,1,123
2,2,1,1,1,123
2,2,1,1,1,123
2,2,1,1,1,123
2,2,1,1,1,123
2,2,1,1,1,123
2,2,1,1,1,123
2,2,1,1,1,123
2,2,1,1,1,123
2,2,1,1,1,123
2,2,1,1,1,123
2,2,1,1,1,123
2,2,1,1,1,123
2,2,1,1,1,123
2,2,1,1,1,123
2,2,1,1,1,123
2,2,1,1,1,123
2,2,1,1,1,123
2,2,1,1,1,123
2,2,1,1,1,123
2,2,1,1,1,123
2,2,1,1,1,123
2,2,1,1,1,123
2,2,1,1,1,123
2,2,1,1,1,123
2,2,1,1,1,123
2,2,1,1,1,123
2,2,1,1,1,123
2,2,1,1,1,123
2,2,1,1,1,123
2,2,1,1,1,123
2,2,1,1,1,123
2,2,1,1,1,123
2,2,1,1,1,123
2,2,1,1,1,123
2,2,1,1,1,123
2,2,1,1,1,123
2,2,1,1,1,123
2,2,1,1,1,123
2,2,1,1,1,123
2,2,1,1,1,123
2,2,1,1,1,123
2,2,1,1,1,123
2,2,1,1,1,123
2,2,1,1,1,123
2,2,1,1,1,123
2,2,1,1,1,123
2,2,1,1,1,123
2,2,1,1,1,123
2,2,1,1,1,123
2,2,1,1,1,123
2,2,1,1,1,123
0,0,0,0,0,124
1,0,0,0,0,124
1,0,0,1,0,124
1,1,0,1,0,124
1,1,0,1,0,124
1,1,0,1,0,124
1,1,0,1,0,124
2,1,0,1,0,124
2,2,0,1,0,124
2,2,0,1,0,124
1,2,0,1,1,124
2,2,0,1,1,124
2,2,0,2,1,124
2,2,0,2,1,124
2,2,0,2,1,124
2,2,0,2,1,124
2,2,0,2,1,124
2,2,0,2,1,124
2,2,0,2,1,124
2,2,0,2,1,124
2,2,0,2,1,124
2,2,0,2,1,124
2,2,0,2,1,124
2,2,0,2,1,124
2,2,0,2,1,124
2,2,0,2,1,124
2,2,0,2,1,124
2,2,0,2,1,124
2,2,0,2,1,124
2,2,0,2,1,124
2,2,0,2,1,124
2,2,0,2,1,124
2,2,0,2,1,124
2,2,0,2,1,124
2,2,0,2,1,124
2,2,0,2,1,124
2,2,0,2,1,124
2,2,0,2,1,124
2,2,0,2,1,124
2,2,0,2,1,124
2,2,0,2,1,124
2,2,0,2,1,124
2,2,0,2,1,124
2,2,0,2,1,124
2,2,0,2,1,124
2,2,0,2,1,124
2,2,0,2,1,124
2,2,0,2,1,124
2,2,0,2,1,124
2,2,0,2,1,124
2,2,0,2,1,124
2,2,0,2,1,124
2,2,0,2,1,124
2,1,0,2,1,124
2,1,0,2,1,124
2,1,0,2,1,124
2,1,0,2,1,124
2,1,0,2,1,124
2,1,0,2,1,124
2,1,0,2,1,124
2,1,0,2,1,124
2,1,0,2,1,124
2,1,0,2,1,124
2,1,0,2,1,124
2,1,0,2,1,124
2,1,0,2,1,124
2,1,0,2,1,124
2,1,0,2,1,124
2,1,0,2,1,124
2,1,0,2,1,124
2,1,0,2,1,124
2,1,0,2,1,124
2,1,0,2,1,124
2,1,0,2,1,124
2,1,0,2,1,124
2,1,0,2,1,124
2,1,0,2,1,124
2,1,0,2,1,124
2,1,0,2,1,124
2,1,0,2,1,124
2,1,0,2,1,124
2,1,0,2,1,124
2,1,0,2,1,124
2,1,0,2,1,124
2,1,0,2,1,124
2,1,0,2,1,124
2,1,0,2,1,124
2,1,0,2,1,124
2,1,0,2,1,124
2,1,0,2,1,124
2,1,0,2,1,124
2,1,0,2,1,124
2,1,0,2,1,124
2,1,0,2,1,124
2,1,0,2,1,124
2,1,0,2,1,124
2,1,0,2,1,124
2,1,0,2,1,124
2,1,0,2,1,124
2,1,0,2,1,124
0,0,0,0,0,125
1,0,0,0,0,125
1,0,0,0,1,125
1,0,0,1,1,125
1,0,0,1,1,125
2,0,0,1,1,125
2,0,1,1,1,125
2,0,1,1,1,125
3,0,1,1,1,125
3,0,1,1,1,125
3,0,1,1,1,125
3,0,1,1,1,125
3,0,1,1,1,125
3,1,1,1,1,125
3,1,1,1,1,125
2,1,1,1,2,125
2,1,1,1,2,125
2,1,1,1,2,125
2,1,1,1,2,125
2,1,1,1,2,125
2,1,1,1,2,125
2,1,1,1,3,125
2,1,1,1,3,125
3,1,1,1,3,125
3,1,1,1,3,125
3,1,1,1,3,125
3,1,1,1,3,125
3,1,1,1,3,125
3,2,1,1,3,125
3,2,1,1,3,125
3,2,1,1,4,125
3,2,1,1,4,125
3,2,1,1,4,125
3,2,1,1,4,125
3,2,1,2,4,125
3,2,1,2,4,125
3,2,1,2,4,125
3,2,1,2,4,125
3,2,1,2,4,125
3,2,1,2,5,125
3,2,1,2,5,125
3,2,1,2,5,125
3,2,1,2,5,125
3,2,1,2,5,125
3,2,1,2,5,125
3,2,1,2,5,125
3,2,1,2,5,125
4,2,1,2,5,125
4,2,1,2,5,125
5,2,1,2,5,125
5,2,1,2,6,125
5,3,1,2,6,125
5,3,1,2,6,125
5,4,1,2,6,125
5,4,1,3,6,125
5,4,1,3,7,125
5,4,1,3,7,125
5,4,1,3,7,125
5,4,1,3,7,125
5,4,1,3,7,125
5,4,1,3,7,125
5,4,2,3,7,125
5,5,2,3,7,125
5,5,2,4,7,125
5,5,2,4,7,125
5,5,2,4,7,125
5,6,2,4,7,125
5,6,2,4,7,125
5,6,2,4,8,125
5,6,2,4,8,125
5,7,2,4,8,125
5,6,2,4,8,125
5,6,2,4,8,125
4,6,2,4,9,125
4,6,2,5,9,125
4,6,2,5,9,125
4,6,2,5,10,125
4,6,2,5,10,125
4,6,2,5,10,125
4,7,2,5,10,125
4,7,2,5,10,125
4,7,2,5,10,125
4,7,2,5,10,125
5,6,2,5,10,125
5,6,2,5,10,125
5,6,2,5,10,125
5,6,2,5,10,125
6,6,2,5,10,125
6,6,2,5,10,125
6,6,2,5,10,125
6,6,2,6,10,125
6,6,2,6,10,125
6,6,2,6,10,125
6,7,2,6,10,125
6,7,2,6,10,125
6,7,2,6,10,125
6,7,2,6,10,125
6,7,2,6,10,125
6,8,2,6,10,125
6,8,2,6,10,125
0,0,0,0,0,126
1,0,0,0,0,126
1,1,0,0,0,126
1,1,0,1,0,126
1,1,0,1,0,126
1,1,1,1,0,126
1,1,1,1,0,126
1,1,1,1,1,126
1,1,1,1,1,126
2,1,1,1,1,126
2,2,1,1,1,126
2,2,1,1,1,126
2,2,2,1,1,126
2,2,2,1,2,126
2,2,2,1,2,126
2,2,2,1,2,126
2,2,2,1,3,126
2,3,2,1,3,126
2,3,2,2,3,126
2,3,2,2,3,126
2,3,2,1,4,126
3,3,2,1,4,126
3,3,2,1,5,126
4,3,2,1,5,126
4,3,1,1,5,126
4,3,1,1,5,126
4,3,1,1,5,126
4,3,1,1,6,126
4,3,1,1,6,126
4,3,2,1,6,126
4,3,2,1,6,126
4,3,2,1,6,126
4,3,2,1,7,126
4,3,2,1,7,126
4,4,2,1,7,126
4,4,2,1,7,126
4,4,2,1,8,126
4,4,2,1,8,126
4,4,2,1,7,126
4,4,2,2,7,126
4,5,2,2,7,126
4,5,2,2,7,126
4,5,2,2,7,126
3,6,2,2,7,126
3,6,2,2,7,126
3,6,1,2,7,126
4,6,1,2,7,126
4,6,1,3,7,126
4,6,2,3,7,126
4,6,2,3,7,126
4,6,2,3,6,126
4,6,2,3,7,126
4,6,2,3,7,126
4,6,3,3,6,126
4,7,3,3,6,126
4,7,4,3,6,126
4,7,4,4,6,126
4,7,4,5,6,126
4,8,4,5,6,126
4,8,4,5,6,126
4,9,4,5,6,126
4,9,5,5,6,126
4,9,5,5,6,126
4,9,5,5,6,126
4,9,5,5,6,126
5,9,5,4,6,126
5,9,5,4,6,126
5,9,5,4,6,126
5,9,5,4,7,126
6,9,5,4,7,126
5,9,5,4,8,126
5,10,5,4,8,126
5,10,5,4,8,126
5,10,5,4,8,126
5,10,5,4,9,126
5,10,5,4,9,126
5,10,5,4,9,126
5,10,5,4,9,126
5,10,5,4,9,126
5,10,5,4,9,126
6,10,5,4,9,126
6,10,5,4,10,126
6,10,5,4,10,126
6,10,5,4,10,126
6,10,5,4,10,126
7,10,5,4,10,126
7,10,5,4,11,126
7,10,5,4,11,126
7,10,5,4,11,126
7,10,5,4,12,126
7,10,5,4,12,126
7,10,5,4,12,126
7,10,5,4,12,126
7,10,5,4,12,126
7,10,4,4,13,126
7,10,4,4,13,126
7,10,4,4,13,126
7,10,4,3,13,126
7,10,4,3,13,126
8,10,4,3,13,126
0,0,0,0,0,127
0,0,1,0,0,127
0,0,1,0,0,127
0,0,1,0,1,127
0,0,1,1,1,127
0,0,1,1,1,127
0,0,1,1,2,127
0,0,1,1,2,127
0,0,1,1,3,127
0,0,0,1,3,127
0,1,0,1,3,127
0,2,0,1,3,127
0,2,0,1,3,127
1,2,0,1,3,127
1,2,0,1,3,127
1,2,0,1,3,127
1,2,0,1,3,127
1,2,0,1,3,127
1,2,0,1,3,127
1,2,0,1,3,127
1,2,0,1,3,127
1,2,0,1,3,127
1,2,0,1,3,127
1,2,0,1,3,127
1,2,0,1,3,127
1,2,0,1,3,127
1,2,0,1,3,127
1,2,0,1,3,127
1,2,0,1,3,127
1,2,0,1,3,127
1,2,0,1,2,127
1,2,0,1,2,127
1,2,0,1,2,127
1,2,0,1,2,127
1,2,0,1,2,127
1,2,0,1,2,127
1,2,0,1,2,127
1,2,0,1,2,127
1,2,0,1,2,127
1,2,0,1,2,127
2,2,0,1,2,127
2,2,0,1,2,127
2,2,0,1,2,127
2,2,0,1,2,127
2,2,0,1,2,127
2,2,0,1,2,127
2,2,0,1,2,127
2,2,0,1,3,127
2,2,0,1,3,127
2,2,0,1,3,127
2,2,0,1,3,127
2,2,0,1,3,127
2,2,0,1,3,127
2,2,0,1,3,127
2,2,0,1,3,127
2,2,0,1,3,127
2,2,0,1,3,127
2,2,0,1,3,127
2,2,0,1,3,127
2,2,0,1,3,127
2,2,0,1,3,127
2,2,0,1,3,127
2,2,0,1,3,127
2,2,0,1,3,127
2,2,0,1,3,127
2,2,0,1,3,127
2,2,0,1,3,127
2,2,0,1,3,127
2,2,0,1,3,127
2,2,0,1,3,127
2,2,0,1,3,127
2,2,0,1,3,127
2,2,0,1,3,127
2,2,0,1,3,127
2,2,0,1,3,127
2,2,0,1,3,127
2,2,0,1,3,127
2,2,0,1,3,127
2,2,0,1,3,127
2,2,0,1,3,127
2,2,0,1,3,127
2,2,0,1,3,127
2,2,0,1,3,127
2,2,0,1,3,127
2,2,0,1,3,127
2,2,0,1,3,127
2,2,0,1,3,127
2,2,0,1,3,127
2,2,0,1,3,127
2,2,0,1,3,127
2,2,0,1,3,127
2,2,0,1,3,127
2,2,0,1,3,127
2,2,0,1,3,127
2,2,0,1,3,127
2,2,0,1,3,127
2,2,0,1,3,127
2,2,0,1,3,127
2,2,0,1,3,127
2,2,0,1,3,127
0,0,0,0,0,128
0,1,0,0,0,128
0,2,0,0,0,128
0,2,0,0,1,128
1,2,0,0,1,128
2,2,0,0,1,128
2,2,0,0,1,128
2,3,0,0,1,128
2,3,0,0,1,128
2,3,0,0,1,128
2,3,0,1,1,128
2,3,0,1,1,128
2,3,0,1,1,128
2,3,0,1,1,128
2,3,0,1,1,128
2,3,0,1,2,128
2,3,0,1,2,128
2,3,0,1,2,128
2,3,0,1,2,128
2,3,0,1,2,128
2,3,0,1,2,128
2,3,0,1,2,128
2,3,0,1,2,128
2,3,0,1,2,128
2,3,0,1,2,128
2,3,0,1,2,128
2,3,0,1,2,128
2,3,0,1,2,128
2,3,0,1,2,128
2,3,0,1,2,128
2,3,0,1,2,128
2,3,0,1,2,128
2,3,0,1,2,128
2,3,0,1,2,128
2,3,0,1,2,128
2,3,0,1,2,128
2,3,0,1,2,128
2,3,0,1,2,128
2,3,0,1,2,128
2,3,0,1,2,128
2,3,0,1,2,128
2,3,0,1,2,128
2,3,0,1,2,128
2,3,0,1,2,128
2,3,0,1,2,128
2,3,0,1,2,128
2,3,0,1,2,128
2,3,0,1,2,128
2,3,0,1,2,128
2,3,0,1,2,128
2,3,0,1,2,128
2,3,0,1,2,128
2,3,0,1,2,128
2,3,0,1,2,128
2,3,0,1,2,128
2,3,0,1,2,128
2,3,0,1,2,128
2,3,0,1,2,128
2,3,0,1,2,128
2,3,0,1,2,128
2,3,0,1,2,128
2,3,0,1,2,128
2,3,0,1,2,128
2,3,0,1,2,128
2,3,0,1,2,128
2,3,0,1,2,128
2,3,0,1,2,128
2,3,0,1,2,128
2,3,0,1,2,128
2,3,0,1,2,128
2,3,0,1,2,128
2,3,0,1,2,128
2,3,0,1,2,128
2,3,0,1,2,128
2,3,0,1,2,128
2,3,0,1,2,128
2,3,0,1,2,128
2,3,0,1,2,128
2,3,0,1,2,128
2,3,0,1,2,128
2,3,0,1,2,128
2,3,0,1,2,128
2,3,0,1,2,128
2,3,0,1,2,128
2,3,0,1,2,128
2,3,0,1,2,128
2,3,0,1,2,128
2,3,0,1,2,128
2,3,0,1,2,128
2,3,0,1,2,128
2,3,0,1,2,128
2,3,0,1,2,128
2,3,0,1,2,128
2,3,0,1,2,128
2,3,0,1,2,128
2,3,0,1,2,128
2,2,0,1,2,128
2,2,0,1,2,128
2,2,0,1,2,128
2,2,0,1,2,128
0,0,0,0,0,129
0,0,1,0,0,129
0,0,1,0,0,129
0,1,1,0,0,129
0,1,1,0,0,129
0,1,1,1,0,129
0,1,1,1,0,129
0,1,1,1,0,129
0,1,1,1,1,129
1,1,1,1,1,129
1,1,1,1,2,129
1,2,1,1,2,129
1,2,1,1,2,129
1,2,1,1,2,129
1,2,1,1,2,129
1,2,1,1,3,129
1,2,1,1,3,129
1,3,1,1,3,129
1,3,1,1,3,129
1,3,1,1,4,129
2,3,1,1,4,129
2,3,1,1,4,129
2,3,1,1,5,129
2,3,1,1,5,129
2,3,1,1,5,129
2,3,1,1,5,129
2,3,1,1,5,129
2,3,1,1,6,129
2,3,1,1,6,129
2,3,1,1,6,129
3,3,1,1,6,129
3,4,1,1,6,129
3,4,1,1,6,129
3,4,1,1,6,129
3,4,1,1,6,129
3,4,1,1,6,129
3,4,1,1,6,129
3,4,1,1,6,129
3,4,2,1,6,129
3,4,2,1,6,129
3,4,2,1,6,129
3,4,2,1,6,129
3,4,2,1,6,129
3,4,2,1,6,129
4,4,2,1,6,129
4,4,2,1,6,129
4,4,2,1,6,129
4,4,2,0,6,129
4,4,2,0,6,129
4,4,2,0,6,129
4,4,2,0,6,129
4,4,2,0,6,129
4,4,2,0,6,129
4,4,2,1,6,129
4,4,2,1,6,129
4,4,2,1,6,129
4,4,2,1,6,129
4,4,2,1,6,129
4,4,2,1,6,129
4,4,2,2,6,129
4,4,2,2,6,129
4,4,2,2,6,129
4,4,2,2,6,129
4,4,2,2,6,129
5,4,2,2,6,129
5,4,2,2,6,129
5,4,3,2,6,129
5,4,3,2,6,129
5,4,3,2,6,129
5,4,3,2,6,129
5,4,4,2,6,129
5,4,5,2,6,129
5,4,5,2,6,129
5,4,5,3,6,129
5,4,5,3,6,129
5,5,5,3,6,129
5,6,5,3,6,129
5,6,5,3,6,129
4,6,5,3,6,129
4,5,5,3,6,129
5,5,5,3,6,129
5,5,5,3,7,129
5,5,5,3,7,129
6,5,5,3,7,129
6,5,5,3,7,129
6,5,5,3,7,129
6,5,5,3,7,129
6,6,5,3,7,129
6,6,5,3,7,129
6,6,5,3,7,129
6,6,5,4,7,129
6,6,5,4,7,129
6,6,5,4,7,129
6,6,6,4,7,129
7,6,6,4,7,129
7,6,6,4,7,129
7,6,6,4,8,129
7,6,7,4,8,129
7,6,7,4,8,129
7,7,6,4,8,129
0,0,0,0,0,130
0,0,1,0,0,130
0,0,1,0,0,130
0,1,1,0,0,130
0,2,1,0,0,130
0,2,1,0,1,130
0,2,1,0,1,130
0,2,1,1,1,130
1,2,1,1,1,130
1,3,1,1,1,130
1,4,1,1,1,130
1,4,1,1,1,130
1,4,1,1,1,130
1,4,1,1,1,130
1,4,1,1,2,130
1,4,1,1,2,130
2,4,1,1,2,130
2,3,1,1,3,130
2,3,1,1,3,130
2,3,1,1,3,130
2,3,1,1,3,130
3,3,1,1,3,130
3,3,2,1,3,130
3,2,2,1,3,130
3,2,2,1,3,130
3,2,2,1,3,130
3,2,2,1,4,130
3,2,2,1,4,130
3,2,2,1,4,130
3,2,2,1,4,130
3,2,2,1,4,130
3,2,2,1,4,130
3,2,2,1,4,130
3,2,2,1,4,130
3,2,2,1,4,130
3,2,2,1,4,130
3,2,2,1,4,130
3,2,2,1,4,130
3,3,2,1,4,130
3,3,2,1,4,130
3,3,2,1,4,130
3,3,2,1,4,130
3,3,2,1,4,130
3,3,2,1,4,130
3,3,2,1,3,130
3,3,2,1,3,130
3,3,2,1,3,130
3,3,2,1,4,130
3,3,2,1,5,130
3,3,2,1,5,130
3,3,2,1,5,130
3,3,2,1,5,130
3,3,2,1,5,130
3,3,2,1,5,130
3,3,2,1,5,130
3,3,2,1,5,130
3,3,2,1,5,130
3,3,2,1,5,130
3,3,2,1,5,130
3,3,2,1,5,130
3,3,2,1,5,130
3,3,2,1,5,130
3,3,2,1,5,130
3,3,2,1,5,130
3,3,2,1,5,130
3,3,2,1,6,130
3,3,2,1,6,130
3,3,2,1,6,130
3,3,2,1,6,130
3,3,2,1,6,130
3,3,2,1,6,130
3,3,2,1,6,130
3,3,2,1,6,130
3,3,2,1,6,130
3,3,2,1,6,130
3,3,2,1,6,130
3,3,2,1,6,130
3,3,2,1,6,130
3,3,2,1,6,130
3,3,2,1,6,130
3,3,2,1,6,130
3,3,2,1,6,130
3,3,2,1,6,130
3,3,2,1,6,130
3,3,2,1,6,130
3,3,2,1,6,130
3,3,2,1,6,130
3,3,2,1,6,130
3,3,2,1,6,130
3,3,2,1,6,130
3,3,2,1,6,130
3,3,2,1,6,130
3,3,2,1,6,130
3,3,2,1,6,130
3,3,2,1,6,130
3,3,2,1,6,130
3,3,2,1,6,130
3,3,2,1,6,130
3,3,2,1,6,130
3,3,2,1,6,130
0,0,0,0,0,131
0,0,0,1,0,131
0,0,0,1,1,131
0,0,0,1,1,131
0,0,0,1,1,131
0,0,1,1,1,131
0,0,1,1,1,131
0,1,1,1,1,131
0,2,1,1,1,131
0,2,1,1,1,131
1,2,1,1,0,131
1,2,1,1,1,131
2,2,1,1,1,131
2,2,1,1,1,131
2,2,1,1,1,131
2,2,1,1,1,131
2,2,1,1,1,131
2,2,1,1,1,131
2,2,1,1,1,131
2,2,1,1,1,131
2,2,1,1,1,131
2,2,1,1,1,131
2,2,1,1,1,131
2,2,1,1,1,131
2,2,1,1,1,131
2,2,1,1,1,131
2,2,1,1,1,131
2,2,1,1,1,131
2,2,1,1,1,131
2,2,1,1,1,131
2,2,1,1,1,131
2,2,1,1,1,131
2,2,1,1,1,131
2,2,1,1,1,131
2,2,1,1,1,131
2,2,1,1,1,131
2,2,1,1,1,131
2,2,1,1,1,131
2,2,1,1,1,131
2,2,1,1,1,131
2,2,1,1,1,131
2,2,1,1,1,131
2,2,1,1,1,131
2,2,1,1,1,131
2,2,1,1,1,131
2,2,1,1,1,131
2,2,1,1,1,131
2,2,1,1,1,131
2,2,1,1,1,131
2,2,1,1,1,131
2,2,1,1,1,131
2,2,1,1,1,131
2,2,1,1,1,131
2,2,1,1,1,131
2,2,1,1,1,131
2,2,1,1,1,131
2,2,1,1,1,131
2,2,1,1,1,131
2,2,1,1,1,131
2,2,1,1,1,131
3,2,1,1,1,131
2,2,1,2,1,131
2,2,1,2,1,131
2,2,1,2,1,131
2,3,1,2,1,131
2,3,1,2,1,131
3,3,1,2,1,131
3,3,1,2,2,131
3,3,1,2,2,131
3,3,1,2,2,131
3,3,1,2,2,131
3,4,1,2,2,131
3,3,1,2,2,131
3,3,1,2,2,131
3,3,1,2,2,131
3,3,1,2,2,131
3,3,1,3,2,131
3,3,1,3,2,131
3,3,1,3,2,131
3,3,1,3,2,131
3,3,1,3,2,131
2,3,1,3,2,131
2,3,1,3,2,131
3,3,1,3,2,131
3,3,1,3,2,131
3,4,1,3,2,131
3,4,1,3,2,131
3,5,1,3,2,131
3,5,1,3,2,131
3,5,1,3,2,131
3,5,1,3,2,131
3,5,1,3,2,131
3,5,1,3,2,131
3,5,1,3,2,131
3,5,1,3,2,131
3,5,1,3,3,131
4,5,1,3,3,131
4,5,1,3,3,131
4,5,1,3,3,131
4,5,1,3,3,131
0,0,0,0,0,132
0,0,0,1,0,132
0,1,0,1,0,132
0,1,0,1,1,132
0,1,0,1,1,132
1,1,0,1,1,132
1,1,0,1,1,132
2,1,0,1,1,132
2,1,0,1,1,132
2,2,0,1,1,132
2,2,1,1,1,132
2,2,1,1,1,132
2,2,1,1,1,132
2,2,1,1,2,132
2,2,1,1,3,132
2,2,1,1,3,132
2,2,1,1,3,132
2,2,1,1,3,132
3,2,1,1,3,132
3,2,1,1,2,132
3,2,1,2,2,132
3,2,1,2,2,132
3,2,1,2,2,132
3,3,1,2,2,132
3,3,1,2,2,132
4,3,1,2,2,132
4,3,1,3,2,132
4,3,1,3,2,132
4,3,1,3,2,132
4,4,1,3,2,132
4,4,1,3,2,132
4,5,1,3,2,132
4,5,1,4,2,132
4,5,1,4,2,132
4,5,1,4,2,132
4,6,1,4,2,132
4,6,1,4,2,132
4,6,1,4,2,132
4,6,1,4,2,132
4,5,1,5,2,132
4,5,1,6,2,132
4,5,1,6,3,132
4,5,1,6,3,132
5,5,1,6,3,132
5,5,1,6,4,132
5,5,1,6,4,132
5,5,1,6,4,132
6,5,1,6,4,132
6,5,1,6,4,132
6,5,1,7,4,132
6,5,1,7,4,132
6,5,1,6,5,132
6,5,1,6,5,132
6,5,1,6,6,132
5,5,1,6,7,132
5,5,1,6,7,132
5,5,1,6,8,132
5,5,1,6,8,132
5,5,1,6,8,132
5,5,1,6,8,132
4,5,1,6,9,132
4,5,1,6,8,132
4,5,1,6,9,132
5,5,1,6,9,132
5,5,1,6,9,132
5,5,1,6,10,132
5,5,1,6,10,132
5,5,1,6,10,132
5,6,1,6,10,132
5,6,1,6,10,132
5,6,1,6,10,132
6,6,1,6,10,132
6,6,1,6,10,132
6,6,1,6,10,132
6,6,1,6,10,132
6,7,1,6,10,132
6,7,1,6,10,132
6,7,1,6,10,132
6,7,1,6,10,132
6,7,1,6,10,132
6,7,1,6,10,132
6,8,1,6,10,132
6,8,1,6,10,132
6,8,1,6,10,132
6,8,1,6,11,132
6,8,1,6,11,132
6,8,1,5,11,132
6,8,1,5,11,132
6,8,1,5,11,132
6,8,1,5,11,132
6,8,1,5,11,132
6,8,1,4,11,132
6,7,1,5,11,132
6,7,1,5,11,132
6,7,1,5,11,132
6,8,1,5,11,132
6,8,1,5,11,132
6,8,1,5,11,132
6,8,1,5,11,132
6,8,1,5,11,132
0,0,0,0,0,133
1,0,0,0,0,133
2,0,0,0,0,133
2,1,0,0,0,133
2,1,1,0,0,133
2,1,1,1,0,133
2,1,1,1,0,133
2,1,1,1,1,133
2,1,1,1,2,133
2,1,2,1,2,133
2,1,2,1,2,133
2,1,2,1,3,133
2,1,2,2,3,133
2,2,2,2,3,133
2,2,2,2,3,133
2,2,3,2,3,133
2,2,3,2,3,133
2,2,3,2,3,133
2,2,3,2,3,133
3,2,3,1,3,133
3,2,3,1,4,133
3,2,3,1,4,133
3,3,3,1,4,133
3,3,3,1,4,133
3,3,3,1,4,133
3,3,3,1,4,133
3,4,3,1,4,133
2,4,3,2,4,133
2,4,3,2,4,133
2,5,3,2,4,133
2,5,3,2,4,133
2,5,3,2,5,133
2,5,3,2,6,133
2,5,3,2,6,133
2,6,3,2,6,133
2,6,2,2,7,133
2,6,2,2,7,133
2,6,2,2,7,133
2,6,2,2,8,133
2,6,2,2,8,133
2,7,2,2,8,133
2,7,2,2,8,133
2,7,2,2,8,133
2,7,2,3,8,133
2,7,3,3,8,133
3,7,3,3,8,133
3,7,3,3,8,133
3,7,3,3,8,133
3,7,3,3,8,133
3,7,3,3,9,133
3,7,4,3,9,133
3,7,5,3,9,133
3,7,5,3,9,133
3,7,5,3,9,133
3,7,5,3,9,133
3,7,5,3,9,133
3,7,5,3,9,133
4,6,5,3,9,133
4,6,5,3,9,133
4,6,5,3,9,133
4,6,5,4,9,133
4,6,5,4,9,133
4,6,5,4,9,133
4,6,5,4,9,133
5,6,5,4,9,133
5,6,5,4,9,133
6,6,5,4,9,133
6,6,5,4,10,133
6,6,5,4,10,133
6,6,5,4,10,133
6,6,6,4,10,133
6,7,6,4,10,133
6,7,6,4,10,133
6,7,6,4,10,133
6,7,7,4,9,133
6,7,7,4,9,133
6,8,7,4,8,133
7,8,7,4,8,133
7,8,7,4,8,133
8,8,7,4,7,133
8,8,7,4,7,133
8,8,7,4,7,133
8,8,7,5,7,133
8,8,7,5,7,133
8,8,7,5,7,133
7,8,7,5,7,133
7,8,7,5,8,133
7,8,7,5,9,133
7,9,7,5,9,133
7,9,7,5,10,133
7,9,7,5,11,133
7,9,7,5,11,133
7,10,7,5,10,133
8,10,7,5,10,133
8,11,7,5,10,133
8,11,7,5,10,133
8,11,7,5,10,133
9,11,7,5,10,133
9,11,7,5,10,133
9,11,6,5,11,133
0,0,0,0,0,134
0,1,0,0,0,134
0,1,0,0,0,134
0,1,0,0,0,134
0,1,0,0,0,134
0,1,0,0,0,134
0,1,1,0,0,134
0,1,1,0,1,134
0,1,1,0,2,134
0,2,1,0,2,134
0,2,1,1,2,134
0,2,1,1,3,134
0,2,1,1,4,134
1,2,1,1,4,134
1,2,1,1,4,134
1,2,2,1,4,134
1,2,2,1,4,134
1,2,2,1,4,134
1,2,2,1,4,134
1,2,2,1,4,134
1,2,2,1,4,134
1,2,2,1,4,134
1,2,2,1,4,134
1,2,1,1,4,134
1,2,1,1,4,134
1,2,1,1,4,134
1,2,1,1,4,134
1,2,1,1,4,134
1,2,1,1,4,134
1,2,1,1,5,134
1,2,1,1,5,134
1,2,1,1,5,134
1,2,1,1,5,134
1,2,1,1,5,134
1,2,1,1,5,134
1,2,1,1,5,134
1,2,1,1,5,134
1,2,1,1,5,134
2,2,1,1,5,134
2,2,1,1,5,134
2,2,1,1,5,134
2,2,1,1,5,134
2,2,1,1,5,134
2,2,1,1,5,134
2,2,1,1,5,134
2,2,1,1,5,134
2,2,1,1,5,134
2,2,1,1,5,134
2,2,1,1,5,134
2,2,1,1,5,134
2,2,1,1,5,134
2,2,1,1,5,134
2,2,1,1,5,134
2,2,1,1,5,134
2,2,1,1,5,134
2,2,1,1,5,134
2,2,1,1,5,134
2,2,1,1,5,134
2,2,1,1,5,134
2,2,1,1,5,134
2,2,1,1,5,134
2,2,1,1,5,134
2,2,1,1,5,134
2,2,1,1,5,134
2,2,1,1,5,134
2,2,1,1,5,134
2,2,1,1,5,134
2,2,1,1,5,134
2,2,1,1,5,134
2,2,1,1,5,134
2,2,1,1,5,134
2,2,1,1,5,134
2,2,1,1,5,134
2,2,1,1,5,134
2,2,1,1,5,134
2,2,1,1,5,134
2,2,1,1,5,134
2,2,1,1,5,134
2,2,1,1,5,134
2,2,1,1,5,134
2,2,1,1,5,134
2,2,1,1,5,134
2,2,1,1,5,134
2,2,1,1,5,134
2,2,1,1,5,134
2,2,1,1,5,134
2,2,1,1,5,134
2,2,1,1,5,134
2,2,1,1,5,134
2,2,1,1,5,134
2,2,1,1,5,134
2,2,1,1,5,134
2,2,1,1,5,134
2,2,1,1,5,134
2,2,1,1,5,134
2,2,1,1,5,134
2,2,1,1,5,134
2,2,1,1,4,134
2,2,1,1,4,134
2,2,1,1,4,134
0,0,0,0,0,135
1,0,0,0,0,135
1,0,0,0,1,135
1,0,0,0,1,135
1,1,0,0,1,135
1,1,1,0,1,135
1,1,1,0,2,135
1,2,1,0,2,135
1,2,1,0,2,135
1,2,1,0,3,135
1,2,1,0,3,135
1,2,0,0,3,135
1,2,0,0,3,135
1,2,0,1,3,135
1,2,0,1,3,135
1,2,0,1,3,135
1,2,0,1,3,135
1,2,0,1,3,135
1,2,0,1,3,135
1,2,0,1,3,135
1,2,0,1,3,135
1,2,0,1,3,135
1,2,0,1,3,135
1,2,0,1,3,135
1,2,0,1,3,135
1,2,0,1,3,135
1,2,0,1,3,135
1,2,0,1,3,135
1,2,0,1,3,135
1,2,0,1,3,135
1,2,0,1,3,135
1,2,0,1,3,135
1,2,0,1,3,135
1,2,0,1,3,135
1,2,0,1,3,135
1,2,0,1,3,135
1,2,0,1,3,135
1,2,0,1,3,135
1,2,0,1,3,135
1,2,0,1,3,135
1,2,0,1,3,135
1,2,0,1,3,135
1,2,0,1,3,135
1,2,0,1,3,135
1,2,0,1,3,135
1,2,0,1,3,135
1,2,0,1,3,135
1,2,0,1,3,135
1,2,0,1,3,135
1,2,0,1,3,135
1,2,0,1,3,135
1,2,0,1,3,135
1,2,0,1,3,135
1,2,0,1,3,135
1,2,0,1,3,135
1,2,0,1,3,135
1,2,0,1,3,135
1,2,0,1,3,135
1,2,0,1,3,135
1,2,0,1,3,135
1,2,0,1,3,135
1,2,0,1,3,135
1,2,0,1,3,135
1,2,0,1,3,135
1,2,0,1,3,135
1,2,0,1,3,135
1,2,0,1,3,135
1,2,0,1,3,135
1,2,0,1,3,135
1,2,0,1,3,135
1,2,0,1,3,135
1,2,0,1,3,135
1,2,0,1,3,135
1,2,0,1,3,135
1,2,0,1,3,135
1,2,0,1,3,135
1,2,0,1,3,135
1,2,0,1,3,135
1,2,0,1,3,135
1,2,0,1,3,135
1,2,0,1,3,135
1,2,0,1,3,135
1,2,0,1,3,135
1,2,0,1,3,135
1,2,0,1,3,135
1,2,0,1,3,135
1,2,0,1,3,135
1,2,0,1,3,135
1,2,0,1,3,135
1,2,0,1,3,135
1,2,0,1,3,135
1,2,0,1,3,135
1,2,0,1,3,135
1,2,0,1,3,135
1,2,0,1,3,135
1,2,0,1,3,135
1,2,0,1,3,135
1,2,0,1,3,135
1,2,0,1,3,135
1,2,0,1,3,135
0,0,0,0,0,136
0,0,0,0,0,136
1,0,0,0,0,136
1,0,0,1,0,136
1,0,0,1,0,136
2,0,0,1,0,136
3,0,0,0,0,136
3,0,0,1,0,136
3,0,0,1,0,136
3,0,0,1,0,136
3,0,0,1,0,136
3,0,0,1,1,136
3,1,0,1,1,136
3,1,0,1,1,136
3,1,0,1,1,136
3,1,0,1,1,136
3,1,0,1,1,136
3,1,0,1,1,136
3,1,0,1,1,136
3,1,0,1,1,136
3,1,0,1,1,136
3,1,0,1,1,136
3,1,0,1,1,136
3,1,0,1,1,136
3,1,0,1,1,136
3,1,0,1,1,136
3,1,0,1,1,136
3,1,0,1,1,136
3,1,0,1,1,136
3,1,0,1,1,136
3,1,0,1,1,136
3,1,0,1,1,136
3,1,0,1,1,136
3,1,0,1,2,136
3,1,0,1,2,136
3,1,0,1,2,136
0,0,0,0,0,137
1,0,0,0,0,137
1,1,0,0,0,137
1,1,0,1,0,137
1,1,1,1,0,137
1,1,1,1,0,137
1,1,1,1,1,137
1,1,1,1,1,137
1,1,1,1,2,137
1,2,1,1,2,137
1,2,1,1,2,137
2,2,1,1,2,137
2,2,1,1,2,137
2,2,1,1,2,137
2,2,1,1,2,137
2,2,1,1,2,137
2,2,1,1,2,137
2,2,1,1,2,137
2,2,1,1,2,137
2,2,2,1,2,137
2,2,2,1,2,137
2,2,2,1,2,137
2,2,2,1,2,137
2,2,2,1,2,137
2,2,2,1,2,137
2,2,2,1,2,137
2,2,2,1,2,137
2,2,2,1,2,137
2,2,2,1,2,137
2,2,2,1,2,137
2,2,2,1,2,137
2,2,2,1,2,137
2,2,2,1,2,137
2,2,2,1,2,137
2,2,2,1,2,137
2,2,2,1,2,137
2,2,2,1,2,137
2,2,2,1,2,137
2,2,2,1,2,137
2,2,2,1,2,137
2,2,2,1,2,137
2,2,2,1,2,137
2,2,2,1,2,137
2,2,2,1,2,137
2,2,2,1,1,137
2,2,2,1,1,137
2,2,2,1,1,137
2,2,2,1,1,137
2,2,2,1,1,137
2,2,2,1,1,137
2,2,2,1,1,137
2,2,2,1,1,137
2,2,2,1,2,137
2,2,2,1,2,137
2,2,2,1,2,137
2,2,2,1,2,137
2,2,2,1,2,137
2,2,2,1,2,137
2,2,2,1,2,137
2,2,2,1,2,137
2,2,2,1,2,137
2,2,2,1,2,137
2,2,2,1,2,137
2,2,2,1,2,137
2,2,2,1,2,137
2,2,2,1,2,137
2,2,2,1,2,137
2,2,2,1,2,137
2,2,2,1,2,137
2,2,2,1,2,137
2,2,2,1,2,137
2,2,2,1,2,137
2,2,2,1,2,137
2,2,2,1,2,137
2,2,2,1,2,137
2,2,2,1,2,137
2,2,2,1,2,137
2,2,2,1,2,137
2,2,2,1,2,137
2,2,2,1,2,137
2,2,2,1,2,137
2,2,2,1,2,137
2,2,2,1,2,137
2,2,2,1,2,137
2,2,2,1,2,137
2,2,2,1,2,137
2,2,2,1,2,137
2,2,2,1,2,137
2,2,2,1,2,137
2,2,2,1,2,137
2,2,2,1,2,137
2,2,2,1,2,137
2,2,2,1,2,137
2,2,2,1,2,137
2,2,2,1,2,137
2,2,2,1,2,137
2,2,2,1,2,137
2,2,2,1,2,137
2,2,2,1,2,137
2,2,2,1,2,137
0,0,0,0,0,138
0,1,0,0,0,138
0,1,1,0,0,138
0,1,1,1,0,138
0,1,1,1,0,138
0,2,0,1,0,138
0,2,1,1,0,138
0,2,1,1,1,138
0,3,1,1,1,138
0,3,1,1,1,138
0,3,1,1,1,138
1,3,1,1,1,138
1,3,1,1,2,138
1,4,1,1,2,138
1,4,1,1,2,138
1,4,1,1,2,138
1,4,1,1,2,138
1,4,1,1,3,138
1,4,1,1,3,138
1,4,1,1,3,138
1,4,1,1,3,138
1,4,1,1,3,138
1,4,1,1,3,138
1,4,1,1,4,138
1,4,1,1,4,138
1,4,1,1,4,138
1,4,1,1,4,138
1,4,1,1,5,138
1,4,1,1,5,138
1,4,1,1,5,138
1,4,1,1,5,138
1,3,1,1,5,138
1,3,1,1,5,138
1,3,1,1,5,138
1,4,1,1,5,138
2,4,1,1,5,138
2,4,1,1,5,138
2,4,1,1,5,138
2,4,1,1,5,138
2,4,1,1,5,138
2,4,1,1,5,138
2,4,1,1,5,138
2,4,1,1,5,138
2,4,1,1,5,138
2,4,1,1,5,138
2,4,1,1,5,138
3,4,1,1,5,138
3,4,1,1,5,138
3,4,1,1,5,138
3,4,1,1,5,138
3,4,1,1,5,138
3,4,1,1,5,138
3,4,1,1,5,138
3,4,1,1,5,138
3,4,1,1,5,138
3,4,1,1,5,138
3,4,1,1,5,138
3,4,1,1,5,138
3,4,1,1,6,138
3,4,1,1,6,138
3,4,1,1,6,138
3,4,1,1,6,138
3,4,1,1,6,138
3,4,1,1,6,138
3,4,1,1,6,138
3,4,1,1,6,138
3,4,1,1,6,138
3,4,1,1,6,138
3,3,1,1,6,138
3,3,1,1,6,138
3,3,1,1,6,138
3,3,1,1,6,138
3,3,1,1,6,138
3,3,1,1,6,138
3,3,1,1,6,138
3,3,1,1,6,138
3,3,1,1,6,138
3,3,1,1,6,138
3,3,1,1,6,138
3,3,0,1,6,138
3,3,0,1,6,138
3,3,0,1,6,138
3,3,0,1,6,138
3,3,0,1,6,138
3,3,0,1,6,138
3,3,0,1,6,138
3,3,0,1,6,138
3,3,0,1,6,138
3,3,1,1,6,138
3,3,1,1,6,138
3,3,1,1,6,138
3,3,1,1,6,138
3,3,1,1,6,138
3,3,1,1,6,138
3,3,1,1,6,138
3,3,1,1,6,138
3,3,1,1,6,138
3,3,1,1,6,138
3,3,1,1,6,138
3,3,1,1,6,138
0,0,0,0,0,139
0,0,1,0,0,139
1,0,1,0,0,139
1,0,1,0,0,139
1,0,1,0,1,139
1,0,1,1,1,139
1,0,1,1,1,139
1,1,1,1,1,139
1,1,1,1,1,139
1,2,1,1,1,139
1,2,1,1,1,139
2,2,1,1,1,139
3,2,1,1,1,139
3,2,1,1,2,139
3,2,1,2,2,139
3,2,1,2,2,139
3,2,1,2,3,139
3,2,1,2,4,139
3,2,1,3,4,139
3,2,1,3,4,139
3,2,1,3,4,139
4,2,1,3,4,139
4,2,1,3,4,139
5,2,1,3,4,139
5,2,1,3,5,139
5,2,2,3,5,139
5,2,2,4,5,139
6,2,1,4,5,139
6,2,1,4,5,139
6,2,1,4,6,139
6,2,2,4,6,139
6,2,2,5,6,139
6,3,2,4,6,139
6,4,1,4,6,139
6,4,1,4,7,139
5,5,1,4,7,139
5,5,1,4,7,139
5,5,1,5,7,139
5,5,2,5,6,139
5,5,2,5,6,139
4,5,2,5,7,139
4,5,2,5,7,139
4,5,2,5,8,139
4,6,2,5,8,139
4,7,2,5,8,139
4,7,3,5,8,139
5,7,3,5,8,139
5,7,3,5,8,139
5,7,3,5,8,139
5,8,3,5,8,139
5,9,3,5,8,139
5,9,3,5,9,139
5,9,3,5,9,139
5,9,3,5,9,139
5,10,3,5,9,139
5,10,3,5,9,139
5,10,3,5,9,139
5,10,3,5,9,139
5,11,3,5,9,139
5,10,3,5,9,139
5,10,3,5,8,139
4,10,4,5,8,139
5,10,4,5,7,139
5,10,4,5,7,139
5,10,4,5,7,139
6,10,4,5,7,139
6,10,4,5,6,139
6,10,4,5,6,139
7,9,4,5,6,139
8,9,4,5,6,139
7,9,4,6,6,139
7,9,4,6,6,139
7,9,3,6,6,139
7,9,3,7,6,139
7,9,3,7,7,139
7,9,3,7,8,139
7,9,3,7,8,139
7,9,3,7,8,139
7,10,3,7,8,139
7,11,3,6,8,139
7,11,3,6,8,139
8,11,3,6,8,139
8,11,3,7,8,139
8,12,3,7,7,139
8,11,3,7,7,139
8,11,3,8,7,139
8,11,3,8,7,139
8,11,3,8,7,139
7,12,3,8,7,139
7,12,3,8,8,139
7,11,3,8,9,139
7,11,3,8,10,139
7,11,3,8,10,139
7,11,3,8,10,139
7,12,3,8,10,139
7,12,3,8,10,139
7,12,3,8,10,139
7,12,3,8,10,139
7,12,3,7,10,139
7,12,3,7,10,139
0,0,0,0,0,140
0,0,0,1,0,140
0,1,0,1,0,140
0,1,0,1,0,140
0,1,0,1,0,140
0,2,0,1,0,140
1,2,0,1,0,140
1,2,0,1,1,140
1,3,0,1,1,140
1,3,0,1,1,140
1,3,0,1,1,140
1,3,0,1,1,140
1,4,0,1,1,140
1,4,0,1,1,140
1,4,0,1,1,140
1,4,0,1,1,140
1,4,0,1,1,140
1,4,0,1,1,140
1,4,0,1,1,140
1,4,0,1,1,140
1,4,0,1,1,140
1,4,0,1,1,140
1,4,0,1,1,140
1,4,0,1,1,140
1,4,0,1,1,140
1,4,0,1,1,140
1,4,0,1,1,140
1,4,0,1,1,140
1,4,0,1,1,140
1,4,0,1,1,140
1,4,0,1,1,140
1,4,0,1,1,140
1,4,0,1,1,140
1,4,0,1,1,140
1,4,0,1,1,140
1,4,0,1,1,140
1,4,0,1,1,140
1,4,0,1,1,140
1,4,0,1,1,140
1,4,0,1,1,140
1,4,0,1,1,140
1,4,0,1,1,140
1,4,0,1,1,140
1,4,0,1,1,140
1,4,0,1,1,140
1,4,0,1,1,140
1,4,0,1,1,140
1,4,0,1,1,140
1,4,0,1,1,140
1,3,0,1,1,140
1,3,0,1,1,140
1,3,0,1,1,140
1,3,0,1,1,140
1,3,0,1,1,140
1,3,0,1,1,140
1,3,0,1,1,140
1,3,0,1,1,140
1,3,0,1,1,140
1,3,0,1,1,140
1,3,0,1,1,140
1,3,0,1,1,140
1,3,0,1,1,140
1,3,0,1,1,140
1,3,0,1,1,140
1,3,0,1,1,140
1,3,0,1,1,140
1,3,0,1,1,140
1,3,0,1,1,140
1,3,0,1,1,140
1,3,0,1,1,140
1,3,0,1,1,140
1,3,0,1,1,140
1,3,0,1,1,140
1,3,0,1,1,140
1,3,0,1,1,140
1,3,0,1,1,140
1,3,0,1,1,140
1,3,0,1,1,140
1,3,0,1,1,140
1,3,0,1,1,140
1,3,0,1,1,140
1,3,0,1,1,140
1,3,0,1,1,140
1,3,0,1,1,140
1,3,0,1,1,140
1,3,0,1,1,140
1,3,0,1,1,140
1,3,0,1,1,140
1,3,0,1,1,140
1,3,0,1,1,140
1,3,0,1,1,140
1,3,0,1,1,140
1,3,0,1,1,140
1,3,0,1,1,140
1,3,0,1,1,140
1,3,0,1,1,140
1,3,0,1,1,140
1,3,0,1,1,140
1,3,0,1,1,140
1,3,0,1,1,140
0,0,0,0,0,141
0,0,0,0,0,141
0,0,1,0,0,141
0,1,1,0,0,141
0,2,1,0,0,141
0,3,1,0,0,141
0,4,1,0,0,141
0,4,1,0,0,141
0,4,1,1,0,141
0,4,1,1,0,141
1,4,1,1,0,141
1,4,1,1,0,141
1,4,1,1,0,141
1,4,1,1,1,141
2,4,1,1,1,141
2,4,1,1,1,141
3,4,1,1,1,141
3,4,1,1,1,141
3,4,1,1,1,141
4,4,1,1,1,141
4,4,1,1,1,141
4,4,1,1,1,141
4,4,1,1,2,141
4,4,1,1,2,141
4,4,1,1,3,141
4,4,1,1,3,141
4,4,1,1,4,141
4,4,1,1,4,141
4,4,1,1,5,141
4,5,1,1,5,141
4,5,1,1,5,141
4,5,1,1,5,141
4,5,1,1,5,141
4,6,1,1,5,141
5,6,1,1,5,141
5,7,1,1,5,141
5,7,1,2,5,141
5,7,1,2,5,141
4,7,1,2,6,141
4,7,1,2,6,141
4,8,1,2,6,141
4,8,1,2,6,141
4,8,1,2,6,141
4,8,1,2,6,141
5,8,1,2,6,141
5,8,1,2,6,141
5,8,1,2,6,141
6,7,1,2,6,141
6,7,1,2,7,141
6,7,1,2,7,141
6,7,1,2,7,141
6,8,1,2,7,141
6,8,1,2,7,141
6,8,1,2,7,141
7,8,1,2,7,141
7,8,1,2,7,141
7,8,1,2,7,141
7,8,1,3,7,141
7,8,1,3,7,141
7,9,1,3,7,141
7,9,1,3,7,141
7,9,1,3,7,141
7,9,1,3,7,141
7,8,1,3,7,141
7,8,1,4,7,141
7,8,1,4,7,141
7,8,1,4,8,141
7,8,1,4,8,141
7,8,1,4,8,141
7,8,1,4,8,141
7,8,1,4,8,141
7,8,0,4,8,141
7,9,0,4,8,141
7,9,0,4,8,141
7,9,0,4,8,141
7,9,0,4,8,141
7,9,0,4,8,141
7,9,0,4,8,141
7,9,0,4,8,141
7,9,0,4,8,141
7,9,0,4,8,141
7,9,0,4,8,141
7,9,0,4,8,141
7,9,0,4,8,141
7,9,0,4,8,141
7,9,0,4,8,141
7,9,0,4,8,141
7,9,0,4,8,141
7,9,0,4,8,141
7,9,0,4,8,141
7,9,0,4,8,141
7,9,0,4,8,141
7,9,0,4,8,141
7,9,0,4,8,141
7,9,0,4,8,141
7,9,0,4,8,141
7,9,0,4,8,141
7,9,0,4,8,141
7,9,0,4,8,141
7,9,0,4,8,141
0,0,0,0,0,142
0,1,0,0,0,142
1,1,0,0,0,142
0,1,0,0,1,142
0,1,0,1,1,142
1,1,0,1,1,142
1,1,0,1,1,142
1,1,0,1,1,142
1,1,1,1,1,142
1,1,1,1,1,142
1,2,1,0,1,142
2,2,1,0,1,142
2,2,1,0,1,142
2,2,1,0,1,142
2,2,1,0,1,142
3,2,1,0,0,142
3,2,1,0,0,142
3,2,1,0,0,142
3,2,1,0,0,142
3,2,1,0,0,142
3,2,1,1,0,142
3,2,1,1,0,142
3,2,1,2,0,142
3,3,1,2,0,142
3,3,1,2,0,142
4,3,1,2,0,142
4,3,1,2,0,142
5,3,1,2,0,142
6,3,1,2,0,142
6,4,1,2,0,142
5,5,1,2,0,142
5,6,1,2,0,142
5,6,1,2,1,142
6,6,1,2,1,142
6,6,1,3,1,142
6,6,1,3,1,142
5,6,1,4,1,142
5,6,1,4,1,142
5,7,1,4,0,142
5,7,1,4,1,142
5,7,1,4,2,142
6,7,1,4,2,142
6,7,1,4,2,142
6,8,1,4,2,142
6,9,1,4,2,142
6,9,1,4,2,142
6,9,1,4,2,142
6,9,0,4,3,142
7,9,0,4,3,142
7,10,0,4,3,142
8,10,0,3,3,142
8,10,0,3,4,142
8,10,0,3,5,142
8,10,0,4,5,142
8,10,0,4,6,142
8,10,0,5,6,142
8,10,0,5,6,142
8,10,0,5,6,142
8,10,0,5,6,142
8,10,0,5,6,142
8,10,0,5,6,142
8,10,0,5,6,142
8,10,0,5,6,142
8,10,0,5,6,142
8,10,0,5,6,142
8,10,0,5,6,142
8,10,0,5,6,142
8,10,0,5,6,142
8,10,0,5,6,142
8,10,0,5,6,142
8,10,0,5,6,142
8,10,0,5,6,142
8,10,0,5,6,142
8,10,0,5,6,142
8,10,0,5,6,142
8,10,0,5,6,142
8,10,0,5,6,142
8,10,0,5,6,142
8,10,0,5,6,142
8,10,0,5,6,142
8,10,0,5,6,142
8,10,0,5,6,142
8,10,0,5,6,142
8,10,0,5,6,142
8,10,0,5,6,142
8,10,0,5,6,142
8,10,0,5,6,142
8,10,0,5,6,142
8,10,0,5,6,142
8,10,0,5,6,142
8,10,0,5,6,142
8,10,0,5,6,142
8,10,0,5,6,142
8,10,0,5,6,142
8,10,0,5,6,142
8,10,0,5,6,142
8,9,0,5,6,142
8,9,0,5,6,142
8,9,0,5,6,142
8,9,0,5,6,142
0,0,0,0,0,143
0,0,0,0,1,143
0,0,0,0,1,143
0,1,0,0,1,143
0,1,1,0,1,143
0,1,1,1,1,143
0,1,1,1,1,143
0,2,1,1,1,143
1,2,1,1,1,143
1,2,1,1,2,143
1,2,1,1,2,143
1,2,1,1,3,143
1,2,1,1,3,143
1,2,1,1,3,143
1,2,1,1,4,143
1,2,1,1,5,143
1,2,1,1,5,143
1,2,1,1,5,143
2,2,1,1,5,143
3,2,1,1,5,143
3,2,1,1,5,143
3,2,1,1,4,143
2,2,1,2,4,143
2,2,1,2,4,143
2,3,1,2,4,143
2,3,1,2,5,143
3,3,1,2,5,143
3,3,1,2,5,143
3,3,1,2,6,143
3,3,1,2,6,143
3,3,1,2,6,143
3,3,1,2,7,143
3,3,1,2,7,143
4,3,1,2,7,143
4,3,1,2,7,143
4,3,1,2,8,143
4,3,1,2,8,143
4,4,1,2,8,143
5,4,1,2,8,143
5,4,1,2,8,143
5,5,1,2,8,143
5,5,1,2,8,143
5,5,2,2,8,143
5,5,2,2,8,143
5,6,2,2,8,143
5,6,2,2,8,143
5,6,2,2,8,143
5,6,2,2,9,143
5,6,2,2,9,143
5,6,2,2,10,143
5,6,2,2,10,143
5,6,2,2,10,143
5,6,2,2,10,143
5,6,2,2,10,143
5,6,3,2,10,143
6,6,3,2,9,143
6,6,3,2,9,143
6,6,3,2,9,143
6,6,3,2,9,143
5,6,4,2,9,143
5,6,5,2,9,143
5,7,5,2,8,143
5,7,5,2,8,143
5,7,5,2,8,143
5,7,6,2,8,143
5,7,6,2,8,143
5,7,6,2,8,143
5,7,7,2,8,143
5,7,7,2,8,143
5,7,7,2,8,143
5,7,7,2,9,143
5,7,7,2,9,143
5,7,7,2,9,143
5,7,7,2,9,143
5,8,7,2,9,143
5,8,7,2,9,143
5,8,7,2,9,143
4,8,8,2,9,143
4,8,8,2,9,143
4,8,8,2,9,143
4,8,8,2,9,143
4,8,8,2,9,143
4,8,8,2,9,143
4,8,8,2,9,143
4,8,8,2,9,143
4,8,8,2,9,143
4,8,8,2,9,143
4,8,8,2,9,143
4,8,8,2,9,143
4,8,8,2,9,143
4,8,8,2,9,143
4,8,8,2,9,143
4,8,8,2,9,143
4,7,8,2,9,143
4,7,8,2,9,143
4,7,8,2,9,143
4,7,8,2,9,143
5,7,8,2,9,143
5,7,8,2,9,143
5,7,8,2,9,143
0,0,0,0,0,144
0,0,0,0,0,144
0,1,0,0,0,144
0,2,0,0,0,144
0,2,0,0,1,144
0,2,0,0,2,144
0,3,0,0,2,144
0,3,0,0,2,144
0,3,0,0,2,144
0,4,0,0,2,144
0,4,0,0,2,144
0,4,0,0,2,144
0,4,0,0,2,144
0,4,0,0,2,144
0,4,0,0,2,144
0,4,0,0,2,144
1,4,0,0,2,144
1,4,0,0,2,144
1,4,0,0,2,144
1,4,0,0,2,144
1,4,0,0,2,144
1,4,0,0,2,144
1,4,0,0,2,144
1,4,0,0,2,144
1,4,0,0,2,144
1,4,0,0,2,144
1,4,0,0,2,144
1,4,0,0,2,144
1,4,0,0,2,144
1,4,0,0,2,144
1,4,0,0,2,144
1,4,0,0,2,144
1,4,0,0,2,144
1,4,0,0,2,144
1,4,0,0,2,144
1,4,0,0,2,144
1,4,0,0,2,144
1,4,0,0,2,144
1,4,0,0,2,144
1,4,0,0,2,144
1,4,0,0,2,144
1,4,0,0,2,144
1,4,0,0,2,144
1,4,0,0,2,144
1,4,0,0,2,144
1,4,0,0,2,144
1,4,0,0,2,144
1,4,0,0,2,144
1,4,0,0,2,144
1,4,0,0,2,144
1,4,0,0,2,144
1,4,0,0,2,144
1,4,0,0,2,144
1,4,0,0,2,144
1,4,0,0,2,144
1,4,0,0,2,144
1,4,0,0,2,144
1,4,0,0,2,144
1,4,0,0,2,144
1,4,0,0,2,144
1,4,0,0,2,144
1,4,0,0,2,144
1,4,0,0,2,144
1,4,0,0,2,144
1,4,0,0,2,144
1,4,0,0,2,144
1,4,0,0,2,144
1,4,0,0,2,144
1,4,0,0,2,144
1,4,0,0,2,144
1,4,0,0,2,144
1,4,0,0,2,144
1,4,0,0,2,144
1,4,0,0,2,144
1,4,0,0,2,144
1,4,0,0,2,144
1,4,0,0,2,144
1,4,0,0,2,144
1,4,0,0,2,144
1,4,0,0,2,144
1,4,0,0,2,144
1,4,0,0,2,144
1,4,0,0,2,144
1,4,0,0,2,144
1,4,0,0,2,144
1,4,0,0,2,144
1,4,0,0,2,144
1,4,0,0,2,144
1,4,0,0,2,144
1,4,0,0,2,144
1,4,0,0,2,144
1,4,0,0,2,144
1,4,0,0,2,144
1,4,0,0,2,144
1,4,0,0,2,144
1,4,0,0,2,144
1,4,0,0,2,144
1,4,0,0,2,144
1,4,0,0,2,144
1,4,0,0,2,144
0,0,0,0,0,145
0,0,0,1,0,145
0,0,0,1,1,145
0,0,0,1,1,145
1,0,0,1,1,145
1,1,0,1,1,145
1,1,0,1,2,145
1,1,0,1,3,145
2,1,0,1,3,145
3,1,0,1,3,145
3,1,0,1,3,145
3,1,0,1,3,145
3,1,0,1,3,145
3,1,0,0,3,145
3,1,0,0,3,145
3,1,0,0,3,145
3,1,0,0,3,145
3,1,0,0,3,145
3,1,0,0,3,145
3,1,0,0,3,145
3,1,0,0,3,145
3,1,0,0,3,145
3,1,0,0,3,145
3,1,0,0,3,145
3,1,0,0,3,145
3,1,0,0,3,145
3,1,0,0,3,145
3,1,0,0,3,145
3,1,0,0,3,145
3,1,0,0,3,145
3,1,0,0,3,145
3,1,0,0,3,145
3,1,0,0,3,145
3,1,0,0,3,145
3,1,0,0,3,145
3,1,0,0,3,145
3,1,0,0,3,145
3,1,0,0,3,145
3,1,0,0,3,145
3,1,0,0,3,145
2,1,0,0,3,145
2,1,0,0,3,145
2,1,0,0,3,145
2,1,0,0,3,145
2,1,0,0,3,145
2,1,0,0,3,145
2,1,0,0,3,145
2,1,0,0,3,145
2,1,0,0,3,145
2,1,0,0,3,145
2,1,0,0,3,145
2,1,0,0,3,145
2,1,0,0,3,145
2,1,0,0,3,145
2,1,0,0,3,145
2,1,0,0,3,145
2,1,0,0,3,145
2,1,0,0,3,145
2,1,0,0,3,145
2,1,0,0,3,145
2,1,0,0,3,145
2,1,0,0,3,145
2,1,0,0,3,145
2,1,0,0,3,145
2,1,0,0,3,145
2,1,0,0,3,145
2,1,0,0,3,145
2,1,0,0,3,145
2,1,0,0,3,145
2,1,0,0,3,145
2,1,0,0,3,145
2,1,0,0,3,145
2,1,0,0,3,145
2,1,0,0,3,145
2,1,0,0,3,145
2,1,0,0,3,145
2,1,0,0,3,145
2,1,0,0,3,145
2,1,0,0,3,145
2,1,0,0,3,145
2,1,0,0,3,145
2,1,0,0,3,145
2,1,0,0,3,145
2,1,0,0,3,145
2,1,0,0,3,145
2,1,0,0,3,145
2,1,0,0,3,145
2,1,0,0,3,145
2,1,0,0,3,145
2,1,0,0,3,145
2,1,0,0,3,145
2,1,0,0,3,145
2,1,0,0,3,145
2,1,0,0,3,145
2,1,0,0,3,145
2,1,0,0,3,145
2,1,0,0,3,145
2,1,0,0,3,145
2,1,0,0,3,145
2,1,0,0,3,145
0,0,0,0,0,146
1,0,0,0,0,146
1,0,0,0,0,146
1,0,1,0,0,146
2,0,1,0,0,146
2,0,1,0,1,146
2,1,1,0,1,146
2,1,1,0,1,146
2,1,1,1,1,146
3,1,1,1,1,146
3,2,1,1,1,146
3,2,1,1,1,146
2,3,1,1,1,146
3,3,1,1,1,146
4,3,1,1,1,146
4,3,2,1,1,146
4,3,2,1,1,146
4,3,2,2,1,146
4,3,3,2,1,146
5,3,3,1,1,146
5,3,3,1,2,146
5,3,3,2,2,146
4,4,3,2,2,146
4,5,3,2,2,146
4,5,3,3,2,146
4,5,3,3,2,146
3,5,4,3,2,146
3,5,4,3,3,146
3,5,5,3,3,146
3,4,5,4,3,146
3,4,5,4,3,146
3,4,5,4,4,146
4,4,5,4,3,146
4,4,5,4,3,146
4,5,5,4,3,146
4,5,5,4,3,146
4,5,5,4,3,146
4,6,4,4,3,146
4,6,5,4,3,146
4,6,5,4,3,146
4,6,6,4,2,146
4,6,6,5,2,146
5,6,6,5,2,146
5,6,6,5,2,146
5,6,5,5,2,146
5,7,5,5,2,146
6,7,5,5,2,146
6,7,5,5,2,146
6,7,5,6,2,146
6,7,5,6,3,146
7,7,5,6,3,146
6,7,6,6,3,146
7,7,6,6,3,146
7,7,6,6,3,146
7,8,6,6,3,146
7,7,6,6,3,146
7,8,6,6,3,146
8,8,6,6,3,146
8,8,6,6,3,146
8,8,6,6,3,146
8,8,6,7,3,146
8,8,6,7,3,146
8,8,6,7,3,146
8,8,5,7,3,146
8,7,5,8,3,146
8,8,5,8,3,146
8,8,5,8,3,146
8,8,5,8,3,146
8,8,5,8,3,146
8,8,5,9,3,146
8,8,5,9,4,146
8,9,5,9,4,146
8,9,5,9,4,146
8,10,5,9,3,146
8,10,5,9,3,146
8,10,6,8,3,146
8,10,7,8,3,146
9,10,7,8,3,146
9,10,6,8,3,146
9,10,6,7,4,146
9,10,7,7,4,146
8,11,7,7,4,146
8,12,7,7,4,146
8,12,7,8,4,146
8,12,7,7,5,146
8,11,7,7,6,146
8,11,8,7,6,146
8,11,8,7,6,146
8,11,8,6,7,146
8,11,8,7,7,146
8,12,8,7,7,146
9,12,8,7,7,146
9,12,7,8,7,146
8,12,7,8,8,146
8,12,7,8,8,146
8,12,7,7,9,146
8,12,7,7,10,146
8,12,7,7,10,146
8,12,7,7,10,146
8,12,7,7,10,146
0,0,0,0,0,147
0,1,0,0,0,147
0,1,0,0,1,147
0,1,0,0,1,147
0,1,1,0,1,147
0,1,1,0,2,147
0,2,1,0,2,147
1,2,1,0,2,147
2,1,1,0,2,147
2,1,1,0,2,147
2,1,1,0,2,147
2,1,1,0,2,147
2,1,1,0,2,147
2,1,1,0,2,147
2,1,1,0,2,147
2,1,1,0,2,147
2,1,1,0,2,147
2,1,1,0,2,147
2,1,1,0,2,147
2,1,1,0,2,147
2,1,1,0,2,147
2,1,1,0,2,147
2,1,1,0,2,147
2,1,1,0,2,147
2,1,1,0,2,147
2,1,1,0,2,147
2,1,1,0,2,147
2,1,1,0,2,147
2,1,1,0,2,147
2,1,1,0,2,147
2,1,1,0,2,147
2,1,1,0,2,147
2,1,1,0,2,147
2,1,1,0,2,147
2,1,1,0,2,147
2,1,1,0,2,147
2,1,1,0,2,147
2,1,1,0,2,147
2,1,1,0,2,147
2,1,1,0,2,147
2,1,1,0,2,147
2,1,1,0,2,147
2,1,1,0,2,147
2,1,1,0,2,147
2,1,1,0,2,147
2,1,1,0,2,147
2,1,1,0,2,147
2,1,1,0,2,147
2,1,1,0,2,147
2,1,1,0,2,147
2,1,1,0,2,147
2,1,1,0,2,147
2,1,1,0,2,147
2,1,1,0,2,147
2,1,1,0,2,147
2,1,1,0,2,147
2,1,1,0,2,147
2,1,1,0,2,147
2,1,1,0,2,147
2,1,1,0,2,147
2,1,1,0,2,147
2,0,1,0,2,147
2,0,1,0,1,147
2,0,1,0,1,147
2,0,1,0,0,147
2,0,1,0,1,147
2,0,1,0,1,147
2,0,1,0,1,147
2,0,1,0,1,147
2,0,1,0,1,147
2,0,1,0,1,147
0,0,0,0,0,148
1,0,0,0,0,148
2,0,0,0,0,148
2,0,0,1,0,148
2,0,0,1,0,148
3,0,0,1,0,148
3,1,0,1,0,148
3,2,0,1,0,148
3,2,0,1,0,148
3,2,0,2,0,148
3,2,0,2,0,148
3,2,0,2,0,148
3,2,0,2,0,148
3,2,0,2,0,148
3,2,0,2,0,148
3,2,0,2,0,148
3,2,0,2,0,148
3,2,0,2,0,148
3,2,0,2,0,148
3,2,0,2,0,148
3,2,0,2,0,148
3,2,0,2,0,148
3,2,0,2,0,148
3,2,0,2,0,148
3,2,0,2,0,148
3,2,0,2,0,148
3,2,0,2,0,148
3,2,0,2,0,148
3,2,0,2,0,148
3,2,0,2,0,148
3,2,0,2,0,148
3,2,0,2,0,148
3,2,0,2,0,148
3,2,0,2,0,148
3,2,0,2,0,148
3,2,0,2,0,148
3,2,0,2,0,148
3,2,0,2,0,148
3,2,0,2,0,148
3,2,0,2,0,148
3,2,0,2,0,148
3,2,0,2,0,148
3,2,0,2,0,148
3,2,0,2,0,148
3,2,0,2,0,148
3,2,0,2,0,148
3,2,0,2,0,148
3,2,0,2,0,148
3,2,0,2,0,148
3,2,0,2,0,148
3,2,0,2,0,148
3,2,0,2,0,148
3,2,0,2,0,148
3,2,0,2,0,148
3,2,0,2,0,148
3,2,0,2,0,148
3,2,0,2,0,148
3,2,0,2,0,148
3,2,0,2,0,148
3,2,0,2,0,148
3,2,0,2,0,148
3,2,0,2,0,148
3,2,0,2,0,148
3,2,0,2,0,148
3,2,0,2,0,148
3,2,0,2,0,148
3,2,0,2,0,148
3,2,0,2,0,148
3,2,0,2,0,148
3,2,0,2,0,148
3,2,0,2,0,148
3,2,0,2,0,148
3,2,0,2,0,148
3,2,0,2,0,148
3,2,0,2,0,148
3,2,0,2,0,148
3,2,0,2,0,148
3,2,0,2,0,148
3,2,0,2,0,148
3,2,0,2,0,148
3,2,0,2,0,148
2,2,0,2,0,148
2,2,0,2,0,148
2,2,0,2,0,148
2,2,0,2,0,148
2,2,0,2,0,148
2,2,0,2,0,148
2,2,0,2,0,148
2,2,0,2,0,148
2,2,0,2,0,148
2,2,0,2,0,148
2,2,0,2,0,148
2,2,0,2,0,148
2,2,0,2,0,148
2,2,0,2,0,148
2,2,0,2,0,148
2,2,0,2,0,148
2,2,0,2,0,148
2,2,0,2,0,148
2,2,0,2,0,148
0,0,0,0,0,149
0,1,0,0,0,149
0,1,1,0,0,149
0,1,1,1,0,149
0,1,1,1,0,149
1,1,1,1,0,149
1,1,1,1,0,149
1,1,1,1,0,149
2,1,1,1,0,149
3,1,1,1,0,149
3,1,1,1,0,149
4,1,1,1,0,149
4,1,1,1,0,149
4,1,1,1,1,149
4,1,1,1,1,149
4,1,1,1,1,149
4,1,1,1,1,149
4,1,1,1,1,149
4,2,1,1,1,149
4,2,1,1,2,149
4,2,1,1,2,149
4,2,1,1,2,149
4,2,1,1,3,149
4,2,1,1,3,149
4,2,1,1,3,149
4,2,1,1,3,149
4,2,1,1,3,149
4,2,1,1,3,149
4,3,1,1,3,149
4,3,1,1,3,149
4,3,1,1,3,149
4,4,1,1,2,149
4,4,1,1,2,149
4,4,1,1,2,149
4,4,1,1,2,149
4,4,1,1,2,149
4,4,1,2,2,149
4,4,1,2,2,149
4,5,1,2,2,149
4,5,1,2,2,149
4,5,1,2,2,149
4,6,1,2,2,149
4,6,1,2,2,149
4,6,1,2,3,149
4,6,1,2,3,149
4,7,1,2,3,149
4,7,1,2,3,149
4,7,1,2,3,149
4,7,1,2,3,149
4,7,1,2,3,149
4,7,1,2,4,149
5,7,1,2,4,149
5,7,1,2,4,149
5,7,1,2,4,149
5,7,1,3,4,149
5,7,1,3,4,149
5,7,1,3,4,149
5,7,1,3,4,149
5,7,1,3,4,149
5,7,1,3,4,149
5,7,1,3,4,149
5,7,1,3,4,149
5,7,1,3,4,149
5,7,1,3,4,149
5,7,1,3,4,149
5,7,1,2,4,149
5,7,1,2,4,149
5,7,1,2,4,149
5,7,1,2,4,149
5,7,1,2,4,149
5,7,1,2,4,149
5,7,1,2,4,149
6,7,1,2,4,149
6,7,1,2,4,149
6,7,1,2,4,149
6,7,1,2,5,149
6,7,1,2,5,149
6,7,1,2,5,149
6,7,1,2,5,149
6,7,1,2,5,149
6,7,1,2,5,149
6,7,1,2,5,149
6,7,1,2,5,149
6,7,1,2,5,149
6,7,1,2,5,149
6,7,1,2,5,149
6,7,1,3,5,149
6,7,1,4,5,149
6,7,1,4,5,149
6,7,1,4,5,149
6,7,1,4,5,149
6,7,1,4,5,149
6,7,1,4,5,149
6,7,1,4,5,149
6,7,1,4,5,149
6,7,1,4,5,149
6,7,1,5,5,149
6,7,1,5,5,149
6,7,1,5,5,149
6,7,1,5,5,149
0,0,0,0,0,150
0,0,0,0,1,150
0,0,1,0,1,150
0,0,1,0,1,150
0,1,1,0,1,150
0,1,1,1,1,150
0,1,1,1,1,150
0,1,1,1,1,150
0,2,1,1,1,150
0,2,1,1,1,150
0,3,1,1,1,150
1,3,1,1,1,150
1,3,1,1,1,150
1,3,1,1,1,150
1,3,1,1,1,150
1,3,1,1,1,150
1,3,1,1,1,150
1,3,1,1,1,150
1,3,1,1,1,150
1,3,1,1,1,150
1,3,1,1,1,150
1,3,1,1,2,150
1,3,1,1,2,150
2,2,1,1,2,150
2,2,1,1,2,150
2,2,1,1,2,150
2,2,1,1,2,150
2,2,1,1,2,150
2,2,1,1,2,150
2,2,1,1,2,150
2,2,1,1,2,150
2,2,1,1,2,150
2,2,1,1,2,150
2,2,1,1,2,150
2,2,1,1,2,150
2,2,1,1,2,150
2,2,1,1,2,150
2,2,1,1,2,150
2,2,1,1,2,150
2,2,1,1,2,150
2,2,1,1,2,150
2,2,1,1,2,150
2,2,1,1,2,150
2,2,1,1,2,150
2,2,1,1,2,150
2,2,1,1,2,150
2,2,1,1,2,150
2,2,1,1,2,150
2,2,1,1,2,150
2,2,1,1,2,150
2,2,1,1,2,150
2,2,1,1,2,150
2,2,1,1,2,150
2,2,1,1,2,150
2,2,1,1,2,150
2,2,1,1,2,150
2,2,1,1,2,150
2,2,1,1,2,150
2,2,1,1,2,150
2,2,1,1,2,150
2,2,1,1,2,150
2,2,1,1,2,150
2,2,1,1,2,150
2,2,1,1,2,150
2,2,1,1,2,150
2,2,1,1,2,150
2,2,1,1,2,150
2,2,1,1,2,150
2,2,1,1,2,150
2,2,1,1,2,150
2,2,1,1,2,150
2,2,1,1,2,150
2,2,1,0,2,150
2,2,1,0,2,150
2,2,1,0,2,150
2,2,1,0,2,150
2,2,1,0,2,150
2,2,1,0,2,150
2,2,1,0,2,150
2,2,1,0,2,150
2,2,1,0,2,150
2,2,1,0,2,150
2,2,1,0,2,150
2,2,1,0,2,150
2,2,1,0,2,150
2,2,1,0,2,150
2,2,1,0,2,150
2,2,1,0,2,150
2,2,1,0,2,150
2,2,1,0,2,150
2,2,1,0,2,150
2,2,1,0,2,150
2,2,1,0,2,150
2,2,1,0,2,150
2,2,1,0,2,150
2,2,1,0,2,150
2,2,1,0,2,150
2,2,1,0,2,150
2,2,1,0,2,150
2,2,1,0,2,150
0,0,0,0,0,151
0,1,0,0,0,151
0,1,0,0,0,151
0,1,0,1,0,151
0,1,0,1,0,151
0,1,0,1,0,151
0,1,0,1,0,151
0,1,0,1,0,151
0,1,0,1,0,151
0,1,0,1,0,151
1,1,0,1,0,151
2,1,0,1,0,151
2,1,1,1,0,151
2,1,1,1,0,151
2,1,1,1,0,151
2,1,1,1,0,151
2,1,1,1,0,151
2,2,1,1,0,151
2,2,1,1,0,151
2,2,1,1,1,151
2,2,1,1,0,151
2,2,1,1,0,151
2,3,1,1,0,151
2,3,1,1,1,151
2,3,1,1,1,151
2,3,1,2,1,151
2,4,1,2,1,151
2,4,1,2,1,151
2,4,1,2,1,151
2,4,1,2,1,151
2,4,1,2,1,151
3,4,1,2,1,151
3,4,1,2,1,151
3,4,1,2,1,151
3,4,1,2,1,151
3,4,1,2,1,151
3,4,1,2,1,151
3,4,1,2,2,151
3,4,1,2,3,151
4,4,1,2,3,151
4,4,1,2,3,151
4,4,1,2,3,151
4,4,1,2,3,151
4,4,1,2,3,151
4,4,1,2,3,151
4,4,1,2,3,151
4,4,2,1,3,151
4,4,2,1,3,151
4,4,2,1,3,151
4,4,2,1,3,151
4,4,2,1,3,151
4,4,2,1,3,151
4,4,2,1,3,151
4,4,2,1,3,151
4,4,3,1,3,151
4,4,3,1,3,151
4,4,3,1,3,151
4,4,3,1,3,151
4,4,3,1,3,151
4,4,2,1,3,151
4,4,2,1,3,151
4,4,2,1,4,151
4,4,2,1,4,151
4,4,2,1,4,151
4,4,2,1,4,151
4,4,2,1,4,151
4,4,2,1,4,151
4,4,3,1,4,151
4,4,3,1,4,151
4,4,3,1,4,151
4,4,3,1,4,151
4,4,3,1,4,151
4,4,3,1,4,151
4,4,3,1,4,151
4,4,3,1,4,151
4,4,3,1,4,151
4,4,3,1,4,151
4,4,3,1,4,151
4,4,3,1,4,151
3,4,3,1,4,151
3,4,3,1,4,151
3,4,3,1,4,151
3,4,3,1,4,151
3,4,3,1,4,151
3,4,3,1,4,151
3,4,3,1,4,151
3,4,3,1,4,151
3,4,3,1,4,151
3,4,3,1,4,151
3,4,3,1,4,151
3,4,3,1,4,151
3,4,3,1,4,151
3,4,3,1,4,151
3,4,3,1,4,151
3,4,3,1,4,151
3,4,3,1,4,151
3,4,3,1,4,151
3,4,3,1,4,151
3,4,3,1,4,151
3,4,3,1,4,151
0,0,0,0,0,152
0,0,1,0,0,152
0,0,1,1,0,152
0,0,1,1,0,152
0,1,1,1,0,152
0,2,1,1,0,152
1,2,1,1,0,152
1,2,1,1,0,152
1,2,1,1,0,152
2,2,1,1,0,152
2,3,1,1,0,152
2,3,1,1,0,152
2,4,1,1,0,152
2,4,1,2,0,152
2,4,1,2,1,152
2,4,1,2,1,152
1,4,1,2,1,152
1,4,1,2,1,152
1,4,1,2,1,152
1,4,1,2,2,152
1,4,2,2,2,152
1,4,2,2,2,152
1,4,2,2,3,152
2,3,2,2,3,152
2,3,2,2,4,152
2,3,2,2,4,152
2,3,2,2,4,152
2,4,2,2,4,152
2,5,2,2,4,152
2,5,2,2,4,152
2,5,2,2,4,152
2,5,2,2,4,152
2,5,2,2,4,152
2,5,2,2,5,152
2,5,2,2,5,152
2,4,2,2,5,152
2,4,2,2,5,152
2,4,2,2,5,152
2,4,2,2,5,152
3,4,2,2,5,152
3,4,2,2,5,152
3,4,2,2,5,152
4,3,2,2,5,152
3,3,3,2,5,152
3,3,3,2,5,152
3,3,3,2,6,152
3,3,3,2,6,152
3,3,3,2,6,152
3,3,3,2,5,152
3,3,3,2,5,152
3,3,3,2,5,152
3,3,3,2,6,152
3,4,3,2,6,152
3,5,3,2,6,152
3,5,3,2,6,152
3,5,3,2,6,152
3,5,3,2,7,152
3,5,3,2,7,152
3,5,3,2,7,152
3,5,3,2,7,152
3,5,3,2,7,152
3,5,3,2,7,152
3,4,3,2,8,152
3,4,3,2,8,152
4,4,2,2,8,152
4,4,2,2,8,152
4,5,2,2,8,152
4,5,2,2,8,152
4,5,3,2,8,152
4,5,3,2,8,152
4,5,3,2,8,152
4,5,3,2,8,152
5,5,3,2,8,152
5,5,3,2,8,152
5,5,3,2,8,152
5,5,3,2,8,152
5,5,4,2,8,152
5,6,4,2,8,152
5,6,4,2,8,152
5,6,4,2,8,152
6,6,4,2,8,152
6,6,4,2,8,152
6,6,4,2,8,152
6,6,4,2,8,152
6,6,5,2,8,152
6,6,5,2,7,152
6,6,5,2,7,152
6,7,5,2,7,152
6,7,5,2,8,152
6,7,5,2,8,152
6,7,5,2,8,152
6,7,5,2,8,152
7,7,5,2,8,152
7,7,5,2,8,152
7,7,5,2,8,152
7,7,5,2,8,152
7,7,5,2,8,152
7,7,5,2,9,152
7,7,5,2,9,152
7,7,5,2,10,152
0,0,0,0,0,153
0,0,0,0,0,153
0,0,1,0,0,153
0,1,1,0,0,153
0,1,1,0,0,153
0,1,1,0,0,153
0,1,1,0,0,153
1,1,1,0,0,153
1,2,1,0,0,153
1,2,1,1,0,153
1,3,1,1,0,153
1,3,1,1,1,153
1,3,1,1,1,153
1,3,1,1,2,153
1,3,1,2,2,153
1,3,1,2,2,153
1,3,1,2,2,153
1,3,1,2,2,153
1,3,1,2,2,153
2,3,1,2,2,153
2,3,1,2,2,153
2,3,1,2,2,153
2,3,1,2,3,153
2,3,1,2,3,153
2,3,1,2,3,153
2,3,2,2,3,153
2,3,2,2,3,153
2,3,2,2,3,153
2,3,2,2,3,153
2,3,2,2,4,153
2,3,2,2,4,153
2,3,2,2,4,153
2,3,2,2,4,153
2,3,2,2,4,153
2,3,2,2,4,153
2,3,2,2,4,153
2,3,2,2,4,153
2,3,2,2,4,153
2,3,2,2,4,153
2,3,2,2,5,153
2,3,2,2,5,153
2,3,2,2,5,153
2,3,2,2,5,153
2,3,2,2,4,153
2,3,2,2,4,153
2,3,2,2,4,153
2,3,2,2,4,153
2,3,2,2,4,153
2,3,2,2,4,153
2,3,2,2,4,153
2,3,2,2,4,153
2,3,2,2,4,153
2,3,2,2,4,153
2,3,2,2,4,153
2,3,2,2,4,153
2,3,2,2,4,153
2,3,2,2,4,153
2,3,2,2,4,153
2,3,2,2,4,153
3,3,2,1,4,153
3,3,2,1,4,153
3,3,2,1,4,153
3,3,2,1,4,153
3,3,2,1,4,153
3,3,2,1,4,153
3,3,2,1,4,153
3,3,2,1,4,153
3,3,2,1,4,153
3,3,2,1,4,153
3,3,2,1,4,153
3,3,2,1,4,153
3,3,2,1,4,153
3,3,2,1,4,153
3,3,2,1,4,153
3,3,2,1,4,153
3,3,2,1,4,153
3,3,2,1,4,153
3,3,2,1,4,153
3,3,2,1,4,153
3,3,2,1,4,153
3,3,2,1,4,153
3,3,2,1,4,153
3,3,2,1,4,153
3,3,2,1,4,153
3,3,2,1,4,153
3,3,2,1,4,153
3,3,2,1,4,153
3,3,2,1,4,153
3,3,2,1,4,153
3,3,2,1,4,153
3,3,2,1,4,153
3,3,2,1,4,153
3,3,2,1,4,153
2,3,2,1,4,153
2,3,2,1,4,153
2,3,2,1,4,153
2,3,2,1,4,153
2,3,2,1,4,153
2,3,2,1,4,153
2,3,2,1,4,153
0,0,0,0,0,154
0,0,1,0,0,154
0,1,1,0,0,154
0,2,1,0,0,154
0,2,1,1,0,154
0,2,1,1,0,154
0,2,1,1,0,154
0,2,1,1,0,154
0,2,1,1,0,154
1,2,1,1,0,154
1,2,1,1,0,154
1,2,1,1,1,154
2,2,1,1,1,154
2,2,1,1,1,154
2,2,1,1,1,154
2,2,1,1,1,154
2,2,1,1,1,154
2,2,1,1,1,154
2,2,1,1,1,154
2,2,1,1,1,154
2,2,1,1,1,154
2,2,1,1,1,154
2,2,1,1,1,154
2,2,1,1,1,154
2,2,1,1,1,154
2,2,1,1,1,154
2,2,1,1,1,154
2,2,1,1,1,154
2,2,1,1,1,154
2,2,1,1,1,154
2,2,1,1,1,154
2,2,1,1,1,154
2,2,1,1,1,154
2,2,1,1,1,154
2,2,1,1,1,154
2,2,1,1,1,154
2,2,1,1,1,154
2,2,1,1,1,154
2,2,1,1,1,154
2,2,1,1,1,154
2,2,1,1,1,154
2,2,1,1,1,154
2,2,1,1,1,154
2,2,1,1,1,154
2,2,1,1,1,154
2,2,1,1,1,154
2,2,1,1,1,154
2,2,1,1,1,154
2,2,1,1,1,154
2,2,1,1,1,154
2,2,1,1,1,154
2,2,1,1,1,154
2,2,1,1,1,154
2,2,1,1,1,154
2,2,1,1,1,154
2,2,1,1,1,154
2,2,1,1,1,154
2,2,1,1,1,154
2,2,1,1,1,154
2,2,1,1,1,154
2,2,1,1,1,154
2,2,1,1,1,154
2,2,1,1,1,154
2,2,1,1,1,154
2,2,1,1,1,154
2,2,1,1,1,154
2,2,1,1,1,154
2,2,1,1,1,154
2,2,1,1,1,154
2,2,1,1,1,154
2,2,1,1,1,154
2,2,1,1,1,154
2,2,1,1,1,154
2,2,1,1,1,154
2,2,1,1,1,154
2,2,1,1,1,154
2,2,1,1,1,154
2,2,1,1,1,154
2,2,1,1,1,154
2,2,1,1,1,154
2,2,1,1,1,154
2,2,1,1,1,154
2,2,1,1,1,154
2,2,1,1,1,154
2,2,1,1,1,154
2,2,1,1,1,154
2,2,1,1,1,154
2,2,1,1,1,154
2,2,1,1,1,154
2,2,1,1,1,154
2,2,1,1,1,154
2,2,1,1,1,154
2,2,1,1,1,154
2,2,1,1,1,154
2,2,1,1,1,154
2,2,1,1,1,154
2,2,1,1,1,154
2,2,1,1,1,154
2,2,1,1,1,154
2,2,1,1,1,154
0,0,0,0,0,155
1,0,0,0,0,155
1,0,0,1,0,155
1,0,0,1,0,155
2,0,0,1,0,155
2,0,0,1,1,155
3,0,0,1,1,155
3,0,0,1,1,155
3,0,0,1,2,155
3,0,0,1,3,155
3,0,0,1,3,155
3,0,0,1,3,155
3,0,0,1,3,155
3,0,0,1,3,155
3,0,0,1,3,155
3,0,0,1,3,155
3,0,0,1,3,155
3,1,0,1,3,155
3,1,0,1,3,155
3,1,0,1,3,155
3,1,0,1,3,155
3,1,0,1,3,155
3,1,0,1,3,155
3,1,0,1,3,155
3,1,0,1,3,155
3,1,0,1,3,155
3,1,0,1,3,155
3,1,0,1,3,155
3,1,0,1,3,155
3,1,0,1,3,155
3,1,0,1,3,155
3,1,0,1,3,155
3,1,0,1,3,155
3,1,0,1,3,155
3,1,0,1,3,155
3,1,0,1,3,155
3,1,0,1,3,155
3,1,0,1,3,155
3,1,0,1,3,155
3,1,0,1,3,155
3,1,0,1,3,155
3,1,0,1,3,155
3,1,0,1,3,155
3,1,0,1,3,155
3,1,0,1,3,155
3,1,0,1,3,155
3,1,0,1,3,155
3,1,0,1,3,155
3,1,0,1,3,155
3,1,0,1,3,155
3,1,0,1,3,155
3,1,0,1,3,155
3,1,0,1,3,155
3,1,0,1,3,155
3,1,0,1,3,155
3,1,0,1,3,155
3,1,0,1,3,155
3,1,0,1,3,155
3,1,0,1,3,155
3,1,0,1,3,155
3,1,0,1,3,155
3,1,0,1,3,155
3,1,0,1,3,155
3,1,0,1,3,155
3,1,0,1,3,155
3,1,0,1,3,155
3,1,0,1,3,155
3,1,0,1,3,155
3,1,0,1,3,155
3,1,0,1,3,155
3,1,0,1,3,155
3,1,0,1,3,155
3,1,0,1,3,155
3,1,0,1,3,155
3,1,0,1,3,155
3,1,0,1,3,155
3,1,0,1,3,155
3,1,0,1,3,155
3,1,0,1,3,155
3,1,0,1,3,155
3,1,0,1,3,155
3,1,0,1,3,155
3,1,0,1,3,155
3,1,0,1,3,155
3,1,0,1,3,155
3,1,0,1,3,155
3,1,0,1,3,155
3,1,0,1,3,155
3,1,0,1,3,155
3,1,0,1,3,155
3,1,0,1,3,155
3,1,0,1,3,155
3,1,0,1,3,155
3,1,0,1,3,155
3,1,0,1,3,155
3,1,0,1,3,155
3,1,0,1,3,155
3,1,0,1,3,155
3,1,0,1,3,155
3,1,0,1,3,155
0,0,0,0,0,156
0,0,0,0,0,156
0,0,0,0,0,156
1,0,0,0,0,156
1,0,0,0,1,156
1,0,1,0,1,156
1,0,1,1,1,156
1,0,1,1,2,156
1,0,1,1,2,156
2,0,1,1,2,156
2,0,1,1,2,156
2,0,1,1,2,156
2,0,1,1,3,156
2,1,1,1,3,156
2,1,1,1,3,156
2,1,1,1,3,156
2,1,1,1,3,156
3,1,1,1,3,156
3,1,1,1,3,156
3,1,1,1,3,156
3,1,1,1,3,156
3,1,1,1,3,156
4,1,1,1,3,156
4,1,1,1,3,156
4,1,1,2,3,156
4,1,1,2,3,156
4,1,1,2,3,156
4,1,1,2,3,156
5,1,1,2,2,156
5,1,1,2,2,156
5,1,1,2,2,156
5,2,1,2,2,156
5,3,1,2,2,156
5,3,1,2,2,156
5,4,1,2,2,156
5,4,2,2,2,156
5,4,2,3,2,156
5,4,2,4,2,156
5,4,3,4,2,156
5,4,3,4,2,156
5,3,3,4,2,156
4,4,3,4,2,156
4,4,3,5,2,156
4,4,4,5,2,156
4,4,4,5,2,156
4,4,4,5,2,156
4,4,5,5,2,156
4,4,5,5,2,156
4,4,5,6,2,156
4,4,5,7,2,156
4,4,5,7,2,156
5,4,5,6,2,156
5,4,5,7,2,156
5,3,5,7,2,156
5,3,6,7,2,156
4,3,6,7,2,156
4,4,6,7,2,156
4,5,6,7,2,156
4,5,6,7,2,156
4,5,6,7,2,156
4,5,7,7,2,156
4,5,7,7,3,156
4,5,7,7,3,156
4,5,7,7,4,156
4,5,7,8,4,156
4,6,7,8,4,156
4,6,7,8,5,156
4,6,7,8,5,156
4,6,7,8,6,156
5,6,7,8,6,156
5,6,7,8,7,156
5,7,7,8,7,156
5,7,7,8,7,156
5,8,7,8,7,156
6,8,7,8,7,156
6,9,7,8,7,156
6,9,7,8,7,156
6,9,8,8,7,156
6,9,8,8,7,156
6,9,8,8,8,156
6,9,8,7,9,156
6,9,8,7,9,156
6,10,8,7,9,156
6,10,8,7,9,156
6,10,8,7,9,156
6,10,8,7,10,156
7,10,8,7,10,156
7,10,8,6,10,156
7,10,8,7,10,156
7,11,8,6,10,156
8,11,7,6,10,156
8,11,8,6,9,156
8,12,7,6,9,156
9,12,7,6,9,156
9,12,7,5,9,156
9,12,7,5,9,156
10,12,7,5,9,156
10,12,7,5,10,156
10,12,7,5,10,156
10,12,7,6,10,156
0,0,0,0,0,157
0,0,1,0,0,157
1,0,1,0,0,157
1,0,1,0,0,157
1,0,1,0,0,157
1,1,1,0,0,157
1,2,1,0,0,157
1,2,1,0,1,157
1,2,1,0,1,157
1,2,1,0,1,157
2,2,1,0,1,157
2,2,1,1,1,157
2,2,1,1,1,157
2,2,1,1,1,157
2,2,1,1,1,157
2,2,1,1,1,157
2,2,1,1,1,157
2,2,1,1,1,157
2,2,1,1,1,157
2,2,1,1,1,157
2,2,1,1,1,157
2,2,1,1,1,157
2,2,1,1,1,157
2,2,1,1,1,157
2,2,1,1,1,157
2,2,1,1,1,157
2,2,1,1,1,157
2,2,1,1,1,157
2,2,1,1,1,157
2,2,1,1,1,157
2,2,1,1,1,157
2,2,1,1,1,157
2,2,1,1,1,157
2,2,1,1,1,157
2,2,1,1,1,157
2,2,1,1,1,157
2,2,1,1,1,157
2,2,1,1,1,157
2,2,1,1,1,157
2,2,1,1,1,157
2,2,1,1,1,157
2,2,1,1,1,157
2,2,1,1,1,157
2,2,1,1,1,157
2,2,1,1,1,157
2,2,1,1,1,157
2,2,1,1,1,157
2,2,1,1,1,157
2,2,1,1,1,157
2,2,1,1,1,157
2,2,1,1,1,157
2,2,1,1,1,157
2,2,1,1,1,157
2,2,1,1,1,157
2,2,1,1,1,157
2,2,1,1,1,157
2,2,1,1,1,157
2,2,1,1,1,157
2,2,1,1,1,157
2,2,1,1,1,157
2,2,1,1,1,157
2,2,1,1,1,157
2,2,1,1,1,157
2,2,1,1,1,157
2,2,1,1,1,157
2,2,1,1,1,157
2,2,1,1,1,157
2,2,1,1,1,157
2,2,1,1,1,157
2,2,1,1,1,157
2,2,1,1,1,157
2,2,1,1,1,157
2,2,1,1,1,157
2,2,1,1,1,157
2,2,1,1,1,157
2,2,1,1,1,157
2,2,1,1,1,157
2,2,1,1,1,157
2,2,1,1,1,157
2,2,1,1,1,157
2,2,1,1,1,157
2,2,1,1,1,157
2,2,1,1,1,157
2,2,1,1,1,157
2,2,1,1,1,157
2,2,1,1,1,157
2,2,1,1,1,157
2,2,1,1,1,157
2,2,1,1,1,157
2,2,1,1,1,157
2,2,1,1,1,157
2,2,1,1,1,157
2,2,1,1,1,157
2,2,1,1,1,157
2,2,1,1,1,157
2,2,1,1,1,157
2,2,1,1,1,157
2,2,1,1,1,157
2,2,1,1,1,157
2,2,1,1,1,157
0,0,0,0,0,158
0,0,0,0,0,158
1,0,0,0,0,158
1,0,0,0,0,158
0,1,0,0,0,158
0,1,0,1,0,158
0,1,0,1,0,158
0,1,0,1,1,158
0,1,0,1,2,158
0,1,0,1,3,158
1,1,0,1,3,158
2,1,0,1,3,158
3,1,0,1,3,158
3,1,0,1,3,158
3,1,0,1,3,158
3,1,0,1,3,158
3,1,0,1,3,158
3,1,0,1,3,158
3,1,0,1,3,158
3,1,0,1,3,158
3,1,0,1,3,158
3,1,0,1,3,158
3,1,0,1,3,158
3,1,0,1,3,158
3,1,0,1,3,158
3,1,0,1,3,158
3,1,0,1,3,158
3,1,0,1,3,158
3,1,0,1,3,158
3,1,0,1,3,158
3,1,0,1,3,158
3,1,0,1,3,158
3,1,0,1,3,158
3,1,0,1,3,158
3,1,0,1,3,158
3,1,0,1,3,158
3,1,0,1,3,158
3,1,0,1,3,158
3,1,0,1,3,158
3,1,0,1,3,158
3,1,0,1,3,158
3,1,0,1,3,158
3,1,0,1,3,158
3,1,0,1,3,158
3,1,0,1,3,158
3,1,0,1,3,158
3,1,0,1,3,158
3,1,0,1,3,158
3,1,0,1,3,158
3,1,0,1,3,158
3,1,0,1,3,158
3,1,0,1,3,158
3,1,0,1,3,158
3,1,0,1,3,158
3,1,0,1,3,158
3,1,0,1,3,158
3,1,0,1,3,158
3,1,0,1,3,158
3,1,0,1,3,158
3,1,0,1,3,158
3,1,0,1,3,158
3,1,0,1,3,158
3,1,0,1,3,158
3,1,0,1,3,158
3,1,0,1,3,158
3,1,0,1,3,158
3,1,0,1,3,158
3,1,0,1,3,158
3,1,0,1,3,158
3,1,0,1,3,158
3,1,0,1,3,158
3,1,0,1,3,158
3,1,0,1,3,158
3,1,0,1,3,158
3,1,0,1,3,158
3,1,0,1,3,158
3,1,0,1,3,158
3,1,0,1,3,158
3,1,0,1,3,158
3,1,0,1,3,158
3,1,0,1,3,158
3,1,0,1,3,158
3,1,0,1,3,158
3,1,0,1,3,158
3,1,0,1,3,158
3,1,0,1,3,158
3,1,0,1,3,158
3,1,0,1,3,158
3,1,0,1,3,158
3,1,0,1,3,158
3,1,0,1,3,158
3,1,0,1,3,158
3,1,0,1,3,158
3,1,0,1,3,158
3,1,0,1,3,158
3,1,0,1,3,158
3,1,0,1,3,158
3,1,0,1,3,158
3,1,0,1,3,158
3,1,0,1,3,158
0,0,0,0,0,159
0,1,0,0,0,159
0,1,0,1,0,159
0,1,0,1,0,159
1,1,0,1,0,159
2,1,0,1,0,159
2,2,0,1,0,159
2,2,0,1,0,159
2,1,0,1,0,159
2,1,0,1,0,159
2,1,1,1,0,159
2,1,1,1,0,159
2,1,1,1,1,159
2,1,1,1,2,159
2,2,1,1,2,159
2,2,1,1,2,159
2,2,1,1,2,159
2,2,1,1,3,159
2,2,1,1,3,159
2,2,1,1,3,159
2,2,1,1,3,159
2,2,1,1,3,159
2,2,1,1,3,159
2,2,1,1,3,159
2,2,1,1,3,159
2,2,1,1,3,159
2,2,1,1,3,159
2,2,1,1,3,159
2,2,1,1,3,159
2,2,1,1,3,159
2,2,1,1,3,159
0,0,0,0,0,160
0,1,0,0,0,160
0,2,0,0,0,160
0,2,1,0,0,160
0,2,1,0,1,160
0,2,1,0,1,160
0,2,1,0,1,160
0,2,1,0,1,160
0,2,1,0,1,160
0,2,1,0,1,160
1,2,1,0,1,160
1,2,1,0,1,160
1,2,1,0,2,160
1,2,1,0,2,160
1,2,1,0,2,160
1,2,1,0,3,160
1,2,1,0,3,160
1,2,1,1,3,160
1,3,1,1,3,160
1,3,1,1,3,160
1,3,1,1,3,160
1,3,1,1,3,160
1,3,1,1,3,160
1,3,1,1,3,160
1,3,1,1,4,160
1,3,1,1,4,160
1,3,1,1,4,160
1,3,1,1,4,160
1,3,1,1,4,160
1,3,1,1,4,160
1,3,1,1,4,160
2,3,1,1,4,160
2,3,1,1,4,160
2,3,1,1,4,160
2,3,1,1,4,160
2,3,1,1,4,160
2,3,1,1,4,160
2,3,1,1,4,160
2,3,1,1,4,160
3,3,1,1,4,160
3,3,1,1,4,160
3,3,1,1,4,160
3,3,1,1,4,160
3,3,1,1,4,160
3,3,1,1,4,160
3,3,1,1,4,160
4,3,1,1,4,160
4,3,1,1,4,160
4,3,1,1,4,160
4,3,1,1,4,160
4,3,1,1,4,160
4,3,1,1,4,160
4,3,1,1,4,160
4,3,1,1,4,160
4,3,1,1,4,160
4,3,1,1,4,160
4,3,1,1,5,160
4,3,1,1,5,160
4,3,1,1,5,160
3,3,1,1,5,160
3,3,1,1,5,160
3,3,1,1,5,160
3,3,1,1,5,160
3,3,1,1,5,160
3,3,1,1,5,160
4,3,1,1,5,160
4,3,1,1,5,160
4,3,1,1,5,160
4,3,1,1,5,160
4,3,1,1,5,160
4,3,1,1,5,160
4,3,1,1,6,160
4,3,1,1,6,160
4,3,1,1,6,160
4,3,1,1,6,160
4,3,1,1,6,160
4,3,1,1,6,160
4,3,1,1,6,160
4,3,1,1,6,160
4,4,0,1,6,160
4,4,0,1,6,160
4,4,0,1,6,160
4,4,0,1,6,160
4,4,0,1,6,160
4,4,0,1,6,160
4,4,0,1,6,160
4,4,0,1,6,160
4,4,0,1,6,160
4,4,0,1,6,160
4,4,0,1,6,160
4,4,0,1,6,160
4,4,0,1,6,160
4,4,0,1,6,160
4,4,0,1,6,160
4,4,0,1,6,160
4,4,0,1,6,160
4,4,0,1,6,160
4,4,0,1,6,160
4,4,0,1,6,160
4,4,0,1,6,160
0,0,0,0,0,161
1,0,0,0,0,161
1,0,0,0,0,161
1,0,0,0,0,161
1,1,0,0,0,161
1,1,1,0,0,161
1,2,1,0,0,161
1,2,1,1,0,161
1,2,1,1,1,161
2,2,1,1,1,161
2,2,1,1,2,161
2,2,1,1,2,161
2,3,1,1,2,161
2,3,1,1,2,161
2,3,1,1,2,161
2,3,1,1,2,161
2,3,1,1,2,161
2,3,1,1,2,161
2,3,1,1,2,161
2,3,1,1,2,161
2,3,1,1,2,161
2,3,1,1,2,161
2,3,1,1,2,161
2,3,1,1,2,161
2,3,1,1,2,161
2,3,1,1,2,161
2,3,1,1,2,161
2,3,1,1,2,161
2,3,1,1,2,161
2,3,1,1,2,161
2,3,1,1,2,161
2,3,1,1,2,161
2,3,1,1,2,161
2,3,1,1,2,161
2,3,1,1,2,161
2,3,1,1,2,161
2,3,1,1,2,161
2,3,1,1,2,161
2,3,1,1,2,161
2,3,1,1,2,161
2,3,1,1,2,161
2,3,1,1,2,161
2,3,1,1,2,161
2,3,1,1,2,161
2,3,1,1,2,161
2,3,1,1,2,161
2,3,1,1,2,161
2,3,1,1,2,161
2,3,1,1,2,161
2,3,1,1,2,161
2,3,1,1,2,161
2,3,1,1,2,161
2,3,1,1,2,161
2,3,1,1,2,161
2,3,1,1,2,161
2,3,1,1,2,161
2,3,1,1,2,161
2,3,1,1,2,161
2,3,1,1,2,161
2,3,1,1,2,161
2,3,1,1,2,161
2,3,1,1,2,161
2,3,1,1,2,161
2,3,1,1,2,161
2,3,1,1,2,161
2,3,1,1,2,161
2,3,1,1,2,161
2,3,1,1,2,161
2,3,1,1,2,161
2,3,1,1,2,161
2,3,1,1,2,161
2,3,1,1,2,161
2,3,1,1,2,161
2,3,1,1,2,161
2,3,1,1,2,161
2,3,1,1,2,161
2,3,1,1,2,161
2,3,1,1,2,161
2,3,1,1,2,161
2,3,1,1,2,161
2,3,1,1,2,161
2,3,1,1,2,161
2,3,1,1,2,161
2,3,1,1,2,161
2,3,1,1,2,161
2,3,1,1,2,161
2,3,1,1,2,161
2,3,1,1,2,161
2,3,1,1,2,161
2,3,1,1,2,161
2,3,1,1,2,161
2,3,1,1,2,161
2,3,1,1,2,161
2,3,1,1,2,161
2,3,1,1,2,161
2,3,1,1,2,161
2,3,1,1,2,161
2,3,1,1,2,161
2,3,1,1,2,161
2,3,1,1,2,161
0,0,0,0,0,162
0,0,0,0,1,162
0,0,0,1,1,162
0,0,0,1,1,162
0,0,0,1,1,162
0,0,0,1,1,162
0,0,0,1,2,162
0,1,0,1,2,162
0,1,0,1,2,162
0,1,0,1,2,162
0,1,0,1,3,162
0,1,0,1,4,162
0,1,0,1,4,162
1,1,0,1,3,162
1,1,0,1,3,162
1,2,0,1,3,162
1,2,0,1,3,162
1,2,0,1,3,162
1,2,0,1,3,162
1,2,0,1,3,162
1,2,0,1,3,162
1,2,0,1,3,162
1,2,0,1,3,162
1,2,0,1,3,162
1,2,0,1,3,162
1,2,0,1,3,162
1,2,0,1,3,162
1,2,0,1,3,162
1,2,0,1,3,162
1,2,0,1,3,162
1,2,0,1,3,162
1,2,0,1,3,162
1,2,0,1,3,162
1,2,0,1,3,162
1,2,0,1,3,162
1,2,0,1,3,162
1,2,0,1,3,162
1,2,0,1,3,162
1,2,0,1,3,162
1,2,0,1,3,162
1,2,0,1,3,162
1,2,0,1,3,162
1,2,0,1,3,162
1,2,0,1,3,162
1,2,0,1,3,162
1,2,0,1,3,162
1,2,0,1,3,162
1,2,0,1,3,162
1,2,0,1,3,162
1,2,0,1,3,162
1,2,0,1,3,162
1,2,0,1,3,162
1,2,0,1,3,162
1,2,0,1,3,162
1,2,0,1,3,162
1,2,0,1,3,162
1,2,0,1,3,162
1,2,0,1,3,162
1,2,0,1,3,162
1,2,0,1,3,162
1,2,0,1,3,162
1,2,0,1,3,162
1,2,0,1,3,162
1,2,0,1,3,162
1,2,0,1,3,162
1,2,0,1,3,162
1,2,0,1,3,162
1,2,0,1,3,162
1,2,0,1,3,162
1,2,0,1,3,162
1,2,0,1,3,162
1,2,0,1,3,162
1,2,0,1,3,162
1,2,0,1,3,162
1,2,0,1,3,162
1,2,0,1,3,162
1,2,0,1,3,162
1,2,0,1,3,162
1,2,0,1,3,162
1,2,0,1,3,162
1,2,0,1,3,162
1,2,0,1,3,162
1,2,0,1,3,162
1,2,0,1,3,162
1,2,0,1,3,162
1,2,0,1,3,162
1,2,0,1,3,162
1,2,0,1,3,162
1,2,0,1,3,162
1,2,0,1,3,162
1,2,0,1,3,162
1,2,0,1,3,162
1,2,0,1,3,162
1,2,0,1,3,162
1,2,0,1,3,162
1,2,0,1,3,162
1,2,0,1,3,162
1,2,0,1,3,162
1,2,0,1,3,162
1,2,0,1,3,162
0,0,0,0,0,163
0,0,0,0,0,163
0,1,0,0,0,163
0,2,0,0,0,163
0,2,1,0,0,163
1,2,1,0,0,163
2,2,1,0,0,163
2,2,1,0,0,163
2,2,1,0,0,163
2,2,1,0,0,163
2,2,1,0,0,163
2,2,1,0,0,163
2,2,1,0,0,163
2,2,1,1,0,163
2,2,1,1,0,163
2,2,1,1,0,163
2,2,1,1,0,163
2,2,1,1,0,163
2,2,1,1,0,163
2,2,1,1,0,163
2,2,1,1,0,163
2,2,1,1,0,163
2,2,1,1,1,163
2,2,1,1,1,163
2,2,1,1,1,163
2,2,1,1,1,163
2,2,1,1,1,163
2,2,1,1,1,163
2,1,1,1,1,163
2,1,1,1,1,163
2,1,1,1,1,163
2,1,1,1,1,163
2,1,1,1,1,163
2,1,1,1,1,163
2,1,1,1,1,163
2,1,1,1,1,163
2,1,1,1,1,163
2,1,1,1,1,163
2,1,1,1,1,163
2,1,1,1,1,163
2,1,1,1,1,163
2,1,1,1,1,163
2,1,1,1,1,163
2,1,1,1,1,163
2,1,1,1,1,163
2,1,1,1,1,163
2,1,1,1,1,163
2,1,1,1,1,163
2,1,1,1,1,163
2,1,1,1,1,163
2,1,1,1,1,163
2,1,1,1,1,163
2,1,1,1,1,163
2,1,1,1,1,163
2,1,1,1,1,163
2,0,1,1,1,163
2,0,1,1,1,163
2,0,1,1,1,163
2,0,1,1,1,163
2,0,1,1,1,163
2,0,1,1,1,163
2,0,1,1,1,163
2,0,1,1,1,163
2,0,1,1,1,163
2,0,1,1,1,163
2,0,1,1,1,163
2,0,1,1,1,163
0,0,0,0,0,164
1,0,0,0,0,164
1,0,0,0,1,164
1,0,0,0,1,164
1,1,0,0,1,164
1,1,0,0,2,164
1,1,0,1,2,164
1,1,0,1,2,164
1,1,0,1,2,164
1,1,0,1,2,164
1,1,1,1,2,164
1,1,1,1,2,164
1,2,1,1,2,164
1,2,1,1,2,164
1,2,2,1,2,164
1,3,2,1,2,164
1,3,2,1,2,164
1,3,2,1,2,164
1,3,2,1,2,164
1,3,2,1,2,164
1,3,2,1,2,164
1,3,2,1,2,164
1,3,2,1,2,164
1,3,2,1,2,164
1,2,2,1,2,164
1,2,2,1,2,164
1,2,2,1,2,164
1,2,2,1,2,164
1,2,2,1,2,164
1,2,2,1,2,164
1,2,2,1,2,164
1,2,2,1,2,164
1,2,2,1,2,164
1,2,2,1,2,164
1,2,2,1,2,164
1,2,2,1,2,164
1,2,2,1,2,164
1,2,2,1,2,164
1,2,2,1,2,164
1,2,2,1,2,164
1,2,2,1,2,164
1,2,2,1,2,164
1,2,2,1,2,164
1,2,2,1,2,164
1,2,2,1,2,164
1,2,2,1,2,164
1,2,2,1,2,164
1,2,2,1,2,164
1,2,2,1,2,164
1,2,2,1,2,164
1,2,2,1,2,164
1,2,2,1,2,164
1,2,2,1,2,164
1,2,2,0,2,164
1,2,2,0,2,164
1,2,2,0,2,164
1,2,2,0,2,164
1,2,2,0,2,164
1,2,2,0,2,164
1,2,2,0,2,164
1,2,2,0,2,164
1,2,2,0,2,164
1,2,2,0,2,164
1,2,2,0,2,164
1,2,2,0,2,164
1,2,2,0,2,164
1,2,2,0,2,164
1,2,2,0,2,164
1,2,2,0,2,164
1,2,2,0,2,164
1,2,2,0,2,164
1,2,2,0,2,164
1,2,2,0,2,164
1,2,2,0,2,164
1,2,2,0,2,164
1,2,2,0,2,164
1,2,2,0,2,164
1,2,2,0,2,164
1,2,2,0,2,164
1,2,2,0,2,164
1,2,2,0,2,164
1,2,2,0,2,164
1,2,2,0,2,164
1,2,2,0,2,164
1,2,2,0,2,164
1,2,2,0,2,164
1,2,2,0,2,164
1,2,2,0,2,164
1,2,2,0,2,164
1,2,2,0,2,164
1,2,2,0,2,164
1,2,2,0,2,164
1,2,2,0,2,164
1,2,2,0,2,164
1,2,2,0,2,164
1,2,2,0,2,164
1,2,2,0,2,164
1,2,2,0,2,164
1,2,2,0,2,164
1,2,2,0,2,164
0,0,0,0,0,165
0,1,0,0,0,165
0,1,0,0,0,165
0,1,0,1,0,165
0,1,1,1,0,165
0,1,1,1,0,165
0,1,1,1,1,165
0,1,1,1,1,165
0,1,1,1,1,165
0,2,1,1,1,165
0,2,1,1,1,165
0,3,1,1,1,165
0,3,1,1,1,165
0,3,1,1,1,165
0,3,1,1,1,165
1,3,1,1,1,165
1,3,1,1,1,165
2,3,1,1,1,165
3,3,1,1,1,165
3,3,1,1,1,165
3,3,1,1,1,165
3,3,1,1,1,165
3,3,1,1,1,165
3,3,1,1,2,165
3,3,1,1,2,165
3,3,1,1,2,165
3,3,1,1,3,165
3,3,1,1,3,165
3,3,1,1,3,165
3,3,1,1,3,165
3,3,1,1,3,165
4,3,1,1,3,165
4,3,1,1,3,165
4,3,1,1,4,165
4,3,1,1,4,165
4,3,1,1,4,165
4,3,1,1,4,165
4,3,1,1,4,165
4,3,1,1,4,165
4,3,1,1,4,165
4,3,1,1,5,165
4,3,1,1,5,165
4,3,1,1,5,165
4,3,1,1,5,165
4,3,1,1,5,165
4,3,1,1,5,165
4,3,1,1,5,165
4,3,1,1,5,165
4,3,1,1,5,165
4,3,1,1,5,165
4,3,1,1,5,165
4,3,1,1,5,165
4,3,1,1,5,165
4,3,1,1,5,165
4,3,1,1,5,165
4,3,1,1,5,165
4,3,1,1,5,165
4,3,1,1,5,165
4,3,1,1,5,165
4,3,1,1,5,165
4,3,1,1,5,165
4,3,1,1,5,165
4,3,1,1,5,165
4,3,1,1,5,165
4,3,1,1,5,165
4,3,1,1,4,165
4,3,1,1,4,165
4,3,1,1,4,165
4,3,1,1,5,165
4,3,1,1,5,165
4,3,1,1,4,165
4,3,1,1,4,165
4,3,1,1,4,165
4,3,1,1,4,165
4,3,1,1,4,165
4,3,1,1,4,165
4,3,1,1,4,165
4,3,1,1,4,165
4,3,1,1,4,165
4,3,1,1,4,165
4,3,1,1,4,165
4,3,1,1,5,165
4,3,1,1,5,165
4,3,1,1,5,165
4,3,1,1,5,165
4,3,1,1,5,165
4,3,1,1,5,165
4,3,1,1,6,165
4,3,1,1,6,165
4,3,1,1,6,165
4,3,1,1,6,165
4,3,1,1,6,165
4,3,1,1,6,165
4,3,1,1,6,165
4,3,1,1,6,165
4,3,1,1,6,165
4,3,1,1,6,165
4,3,1,1,6,165
4,3,1,1,6,165
4,3,1,1,6,165
0,0,0,0,0,166
0,0,0,1,0,166
0,1,0,1,0,166
0,1,0,1,0,166
0,1,0,1,0,166
0,2,0,1,0,166
1,2,0,1,0,166
1,3,0,1,0,166
2,3,0,1,0,166
2,3,0,1,0,166
2,3,0,1,0,166
2,3,0,1,0,166
2,3,0,1,0,166
2,3,0,1,0,166
2,3,0,1,0,166
2,3,0,1,0,166
2,3,0,1,1,166
2,3,0,2,1,166
2,3,0,2,1,166
2,3,0,2,1,166
2,3,0,2,1,166
2,3,0,2,1,166
2,3,0,2,1,166
2,3,0,2,1,166
2,3,0,2,1,166
2,3,0,2,1,166
2,3,0,2,1,166
2,3,0,2,1,166
2,3,0,2,1,166
2,3,0,2,1,166
2,3,0,2,1,166
2,3,0,2,1,166
2,3,0,2,1,166
2,3,0,2,1,166
2,3,0,2,1,166
2,3,0,2,1,166
2,3,0,2,1,166
2,3,0,2,1,166
2,3,0,2,1,166
2,3,0,2,1,166
2,3,0,2,1,166
2,3,0,2,1,166
2,3,0,2,1,166
2,3,0,2,1,166
2,3,0,2,1,166
2,3,0,2,1,166
2,3,0,2,1,166
2,3,0,2,1,166
2,3,0,2,1,166
2,3,0,2,1,166
2,3,0,2,1,166
2,3,0,2,1,166
2,3,0,2,1,166
2,3,0,2,1,166
2,3,0,2,1,166
2,3,0,2,1,166
2,3,0,2,1,166
2,3,0,2,1,166
2,3,0,2,1,166
2,3,0,2,1,166
2,3,0,2,1,166
2,3,0,2,1,166
2,3,0,2,1,166
2,3,0,2,1,166
2,3,0,2,1,166
2,3,0,2,1,166
2,3,0,2,1,166
2,3,0,2,1,166
2,3,0,2,1,166
2,3,0,2,1,166
2,3,0,2,1,166
2,3,0,2,1,166
2,3,0,2,1,166
2,3,0,2,1,166
2,3,0,2,1,166
2,3,0,2,1,166
2,3,0,2,1,166
2,3,0,2,1,166
2,3,0,2,1,166
2,3,0,2,1,166
2,3,0,2,1,166
2,3,0,2,1,166
2,3,0,2,1,166
2,3,0,2,1,166
2,3,0,2,1,166
2,3,0,2,1,166
2,2,0,2,1,166
2,2,0,2,1,166
2,2,0,2,1,166
2,2,0,2,1,166
2,2,0,2,1,166
2,2,0,2,1,166
2,2,0,2,1,166
2,2,0,2,1,166
2,2,0,2,1,166
2,2,0,2,1,166
2,2,0,2,1,166
2,2,0,2,1,166
2,2,0,2,1,166
2,2,0,2,1,166
0,0,0,0,0,167
0,1,0,0,0,167
1,1,0,0,0,167
1,1,1,0,0,167
1,1,1,0,0,167
2,1,1,0,0,167
2,1,1,0,0,167
3,1,1,0,0,167
3,1,1,0,1,167
3,1,1,0,1,167
3,1,2,0,1,167
3,1,2,0,1,167
3,1,2,1,1,167
3,1,2,1,1,167
3,2,2,0,1,167
3,2,2,0,1,167
3,2,2,0,1,167
3,2,3,0,0,167
2,2,3,0,1,167
2,2,3,0,1,167
2,2,3,0,1,167
2,2,3,0,1,167
2,2,3,0,1,167
2,2,3,0,1,167
2,2,3,0,1,167
2,2,3,0,1,167
2,2,3,0,1,167
2,2,3,0,1,167
2,2,3,0,1,167
2,2,3,0,1,167
2,2,3,0,1,167
2,2,3,0,1,167
2,2,3,0,1,167
2,2,3,0,1,167
2,2,3,0,1,167
2,2,3,0,1,167
2,2,3,0,1,167
2,2,3,0,1,167
2,2,3,0,1,167
2,2,3,0,1,167
2,2,3,0,1,167
2,2,3,0,1,167
2,2,3,0,1,167
2,2,3,0,1,167
2,2,3,0,1,167
2,2,3,0,1,167
2,2,3,0,1,167
2,2,3,0,1,167
2,2,3,0,1,167
2,2,3,0,1,167
2,2,3,0,1,167
2,2,3,0,1,167
2,2,3,0,1,167
2,2,3,0,1,167
2,2,3,0,1,167
2,2,3,0,1,167
2,2,3,0,1,167
2,2,3,0,1,167
2,2,3,0,1,167
2,2,3,0,1,167
2,2,3,0,1,167
2,2,3,0,1,167
2,2,3,0,1,167
2,2,3,0,1,167
2,2,3,0,1,167
2,2,3,0,1,167
2,2,3,0,1,167
2,2,3,0,1,167
2,2,3,0,1,167
2,2,3,0,1,167
2,2,3,0,1,167
2,2,2,0,1,167
2,2,2,0,1,167
2,2,2,0,1,167
2,2,2,0,1,167
2,2,2,0,1,167
2,2,2,0,1,167
2,1,2,0,1,167
2,1,2,0,1,167
2,1,2,0,1,167
2,1,2,0,1,167
2,1,2,0,1,167
2,1,2,0,1,167
2,1,2,0,1,167
2,1,2,0,1,167
2,1,2,0,1,167
2,1,2,0,1,167
2,1,2,0,1,167
2,1,2,0,1,167
2,1,2,0,1,167
2,1,2,0,1,167
2,1,2,0,1,167
2,1,2,0,1,167
2,1,2,0,1,167
2,1,2,0,1,167
2,1,2,0,1,167
2,1,2,0,1,167
2,1,2,0,1,167
2,1,2,0,1,167
2,1,2,0,1,167
0,0,0,0,0,168
0,0,1,0,0,168
0,0,1,1,0,168
1,0,1,1,0,168
1,0,1,1,0,168
2,0,1,1,0,168
2,0,1,1,0,168
2,0,1,1,0,168
2,1,1,1,0,168
2,1,1,1,0,168
2,1,1,1,1,168
2,1,1,1,1,168
2,1,1,1,1,168
2,1,1,1,1,168
2,1,1,1,1,168
2,1,1,1,1,168
1,1,1,1,1,168
1,1,1,1,1,168
1,1,1,1,1,168
1,1,1,1,1,168
1,1,1,1,1,168
1,1,1,1,1,168
1,1,1,1,1,168
1,1,1,1,1,168
1,1,1,1,2,168
1,1,1,1,2,168
1,1,1,1,2,168
1,1,1,1,2,168
1,1,1,1,2,168
1,1,1,1,2,168
1,1,1,1,2,168
1,1,1,1,2,168
1,1,1,1,2,168
1,1,1,1,2,168
1,1,1,1,2,168
1,1,1,1,2,168
1,1,1,1,2,168
1,1,1,1,2,168
1,1,1,1,2,168
1,1,1,1,2,168
1,1,1,1,2,168
1,1,1,1,2,168
1,1,1,1,2,168
1,1,1,1,2,168
1,1,1,1,2,168
1,1,1,1,2,168
1,1,1,1,2,168
1,1,1,1,2,168
1,1,1,1,2,168
1,1,1,1,2,168
1,1,1,1,2,168
1,1,1,1,2,168
1,1,1,1,2,168
1,1,1,1,2,168
1,1,1,1,2,168
1,1,1,1,2,168
1,1,1,1,2,168
1,1,1,1,2,168
1,1,1,1,2,168
1,1,1,1,2,168
1,1,1,1,2,168
1,1,1,1,2,168
1,1,1,1,2,168
1,1,1,1,2,168
1,1,1,1,2,168
1,1,1,1,2,168
1,1,1,1,2,168
1,1,1,1,2,168
1,1,1,1,2,168
1,1,1,1,2,168
1,1,1,1,2,168
1,1,1,1,2,168
1,1,1,1,2,168
1,1,1,1,2,168
1,1,1,1,2,168
1,1,1,1,2,168
1,1,1,1,2,168
1,1,1,1,2,168
1,1,1,1,2,168
1,1,1,1,2,168
1,1,1,1,2,168
1,1,1,1,2,168
1,1,1,1,2,168
1,1,1,1,2,168
1,1,1,1,2,168
1,1,1,1,2,168
1,1,1,1,2,168
1,1,1,1,2,168
1,1,1,1,2,168
1,1,1,1,2,168
1,1,1,1,2,168
0,0,0,0,0,169
0,0,0,0,0,169
0,1,0,0,0,169
0,1,0,1,0,169
0,1,0,1,0,169
0,1,1,1,0,169
0,1,1,1,0,169
0,2,1,1,0,169
1,2,1,1,0,169
1,2,1,1,0,169
1,2,1,1,1,169
1,2,1,1,1,169
2,2,1,1,1,169
2,3,1,1,1,169
2,3,1,1,1,169
2,3,1,1,1,169
2,3,1,1,1,169
2,3,1,1,1,169
2,3,1,1,1,169
2,3,1,1,1,169
2,3,1,1,2,169
2,3,1,1,2,169
2,3,1,1,2,169
2,3,1,1,2,169
2,3,1,1,2,169
2,3,1,1,2,169
2,3,1,1,2,169
2,3,1,1,2,169
2,3,1,1,2,169
2,3,1,1,2,169
2,3,1,1,2,169
2,3,1,1,2,169
2,3,1,1,2,169
2,3,1,1,2,169
2,3,1,1,2,169
2,3,1,1,2,169
2,3,1,1,2,169
2,3,1,1,2,169
2,3,1,1,2,169
2,3,1,0,2,169
2,3,1,0,2,169
2,3,1,0,2,169
2,3,1,0,2,169
2,3,1,0,2,169
2,3,1,0,2,169
2,3,1,0,2,169
2,3,1,0,2,169
2,3,1,0,2,169
2,3,1,0,2,169
2,3,1,0,2,169
2,3,1,0,2,169
2,3,1,0,2,169
2,3,1,0,2,169
2,3,1,0,2,169
2,3,1,0,2,169
2,3,1,0,2,169
2,3,1,0,2,169
2,3,1,0,2,169
2,3,1,0,2,169
2,3,1,0,2,169
2,3,1,0,2,169
2,3,1,0,2,169
2,3,1,0,2,169
2,3,1,0,2,169
2,3,1,0,2,169
2,3,1,0,2,169
2,3,1,0,2,169
2,3,1,0,2,169
2,3,1,0,2,169
2,3,1,0,2,169
2,3,1,0,2,169
2,3,1,0,2,169
2,3,1,0,2,169
2,3,1,0,2,169
2,3,1,0,2,169
2,3,1,0,2,169
2,3,1,0,2,169
2,3,1,0,2,169
2,3,1,0,2,169
2,3,1,0,2,169
2,2,1,0,2,169
2,2,1,0,2,169
2,2,1,0,2,169
2,2,1,0,2,169
2,2,1,0,2,169
2,2,1,0,2,169
2,2,1,0,2,169
2,2,1,0,2,169
2,2,1,0,2,169
2,2,1,0,2,169
2,2,1,0,2,169
2,2,1,0,2,169
2,2,1,0,2,169
2,2,1,0,2,169
2,2,1,0,2,169
2,2,1,0,2,169
2,2,1,0,2,169
2,2,1,0,2,169
2,2,1,0,2,169
2,2,1,0,2,169
0,0,0,0,0,170
0,0,0,0,1,170
0,0,0,0,2,170
0,0,0,0,3,170
0,0,0,1,3,170
0,0,0,1,3,170
0,0,0,1,4,170
0,0,0,1,4,170
0,1,0,1,4,170
0,1,0,1,4,170
0,1,0,1,4,170
1,1,0,1,4,170
1,1,0,1,4,170
1,1,0,1,4,170
1,2,0,1,4,170
1,2,0,1,4,170
1,2,0,1,4,170
1,2,0,1,4,170
1,2,0,1,4,170
1,2,0,1,4,170
1,2,0,1,4,170
1,2,0,1,4,170
1,2,0,1,4,170
2,2,0,1,4,170
2,2,0,1,4,170
2,2,0,1,4,170
2,2,0,1,4,170
2,2,0,1,4,170
2,2,0,1,4,170
2,2,0,1,4,170
2,2,0,1,4,170
2,2,0,1,4,170
2,2,0,1,4,170
2,2,0,1,4,170
2,2,0,1,4,170
2,2,0,1,4,170
2,2,0,1,4,170
2,2,0,1,4,170
2,2,0,1,4,170
2,2,0,1,4,170
2,2,0,1,4,170
2,2,0,1,4,170
2,2,0,1,4,170
2,2,0,1,4,170
2,2,0,1,4,170
2,2,0,1,4,170
2,2,0,1,4,170
2,2,0,1,4,170
2,2,0,1,4,170
2,2,0,1,4,170
2,2,0,1,4,170
2,2,0,1,4,170
2,2,0,1,4,170
2,2,0,1,4,170
2,2,0,1,4,170
2,2,0,1,4,170
2,2,0,1,4,170
2,2,0,1,4,170
2,2,0,1,4,170
2,2,0,1,4,170
2,2,0,1,4,170
2,2,0,1,4,170
2,2,0,1,4,170
2,2,0,1,3,170
2,2,0,1,3,170
2,2,0,1,3,170
2,2,0,1,3,170
2,2,0,1,3,170
2,2,0,1,3,170
2,2,0,1,3,170
2,2,0,1,3,170
2,2,0,1,3,170
2,2,0,1,3,170
2,2,0,1,3,170
2,2,0,1,3,170
2,2,0,1,3,170
2,2,0,1,3,170
2,2,0,1,3,170
2,2,0,1,3,170
2,2,0,1,3,170
2,2,0,1,3,170
2,1,0,1,3,170
2,1,0,1,3,170
2,1,0,1,3,170
2,1,0,1,3,170
2,1,0,1,3,170
2,1,0,1,3,170
2,1,0,1,3,170
2,1,0,1,3,170
2,1,0,1,3,170
0,0,0,0,0,171
0,0,0,0,0,171
0,0,0,0,0,171
0,0,0,1,0,171
0,0,1,1,0,171
0,0,1,1,0,171
0,0,1,1,1,171
1,0,1,1,1,171
1,0,1,1,1,171
1,1,1,1,1,171
1,1,1,1,1,171
2,1,1,1,1,171
2,1,1,1,1,171
2,1,1,1,1,171
2,1,1,1,1,171
2,1,1,1,2,171
2,1,1,1,2,171
2,1,1,1,2,171
2,1,1,1,2,171
2,1,1,1,3,171
2,1,1,1,3,171
3,1,1,1,3,171
3,1,1,1,3,171
3,2,1,1,3,171
3,2,1,1,3,171
3,2,1,1,3,171
3,2,1,1,3,171
4,2,1,1,3,171
4,2,1,1,3,171
4,2,1,1,3,171
5,2,1,1,3,171
5,2,2,1,3,171
5,2,2,1,3,171
5,2,2,1,3,171
5,2,2,1,3,171
5,2,2,1,3,171
5,2,2,1,4,171
5,2,3,1,4,171
5,2,3,1,4,171
5,2,3,1,4,171
5,2,3,2,4,171
5,3,3,2,4,171
5,3,3,2,4,171
5,3,3,2,4,171
6,3,3,2,3,171
6,3,3,2,4,171
6,3,3,2,4,171
6,3,3,2,4,171
6,3,3,2,4,171
6,3,3,2,4,171
6,3,3,3,4,171
6,3,3,3,4,171
6,3,3,3,5,171
6,3,3,3,5,171
6,4,3,3,5,171
6,4,3,3,5,171
6,4,3,3,5,171
6,4,3,3,5,171
6,4,2,3,6,171
6,4,2,3,7,171
6,4,3,3,7,171
6,5,2,3,7,171
6,5,2,3,7,171
6,5,2,3,8,171
6,5,3,3,8,171
6,5,4,3,8,171
6,5,4,3,8,171
6,5,4,3,8,171
6,5,4,3,9,171
6,5,4,3,9,171
6,5,4,3,9,171
6,5,5,3,9,171
6,5,5,3,9,171
6,5,5,3,9,171
6,5,6,3,9,171
6,5,6,3,9,171
6,5,6,3,9,171
6,5,6,3,9,171
6,5,6,3,9,171
6,5,6,3,9,171
6,5,6,3,9,171
6,5,6,3,9,171
6,5,7,3,9,171
6,5,7,3,9,171
6,5,7,3,9,171
6,6,7,3,9,171
6,6,7,3,9,171
6,6,7,3,8,171
6,6,7,3,8,171
6,6,7,3,8,171
6,6,7,3,8,171
6,6,7,4,8,171
6,6,7,4,8,171
6,6,7,4,8,171
6,6,7,4,8,171
5,7,7,4,8,171
5,7,7,4,8,171
5,7,7,4,8,171
5,7,7,4,8,171
5,7,7,4,9,171
0,0,0,0,0,172
1,0,0,0,0,172
1,0,0,0,1,172
1,0,0,0,2,172
1,1,0,0,2,172
1,2,0,0,2,172
1,2,0,0,3,172
1,2,0,0,3,172
1,2,0,0,4,172
2,2,0,0,4,172
2,2,0,0,4,172
2,2,0,0,4,172
2,2,0,0,4,172
2,2,0,0,4,172
2,2,0,0,4,172
2,2,0,0,4,172
2,2,0,0,4,172
2,2,0,0,4,172
2,2,0,0,4,172
2,2,0,0,4,172
2,2,0,0,4,172
2,2,0,0,4,172
2,2,0,0,4,172
2,2,0,0,4,172
2,2,0,0,4,172
2,2,0,0,4,172
2,2,0,0,4,172
1,2,0,0,4,172
1,2,0,0,4,172
1,2,0,0,4,172
1,2,0,0,4,172
1,2,0,0,4,172
1,2,0,0,4,172
1,2,0,0,4,172
1,2,0,0,4,172
1,2,0,0,4,172
1,2,0,0,4,172
1,2,0,0,4,172
1,2,0,0,4,172
1,2,0,0,4,172
1,2,0,0,4,172
1,2,0,0,4,172
1,2,0,0,4,172
1,2,0,0,4,172
1,2,0,0,4,172
1,2,0,0,4,172
1,2,0,0,4,172
1,2,0,0,4,172
1,2,0,0,4,172
1,2,0,0,4,172
1,2,0,0,4,172
1,2,0,0,4,172
1,2,0,0,4,172
1,2,0,0,4,172
1,2,0,0,4,172
1,2,0,0,4,172
1,2,0,0,4,172
1,2,0,0,4,172
1,2,0,0,4,172
1,2,0,0,4,172
1,2,0,0,4,172
1,2,0,0,4,172
1,2,0,0,4,172
1,2,0,0,4,172
1,2,0,0,4,172
1,2,0,0,4,172
1,2,0,0,4,172
1,2,0,0,4,172
1,2,0,0,4,172
1,2,0,0,4,172
1,2,0,0,4,172
1,2,0,0,4,172
1,2,0,0,4,172
1,2,0,0,4,172
1,2,0,0,4,172
1,2,0,0,4,172
1,2,0,0,4,172
1,2,0,0,4,172
1,2,0,0,4,172
1,2,0,0,4,172
1,2,0,0,4,172
1,2,0,0,4,172
1,2,0,0,4,172
1,2,0,0,4,172
1,2,0,0,4,172
1,2,0,0,4,172
1,2,0,0,4,172
1,2,0,0,4,172
1,2,0,0,4,172
1,2,0,0,4,172
1,2,0,0,4,172
1,2,0,0,4,172
1,2,0,0,4,172
1,2,0,0,4,172
1,2,0,0,4,172
1,2,0,0,4,172
1,2,0,0,4,172
1,2,0,0,4,172
1,2,0,0,4,172
1,2,0,0,4,172
0,0,0,0,0,173
0,0,0,0,1,173
0,0,0,1,1,173
0,0,0,1,1,173
0,0,0,1,1,173
0,0,0,1,1,173
0,0,0,1,2,173
0,0,0,1,2,173
0,0,0,1,3,173
0,0,0,1,3,173
0,1,0,1,3,173
0,1,0,1,4,173
1,1,0,1,4,173
1,1,0,1,4,173
1,1,0,1,4,173
1,1,0,1,4,173
1,1,0,1,4,173
1,1,0,1,4,173
2,1,0,1,4,173
2,1,0,1,4,173
2,1,0,1,4,173
2,1,0,1,4,173
2,1,0,1,4,173
2,1,0,1,4,173
2,1,0,1,4,173
2,1,0,1,4,173
2,1,0,1,4,173
2,1,0,1,4,173
2,1,0,1,4,173
2,1,0,1,4,173
2,1,0,1,4,173
2,1,0,1,4,173
2,1,0,1,4,173
2,1,0,1,4,173
2,1,0,1,4,173
2,1,0,1,4,173
2,1,0,1,4,173
2,1,0,1,4,173
2,2,0,1,4,173
2,2,0,1,4,173
2,2,0,1,4,173
2,2,0,1,4,173
2,2,0,1,4,173
2,2,0,1,4,173
2,2,0,1,4,173
2,2,0,1,4,173
2,2,0,1,4,173
2,2,0,1,4,173
2,2,0,1,4,173
2,2,0,1,4,173
2,2,0,1,4,173
2,2,0,1,4,173
2,2,0,1,4,173
2,2,0,1,4,173
2,2,0,1,4,173
2,2,0,1,4,173
2,2,0,1,4,173
2,2,0,1,4,173
2,2,0,1,4,173
2,2,0,1,4,173
2,2,0,1,4,173
2,2,0,1,4,173
2,2,0,1,4,173
2,1,0,1,4,173
2,1,0,1,4,173
2,1,0,1,4,173
2,1,0,1,4,173
2,1,0,1,4,173
2,1,0,1,4,173
2,1,0,1,4,173
2,1,0,1,4,173
2,1,0,1,4,173
2,1,0,1,4,173
2,1,0,1,4,173
2,1,0,1,4,173
2,1,0,1,4,173
2,1,0,1,4,173
2,1,0,1,4,173
2,1,0,1,4,173
2,1,0,1,4,173
2,1,0,1,4,173
2,1,0,1,4,173
2,1,0,1,4,173
2,1,0,1,4,173
2,1,0,1,4,173
2,1,0,1,4,173
2,1,0,1,3,173
2,1,0,1,3,173
2,1,0,1,3,173
2,1,0,1,3,173
2,1,0,1,3,173
2,1,0,1,3,173
2,1,0,1,3,173
2,1,0,1,3,173
2,1,0,1,3,173
2,1,0,1,3,173
2,1,0,1,3,173
2,1,0,1,3,173
2,1,0,1,3,173
2,1,0,1,3,173
0,0,0,0,0,174
0,0,0,1,0,174
0,0,0,1,0,174
0,0,0,1,0,174
0,1,0,1,0,174
0,1,1,1,0,174
0,2,1,1,0,174
1,2,1,1,0,174
1,2,1,1,0,174
1,2,1,1,0,174
1,2,1,1,0,174
1,2,1,1,0,174
1,2,1,2,0,174
1,2,1,2,0,174
1,2,1,2,0,174
1,2,2,2,0,174
1,2,2,2,0,174
1,2,2,2,0,174
1,3,2,2,0,174
1,3,2,2,1,174
1,4,2,2,1,174
1,4,2,2,1,174
1,4,2,2,1,174
2,4,2,2,1,174
2,4,2,2,1,174
2,4,2,2,2,174
2,4,2,2,2,174
2,4,2,2,2,174
2,4,2,2,2,174
2,4,2,2,2,174
2,4,2,2,2,174
2,5,2,2,2,174
2,5,2,2,2,174
2,5,2,2,2,174
2,5,2,2,2,174
2,4,2,2,3,174
3,4,2,2,3,174
3,4,2,2,3,174
3,4,2,2,3,174
4,4,2,2,3,174
4,4,2,2,3,174
4,5,2,2,3,174
4,5,2,2,3,174
4,5,3,2,3,174
4,6,3,2,3,174
4,6,3,2,3,174
4,6,3,2,4,174
4,6,3,2,4,174
4,6,3,2,4,174
4,6,3,2,5,174
4,6,3,2,5,174
4,6,3,2,5,174
4,6,3,2,5,174
4,6,3,2,5,174
4,6,3,2,6,174
4,6,3,2,6,174
4,6,3,2,6,174
5,6,3,2,5,174
5,6,3,2,5,174
5,6,3,2,5,174
5,6,3,2,5,174
5,7,3,2,5,174
5,7,3,2,5,174
5,7,3,2,6,174
5,7,3,2,6,174
4,7,3,2,7,174
4,7,3,2,7,174
4,6,3,2,7,174
4,6,3,3,7,174
4,6,3,3,7,174
4,6,4,3,7,174
4,6,4,3,7,174
4,6,4,3,7,174
4,6,4,3,7,174
4,6,4,3,8,174
4,6,4,3,8,174
4,7,4,3,8,174
4,7,4,3,8,174
4,7,5,3,7,174
4,7,5,3,7,174
4,7,5,3,7,174
5,6,5,3,7,174
5,6,5,3,7,174
5,6,5,3,7,174
5,6,5,3,7,174
5,6,5,3,7,174
5,6,5,4,7,174
5,6,5,4,7,174
5,6,5,4,7,174
5,6,5,4,7,174
5,6,5,4,8,174
5,6,6,4,8,174
6,6,6,4,7,174
6,6,6,4,7,174
6,6,6,4,7,174
6,6,6,4,7,174
6,6,6,4,7,174
7,6,6,4,7,174
7,7,6,4,7,174
7,7,6,4,7,174
0,0,0,0,0,175
0,1,0,0,0,175
0,2,0,0,0,175
0,2,0,0,0,175
0,2,0,0,0,175
0,2,0,0,0,175
0,2,0,0,0,175
0,2,0,0,1,175
0,2,0,0,2,175
0,2,0,0,2,175
0,2,0,0,3,175
0,2,1,0,3,175
1,2,1,0,3,175
1,2,1,0,3,175
1,2,1,0,3,175
1,3,1,0,3,175
1,3,1,0,3,175
1,3,1,0,3,175
2,3,1,0,3,175
2,3,1,0,3,175
2,3,1,0,3,175
2,3,1,0,3,175
2,3,1,0,3,175
2,3,1,0,3,175
2,3,1,0,3,175
2,3,1,0,3,175
2,3,1,0,3,175
2,3,1,0,3,175
2,3,1,0,3,175
2,3,1,0,3,175
2,3,1,0,3,175
2,3,1,0,3,175
2,3,1,0,3,175
2,3,1,0,3,175
2,3,1,0,3,175
2,3,1,0,3,175
2,3,1,0,3,175
2,3,1,0,3,175
2,3,1,0,3,175
2,3,1,0,3,175
2,3,1,0,3,175
2,3,1,0,3,175
2,3,1,0,3,175
2,3,1,0,3,175
2,2,1,0,3,175
2,2,1,0,3,175
2,2,1,0,3,175
2,2,1,0,3,175
2,2,1,0,3,175
2,2,1,0,3,175
2,2,1,0,3,175
2,2,1,0,3,175
2,2,1,0,3,175
2,2,1,0,3,175
2,2,1,0,3,175
2,2,1,0,3,175
2,2,1,0,3,175
2,2,1,0,3,175
2,2,1,0,3,175
2,2,1,0,3,175
2,2,1,0,3,175
2,2,1,0,3,175
2,2,1,0,3,175
2,2,1,0,3,175
2,2,1,0,3,175
2,2,1,0,3,175
2,2,1,0,3,175
2,2,1,0,2,175
2,2,1,0,2,175
2,2,1,0,2,175
2,2,1,0,2,175
2,2,1,0,2,175
2,2,1,0,2,175
2,2,1,0,2,175
2,2,1,0,2,175
2,2,1,0,2,175
2,2,1,0,2,175
2,2,1,0,2,175
2,2,1,0,2,175
2,2,1,0,2,175
2,2,1,0,2,175
2,2,1,0,2,175
2,2,1,0,2,175
2,2,1,0,2,175
2,2,1,0,2,175
2,2,1,0,2,175
2,2,1,0,2,175
2,2,1,0,2,175
2,2,1,0,2,175
2,2,1,0,2,175
2,2,1,0,2,175
2,2,1,0,2,175
2,2,1,0,2,175
2,2,1,0,2,175
2,2,1,0,2,175
2,2,1,0,2,175
2,2,1,0,2,175
2,2,1,0,2,175
2,2,1,0,2,175
2,2,1,0,2,175
0,0,0,0,0,176
0,1,0,0,0,176
0,2,0,0,0,176
0,2,0,1,0,176
0,2,0,1,0,176
0,2,0,1,1,176
1,2,0,1,1,176
1,2,0,1,1,176
1,2,0,1,1,176
2,2,0,1,1,176
2,2,0,1,1,176
2,3,0,1,1,176
2,3,0,1,1,176
2,3,0,1,1,176
2,3,0,1,1,176
2,3,0,1,1,176
2,3,0,1,2,176
2,3,0,1,3,176
2,3,0,1,3,176
2,3,0,1,3,176
2,3,0,1,3,176
2,3,0,1,3,176
2,3,0,1,3,176
2,3,0,1,3,176
2,3,0,1,3,176
2,3,0,1,3,176
2,3,0,1,3,176
2,3,0,1,3,176
2,3,0,1,3,176
2,3,0,1,3,176
2,3,0,1,3,176
2,3,0,1,3,176
2,3,0,1,3,176
2,3,0,1,3,176
2,3,0,1,3,176
2,3,0,1,3,176
2,3,0,1,3,176
2,3,0,1,3,176
2,3,0,1,3,176
2,3,0,1,3,176
2,3,0,1,3,176
2,3,0,1,3,176
2,3,0,1,3,176
1,3,0,1,3,176
1,3,0,1,3,176
1,3,0,1,3,176
1,3,0,1,3,176
1,3,0,1,3,176
1,3,0,1,3,176
1,3,0,1,3,176
1,3,0,1,3,176
1,3,0,1,3,176
1,3,0,1,3,176
1,3,0,1,3,176
1,3,0,1,3,176
1,3,0,1,3,176
1,3,0,1,3,176
1,3,0,1,3,176
1,3,0,1,3,176
1,3,0,1,3,176
1,3,0,1,3,176
1,3,0,1,3,176
1,3,0,1,3,176
1,3,0,1,3,176
1,3,0,1,3,176
1,3,0,1,3,176
1,3,0,1,3,176
1,3,0,1,3,176
1,3,0,1,3,176
1,3,0,1,3,176
1,3,0,1,3,176
1,3,0,1,3,176
1,3,0,1,3,176
1,3,0,1,3,176
1,3,0,1,3,176
1,3,0,1,3,176
1,3,0,1,3,176
1,3,0,1,3,176
1,3,0,1,3,176
1,3,0,1,3,176
1,3,0,1,3,176
1,3,0,1,3,176
1,3,0,1,3,176
1,3,0,1,3,176
1,3,0,1,3,176
1,3,0,1,3,176
1,3,0,1,3,176
1,3,0,1,3,176
1,3,0,1,3,176
1,3,0,1,3,176
1,3,0,1,3,176
1,3,0,1,3,176
1,3,0,1,3,176
1,3,0,1,3,176
1,3,0,1,3,176
1,3,0,1,3,176
1,3,0,1,3,176
1,3,0,1,3,176
1,3,0,1,3,176
1,3,0,1,3,176
0,0,0,0,0,177
1,0,0,0,0,177
1,0,0,1,0,177
1,0,0,1,1,177
1,1,0,1,1,177
1,1,0,1,1,177
1,1,0,1,1,177
0,1,0,1,1,177
0,1,1,1,1,177
1,1,1,1,1,177
2,1,1,1,1,177
2,1,1,1,2,177
2,1,1,1,2,177
2,1,1,1,2,177
2,1,1,1,2,177
2,1,1,1,3,177
2,1,1,1,3,177
2,1,1,1,3,177
2,1,1,1,3,177
2,1,1,1,3,177
2,2,1,1,3,177
2,2,1,1,3,177
2,2,1,1,3,177
2,2,1,1,3,177
2,2,1,1,3,177
2,2,1,1,3,177
2,2,1,1,3,177
2,2,1,1,3,177
2,2,1,1,3,177
2,2,1,1,3,177
2,2,1,1,3,177
2,2,1,1,3,177
1,2,1,1,3,177
1,2,1,1,3,177
1,2,1,1,3,177
1,2,1,1,3,177
1,2,1,1,3,177
1,2,1,1,3,177
1,2,1,1,3,177
1,2,1,1,3,177
1,2,1,1,3,177
1,2,1,1,3,177
1,1,1,1,3,177
1,1,1,1,3,177
1,1,1,1,3,177
1,1,1,1,3,177
1,1,1,1,3,177
1,1,1,1,2,177
1,1,1,1,2,177
1,1,1,1,2,177
1,1,1,1,2,177
1,1,1,1,2,177
1,1,1,1,2,177
1,1,1,1,2,177
1,1,1,1,2,177
1,1,1,1,2,177
1,1,1,1,2,177
1,1,1,1,1,177
1,1,1,1,1,177
1,1,1,1,1,177
1,1,1,1,1,177
1,1,1,1,1,177
1,1,1,1,0,177
1,1,1,1,0,177
1,1,1,1,0,177
1,1,1,1,0,177
1,1,1,1,0,177
1,1,2,1,0,177
2,1,2,1,0,177
2,1,2,1,0,177
2,2,2,1,0,177
2,2,2,1,0,177
2,2,2,1,0,177
3,2,2,1,0,177
3,2,2,1,0,177
3,2,3,1,0,177
3,2,3,1,0,177
3,2,3,1,0,177
3,2,3,1,0,177
3,3,3,1,0,177
3,3,3,1,0,177
3,3,3,1,0,177
3,3,3,1,0,177
3,3,3,1,0,177
3,4,3,1,0,177
3,4,3,1,0,177
3,4,3,1,0,177
3,4,3,1,0,177
3,4,3,1,0,177
3,4,3,1,1,177
3,4,3,1,1,177
3,4,3,1,1,177
3,4,3,1,2,177
3,4,3,1,2,177
3,4,3,1,3,177
3,4,3,1,3,177
3,4,3,1,3,177
3,4,3,1,3,177
3,4,3,1,3,177
3,4,3,1,3,177
0,0,0,0,0,178
0,0,0,0,0,178
0,0,0,0,0,178
0,0,0,0,0,178
0,0,0,0,0,178
0,0,1,0,0,178
0,0,1,0,0,178
0,1,1,0,0,178
0,1,1,1,0,178
0,1,1,1,0,178
0,2,1,1,0,178
0,2,1,1,1,178
1,2,1,1,1,178
2,2,1,1,1,178
2,2,1,1,1,178
2,2,1,1,1,178
2,2,1,1,1,178
2,2,1,1,1,178
2,2,1,1,1,178
2,2,1,1,1,178
2,2,1,1,1,178
2,2,1,1,1,178
2,2,1,1,1,178
2,2,1,1,1,178
2,2,1,1,1,178
2,2,1,1,1,178
2,2,1,1,1,178
2,2,1,1,1,178
2,2,1,1,1,178
2,2,1,1,1,178
2,2,1,1,1,178
2,2,1,1,1,178
2,2,1,1,1,178
2,2,1,1,1,178
2,2,1,1,1,178
2,2,1,1,1,178
2,2,1,1,1,178
2,2,1,1,1,178
2,2,1,1,1,178
2,2,1,1,1,178
2,2,1,1,1,178
2,2,1,1,1,178
2,2,1,1,1,178
2,2,1,1,1,178
2,2,1,1,1,178
1,2,1,1,1,178
1,2,1,1,1,178
1,2,1,1,1,178
1,2,1,1,1,178
1,2,1,1,1,178
1,2,1,1,1,178
1,2,1,1,1,178
1,2,1,1,1,178
1,2,1,1,1,178
1,2,1,1,1,178
1,2,1,1,1,178
1,2,1,1,1,178
1,2,1,1,1,178
1,2,1,1,1,178
1,2,1,1,1,178
1,2,1,1,1,178
1,2,1,1,1,178
1,2,1,1,1,178
1,2,1,1,1,178
1,2,1,1,1,178
1,2,1,1,1,178
1,2,1,1,1,178
1,2,1,1,1,178
1,2,1,1,1,178
1,2,1,1,1,178
1,2,1,1,1,178
1,2,1,1,1,178
1,2,1,1,1,178
1,2,1,1,1,178
1,2,1,1,1,178
1,2,1,1,1,178
1,1,1,1,1,178
1,1,1,1,1,178
1,1,1,1,1,178
1,1,1,1,1,178
1,1,1,1,1,178
1,1,1,1,1,178
1,1,1,1,1,178
1,1,1,1,1,178
1,1,1,1,1,178
1,1,1,1,1,178
1,1,1,1,1,178
1,1,1,1,1,178
1,1,1,1,1,178
1,1,1,1,1,178
1,1,1,1,1,178
1,1,1,1,1,178
1,1,1,1,1,178
1,1,1,1,1,178
1,1,1,1,1,178
1,1,1,1,1,178
1,1,1,1,1,178
1,1,1,1,1,178
1,1,1,1,1,178
1,1,1,1,1,178
0,0,0,0,0,179
0,0,0,0,1,179
0,1,0,0,1,179
0,1,0,0,2,179
0,2,0,0,2,179
0,3,0,0,2,179
0,3,0,0,2,179
0,3,0,0,2,179
0,3,1,0,2,179
0,3,1,0,2,179
0,3,1,0,2,179
1,3,1,0,2,179
1,3,1,0,2,179
1,3,1,0,2,179
1,3,1,0,2,179
1,3,1,1,2,179
1,3,1,1,3,179
1,3,1,1,3,179
1,3,1,1,3,179
1,3,1,1,3,179
1,3,1,1,3,179
1,3,1,1,3,179
1,3,1,1,3,179
1,3,1,1,3,179
1,3,1,1,3,179
1,3,1,1,3,179
1,3,1,1,3,179
1,3,1,1,3,179
1,3,1,1,3,179
1,3,1,1,3,179
1,3,1,1,3,179
1,3,1,1,3,179
1,3,1,1,3,179
1,3,1,1,3,179
1,3,1,1,3,179
1,3,1,1,3,179
1,3,1,1,3,179
1,3,1,1,3,179
1,3,1,1,3,179
1,3,1,1,3,179
1,3,1,1,3,179
1,3,1,1,3,179
1,3,1,1,3,179
1,3,1,1,3,179
1,3,1,1,3,179
1,3,1,1,3,179
1,3,1,1,3,179
1,3,1,1,3,179
1,3,1,1,3,179
1,3,1,1,3,179
1,3,1,1,3,179
1,3,1,1,3,179
1,3,1,1,3,179
1,3,1,1,3,179
1,3,1,1,3,179
1,3,1,1,3,179
1,3,1,1,3,179
1,3,1,1,3,179
1,3,1,1,3,179
1,3,1,1,3,179
1,3,1,1,3,179
1,3,1,1,3,179
1,3,1,1,3,179
1,3,1,1,3,179
1,3,1,1,3,179
1,3,1,1,3,179
1,3,1,1,3,179
1,3,1,1,3,179
1,3,1,1,3,179
1,3,1,1,3,179
1,3,1,1,3,179
1,3,1,1,3,179
1,3,1,1,3,179
1,3,1,1,3,179
1,3,1,1,3,179
1,3,1,1,3,179
1,3,1,1,3,179
1,3,1,1,3,179
1,3,1,1,3,179
1,3,1,1,3,179
1,3,1,1,3,179
1,3,1,1,3,179
1,3,1,1,3,179
1,3,1,1,3,179
1,3,1,1,3,179
1,3,1,1,3,179
1,3,1,1,3,179
1,3,1,1,3,179
1,3,1,1,3,179
1,3,1,1,3,179
1,3,1,1,3,179
1,3,1,1,3,179
1,3,1,1,3,179
1,3,1,1,3,179
1,3,1,1,3,179
1,3,1,1,3,179
1,3,1,1,3,179
1,3,1,1,3,179
1,3,1,1,3,179
1,3,1,1,3,179
0,0,0,0,0,180
1,0,0,0,0,180
2,0,0,0,0,180
2,0,1,0,0,180
2,0,1,1,0,180
3,0,1,1,0,180
3,1,1,1,0,180
3,1,1,1,1,180
3,2,1,1,1,180
3,2,1,1,1,180
3,2,1,1,1,180
3,2,1,1,1,180
3,2,1,1,1,180
3,2,1,1,1,180
3,2,1,1,1,180
3,2,1,1,1,180
3,2,1,1,1,180
3,2,1,1,1,180
3,2,1,1,1,180
3,2,1,1,1,180
3,2,1,1,1,180
3,2,1,1,1,180
3,2,1,1,1,180
3,2,1,1,1,180
3,2,1,1,1,180
3,2,1,1,1,180
3,2,1,1,1,180
3,2,1,1,1,180
3,2,1,1,1,180
3,2,1,1,1,180
3,2,1,1,1,180
3,2,1,1,1,180
3,2,1,1,1,180
3,2,1,1,1,180
3,2,1,1,1,180
3,2,1,1,1,180
3,2,1,1,1,180
3,2,1,1,1,180
3,2,1,1,1,180
3,2,1,1,1,180
3,2,1,1,1,180
3,2,1,1,1,180
3,2,1,1,1,180
3,2,1,1,1,180
3,2,1,1,1,180
3,2,1,1,1,180
3,2,1,1,1,180
3,2,1,1,1,180
3,2,1,1,1,180
3,2,1,1,1,180
3,2,1,1,1,180
3,2,1,1,1,180
3,2,1,1,1,180
3,2,1,1,1,180
3,2,1,1,1,180
3,2,1,1,1,180
3,2,1,1,1,180
3,2,1,1,1,180
3,2,1,1,1,180
3,2,1,1,1,180
3,2,1,1,1,180
3,2,1,1,1,180
3,2,1,1,1,180
3,2,1,1,1,180
3,2,1,1,1,180
3,2,1,1,1,180
3,2,1,1,1,180
3,2,1,1,1,180
3,2,1,1,1,180
3,2,1,1,1,180
3,2,1,1,1,180
3,2,1,1,1,180
3,2,1,1,1,180
3,2,1,1,1,180
3,2,1,1,1,180
3,2,1,1,1,180
3,2,1,1,1,180
3,2,1,1,1,180
3,2,1,1,1,180
3,2,1,1,1,180
3,2,1,1,1,180
3,2,1,1,1,180
3,2,1,1,1,180
3,2,1,1,1,180
3,2,1,1,1,180
3,2,1,1,1,180
3,2,1,1,1,180
3,2,1,1,1,180
3,2,1,1,1,180
3,2,1,1,1,180
3,2,1,1,1,180
3,2,1,1,1,180
3,2,1,1,1,180
3,2,1,1,1,180
3,2,1,1,1,180
3,2,1,1,1,180
3,2,1,1,1,180
3,2,1,1,1,180
3,2,1,1,1,180
3,2,1,1,1,180
0,0,0,0,0,181
0,0,1,0,0,181
0,0,1,1,0,181
1,0,1,1,0,181
2,0,1,1,0,181
2,1,1,1,0,181
2,1,1,1,0,181
2,1,1,1,1,181
2,1,1,1,1,181
2,1,1,1,1,181
2,1,1,1,1,181
2,1,1,1,1,181
2,1,1,1,1,181
2,1,1,1,1,181
2,1,1,1,1,181
2,1,1,1,1,181
2,1,1,1,1,181
0,0,0,0,0,182
0,0,0,0,1,182
0,0,0,1,1,182
0,1,0,1,1,182
0,1,1,1,1,182
0,2,1,1,1,182
0,2,1,1,1,182
0,3,1,1,1,182
0,3,1,1,1,182
0,3,1,1,1,182
0,3,1,1,1,182
0,3,1,1,2,182
0,3,1,1,2,182
0,3,1,1,3,182
0,3,1,1,3,182
0,3,1,1,3,182
0,3,1,1,3,182
0,3,1,1,3,182
0,3,1,1,3,182
0,3,1,1,3,182
0,3,1,1,3,182
0,3,1,1,3,182
0,3,1,1,3,182
0,3,1,1,3,182
0,3,1,1,3,182
0,3,1,1,3,182
1,3,1,1,3,182
1,3,1,1,3,182
1,3,1,1,3,182
1,3,1,1,3,182
1,3,1,1,3,182
1,3,1,1,3,182
1,3,1,1,3,182
1,3,1,1,3,182
1,3,1,1,3,182
1,3,1,1,3,182
1,3,1,1,3,182
1,3,1,1,3,182
1,3,1,1,3,182
1,3,1,1,3,182
1,3,1,1,3,182
1,3,1,1,3,182
1,3,1,1,3,182
1,3,1,1,3,182
1,3,1,1,3,182
1,3,1,1,3,182
1,3,1,1,3,182
1,3,1,1,3,182
1,3,1,1,3,182
1,3,1,1,3,182
1,3,1,1,3,182
1,3,1,1,3,182
1,3,1,1,3,182
1,3,1,1,3,182
1,3,1,1,3,182
1,3,1,1,3,182
1,3,1,1,3,182
1,3,1,1,3,182
1,3,1,1,3,182
1,3,1,1,3,182
1,3,1,1,3,182
1,3,1,1,3,182
1,3,1,1,3,182
1,3,1,1,3,182
1,3,1,1,3,182
1,3,1,1,3,182
1,3,1,1,3,182
1,3,1,1,3,182
1,3,1,1,3,182
1,3,1,1,3,182
1,3,1,1,3,182
1,3,1,1,3,182
1,3,1,1,3,182
1,3,1,1,3,182
1,3,1,1,3,182
1,3,1,1,3,182
1,3,1,1,3,182
1,3,1,1,3,182
1,3,1,1,3,182
1,3,1,1,3,182
1,3,1,1,3,182
1,3,1,1,3,182
1,3,1,1,3,182
1,3,1,1,3,182
1,3,1,1,3,182
1,3,1,1,3,182
1,3,1,1,3,182
1,3,1,1,3,182
1,3,1,1,3,182
1,3,1,1,3,182
1,3,1,1,3,182
1,3,1,1,3,182
1,3,1,1,3,182
1,3,1,1,3,182
1,3,1,1,3,182
1,3,1,1,3,182
1,3,1,1,3,182
1,3,1,1,3,182
1,3,1,1,3,182
1,3,1,1,3,182
0,0,0,0,0,183
0,0,0,1,0,183
0,0,0,1,0,183
0,0,0,1,0,183
1,0,0,1,0,183
1,0,0,1,1,183
1,1,0,1,1,183
1,1,0,1,1,183
1,1,1,1,1,183
1,1,1,1,2,183
1,2,1,1,2,183
1,2,1,1,3,183
2,2,1,1,3,183
2,2,1,1,3,183
2,2,1,1,3,183
2,2,1,1,3,183
2,2,1,1,3,183
2,2,1,1,3,183
2,2,1,1,3,183
2,2,1,1,3,183
2,2,1,1,3,183
2,2,1,1,3,183
2,2,1,1,3,183
2,2,1,1,3,183
2,2,1,1,3,183
2,2,1,1,3,183
2,2,1,1,3,183
2,2,1,1,3,183
2,2,1,1,3,183
2,2,1,1,3,183
2,2,1,1,3,183
2,2,1,1,3,183
2,2,1,1,3,183
2,2,1,1,3,183
2,2,1,1,3,183
2,2,1,1,3,183
2,2,1,1,3,183
2,2,1,1,3,183
2,2,1,1,3,183
2,2,1,1,3,183
2,2,1,1,3,183
2,2,1,1,3,183
2,2,1,1,3,183
2,2,1,1,3,183
2,2,1,1,3,183
2,2,1,1,3,183
2,2,1,1,3,183
2,2,1,1,3,183
2,2,1,1,3,183
2,2,1,1,3,183
2,2,1,1,3,183
2,2,1,1,3,183
2,2,1,1,3,183
2,2,1,1,3,183
2,2,1,1,3,183
2,2,1,1,3,183
2,2,1,1,3,183
2,2,1,1,3,183
2,2,1,1,3,183
2,2,1,1,3,183
2,2,1,1,3,183
2,2,1,1,3,183
2,2,1,1,3,183
2,2,1,1,3,183
2,2,1,1,3,183
2,2,1,1,3,183
2,2,1,1,3,183
2,2,1,1,3,183
2,2,1,1,3,183
2,2,1,1,3,183
2,2,1,1,3,183
2,2,1,1,3,183
2,2,1,1,3,183
2,2,1,1,3,183
2,2,1,1,3,183
2,2,1,1,3,183
2,2,1,1,3,183
2,2,1,1,3,183
2,2,1,1,3,183
2,2,1,1,3,183
2,2,1,1,3,183
2,2,1,1,3,183
2,2,1,1,3,183
2,2,1,1,3,183
2,2,1,1,3,183
2,2,1,1,3,183
2,2,1,1,3,183
2,2,1,1,3,183
2,2,1,1,3,183
2,2,1,1,3,183
2,2,1,1,3,183
2,2,1,1,3,183
2,2,1,1,3,183
2,2,1,1,3,183
2,2,1,1,3,183
2,2,1,1,3,183
2,2,1,1,3,183
2,2,1,1,3,183
2,2,1,1,3,183
2,2,1,1,3,183
0,0,0,0,0,184
0,0,0,0,0,184
0,1,0,0,0,184
0,1,1,0,0,184
0,1,1,0,1,184
0,1,1,0,1,184
1,1,1,0,1,184
1,2,1,0,1,184
2,2,1,0,1,184
2,2,1,0,2,184
2,2,1,0,2,184
2,2,1,0,2,184
2,2,1,0,2,184
2,2,1,0,2,184
2,2,1,0,2,184
2,2,1,0,2,184
2,2,1,0,2,184
2,2,1,0,2,184
2,2,1,0,2,184
2,2,1,0,2,184
2,2,1,0,2,184
2,2,1,0,2,184
2,2,1,0,2,184
2,2,1,0,2,184
2,2,1,0,2,184
2,2,1,0,2,184
2,2,1,0,2,184
2,2,1,0,2,184
2,2,1,0,2,184
2,2,1,0,2,184
2,2,1,0,2,184
2,2,1,0,2,184
2,2,1,0,2,184
2,2,1,0,2,184
2,2,1,0,2,184
2,2,1,0,2,184
2,2,1,0,2,184
2,2,1,0,2,184
2,2,1,0,2,184
2,2,1,0,2,184
2,2,1,0,2,184
2,2,1,0,2,184
2,2,1,0,2,184
2,2,1,0,2,184
2,2,1,0,2,184
2,2,1,0,2,184
2,2,1,0,2,184
2,2,1,0,2,184
2,2,1,0,2,184
2,2,1,0,2,184
2,2,1,0,2,184
2,2,1,0,2,184
2,2,1,0,2,184
2,2,1,0,2,184
2,2,1,0,2,184
2,2,1,0,2,184
2,2,1,0,2,184
2,2,1,0,2,184
2,2,1,0,2,184
2,2,1,0,2,184
2,2,1,0,2,184
2,2,1,0,2,184
2,2,1,0,2,184
2,2,1,0,2,184
2,2,1,0,2,184
2,2,1,0,2,184
2,2,1,0,2,184
2,2,1,0,2,184
2,2,1,0,2,184
2,2,1,0,2,184
2,2,1,0,2,184
2,2,1,0,2,184
2,2,1,0,2,184
2,2,1,0,2,184
2,2,1,0,2,184
2,2,1,0,2,184
2,2,1,0,2,184
2,2,1,0,2,184
2,2,1,0,2,184
2,2,1,0,2,184
2,2,1,0,2,184
2,2,1,0,2,184
2,2,1,0,2,184
2,2,1,0,2,184
2,2,1,0,2,184
2,2,1,0,2,184
2,2,1,0,2,184
2,2,1,0,2,184
2,2,1,0,2,184
2,2,1,0,2,184
2,2,1,0,2,184
2,2,1,0,2,184
2,2,1,0,2,184
2,2,1,0,2,184
2,2,1,0,2,184
2,2,1,0,2,184
2,2,1,0,2,184
2,2,1,0,2,184
2,2,1,0,2,184
2,2,1,0,2,184
0,0,0,0,0,185
0,0,0,1,0,185
0,1,0,1,0,185
0,2,0,1,0,185
0,2,0,1,1,185
1,2,0,1,1,185
1,2,0,1,1,185
1,2,0,1,1,185
2,2,0,1,1,185
3,2,0,1,1,185
3,2,0,1,1,185
3,2,0,1,1,185
3,2,0,1,1,185
3,2,0,1,1,185
3,2,0,1,1,185
3,2,0,1,2,185
3,2,0,1,2,185
3,2,0,1,2,185
3,2,0,1,2,185
3,2,0,1,2,185
3,2,0,1,2,185
3,2,0,1,2,185
3,2,0,1,2,185
3,2,0,1,2,185
3,2,0,1,2,185
3,2,0,1,2,185
3,2,0,1,2,185
3,2,0,1,2,185
3,2,0,1,2,185
3,2,0,1,2,185
3,2,0,1,2,185
3,2,0,1,2,185
3,2,0,1,2,185
3,2,0,1,2,185
3,2,0,1,2,185
3,2,0,1,2,185
3,2,0,1,2,185
3,2,0,1,2,185
3,2,0,1,2,185
3,2,0,1,2,185
3,2,0,1,2,185
3,2,0,1,2,185
3,2,0,1,2,185
3,2,0,1,2,185
3,2,0,1,2,185
3,2,0,1,2,185
3,2,0,1,2,185
3,2,0,1,2,185
3,2,0,1,2,185
3,2,0,1,2,185
3,2,0,1,2,185
3,2,0,1,2,185
3,2,0,1,2,185
3,2,0,1,2,185
3,2,0,1,2,185
3,2,0,1,2,185
3,2,0,1,2,185
3,2,0,1,2,185
3,2,0,1,2,185
3,2,0,1,2,185
3,2,0,1,2,185
3,2,0,1,2,185
3,2,0,1,2,185
2,2,0,1,2,185
2,2,0,1,2,185
2,2,0,1,2,185
2,2,0,1,2,185
2,2,0,1,2,185
2,2,0,1,2,185
2,2,0,1,2,185
2,2,0,1,2,185
2,2,0,1,2,185
2,2,0,1,2,185
2,2,0,1,2,185
2,2,0,1,2,185
2,2,0,1,2,185
2,2,0,1,2,185
2,2,0,1,2,185
2,2,0,1,2,185
2,2,0,1,2,185
2,2,0,1,2,185
2,2,0,1,2,185
2,2,0,1,2,185
2,2,0,1,2,185
2,2,0,1,2,185
2,2,0,1,2,185
2,2,0,1,2,185
2,2,0,1,2,185
2,2,0,1,2,185
2,2,0,1,2,185
2,2,0,1,2,185
2,2,0,1,2,185
2,2,0,1,2,185
2,2,0,1,2,185
2,2,0,1,2,185
2,2,0,1,2,185
2,2,0,1,2,185
2,2,0,1,2,185
2,2,0,1,2,185
2,2,0,1,2,185
0,0,0,0,0,186
1,0,0,0,0,186
1,0,1,0,0,186
1,0,1,0,0,186
1,0,1,0,0,186
1,0,1,1,0,186
2,0,1,1,0,186
2,0,1,1,0,186
2,1,1,1,0,186
2,1,1,1,0,186
2,2,1,1,0,186
2,1,1,1,1,186
2,1,1,1,2,186
3,1,1,1,2,186
3,2,1,1,2,186
3,2,1,1,3,186
3,2,1,1,3,186
3,2,1,1,4,186
3,2,1,1,4,186
3,2,1,1,4,186
3,2,1,1,4,186
3,2,1,1,4,186
3,2,1,1,4,186
3,2,1,1,5,186
3,2,1,1,5,186
3,2,1,1,5,186
3,2,1,2,5,186
3,2,1,2,5,186
3,2,2,2,5,186
3,2,2,2,5,186
3,2,2,2,6,186
3,2,2,2,6,186
3,3,2,2,6,186
4,3,2,2,6,186
4,3,2,2,6,186
4,3,2,2,6,186
4,3,2,2,7,186
4,3,2,2,7,186
4,3,2,2,7,186
4,3,2,2,7,186
5,3,2,2,7,186
5,3,3,2,7,186
5,3,3,2,7,186
5,3,4,2,7,186
5,3,4,2,7,186
5,3,4,2,7,186
5,3,4,2,7,186
5,3,4,2,7,186
5,3,4,2,8,186
5,3,4,2,8,186
5,4,4,2,7,186
5,4,4,2,7,186
5,4,3,2,7,186
4,5,3,2,7,186
4,5,3,2,7,186
4,5,3,2,6,186
4,5,3,2,7,186
4,5,3,2,7,186
4,5,3,2,7,186
4,5,4,2,7,186
4,5,4,2,7,186
4,5,4,3,7,186
4,5,4,3,7,186
5,5,4,2,7,186
5,5,4,2,8,186
5,6,4,2,8,186
5,6,4,2,9,186
5,6,4,2,9,186
5,6,5,2,9,186
5,6,5,3,8,186
5,6,6,3,8,186
5,6,6,3,8,186
6,6,6,3,8,186
6,6,6,3,8,186
6,6,6,4,8,186
6,6,6,4,8,186
6,6,5,4,8,186
6,6,5,4,8,186
6,6,5,4,8,186
6,7,5,4,8,186
6,8,5,4,8,186
6,8,5,4,9,186
6,8,5,4,9,186
7,8,5,4,9,186
7,8,5,4,9,186
7,8,5,4,9,186
7,8,5,4,9,186
7,8,5,4,9,186
7,9,5,4,9,186
7,9,5,4,9,186
7,9,5,4,9,186
7,9,5,4,9,186
7,9,5,4,9,186
6,9,6,4,9,186
6,9,6,4,8,186
7,9,6,4,8,186
7,9,6,5,8,186
7,9,6,5,8,186
7,9,6,5,8,186
7,10,6,5,8,186
0,0,0,0,0,187
0,0,0,0,1,187
1,0,0,0,1,187
2,0,0,0,1,187
2,0,0,0,2,187
2,0,1,0,2,187
2,0,1,0,3,187
2,0,1,0,3,187
2,0,1,0,3,187
2,0,1,0,4,187
2,0,1,0,4,187
2,0,1,0,4,187
2,0,1,0,4,187
2,0,1,0,4,187
2,0,1,0,4,187
2,0,1,0,4,187
2,0,1,0,4,187
0,0,0,0,0,188
0,0,1,0,0,188
1,0,1,0,0,188
1,0,1,0,1,188
1,1,1,0,1,188
1,1,1,0,2,188
1,1,1,1,2,188
1,1,1,1,2,188
1,2,1,1,2,188
1,2,1,1,2,188
1,2,1,1,2,188
1,2,1,1,2,188
1,2,1,1,2,188
1,2,1,1,2,188
1,2,1,1,2,188
1,2,1,1,2,188
1,2,1,1,2,188
1,2,1,1,2,188
1,2,1,1,2,188
1,2,1,1,2,188
1,2,1,1,2,188
1,2,1,1,2,188
1,2,1,1,2,188
1,2,1,1,2,188
1,2,1,1,2,188
1,2,1,1,2,188
1,2,1,1,2,188
1,2,1,1,2,188
1,2,1,1,2,188
1,2,1,1,2,188
1,2,1,1,2,188
1,2,1,1,2,188
1,2,1,1,2,188
1,2,1,1,2,188
1,2,1,1,2,188
1,2,1,1,2,188
1,2,1,1,2,188
1,2,1,1,2,188
1,2,1,1,2,188
1,2,1,1,2,188
1,2,1,1,2,188
1,2,1,1,2,188
1,2,1,1,2,188
1,2,1,1,2,188
1,2,1,1,2,188
1,2,1,1,2,188
1,2,1,1,2,188
1,2,1,1,2,188
1,2,1,1,2,188
1,2,1,1,2,188
1,2,1,1,2,188
1,2,1,1,2,188
1,2,1,1,2,188
1,2,1,1,2,188
1,2,1,1,2,188
1,2,1,1,2,188
1,2,1,1,2,188
1,2,1,1,2,188
1,2,1,1,2,188
1,2,1,1,2,188
1,2,1,1,2,188
1,2,1,1,2,188
1,2,1,1,2,188
1,2,1,1,2,188
1,2,1,1,2,188
1,2,1,1,2,188
1,2,1,1,2,188
1,2,1,1,2,188
1,2,1,1,2,188
1,2,1,1,2,188
1,2,1,1,2,188
1,2,1,1,2,188
1,2,1,1,2,188
1,2,1,1,2,188
1,2,1,1,2,188
1,2,1,1,2,188
1,2,1,1,2,188
1,2,1,1,2,188
1,2,1,1,2,188
1,2,1,1,2,188
1,2,1,1,2,188
1,2,1,1,2,188
1,2,1,1,2,188
1,2,1,1,2,188
1,2,1,1,2,188
1,2,1,1,2,188
1,2,1,1,2,188
1,2,1,1,2,188
1,2,1,1,2,188
1,2,1,1,2,188
1,2,1,1,2,188
1,2,1,1,2,188
1,2,1,1,2,188
1,2,1,1,2,188
1,2,1,1,2,188
1,2,1,1,2,188
1,2,1,1,2,188
1,2,1,1,2,188
1,2,1,1,2,188
1,2,1,1,2,188
0,0,0,0,0,189
1,0,0,0,0,189
1,0,1,0,0,189
1,1,1,0,0,189
1,1,1,0,1,189
1,1,1,0,2,189
1,1,1,1,2,189
1,1,1,1,2,189
1,1,1,1,2,189
2,1,1,1,2,189
2,1,1,1,3,189
3,1,1,1,3,189
3,2,1,1,3,189
3,2,1,1,3,189
3,2,1,1,3,189
3,2,1,1,4,189
3,2,1,1,4,189
3,2,1,1,4,189
3,3,1,1,4,189
3,3,1,1,4,189
3,3,1,1,4,189
3,3,1,1,4,189
3,3,1,1,4,189
3,4,1,1,4,189
3,4,1,2,4,189
3,4,1,2,4,189
3,4,1,2,4,189
3,4,1,2,4,189
3,5,1,2,4,189
3,5,1,2,4,189
3,6,1,2,4,189
3,6,1,2,4,189
3,6,1,2,4,189
3,6,1,2,4,189
3,6,1,2,4,189
3,6,1,3,4,189
4,6,0,3,4,189
4,6,0,3,4,189
4,6,0,3,4,189
4,6,0,3,4,189
4,6,0,3,4,189
4,6,0,3,4,189
4,6,0,3,4,189
4,6,0,3,4,189
4,6,0,3,4,189
4,6,0,3,4,189
4,6,0,3,4,189
4,6,0,3,4,189
4,6,0,3,4,189
4,6,0,3,4,189
4,6,0,3,4,189
4,6,0,3,4,189
4,6,0,3,4,189
4,6,0,3,4,189
4,6,0,3,4,189
4,6,0,3,4,189
4,6,0,3,4,189
4,6,0,3,4,189
4,6,0,3,4,189
4,6,0,3,4,189
4,6,0,3,4,189
4,6,0,3,4,189
4,6,0,3,4,189
4,6,0,3,4,189
4,6,0,3,4,189
4,6,0,3,4,189
4,6,0,3,4,189
4,6,0,3,4,189
4,6,0,3,4,189
4,5,0,3,4,189
4,5,0,3,4,189
4,5,0,3,4,189
4,5,0,3,4,189
4,5,0,3,4,189
4,5,0,3,4,189
4,5,0,3,4,189
4,5,0,3,4,189
4,5,0,3,4,189
4,5,0,3,4,189
4,5,0,3,4,189
4,5,0,3,4,189
4,5,0,3,4,189
4,5,0,3,3,189
4,5,0,3,3,189
4,5,0,3,3,189
4,5,0,3,3,189
4,5,0,3,3,189
4,5,0,3,3,189
4,5,0,3,3,189
4,5,0,3,3,189
4,5,0,3,3,189
4,5,0,3,3,189
4,5,0,3,3,189
4,5,0,3,3,189
4,5,0,3,3,189
4,5,0,3,3,189
4,5,0,3,3,189
4,5,0,3,3,189
4,5,0,3,3,189
4,5,0,3,3,189
0,0,0,0,0,190
0,0,0,1,0,190
0,0,1,1,0,190
0,0,1,1,1,190
0,0,1,1,2,190
0,0,1,1,2,190
0,0,1,1,2,190
1,0,1,1,2,190
2,0,1,1,2,190
2,0,1,1,2,190
1,0,1,1,2,190
1,0,1,1,2,190
1,0,1,1,2,190
1,1,1,1,2,190
1,1,1,1,2,190
1,1,1,1,2,190
1,1,1,1,2,190
1,1,1,1,2,190
1,1,1,1,2,190
1,1,1,1,2,190
1,1,1,1,2,190
1,1,1,1,2,190
1,1,1,1,2,190
1,1,1,1,2,190
1,1,1,1,2,190
1,1,1,1,2,190
1,1,1,1,2,190
1,1,1,1,2,190
1,1,1,1,2,190
1,1,1,1,2,190
1,1,1,1,2,190
1,1,1,1,2,190
1,1,1,1,2,190
1,1,1,1,2,190
1,1,1,1,2,190
1,1,1,1,2,190
1,1,1,1,2,190
1,1,1,1,2,190
1,1,1,1,2,190
1,1,1,1,2,190
1,1,1,1,2,190
1,1,1,1,2,190
1,1,1,1,2,190
1,1,1,1,2,190
1,1,1,1,2,190
1,1,1,1,2,190
1,1,1,1,2,190
1,1,1,1,2,190
1,1,1,1,2,190
1,1,1,1,2,190
1,1,1,1,2,190
1,1,1,1,2,190
1,1,1,1,2,190
1,1,1,1,2,190
1,1,1,1,2,190
1,1,1,1,2,190
1,1,1,1,2,190
1,1,1,1,2,190
1,1,1,1,2,190
1,1,1,1,2,190
1,0,1,1,2,190
1,0,1,1,2,190
1,0,1,1,2,190
1,1,1,1,2,190
1,1,1,1,2,190
1,1,1,1,2,190
1,1,1,1,2,190
1,1,1,1,2,190
1,1,1,1,2,190
1,1,1,1,2,190
1,1,1,1,2,190
1,1,1,1,2,190
1,1,1,1,2,190
1,1,1,1,2,190
1,1,1,1,2,190
1,1,1,1,2,190
1,1,1,1,2,190
1,1,1,1,2,190
1,1,1,1,2,190
1,1,1,1,2,190
1,1,1,1,2,190
1,1,1,1,2,190
1,1,1,1,2,190
1,1,1,1,2,190
1,1,1,1,2,190
1,1,1,1,2,190
1,1,1,1,2,190
1,1,1,1,2,190
1,1,1,1,2,190
1,1,1,1,2,190
1,1,1,1,2,190
1,1,1,1,2,190
1,1,1,1,2,190
1,1,1,1,2,190
1,1,1,1,2,190
1,1,1,1,2,190
1,1,1,1,2,190
1,1,1,1,2,190
1,1,1,1,2,190
1,1,1,1,2,190
0,0,0,0,0,191
0,0,0,0,0,191
0,0,0,0,1,191
0,0,1,0,0,191
0,0,1,0,1,191
0,0,1,0,2,191
0,0,1,0,2,191
0,1,1,0,2,191
0,1,1,0,2,191
0,1,1,0,2,191
0,1,1,0,2,191
0,1,1,0,2,191
0,1,1,1,2,191
0,1,1,1,2,191
0,1,1,1,3,191
0,1,1,1,3,191
0,1,1,1,3,191
0,1,1,1,3,191
0,1,1,1,3,191
0,1,1,1,3,191
1,1,1,0,3,191
1,1,1,0,3,191
1,1,1,0,3,191
1,1,1,0,3,191
1,1,1,0,3,191
1,1,0,0,3,191
1,1,0,0,3,191
1,1,0,0,3,191
1,1,0,0,3,191
1,1,0,0,3,191
1,1,0,0,3,191
1,1,0,0,3,191
1,1,0,0,3,191
1,1,0,0,3,191
1,1,0,0,3,191
1,1,0,0,3,191
1,1,0,0,3,191
1,1,0,0,3,191
1,1,0,0,3,191
1,1,0,0,3,191
1,1,0,0,3,191
1,1,0,0,3,191
1,1,0,0,3,191
1,1,0,0,3,191
1,1,0,0,3,191
1,1,0,0,3,191
1,1,0,0,3,191
1,1,0,0,3,191
1,1,0,0,3,191
1,1,0,0,3,191
1,1,0,0,3,191
1,1,0,0,3,191
1,1,0,0,3,191
1,1,0,0,3,191
1,1,0,0,3,191
1,1,0,0,3,191
1,1,0,0,3,191
1,1,0,0,3,191
1,1,0,0,3,191
1,1,0,0,3,191
1,1,0,0,3,191
1,1,0,0,3,191
1,1,0,0,3,191
1,1,0,0,3,191
1,1,0,0,3,191
1,1,0,0,3,191
1,1,0,0,3,191
1,1,0,0,3,191
1,1,0,0,3,191
1,1,0,0,3,191
1,1,0,0,3,191
1,1,0,0,3,191
1,1,0,0,3,191
1,1,0,0,3,191
1,1,0,0,3,191
1,1,0,0,3,191
1,1,0,0,3,191
1,1,0,0,3,191
1,1,0,0,3,191
1,1,0,0,3,191
1,1,0,0,3,191
1,1,0,0,3,191
1,1,0,0,3,191
1,1,0,0,3,191
1,1,0,0,3,191
1,1,0,0,3,191
1,1,0,0,3,191
1,1,0,0,3,191
1,1,0,0,3,191
1,1,0,0,3,191
1,1,0,0,3,191
1,1,0,0,3,191
1,1,0,0,3,191
1,1,0,0,3,191
0,1,0,0,3,191
0,1,0,0,3,191
0,1,0,0,3,191
0,1,0,0,3,191
0,1,0,0,3,191
0,1,0,0,3,191
0,0,0,0,0,192
0,1,0,0,0,192
0,1,1,0,0,192
0,1,1,1,0,192
0,1,1,1,0,192
0,1,1,1,0,192
0,1,1,1,0,192
0,2,1,1,0,192
0,2,1,1,0,192
0,2,1,1,0,192
0,3,1,1,0,192
0,3,1,1,0,192
0,3,1,1,0,192
1,3,1,1,0,192
2,3,1,1,0,192
2,3,1,1,0,192
2,3,1,1,1,192
3,3,1,1,1,192
3,3,1,1,1,192
3,3,1,1,1,192
2,3,1,1,1,192
3,3,1,1,1,192
3,3,1,1,1,192
3,3,1,1,1,192
3,3,1,1,1,192
3,3,1,1,2,192
3,4,1,1,2,192
3,4,1,1,2,192
3,4,1,1,2,192
3,4,1,1,2,192
3,4,1,2,2,192
3,4,1,2,2,192
3,4,1,3,2,192
3,4,1,3,2,192
3,4,1,3,2,192
3,4,1,3,2,192
3,4,1,3,2,192
3,4,1,4,2,192
3,4,1,4,2,192
3,4,1,4,2,192
3,5,1,4,2,192
3,5,1,4,2,192
3,5,1,4,3,192
3,5,1,4,3,192
3,5,1,4,3,192
3,6,1,3,3,192
3,6,1,3,3,192
3,6,1,3,3,192
3,6,1,3,4,192
3,6,1,3,4,192
3,6,1,3,4,192
3,6,1,3,5,192
3,6,1,3,5,192
3,5,1,3,5,192
3,4,1,3,5,192
4,4,1,3,5,192
4,4,1,3,5,192
4,4,1,3,6,192
4,4,1,3,6,192
4,4,1,3,7,192
4,4,1,3,7,192
4,4,0,4,7,192
4,4,0,4,7,192
4,4,0,4,7,192
4,4,0,4,7,192
4,4,0,4,7,192
4,4,0,4,7,192
4,4,0,4,7,192
4,4,0,4,7,192
4,4,0,4,7,192
4,4,0,4,7,192
4,4,0,4,7,192
4,4,0,4,7,192
4,4,0,4,6,192
4,4,0,4,6,192
4,4,0,4,6,192
4,4,0,4,6,192
4,4,0,4,6,192
4,4,0,4,6,192
4,4,0,4,6,192
4,4,0,4,6,192
4,4,0,4,6,192
4,4,0,4,6,192
4,4,0,4,6,192
4,4,0,4,6,192
4,4,0,4,6,192
4,4,0,4,6,192
4,4,0,4,6,192
4,4,0,4,6,192
4,3,0,4,6,192
4,3,0,4,6,192
4,3,0,4,6,192
4,3,0,4,6,192
4,3,0,4,6,192
4,3,0,4,6,192
4,3,0,4,6,192
4,3,0,4,6,192
4,3,0,4,6,192
4,3,0,4,6,192
4,3,0,4,6,192
0,0,0,0,0,193
1,0,0,0,0,193
1,0,0,1,0,193
1,0,0,1,0,193
1,0,0,1,0,193
1,0,1,1,0,193
1,0,1,1,0,193
2,0,1,1,0,193
2,0,1,1,1,193
2,1,1,1,1,193
2,1,1,1,1,193
2,1,1,1,2,193
2,1,1,1,3,193
3,1,1,1,3,193
3,1,1,1,3,193
4,1,1,1,3,193
4,1,1,1,4,193
4,1,1,1,4,193
4,1,1,1,4,193
5,1,0,1,4,193
5,1,0,1,4,193
5,1,0,1,4,193
5,1,0,1,4,193
5,1,0,1,4,193
5,1,0,1,4,193
5,1,0,1,4,193
5,1,0,1,4,193
5,1,0,1,4,193
5,1,0,1,4,193
5,1,0,1,4,193
5,1,0,1,4,193
5,1,0,1,4,193
5,1,0,1,4,193
5,1,0,1,4,193
5,1,0,1,4,193
5,1,0,1,4,193
5,1,0,1,4,193
5,1,0,1,4,193
5,1,0,1,4,193
5,1,0,1,3,193
5,1,0,1,3,193
5,1,0,1,3,193
5,1,0,1,3,193
5,1,0,1,3,193
5,1,0,1,3,193
5,1,0,1,3,193
5,1,0,1,3,193
5,1,0,1,3,193
5,1,0,1,3,193
5,1,0,1,3,193
5,1,0,1,3,193
5,1,0,1,3,193
5,1,0,1,3,193
5,1,0,1,3,193
5,1,0,1,3,193
5,1,0,1,3,193
5,1,0,1,3,193
5,1,0,1,3,193
5,1,0,1,3,193
5,1,0,1,3,193
5,1,0,1,3,193
5,1,0,1,3,193
5,1,0,1,3,193
5,1,0,1,3,193
5,1,0,1,3,193
5,1,0,1,3,193
5,1,0,1,3,193
5,1,0,1,3,193
5,1,0,1,3,193
5,1,0,1,3,193
5,1,0,1,3,193
5,1,0,1,3,193
5,1,0,1,3,193
5,1,0,1,3,193
5,1,0,1,3,193
5,1,0,1,3,193
5,1,0,1,3,193
5,1,0,1,3,193
5,1,0,1,3,193
5,1,0,1,3,193
5,1,0,1,3,193
5,1,0,1,3,193
5,1,0,1,3,193
5,1,0,1,3,193
5,1,0,1,3,193
5,1,0,1,3,193
5,1,0,1,3,193
5,1,0,1,3,193
5,1,0,1,3,193
5,1,0,1,3,193
5,1,0,1,3,193
5,1,0,1,3,193
5,1,0,1,3,193
5,1,0,1,3,193
5,1,0,1,3,193
5,1,0,1,3,193
5,1,0,1,3,193
5,1,0,1,3,193
5,1,0,1,3,193
5,1,0,1,3,193
0,0,0,0,0,194
0,0,0,0,0,194
0,0,0,0,0,194
0,0,0,0,0,194
0,0,1,0,0,194
1,0,1,0,0,194
2,0,1,0,0,194
2,0,1,0,0,194
2,0,1,0,1,194
2,0,1,0,1,194
2,0,1,0,1,194
2,0,1,0,1,194
2,0,1,0,1,194
2,0,1,0,1,194
2,0,1,0,1,194
0,0,0,0,0,195
0,0,0,0,0,195
0,0,1,0,0,195
0,0,1,0,1,195
0,0,1,0,2,195
0,0,1,0,2,195
0,0,1,0,2,195
1,0,1,0,2,195
1,0,1,0,2,195
1,0,1,0,3,195
1,0,1,0,3,195
1,0,1,0,3,195
1,0,1,0,3,195
1,0,1,0,3,195
1,0,1,0,3,195
1,1,1,0,3,195
1,1,1,0,3,195
1,1,1,0,3,195
1,1,1,0,3,195
1,1,1,0,3,195
1,1,1,0,3,195
1,1,1,0,3,195
1,1,1,0,3,195
1,1,1,0,3,195
1,1,1,0,3,195
1,1,1,0,3,195
1,1,1,0,3,195
1,1,1,0,3,195
1,1,1,0,3,195
1,1,1,0,3,195
1,1,1,0,3,195
1,1,1,0,3,195
1,1,1,0,3,195
1,1,1,0,3,195
1,1,1,0,3,195
1,1,1,0,3,195
1,1,1,0,3,195
1,1,1,0,3,195
1,1,1,0,3,195
1,1,1,0,3,195
1,1,1,0,3,195
1,1,1,0,3,195
1,1,1,0,3,195
1,1,1,0,3,195
1,1,1,0,3,195
1,1,1,0,3,195
1,1,1,0,3,195
1,1,1,0,3,195
1,1,1,0,3,195
1,1,1,0,3,195
1,1,1,0,3,195
1,1,1,0,3,195
1,1,1,0,3,195
1,1,1,0,3,195
1,1,1,0,3,195
1,1,1,0,3,195
1,1,1,0,3,195
1,1,1,0,3,195
1,1,1,0,3,195
1,1,1,0,3,195
1,1,1,0,3,195
1,1,1,0,3,195
1,1,1,0,3,195
1,1,1,0,3,195
1,1,1,0,3,195
1,1,1,0,3,195
1,1,1,0,3,195
1,1,1,0,3,195
1,1,1,0,3,195
1,1,1,0,3,195
1,1,1,0,3,195
1,1,1,0,3,195
1,1,1,0,3,195
1,1,1,0,3,195
1,1,1,0,3,195
1,1,1,0,3,195
1,1,1,0,3,195
1,1,1,0,3,195
1,1,1,0,3,195
1,1,1,0,3,195
1,1,1,0,3,195
1,1,1,0,3,195
1,1,1,0,3,195
1,1,1,0,3,195
1,1,1,0,3,195
1,1,1,0,3,195
1,1,1,0,3,195
1,1,1,0,3,195
1,1,1,0,3,195
1,1,1,0,3,195
1,1,1,0,3,195
1,1,1,0,3,195
1,1,1,0,3,195
1,1,1,0,3,195
1,1,1,0,3,195
1,1,1,0,3,195
1,1,1,0,3,195
1,1,1,0,3,195
1,1,1,0,3,195
1,1,1,0,3,195
0,0,0,0,0,196
1,0,0,0,0,196
1,0,1,0,0,196
2,0,1,0,0,196
2,0,1,1,0,196
2,0,1,1,0,196
3,0,1,1,0,196
3,0,1,1,0,196
3,0,1,1,0,196
3,1,1,1,0,196
3,1,1,1,1,196
3,1,1,1,1,196
3,2,1,1,1,196
3,2,1,1,1,196
4,2,1,1,1,196
4,2,1,1,1,196
4,2,1,1,2,196
4,2,1,1,2,196
4,2,1,1,2,196
4,2,1,1,2,196
4,3,1,1,2,196
4,3,1,1,2,196
4,3,1,1,2,196
4,3,1,1,2,196
4,3,1,1,2,196
4,3,1,2,2,196
4,3,1,2,2,196
4,3,1,2,2,196
4,3,1,2,3,196
4,3,1,2,3,196
4,3,1,1,4,196
3,3,1,2,4,196
4,3,1,2,3,196
4,3,1,2,3,196
4,3,1,2,3,196
4,3,1,2,3,196
4,3,1,2,3,196
4,3,1,2,3,196
4,3,1,3,3,196
4,3,1,3,3,196
4,3,1,3,3,196
4,3,1,3,3,196
3,3,2,3,3,196
3,3,2,2,4,196
3,4,2,2,4,196
4,4,2,2,4,196
4,4,2,3,4,196
4,4,2,3,4,196
5,4,2,2,4,196
5,4,2,2,4,196
5,4,2,2,4,196
5,4,2,2,4,196
5,5,2,1,4,196
5,5,3,1,4,196
5,5,3,1,5,196
5,5,4,1,5,196
5,5,4,1,4,196
5,5,4,1,5,196
5,5,4,1,5,196
5,5,5,1,5,196
6,5,5,1,5,196
6,5,5,1,5,196
6,6,5,1,5,196
6,6,4,1,5,196
6,6,4,1,6,196
6,6,5,1,6,196
6,6,5,1,7,196
6,6,5,1,8,196
6,6,5,1,9,196
6,6,5,1,9,196
6,6,5,2,9,196
7,6,4,2,9,196
8,6,4,2,9,196
8,6,4,2,9,196
8,6,5,2,9,196
9,6,5,2,9,196
10,6,4,2,9,196
10,6,4,2,10,196
10,6,4,2,10,196
10,7,4,2,10,196
10,8,4,2,10,196
10,7,4,3,10,196
10,7,4,4,10,196
10,7,4,4,10,196
10,7,4,4,10,196
9,7,4,4,11,196
9,7,4,4,11,196
9,7,4,4,11,196
10,7,4,4,11,196
10,7,4,4,11,196
10,7,4,4,11,196
10,7,4,4,11,196
10,7,4,4,11,196
10,8,4,4,11,196
10,9,4,4,10,196
10,9,4,4,10,196
10,9,4,4,10,196
10,9,4,4,10,196
11,9,4,4,10,196
11,9,4,4,10,196
0,0,0,0,0,197
0,0,0,0,1,197
1,0,0,0,1,197
1,0,1,0,1,197
1,0,1,1,1,197
1,0,1,1,1,197
1,0,1,1,1,197
2,0,1,1,1,197
2,0,1,1,1,197
2,1,1,1,1,197
2,1,1,1,0,197
2,2,1,1,0,197
2,3,1,1,0,197
2,3,1,1,0,197
2,3,1,1,0,197
3,3,1,1,0,197
3,3,1,1,0,197
3,3,1,1,0,197
3,3,1,1,0,197
3,3,1,1,0,197
3,4,1,1,0,197
3,4,1,1,0,197
3,4,1,2,0,197
3,4,1,2,1,197
3,4,1,2,1,197
4,4,1,2,1,197
5,4,1,2,1,197
4,4,1,2,2,197
5,4,1,1,2,197
5,5,1,1,2,197
5,5,1,1,2,197
5,5,1,1,2,197
5,5,1,2,2,197
5,5,1,2,2,197
5,5,1,3,2,197
5,5,1,3,2,197
5,6,1,2,2,197
5,7,1,2,2,197
5,7,1,2,3,197
5,7,1,2,3,197
5,7,1,2,3,197
5,7,1,2,3,197
5,7,1,2,3,197
5,7,1,2,3,197
5,7,1,2,3,197
6,7,1,2,3,197
6,6,1,2,4,197
6,6,1,2,4,197
6,6,1,3,4,197
6,6,1,4,4,197
6,6,1,4,4,197
6,6,1,4,4,197
6,6,1,4,4,197
6,6,1,3,5,197
6,6,1,3,5,197
6,5,1,3,5,197
6,5,1,3,5,197
6,5,1,3,6,197
6,5,1,3,6,197
6,5,1,3,6,197
6,5,1,3,6,197
6,5,1,3,6,197
6,5,1,4,6,197
6,5,1,4,6,197
6,5,1,4,6,197
6,5,1,4,6,197
6,5,1,4,6,197
6,5,1,4,6,197
6,5,1,4,6,197
6,5,1,4,6,197
6,5,1,4,6,197
6,5,1,4,6,197
6,5,1,4,6,197
7,5,1,4,6,197
7,5,1,4,6,197
7,5,1,4,6,197
7,5,1,4,6,197
6,5,1,4,7,197
6,5,1,4,7,197
6,5,1,4,7,197
6,5,1,4,7,197
6,5,1,4,7,197
6,5,1,4,7,197
6,5,1,4,7,197
6,5,1,4,7,197
6,5,1,4,8,197
6,5,1,4,8,197
6,5,1,4,9,197
6,5,1,4,9,197
6,5,1,4,9,197
7,5,0,4,9,197
7,5,0,4,9,197
7,5,0,4,9,197
7,5,0,4,9,197
7,5,0,4,9,197
7,5,0,4,9,197
7,5,0,4,9,197
7,5,0,4,9,197
7,5,0,4,9,197
7,5,0,4,9,197
0,0,0,0,0,198
0,0,1,0,0,198
0,1,1,0,0,198
0,2,1,0,0,198
0,3,1,0,0,198
0,3,1,0,0,198
0,3,1,0,0,198
0,3,1,0,0,198
0,3,1,0,0,198
0,3,1,0,0,198
0,3,1,1,0,198
0,3,1,1,1,198
1,3,1,1,1,198
2,3,1,1,1,198
1,3,1,1,1,198
1,3,1,1,1,198
1,3,1,1,1,198
1,3,1,1,2,198
1,3,1,1,2,198
1,3,1,1,2,198
1,3,1,1,2,198
1,2,1,1,2,198
1,2,1,1,2,198
2,2,1,1,2,198
2,2,1,1,2,198
2,2,1,1,2,198
2,2,1,2,2,198
2,3,1,2,2,198
2,3,1,2,2,198
2,3,1,2,2,198
2,3,1,2,2,198
2,3,2,2,2,198
2,4,2,2,2,198
2,4,2,2,2,198
2,4,2,2,2,198
1,4,2,2,2,198
1,4,2,2,2,198
1,4,2,2,2,198
2,4,2,2,2,198
2,4,2,2,2,198
2,4,2,2,2,198
2,4,2,2,2,198
2,4,2,2,2,198
2,4,2,2,3,198
2,5,2,2,2,198
2,5,2,2,2,198
2,5,2,2,2,198
2,5,2,2,3,198
2,5,2,2,3,198
2,5,2,2,3,198
2,5,2,2,3,198
2,5,2,2,3,198
2,5,2,2,3,198
2,5,2,2,3,198
2,5,2,2,3,198
2,5,2,2,3,198
2,5,2,2,3,198
2,5,2,2,3,198
2,5,2,2,2,198
2,5,2,2,2,198
3,5,2,2,2,198
3,5,2,2,2,198
3,5,2,2,2,198
2,5,2,2,2,198
2,5,2,2,2,198
2,5,2,2,2,198
2,5,2,2,2,198
3,5,2,2,2,198
3,5,2,2,2,198
3,5,2,2,2,198
4,5,2,2,2,198
4,5,2,2,2,198
4,5,2,2,2,198
4,5,2,2,3,198
4,5,2,2,3,198
3,5,2,2,4,198
3,5,2,2,4,198
3,5,2,2,5,198
3,5,2,2,5,198
3,5,2,2,5,198
3,5,2,2,5,198
3,5,2,2,5,198
3,5,2,2,6,198
3,5,2,2,6,198
3,5,2,2,6,198
3,5,2,2,6,198
3,5,2,2,6,198
3,5,2,2,6,198
3,4,2,2,7,198
3,4,2,2,7,198
3,4,2,2,7,198
3,4,2,2,7,198
3,4,2,2,7,198
3,4,2,2,8,198
3,4,2,2,8,198
3,4,2,2,8,198
3,4,3,2,8,198
3,4,3,2,8,198
3,4,3,2,8,198
3,4,3,2,8,198
0,0,0,0,0,199
0,0,1,0,0,199
0,0,1,0,0,199
0,0,1,0,1,199
0,0,1,0,1,199
1,0,1,0,1,199
1,0,1,1,1,199
1,0,1,1,1,199
1,1,1,1,1,199
1,2,1,1,1,199
1,2,1,1,1,199
2,2,1,1,1,199
2,2,1,1,2,199
2,2,1,1,3,199
2,2,1,1,4,199
2,2,1,1,4,199
2,2,1,1,5,199
2,2,1,1,5,199
2,2,1,1,5,199
2,2,1,1,5,199
2,2,1,1,5,199
2,2,1,1,5,199
2,2,1,1,5,199
2,2,1,1,5,199
2,2,1,1,5,199
2,2,1,1,5,199
2,2,1,1,5,199
2,2,1,0,5,199
2,2,1,0,5,199
2,2,1,1,5,199
2,2,1,1,5,199
2,2,1,1,5,199
2,2,1,1,5,199
2,2,1,1,5,199
2,2,1,1,5,199
2,3,1,1,5,199
2,3,1,1,5,199
2,3,1,1,5,199
2,3,1,1,5,199
2,3,1,1,5,199
2,3,1,1,5,199
2,3,1,1,5,199
2,3,1,1,5,199
2,3,1,1,5,199
2,3,1,1,5,199
2,3,1,1,5,199
2,3,1,1,5,199
3,3,1,1,5,199
3,3,1,1,5,199
3,3,1,1,5,199
3,2,1,1,5,199
3,2,1,1,5,199
3,2,1,1,5,199
3,2,2,1,5,199
3,2,2,1,5,199
3,3,2,1,5,199
3,3,2,1,5,199
3,3,2,1,5,199
3,3,2,1,5,199
3,3,2,1,5,199
3,3,2,1,5,199
3,3,2,1,5,199
3,3,2,1,5,199
3,3,2,1,5,199
3,3,2,2,5,199
3,3,2,2,5,199
3,3,2,2,5,199
3,3,2,2,5,199
3,3,2,2,5,199
3,3,2,2,5,199
3,3,2,2,5,199
3,3,2,2,5,199
3,3,2,2,4,199
3,3,2,2,4,199
3,3,2,2,4,199
3,3,2,2,4,199
3,3,2,2,4,199
3,3,2,2,4,199
3,3,2,2,5,199
3,3,2,2,5,199
3,3,2,2,5,199
3,3,2,2,5,199
3,3,2,2,5,199
3,3,2,2,6,199
3,3,2,2,6,199
3,3,2,2,6,199
3,3,2,2,6,199
3,3,2,2,6,199
2,3,2,2,6,199
2,3,2,2,6,199
2,3,2,2,6,199
3,2,2,2,6,199
3,2,2,2,6,199
3,2,2,2,6,199
3,2,2,2,6,199
3,2,2,2,6,199
3,2,2,2,6,199
3,2,2,2,5,199
3,2,2,2,5,199
3,2,2,2,5,199
0,0,0,0,0,200
0,0,1,0,0,200
0,1,1,0,0,200
0,1,1,0,0,200
1,1,1,0,0,200
2,1,1,0,0,200
2,2,1,0,0,200
2,2,1,0,0,200
2,2,1,0,0,200
2,2,1,0,1,200
3,2,1,0,1,200
3,2,1,0,1,200
3,2,1,0,1,200
3,2,1,1,1,200
3,2,1,1,1,200
3,2,1,1,2,200
3,2,1,1,2,200
3,3,1,1,1,200
3,3,1,1,1,200
3,3,1,1,1,200
3,3,1,1,1,200
3,3,1,1,1,200
3,3,1,1,2,200
3,3,1,1,2,200
3,3,1,1,2,200
4,3,1,1,2,200
4,3,2,1,2,200
4,3,3,1,2,200
4,3,3,1,2,200
4,3,2,1,2,200
4,4,2,1,2,200
4,4,2,1,2,200
5,4,2,1,2,200
5,4,2,2,2,200
5,4,2,2,2,200
6,4,2,2,2,200
6,4,2,2,2,200
6,4,2,3,2,200
6,4,3,3,2,200
7,4,3,3,2,200
7,4,3,3,2,200
7,4,3,3,2,200
7,5,3,3,2,200
6,6,3,3,2,200
6,6,3,3,3,200
6,6,3,4,3,200
7,6,3,4,3,200
8,6,3,4,3,200
8,7,2,4,3,200
8,8,2,4,3,200
8,8,2,5,3,200
8,8,2,5,3,200
8,9,2,5,3,200
8,10,2,5,3,200
8,11,2,5,3,200
8,12,2,5,3,200
8,12,2,5,4,200
8,12,2,5,4,200
7,12,2,6,4,200
7,13,2,6,4,200
7,13,2,6,5,200
7,13,2,6,5,200
7,13,2,6,5,200
7,13,2,6,6,200
7,13,2,6,7,200
7,13,2,6,7,200
7,13,2,6,7,200
7,12,2,6,8,200
7,13,2,6,8,200
7,13,3,6,8,200
8,13,3,6,8,200
8,13,3,6,9,200
8,14,3,6,9,200
7,14,3,6,10,200
7,13,4,6,10,200
7,13,4,6,10,200
7,13,4,6,10,200
7,14,4,6,10,200
7,14,4,6,10,200
7,14,4,5,11,200
7,14,4,5,11,200
7,14,4,5,11,200
7,14,4,5,11,200
7,14,4,5,12,200
7,14,4,5,12,200
7,14,4,5,12,200
7,14,4,5,12,200
7,14,4,5,12,200
7,14,4,5,12,200
8,14,4,5,12,200
8,14,4,5,12,200
8,14,4,5,12,200
8,14,4,5,12,200
8,14,4,5,12,200
8,14,4,5,12,200
8,14,4,6,12,200
8,14,4,6,12,200
7,14,4,6,12,200
7,14,4,6,12,200
7,14,4,6,12,200
