Time,run_id
0.1000728384154291,1
0.2151243381986281,1
0.3301758379818272,1
0.4452273377650263,1
0.5602788375482254,1
0.6753303373314244,1
0.7764024370279031,1
0.8802139385373466,1
0.9345185014901308,1
0.9888230644429148,1
1.0981276273956988,1
1.1524321903484829,1
1.261736753301267,1
1.3122913156613152,1
1.412352821694259,1
1.4640588191314976,1
1.5707648199960034,1
1.6785372671648304,1
1.7863097143336577,1
1.8940821615024843,1
2.001854608671312,1
2.807064483778123,1
2.9191271615191736,1
2.976189843283538,1
3.0882525210245886,1
4.943325734601859,1
5.701291060911063,1
5.766109249459151,1
5.885927437709216,1
7.339706539080981,1
9.2022927989229,1
9.328119545148258,1
11.40670232802788,1
11.528977754143792,1
13.689719463005368,1
15.56515033191157,1
17.26005527181835,1
19.29372032287437,1
21.74195991521802,1
21.88761441456761,1
24.17780849223608,1
24.325777992568327,1
26.02937229768241,1
28.32273873625389,1
28.47388059748915,1
28.570232264454088,1
28.666583931419023,1
28.817935598383965,1
30.86161189637861,1
31.014378045317944,1
31.80567914805206,1
31.90383307022623,1
32.001986992400404,1
32.100140914574574,1
32.25329483674874,1
34.4323756469444,1
34.53201491546022,1
34.631654183976046,1
34.78629345249187,1
36.73374310776772,1
38.44470971676211,1
38.546238413322406,1
38.7027671098827,1
38.859295806442994,1
39.65429822692118,1
41.54886409793315,1
42.75074318847451,1
42.90900999034776,1
45.01422470235586,1
45.118529265308645,1
45.261354643931405,1
47.29608059127716,1
47.38665337900179,1
48.920594128077326,1
49.05858290897496,1
50.23969317400132,1
50.322072097116106,1
50.45933473592007,1
50.59648373346865,1
50.73352161533331,1
50.8699401497894,1
52.74386267161439,1
52.87983262320127,1
53.70890306445426,1
53.84446312922911,1
53.979939547817125,1
54.06006287856906,1
54.13074159485969,1
54.20139214206173,1
54.27201467798602,1
54.34260935868507,1
54.46837354714249,1
55.63871904190879,1
55.69763026114802,1
55.757254296059415,1
55.81770993497472,1
55.87916363876562,1
55.9418656240056,1
56.006235064084336,1
56.07312402975063,1
0.1000728384154291,2
0.1971799409280585,2
0.2957254538029468,2
0.3939482740721472,2
0.4910553765847766,2
0.5875735639191241,2
0.6832736041345625,2
1.824917915282685,2
1.9230451467731853,2
2.657218742678489,2
2.752292569289532,2
5.049388821730938,2
6.248558815131512,2
6.29403784454855,2
6.339439354399767,2
6.384764525602188,2
6.430014509270515,2
6.530190418968525,2
6.575293331901159,2
6.62032430202755,2
6.665284346351948,2
6.710174459526863,2
6.809473480592098,2
6.853639162639704,2
8.690359748462763,2
8.735225002775517,2
8.834996211836662,2
8.934675115654793,2
8.979263376007404,2
9.023762613097754,2
9.068174384097183,2
9.11250019402298,2
9.156741495738354,2
9.20089969367775,2
9.244976143846836,2
9.28897216499838,2
9.33288902745637,2
9.376727968017189,2
9.420490178773727,2
9.464176822016563,2
9.507789022783363,2
9.55132787258419,2
9.594794429401484,2
9.693189732293217,2
9.73651477278265,2
9.83477053375038,2
9.87795795084032,2
9.921077951351728,2
9.964131429354277,2
10.007119264016476,2
10.050042300979223,2
10.092901370982256,2
10.135697282413568,2
10.178430825034704,2
10.221102762530174,2
12.270564839939151,2
12.319017361440045,2
12.367372413967534,2
12.415631861287787,2
12.463797497225766,2
12.511871049529812,2
12.614854183456693,2
12.662748505101874,2
12.765555564497298,2
12.813276858496591,2
12.860913833465624,2
12.90846788779458,2
14.89405596152505,2
16.887897559147557,2
16.93573406815353,2
16.983477406761775,2
17.031129279404784,2
19.5364201898052,2
20.97633382273062,2
23.43133510582877,2
24.930596425794747,2
27.06989698988172,2
28.92269953372093,2
30.77658065408488,2
33.23866658478318,2
33.99601149882412,2
34.0598155621024,2
34.178254700916895,2
34.29080614490176,2
34.34811724687141,2
34.4051990317571,2
34.51706155723014,2
34.57205869576226,2
34.626868896634015,2
34.68149889782336,2
34.735954968432274,2
34.7902429559872,2
34.84436832758359,2
34.898336205844686,2
34.95215140048648,2
35.00581843614024,2
35.11434157697125,2
35.16772484854205,2
35.22097205729523,2
35.27408680797117,2
0.1000728384154291,3
0.1966799409280585,3
0.291759717900147,3
0.3304010845099767,3
0.4092512048159917,3
0.487634665456899,3
0.5657295874630293,3
0.5888245041792473,3
0.6103269431119045,3
0.6318767751877388,3
0.7081940035646042,3
0.7298399928336223,3
0.7518378860627493,3
0.7742143377040704,3
0.7929047263537725,3
0.8117726474379381,3
0.830824638841041,3
0.9050677373384316,3
0.924509535667785,3
0.941711737898477,3
1.0139829135810217,3
1.0313240132604915,3
1.1037360421692213,3
1.1212200085942825,3
1.133179296863564,3
1.1453711857398232,3
1.2128070240219315,3
1.2254993302126609,3
1.238461972338446,3
1.251710406628736,3
1.265261964065321,3
1.27913621359814,3
1.2933554278065642,3
1.307945181739815,3
1.3229351491977652,3
1.39336016786594,3
1.409261744593569,3
1.48069011804957,3
1.4977074117710074,3
1.515392363195606,3
1.5338480678697308,3
1.5532153808822116,3
1.573698410888501,3
1.5956198518474778,3
1.6195686181386193,3
1.6469831207146128,3
1.7348906808843096,3
1.76779824507732,3
1.8007058092703303,3
1.8336133734633409,3
1.9215209336330368,3
1.954428497826048,3
1.987336062019058,3
2.075243622188755,3
2.108151186381765,3
2.141058750574776,3
2.173966314767786,3
2.2068738789607965,3
2.239781443153807,3
2.272689007346817,3
2.3055965715398274,3
2.3385041357328378,3
2.371411699925848,3
2.4043192641188584,3
2.4372268283118688,3
2.470134392504879,3
2.503041956697889,3
2.5359495208909,3
2.623857081060597,3
2.656764645253607,3
2.689672209446617,3
2.722579773639628,3
2.755487337832638,3
2.788394902025648,3
2.8213024662186585,3
2.854210030411669,3
2.9421175905813657,3
2.975025154774376,3
3.0079327189673863,3
3.0408402831603967,3
3.073747847353407,3
3.1066554115464173,3
3.139562975739428,3
3.172470539932438,3
3.2053781041254483,3
3.2382856683184587,3
3.271193232511469,3
3.30410079670448,3
3.3370083608974896,3
3.3699159250905,3
3.4028234892835103,3
3.4357310534765206,3
3.523638613646217,3
3.556546177839228,3
3.6444537380089246,3
3.677361302201935,3
3.710268866394945,3
3.743176430587956,3
3.776083994780966,3
3.808991558973976,3
0.1000728384154291,4
0.1966799409280585,4
0.236259717900147,4
0.2744010845099767,4
0.3114267333632353,4
0.3475407744325241,4
0.3689046620159563,4
0.4429496742897508,4
0.5134387696925998,4
0.5793063653816689,4
0.6455412339469978,4
0.6532665866520302,4
0.6569016359243067,4
0.7105886168470149,4
0.703028660939308,4
0.6866895874263546,4
-0.3446497033689621,4
0.1000728384154291,5
0.1966799409280585,5
0.291259717900147,5
0.3844010845099767,5
0.4764267333632352,5
0.5125407744325241,5
0.5291269309944948,5
0.5936162956185183,5
0.6041351361326417,5
0.6115566371134957,5
0.615302974603652,5
0.6144199127573995,5
0.6075399139207331,5
0.5921392509025065,5
-0.4380967548805745,5
0.1000728384154291,6
0.2151243381986281,6
0.3301758379818272,6
0.4452273377650263,6
0.5602788375482254,6
0.6753303373314244,6
0.7764024370279031,6
0.8719145738448816,6
0.9098312118019776,6
0.945397735473128,6
0.9817776390280444,6
1.014935200002404,6
1.099258703079434,6
1.1243617040034253,6
1.2044646990414578,6
1.229567699965449,6
1.2546707008894402,6
1.3347736959274727,6
1.359876696851464,6
1.3849796977754552,6
1.4100826986994464,6
1.4351856996234376,6
1.51528869466147,6
1.5403916955854613,6
1.5654946965094525,6
1.5905976974334437,6
1.615700698357435,6
1.640803699281426,6
1.665906700205417,6
1.6910097011294083,6
1.7161127020533995,6
1.741215702977391,6
1.766318703901382,6
1.791421704825373,6
1.8165247057493643,6
1.841627706673356,6
1.866730707597347,6
1.891833708521338,6
1.916936709445329,6
1.9420397103693203,6
1.967142711293312,6
1.992245712217303,6
2.017348713141294,6
2.0424517140652854,6
2.067554714989277,6
2.092657715913268,6
2.117760716837259,6
2.14286371776125,6
2.1679667186852414,6
2.1930697196092326,6
2.218172720533224,6
2.243275721457215,6
2.268378722381206,6
2.2934817233051974,6
2.3185847242291886,6
2.34368772515318,6
2.368790726077171,6
2.393893727001162,6
2.4189967279251534,6
2.4440997288491446,6
2.469202729773136,6
2.5493057248111683,6
2.57440872573516,6
2.654511720773192,6
2.679614721697184,6
2.7047177226211745,6
2.7298207235451657,6
2.754923724469157,6
2.835026719507189,6
2.8601297204311806,6
2.885232721355172,6
2.910335722279163,6
2.9354387232031542,6
2.960541724127145,6
2.9856447250511366,6
3.010747725975128,6
3.0908507210131604,6
3.170953716051193,6
3.196056716975184,6
3.221159717899176,6
3.2462627188231665,6
3.326365713861199,6
3.3514687147851903,6
3.376571715709181,6
3.456674710747214,6
3.481777711671205,6
3.5618807067092377,6
3.586983707633229,6
3.61208670855722,6
3.6371897094812113,6
3.6622927104052025,6
3.6873957113291937,6
3.712498712253185,6
3.737601713177176,6
3.762704714101168,6
3.787807715025159,6
3.8129107159491498,6
3.838013716873141,6
3.863116717797132,6
3.8882197187211234,6
0.1000728384154291,7
0.1966799409280585,7
0.2958411715595178,7
0.3426973846946406,7
0.4438859408666408,7
0.544485581860359,7
0.6298802104771919,7
0.6565898788154907,7
0.678829046058733,7
0.7537181024432964,7
0.7742077355266399,7
0.8464750294566936,7
0.9145080466748066,7
0.978220777678568,7
0.9808115710963344,7
0.9749355999280548,7
-0.0460796865175627,7
0.1000728384154291,8
0.1971799409280585,8
0.292259717900147,8
0.3859010845099767,8
0.4694352546595522,8
0.5523152268043338,8
0.6347444434641438,8
0.6620041523655754,8
0.6890999121528921,8
0.7701971751390934,8
0.8515452762565552,8
0.9326560446878224,8
1.013540237138029,8
1.039585215146409,8
1.1207963213929302,8
1.1471792658569724,8
1.1737401650465282,8
1.2004855870207614,8
1.2193600402404496,8
1.2933512302801229,8
1.367342420319796,8
2.081207819680453,8
2.1568460393946176,8
2.180663533906222,8
2.204602491508008,8
2.2302790418516403,8
2.952174796188951,8
3.035666903878332,8
3.065040473292352,8
3.149684381137372,8
3.179614078650952,8
3.264846902738095,8
3.295402417356849,8
3.326302893857241,8
3.411858410040617,8
3.442940725411058,8
4.570013178909898,8
4.598813614274144,8
5.730850300217748,8
5.765186300898671,8
5.852470031405568,8
5.8855419032524825,8
5.919549836243272,8
5.954710385228276,8
5.991371458793759,8
6.030186446781039,8
6.072867384577871,8
6.179507119978547,8
6.231146855677247,8
6.282786591375947,8
6.334426327074647,8
6.427870778764367,8
6.470072629327655,8
6.577004025156379,8
6.628935428733707,8
6.680866832311034,8
6.732798235888362,8
6.78472963946569,8
6.8366610430430175,8
6.888592446620345,8
6.940523850197673,8
7.047455246026397,8
7.154386641855121,8
7.206318045432448,8
7.313249441261172,8
7.420180837089896,8
7.472112240667224,8
7.524043644244552,8
7.575975047821879,8
7.627906451399207,8
7.679837854976535,8
7.731769258553863,8
7.78370066213119,8
7.835632065708518,8
7.887563469285846,8
7.99449486511457,8
8.046426268691897,8
8.153357664520621,8
8.260289060349345,8
8.312220463926673,8
8.419151859755397,8
8.471083263332725,8
8.523014666910052,8
8.629946062738776,8
8.681877466316104,8
8.733808869893432,8
8.78574027347076,8
8.837671677048087,8
8.889603080625415,8
8.941534484202743,8
8.99346588778007,8
9.045397291357398,8
9.097328694934726,8
9.149260098512054,8
9.20119150208938,8
9.253122905666707,8
9.305054309244037,8
9.356985712821364,8
9.408917116398692,8
9.515848512227416,8
0.1000728384154291,9
0.1966799409280585,9
0.291259717900147,9
0.3844010845099767,9
0.4132853426312287,9
0.4963988490675767,9
0.5238446943734963,9
0.5507016271625836,9
0.6320317551766713,9
0.7125587627564748,9
0.7379694838349898,9
0.8182665664975722,9
0.8864113349740584,9
0.8968910431762417,9
0.905480147925504,9
0.915189773430415,9
0.9768890185554704,9
0.9799085267626872,9
0.9783917063654592,9
0.970877949036025,9
0.9548394809284438,9
-0.0209402312717209,9
0.1000728384154291,10
0.2081928663930287,10
0.3232443661762277,10
0.4353301300566271,10
0.5439501580342267,10
0.6505428604712855,10
0.7580471706923141,10
0.8185986704755132,10
0.9341501702587124,10
1.0377121936779194,10
1.088534142715842,10
1.1435925810557004,10
1.2591440808388994,10
1.3712298447192988,10
1.4867813445024978,10
1.6023328442856968,10
1.6628843440688958,10
1.7784358438520949,10
1.838987343635294,10
1.899538843418493,10
2.007043153639521,10
2.1110817279577505,10
2.2130929767354384,10
2.3297039414721343,10
2.4463149062088303,10
2.5629258709455263,10
2.624536835682222,10
2.741147800418918,10
2.802758765155614,10
2.91936972989231,10
3.6732283557811343,10
4.8348393167415225,10
4.897837984100875,10
4.960836651460227,10
5.023835318819579,10
5.086833986178931,10
5.20483265324026,10
7.119682888225611,10
8.799947480396327,10
10.819863537982997,10
12.505228022769984,10
12.63615449769884,10
14.912217224673329,10
17.56522949957082,10
17.69630294064278,10
19.911396286141866,10
22.57003503497068,10
22.71872442633796,10
25.64348433635208,10
25.795655524126428,10
28.146789394549955,10
28.300698687637265,10
28.45460798072457,10
28.608517273811884,10
28.7624265668992,10
29.960497917869684,10
30.059956980172064,10
30.214416042474447,10
30.35365249258821,10
30.45329176110404,10
30.552931029619856,10
30.70757029813568,10
31.5557127342676,10
32.34920541547794,10
32.504550916128345,10
34.21518599617779,10
34.350828794472264,10
35.12745008202928,10
35.22897877858957,10
35.385507475149865,10
35.54203617171016,10
37.25381011250208,10
37.4111461408599,10
39.12369847051316,10
39.28181288773231,10
40.99511666690382,10
41.792423160884375,10
41.92967234113162,10
42.70780926756567,10
43.89801010875459,10
44.05702319452434,10
44.21603628029409,10
44.37504936606384,10
44.51046995747711,10
45.978747555109,10
46.11584068615458,10
46.89214487564709,10
46.97607263797877,10
47.060912008094434,10
47.14686709596666,10
47.28045422191956,10
47.34818891044,10
47.41810966636279,10
47.49200506861546,10
47.57909576202968,10
47.666186455443885,10
47.753277148858096,10
47.84036784227231,10
47.96242186035254,10
49.70114780461894,10
0.1000728384154291,11
0.2151243381986281,11
0.3301758379818272,11
0.4452273377650263,11
0.5602788375482254,11
0.6203303373314244,11
0.7110052293195039,11
0.7945278918399126,11
0.8177492430462152,11
0.8380247036023647,11
0.852001009325555,11
0.9161253476543934,11
0.9742527471883804,11
0.9683490347145708,11
0.0024215530632645,11
0.1000728384154291,12
0.1966799409280585,12
0.2854799316416548,12
0.3753116117010878,12
0.4656932936201857,12
0.5594792352209853,12
0.5990593792091178,12
0.6930674673209952,12
0.7873534099350737,12
0.881933553625183,12
0.97555183481081,12
3.381152382601337,12
3.4820534051547813,12
6.481338864673214,12
9.490994143407017,12
12.858433104558744,12
16.600050393643183,12
19.16353938217411,12
21.545148574920344,12
21.62295307127625,12
21.69977788283809,12
21.775783875869724,12
21.851086463902604,12
21.9257725083606,12
21.999909756918584,12
22.07355253172089,12
22.146745362845145,12
22.219525418440952,12
22.29192419181872,12
22.363968709428484,12
22.4356824185878,12
22.507085854522035,12
22.57819715130087,12
22.704032439823,12
22.774606162433688,12
22.84493132492212,12
22.97001970074244,12
23.03988199827037,12
23.1095279990979,12
23.17896667337549,12
23.24820627677452,12
23.31725443259106,12
23.38611820173253,12
23.45480414274326,12
23.52331836358044,12
23.591666566510664,12
23.65985408723313,12
23.78288592912854,12
23.85076679337001,12
23.91850110550264,12
23.98609303899471,12
24.05354653617985,12
24.12086532694186,12
24.18805294543824,12
24.25441335899948,12
24.32066118336525,12
24.4373634095566,12
24.49900729770161,12
24.56059352062312,12
24.62212273580118,12
24.73859558589197,12
24.85501269922353,12
24.915445476636016,12
24.97580374375116,12
25.091088594641853,12
25.15130109171572,12
25.211442267070225,12
25.2715131237716,12
25.331514637062728,12
25.391447755505027,12
25.451313402058613,12
25.566112475105,12
25.625845849415967,12
25.68551437707228,12
25.7451188883352,12
25.80313747400969,12
25.916108557901868,12
25.97403258705188,12
26.031910000164057,12
26.089741227837926,12
26.147526692790727,12
26.205266810071905,12
26.26296198726985,12
26.32061262471132,12
26.378219115653728,12
26.427386069175025,12
26.53062473217374,12
26.57883394765966,12
26.62701388804903,12
26.675164723750846,12
26.723286623201687,12
26.77137975289977,12
26.81944427743823,12
26.8674803595376,12
26.91548816007762,12
26.963467838128285,12
27.066419550980207,12
27.11434345417431,12
27.217239701530865,12
27.26510844517788,12
0.1000728384154291,13
0.1966799409280585,13
0.2778827832232283,13
0.3580474318157004,13
0.4387042806635665,13
0.5188689292560386,13
0.5990335778485106,13
0.6244691764156388,13
0.6496857614408301,13
0.7296925247798728,13
0.8075399086962508,13
0.8849163563142585,13
0.9083945178578662,13
0.9866135590861606,13
1.0095862397144604,13
1.0323241339216995,13
1.109837776530819,13
1.1321367942879963,13
1.154230019558506,13
1.1761255921016502,13
1.197831025827961,13
1.2193532907555866,13
1.2406988577137756,13
1.3168737651000786,13
1.3928836421261597,13
1.413733756650524,13
1.4344290592859554,13
1.454974199194746,13
1.475373557318287,13
1.4956312612782288,13
1.5157512151788044,13
1.53573711450799,13
1.6106703826378157,13
1.6305515677820015,13
1.6503812060843277,13
1.6701598228107262,13
1.689887932051258,13
1.7645660475979614,13
1.7841946506093311,13
1.8037742362509537,13
1.823305277634697,13
1.8427882404218483,13
1.855683449205296,13
1.868531487431662,13
1.8813327965478468,13
1.8940878086875248,13
2.5999900275061893,13
2.612699168283777,13
2.625362854000466,13
2.637981494438188,13
2.650555491928296,13
2.663085241351561,13
2.6755711301381755,13
2.688013541061716,13
2.700412847582536,13
2.7127694194356966,13
2.7250836179743576,13
2.7373557989637423,13
2.749586313512461,13
2.8167961235310006,13
2.8289647814969587,13
3.536692809794383,13
3.5512127918343115,13
3.565672653276758,13
3.635073105354147,13
3.6494148508797455,13
3.663698567558365,13
3.677924922216969,13
3.692094566781359,13
3.761208134252863,13
3.7752662492136526,13
3.789269518588023,13
3.858218539987044,13
3.872113891426759,13
3.885956146303849,13
3.8997458615492153,13
3.913483582917886,13
3.9271698449890176,13
3.9408051730285454,13
3.954390081126528,13
3.967925072197156,13
4.036410637680726,13
5.493256040398316,13
7.309864350144105,13
7.334469933543639,13
7.358843591545062,13
7.382995607812242,13
7.406935390565829,13
7.430671582479315,13
7.454212150086002,13
7.5325644673000145,13
7.610870806981163,13
7.634131581072049,13
7.657347208369808,13
7.680518093068438,13
7.703644631911354,13
7.726727214191394,13
7.749766223613458,13
7.772762034569219,13
7.795715019587712,13
0.1000728384154291,14
0.1966799409280585,14
0.291259717900147,14
0.3856755457581206,14
0.4251726762204531,14
0.5195085023716945,14
0.6004538436144975,14
0.6764058668822435,14
0.7485717658609536,14
0.8252831523031381,14
0.9019945387453224,14
0.9783965472788004,14
1.0545072157591966,14
1.7742889125556138,14
1.8554468800038484,14
2.5782213260144378,14
2.6630372752160216,14
2.7480493236989165,14
2.8321497638434554,14
3.549327929756084,14
4.677105744621196,14
4.706196115604081,14
4.789399811318555,14
6.209681817582288,14
7.913271733811536,14
8.006542274048963,14
9.84123606353108,14
12.192571350625196,14
15.020179935982862,14
15.129252256146112,14
18.07840424894396,14
21.32542214736927,14
24.3417777944639,14
25.56561651473192,14
25.68956848508369,14
27.893373306774954,14
28.00279825546728,14
28.10672402747856,14
31.04843855270133,14
34.29749489196525,14
38.17398816633383,14
38.298096168380624,14
38.42157279606838,14
40.74307868834782,14
42.47711935008475,14
42.60134485847986,14
42.7252055077571,14
44.929168877586456,14
47.00009311149434,14
47.12477633076964,14
49.648408739939256,14
49.77383581763938,14
51.28573738532383,14
51.41109300925135,14
51.53616087666607,14
54.43538295688739,14
54.56182650534308,14
56.88625831867522,14
57.013273083558296,14
59.4436930964518,14
59.57132122944349,14
62.1848167130279,14
64.95356608127976,14
65.08303445963664,14
67.00460044168669,14
67.13416118444017,14
67.26348767382818,14
69.47277352322814,14
69.60245484629382,14
71.6784189969952,14
71.8082543660096,14
74.64713541784211,14
74.77774897931563,14
77.54831237575074,14
77.67968450162566,14
77.81092618117984,14
77.94200421480639,14
79.86513876133886,14
82.63643566477421,14
82.76849522254778,14
84.98041640377156,14
85.11272008145896,14
87.95393798674709,14
90.5726621651888,14
90.70639466792724,14
90.84009326723393,14
90.97369871874407,14
91.10719012397,14
93.88055346734724,14
96.31799989453776,14
96.45283623562472,14
99.42183301542823,14
99.55761506996006,14
99.69339574365786,14
99.8290718982141,14
102.16246295334258,14
102.28904876617575,14
104.81444178543788,14
104.94181994076348,14
106.67892279105662,14
0.1000728384154291,15
0.1966799409280585,15
0.291759717900147,15
0.3293501586854533,15
0.4208630013397419,15
0.5114898117133946,15
0.601706556328743,15
0.6915443317472438,15
0.7263457433690993,15
0.8161110537510873,15
0.8508405216856822,15
0.9405344022814328,15
0.975192947041068,15
1.06481640393741,15
1.0946550162405475,15
1.1244590280473934,15
1.209228679341148,15
1.238964197960566,15
1.3236658180028902,15
1.3533337673068748,15
1.38296827095456,15
1.4125695524633632,15
1.4421378279001222,15
1.4716733170569645,15
1.501176232275437,15
1.5306467858970867,15
1.5600851865381704,15
1.644491636928986,15
1.6738663425565468,15
1.7582095002651916,15
1.8425213133812648,15
1.8718019703299509,15
1.9010516701162563,15
1.9798587409675823,15
2.003605203506421,15
2.027291785729002,15
2.046432427865337,15
2.065514590394568,15
2.084538947594236,15
2.094719920110773,15
2.1048724025384296,15
2.114996555996012,15
2.1250925406710017,15
2.135160513956915,15
2.1452006323159445,15
2.1552130494163144,15
2.2201979149029363,15
2.230155386765372,15
2.240085609991919,15
2.249988732662868,15
2.259864901927184,15
2.269714261208545,15
2.279536953930627,15
2.289333120723139,15
2.2991029022157896,15
2.3088464371756423,15
2.318563862507116,15
2.3282553141833056,15
2.33792092538334,15
2.3475608302176703,15
2.357175159071456,15
2.421764041100513,15
2.4313276082173694,15
2.4408659858525503,15
2.4503793015972484,15
2.459867679317366,15
2.469331242878805,15
2.4787701152161468,15
2.488184417401325,15
2.497574269574951,15
2.506939790946316,15
2.5132079727844108,15
2.519476154622506,15
2.525744336460601,15
2.5320125182986963,15
2.5382807001367915,15
2.5445488819748867,15
2.550817063812982,15
2.557085245651077,15
2.5550246511482406,15
2.601467118867557,15
2.5929095878162194,15
2.5843520567648817,15
2.575794525713544,15
2.5672369946622062,15
2.5586794636108685,15
2.550121932559531,15
2.541564401508193,15
2.533006870456856,15
2.5244493394055176,15
2.570891807124834,15
2.5623342760734964,15
2.5537767450221587,15
2.545219213970821,15
2.5366616829194832,15
2.528104151868145,15
2.519546620816808,15
2.5659890885361243,15
2.5574315574847866,15
2.548874026433449,15
0.1000728384154291,16
0.1966799409280585,16
0.291259717900147,16
0.3844010845099767,16
0.4764267333632352,16
0.5650407799368742,16
0.5839046665316465,16
0.6560746782308462,16
0.7235842847114446,16
0.7892128356581571,16
0.8558312260394934,16
0.919086595702732,16
0.9237003961427156,16
0.9787262642605248,16
0.963902885265464,16
-0.0658167058752832,16
0.1000728384154291,17
0.1966799409280585,17
0.291259717900147,17
0.3306755457581206,17
0.3589989361352764,17
0.4420860620881795,17
0.4671731876875638,17
0.5393042253996609,17
0.5567430506195306,17
0.6229800755824326,17
0.6899671057905434,17
1.4015982846464394,17
1.414158308572638,17
2.125862443513739,17
3.3044268727968813,17
3.3836492613624216,17
4.801088006861079,17
4.832423543251622,17
4.918957782603371,17
5.005698946930039,17
5.037655973501074,17
5.124190212852824,17
5.851224125988352,17
5.93927560902344,17
7.587296710975039,17
10.174278722770085,17
10.269891271061766,17
10.365600907869208,17
10.460842916436064,17
11.656667539543974,17
11.75371451831566,17
11.79622992656337,17
11.894262222267258,17
11.937871073998082,17
11.982131736047137,17
12.027142097867596,17
12.125920457459555,17
13.270629686928856,17
13.372239945150485,17
13.47442225149976,17
13.522250620342362,17
13.623471071637738,17
15.275438477910626,17
17.113568832791913,17
18.954779436505905,17
21.494084885038006,17
23.63039927712785,17
25.99235730401384,17
26.105560382522214,17
29.117323134712624,17
32.233308442427884,17
32.99766025945292,17
33.12282669909412,17
33.24736732302055,17
33.371254095791066,17
34.18827662168471,17
34.2569478570458,17
34.38015554541637,17
34.50326013735093,17
35.957894120617254,17
36.01346176515375,17
36.06921278710519,17
36.11950695912395,17
36.22426841805731,17
39.05116985390936,17
39.09973425443326,17
39.14836781124626,17
39.19707149292384,17
39.30076106662904,17
41.2965939867035,17
42.4513607918046,17
42.50771751308539,17
42.56428496247343,17
42.67607241350778,17
42.78182662505277,17
42.8878420912064,17
42.93913321423896,17
43.04534401971468,17
45.05018774804952,17
46.72066889122451,17
48.73019484146315,17
50.74231962268244,17
50.80943368235639,17
50.877645244830525,17
51.00226500609464,17
51.12725994328847,17
53.1484342311612,17
55.44115880849743,17
57.61777153795161,17
57.76994272572596,17
58.56065954054382,17
58.658229174801725,17
58.810798809059634,17
58.90836844331754,17
59.04275014677682,17
59.12486456876794,17
59.21347540567971,17
59.31104503993762,17
59.408614674195526,17
59.56118430845344,17
0.1000728384154291,18
0.1971799409280585,18
0.292259717900147,18
0.3859010845099767,18
0.4784267333632353,18
0.5700407744325242,18
0.6500858271219736,18
0.7296958229264748,18
0.7541017087583748,18
0.8333114910245083,18
0.8573325716507276,18
0.8811718140560926,18
0.9597501276956046,18
0.9832444057435348,18
1.061656037281709,18
1.1399863662155243,18
1.161724800425944,18
2.2858079617800087,18
2.3111746685536474,18
2.337505780342397,18
3.058849059227285,18
3.086946139294085,18
3.169946128684458,18
3.19695046189743,18
3.278814595374641,18
3.362928729686317,18
3.447042863997993,18
3.5286241138311,18
5.354024704727706,18
5.437185790571746,18
5.466463575321612,18
5.550741354185519,18
7.532603899198946,18
7.568727167505202,18
7.605027446705279,18
7.641511233705458,18
7.6781855171503395,18
7.715057848203358,18
7.752136392700848,18
7.7894300242843,18
7.881696263510165,18
7.918935248810229,18
7.956147136348662,18
7.993332067686495,18
8.03049018811005,18
8.122621646332917,18
8.15972657706159,18
8.19680512155908,18
8.233857421386418,18
8.270883610654053,18
10.101173808980164,18
11.984933545994934,18
12.021907920199808,18
12.058856586176333,18
12.095779678034958,18
12.132677326160843,18
12.169549657213864,18
12.206396797853884,18
12.298218878168043,18
12.335016017961678,18
12.371788343596634,18
12.408535978007492,18
12.445259044128832,18
12.481957661169943,18
12.518631944614825,18
12.555282017398056,18
12.591907991278347,18
12.628509985464987,18
12.665088111716685,18
12.70164248551744,18
12.73817321862596,18
12.774680422800955,18
12.866164209503111,18
12.902624683636605,18
12.939061956662115,18
12.975476136613068,18
13.011867327797589,18
13.046637566942152,18
13.081430902886568,18
13.11624743993896,18
13.15108728613275,18
13.185950553226649,18
13.220837349254069,18
13.255747785973725,18
13.290681975144324,18
13.325640028524576,18
13.360622065323769,18
13.39562819730061,18
13.430658543664393,18
13.465713219899117,18
13.500792345214066,18
13.535896042543826,18
13.571024431097683,18
15.86356378923672,18
15.903878512042937,18
15.944193234849152,18
15.984507957655367,18
16.024822680461583,18
16.065137403267798,18
16.105452126074013,18
0.1000728384154291,19
0.1971799409280585,19
0.292259717900147,19
0.3859010845099767,19
0.4784267333632353,19
0.5685167136772524,19
0.6583235995212721,19
0.7453926595605066,19
1.8748817237771205,19
1.960467995957201,19
3.607156338051622,19
3.644177703068321,19
3.680980054543083,19
3.717572586492365,19
3.753963747874563,19
3.790161335722273,19
3.8261725659228016,19
3.862004136548107,19
3.8976622800088574,19
3.933152811483209,19
3.968481166169708,19
4.003652440265482,19
4.093671420470541,19
4.128542603806322,19
4.163270236805742,19
4.197858324155872,19
4.232310658202236,19
4.321630826101368,19
4.355822229639356,19
4.4448881017721344,19
4.4753926618701865,19
4.5057970153845,19
4.536103136718934,19
4.62131291616029,19
4.7064281775361945,19
4.736450666443174,19
4.766382079452937,19
4.796224044517343,19
4.825978133708899,19
4.855645863220756,19
4.885228704542582,19
4.907749555886452,19
6.032690547288125,19
7.44932033854789,19
7.534559331715767,19
7.619703687608903,19
7.64975516486234,19
7.679715454459851,19
7.709586191803877,19
7.739368948966925,19
7.769065249592726,19
7.798676561445658,19
7.883204307288592,19
7.96764985832638,19
7.997014544785683,19
8.02629965531892,19
9.663073122382825,19
11.304242431998912,19
11.33589668560094,19
11.367474987984364,19
11.398978475362725,19
11.430408254147236,19
11.46176538977093,19
11.493050925315089,19
11.524265872196024,19
11.555411212027732,19
11.586487898484531,19
11.617496866614289,19
11.648439017937248,19
11.679315235347216,19
11.765126373500292,19
11.79587327118284,19
11.826556742072766,19
11.857177583382194,19
11.887736566246216,19
11.918234450624054,19
11.947882810489004,19
12.032481321946449,19
12.06203047360546,19
12.146530749157732,19
13.268809916333025,19
15.145002009228532,19
15.174386894211834,19
16.30063024710185,19
16.328204877556033,19
16.41072375315494,19
16.438187474266357,19
16.465596649677224,19
16.54795186582274,19
16.57525370258159,19
16.60250272217459,19
16.629699475944705,19
16.65684450592167,19
16.68393833923406,19
16.765981495261855,19
16.792974484965868,19
16.81991780537433,19
16.84681194636292,19
16.87365738476879,19
16.900454591841168,19
0.1000728384154291,20
0.1966799409280585,20
0.236759717900147,20
0.3304010845099767,20
0.3627955142893914,20
0.395189944068806,20
0.4711303330595047,20
0.4918992766828103,20
0.5675024592695314,20
0.5882714028928369,20
0.6640403465161424,20
0.6827307351658445,20
0.7562496744821172,20
0.7760650635490518,20
0.7960579850504499,20
0.8162349768707853,20
0.8366030742207866,20
0.8546039060483079,20
0.9276709602007966,20
0.945805133206616,20
0.9640073356012206,20
1.0274475094655853,20
1.035957610120843,20
1.0445386337841254,20
1.0570256643722158,20
1.0727350347468954,20
2.249354802889596,20
2.960914038939248,20
3.0343980052301984,20
3.051954964993368,20
3.0695860002914768,20
3.087292224986325,20
3.105074788329969,20
3.177934872804056,20
3.193145359752546,20
3.20827832527257,20
3.2259845499674182,20
3.2987671186009746,20
3.3166272015104394,20
3.389566031170855,20
3.407584858013163,20
3.416228989025424,20
3.4799557643736105,20
3.5437665822709303,20
3.552662867938946,20
3.561646112127076,20
3.570717854311536,20
3.579879688916574,20
3.58913326903976,20
3.5984803101772767,20
3.607922592086564,20
3.6174619643742543,20
3.682100348060797,20
3.691839747017096,20
3.756682246809672,20
3.755432304463195,20
3.80918236123662,20
3.862932418010044,20
3.861682475663568,20
3.915432532436992,20
3.905423916995372,20
3.89521919854715,20
3.8848257783128273,20
3.874250519208456,20
3.86349980358764,20
3.852579580738986,20
3.84149540879562,20
3.8302524929194095,20
3.818855718828584,20
3.807309679806079,20
3.7956187037078974,20
3.783786872520889,20
3.82681804721042,20
3.8147158800883534,20
3.802483835376645,20
3.845316306806947,20
3.833214139684881,20
3.821178198911096,20
3.809209372967328,20
3.797308575481024,20
3.7854767442940127,20
3.8287148439584624,20
3.8170238678602826,20
3.805404835499669,20
3.793858796477164,20
3.7823868329895984,20
3.770990058898772,20
3.759669622525419,20
3.803426707282509,20
3.79226253379866,20
3.781178361855293,20
3.7701754925100457,20
3.8142552693633687,20
3.803419081613268,20
3.792668365992452,20
3.782004608891752,20
3.771429349787379,20
3.815944180942918,20
3.805550760708595,20
3.850250798396612,20
0.1000728384154291,21
0.1909427121775598,21
0.2798281759517641,21
0.3694557399051638,21
0.4596101120608301,21
0.5495415777461977,21
0.638841569473073,21
0.7295209169881792,21
1.5146204829709975,21
1.6065728515880555,21
1.6435252205031363,21
1.73529792581968,21
2.467309303631112,21
2.507232427646444,21
2.602572456051633,21
2.643367346425578,21
2.684662655045316,21
2.726514089901969,21
2.768991340001151,21
2.812184095432088,21
2.856212120552585,21
2.892748184551522,21
2.9846177101629228,21
3.0218445249395818,21
3.0594561435776204,21
3.097484670628831,21
3.1359680556254834,21
3.1749518588679284,21
3.21449179207258,21
3.254657540519759,21
3.2955387942986936,21
3.337255317767188,21
3.379975192298218,21
3.423951640774533,21
3.4696104489760846,21
3.517823386986777,21
3.571529384751841,21
3.6252353825169057,21
3.67894138028197,21
3.732647378047034,21
3.7863533758120975,21
3.840059373577162,21
3.893765371342227,21
3.947471369107291,21
4.001177366872355,21
4.054883364637419,21
4.108589362402483,21
4.162295360167548,21
4.271001365085169,21
4.379707370002791,21
4.433413367767855,21
4.487119365532919,21
4.540825363297984,21
4.594531361063048,21
4.703237365980669,21
4.756943363745734,21
4.810649361510798,21
4.864355359275862,21
4.918061357040926,21
4.971767354805991,21
5.025473352571055,21
5.079179350336119,21
5.132885348101183,21
5.186591345866248,21
5.295297350783869,21
5.349003348548933,21
5.402709346313998,21
5.456415344079062,21
5.510121341844126,21
5.56382733960919,21
5.672533344526812,21
5.726239342291876,21
5.7799453400569405,21
5.833651337822005,21
5.887357335587069,21
5.941063333352133,21
5.9947693311171975,21
6.048475328882262,21
6.102181326647326,21
6.210887331564948,21
6.319593336482569,21
6.373299334247633,21
6.427005332012698,21
6.480711329777762,21
6.534417327542826,21
6.58812332530789,21
6.641829323072955,21
6.695535320838019,21
6.80424132575564,21
8.70114233722262,21
10.832023885150477,21
12.675761964221522,21
15.093064000630054,21
17.9193138785993,21
20.46994183415169,21
23.10284269440308,21
26.064151385700363,21
27.52074384463352,21
27.58981746846055,21
27.657908272720032,21
0.1000728384154291,22
0.1966799409280585,22
0.291259717900147,22
0.3294010845099767,22
0.3664267333632353,22
0.4575407744325241,22
0.4789046620159563,22
0.5452018951206621,22
1.7198661540775713,22
2.8451415275364336,22
2.8633440968721326,22
2.881280645090264,22
2.8989646149008688,22
2.916408152612966,22
2.9821016949742254,22
4.798288719090742,22
6.831553594502729,22
9.004280940923017,22
11.588475124272628,22
11.687387393149656,22
11.786760875317375,22
14.370438405606071,22
17.77520591888122,22
21.257721253964228,22
25.44460661996721,22
28.61443787956568,22
31.639896961753333,22
35.03689815105034,22
38.644975595439234,22
42.1693824524509,22
45.72852762269724,22
49.491633023124606,22
53.2818222267962,22
57.45072859714976,22
57.55867396649935,22
57.66656077269717,22
57.831921060104165,22
57.94738960374882,22
58.07368710633164,22
58.19998460891446,22
58.326282111497285,22
58.50757961408011,22
58.63387711666293,22
58.76017461924575,22
58.886472121828575,22
59.0127696244114,22
59.13906712699422,22
59.32036462957704,22
59.446662132159865,22
59.57295963474269,22
59.69925713732551,22
59.82555463990833,22
59.95185214249116,22
60.07814964507398,22
60.2594471476568,22
60.38574465023962,22
60.512042152822445,22
60.69333965540527,22
60.81963715798809,22
60.94593466057091,22
61.072232163153735,22
61.19852966573656,22
61.32482716831938,22
61.4511246709022,22
61.57742217348503,22
61.70371967606785,22
61.83001717865067,22
61.95631468123349,22
62.08261218381632,22
62.20890968639914,22
62.33520718898196,22
62.461504691564784,22
66.42919013548654,22
70.60409522705754,22
70.73501627206427,22
70.865937317071,22
70.99685836207773,22
71.12777940708446,22
71.25870045209119,22
71.38962149709792,22
71.52054254210465,22
71.70646358711139,22
71.83738463211812,22
71.96830567712485,22
72.09922672213158,22
72.28514776713831,22
72.41606881214504,22
72.54698985715177,22
72.6779109021585,22
72.80883194716523,22
72.99475299217197,22
73.1256740371787,22
73.25659508218543,22
73.38751612719216,22
73.51843717219889,22
73.64935821720562,22
73.83527926221235,22
73.96620030721908,22
74.09712135222581,22
74.22804239723254,22
0.1000728384154291,23
0.1971799409280585,23
0.2940430926198407,23
0.3910267320695182,23
0.4877722312742495,23
0.5846353829660318,23
0.6812659345796396,23
0.7241856317397578,23
0.8210487834315401,23
0.917679335045148,23
1.0084160376644105,23
1.0445326698185626,23
1.074470501453393,23
1.1050341488029936,23
1.1363133003707977,23
1.2182349431526562,23
1.300557473601093,23
1.383334861994972,23
1.4134323000174662,23
1.4447116851073405,23
1.477541841493239,23
1.5126319228869578,23
1.5519584938150546,23
1.596778124497523,23
1.6415977551799914,23
1.6864173858624598,23
1.7312370165449282,23
1.7760566472273966,23
1.820876277909865,23
1.9206959082943105,23
1.9655155389767789,23
2.010335169659247,23
2.0551548003417155,23
2.099974431024184,23
2.1447940617066523,23
2.1896136923891207,23
2.234433323071589,23
2.3342529534560343,23
2.3790725841385028,23
2.478892214522948,23
2.5237118452054164,23
2.5685314758878848,23
2.613351106570353,23
2.6581707372528216,23
2.70299036793529,23
2.7478099986177584,23
2.792629629300227,23
2.837449259982696,23
2.882268890665164,23
2.927088521347632,23
2.9719081520301005,23
3.016727782712569,23
3.0615474133950373,23
3.1063670440775057,23
3.206186674461951,23
3.25100630514442,23
3.295825935826888,23
3.395645566211333,23
3.4404651968938014,23
3.5402848272782466,23
3.585104457960715,23
3.629924088643184,23
3.674743719325652,23
3.71956335000812,23
3.7643829806905886,23
3.809202611373057,23
3.8540222420555255,23
3.95384187243997,23
3.998661503122439,23
4.043481133804908,23
4.088300764487376,23
4.133120395169844,23
4.177940025852313,23
4.222759656534781,23
4.2675792872172496,23
4.312398917899718,23
4.357218548582186,23
4.402038179264655,23
4.446857809947123,23
4.491677440629592,23
4.53649707131206,23
4.636316701696505,23
4.73613633208095,23
4.835955962465396,23
4.880775593147864,23
4.980595223532309,23
5.080414853916754,23
5.1802344843012,23
5.225054114983668,23
5.324873745368113,23
5.369693376050582,23
5.41451300673305,23
5.459332637415518,23
5.559152267799964,23
5.603971898482432,23
5.6487915291649005,23
5.693611159847369,23
5.738430790529837,23
5.783250421212306,23
5.828070051894774,23
0.1000728384154291,24
0.1966799409280585,24
0.291259717900147,24
0.3844010845099767,24
0.470239871767648,24
0.5574855447088559,24
0.6440099716459592,24
0.7299041912232717,24
0.7609888255869229,24
0.8465702399884542,24
0.9319945737992604,24
1.0175759882007918,24
1.0483195796881994,24
1.1342307791386923,24
1.2099748268996555,24
1.2309194762532791,24
1.252073110667356,24
1.321645537046083,24
1.3387317933415257,24
1.3560091570292792,24
1.4216694548999151,24
1.436537884761878,24
2.1493656864662847,24
2.169218130995818,24
2.189248530780264,24
2.264463453208395,24
2.2848699694772443,24
2.3054757142712554,24
2.326288957734891,24
2.3473186852683505,24
2.3685746962477645,24
2.3900677195091924,24
2.411809549321719,24
2.429080907841512,24
2.5015696926315507,24
2.5192857893456897,24
2.534485112530478,24
2.55000301509101,24
2.565861184736081,24
2.637084480961152,24
2.7084100066025933,24
2.7251631511648378,24
2.7423839258303127,24
2.760120621537157,24
2.778432664116212,24
2.8504565550287446,24
2.8683031449367484,24
2.8867386492242297,24
2.9058418112148723,24
2.925715726455041,24
2.946501250033565,24
2.968402490605899,24
2.9917421421309194,24
3.0171091189881047,24
3.045941832130142,24
3.1378217289497337,24
3.1747016297926387,24
3.211581530635544,24
3.248461431478449,24
3.285341332321354,24
3.3772212291409454,24
3.4141011299838504,24
3.505981026803442,24
3.542860927646347,24
3.579740828489252,24
3.616620729332157,24
3.653500630175062,24
3.7453805269946536,24
3.782260427837559,24
3.819140328680464,24
3.8560202295233688,24
3.892900130366274,24
3.929780031209179,24
3.966659932052084,24
4.058539828871675,24
4.09541972971458,24
4.132299630557485,24
4.16917953140039,24
4.206059432243295,24
4.2429393330862,24
4.279819233929105,24
4.31669913477201,24
4.353579035614915,24
4.39045893645782,24
4.427338837300725,24
4.464218738143631,24
4.501098638986536,24
4.5379785398294405,24
4.574858440672346,24
4.666738337491937,24
4.703618238334842,24
4.740498139177747,24
4.777378040020652,24
4.814257940863557,24
4.906137837683149,24
4.943017738526054,24
4.979897639368959,24
5.016777540211864,24
5.053657441054769,24
5.090537341897674,24
0.1000728384154291,25
0.1966799409280585,25
0.2942489029039251,25
0.3916124718884922,25
0.4883579710932235,25
0.5845534658218831,25
0.6794692936798566,25
0.7737783172528089,25
0.8671757330417914,25
0.9599578483669876,25
1.0521921526796263,25
1.0893329963272045,25
1.1263820942814415,25
2.319601822022447,25
2.413444414371436,25
3.55308824485349,25
3.649418960677372,25
3.745494663728993,25
3.7873600801397744,25
3.8292810526776817,25
3.926258205581924,25
4.0232921772794175,25
4.120297658871338,25
4.213290560673401,25
4.251257888655588,25
4.343976407926008,25
4.382837384622023,25
4.476674258391783,25
4.570345632414743,25
4.609134666304514,25
4.648044187258408,25
4.687077171783373,25
4.781011141519472,25
4.820222261975929,25
4.854827850739881,25
4.889568220506832,25
4.92444710401766,25
4.959468446354792,25
4.994636427293941,25
5.0299554762052745,25
5.065430301855728,25
5.101065911035463,25
5.136867649536058,25
5.172841224502251,25
5.263575847874805,25
6.6892798502551765,25
8.118131097088977,25
9.956524666081592,25
10.00437581879966,25
10.052989314924403,25
10.102502669821902,25
10.206741984616444,25
12.395039733182116,25
14.0623150427448,25
15.511006410847829,25
16.337396319638415,25
18.50264686001745,25
20.670455026518844,25
22.552319225881423,25
24.25321104293433,25
24.384686286185364,25
26.08684833222697,25
28.12714466154673,25
28.27653084181117,25
30.93865138704705,25
33.17181582818824,25
34.93589300913816,25
35.0357110006719,25
35.13552899220564,25
35.23534698373938,25
35.39016497527312,25
36.18348324009118,25
36.33865432434929,25
36.43882540860741,25
36.59399649286552,25
36.74916757712364,25
38.459634975072696,25
39.25414572041543,25
39.35550928519822,25
39.456872849981,25
40.71234037856736,25
40.8691956184856,25
40.971212306910346,25
41.12822899533509,25
41.28524568375984,25
42.486351926748014,25
43.975760705087055,25
45.23294139386692,25
45.39150979397866,25
46.18852284127602,25
46.985829335256575,25
47.08998864867719,25
48.63601758133796,25
49.83978609992379,25
51.04396824480792,25
52.75964834964441,25
54.25270817485059,25
54.41460251008128,25
54.52149684531196,25
54.68339118054264,25
0.1000728384154291,26
0.1966799409280585,26
0.291759717900147,26
0.3854010845099767,26
0.4779267333632352,26
0.5145407744325241,26
0.5493060848145122,26
0.5834307896970188,26
0.6169877210817911,26
0.70503482783328,26
0.7929064779857125,26
0.8805376972048068,26
0.913145497177339,26
0.945729987084342,26
1.0332912750935628,26
1.1206930962839037,26
1.2069885838073071,26
1.23835272229477,26
1.3247864674748262,26
1.352714855221041,26
1.4356196038396438,26
1.5186436884076675,26
1.6040186770231804,26
1.690161358562239,26
1.7762801684410652,26
1.86259317770315,26
2.99589145555807,26
3.085470523682364,26
3.1749448738963686,26
3.249470341947802,26
4.380500901487597,26
6.027123797682055,26
7.165523279455432,26
7.26083071902109,26
7.356010761109122,26
7.397541623559722,26
7.49493398889614,26
7.538367837664612,26
7.583118773993977,26
7.629662878808507,26
7.67902963235689,26
7.790503311899432,26
7.856706548479327,26
7.964714501050242,26
9.13141760602308,26
9.254508439448603,26
9.322599273172148,26
9.390690106895692,26
9.458780940619238,26
9.56988229974819,26
11.432964231816062,26
13.453284885731469,26
13.52769551798416,26
13.65710614248825,26
13.747706379738576,26
14.496446456757315,26
14.559830110517272,26
14.630145240572222,26
14.700460370627171,26
14.82577548548294,26
16.84617171808792,26
18.869405370202788,26
20.740574222055205,26
20.874983619895705,26
20.954393018034228,26
23.170643676069503,26
23.307452682402857,26
26.03271460905386,26
28.686566118148097,26
28.83046819641901,26
31.566084990987765,26
31.662644455941265,26
31.79425900066194,26
33.81944170275934,26
33.94854918077052,26
35.122474406960606,26
35.251749147658686,26
37.174337015728575,26
37.293042288403136,26
39.84921326123916,26
40.614164630782085,26
40.686007429995534,26
40.812697545589685,26
41.9836611179081,26
42.05644745844335,26
42.12971034987763,26
42.22608557621223,26
43.72307244220954,26
46.0840143291114,26
48.09531989428982,26
50.36052779023807,26
52.51003396606318,26
55.06799855267747,26
55.19605648950376,26
55.96321602355137,26
56.03777745136907,26
56.112955774292566,26
56.24318485907338,26
57.76117525699813,26
57.83843088338401,26
0.1000728384154291,27
0.1966799409280585,27
0.2915278584848212,27
0.3988003046403693,27
0.5065727518091964,27
2.178631798284407,27
2.281530737429685,27
2.384985804750514,27
2.4863166885514976,27
2.5461878182430984,27
2.606058947934699,27
2.7209300773282767,27
2.780801207019877,27
2.895672336413455,27
4.344965353800845,27
4.4086585419317,27
4.527351729764533,27
4.591044917895388,27
4.654738106026244,27
4.718431294157099,27
4.782124482287955,27
4.8458176704188105,27
4.909510858549666,27
4.973204046680522,27
5.036897234811377,27
5.100590422942233,27
5.164283611073088,27
5.227976799203944,27
5.291669987334799,27
5.355363175465655,27
5.419056363596511,27
5.482749551727366,27
5.546442739858222,27
5.610135927989077,27
5.673829116119933,27
5.737522304250788,27
5.801215492381644,27
5.919908680214476,27
5.983601868345332,27
6.047295056476187,27
6.110988244607043,27
6.229681432439875,27
6.293374620570731,27
6.412067808403563,27
6.530760996236396,27
6.594454184367251,27
6.658147372498107,27
6.721840560628962,27
6.785533748759818,27
6.849226936890673,27
6.912920125021529,27
8.826980240835738,27
11.206738756608765,27
13.367058807093496,27
15.58554294935544,27
18.447384734764807,27
21.48598010661124,27
25.020312811746784,27
26.27478559889729,27
28.040916093379742,27
28.142608675428097,27
28.24430125747645,27
28.400993839524805,27
28.50268642157316,27
28.60437900362152,27
28.761071585669868,27
28.862764167718225,27
28.964456749766576,27
29.06614933181493,27
29.167841913863285,27
29.32453449591164,27
29.42622707796,27
29.527919660008347,27
29.6296122420567,27
29.731304824105056,27
29.83299740615341,27
29.934689988201765,27
30.09138257025012,27
30.19307515229848,27
30.349767734346827,27
30.45146031639518,27
30.55315289844353,27
30.65484548049189,27
30.756538062540244,27
30.8582306445886,27
30.95992322663696,27
31.061615808685307,27
31.16330839073366,27
31.265000972782016,27
31.42169355483037,27
31.523386136878724,27
31.62507871892708,27
31.726771300975432,27
31.828463883023787,27
31.93015646507214,27
32.031849047120495,27
32.133541629168846,27
32.235234211217204,27
32.33692679326556,27
32.43861937531392,27
0.1000728384154291,28
0.1966799409280585,28
0.2942489029039251,28
0.3936229316074784,28
0.4408496846033698,28
0.5423609333810578,28
0.5742669663572555,28
0.6505237556243186,28
0.7219801879668479,28
0.7952216825628524,28
0.8660954347992187,28
0.9332089535141236,28
0.9409178080217784,28
0.9435378358879928,28
-0.0651779128989333,28
0.1000728384154291,29
0.1966799409280585,29
0.3117314407112576,29
0.4267829404944566,29
0.5418344402776557,29
0.6568859400608548,29
0.7004580380775937,29
0.7978451731064328,29
0.8357618110635289,29
0.926328334436656,29
0.9627082379915722,29
1.0453727426388273,29
1.0746962441512355,29
1.1542992456265695,29
1.172780308351756,29
1.2375818150498876,29
0.2324567692735204,29
0.1000728384154291,30
0.2151243381986281,30
0.3306758379818272,30
0.4462273377650262,30
0.5617788375482253,30
0.6773303373314243,30
0.7353818340755802,30
0.8484333379722935,30
0.9614848418690068,30
1.07453634576572,30
1.135087845548919,30
1.250639345332118,30
1.366190845115317,30
1.426742344898516,30
1.4872938446817152,30
1.5478453444649145,30
1.6083968442481134,30
1.6689483440313124,30
1.7294998438145115,30
1.7900513435977106,30
1.8506028433809096,30
1.9111543431641087,30
1.971705842947308,30
2.0322573427305066,30
2.0928088425137057,30
2.1533603422969048,30
2.213911842080104,30
2.274463341863303,30
2.390014841646502,30
2.450566341429701,30
2.5111178412129003,30
2.5716693409961,30
2.6322208407792984,30
2.692772340562497,30
2.7533238403456965,30
2.813875340128896,30
2.8744268399120947,30
2.9349783396952938,30
2.995529839478493,30
3.056081339261692,30
3.171632839044891,30
3.23218433882809,30
3.2927358386112893,30
3.3532873383944883,30
3.468838838177688,30
3.529390337960886,30
3.5899418377440857,30
3.6504933375272848,30
3.711044837310484,30
4.521813151911539,30
5.279470894557065,30
6.445151371433123,30
6.512219559641073,30
6.579287747849023,30
6.646355936056972,30
8.157718381868577,30
10.02338793729998,30
11.892320829307016,30
14.331619715781102,30
16.719671836247826,30
18.942176295363616,30
21.43126226078117,30
24.06532530324916,30
26.464262063208142,30
26.560613730173085,30
26.656965397138023,30
26.80831706410296,30
26.9046687310679,30
27.00102039803284,30
27.09737206499777,30
27.19372373196272,30
27.29007539892765,30
27.4414270658926,30
27.53777873285753,30
27.63413039982247,30
27.78548206678741,30
27.881833733752348,30
27.978185400717287,30
28.074537067682225,30
28.170888734647164,30
28.322240401612103,30
28.41859206857704,30
28.51494373554198,30
28.61129540250692,30
28.707647069471857,30
28.8589987364368,30
28.95535040340173,30
29.05170207036668,30
29.14805373733161,30
29.29940540429655,30
29.39575707126149,30
29.547108738226427,30
29.64346040519137,30
29.739812072156305,30
29.891163739121243,30
29.98751540608618,30
30.08386707305112,30
30.18021874001606,30
30.276570406981,30
30.372922073945936,30
0.1000728384154291,31
0.1966799409280585,31
0.291259717900147,31
0.3819010898059507,31
0.4714267447179456,31
0.5058741204029222,31
0.5255713432615896,31
0.5433663546627661,31
0.6111930206006666,31
0.6217275250291725,31
0.6331498136332532,31
0.6964051832964917,31
0.7558176142683526,31
1.8665483815184136,31
2.9848411900511285,31
5.016439042758037,31
7.597562871645977,31
10.264345489214946,31
13.145452581118631,31
16.206553946302698,31
19.456847339477928,31
22.82774326119315,31
24.51458770543989,31
24.650066068766066,31
24.739979780337404,31
24.83794068147091,31
24.93590158260442,31
25.033862483737927,31
25.186823384871435,31
25.339784286004942,31
25.43774518713845,31
25.53570608827196,31
25.633666989405462,31
25.731627890538974,31
25.82958879167248,31
25.92754969280599,31
26.025510593939497,31
26.123471495073005,31
26.22143239620652,31
26.31939329734002,31
26.41735419847353,31
26.51531509960704,31
26.613276000740544,31
26.71123690187405,31
26.80919780300756,31
26.907158704141068,31
27.005119605274576,31
27.103080506408084,31
27.25604140754159,31
27.4090023086751,31
27.506963209808607,31
27.604924110942115,31
27.702885012075622,31
27.80084591320913,31
27.89880681434264,31
27.996767715476143,31
28.09472861660965,31
28.19268951774316,31
28.29065041887667,31
28.388611320010178,31
28.486572221143685,31
28.5845331222772,31
28.6824940234107,31
28.78045492454421,31
28.87841582567772,31
29.031376726811224,31
29.18433762794473,31
29.28229852907824,31
29.380259430211748,31
29.478220331345256,31
29.576181232478763,31
29.67414213361227,31
29.77210303474578,31
29.925063935879287,31
30.023024837012795,31
30.120985738146302,31
30.21894663927981,31
30.31690754041332,31
30.414868441546822,31
30.567829342680334,31
30.66579024381384,31
30.76375114494735,31
30.861712046080857,31
30.959672947214365,31
31.11263384834788,31
31.21059474948138,31
31.30855565061489,31
31.4065165517484,31
31.504477452881904,31
31.60243835401541,31
31.70039925514892,31
31.798360156282428,31
31.95132105741593,31
32.04928195854944,31
32.147242859682954,31
32.245203760816466,31
32.34316466194998,31
32.44112556308349,31
32.539086464217,31
32.63704736535051,31
0.1000728384154291,32
0.1966799409280585,32
0.291259717900147,32
0.3849010845099767,32
1.8099328554740464,32
1.902690397088414,32
1.9920039935754592,32
2.080114082877522,32
2.113107563440686,32
2.1455521895335967,32
2.1775022945152576,32
2.2640024176584537,32
2.336485338841563,32
2.4051250344859416,32
2.41539080857951,32
2.4229676988692934,32
2.4861183953257258,32
2.545935944166964,32
2.606221542206591,32
2.6114595960611457,32
2.6677696425253505,32
2.669048437128773,32
2.670296175849622,32
2.726513049078172,32
2.782745333832686,32
2.783993072553536,32
2.785256315001285,32
2.841535110005176,32
2.842829505193045,32
2.89913955165725,32
2.9004652949301506,32
2.956213034900834,32
4.063285507473161,32
4.1267769562331935,32
4.135299849535336,32
4.143854388247242,32
4.152440774465909,32
4.161059212150981,32
4.2240663582710525,32
4.928605180445125,32
6.100352626505305,32
6.118503743994047,32
6.136670861604621,32
6.154854031491091,32
6.173053303944876,32
6.19126873112004,32
6.205267857040276,32
6.219266982960512,32
6.288266109514048,32
6.302265235434284,32
6.31626436135452,32
6.330263487274756,32
6.399166151161303,32
7.110496505375018,32
7.130522706757297,32
7.205597535918464,32
7.225721460978498,32
7.30074766765069,32
8.713162814478387,32
8.794218314091673,32
8.875257601241579,32
8.955851552288046,32
9.036335957447996,32
9.749131930272092,32
9.823875976006498,32
9.84371711241733,32
9.857660325455477,32
9.871704552534034,32
9.885851876090278,32
9.900104466105809,32
9.914464587557127,32
9.928934603209605,32
9.943516983862033,32
9.95821431207191,32
9.973029292399993,32
9.9879647597922,32
9.994469127829184,32
10.056100084657778,32
10.062860918908378,32
10.069755094337276,32
10.07678626452293,32
10.138958289965052,32
10.146275252780876,32
10.208741479299029,32
10.216361565261144,32
10.224140394224785,32
10.232083172283131,32
10.295195460996588,32
10.303483203730543,32
10.366952785036524,32
10.430611067197283,32
10.43946545359399,32
10.44852394957747,32
10.457795243456026,32
10.46728879653569,32
10.47701494929101,32
10.486985052681526,32
10.497211622751315,32
10.56270852938946,32
10.573491227558812,32
0.1000728384154291,33
0.1966799409280585,33
0.291259717900147,33
0.3864597581155855,33
0.4830668606282149,33
0.5777007677079116,33
0.6614287309766684,33
0.6963936798692618,33
0.7898103110910331,33
0.8253768347621833,33
0.8617567383170996,33
0.9499143027187262,33
0.9835718647063648,33
1.0722294301212705,33
1.1058869921089087,33
1.1395445540965472,33
1.1732021160841857,33
1.206859678071824,33
1.2405172400594626,33
1.332397136879054,33
1.3692770377219592,33
1.4611569345415507,33
1.5530368313611422,33
1.5899167322040473,33
1.6817966290236388,33
1.7186765298665438,33
1.755556430709449,33
1.792436331552354,33
1.829316232395259,33
1.9211961292148505,33
1.9580760300577555,33
1.9949559309006608,33
2.0318358317435656,33
2.0687157325864707,33
2.105595633429376,33
2.1424755342722808,33
2.2343554310918723,33
2.2703603320241843,33
2.3063652329564963,33
2.3423701338888083,33
2.433375034523097,33
2.469379935455409,33
2.505384836387721,33
2.541389737320033,33
2.577394638252345,33
2.613399539184657,33
2.649404440116969,33
2.685409341049281,33
2.77641424168357,33
2.812419142615882,33
2.848424043548194,33
2.884428944480506,33
2.920433845412818,33
2.95643874634513,33
2.992443647277442,33
3.028448548209754,33
3.064453449142066,33
3.155458349776355,33
3.246463250410644,33
3.3374681510449324,33
3.3734730519772445,33
3.4094779529095565,33
3.5004828535438453,33
3.5364877544761573,33
3.5724926554084693,33
3.608497556340781,33
3.644502457273093,33
3.680507358205405,33
3.716512259137717,33
3.752517160070029,33
3.788522061002341,33
3.824526961934653,33
3.860531862866965,33
3.896536763799277,33
3.932541664731589,33
3.968546565663901,33
4.05955146629819,33
4.095556367230502,33
4.186561267864791,33
4.222566168797103,33
4.313571069431392,33
4.349575970363704,33
4.440580870997993,33
4.476585771930305,33
4.512590672862617,33
4.548595573794929,33
4.584600474727241,33
4.620605375659553,33
4.656610276591865,33
4.692615177524177,33
4.728620078456489,33
4.764624979388801,33
4.800629880321113,33
4.836634781253425,33
4.872639682185737,33
4.908644583118049,33
4.944649484050361,33
4.980654384982673,33
5.016659285914985,33
5.052664186847297,33
0.1000728384154291,34
0.1966799409280585,34
0.3117314407112576,34
0.4267829404944566,34
0.5423344402776558,34
0.6519202097521621,34
0.7588735698924858,34
0.8087996087239582,34
0.8572872347400982,34
0.957309126036008,34
2.102368592398008,34
4.720796584265073,34
7.4872872821257905,34
10.73474271607556,34
14.040889782609463,34
17.9275883906192,34
20.78072829602755,34
20.859335588249508,34
20.936546715381635,34
21.01266764431678,34
21.08789405115703,34
21.162361944506333,34
21.236171380527125,34
21.30939906836175,34
21.38210569461765,34
21.454340472063947,34
21.573588061220107,34
21.63758684282848,34
21.701348613242363,34
21.76488410069832,34
21.828203104125496,34
21.891314608898146,34
21.95422688412805,34
22.01694756503646,34
22.079483723160187,34
22.1418419265584,34
22.20402829173909,34
22.32104852868164,34
22.38290798006602,34
22.444611655611496,34
22.50616426226399,34
22.567570230841014,34
22.628833739639067,34
22.689958735424373,34
22.75094895215973,34
22.86680792776472,34
22.92753901916076,34
22.988145415815065,34
23.04863015196607,34
23.108996117687035,34
23.1692460689226,34
23.22938263661481,34
23.28940833501955,34
23.34932556930124,34
23.40913664248239,34
23.4688437618152,34
23.583449044633888,34
23.64295452373976,34
23.757362152364664,34
23.87167380875329,34
23.985891300400244,34
24.04501636797383,34
24.15905068895489,34
24.217995881016183,34
24.27685350516501,34
24.33562506866944,34
24.394312027786427,34
24.452915790308392,34
24.51143771794304,34
24.56987912853985,34
24.628241298175457,34
24.68652546310885,34
24.744732821616445,34
24.80286453571605,34
24.852931761077965,34
24.9029637030994,34
24.952960609019527,34
25.00292272263665,34
25.052850284379613,34
25.10274353137708,34
25.152602697525108,34
25.20094847612168,34
25.24925888138359,34
25.35253416180839,34
25.400774562426584,34
25.44898032487369,34
25.552151687460302,34
25.600288885240268,34
25.64839215007696,34
25.69646171070784,34
29.54496821025407,34
33.386914900334,34
36.08610973456894,34
38.4502986535494,34
41.402474068270735,34
41.46622094611301,34
41.58476151182453,34
41.64810394206942,34
44.60085250544941,34
44.66519204501804,34
0.1000728384154291,35
0.1966799409280585,35
0.2993069074623176,35
0.4118584103457519,35
0.5252432457677909,35
0.6391280822031089,35
2.78409420769139,35
2.904618770586688,35
3.025143333481986,35
5.861783453034598,35
8.634384580659109,35
12.058560037120028,35
15.558292310799864,35
18.11170611085411,35
20.611937412010302,35
23.113845770578425,35
25.617310899592816,35
25.72288075580884,35
25.82845061202486,35
25.93402046824088,35
26.039590324456903,35
26.145160180672924,35
26.250730036888942,35
26.356299893104968,35
26.46186974932099,35
26.62243960553701,35
26.728009461753032,35
26.83357931796905,35
26.994149174185075,35
27.154719030401097,35
27.26028888661712,35
27.36585874283314,35
27.47142859904916,35
27.631998455265183,35
27.737568311481205,35
27.898138167697223,35
28.003708023913248,35
28.10927788012927,35
28.21484773634529,35
28.32041759256132,35
28.42598744877733,35
28.53155730499336,35
28.63712716120937,35
28.7426970174254,35
28.84826687364142,35
28.953836729857443,35
29.059406586073464,35
29.16497644228949,35
29.325546298505508,35
29.43111615472153,35
29.53668601093755,35
29.642255867153573,35
29.7478257233696,35
29.853395579585616,35
29.95896543580164,35
30.11953529201766,35
30.22510514823368,35
30.330675004449706,35
30.436244860665724,35
30.541814716881746,35
30.647384573097767,35
30.75295442931379,35
30.85852428552981,35
30.964094141745832,35
31.06966399796185,35
31.17523385417788,35
31.335803710393897,35
31.44137356660992,35
31.60194342282594,35
31.70751327904196,35
31.868083135257983,35
31.973652991474005,35
32.134222847690026,35
32.23979270390605,35
32.34536256012207,35
32.45093241633809,35
32.61150227255411,35
32.717072128770134,35
32.82264198498616,35
32.92821184120218,35
33.0337816974182,35
33.19435155363422,35
33.35492140985024,35
33.46049126606626,35
33.566061122282285,35
33.67163097849831,35
33.83220083471433,35
33.93777069093035,35
34.04334054714637,35
34.14891040336239,35
34.254480259578415,35
34.36005011579444,35
34.46561997201046,35
34.57118982822648,35
34.6767596844425,35
37.768329394572646,35
40.80323546645426,35
43.53185283484019,35
46.26084564541986,35
49.57118101200776,35
0.1000728384154291,36
0.1966799409280585,36
0.291259717900147,36
0.3844010845099767,36
0.4219267333632353,36
0.5135407744325241,36
0.5468840597547134,36
0.6345596908010086,36
0.7220814673579773,36
0.8096336348332008,36
0.8425987324095806,36
0.8760139642633041,36
0.9099238923169216,36
0.9443828946329196,36
1.0340237429715238,36
2.6831247618771634,36
2.724013432709082,36
2.7665292134858213,36
2.80310885220538,36
2.8417158162571035,36
2.883788518456324,36
2.9386859646416745,36
2.993583410827025,36
3.048480857012376,36
3.103378303197726,36
3.158275749383076,36
3.2131731955684266,36
3.268070641753777,36
3.3229680879391275,36
3.377865534124478,36
3.4877629762865148,36
3.542660422471865,36
3.597557868657216,36
3.652455314842566,36
3.707352761027917,36
3.817250203189953,36
3.872147649375304,36
3.9820450915373407,36
4.036942537722691,36
4.0918399839080415,36
4.146737430093392,36
4.201634876278742,36
4.311532318440779,36
4.36642976462613,36
4.42132721081148,36
4.476224656996831,36
4.531122103182181,36
4.586019549367531,36
4.695916991529568,36
4.750814437714919,36
4.805711883900269,36
4.86060933008562,36
4.91550677627097,36
5.025404218433007,36
5.080301664618357,36
5.135199110803708,36
5.2450965529657445,36
5.299993999151095,36
5.354891445336445,36
5.409788891521796,36
5.464686337707146,36
5.574583779869183,36
5.6294812260545335,36
5.684378672239884,36
5.739276118425234,36
5.794173564610585,36
5.904071006772622,36
5.958968452957972,36
6.068865895120009,36
6.123763341305359,36
6.17866078749071,36
6.23355823367606,36
6.288455679861411,36
6.343353126046761,36
6.398250572232112,36
6.453148018417462,36
6.563045460579499,36
6.617942906764849,36
6.6728403529502,36
6.72773779913555,36
6.837635241297587,36
6.947532683459624,36
7.057430125621661,36
7.112327571807011,36
7.167225017992362,36
7.222122464177712,36
7.277019910363062,36
7.331917356548413,36
7.386814802733763,36
7.441712248919114,36
7.5516096910811505,36
7.606507137266501,36
7.661404583451851,36
7.716302029637202,36
7.771199475822552,36
7.826096922007903,36
7.9359943641699395,36
7.99089181035529,36
8.04578925654064,36
8.10068670272599,36
0.1000728384154291,37
0.1966799409280585,37
0.236759717900147,37
0.3304010845099767,37
0.4229267333632353,37
0.5145407744325241,37
0.6053840621026767,37
0.6864290401110563,37
0.7672503386502291,37
0.7930404844406486,37
0.8187996703798285,37
0.8995280869911365,37
0.9219759226451568,37
0.9444237582991772,37
1.6625957720587905,37
1.742530518085783,37
1.8225553565333537,37
1.902490102560347,37
1.9823363505910088,37
2.011021093646777,37
2.039795929230058,37
2.0686625105066803,37
2.152622552448363,37
2.1816778353649,37
2.2590303440382145,37
2.2814152152840577,37
2.3588326599350067,37
2.3812828915886866,37
2.458667762834529,37
3.1746099072284504,37
3.1988299100435778,37
3.2243312972373768,37
3.24406453247736,37
3.960105680186252,37
3.978052504617672,37
4.0509661066121865,37
4.07066633764277,37
4.14520473990212,37
4.167819282296996,37
4.941493174318175,37
5.022050244990687,37
5.10236917275558,37
6.230878932658534,37
6.956201477233272,37
6.98843600440393,37
7.020730411890845,37
7.107482983056407,37
7.834362400952678,37
7.869021466258864,37
7.903653724376063,37
7.993259316567283,37
8.02783838126431,37
8.755512031052213,37
8.790012354288201,37
8.824486701074939,37
8.913858479145865,37
8.948281279090743,37
9.72687863397966,37
10.45267551231752,37
10.485431613657576,37
10.518296415243247,37
10.605946133170228,37
10.693783538673024,37
10.726815952245095,37
10.760051293555598,37
10.793498145673375,37
10.827165855351788,37
12.304128660146098,37
12.339863283816676,37
12.375665022317271,37
12.466534791771274,37
12.501556856814725,37
12.590868046764236,37
12.625239847484927,37
12.71398224521051,37
12.750528700463574,37
12.7871298010693,37
12.82378615085596,37
12.86049836714561,37
12.95016911826594,37
13.039700584613756,37
13.071759598457293,37
13.15860236635156,37
13.19130499114938,37
13.224034281575156,37
13.253431325905993,37
13.337621083610728,37
13.366836289071514,37
13.396077070512844,37
13.425343560182526,37
13.509334290527775,37
14.234141076111271,37
14.265849916392042,37
14.29760851165004,37
14.329417357348872,37
14.361276963853314,37
14.393187852704004,37
14.422834348061158,37
14.507277775683477,37
14.538000382610631,37
0.1000728384154291,38
0.1971799409280585,38
0.2952489029039251,38
0.3945099199970168,38
0.4934003972293398,38
0.5906340887818906,38
0.6329976577664578,38
0.6754945679864357,38
0.7181284730773542,38
0.814759024690962,38
0.9111673174917156,38
1.007362812220375,38
1.7435710117942895,38
1.8400216133124137,38
2.982578605208384,38
3.0803666627567403,38
3.123639730904608,38
3.16652425413084,38
3.263919498407052,38
3.361230707091683,38
3.4583378058037124,38
3.552115536864694,38
3.645587823923525,38
3.739961616333421,38
3.779480341460403,38
3.819148331519064,38
3.852665006752905,38
3.886259201552566,38
3.9188812594971023,38
4.639648101862367,38
4.721836097176965,38
6.140855081017907,38
6.2286946471890765,38
6.261651862051185,38
6.294729563977416,38
6.382569130148585,38
6.415646832074817,38
6.448974586661752,38
6.482565559085305,38
6.562337167199548,38
6.587365237634476,38
6.612663644935783,38
6.693247843172248,38
6.719135164853032,38
6.74534517863005,38
6.771900158013995,38
6.798825677122768,38
6.826151409756239,38
6.853912198554571,38
6.882149537663754,38
8.357934554677303,38
9.487175305943785,38
9.518309233348663,38
9.550005552928742,38
9.637335633497532,38
9.670391620706614,38
9.759297104190882,38
9.794226558517511,38
9.830445157002504,38
9.868405291449124,38
9.96406040490776,38
10.065708497177656,38
10.115822331618364,38
10.21120660902172,38
10.254393839847143,38
10.301046805094774,38
10.402699770044382,38
10.449352735292011,38
10.55100570024162,38
10.597658665489252,38
10.644311630736883,38
10.690964595984514,38
10.737617561232144,38
10.784270526479776,38
10.830923491727408,38
10.87757645697504,38
10.92422942222267,38
10.9708823874703,38
11.017535352717932,38
11.064188317965565,38
11.110841283213194,38
11.212494248162802,38
11.259147213410431,38
11.305800178658064,38
11.352453143905697,38
11.399106109153326,38
11.500759074102934,38
11.547412039350563,38
11.594065004598196,38
11.640717969845827,38
11.687370935093458,38
11.789023900043066,38
11.835676865290695,38
11.882329830538328,38
11.92898279578596,38
12.030635760735567,38
12.077288725983198,38
13.282540658127363,38
13.390595221530493,38
13.48766366542488,38
0.1000728384154291,39
0.1966799409280585,39
0.291259717900147,39
0.3849010845099767,39
2.2748833702066324,39
4.945704548484737,39
5.050228051466559,39
5.153690681848663,39
5.256867520161567,39
5.3597086619602825,39
5.462549803758998,39
5.565390945557714,39
5.61323208735643,39
5.716073229155145,39
5.8191130725971085,39
5.867359842119886,39
5.91582247250199,39
5.964510705060496,39
6.013435202043255,39
6.117607683731711,39
6.167041094186019,39
6.216749803526243,39
6.266749857407087,39
6.31705928830652,39
6.367698509044914,39
6.418690817619376,39
6.467626268881358,39
6.516872931687726,39
6.566451469838818,39
6.67138548759833,39
6.719756302441934,39
6.768541555584567,39
6.817778729034541,39
6.867512764853581,39
6.917798540958466,39
6.9687045803067,39
7.07531887224025,39
7.127758562925597,39
7.181187382327593,39
7.235850502119248,39
7.292156142245762,39
7.350924164797766,39
7.469750191908162,39
7.540507690824157,39
7.611265189740152,39
7.682022688656147,39
7.752780187572142,39
7.823537686488137,39
7.894295185404131,39
7.965052684320128,39
8.035810183236123,39
8.161567682152118,39
8.287325181068113,39
8.413082679984107,39
8.483840178900103,39
8.609597677816097,39
8.735355176732092,39
8.806112675648087,39
8.876870174564083,39
8.947627673480078,39
9.018385172396073,39
9.089142671312068,39
9.214900170228065,39
9.285657669144058,39
9.356415168060051,39
9.427172666976048,39
9.497930165892043,39
9.56868766480804,39
9.694445163724032,39
9.765202662640029,39
9.835960161556024,39
9.90671766047202,39
9.977475159388014,39
10.04823265830401,39
10.118990157220004,39
10.189747656136,39
10.315505155051994,39
10.44126265396799,39
10.512020152883984,39
10.58277765179998,39
10.653535150715976,39
10.72429264963197,39
10.795050148547965,39
10.86580764746396,39
10.936565146379955,39
11.00732264529595,39
11.078080144211944,39
11.14883764312794,39
11.219595142043936,39
11.34535264095993,39
11.471110139875924,39
11.54186763879192,39
11.612625137707916,39
11.68338263662391,39
11.809140135539906,39
11.8798976344559,39
11.950655133371896,39
12.021412632287891,39
12.092170131203886,39
12.16292763011988,39
0.1000728384154291,40
0.2151243381986281,40
0.3301758379818272,40
0.4452273377650263,40
0.5602788375482254,40
0.6753303373314244,40
0.7214024370279031,40
0.7656645748862939,40
0.8600812120942819,40
0.8967727376529685,40
0.9340276396536812,40
0.9679352021728634,40
0.9978837023896644,40
1.0779867019560625,40
1.0968427646920456,40
1.1068942644752446,40
0.1568942644752446,40
0.1000728384154291,41
0.1966799409280585,41
0.291259717900147,41
0.3810631368597923,41
0.469869109017356,41
0.558343904079708,41
0.6461061988290236,41
0.6786768992568286,41
0.7110630768999563,41
0.7982712998175705,41
0.8303076845176636,41
0.8621779409796151,41
0.9490809844442974,41
1.035918667501143,41
1.118253133779696,41
2.251826953168921,41
3.036857795385909,41
3.073542000397816,41
3.1100344010703607,41
3.1463420841669465,41
3.172673195955696,41
3.198879611102285,41
3.224964365718308,41
3.250930350629034,41
3.276780322549286,41
3.3025169078087235,41
3.383142628130856,41
3.408659883198681,41
3.4340709749435807,41
3.459378112462702,41
3.539583418873492,41
3.561222873983326,41
3.582764478755536,41
3.604210110736432,41
3.625561578554454,41
3.646820621920171,41
3.722988920641484,41
3.74406808836514,41
3.765059687552395,41
3.784623086807671,41
3.8591184545134927,41
3.878546711412611,41
3.8979087419634486,41
3.9722054101353312,41
3.991437562165203,41
4.065606013295593,41
4.084711576235833,41
4.103755027410927,41
4.12273712864274,41
4.141658623126688,41
4.160520235431733,41
4.179322675225677,41
4.193119466659965,41
4.206858454627337,41
4.220540298504176,41
4.234165644628348,41
4.247735124436559,41
4.256931402144375,41
4.266100132261755,41
4.330241465364935,41
4.33935555013025,41
4.348442534339966,41
4.412502566707673,41
4.421535786596479,41
4.421086341148595,41
4.420610370411424,41
4.420108014374392,41
4.419579411571732,41
4.419024699082485,41
4.473444015433898,41
4.472837488987835,41
4.461138524935933,41
4.449439560884031,41
4.437740596832128,41
4.426041632780226,41
4.405762400367649,41
3.370668854453953,41
0.1000728384154291,42
0.1966799409280585,42
0.291259717900147,42
0.3900207349932387,42
0.4889112122255617,42
0.5865451173164802,42
0.683175668930088,42
0.7789709501203799,42
0.8745775296707575,42
0.9150022710002808,42
1.010251555730748,42
1.1050873818819893,42
1.1997669453157105,42
1.2950162300461772,42
1.3359086016657546,42
1.3671071591320232,42
1.4547798471989826,42
2.1828846769871904,42
2.918138960059765,42
2.961207922035632,42
3.005468939128724,42
3.0921256213220025,42
4.225964751723614,42
4.2620761736067205,42
4.2993606148990064,42
4.337569110724536,42
4.375595771405306,42
4.41344697463831,42
4.451128669712153,42
4.488646414759961,42
4.52600541773757,42
4.562599108252135,42
5.99434466739071,42
6.094637121917821,42
6.139775718151599,42
6.184765049569628,42
6.229609443303291,42
6.274312982652121,42
6.31887952713001,42
6.363312730372488,42
6.407616056182951,42
6.451792792953492,42
6.49584606666108,42
6.539778852610774,42
6.583593986073416,42
6.627294171944936,42
6.725881993537194,42
6.8243599205958585,42
6.8677303166284185,42
6.910995445614989,42
6.954157478165547,42
6.997218497179516,42
7.040180503057005,42
7.0830454185052085,42
7.125815092978558,42
7.168491306786847,42
7.211075774901795,42
7.25357015048923,42
7.295976028191167,42
7.338294947179546,42
8.063912355931986,42
8.096469545396555,42
8.824177646669138,42
8.913650074633349,42
9.003035539420832,42
9.03733553517102,42
9.126551491799344,42
9.215684806587683,42
9.304736813189972,42
9.338708819481123,42
9.372602084311236,42
9.461417833002796,42
9.49515723961829,42
9.528821458699692,42
9.617411603810776,42
9.650928752156483,42
9.68437395769595,42
9.717748241158713,42
9.751052593471991,42
9.784287979485978,42
9.817455334248532,42
9.850555574181069,42
9.88358958962797,42
9.916558244856583,42
9.94946238178252,42
9.982302823694932,42
10.015080371531235,42
10.047795807602396,42
10.080449891867628,42
10.113043369384991,42
10.145576966586102,42
10.17805139127611,42
10.210467336359011,42
10.242825476112356,42
10.275126473637808,42
10.307370973410595,42
10.339559605004776,42
10.371692990543831,42
10.458771725776185,42
10.49079641106962,42
0.1000728384154291,43
0.1966799409280585,43
0.236259717900147,43
0.2744010845099767,43
0.3664267333632353,43
0.4575407744325241,43
0.5339046620159562,43
0.5592744626431878,43
0.5841795314430411,43
0.6636594195245917,43
0.7438988942979987,43
0.7698181491672214,43
2.4136549377854086,43
3.604130643101541,43
3.695593846211197,43
3.786841962395434,43
3.878037722080335,43
3.9688815777814255,43
4.059351427417105,43
4.789486262976719,43
5.982218964771864,43
6.069050742661236,43
6.850814507885527,43
6.884332323906193,43
6.972717442150685,43
7.058098294373128,43
7.143387191529843,43
7.228585787649724,43
8.359695144529912,43
9.78107161128101,43
11.428314038153264,43
11.520868145461652,43
13.16449483537254,43
13.253631234701247,43
13.292139243774775,43
13.321853161103531,43
13.40651494031648,43
13.42521817749242,43
14.139946890528003,43
14.216466029639044,43
14.93430854892234,43
15.0099254972289,43
15.726463092024128,43
15.792211530263224,43
15.811513166407744,43
16.52696434734265,43
17.24503860948483,43
17.27000616257886,43
17.295014531816044,43
17.320064054335155,43
17.345155071000256,43
17.42528792796532,43
17.450462979728975,43
17.470083983148136,43
18.185855837071934,43
18.262853974009552,43
19.03612350812057,43
19.061319792176285,43
19.141591103280582,43
19.221938589120903,43
19.24736342159907,43
19.272866818586984,43
19.35345003334681,43
19.379114364738264,43
19.404861147979894,43
19.4306917651544,43
19.51160764833788,43
19.592610271180668,43
19.61870117066304,43
19.64488192973534,43
19.67115419497589,43
19.697519672567644,43
19.77898013358812,43
19.80425561172764,43
19.82960102101664,43
19.910017350221672,43
19.935505626256266,43
19.96106689749161,43
20.02889935253064,43
20.74464557645718,43
21.461855869273343,43
22.18174527166287,43
22.208589989225068,43
22.23553934460381,43
22.31759557640056,43
22.34476101351777,43
22.372038099447884,43
23.49391505448024,43
24.90874645439784,43
24.93743328144649,43
24.966274495701,43
24.995275014544525,43
25.02444008318583,43
25.053775300736227,43
25.08328666118781,43
25.11298059811692,43
25.14286403125028,43
25.21489430731038,43
25.240775530690943,43
25.962521319742,43
0.1000728384154291,44
0.1882874682234385,44
0.2748414288563349,44
0.3480510126156427,44
0.4222845669192888,44
1.13998737291523,44
1.2187366347117043,44
1.232393458607576,44
1.249147622036717,44
1.3204933983562208,44
1.391836634027741,44
2.106944194185517,44
3.2333887723562933,44
3.3159601447460867,44
3.34406774875798,44
3.4266391211477734,44
3.4542104975608803,44
3.481781873973987,44
3.509353250387094,44
3.536924626800201,44
3.564496003213308,44
3.646819390478513,44
3.67439076689162,44
3.702223071950457,44
3.7303306759623513,44
3.758729623752616,44
3.84183722187855,44
3.870545547577522,44
3.899936750653169,44
3.9301190750030495,44
3.961241658898971,44
3.99352325138726,44
4.027316246303699,44
4.063285831483982,44
4.103197705122612,44
4.206156764301441,44
4.254115827503584,44
4.302074890705726,44
4.350033953907869,44
4.397993017110012,44
4.50256518659272,44
4.5521373526481606,44
4.6017095187036015,44
4.706281688186309,44
4.75585385424175,44
4.805426020297191,44
4.887131009372852,44
5.616247747215412,44
5.705040741833828,44
5.7397926227478,44
5.7742622086135365,44
5.810324065509222,44
5.848735939833305,44
5.891729269298694,44
5.93818833318629,44
5.984647397073887,44
6.086106460663459,44
6.132565524551056,44
6.179024588438652,44
6.225483652326248,44
6.271942716213844,44
6.31840178010144,44
6.364860843989036,44
6.466319907578609,44
7.210523475083492,44
7.316579874726913,44
7.367636278393648,44
7.4186926820603825,44
7.469749085727117,44
7.520805489393852,44
7.571861893060586,44
7.677918292704008,44
7.727224696549556,44
7.776531100395105,44
7.825837504240654,44
7.875143908086202,44
7.9759845734862305,44
8.722837805869958,44
8.823496617498776,44
9.57265738410034,44
9.628671009215497,44
9.684684634330653,44
9.795698255422494,44
9.85171188053765,44
9.907725505652806,44
9.963739130767962,44
10.019752755883118,44
10.075766380998274,44
10.13178000611343,44
10.187793631228589,44
10.243807256343745,44
10.2998208814589,44
10.355834506574055,44
10.411848131689212,44
10.467861756804368,44
10.523875381919524,44
10.625930208834788,44
11.78440346208491,44
11.890305627259394,44
13.051428545388362,44
0.1000728384154291,45
0.1971799409280585,45
0.2957254538029468,45
0.3944404744362135,45
0.4876639357616773,45
0.5811999988720479,45
0.6750695188549117,45
0.717235266982197,45
0.8279412661149932,45
0.9386472652477894,45
1.0493532643805856,45
1.160059263513382,45
1.212831707254942,45
2.371995495706251,45
2.4336064604429466,45
3.5967293111966367,45
4.762409788072696,45
4.8294779762806455,45
4.896546164488595,45
5.018614352696544,45
5.085682540904494,45
5.207750729112443,45
5.3298189173203925,45
5.393512105451248,45
5.457205293582104,45
5.520898481712959,45
5.584591669843815,45
5.64828485797467,45
5.711978046105526,45
5.775671234236381,45
5.839364422367237,45
5.958057610200069,45
6.021750798330925,45
6.08544398646178,45
6.149137174592636,45
6.212830362723492,45
6.276523550854347,45
6.395216738687179,45
6.458909926818035,45
6.522603114948891,45
6.586296303079746,45
6.649989491210602,45
8.381184941039702,45
8.447942441211364,45
8.514699941383025,45
8.581457441554686,45
8.703214941428325,45
8.769972441599986,45
8.836729941771647,45
8.903487441943309,45
8.97024494211497,45
9.092002441988608,45
9.15875994216027,45
9.225517442331933,45
9.34727494220557,45
9.41403244237723,45
9.480789942548892,45
9.60254744242253,45
9.669304942594191,45
9.736062442765853,45
9.802819942937514,45
9.869577443109176,45
9.936334943280835,45
10.058092443154475,45
10.124849943326137,45
10.191607443497798,45
11.925330487893245,45
14.6452663263134,45
17.27064000357408,45
20.133610080378386,45
23.27363251810181,45
26.63224758337917,45
28.52553574916752,45
30.57409663823553,45
32.62372443008007,45
34.52007607870536,45
34.624668258102595,45
34.78426043749983,45
34.94385261689707,45
35.103444796294305,45
35.20803697569154,45
35.36762915508878,45
35.472221334486015,45
35.63181351388325,45
35.79140569328049,45
35.895997872677725,45
36.00059005207496,45
36.1051822314722,45
36.26477441086944,45
36.36936659026667,45
36.47395876966391,45
36.633550949061146,45
36.73814312845838,45
36.84273530785562,45
36.947327487252856,45
37.05191966665009,45
37.21151184604733,45
37.31610402544457,45
37.4206962048418,45
37.52528838423904,45
0.1000728384154291,46
0.1971799409280585,46
0.292259717900147,46
2.4726490279737243,46
2.572096273405214,46
2.666890904409548,46
2.760749474270006,46
2.8549865634271105,46
2.8940446079799136,46
2.9329297953375777,46
2.971647903425356,46
3.0102043339141806,46
3.048604153198858,46
3.0868521184750994,46
3.124952703816553,46
3.162910129977127,46
3.2007283830174407,46
3.238411229205986,46
3.3243598231204947,46
3.355215644566079,46
3.3859803901144465,46
3.4166556877174576,46
3.4472431094476184,46
3.47774417149808,46
3.508160345358511,46
3.593493044478556,46
3.6237436403610905,46
3.6539134570487937,46
3.684003779766818,46
3.769015858052035,46
3.7989508883186778,46
3.828810045597812,46
3.8585944623776873,46
3.8883052413442334,46
3.917943451655765,46
3.9475101289429855,46
3.977006282759567,46
4.006432894719501,46
4.0357909184971055,46
4.065081281689664,46
4.094304887680074,46
4.178462622789403,46
4.207555331391951,46
4.236583855105301,46
4.265549006042739,46
4.294451577691098,46
4.323292344910761,46
4.352072060210367,46
6.687793552977701,46
9.437852919203898,46
12.376686155898234,46
15.133050501448771,46
18.661299106959333,46
22.160305895499,46
23.379198898911834,46
23.49910975933772,46
23.56367624961854,46
23.62792056728744,46
23.69186222071018,46
23.75551848997725,46
23.81890478814144,46
23.87108176038477,46
23.97814451446349,46
24.03009560136997,46
24.081937460631817,46
24.13367242746163,46
24.24030273930798,46
24.29183054186912,46
24.34325789462329,46
24.44968524737747,46
24.50111260013165,46
24.552539952885827,46
24.65142955709668,46
24.75031364042731,46
24.794192221802195,46
24.838065297198018,46
24.88193287779065,46
24.98079495955678,46
25.0246515617189,46
25.068502683978995,46
25.11234833378764,46
25.211188510846814,46
25.255023230653723,46
25.35385249261232,46
25.39767630849453,46
25.44149467800232,46
25.54030760828825,46
25.639115107100924,46
25.682917182188948,46
25.726713836979588,46
25.770505078923424,46
25.814290911745747,46
25.858071342897137,46
25.901846376102885,46
26.000616018515547,46
26.04438027818175,46
26.088139158528765,46
26.13189266328188,46
26.17564079989167,46
26.219383575808724,46
0.1000728384154291,47
0.1966799409280585,47
0.291259717900147,47
0.3294010845099767,47
0.4214267333632353,47
0.5100407799368742,47
0.5346612030303124,47
0.6064691910183075,47
0.617324318144286,47
0.6286829117348436,47
0.6915911439469102,47
1.804541826586986,47
3.6770602468064073,47
3.7555185336282495,47
6.3589092272928,47
9.025007583539749,47
12.1703163165262,47
15.548764067091206,47
19.38335794224504,47
21.997537404273217,47
22.12579551229342,47
22.2536849029424,47
22.381550652885387,47
22.50898724564913,47
24.834668276767548,47
27.16130094591624,47
29.77687119184998,47
29.90696686235351,47
30.036402895141823,47
30.156127512580657,47
33.3664638576133,47
35.09587183822316,47
35.215530500479744,47
36.72204169685524,47
36.84210731090747,47
36.96202614338215,47
39.3808620288983,47
42.39093560407528,47
44.12097773000792,47
44.24123265201763,47
45.97171033409556,47
46.031818626197776,47
46.146748845649945,47
46.2614020955666,47
47.98635647126439,47
48.04693287356802,47
48.1622025595177,47
49.6094342268263,47
49.72522885147869,47
51.17296717622328,47
51.28921851437634,47
51.35052924002456,47
51.46671016317127,47
51.58276456846307,47
51.69869557840544,47
51.81450616507982,47
51.93018884083721,47
52.04081385454628,47
55.049627350986576,47
57.47208067765404,47
57.59181441495748,47
59.44909992928191,47
59.51449756688601,47
59.63477001229333,47
59.75487959028156,47
61.66748764329982,47
61.78811155722764,47
63.240461488607146,47
63.36127883264913,47
65.62539620985099,47
65.73503862608977,47
67.17651473273345,47
68.67349981059142,47
70.33926521529266,47
70.45050469328471,47
72.58715668608257,47
74.78484973876232,47
76.00206310193055,47
76.1205451231872,47
78.02676222142328,47
78.14102602419008,47
78.25528745767225,47
78.3742752189546,47
79.87504578780225,47
79.98934831123641,47
81.49536499258176,47
81.61498790095062,47
81.7300112829587,47
81.844945801892,47
84.2084289924285,47
84.32415566454144,47
86.33639857420702,47
88.06769627258865,47
88.18948348832176,47
88.31121558885835,47
88.43277741431986,47
90.16428784532344,47
90.28628773343964,47
92.20066587856525,47
92.3232228065376,47
0.1000728384154291,48
0.1966799409280585,48
0.291259717900147,48
0.3844010845099767,48
0.4764267333632352,48
0.567540774432524,48
0.6439046620159562,48
0.7242421044736321,48
1.44448275703482,48
1.4710996581941065,48
1.4972815050511774,48
1.523063136520904,48
1.6000716074138102,48
1.620574087160748,48
1.6409339907347378,48
1.6611552725314316,48
1.6812416708796438,48
1.7011967303930935,48
1.7760238053976711,48
1.795832868921679,48
1.8156239784090933,48
1.8353971990524944,48
1.8551525941818168,48
1.8748902271269967,48
1.894610161217969,48
1.9693124538987097,48
1.9889971765457808,48
2.0086643866031584,48
2.028314143675488,48
2.047946509230059,48
2.0675615447341618,48
2.087159307929796,48
2.1617398581235823,48
2.181303257378858,48
2.2008495631395992,48
2.2203788331478056,48
2.2398911251454767,48
2.259386496874612,48
2.3338650039165434,48
2.3533267046093163,48
2.427771654236239,48
2.4471999111353573,48
2.4666115290253576,48
2.486006561922949,48
2.5053850657074865,48
2.524747096258324,48
2.598995298403424,48
2.618132209661525,48
2.6302371297731217,48
2.642295537772697,48
2.654307862068635,48
2.7212745223893937,48
2.73319593563221,48
2.74507250569306,48
2.81190463087998,48
2.8259427026666333,48
2.839937106053443,48
2.853888219126537,48
2.867796413481174,48
2.881662054387472,48
2.89548550095054,48
2.909267106265255,48
2.92042211884694,48
2.9315091031683456,48
2.9425289723880907,48
2.9534826154740856,48
2.964370898152244,48
2.9751946638062226,48
2.985954734331314,48
3.0516519109453712,48
3.062286974959436,48
3.127860688510541,48
3.138373795258985,48
3.148827021052195,48
3.15922107455717,48
3.169556647863329,48
3.1798344170574824,48
3.190055042772518,48
3.200219170711284,48
3.2103274321470594,48
3.220380444401902,48
3.2303788113040834,48
3.295323123625744,48
3.3052139595018204,48
3.315051884831244,48
3.324837453661332,48
3.3345712085562416,48
3.3442536809503154,48
3.347658697599284,48
3.4060333804848417,48
3.409377912525266,48
3.412692474445989,48
3.415977244818795,48
3.4192324001000847,48
3.4224581146682485,48
3.4806545608601547,48
3.4838219090067946,48
3.4869603274681,48
3.490069982666957,48
3.548151039122451,48
0.1000728384154291,49
0.1966799409280585,49
0.291259717900147,49
0.3864597581155855,49
0.4822550393058774,49
0.5775912827499037,49
0.6720452440072222,49
0.7659430770889897,49
0.8049071363045072,49
0.8987396089784379,49
0.937838811555895,49
1.0318028707714124,49
1.071718698629386,49
1.112811096922032,49
1.1554450020129503,49
1.2547060191060422,49
2.04216497534765,49
2.0849424763943074,49
2.138706104400289,49
2.2474697246576665,49
3.0011684050008105,49
3.1167199047840097,49
3.177271404567209,49
3.292822904350408,49
3.397977196425208,49
4.153745511026264,49
5.606288539544695,49
5.672537206943236,49
5.793785874341777,49
5.8567845417011295,49
5.919783209060482,49
5.982781876419834,49
6.086614471470169,49
6.834390026127151,49
6.898747925256542,49
6.9631058243859325,49
7.027463723515323,49
7.091821622644714,49
7.211179521476081,49
7.323605951463035,49
7.387963850592426,49
7.452321749721817,49
7.516679648851207,49
7.581037547980598,49
7.645395447109989,49
7.764753345941356,49
7.829111245070747,49
7.934606206213287,49
8.044203904067329,49
8.109198805486015,49
8.1741937069047,49
8.239188608323387,49
8.35918350944405,49
10.375408847426227,49
12.528856475447467,49
14.214220960234456,49
15.389800031279377,49
17.414836127852254,49
17.548962060903364,49
20.40611619183904,49
23.06378968290808,49
26.26068344552853,49
27.745131728822592,49
29.453663741622,49
29.607757841987304,49
31.65401349169302,49
33.54713652570386,49
33.70350009048665,49
35.47011494833926,49
36.95921571124306,49
37.11702211302698,49
39.01249922504425,49
39.15735392422228,49
41.20799864481848,49
41.31273321635936,49
43.082603983141176,49
43.188036837488895,49
43.29346969183661,49
43.39890254618433,49
43.54365792945241,49
45.59372739192833,49
45.69788670534895,49
47.24391563800972,49
47.3486502095506,49
47.45338478109148,49
47.55811935263236,49
47.66285392417324,49
47.76758849571412,49
47.927323067255,49
49.13109158584084,49
49.23624781575856,49
49.37737073322743,49
51.077427327274506,49
52.282281808345004,49
52.44352400074739,49
54.15985624841217,49
55.365744959425655,49
55.47302138177104,49
55.58029780411641,49
55.74257422646179,49
0.1000728384154291,50
0.1966799409280585,50
0.236259717900147,50
0.3294010845099767,50
0.4214267333632353,50
0.5125407744325241,50
0.5339046620159563,50
0.6041996755032953,50
0.6153991861595925,50
0.6795277340664682,50
0.7446881128802117,50
0.8065659484221753,50
0.8646744793608007,50
0.8637477515243147,50
0.8566990869097565,50
0.8410012537591313,50
-0.1895617431051875,50
0.1000728384154291,51
0.1971799409280585,51
0.292259717900147,51
0.3859010845099767,51
0.4784267333632353,51
0.5707084313956468,51
0.6623643137132882,51
0.7546376061977063,51
2.588792893968057,51
2.685485213099837,51
2.727519184797331,51
2.7691157192242084,51
2.8653100268249925,51
4.5700127617721975,51
4.61014484849624,51
4.70502156254701,51
4.799775319666189,51
4.839652034014982,51
4.879654804736894,51
4.974288555354399,51
5.708156856269163,51
7.19210282203607,51
9.1891242049958,51
9.231775776329208,51
9.274427347662616,51
9.317078918996025,51
9.414610006692577,51
10.84684727418678,51
12.504300334336923,51
12.54492585811274,51
12.585634373905826,51
12.681239367308784,51
12.717233874681163,51
12.753400810840295,51
12.78974633741634,51
12.880427026035951,51
12.916249898108411,51
12.952219121935537,51
12.988339111986328,51
13.079614558103252,51
13.17073454785602,51
13.901808165791202,51
13.940009419652393,51
14.033501450749805,51
14.072302223029304,51
14.11143206137674,51
14.150914159449506,51
14.245775227281024,51
14.286046360465456,51
14.32676421928661,51
14.367972665312458,51
14.40972512665646,51
14.452088099750448,51
14.549136501583028,51
16.442816239627767,51
16.49136517647164,51
17.641371589931417,51
17.694850236954856,51
17.75197007584827,51
17.82228520590322,51
17.947600320758987,51
18.017915450813938,51
18.143230565669704,51
18.26854568052547,51
19.95156031179684,51
22.386836581709552,51
24.46779327917354,51
27.03607993650692,51
30.016769243194062,51
33.003700466043725,51
33.155259930997225,51
34.91726747768924,51
38.16483862760784,51
40.46502416057683,51
42.70362501567728,51
42.8627843290979,51
43.02194364251852,51
43.81953967044312,51
45.58913381279494,51
45.694290042712666,51
45.79944627263039,51
45.95960250254812,51
48.01162203182363,51
49.5045522165009,51
49.66618804005827,51
50.466229555848905,51
52.51991533829493,51
52.66477337699336,51
54.155865627465616,51
54.31888662758106,51
54.4269076276965,51
54.53492862781194,51
54.697949627927386,51
54.80597062804283,51
54.96899162815827,51
55.11918788148641,51
55.227330533035406,51
55.3354731845844,51
55.4436158361334,51
55.59356320103432,51
0.1000728384154291,52
0.1966799409280585,52
0.2993069074623176,52
0.4118584103457519,52
2.729077906119067,52
2.8490728072397298,52
2.915276043819625,52
3.036479272650916,52
3.157682501482207,52
3.223885738062102,52
3.290088974641997,52
3.3562922112218923,52
3.422495447801788,52
3.4886986843816823,52
3.5549019209615773,52
3.621105157541472,52
3.742308386372764,52
6.705326326894004,52
9.498143019746752,52
12.735639377723873,52
16.3308698386517,52
18.683439916638324,52
18.78378541728873,52
18.884130917939128,52
19.03947641858953,52
19.13982191923993,52
19.240167419890334,52
19.39551292054073,52
19.550858421191137,52
19.70620392184154,52
19.80654942249194,52
19.906894923142342,52
20.007240423792744,52
20.107585924443143,52
20.20793142509355,52
20.30827692574395,52
20.463622426394352,52
20.56396792704476,52
20.66431342769516,52
20.76465892834556,52
20.86500442899596,52
20.96534992964636,52
21.065695430296763,52
21.221040930947165,52
21.321386431597567,52
21.42173193224797,52
21.52207743289837,52
21.622422933548773,52
21.72276843419917,52
21.823113934849577,52
21.92345943549998,52
22.02380493615038,52
22.124150436800782,52
22.224495937451184,52
22.324841438101583,52
22.425186938751988,52
22.58053243940239,52
22.73587794005279,52
22.8362234407032,52
22.936568941353595,52
23.036914442004,52
23.1372599426544,52
23.2376054433048,52
23.337950943955203,52
23.438296444605605,52
23.538641945256007,52
23.63898744590641,52
23.73933294655681,52
23.839678447207213,52
23.99502394785761,52
24.095369448508016,52
24.19571494915842,52
24.29606044980882,52
24.396405950459226,52
24.496751451109624,52
24.652096951760026,52
24.807442452410427,52
24.90778795306083,52
25.00813345371123,52
25.10847895436164,52
25.208824455012035,52
25.30916995566244,52
25.46451545631284,52
25.56486095696324,52
25.66520645761364,52
25.765551958264044,52
25.865897458914446,52
25.96624295956485,52
26.06658846021525,52
26.16693396086565,52
26.26727946151605,52
26.422624962166456,52
26.522970462816858,52
26.67831596346726,52
26.83366146411766,52
26.934006964768063,52
27.034352465418465,52
27.134697966068867,52
27.23504346671927,52
27.33538896736967,52
0.1000728384154291,53
0.1966799409280585,53
2.603149373846977,53
2.701256391423672,53
2.797924999910324,53
2.893477891403168,53
2.9893691733655623,53
5.983567495661704,53
9.235111242117446,53
9.286286754490892,53
9.33772996995048,53
9.388488070996564,53
9.494545990558429,53
9.545922854872506,53
9.59764040816025,53
9.649723572613755,53
9.702201208056968,53
9.75510712149934,53
9.808481460394423,53
9.862372694494288,53
9.916840480597775,53
9.971960077019494,53
10.027829373212615,53
10.084580952258866,53
10.142404580446046,53
10.201594674917024,53
10.26267124149398,53
10.326813327105802,53
10.400314429732124,53
10.477281266780656,53
10.554248103829186,53
10.631214940877715,53
10.708181777926248,53
10.785148614974778,53
10.862115452023309,53
10.994082281323236,53
11.071049118371766,53
11.148015955420297,53
11.279982784720223,53
11.356949621768754,53
11.433916458817285,53
11.510883295865815,53
11.587850132914346,53
11.664816969962876,53
11.741783807011409,53
11.818750644059936,53
11.895717481108468,53
11.972684318157,53
12.04965115520553,53
12.12661799225406,53
12.20358482930259,53
12.335551658602515,53
12.412518495651048,53
12.489485332699578,53
12.566452169748109,53
12.698418999048036,53
12.775385836096566,53
12.852352673145097,53
12.929319510193627,53
13.061286339493554,53
13.138253176542085,53
13.215220013590615,53
13.292186850639146,53
13.424153679939073,53
13.501120516987603,53
13.63308734628753,53
13.71005418333606,53
13.787021020384593,53
13.863987857433122,53
13.940954694481652,53
14.017921531530185,53
14.094888368578712,53
14.22685519787864,53
14.30382203492717,53
14.3807888719757,53
14.457755709024232,53
14.534722546072762,53
14.611689383121291,53
14.688656220169824,53
14.82062304946975,53
14.89758988651828,53
14.974556723566812,53
15.051523560615342,53
15.128490397663873,53
15.205457234712403,53
15.282424071760934,53
15.359390908809464,53
15.436357745857997,53
15.513324582906526,53
15.645291412206452,53
15.722258249254985,53
15.799225086303514,53
15.876191923352044,53
15.953158760400576,53
16.030125597449107,53
16.107092434497638,53
16.239059263797564,53
19.37224784452701,53
22.855168423391348,53
24.743897081503665,53
0.1000728384154291,54
0.1966799409280585,54
0.291259717900147,54
0.3819010898059507,54
0.4714267447179456,54
0.563029971677651,54
0.6420419632977148,54
0.7208612382000585,54
0.7955899357384344,54
0.8148659772759577,54
0.8377056277876993,54
0.8619043927228351,54
0.9462278957998652,54
1.0258308972751995,54
1.0443119600003858,54
1.0541134604772826,54
0.0489884147009154,54
0.1000728384154291,55
0.1966799409280585,55
0.291259717900147,55
0.3849010845099767,55
0.4774267333632353,55
0.5690407744325241,55
0.6023840597547134,55
0.6900596908010086,55
0.7225814602054199,55
0.810715003935202,55
2.2913863320533103,55
3.77501311620801,55
5.484958944599014,55
6.685604927432053,55
8.736119310747986,55
10.635185649576991,55
10.742061040110675,55
12.931382972809342,55
15.123198636406674,55
15.235260670176327,55
17.29528393581311,55
17.40927620058994,55
17.523150465790064,55
17.636659400005815,55
17.749752510305235,55
20.702845101257488,55
20.819945671070226,55
20.93632934796873,55
23.63941230400158,55
24.45141379951908,55
24.569638480510424,55
26.71342029682977,55
27.931473175036253,55
28.050568098512045,55
29.268406175913245,55
32.64968362377863,55
32.77259703703453,55
33.99422669686538,55
34.11686006920903,55
35.976819725410785,55
36.09972743135108,55
38.01501137915312,55
38.08333622480134,55
38.20650905005369,55
38.32939608323684,55
39.83893422777706,55
39.906998437193245,55
40.02984407028447,55
41.48433814784784,55
42.70636309527899,55
42.77460603576176,55
42.89767302846221,55
43.01374051465254,55
44.86747389352666,55
44.984335398148815,55
45.10108696926454,55
45.21532391464101,55
47.27661653108472,55
47.39188044224261,55
48.551159055604174,55
50.40446475337778,55
50.52088179185713,55
52.37489102285266,55
52.437016296862026,55
52.55402010740855,55
54.40859561505196,55
54.52630632806498,55
56.436547894504265,55
56.55490266388008,55
58.753724526543024,55
58.87299665952016,55
58.992162895926604,55
61.13672643877501,55
61.25677294420132,55
63.11426654442756,55
63.23492046912609,55
63.35552962254626,55
63.47604705105236,55
65.3339998833731,55
65.45510097671202,55
67.60152299913572,55
69.11019839148379,55
69.2324659962978,55
70.45138634303632,55
72.76996012435616,55
72.89122874641838,55
74.95912780913936,55
76.41277410302551,55
76.53502471326513,55
76.65717601351344,55
78.67092945263197,55
81.30499463259942,55
81.42899819094522,55
83.44452751589576,55
83.51407861663343,55
83.63851214450061,55
83.76283080077549,55
86.03015617233653,55
86.15515582430558,55
88.47812517845867,55
0.1000728384154291,56
0.1966799409280585,56
0.291259717900147,56
0.3294010845099767,56
0.4214267333632353,56
0.5125407744325241,56
0.5895927689053365,56
1.3661364457585163,56
2.144298925159151,56
2.228867202160532,56
2.3003053656794377,56
2.326216087771232,56
2.4080796177514143,56
4.106341236365611,56
4.831331187022502,56
6.019393497241313,56
7.154613905680949,56
7.245736175311381,56
8.031183057559307,56
9.45715444637614,56
9.496721548122938,56
9.53618111936527,56
9.575535421354347,56
9.614786629659708,56
9.70893682269531,56
11.752498519701536,56
13.41226876525427,56
14.617730754551337,56
16.870696123220096,56
19.008933276689763,56
19.76172777395169,56
19.876305483961087,56
21.939122485355043,56
24.20104616847771,56
26.72165685362848,56
29.357490755690385,56
30.12187219499548,56
30.24819096279463,56
30.3755130840711,56
30.44909177748897,56
30.52435283208995,56
30.65565208351482,56
30.726083198327693,56
30.863653054320302,56
30.95171597175626,56
31.078488406502107,56
32.240602669082975,56
32.31652913685927,56
32.39245560463557,56
32.46838207241187,56
32.54430854018817,56
32.62023500796447,56
32.696161475740766,56
32.772087943517064,56
32.89018966700921,56
33.65649964358697,56
33.733128157221174,56
33.80975667085538,56
33.88638518448958,56
34.018013682924604,56
34.09464219655881,56
34.17127071019301,56
34.24789922382722,56
34.37952772226224,56
34.456156235896444,56
34.587784734331464,56
34.66441324796567,56
34.79604174640069,56
36.260270853303766,56
36.393205662034845,56
36.47114046361337,56
36.54907526519189,56
36.62701006677041,56
36.75994487550149,56
36.83787967708001,56
36.91581447865853,56
36.993749280237054,56
37.11517114635596,56
38.29262144561896,56
38.37145951088557,56
38.50529756840358,56
38.584135633670186,56
38.6629736989368,56
38.78208957310805,56
40.243106310994456,56
40.32165005597575,56
40.40019380095704,56
40.47873754593832,56
40.55728129091961,56
40.6358250359009,56
40.769368780584166,56
43.04894532057745,56
43.1663525978039,56
45.87774661853811,56
48.25575519314514,56
48.3856326782983,56
51.00816341337429,56
53.301947455664,56
54.84061314168092,56
54.99298446657795,56
0.1000728384154291,57
0.1966799409280585,57
0.291259717900147,57
0.3864597581155855,57
0.4820521564082314,57
0.5787858479607823,57
0.6080214685073285,57
0.6872431269159703,57
0.7636810994019895,57
0.8389565577974706,57
0.9150096034875302,57
2.096257195459881,57
2.175933033811131,57
2.247972556041756,57
2.96531904547123,57
2.989750931622663,57
3.014426770271936,57
3.039359074669161,57
3.0645617159327654,57
3.145050144406238,57
3.2258416997512964,57
3.2519559474906115,57
4.032363614650645,57
4.11757336428968,57
4.14899861684648,57
4.176228583442249,57
4.257687792765179,57
4.337120093988457,57
4.365666967468538,57
4.440343227820673,57
5.215497341590204,57
5.243237272488155,57
5.271836454631963,57
5.3577856594940805,57
5.393316312344947,57
5.435778437765517,57
5.533240562888064,57
5.575702688308635,57
5.618164813729205,57
5.703613279970565,57
5.74360111227838,57
5.783588944586196,57
5.826051070006766,57
5.912027074607291,57
5.9489961365482,57
6.688796291711011,57
6.735449256958642,57
6.782102222206273,57
6.828755187453904,57
6.875408152701535,57
6.922061117949166,57
6.968714083196797,57
7.070367048146405,57
7.172020013096013,57
7.218672978343644,57
7.265325943591275,57
7.311978908838906,57
7.395121800365128,57
7.429536736222186,57
8.169336891384997,57
8.270989856334605,57
8.372642821284213,57
8.419295786531844,57
8.465948751779475,57
8.512601717027106,57
8.559254682274737,57
8.605907647522368,57
8.65256061277,57
8.69921357801763,57
8.745866543265262,57
8.84751950821487,57
8.8941724734625,57
8.940825438710132,57
8.987478403957763,57
9.034131369205394,57
9.080784334453025,57
9.127437299700656,57
9.229090264650264,57
9.275743229897897,57
9.322396195145526,57
9.369049160393155,57
9.415702125640788,57
9.46235509088842,57
9.50900805613605,57
9.55566102138368,57
9.657313986333287,57
9.70396695158092,57
9.805619916530528,57
9.85227288177816,57
9.89892584702579,57
9.94557881227342,57
9.992231777521052,57
10.038884742768683,57
10.085537708016314,57
10.132190673263946,57
10.233843638213552,57
10.33549660316316,57
10.437149568112767,57
10.4838025333604,57
10.530455498608031,57
0.1000728384154291,58
0.1966799409280585,58
0.2947254538029468,58
0.3934864708960384,58
0.4893769481957287,58
0.5840108552754253,58
0.6709130862534374,58
0.6947653563499778,58
0.7180428961098522,58
0.7379815084666341,58
0.7591495951444238,58
0.7787435455054372,58
0.7952993558526367,58
0.8103146832242936,58
0.8201161837011903,58
-0.1850088620751768,58
0.1000728384154291,59
0.2081928663930287,59
0.3232443661762277,59
0.3832958659594268,59
0.4983473657426259,59
0.6133988655258249,59
0.7144709652223036,59
0.8211769660868093,59
1.5680877765573904,59
1.6218514045633718,59
1.7306150248207497,59
1.839378645078127,59
1.8931422730841083,59
1.94690590109009,59
2.000669529096071,59
2.0544331571020527,59
2.108196785108034,59
2.1619604131140155,59
2.215724041119997,59
2.2694876691259784,59
2.378251289383356,59
2.432014917389337,59
2.485778545395319,59
2.5395421734013004,59
2.648305793658678,59
2.706569418913843,59
2.8198330441690085,59
2.8780966694241736,59
2.936360294679339,59
2.994623919934504,59
3.052887545189669,59
3.1661511704448344,59
3.2244147957,59
3.2826784209551647,59
3.34094204621033,59
3.454205671465495,59
3.5124692967206603,59
3.570732921975825,59
3.628996547230991,59
3.687260172486156,59
3.800523797741321,59
3.8587874229964862,59
3.9170510482516514,59
3.975314673506817,59
4.033578298761982,59
4.091841924017147,59
4.205105549272313,59
4.263369174527478,59
4.321632799782643,59
4.434896425037808,59
4.493160050292973,59
4.551423675548138,59
4.609687300803303,59
4.722950926058468,59
4.77671455406445,59
4.830478182070431,59
4.8842418100764124,59
4.938005438082394,59
4.991769066088375,59
5.045532694094357,59
5.154296314351734,59
5.208059942357716,59
5.3168235626150935,59
5.370587190621075,59
5.424350818627056,59
5.478114446633038,59
5.531878074639019,59
5.585641702645001,59
5.639405330650982,59
5.693168958656964,59
5.746932586662945,59
5.855696206920323,59
5.909459834926304,59
5.963223462932286,59
6.071987083189663,59
6.125750711195645,59
6.179514339201626,59
6.233277967207608,59
6.287041595213589,59
6.34080522321957,59
6.394568851225552,59
6.448332479231533,59
6.502096107237515,59
6.555859735243496,59
6.664623355500874,59
6.718386983506855,59
6.772150611512837,59
6.825914239518818,59
6.8796778675248,59
6.933441495530781,59
6.9872051235367625,59
7.040968751542744,59
7.094732379548725,59
7.148496007554707,59
7.202259635560688,59
7.311023255818066,59
7.364786883824047,59
7.418550511830029,59
7.47231413983601,59
7.526077767841992,59
0.1000728384154291,60
0.1966799409280585,60
0.291259717900147,60
0.3861844592296704,60
0.4795927532517536,60
0.5192266569041832,60
0.6015082762145623,60
0.6839167491101845,60
0.7605429009103402,60
0.780443617751561,60
0.7971219957375153,60
0.8646090195083245,60
0.927706034531556,60
0.9906390995287522,60
0.9984134199598058,60
1.00603388124492,60
1.0135050785296782,60
1.0208313378074392,60
1.0280167424620317,60
1.0350651523598655,60
1.0419802210794016,60
1.1037654123769327,60
1.1585581294761225,60
1.1585058797476533,60
1.1581309374281856,60
1.1574528719624224,60
1.15648901444857,60
1.155254820883246,60
1.1537641608714777,60
1.152029549991684,60
1.1500623389705735,60
1.147872869214015,60
1.145470601329552,60
1.1978642240259516,60
1.195061742616789,60
1.1920705594215262,60
1.1888975380547064,60
1.185549060171442,60
1.1820310745946785,60
1.1783491396903711,60
1.174508461318882,60
1.1705139247327765,60
1.166370123680653,60
1.1620813846215323,60
1.1576517914049047,60
1.1530852034315189,60
1.1483852742798346,60
1.1985554686374682,60
1.1935990728065091,60
1.1798804677650052,60
1.1660805601253823,60
1.1522006509452778,60
1.138241999372812,60
1.1242058273032027,60
1.11009331751612,60
1.15090561617163,60
1.1366438423841911,60
1.1223090743273216,60
1.1079023625328857,60
1.093424727730425,60
1.0788771617784816,60
1.0642606285959202,60
1.0495760678872186,60
1.0348243914171773,60
1.0200064885988551,60
1.0051232255622464,60
0.9901754460856038,60
0.9751639706641156,60
0.9600896020978408,60
0.9449531208350974,60
0.9297552886977511,60
0.969496849514516,60
0.954178529381724,60
0.9388010376691538,60
0.9233650654181558,60
0.962871288470896,60
0.9473203686624484,60
0.9317129511013348,60
0.9160496662929374,60
0.9553311314061004,60
0.9395579523965436,60
0.9787307172640878,60
0.9628500058874208,60
1.0019163839146217,60
0.9859304070099908,60
0.9698926150425988,60
0.9538035407289582,60
0.9376637056097108,60
0.9764736197516042,60
0.9599837824329454,60
0.9434446837380248,60
0.9818568002059777,60
0.9652206111326532,60
0.9485365744307356,60
0.931805144585641,60
0.9700267646088916,60
0.953201872818144,60
0.991330897025736,60
0.9744142606481628,60
0.9574523750319796,60
0.1000728384154291,61
0.1971799409280585,61
0.292259717900147,61
0.3859010845099767,61
0.4784267333632353,61
0.5700407744325242,61
0.592438914713963,61
0.6147165660686336,61
0.6916492571062884,61
0.7683645178503833,61
0.7900797807551465,61
0.8117950436599097,61
0.8885103044040046,61
0.9102255673087678,61
0.9869408280528628,61
1.063447725859984,61
1.0864546251423202,61
1.164261492801412,61
1.1871673789746604,61
1.265174272371038,61
1.3428840515143714,61
2.813398825836881,61
4.795992600632413,61
4.887609149230226,61
4.97990259052585,61
6.684215987933381,61
6.778473417175515,61
8.42977039040397,61
10.425664189210996,61
10.529996921218435,61
11.679157093623449,61
11.729405742780305,61
11.779372058878822,61
11.829071135805124,61
11.933258302196904,61
12.6762805111468,61
14.67484874871727,61
14.782173863288412,61
14.888866138371933,61
17.342488263697078,61
19.24679575863749,61
21.25235215848234,61
23.76785434585229,61
23.885237342410743,61
24.00244110831033,61
26.83101022344876,61
27.99594511617513,61
28.062411615056146,61
28.12902627292519,61
28.250243609937467,61
29.01000629074166,61
30.46393747093176,61
30.58649045570268,61
30.70847170971408,61
31.874805823994546,61
31.94266069515054,61
32.065415451727155,61
33.232480484072184,61
34.911547033440414,61
36.1355350156224,61
36.26092319353726,61
37.941977263273664,61
38.01413371843911,61
38.14160902160578,61
38.26900751834665,61
39.95179642068533,61
40.02536958584903,61
40.09899059826781,61
40.227036960853205,61
41.39920902740549,61
41.52776880528967,61
42.9886553355004,61
43.11863858332346,61
44.5814807229964,61
45.35256746871631,61
45.48525698177341,61
46.66236872162159,61
48.58878912931421,61
48.72331155476602,61
50.5955644725419,61
50.73075645993845,61
52.25276294647488,61
53.48736418062822,61
53.622810722898485,61
53.75684227405306,61
55.49997564151838,61
57.18028070709327,61
57.94467105529808,61
58.06966561639188,61
59.74994312744669,61
59.87542735587895,61
61.55596917323945,61
61.67591941134951,61
61.79538600132728,61
61.914339104313854,61
62.671660888012845,61
62.790565964827714,61
62.84289376164454,61
62.9499786245324,61
65.30746129627008,61
0.1000728384154291,62
0.1966799409280585,62
0.236259717900147,62
0.3294010845099767,62
0.4224189880568545,62
0.515816403845837,62
0.6087589607437909,62
0.701436905634473,62
0.7388635413512508,62
0.8307781020408881,62
0.9219919295718092,62
1.0127996299031174,62
1.1034330965777748,62
1.1938981971768992,62
1.2852598818773475,62
1.3765263256029423,62
1.4671725060851872,62
1.557736040057676,62
1.6478304802540766,62
1.6839350897548917,62
1.7748685333974952,62
2.505886895199073,62
2.5429319485129467,62
2.634782802660239,62
4.06157932209287,62
4.158021205016291,62
4.254437771429929,62
4.350327535265278,62
5.492154718484463,62
5.590209416266816,62
6.327952413745546,62
6.372763060843749,62
6.472722233714021,62
7.207962693156159,62
7.250326310725367,62
7.292975721390403,62
7.390654628605998,62
7.485096944005645,62
7.579265636832869,62
9.702088636787092,62
11.540909094245588,62
11.588423368961966,62
11.690451150269665,62
13.532284145684397,62
13.637187046439802,62
15.353303117187178,62
17.60608379307524,62
20.28618757191435,62
20.40104772660271,62
22.40959455582634,62
24.55995564639248,62
24.6861152413747,62
24.80607490869972,62
27.713552024239327,62
29.175163374102468,62
29.24062977806365,62
29.35874616429841,62
32.13385497853791,62
34.91791027527275,62
35.049039896610765,62
35.18008951624205,62
36.35520119345771,62
38.22485988277822,62
38.35642252902254,62
39.12632491867557,62
39.25673180993392,62
39.37708839203908,62
39.49152732070281,62
41.95282101805999,62
42.06881915952756,62
44.61703025724484,62
47.396586051156525,62
48.56736372845873,62
48.69359929435247,62
49.45832769362468,62
51.140450777228914,62
51.26644961251967,62
52.94782974402348,62
53.07292894551917,62
54.24223933131655,62
54.31289790254828,62
54.38351725789271,62
54.49527328463755,62
57.120810203277685,62
59.95727937670908,62
60.71445416661463,62
60.833256997191526,62
60.894095174991705,62
61.00972616674862,62
61.06545718389116,62
61.16779426860175,62
63.52181414889655,62
65.42214898394904,62
67.73071364688239,62
70.09226850795112,62
70.14586066456995,62
70.25452744963131,62
72.85158383848629,62
75.16308224203549,62
75.27690119298659,62
0.1000728384154291,63
0.1966799409280585,63
0.291259717900147,63
0.3844010845099767,63
0.4774189880568544,63
0.5703164038458369,63
0.5902496275702022,63
0.6085485105612777,63
0.6795180027583144,63
0.7462965284684203,63
0.8149599542120002,63
0.8804010485508941,63
0.886902807953348,63
0.9434799540066622,63
0.9387873720587692,63
0.9253190702037416,63
-0.1031230741901793,63
0.1000728384154291,64
0.2151243381986281,64
0.3301758379818272,64
0.4457273377650263,64
0.5508816298398262,64
0.6525701860118264,64
0.7528990736064083,64
0.8527731023099616,64
0.8920990038949758,64
0.9847559205048064,64
1.0244401626551782,64
1.1225901407083496,64
1.2010430184086784,64
1.2869997036537155,64
1.3182790887435898,64
1.4049034354170784,64
1.436898322113417,64
1.4692934241971,64
1.500780497946404,64
1.5333832886895165,64
1.5674244885226711,64
1.6034930136879906,64
1.6430272770008072,64
1.6860272747358307,64
1.7290272724708542,64
1.7720272702058777,64
1.8150272679409007,64
1.858027265675925,64
1.901027263410948,64
1.999027268298529,64
2.042027266033553,64
2.140027270921133,64
2.2380272758087143,64
2.281027273543738,64
2.3240272712787613,64
2.367027269013785,64
2.4100272667488083,64
2.453027264483832,64
2.496027262218856,64
2.539027259953879,64
2.5820272576889023,64
2.625027255423926,64
2.6680272531589493,64
2.711027250893973,64
2.8090272557815537,64
2.9070272606691345,64
2.950027258404158,64
2.993027256139181,64
3.036027253874205,64
3.0790272516092285,64
3.122027249344252,64
3.1650272470792755,64
3.208027244814299,64
3.2510272425493225,64
3.294027240284346,64
3.337027238019369,64
3.380027235754393,64
3.4230272334894165,64
3.46602723122444,64
3.564027236112021,64
3.607027233847045,64
3.650027231582068,64
3.6930272293170914,64
3.736027227052115,64
3.834027231939696,64
3.8770272296747192,64
3.920027227409743,64
4.018027232297324,64
4.061027230032347,64
4.159027234919928,64
4.202027232654952,64
4.245027230389975,64
4.288027228124999,64
4.386027233012579,64
4.429027230747603,64
4.472027228482626,64
4.51502722621765,64
4.558027223952673,64
4.601027221687697,64
4.64402721942272,64
4.742027224310301,64
4.840027229197882,64
4.883027226932906,64
4.926027224667929,64
5.02402722955551,64
5.0670272272905335,64
5.110027225025557,64
5.208027229913138,64
5.251027227648161,64
5.294027225383185,64
5.337027223118208,64
5.380027220853232,64
5.478027225740813,64
5.521027223475836,64
5.56402722121086,64
5.607027218945883,64
5.650027216680907,64
5.69302721441593,64
5.736027212150954,64
5.779027209885977,64
0.1000728384154291,65
0.1966799409280585,65
0.291759717900147,65
0.3854010845099767,65
0.4779267333632352,65
0.569540774432524,65
0.6603840621026766,65
0.7505596928097066,65
0.8404913726958894,65
0.9277764145049714,65
1.01475324069592,65
3.4129857007178925,65
5.944689888111081,65
8.635399479022947,65
11.235241177901644,65
14.07181797722212,65
16.972415256526908,65
20.357161268146285,65
22.78725165580253,65
22.91461787702382,65
23.04168170865029,65
23.16830754998017,65
25.493136888765257,65
25.620547073132872,65
25.74662035664758,65
27.66552880642252,65
27.79277487739869,65
27.92011996151134,65
28.04756605916058,65
30.57460898634796,65
32.78428057189746,65
32.91414007590636,65
33.04353005395593,65
35.252972803765175,65
36.76948826337466,65
36.899449466690136,65
39.10943993485547,65
39.23986965039616,65
39.37002558654133,65
39.49986347908162,65
41.70939068591592,65
41.83893399983452,65
43.91500416543085,65
46.444049680047,65
48.974116081066384,65
49.105997908622,65
49.23739312880424,65
51.56670608558584,65
51.698537255120144,65
54.13383811408863,65
54.26621659780786,65
56.88444486890676,65
59.09772867659518,65
59.23138144624082,65
61.44496395990421,65
61.57890685856862,65
63.79279375714889,65
63.92686819486906,65
66.36408567654985,65
67.59739191820717,65
67.72914626313225,65
70.05873054473531,65
70.19073454350203,65
72.11480205163257,65
72.24684321432859,65
74.57664630086241,65
74.70890748053537,65
76.73246774815988,65
76.86482696373504,65
78.60682931031923,65
80.5314252307888,65
80.66193863573523,65
80.78143627037623,65
81.99983803394286,65
83.50633472902068,65
84.67042086529123,65
84.79078085598161,65
84.91095440389816,65
86.97782750092472,65
88.14268518821171,65
88.26383204547113,65
88.35122424341571,65
89.85282986021558,65
89.91322488999825,65
89.97356301590229,65
90.0888301766884,65
90.14918179223127,65
91.81965375022568,65
91.9356150225516,65
92.05150456565482,65
93.21138716195898,65
95.57657589638148,65
97.4316623345842,65
99.28745273484616,65
99.33828790469794,65
99.44405911846783,65
102.03645704670576,65
104.1699867097917,65
105.37801335735944,65
105.48737321777968,65
0.1000728384154291,66
0.1966799409280585,66
0.291259717900147,66
0.3294010845099767,66
0.4214267333632353,66
0.513040774432524,66
0.6013840669072708,66
0.634656430152758,66
0.7226547532952865,66
0.755489126709803,66
0.788164754328831,66
0.8206865237332424,66
0.8530590282059749,66
0.8852865965343555,66
0.972373311338528,66
1.0617426013075772,66
1.1411953916274968,66
1.1657299207025231,66
1.190347553553528,66
1.2150496964775983,66
1.2398378004753057,66
1.2589199630045358,66
1.2780312796556417,66
1.297171921791977,66
1.3713420642041627,66
1.4455418748282851,66
1.5197715399288598,66
1.5390312348925534,66
1.5583211419605676,66
1.5776414436721269,66
1.5969923262917465,66
1.6625902031981412,66
2.426355001839346,66
2.4340132841342155,66
2.441768656807489,66
2.449623043040282,66
2.457578442382163,66
2.520636937903709,66
2.528800701113886,66
2.59207199266786,66
2.600453180583662,66
2.608946733499414,66
2.617555233972616,66
2.681281383472032,66
2.6901280240588847,66
2.699098127285487,66
2.708194819601721,66
2.7724213873469297,66
2.7817812984311048,66
2.791278204272038,66
2.792564008358403,66
2.793945053449369,66
2.7954231889187384,66
2.797000337481967,66
2.853678502232305,66
2.8554597608479697,66
2.8573462863885823,66
2.8593403430157367,66
2.861444294309712,66
2.8636606096723143,66
2.865991872592366,66
2.868440788096285,66
2.864892766667998,66
2.9163447440103654,66
2.9127967225820783,66
2.915245638085997,66
2.9178150415853623,66
2.975507908357776,66
3.033327364219821,66
3.03627669703821,66
3.0393593710348967,66
3.042579039788342,66
3.045939563164956,66
3.0494450240829054,66
3.053099749932534,66
3.111908337424046,66
3.1158756649554733,66
3.120006941581613,66
3.1243077259012524,66
3.1287839667373363,66
3.1334420459778074,66
3.1382888270043794,66
3.143331711503214,66
3.2035787080847684,66
3.209038500531113,66
3.2147205517129067,66
3.2756352059976224,66
3.281793807955927,66
3.2882088765935067,66
3.2948942811661426,66
3.3018654783689443,66
3.309139798718041,66
3.316736811163372,66
3.3796787870549623,66
3.387991303900725,66
3.396704034271187,66
3.460851819577164,66
3.470476157354659,66
3.480627297746486,66
3.4913673534491125,66
0.1000728384154291,67
0.1966799409280585,67
0.291259717900147,67
0.3294010845099767,67
0.4214267333632353,67
0.5125407744325241,67
0.6033840621026767,67
0.6935596928097066,67
0.7281464083384547,67
0.8172063212889136,67
0.906070130673606,67
0.9947452384183844,67
2.693657858962818,67
2.783132566804692,67
2.8722191441009484,67
2.9071932162294827,67
2.9972748260150395,67
3.0324663247118435,67
3.0677701856146298,67
3.1580513741026364,67
3.248969535077616,67
3.33971300973992,67
4.764577659512564,67
6.415514143849417,67
7.845470222378775,67
7.944057854558035,67
9.659577800847224,67
11.153443410328304,67
13.055132171002892,67
13.159778302399186,67
15.007916323814944,67
15.053404409412696,67
15.153820548180892,67
15.254061233226611,67
15.35413241011317,67
15.454186949853256,67
17.701164517525985,67
20.23983291161473,67
22.37535694611485,67
22.48643942547257,67
25.64793797207292,67
25.760644424681026,67
25.872183781091525,67
28.496980171624973,67
31.561702758775542,67
31.68429156254636,67
32.8511101769046,67
33.66794582087418,67
33.73668290703328,67
33.86021262695134,67
35.53445130874455,67
37.2643821864301,67
37.38476671566308,67
37.50387256880343,67
38.95986656951738,67
39.72293675366235,67
39.84787115976087,67
39.97271506565117,67
42.98069278972649,67
43.09863266425633,67
43.16193027871155,67
43.225613207392925,67
43.34450773226523,67
44.79619602190756,67
44.916891888551945,67
46.37053711789154,67
46.49314446824097,67
47.2610128842082,67
49.285570275463456,67
49.41149368552148,67
51.15256479052484,67
51.278089639224405,67
52.79342209962785,67
54.50249928057777,67
54.6021385490936,67
54.73406134369807,67
56.20145046745981,67
58.14264202966505,67
59.68595307920969,67
59.84296976763444,67
61.33191486876703,67
62.53364157465429,67
63.369112500694655,67
64.8594199475843,67
65.01843303335404,67
66.91506853862393,67
67.07494457466575,67
67.17982061070758,67
67.3396966467494,67
67.44457268279123,67
67.54944871883306,67
67.65432475487489,67
67.81420079091671,67
67.91907682695854,67
68.02395286300037,67
68.1288288990422,67
68.23370493508403,67
68.33858097112586,67
68.4434570071677,67
68.60333304320952,67
0.1000728384154291,68
0.1966799409280585,68
0.291259717900147,68
0.3317511026562054,68
0.4270463838464973,68
0.522152963396875,68
0.603664948066213,68
0.6259891562363885,68
0.6988379307291291,68
0.7705027185580514,68
0.847151237001159,68
0.9165084012052797,68
0.9316392237520598,68
0.94677004629884,68
0.9649982083788894,68
0.9835205733976148,68
1.0573555365404863,68
1.076523960029223,68
1.0986992739341042,68
1.1755173005363724,68
1.201510046069958,68
1.2288749762079498,68
1.254363408704736,68
1.2836257875165722,68
1.3159833610257885,68
1.4152333647212765,68
2.156339576860406,68
2.204298640062549,68
3.4103404529592773,68
3.4627700172564766,68
3.515199581553676,68
3.6111430250308296,68
5.045541318526007,68
5.102604000290372,68
5.159666682054736,68
5.2167293638191,68
5.328792041560151,68
5.385854723324515,68
5.442917405088879,68
5.499980086853244,68
5.6051112957498805,68
7.053075367977359,68
8.728037888576724,68
10.58903794961188,68
12.270279104282595,68
12.342082331349587,68
12.46888556556914,68
12.540688792636134,68
12.667492026855683,68
12.788802193870284,68
15.062588738670089,68
17.44522027896855,68
20.362999247779584,68
23.402295153103445,68
26.77526507833695,68
28.821520728042668,68
28.97686622869307,68
30.92498926270392,68
32.81908476028979,68
34.02050345074181,68
36.2589580781914,68
36.41797116396115,68
38.132143647936125,68
38.236878219477006,68
38.34161279101789,68
38.44634736255877,68
38.60608193409965,68
40.84636476958108,68
40.98942932307522,68
42.92565467983823,68
43.067934498341074,68
44.543601924673126,68
44.638762253828745,68
44.80091205934835,68
46.84588441117297,68
48.55701340628799,68
48.70518074850772,68
49.89707399438647,68
50.68856485838849,68
50.83582656520895,68
50.9308222080179,68
51.03072199709191,68
51.178290100821954,68
51.27340280442165,68
52.98266283447286,68
54.87915255356565,68
56.59131084490991,68
56.702078413382246,68
56.85286732048681,68
59.14532683625789,68
59.295204783797175,68
59.39589848538548,68
59.50416211064064,68
59.612425735895805,68
59.77568936115097,68
59.92063517817548,68
61.80548002546269,68
63.51092935525367,68
65.96718477475474,68
67.67364998148702,68
0.1000728384154291,69
0.1966799409280585,69
0.291259717900147,69
0.3844010845099767,69
0.4764267333632352,69
0.5680407744325241,69
0.6038840621026766,69
0.6940596928097066,69
0.7289913726958893,69
0.7636904525038977,69
0.7981672734990518,69
0.832431296422112,69
0.9179621556582857,69
0.9482969113286926,69
1.0334429653591857,69
1.063407181168824,69
1.1481959403794062,69
1.17781519183161,69
1.2072704941696988,69
1.2915670530162149,69
1.3207097535693968,69
1.3497031893068303,69
1.378551687359898,69
1.4072593310281318,69
1.4358299798254253,69
1.464267287387308,69
1.4925747175171742,69
1.520755558607119,69
1.603812936634112,69
1.6317498269032098,69
1.6595690646852566,69
1.7422733548761795,69
1.7698652807878426,69
1.7973473121659116,69
1.824721812517876,69
1.8519910458238509,69
1.8791571826938125,69
1.906222306027186,69
1.933188416224079,69
1.9600574359916865,69
1.9868312147844405,69
2.068511532912133,69
2.0951001053464857,69
2.1765985852533243,69
2.1935887588838203,69
2.203641771138663,69
2.213672853533789,69
2.2236821018330835,69
2.233669610967697,69
2.298635475046863,69
2.308579787368524,69
2.3185026404297764,69
2.328404125937142,69
2.338284334816657,69
2.3481433572237944,69
2.3579812825532183,69
2.367798199448374,69
2.377594195810917,69
2.387369358809985,69
2.3971237748913192,69
2.406857529786229,69
2.4165707085204136,69
2.481202419057168,69
2.490753967556266,69
2.5489992899926954,69
2.552186018008559,69
2.555314830318974,69
2.5583863900954493,69
2.5614013454938025,69
2.56436033015844,69
2.5672639637043058,69
2.5701128521777235,69
2.5729075884972694,69
2.575648752875753,69
2.5783369132243035,69
2.5770222664595064,69
2.630664254288442,69
2.629263249591102,69
2.627819618889645,69
2.626333722509633,69
2.6248059147358567,69
2.6232365439629834,69
2.621625952841235,69
2.6199744784173005,69
2.61294503569641,69
2.6058833347991124,69
2.65378958251001,69
2.64666398297948,69
2.6395067377736923,69
2.6323180459233666,69
2.6800981039713148,69
2.6728471060188,69
2.6593260051712626,69
2.691984956743419,69
1.6545847339337856,69
0.1000728384154291,70
0.1873506680624933,70
2.231321836131776,70
3.941444606178745,70
6.351991511666009,70
6.455722227477262,70
6.5622982455126735,70
6.672234728717038,70
9.135962679766845,70
9.211524739646146,70
9.342086806678006,70
9.41764886655731,70
9.54821093358917,70
9.67877300062103,70
9.754335060500331,70
9.829897120379636,70
9.960459187411496,70
10.0360212472908,70
10.111583307170102,70
10.187145367049403,70
10.262707426928708,70
10.338269486808011,70
10.468831553839872,70
10.544393613719174,70
10.674955680751037,70
10.750517740630338,70
10.82607980050964,70
10.9566418675415,70
14.042884586842982,70
17.82873322984118,70
20.230227615922534,70
23.22261606224345,70
25.326640628517914,70
28.139985812240585,70
28.24528079486105,70
28.350575777481502,70
28.455870760101966,70
28.561165742722427,70
31.346917665590503,70
34.381988324226114,70
34.466721598743,70
34.54982379457761,70
34.63169813747672,70
34.712587489019775,70
34.84765432199545,70
34.927015022826886,70
35.00575708669569,70
35.08394869711432,70
35.16164448878735,70
38.47315000018412,70
41.8851149542546,70
45.55031648996535,70
45.62023156343676,70
45.68944282469463,70
45.758037229666726,70
45.82608259105446,70
45.89363327765607,70
45.96073385415607,70
46.02742151508292,70
49.23090934588989,70
49.294331479133405,70
49.35745521574049,70
49.47529736534151,70
49.52757139705171,70
49.57968403034291,70
49.631640312601554,70
49.6818264236321,70
49.73187558852441,70
49.78179145834957,70
53.91930734253411,70
53.97908428134412,70
54.03866752564645,70
54.098064299953634,70
54.157281309173776,70
54.21632479272693,70
54.275200571398,70
54.33391408810538,70
54.39247044354191,70
54.45087442746989,70
54.50913054631294,70
54.56073683036605,70
54.61223869295332,70
54.71863827030565,70
58.85422250556841,70
61.80545020963781,70
65.36720184346974,70
68.76769518958352,70
72.09649854841554,70
75.59187505035398,70
79.30529346799771,70
83.1214230278529,70
87.17306324328317,70
91.14849567967332,70
91.28679048003768,70
91.42478688678683,70
91.50750170922028,70
91.58994996338336,70
91.67214514455618,70
91.75409944718696,70
91.89082394435935,70
0.1000728384154291,71
0.1966799409280585,71
0.2304799356649683,71
0.3178840750048922,71
0.3491982021520899,71
0.4346179315040873,71
1.9149723105326653,71
2.009298551013947,71
2.1040315196924984,71
2.198091537601186,71
2.2382261130707604,71
2.278595106469829,71
2.319210051089852,71
2.359071782248915,71
2.454110523043233,71
2.494332770671804,71
2.5896019670021224,71
2.685063494736581,71
4.115501206671068,71
4.854825105277301,71
6.002161296625085,71
7.151889546943027,71
7.203721012811062,71
7.256387749102414,71
7.365057838871076,71
7.419984500781142,71
7.476593523874315,71
7.535756675086318,71
7.594311834313061,71
7.656332729442604,71
7.779952629337552,71
7.8485725292324995,71
7.972192429127447,71
9.13756229740595,71
10.5926717744491,71
11.761462353291265,71
13.686382448208086,71
16.46448237840545,71
18.950132553204533,71
21.11967882501889,71
23.9216531735488,71
26.320380127778105,71
27.51575770970945,71
29.22296177108289,71
30.98612258297833,71
32.69519976392826,71
32.79483903244408,71
32.8944783009599,71
33.049117569475726,71
33.14875683799155,71
33.24839610650737,71
33.348035375023194,71
33.44767464353902,71
33.54731391205484,71
33.64695318057066,71
33.746592449086485,71
33.84623171760231,71
34.00087098611813,71
34.10051025463395,71
34.200149523149776,71
34.2997887916656,71
34.39942806018142,71
34.499067328697244,71
34.59870659721307,71
34.69834586572889,71
34.79798513424471,71
34.952624402760534,71
35.05226367127636,71
35.20690293979218,71
35.306542208308,71
35.406181476823825,71
35.50582074533965,71
35.60546001385547,71
35.70509928237129,71
35.80473855088712,71
35.90437781940294,71
36.00401708791876,71
36.15865635643458,71
36.25829562495041,71
36.35793489346623,71
36.45757416198205,71
36.55721343049788,71
36.6568526990137,71
36.75649196752952,71
36.91113123604534,71
37.010770504561165,71
37.11040977307699,71
37.21004904159281,71
37.30968831010863,71
37.409327578624456,71
37.50896684714028,71
37.6636061156561,71
37.76324538417192,71
37.86288465268775,71
37.96252392120357,71
38.06216318971939,71
38.161802458235215,71
38.26144172675104,71
38.41608099526686,71
38.51572026378268,71
0.1000728384154291,72
0.1966799409280585,72
0.291259717900147,72
0.3867511026562054,72
0.4833582051688347,72
0.5662626781159554,72
0.6505607225590859,72
0.7353587605649148,72
0.8216567941599999,72
0.9079548277550852,72
0.9420509458178196,72
0.9830785364502584,72
1.031037599652401,72
1.0789966628545438,72
1.1269557260566865,72
1.1749147892588292,72
1.222873852460972,72
1.2708329156631146,72
1.3187919788652571,72
1.4217510380440863,72
1.5247100972229155,72
1.5726691604250584,72
1.6655857906335507,72
1.701152314304701,72
1.737532217859617,72
1.825689782261244,72
1.8593473442488824,72
1.8930049062365208,72
1.9266624682241595,72
2.015320033639065,72
2.048977595626704,72
2.137635161041609,72
2.171292723029248,72
2.204950285016886,72
2.2386078470045243,72
2.272265408992163,72
2.3059229709798013,72
2.33958053296744,72
2.373238094955078,72
2.4068956569427167,72
2.440553218930355,72
2.4742107809179936,72
2.562868346332899,72
2.5965259083205376,72
2.630183470308176,72
2.6638410322958146,72
2.697498594283453,72
2.7861561596983586,72
2.819813721685997,72
2.853471283673636,72
2.887128845661274,72
2.9207864076489125,72
2.954443969636551,72
2.988101531624189,72
3.076759097039095,72
3.110416659026733,72
3.144074221014372,72
3.232731786429277,72
3.266389348416916,72
3.3000469104045544,72
3.333704472392193,72
3.3673620343798314,72
3.40101959636747,72
3.4346771583551083,72
3.468334720342747,72
3.5019922823303853,72
3.535649844318024,72
3.5693074063056622,72
3.6029649682933007,72
3.636622530280939,72
3.6702800922685777,72
3.703937654256216,72
3.7925952196711217,72
3.8805027798408185,72
3.913410344033829,72
3.946317908226839,72
4.034225468396536,72
4.122133028566233,72
4.211540591085415,72
4.245948153604597,72
4.335355716123779,72
4.368263280316789,72
4.4011708445098,72
4.43407840870281,72
4.46698597289582,72
4.49989353708883,72
4.532801101281841,72
4.565708665474851,72
4.653616225644548,72
4.686523789837558,72
4.719431354030569,72
4.752338918223579,72
4.840246478393276,72
4.9281540385629725,72
4.961061602755983,72
4.993969166948993,72
5.08187672711869,72
5.169784287288387,72
5.202691851481397,72
5.235599415674408,72
0.1000728384154291,73
0.1966799409280585,73
0.3062383792679169,73
0.421289879051116,73
0.5363413788343151,73
0.6513928786175142,73
0.7499649837868104,73
0.8473521188156495,73
0.8857687577860246,73
0.976710283781756,73
2.409657561804522,73
3.849006497885455,73
5.855704391028155,73
8.40985163452791,73
10.96956285240816,73
13.81737954526091,73
17.49573707043033,73
21.55114010243237,73
24.365432495936965,73
27.11251082566767,73
29.78701185149159,73
29.896563519853977,73
30.006115188216363,73
30.11566685657875,73
30.22521852494113,73
30.33477019330352,73
30.499321861665905,73
30.66387353002829,73
33.39480439586112,73
36.127076740015085,73
38.8056124892775,73
41.62862099459794,73
41.743579298816165,73
41.91353760303439,73
42.08349590725262,73
42.253454211470846,73
42.42341251568907,73
42.5383708199073,73
42.70832912412553,73
42.82328742834376,73
42.93824573256198,73
43.05320403678021,73
43.16816234099844,73
43.28312064521666,73
43.39807894943489,73
43.51303725365312,73
43.627995557871344,73
43.74295386208957,73
43.8579121663078,73
43.972870470526026,73
44.08782877474425,73
44.20278707896248,73
44.37274538318071,73
44.48770368739893,73
44.60266199161716,73
44.77262029583539,73
44.887578600053615,73
45.00253690427184,73
45.11749520849007,73
45.2324535127083,73
45.40241181692653,73
45.51737012114475,73
45.63232842536298,73
45.802286729581205,73
45.97224503379943,73
46.08720333801766,73
46.257161642235886,73
46.42711994645411,73
46.54207825067234,73
46.71203655489057,73
46.8269948591088,73
46.94195316332702,73
47.05691146754525,73
47.17186977176348,73
47.2868280759817,73
47.40178638019993,73
47.51674468441816,73
47.631702988636384,73
47.74666129285461,73
47.86161959707284,73
47.976577901291066,73
48.09153620550929,73
48.20649450972752,73
48.32145281394575,73
48.43641111816397,73
48.5513694223822,73
48.72132772660043,73
48.891286030818655,73
49.00624433503688,73
49.12120263925511,73
49.23616094347334,73
49.35111924769157,73
49.46607755190979,73
49.58103585612802,73
49.750994160346245,73
49.92095246456447,73
50.0359107687827,73
50.150869073000926,73
50.26582737721915,73
50.38078568143738,73
0.1000728384154291,74
0.1966799409280585,74
0.291259717900147,74
0.3844010845099767,74
0.4764267333632352,74
0.5650407799368742,74
0.6395927795058134,74
2.929067743647659,74
4.121665013659561,74
5.82774103962239,74
8.498299862550411,74
11.193855293204996,74
13.819339496332624,74
16.774680984523137,74
19.888217676228265,74
21.95768889326671,74
24.027740931470333,74
24.151556759875408,74
24.22015032946763,74
24.28853110098776,74
24.35670776253528,74
24.42468832051704,74
24.547480176858883,74
24.61509019497987,74
24.6825247565018,74
24.749789810265355,74
24.8718909149148,74
24.93883327607266,74
25.0056217789372,74
25.072261016985976,74
25.138755317350395,74
25.20510876332997,74
25.271325214438622,74
25.337408324311856,74
25.403361556753072,74
25.469188200154367,74
25.58989138049271,74
25.71047407307316,74
25.775939113166555,74
25.84128920566883,74
25.906526933891843,74
25.971654767581263,74
26.036675070244577,74
26.101590105861906,74
26.166402045043213,74
26.23111297068794,74
26.350724883196182,74
26.41523970527514,74
26.479659286379245,74
26.54398540681829,74
26.608219781563992,74
26.672364063782183,74
26.73641984811488,74
26.800388673734005,74
26.86427202718634,74
26.928071345047098,74
26.991788016398097,74
27.05542338514473,74
27.11677579177925,74
27.1780114615938,74
27.2391330580195,74
27.30014312565764,74
27.3610440980588,74
27.418299461385235,74
27.475499792709588,74
27.580162590648943,74
27.629790572200044,74
27.67059091383432,74
27.71136828452466,74
27.752122789321497,74
27.79285453231878,74
27.83356361666701,74
27.87425014458601,74
27.91491421737745,74
27.955555935437168,74
27.996175398267265,74
28.030185699292407,74
28.064181261913365,74
28.0981621294466,74
28.127457260696577,74
28.156737782732367,74
28.186003738115467,74
28.215255169160105,74
28.24449211793538,74
28.27371462626741,74
28.30292273574139,74
28.332116487703715,74
28.35058660180072,74
28.4299062611834,74
29.5558553139688,74
29.583184980852817,74
29.61050756056343,74
29.69282306313203,74
31.108232938487067,74
32.2384075480818,74
33.37077828597811,74
33.459522719780175,74
33.49325317733275,74
33.52696969759406,74
33.56067231930578,74
0.1000728384154291,75
0.1923612428559448,75
0.285906219437865,75
0.3779900090331598,75
0.4171011241689954,75
0.5128946004879371,75
0.6147079408285084,75
0.7185486067096206,75
0.8258550084935325,75
0.9331614102774444,75
0.981967813109714,75
1.0762317839616125,75
1.1145308229678457,75
1.1950135517471616,75
1.2855184513681714,75
1.3179260145479028,75
1.398158776348192,75
1.4227617762589042,75
1.4412428389840906,75
1.451044339460987,75
0.4459192936846201,75
0.1000728384154291,76
0.1966799409280585,76
0.291259717900147,76
0.3819010898059507,76
0.4154881730264326,76
0.5031974285429617,76
0.5239106684511801,76
0.5968034013694425,76
0.6649707078522344,76
0.6756004008984466,76
0.7417979824876686,76
0.7498008178135653,76
0.8089374878963729,76
0.808352505793636,76
0.8015830870772054,76
0.7861025650108506,76
-0.2443979661857436,76
0.1000728384154291,77
0.2151243381986281,77
0.3301758379818272,77
0.4452273377650263,77
0.5602788375482254,77
0.6753303373314244,77
0.7908818371146236,77
1.953080517583613,77
2.0716669093844926,77
2.1822061116232017,77
3.3470670676898524,77
4.802717491545726,77
4.87278557623744,77
5.637358453791279,77
5.708784150785173,77
5.780209847779068,77
5.906635544772962,77
5.978061241766857,77
6.049486938760751,77
6.120912635754645,77
6.192338332748539,77
6.2637640297424335,77
6.335189726736328,77
6.406615423730222,77
6.533041120724116,77
6.60446681771801,77
6.730892514711904,77
6.857318211705799,77
6.928743908699693,77
7.000169605693587,77
7.071595302687482,77
7.143020999681376,77
7.269446696675271,77
7.340872393669165,77
7.412298090663059,77
7.483723787656953,77
7.555149484650848,77
7.626575181644742,77
7.698000878638636,77
7.824426575632531,77
7.895852272626425,77
7.967277969620319,77
8.093703666614214,77
8.220129363608109,77
8.291555060602004,77
8.3629807575959,77
8.434406454589794,77
8.50583215158369,77
8.577257848577585,77
8.64868354557148,77
8.720109242565375,77
8.79153493955927,77
8.862960636553165,77
8.93438633354706,77
9.005812030540955,77
9.07723772753485,77
9.203663424528743,77
9.33008912152264,77
9.401514818516535,77
9.47294051551043,77
9.544366212504324,77
9.61579190949822,77
9.742217606492115,77
9.81364330348601,77
9.885069000479906,77
10.0114946974738,77
10.082920394467696,77
10.20934609146159,77
10.280771788455484,77
10.35219748544938,77
10.423623182443276,77
10.49504887943717,77
10.566474576431066,77
10.63790027342496,77
10.764325970418856,77
10.835751667412753,77
10.907177364406646,77
10.97860306140054,77
11.050028758394436,77
11.121454455388331,77
11.247880152382226,77
11.31930584937612,77
11.390731546370017,77
11.462157243363912,77
11.533582940357809,77
13.272510032622748,77
14.959121367835827,77
17.11944141832056,77
18.81178873210497,77
18.9500824748886,77
20.9818016226431,77
23.468949958611056,77
25.86350599789081,77
28.260477271149306,77
30.609053515450466,77
30.70561298040396,77
30.857172445357456,77
31.00873191031096,77
31.10529137526445,77
31.201850840217947,77
0.1000728384154291,78
0.1347474375762602,78
0.2226978343056326,78
0.3083406326001079,78
0.3930174747494289,78
0.4768851017714979,78
0.5015298986360563,78
0.5256427934828218,78
0.6042749690268229,78
0.6806735611987977,78
0.6994134105277925,78
0.7179994016421705,78
0.7932557567490011,78
1.5097138389480975,78
1.587881866051045,78
1.6111208229792982,78
1.688514809264031,78
2.46193532194027,78
3.2375737234486013,78
3.257144077820864,78
3.3228677503300577,78
3.3344346770552664,78
3.345970058022228,78
4.463456415711132,78
4.53720708298513,78
5.659953669784752,78
6.786990718124596,78
6.8166710391176615,78
6.846482084272591,78
6.876427366538135,78
6.90651058885285,78
6.9367356664968405,78
6.967106738267628,78
6.997628196282474,78
7.083304702444163,78
7.114141226886002,78
7.1451430536342535,78
7.176315837679592,78
7.262275823531834,78
7.294113651989189,78
7.326126934169022,78
7.358322055218903,78
7.390705877123562,78
7.423285805760113,78
9.124659859715193,78
9.1619118835313,78
9.252770447312084,78
9.289267269103018,78
9.325906277774063,78
9.362691641925064,78
9.399627768574444,78
9.436719347862688,78
9.473971371678797,78
9.511389156012026,78
9.54897838565537,78
9.641745147435156,78
9.679695979831902,78
9.717837915895668,78
9.756178555218664,78
9.79472611951658,78
9.833489545760838,78
9.872478575585571,78
9.96670387047359,78
10.0606929000003,78
10.09945632624456,78
10.138003890542477,78
10.231145826308218,78
10.269486465631214,78
10.308034029929129,78
10.398484249739138,78
10.488934469549148,78
10.52438469710776,78
10.559834924666372,78
11.694113341299978,78
11.784563561109987,78
11.820455250470127,78
11.856831190316168,78
11.893743355898348,78
11.931256243167606,78
11.969452009676186,78
12.008438893733707,78
12.04836604106256,78
12.14235292482206,78
12.18343908074328,78
12.228213229356497,78
12.28497685599157,78
12.341740482626644,78
12.39850410926172,78
12.455267735896792,78
12.512031362531868,78
12.62379498141834,78
12.680558608053412,78
12.737322234688488,78
12.794085861323564,78
12.905849480210032,78
12.962613106845108,78
13.07437672573158,78
13.131140352366652,78
13.187903979001728,78
13.294174538133827,78
0.1000728384154291,79
0.2151243381986281,79
0.3301758379818272,79
0.4417616018622265,79
0.5498816298398261,79
0.6544470067363442,79
0.7018032198714669,79
0.7476325247588338,79
0.7922937553902931,79
0.8910087760235598,79
0.9893903397843332,79
2.644621100358674,79
4.641833510331819,79
6.544791903428743,79
8.406176816918936,79
10.973992868057246,79
13.458691880990658,79
16.59593845232159,79
19.63734662037229,79
21.17640713043152,79
21.27417327937085,79
21.37193942831017,79
21.46970557724951,79
21.62247172618884,79
21.720237875128173,79
21.818004024067505,79
21.91577017300684,79
22.01353632194617,79
22.1113024708855,79
22.20906861982484,79
22.306834768764165,79
22.404600917703497,79
22.50236706664283,79
22.60013321558216,79
22.697899364521493,79
22.795665513460825,79
22.94843166240016,79
23.04619781133949,79
23.14396396027882,79
23.24173010921816,79
23.339496258157485,79
23.437262407096817,79
23.53502855603615,79
23.63279470497548,79
23.730560853914813,79
23.828327002854145,79
23.92609315179348,79
24.02385930073281,79
24.12162544967214,79
24.27439159861148,79
24.372157747550805,79
24.469923896490137,79
24.56769004542947,79
24.6654561943688,79
24.818222343308133,79
24.915988492247465,79
25.0137546411868,79
25.11152079012613,79
25.20928693906546,79
25.3070530880048,79
25.404819236944125,79
25.502585385883457,79
25.65535153482279,79
25.80811768376212,79
25.90588383270145,79
26.058649981640784,79
26.15641613058012,79
26.254182279519448,79
26.35194842845878,79
26.44971457739811,79
26.547480726337444,79
26.645246875276776,79
26.798013024216107,79
26.89577917315544,79
27.04854532209477,79
27.146311471034103,79
27.244077619973435,79
27.396843768912767,79
27.4946099178521,79
27.59237606679143,79
27.690142215730763,79
27.78790836467009,79
27.885674513609427,79
29.64883532550488,79
31.357912506454795,79
31.45755177497061,79
31.55719104348644,79
31.656830312002263,79
31.75646958051809,79
31.85610884903391,79
32.01074811754973,79
32.110387386065554,79
32.21002665458138,79
32.3096659230972,79
32.40930519161302,79
32.508944460128845,79
32.60858372864467,79
32.70822299716049,79
32.86286226567631,79
32.962501534192135,79
0.1000728384154291,80
0.1966799409280585,80
0.2887597219239043,80
0.3850207389484213,80
0.4860593141208457,80
0.59861081700428,80
0.6971829221735762,80
2.1955399797449875,80
2.307602657486038,80
4.371511472869949,80
6.518776907135086,80
8.595826249026386,80
10.338902053044563,80
12.029218474283562,80
14.512233331556846,80
17.053794747361238,80
19.78532803960743,80
22.77225926245709,80
24.66178488062448,80
26.20161413376205,80
27.687185842951568,80
28.47997229202733,80
28.57961156054316,80
28.67925082905898,80
28.8338900975748,80
28.933529366090625,80
29.088168634606447,80
29.18780790312227,80
29.28744717163809,80
29.387086440153915,80
29.48672570866973,80
29.58636497718556,80
29.686004245701383,80
29.78564351421721,80
29.88528278273303,80
30.733425218864944,80
30.83342047443692,80
30.93341573000888,80
31.03341098558085,80
31.13340624115282,80
31.288401496724788,80
31.38839675229676,80
31.488392007868725,80
31.64338726344069,80
31.798382519012662,80
31.89837777458463,80
31.9983730301566,80
32.09836828572857,80
32.19836354130054,80
32.298358796872506,80
32.398354052444475,80
32.498349308016444,80
32.59834456358841,80
32.69833981916038,80
32.79833507473235,80
32.89833033030432,80
32.99832558587629,80
33.098320841448256,80
33.198316097020225,80
33.298311352592194,80
33.39830660816416,80
33.49830186373613,80
33.5982971193081,80
33.69829237488007,80
33.79828763045204,80
33.898282886024006,80
33.998278141595975,80
34.098273397167944,80
34.19826865273991,80
34.35326390831188,80
34.45325916388385,80
34.55325441945582,80
34.65324967502779,80
34.75324493059976,80
34.853240186171725,80
34.95323544174369,80
35.05323069731566,80
35.15322595288763,80
35.2532212084596,80
35.40821646403157,80
35.50821171960354,80
35.608206975175506,80
35.708202230747474,80
35.86319748631944,80
35.96319274189141,80
36.06318799746338,80
36.16318325303535,80
36.31817850860732,80
36.418173764179286,80
36.518169019751255,80
36.67316427532322,80
36.82815953089519,80
36.98315478646716,80
37.08315004203913,80
37.1831452976111,80
37.28314055318307,80
37.38313580875504,80
37.48313106432701,80
37.58312631989897,80
37.68312157547094,80
0.1000728384154291,81
0.2081928663930287,81
0.3232443661762277,81
0.4353301300566271,81
0.5508816298398262,81
0.6664331296230253,81
0.7819846294062243,81
0.8894889396272528,81
1.005040439410452,81
1.120591939193651,81
1.1786434359378068,81
1.2366949326819627,81
1.2947464294261186,81
1.3527979261702745,81
1.4108494229144304,81
1.4689009196585865,81
1.5819524235552995,81
1.6400039202994554,81
1.6980554170436113,81
1.7561069137877672,81
1.814158410531923,81
1.872209907276079,81
1.9302614040202348,81
1.9883129007643907,81
2.0463643975085466,81
2.1044158942527025,81
2.1624673909968584,81
2.2205188877410142,81
2.27857038448517,81
2.3916218883818834,81
2.44967338512604,81
2.507724881870195,81
2.565776378614351,81
2.623827875358507,81
2.681879372102663,81
2.7399308688468187,81
2.7979823655909746,81
2.8560338623351305,81
2.9140853590792863,81
3.027136862976,81
3.140188366872713,81
3.1982398636168687,81
3.2562913603610246,81
3.3143428571051805,81
3.3723943538493364,81
3.4304458505934923,81
3.488497347337648,81
3.546548844081804,81
3.60460034082596,81
3.662651837570116,81
3.720703334314272,81
3.778754831058428,81
3.836806327802584,81
3.9498578316992967,81
4.06290933559601,81
4.120960832340166,81
4.179012329084322,81
4.237063825828478,81
4.2951153225726335,81
4.353166819316789,81
4.466218323213503,81
4.5242698199576585,81
4.582321316701814,81
4.64037281344597,81
4.753424317342684,81
4.811475814086839,81
4.924527317983553,81
4.982578814727709,81
5.0406303114718645,81
5.09868180821602,81
5.156733304960176,81
5.214784801704332,81
5.272836298448488,81
5.385887802345201,81
5.443939299089357,81
5.501990795833513,81
5.615042299730226,81
5.673093796474382,81
5.731145293218538,81
5.789196789962694,81
5.84724828670685,81
5.905299783451006,81
5.963351280195162,81
6.0214027769393175,81
7.524207652313158,81
9.53631097148125,81
11.809138548383867,81
14.086372929721511,81
16.81089728680945,81
19.465387323885025,81
22.19765677897225,81
25.339945365635003,81
27.50565626089284,81
28.68918562318094,81
28.830629605048685,81
28.919282750677823,81
29.01199054738805,81
29.11162981590387,81
29.21126908441969,81
29.31090835293552,81
0.1000728384154291,82
0.1966799409280585,82
0.291259717900147,82
0.3844010845099767,82
0.4739267394219716,82
2.870059208599218,82
5.535039620128758,82
9.209301678191109,82
13.529250428406662,82
16.655696248977723,82
16.78611267889244,82
16.8612486614739,82
16.93611909492879,82
17.01073737411555,82
17.140115607206376,82
17.269264792617044,82
17.39819496491442,82
17.527457362708837,82
17.602075641895595,82
17.677077087212457,82
17.807493517127174,82
17.883362517079593,82
17.95972916500875,82
18.036648522309903,82
18.169189368194445,82
18.24744006538534,82
18.326518334768625,82
18.406588858845524,82
18.542898563741947,82
18.625859477072723,82
18.76630257483507,82
18.85689376968332,82
18.962463625899343,82
19.068033482115364,82
19.173603338331382,82
19.334173194547407,82
19.43974305076343,82
19.60031290697945,82
19.705882763195472,82
19.866452619411493,82
19.972022475627515,82
20.132592331843536,82
20.23816218805956,82
20.39873204427558,82
20.5043019004916,82
20.664871756707623,82
20.770441612923644,82
20.876011469139662,82
20.981581325355688,82
21.08715118157171,82
21.19272103778773,82
21.29829089400376,82
21.40386075021977,82
21.5644306064358,82
21.670000462651817,82
21.77557031886784,82
21.88114017508386,82
21.98671003129988,82
22.147279887515904,82
22.252849743731925,82
22.358419599947947,82
22.46398945616397,82
22.56955931237999,82
22.67512916859601,82
22.78069902481204,82
22.88626888102805,82
22.99183873724408,82
23.1524085934601,82
23.25797844967612,82
23.36354830589214,82
23.524118162108163,82
23.629688018324185,82
23.735257874540206,82
23.840827730756228,82
24.00139758697225,82
24.10696744318827,82
24.212537299404293,82
24.37310715562032,82
24.478677011836336,82
24.58424686805236,82
24.68981672426838,82
24.7953865804844,82
24.900956436700422,82
25.061526292916444,82
25.167096149132465,82
25.272666005348487,82
25.37823586156451,82
25.53880571778053,82
25.64437557399655,82
25.749945430212573,82
25.855515286428595,82
25.961085142644617,82
26.12165499886064,82
26.22722485507666,82
26.33279471129268,82
26.438364567508703,82
26.598934423724724,82
26.704504279940743,82
26.810074136156768,82
26.93832270023226,82
0.1000728384154291,83
0.2151243381986281,83
0.3301758379818272,83
0.3902273377650263,83
0.5052788375482253,83
0.6104331296230252,83
0.7131598826189166,83
0.8072013120789653,83
0.9044520120759136,83
0.958215640081895,83
1.0119792680878763,83
1.065742896093858,83
1.1195065240998394,83
2.6234220192608406,83
4.299928119902891,83
5.061695200357784,83
6.231064987941889,83
8.152313637000784,83
9.838924972213864,83
11.999245022698595,83
13.874298234710276,83
16.21300000882359,83
18.942711837788448,83
21.521307878943727,83
24.39106778895785,83
26.098659623566128,83
26.19681354574029,83
26.349967467914468,83
26.50312139008864,83
26.601275312262807,83
26.699429234436977,83
26.797583156611147,83
26.89573707878532,83
26.993891000959486,83
27.092044923133656,83
27.190198845307822,83
27.288352767482,83
27.38650668965617,83
27.53966061183033,83
27.692814534004505,83
27.790968456178675,83
27.944122378352844,83
28.04227630052701,83
28.195430222701184,83
28.29358414487536,83
28.391738067049523,83
28.489891989223693,83
28.588045911397863,83
28.68619983357204,83
28.784353755746203,83
28.882507677920373,83
28.980661600094543,83
29.078815522268712,83
29.17696944444288,83
29.27512336661705,83
29.373277288791225,83
29.52643121096539,83
29.62458513313956,83
29.77773905531373,83
29.8758929774879,83
29.97404689966207,83
30.07220082183624,83
30.17035474401041,83
30.26850866618458,83
30.36666258835875,83
30.46481651053292,83
30.56297043270709,83
30.71612435488126,83
30.86927827705543,83
30.9674321992296,83
31.12058612140377,83
31.21874004357793,83
31.316893965752108,83
31.41504788792628,83
31.513201810100448,83
31.611355732274617,83
31.764509654448787,83
31.86266357662296,83
31.960817498797127,83
32.113971420971296,83
32.212125343145466,83
32.31027926531964,83
32.408433187493806,83
32.561587109667975,83
32.659741031842145,83
32.757894954016315,83
32.856048876190485,83
32.954202798364655,83
33.052356720538825,83
33.205510642712994,83
33.303664564887164,83
33.401818487061334,83
33.499972409235504,83
33.598126331409674,83
33.69628025358384,83
33.79443417575801,83
33.89258809793218,83
33.99074202010635,83
34.14389594228052,83
34.24204986445469,83
0.1000728384154291,84
0.1928612428559448,84
0.2838110233958339,84
0.3184194840027496,84
0.4069713991413293,84
0.4946515473441851,84
1.2727944168166887,84
1.3579929011778604,84
1.4427284213619005,84
1.472231336580373,84
1.5565119988189708,84
1.5855798597352275,84
1.6693586210624944,84
1.7003195236341726,84
1.7860947276370298,84
1.8169222871677648,84
1.847802756996609,84
1.878736703367688,84
1.964724703402973,84
1.9957673500196704,84
2.0268652464167847,84
3.669296624781348,84
3.702290105344512,84
3.735283585907675,84
3.768277066470839,84
3.801270547034002,84
3.8342640275971664,84
3.86725750816033,84
3.95525098097489,84
3.988244461538054,84
4.021237942101218,84
4.109231414915778,84
4.140357165308453,84
4.226539096506096,84
4.257777846129395,84
4.289074069531418,84
4.32042843353913,84
4.406841623307921,84
4.438314336063124,84
4.469847290487744,84
4.501441220463969,84
4.533096878500439,84
4.564815039457537,84
4.594305463777639,84
4.623734160037495,84
4.708287081392266,84
5.837663731248833,84
5.868525164844252,84
5.899485612930514,84
5.930547075988509,84
5.961711632730223,84
6.047981458427168,84
6.079358814926602,84
6.11084606376455,84
6.14244567853377,84
6.17416024086044,84
6.205992455305315,84
6.237945156814314,84
6.270021321894385,84
6.357224079491354,84
6.389556712182023,84
6.422022684188343,84
6.45462565374539,84
6.487369476528622,84
6.520258235456206,84
6.553296259315468,84
6.586488141389348,84
6.619838769258715,84
6.653353347154118,84
6.685979059608437,84
6.718842911245085,84
6.751956815542437,84
6.785333937676407,84
6.817869404973246,84
6.850780988754488,84
6.884099299730517,84
6.917860380084969,84
6.952107275547244,84
6.986892326446034,84
7.0772805201725735,84
7.168354718656994,84
7.2052242371158375,84
7.243039968134619,84
8.378859164835669,84
9.112451913477637,84
9.15415407595203,84
9.19753859815166,84
9.243477246435145,84
9.294908958198286,84
9.349806404383637,84
9.404703850568987,84
9.459601296754338,84
9.514498742939688,84
9.56939618912504,84
9.624293635310387,84
9.67919108149574,84
9.73408852768109,84
9.78898597386644,84
9.84388342005179,84
9.89878086623714,84
0.1000728384154291,85
0.1966799409280585,85
0.2887597219239043,85
0.3713795901428031,85
0.4537216858158873,85
0.4803599217127131,85
0.5613812604139613,85
0.6418535211275386,85
0.6668310878018903,85
0.6913585239241885,85
0.7154730265180634,85
0.7296636863763498,85
0.7394764791394638,85
0.8048345963622497,85
0.8117756345461177,85
0.8697168701480197,85
0.8678714865970479,85
0.9148624995875226,85
0.898083739929186,85
-0.1336873238754404,85
0.1000728384154291,86
0.1971799409280585,86
0.292259717900147,86
2.4176490279737246,86
5.360612341583087,86
5.461287412077097,86
5.561344412791272,86
5.660956676075364,86
5.760463672313468,86
5.860293361157258,86
5.960013155467456,86
6.004955208590507,86
6.050129861791733,86
6.150548465813806,86
6.196223536307817,86
6.296165589430868,86
7.035771206885,86
7.082387137114484,86
7.129165683302496,86
7.176112312544502,86
7.223232872366935,86
7.322409781692074,86
7.418043020246075,86
7.459036777792023,86
7.50041907939081,86
7.542222685245322,86
7.6394863865054115,86
7.682256846753405,86
7.725591286150263,86
7.824561498192595,86
7.924260272709177,86
8.022594711808011,86
9.67894568207626,86
10.420294544724271,86
11.568889758614349,86
11.619940592972084,86
11.672351094958827,86
11.77945847350125,86
13.629333685216949,86
15.691194723424957,86
18.32511660043576,86
18.44497732542482,86
20.70921437906563,86
23.613368112112543,86
25.93779884659444,86
26.06258127418519,86
28.90760310931726,86
29.028813318982127,86
29.09490642727595,86
29.16088511410061,86
29.226751939436493,86
29.34750935121613,86
29.46803416291759,86
29.588835053232064,86
29.709277895884647,86
32.55079881838227,86
32.616486090073714,86
32.73703951055984,86
32.802864315480235,86
32.86897608439062,86
32.99046001627491,86
36.057856659642844,86
36.82489761105736,86
36.95432687258971,86
37.03200907195277,86
37.12211580456477,86
37.22026972673894,86
40.015017242402,86
41.50267516830468,86
41.60403873308746,86
41.74183443753673,86
43.91699524742367,86
46.10030265584091,86
46.23778519198324,86
48.394051650763885,86
49.85880444032386,86
51.73229059653946,86
53.61373430791788,86
53.76993147553322,86
55.48138607639207,86
56.27686928530984,86
56.41159637078241,86
57.1868399220342,86
57.2721619825329,86
57.42431966110227,86
57.56496441420666,86
58.753150869088415,86
58.85626528630757,86
59.01437970352672,86
59.15863117713467,86
60.64864318104379,86
60.79238216246524,86
62.03772923130502,86
63.22464321668026,86
63.31042939549904,86
63.39454985208516,86
63.531870295001134,86
63.604026076091394,86
63.73197489668237,86
63.80586666305171,86
0.1000728384154291,87
0.2151243381986281,87
0.3272101020790275,87
0.4358301300566271,87
0.542422832493686,87
0.6499271427147145,87
0.7654786424979136,87
0.8260301422811127,87
0.9415816420643116,87
1.0021331418475108,87
1.1176846416307098,87
1.2332361414139088,87
1.3453219052943082,87
1.4058734050775072,87
1.5214249048607065,87
1.581976404643905,87
1.6975279044271043,87
1.813079404210304,87
1.8711309009544592,87
1.929182397698615,87
2.0387681671731217,87
2.0968196639172776,87
2.154871160661433,87
2.2129226574055894,87
2.270974154149745,87
2.3736284473292573,87
3.1266467669360383,87
3.241517896329616,87
3.3013890260212166,87
3.361260155712817,87
3.4211312854044182,87
3.481002415096019,87
3.54087354478762,87
3.6007446744792206,87
3.660615804170821,87
3.7204869338624222,87
3.780358063554023,87
3.8952291929476006,87
5.056113573288177,87
5.11838557434604,87
5.180657575403903,87
5.242929576461767,87
5.30520157751963,87
5.367473578577493,87
5.429745579635356,87
5.547017584120487,87
5.60928958517835,87
5.671561586236213,87
5.733833587294076,87
5.79610558835194,87
5.858377589409803,87
5.975649593894933,87
7.138619779174779,87
7.257977678006147,87
7.322335577135537,87
7.386693476264928,87
7.451051375394319,87
7.515409274523709,87
7.634767173355077,87
7.699125072484468,87
7.763482971613858,87
7.882840870445226,87
7.947198769574617,87
8.011556668704007,87
8.118089823549244,87
9.57114174825475,87
11.249864725892994,87
12.712298279848872,87
12.788437472684858,87
12.864576665520843,87
12.987668668794662,87
14.162420150298756,87
15.338705072791177,87
15.416377706615489,87
15.494050340439795,87
15.571722974264109,87
15.649395608088415,87
15.727068241912727,87
15.804740875737036,87
15.882413509561347,87
15.975981549375046,87
17.821628765218247,87
17.882253103416875,87
17.945431569734332,87
18.01410309749513,87
18.14470609706153,87
18.27530909662793,87
18.405912096194328,87
18.481515095760727,87
18.557118095327127,87
18.63272109489353,87
18.708324094459925,87
18.827414168561354,87
19.5937580777384,87
19.67042054225829,87
19.747083006778187,87
19.82374547129808,87
19.900407935817977,87
19.97707040033788,87
20.053732864857768,87
0.1000728384154291,88
0.1971799409280585,88
0.292259717900147,88
0.3859010845099767,88
0.4742775430495001,88
0.5622670682709463,88
0.6503641245184973,88
0.7382483826939544,88
0.8234458415926211,88
0.8503655604243987,88
0.9320089630008452,88
0.9592211618245357,88
1.0420752688468211,88
1.124794229787659,88
1.1532286963582747,88
1.1824984326184504,88
1.212771523666453,88
1.2443011849344483,88
1.3314376547158473,88
1.3642648718477004,88
1.397893801254105,88
1.481441944760155,88
1.5116171966464036,88
1.5442199873895162,88
2.269370453354787,88
2.9956790971726885,88
3.033175485131215,88
3.071829983887147,88
3.110484482643079,88
4.253916384574842,88
4.353736014959287,88
4.453555645343732,88
4.553375275728177,88
4.5981949064106455,88
4.698014536795091,88
4.742834167477559,88
4.787653798160028,88
4.832473428842496,88
4.877293059524964,88
4.97711268990941,88
5.021932320591878,88
5.066751951274346,88
5.111571581956815,88
5.156391212639283,88
5.201210843321752,88
5.24603047400422,88
5.2908501046866885,88
6.493768753406476,88
6.543075157252025,88
6.592381561097573,88
6.641687964943122,88
6.690994368788671,88
6.795300768610906,88
6.844607172456454,88
6.893913576302003,88
6.943219980147552,88
6.9925263839931,88
7.041832787838649,88
7.0911391916841975,88
7.140445595529746,88
7.189751999375295,88
7.239058403220843,88
7.288364807066392,88
7.337671210911941,88
7.386977614757489,88
7.491284014579724,88
7.540590418425273,88
7.589896822270822,88
7.694203222093057,88
7.743509625938605,88
7.84781602576084,88
7.897122429606389,88
7.946428833451938,88
8.050735233274173,88
8.155041633096408,88
8.204348036941957,88
8.253654440787505,88
8.302960844633054,88
8.352267248478602,88
8.401573652324151,88
8.4508800561697,88
8.555186455991935,88
8.607992857775846,88
8.660799259559758,88
8.713605661343669,88
8.82141206312758,88
8.870718466973129,88
8.975024866795364,88
9.024331270640912,88
9.07363767448646,88
9.12294407833201,88
9.172250482177558,88
9.276556881999792,88
9.325863285845342,88
9.37516968969089,88
9.42447609353644,88
9.473782497381988,88
9.523088901227537,88
9.572395305073083,88
9.621701708918634,88
0.1000728384154291,89
0.1971799409280585,89
0.2940430926198407,89
0.3900344773758991,89
0.4305493112329357,89
0.5178839902057372,89
0.546554722137662,89
0.6298376622273646,89
0.7143066229893885,89
0.7984528916551791,89
0.8272960374726973,89
0.8558533901943884,89
0.8841404079123459,89
0.9671709595843276,89
1.0403013436718904,89
2.163780113927933,89
2.188514516003343,89
2.2131201552822315,89
2.2926002594306194,89
2.371957913286897,89
2.3961960396393263,89
2.420317430294963,89
2.499324742950412,89
3.969037357963536,89
3.9972428532912456,89
4.080244243390771,89
4.108049525193783,89
5.928805722169491,89
5.957588419563981,89
5.986165808759543,89
6.014545988537284,89
6.04273644486806,89
6.069451716042968,89
6.096014691762539,89
6.122429874040099,89
6.2037015075459205,89
6.22983359383783,89
6.255829924963328,89
6.280301051460119,89
6.304664181791159,89
6.328921599559399,89
6.35307549337289,89
6.37712796429536,89
6.401081029571506,89
6.4249366244896375,89
6.448696615420195,89
7.56946778508267,89
7.591552609823557,89
7.61356443936369,89
7.63550432609758,89
8.348865708582016,89
8.369027359656902,89
8.389137016855093,89
8.464195216320368,89
8.539202476166102,89
8.559159320093604,89
8.579066246993753,89
8.592926813535305,89
8.606738440006884,89
8.675501606672915,89
8.689216767683538,89
8.702884384676727,89
8.71650490561864,89
8.730078770093533,89
8.743606409303757,89
8.757088246069761,89
8.825524697326037,89
8.838916170656594,89
8.907263065934094,89
8.920565779566678,89
8.986364963710221,89
8.997135074123653,89
9.007876282803627,89
9.711721604935738,89
9.722391281522723,89
9.733032629139634,89
9.743645807973952,89
9.80923098164043,89
9.819788294158789,89
9.830317905418488,89
9.840819969087752,89
9.851294635109516,89
9.861742053426717,89
9.872162371188317,89
9.88255573461196,89
9.89292228805265,89
9.903262174934062,89
9.968575543969784,89
10.033862523049027,89
10.04412325216821,89
10.109357876017604,89
10.174566527143034,89
10.18474933343372,89
10.19490643242738,89
10.260037962593051,89
10.31905109459898,89
10.323026397045616,89
10.381964151527646,89
11.08509207215524,89
11.09504813865191,89
0.1000728384154291,90
0.1966799409280585,90
0.236259717900147,90
0.2744010845099767,90
0.3664267333632353,90
0.4580407744325241,90
0.5446453657372952,90
0.6258622598274708,90
0.7086194571479321,90
3.2885652598365307,90
5.875937562845564,90
8.549397092722273,90
8.657726992331362,90
8.766146179698325,90
8.874134060405112,90
11.626401897929526,90
14.627160784266806,90
17.8396147949563,90
21.43409603569371,90
23.707768217595337,90
23.84004699925596,90
23.972016403897985,90
25.84271115560201,90
25.97510370202341,90
26.0448747793975,90
26.16898917676128,90
29.23788769462546,90
30.75315367333435,90
30.881536375745068,90
30.9548219877265,90
31.08152699966908,90
32.25202130014988,90
32.32377509980951,90
32.44698487744592,90
32.51144364948119,90
32.576166800276695,90
32.64116909331997,90
32.76146703897937,90
32.827079224157075,90
32.947531821319934,90
35.78968361453051,90
38.90831559340025,90
40.369579586094375,90
42.10987014513272,90
43.978786828249554,90
44.11158778705206,90
44.243420211459465,90
45.98560195394174,90
47.8564481546192,90
47.98984527035257,90
48.12263645830193,90
48.19556408126721,90
48.32160030939346,90
50.18541297223064,90
51.35668409021407,90
51.48409334757247,90
52.71064865317906,90
54.39409247632643,90
54.46823811669165,90
54.59559835845533,90
56.05460746894597,90
56.18199869021935,90
56.25408605130101,90
56.3807334443884,90
58.29980813846044,90
58.371966743649374,90
58.498700739598405,90
60.362805186212285,90
60.43478680764662,90
60.56142969913829,90
60.68775535952126,90
60.8137378773723,90
60.93958562396128,90
61.06483173867949,90
62.79998301873349,90
64.81730627827879,90
66.49860927509637,90
66.62525594440898,90
66.75160027638478,90
68.20955269592402,90
69.66779908854076,90
69.79450956363229,90
71.25285356039338,90
71.32474478785467,90
71.45138266832005,90
71.57780144156425,90
72.34242167461726,90
72.46579961318305,90
72.5890814229505,90
74.26736220713116,90
74.39112391280766,90
74.51476493242767,90
76.94217438019255,90
78.39868413348024,90
78.52376604749573,90
80.54048795028142,90
82.74657450638018,90
82.86235003940068,90
82.97804835460387,90
83.09377066812716,90
0.1000728384154291,91
0.1971799409280585,91
0.292259717900147,91
0.3859010845099767,91
0.4234267333632353,91
0.5150407744325242,91
0.5508840621026767,91
0.6410596928097066,91
1.823507245490676,91
3.013693237435689,91
3.104699321581107,91
3.1406810747782696,91
3.2315666711657927,91
3.322572755311211,91
3.358702302519581,91
3.449958438767873,91
3.478410997210823,91
3.561837308822952,91
3.5937600738991127,91
5.239450038193546,91
6.6648585207451205,91
8.49926740002521,91
10.153037489174686,91
11.357604207666714,91
13.258619503293676,91
14.97998159629351,91
17.343748815048556,91
19.8943950963274,91
19.953032266043373,91
20.06729883698879,91
20.127285604785325,91
20.18440386928877,91
20.24241737494945,91
20.301522148440245,91
20.41702484624213,91
20.47947486787782,91
20.545158025338136,91
20.62283065916245,91
20.70050329298676,91
20.833175926811062,91
20.910848560635376,91
20.98852119445969,91
21.121193828284,91
21.198866462108302,91
21.276539095932616,91
21.354211729756926,91
21.43188436358124,91
21.509556997405543,91
21.587229631229857,91
21.664902265054167,91
21.74257489887848,91
21.820247532702787,91
21.897920166527097,91
22.030592800351407,91
24.11238145821161,91
26.39401359806702,91
29.122032513668827,91
31.158866913668074,91
33.79269771088377,91
36.52872422938329,91
37.72490615230932,91
37.822475786567225,91
37.92004542082513,91
38.01761505508304,91
38.11518468934095,91
38.21275432359886,91
38.31032395785677,91
38.46289359211468,91
38.56046322637258,91
38.65803286063049,91
38.7556024948884,91
38.85317212914631,91
38.95074176340422,91
39.048311397662125,91
39.145881031920034,91
39.24345066617794,91
39.34102030043585,91
39.43858993469376,91
39.53615956895167,91
39.633729203209576,91
39.78629883746749,91
39.93886847172539,91
40.0364381059833,91
40.13400774024121,91
40.23157737449912,91
40.32914700875703,91
40.426716643014935,91
40.52428627727284,91
40.62185591153075,91
40.71942554578866,91
40.81699518004657,91
40.91456481430448,91
41.06713444856239,91
42.31890065940467,91
42.41705458157884,91
42.51520850375301,91
42.61336242592718,91
42.71151634810135,91
42.80967027027552,91
42.90782419244969,91
0.1000728384154291,92
0.2151243381986281,92
0.3301758379818272,92
0.4452273377650263,92
0.5602788375482254,92
0.6753303373314244,92
0.7874161012118238,92
1.948649523921044,92
2.0662706579621544,92
3.9223880257066,92
6.188897558635067,92
8.346499726003671,92
10.995120483143356,92
13.279148800614616,92
16.46316075430518,92
19.651969356602827,92
20.443270459336944,92
20.59642438151112,92
20.749578303685283,92
20.90273222585945,92
21.055886148033625,92
22.819418160833028,92
22.973512261198334,92
23.12760636156364,92
24.613718714217267,92
24.768536705751004,92
26.478664804232903,92
28.52643019320646,92
30.01521850864641,92
30.16028792971753,92
32.039575254398606,92
33.51322167873737,92
35.391939589314966,92
35.53003208122334,92
36.36046193680849,92
36.43472568391886,92
36.55890216651981,92
36.68303380577084,92
36.75212100028479,92
36.87520886546651,92
39.24767049923312,92
42.02807934601343,92
43.71004532891762,92
45.57463558169811,92
47.25698289211624,92
47.32913961990347,92
47.40064229617816,92
47.471251696427466,92
47.54120181278418,92
47.66570766245412,92
47.790073782472106,92
49.80666383598984,92
50.57103222803208,92
50.64245843046662,92
50.76909838873593,92
50.89563595434851,92
52.35432060963649,92
52.417295427159,92
52.48055093061561,92
52.54410381900541,92
52.6079729046859,92
52.65769069233911,92
52.707698884997534,92
52.75801539385693,92
52.80866048822181,92
52.85965729096906,92
52.91103242674844,92
52.962816878799366,92
53.0700471695699,92
53.12276698241012,92
53.17602949926631,92
53.22837446222084,92
53.28107168490069,92
53.334147877637314,92
53.38763413542883,92
53.44156711885707,92
53.49599068949001,92
53.5509582754411,92
53.60653637314217,92
53.66281003842132,92
53.71654866600411,92
53.771820947174,92
53.82931665668266,92
53.94591726699846,92
54.07450735906141,92
54.1480974439718,92
54.22168752888219,92
54.295277613792585,92
54.36886769870298,92
54.49745779076593,92
54.57104787567632,92
56.493733856473135,92
58.97603669179069,92
60.448140051609776,92
62.83968673059037,92
65.0103189648894,92
67.86820775270492,92
70.96284931934622,92
72.44878294898193,92
73.64756632190814,92
0.1000728384154291,93
0.1966799409280585,93
0.291259717900147,93
0.3844010845099767,93
0.4764267333632352,93
0.5680407744325241,93
0.6588840621026766,93
0.7490596928097065,93
2.452929821422958,93
2.546711771960868,93
4.253315350586336,93
4.349984741987226,93
5.085915864565158,93
5.183393404427054,93
6.376765415611747,93
8.911935353317563,93
11.856769043837144,93
14.556309824599854,93
17.258939307617585,93
17.316478258891465,93
17.373641093059156,93
17.428238975431075,93
17.537599396275724,93
17.59173312371743,93
17.700649991498366,93
17.754359015556826,93
17.807868491984134,93
17.916186079935947,93
17.969318872280073,93
18.02227345616757,93
18.12603574440663,93
18.15978709057753,93
18.193484382786203,93
18.282128201879907,93
18.315719107248235,93
18.34925765738671,93
18.38274439246242,93
18.470041183837104,93
18.50229975775664,93
18.534520404495645,93
18.62170341060345,93
18.708849059500142,93
18.74095761970465,93
18.77302937031572,93
18.805064579554248,93
18.83706351191585,93
18.86902643189614,93
18.90095359281485,93
18.93284525171702,93
19.01970166162436,93
19.0515230615515,93
19.083309700794864,93
19.115061817773032,93
19.146779647179294,93
19.178463423706937,93
19.26511338547652,93
19.351729752578187,93
19.383312741376805,93
19.414862582542348,93
19.44637949214165,93
19.477863686241555,93
19.509315377183604,93
19.540734777309343,93
19.572122091509748,93
19.60347752467577,93
19.634801277973104,93
19.66609355256741,93
19.69735454217379,93
19.72858444423263,93
19.75978344873373,93
19.7909517493922,93
19.82208952874725,93
19.853196976788688,93
19.88427427233045,93
19.915321597911763,93
21.94664813027565,93
21.97702488683944,93
22.00736242727225,93
22.03766105704789,93
22.06792107791488,93
22.098142784171152,93
22.128326466389343,93
22.158472411416817,93
22.18858090610092,93
22.27365222395246,93
22.303686641238976,93
22.333684427745983,93
22.3636458516944,93
22.39357117385452,93
22.42346065499668,93
22.453314548440623,93
22.538133105345416,93
22.62291657746617,93
22.652665201656863,93
22.681086143561053,93
22.764481244691066,93
22.79285063975339,93
22.821194456972528,93
22.849512830458927,93
22.87780588687246,93
0.1000728384154291,94
0.1966799409280585,94
0.236259717900147,94
0.2744010845099767,94
0.3114267333632353,94
0.4025407744325241,94
0.4797172566634451,94
0.5000837770562783,94
0.5706047967987086,94
0.63615070590544,94
0.7029741958694483,94
0.7696414248065974,94
0.7848067258464123,94
0.802330577092054,94
1.516999983506086,94
2.930874848084333,94
2.958251235352638,94
2.982638639675262,94
3.0068978325443294,94
3.0310320195721414,94
3.0550442480461624,94
3.078937423692825,94
3.157714312242153,94
3.1813775629715946,94
3.204929697604659,94
3.2283731319921043,94
3.2517101795392063,94
3.2749430567936924,94
3.298073889033678,94
3.3211047177182462,94
3.34403750421274,94
3.421874129490736,94
3.444616417677882,94
3.4672661100493696,94
3.489824890436413,94
3.512294383065584,94
3.534676154421452,94
3.556971716971877,94
4.273772108645918,94
4.29732222044635,94
4.3207713172750495,94
4.344121401475551,94
4.367374395297649,94
5.547985409663799,94
6.965273593829753,94
9.081608032153728,94
11.320327018664958,94
13.769797218683056,94
16.59000591956959,94
18.59217844748417,94
18.64034127838626,94
18.688355288778823,94
18.73622478044048,94
18.82740032917276,94
18.86345240718141,94
18.89938399812593,94
18.935197936952257,94
18.97089692822113,94
19.00648355728402,94
19.041960290283107,94
19.07732949277773,94
19.112593426019096,94
19.147754265576744,94
19.18281409016266,94
19.272774903685,94
19.30763862526431,94
19.342407106071853,94
19.43208213022365,94
19.46666540449872,94
19.50115858635321,94
19.53556327021136,94
19.56988099461808,94
19.6041132459642,94
19.69326146936431,94
19.782327043473863,94
19.871311316847944,94
19.90896558306529,94
19.9465411074978,94
19.984039110997617,94
20.021460777136788,94
20.05880725388913,94
20.15107965521256,94
20.18827906253887,94
20.225406526177927,94
20.262463066642024,94
20.299449675896245,94
20.336367318539804,94
20.37321693292309,94
20.409999432204707,94
20.446715705352577,94
20.48336661809261,94
20.519953013808465,94
20.556475714395432,94
20.592935521071364,94
20.629333215147305,94
20.665669558760285,94
20.75694529557061,94
20.848161151425693,94
20.884317834992544,94
20.92041603836057,94
0.1000728384154291,95
0.1966799409280585,95
0.291259717900147,95
0.3913325563155762,95
0.5063840560987752,95
0.6214355558819743,95
0.722507655578453,95
0.8144017308529204,95
0.9078183620746916,95
0.9898010938938444,95
3.112567588644821,95
3.207797408061821,95
4.637223958926994,95
6.292881965595085,95
8.830327033954461,95
11.778758525806268,95
11.889284007209142,95
14.898886727552645,95
17.79339751936046,95
21.196144811758355,95
23.463774256681248,95
23.578977579454552,95
26.83430121833653,95
26.898777021877468,95
27.01769669724285,95
27.081155796163696,95
27.1990840941054,95
28.36078389114488,95
29.522658675432098,95
29.640651630047024,95
29.75831235916491,95
29.875911150795734,95
29.993257718636247,95
30.09612962837384,95
30.19875291968748,95
32.03316609050199,95
34.27572051669523,95
36.8079394498007,95
39.16500415526608,95
39.24769391035007,95
41.37344254468845,95
41.41527039100693,95
41.45700586875246,95
41.49865065430568,95
41.59520636414455,95
41.68695866977141,95
44.0852400056021,95
46.32597696696685,95
48.62403762256072,95
50.75108063136504,95
50.79343189214633,95
50.890717110683184,95
50.98672103797362,95
52.643750619382864,95
54.07892739654585,95
54.182769306038296,95
54.28657103450084,95
54.32678431765223,95
54.36697031305218,95
54.40289978803182,95
54.43880958975339,95
54.52967783183837,95
54.62051210672641,95
56.26770732672,95
57.693134405920745,95
57.73226952672982,95
57.7714070689776,95
59.47652584434533,95
59.56993933887267,95
61.45700594157958,95
61.48960809902334,95
61.52222222955013,95
61.55484836668754,95
61.58748653651261,95
61.62013676882768,95
61.65279909343505,95
61.68547354013705,95
61.71816013873601,95
61.75085891530895,95
61.83854064838076,95
61.872521979073525,95
63.75608096764469,95
65.87546692536259,95
67.86365316555882,95
70.3941309277811,95
72.38724885628605,95
74.63895739960658,95
77.14896729707372,95
77.26108445146681,95
79.11131510095669,95
79.16999407920707,95
79.28361952648476,95
79.34244826721788,95
79.40147583771547,95
79.46071808138116,95
79.51997048765197,95
79.63423052945494,95
80.79274388078213,95
80.85268365331197,95
80.96304614050773,95
0.1000728384154291,96
0.1966799409280585,96
0.2887597219239043,96
0.379401093829708,96
0.4137798422168063,96
0.4426534124801921,96
0.4709089123795794,96
0.5536144101212787,96
4.130556853968935,96
8.671954227643523,96
12.683668732407806,96
16.94225221923631,96
21.48000792210411,96
21.56932279289766,96
21.65596353681933,96
21.743641764043662,96
21.8850087962204,96
21.972684841519456,96
22.06213905049032,96
22.154378334492343,96
22.253458997772466,96
22.369200683603463,96
22.48494236943446,96
22.600684055265457,96
22.77142574109645,96
22.88716742692745,96
23.00290911275845,96
23.11865079858945,96
23.234392484420443,96
23.40513417025144,96
23.52087585608244,96
23.636617541913434,96
23.80735922774443,96
23.92310091357543,96
24.038842599406426,96
24.209584285237423,96
24.32532597106842,96
24.441067656899417,96
24.55680934273041,96
24.67255102856141,96
24.78829271439241,96
24.959034400223405,96
25.074776086054403,96
25.1905177718854,96
25.3062594577164,96
25.422001143547394,96
25.53774282937839,96
25.65348451520939,96
25.769226201040382,96
25.939967886871383,96
26.05570957270238,96
26.171451258533377,96
26.28719294436437,96
26.40293463019537,96
26.51867631602637,96
26.63441800185737,96
26.750159687688363,96
26.92090137351936,96
27.03664305935036,96
27.20738474518136,96
27.32312643101235,96
27.43886811684335,96
27.554609802674342,96
27.670351488505343,96
27.84109317433634,96
27.956834860167337,96
28.07257654599833,96
28.18831823182933,96
28.35905991766033,96
28.47480160349133,96
28.590543289322323,96
28.70628497515332,96
28.87702666098432,96
28.99276834681532,96
29.10851003264631,96
29.22425171847731,96
29.339993404308306,96
29.455735090139303,96
29.6264767759703,96
29.742218461801297,96
29.91296014763229,96
30.02870183346329,96
30.14444351929429,96
30.26018520512529,96
30.375926890956283,96
30.49166857678728,96
30.60741026261828,96
30.723151948449274,96
30.83889363428027,96
30.95463532011127,96
31.070377005942262,96
31.186118691773263,96
31.30186037760426,96
31.417602063435258,96
31.53334374926625,96
31.64908543509725,96
31.76482712092825,96
31.880568806759246,96
31.996310492590244,96
32.11205217842124,96
0.1000728384154291,97
0.1971799409280585,97
0.292259717900147,97
0.3859010845099767,97
0.4784267333632353,97
0.5640066356742032,97
0.6489735263747093,97
0.7333944206153905,97
0.8173231144920055,97
0.900803747575172,97
0.9801231948541484,97
3.01703942805488,97
3.1075358120085834,97
4.298957836627972,97
5.073142778873455,97
5.799115571994202,97
6.933607934737399,97
8.070782219468956,97
8.804120354152374,97
10.51235669888471,97
10.55621525214778,97
10.600134658088953,97
10.644115666452064,97
10.6881590456863,97
10.732265583655066,97
10.776436088381132,97
10.82067138883041,97
10.864972335736898,97
10.909339802471516,97
10.95377468595782,97
10.998277907637773,97
11.042850414491028,97
11.08749318011156,97
11.132207205845631,97
11.17699352199558,97
11.276853189094265,97
11.32178729925542,97
11.421796977605624,97
11.466883383804202,97
11.512047713657864,97
11.557291200837607,97
11.60261511870611,97
11.64802078226462,97
11.69350955022931,97
11.794082827248014,97
11.83974206626942,97
11.885488771078062,97
11.986507446247034,97
12.087813740636696,97
12.134425214479291,97
12.181361712473432,97
12.228645840780816,97
12.27630358681918,97
12.324365139640763,97
12.37064559979254,97
12.417232278070522,97
12.519145158957844,97
12.566407018654845,97
12.61404405428156,97
12.662086717632334,97
12.71057084401884,97
12.759539219535291,97
12.809043822703517,97
12.859149147430948,97
12.90993734983341,97
12.961516672261943,97
13.014036255847996,97
13.122714847504334,97
13.177904843520036,97
13.290271429892028,97
13.35158030306584,97
13.420936365801822,97
13.490292428537805,97
13.559648491273787,97
13.62900455400977,97
13.698360616745752,97
13.767716679481737,97
13.837072742217718,97
13.9064288049537,97
13.975784867689685,97
14.100140930425663,97
14.224496993161647,97
14.34885305589763,97
14.418209118633612,97
14.487565181369597,97
14.556921244105578,97
14.62627730684156,97
14.695633369577545,97
14.764989432313524,97
14.834345495049508,97
14.95870155778549,97
15.028057620521473,97
15.097413683257455,97
15.166769745993438,97
15.29112580872942,97
15.360481871465405,97
15.429837934201386,97
15.499193996937368,97
15.56855005967335,97
15.637906122409332,97
0.1000728384154291,98
0.2151243381986281,98
0.3272101020790275,98
0.4427616018622266,98
0.5528200402020851,98
0.6133715399852842,98
0.7289230397684832,98
0.8410088036488825,98
0.9015603034320816,98
1.013646067312481,98
1.12919756709568,98
1.244749066878879,98
1.360300566662078,98
1.420852066445277,98
1.536403566228476,98
1.651955066011675,98
1.712506565794874,98
1.7730580655780732,98
1.8336095653612725,98
1.894161065144472,98
1.9547125649276704,98
2.0152640647108693,98
2.0758155644940683,98
2.1363670642772674,98
2.251918564060466,98
2.3124700638436657,98
2.373021563626865,98
2.433573063410064,98
2.494124563193263,98
3.3048928777943187,98
4.46890216689603,98
4.590150834294571,98
4.656399501693112,98
4.722648169091652,98
4.788896836490193,98
4.855145503888734,98
4.921394171287274,98
4.987642838685815,98
5.053891506084356,98
5.175140173482896,98
5.241388840881437,98
5.307637508279978,98
5.373886175678519,98
5.440134843077059,98
5.5063835104756,98
5.572632177874141,98
5.6388808452726815,98
5.705129512671222,98
5.771378180069763,98
5.892626847468304,98
5.958875514866844,98
6.025124182265385,98
6.146372849663926,98
6.212621517062467,98
6.278870184461008,98
6.3451188518595485,98
6.411367519258089,98
6.47761618665663,98
6.59886485405517,98
6.720113521453712,98
6.7863621888522525,98
6.907610856250793,98
6.973859523649334,98
7.040108191047874,98
7.161356858446416,98
7.2276055258449565,98
7.293854193243497,98
7.360102860642038,98
7.426351528040579,98
7.54760019543912,98
7.613848862837661,98
7.680097530236202,98
7.746346197634742,98
7.812594865033283,98
7.878843532431824,98
7.9450921998303645,98
8.011340867228906,98
8.077589534627448,98
8.19883820202599,98
8.26508686942453,98
8.331335536823072,98
8.452584204221614,98
8.518832871620155,98
8.585081539018697,98
8.651330206417239,98
8.71757887381578,98
8.783827541214322,98
8.850076208612863,98
8.916324876011405,98
8.982573543409947,98
9.048822210808488,98
9.11507087820703,98
9.181319545605572,98
9.247568213004111,98
9.313816880402657,98
9.380065547801197,98
9.446314215199738,98
9.51256288259828,98
9.57881154999682,98
9.645060217395365,98
0.1000728384154291,99
0.1966799409280585,99
0.2942489029039251,99
0.3912325423536026,99
0.4876408351543562,99
0.5285332067739337,99
0.623957948103457,99
0.6647532292937489,99
0.7059487240224085,99
0.7475792756360162,99
0.8327875999298472,99
0.9200638193755976,99
0.9496931802600256,99
1.675763107475602,99
1.7091477360695235,99
1.7966477122276656,99
1.8291476849585409,99
2.557012725260817,99
2.5918675769239297,99
2.626863281813227,99
2.6620039228468766,99
2.752770382550322,99
2.789252344158255,99
2.826569575455748,99
2.864890161541068,99
2.904467321571671,99
2.945726841327512,99
3.04454049431976,99
3.093847203639113,99
3.146619647380673,99
3.199392091122233,99
3.30716453829106,99
3.414936985459887,99
3.467709429201447,99
3.520481872943007,99
3.573254316684567,99
3.626026760426127,99
3.678799204167687,99
3.786571651336514,99
3.894344098505341,99
4.002116545674168,99
4.054888989415728,99
4.107661433157288,99
4.160433876898848,99
4.213206320640408,99
4.265978764381968,99
4.318751208123528,99
4.371523651865088,99
4.424296095606648,99
4.477068539348208,99
4.529840983089768,99
4.582613426831328,99
4.635385870572888,99
4.688158314314448,99
4.740930758056008,99
4.793703201797568,99
4.846475645539128,99
4.899248089280688,99
5.698617186036669,99
7.601814858352186,99
9.104797647561425,99
10.32367437370219,99
12.00355663643684,99
14.27941910535714,99
16.55916181716807,99
19.354966920271,99
22.280656226958143,99
24.86084463647602,99
28.13889372239593,99
29.904192133312428,99
30.00158689589202,99
30.09551592256881,99
30.18741762370507,99
30.277880914479063,99
30.367228487496487,99
30.458087681684084,99
30.55443993731502,99
30.70925792884876,99
30.809075920382494,99
30.96389391191623,99
31.063711903449967,99
31.163529894983704,99
31.26334788651744,99
31.363165878051177,99
31.46298386958492,99
31.61780186111865,99
31.717619852652387,99
31.817437844186124,99
31.91725583571986,99
32.0170738272536,99
32.11689181878734,99
32.21670981032108,99
32.31652780185482,99
32.41634579338856,99
32.5161637849223,99
32.67098177645604,99
32.77079976798978,99
32.87061775952352,99
33.02543575105726,99
33.125253742591,99
0.1000728384154291,100
0.1966799409280585,100
0.291259717900147,100
0.3844010845099767,100
0.4764267333632352,100
0.5125407744325241,100
0.5889046620159563,100
1.7710633705883438,100
1.8543276618748123,100
1.939488863530677,100
2.024991115513366,100
4.550314744892638,100
7.4327002372174675,100
7.536229444625896,100
7.639074852648299,100
10.389173128446885,100
13.08867313167541,100
16.153337293708653,100
19.497418957326047,100
20.72148186227415,100
22.45673744570053,100
22.58172085851769,100
22.70628825241912,100
22.83015468468265,100
22.953293579027832,100
24.1749562190441,100
24.24270663485261,100
24.365025003105185,100
24.48690509622985,100
24.60836828130984,100
25.77365946689978,100
25.89506432263914,100
26.01615430438269,100
27.236093039820965,100
27.35704628616519,100
29.08794331429235,100
30.81936142489969,100
31.63454709247504,100
31.70132687604881,100
31.82276452892916,100
31.941698444755456,100
32.060437919331314,100
32.12399023194104,100
32.242362136451646,100
32.360542395399776,100
32.41544867009436,100
32.52524909832994,100
32.63493972310578,100
32.73493314573323,100
34.98417645417408,100
37.39620626990359,100
40.161907403562815,100
40.27436785485448,100
42.58568773675311,100
44.08670630338691,100
44.83982468677051,100
44.95460917407705,100
46.40127978663224,100
48.54232145718937,100
49.99073185944596,100
51.90042688869127,100
53.628430099561086,100
53.74686456589626,100
53.8651082889199,100
55.72084597093469,100
57.449836996415854,100
58.20769509172793,100
58.32726982128866,100
58.39185054578448,100
58.45632371296739,100
58.57569158791292,100
58.63995634225938,100
58.75905568857154,100
60.20986158034775,100
62.22105890455428,100
62.28624110288797,100
62.406300989981794,100
64.55166313600417,100
66.40994159857028,100
66.47635110201836,100
66.59760956509749,100
68.61044077902457,100
68.66727005026068,100
68.77900668541078,100
70.62845465982903,100
72.12801452387812,100
73.79644298695803,100
75.52056502260265,100
76.6792302064385,100
77.43264260302779,100
77.54723265488298,100
78.35521201381786,100
78.46994871842973,100
79.91650953505473,100
80.02356564816627,100
81.45824754056129,100
81.56159181710872,100
82.99683387395534,100
83.04575189766082,100
83.14961188104543,100
0.1000728384154291,101
0.1416799409280584,101
0.236259717900147,101
0.3294010845099767,101
0.4224189880568544,101
0.4606409472467806,101
0.5500544504304491,101
0.6392033416068459,101
0.7237059864437485,101
1.5029039177334214,101
1.5907851922547722,101
3.8840824830567744,101
3.924792827967396,101
3.9651652070915606,101
4.005221025947323,101
4.044979138228884,101
4.084456277940264,101
4.123667398396721,101
4.162625936720362,101
4.20134404480814,101
4.23983275696992,101
4.278102135214796,101
4.316161395910969,101
4.354019017819157,101
4.391682816598406,101
4.429160026762476,101
4.466457361284485,101
4.503581067476263,101
4.540536971691838,101
4.577330524030915,101
4.6139668318664935,101
4.647451719198218,101
4.680802868608227,101
4.7690668123996165,101
7.517053605917683,101
10.127746822241535,101
13.229800236328906,101
16.907459717208535,101
20.374742624233928,101
22.38772081278705,101
22.50931842008944,101
25.062548315176898,101
25.18119881026276,101
25.291870050850907,101
25.347317611969853,101
25.457528668285708,101
25.512732278583805,101
25.567928453936293,101
25.62311720538245,101
25.7332985439288,101
28.79293023896843,101
32.036118272367546,101
34.10309577315197,101
35.961677086499115,101
37.820947725999424,101
40.14178299190942,101
40.26531639919202,101
40.33384469661213,101
40.457296966211615,101
40.58067434674262,101
40.70418734583362,101
40.77306462206341,101
40.8423348152232,101
40.9120314557092,101
41.0371943351545,101
41.16287144250941,101
41.28526515583955,101
42.452513588090376,101
42.52193191364864,101
42.59227789101105,101
42.66376374910423,101
42.791728550497325,101
42.8665066804847,101
42.943680195099326,101
43.07901632250768,101
43.91855020637188,101
45.11802299352239,101
45.27388349200478,101
45.37474399048717,101
45.53060448896956,101
45.63146498745195,101
45.78732548593434,101
45.9433549714493,101
46.099384456964266,101
46.25541394247923,101
46.41144342799419,101
47.26095417333693,101
47.41731773811971,101
47.5736813029025,101
47.71506620631752,101
47.85379796847722,101
48.68531992285487,101
48.81906413044384,101
48.95473665043687,101
51.130737657070206,101
51.227502950333445,101
51.36046224301822,101
52.13345193183852,101
52.269945648533216,101
53.46632408614066,101
0.1000728384154291,102
0.1971799409280585,102
0.292259717900147,102
0.3834010833686491,102
0.4734267318433424,102
0.5625407719796797,102
0.6513321200197836,102
1.8406697312182088,102
1.9306728044336927,102
3.761087814885964,102
5.803777376729836,102
5.900168518144478,102
8.49197028235762,102
10.799478008373065,102
10.909186612649656,102
13.324564853901858,102
13.437078928264482,102
15.631301518942578,102
15.68258555847611,102
15.788671943815856,102
15.890244122120052,102
18.510801204724395,102
21.671906377516788,102
24.97166454254678,102
26.192379229361343,102
26.31450254804041,102
28.04692900910713,102
30.06233241796515,102
31.92478746004845,102
32.050339376613486,102
32.17616782695757,102
33.85767756806343,102
33.930312740157646,102
34.05780523071554,102
35.57263002731094,102
35.70155027049381,102
35.77589330061682,102
35.90522001751165,102
37.367165297199385,102
38.137009734478966,102
38.214910816961925,102
38.294400697083326,102
38.42976416199177,102
38.5012402970766,102
38.57445796563277,102
38.6503706166926,102
38.787547082594905,102
38.93074341251885,102
41.97368480467292,102
42.76479288636637,102
43.96194006705216,102
44.11547495906984,102
44.269009851087525,102
44.367544743105206,102
44.46607963512289,102
44.61961452714057,102
45.87232091617398,102
46.66492715903631,102
46.76438622133869,102
46.91884528364107,102
47.01830434594345,102
47.11776340824583,102
47.21722247054821,102
47.36069540996391,102
48.84716085534191,102
50.3343157149442,102
52.04544620942665,102
53.24623544351327,102
53.34841238893178,102
53.4505893343503,102
53.55276627976881,102
53.70994322518733,102
53.86712017060584,102
55.57951903867271,102
57.76311989377316,102
57.867279207193775,102
57.97143852061439,102
58.13059783403501,102
58.234757147455625,102
58.37572853007761,102
60.54241046481469,102
62.71138972455529,102
64.7513810093079,102
64.84610088555402,102
64.94487541288122,102
65.05058141201401,102
65.21128741114681,102
66.92709952079161,102
69.03528609219231,102
70.9350665615358,102
72.65312702845642,102
72.81674958294295,102
72.92537213742946,102
73.08899469191599,102
73.23166897269238,102
74.41931198833856,102
76.58961030406606,102
78.6822593078228,102
78.77514237038638,102
78.8695116905673,102
0.1000728384154291,103
0.1966799409280585,103
0.291259717900147,103
0.3844010845099767,103
0.4214267333632353,103
0.5125407744325241,103
0.5347648849879528,103
0.6088422598342755,103
0.6226989581004808,103
0.6858690482355958,103
0.7449367997895276,103
0.7990473141995966,103
0.8473286981475349,103
0.8955292177992451,103
0.9431501601744258,103
0.9361927719658844,103
0.929158261405715,103
0.9770478000180756,103
0.9605827768580948,103
0.944068248315338,103
0.9275046986775434,103
0.9108926047818696,103
0.8942324341522491,103
0.8775246449993884,103
0.8607696843581235,103
0.8439679955379998,103
0.8821200085120237,103
0.9202261482613122,103
0.9032868360416924,103
0.8863024776117837,103
0.8692734753029382,103
0.8522002258585727,103
0.8350831167088782,103
0.8179225296961105,103
0.8007188373492992,103
0.7834724103348291,103
0.8211836097078359,103
0.8588527915315664,103
0.8964803059833085,103
0.8790664998130834,103
0.8616117098616397,103
0.8991162673817908,103
0.8815805026577747,103
0.9190047354685104,103
0.9013892886476552,103
0.8837344710962808,103
0.9210405898528136,103
0.903307950987104,103
0.8855368503617084,103
0.8677275804119146,103
0.849880431710366,103
0.8869956889437473,103
0.8690736321048772,103
0.9061145362691916,103
0.8881186777042186,103
0.8700863224701917,103
0.8520177350627219,103
0.8339131762521302,103
0.8157729030834472,103
0.7975971688764131,103
0.7793862232254779,103
0.7611403119998014,103
0.742859679205898,103
0.724544563262347,103
0.7061952007250821,103
0.6878118244247472,103
0.7243946631686723,103
0.7059439466582572,103
0.6874598962502515,103
0.6689427335994279,103
0.7053926726119554,103
0.686809933676008,103
0.6681947288351094,103
0.704547262682203,103
0.6858677481548822,103
0.6671563861207997,103
0.6484133777456319,103
0.6296389223324096,103
0.6108332173215186,103
0.6469964542673862,103
0.683128827183131,103
0.7192305260585582,103
0.700301737456206,103
0.6813426454799211,103
0.662353434531573,103
0.6433342834250962,103
0.6242853691117799,103
0.6052068685429132,103
0.5860989568071401,103
0.5669618052678144,103
0.5477955834256446,103
0.5286004607813394,103
0.5093766012476718,103
0.4901241706000602,103
0.4708433308886325,103
0.4515342423008716,103
0.4321970631616151,103
0.4128319517957007,103
0.3934390628026759,103
0.3740185489194428,103
0.1000728384154291,104
0.2151243381986281,104
0.3301758379818272,104
0.4417616018622265,104
0.5018131016454256,104
0.6113715399852842,104
0.6525939670256227,104
0.6918579456261247,104
0.7301569846323579,104
0.8195985075882524,104
0.9101034072092622,104
0.9920179066113084,104
1.020716406857118,104
1.0448194057545512,104
1.0629254695824235,104
1.0724769695526808,104
0.0672269924408643,104
0.1000728384154291,105
0.2140105184630705,105
0.328448198510712,105
0.4381358770266231,105
0.5478235555425341,105
0.6505797652140315,105
0.7469649759665187,105
0.7853393105402644,105
0.8218476211264785,105
0.8570001681879218,105
0.9460872521236594,105
0.9792965089514908,105
1.0667592843607123,105
1.153869803769892,105
1.1856512574091609,105
1.217123970164364,105
1.2483059016600306,105
1.2792130408421214,105
1.36485969997794,105
1.3952587877944167,105
1.4254219827786143,105
1.4553599131837542,105
1.4850822945669349,105
1.5695980300739465,105
1.5989153308406527,105
1.6280417700842078,105
1.6569843625262437,105
1.6857496330127175,105
1.7143436537668164,105
1.7427720965430196,105
1.7710402680173571,105
1.7991531489029582,105
1.8271154144391475,105
1.909931471346324,105
1.9376054739192183,105
1.9651413445904904,105
1.9925427993372136,105
2.0198133566960745,105
2.046956356389826,105
2.128974970205133,105
2.155872219948476,105
2.1826509812459403,105
2.204726855976885,105
2.226733920870726,105
2.299202611444896,105
2.316604338361328,105
2.3339399842158013,105
2.4062104073897057,105
2.423416455982631,105
2.4405589455351286,105
2.457638671396678,105
2.5296564081296378,105
2.546612925602501,105
2.563508957399433,105
3.2717279491558724,105
3.341750532163685,105
3.35672433186174,105
3.371649821995204,105
3.386527464500075,105
3.4013577138617688,105
3.4161410152524763,105
4.527554732522374,105
5.292175394257908,105
5.355298516115552,105
5.3633762251198345,105
5.371408929823344,105
5.379397030694788,105
5.387340922614937,105
5.395240993013983,105
5.403097622802859,105
5.410911186373239,105
5.418682050666218,105
5.426410577966278,105
5.489097118152683,105
5.5517420319452935,105
5.559345656780904,105
5.621908331064885,105
5.629430387875443,105
5.6369121547401,105
5.644353952965146,105
5.651756100131577,105
5.659118908232456,105
5.66644268367291,105
5.673727729132777,105
5.680974342635279,105
5.688182817547029,105
5.6953534416467,105
5.702486499919003,105
5.70958227269203,105
5.716641035637265,105
5.723663060700899,105
5.785648616737133,105
5.792597966043656,105
5.79951137002409,105
5.806389084792142,105
5.813231363667553,105
6.57062531985194,105
7.27708478249461,105
8.68289156235606,105
10.093290284051006,105
0.1000728384154291,106
0.1971799409280585,106
2.496170491419495,106
2.599095472644999,106
2.7035318582298675,106
2.755877851541985,106
2.871014567944335,106
2.9380827561522844,106
3.0601509443602337,106
3.182219132568183,106
3.3042873207761323,106
3.4229805086089646,106
3.541673696441797,106
3.605366884572653,106
3.669060072703508,106
3.787753260536341,106
3.851446448667196,106
3.915139636798052,106
3.978832824928907,106
4.042526013059763,106
4.106219201190618,106
4.169912389321474,106
4.233605577452329,106
4.297298765583185,106
4.3609919537140405,106
4.424685141844896,106
4.488378329975752,106
4.607071517808584,106
6.114558934075979,106
7.975603579385427,106
9.438037133341304,106
11.715710210894326,106
13.87882315225231,106
16.268533690881668,106
19.06803779660268,106
22.20891190129104,106
23.40449337884341,106
24.888553888902635,106
26.65171470079808,106
26.805437600259427,106
26.90416049972077,106
27.00288339918212,106
27.101606298643468,106
27.20032919810481,106
27.29905209756616,106
27.397774997027508,106
27.49649789648885,106
27.5952207959502,106
27.693943695411548,106
27.79266659487289,106
27.89138949433424,106
27.990112393795588,106
28.14383529325693,106
28.24255819271828,106
28.341281092179628,106
28.44000399164097,106
28.53872689110232,106
28.637449790563668,106
28.73617269002501,106
28.83489558948636,106
28.988618488947708,106
29.08734138840905,106
29.1860642878704,106
29.284787187331748,106
29.38351008679309,106
29.53723298625444,106
29.635955885715788,106
29.73467878517713,106
29.83340168463848,106
29.932124584099828,106
30.03084748356117,106
30.18457038302252,106
30.283293282483868,106
30.38201618194521,106
30.48073908140656,106
30.579461980867908,106
30.67818488032925,106
30.7769077797906,106
30.875630679251948,106
30.97435357871329,106
31.12807647817464,106
31.226799377635988,106
31.32552227709733,106
31.42424517655868,106
31.522968076020028,106
31.67669097548137,106
31.77541387494272,106
31.874136774404068,106
31.97285967386541,106
32.07158257332676,106
32.2253054727881,106
32.324028372249444,106
32.42275127171079,106
32.52147417117213,106
32.62019707063347,106
32.71891997009482,106
32.81764286955616,106
32.9163657690175,106
33.015088668478846,106
33.11381156794019,106
0.1000728384154291,107
0.1966799409280585,107
0.2947254538029468,107
0.3940994825065001,107
0.5022195104840997,107
0.6172710102672988,107
0.6778225100504979,107
0.7899082739308972,107
0.8985283019084969,107
1.0085867402483553,107
1.1160910504693835,107
1.1766425502525828,107
1.237194050035782,107
1.3527455498189809,107
1.41329704960218,107
1.528848549385379,107
1.589400049168578,107
1.704951548951777,107
2.457969868558558,107
4.131100857633265,107
6.14483495988241,107
7.655868494886072,107
9.679939269630154,107
12.160743943778836,107
12.298653345129145,107
15.220532832191385,107
18.021307166901103,107
21.47067892492312,107
22.66838531395653,107
24.560315867442696,107
26.10247072704498,107
26.25833122552737,107
26.41419172400977,107
28.362806433156063,107
28.519661673074303,107
30.70221763197329,107
32.88596373660591,107
33.04526829955869,107
35.28514269558625,107
35.39057554993397,107
35.55100840428169,107
35.65644125862941,107
35.80994264117153,107
35.95245790082697,107
38.172307308382926,107
38.30899848963363,107
40.391102208770086,107
41.85817048312066,107
41.99232218150921,107
44.07259856806074,107
44.20604384323331,107
45.38275581864578,107
45.51508475199101,107
47.03338693578843,107
48.95708608370367,107
50.1324943648103,107
50.263843131947056,107
50.39470806132414,107
51.91192335434379,107
52.04241711846201,107
53.96490627976668,107
55.70525212558259,107
57.727518237479565,107
57.85704174514689,107
59.59629640304161,107
59.72577634075346,107
61.24170035334682,107
62.92607312660511,107
63.055788227991656,107
63.18529282349811,107
65.26127798174295,107
65.39110580100999,107
66.85084054964291,107
66.9791622692343,107
67.10731625821322,107
67.2303940655638,107
67.35326421008482,107
69.2135734231183,107
69.33704355948018,107
70.79224280745811,107
72.47111994905597,107
72.5841012908352,107
74.77811750902063,107
75.9366415454281,107
75.99652786685354,107
76.10919140411741,107
76.86025552584059,107
76.9115226729048,107
76.95788854865557,107
77.00425442440635,107
77.05062030015714,107
77.09698617590792,107
77.1433520516587,107
77.24468628822095,107
79.69166461883313,107
82.5166765874458,107
82.62411561368233,107
82.6765705360306,107
82.7840414060486,107
82.83652827648646,107
0.1000728384154291,108
0.1966799409280585,108
0.291259717900147,108
0.3844010845099767,108
0.4739267394219716,108
0.5625407859956105,108
0.637238012281545,108
0.7100330233846982,108
0.7781096935545285,108
0.8433863014255841,108
3.230883964923509,108
5.911580452350266,108
9.49281204643596,108
13.19859525630958,108
17.352193905801865,108
20.046770632029062,108
20.175494260833,108
20.30349517277568,108
22.73477861248725,108
24.943232261365697,108
25.06201142310147,108
25.180251601984963,108
28.235796401339805,108
31.187070266826723,108
34.80689128116961,108
37.32926036784276,108
39.75724533974789,108
42.18617853339003,108
42.31219196127952,108
44.92427598662452,108
45.03972659982518,108
45.15497998870686,108
47.669532581938064,108
50.089687868727005,108
50.20693158335761,108
51.93896056078975,108
54.36519763393256,108
54.48857045184735,108
56.55849103677437,108
59.08145980874525,108
61.91599183929231,108
62.042243131450384,108
63.267251811737495,108
63.39282843430996,108
65.71639856120552,108
67.92284181334665,108
68.04964352677196,108
68.17621118810806,108
68.3025393880207,108
69.81534417029023,108
72.58161890775786,108
72.70869102693783,108
72.83559650314177,108
72.96229731538718,108
74.47548735444695,108
76.94613666069901,108
78.86603262950041,108
81.39287931653189,108
81.5137963459611,108
83.71500172057554,108
83.8366694790238,108
85.8986628395432,108
86.65300748170553,108
86.76301719666658,108
86.87262061656652,108
86.98217931063114,108
87.09076373697458,108
88.75442378641306,108
90.47369866491496,108
90.52850144774852,108
90.5832702112311,108
90.63800518633066,108
90.69270659656463,108
90.74737466917573,108
90.80200962395608,108
90.91158795775114,108
93.5074477237576,108
95.41078281820953,108
95.522301141631,108
97.42673331917464,108
97.53930589975056,108
99.03853175462424,108
99.84475306094824,108
99.95819587678848,108
102.37518305749832,108
102.48954320372282,108
102.6037954133862,108
104.0992536586636,108
105.2524201911801,108
105.36188743681846,108
107.0264286813253,108
108.87402926058708,108
108.98484573931631,108
111.2389381942266,108
111.3507755291575,108
111.4018184733504,108
111.50784790934264,108
113.35134327830016,108
115.35005081118284,108
117.40475738466915,108
0.1000728384154291,109
0.1966799409280585,109
0.2846413464437293,109
0.3712513060460852,109
0.4040484563599394,109
0.4909695894609259,109
0.5197255076061057,109
0.6033378751169013,109
0.6224078186939525,109
0.6920072534273433,109
0.7594001391123103,109
0.8266830840299891,109
0.8360150433297323,109
0.8965398981387781,109
0.8982180601603406,109
0.8939297387993949,109
0.8811769413447993,109
-0.0913912129902226,109
0.1000728384154291,110
0.1966799409280585,110
0.291259717900147,110
0.3844010845099767,110
0.4769267333632352,110
2.182824187517028,110
2.275212519407133,110
2.311805528193573,110
2.4027125356493992,110
5.1560642240344094,110
8.097470712452989,110
11.33790497850622,110
14.637766779381865,110
18.34826745171069,110
21.1842431819516,110
21.31108395318497,110
21.437033863552102,110
23.64274864890108,110
23.76833416869052,110
23.89331522118961,110
26.50418818005155,110
26.629634196359337,110
29.32109736848045,110
31.93338690101169,110
34.834662623099106,110
37.60350173669078,110
37.73301199687392,110
37.86219143367764,110
40.70054008154812,110
43.31610517778183,110
45.23885183191073,110
45.36022385485087,110
45.481476386810215,110
45.60265678045782,110
45.72376606179564,110
45.84467211585129,110
47.9123283630508,110
49.42084559713316,110
49.542848699494165,110
51.45726878787084,110
53.88363131445345,110
54.007181582065456,110
56.37936540498038,110
58.80755242111543,110
58.93311121398284,110
61.36221416123846,110
61.48871131657848,110
61.615172152146194,110
61.74157899798718,110
61.85824024905834,110
62.66829419506176,110
62.77441987765416,110
62.88096924496277,110
64.03162594509705,110
64.13859446716889,110
67.13864644241913,110
67.24021546912773,110
67.34174686295374,110
70.44311385971888,110
70.54825701934679,110
73.36439028007372,110
74.85938229781969,110
74.96799788249119,110
76.86920330298527,110
76.92423165587171,110
76.97713151571735,110
77.03002924842222,110
77.08292485398634,110
77.13581833613499,110
77.2436737306176,110
80.35055654121025,110
81.50571672988518,110
81.61721682173594,110
83.28378235918863,110
85.13338732344492,110
87.6453733406721,110
87.75940227133616,110
90.07157253844126,110
90.1863568983732,110
93.19317590815407,110
95.7084015570341,110
97.77722706256264,110
97.89997360778916,110
99.81500994492706,110
102.01844300812446,110
104.03364000944768,110
106.10440790457774,110
106.22915418745274,110
107.96368674382718,110
109.47532598936152,110
109.6005602067789,110
109.72427906647836,110
112.15144437976775,110
112.27595044092412,110
114.74428039486511,110
114.86963013082176,110
114.9948484743136,110
117.20013272827164,110
117.96421412304602,110
118.02845595006372,110
0.1000728384154291,111
0.1966799409280585,111
0.291259717900147,111
0.3844010845099767,111
0.4764267333632352,111
0.567540774432524,111
2.0486374855249485,111
2.142648715471408,111
2.232977066134593,111
2.32270469883599,111
4.441584732329032,111
6.623674338672712,111
6.725927933624207,111
6.828113034353912,111
6.875230566487783,111
6.969404012785429,111
7.0647874184708535,111
9.244347364531034,111
11.914321691618436,111
12.018781051860326,111
14.428735361323827,111
14.535593495593542,111
16.435454473720068,111
16.543795340583795,111
19.29423760704803,111
19.40528328798818,111
22.699274615273943,111
22.814582832978243,111
24.876779564545625,111
28.4674604564158,111
30.539182991984926,111
32.74554075254063,111
32.87222891886023,111
32.998650437996815,111
33.1175185505609,111
35.31675208251281,111
35.43603995333714,111
38.81129529963536,111
42.49287932541681,111
44.69468300965143,111
47.07047358390327,111
49.59771303247948,111
49.7268204293239,111
51.80244303224083,111
51.93191098459048,111
53.67111994198999,111
53.80075276115206,111
53.92909055511436,111
56.1375936578756,111
57.876453986508345,111
58.00544955098113,111
59.23333914646317,111
59.34799079665353,111
60.15602217683007,111
61.31498442658593,111
62.47943088145168,111
62.59993639911677,111
64.10730204389544,111
64.2237897779152,111
64.33991832689496,111
64.46067918445068,111
64.58157314497534,111
64.70237979971485,111
66.43333339984706,111
66.49980736951174,111
66.60910622457804,111
66.71836650053801,111
66.82762917558493,111
69.24110063592734,111
69.29705199654045,111
71.6065441077465,111
73.91778311188163,111
76.97725209648551,111
77.03747567961754,111
77.09776692892255,111
77.15812676827254,111
77.27355615476908,111
77.33405607248487,111
77.44952060337009,111
77.56541363949718,111
80.16802375073375,111
83.12073223347606,111
83.87860672230663,111
83.99832679386081,111
84.11803959364833,111
84.23781087304296,111
84.30264132524671,111
84.422464341473,111
85.64162012989463,111
85.76178309376182,111
85.82120747173967,111
85.93570320362987,111
85.99527132565917,111
86.10973125005903,111
86.2240554248804,111
87.03179647083225,111
87.14624674673023,111
88.30473251695575,111
88.419594094705,111
88.53461736495437,111
0.1000728384154291,112
0.2151243381986281,112
0.3301758379818272,112
0.4452273377650263,112
0.5573131016454257,112
0.6728646014286248,112
0.7774299783251428,112
0.8797861914602656,112
0.9806154963476325,112
1.07968781180081,112
1.1754106361359082,112
1.269095577666136,112
1.307780523219677,112
1.400606219091984,112
2.8845004480272256,112
5.013791982451053,112
7.37419480494556,112
9.437468473234745,112
12.161292294600544,112
14.815203238048628,112
16.907037638047875,112
20.09422195264145,112
23.468958275992044,112
23.62481877447444,112
25.57343348362073,112
25.730288723538973,112
27.219077038978924,112
27.376570993298987,112
27.479064947619047,112
27.581558901939108,112
27.73905285625917,112
29.84353140542624,112
31.333985079966737,112
31.43814439338735,112
32.6963488614527,112
32.800941040849935,112
32.96053322024717,112
33.12012539964441,112
34.61157599068202,112
36.32685519691771,112
38.042798513753816,112
38.204303918155816,112
38.310809322557816,112
38.417314726959816,112
38.523820131361816,112
38.66740794107154,112
40.14526953599355,112
40.24191418245897,112
40.34828837966967,112
40.509662576880366,112
41.71504032963477,112
42.515209956263625,112
42.677232402332535,112
42.83925484840145,112
42.99781155856757,112
43.78850561072762,112
44.575984967053614,112
44.716602296294376,112
45.90067006643192,112
46.67888429595665,112
47.45669074461824,112
47.59466765153677,112
49.063939850413945,112
49.83976309265702,112
50.61528800477655,112
52.36185120578255,112
53.59713467067186,112
53.73267030095453,112
53.81273136373626,112
53.947258586640864,112
54.026303508214525,112
54.15977870849144,112
54.23797952571723,112
54.31592023701926,112
54.44850524282117,112
54.525968994071846,112
54.65830461963351,112
54.73551532087976,112
54.86750997835435,112
55.69284415149272,112
55.76999415253373,112
55.84039340092978,112
55.96583620902885,112
56.090712373701386,112
57.764149465131645,112
57.8281486441278,112
57.89214782312396,112
58.01114700212011,112
58.130123784662246,112
59.348286846756665,112
59.41282088843283,112
59.47733825416247,112
59.541838999378186,112
59.60632317914529,112
59.72579084816542,112
59.83184435698357,112
62.37050536009636,112
62.42009807857838,112
62.46972890305486,112
62.51939812409845,112
0.1000728384154291,113
0.1956927102324223,113
0.2893281752273317,113
0.3820468281657047,113
0.473662767256007,113
1.666171529323411,113
3.094114653212702,113
3.189894569607209,113
4.385918023094969,113
5.583365335365128,113
5.681515529691812,113
6.879621685222745,113
6.978626122879363,113
7.077273820131993,113
7.171213541716313,113
7.266221095412946,113
7.360866439133859,113
7.455140386313176,113
9.288826857298588,113
11.179681573599552,113
11.278356705397345,113
13.170589481085514,113
13.268954787939762,113
14.69980803558228,113
17.05489490152049,113
19.110379104277865,113
19.211096842548624,113
21.563235361835734,113
24.5098792317584,113
24.622950568506752,113
27.223525261313995,113
30.233004362877665,113
30.35178039407335,113
32.263082648548654,113
33.48154650166752,113
33.60110728651748,113
36.49558305696586,113
37.310666559039625,113
38.81924760437523,113
38.94126431298785,113
39.06304031647918,113
39.18451337875568,113
40.40482396563131,113
40.52620898644672,113
41.34075818168155,113
41.4618970412517,113
43.78126763518548,113
46.101569315808746,113
46.224548115343936,113
46.34001344332282,113
46.45528472289021,113
46.57043379295221,113
46.68546356941291,113
47.899545803513405,113
48.01482533292218,113
48.13001314780298,113
48.24499651613549,113
49.05336584283479,113
49.16850023993417,113
49.22874148010302,113
49.288917220477614,113
49.40400743738679,113
49.518972776349145,113
51.42663797541962,113
51.54241496707101,113
52.75722063912156,113
52.81834288587317,113
52.93437627729772,113
53.05029751202077,113
54.776373275940585,113
56.68560266302008,113
56.77127076802529,113
58.26463843999184,113
58.37160711852587,113
61.43107297569168,113
63.33876876959494,113
63.454613621332506,113
63.57039542337175,113
63.61814277087565,113
63.71197305088158,113
65.83313546543236,113
68.27583775882836,113
68.37560198669549,113
70.55702398185845,113
72.74019692306634,113
72.84384355907555,113
74.89474425678368,113
76.78436468010064,113
79.0818972385418,113
81.76949904327508,113
81.87301757400151,113
84.81533243720646,113
84.92224335138913,113
84.97415735413547,113
87.72233178307529,113
89.38661625077243,113
91.52199651886936,113
93.3704554050159,113
93.48211599727388,113
95.38666297336336,113
0.1000728384154291,114
0.1971799409280585,114
0.292259717900147,114
0.3882511026562054,114
0.4840463838464973,114
0.5793826272905236,114
0.6598934149563676,114
0.732234521788395,114
0.804436727446354,114
0.8217078959763413,114
0.8390489956558114,114
0.8538833661198979,114
0.8688648054570323,114
0.8839977709770566,114
0.9542870028138524,114
0.9697375362933044,114
0.9853547504365808,114
1.0561443930685883,114
1.0721126301408177,114
1.841370473635233,114
1.8648103596836687,114
1.9431512328058844,114
1.967942130771316,114
1.9929413916737204,114
2.0181580791443947,114
2.043602078241146,114
2.0692842165202263,114
2.0952164074600104,114
2.121411818099058,114
2.1478850776523712,114
2.1746525382817152,114
2.201732601058519,114
2.284146125447786,114
2.3119169408649567,114
2.340072560143507,114
2.3686450878352288,114
2.397672475335038,114
2.484097727593816,114
2.520300538298524,114
2.553958100286162,114
2.5876156622738007,114
2.621273224261439,114
2.6549307862490776,114
2.743588351663983,114
2.7772459136516217,114
2.81090347563926,114
2.8445610376268986,114
2.878218599614537,114
2.911876161602176,114
2.945533723589814,114
2.9791912855774525,114
3.012848847565091,114
3.046506409552729,114
3.080163971540368,114
3.1138215335280064,114
3.147479095515645,114
3.181136657503284,114
3.214794219490922,114
3.2484517814785603,114
3.2821093434661988,114
3.315766905453837,114
3.349424467441476,114
3.383082029429114,114
3.4167395914167527,114
3.505397156831658,114
3.5390547188192967,114
3.572712280806935,114
3.6063698427945736,114
3.695027408209479,114
3.7286849701971176,114
3.762342532184756,114
3.7960000941723946,114
3.829657656160033,114
3.9183152215749386,114
3.951972783562577,114
4.040630348977483,114
4.074287910965121,114
4.10794547295276,114
4.141603034940398,114
4.1752605969280365,114
4.263918162342942,114
4.352575727757848,114
4.386233289745486,114
4.474890855160392,114
4.563548420575297,114
4.597205982562936,114
4.630863544550574,114
4.664521106538213,114
4.698178668525851,114
4.73183623051349,114
4.765493792501128,114
4.799151354488767,114
4.832808916476405,114
4.866466478464044,114
4.900124040451682,114
4.93378160243932,114
5.022439167854226,114
5.056096729841864,114
5.089754291829503,114
5.123411853817141,114
0.1000728384154291,115
0.1966799409280585,115
0.3117314407112576,115
0.4267829404944566,115
0.5393344433778909,115
0.6518859462613252,115
0.7469923170084146,115
0.8450044514412073,115
0.8834210904115823,115
0.9193626167053368,115
0.9560341881388812,115
0.98944174961988,115
1.0739735858315616,115
1.098743251504937,115
1.1173493144834428,115
1.127234147841671,115
0.1221508253166465,115
0.1000728384154291,116
0.2151243381986281,116
0.3301758379818272,116
0.4452273377650263,116
0.5602788375482254,116
0.6758303373314245,116
0.7888818412281378,116
0.8984676107026441,116
2.907376597747932,116
4.820893596038948,116
6.6823921903230055,116
8.89547162358692,116
11.981056270585505,116
14.267242433908272,116
16.35907683390752,116
18.5314878759196,116
20.01170638446719,116
22.053116533522505,116
23.7591139109101,116
23.8556733758636,116
24.007232840817093,116
24.10379230577059,116
24.200351770724087,116
24.296911235677584,116
24.39347070063108,116
24.49003016558457,116
24.641589630538075,116
24.73814909549157,116
24.88970856044507,116
24.98626802539857,116
25.082827490352063,116
25.23438695530556,116
25.330946420259057,116
25.42750588521256,116
25.52406535016605,116
25.620624815119548,116
25.717184280073045,116
25.813743745026542,116
25.91030320998004,116
26.006862674933537,116
26.10342213988704,116
26.19998160484053,116
26.351541069794028,116
26.503100534747524,116
26.59965999970102,116
26.69621946465452,116
26.792778929608016,116
26.88933839456152,116
26.98589785951501,116
27.137457324468507,116
27.234016789422004,116
27.3305762543755,116
27.427135719329,116
27.52369518428249,116
27.620254649235992,116
27.77181411418949,116
27.868373579142983,116
28.019933044096483,116
28.11649250904998,116
28.26805197400348,116
28.36461143895697,116
28.46117090391047,116
28.612730368863968,116
28.709289833817465,116
28.80584929877096,116
28.90240876372446,116
28.99896822867796,116
29.095527693631453,116
29.19208715858495,116
29.288646623538447,116
29.385206088491945,116
29.48176555344544,116
29.63332501839894,116
29.72988448335244,116
29.88144394830593,116
29.97800341325943,116
30.074562878212927,116
30.171122343166424,116
30.26768180811992,116
30.36424127307341,116
30.460800738026915,116
30.55736020298041,116
30.65391966793391,116
30.750479132887406,116
30.902038597840903,116
30.9985980627944,116
31.095157527747897,116
31.2467169927014,116
31.34327645765489,116
31.43983592260839,116
31.536395387561885,116
31.632954852515383,116
31.72951431746888,116
31.881073782422376,116
31.97763324737588,116
32.07419271232937,116
32.170752177282864,116
32.26731164223636,116
32.36387110718985,116
32.460430572143345,116
0.1000728384154291,117
0.1966799409280585,117
0.236259717900147,117
0.3294010845099767,117
0.4214267333632353,117
0.5020521407609824,117
0.528848392296398,117
0.6101256584411505,117
0.6911288847809676,117
0.7724556451326254,117
3.2082888608461264,117
3.3008360689168814,117
5.966934902000988,117
8.84758923702296,117
8.955313888717258,117
12.113381830382908,117
15.318624374931549,117
19.034049807824164,117
21.36691794787878,117
21.503898907422847,117
21.58771108894169,117
21.729443009903505,117
23.42820682392262,117
23.569734646567955,117
23.6544790944936,117
26.09729846380933,117
28.316292213293007,117
28.399884032438152,117
28.52708938038443,117
31.159472537241108,117
34.17574011716762,117
36.32822491921318,117
36.38796160317791,117
36.44762582279575,117
36.502291425539376,117
36.5568866053952,117
36.61141233838928,117
36.66586957819593,117
36.775259248389126,117
36.82958225108517,117
36.8780067520572,117
36.92636631749404,117
36.97466178186071,117
37.0778939495219,117
37.12606361828578,117
37.229171562416674,117
39.5333750727011,117
42.4814050676657,117
45.49323361027899,117
48.70131139909724,117
50.85543303152944,117
52.87758727340714,117
53.00758825304644,117
54.87539831189214,117
56.61654441874072,117
56.692954906186735,117
56.82408442084104,117
56.89994791531503,117
57.03055883083832,117
57.10592931542829,117
57.18107040198949,117
57.31099215514018,117
59.68982958370674,117
60.514129079875545,117
60.58987971974395,117
60.66525856677576,117
60.79529136379168,117
60.8700005184441,117
60.99940571211563,117
62.17257241932389,117
62.2467490699572,117
62.32057450036739,117
62.39407177070279,117
62.52226109865162,117
64.59710935582038,117
64.72584041364946,117
64.79937265531268,117
64.87271368498072,117
64.99282578141653,117
68.2953246469122,117
69.8068953407661,117
70.976536574635,117
71.04664460038994,117
71.11696218062296,117
71.18749848360079,117
71.25826351668756,117
71.32926824708578,117
71.40052474691473,117
71.52409422007477,117
71.64778535373812,117
71.77142746740097,117
72.53371142559068,117
73.70210667357566,117
75.1589544118808,117
75.22002790091736,117
75.28132181131957,117
75.34284631013227,117
75.40461254786575,117
75.46663280847741,117
75.52892069149115,117
0.1000728384154291,118
0.1416799409280584,118
0.236259717900147,118
0.3294010845099767,118
0.3664267333632353,118
0.4575407744325241,118
0.4789046620159563,118
0.5466572095780786,118
1.6677478601365503,118
1.7462018405228077,118
1.824273121836704,118
2.949067247393649,118
4.13624022233737,118
4.864839926920654,118
6.001466898262708,118
7.428793894795223,118
8.570360274224251,118
8.613720330686204,118
10.045644818955346,118
11.479526237824349,118
11.526839475146412,118
11.628893112182585,118
11.675699964733903,118
11.7222716425417,118
11.768618711912536,118
11.814750830358715,118
11.860676859026292,118
11.961404957310396,118
12.006942663051628,118
12.052296960959689,118
12.0974743413483,118
12.142480850837847,118
12.242322136353511,118
12.287003483491706,118
12.386529850128056,118
12.485905895982444,118
12.5301360087314,118
12.574224327157555,118
12.61817476174486,118
12.716991013062398,118
12.815676588225871,118
12.859234815681644,118
12.95766885852168,118
13.00098172650749,118
13.044176286955809,118
13.08725527461763,118
13.130221300664308,118
13.173076860879403,118
13.270824343142118,118
13.313466034277296,118
13.356004126337607,118
13.398440722375565,118
15.387228674004534,118
17.375935885701466,118
17.47363101955846,118
17.516226261080803,118
17.558723566936767,118
17.601124818611403,118
17.642913744388398,118
17.684615174366062,118
17.72623061335224,118
17.82276151526747,118
17.864209285683373,118
19.289059911019635,118
21.2773133619184,118
21.31958175599377,118
21.361776347991224,118
21.403898211433667,118
21.445948389060376,118
21.47862994763108,118
22.61209015650453,118
24.259566629760297,118
25.685017835860343,118
26.82437760946665,118
26.865053933722766,118
26.90566009587012,118
26.946197066844142,118
26.986665791074167,118
27.02706718755421,118
27.06740215085687,118
27.107671552094075,118
27.147876239828005,118
27.18801704093553,118
27.22809476142902,118
27.323110187236168,118
27.36306408494153,118
27.402957202491944,118
27.44279026986807,118
27.482563999724057,118
27.5222790879972,118
27.61693621448932,118
28.746890554468354,118
30.72895469831206,118
31.86546015451717,118
33.51542930296577,118
33.55590828507555,118
33.596335553731464,118
33.63671163831916,118
36.13479424486453,118
37.56766310274797,118
0.1000728384154291,119
0.1966799409280585,119
0.291259717900147,119
0.3844010845099767,119
0.4769267333632352,119
0.5690675770108132,119
0.6607234593284547,119
0.7494372915280282,119
2.79052944889192,119
2.885395471359533,119
4.36873656919126,119
4.465874668563647,119
6.710020061935229,119
6.811387528086943,119
9.636282910014431,119
12.400431860591215,119
12.50507551094417,119
15.124318894351765,119
17.954879340137285,119
21.608035622254924,119
23.9310652855507,119
24.05596556182387,119
25.79038952554604,119
27.70744230545311,119
27.832097810003937,119
27.9561743893898,119
30.720929153453888,119
33.432106807121315,119
36.125297468872944,119
38.96288059736683,119
39.09185926661571,119
41.994720110553125,119
44.84379865397732,119
47.68438308156277,119
47.81366004892437,119
50.83476275513328,119
50.96521281836745,119
51.09539694004631,119
51.22532855365424,119
54.06438880524118,119
57.24146406618174,119
60.46655873925573,119
60.59347170755005,119
60.72027809334488,119
60.84695348295176,119
63.53979299042212,119
63.66768834966914,119
66.5050651111537,119
66.63429521659864,119
69.34881362290633,119
72.25889964562207,119
75.38805453908067,119
78.29516525510316,119
78.42955775467881,119
81.12971091797354,119
83.56805725211719,119
86.48307869580789,119
86.61977926441627,119
89.47497830837433,119
89.61243758752991,119
92.79555460841992,119
92.9339768795656,119
95.8457392116448,119
99.10917117226776,119
99.24936088921194,119
99.38090148774614,119
99.51226470784164,119
102.28366046621464,119
102.41591426349166,119
102.5481027150887,119
104.92856396436244,119
108.05237371801746,119
108.1794268831243,119
110.50444829360708,119
112.369453556319,119
114.84145955493484,119
114.97043882935314,119
115.0992811362947,119
117.65892940631394,119
120.299558632244,119
120.42869509020144,119
122.80613409088625,119
122.9359513415213,119
123.01073220189384,119
123.08547693494158,119
123.2151289406527,119
125.3697989994514,119
125.44498558760336,119
125.57510306615474,119
128.13598625426587,119
130.1583644208147,119
130.2891065334886,119
130.41977352024503,119
132.89410459186612,119
132.9595206597048,119
133.0748289891678,119
134.74506664957582,119
136.598193294664,119
136.65953216265618,119
136.7208429047066,119
0.1000728384154291,120
0.2151243381986281,120
0.3301758379818272,120
0.4452273377650263,120
0.5602788375482254,120
0.6728303404316597,120
0.7164024384483986,120
0.8137895734772377,120
0.8517062114343338,120
0.9333139406308822,120
0.9696938441857986,120
1.002851405160158,120
1.0321749066725665,120
1.0567779065832783,120
1.1247659073934249,120
1.1311016711198083,120
0.1204835804902306,120
0.1000728384154291,121
0.1966799409280585,121
0.291259717900147,121
0.3819010898059507,121
0.4714267447179456,121
0.5050407841390272,121
0.5789046778863569,121
0.6510746895855566,121
0.7187741964644094,121
0.784123596507897,121
0.7985288153922458,121
1.5106129895484348,121
1.5845184724366566,121
1.6033926035797497,121
1.6770526345407863,121
2.85452880221962,121
2.8797612737452885,121
2.9062260526752373,121
4.730842723283757,121
4.763541213009347,121
4.851085847947587,121
4.938481217954148,121
4.9707316446638,121
5.002841218147268,121
5.088901906046857,121
5.119850733090033,121
5.150690144631852,121
5.172985707182278,121
7.145325218099941,121
8.56230965699612,121
8.647895854670395,121
8.73338021035849,121
8.81876476551949,121
8.90405147220551,121
8.934242202672948,121
8.964338768977512,121
8.994342910829772,121
9.02425630461036,121
9.05408057082056,121
9.083817270357002,121
9.11346790823697,121
9.14303394104897,121
9.172516776952731,121
9.20191777940451,121
9.231238263431775,121
9.260479506809103,121
9.289642746332872,121
9.318729177821268,121
9.347739967290153,121
10.47431448358654,121
10.557217749539603,121
10.58506270754694,121
10.667850027564754,121
10.695580367702831,121
10.723254370275724,121
10.805872658971538,121
10.833435852784504,121
10.86094455118834,121
10.88839933905362,121
10.915800793800344,121
10.943149477947344,121
10.970445942837586,121
10.99665454100429,121
12.973419816005816,121
14.617296010959734,121
16.959613115299334,121
19.0875874318165,121
21.08498634778168,121
23.83549372889196,121
26.78730131863513,121
30.18691740950492,121
32.55845480794045,121
32.62087505524985,121
32.738078900017456,121
32.800460832963125,121
32.863027432184026,121
32.98075501110393,121
33.04397655362098,121
33.10774626358482,121
33.172131723834774,121
33.23721955631901,121
33.30312480737779,121
33.358822120175496,121
33.4151654916306,121
33.472250963111286,121
33.5852082015277,121
33.69922198541245,121
33.75957708923018,121
33.82177081694853,121
33.88690347799139,121
33.960083328596426,121
34.04299272994673,121
34.12590213129704,121
34.208811532647346,121
34.29172093399765,121
34.429630335347966,121
34.51253973669827,121
34.59544913804858,121
34.73335853939889,121
34.8162679407492,121
0.1000728384154291,122
0.1935162965881421,122
0.2898365754853729,122
0.3890957877071143,122
0.4379021905393839,122
0.5417085893483401,122
0.6455149881572962,122
0.7493213869662524,122
0.8531277857752085,122
0.9569341845841648,122
1.062490583214307,122
1.1130469858677627,122
1.20559522211864,122
1.3002692580254318,122
1.335835781696582,122
1.4202842086584808,122
1.5015103042156936,122
1.5253407441110851,122
1.598012269291425,122
1.6617637805671932,122
1.6605791574608104,122
0.6439412361274974,122
0.1000728384154291,123
0.1971799409280585,123
0.292259717900147,123
0.3324235304638175,123
0.4276728151942844,123
0.5230090586383107,123
0.618433799967834,123
0.713683084698301,123
0.8090193281423272,123
0.8446886613489611,123
0.9345227241322792,123
1.0240581907420891,123
1.7497265614658135,123
1.836836514630868,123
1.925816541174008,123
1.9599829256623524,123
1.9943428836851853,123
3.417168339350773,123
3.454196376362397,123
3.491776151218964,123
3.584976194062783,123
3.678884489098145,123
3.718618178376509,123
3.75934099555905,123
3.801298113176181,123
3.843382132807328,123
4.576372397699906,123
6.007522953310563,123
6.055844900765969,123
6.113896397510125,123
6.226947901406838,123
6.287499401190037,123
6.348050900973236,123
6.408602400756435,123
6.469153900539634,123
6.584705400322833,123
6.645256900106032,123
6.705808399889231,123
6.76635989967243,123
6.826911399455629,123
6.942462899238828,123
7.003014399022027,123
7.118565898805226,123
7.234117398588425,123
7.349668898371624,123
7.410220398154823,123
7.470771897938022,123
7.531323397721221,123
7.59187489750442,123
7.652426397287619,123
7.712977897070818,123
7.773529396854017,123
7.834080896637216,123
7.894632396420415,123
7.955183896203614,123
8.015735395986813,123
8.07628689577001,123
8.136838395553209,123
8.197389895336407,123
8.257941395119605,123
8.373492894902805,123
8.434044394686003,123
8.494595894469201,123
8.5551473942524,123
8.6706988940356,123
8.731250393818797,123
8.791801893601995,123
8.852353393385194,123
8.912904893168392,123
8.97345639295159,123
9.034007892734788,123
10.53981281594026,123
11.354208663898746,123
11.421276852106695,123
11.488345040314645,123
11.555413228522594,123
11.622481416730544,123
11.689549604938492,123
11.756617793146445,123
11.823685981354393,123
11.890754169562342,123
11.957822357770292,123
12.02489054597824,123
12.14695873418619,123
12.21402692239414,123
12.28109511060209,123
12.34816329881004,123
12.415231487017987,123
12.537299675225938,123
12.604367863433888,123
12.671436051641836,123
12.793504239849788,123
12.860572428057736,123
12.982640616265686,123
13.104708804473637,123
13.171776992681584,123
13.238845180889534,123
13.305913369097484,123
13.372981557305431,123
13.440049745513384,123
0.1000728384154291,124
0.1416799409280584,124
0.236259717900147,124
0.3294010845099767,124
0.4214267333632353,124
0.4585026338957614,124
0.5364991310080338,124
0.6198409828385163,124
0.7048659953316498,124
0.7897185715874482,124
0.8194044637521554,124
0.9036964583238412,124
3.1945623564561654,124
4.846256415828114,124
6.893393437846546,124
6.994268025740032,124
10.093953217848188,124
13.254105414732342,124
17.017518417464014,124
19.49162479650891,124
19.62226202518247,124
19.69738451400977,124
19.8270403431381,124
19.95626937302168,124
20.07965243992664,124
22.5071878399498,124
22.631596605996428,124
22.74601569376403,124
26.45536696620353,124
28.19072984952163,124
32.12901136209264,124
32.25967028985428,124
34.58798137020234,124
37.20470435395975,124
40.10992857285958,124
40.24167129414964,124
43.14688368195488,124
43.2788392022998,124
43.410205427743634,124
46.31509782357418,124
48.75035057557567,124
48.88249439146036,124
51.09428303994142,124
51.2261856673216,124
53.14995860760568,124
53.2815832134695,124
55.71625127494392,124
55.84797960654761,124
58.68857072438466,124
58.82080456556121,124
61.592819971372805,124
65.12871459588486,124
65.25852175763072,124
65.38810261812691,124
65.51745186639437,124
65.64657795389172,124
68.72139732868827,124
71.9441969756565,124
72.07576451521335,124
72.20713702652282,124
74.97834118429212,124
77.59601311901513,124
80.67423429098228,124
83.37356579045858,124
85.45414214797896,124
85.58868495719686,124
88.8598947858154,124
92.17480495830084,124
92.31152486550548,124
92.44814323744102,124
92.58468321256642,124
92.72114600114196,124
92.8575422153074,124
92.99389251445191,124
96.07558490632272,124
96.21279270124568,124
96.34008896381948,124
98.77070459933596,124
101.2020238355782,124
101.33068597463884,124
101.449976140242,124
103.87285345194854,124
103.99307315198698,124
104.1132214307598,124
106.31799741892198,124
109.00931393815112,124
111.84485937227689,124
111.97229874427252,124
112.09968287244196,124
114.42492353098297,124
116.75075718640684,124
116.86845278620125,124
118.08493494867682,124
118.202731384629,124
119.01377220332026,124
119.13158660262226,124
121.04066007464527,124
123.35544984667897,124
123.47294476508496,124
124.2886567777055,124
0.1000728384154291,125
0.2081928663930287,125
0.3232443661762277,125
0.4382958659594268,125
0.5533473657426259,125
0.668398865525825,125
0.7694709652223036,125
0.8649831020392821,125
0.9028997399963782,125
0.9879732036151336,125
1.0243531071700498,125
1.0575106681444093,125
1.1418341712214397,125
1.2214371726967737,125
1.23991823542196,125
1.2497197358988568,125
0.2995947568796917,125
0.1000728384154291,126
0.1966799409280585,126
0.2397254538029467,126
0.3397982922183759,126
0.4433368665366047,126
0.5033883663198038,126
0.5494604660162825,126
0.6487226038746733,126
0.7401392384939093,126
0.8295807614498037,126
0.9163037910632986,126
2.052151955621709,126
3.480478681581487,126
5.3758268728427785,126
5.475646771448125,126
6.901615895288457,126
6.994184657888879,126
8.69763068850564,126
8.73577241967844,126
8.82789018373417,126
8.91939849774765,126
8.956865157889595,126
9.049504253970852,126
9.086810715454092,126
9.17931327964591,126
9.27116070683526,126
9.36277258391904,126
9.454303763764372,126
9.545508027034272,126
11.7873483895831,126
11.886108443098536,126
11.930577821987145,126
12.02884139116334,126
13.46065165098237,126
15.173124805050364,126
15.275328129487503,126
15.367920659440031,126
16.506433151619902,126
18.15904381121921,126
18.896445594685545,126
18.99566647406148,126
19.03985391180443,126
19.13881329070257,126
19.237554568754906,126
20.893357772337662,126
20.93991172309445,126
21.04118522252368,126
22.188490472691527,126
24.43825396146105,126
26.628098569767943,126
26.73814069475459,126
29.28247391428279,126
29.338431090074053,126
29.39467611532139,126
29.505361121105423,126
29.615433644460907,126
32.3830608836882,126
35.58325977246689,126
38.59570450704025,126
38.71826552222895,126
40.73737861292231,126
40.86502799443827,126
40.99219884053445,126
41.118317867507294,126
41.24329232124111,126
43.16094248181502,126
44.67413090936535,126
44.80094560905001,126
44.91788315697215,126
46.77239203377268,126
46.88936778082154,126
49.57802318674322,126
51.43511246782538,126
51.493446214914286,126
51.55186865371462,126
51.66518046599623,126
54.96121122580763,126
55.07888366174694,126
55.19562518489357,126
56.64432716262337,126
56.76158731323477,126
58.21126811844107,126
58.329544848620856,126
58.43917605918642,126
58.54879074436423,126
61.1716223273873,126
61.284478931546175,126
61.39725983780619,126
64.23102605980631,126
65.39158726376291,126
65.50861006867882,126
66.26448041093346,126
66.38232502233978,126
66.44583354783055,126
66.50987893980738,126
66.62786179673668,126
67.3848047841787,126
67.44444475960728,126
67.4987929601669,126
67.55351869654652,126
0.1000728384154291,127
0.1946485328719625,127
0.2827853995606908,127
0.3695286947534093,127
0.4551833781645307,127
0.4863528019980201,127
0.5730960971907386,127
0.5934465869561443,127
0.6664680882588634,127
0.6835965893462905,127
0.6968675839946279,127
0.7663490238831052,127
0.8327331233069906,127
0.8954833510563383,127
0.9537919375345716,127
0.9511035848174848,127
0.9399394113336365,127
-0.0858649891103944,127
0.1000728384154291,128
0.1966799409280585,128
0.291259717900147,128
0.3294010845099767,128
0.411686265197881,128
0.4401134264742215,128
0.4679014210676034,128
0.5501227726315339,128
0.6238195945595582,128
0.6366653249685843,128
0.6482310037215431,128
0.7077753695746143,128
0.7625641453166683,128
0.81133699818451,128
0.7964661291887243,128
-0.2333670684049646,128
0.1000728384154291,129
0.1966799409280585,129
0.291259717900147,129
0.3856755457581206,129
0.4249326301245213,129
0.5190358561975883,129
0.5449811974403912,129
0.6203665742514187,129
0.6925324732301289,129
0.7084061382201964,129
0.7809934420374686,129
0.7963950168204957,129
0.8627648409319574,129
0.8698618532953316,129
0.8709619290757457,129
0.8636769497397819,129
-0.1580522811409553,129
0.1000728384154291,130
0.1966799409280585,130
0.291259717900147,130
0.3844010845099767,130
0.4764267333632352,130
0.567540774432524,130
0.6033840621026766,130
0.6935596928097065,130
0.7831464083384545,130
2.207459744711185,130
4.2513797481989375,130
4.348741515164859,130
5.834459319448164,130
7.320258548692518,130
7.414727186993414,130
9.308318387045745,130
9.38913872362442,130
10.86854877592392,130
12.523052840701896,130
12.616352728776294,130
13.353322370599155,130
13.451809135347888,130
13.549981330969564,130
15.542269624619992,130
15.64332103729319,130
17.300698952181722,130
17.39093110094824,130
19.376635046108152,130
19.47118546198168,130
21.35959972570696,130
23.76301635931292,130
23.8636030344204,130
26.21434370557824,130
26.31724477688828,130
28.90856696049729,130
29.014715225799467,130
29.11688537280121,130
32.164678761167906,130
34.92749948184051,130
35.03698785732546,130
38.623374061091326,130
40.68985185553032,130
42.88612661291557,130
43.00724130456987,130
45.32656505866825,130
47.528888383619375,130
49.03835206595237,130
49.16129085363,130
49.28402908778767,130
51.19910110199805,130
51.32226838115103,130
51.44522627234457,130
53.5147862888491,130
55.02504617308881,130
55.14766000573989,130
57.06264725570811,130
57.1857542841471,130
57.30870271435538,130
58.81830331824642,130
60.04047338738919,130
60.163901880933615,130
60.28716484211916,130
61.50926936725611,130
62.73163551074234,130
62.85529230026294,130
64.3656270267704,130
64.48955835161651,130
64.61334909759024,130
66.81736069217666,130
66.94181922502423,130
68.67616820877001,130
70.35596415995676,130
70.48122021153573,130
72.34376515036128,130
72.41448207356915,130
72.48513137741435,130
72.6106637230241,130
74.47346688425093,130
74.59943001980139,130
76.97385304348661,130
79.12578481225798,130
79.25317426301956,130
80.76713861018165,130
80.8349220460402,130
80.95762963064546,130
81.08029004072631,130
82.99531560073274,130
83.81189940361087,130
86.33431525682323,130
87.50270269491122,130
87.62745017310097,130
87.75210679583151,130
89.48665580545706,130
89.60423499597972,130
90.76578933431522,130
90.82802952707682,130
90.94523628607962,130
91.06239743567752,130
91.12451338815607,130
91.24154578226914,130
0.1000728384154291,131
0.1966799409280585,131
0.2942489029039251,131
0.3961051160390479,131
0.4996436903572767,131
0.6146951901404758,131
0.6607672898369545,131
0.7012794269519562,131
0.7926960615711922,131
0.8831651238995308,131
0.9811651287871116,131
1.0791651336746926,131
1.173699396689486,131
1.2179493969577069,131
1.2621993972259278,131
1.306449397494149,131
1.3987679248946423,131
1.48602844684298,131
2.2186759254234545,131
3.65934295861895,131
3.7687156265872233,131
3.823088291128229,131
3.920948031385493,131
3.976907975067448,131
4.084402187754463,131
4.196165806640934,131
4.252929433276009,131
4.309693059911083,131
4.366456686546158,131
4.423220313181233,131
4.479983939816307,131
4.536747566451382,131
4.5935111930864565,131
4.650274819721531,131
4.762038438608002,131
5.5140704801576845,131
5.6279553165930025,131
5.686840149601053,131
5.745724982609104,131
5.804609815617155,131
5.91044745876367,131
5.96605323537166,131
6.021659011979651,131
6.077264788587641,131
6.132870565195631,131
6.1884763418036215,131
6.244082118411612,131
6.299687895019602,131
6.355293671627592,131
6.410899448235583,131
6.511108021278929,131
6.566713797886919,131
7.779210913022112,131
8.939492928822588,131
9.056162650724003,131
9.117832376648735,131
9.22033603398974,131
10.376098944832634,131
10.495180948664498,131
10.559262952794384,131
10.670297763337445,131
12.34786619900639,131
12.457133836139988,131
14.605725354542088,131
17.135944194187473,131
18.824462718357395,131
18.958543351878475,131
19.074569403220963,131
20.930992304374527,131
21.046230620731663,131
23.749551362385105,131
26.53105747036637,131
29.554794415458417,131
29.684092048340247,131
30.857807488481924,131
32.59835935749213,131
32.72643276337886,131
34.18641972882864,131
34.31488630597469,131
34.44260983062348,131
36.51728769041265,131
36.64482181755134,131
38.56462336991288,131
38.69144690390189,131
40.96165656858814,131
42.64448122494749,131
42.77248858869785,131
42.8995565860919,131
45.66700159183623,131
47.53286049605974,131
48.993642991238126,131
49.11969663750707,131
49.19084831056335,131
49.31623622812226,131
50.82828605301306,131
50.95346091947823,131
51.76798007380493,131
51.83427188553402,131
51.900484800162594,131
52.02133907053464,131
0.1000728384154291,132
0.2128364636705944,132
0.3206070274824192,132
0.4283775912942439,132
0.532682419203269,132
0.5909460444584342,132
0.6492096697135995,132
0.7624732949687648,132
0.8757369202239301,132
0.9845005404813078,132
1.0955141615731503,132
1.2065277826649932,132
1.3120483440024642,132
1.4113874342901496,132
2.560901871011952,132
2.6605402213198928,132
2.6959318612379817,132
4.178665945367316,132
4.274549530879954,132
5.419622110263804,132
6.1631598938865455,132
6.278947690562704,132
6.394735487238863,132
6.455523284213045,132
6.559798160628775,132
8.007250467376211,132
8.127631159560183,132
9.988753767744996,132
11.853129001395205,132
14.328347774283388,132
14.447475994066696,132
17.084225261644818,132
17.204660410122372,132
19.982485288815,132
20.104270624057747,132
22.534823632066395,132
22.662421007220228,132
25.68551136704028,132
25.818626434723207,132
29.04990386186253,132
31.152669250836084,132
31.309524490754324,132
31.466379730672564,132
31.623234970590804,132
33.167023286030755,132
33.324517240350815,132
33.466120925519135,132
33.60569728514692,132
33.74194876325673,132
36.92358431778503,132
37.75331264082697,132
39.49860646408845,132
39.63340019723064,132
40.46019275434594,132
40.59251382864057,132
42.61582721285404,132
44.35767024755625,132
44.48934804937768,132
45.71960658454174,132
45.85058934944014,132
47.77349217609843,132
47.90415421277476,132
49.98112094350489,132
50.111775617587455,132
50.24202070605768,132
52.62072059796775,132
52.75143035209373,132
52.88171195255276,132
55.03710902460088,132
56.55462296192973,132
56.68210222534714,132
56.809381394244745,132
56.93635744003326,132
58.855520973409774,132
60.369463096226816,132
62.10688942072074,132
64.02710474255318,132
64.15533879499719,132
64.28337499769276,132
65.797953899957,132
65.92595147711135,132
67.44042597500608,132
69.36082012190751,132
69.48922397392674,132
70.31077911576286,132
70.43897097692427,132
71.6658473325924,132
71.79404263045869,132
71.92212865245239,132
72.05010773582671,132
72.17790732889546,132
74.09789657658818,132
74.22596065941721,132
74.35381388479128,132
74.48145675409575,132
77.31302519707934,132
79.22887341506207,132
80.39681814707669,132
80.52104841891396,132
82.20016559296421,132
0.1000728384154291,133
0.1966799409280585,133
0.2397254538029467,133
0.3390994825065,133
0.4394287873938669,133
0.542055753928126,133
0.6299325669765283,133
0.7260418432812361,133
0.8174303445081381,133
0.9080234292010932,133
2.045320701883284,133
3.4737094166736275,133
3.515262742624727,133
3.556327876732793,133
3.651948270485845,133
3.692160275862661,133
3.7319947454194695,133
3.771478195772615,133
3.810633656666723,133
3.8494813266257912,133
3.888039064691511,133
3.9263227555017135,133
3.964346652017084,133
4.002123584137407,133
4.039665174768415,133
4.131982010887113,133
4.169083763943163,133
4.20597929982945,133
4.241840400830951,133
4.332556569115368,133
4.3681318770210416,133
4.40357019110128,133
4.493875161842552,133
4.529050258086172,133
4.619098764942136,133
4.654023808525053,133
4.688828365043846,133
4.723515269444433,133
4.758087226287571,133
4.792546817199436,133
4.881896519200054,133
4.916138683543649,133
4.950275582359281,133
4.984309383765903,133
5.018242173926082,133
5.052075949595419,133
5.085812633023706,133
5.119454075680223,133
5.153002058253732,133
5.241458301530328,133
5.274824445233789,133
5.30810209094092,133
5.336070616827455,133
5.364010158092824,133
5.391920880512443,133
5.419802949861732,133
5.4476565281908185,133
5.47548177754983,133
5.50327885812625,133
5.531047928244916,133
5.558789142505375,133
5.586502655507174,133
5.614188619987217,133
5.641847188682404,133
5.669478508741704,133
5.697082729176727,133
5.724659995273796,133
5.7522104504565865,133
5.779734240011421,133
5.80145818284258,133
6.51456487467989,133
6.536236460418549,133
7.309152598590699,133
8.029666538448183,133
8.057007539183942,133
8.13932296922907,133
8.166612950251547,133
8.193877614201156,133
8.221117089600412,133
8.24833150124654,133
8.27552097579941,133
8.357685643346159,133
8.384825612516252,133
8.411941011534182,133
8.439031959609238,133
8.521098584965912,133
9.290541202859131,133
9.311836672113389,133
9.334745246083584,133
10.053634303719846,133
10.07930457508668,133
10.104904257790295,133
10.130434333444684,133
10.15589575944945,133
10.181289463401882,133
10.20661635054752,133
10.922188946143834,133
12.043204852477755,133
12.761591204539982,133
12.786765574575512,133
0.1000728384154291,134
0.1966799409280585,134
0.291259717900147,134
0.3317511026562054,134
0.4276593954569589,134
0.5208548934466135,134
0.5448668741888296,134
0.6224025481647741,134
0.6949314915842306,134
0.7651103281683218,134
0.7810185079730045,134
0.7937043479910981,134
0.8026401608518254,134
0.8067714374779653,134
0.8045368265162152,134
0.7934663906495016,134
-0.2326068267424661,134
0.1000728384154291,135
0.2081928663930287,135
0.3232443661762277,135
0.3837958659594268,135
0.4993473657426259,135
0.614898865525825,135
0.717553158705337,135
0.8233751077432595,135
0.9299678101803184,135
0.9824721204013468,135
1.088294069439269,135
3.543423692852356,135
6.179114212332602,135
8.896349880182667,135
12.165594403149798,135
15.749269793906317,135
15.902423716080486,135
16.000577638254658,135
16.098731560428828,135
16.196885482602998,135
16.295039404777167,135
16.393193326951337,135
16.546347249125507,135
16.644501171299677,135
16.742655093473847,135
16.840809015648016,135
16.938962937822186,135
17.037116859996356,135
17.135270782170526,135
17.233424704344696,135
17.331578626518866,135
17.429732548693035,135
17.527886470867205,135
17.626040393041375,135
17.724194315215545,135
17.822348237389715,135
17.920502159563885,135
18.01865608173805,135
18.116810003912224,135
18.214963926086394,135
18.313117848260564,135
18.466271770434734,135
18.564425692608904,135
18.66257961478308,135
18.815733536957243,135
18.913887459131413,135
19.012041381305583,135
19.110195303479752,135
19.20834922565392,135
19.30650314782809,135
19.404657070002266,135
19.502810992176432,135
19.6009649143506,135
19.69911883652477,135
19.79727275869894,135
19.89542668087311,135
19.99358060304728,135
20.09173452522145,135
20.18988844739562,135
20.28804236956979,135
20.38619629174396,135
20.48435021391813,135
20.5825041360923,135
20.68065805826647,135
20.77881198044064,135
20.87696590261481,135
20.97511982478898,135
21.12827374696315,135
21.22642766913732,135
21.32458159131149,135
21.42273551348566,135
21.52088943565983,135
21.619043357834,135
21.71719728000817,135
21.81535120218233,135
21.913505124356508,135
22.01165904653068,135
22.109812968704848,135
22.262966890879017,135
22.361120813053187,135
22.45927473522736,135
22.612428657401527,135
22.710582579575696,135
22.808736501749863,135
22.90689042392404,135
23.00504434609821,135
23.103198268272376,135
23.201352190446546,135
23.354506112620715,135
23.507660034794885,135
23.60581395696905,135
23.703967879143224,135
23.802121801317394,135
23.900275723491564,135
23.99842964566573,135
24.096583567839904,135
24.19473749001408,135
24.292891412188244,135
24.446045334362413,135
24.544199256536583,135
0.1000728384154291,136
0.1966799409280585,136
0.291259717900147,136
0.3294010845099767,136
0.3664267333632353,136
0.4575407744325241,136
0.5314046681798539,136
2.1736769021428666,136
4.057611161557539,136
4.1495623976863465,136
4.241459281829699,136
5.380282433418139,136
5.475690396217211,136
5.514093404350384,136
5.552615465310915,136
5.591259484825238,136
5.630028510180815,136
5.668925748852595,136
5.707954572228297,136
5.747118541685446,136
5.784920891461476,136
5.822942254779442,136
5.916192670998677,136
5.954683126596316,136
6.048425743070944,136
6.087433902261361,136
6.126722508756026,136
6.166308233229025,136
6.206209851143464,136
6.245666319218977,136
6.285552499530419,136
6.32195454993616,136
6.3587113560117325,136
6.39585002669464,136
6.433402156171902,136
6.524063011345967,136
6.560108674404725,136
6.596571245876654,136
6.633488675294026,136
6.67090652295719,136
6.70888049685727,136
6.802480285701855,136
6.8417955801762185,136
6.881946144340142,136
6.923100063291892,136
6.965510556188925,136
7.0046382673956,136
7.047820629266604,136
7.097934463707312,136
7.14804829814802,136
7.198162132588728,136
7.2482759670294366,136
7.298389801470145,136
7.348503635910853,136
7.398617470351561,136
7.448731304792269,136
7.498845139232977,136
7.548958973673685,136
7.599072808114394,136
7.649186642555102,136
7.69930047699581,136
7.749414311436518,136
7.799528145877226,136
7.8496419803179345,136
7.899755814758643,136
7.949869649199351,136
7.999983483640059,136
8.050097318080766,136
8.100211152521474,136
8.150324986962183,136
8.20043882140289,136
8.250552655843599,136
8.300666490284307,136
8.350780324725015,136
8.400894159165723,136
8.451007993606432,136
8.50112182804714,136
8.551235662487848,136
8.656349496630533,136
8.706463331071241,136
8.756577165511949,136
8.806690999952657,136
8.856804834393365,136
8.906918668834074,136
8.957032503274782,136
9.00714633771549,136
9.057260172156198,136
9.107374006596906,136
9.157487841037614,136
9.207601675478324,136
9.25771550991903,136
9.30782934435974,136
9.357943178800449,136
9.408057013241155,136
9.458170847681863,136
9.508284682122571,136
9.55839851656328,136
9.608512351003988,136
9.658626185444696,136
9.708740019885404,136
0.1000728384154291,137
0.1416799409280584,137
0.181259717900147,137
0.2744010845099767,137
0.3664267333632353,137
0.4025407744325241,137
0.4789046620159563,137
0.4941996748699959,137
0.5600263442053612,137
0.6247404481425103,137
0.6903645808949288,137
2.3202466781391915,137
4.807438116814119,137
4.896212529684526,137
6.781262945677263,137
9.021807980085832,137
11.426758598829728,137
14.31792017142425,137
17.27160287642387,137
20.518523350905124,137
22.53441347411876,137
24.803021166207017,137
26.821359241894257,137
29.535032874467905,137
32.06388505739645,137
32.139557885151405,137
32.21134074676663,137
32.28308056650918,137
32.40977771173947,137
32.48143254360018,137
32.6080454171727,137
32.67961668162853,137
32.751146680375584,137
32.81941990048368,137
32.887511753557845,137
33.01042858876414,137
33.13317632572924,137
33.200760496707304,137
33.2681862834021,137
33.33545854926518,137
33.40258186794424,137
33.461849015624324,137
33.576116163304405,137
33.63538331098449,137
33.69465045866457,137
33.75391760634465,137
33.81318475402473,137
33.872451901704814,137
33.931719049384895,137
34.04598619706498,137
34.10525334474506,137
34.16452049242514,137
34.27878764010522,137
34.3380547877853,137
34.397321935465385,137
34.45658908314547,137
34.56550752123355,137
34.61941550999703,137
34.669435515814875,137
34.71945552163272,137
34.76947552745056,137
34.8194955332684,137
34.869515539086244,137
34.919535544904086,137
34.96955555072193,137
35.01957555653977,137
35.06959556235761,137
35.119615568175455,137
35.1696355739933,137
35.21965557981114,137
35.26967558562898,137
35.3089953131988,137
35.34831504076862,137
35.38763476833844,137
35.426954495908255,137
35.46339669004225,137
35.49983888417625,137
35.536281078310246,137
35.57272327244424,137
35.60863271653795,137
35.64455263242268,137
35.680483042450184,137
35.71642396524691,137
35.75237542688989,137
35.78833744973087,137
35.82431005239629,137
35.8602932609632,137
35.89628709405803,137
35.93229157775783,137
35.968306734414334,137
36.05933258608126,137
36.0953691557064,137
36.18641646504545,137
36.22247454077148,137
36.258543404938216,137
36.2946230798974,137
36.33071358800077,137
36.360736343266005,137
36.390737547726864,137
36.420717294515605,137
0.1000728384154291,138
0.2151243381986281,138
0.3301758379818272,138
0.4452273377650263,138
0.5602788375482254,138
0.6753303373314244,138
1.837529017800414,138
1.9561154096012936,138
4.564350530374609,138
7.000096249057423,138
9.334440514384791,138
11.67213211919369,138
14.401013985067571,138
17.25775357753706,138
20.188338246490307,138
21.727786529784368,138
21.825940451958537,138
21.979094374132707,138
22.07724829630688,138
22.175402218481047,138
22.273556140655216,138
22.426710062829383,138
22.57986398500356,138
22.678017907177725,138
22.77617182935189,138
22.874325751526065,138
22.972479673700235,138
23.125633595874405,138
23.27878751804857,138
23.376941440222744,138
23.47509536239692,138
23.628249284571083,138
23.726403206745253,138
23.824557128919423,138
23.9227110510936,138
24.020864973267763,138
24.119018895441933,138
24.217172817616103,138
24.315326739790272,138
24.41348066196444,138
24.51163458413861,138
24.609788506312785,138
24.70794242848695,138
24.80609635066112,138
24.90425027283529,138
25.00240419500946,138
25.10055811718363,138
25.1987120393578,138
25.29686596153197,138
25.45001988370614,138
25.54817380588031,138
25.64632772805448,138
25.74448165022865,138
25.89763557240282,138
25.99578949457699,138
26.09394341675116,138
26.19209733892533,138
26.2902512610995,138
26.38840518327367,138
26.48655910544784,138
26.58471302762201,138
26.68286694979618,138
26.781020871970348,138
26.87917479414452,138
26.977328716318688,138
27.075482638492858,138
27.173636560667028,138
27.2717904828412,138
27.369944405015367,138
27.468098327189537,138
27.566252249363707,138
27.66440617153788,138
27.762560093712047,138
27.860714015886217,138
27.958867938060383,138
28.05702186023456,138
28.15517578240873,138
28.253329704582896,138
28.351483626757062,138
28.44963754893124,138
28.547791471105405,138
28.64594539327957,138
28.744099315453745,138
28.842253237627915,138
28.940407159802085,138
29.03856108197625,138
29.136715004150425,138
29.234868926324594,138
29.333022848498764,138
29.43117677067293,138
29.529330692847104,138
29.62748461502128,138
29.780638537195443,138
29.878792459369613,138
30.031946381543783,138
30.13010030371796,138
30.228254225892123,138
30.32640814806629,138
30.424562070240466,138
30.522715992414632,138
0.1000728384154291,139
0.1923612428559448,139
0.2828110233958339,139
0.367919482391653,139
0.4539714009578799,139
0.4841515497382259,139
0.5135895983393763,139
0.5973815918977832,139
0.6806015298779582,139
0.6962669958438252,139
0.7633312066163396,139
1.5315712411965705,139
2.6550843437280034,139
4.126104923066077,139
4.210989812489924,139
4.24103865223783,139
4.271257000144896,139
4.30165080549973,139
4.332226449724612,139
4.362990794804272,139
4.393951242890534,139
4.425115799632248,139
4.456493156131682,139
4.488092770900902,139
4.519924985345778,139
4.552001150425848,139
5.966829450901923,139
7.386418493565497,139
7.419933522221026,139
7.453679008510289,139
7.487666087325987,139
7.576907025751051,139
7.611415410515246,139
7.646206354823288,139
7.681296790119585,139
9.158795321461138,139
9.195259379323897,139
10.38245563405412,139
10.471329616483626,139
10.505511390146191,139
11.639665590700089,139
11.67573429467934,139
11.712391914900715,139
11.749717192825257,139
11.787813222136672,139
11.881820863213717,139
11.919694220748124,139
11.959005987372574,139
12.00034507932919,139
12.045149905708012,139
12.098913533713992,139
12.152677161719977,139
12.206440789725956,139
12.260204417731938,139
12.31396804573792,139
12.422731665995297,139
12.531495286252676,139
12.585258914258656,139
12.639022542264636,139
12.69278617027062,139
12.7465497982766,139
12.800313426282582,139
12.854077054288563,139
12.907840682294545,139
12.961604310300526,139
13.015367938306508,139
13.069131566312487,139
13.12289519431847,139
13.176658822324452,139
13.230422450330432,139
13.339186070587813,139
13.392949698593792,139
13.446713326599774,139
13.500476954605755,139
13.609240574863133,139
14.362939255206276,139
16.03777416807398,139
17.49268842908882,139
19.511913703182497,139
21.58999727501679,139
23.80531732550152,139
26.086949465356923,139
28.426616497230007,139
31.08275654731073,139
34.1194458592635,139
35.58987515208795,139
35.67014413435134,139
35.74825920203427,139
35.824873746754946,139
35.90033567318256,139
35.974861541899735,139
36.048599265895895,139
36.12165632902043,139
36.19411438614591,139
36.26603758267362,139
36.33440717837672,139
36.40281340428029,139
36.52625653072034,139
36.59473683205283,139
36.66325458674397,139
0.1000728384154291,140
0.1966799409280585,140
0.291259717900147,140
0.3844010845099767,140
0.4176348378694107,140
0.5056275807197554,140
0.593564195394549,140
0.6810003927765576,140
0.7682496524982081,140
0.8508140809468852,140
1.6281985409192667,140
1.6573258984468804,140
1.7413457233093603,140
1.8249571594975813,140
3.245684650876366,140
3.334563297369324,140
4.117881757356964,140
5.253475529291474,140
6.445635658838593,140
6.538614464142166,140
8.019703698494279,140
8.114008736946428,140
8.208464381434762,140
9.407348127848556,140
9.50725629736636,140
9.602000793413856,140
9.696836901800372,140
12.195239735738973,140
12.295242814318874,140
14.594856290118434,140
16.728230798798073,140
18.44771846323693,140
20.63907844489487,140
20.75058207425372,140
21.555382903821748,140
23.40503262918968,140
23.517522671791173,140
25.77408187005529,140
28.45582759930135,140
29.26578306983905,140
29.3275284723182,140
29.44397097036788,140
30.198712642281613,140
30.31507559569212,140
30.43126012641575,140
30.547272382618967,140
30.66301008271277,140
30.72378132647715,140
30.78439697828793,140
30.89986173415164,140
30.960180014894387,140
31.075355989662803,140
31.190426646990385,140
32.63743737846289,140
32.69822684979851,140
32.813864320157606,140
32.874576770136684,140
32.99018260626842,140
33.10562653535264,140
33.166149575415034,140
33.281571561908976,140
33.39689449680475,140
33.51214677938881,140
33.62724595068147,140
33.74240572210793,140
34.49602284810026,140
34.61139755255779,140
36.464512591901126,140
36.58073828458439,140
37.79597147661436,140
37.90008384841669,140
39.89698810237635,140
42.99600214618433,140
44.89809460300196,140
45.0127588207339,140
45.12732510279946,140
46.62884233859464,140
46.74397888672757,140
47.55257944293967,140
47.66790006743135,140
49.17015346533857,140
49.28604202778215,140
49.40178561173686,140
50.56159679798704,140
50.67772448099904,140
50.79383858442638,140
50.90992024653959,140
51.02595096987442,140
51.137063571929495,140
51.248069287955325,140
53.15656247330474,140
53.26841925425099,140
54.99029122633504,140
55.10266835583018,140
55.21542493594455,140
56.659424226410856,140
56.77208622140454,140
56.88468683851527,140
57.635654221899976,140
57.74844640833901,140
0.1000728384154291,141
0.1971799409280585,141
0.292259717900147,141
0.3309010845099767,141
0.4234267333632353,141
0.515040774432524,141
0.5508840621026766,141
0.6410596928097065,141
0.7306464083384545,141
1.4599231361067695,141
3.164415849839458,141
3.258896773565084,141
4.453763120640591,141
4.549501257866813,141
4.64477176480298,141
4.739614660871956,141
5.525763433800059,141
5.6185283692946895,141
5.6560673448183625,141
5.7483901319467625,141
5.840410451059432,141
5.877296325671019,141
5.968933392734812,141
6.060417484195713,141
6.151753141750714,141
6.240564318750579,141
6.329312714656568,141
6.362999107996564,141
6.451624258226179,141
6.485188906421124,141
6.518693775936468,141
6.607114468379493,141
6.692302812500472,141
6.723475954173679,141
6.754592870040412,141
6.78565418594944,141
6.8715906950222205,141
7.5976877423511695,141
9.581047913669224,141
9.673335185884111,141
9.765826782821293,141
11.941858849166508,141
14.290070614455814,141
14.390416948734398,141
17.00397667163479,141
19.13389047855007,141
21.955868536906472,141
24.71184945993747,141
24.82848139400729,141
27.340597776399928,141
30.34821932940393,141
30.46608509864045,141
32.1391583798212,141
32.95111017105939,141
33.069770581752145,141
33.188206189565115,141
34.4056651767624,141
35.16292634023423,141
35.26746223284001,141
35.371915170681426,141
35.477132538092086,141
38.363909700643966,141
38.47233702404494,141
41.01794637300428,141
41.12346429683622,141
43.3729750619119,141
45.917364998086526,141
47.64223437917923,141
47.75750428801145,141
49.25978401253204,141
49.37569317817644,141
49.436560174896194,141
49.55235274332888,141
50.30188562172777,141
50.35822465840108,141
50.46528464380032,141
53.22809177461392,141
53.97624718967206,141
54.08619223359353,141
54.19607489380366,141
54.30581670078761,141
56.30752949985988,141
56.36329060244686,141
56.47063193667061,141
59.62667332041389,141
61.63009271967537,141
63.29770825255043,141
63.4108134155286,141
64.6229282264722,141
64.73638636815673,141
64.84980052161342,141
64.89900132465488,141
64.94822417023903,141
64.99746915894872,141
65.10165532875186,141
67.9260927085889,141
70.75366982269412,141
70.8636386339677,141
70.90902603986984,141
70.9544355218423,141
0.1000728384154291,142
0.1966799409280585,142
0.291259717900147,142
0.3844010845099767,142
0.4764267333632352,142
0.513040774432524,142
0.6038840621026766,142
2.0263131468805087,142
2.116749031773449,142
2.2075719072731745,142
4.871885223618389,142
4.970737425914646,142
8.214591710201145,142
11.831528632274509,142
15.57057437843394,142
19.554359631063218,142
22.19854539501601,142
24.4123481692534,142
24.545840492834724,142
26.28857224178427,142
26.42118918431198,142
26.553474962732523,142
26.6854729341735,142
28.42722486049847,142
28.557249876188862,142
31.08627421551022,142
31.21730196144361,142
31.3481571914966,142
31.478775858982768,142
34.00836084459746,142
34.13973836811908,142
36.67017041321947,142
36.80271581365134,142
36.93526985712771,142
37.067836893248895,142
37.200288193384125,142
37.317925648847535,142
37.435580344954445,142
38.65214595393272,142
38.7697151471767,142
40.96361001030536,142
43.853994445959046,142
43.96606793449254,142
45.122648978689625,142
45.2355112676415,142
45.34817409710021,142
47.01614511207672,142
48.73992562488647,142
50.40945851997466,142
50.52444298760028,142
52.19151754871936,142
52.249147387305214,142
52.36151652977796,142
55.24899058983655,142
56.46284478352399,142
56.57773415193887,142
59.58532539949746,142
61.44003860102029,142
61.5578528066072,142
62.31431925491424,142
64.04129529193969,142
64.15860641197295,142
65.37445283130737,142
65.4914394934568,142
68.03157034710975,142
68.08673633084626,142
68.14184490785928,142
68.25189672605129,142
68.36188573584886,142
68.47181932822795,142
68.52458427668543,142
68.57735806525679,142
68.63014071256848,142
68.68293223352165,142
68.79060093880625,142
71.37760154725046,142
73.82545916558237,142
73.8704576772544,142
73.97044969172211,142
74.07030717105599,142
76.31361285419197,142
78.44135419101448,142
80.43730095596047,142
83.1294267532322,142
85.95798686713906,142
86.01395817668171,142
86.06992948622437,142
86.12590079576702,142
86.18187210530968,142
86.29284342200489,142
86.3473734428081,142
88.70108099476428,142
88.80716000691982,142
91.4808512796554,142
94.36495839253992,142
94.42146850571962,142
94.47797041581006,142
94.58943151132198,142
94.70075034544796,142
95.85611712382168,142
0.1000728384154291,143
0.1971799409280585,143
0.2940430926198407,143
0.3900344773758991,143
0.4305493112329357,143
0.5253851373841771,143
0.5648390986414956,143
0.658736931723263,143
0.752504887373014,143
0.8463373600469446,143
0.8860944444133453,143
0.916612342913311,143
0.9480237001372984,143
1.0332967871619871,143
2.457828127761047,143
2.498164282162349,143
2.5928874248458555,143
2.63796062858836,143
2.695023310352724,143
2.752085992117088,143
2.8091486738814524,143
2.921211351622503,143
2.978274033386868,143
3.090336711127918,143
4.538300783355396,143
4.654970505256813,143
6.376885869522255,143
7.831271030922096,143
9.98298225643174,143
12.41684923412339,143
14.8995109986723,143
17.18449047800923,143
19.84089374008957,143
22.292402980511312,143
22.441327127939008,143
22.590251275366704,143
25.326277793866225,143
27.03367660743384,143
27.18663750856734,143
29.23182500569228,143
29.382636617859102,143
31.60678222270006,143
33.89029347630305,143
34.02498782458605,143
35.89672180622994,143
36.02827042359123,143
37.9520142627546,143
38.7751873182317,143
40.0032645508884,143
40.131963996339074,143
40.95352889977404,143
41.08114594695834,143
41.90189475176437,143
42.02917158652908,143
42.15600725353946,143
42.28231515837075,143
43.04682137219691,143
43.17303476409851,143
43.299106637119294,143
43.425040886773125,143
43.49362024285772,143
43.61697000337099,143
45.07214753711037,143
45.140882450889606,143
45.20884117663713,143
45.276684512648245,143
45.34441506192224,143
45.4120353126059,143
45.534465290628255,143
46.2952700483167,143
46.41781462628562,143
46.485248702519534,143
46.55257466643339,143
46.61979480629128,143
46.74191131549658,143
46.80892629837108,143
46.93084177547399,143
47.05237335969674,143
48.7841228905401,143
48.85138484714154,143
48.91859763034709,143
48.98576171905534,143
49.05287758292679,143
49.10639578880791,143
49.15994038092021,143
49.21351149709944,143
49.267109278906624,143
49.320733871628086,143
49.37438542055015,143
49.42806406723384,143
49.48176996441607,143
49.53550325738315,143
49.58926409887199,143
49.69805264132146,143
49.80686904149179,143
49.91571344839458,143
50.02455785529737,143
50.07840226249818,143
50.13224666969899,143
50.24100751088981,143
0.1000728384154291,144
0.1966799409280585,144
0.291259717900147,144
0.3856755457581206,144
0.4804248304885876,144
0.5217879821803698,144
0.6046721510782166,144
0.687097809786675,144
0.719945249148754,144
0.7565287605199842,144
0.8556326588750958,144
0.9004522895575642,144
0.9452719202400326,144
0.990091550922501,144
1.0799248477579235,144
1.122924845492947,144
1.8625310471416592,144
1.9089901110292555,144
2.6514436861635327,144
2.701998248523581,144
2.752552810883629,144
2.803107373243677,144
2.853661935603726,144
2.904216497963774,144
3.009771063751089,144
3.060325626111138,144
3.110880188471186,144
3.1614347508312344,144
3.2119893131912827,144
3.262543875551331,144
3.31309843791138,144
3.363653000271428,144
3.414207562631476,144
3.464762124991524,144
3.5153166873515724,144
3.5658712497116207,144
3.671425815498936,144
3.721980377858984,144
3.7725349402190327,144
3.823089502579081,144
3.873644064939129,144
3.9241986272991776,144
4.029753193086493,144
4.080307755446541,144
4.1308623178065895,144
4.181416880166638,144
4.286971445953953,144
4.3375260083140015,144
4.38808057067405,144
4.438635133034098,144
4.489189695394146,144
4.539744257754195,144
4.590298820114243,144
4.640853382474291,144
4.746407948261607,144
4.796962510621655,144
4.847517072981703,144
4.898071635341752,144
4.9486261977018,144
4.999180760061848,144
5.049735322421896,144
5.100289884781945,144
5.150844447141993,144
5.201399009502041,144
5.2519535718620896,144
5.302508134222138,144
5.408062700009453,144
5.4586172623695015,144
5.50917182472955,144
5.559726387089598,144
5.610280949449646,144
5.660835511809695,144
5.711390074169743,144
5.761944636529791,144
5.81249919888984,144
5.863053761249888,144
5.913608323609936,144
6.019162889397252,144
6.0697174517573,144
6.120272014117348,144
6.170826576477396,144
6.221381138837445,144
6.271935701197493,144
6.322490263557541,144
6.37304482591759,144
6.423599388277638,144
6.529153954064953,144
6.5797085164250015,144
6.63026307878505,144
6.680817641145098,144
6.731372203505146,144
6.836926769292462,144
6.88748133165251,144
6.938035894012558,144
6.988590456372607,144
7.039145018732655,144
7.089699581092703,144
7.140254143452752,144
7.1908087058128,144
7.296363271600115,144
0.1000728384154291,145
0.1966799409280585,145
0.291259717900147,145
0.3844010845099767,145
0.4806465837147079,145
0.5704364958193145,145
0.6608724626686416,145
0.7427734914209686,145
2.223287779369577,145
2.317090842404588,145
3.454035494008287,145
3.49557713372372,145
3.548631697424873,145
3.6016862611260256,145
3.709740824529155,145
4.865116782018169,145
4.921880408653244,145
4.978644035288318,145
5.035407661923393,145
5.092171288558467,145
5.148934915193542,145
5.205698541828617,145
5.262462168463691,145
5.319225795098766,145
5.37598942173384,145
5.432753048368915,145
5.48951667500399,145
5.546280301639064,145
5.603043928274139,145
5.71480754716061,145
5.771571173795684,145
5.828334800430759,145
5.8850984270658335,145
5.941862053700908,145
5.998625680335983,145
6.055389306971057,145
6.112152933606132,145
6.168916560241207,145
6.225680186876281,145
6.282443813511356,145
6.339207440146431,145
6.395971066781505,145
6.45273469341658,145
6.5644983123030505,145
6.621261938938125,145
6.6780255655732,145
6.734789192208274,145
6.846552811094745,145
6.90331643772982,145
6.960080064364894,145
7.016843690999969,145
7.073607317635044,145
7.185370936521514,145
7.242134563156589,145
7.298898189791664,145
7.355661816426738,145
7.412425443061813,145
7.469189069696887,145
7.525952696331962,145
7.582716322967037,145
7.639479949602111,145
7.696243576237186,145
7.75300720287226,145
7.809770829507335,145
7.86653445614241,145
7.923298082777484,145
7.980061709412559,145
8.036825336047634,145
8.093588962682709,145
8.150352589317784,145
8.207116215952858,145
8.263879842587933,145
8.320643469223008,145
8.377407095858082,145
8.434170722493157,145
8.490934349128231,145
8.547697975763306,145
8.60446160239838,145
8.661225229033455,145
8.772988847919926,145
8.829752474555,145
8.886516101190075,145
8.94327972782515,145
9.05504334671162,145
9.111806973346695,145
9.16857059998177,145
9.225334226616845,145
9.28209785325192,145
9.338861479886994,145
9.395625106522068,145
9.452388733157145,145
9.509152359792218,145
9.620915978678688,145
9.677679605313765,145
9.734443231948838,145
9.791206858583912,145
9.902970477470385,145
9.959734104105458,145
10.016497730740532,145
10.128261349627005,145
0.1000728384154291,146
0.1966799409280585,146
0.2887597219239043,146
0.3252344229410456,146
0.3605934069643782,146
0.4500407860766219,146
0.4697380089352893,146
0.5425330200384425,146
0.610359685976343,146
0.6841739365051555,146
2.559177274365263,146
4.899302835125761,146
7.583483094830351,146
10.819390988974938,146
14.523881482444835,146
17.48334707997288,146
20.093196602887435,146
20.162724012221183,146
20.286867846967027,146
20.355655448013508,146
20.42411051657278,146
20.49225379582684,146
20.56010359231592,146
20.68267618156258,146
20.74998612837784,146
20.87204654316512,146
20.93886928945007,146
21.06046515371333,146
21.18184398571509,146
21.24825834184497,146
21.369708476302826,146
21.436194646952707,146
21.494446290287595,146
21.55278134612228,146
21.61120122962776,146
21.669707404824383,146
21.728301387155657,146
21.786984746246063,146
21.84575910885971,146
21.904626162078348,146
21.963587656719582,146
22.02264541101832,146
22.08180131459728,146
22.126926396732483,146
22.22710746968285,146
22.32704592937723,146
22.427030046229515,146
22.472060248946104,146
22.51713696191207,146
22.562260624711666,146
22.60743168065444,146
22.652650584225807,146
22.75291780078903,146
22.798233796601448,146
22.898599055354747,146
22.94401406193272,146
22.98947932267681,146
23.03499534422652,146
23.080562648122463,146
23.12618176708117,146
23.17185324126974,146
23.217577625756416,146
23.26335548678533,146
23.309187401776462,146
23.355073963050994,146
23.40101577410594,146
23.4470134496142,146
23.493067622875127,146
23.53917894208924,146
23.583145779316578,146
23.68217855388418,146
23.726278141831312,146
23.770445451830778,146
23.814681411479864,146
23.858986978178176,146
23.95653129065529,146
23.99913909727827,146
24.041811209862384,146
24.081033748333606,146
24.120288965051326,146
24.15233656460539,146
24.23941728169218,146
24.271531329249296,146
26.608368620966825,146
28.84499810705081,146
31.66332291135684,146
34.940773578401696,146
38.44064628848902,146
40.299462259037725,146
40.36660836849146,146
40.48884572135314,146
40.55617601369365,146
40.62360100583467,146
40.69112252607017,146
40.81374247468101,146
40.88146282827215,146
40.94928564446524,146
41.01721306698412,146
41.14024733117503,146
41.20839077000896,146
0.1000728384154291,147
0.1971799409280585,147
0.292259717900147,147
1.7761545079322487,147
1.8724431155221224,147
1.9676935262881043,147
2.06271488937393,147
2.157736252459756,147
2.1982267093216703,147
2.2392348695782887,147
2.335820594270516,147
2.3780594198748286,147
2.406894954924267,147
2.436351980154198,147
2.4665188557252105,147
2.552822685872,147
2.585600509379786,147
2.6204776010259803,147
2.6590426890894587,147
2.693995497260969,147
2.736995494995993,147
2.7799954927310164,147
2.82299549046604,147
2.8659954882010634,147
2.908995485936087,147
2.9519954836711104,147
2.994995481406134,147
3.0379954791411574,147
3.080995476876181,147
3.1239954746112044,147
3.166995472346228,147
3.2099954700812514,147
3.3079954749688323,147
3.405995479856413,147
3.4489954775914367,147
3.49199547532646,147
3.534995473061484,147
3.577995470796507,147
3.675995475684088,147
3.718995473419112,147
3.761995471154135,147
3.80499546888916,147
3.9029954737767394,147
3.945995471511763,147
3.9889954692467855,147
4.03199546698181,147
4.074995464716833,147
4.117995462451857,147
4.16099546018688,147
4.203995457921904,147
4.246995455656927,147
4.289995453391951,147
4.387995458279532,147
4.430995456014555,147
4.473995453749579,147
4.57199545863716,147
4.6699954635247405,147
4.767995468412321,147
4.810995466147345,147
4.853995463882368,147
4.896995461617392,147
4.939995459352415,147
4.982995457087439,147
5.025995454822462,147
5.068995452557486,147
5.111995450292509,147
5.154995448027533,147
5.252995452915114,147
5.350995457802695,147
5.393995455537718,147
5.436995453272742,147
5.479995451007765,147
5.522995448742789,147
5.565995446477812,147
5.608995444212836,147
5.651995441947859,147
5.694995439682883,147
5.792995444570464,147
5.835995442305487,147
5.8789954400405104,147
5.976995444928091,147
6.019995442663115,147
6.117995447550696,147
6.160995445285719,147
6.203995443020743,147
6.246995440755766,147
6.28999543849079,147
6.332995436225813,147
6.430995441113394,147
6.4739954388484175,147
6.516995436583441,147
6.5599954343184645,147
6.602995432053488,147
6.645995429788512,147
6.743995434676092,147
6.786995432411116,147
6.884995437298697,147
6.92799543503372,147
6.970995432768744,147
7.013995430503767,147
0.1000728384154291,148
0.1966799409280585,148
0.291759717900147,148
0.3854010845099767,148
0.4229267333632353,148
0.5145407744325241,148
1.9956374855249488,148
2.089648715471408,148
3.223851935440829,148
4.350710527474216,148
5.773691793627283,148
5.864874990811453,148
5.955600612451444,148
6.046013056236477,148
6.081181549200664,148
6.116117442086676,148
6.205831076159833,148
6.295331912160897,148
6.383677686590995,148
7.858512486357536,148
9.559455837149468,148
9.596434148986187,148
9.63330989240512,148
9.670085131217087,148
9.753019399036017,148
11.171646899570074,148
12.872039384234991,148
14.575410551417914,148
14.660844660390463,148
14.746232791830147,148
14.831575370420063,148
14.861872800652232,148
14.946961180333345,148
17.062484518651214,148
18.76580907500192,148
20.416565076474395,148
22.06942130721017,148
23.906756178502288,148
26.03421069777414,148
28.656335056932043,148
31.480611344453887,148
34.4337277776205,148
36.44571994695941,148
36.56011277023524,148
36.619056662491225,148
36.73298298003668,148
36.792106102951536,148
36.84075052271105,148
39.58749277124621,148
42.595013624135575,148
45.49463882037854,148
45.56160093487299,148
45.62918144484836,148
45.69746777224522,148
45.76657619096859,148
45.823318069358905,148
45.88092332847937,148
45.9395728237234,148
45.9995438284479,148
46.11631624915226,148
46.1809321320854,148
46.2528092763625,148
46.33667590238674,148
46.42054252841099,148
46.55940914668663,148
46.64327577271088,148
46.727142398735126,148
46.81100902475937,148
46.89487565078362,148
46.97874227680786,148
47.11760889508351,148
47.20147552110775,148
47.285342147132,148
47.369208773156245,148
47.45307539918049,148
47.53694202520474,148
47.62080865122898,148
47.70467527725323,148
47.84354189552887,148
47.92740852155312,148
48.011275147577365,148
48.09514177360161,148
48.17900839962586,148
48.2628750256501,148
48.34674165167435,148
48.48560826994999,148
48.56947489597424,148
48.653341521998485,148
48.73720814802273,148
51.44912845176998,148
54.4906420709014,148
56.19725117110985,148
57.39362960871729,148
57.54639575765663,148
57.64416190659596,148
57.7419280555353,148
57.89469420447463,148
57.99246035341397,148
58.0902265023533,148
58.18799265129264,148
0.1000728384154291,149
0.2151243381986281,149
0.3301758379818272,149
0.4452273377650263,149
0.5602788375482254,149
0.6728303404316597,149
0.7679367111787491,149
0.8624831111893349,149
0.955899742411106,149
0.9918412687048608,149
1.0285128401384047,149
1.0619204016194037,149
1.146452237831085,149
1.1712219035044602,149
1.1898279664829663,149
1.1962470635563425,149
0.2406706437260202,149
0.1000728384154291,150
0.2151243381986281,150
0.3301758379818272,150
0.4452273377650263,150
0.5602788375482254,150
0.6753303373314244,150
0.7764024370279031,150
0.820664574886294,150
0.915081212094282,150
1.001279676209628,150
1.093534578210341,150
1.1259421413900723,150
1.154640641635882,150
1.1787436405333152,150
1.1968497043611874,150
1.2064012043314447,150
0.2561511747675409,150
0.1000728384154291,151
0.1966799409280585,151
0.3027726433651173,151
0.4074269354399171,151
0.510965509758146,151
0.6260170095413451,151
0.7270891092378238,151
0.8189831845122912,151
0.8685553505677321,151
0.97312752005044,151
1.077699689533148,151
1.127271855588589,151
1.231844025071297,151
1.9774207643825152,151
2.0298503286797143,151
2.082279892976913,151
2.189709456976089,151
2.298415461893711,151
2.4071214668113328,151
2.460827464576397,151
2.514533462341461,151
2.568239460106525,151
2.6219454578715897,151
2.675651455636654,151
2.729357453401718,151
2.7830634511667824,151
2.8367694489318467,151
2.9454754538494683,151
2.9991814516145325,151
3.0528874493795968,151
3.1615934542972184,151
3.215299452062282,151
3.269005449827347,151
3.322711447592411,151
3.376417445357476,151
3.43012344312254,151
3.483829440887604,151
3.537535438652668,151
3.5912414364177323,151
3.699947441335354,151
3.753653439100418,151
3.8073594368654815,151
3.861065434630546,151
3.914771432395611,151
3.968477430160675,151
4.022183427925739,151
4.130889432843361,151
4.184595430608425,151
4.238301428373489,151
4.292007426138554,151
4.400713431056175,151
4.509419435973797,151
4.563125433738861,151
4.616831431503925,151
4.67053742926899,151
4.724243427034054,151
4.777949424799118,151
4.831655422564182,151
4.885361420329247,151
4.939067418094311,151
4.992773415859375,151
5.046479413624439,151
5.100185411389504,151
5.208891416307125,151
5.317597421224747,151
5.426303426142368,151
5.480009423907433,151
5.533715421672497,151
5.587421419437561,151
5.641127417202625,151
5.69483341496769,151
5.748539412732754,151
5.802245410497818,151
5.855951408262882,151
5.9096574060279465,151
5.963363403793011,151
6.017069401558075,151
6.070775399323139,151
6.124481397088204,151
6.178187394853268,151
6.231893392618332,151
6.285599390383396,151
6.3393053881484605,151
6.393011385913525,151
6.446717383678589,151
6.500423381443653,151
6.554129379208717,151
6.607835376973782,151
6.661541374738846,151
6.71524737250391,151
6.768953370268974,151
6.877659375186596,151
6.93136537295166,151
6.9850713707167245,151
7.093777375634346,151
7.202483380551968,151
7.256189378317032,151
7.309895376082096,151
7.36360137384716,151
7.417307371612225,151
0.1000728384154291,152
0.1935406949211217,152
0.285118220757214,152
0.3710772678363003,152
0.4568974211918988,152
0.5423863291847386,152
0.6279397517549672,152
0.7141887381779828,152
0.7887043193089642,152
0.8082515936451831,152
0.8781824451046862,152
0.8946387566733041,152
0.9081013988810458,152
0.9180731181162276,152
0.9238094719233788,152
0.9237271865616652,152
0.9150441588620756,152
-0.1083569823046115,152
0.1000728384154291,153
0.1966799409280585,153
0.291259717900147,153
0.3849010845099767,153
0.4774267333632353,153
0.5129687959453191,153
0.6027702075671745,153
0.6919266585880743,153
0.725511918660525,153
0.7585846009153477,153
0.7911924008878799,153
0.8233748886676928,153
0.9101654232777772,153
0.9967613808066133,153
1.0283382906933658,153
1.0598962252252755,153
1.091435256142986,153
1.122955454646719,153
1.1544568914023592,153
1.1859396365474464,153
1.2724037596970788,153
1.2938892651014509,153
1.315374770505823,153
1.336860275910195,153
1.4133457813145671,153
1.4348312867189392,153
1.4500144018594254,153
1.465142671843059,153
1.480216691746572,153
1.489815534838178,153
1.5543964888230446,153
1.6189596174770888,153
1.6251754066496022,153
1.6313911958221157,153
1.692606984994629,153
1.7538227741671424,153
1.7600385633396558,153
1.7662543525121692,153
1.7724701416846826,153
1.833685930857196,153
1.8949017200297096,153
1.901117509202223,153
1.9073332983747364,153
1.9135490875472496,153
1.919764876719764,153
1.925980665892277,153
1.9871964550647905,153
1.993412244237304,153
1.999628033409817,153
2.0058438225823307,153
2.0120596117548444,153
2.018275400927358,153
2.024491190099872,153
2.0307069792723853,153
2.0919227684448987,153
2.0981385576174123,153
2.104354346789926,153
2.11057013596244,153
2.116785925134953,153
2.123001714307467,153
2.1292175034799805,153
2.135433292652494,153
2.141649081825008,153
2.147864870997521,153
2.154080660170035,153
2.1602964493425487,153
2.1665122385150624,153
2.172728027687576,153
2.2339438168600894,153
2.2951596060326027,153
2.3013753952051164,153
2.30759118437763,153
2.313806973550144,153
2.375022762722657,153
2.432297314923612,153
2.489589756231306,153
2.491900150879654,153
2.494228563565518,153
2.496575059453733,153
2.4878291178611303,153
2.4790831762685275,153
2.525337234675925,153
2.516591293083322,153
2.50784535149072,153
2.4990994098981165,153
2.4903534683055137,153
2.481607526712911,153
2.472861585120308,153
2.4641156435277054,153
2.455369701935102,153
2.4466237603425,153
2.437877818749897,153
2.420291212964643,153
2.402668764731996,153
2.3850107291605043,153
2.367317357752897,153
2.404588898481997,153
2.3868255958645164,153
2.3690276910328127,153
2.3511954218046704,153
0.1000728384154291,154
0.1971799409280585,154
1.9065431309846503,154
3.10580006493742,154
5.6976727751982565,154
8.293727402561036,154
8.403412519847084,154
8.512721873521235,154
8.622145648664555,154
8.731758125447788,154
10.86926793885149,154
13.288671004817044,154
15.605932415706684,154
18.448344043782228,154
21.08691693801155,154
21.85578651356707,154
21.93389704633443,154
22.01674448569651,154
22.11431411995442,154
22.211883754212334,154
22.30945338847025,154
22.40702302272816,154
22.50459265698607,154
22.60216229124398,154
22.754731925501893,154
22.852301559759805,154
22.94987119401772,154
23.04744082827563,154
23.20001046253354,154
23.297580096791453,154
23.395149731049365,154
23.49271936530728,154
23.59028899956519,154
23.6878586338231,154
23.785428268081013,154
23.937997902338925,154
24.03556753659684,154
24.13313717085475,154
24.23070680511266,154
24.328276439370573,154
24.425846073628485,154
24.5234157078864,154
24.62098534214431,154
24.71855497640222,154
24.816124610660133,154
24.913694244918045,154
25.01126387917596,154
25.163833513433868,154
25.26140314769178,154
25.41397278194969,154
25.511542416207604,154
25.60911205046552,154
25.761681684723428,154
25.85925131898134,154
25.95682095323925,154
26.054390587497164,154
26.15196022175508,154
26.249529856012987,154
26.4020994902709,154
26.49966912452881,154
27.75143533537109,154
28.94877052350055,154
30.99467592812784,154
32.70497433904433,154
33.90495019249523,154
36.310496241122046,154
37.51252665439492,154
39.751560375472,154
39.85615255486923,154
40.01574473426647,154
40.175336913663706,154
40.27992909306094,154
40.38452127245818,154
40.48911345185542,154
40.593705631252654,154
40.69829781064989,154
40.80288999004713,154
40.96248216944437,154
41.0670743488416,154
41.22666652823884,154
41.38625870763608,154
41.49085088703331,154
41.59544306643055,154
41.75503524582778,154
41.85962742522502,154
41.96421960462226,154
42.123811784019495,154
42.22840396341673,154
42.38799614281397,154
42.492588322211205,154
42.59718050160844,154
42.70177268100568,154
42.80636486040292,154
42.91095703980015,154
43.07054921919739,154
43.17514139859463,154
43.27973357799186,154
43.4393257573891,154
43.543917936786336,154
43.70351011618357,154
0.1000728384154291,155
0.1416799409280584,155
0.236259717900147,155
0.2744010845099767,155
0.3114267333632353,155
0.3475407744325241,155
0.4239046620159563,155
0.4941996755032953,155
1.6727766217618405,155
2.8563825311093742,155
4.683160942974609,155
4.772613276722949,155
7.434280385258716,155
7.471433562222045,155
7.563326460304778,155
7.65497195440821,155
7.746381719592136,155
7.837709915819686,155
7.874152679923099,155
7.965321627440971,155
8.75089898425631,155
8.843361047092003,155
8.935855162325424,155
8.973381542596144,155
9.065843605431835,155
9.158148423764032,155
10.862451688381952,155
10.956562229427618,155
11.050597355696482,155
11.144602634939474,155
11.239113510581774,155
13.225198091003222,155
13.320505582722944,155
13.415262148711008,155
13.509972774419111,155
13.604637877079767,155
14.745536581608576,155
14.78806615341,155
14.8308513173788,155
14.92823357972793,155
16.359145359131617,155
16.397534859362167,155
16.488508027973694,155
17.62539224046759,155
19.61389891523413,155
19.69142938870482,155
20.47720987814955,155
21.90416474360518,155
23.949652147474808,155
24.0490374313622,155
26.040277932766003,155
26.14032011199288,155
28.6430590646296,155
28.7473618285685,155
30.7393451230555,155
30.81858437228493,155
32.99711482692055,155
33.07528202700905,155
33.15063368994288,155
34.85160278994135,155
36.68371271807246,155
39.2953574629455,155
39.39690732676081,155
41.39207339006953,155
44.08480143267207,155
44.19335893261723,155
44.30138589906983,155
46.20245184469513,155
48.33804454374604,155
48.39090689736895,155
48.44371577444963,155
48.55129446927003,155
48.65890350285463,155
48.76371123734407,155
51.763234877023024,155
55.09731795731477,155
57.005159162911696,155
57.12075829598598,155
59.26194214913539,155
59.3783204639285,155
60.187982150348944,155
60.30407956335239,155
62.56354931089572,155
64.57245686742954,155
66.83365324232273,155
68.74490514490299,155
69.96311917993717,155
70.08256639632873,155
70.20091454777412,155
70.31905160937004,155
70.43731942865543,155
72.2930007288187,155
72.41179843339614,155
72.53037686738662,155
74.4412645855873,155
74.56030181888036,155
76.62590435985021,155
76.74545415583543,155
76.86520738247327,155
78.37156684044294,155
0.1000728384154291,156
0.1966799409280585,156
0.236259717900147,156
0.3294010845099767,156
0.4189267394219717,156
0.5045238000427564,156
0.5905757186089834,156
0.6650868591939291,156
0.7365511966024717,156
0.8050841254268964,156
0.8745538902555784,156
0.8858013202523073,156
0.947911565480121,156
0.9504203619987897,156
0.9468072215647628,156
0.9345751256303122,156
-0.0926440506621072,156
0.1000728384154291,157
0.1966799409280585,157
0.291259717900147,157
0.3819010898059507,157
0.4714267447179456,157
0.5600407912915846,157
0.6339046850389143,157
0.7066996961420675,157
0.7195263633093139,157
0.7296154683044453,157
0.7952396010568639,157
0.8575997313073178,157
0.9161946361473104,157
0.9151690258931642,157
0.908066770649356,157
0.8922726126674836,157
-0.0834305671687896,157
0.1000728384154291,158
0.1966799409280585,158
0.291259717900147,158
0.3864597581155855,158
0.4819745919726222,158
0.5781700867012819,158
0.6748006383148897,158
0.7715461375196209,158
0.8706745644489844,158
0.9163952600339408,158
0.9644659737651256,158
1.017118141155681,158
1.0787291058923774,158
1.1403400706290734,158
1.2019510353657694,158
1.2635620001024654,158
1.3251729648391617,158
1.3867839295758575,158
1.4483948943125535,158
1.5100058590492496,158
1.5716168237859456,158
1.6332277885226416,158
1.6948387532593376,158
1.7564497179960337,158
1.8730606827327296,158
1.9346716474694257,158
1.9962826122061217,158
2.057893576942817,158
2.174504541679513,158
2.2361155064162093,158
2.297726471152905,158
2.359337435889601,158
2.4209484006262967,158
2.4825593653629925,158
2.5441703300996883,158
2.605781294836384,158
2.66739225957308,158
2.729003224309776,158
2.7906141890464715,158
2.852225153783168,158
2.913836118519863,158
2.975447083256559,158
3.092058047993255,158
3.1536690127299507,158
3.2152799774666465,158
3.2768909422033423,158
3.338501906940038,158
3.400112871676734,158
3.4617238364134297,158
3.523334801150125,158
3.5849457658868213,158
3.646556730623517,158
3.708167695360213,158
3.7697786600969088,158
3.831389624833605,158
3.893000589570301,158
3.954611554306996,158
4.016222519043692,158
4.132833483780388,158
4.194444448517084,158
4.25605541325378,158
4.317666377990475,158
4.379277342727171,158
4.440888307463867,158
4.502499272200563,158
4.564110236937259,158
4.625721201673954,158
4.68733216641065,158
4.748943131147346,158
4.810554095884042,158
4.872165060620738,158
4.933776025357433,158
5.050386990094129,158
5.111997954830825,158
5.173608919567521,158
5.235219884304216,158
5.296830849040912,158
5.358441813777608,158
5.420052778514304,158
5.536663743250999,158
5.598274707987695,158
5.659885672724391,158
5.721496637461087,158
5.783107602197783,158
5.844718566934478,158
5.906329531671174,158
5.96794049640787,158
6.029551461144566,158
6.0911624258812616,158
6.152773390617957,158
6.214384355354653,158
6.275995320091349,158
6.337606284828045,158
6.399217249564741,158
6.460828214301436,158
6.577439179038132,158
6.694050143774827,158
6.755661108511523,158
6.817272073248219,158
6.878883037984915,158
0.1000728384154291,159
0.1867032212038117,159
0.2687413331885415,159
2.304212295712956,159
4.892599589624988,159
8.675598942284786,159
8.796259641246516,159
8.916860459253012,159
9.037402104971273,159
9.102885270490718,159
9.22314112413978,159
9.29085936021433,159
9.40897159659744,159
11.780197089736376,159
14.42120422371942,159
17.651759743433196,159
20.388777974181963,159
22.334631543775323,159
22.48872564414063,159
22.587819744505936,159
22.68691384487124,159
22.78600794523655,159
22.88510204560185,159
22.98419614596716,159
23.083290246332467,159
23.182384346697773,159
23.28147844706308,159
23.380572547428383,159
23.47966664779369,159
23.633760748159,159
23.732854848524305,159
23.83194894888961,159
23.93104304925492,159
24.030137149620224,159
24.12923124998553,159
24.22832535035084,159
24.327419450716143,159
24.48151355108145,159
24.580607651446755,159
24.67970175181206,159
24.778795852177367,159
24.87788995254268,159
24.97698405290798,159
25.076078153273286,159
25.1751722536386,159
25.2742663540039,159
25.373360454369205,159
25.52745455473451,159
25.626548655099818,159
25.725642755465124,159
25.82473685583043,159
25.923830956195737,159
26.022925056561043,159
26.12201915692635,159
26.22111325729165,159
26.32020735765696,159
26.419301458022268,159
26.51839555838757,159
26.61748965875288,159
26.771583759118187,159
26.870677859483493,159
26.9697719598488,159
27.068866060214106,159
27.16796016057941,159
27.26705426094472,159
27.366148361310024,159
27.52024246167533,159
27.61933656204064,159
27.718430662405943,159
27.81752476277125,159
27.91661886313656,159
28.015712963501866,159
28.11480706386717,159
28.213901164232475,159
28.31299526459778,159
28.412089364963087,159
28.5111834653284,159
28.6102775656937,159
28.70937166605901,159
28.808465766424312,159
28.90755986678962,159
29.006653967154925,159
29.16074806752023,159
29.259842167885537,159
29.358936268250844,159
29.45803036861615,159
29.557124468981456,159
29.656218569346763,159
29.75531266971207,159
29.85440677007737,159
29.95350087044268,159
30.052594970807988,159
30.15168907117329,159
30.2507831715386,159
30.349877271903907,159
30.448971372269213,159
30.54806547263452,159
30.647159572999826,159
30.74625367336513,159
30.84534777373044,159
0.1000728384154291,160
0.1966799409280585,160
0.291759717900147,160
2.4721490279737246,160
5.064248021192502,160
8.068305117397994,160
8.180337136232193,160
8.291128790394609,160
8.345927432345034,160
8.440795906053664,160
8.480486523525597,160
8.5200053939389,160
8.555691775100113,160
8.591229260133387,160
8.626622159199597,160
8.661874532865168,160
10.078446388410212,160
12.417808056043269,160
12.449445709751728,160
12.53597537444699,160
12.567399319426896,160
12.598719742314698,160
12.629938740448834,160
12.661058332936646,160
12.692080456929087,160
12.723006975071312,160
12.75383968295324,160
12.78458030538428,160
12.815230511294486,160
12.900791905985953,160
12.931266036050202,160
12.9616544024812,160
12.991958446966292,160
13.077179573641898,160
13.107319131659152,160
13.137378432022215,160
13.16735874132979,160
13.252261288629652,160
13.33708726631272,160
13.366837825791718,160
13.45151409150827,160
13.4811171481179,160
13.510648053305031,160
13.540107831524493,160
13.569497484879376,160
13.598817978219868,160
13.628070257769703,160
13.657255243675593,160
13.686373826281908,160
13.715426877306582,160
13.799415245817782,160
13.828339755700709,160
13.857201211320044,160
13.88600040243733,160
13.91473808901179,160
13.943415023552062,160
13.972031932489754,160
14.000589527355316,160
14.029088504778027,160
14.05752954648602,160
14.140913315282942,160
14.16924045624006,160
14.19751160608399,160
14.225727383212924,160
14.253888394849184,160
14.28199523703921,160
14.310048487203003,160
14.33804871530998,160
14.365996476428393,160
14.393892318175912,160
14.421736769543768,160
14.449530355797888,160
15.91337870823014,160
17.549783341752175,160
19.371322147713784,160
19.40105207280982,160
19.430733122097138,160
19.46036576868761,160
19.48995047451723,160
19.519487697796706,160
19.54897788556088,160
19.578421473668698,160
19.607818894253853,160
20.32667582498658,160
22.303154044018868,160
22.333668098019245,160
22.364128723906163,160
22.39453648419845,160
22.42489193396437,160
24.24572847800124,160
24.327676683829907,160
24.35458233596552,160
24.381445795463208,160
24.408267412500265,160
25.12663826735485,160
27.291752193288687,160
28.98943135531414,160
31.11091107677379,160
33.79793754085169,160
36.48957281786726,160
0.1000728384154291,161
0.1966799409280585,161
0.291259717900147,161
0.3849010845099767,161
0.4774267333632353,161
0.5643647815404997,161
0.6506567710603641,161
0.7363767088243398,161
0.8215833758180151,161
0.8513245906963604,161
0.935640016533004,161
0.9647799857705912,161
2.151094416832755,161
2.178882610729168,161
2.2065120588300924,161
2.288923131978343,161
2.318561828440259,161
2.402937835758756,161
2.4879124376235704,161
2.517868133938144,161
2.5400644864199857,161
3.9540284003375272,161
4.032476368105243,161
4.752102317964862,161
4.778616542672943,161
4.805166483601759,161
4.831752395933698,161
4.8583745385764345,161
4.939924473619293,161
4.966564832931589,161
4.993297275832127,161
5.075123530557583,161
5.102045389568637,161
5.12906471707506,161
5.156183452090453,161
5.183403609996866,161
5.210727291858028,161
5.23213842765076,161
5.253678879445623,161
5.275352083822916,161
5.297161659902166,161
5.319111431693862,161
5.34120544486327,161
5.41822682016177,161
5.440394543787669,161
5.462713033637236,161
5.485186976125668,161
5.507821359416674,161
6.920110144397448,161
6.946392052551936,161
7.027978927573393,161
7.054890597915481,161
7.082149629226159,161
7.109781968152355,161
7.192817750131916,161
7.276292408561538,161
7.304956544866989,161
7.334153099661897,161
7.418945594435762,161
7.449414797803591,161
7.535666846415232,161
9.176617645403574,161
9.209114172240923,161
10.684774734756182,161
11.876832821151446,161
11.969240435144137,161
12.756916471502016,161
13.897947736760806,161
13.940811463376711,161
14.039163374087046,161
14.083056361159514,161
14.127556149592827,161
14.172746692529152,161
14.218738947740029,161
14.26568647914214,161
14.313815955748986,161
14.363496207377146,161
14.462995991787146,161
14.507659730246496,161
14.552492976865004,161
14.59750168093128,161
14.642692223867606,161
14.688071467658707,161
14.7886468104331,161
14.834426265886258,161
14.880418521097134,161
14.926633034577796,161
14.973080147734116,161
15.068364587357472,161
15.109905601224137,161
15.153128974816036,161
15.198906478217076,161
15.250177041372488,161
15.306940668007565,161
15.363704294642638,161
15.420467921277712,161
15.477231547912789,161
15.53399517454786,161
15.590758801182936,161
15.64752242781801,161
0.1000728384154291,162
0.2081928663930287,162
0.3232443661762277,162
0.4382958659594268,162
0.5508473688428611,162
0.6633988717262954,162
0.7078043060069293,162
0.805816440439722,162
0.8442330794100971,162
0.9351746054058284,162
0.9718461768393726,162
1.0052537383203717,162
1.089785574532053,162
1.1695552454953404,162
1.1948249121819945,162
1.9218796273385497,162
1.9590511960600825,162
3.6169480723952265,162
5.620712463340661,162
8.453003351173303,162
11.236979906043908,162
14.460840746794622,162
18.022928316559288,162
20.761079746539853,162
23.635523708697875,162
26.30433893289682,162
26.408204799634227,162
26.567070666371635,162
26.67093653310904,162
26.77480239984645,162
26.93366826658385,162
27.092534133321266,162
27.25140000005868,162
27.41026586679608,162
27.51413173353349,162
27.672997600270897,162
27.776863467008305,162
27.880729333745712,162
27.98459520048312,162
28.08846106722053,162
28.192326933957936,162
28.296192800695344,162
28.455058667432752,162
28.55892453417016,162
28.662790400907568,162
28.766656267644976,162
28.870522134382384,162
28.97438800111979,162
29.0782538678572,162
29.237119734594607,162
29.39598560133201,162
29.499851468069423,162
29.60371733480683,162
29.76258320154424,162
29.866449068281646,162
29.97031493501905,162
30.074180801756462,162
30.17804666849387,162
30.28191253523128,162
30.38577840196869,162
30.48964426870609,162
30.593510135443506,162
30.69737600218091,162
30.80124186891832,162
30.90510773565573,162
31.008973602393134,162
31.11283946913054,162
31.21670533586795,162
31.32057120260536,162
31.424437069342765,162
31.528302936080173,162
31.63216880281758,162
31.79103466955499,162
31.8949005362924,162
31.998766403029805,162
32.10263226976721,162
32.20649813650462,162
32.31036400324203,162
32.46922986997944,162
32.573095736716844,162
32.67696160345425,162
32.78082747019166,162
32.88469333692907,162
32.98855920366648,162
33.092425070403884,162
33.25129093714129,162
33.3551568038787,162
33.51402267061611,162
33.617888537353515,162
33.72175440409092,162
33.82562027082833,162
33.92948613756574,162
34.08835200430315,162
34.247217871040554,162
34.40608373777796,162
34.56494960451537,162
34.72381547125278,162
34.827681337990185,162
34.93154720472759,162
35.035413071465,162
0.1000728384154291,163
0.2081928663930287,163
0.3232443661762277,163
0.4382958659594268,163
0.5533473657426259,163
0.668398865525825,163
0.7804846294062243,163
0.8845232037244531,163
0.9856228447181714,163
2.879090509436799,163
2.980428150914384,163
3.0793935051781665,163
4.973659752927495,163
6.409963249288274,163
8.259940785765654,163
8.37279724970708,163
8.485653713648507,163
8.57128258079786,163
10.229959801142405,163
12.480746582453438,163
14.53831823200483,163
14.649820946459958,163
16.91169338545998,163
19.545769047637428,163
22.327471259184463,163
22.455047712731204,163
24.832497133800025,163
24.95338010322509,163
25.06567456852851,163
25.11781867128072,163
25.171704306269262,163
25.283284923995115,163
25.34612935688553,163
25.41480505373536,163
25.53848075028716,163
25.607156447136976,163
25.71840760763941,163
26.47584841307459,163
27.933945990169622,163
30.088575697506048,163
32.364043093288515,163
34.52929363366754,163
37.10374096306958,163
37.24828164268362,163
39.64309165823985,163
42.30332277543126,163
44.94099557415859,163
45.09376172309793,163
45.24652787203726,163
45.3992940209766,163
48.26286274933469,163
49.75035427806992,163
50.95065914878639,163
52.151448382873006,163
52.30862532829152,163
53.50988835697233,163
53.61253909698504,163
53.770189836997744,163
54.56629797319046,163
54.669258928823226,163
54.77221988445599,163
54.93018084008876,163
56.69833639531208,163
58.594688043937374,163
58.75428022333461,163
58.91387240273185,163
59.01846458212909,163
59.17805676152632,163
61.22953676679766,163
61.33510662301368,163
61.4956764792297,163
62.98808022056979,163
63.09418960078999,163
63.200298981010185,163
63.30640836123038,163
63.46751774145058,163
64.67263543452069,163
65.47254807916693,163
65.63431354325321,163
65.7960790073395,163
65.9028444714258,163
66.00960993551209,163
66.11637539959838,163
66.22314086368468,163
66.32990632777097,163
66.43667179185726,163
66.54343725594356,163
66.65020272002985,163
66.75696818411615,163
67.61213781074501,163
67.71916025681392,163
67.82618270288283,163
67.93320514895174,163
68.09522759502066,163
69.81231740988908,163
69.97509304327978,163
70.1378686766705,163
72.19240138021233,163
72.35602393469885,163
73.56361187057786,163
0.1000728384154291,164
0.1966799409280585,164
0.291259717900147,164
0.3873902695137547,164
0.484809966673873,164
0.5839711973053323,164
0.6687528143117036,164
0.7474284718224611,164
0.7685086304733362,164
0.8422386745402421,164
0.8627283076235857,164
0.8814340109417047,164
0.9525622228571976,164
0.9647406895125116,164
0.972235629934987,164
0.973989940149879,164
-0.0366281504796985,164
0.1000728384154291,165
0.1966799409280585,165
0.2887597219239043,165
0.3252344229410456,165
0.3605934069643782,165
0.4500407860766219,165
0.4697380089352893,165
0.4875330203364657,165
0.5553596862743663,165
0.566281481195526,165
0.6332092494855689,165
2.448791524876194,165
3.9197147102247047,165
6.2616026611219215,165
6.355532473434048,165
9.041546410430508,165
11.985136574615078,165
15.38357352219613,165
19.120964144435884,165
21.274653579533293,165
24.044456688355023,165
27.06668605598442,165
27.143583568288204,165
27.21157466228518,165
27.33422827882405,165
27.401565763003088,165
27.46860591968191,165
27.535365441589565,165
27.601859246328843,165
27.72310074529172,165
27.789102060858266,165
27.90987420374309,165
27.97542721923022,165
28.040770308832982,165
28.10553478976141,165
28.17011869550989,165
28.23452832088082,165
28.29876953654982,165
28.362847830537152,165
28.426768344442618,165
28.49053590524511,165
28.55415505332545,165
28.617630067256982,165
28.68096498581697,165
28.74416362759761,165
28.8072296085353,165
28.8701663576271,165
28.98797713106301,165
29.050665024968687,165
29.113232986925222,165
29.17568382640944,165
29.238020224278102,165
29.300244741403127,165
29.36235982655064,165
29.424367823585,165
29.486270978068426,165
29.54807144331844,165
29.60977128597757,165
29.671372491143504,165
29.787876967102243,165
29.84928654970183,165
29.910603006400247,165
29.97182804001719,165
30.032963292216348,165
30.09401034674196,165
30.154970732430925,165
30.215845926019643,165
30.276637354762684,165
30.392346398878907,165
30.45297439383893,165
30.513522632506657,165
30.62899236714626,165
30.6893848113051,165
30.749701141581955,165
30.8649424992892,165
30.925109992016736,165
31.040204695104894,165
31.15522765303272,165
31.215179880727764,165
31.275062364802743,165
31.33487606472417,165
31.44962191391756,165
31.50930082081337,165
31.56891366983779,165
31.62846132235172,165
31.68794461754149,165
31.80236437326426,165
31.91672138685101,165
32.03101643586968,165
32.090250278850995,165
32.14942365597914,165
32.20853728974944,165
32.32259188559495,165
32.43658813248386,165
32.49552670348923,165
32.554408256332856,165
32.61323343390449,165
32.672002864758,165
32.78571716358558,165
32.89918070868644,165
0.1000728384154291,166
0.1966799409280585,166
0.2887597219239043,166
0.379401093829708,166
0.4689267487417029,166
0.5575407953153418,166
0.5770927877317237,166
0.6504598171602057,166
0.719356341768341,166
0.7857813001762198,166
0.7981002801249789,166
0.862576434869604,166
0.8713025874610113,166
0.9344110838289428,166
0.939349432956712,166
0.9993269979174304,166
1.0043440885062385,166
1.0644010207767651,166
1.124498115402,166
1.1296356939862535,166
1.1348140887136626,166
1.140033635791676,166
1.1452946770156789,166
1.2055975604022908,166
1.210942637656169,166
1.2163302679698038,166
1.2217608173529673,166
1.281605896089511,166
1.291452588994341,166
1.301429159488814,166
1.3115390711615849,166
1.321785977591114,166
1.3321737391094732,166
1.342706437703507,166
1.3533884012292194,166
1.3642242229695487,166
1.3752187886427212,166
1.3863773034106064,166
1.3977053254063296,166
1.4092088039184976,166
1.475894122865336,166
1.4786498830805588,166
1.4754772789462525,166
1.5275060467108208,166
1.5709242157324272,166
0.5445567898138481,166
0.1000728384154291,167
0.1966799409280585,167
0.291259717900147,167
0.3849010845099767,167
0.4774267333632353,167
0.515100239386021,167
1.9420478014876223,167
1.9827365299443809,167
3.690955050210056,167
3.733987276044469,167
3.7763686894010897,167
3.87317432819146,167
3.9147569454506463,167
4.011126065581464,167
4.052290432694216,167
4.093258102734168,167
4.134036521653464,167
4.174632592173853,167
4.215052731148617,167
4.310302919122239,167
4.350388743370857,167
4.390315435461417,167
4.430087904175222,167
4.469710764489702,167
4.509188363191209,167
4.548524801594578,167
4.642723955766781,167
4.681789494588282,167
4.775724895933558,167
4.814533461209442,167
4.908218328454447,167
6.038959163225645,167
6.07098688098076,167
6.157915763532171,167
6.189747726749477,167
6.221484613636216,167
6.253128198409367,167
6.2846801902799,167
6.3161422369612525,167
6.347515927929791,167
6.378802797458783,167
6.465004327445215,167
6.496121950046836,167
6.5271570501451,167
6.558110967648125,167
6.575974831727243,167
7.695616731789804,167
7.717506334555245,167
7.745189433503641,167
8.929464157010703,167
9.015051196315518,167
9.04556396011538,167
10.517304506155252,167
10.547678463949296,167
10.577981223129283,167
10.608213783325931,167
10.638377116488472,167
10.668472168018775,167
10.753499857844377,167
10.83846108143442,167
10.86835671076232,167
10.953187595218516,167
10.982954562476584,167
11.012658419315605,167
11.04229995240152,167
11.071879929030043,167
12.190216129744154,167
12.909825657230028,167
12.937303895848942,167
14.066245450216249,167
14.09651068088866,167
14.181712686271837,167
14.211852255880151,167
14.241930159753078,167
14.271947149167008,167
14.30190395731278,167
14.33180129994098,167
15.746059436073985,167
16.469011228444167,167
16.498758147306624,167
16.528448031330115,167
16.558081523778416,167
16.587659253566965,167
16.672181835737636,167
16.701649871912803,167
16.786063950729808,167
16.815424648256858,167
17.582154718370994,167
17.59749348196562,167
18.308171165319045,167
19.432058389553656,167
21.071582344259927,167
21.101625724157227,167
21.13162680261778,167
21.1615859345236,167
21.191503468851707,167
21.22137974882037,167
21.25121511203042,167
21.336009890602057,167
22.057104994466144,167
0.1000728384154291,168
0.1935406949211217,168
0.285118220757214,168
0.3753272674409211,168
0.4602130285826982,168
0.4892156727043451,168
0.5724680132595361,168
0.6556390530792535,168
0.6720594286350072,168
0.6863716782433451,168
0.6994869352681101,168
0.7633036465746821,168
0.8272544683319987,168
1.588870877156919,168
2.7084159792763653,168
4.122544759641356,168
5.541679138074583,168
5.57466691149301,168
5.607806982229418,168
5.641104133556551,168
5.6745634616715375,168
5.708190401772923,168
5.741990769038862,168
5.775970795880026,168
5.81013718036837,168
5.844497138391203,168
5.879058466981119,168
5.913829615096516,168
5.948819776753849,168
5.984038984159893,168
6.074498241524166,168
6.165209648887581,168
6.201186606417364,168
6.237444011251396,168
6.273998534063763,168
6.307284893224901,168
6.3959084541899625,168
6.428018619994587,168
6.515518596152729,168
6.603441362957424,168
6.691825991253323,168
6.725719531754917,168
6.76017971498794,168
6.795279064903921,168
6.83111143274135,168
6.867803053687281,168
6.905532868335909,168
6.944574506710238,168
6.985399519781536,168
7.02902260957188,168
7.079577171931929,168
7.130131734291977,168
7.180686296652025,168
7.231240859012074,168
7.336795424799389,168
7.387349987159437,168
7.437904549519485,168
7.488459111879534,168
7.539013674239582,168
7.58956823659963,168
7.640122798959679,168
7.690677361319727,168
7.741231923679775,168
7.791786486039824,168
7.842341048399872,168
7.89289561075992,168
7.943450173119968,168
7.994004735480017,168
8.044559297840065,168
8.095113860200113,168
8.200668425987429,168
8.251222988347477,168
8.301777550707525,168
8.40733211649484,168
8.457886678854889,168
8.508441241214937,168
8.558995803574986,168
8.664550369362301,168
8.71510493172235,168
8.765659494082398,168
8.816214056442446,168
8.866768618802494,168
8.97232318458981,168
9.022877746949858,168
9.073432309309906,168
9.123986871669954,168
9.174541434030004,168
9.225095996390053,168
9.2756505587501,168
9.326205121110148,168
9.376759683470196,168
9.427314245830244,168
9.477868808190292,168
9.52842337055034,168
9.578977932910387,168
9.629532495270436,168
9.680087057630486,168
9.730641619990534,168
9.781196182350582,168
9.83175074471063,168
0.1000728384154291,169
0.2081928663930287,169
0.3232443661762277,169
0.4348301300566271,169
0.4948816298398261,169
0.5549331296230252,169
0.6525394934167041,169
0.7518016312750949,169
0.8507676321341356,169
0.9552266944365168,169
1.0566857580260898,169
1.152651761861291,169
1.2556108210401202,169
1.3585698802189494,169
1.4615289393977786,169
1.509488002599921,169
1.6069540020243789,169
3.0469544168727065,169
3.1487289454953338,169
3.2477044027464057,169
3.34811826908752,169
5.355698072554317,169
7.030660593153682,169
8.196757638098445,169
8.30641764515802,169
10.45766252392694,169
12.612292231263366,169
15.405462016840488,169
15.528745122165468,169
18.50004182866596,169
21.2332555509612,169
21.38241194364118,169
24.31339143663673,169
26.5471103263862,169
26.70138767445582,169
28.41099667114803,169
29.610299145863937,169
29.752449080906224,169
31.501409702992305,169
31.635784315558386,169
33.101756573745135,169
33.9293718576952,169
34.062086676727255,169
35.804171571137594,169
35.93457760284996,169
37.45108733179239,169
37.58076454629396,169
37.70995594205328,169
37.83870457082588,169
37.96704647140122,169
38.094819337540166,169
38.86096359143797,169
38.98808026090329,169
39.75364188889755,169
39.88097450144454,169
40.64673190842584,169
41.467667074797376,169
41.59469111456282,169
41.666720382640506,169
43.53119128744893,169
44.70283663208564,169
44.83016011704576,169
44.90253279532998,169
45.02974012521371,169
45.7952714468005,169
45.922563560689625,169
46.04969123524453,169
46.17686031515658,169
47.63574103150357,169
48.45661653289723,169
48.5841630155101,169
48.69781934263851,169
51.76398121946711,169
51.820654437031926,169
51.87727263950962,169
51.93383642667192,169
51.990346383389415,169
52.10171422743458,169
54.35461768889088,169
57.30352029585499,169
57.41694029801744,169
58.86296960347551,169
58.97567890220541,169
59.03334538274664,169
59.1459694095816,169
59.25841970377821,169
60.92606253558058,169
60.98426014938611,169
61.09727369257468,169
61.90373353668708,169
61.95298631497878,169
62.00223203012008,169
62.05147069328684,169
62.100702315654935,169
62.14992690467495,169
62.25397882246632,169
64.7908726670708,169
67.67368826651233,169
70.67645773672717,169
70.78945500784772,169
0.1000728384154291,170
0.1416799409280584,170
0.181259717900147,170
0.2744010845099767,170
0.3664267333632353,170
0.458979184794783,170
0.4831411513178922,170
0.5577084532711593,170
0.6235285735461799,170
0.6309136747155276,170
0.6338461417477516,170
0.6855688731890109,170
0.6741000473271993,170
0.6624978802870897,170
0.650765835657337,170
0.6389072019379524,170
0.6819251034181503,170
0.6698225190635708,170
0.6576022825907853,170
0.6452670985605505,170
0.6328195495303658,170
0.6202621062990216,170
0.6075971316318897,170
0.5948268905054716,170
0.5819535529013661,170
0.5689792012568501,170
0.5559058369841364,170
0.5427353823330191,170
0.5844696866121081,170
0.6261105308081892,170
0.6126596288528231,170
0.599118634476879,170
0.5854891421046046,170
0.5717726912122157,170
0.5579707681905416,170
0.5440848091389922,170
0.5851162032928255,170
0.5710662951465634,170
0.5569363854598192,170
0.5427277333807138,170
0.5284415608044651,170
0.514079050510743,170
0.4996413508202818,170
0.4851295765262035,170
0.4705448079626945,170
0.455888095661619,170
0.4411604603525189,170
0.426362893893936,170
0.4114963602047351,170
0.396561798989394,170
0.3815601220127133,170
0.4214922165270832,170
0.406358952983835,170
0.391161173000553,170
0.3758996970724252,170
0.3605753279995111,170
0.3451888462301281,170
0.3847410132881191,170
0.3692325738962677,170
0.3536642532568362,170
0.3380367610376266,170
0.3773507889132884,170
0.416607011459389,170
0.4008060920756248,170
0.384948674939194,170
0.3690353914868024,170
0.3530668582539943,170
0.337043678737798,170
0.3209664452593711,170
0.3048357352387097,170
0.2886521149199393,170
0.2724161393713143,170
0.256128348759928,170
0.2397892758022931,170
0.2233994420390513,170
0.2069593559723285,170
0.1904695186536696,170
0.2289304177980807,170
0.2673425342660335,170
0.2507063451927093,170
0.2340223084907916,170
0.2172908786456969,170
0.2005124989669707,170
0.1836876071762231,170
0.2218166313838151,170
0.2598999909829286,170
0.2429381053667453,170
0.2259313765685943,170
0.2088802013318923,170
0.191784974537411,170
0.174646078027406,170
0.1574638917814877,170
0.1402387864660409,170
0.1229711271595147,170
0.1606612711917546,170
0.1433095767866757,170
0.1259163882356074,170
0.1084820482652572,170
0.0910068902891066,170
0.0734912477206376,170
0.1000728384154291,171
0.1966799409280585,171
0.291259717900147,171
0.3819010898059507,171
0.4714267447179456,171
0.5600407912915846,171
0.6339046850389143,171
0.706074696738114,171
0.7719013660734793,171
0.8354904695933958,171
0.8418779985567828,171
0.8994209559222957,171
0.952262589480569,171
0.9440293617135188,171
0.92719028960525,171
-0.1044757508152822,171
0.1000728384154291,172
0.1347474375762602,172
0.2226978343056326,172
0.305868561200965,172
0.3880212929175978,172
0.4706571649836188,172
0.548879260949958,172
0.6269564207719451,172
0.7064805280493385,172
0.7860776286648399,172
0.8653199698852188,172
0.94442716502415,172
0.9692498620675688,172
1.049907835953105,172
1.131246465079654,172
1.1588732402847892,172
1.1874360729085094,172
1.2171515215264446,172
1.2483674947248584,172
1.281737382345069,172
1.373973223202098,172
1.4201678548084384,172
1.4663624864147788,172
1.5125571180211193,172
1.5587517496274597,172
1.6049463812338,172
1.6511410128401405,172
1.6973356444464809,172
1.7435302760528213,172
1.7897249076591617,172
1.835919539265502,172
1.9225463893340715,172
3.3584129836486465,172
3.4079851497040874,172
3.4575573157595283,172
3.507129481814969,172
3.55670164787041,172
3.606273813925851,172
3.655845979981292,172
3.760418149464,172
3.809990315519441,172
3.8595624815748817,172
3.9641346510575897,172
4.013706817113031,172
4.1182789865957385,172
4.222851156078447,172
4.272423322133887,172
5.479741628103126,172
5.588447633020747,172
5.697153637938369,172
5.793318445615638,172
5.831735084586013,172
5.867676610879768,172
5.904348182313312,172
5.937755743794311,172
6.022287580005992,172
6.102057250969279,172
6.175663317375053,172
6.185548150733281,172
5.180464828208256,172
0.1000728384154291,173
0.2151243381986281,173
0.3301758379818272,173
0.4452273377650263,173
0.5052788375482253,173
0.6168646014286246,173
0.7110052293195039,173
0.795004445876053,173
0.8750963320984155,173
0.8991499317838461,173
0.9174873100622208,173
0.9855773838265448,173
0.9921705208747298,173
0.9907358977273688,173
-0.0260270741506829,173
0.1000728384154291,174
0.2151243381986281,174
0.3301758379818272,174
0.4452273377650263,174
0.5602788375482254,174
0.6203303373314244,174
0.7214024370279031,174
0.8169145738448815,174
0.9183736374344544,174
1.0198327010240271,174
1.762286276158305,174
1.86659267598054,174
2.6684458559121804,174
3.4726066296663003,174
3.583620250758143,174
3.639633875873299,174
3.7506474969651418,174
5.893087816026421,174
7.344988298204155,174
8.104892980840416,174
9.78361595847866,174
12.165305944369493,174
13.63247881429428,174
15.850962956556224,174
18.0172082383711,174
20.505208241304,174
23.237954962286533,174
26.16853963123978,174
26.266109265497693,174
26.363678899755605,174
26.46124853401352,174
26.55881816827143,174
26.65638780252934,174
26.753957436787253,174
26.851527071045165,174
27.00409670530308,174
27.10166633956099,174
27.1992359738189,174
27.296805608076813,174
27.449375242334725,174
27.54694487659264,174
27.64451451085055,174
27.74208414510846,174
27.89465377936637,174
27.992223413624284,174
28.1447930478822,174
28.297362682140108,174
28.39493231639802,174
28.49250195065593,174
28.590071584913844,174
28.68764121917176,174
28.785210853429668,174
30.88503029557229,174
30.983939588659595,174
31.0828488817469,174
31.181758174834208,174
31.33566746792152,174
31.434576761008824,174
31.53348605409613,174
31.68739534718344,174
31.84130464027075,174
31.940213933358056,174
32.03912322644536,174
32.13803251953267,174
32.23694181261998,174
32.39085110570729,174
32.5447603987946,174
32.64366969188191,174
32.74257898496922,174
32.84148827805653,174
32.94039757114384,174
33.03930686423115,174
33.13821615731846,174
33.23712545040577,174
33.33603474349308,174
33.43494403658039,174
33.5338533296677,174
33.63276262275501,174
33.78667191584232,174
33.88558120892963,174
33.98449050201694,174
34.08339979510425,174
34.18230908819156,174
34.28121838127887,174
34.38012767436618,174
34.47903696745349,174
34.5779462605408,174
34.67685555362811,174
34.77576484671542,174
34.87467413980273,174
34.97358343289004,174
35.07249272597735,174
35.17140201906466,174
35.27031131215197,174
35.36922060523928,174
35.46812989832659,174
35.6220391914139,174
35.72094848450121,174
35.87485777758852,174
36.028767070675826,174
0.1000728384154291,175
0.1971799409280585,175
0.292259717900147,175
0.3871755457581206,175
2.2243892669679184,175
3.425673181820844,175
3.527772756249771,175
3.630150179934472,175
3.730450573622881,175
3.776063569096196,175
3.875186443962248,175
3.919570247594152,175
4.019229350111972,175
4.119179797170411,175
4.219130244228851,175
4.261390071485054,175
4.358979683492195,175
4.456922385964405,175
4.500245019916307,175
4.543978843960773,175
4.637663785491001,175
4.676840931299936,175
4.716564074281465,175
4.756900228682768,175
4.797935191664707,175
4.83978274849416,175
4.882601086173069,175
4.981625232968342,175
5.027241651091587,175
5.07520808664323,175
5.127755973610889,175
5.1837695987260455,175
5.239783223841202,175
5.295796848956358,175
5.351810474071514,175
5.40782409918667,175
5.518837720278513,175
5.629851341370356,175
5.685864966485512,175
5.741878591600668,175
5.797892216715824,175
5.85390584183098,175
5.909919466946136,175
6.020933088037979,175
6.076946713153135,175
6.132960338268291,175
6.188973963383448,175
6.244987588498604,175
6.30100121361376,175
6.357014838728916,175
6.413028463844072,175
6.469042088959228,175
6.525055714074385,175
6.636069335166227,175
6.692082960281383,175
6.74809658539654,175
6.859110206488382,175
6.970123827580225,175
7.026137452695381,175
7.082151077810537,175
7.138164702925693,175
7.19417832804085,175
7.250191953156006,175
7.306205578271162,175
7.362219203386318,175
7.418232828501474,175
7.47424645361663,175
7.530260078731787,175
7.586273703846943,175
7.697287324938785,175
7.753300950053942,175
7.809314575169098,175
7.92032819626094,175
7.976341821376097,175
8.032355446491252,175
8.088369071606408,175
8.144382696721564,175
8.20039632183672,175
8.256409946951877,175
8.312423572067033,175
8.368437197182189,175
8.424450822297345,175
8.480464447412501,175
8.536478072527657,175
8.592491697642814,175
8.64850532275797,175
8.759518943849812,175
8.815532568964969,175
8.871546194080125,175
8.927559819195281,175
8.983573444310437,175
9.039587069425592,175
9.150600690517436,175
9.206614315632592,175
9.262627940747748,175
9.318641565862904,175
9.37465519097806,175
9.430668816093217,175
9.486682441208371,175
9.597696062300216,175
0.1000728384154291,176
0.1966799409280585,176
0.291259717900147,176
0.3864597581155855,176
0.4817090428460525,176
0.5765448689972938,176
0.6707829693952864,176
1.451106355587608,176
1.5403364385167424,176
3.1891024793187444,176
3.228941933313972,176
3.956350878874428,176
3.9912116611996953,176
4.082869277397759,176
4.121243611971504,176
5.261672393480904,176
5.30421485106147,176
5.347606801489956,176
5.39202272246278,176
5.437727787593968,176
5.485174388686783,176
5.535315969089634,176
7.201532819370396,176
7.261403949061997,176
7.376275078455574,176
7.436146208147175,176
7.551017337540752,176
7.610888467232353,176
7.725759596625931,176
7.785630726317532,176
7.8455018560091325,176
7.905372985700733,176
7.965244115392334,176
8.025115245083935,176
8.084986374775536,176
8.144857504467137,176
8.204728634158737,176
8.264599763850338,176
8.324470893541939,176
8.38434202323354,176
8.44421315292514,176
8.504084282616741,176
8.618955412010319,176
8.67882654170192,176
8.73869767139352,176
8.798568801085121,176
8.913439930478699,176
8.9733110601703,176
9.0331821898619,176
9.0930533195535,176
9.152924449245102,176
9.212795578936705,176
9.272666708628304,176
9.332537838319904,176
9.392408968011503,176
9.452280097703106,176
10.956573181847698,176
12.8150902325908,176
15.194337790104743,176
17.06565932120158,176
19.149087604731605,176
21.875587388883726,176
24.801025655502123,176
27.604791925293465,176
29.48200765794081,176
30.951345973104203,176
32.13097482482514,176
32.20996406233742,176
32.28751488948745,176
32.3639499988809,176
32.49447350049038,176
32.56922624870073,176
32.64331133994796,176
32.7168075160169,176
32.78977688950756,176
32.86226971209919,176
32.93432747780587,176
33.00598502997419,176
33.07727204228174,176
33.14821409023185,176
33.21883344557628,176
33.28914967781162,176
33.359180117977765,176
33.42894022203756,176
33.49844385962542,176
33.56770354639242,176
33.63673063308126,176
33.70553546095724,176
33.774127490761124,176
33.84141692398898,176
33.90858103737352,176
33.97562289527875,176
34.042545415776935,176
34.10935138088078,176
34.176043445842964,176
34.242624147627104,176
34.30909591264032,176
34.3754610638062,176
34.44172182704696,176
34.50788033723537,176
0.1000728384154291,177
0.1978543042992853,177
0.3011288316264821,177
0.3523348317757321,177
0.4585408316269589,177
1.6599092827454285,177
1.755430896700926,177
1.84720098686368,177
2.9892912025904543,177
4.645670544778828,177
6.072781455218617,177
6.168748922558295,177
6.904496532030452,177
7.641798176949955,177
7.686479681085513,177
9.120125652985768,177
10.962870371023818,177
11.06851065547638,177
11.118828247323254,177
11.168842716061048,177
11.21857139272964,177
11.26802973329188,177
11.317231607382183,177
11.36618953065164,177
11.41491485384292,177
11.518417918221347,177
11.56670818452768,177
11.614794340861412,177
11.662684393629378,177
11.71038574475743,177
11.757905257664628,177
11.805249313972768,177
11.85242386252253,177
11.954434461958176,177
12.001286317902252,177
12.047984315552991,177
12.094533048387984,177
12.140936843538611,177
12.187199784304404,177
12.288325730199256,177
12.334318334858697,177
12.43518106208612,177
12.480917200273623,177
12.526529875398175,177
14.180916296534784,177
15.612652083164011,177
15.65797703086033,177
15.703188152502785,177
15.748287981792233,177
15.793278942083932,177
15.8381633534427,177
15.882943439109148,177
15.927621331437209,177
15.972199077355892,177
16.016678643401992,177
16.11606192036507,177
16.160350727581346,177
16.204546816909062,177
16.303651876414296,177
16.40266753379314,177
16.446595359553392,177
16.490436869976527,177
16.53419352987857,177
16.57786675518669,177
16.621457915346603,177
16.664968335574475,177
16.763399298965663,177
16.8067520484715,177
16.85002778875428,177
16.94822768792969,177
16.991352879205113,177
17.03440446242141,177
17.132383505505256,177
17.175291045838392,177
17.27312809154963,177
17.315895622735024,177
17.358594592611098,177
17.40122592860568,177
17.443790533390498,177
17.486289285859367,177
17.528723042055518,177
17.626092636051318,177
17.668398880783414,177
17.710642568846065,177
17.752824473245273,177
17.79494534811608,177
17.88437026173036,177
18.61350874490953,177
20.03865999226092,177
21.46632667139145,177
21.507648821757133,177
21.6039213028402,177
21.645144603198883,177
21.686319201873825,177
21.78244556866351,177
21.87852416438917,177
21.91955544114967,177
21.960539842566845,177
22.00147780402169,177
22.04236975288188,177
0.1000728384154291,178
0.1966799409280585,178
0.2930430926198407,178
0.3341736442334485,178
0.430081937034202,178
0.4709743086537795,178
0.5658901365117531,178
0.6597879695935205,178
0.6980099287834466,178
0.7906365911732928,178
0.8823346678341635,178
0.9196465705490512,178
1.7066363434579852,178
1.7852440030330234,178
2.9197007984653403,178
2.9442353275403668,178
2.968528522996633,178
3.0475915063903023,178
3.0745858334735323,178
3.10134647309634,178
3.127883861659496,178
3.1542075433567454,178
3.180326278208225,178
3.206248137055366,178
3.231980579791992,178
3.3125305202588726,178
3.33790438517782,178
3.418058252780168,178
4.54580984160158,178
6.98168835684511,178
9.024280643908709,178
9.065860773323504,178
9.158999043403597,178
9.197039405702084,178
9.23498374491784,178
9.272833867816656,178
9.310591517834396,178
9.34825837507698,178
9.440686791090696,178
11.78585299745056,178
14.134794323591915,178
16.317916481642456,178
18.57163215869342,178
21.629271991834745,178
24.6911325030326,178
26.367445587432105,178
26.43011643351242,178
26.547588697536675,178
26.60986996611752,178
26.67196726745896,178
26.788887130826232,178
26.850635637859835,178
26.912218467085456,178
26.97364093271164,178
27.08990801860302,178
27.142382500932623,178
27.182471337036304,178
27.22248038487237,178
27.31741089956563,178
27.35726409243148,178
27.397041140363623,178
27.49174318300288,178
27.53137133480709,178
27.57092667208713,178
27.6059413163523,178
27.64090260700982,178
27.675811117754392,178
27.7106673924784,178
27.80047196732562,178
27.835225379333902,178
27.86747812689941,178
27.899702830479555,178
27.93189965026181,178
27.9640687352578,178
28.046676734701805,178
28.12925730110805,178
28.156810594962053,178
28.184336759389453,178
28.266835935653265,178
28.293349944294505,178
28.319837259368114,178
28.34629802057248,178
28.372732367605977,178
28.39443743625384,178
28.41611119011145,178
29.127342898638062,178
30.536339242250733,178
30.55900514336031,178
30.58163516619902,178
30.65922956565123,178
30.68178859377008,178
30.70431249798935,178
30.7268015241782,178
30.7492559144805,178
30.82667590329152,178
30.84906173148852,178
30.87036940479379,178
30.891648151219897,178
30.912898134679608,178
32.08663470694523,178
0.1000728384154291,179
0.2128364636705944,179
0.3256000889257597,179
0.438363714180925,179
0.5466273408756044,179
0.6571409684047487,179
0.767654595933893,179
0.8661270272359636,179
0.9071410056576515,179
1.0018150415644431,179
1.741156837008932,179
2.890825530551412,179
4.044335266612508,179
4.099232712797859,179
4.154130158983209,179
4.264027601145246,179
4.3189250473305965,179
4.373822493515947,179
4.428719939701297,179
4.483617385886648,179
4.538514832071998,179
4.5934122782573485,179
4.648309724442699,179
4.703207170628049,179
4.813104612790086,179
4.868002058975437,179
4.922899505160787,179
5.032796947322824,179
5.087694393508174,179
5.142591839693525,179
5.252489281855562,179
5.307386728040912,179
5.417284170202949,179
5.527181612364986,179
5.582079058550336,179
5.636976504735687,179
5.746873946897724,179
5.801771393083074,179
5.8566688392684245,179
5.911566285453775,179
5.966463731639125,179
6.076361173801162,179
6.131258619986513,179
6.186156066171863,179
6.2410535123572135,179
6.35095095451925,179
6.405848400704601,179
6.460745846889951,179
6.515643293075302,179
6.6255407352373386,179
6.680438181422689,179
6.735335627608039,179
6.79023307379339,179
6.84513051997874,179
6.900027966164091,179
6.954925412349441,179
7.064822854511478,179
7.119720300696828,179
7.174617746882179,179
7.229515193067529,179
7.28441263925288,179
7.33931008543823,179
7.3942075316235805,179
7.504104973785617,179
7.559002419970968,179
7.613899866156318,179
7.668797312341669,179
7.723694758527019,179
7.7785922047123695,179
7.83348965089772,179
7.88838709708307,179
7.943284543268421,179
7.998181989453771,179
8.053079435639122,179
8.107976881824472,179
8.217874323986509,179
8.327771766148546,179
8.437669208310583,179
8.492566654495933,179
8.547464100681283,179
8.602361546866634,179
8.657258993051984,179
8.712156439237335,179
8.767053885422685,179
8.876951327584722,179
8.931848773770072,179
8.986746219955423,179
9.041643666140772,179
9.096541112326124,179
9.151438558511474,179
9.206336004696825,179
9.31623344685886,179
9.371130893044212,179
9.481028335206249,179
9.5359257813916,179
9.59082322757695,179
9.6457206737623,179
9.70061811994765,179
9.755515566133,179
9.810413012318351,179
0.1000728384154291,180
0.2151243381986281,180
0.3301758379818272,180
0.4457273377650263,180
0.5578131016454256,180
0.6183646014286247,180
0.7284230397684832,180
0.8439745395516822,180
0.9045260393348812,180
1.0200775391180803,180
1.1321633029984797,180
1.247714802781679,180
1.3082663025648775,180
1.3688178023480768,180
1.429369302131276,180
1.544920801914475,180
1.648482825333682,180
1.7543047743716045,180
1.864363212711463,180
1.9740508912273744,180
2.0735099099072456,180
2.119407338949376,180
2.167332093532047,180
2.218722584017518,180
2.273027146970302,180
2.327331709923086,180
2.38163627287587,180
2.4359408358286543,180
2.4902453987814384,180
2.5445499617342224,180
2.5988545246870065,180
2.7081590876397907,180
2.762463650592575,180
2.871768213545359,180
3.61768785837797,180
4.365522719656504,180
4.468278929328001,180
4.522966611867226,180
4.57765429440645,180
4.687341972922361,180
5.439475103949583,180
5.537738457058943,180
5.637272566293753,180
5.718461326991594,180
6.449990324412859,180
6.480317584907091,180
6.510644845401323,180
6.595159508024729,180
7.728381968771494,180
7.817293323313272,180
8.545779861246622,180
8.581708129232204,180
8.618304054920948,180
8.655670731996572,180
8.746599003409422,180
10.174418136214292,180
11.37351827297119,180
13.270605966185606,180
13.373492412005938,180
15.371661834155596,180
17.373251847659624,180
17.481865837906874,180
19.841681673859632,180
22.097710326050795,180
24.46185751233009,180
26.88263888630776,180
29.35205136223263,180
32.261081725841954,180
35.16610175554308,180
37.32381562744491,180
39.48198317248927,180
39.614070104984414,180
39.74471086916384,180
41.90044606896544,180
42.02567250056536,180
43.482625841447245,180
43.60755111308743,180
45.1190135676951,180
45.2437138172952,180
45.367799798529774,180
47.22953961509391,180
48.96459579890075,180
49.08775729717523,180
49.20598585935146,180
49.32357495309621,180
51.38767259599477,180
53.39745133401662,180
54.90793217413063,180
55.02585005454655,180
57.29204955589941,180
59.559329491215365,180
59.68412696515475,180
59.80867920605762,180
59.92807227162941,180
61.943847777885416,180
64.21185939836762,180
64.33739638941073,180
66.48321343080782,180
68.80749046685807,180
68.9230554837238,180
0.1000728384154291,181
0.2151243381986281,181
0.3301758379818272,181
0.4452273377650263,181
0.5602788375482254,181
0.6753303373314244,181
0.7764024370279031,181
0.8819570028152185,181
2.0343329393233973,181
2.0880965673293788,181
2.1968601875867564,181
3.357083440991562,181
3.418694405728258,181
3.480305370464954,181
3.5419163352016496,181
3.6035272999383454,181
3.7201382646750414,181
3.781749229411737,181
3.843360194148433,181
3.904971158885129,181
4.021582123621824,181
4.13819308835852,181
4.199804053095216,181
4.261415017831912,181
4.323025982568607,181
4.384636947305303,181
4.501247912041999,181
4.562858876778694,181
4.62446984151539,181
4.741080806252086,181
4.8026917709887815,181
4.864302735725477,181
4.925913700462173,181
4.987524665198869,181
5.1041356299355645,181
5.16574659467226,181
5.227357559408956,181
5.343968524145652,181
5.405579488882347,181
5.467190453619043,181
5.528801418355739,181
5.590412383092435,181
5.70702334782913,181
5.768634312565826,181
5.830245277302522,181
5.891856242039218,181
5.953467206775914,181
6.015078171512609,181
6.076689136249305,181
6.138300100986001,181
6.2549110657226965,181
6.316522030459392,181
6.378132995196088,181
6.439743959932784,181
6.50135492466948,181
6.617965889406175,181
6.734576854142871,181
6.796187818879567,181
6.857798783616262,181
6.919409748352958,181
6.981020713089654,181
7.04263167782635,181
7.104242642563046,181
7.220853607299741,181
7.282464572036437,181
7.344075536773133,181
7.405686501509827,181
7.467297466246524,181
7.52890843098322,181
7.645519395719916,181
7.7071303604566115,181
7.768741325193307,181
7.830352289930003,181
7.891963254666699,181
7.953574219403395,181
8.07018518414009,181
8.131796148876786,181
8.193407113613482,181
8.255018078350178,181
8.316629043086873,181
8.37824000782357,181
8.439850972560265,181
8.50146193729696,181
8.563072902033657,181
8.624683866770352,181
8.686294831507048,181
8.802905796243744,181
8.86451676098044,181
8.926127725717135,181
8.987738690453831,181
9.049349655190529,181
9.110960619927225,181
9.17257158466392,181
9.234182549400614,181
9.29579351413731,181
9.412404478874006,181
9.474015443610702,181
9.535626408347396,181
9.652237373084091,181
9.768848337820788,181
0.1000728384154291,182
0.1966799409280585,182
0.3027726433651173,182
0.4079269354399171,182
0.4587488844778396,182
0.5633142613743576,182
0.6238657611575567,182
0.7394172609407557,182
0.8549687607239547,182
0.9705202605071536,182
1.0310717602903527,182
1.0916232600735518,182
1.1521747598567509,182
1.21272625963995,182
1.328277759423149,182
1.4413292633198622,182
1.499380760064018,182
1.557432256808174,182
1.61548375355233,182
1.6735352502964858,182
1.786586754193199,182
1.8996382580899125,182
1.957689754834068,182
2.0707412587307816,182
2.128792755474937,182
2.1868442522190934,182
2.2448957489632493,182
2.3579472528599625,182
3.860752128233803,182
3.9222626911305314,182
3.98377325402726,182
4.045283816923988,182
4.106794379820717,182
4.223304942419422,182
4.284815505316151,182
4.346326068212879,182
4.407836631109608,182
4.524347193708313,182
4.585857756605042,182
4.64736831950177,182
4.763878882100475,182
4.880389444699181,182
4.996900007297886,182
5.058410570194615,182
5.119921133091343,182
5.181431695988072,182
5.2429422588848,182
5.3044528217815285,182
5.365963384678257,182
5.427473947574986,182
5.488984510471714,182
5.605495073070419,182
5.667005635967148,182
5.728516198863876,182
5.790026761760605,182
5.851537324657333,182
5.913047887554062,182
5.974558450450791,182
6.036069013347519,182
6.097579576244248,182
6.159090139140976,182
6.2206007020377045,182
6.282111264934433,182
6.343621827831162,182
6.40513239072789,182
6.466642953624619,182
6.583153516223324,182
6.644664079120052,182
6.706174642016781,182
6.767685204913509,182
6.884195767512215,182
7.00070633011092,182
7.0622168930076485,182
7.123727455904377,182
7.185238018801106,182
7.246748581697834,182
7.308259144594563,182
7.369769707491291,182
7.43128027038802,182
7.492790833284748,182
7.554301396181477,182
7.670811958780182,182
7.7323225216769105,182
7.793833084573639,182
7.855343647470367,182
7.916854210367096,182
8.0333647729658,182
8.094875335862529,182
8.156385898759257,182
8.217896461655986,182
8.279407024552714,182
8.340917587449443,182
8.402428150346172,182
8.4639387132429,182
8.525449276139629,182
8.586959839036357,182
8.703470401635062,182
8.76498096453179,182
8.82649152742852,182
8.888002090325248,182
0.1000728384154291,183
0.1956927102324223,183
0.2898281752273317,183
0.3825468281657047,183
2.2168815568700224,183
2.3132996045756404,183
2.4056535743880336,183
2.49739585153342,183
2.533930376987464,183
2.570265446673638,183
2.606408712338216,183
2.697214190732247,183
5.78990179754377,183
8.736636810423583,183
12.33117232778673,183
16.12108280572683,183
18.50197266670811,183
18.580899353293784,183
18.660536452447527,183
18.741001887210714,183
18.82246067544788,183
18.90516036183242,183
18.989514319438545,183
19.07635746918587,183
19.168381078591626,183
19.272394164361373,183
19.37640725013112,183
19.480420335900867,183
19.639433421670613,183
19.74344650744036,183
19.847459593210107,183
19.95147267897985,183
20.0554857647496,183
20.214498850519348,183
20.31851193628909,183
20.42252502205884,183
20.52653810782859,183
20.630551193598336,183
20.734564279368083,183
20.83857736513783,183
20.942590450907577,183
21.046603536677324,183
21.15061662244707,183
21.25462970821681,183
21.358642793986565,183
21.462655879756312,183
21.56666896552606,183
21.67068205129581,183
21.77469513706556,183
21.8787082228353,183
21.982721308605047,183
22.0867343943748,183
22.19074748014454,183
22.294760565914288,183
22.398773651684035,183
22.502786737453786,183
22.60679982322353,183
22.71081290899328,183
22.869825994763023,183
22.97383908053277,183
23.07785216630252,183
23.181865252072264,183
23.28587833784201,183
23.38989142361176,183
23.493904509381505,183
23.59791759515125,183
23.701930680921,183
23.805943766690746,183
23.909956852460493,183
24.01396993823024,183
24.117983023999987,183
24.276996109769733,183
24.38100919553948,183
24.485022281309227,183
24.58903536707897,183
24.69304845284872,183
24.852061538618468,183
24.95607462438821,183
25.06008771015796,183
25.16410079592771,183
25.268113881697456,183
25.372126967467203,183
25.53114005323695,183
25.635153139006697,183
25.739166224776444,183
28.29763135379084,183
28.40320121000686,183
28.56377106622288,183
28.669340922438906,183
28.774910778654924,183
28.880480634870946,183
28.986050491086967,183
29.09162034730299,183
29.19719020351901,183
29.302760059735032,183
29.40832991595105,183
29.513899772167075,183
29.619469628383097,183
29.72503948459912,183
29.83060934081514,183
0.1000728384154291,184
0.1966799409280585,184
0.291259717900147,184
0.3844010845099767,184
0.4764267333632352,184
0.567540774432524,184
0.6439046620159562,184
1.419607198122066,184
2.5530335141893072,184
4.380248405069786,184
4.470171679407975,184
4.560624203431314,184
5.697006227837367,184
5.789301223942383,184
7.439559647788722,184
8.174453735387777,184
10.355026262462689,184
11.149841224732794,184
11.196013317841858,184
11.29673446174634,184
11.397041984106943,184
11.441967502578558,184
11.541538142418773,184
11.581250356798382,184
11.620706491119748,184
11.659919024258391,184
11.698899275192918,184
11.737657557565075,184
11.77620330794289,184
11.814545193152137,184
11.852691200779208,184
11.890648716019545,184
11.983424587353383,184
12.01351271617875,184
12.043479504367754,184
12.128327826995472,184
12.15806042603907,184
12.187679919411496,184
12.2171888091957,184
12.24658948916592,184
12.27588425167156,184
12.30507529394978,184
12.33416472392487,184
12.363154565545512,184
12.39204676370507,184
12.406922889085466,184
12.421739655690248,184
12.436497758286054,184
12.45119787860101,184
12.520840683164057,184
12.535426817046458,184
12.549956916974836,184
12.564431605072672,184
12.57885148856228,184
12.59321715976482,184
12.662529203252848,184
12.67678818586653,184
12.690994664238746,184
12.70514918598717,184
13.412406277986223,184
13.426465232999975,184
13.44047373454457,184
13.453190756173784,184
13.46586154136246,184
14.22788510951584,184
15.33624897632187,184
15.345961884738855,184
15.405148998977596,184
15.4113452999424,184
15.417509914519243,184
15.48046267885154,184
15.490020462455208,184
15.49954097825473,184
15.509024501921589,184
15.51847130726462,184
15.527881660642082,184
15.592255824388916,184
15.60159405987149,184
15.665896623538789,184
15.67516376744395,184
15.68439574274605,184
15.693592793451602,184
15.702755161704475,184
15.71188308592325,184
15.720976802663856,184
15.730036544756944,184
15.73906254130786,184
16.8466756280083,184
16.8556431114245,184
16.86457746397143,184
16.873478903578572,184
16.88234764445012,184
16.9461838986296,184
16.9549878790546,184
16.963759790318065,184
16.972499839173608,184
16.98120822492426,184
16.98988514687305,184
16.998530802460365,184
17.007145387263947,184
0.1000728384154291,185
0.1966799409280585,185
0.291259717900147,185
0.3819010898059507,185
0.4714267447179456,185
2.35724737193047,185
4.245846410054554,185
6.493301262475301,185
6.597495096662205,185
9.216760733959813,185
9.32513345702142,185
9.432712730321724,185
11.488164344557395,185
13.847912271719132,185
16.527989770050027,185
19.21048602280815,185
19.3273252570254,185
22.66739991122323,185
22.78791458439973,185
24.70062952340657,185
24.82114065124667,185
24.94124372240954,185
26.16008489576797,185
26.279426178123973,185
26.398391635968224,185
27.90401689710274,185
28.023023635867222,185
29.52865821402556,185
29.647673153811063,185
31.098324773371186,185
31.217401834006136,185
31.3363681230887,185
31.455053293692064,185
32.96037411912725,185
33.07923960010348,185
33.19794911960082,185
33.31650739562149,185
33.431178222952326,185
33.545725190000745,185
33.66008198450086,185
35.56711986684734,185
35.62729192440485,185
35.742305740907604,185
37.24416179742803,185
37.35961681482141,185
37.47492384114242,185
37.59007183660492,185
39.90377089772257,185
42.100770729835126,185
42.21816491402973,185
42.33539678394825,185
42.45266892155387,185
42.56978598239412,185
43.785844565209615,185
43.8481931158345,185
43.96545601788903,185
44.02763974654751,185
44.089745535978,185
44.20675703858392,185
44.32369322110969,185
44.44053258967686,185
44.50244063310559,185
44.564276018215374,185
44.681035287320974,185
44.797864562110455,185
44.91460768849596,185
44.97628157368492,185
45.09288716346343,185
45.90284677544789,185
46.01957631372717,185
48.21674506700423,185
48.334352407109925,185
48.45188917994737,185
49.66836683826243,185
49.78616803590552,185
49.90388567872504,185
50.02152114008392,185
50.83249945829835,185
50.945546380088,185
52.95061992745128,185
53.06467608253684,185
54.28207453330286,185
54.34579942012408,185
54.4503874071894,185
55.599382210618046,185
55.649737455045965,185
55.70006556073406,185
55.80535814920643,185
57.64838562170246,185
58.39309743801334,185
59.13809845606068,185
59.18992839390614,185
59.29672237867692,185
59.40311669940331,185
60.84137725467065,185
62.28018498057702,185
63.77451657885888,185
63.88251415277102,185
65.03487268472293,185
65.08859567353704,185
0.1000728384154291,186
0.1971799409280585,186
0.292259717900147,186
1.7638768205231328,186
3.467539013621538,186
3.5606932389470884,186
3.6529665314315065,186
3.744491096984128,186
3.780364589336756,186
3.870162103128928,186
3.959943187790514,186
3.9942562249564895,186
4.083141302470787,186
4.116853618077553,186
4.205398942282308,186
4.291210959603895,186
4.377131278565038,186
4.465676602769793,186
5.889413029420732,186
5.982006621699256,186
6.074638824208249,186
6.168103351298293,186
6.258222273591479,186
7.90734153151842,186
10.149129441979843,186
12.500389150384386,186
12.598218432668167,186
12.640601973089892,186
12.73764333412381,186
15.08691296264859,186
16.982459160539825,186
19.11335978195401,186
19.15944357872339,186
19.20569336697789,186
19.243299464735703,186
19.28103715092273,186
19.373515038791616,186
20.10438051730724,186
20.14212022260161,186
20.17988143399688,186
20.21766424462529,186
20.246465782675465,186
20.330267320427616,186
20.35906885847779,186
20.38787039652797,186
20.47180351898404,186
20.500871784094294,186
20.584673321846445,186
22.00362674057813,186
23.425751126411875,186
24.15610948860975,186
24.248364715877493,186
24.28566438615652,186
24.32300890148016,186
24.36039866417976,186
24.397834091487844,186
24.43531560063692,186
24.466584167483767,186
24.552947982254945,186
24.58440888211461,186
24.67096879616709,186
24.702629721764048,186
24.73439374477001,186
24.820953658822496,186
25.95388679862352,186
27.377665570977648,186
27.415976042899807,186
27.454510013613422,186
27.54827794716092,186
27.58729132920833,186
27.675125702324827,186
27.708090799901207,186
27.7411901345882,186
28.46188324600788,186
29.18514871508213,186
31.012983321252783,186
31.049318726215084,186
31.14092871085139,186
31.17782923117609,186
31.21503822043868,186
31.2525759665701,186
31.29046561852428,186
31.328733827028,186
31.4217287479374,186
32.90551175460549,186
32.949064078781326,186
32.99313635289999,186
33.03778898626896,186
33.08309829891058,186
33.11991700440975,186
33.15702150300475,186
33.18941049933763,186
33.22224423200222,186
33.25556615650984,186
33.34442915678354,186
33.378898954990824,186
33.41405950397583,186
33.450021765235384,186
33.54193930983873,186
33.58003879249426,186
0.1000728384154291,187
0.1966799409280585,187
0.2958411715595178,187
0.3967266046224358,187
0.4956837252812939,187
0.5255484071659403,187
0.5554130890505867,187
0.6397111334937172,187
0.6690002580272513,187
0.7520149250614004,187
1.4753253360378102,187
2.2555193801509694,187
3.388517131386932,187
4.528878617746673,187
4.624912311220102,187
4.720686205998877,187
4.816993940654781,187
4.913444542172905,187
5.00729221183395,187
5.093479298833366,187
5.179456570032593,187
5.213034820589777,187
5.302556027505156,187
5.391213019225355,187
7.513408739897962,187
8.658784706923718,187
10.659213145110364,187
12.866817076537366,187
15.02254040989613,187
15.153822247717136,187
17.540814903230366,187
20.249430403697925,187
23.287558774231645,187
26.436251948919143,187
27.92126920950038,187
28.074992108961727,187
29.560745532384,187
29.71520459468638,187
29.869843863202203,187
31.63480030289218,187
33.122291831627415,187
33.278488999242754,187
33.43468616685809,187
34.922835767896224,187
36.41162408333618,187
36.51411803765624,187
36.6166119919763,187
36.77410594629636,187
36.87659990061642,187
36.97909385493648,187
37.08158780925654,187
37.2390817635766,187
38.49565500787748,187
40.04051776910912,187
41.24314314354698,187
41.34715622931673,187
41.45116931508648,187
41.55518240085623,187
41.65919548662598,187
41.76320857239573,187
41.86722165816549,187
41.971234743935234,187
42.075247829704985,187
42.179260915474735,187
42.338274001244486,187
42.49728708701424,187
42.60130017278399,187
42.70531325855374,187
42.80932634432349,187
42.91333943009324,187
43.07235251586299,187
43.17636560163274,187
43.28037868740249,187
43.38439177317224,187
43.48840485894199,187
43.59241794471174,187
43.69643103048149,187
43.85544411625124,187
43.95945720202099,187
44.06347028779074,187
44.16748337356049,187
44.27149645933024,187
44.3755095451,187
44.47952263086975,187
44.583535716639496,187
44.687548802409246,187
44.791561888179,187
44.95057497394875,187
45.0545880597185,187
45.21360114548825,187
45.317614231258,187
45.42162731702775,187
47.373262822297626,187
47.47813885833945,187
47.58301489438127,187
47.68789093042309,187
47.84776696646492,187
48.00764300250674,187
48.11251903854856,187
48.21739507459039,187
0.1000728384154291,188
0.1966799409280585,188
0.291259717900147,188
0.3844010845099767,188
0.4758631653069451,188
1.6132431648938368,188
1.7061560868219006,188
1.797839239186849,188
1.8893856944399143,188
1.9803674476370767,188
3.1172300085940163,188
3.2099600615839807,188
3.302218956449129,188
3.394249340546874,188
4.8169534411557,188
6.241738220704345,188
6.334998203469066,188
6.427994972122459,188
6.520949183059482,188
6.558861201656608,188
6.596731377793102,188
6.634560061646251,188
6.6723475922174735,188
6.765053818029909,188
6.857841352028398,188
6.950588064295797,188
7.044669287306814,188
7.138956302804498,188
7.233159983558206,188
9.276909315986185,188
11.402594769401102,188
11.503394315046815,188
13.497591802877931,188
16.03972902554329,188
18.63945253322979,188
18.75406763465067,188
21.815056211106786,188
23.9581349128342,188
26.663973514737336,188
29.73369007074667,188
31.46914369825047,188
31.594656477135644,188
32.819112244779085,188
32.94423637190231,188
34.40113609672915,188
36.08176690347816,188
36.15271584697223,188
36.27843219038812,188
38.429582943395694,188
40.5817181284656,188
40.70919086768925,188
40.78162648721755,188
40.85402526059532,188
40.97866335917505,188
43.246929372945424,188
45.26485453431379,188
45.33684801034086,188
45.463556092277,188
47.73360960407316,188
47.861263309698536,188
50.01432930151806,188
51.52981634108993,188
53.60581394929029,188
53.68066654560993,188
53.81052556453803,188
53.93581672730276,188
54.05781473750387,188
54.12508186951681,188
54.24762832947394,188
54.31547065037475,188
54.43862744615812,188
54.507119831123845,188
54.631097866172176,188
54.75520505969357,188
57.58942700509601,188
59.607800648529945,188
59.73572073370124,188
59.80443745452403,188
63.16969264608662,188
64.3386310000696,188
64.40932855500306,188
64.48042743175372,188
64.55196267549023,188
64.67897604270007,188
64.80607667215966,188
66.67149338844472,188
68.82699507016804,188
70.85167069907868,188
73.23653846709793,188
73.37647944067648,188
74.84912379587462,188
74.93602379442895,188
75.08700024281647,188
76.57953679633874,188
76.68577898874113,188
76.84702118114352,188
78.95508113571844,188
80.8547392682646,188
80.99828192652815,188
82.52748849358039,188
0.1000728384154291,189
0.1416799409280584,189
0.236259717900147,189
0.3294010845099767,189
0.4214267333632353,189
0.513979184794783,189
0.5929570814522787,189
1.777889790192513,189
3.2041963424682685,189
3.298841877258706,189
5.340840025223184,189
5.43609651771872,189
7.326659767306733,189
9.32502811695606,189
11.579479240013374,189
14.126789000364935,189
17.140843011837337,189
20.21120334904185,189
23.38303048148505,189
25.602190006450208,189
25.69789411262221,189
25.79909128023755,189
25.90028844785289,189
26.00148561546824,189
26.10268278308358,189
26.203879950698923,189
26.305077118314266,189
26.40627428592961,189
26.50747145354495,189
26.60866862116029,189
26.70986578877564,189
26.86606295639098,189
26.967260124006323,189
27.068457291621662,189
27.16965445923701,189
27.27085162685235,189
27.42704879446769,189
27.58324596208304,189
27.68444312969838,189
27.785640297313723,189
27.886837464929062,189
27.98803463254441,189
28.08923180015975,189
28.19042896777509,189
28.29162613539044,189
28.39282330300578,189
28.494020470621123,189
28.595217638236463,189
28.69641480585181,189
28.852611973467152,189
28.95380914108249,189
29.05500630869784,189
29.15620347631318,189
29.257400643928523,189
29.358597811543863,189
29.45979497915921,189
29.560992146774552,189
29.66218931438989,189
29.81838648200524,189
29.91958364962058,189
30.020780817235924,189
30.176977984851263,189
30.27817515246661,189
30.379372320081952,189
30.48056948769729,189
30.63676665531264,189
30.73796382292798,189
30.839160990543323,189
30.940358158158663,189
31.09655532577401,189
31.197752493389352,189
31.29894966100469,189
31.40014682862004,189
31.55634399623538,189
31.657541163850723,189
31.758738331466063,189
31.91493549908141,189
32.01613266669675,189
32.11732983431209,189
32.21852700192743,189
32.319724169542766,189
32.420921337158106,189
32.577118504773445,189
32.678315672388784,189
32.779512840004124,189
32.88071000761946,189
32.9819071752348,189
33.08310434285014,189
33.18430151046548,189
33.28549867808082,189
33.44169584569616,189
33.5428930133115,189
33.64409018092684,189
33.74528734854218,189
33.90148451615752,189
34.002681683772856,189
34.103878851388195,189
34.205076019003535,189
34.306273186618874,189
36.86212941505001,189
0.1000728384154291,190
0.2081928663930287,190
0.3140833568784996,190
0.3640622395800008,190
0.4682703688823657,190
0.516810841221608,190
0.6197623983825684,190
0.7001929134930611,190
0.7236483153755904,190
0.7476402913089037,190
0.8222231064791918,190
0.8928813581223727,190
0.9621012006755114,190
0.9774367577265144,190
0.994210724798882,190
1.0130120172034145,190
1.0352790440301538,190
1.0644775434265972,190
1.0936760428230403,190
1.122874542219484,190
1.1520730416159273,190
1.1812715410123706,190
1.210470040408814,190
1.2396685398052574,190
1.2688670392017007,190
1.3450183505992532,190
1.3748418512622953,190
1.4046653519253374,190
1.4894888560156463,190
1.5193123566786886,190
1.5491358573417306,190
1.5789593580047727,190
1.6087828586678148,190
1.6386063593308569,190
1.668429859993899,190
1.698253360656941,190
1.728076861319983,190
1.7579003619830251,190
1.7877238626460672,190
1.8175473633091093,190
1.847370863972152,190
1.8771943646351927,190
1.9620178687255023,190
1.9918413693885448,190
2.0766648734788538,190
2.106488374141896,190
2.136311874804938,190
2.16613537546798,190
2.195958876131022,190
2.225782376794064,190
2.255605877457106,190
2.285429378120148,190
2.3152528787831903,190
2.4000763828734994,190
2.429899883536541,190
2.5147233876268507,190
2.5445468882898927,190
2.574370388952935,190
2.604193889615977,190
2.634017390279019,190
2.718840894369328,190
2.74866439503237,190
2.778487895695412,190
2.8083113963584543,190
2.8931349004487634,190
2.922958401111805,190
2.952781901774848,190
2.9826054024378896,190
3.012428903100932,190
3.0422524037639738,190
3.072075904427016,190
3.101899405090058,190
3.1317229057531,190
3.161546406416142,190
3.191369907079184,190
3.221193407742226,190
3.251016908405268,190
3.2808404090683103,190
3.3656639131586195,190
3.395487413821661,190
3.425310914484704,190
3.4551344151477457,190
3.484957915810788,190
3.51478141647383,190
3.599604920564139,190
3.684428424654448,190
3.71425192531749,190
3.744075425980532,190
3.7738989266435743,190
3.803722427306616,190
3.8335459279696575,190
3.918369432059968,190
3.9481929327230096,190
3.978016433386052,190
4.007839934049094,190
4.037663434712136,190
4.067486935375178,190
4.09731043603822,190
4.127133936701262,190
4.156957437364304,190
0.1000728384154291,191
0.1966799409280585,191
0.291259717900147,191
2.3373279219900405,191
4.928923657957056,191
5.03405885519984,191
5.133135312521484,191
5.231255316460159,191
7.849644070942547,191
10.524969322601702,191
13.819936642877607,191
17.160426318822644,191
20.2787122005344,191
21.496689559656108,191
21.615565546130743,191
21.73416424722758,191
21.852697587916577,191
23.918516736395937,191
24.03829785161104,191
24.157862750310088,191
25.66430505263658,191
27.39477048408228,191
27.5155654030157,191
27.63601240207217,191
28.44980190050867,191
28.57049004213108,191
28.69104805592709,191
28.811479242820152,191
28.931639605397123,191
29.05080769968332,191
29.169669986689662,191
29.288211045004832,191
30.793471583772394,191
30.912129145705105,191
31.72320239923381,191
31.84096865527844,191
31.95856540356469,191
32.714512644350265,191
32.83214802320974,191
35.660172480812435,191
37.6720522268312,191
37.79282572022888,191
39.65118286656982,191
40.871615934288144,191
40.99320630115678,191
41.059755788011415,191
41.12612890125644,191
41.24733165101829,191
42.46739556624825,191
42.58874030037806,191
42.70992317066232,191
42.83096581863304,191
42.94492214465381,191
44.09807699465991,191
44.204624439718735,191
47.52343091091619,191
48.2775573302398,191
48.338461559073,191
48.4541879396743,191
49.901805542335936,191
49.95180932052536,191
50.00178278975291,191
50.106716662571856,191
52.93197467915816,191
54.08367493741317,191
54.13673950351877,191
54.244780812339016,191
54.35274079062147,191
55.84753992773695,191
56.59444799639387,191
58.04014806837381,191
58.09953740773538,191
58.15891042902877,191
58.27319100454858,191
59.43157092412415,191
61.69004112641055,191
62.44472031572354,191
63.89313603566141,191
63.955216439583,191
64.0722562213453,191
64.18925570832234,191
64.30619603929223,191
65.75501770360638,191
67.61015911151392,191
67.67349922023685,191
67.73679784605088,191
67.85505533029237,191
67.97323673751531,191
69.42324005130173,191
70.92875164316237,191
70.99307439666806,191
71.10712642713038,191
73.005836320357,191
74.21180708451716,191
74.31906043483464,191
75.8181391000998,191
76.62438650301846,191
76.73744172270482,191
78.18246362378096,191
79.85144139565672,191
0.1000728384154291,192
0.1966799409280585,192
0.284541422479149,192
2.325964997745278,192
2.4201327806333133,192
2.513241343541047,192
2.605476321661737,192
2.6969678837942017,192
2.785187392322911,192
2.872834070413006,192
2.96032844373454,192
3.0476750273393525,192
3.1348780680583848,192
3.221099688498868,192
3.2525605883585347,192
3.339046063660277,192
4.472134652374876,192
4.561798612414492,192
6.547548453150881,192
8.43780998402704,192
8.53650570177902,192
10.665463927029265,192
10.77061646693815,192
11.925834600151395,192
12.038626093662977,192
14.29564918974757,192
16.67921841807537,192
16.82069561485246,192
16.962172811629554,192
19.30365045213536,192
21.9613239432044,192
24.76551600554187,192
24.91665786677713,192
25.06779972801239,192
26.774408828220835,192
29.702168634718728,192
31.45291383777196,192
31.59348811102013,192
31.72872318111829,192
31.86278042085989,192
31.939955130903734,192
32.070324774219884,192
32.20021327737556,192
33.374861304238465,192
35.58554693874068,192
36.41032338357156,192
36.54137730119357,192
37.771514387811365,192
37.90121996859396,192
38.029594534172695,192
39.25649854184408,192
41.176943683042914,192
42.916068704129074,192
43.04547623685695,192
45.255652752318376,192
45.38580054192395,192
45.514981626769305,192
48.04291323929576,192
50.06436028782032,192
50.19088628150683,192
50.3083472699688,192
52.85410384841423,192
52.96939741827708,192
54.976528517978,192
55.09263407446604,192
55.15362686298948,192
55.2145093754695,192
55.32994727797966,192
57.18291752047997,192
59.3245255202816,192
59.38652880497437,192
59.50330877311688,192
60.313195824699214,192
61.06878733642559,192
61.18581610925656,192
63.09514313943844,192
63.21275989718895,192
65.76167242236596,192
67.82720534511071,192
67.94650058455926,192
69.10956172652703,192
69.22882077850562,192
71.29501722015601,192
71.41516686238509,192
71.53522294767362,192
73.54679840810758,192
73.66735583551389,192
73.78762408353549,192
75.9880292043851,192
76.1088873744772,192
78.81540864713651,192
81.57801097639066,192
84.19248245407898,192
84.32175949549445,192
86.23182681536444,192
86.35003283953436,192
86.4684157628394,192
88.98612382596501,192
89.1057074624873,192
90.32415145224104,192
0.1000728384154291,193
0.2151243381986281,193
0.3301758379818272,193
0.4457273377650263,193
0.5612788375482254,193
0.6733646014286248,193
0.7819846294062244,193
0.8865500063027423,193
0.9873890983089676,193
1.0837281899675597,193
1.180067281626152,193
1.2764063732847442,193
1.3177454652413596,193
1.359084557197975,193
1.4004236491545905,193
1.4967627408131827,193
1.5381018327697982,193
1.5794409247264136,193
1.620780016683029,193
1.7171191083416213,193
1.7584582002982367,193
1.7997972922548522,193
1.841136384211468,193
1.882475476168083,193
1.9238145681246983,193
1.957849099688219,193
1.99188363125174,193
2.02591816281526,193
2.0599526943787803,193
2.0939872259423007,193
2.128021757505821,193
2.217056285046028,193
2.3075292291268577,193
2.345029495112585,193
2.385995495520519,193
2.487454559110092,193
2.533913622997688,193
2.5803726868852843,193
2.6268317507728804,193
2.673290814660477,193
2.7197498785480727,193
2.766208942435669,193
2.812668006323265,193
2.914127069912838,193
2.960586133800434,193
3.00704519768803,193
3.0535042615756263,193
3.0999633254632224,193
3.1464223893508185,193
3.2478814529403914,193
3.294340516827988,193
3.340799580715584,193
3.38725864460318,193
3.4887177081927527,193
3.535176772080349,193
3.581635835967945,193
3.628094899855541,193
3.674553963743137,193
3.721013027630733,193
3.7674720915183295,193
3.8139311554059256,193
3.8603902192935218,193
3.906849283181118,193
3.953308347068714,193
4.054767410658287,193
4.101226474545883,193
4.147685538433479,193
4.194144602321075,193
4.240603666208672,193
4.287062730096268,193
4.333521793983864,193
4.37998085787146,193
4.481439921461033,193
4.527898985348629,193
4.574358049236225,193
4.675817112825798,193
4.777276176415371,193
4.823735240302967,193
4.870194304190563,193
4.916653368078159,193
4.963112431965755,193
5.009571495853352,193
5.056030559740948,193
5.102489623628544,193
5.894450161062168,193
5.935709375344204,193
5.9752862261757125,193
6.067168097399162,193
6.104485023222851,193
6.142278499357389,193
6.180598779968904,193
6.219507973097252,193
6.25908482392876,193
6.354432429574417,193
6.395691643856453,193
6.438066575132297,193
6.48254800906031,193
6.53049517741053,193
6.57844234576075,193
6.626389514110969,193
0.1000728384154291,194
0.1971799409280585,194
0.292259717900147,194
0.3309010845099767,194
0.4234267333632353,194
0.5155675770108132,194
0.5524821377004506,194
0.644054684755666,194
0.7353071225170567,194
0.7712587176711151,194
0.8541474996954986,194
0.9368667735607216,194
2.1235107316524573,194
2.2111863626987525,194
2.938766731217582,194
3.027900388732631,194
3.117586409941394,194
5.238300359144885,194
5.334045885399062,194
7.576940773323256,194
10.26725268204518,194
12.623922584846694,194
15.77919060406625,194
19.37667241784293,194
19.50183453643514,194
22.963061375547827,194
24.88396493032656,194
27.498862559878543,194
27.62819411313394,194
27.756943162055418,194
27.88513106910969,194
29.95946369339084,194
32.285665142952304,194
34.61155179263797,194
34.73977842515144,194
34.85927904080359,194
36.58886516609257,194
36.69656026133364,194
36.8041231907255,194
36.91154677935904,194
37.018845093930416,194
37.126661752844505,194
37.234257010305576,194
39.90900471576517,194
41.81135216125315,194
41.92174035080736,194
42.03197154917782,194
42.142111395979576,194
42.252138046110325,194
42.36194821217125,194
43.85860677578514,194
43.96884213903015,194
46.1576923034436,194
46.27143957150034,194
47.48430748740753,194
47.59844919415024,194
48.40605350087091,194
48.51196250567838,194
48.61777084569141,194
51.2960402749065,194
51.40918612745956,194
53.82672513065828,194
56.34137798291835,194
57.15153026493947,194
57.268401774258194,194
57.385110712178566,194
57.44692582103599,194
57.56368090092379,194
57.68037666399589,194
57.78751717527023,194
57.8945978881847,194
58.00162454713693,194
60.59607621301523,194
62.49825473893991,194
62.608643904520186,194
64.1059149654638,194
64.21683213878981,194
66.06532774139754,194
66.17596068997494,194
67.8422905506622,194
68.99821832795254,194
69.11041174103133,194
71.78213367630354,194
74.78241238762251,194
76.44740901161543,194
77.19644395281188,194
77.3072844000589,194
79.15576867778412,194
80.82264976222626,194
82.96058754642121,194
83.07400976885668,194
84.74249159563891,194
86.74825703371874,194
86.86313702930323,194
86.92306184415332,194
86.9830318989288,194
87.09804759938828,194
87.21292263288609,194
89.22448034742857,194
90.3891768495937,194
0.1000728384154291,195
0.1966799409280585,195
0.291259717900147,195
0.3867511026562054,195
0.4829966018609366,195
0.5791920965895963,195
0.6748921368050347,195
0.7696492211714354,195
0.8090301884316482,195
0.9030613627488264,195
0.996959195830594,195
1.0886273695013626,195
1.1801585493466955,195
1.2174156321070295,195
1.3105222148678406,195
1.4037222577116593,195
1.440175307341586,195
1.5317549457631214,195
2.961619829185973,195
3.0615021338543995,195
3.1600726147971256,195
4.587875058301459,195
4.633437794991504,195
4.744397742100726,195
4.800357685782681,195
4.856317629464637,195
4.956880373307238,195
7.218728584595691,195
9.775749487229358,195
12.562200826951038,195
15.20950226242162,195
18.24658798462088,195
21.69519099956453,195
25.07124376985125,195
26.83864263791812,195
29.07724349301857,195
29.236402806439184,195
30.994730632028425,195
31.138929196990603,195
33.77435512829393,195
33.935860532695926,195
34.097365937097926,195
36.56272666348268,195
36.715105089164986,195
37.95922822675901,195
40.18340584371113,195
42.67553999689824,195
42.840873256411314,195
45.66084243768546,195
45.81330955906792,195
45.96056941107624,195
48.36567253951429,195
48.5335877826667,195
48.64650302581911,195
48.79793908464149,195
51.21439197368684,195
51.38325976973814,195
51.55212756578944,195
53.74616995959802,195
56.34673263544481,195
56.5173886615036,195
58.99147154192214,195
59.16296932934662,195
59.33446711677111,195
61.9047499177105,195
62.07713744585151,195
64.83466439985473,195
65.0081340242427,195
67.52531285645729,195
67.69959641587351,195
70.51393096236609,195
70.68920817924341,195
70.86448539612073,195
72.64954466455404,195
75.12842344973367,195
75.30471714191926,195
77.99180421833042,195
78.16894193728004,195
81.18034943266845,195
81.34035565320201,195
83.69465986704941,195
86.27192972983964,195
86.45130431983151,195
86.6073617143528,195
89.19693390727261,195
89.35110638896107,195
91.45211154234345,195
91.60459613277904,195
93.95571115293684,195
94.10801952910592,195
96.56388534061549,195
96.71819327900204,195
96.87232878650823,195
99.51233948701514,195
99.6673758166085,195
101.90258001149192,195
102.05592433541848,195
104.69526064716844,195
104.84943628625224,195
105.00258050554868,195
0.1000728384154291,196
0.1966799409280585,196
0.291759717900147,196
0.3854010845099767,196
0.4779267333632352,196
0.5635066356742031,196
0.5939577755046589,196
0.6155621580391013,196
0.6918807485043439,196
0.768043076252066,196
0.7891670896360603,196
0.8102530800231285,196
0.8313013343820197,196
0.9073121353822652,196
0.928285761490073,196
0.9492224870613928,196
0.970122582432252,196
0.990986314006466,196
1.0118139443408127,196
1.087605732227766,196
1.155011567730599,196
1.1680941000656584,196
1.1813598030666166,196
1.194815643045521,196
1.263349609613941,196
1.275334406808541,196
1.2901780364816644,196
1.3053301332300165,196
2.018303668290899,196
2.038378831163571,196
2.1131090337192275,196
2.18823548050277,196
2.263792302623913,196
2.28482005761616,196
2.359398849472926,196
2.433077432379649,196
2.452656228259728,196
2.472670078442023,196
2.4931604826604583,196
2.51417768763058,196
2.535783808842824,196
2.612086806610749,196
2.6351406184738138,196
2.713909937233255,196
2.7385145241176345,196
2.764122463927196,196
2.8459869773840167,196
2.8745338508640983,196
2.905634854153321,196
2.942228917196916,196
2.984316043720172,196
3.0814031662201145,196
3.1234902927433708,196
3.165577419266627,196
3.207664545789884,196
3.304751668289826,196
3.3468387948130824,196
3.434467122123168,196
3.5315542446231105,196
3.573641371146367,196
3.615728497669623,196
3.65781562419288,196
3.699902750716136,196
3.741989877239392,196
3.784077003762648,196
3.8261641302859046,196
3.868251256809161,196
3.910338383332417,196
3.9524255098556735,196
3.99451263637893,196
4.091599758878873,196
4.133686885402129,196
4.175774011925386,196
4.217861138448642,196
4.259948264971898,196
4.302035391495155,196
4.344122518018411,196
4.386209644541667,196
4.428296771064924,196
4.47038389758818,196
4.512471024111436,196
4.600099351421521,196
4.642561476842092,196
4.740023601964639,196
4.837485727087186,196
4.879947852507756,196
4.922409977928327,196
5.019872103050874,196
5.062334228471444,196
5.159796353593992,196
5.202258479014562,196
5.244720604435132,196
5.287182729855703,196
5.329644855276273,196
5.42710698039882,196
5.469569105819391,196
5.512031231239961,196
5.554493356660531,196
5.596955482081102,196
5.694417607203649,196
0.1000728384154291,197
0.2151243381986281,197
0.3301758379818272,197
0.4452273377650263,197
0.5602788375482254,197
0.6753303373314244,197
0.7764024370279031,197
0.8719145738448816,197
0.9633312084641176,197
1.0527727314200122,197
1.1363461621966082,197
1.1692537263896186,197
1.2021612905826289,197
1.9889629864062983,197
2.02761748516223,197
2.066271983918162,197
2.104926482674094,197
2.200888604756804,197
3.3459599920477587,197
3.4489071600999552,197
3.496854328450175,197
4.2405560248460485,197
4.98647566967866,197
5.734310530957194,197
5.788998213496418,197
5.843685896035643,197
5.898373578574867,197
5.953061261114092,197
6.007748943653317,197
6.062436626192541,197
6.117124308731766,197
6.171811991270991,197
6.226499673810215,197
6.28118735634944,197
6.335875038888664,197
6.390562721427889,197
6.5002503999438,197
6.554938082483025,197
6.609625765022249,197
6.664313447561474,197
6.774001126077385,197
6.82868880861661,197
6.938376487132521,197
6.9930641696717455,197
7.04775185221097,197
7.102439534750195,197
7.157127217289419,197
7.211814899828644,197
7.266502582367869,197
7.321190264907093,197
7.430877943423004,197
7.485565625962229,197
7.540253308501454,197
7.594940991040678,197
7.649628673579903,197
7.704316356119127,197
7.814004034635039,197
7.868691717174263,197
7.923379399713488,197
7.978067082252712,197
8.032754764791937,197
8.087442447331162,197
8.142130129870386,197
8.196817812409611,197
8.251505494948836,197
8.361193173464747,197
8.415880856003971,197
8.470568538543196,197
8.580256217059107,197
8.634943899598332,197
8.689631582137556,197
8.744319264676781,197
8.799006947216006,197
8.85369462975523,197
8.908382312294455,197
8.96306999483368,197
9.017757677372904,197
9.072445359912129,197
9.18213303842804,197
9.236820720967264,197
9.291508403506487,197
9.346196086045714,197
9.455883764561625,197
9.51057144710085,197
9.565259129640074,197
9.6199468121793,197
9.674634494718523,197
9.784322173234434,197
9.894009851750344,197
9.94869753428957,197
10.003385216828796,197
10.05807289936802,197
10.16776057788393,197
10.222448260423157,197
10.27713594296238,197
10.331823625501604,197
10.441511304017515,197
10.500948984065158,197
10.6153866641128,197
10.72982434416044,197
0.1000728384154291,198
0.2081928663930287,198
0.3232443661762277,198
0.4382958659594268,198
0.5533473657426259,198
0.668398865525825,198
0.7694709652223036,198
0.8668581002511427,198
2.361858462647383,198
3.806204294518416,198
5.477914308861678,198
7.152958368615096,198
9.420361255959456,198
10.883829039858329,198
13.268127926332411,198
16.063303573069934,198
18.638864722207533,198
21.561067006099293,198
24.83857989874962,198
27.01888193891185,198
28.912496648058145,198
31.09505260695713,198
32.99082516195494,198
34.48171170247207,198
34.641303881869305,198
34.74589606126654,198
34.85048824066378,198
34.955080420061016,198
35.05967259945825,198
35.21926477885549,198
35.323856958252726,198
35.42844913764996,198
35.5330413170472,198
35.63763349644444,198
35.742225675841674,198
35.84681785523891,198
35.95141003463615,198
36.05600221403338,198
36.16059439343062,198
36.26518657282786,198
36.369778752225095,198
36.47437093162233,198
36.57896311101957,198
36.683555290416805,198
36.78814746981404,198
36.89273964921128,198
36.99733182860852,198
37.15692400800575,198
37.26151618740299,198
37.42110836680023,198
37.52570054619746,198
37.6852927255947,198
37.789884904991936,198
39.04851377856856,198
39.153530363477074,198
39.25854694838559,198
39.3635635332941,198
39.46858011820261,198
39.57359670311112,198
39.67861328801963,198
39.78362987292815,198
39.88864645783666,198
40.04866304274517,198
40.15367962765368,198
40.25869621256219,198
40.418712797470704,198
40.523729382379216,198
40.62874596728773,198
40.73376255219624,198
40.83877913710475,198
40.99879572201326,198
41.103812306921775,198
41.20882889183029,198
41.3138454767388,198
41.41886206164731,198
41.52387864655582,198
41.628895231464334,198
41.788911816372845,198
41.89392840128136,198
41.99894498618987,198
42.10396157109838,198
42.20897815600689,198
42.313994740915405,198
42.41901132582392,198
42.52402791073243,198
42.68404449564094,198
42.78906108054945,198
42.89407766545797,198
42.99909425036648,198
43.10411083527499,198
43.2091274201835,198
43.31414400509201,198
43.47416059000052,198
43.57917717490904,198
43.684193759817546,198
43.78921034472606,198
43.89422692963457,198
43.99924351454308,198
44.1042600994516,198
44.209276684360105,198
0.1000728384154291,199
0.1966799409280585,199
0.291259717900147,199
0.3844010845099767,199
0.4674352546595522,199
0.4948152268043337,199
0.576616776954118,199
0.657899934956528,199
0.7393761671395769,199
0.8213131834353207,199
0.9029839771584705,199
0.984617870345132,199
1.065397004851932,199
1.1464419828603118,199
1.2272632813994846,199
1.253053427189904,199
1.278812613129084,199
1.304541029740392,199
1.3851482282936505,199
1.46590741423283,199
1.5468233528214304,199
1.5729011178325407,199
1.599146122513989,199
1.6802568909452562,199
1.7067458464475516,199
1.788643952041085,199
1.8707397118284017,199
1.894791262604168,199
1.9190574385299,199
1.943547867618373,199
1.9682730812652616,199
1.993244650222233,199
2.01847534478443,199
2.0439793322308573,199
2.0697724171056064,199
2.1505063273085865,199
2.1781683623863968,199
2.2061530895604404,199
2.2894827820433887,199
2.373183014251164,199
2.4022834602816614,199
2.43181896247702,199
2.5160034377201117,199
2.545630684502295,199
2.630743747956923,199
2.661394969008735,199
2.6926493275983843,199
2.724589690945914,199
2.7573253776951345,199
2.7910072732790026,199
2.825857244811824,199
2.8622341234310182,199
2.9008201662524256,199
2.9434608597381624,199
2.9930330257936038,199
3.042605191849044,199
3.092177357904485,199
3.141749523959926,199
3.191321690015367,199
3.240893856070808,199
3.2904660221262487,199
3.3400381881816896,199
3.3896103542371305,199
3.4391825202925714,199
3.4887546863480123,199
3.538326852403453,199
3.587899018458894,199
3.692471187941602,199
3.742043353997043,199
3.791615520052484,199
3.896187689535192,199
3.945759855590633,199
3.9953320216460737,199
4.044904187701515,199
4.149476357184223,199
4.199048523239664,199
4.248620689295104,199
4.298192855350545,199
4.347765021405986,199
4.397337187461427,199
4.446909353516868,199
4.496481519572309,199
5.703799825541547,199
5.757505823306611,199
5.811211821071676,199
5.86491781883674,199
5.918623816601804,199
5.972329814366868,199
6.026035812131933,199
6.079741809896997,199
6.133447807662061,199
6.187153805427125,199
6.24085980319219,199
6.294565800957254,199
6.348271798722318,199
6.45697780363994,199
6.565683808557561,199
6.6193898063226255,199
6.67309580408769,199
6.726801801852754,199
0.1000728384154291,200
0.1966799409280585,200
0.29175971790014704,200
0.3854010845099767,200
1.1731435481810917,200
3.911996049096619,200
4.01049820076469,200
4.107974034955536,200
4.204598759522472,200
4.296809521725212,200
6.128582564404045,200
6.167026055266891,200
6.204980270227228,200
6.242488843610321,200
6.33458826433662,200
6.426376168837582,200
7.851245467772518,200
9.506404524111101,200
9.606740482567307,200
9.63960363757467,200
9.67232185643768,200
9.704217173574921,200
9.790959157465455,200
9.8774796132431,200
11.915245593009946,200
13.801242173133847,200
16.04126626294708,200
17.75000876229858,200
17.849041574119088,200
20.732149713157174,200
23.9827892319041,200
24.03057515851433,200
24.13301833949263,200
26.891913975097488,200
29.951537188411272,200
30.06637396661025,200
33.363720961250586,200
33.482570523692345,200
34.64521867754735,200
34.76387949362921,200
37.314131301310184,200
39.17184362662443,200
39.29247684069092,200
41.55635957974856,200
41.67767954301345,200
41.73655845397107,200
41.850287699968895,200
41.96387163103301,200
42.07731435144736,200
42.190613678175374,200
42.30381502136386,200
42.412439181653625,200
45.57389853595606,200
47.63780918586761,200
48.854818188873274,200
50.58333616066549,200
50.702329645747994,200
50.821225478540335,200
52.83199648877498,200
52.951787050026475,200
53.01652207443487,200
53.13620217209797,200
53.2558279398547,200
53.375399961712674,200
53.49490560357147,200
53.61428589294284,200
53.664212848195724,200
53.769117447683506,200
53.81899978885978,200
53.92381281326144,200
54.02849307576745,200
56.794176703763114,200
56.90678750959551,200
57.00910354641592,200
59.62374616650259,200
62.389463410654855,200
62.502059200499666,200
63.65878820103105,200
65.15888223385197,200
65.27264939660456,200
65.38627351391182,200
66.59897239393347,200
66.65798659796371,200
66.77192944771745,200
66.88582009130648,200
68.89128052462436,200
70.74354644903299,200
70.80402480707706,200
70.91935386284783,200
70.97980006459555,200
71.04020113858236,200
71.15555748847066,200
71.90936954023975,200
73.35694050880599,200
73.41281144423381,200
73.4686680700883,200
73.57947611160508,200
73.69045010104925,200
73.80140887690649,200
73.85550354683039,200
