Time,run_id
0.1000728384154291,1
0.1971799409280585,1
0.292259717900147,1
0.3859010845099767,1
0.4784267333632353,1
0.5150407744325242,1
0.6058840621026766,1
0.6410596928097065,1
0.7306464083384545,1
0.7647063212889134,1
0.7982896833403506,1
0.8314379885068397,1
0.8641860801349611,1
0.8965636319023139,1
0.983596219312232,1
1.015306114116462,1
1.04671288581161,1
1.0778338654375583,1
1.108684508957155,1
1.1392786860048143,1
1.2246289122316265,1
1.2548498715643068,1
1.2849448219371171,1
1.3699168610929011,1
1.454768938114969,1
1.484503863877995,1
1.5141243205416917,1
1.5436328701944075,1
1.5730319627397142,1
1.602323943107084,1
1.6315110578575522,1
1.6605954612465188,1
1.6895792207983324,1
1.7184643224408331,1
1.7472526752424344,1
1.7759461157894745,1
1.8045464122373465,1
1.833055268065248,1
1.8614743255611588,1
1.889805169060856,1
1.918049327962286,1
1.9462082795344424,1
1.9742834515379564,1
2.057276224672932,1
2.085187934868018,1
2.1130198754233933,1
2.140773299019126,1
2.168449419599327,1
2.1960494141415428,1
2.2235744243200006,1
2.251025558070548,1
2.278403891064438,1
2.299496020010386,1
2.3205491877202333,1
2.341563695443664,1
2.362539839807536,1
2.3834779129214816,1
2.404378202480314,1
2.425240991863365,1
2.4460665602308564,1
2.521855182617436,1
2.542607130022958,1
2.563322669500624,1
2.627927666468637,1
2.637514623729769,1
2.647083606136312,1
2.656634678075942,1
2.6661679034766967,1
2.675683345811877,1
2.740181068104884,1
2.749661132933983,1
2.7591236024370063,1
2.7685685383159835,1
2.777996001841712,1
2.787406053858261,1
2.796798754787415,1
2.8061741646330542,1
2.810069388854569,1
2.810600120919069,1
2.8111137589498254,1
2.811610361188974,1
2.8120899854831163,1
2.8125526892873376,1
2.8129985296691657,1
2.813427563312481,1
2.8138398465213688,1
2.8142354352239294,1
2.814614384976027,1
2.811023210474328,1
2.8074209984405534,1
2.803807773186467,1
2.800183558916968,1
2.7917083585329943,1
2.7832276786964174,1
2.774741525405545,1
2.7662499046455653,1
2.812752822388593,1
2.8042502845937087,1
2.7957422972070045,1
2.842228866161624,1
0.1000728384154291,2
0.1966799409280585,2
0.236759717900147,2
0.3304010845099767,2
0.3679267333632353,2
0.4595407744325241,2
0.4953840621026767,2
0.5305596928097066,2
0.5651464083384546,2
0.6542063212889135,2
0.6877896833403507,2
0.7209379885068399,2
0.8086860801349613,2
0.8410636319023141,2
0.8730962193122322,2
0.9598061141164624,2
1.0463470220227762,2
1.1329030585336726,2
1.1644742695630448,2
1.1960607013043232,2
1.28248220055062,2
2.759083915469224,2
2.849094990786892,2
3.633869559758305,2
4.416686983101964,2
4.506075077944398,2
4.595376641743779,2
4.684521378272176,2
4.773583666675687,2
4.807634284042716,2
4.896401700817942,2
4.985158113085627,2
5.018903550946116,2
5.052638036453128,2
5.086361591958403,2
5.120074243538976,2
5.153776013546586,2
5.242338435047269,2
5.275953994386792,2
6.001357482069134,2
6.033656728708148,2
6.065999263220429,2
6.153385461562276,2
6.185815719210505,2
6.273158249699473,2
6.305544452064633,2
6.337974709712863,2
6.370449410074353,2
6.402968955480456,2
6.490466025912165,2
6.524091479622721,2
6.557762385600209,2
6.591479164802432,2
6.625242241912484,2
6.714052045040726,2
6.747909018092751,2
7.526666590266823,2
7.557337153025865,2
7.588068616830706,2
7.618861734189987,2
7.70453229478836,2
7.783897883512973,2
8.503939635374547,2
8.530950048261285,2
8.614169770174623,2
9.337651127272249,2
10.061242693358064,2
10.0917713169688,2
10.177385655485988,2
10.208087207072378,2
10.238877521150709,2
10.324491859667898,2
10.355630911209584,2
10.386858725243211,2
10.418176898055671,2
10.449587100439668,2
10.481091053479314,2
10.512690552764536,2
10.54438746094048,2
10.576183707707523,2
10.60808131217301,2
10.640082367950082,2
10.67218905805886,2
10.70440366982758,2
10.73672857999146,2
10.769166277044416,2
10.801719361239076,2
10.889390559189916,2
10.922182732515932,2
11.0096777838403,2
11.042348982089162,2
11.075202756815552,2
11.108246029608846,2
11.1414862659508,2
11.17493154227078,2
11.20859062790215,2
11.242473074489236,2
11.276589327746034,2
11.310950861566663,2
11.345570334487558,2
0.1000728384154291,3
0.1966799409280585,3
0.291259717900147,3
0.3861844592296704,3
0.4795927532517536,3
0.5742266603314503,3
0.6015082762145623,3
0.6297293507063015,3
0.710656506618224,3
0.7908258267247303,3
0.8822057225310429,3
0.9153632835054024,3
0.9996867865824326,3
1.0247897875064238,3
1.049892788430415,3
1.1299957834684475,3
1.1550987843924387,3
1.18020178531643,3
1.2053047862404211,3
1.2304077871644123,3
1.2555107880884036,3
1.2806137890123948,3
1.305716789936386,3
1.3858197849744185,3
1.4109227858984097,3
1.4910257809364422,3
1.5711287759744748,3
1.6512317710125073,3
1.7313347660505398,3
1.756437766974531,3
1.836540762012564,3
1.8616437629365548,3
1.886746763860546,3
1.9118497647845367,3
1.9369527657085284,3
1.96205576663252,3
1.9871587675565108,3
2.012261768480502,3
2.0923647635185345,3
2.1174677644425257,3
2.142570765366517,3
2.167673766290508,3
2.1927767672145,3
2.2178797681384905,3
2.2429827690624817,3
2.268085769986473,3
2.293188770910464,3
2.318291771834456,3
2.3433947727584465,3
2.423497767796479,3
2.503600762834512,3
2.528703763758503,3
2.553806764682494,3
2.6339097597205265,3
2.6590127606445177,3
2.684115761568509,3
2.7092187624925,3
2.734321763416492,3
2.7594247643404826,3
2.839527759378515,3
2.8646307603025063,3
2.889733761226497,3
2.9148367621504887,3
2.994939757188521,3
3.0200427581125124,3
3.100145753150545,3
3.125248754074536,3
3.150351754998528,3
3.1754547559225186,3
3.255557750960551,3
3.2806607518845423,3
3.360763746922575,3
3.385866747846566,3
3.4109697487705573,3
3.4360727496945485,3
3.516175744732581,3
3.541278745656572,3
3.5663817465805634,3
3.5914847475045546,3
3.616587748428546,3
3.641690749352537,3
3.666793750276528,3
3.69189675120052,3
3.716999752124511,3
3.742102753048502,3
3.767205753972493,3
3.792308754896484,3
3.8719117563718175,3
3.951514757847153,3
3.976117757757865,3
4.000720757668577,3
4.025323757579289,3
4.0499267574900015,3
4.074529757400714,3
4.154132758876048,3
4.178235757773481,3
4.257338758235536,3
4.281941758146249,3
4.306544758056961,3
4.331147757967673,3
0.1000728384154291,4
0.1966799409280585,4
0.291259717900147,4
0.3913325563155762,4
0.4994525842931758,4
0.6145040840763749,4
0.7121104478700538,4
0.7491568505628486,4
0.7821077547831913,4
0.8680835433168789,4
0.953095383183517,4
1.0315441481633565,4
1.0521954588456532,4
1.0708053961260695,4
1.0834183974056026,4
1.089504161091008,4
0.078761139125981,4
0.1000728384154291,5
0.1966799409280585,5
0.291259717900147,5
0.3309235304638175,5
0.42542066092615,5
0.4650238869992169,5
0.5042619873972094,5
0.5431598204789768,5
0.6367390744888137,5
0.7296816313867676,5
2.3814906933245297,5
3.173203660263462,5
3.2717694466424496,5
3.3695774835308008,5
4.161855364985939,5
4.256665500648495,5
4.348561632283207,5
4.3852436643319095,5
4.47655088717508,5
4.513394011952158,5
4.6047290850656,5
5.3902433801667655,5
5.48324128875899,5
7.316457240678545,5
9.30700608978438,5
11.712835757829424,5
13.897672145463702,5
16.31356969245771,5
16.42654013282325,5
18.839855190577765,5
18.95034172034528,5
19.06063215083148,5
19.17145104354884,5
22.17605848258998,5
25.13429814228884,5
25.2570481393786,5
28.47450587664004,5
30.905067115801245,5
33.11356342994222,5
33.242467133510374,5
34.06438705267867,5
34.192582060658395,5
35.41950780024826,5
36.9343536546517,5
37.06259649455802,5
37.190645848014576,5
38.92869446305847,5
39.05709129658835,5
39.18531267351917,5
40.00676719354048,5
40.12538516776218,5
40.24394011007204,5
40.36231605963364,5
41.81752066413572,5
41.93114882806948,5
43.089370549718645,5
44.75926596025637,5
44.87468055735042,5
45.62863073597362,5
47.53717003117016,5
47.64960767428091,5
51.11374546686819,5
53.37523581186941,5
53.48712962220123,5
56.64744847367218,5
58.50095563481262,5
60.92172556469848,5
61.03920004616192,5
62.543422439197805,5
63.99312887440136,5
64.1111637810867,5
66.12542247737272,5
66.24875307126278,5
68.10977457753322,5
68.2339916097713,5
69.69014213624939,5
69.80445087346777,5
69.91870481911644,5
71.07760508004174,5
73.08495290223107,5
74.5883922094439,5
74.70521922800287,5
76.71401282045588,5
77.4703893849586,5
79.32620241138682,5
79.44517506304726,5
81.11974180880532,5
81.23996693286642,5
83.6074615159963,5
83.72728122416481,5
86.19183958712563,5
86.30914529803738,5
86.4262609446381,5
87.58761477116093,5
87.70532003435835,5
88.4616276958917,5
90.31763741764767,5
90.38209309074624,5
90.44676308724628,5
90.56648198160872,5
0.1000728384154291,6
0.1966799409280585,6
0.291259717900147,6
0.3294010845099767,6
0.4137999800120671,6
0.4423914340411504,6
0.5252878976141293,6
0.5960674000059445,6
0.6643722293053944,6
0.6764376194303114,6
0.7391955361788352,6
0.7508244517346103,6
1.5155197384854038,6
1.588993363370486,6
1.6634642261167247,6
2.4347562569280345,6
2.4595142009754856,6
2.5389341789384563,6
2.6153700205584247,6
3.794853911091872,6
3.8753805833955486,6
3.955847017755099,6
4.026037060012408,6
4.7431366073985775,6
5.869986139525958,6
7.055348120917865,6
8.188778363456317,6
8.263610162128993,6
9.043111719479151,6
9.824684955467768,6
9.851738648777197,6
9.878983449478932,6
9.96142695500452,6
9.98907738207776,6
10.016943671097346,6
10.099594101597852,6
11.23040674655635,6
11.26392342179019,6
11.348587878336495,6
12.99358774005372,6
13.076331861605237,6
13.104514858042188,6
13.13317899434764,6
13.162375549142547,6
13.19216804607708,6
13.266435813446828,6
14.394885253449267,6
15.11495794012148,6
16.534574877758807,6
16.60989243938524,6
18.25383801414568,6
18.289326235940045,6
18.326035443981475,6
18.36436358495552,6
18.405100915869063,6
18.450663652559108,6
18.50403071596224,6
18.557397779365367,6
18.66576484247048,6
18.719131905873603,6
18.77249896927673,6
18.85839907481272,6
19.594518881579223,6
19.64645028515656,6
19.75338168098528,6
19.80531308456261,6
19.91224448039133,6
19.964175883968657,6
20.07110727979738,6
20.12303868337471,6
20.22997007920344,6
20.33690147503216,6
20.388832878609485,6
20.47532464220125,6
21.914986145039386,6
23.12573708250124,6
24.573277604122943,6
24.67566080047685,6
26.342432212372607,6
28.812441777726,6
28.92756648017961,6
30.948824834366626,6
31.070214163800067,6
31.182091478546447,6
33.73043585224945,6
33.84719124837715,6
35.858704243143386,6
38.23268786474068,6
40.62278691335518,6
40.76530087395508,6
43.85738481447401,6
47.1039457950882,6
48.59143732382344,6
48.69263449143877,6
48.84883165905411,6
50.39198126009224,6
50.531507820496486,6
50.670445465722445,6
50.80407875114498,6
52.32571298259072,6
0.1000728384154291,7
0.1971799409280585,7
2.868083272572379,7
5.280178790879638,7
5.387788939229937,7
5.494025432979712,7
5.59918546884933,7
5.7034602424983785,7
7.546579016812991,7
9.208747938329342,7
9.315774660248008,7
11.21623150496731,7
11.269526186146134,7
11.377366008433931,7
12.817560288165986,7
12.869358441777358,7
12.92084231571124,7
13.026947166219225,7
14.17746660535541,7
14.284094849559745,7
14.390529599244648,7
14.441864521773322,7
14.493101571286374,7
14.54424262688542,7
14.595289496874033,7
14.701227784962558,7
14.752139292055084,7
14.85802416083207,7
14.908882532461725,7
14.959714546623909,7
15.065520341533563,7
15.17125344565099,7
15.276676760395697,7
16.426728766620606,7
16.533144364497254,7
18.378227065818187,7
20.09747077790565,7
22.10009514623669,7
22.21177108781352,7
22.25395519481911,7
22.296134544628995,7
22.33830913724317,7
22.38047898011221,7
22.4776440729381,7
24.130862103867667,7
25.79071365050134,7
27.22882784937033,7
29.129340723962564,7
31.584151124984828,7
34.26425591461308,7
36.9665015554268,7
38.18382490397125,7
38.24753086960365,7
38.30403780761552,7
38.36057557820196,7
38.47214437267284,7
38.52874438472691,7
38.58537581049689,7
38.64203884859557,7
38.69873370016318,7
38.75546056891597,7
38.812219661195975,7
38.86901118602213,7
38.92583535514269,7
38.982692383089066,7
39.03958248723104,7
39.09650588783346,7
39.15346280811449,7
39.2104534743054,7
39.253165354363446,7
39.29589425154758,7
39.33864022546244,7
39.381403331987386,7
39.42418363072706,7
39.52198118098808,7
39.56479603924585,7
39.60762827225757,7
39.6504779359026,7
39.69334509351087,7
39.73622980468703,7
39.77842421584559,7
39.820630391470914,7
39.86284836136532,7
39.960078147582536,7
40.00231978052092,7
40.04264684893919,7
40.08297985919548,7
40.12331881874037,7
40.16366373502446,7
40.20401461177302,7
40.24437146016193,7
40.28473428391648,7
40.32510309421254,7
40.36125866078568,7
40.39742022880149,7
40.488587805412536,7
40.52476139121485,7
40.56094099708629,7
40.59712663047743,7
40.63331829883886,7
0.1000728384154291,8
0.1966799409280585,8
0.291759717900147,8
0.3304010845099767,8
0.4229267333632353,8
0.5145407744325241,8
0.6057162875997174,8
0.6904209459233608,8
0.7722089121151294,8
0.8549281859803524,8
0.9378864148664798,8
2.127271068029782,8
2.217973501315101,8
3.352482945551857,8
3.442318470110877,8
3.477591880490764,8
3.512803939064725,8
3.601940651317819,8
4.3249192432367645,8
4.354671501448139,8
4.38434583403705,8
4.413943440546974,8
4.443465479543193,8
4.527913072040065,8
4.557287313868984,8
4.586589266439661,8
4.615819957932218,8
4.644980390449747,8
4.728869263907655,8
5.452812735816225,8
5.483502882426365,8
5.514089074810728,8
5.544573432659491,8
5.62995798782049,8
5.71524469450651,8
5.799712343966349,8
7.219290061747416,8
7.244698650097235,8
7.965492850994452,8
9.09462249920307,8
9.819912440037116,8
9.90687686846195,8
9.993809549962862,8
10.02571068600355,8
10.057580473726375,8
10.089419106846435,8
10.17613503605662,8
10.207866138672216,8
10.23961246282397,8
10.271374053215368,8
10.303150958275182,8
10.334943222706896,8
10.366750894939289,8
10.453436612045152,8
10.486095747804027,8
10.518770011966808,8
10.551459449236972,8
10.584164108043296,8
10.67188403279124,8
10.704619272505624,8
10.737369871591907,8
10.765214371388538,8
10.848058867161852,8
10.875903366958482,8
10.95865639940439,8
10.986454957058411,8
11.069345825245364,8
11.097330740546568,8
11.125411505704506,8
11.153589992677553,8
11.18186815165518,8
11.210248009195311,8
11.2387316756749,8
11.26732135274051,8
11.285872314950211,8
12.408095334550126,8
12.422583903079612,8
13.189466561084371,8
14.600973690753564,8
16.424810017352684,8
16.457004035716636,8
16.489318060582264,8
16.521755042379482,8
16.609318080251796,8
16.642010434424265,8
16.729835539018495,8
16.762797015612705,8
16.795898689782007,8
16.829144603466375,8
16.862539044474943,8
16.896086557661874,8
16.984791978155954,8
17.073660454606397,8
17.107697489565,8
17.141908961241825,8
17.176301176553352,8
17.210880911802633,8
17.30065547571121,8
17.335632770215852,8
17.370821366911514,8
0.1000728384154291,9
0.2081928663930287,9
0.3232443661762277,9
0.3832958659594268,9
0.4433473657426259,9
0.558398865525825,9
0.6594709652223036,9
0.6999831023373053,9
1.9041499915279791,9
2.0097045573152945,9
2.810624209300463,9
4.718095150844042,9
4.830340807393973,9
6.687095110372488,9
8.140690152601188,9
9.651269619420953,9
11.92713208834125,9
14.312626582685606,9
16.797325595619018,9
19.28532559855192,9
22.01807231953445,9
25.060277447640225,9
25.85157855037434,9
25.94973247254851,9
26.04788639472268,9
26.20104031689685,9
26.35419423907102,9
26.50734816124519,9
26.66050208341936,9
26.75865600559353,9
26.8568099277677,9
26.95496384994187,9
27.05311777211604,9
27.15127169429021,9
27.24942561646438,9
27.34757953863855,9
27.44573346081272,9
27.543887382986888,9
27.64204130516105,9
27.740195227335228,9
27.8383491495094,9
27.936503071683568,9
28.034656993857737,9
28.132810916031907,9
28.23096483820608,9
28.329118760380247,9
28.427272682554417,9
30.3733094998521,9
32.41973817616329,9
33.907229704898526,9
36.207105022247454,9
38.102432891587256,9
39.81617536697414,9
39.97547992992693,9
40.07978449287971,9
40.239089055832494,9
40.39839361878528,9
40.50269818173806,9
40.662002744690845,9
40.82130730764363,9
40.92561187059641,9
41.0299164335492,9
41.18922099650198,9
41.29352555945477,9
41.39783012240755,9
41.50213468536033,9
41.60643924831312,9
41.7107438112659,9
41.81504837421869,9
43.921253505894455,9
46.51305449091314,9
48.46746586257551,9
51.14162311250023,9
53.891448010587816,9
56.20038671068892,9
58.71109963220982,9
58.82391728093236,9
58.93673492965489,9
59.04955257837742,9
59.16237022709996,9
59.27518787582249,9
59.38800552454502,9
59.50082317326756,9
59.61364082199009,9
59.72645847071262,9
59.83927611943516,9
59.95209376815769,9
60.06491141688022,9
60.17772906560276,9
60.29054671432529,9
60.40336436304782,9
60.516182011770354,9
60.62899966049289,9
60.74181730921542,9
60.854634957937954,9
60.96745260666049,9
61.08027025538302,9
61.19308790410555,9
61.30590555282809,9
61.41872320155062,9
0.1000728384154291,10
0.1966799409280585,10
0.2887597219239043,10
0.3269010885337339,10
0.4189267373869925,10
0.5075407839606314,10
0.5826104871223479,10
0.6562296740005522,10
0.6711439100320249,10
0.6837212910170465,10
0.697123058256021,10
0.7074057563434153,10
0.7138619871104865,10
0.7705067918862014,10
0.7661372554714589,10
0.753097251173368,10
-0.2748078553711266,10
0.1000728384154291,11
0.1966799409280585,11
0.291259717900147,11
0.3844010845099767,11
0.4769267333632352,11
1.6701879551183143,11
1.7639601237678944,11
1.801986576626992,11
1.8943642333525728,11
1.9832926944274016,11
2.071835476197631,11
4.1109485209364,11
5.592360454835326,11
5.6874002620953625,11
5.727363436706693,11
5.767251136936576,11
5.807064487822682,11
5.846804577149779,11
5.886472462900311,11
5.926069173254401,11
6.020595710017116,11
6.060053038634688,11
6.099442105032832,11
6.138763833083541,11
6.178019113131196,11
6.2172088206190175,11
6.256333801187903,11
6.2953948818523,11
6.334392871000201,11
6.373328554667861,11
6.41220270026508,11
6.506016060002477,11
6.544769353457124,11
6.5812160030383176,11
6.6175754435736245,11
6.653849165179164,11
6.73934564296189,11
6.7706265144425934,11
8.414922802932889,11
8.449726722427041,11
8.484476733245284,11
8.574213358797461,11
8.66393663290921,11
8.698646589406163,11
8.733343265243203,11
10.618332169242532,11
12.044838926978738,11
14.291737877054493,11
17.181427879525238,11
20.076391420840075,11
23.32205491528704,11
25.52568531109912,11
27.205454460704395,11
28.375071779150392,11
28.501396245265536,11
28.57306195688335,11
28.645093920809863,11
28.71752110077308,11
28.845377437915538,11
28.91870325548684,11
28.98450830203847,11
29.05075351533753,11
29.172481418271804,11
29.239743636933788,11
29.30760417811456,11
29.376144497476503,11
29.445471777707205,11
29.51573344480456,11
29.58714519405492,11
29.660053157779547,11
29.73510609953177,11
29.81399531704756,11
29.960709281350645,11
30.10742324565373,11
30.19913720995683,11
30.345851174259924,11
30.437565138563016,11
30.52927910286611,11
30.6209930671692,11
30.71270703147229,11
30.804420995775388,11
30.95113496007848,11
31.042848924381573,11
31.134562888684663,11
31.28127685298776,11
31.37299081729085,11
31.464704781593944,11
31.55641874589704,11
31.64813271020013,11
31.739846674503223,11
31.83156063880632,11
31.92327460310941,11
32.0149885674125,11
32.1067025317156,11
32.198416496018694,11
32.29013046032179,11
32.38184442462489,11
32.473558388927984,11
32.56527235323108,11
32.65698631753418,11
0.1000728384154291,12
0.1966799409280585,12
0.236259717900147,12
0.3294010845099767,12
0.4230002870874338,12
0.5178365305314602,12
0.6135365707468986,12
0.6560334809668765,12
0.753667386057795,12
0.8529284031508867,12
0.8996169593228869,12
0.9512096617599456,12
1.0587139719809742,12
1.1742654717641732,12
1.2898169715473722,12
1.3503684713305713,12
1.4109199711137703,12
1.4714714708969694,12
1.5320229706801685,12
1.6475744704633677,12
1.7081259702465663,12
1.823677470029765,12
1.8842289698129648,12
1.944780469596164,12
2.0053319693793625,12
2.0658834691625616,12
2.1264349689457607,12
2.18698646872896,12
2.247537968512159,12
2.308089468295358,12
2.368640968078557,12
2.429192467861756,12
2.489743967644955,12
2.550295467428154,12
2.610846967211353,12
2.6713984669945523,12
2.731949966777752,12
2.8475014665609506,12
2.96305296634415,12
3.023604466127349,12
3.084155965910548,12
3.199707465693747,12
3.2602589654769463,12
3.3208104652601453,12
3.3813619650433444,12
3.4419134648265435,12
3.5024649646097425,12
3.5630164643929416,12
3.678567964176141,12
3.79411946395934,12
3.9096709637425393,12
3.9702224635257375,12
4.0307739633089374,12
4.0913254630921365,12
4.151876962875336,12
4.212428462658535,12
4.272979962441734,12
4.333531462224933,12
4.394082962008132,12
4.510693926744828,12
4.572304891481524,12
4.63391585621822,12
4.750526820954915,12
4.812137785691611,12
4.873748750428307,12
4.935359715165003,12
4.996970679901699,12
5.058581644638394,12
5.12019260937509,12
5.181803574111786,12
5.243414538848482,12
5.305025503585178,12
5.421636468321873,12
5.483247433058569,12
5.544858397795265,12
5.606469362531961,12
5.668080327268656,12
5.729691292005352,12
5.791302256742048,12
5.852913221478744,12
5.91452418621544,12
5.976135150952135,12
6.037746115688831,12
6.099357080425527,12
6.160968045162223,12
6.222579009898919,12
6.284189974635615,12
6.34580093937231,12
6.407411904109006,12
6.469022868845702,12
6.530633833582398,12
6.647244798319093,12
6.708855763055789,12
6.770466727792485,12
6.832077692529181,12
6.893688657265876,12
6.955299622002572,12
7.016910586739268,12
7.078521551475964,12
7.14013251621266,12
0.1000728384154291,13
0.1966799409280585,13
0.291259717900147,13
0.3849010845099767,13
2.036710146447738,13
2.132965578194829,13
3.555067639646028,13
3.645212117604305,13
5.987410727910091,13
6.026257500074197,13
6.119439579568197,13
6.213285051307966,13
6.251605562887479,13
6.289451032898714,13
6.326862704030563,13
6.363875228933384,13
6.4005181268075,13
9.006757922492316,13
9.10263010861664,13
9.141491346082976,13
9.179994303754857,13
9.218162946424773,13
9.256018236301234,13
9.29357865454941,13
9.33086062969952,13
9.367878850571206,13
9.40464653821974,13
9.44117564710169,13
9.475650101921849,13
9.509927790633729,13
9.544016167543225,13
9.577922135613251,13
9.611652117244294,13
9.645212098977854,13
9.733607664726067,13
9.821844056270413,13
9.909926183543494,13
9.941300414524369,13
12.756545502908196,13
15.369479867861578,13
18.367551566919,13
21.601939417640008,13
24.79855521521981,13
26.806564604606137,13
28.81547750521873,13
28.87497176293324,13
28.93417714139643,13
28.99310942315249,13
29.05178275519842,13
29.1102098907464,13
29.16840238556642,13
29.28137075909872,13
29.33912462789952,13
29.3927071423,13
29.44612368957096,13
29.55437960220034,13
29.60747988065286,13
29.71542922344584,13
29.76823205369869,13
29.82089254265824,13
29.87341463061868,13
29.92580204558696,13
29.978058319989486,13
30.08261285639164,13
30.1320563239782,13
30.18139113648449,13
30.23061960496328,13
30.2797439442009,13
30.328766278609645,13
30.377688647648924,13
30.481513010821264,13
30.58524125228412,13
30.63387518511369,13
30.737416555252945,13
30.785867045172576,13
30.834228277270544,13
30.88250181703306,13
30.93068917597764,13
31.03379181439666,13
31.13681114391805,13
31.17484560031208,13
31.212828573549448,13
31.25076058833513,13
31.28864215878657,13
31.32647378875091,13
31.41925597210974,13
31.45698919307184,13
31.49467392645456,13
31.53231063795451,13
31.569899784407777,13
31.607441814040463,13
31.644937166709816,13
31.682386274136444,13
31.719789560128014,13
31.75714744079484,13
31.7944603247577,13
31.88672861334823,13
31.923952700802243,13
32.016132974446286,13
32.10826981487767,13
0.1000728384154291,14
0.1966799409280585,14
0.2854478379546802,14
0.3735099246972174,14
0.4568512326353163,14
0.484379943298635,14
0.5018853282802672,14
0.518994029449758,14
0.5907352155321212,14
0.6071340663605304,14
0.6232125235968203,14
0.6939898876720042,14
0.7096707856529326,14
0.7801641559475035,14
0.8526042213910193,14
0.9250142535441488,14
0.944214068191585,14
0.9634437335901828,14
0.9827034285538764,14
1.0019933356218904,14
1.022953064950642,14
1.0989127995693058,14
1.121360635223326,14
2.2461492771529525,14
2.2711741121732563,14
2.2973503841333955,14
2.37331011875206,14
3.090264409618911,14
4.216180294590529,14
4.243514757441815,14
4.270880181180772,14
4.353276762949761,14
4.380704685884055,14
4.408164154576596,14
4.435655370193061,14
4.463178533899125,14
4.487203707756933,14
4.567508993508753,14
5.288179335954126,14
5.315734656366047,14
5.398322345527348,14
5.4259426014744605,14
5.508595647128757,14
5.536281691702541,14
5.564000958415207,14
5.591753670784172,14
5.619540056052145,14
5.647360337736544,14
5.675214750530657,14
5.703103525402483,14
5.731026904495892,14
5.758985126229462,14
5.786978436472353,14
5.815007081093725,14
5.843071313413319,14
5.871171390476164,14
5.899307565602001,14
5.983153158637222,14
7.118159286457432,14
7.849393526679135,14
7.887155988610397,14
7.979613647042711,14
8.017098259718198,14
8.051494216417124,14
8.085836981125025,14
8.175286701782833,14
8.209845716409703,14
8.238596465714593,14
8.322403397687097,14
8.351267146222611,14
8.435188370101471,14
8.464167733021398,14
8.493205918275137,14
8.577303631507178,14
8.606461584844013,14
8.635680513732453,14
8.664961170681138,14
8.694304330550452,14
8.723710783101936,14
8.801440820373912,14
8.82423579906704,14
8.847096568249484,14
8.870024005227108,14
8.888071842767616,14
8.906188175358196,14
8.919993607603331,14
8.933833884351273,14
8.947709247745891,14
9.016619950808902,14
9.030566238142868,14
9.04454836835744,14
9.113566605650206,14
9.127621200211664,14
9.141712425552626,14
9.155840549893997,14
9.170005850769895,14
9.184208603851816,14
9.198449094124456,14
9.212727606572528,14
9.22704443363132,14
0.1000728384154291,15
0.1966799409280585,15
0.291259717900147,15
0.3844010845099767,15
0.4214267333632353,15
0.5125407744325241,15
0.5345927689053365,15
0.554834801540061,15
0.6252313335243828,15
0.6927812903965579,15
0.7589871272290812,15
0.7705780196781026,15
1.4801240492458212,15
1.551202506184088,15
1.5670782331223356,15
1.582759131103264,15
1.6002903807754385,15
1.6195200461740362,15
1.6951551813478338,15
2.411784865319239,15
2.4352105188960897,15
2.458579991369949,15
2.4818939085895884,15
2.50515287963997,15
2.5283575024301874,15
2.5515083618308174,15
2.574606029673921,15
2.5976510647530424,15
2.620644016548501,15
2.6435854215021,15
2.721475802719103,15
2.744315680473553,15
2.767105557381617,15
2.7898459289069044,15
2.8125372811998,15
2.835180089234816,15
2.9127748165125715,15
2.935321927427756,15
2.9578218687171804,15
2.980275079965101,15
3.05768199300717,15
3.135043032824503,15
3.212358624100195,15
3.289629169165598,15
3.3118550687874424,15
3.3340367212737667,15
3.356174514054762,15
3.378268827110039,15
3.400320036693917,15
3.422328511610137,15
3.444294613211857,15
3.4662186972643005,15
3.488101113944756,15
3.5099422097052204,15
3.5317423216844666,15
3.6085017792726624,15
3.630220916479336,15
3.65190005338143,15
3.673539508491265,15
3.688852837666379,15
3.759146524950372,15
3.774420637994514,15
3.8447339724595415,15
3.861906461774813,15
3.933422685026633,15
3.949958179503189,15
3.9604924157107937,15
3.967169143616663,15
4.029948160409438,15
4.026305779706197,15
4.016666462536412,15
3.998492075021821,15
2.9654967318135075,15
0.1000728384154291,16
0.1966799409280585,16
0.291259717900147,16
0.3849010845099767,16
0.4784189880568545,16
0.571816403845837,16
0.6104577704556666,16
0.649355603537434,16
0.742934857547271,16
0.7815762241571006,16
0.8752804846779645,16
0.9690484403277156,16
1.062156758262254,16
1.154991784134103,16
1.878037848510934,16
1.963531673886968,16
1.993884644472195,16
2.079100615346028,16
2.1640533721085324,16
2.249006128871037,16
2.27895888406892,16
2.3089116392668023,16
2.338864394464685,16
2.368817149662568,16
2.3987699048604503,16
2.428722660058333,16
2.5134253604348435,16
2.600378061645819,16
2.6869776798423066,16
2.7737891403969064,16
5.066442224198176,16
5.161293189042403,16
6.869050662034346,16
9.169538895600631,16
10.82955495547612,16
12.883747021668746,16
12.99149882327874,16
15.68746387492974,16
18.75339030427429,16
18.87380876600792,16
21.83071928266861,16
24.790235630118104,16
26.65375076340791,16
26.77988061175489,16
26.905115218944623,16
27.026878816594063,16
27.14786262741824,16
30.267675833769903,16
31.9464469766408,16
32.056420392373184,16
32.1658355137497,16
34.354931010881046,16
34.46416293738184,16
37.219818354335786,16
37.28116797360455,16
37.39728088974354,16
37.51299742950904,16
40.26943368953734,16
40.37515882146626,16
40.480762710097125,16
40.58624822390347,16
40.69158503157168,16
43.63344809156924,16
43.741917056265166,16
46.56623441947292,16
48.06462008727382,16
48.17659149540256,16
48.28830723685812,16
49.038409816451775,16
50.25434544675522,16
51.981928126436415,16
52.099974053255615,16
53.31249870573669,16
53.36904338588506,16
53.48046858449965,16
55.147063209019,16
55.25894945701152,16
56.41484182914287,16
57.57110732635051,16
57.68373279114753,16
57.79633068134576,16
57.90880998810321,16
59.12025698860675,16
61.17985877235919,16
61.29326379140407,16
64.45900261155957,16
65.62414391149872,16
67.69240519558386,16
67.75966504177082,16
67.88181910695793,16
70.08434535440536,16
70.2073401788937,16
70.96866208264524,16
71.09174599743845,16
73.41306039309936,16
73.53689706096858,16
75.21567364398615,16
75.33992188385007,16
75.46408961207841,16
75.57928557933543,16
0.1000728384154291,17
0.1971799409280585,17
2.497552695348115,17
2.601921857234512,17
2.707487167566239,17
2.816655208671706,17
2.940275108566654,17
3.0638950084616017,17
3.1875149083565493,17
3.311134808251497,17
3.4347547081464445,17
4.252969973398104,17
4.323727472314099,17
4.394484971230094,17
4.520242470146089,17
4.590999969062084,17
4.661757467978079,17
4.732514966894074,17
4.803272465810069,17
4.8740299647260645,17
4.94478746364206,17
5.015544962558055,17
5.08630246147405,17
5.212059960390045,17
5.28281745930604,17
5.353574958222035,17
5.42433245713803,17
5.495089956054025,17
5.5658474549700205,17
5.636604953886016,17
5.707362452802011,17
5.778119951718006,17
5.848877450634001,17
5.919634949549996,17
5.990392448465991,17
6.0611499473819865,17
6.131907446297982,17
6.202664945213977,17
6.273422444129972,17
6.344179943045967,17
6.414937441961962,17
6.485694940877957,17
6.5564524397939525,17
6.627209938709948,17
6.697967437625943,17
6.768724936541938,17
6.839482435457933,17
6.910239934373928,17
7.035997433289923,17
7.106754932205918,17
7.177512431121913,17
7.248269930037907,17
7.374027428953903,17
7.444784927869898,17
7.515542426785894,17
7.586299925701889,17
7.657057424617884,17
7.782814923533879,17
7.853572422449874,17
7.924329921365869,17
7.995087420281864,17
8.12084491919786,17
8.246602418113854,17
8.31735991702985,17
8.388117415945844,17
8.45887491486184,17
8.584632413777834,17
8.65538991269383,17
8.781147411609824,17
8.85190491052582,17
8.922662409441815,17
8.99341990835781,17
9.064177407273805,17
9.1349349061898,17
9.205692405105795,17
9.27644990402179,17
9.347207402937784,17
9.41796490185378,17
9.488722400769776,17
9.55947989968577,17
9.685237398601766,17
9.75599489751776,17
9.826752396433756,17
9.897509895349751,17
9.968267394265746,17
10.03902489318174,17
10.109782392097737,17
10.180539891013732,17
10.251297389929729,17
10.322054888845722,17
10.392812387761715,17
10.463569886677712,17
10.589327385593707,17
10.660084884509702,17
10.785842383425695,17
10.856599882341692,17
10.927357381257687,17
11.053114880173682,17
11.178872379089675,17
11.249629878005672,17
0.1000728384154291,18
0.1966799409280585,18
0.236259717900147,18
0.3294010845099767,18
0.4189267394219717,18
0.5075407859956106,18
0.5814046797429403,18
0.65357469144214,18
0.7214013573800405,18
0.7864904639397939,18
2.473339938846715,18
4.865347766605504,18
7.447595500675328,18
10.442306899753698,18
13.855477761346624,18
17.733395750621426,18
20.51464260838832,18
23.41729670078507,18
23.54638944897301,18
23.67586174197688,18
23.75074477483879,18
23.881075333420043,18
23.95689744666252,18
24.033264761768063,18
24.110244086781176,18
24.187920919592344,18
24.26640858617759,18
24.345864518376853,18
24.42652237736486,18
24.50525736048729,18
24.584981472326373,18
24.66593988455511,18
24.74854081711871,18
24.833604132107794,18
24.925080259548714,18
25.022049448432973,18
25.119018637317232,18
25.21598782620149,18
25.31295701508575,18
25.40992620397001,18
25.561895392854268,18
25.658864581738527,18
25.755833770622782,18
25.852802959507045,18
25.949772148391304,18
26.101741337275563,18
26.19871052615982,18
26.29567971504408,18
26.44764890392834,18
26.5446180928126,18
26.641587281696857,18
26.73855647058112,18
26.83552565946537,18
26.932494848349634,18
27.029464037233893,18
27.126433226118152,18
27.22340241500241,18
27.32037160388667,18
27.47234079277093,18
27.569309981655188,18
27.666279170539447,18
27.763248359423702,18
27.860217548307965,18
27.957186737192224,18
28.054155926076483,18
28.15112511496074,18
28.303094303845,18
28.40006349272926,18
28.49703268161352,18
28.594001870497777,18
28.69097105938204,18
28.78794024826629,18
28.884909437150554,18
28.981878626034813,18
29.078847814919072,18
29.17581700380333,18
29.27278619268759,18
29.36975538157185,18
29.521724570456108,18
29.618693759340367,18
29.715662948224622,18
29.812632137108885,18
29.909601325993144,18
30.006570514877403,18
30.15853970376166,18
30.25550889264592,18
30.35247808153018,18
30.44944727041444,18
30.546416459298698,18
30.64338564818296,18
30.74035483706721,18
30.837324025951474,18
30.934293214835733,18
31.031262403719992,18
31.12823159260425,18
31.28020078148851,18
31.37716997037277,18
31.529139159257028,18
31.681108348141287,18
31.778077537025545,18
0.1000728384154291,19
0.1966799409280585,19
0.2942489029039251,19
0.3374717231731255,19
0.4353914203332438,19
0.5319096076675913,19
0.5708172278682172,19
0.6638655967842098,19
0.7564135484074174,19
0.7935066411395963,19
0.8847980206213995,19
0.9205625975249134,19
0.9558506235294058,19
0.99070359264895,19
1.0251563482301265,19
1.1142385639505343,19
1.1443998683499057,19
1.9289732506344783,19
2.020770454805972,19
2.111975570203392,19
2.20265134559542,19
2.290098489686549,19
2.3771088509407643,19
4.076977410778106,19
5.962322512134612,19
6.055405491456092,19
6.0935549637821325,19
6.186273795976938,19
8.430170201332036,19
10.614528439369394,19
12.794215224113657,19
12.83696833941002,19
12.93446143659611,19
13.03165936413069,19
14.228342413332657,19
14.327106400754644,19
14.42556143495102,19
16.31778193208237,19
18.448870247944512,19
20.34907032801787,19
22.06826909532831,19
22.17784061800796,19
24.4320105565502,19
24.543748203568644,19
24.58930385103125,19
24.634760778300947,19
24.735092211418337,19
24.78037149449486,19
24.880474664174503,19
27.54930672784943,19
27.652966849409527,19
29.900949828230328,19
30.00537994494337,19
30.047277260475344,19
30.144052285604666,19
32.44165040915507,19
35.43677474921245,19
38.05518032973308,19
38.163482408874216,19
41.16515372311372,19
43.16930983578462,19
43.28230381374854,19
45.28712511425513,19
45.39209406440753,19
47.577758718185606,19
50.39544599121112,19
53.841563392334166,19
53.95524293547172,19
55.806351963334265,19
57.95103015530358,19
59.62631291810589,19
59.74700111088985,19
59.86760543392245,19
59.988161071078665,19
60.10852657125693,19
61.96647965168239,19
62.08749175474642,19
62.20832225832714,19
65.27598036082428,19
67.64788344622417,19
67.77203638089014,19
69.77633578312708,19
69.88967332226349,19
70.00295953435017,19
71.45312234777029,19
71.57190638613532,19
72.37960237097572,19
72.49414189737867,19
72.6014275608642,19
72.70780883562396,19
72.81404610556196,19
75.63107510489057,19
77.07197149675916,19
78.22561796587537,19
78.33558931779693,19
78.44545382094215,19
78.55468578469585,19
78.6631168408377,19
78.77138817143272,19
81.46127211880516,19
0.1000728384154291,20
0.1956927102324223,20
0.2893281752273317,20
0.3815468281657047,20
0.4747688345813885,20
0.5686698487028676,20
0.6582974126562673,20
0.7340695640072423,20
0.8074141820892888,20
0.825787576474269,20
0.8943613642826873,20
0.9082681886851984,20
0.9731325857341486,20
1.6803772203624443,20
1.7530063815415102,20
1.763686674274524,20
1.7744768621400195,20
2.4855829836800893,20
2.5065491354093155,20
2.5300683999434312,20
2.6070954078808626,20
2.684169846214374,20
2.762738975323757,20
3.890516790188869,20
4.615924092568477,20
5.750997754372676,20
5.788005160726627,20
5.82562557850035,20
5.86181031409653,20
5.899176991172155,20
5.938094443269094,20
5.979271820373853,20
6.079685686714967,20
6.17754542697223,20
7.619258879311403,20
7.721630788035711,20
8.475565767474492,20
10.14982185382398,20
12.21997246760877,20
14.084001636691411,20
14.199758379347642,20
16.217390863783677,20
18.492858259566148,20
18.626100985892137,20
20.320305390076776,20
20.448558956362344,20
20.561719544209577,20
22.474080575378345,20
24.622203165422924,20
26.773702848909466,20
29.15241848534135,20
32.179690051412976,20
32.31371303886392,20
33.54298111703108,20
33.67491363998918,20
33.80784951642459,20
34.633423101648745,20
34.765757760619614,20
34.89956122518312,20
36.77166765563023,20
36.90083798862919,20
37.02711463748123,20
39.04769819595569,20
41.07177966549701,20
43.555016553985766,20
43.650298313715645,20
46.74883139324739,20
48.83245524033003,20
48.96269068484042,20
49.08643141005967,20
52.105060722574926,20
52.17022038613293,20
52.235473509773946,20
52.35172466550801,20
55.03607706342671,20
57.99366812025044,20
61.16871216156233,20
62.853246294610585,20
62.98240958544684,20
65.1916905190344,20
66.01453522899396,20
66.14376777711021,20
66.27257493018027,20
66.33380708723183,20
66.39522652952786,20
66.51022668807622,20
69.28118010490056,20
70.78603037326451,20
70.90354813515063,20
72.57632662235613,20
74.08153809486743,20
74.20497953910451,20
75.66038920257816,20
77.52221544089954,20
77.64671400382214,20
78.46455466715435,20
78.58921976763658,20
78.64597512412719,20
78.7028578147655,20
78.81397826228194,20
0.1000728384154291,21
0.1966799409280585,21
0.291759717900147,21
0.3854010845099767,21
0.4787393280107241,21
0.5691278346616488,21
0.6042544946808082,21
0.69398880310242,21
0.7833593145746451,21
0.8176428631681663,21
0.9067154110211592,21
0.995585504247592,21
3.2343555123347505,21
5.359356704427646,21
7.89589435167496,21
8.001930962576317,21
10.00159050084536,21
10.1096274734277,21
12.945437714772051,21
15.551930943251708,21
15.672971525483536,21
18.57021407142456,21
21.87830726565919,21
23.39502909432094,21
25.82847533265546,21
27.057846037990046,21
28.57493565730396,21
28.70431905857041,21
30.625902961332383,21
30.754726692502523,21
31.57613548588477,21
32.397732290824,21
32.526064950805406,21
32.65370592686732,21
32.7812757979445,21
32.908526494534456,21
34.13441266527505,21
34.261298132591854,21
35.486713087883,21
35.61304822840109,21
36.43244817471345,21
36.5582923561775,21
36.68379705073583,21
37.85302109543983,21
37.97819812954304,21
39.99492744022018,21
40.12045150095001,21
41.63251209594005,21
43.7047811784206,21
45.91124980553032,21
46.03798703397723,21
48.41316431818002,21
48.5404864388373,21
48.66581261413838,21
48.79096007781287,21
51.50158469559178,21
51.627858087956746,21
52.39231209966807,21
52.5184369532549,21
52.64444100557473,21
54.325328185833534,21
54.4517325781102,21
56.13305367813973,21
57.814853956660336,21
57.93327033378848,21
59.94362088031795,21
61.39487173515056,21
61.5147803973918,21
61.63464168139911,21
62.39289612865392,21
62.45796797987555,21
62.57801263538143,21
64.25316481604497,21
64.3738663656666,21
64.43968252732572,21
64.5055018535419,21
64.62632909992449,21
64.74714209902815,21
65.50637025823771,21
65.57245123688733,21
65.69353696312395,21
67.36970885065288,21
67.49141755721637,21
68.94491777094584,21
69.0114842090401,21
69.1330443676987,21
69.25435960442333,21
70.70747120026097,21
70.77427651246934,21
70.84106993052998,21
70.90785148266988,21
70.97462119698243,21
71.04137910142823,21
71.16303773253999,21
72.61647553224955,21
72.68360169469189,21
72.74027667804431,21
72.79695597900819,21
72.90364102138948,21
74.74808350815248,21
0.1000728384154291,22
0.1966799409280585,22
0.291259717900147,22
0.3844010845099767,22
0.4214267333632353,22
0.5125407744325241,22
0.5946453679479202,22
0.6665500123179993,22
0.6804465456060609,22
2.1470529241613585,22
2.868215660577221,22
4.74932477903883,22
6.4518091483167845,22
6.544788080280228,22
6.6378006814173895,22
6.730647156958981,22
6.823727789347573,22
6.916166516964837,22
8.109335633938713,22
9.537523719494745,22
9.572050335829658,22
9.606640237396164,22
9.641294243758123,22
9.731013189082546,22
9.820699560468595,22
11.65210877639572,22
11.747052672331732,22
11.841958831077022,22
11.927007208590908,22
11.958420927648945,22
11.990174400632782,22
12.07729240787546,22
12.109803630983038,22
12.197180314933462,22
12.98099039403121,22
13.071418485616846,22
13.161622329627676,22
14.811819120322866,22
14.907242967759773,22
16.561775161897344,22
18.55825944152992,22
20.813058807527227,22
23.285192205583257,22
25.15848119465033,22
25.295010729705496,22
25.415649986838503,22
27.802338696097536,22
30.196377693710385,22
32.99948919859722,22
36.04358385595473,22
37.807661036904655,22
37.96230030542048,22
38.1169395739363,22
39.37072294686252,22
39.52589403112064,22
41.236361429069696,22
41.39239091458466,22
41.54842040009962,22
41.69549108826845,22
43.79857818274227,22
45.56597705080914,22
45.72393800644191,22
45.88189896207467,22
46.02540805891796,22
46.86063207724872,22
48.11626105434158,22
48.273277742766325,22
48.43029443119107,22
49.67194881538976,22
50.85965911607944,22
51.00345400499193,22
51.14696310183522,22
52.85207146749637,22
52.9987996339216,22
54.89515128254689,22
56.94316555191543,22
57.10373540813145,22
57.26430526434747,22
57.42487512056349,22
59.47729067402081,22
59.63879607842281,22
59.780545264231904,22
62.22771805981802,22
62.366769032566914,22
63.54997632177746,22
63.68961657149749,22
65.38507890117071,22
65.47172558928222,22
65.61325322415024,22
67.49293004795992,22
67.58119719548458,22
67.72378763626989,22
69.89204211199679,22
72.17884617949659,22
72.32192274227373,22
74.4117779774123,22
74.55427229218756,22
76.64376048624062,22
76.7859201609831,22
76.92374026510971,22
0.1000728384154291,23
0.1416799409280584,23
0.2317591816071789,23
0.3205818501448949,23
0.4044011649823507,23
0.4873852101302465,23
0.5716537502742132,23
0.6531900433039983,23
0.7344087702370008,23
0.7515920703447183,23
0.7672352385855039,23
0.7786875651365837,23
0.7908327602929195,23
0.8546040528601726,23
1.9684960120505413,23
1.9861790021097976,23
2.005962001640232,23
3.129668342430027,23
5.243818628150852,23
6.946994053680332,23
9.76715539630118,23
13.060749494397015,23
16.713782422797532,23
20.58281193542639,23
22.66134105177125,23
22.738936708995272,23
22.87150916432151,23
22.939479325942266,23
23.007956588455244,23
23.076998247708584,23
23.14667621585998,23
23.210249708325936,23
23.32941211597017,23
23.39424218057753,23
23.45984299858403,23
23.526355424374497,23
23.593983567921534,23
23.66305012183083,23
23.734144001280665,23
23.859811726966097,23
23.93453410373261,23
24.01665379172376,23
24.098773479714907,23
24.180893167706056,23
24.263012855697205,23
24.345132543688354,23
24.427252231679503,23
24.50937191967065,23
24.5914916076618,23
24.67361129565295,23
24.7557309836441,23
24.83785067163525,23
24.9199703596264,23
25.002090047617543,23
25.13920973560869,23
25.221329423599844,23
25.303449111591,23
25.385568799582146,23
25.46768848757329,23
25.54980817556444,23
25.68692786355559,23
25.769047551546738,23
25.851167239537887,23
25.93328692752904,23
26.015406615520185,23
26.097526303511334,23
26.179645991502483,23
26.26176567949363,23
26.34388536748478,23
26.42600505547593,23
26.50812474346708,23
26.590244431458228,23
26.672364119449377,23
26.75448380744053,23
26.836603495431675,23
26.918723183422824,23
27.000842871413973,23
27.08296255940512,23
27.16508224739627,23
27.24720193538742,23
27.32932162337857,23
27.41144131136972,23
27.493560999360867,23
27.57568068735201,23
27.657800375343164,23
27.73992006333432,23
27.822039751325462,23
27.90415943931661,23
27.98627912730776,23
28.12339881529891,23
28.20551850329005,23
28.287638191281207,23
28.36975787927236,23
28.506877567263505,23
28.643997255254654,23
28.726116943245803,23
28.80823663123695,23
28.8903563192281,23
28.97247600721925,23
29.1095956952104,23
0.1000728384154291,24
0.1971799409280585,24
0.292259717900147,24
0.3859010845099767,24
1.580073914049026,24
1.674599384073043,24
3.7199475627557983,24
4.919133128442612,24
4.964297458296273,24
5.063940223916807,24
5.1631755243660855,24
5.202909079533999,24
5.242292297226374,24
5.28134812523145,24
5.320096687567418,24
5.358555779946034,24
5.396741249752228,24
5.434667294067328,24
5.472346712988799,24
5.509791103345339,24
5.547011015159075,24
5.58401609693188,24
5.620815199953501,24
5.657416475159113,24
5.693827451360409,24
5.730055109751408,24
5.766105932337229,24
5.801985957813447,24
5.837700833720152,24
5.873255835068409,24
5.963655919921582,24
5.9989057417632985,24
7.822866522860711,24
10.057092272830191,24
10.093946554851716,24
10.13065807629842,24
10.167230800879183,24
10.20366847996134,24
10.237460755896752,24
10.27113792781252,24
10.304702588510697,24
12.888883876193784,24
14.782424836179452,24
14.884088674450016,24
14.930637565129455,24
14.977074091529635,24
15.023400723396222,24
15.069619824236703,24
15.160055686777902,24
15.195418709015918,24
15.230709933734012,24
15.265930377936437,24
15.301081032550409,24
15.336162854975534,24
15.426176783686948,24
15.516123724228216,24
15.55100456351645,24
15.640820165222957,24
15.675571368134094,24
15.710258991515708,24
15.744883832579925,24
15.77944666991241,24
15.81394826347239,24
15.848389358317924,24
15.882770673430038,24
15.917092916613887,24
15.951356777048185,24
16.04056292871244,24
16.0747120278538,24
16.16287665540583,24
16.19088345306225,24
16.21885460714109,24
16.246790367236805,24
16.274690986669135,24
16.30255670758195,24
16.38538776995845,24
16.413184418401194,24
16.440946885442806,24
16.52367539802797,24
16.55137019517131,24
18.369377306720686,24
20.480057886859846,24
20.56625305773921,24
20.59570992650695,24
20.62512350367613,24
20.65449416177578,24
20.68382226960964,24
20.71310818108029,24
20.74235225009032,24
20.77155482681699,24
20.800716250261736,24
20.82983685942597,24
20.85891698213525,24
20.88795694248981,24
20.91695706086464,24
20.9459176539094,24
20.974839030823183,24
21.05872150423236,24
21.087565361580324,24
21.11637090431757,24
0.1000728384154291,25
0.1966799409280585,25
0.291259717900147,25
0.3844010845099767,25
0.4226053450308406,25
0.5156845990406775,25
0.5948465655637868,25
0.6684485714031346,25
0.7377710010005124,25
0.8060657943678983,25
0.8171291540456899,25
0.8244190577497669,25
0.8210528812451251,25
0.8090708370400556,25
-0.162901390056502,25
0.1000728384154291,26
0.1966799409280585,26
0.291259717900147,26
0.3856755457581206,26
0.4799326301245213,26
0.5738135973847341,26
0.6533653716151919,26
0.6721584814195838,26
0.7416649850611892,26
0.7540123088811841,26
0.7673631271873917,26
0.8324411472832169,26
0.893696468189856,26
0.8953004192854594,26
0.890907433565272,26
0.8778499902519714,26
-0.1500629841056335,26
0.1000728384154291,27
0.1966799409280585,27
0.291259717900147,27
0.3864597581155855,27
0.4814745919726222,27
0.5771700867012818,27
0.6531506009892304,27
0.727735420365699,27
0.7464223854736168,27
0.8152304940418084,27
0.8296047436565835,27
0.840568717245825,27
0.8470205749877472,27
0.8477090429774229,27
0.8398171356207434,27
-0.1827487060540612,27
0.1000728384154291,28
0.1966799409280585,28
0.291259717900147,28
0.3864597581155855,28
0.4272550393058774,28
0.5228616188562552,28
0.6185616590716936,28
0.7140764929287303,28
1.8476413227550847,28
1.9369030930034985,28
1.9710061252050268,28
2.059520237141119,28
2.147507548325525,28
2.235191732638346,28
2.268116932355629,28
2.29259254037665,28
2.317334879183041,28
2.342358980321156,28
2.3676816783778536,28
2.389133131124841,28
2.4108325689964163,28
2.4327929355137217,28
2.455028600984084,28
2.477555610232817,28
2.500391997390257,28
2.5235581751845944,28
2.54707743971871,28
2.57097663357185,28
2.595287017517553,28
2.6200454626165497,28
2.64529610797094,28
2.7255467511646616,28
2.750797396519052,28
2.7676184810631144,28
2.839439567171799,28
2.856260651715861,28
2.928081737824546,28
2.9999028239332306,28
3.016723908477293,28
3.033544993021356,28
3.0503660775654184,28
3.1185285560719835,28
3.1318728718839752,28
3.145405889482068,28
3.1591350100867617,28
3.173068241209553,28
3.187214270227419,28
3.256582558148371,28
3.2711834460430014,28
3.2860282845728266,28
3.356129590415226,28
3.37150123062806,28
3.387158664868044,28
3.4581192238189447,28
3.474402473301457,28
3.491030688390897,28
3.5080294432051646,28
3.525428411544131,28
3.5982624338872897,28
3.616573008701967,28
3.635410386130976,28
3.6548366798021066,28
3.670980882824229,28
3.689152411178516,28
3.7107896758176553,28
3.735892676741648,28
3.7609956776656377,28
3.786098678589629,28
3.81120167951362,28
3.8363046804376113,28
3.8614076813616025,28
3.8865106822855937,28
3.911613683209585,28
3.936716684133576,28
4.016819679171609,28
4.096922674209641,28
4.177025669247674,28
4.202128670171665,28
4.2822316652096974,28
4.307334666133689,28
4.33243766705768,28
4.412540662095712,28
4.437643663019704,28
4.462746663943695,28
4.487849664867686,28
4.512952665791677,28
4.538055666715668,28
4.56315866763966,28
4.588261668563651,28
4.613364669487642,28
4.638467670411633,28
4.718570665449666,28
4.743673666373657,28
4.768776667297648,28
4.793879668221639,28
4.818982669145631,28
4.844085670069622,28
4.924188665107654,28
5.004291660145687,28
5.029394661069678,28
0.1000728384154291,29
0.2151243381986281,29
0.3301758379818272,29
0.4422616018622266,29
0.4958816298398262,29
0.547474332276885,29
0.6510363556960922,29
0.7478764243940216,29
0.7888447270313602,29
0.8840709254661899,29
0.9236510694543224,29
1.0176591575661995,29
1.1104710996667246,29
2.755977720073829,29
4.405411332897316,29
6.395407289318214,29
6.433905422739159,29
6.471795074693333,29
6.50914232065476,29
6.546000290713678,29
6.5824126191953525,29
6.618415799043547,29
6.654040791145931,29
6.744314201227795,29
6.779259134135614,29
6.81389584770001,29
6.848242241940866,29
6.930406909487616,29
6.9574012365708455,29
6.9842308424929485,29
7.01090098177589,29
7.037416584841381,29
7.063782282225262,29
7.145002447120319,29
7.171081181667219,29
7.19702238222159,29
7.222829731232892,29
7.248506719298135,29
7.274056660063039,29
7.299482699535261,29
7.324787834710847,29
7.34997492102481,29
7.43004668322898,29
7.510005718148719,29
7.534854510850678,29
7.559595441497336,29
7.639230793393622,29
7.663762738979827,29
7.688193379021655,29
7.712524723313223,29
7.73675870714284,29
7.760897191293012,29
9.395584614999066,29
11.507545026070844,29
13.490330966241132,29
15.615319171615344,29
15.653422547199233,29
15.691362740166886,29
15.729144906320078,29
15.821773884512885,29
15.859254235096676,29
15.896590245582564,29
15.933785965361102,29
16.025845220007405,29
16.062771642275557,29
16.15456866628717,29
16.19123955971788,29
16.227787425436482,29
16.264215213872895,29
16.300525745071873,29
16.336721704967722,29
16.427805656262144,29
16.51878005421947,29
16.55464725724648,29
16.589374391057,29
16.623991632529005,29
16.658501339771256,29
16.692905781485543,29
16.72720712579082,29
16.81640745855163,29
16.90550878054689,29
16.93951301059912,29
17.02842199585627,29
17.062237521328434,29
17.09596130407642,29
17.129594994403824,29
17.1631401867349,29
17.19659841961454,29
17.22997117943357,29
17.263259904154047,29
17.29536930999945,29
17.32740802473615,29
17.359377031840786,29
17.44627728841494,29
17.478109733827814,29
17.50987527302693,29
17.541574785180792,29
17.573209134556755,29
17.604779159345135,29
17.636285675384507,29
0.1000728384154291,30
0.1966799409280585,30
0.236759717900147,30
0.2754010845099767,30
0.3604910123825385,30
0.4453218149157775,30
0.5300526141154831,30
0.6146853709582468,30
0.6989441217355971,30
0.7279825725639771,30
0.7568100216199053,30
0.8331684529333938,30
0.8543693909115855,30
0.8754176452704767,30
0.951317740641336,30
0.9720739411894452,30
0.9926902724773424,30
1.068170540947615,30
1.7826245957800737,30
1.85873913856238,30
1.9363417858073104,30
2.6546676391550887,30
2.679846332390009,30
3.40039007456988,30
3.4278179975041736,30
4.148393091727196,30
4.175852560419737,30
4.258343779463469,30
4.285866943169533,30
4.313422263581454,30
4.341009945590197,30
4.36863020153731,30
4.39628324376434,30
4.423969288338124,30
4.506688562203347,30
4.534441274572312,30
4.617227663267552,30
4.700047952104508,30
4.727902364898621,30
4.754690329525768,30
4.782613708619176,30
4.810571930352746,30
4.838565240595638,30
4.863057418707906,30
4.887584685329496,30
4.912147288192212,30
5.683533434737622,30
5.701897167582213,30
5.722153526712357,30
5.797446784544884,30
5.874416646529137,30
5.896386508811413,30
5.912859437037407,30
5.931370238755046,30
6.004956233296691,30
6.02361856119722,30
6.04417804347366,30
6.119776737857758,30
6.140414963457881,30
6.857367764208614,30
6.881133523751198,30
7.600614276696144,30
7.621292342413365,30
7.697010566461979,30
7.717769279126226,30
7.7385688079336274,30
7.81604891547948,30
7.84001713151127,30
7.865303427893816,30
8.64117762537688,30
8.670054451543987,30
8.698973474074304,30
8.721579113025367,30
8.80067285241574,30
8.881083638388812,30
10.008614928443134,30
10.782215089518726,30
10.808958782795964,30
10.83685391301304,30
11.56004010790974,30
11.590079073775708,30
11.620118039641678,30
11.650157005507648,30
11.680195971373616,30
11.710234937239589,30
11.740273903105557,30
11.825312863085568,30
11.855351828951536,30
11.885390794817509,30
11.915429760683477,30
12.000468720663488,30
12.0855076806435,30
12.115546646509468,30
12.145585612375438,30
12.230624572355447,30
12.26066353822142,30
12.290702504087388,30
12.320741469953358,30
12.350780435819328,30
12.380819401685295,30
0.1000728384154291,31
0.1416799409280584,31
0.236259717900147,31
0.3317511026562053,31
0.4283582051688347,31
0.5254921102597532,31
0.605876282758933,31
0.6320519419088182,31
0.6547911101653394,31
0.6735361469610748,31
0.7480807630046424,31
0.765188063464981,31
0.832132982991558,31
0.844577901966792,31
0.9164144480302152,31
1.635220237977725,31
1.7154023283793745,31
1.7470808373465356,31
2.885680948354226,31
4.03094616994999,31
4.077599135197621,31
4.124252100445252,31
4.170905065692883,31
4.2175580309405145,31
4.264210996188146,31
4.310863961435777,31
4.357516926683408,31
4.404169891931039,31
4.45082285717867,31
4.497475822426301,31
4.544128787673932,31
4.590781752921563,31
4.637434718169194,31
4.684087683416825,31
4.730740648664456,31
4.777393613912087,31
4.824046579159719,31
4.925699544109326,31
4.972352509356957,31
5.0190054746045885,31
5.06565843985222,31
5.112311405099851,31
5.2139643700494585,31
5.2606173352970895,31
5.307270300544721,31
5.408923265494328,31
5.45557623074196,31
5.502229195989591,31
5.548882161237222,31
5.595535126484853,31
5.642188091732484,31
5.688841056980115,31
5.790494021929723,31
5.837146987177354,31
5.883799952424985,31
5.930452917672616,31
5.977105882920247,31
6.023758848167878,31
6.070411813415509,31
6.11706477866314,31
6.163717743910771,31
6.265370708860379,31
6.31202367410801,31
6.358676639355641,31
6.405329604603272,31
6.451982569850904,31
6.498635535098535,31
6.545288500346166,31
6.591941465593797,31
6.638594430841428,31
6.685247396089059,31
6.73190036133669,31
6.778553326584321,31
6.825206291831952,31
6.871859257079583,31
6.973512222029191,31
7.020165187276822,31
7.066818152524453,31
7.113471117772084,31
7.160124083019715,31
7.206777048267346,31
7.253430013514977,31
7.300082978762608,31
7.346735944010239,31
7.393388909257871,31
7.440041874505502,31
7.486694839753133,31
7.533347805000764,31
7.580000770248395,31
7.626653735496026,31
7.673306700743657,31
7.719959665991288,31
7.766612631238919,31
7.81326559648655,31
7.914918561436158,31
7.961571526683789,31
8.063224491633397,31
8.109877456881028,31
8.15653042212866,31
8.20318338737629,31
0.1000728384154291,32
0.2151243381986281,32
0.3301758379818272,32
0.4452273377650263,32
0.5602788375482254,32
0.6753303373314244,32
1.43109865193248,32
1.5487197859735904,32
1.6113409200147006,32
1.728962054055811,32
1.8465831880969208,32
1.964204322138032,32
2.7218620647835574,32
3.887542541659617,32
4.009610729867566,32
5.173829155618298,32
5.294435220414746,32
5.360041285509217,32
5.425647350603688,32
5.491253415698159,32
5.55685948079263,32
5.677465545589078,32
5.743071610683549,32
5.80867767577802,32
5.874283740872491,32
5.939889805966962,32
6.005495871061433,32
6.071101936155904,32
7.292014869505513,32
9.620901911361628,32
11.780791953258266,32
14.222784608771494,32
16.876400109239054,32
19.607933401485244,32
22.7963471797406,32
24.68664154098633,32
26.73236968157538,32
28.21918256995115,32
29.01319024899349,32
29.114050747475883,32
29.21491124595828,32
29.37077174444067,32
29.471632242923064,32
29.57249274140546,32
29.72835323988785,32
29.82921373837025,32
29.98507423685264,32
30.08593473533504,32
30.186795233817428,32
30.28765573229982,32
30.388516230782216,32
30.48937672926461,32
30.590237227747004,32
30.6910977262294,32
30.79195822471179,32
30.892818723194186,32
30.99367922167658,32
31.094539720158973,32
31.250400218641367,32
31.35126071712376,32
31.452121215606155,32
31.55298171408855,32
31.653842212570943,32
31.754702711053337,32
31.85556320953573,32
32.01142370801812,32
32.11228420650051,32
32.2131447049829,32
32.31400520346529,32
32.41486570194768,32
32.51572620043007,32
32.616586698912464,32
32.717447197394854,32
32.818307695877245,32
32.919168194359635,32
33.020028692842025,32
33.120889191324416,32
33.221749689806806,32
33.3226101882892,32
33.42347068677159,32
33.52433118525398,32
33.62519168373637,32
33.72605218221876,32
33.82691268070115,32
33.92777317918354,32
34.02863367766593,32
34.12949417614832,32
34.23035467463071,32
34.3312151731131,32
34.43207567159549,32
34.53293617007788,32
34.68879666856027,32
34.78965716704266,32
34.89051766552505,32
35.04637816400744,32
35.14723866248983,32
35.248099160972224,32
35.348959659454614,32
35.504820157937004,32
35.605680656419395,32
0.1000728384154291,33
0.2151243381986281,33
0.3306758379818272,33
0.4427616018622266,33
0.5513816298398262,33
0.657974332276885,33
0.7603305454120077,33
0.8611598502993746,33
0.9092868168336335,33
0.9617911270546622,33
1.018813573123576,33
1.0758360191924896,33
1.132858465261403,33
1.189880911330317,33
1.2469033573992307,33
1.3039258034681445,33
1.3609482495370582,33
1.417970695605972,33
1.4749931416748856,33
1.532015587743799,33
1.589038033812713,33
1.6460604798816267,33
1.7030829259505404,33
1.815105372019454,33
1.872127818088368,33
1.9841502641572808,33
2.041172710226195,33
2.098195156295109,33
2.1552176023640226,33
2.2122400484329363,33
2.26926249450185,33
2.326284940570764,33
2.383307386639677,33
2.440329832708591,33
2.497352278777505,33
2.5543747248464186,33
2.6663971709153325,33
2.723419616984246,33
2.78044206305316,33
2.8374645091220736,33
2.894486955190988,33
2.951509401259901,33
3.0085318473288147,33
3.0655542933977284,33
3.122576739466642,33
3.179599185535556,33
3.2916216316044697,33
3.3486440776733835,33
3.405666523742297,33
3.462688969811211,33
3.5747114158801248,33
3.63173386194904,33
3.688756308017952,33
3.745778754086866,33
3.80280120015578,33
3.859823646224693,33
3.916846092293607,33
3.9738685383625207,33
4.0308909844314345,33
4.142913430500348,33
4.199935876569262,33
4.256958322638175,33
4.313980768707088,33
4.371003214776001,33
4.428025660844915,33
4.485048106913828,33
4.597070552982742,33
4.654092999051655,33
4.711115445120568,33
4.768137891189482,33
4.825160337258395,33
4.882182783327308,33
4.939205229396221,33
4.996227675465135,33
5.053250121534048,33
5.110272567602961,33
5.1672950136718745,33
5.224317459740788,33
5.281339905809701,33
5.338362351878614,33
5.395384797947528,33
5.507407244016441,33
5.564429690085355,33
5.676452136154269,33
5.733474582223182,33
5.790497028292095,33
5.847519474361008,33
5.904541920429922,33
5.961564366498835,33
6.018586812567748,33
6.0756092586366615,33
6.132631704705575,33
6.189654150774488,33
6.246676596843401,33
6.3036990429123145,33
6.360721488981228,33
6.417743935050141,33
6.474766381119054,33
6.531788827187968,33
6.588811273256881,33
0.1000728384154291,34
0.1966799409280585,34
0.291259717900147,34
0.3294010845099767,34
0.3664267333632353,34
0.4575407744325241,34
0.5483840621026767,34
0.6386564265978694,34
0.7147763633604544,34
0.7852353268738287,34
0.8515987881894606,34
0.916088152813484,34
0.981506656992008,34
0.9934004974986808,34
1.0081369636084334,34
1.0230123271669642,34
1.093030559035708,34
1.1631958579148547,34
1.2335126867021815,34
1.3039857765163676,34
1.3196201698358552,34
1.335421245681812,34
1.3513947521771683,34
1.4225468506540553,34
1.4938841556634204,34
1.5104137902583377,34
1.5271434524531855,34
1.5440814775850074,34
1.5612369292850987,34
1.5786196926112668,34
1.596240595119764,34
1.614111550288965,34
1.6322457232947842,34
1.6506577470775143,34
1.6693639719362752,34
1.688382798942496,34
1.7077350822712676,34
1.727444661917855,34
1.747539045425822,34
1.7680503373469607,34
1.7890164890761868,34
1.81048305718856,34
1.887505751239826,34
2.6054113918419377,34
2.630662037196328,34
2.711458681287934,34
2.737868335234692,34
2.7649767996247308,34
2.84789785756426,34
2.8767896966512696,34
2.906887345152666,34
2.938577260958721,34
2.9726171979184643,34
3.0112385862942235,34
3.05332571281748,34
3.1504128353174226,34
3.2474999578173653,34
3.2895870843406216,34
3.331674210863878,34
3.3737613373871342,34
3.4158484639103905,34
3.457935590433647,34
3.500022716956903,34
3.5421098434801594,34
3.584196970003416,34
3.626284096526672,34
3.668371223049928,34
3.7104583495731847,34
3.752545476096441,34
3.794632602619697,34
3.8367197291429536,34
3.87880685566621,34
3.9758939781661526,34
4.072981100666095,34
4.115068227189352,34
4.157155353712608,34
4.199242480235864,34
4.241329606759121,34
4.283416733282377,34
4.325503859805633,34
4.422590982305576,34
4.519678104805519,34
4.561765231328775,34
4.603852357852031,34
4.645939484375288,34
4.688026610898544,34
4.7301137374218,34
4.827200859921743,34
4.869287986444999,34
4.911375112968256,34
4.953462239491512,34
4.995549366014768,34
5.037636492538025,34
5.079723619061281,34
5.121810745584537,34
5.1638978721077935,34
5.20598499863105,34
5.303072121130993,34
5.345159247654249,34
5.387246374177505,34
0.1000728384154291,35
0.2151243381986281,35
0.3301758379818272,35
0.4452273377650263,35
0.5602788375482254,35
0.6753303373314244,35
0.7764024370279031,35
1.5773220890130717,35
1.6850945361818988,35
1.7928669833507258,35
1.9006394305195529,35
1.9534118742611128,35
2.701246735539647,35
2.761798235322846,35
2.822349735106045,35
2.8839606998427407,35
2.9455716645794365,35
3.0071826293161323,35
3.068793594052828,35
3.185404558789524,35
3.244390522253308,35
3.358376492869648,35
3.417362456333432,35
3.4763484197972145,35
3.535334383260998,35
3.594320346724781,35
3.653306310188564,35
4.868429129135403,35
6.725794737350735,35
8.403561060440335,35
10.271459722504376,35
12.549132800057397,35
14.885399977975723,35
17.682411765064483,35
20.66647291432793,35
23.53623282434205,35
24.32694963915991,35
24.424519273417825,35
24.52208890767573,35
24.61965854193365,35
24.71722817619156,35
24.86979781044947,35
24.96736744470738,35
25.064937078965293,35
25.162506713223205,35
25.26007634748112,35
25.35764598173903,35
25.45521561599694,35
25.552785250254853,35
25.650354884512765,35
25.80292451877068,35
25.95549415302859,35
26.0530637872865,35
26.150633421544413,35
26.248203055802325,35
26.34577269006024,35
26.44334232431815,35
26.54091195857606,35
26.638481592833973,35
26.736051227091885,35
26.8336208613498,35
26.93119049560771,35
27.02876012986562,35
27.126329764123533,35
27.223899398381445,35
27.37646903263936,35
27.529038666897268,35
27.62660830115518,35
27.72417793541309,35
27.821747569671004,35
27.91931720392892,35
28.071886838186828,35
28.16945647244474,35
28.26702610670265,35
28.364595740960564,35
28.46216537521848,35
28.559735009476388,35
28.6573046437343,35
28.75487427799221,35
28.852443912250124,35
28.950013546508035,35
29.047583180765947,35
29.14515281502386,35
29.29772244928177,35
29.395292083539683,35
29.492861717797595,35
29.645431352055507,35
29.74300098631342,35
29.84057062057133,35
29.938140254829243,35
30.035709889087155,35
30.188279523345063,35
30.34084915760297,35
30.43841879186089,35
30.5909884261188,35
30.68855806037672,35
30.786127694634622,35
30.88369732889253,35
30.98126696315045,35
31.07883659740836,35
0.1000728384154291,36
0.1971799409280585,36
0.292259717900147,36
1.7761545079322487,36
2.50692835088204,36
2.599685892496408,36
4.305700102663396,36
4.401419042692434,36
4.496406342950742,36
4.536575044390989,36
6.020451649076127,36
6.117546176869831,36
6.159299459160865,36
6.255733305114642,36
6.351775714961773,36
6.44762607756833,36
6.54329149732804,36
6.638778571706717,36
6.733364395955335,36
6.773183813370889,36
6.812750303302503,36
6.907012351385741,36
6.942248341198342,36
7.032285892269607,36
7.059251610204448,36
7.086132018012905,36
7.167928546873838,36
7.19464258073787,36
7.22127545862726,36
7.30282847678882,36
7.329328955062388,36
7.41077743979985,36
7.432674467068856,36
7.510444618266766,36
7.5881559918343475,36
7.6166730916872,36
8.74679628736033,36
8.833217978697515,36
8.861700769733883,36
8.945120472681023,36
8.973477866720653,36
9.001773720827199,36
9.084986178424456,36
9.113161182251073,36
9.141299009543156,36
9.224356010776258,36
9.252376703765488,36
9.335318429615594,36
9.419098844971751,36
9.448323779028154,36
9.477514302578069,36
9.50667064845214,36
10.975257331725455,36
11.002529306557276,36
11.029781025123096,36
11.057012569379308,36
11.084224019419649,36
11.1663165727968,36
12.290184561383224,36
14.322785441052414,36
14.409405689906574,36
16.05402062482784,36
16.144134436022735,36
18.436570320498443,36
18.531590346466995,36
20.827785615097977,36
20.926520224880672,36
22.63641047127197,36
25.13869237549255,36
28.19233345634888,36
31.19542336113403,36
31.30804164357136,36
34.560438465547065,36
38.32344665326438,36
40.340855508586834,36
40.46741843056443,36
42.540659811742096,36
44.748489542799135,36
47.12573573913419,36
47.25523845819193,36
47.384512628214864,36
49.59394389340057,36
51.80407111073966,36
51.93459789002319,36
52.06497066739919,36
52.19508376242589,36
54.04862263323735,36
55.90293648364018,36
57.412369955060136,36
57.53511603646845,36
59.45050178842848,36
59.57409132130127,36
59.697830173710514,36
59.76656902611976,36
59.83530787852901,36
59.904046730938255,36
59.9727855833475,36
60.09652443575675,36
60.165263288166,36
60.289018453803415,36
0.1000728384154291,37
0.1966799409280585,37
0.291259717900147,37
0.3844010845099767,37
0.4769267333632352,37
0.5685407744325242,37
0.6593840621026767,37
0.7495596928097067,37
0.8391464083384547,37
0.914476740260032,37
0.9348070687543424,37
1.008444494653848,37
2.1288335985433133,37
2.150610451672581,37
2.22738729891589,37
2.3040849911909373,37
2.325861844320205,37
2.3477191283296617,37
2.424658152360824,37
2.446680286053923,37
2.468786929820088,37
2.490979534659889,37
2.513259605590609,37
2.5902817333977493,37
2.669543140653876,37
2.693948657337931,37
2.718502552334574,37
2.743209364910033,37
2.768073919315246,37
2.793101354588178,37
2.818297156218794,37
2.898667187516001,37
2.92421774854174,37
2.9499555966745885,37
2.9758880223076614,37
3.00202290442994,37
3.028368788857368,37
3.054934972051886,37
3.0817316110174926,37
3.108769842509535,37
3.1360619357716115,37
3.16362147321215,37
3.191463572059181,37
3.2196051600318225,37
3.248065327380208,37
3.2768657627444537,37
3.306031323124078,37
3.335590788249281,37
3.4198326851170333,37
4.200562694196012,37
4.23395812985709,37
4.268324346367624,37
4.303896372292545,37
4.341060665522125,37
4.3805749799053935,37
4.4796707491319445,37
4.587725312535074,37
4.640779876236227,37
4.7488344396393565,37
4.801889003340509,37
4.909943566743639,37
4.962998130444792,37
5.0160526941459445,37
5.069107257847097,37
5.171668761495855,37
5.224723325197008,37
5.277777888898161,37
5.330832452599314,37
5.383887016300466,37
5.491941579703596,37
5.544996143404749,37
5.598050707105902,37
5.651105270807054,37
5.704159834508207,37
5.75721439820936,37
5.810268961910513,37
5.863323525611666,37
5.916378089312818,37
5.969432653013971,37
6.022487216715124,37
6.130541780118254,37
6.183596343819406,37
6.236650907520559,37
6.344705470923689,37
6.3977600346248416,37
6.450814598325994,37
6.503869162027147,37
6.5569237257283,37
6.654935860161093,37
6.693352499131468,37
6.729294025425222,37
6.814034120265749,37
6.902441681448725,37
6.931973516095784,37
6.956743181769159,37
6.975349244747665,37
6.9852340781058935,37
5.980150755580869,37
0.1000728384154291,38
0.1966799409280585,38
0.291759717900147,38
0.3854010845099767,38
0.4779267333632352,38
0.569540774432524,38
0.6603840621026766,38
0.6955596928097065,38
0.7851464083384545,38
0.8742063212889134,38
0.9627896833403506,38
0.9961944549787776,38
1.084363637002319,38
1.1724911521180648,38
1.260515994221602,38
2.449142112341511,38
4.094645871725666,38
4.130652385708677,38
4.166600192841875,38
4.202489971128093,38
4.238322387394296,38
4.328366118428098,38
4.366567426850715,38
5.500682251831371,38
6.925924713628275,38
6.964818953820378,38
7.003659907540111,38
7.042448136693961,38
7.0811841914613485,38
7.1198686106579565,38
7.158501922084207,38
7.197084642859629,38
7.235617279743834,38
7.274100329444752,38
7.367534278914766,38
7.40591960563532,38
7.444256777890568,38
7.482546255030583,38
7.520788487724608,38
7.558983918204835,38
7.597132980501136,38
7.635236100667164,38
7.673293696998228,38
8.40363383999183,38
8.44075250685347,38
8.532797965965143,38
8.569771273752671,38
9.755676371279488,38
10.8894386330858,38
12.538093780482845,38
12.63228316022054,38
12.67144483905636,38
12.710578969613124,38
12.749685702841065,38
12.788765188045168,38
12.827817572911924,38
12.866843003535507,38
12.960841624443384,38
12.999813578621382,38
13.038759007538232,38
13.077678051169578,38
13.115006064431624,38
13.152295065792249,38
13.189545357282103,38
13.2267572362911,38
13.263930995674546,38
13.356066923856073,38
13.39316530492749,38
13.430226418745631,38
13.46725054102637,38
13.504237943435829,38
13.59618889367897,38
13.633103655585614,38
13.724982489193954,38
13.761825650831724,38
13.79863339319505,38
13.83540596542509,38
13.87214361318252,38
13.908846578719968,38
13.94551510095244,38
13.982149415525829,38
14.014325325189702,38
15.436411804297745,38
15.472147678723218,38
15.507827935222595,38
15.54174801131797,38
15.631521594797102,38
16.767324794817338,38
16.80447250935651,38
16.84157739708139,38
16.87863982170604,38
16.915660140818712,38
16.948398478957134,38
17.67607372943117,38
18.811633495132806,38
18.84853981967065,38
18.940405327655306,38
18.977230349588787,38
19.014015210663786,38
19.05076023089054,38
0.1000728384154291,39
0.2081928663930287,39
0.3232443661762277,39
0.4382958659594268,39
0.5533473657426259,39
0.668398865525825,39
0.7694709652223036,39
0.8687331030806944,39
0.9081497402886824,39
0.9998412658473692,39
1.0851646960424826,39
1.1102676956088806,39
1.1291237583448637,39
1.1391752581280628,39
0.1341752581280628,39
0.1000728384154291,40
0.1966799409280585,40
0.291259717900147,40
0.3844010845099767,40
0.4739267394219716,40
0.5625407859956105,40
0.5822172664378961,40
0.6554628365014871,40
0.7247379027580102,40
0.7916593306039651,40
0.8628362991188844,40
1.9844645835732304,40
2.0055836007272085,40
2.081793525842317,40
2.1030960489337525,40
2.1244929150019964,40
2.1459859382634243,40
2.22013086791087,40
2.294136255634316,40
2.3684247356181225,40
2.443013310087212,40
2.51792114193488,40
2.5381700113688788,40
2.5587848980252823,40
2.5797947269206127,40
2.6012333888833603,40
2.6231411449884257,40
2.6455666046862683,40
2.716471470547208,40
2.736899187443145,40
2.757743812752255,40
2.827845371914395,40
2.8983085375552258,40
2.914161512282976,40
2.930437273931988,40
3.002174898636826,40
3.0744214352493366,40
3.092234618616589,40
3.110686970529445,40
3.129872338501104,40
3.149916957718619,40
3.170999774364122,40
3.19339441287268,40
3.2175724260782084,40
3.2445485178654274,40
3.2784560803597054,40
3.312363642853984,40
3.3462712053482613,40
3.3801787678425392,40
3.414086330336817,40
3.447993892831095,40
3.481901455325373,40
3.515809017819651,40
3.604716580015906,40
3.638624142510184,40
3.6725317050044617,40
3.70643926749874,40
3.7403468299930176,40
3.774254392487296,40
3.8081619549815735,40
3.842069517475852,40
3.8759770799701294,40
3.909884642464408,40
3.998792204660662,40
4.03269976715494,40
4.066607329649218,40
4.100514892143496,40
4.1344224546377735,40
4.223330016834028,40
4.257237579328306,40
4.346145141524561,40
4.380052704018839,40
4.413960266513117,40
4.447867829007395,40
4.481775391501673,40
4.570682953697927,40
4.604590516192205,40
4.638498078686483,40
4.672405641180761,40
4.706313203675039,40
4.740220766169317,40
4.774128328663595,40
4.808035891157873,40
4.841943453652151,40
4.875851016146429,40
4.909758578640707,40
4.943666141134985,40
4.977573703629263,40
5.011481266123541,40
5.045388828617819,40
5.079296391112097,40
5.113203953606375,40
5.147111516100653,40
5.181019078594931,40
5.214926641089209,40
5.248834203583487,40
5.2827417660777645,40
5.316649328572042,40
5.35055689106632,40
5.439464453262575,40
0.1000728384154291,41
0.1935406949211217,41
0.285618220757214,41
0.3763272674409211,41
0.4659630294374438,41
0.55471567375557,41
0.5877180146008174,41
0.6750680910040776,41
0.7621383741390977,41
0.8489436946234151,41
0.8731856313412001,41
0.9524275680589852,41
0.97666950477677,41
1.0559114414945552,41
1.071284711817411,41
1.086594690155907,41
1.1568421676805818,41
1.172027916026145,41
1.1871526880062393,41
1.2572172182937529,41
1.2702222234894895,41
2.3879458076645994,41
2.408638411327209,41
2.4308191213150883,41
3.148725536777582,41
3.1745507858087683,41
4.301858200817313,41
4.329574396028128,41
5.057225645607065,41
5.786892181082728,41
6.924692735109142,41
6.963854615181941,41
7.001153530122682,41
7.038400631128245,41
7.075596449632972,41
7.112741506280379,41
7.149836311248519,41
7.186881364562392,41
7.22387715639405,41
7.260824167350982,41
7.2947120731678545,41
7.329611366644726,41
9.033515015104006,41
9.072933802427436,41
9.112306077787558,41
9.151632269872154,41
9.190912799538934,41
9.230148080028114,41
9.26933851716738,41
9.308484509569558,41
9.347586448823328,41
9.386644719677252,41
9.42565970021746,41
9.464631762039213,41
9.503561270412623,41
9.597448584442809,41
9.63629405722464,41
9.6750980359924,41
9.713860862264474,41
9.752582871983352,41
9.79126439565107,41
9.8299057584603,41
9.923507280421283,41
9.962069276484732,41
10.000592056660874,41
10.039075926134808,41
10.07752118537827,41
10.170928130258003,41
10.209297052140814,41
10.247628237995446,41
10.285921970491431,41
10.324178528094984,41
10.362398185162045,41
10.400581212028642,41
10.438727875098598,41
10.531838436928686,41
10.56991315631138,41
10.60795228835523,41
10.645956084562965,41
10.683924792907408,41
10.721858657905267,41
11.448284669761346,41
12.16363696659057,41
12.18694210143833,41
12.262813628633308,41
12.287151369723205,41
12.366455553640163,41
12.388474565539992,41
13.160809081588424,41
13.874677520785964,41
14.590912741218244,41
15.36414073089186,41
15.38922149555806,41
15.46930225806359,41
15.49438302272979,41
15.51946378739599,41
15.545468604732788,41
15.57732113995509,41
15.60914162378559,41
16.74257744106045,41
0.1000728384154291,42
0.1966799409280585,42
0.291259717900147,42
0.3856755457581206,42
0.4251726762204531,42
0.5195085023716945,42
0.6137466027696871,42
0.7047645121176981,42
0.7958276092370294,42
3.197671872313812,42
6.07725546949704,42
6.177159552212551,42
6.276280787523582,42
8.946764138277366,42
9.051522296603515,42
11.2381828247865,42
13.833273214038208,42
17.168458026583984,42
20.79175130826774,42
23.31722646137334,42
23.44379778122544,42
23.569451641917823,42
25.081330877270748,42
25.20647858000683,42
25.331428688642035,42
25.45608928081308,42
25.57953694011131,42
27.649586481491347,42
28.46693711899041,42
28.584514675533217,42
29.80104901460542,42
29.918713620159725,42
30.03615112037414,42
30.14878804416412,42
32.0545374843573,42
32.168122867057264,42
33.836714962432325,42
33.95067081035131,42
35.857048721919,42
35.971437783846795,42
37.87815198482031,42
37.9928645584082,42
39.49480302066559,42
39.6096504423117,42
41.111725279996335,42
43.30774850578064,42
43.360394997457206,42
43.4680013041293,42
43.56931738362664,42
46.15873412595147,42
46.26314337358826,42
46.3677246327793,42
49.81063196615332,42
49.92123673663491,42
51.76986728415841,42
54.13092194304818,42
56.19130097136849,42
56.30549921647662,42
58.36653175012225,42
58.48157617256993,42
58.59660031453723,42
58.71160426543111,42
58.82156288431042,42
58.87657473788613,42
58.9316404032802,42
58.98676046163792,42
59.096882620761335,42
59.2070005777573,42
61.34301503927463,42
63.19243367941135,42
65.19717344076389,42
65.31074319959635,42
67.3713077175712,42
67.4310383442139,42
67.53725812018865,42
70.63737937987798,42
72.08000967086309,42
72.19136730016226,42
74.32827583135122,42
76.46648803533071,42
78.88434615911001,42
80.33154836476797,42
82.33934894383901,42
84.34806767285818,42
84.46590995223278,42
86.47551583678478,42
88.33166217238659,42
90.00603460700268,42
90.1256495657658,42
91.79748439223522,42
93.80663346678966,42
93.92489651025288,42
95.78063133538716,42
97.6920352298116,42
97.81167482764477,42
99.82295011908764,42
99.94328606308454,42
100.06324243725294,42
101.74270740341149,42
103.1995305562046,42
0.1000728384154291,43
0.1966799409280585,43
0.291259717900147,43
0.3844010845099767,43
2.2743833702066323,43
2.3695524971940896,43
2.449216399715223,43
2.525401819870748,43
2.600941714272776,43
2.67048477791337,43
2.740551274643221,43
2.7530731655666014,43
2.816842297465481,43
2.821557609737792,43
2.831165853329875,43
2.8302019958160227,43
2.8295239303502595,43
2.829148988030792,43
2.8290967383023227,43
2.884389452689501,43
2.885052707157737,43
2.886116175092465,43
2.887614700123376,43
2.8895897759307982,43
2.892091654352552,43
2.895182447852275,43
2.8989408981238367,43
2.894263736549473,43
2.889843041188723,43
2.8856926822286906,43
2.881828115200332,43
2.878266671318269,43
2.8750279199981006,43
2.872134133120707,43
2.86961088596814,43
2.867487852573103,43
2.865799875925003,43
2.864588450286245,43
2.863903827145404,43
2.8638081192134988,43
2.864380068271711,43
2.865722770695865,43
2.8679770807598826,43
2.871347108749032,43
2.8761555472252067,43
2.9379913093385395,43
2.9482928098973926,43
3.0135943101582225,43
3.023895810717076,43
3.034197311275929,43
3.044498811834782,43
3.054800312393635,43
3.0651018129524883,43
3.075403313511341,43
3.0857048140701946,43
3.1510063143310245,43
3.1613078148898777,43
3.171609315448731,43
3.181910816007584,43
3.192212316566437,43
3.2025138171252903,43
3.2128153176841434,43
3.2781168179449733,43
3.2884183185038265,43
3.29871981906268,43
3.309021319621533,43
3.319322820180386,43
3.329624320739239,43
3.339925821298092,43
3.3502273218569454,43
3.3605288224157985,43
3.370830322974652,43
3.381131823533505,43
3.391433324092358,43
3.401734824651211,43
3.4120363252100643,43
3.477337825470894,43
3.487639326029748,43
3.4979408265886005,43
3.5082423271474537,43
3.518543827706307,43
3.52884532826516,43
3.539146828824013,43
3.5494483293828663,43
3.5597498299417194,43
3.570051330500573,43
3.6353528307614025,43
3.645654331320256,43
3.6559558318791088,43
3.666257332437962,43
3.676558832996815,43
3.686860333555668,43
3.697161834114522,43
3.707463334673376,43
3.717764835232228,43
3.728066335791081,43
3.738367836349934,43
3.748669336908787,43
3.813970837169617,43
3.82427233772847,43
0.1000728384154291,44
0.1971799409280585,44
0.292259717900147,44
0.3785457942180381,44
0.4639655119295589,44
0.5486470496470495,44
0.6326855004754295,44
0.6611542300070635,44
0.7441115652930954,44
0.8243531560313919,44
0.8493177493822792,44
0.87517132738354,44
1.5959534285378674,44
1.6242761121851423,44
1.7073487447363356,44
1.790324758158348,44
1.818205976278804,44
1.900225044579528,44
1.981690743358157,44
2.7080914961305806,44
2.741366390336992,44
2.829535572360533,44
2.8592579537437137,44
2.889022706578749,44
2.9188301959440883,44
2.948680786918181,44
2.978574859480637,44
3.0635127895877536,44
3.0934949689910587,44
3.178323964159268,44
3.208261894564408,44
3.23831118879773,44
3.2684743837819275,44
3.298754131923693,44
3.32915321974017,44
3.359674560408372,44
3.44532121954419,44
3.53094256160714,44
3.5618497007892307,44
3.593059963117617,44
3.679592913518923,44
3.711470829825181,44
3.798719289283532,44
3.8278989144966777,44
3.911932545285004,44
3.941929223518151,44
4.027240964154976,44
4.057888968418616,44
4.088897491376179,44
4.175294558088559,44
4.207112925629395,44
4.239391388873833,44
4.272176614533442,44
4.305525815616625,44
4.339510793368596,44
4.429224329571503,44
4.464790994803685,44
4.501386920492428,44
4.539280402045029,44
4.578930872063416,44
4.673146078865307,44
4.716738625000494,44
4.768378360699194,44
4.820018096397894,44
4.871657832096594,44
4.923297567795294,44
4.974937303493994,44
5.081577038894671,44
5.133216774593371,44
5.239856509994048,44
5.291496245692748,44
6.094016043971556,44
7.539195267985838,44
7.598080100993889,44
7.65696493400194,44
7.715849767009991,44
7.774734600018042,44
7.833619433026093,44
7.892504266034144,44
7.951389099042195,44
8.010273932050247,44
8.069158765058297,44
8.183043601493615,44
8.241928434501666,44
8.300813267509717,44
8.359698100517768,44
8.418582933525819,44
8.532467769961137,44
8.591352602969188,44
8.650237435977239,44
8.70912226898529,44
8.76800710199334,44
8.826891935001392,44
8.885776768009443,44
8.944661601017494,44
9.003546434025544,44
9.062431267033595,44
9.176316103468912,44
9.290200939904231,44
9.40408577633955,44
0.1000728384154291,45
0.1966799409280585,45
0.291259717900147,45
0.3819010898059507,45
0.4730002924388548,45
0.5658926635569235,45
0.6560440778320928,45
2.1376131295746466,45
3.849600863415589,45
3.956475657183518,45
4.018747658241381,45
4.136019662726511,45
5.587308839667429,45
7.26457066904365,45
9.131933137838104,45
10.595900132782305,45
12.622688790642515,45
14.786172932904458,45
17.583184719993216,45
20.314966183215983,45
23.357103234375387,45
24.84096722975319,45
26.325606833439902,45
26.478952076006728,45
26.63229731857356,45
26.73064256114037,45
26.8289878037072,45
26.927333046274025,45
27.080678288840847,45
27.179023531407672,45
27.27736877397449,45
27.37571401654132,45
27.47405925910813,45
27.57240450167496,45
27.670749744241785,45
27.824094986808607,45
27.922440229375432,45
28.02078547194225,45
28.11913071450908,45
28.21747595707589,45
28.31582119964272,45
30.079536460146446,45
31.27796674034829,45
33.04309483883019,45
34.530752764732874,45
34.63211632951566,45
34.73347989429845,45
34.834843459081235,45
34.93620702386402,45
35.03757058864681,45
35.138934153429595,45
35.24029771821238,45
35.34166128299517,45
35.44302484777796,45
35.54438841256074,45
35.64575197734353,45
35.80211554212632,45
35.9584791069091,45
36.05984267169189,45
36.21620623647468,45
36.31756980125746,45
36.41893336604025,45
36.52029693082304,45
36.62166049560582,45
36.72302406038861,45
36.8243876251714,45
36.92575118995418,45
37.02711475473697,45
37.12847831951976,45
37.229841884302544,45
37.33120544908533,45
37.43256901386812,45
37.588932578650905,45
37.69029614343369,45
37.79165970821648,45
37.89302327299927,45
37.99438683778205,45
38.09575040256484,45
38.197113967347626,45
38.35347753213041,45
38.4548410969132,45
38.61120466169599,45
38.71256822647877,45
38.81393179126156,45
38.970295356044346,45
39.07165892082713,45
39.17302248560992,45
39.27438605039271,45
39.37574961517549,45
39.47711317995828,45
39.63347674474107,45
39.78984030952385,45
39.89120387430664,45
39.99256743908943,45
40.09393100387221,45
40.195294568655,45
40.29665813343779,45
40.398021698220575,45
40.49938526300336,45
40.60074882778615,45
0.1000728384154291,46
0.1966799409280585,46
0.236259717900147,46
0.2744010845099767,46
0.3664267333632353,46
0.4580407744325241,46
0.5488840621026767,46
2.25334310589421,46
4.748951912504317,46
7.253961264691885,46
10.252114575361212,46
10.359407016668904,46
10.466013911906735,46
12.919530948367594,46
15.598942405047769,46
15.71345960124265,46
15.828032508320302,46
15.942494607538938,46
16.05684830142727,46
16.15749068452587,46
18.56380887223949,46
21.241387273502426,46
23.65889407157019,46
26.4159826392906,46
26.525125239849096,46
29.27250335073472,46
29.38057642883063,46
29.48916335111857,46
32.3734175682664,46
32.48453282272816,46
35.31142003704439,46
37.16802956350012,46
38.67473587081136,46
38.7949514934101,46
38.91501542506854,46
39.03455308779509,46
39.8473469886596,46
39.90256441120456,46
39.95766293738435,46
40.012645327639085,46
40.122514219176274,46
40.23227212686489,46
40.34189766008805,46
40.45140581686447,46
43.397593313049775,46
43.51033730913351,46
43.623136201095086,46
43.74102705298912,46
43.85894666125285,46
43.9218951922292,46
44.03957548669647,46
46.644210815496805,46
48.55654790549433,46
50.287223178290446,46
52.14157338752659,46
52.25909613385113,46
53.98674057736309,46
54.103582593940814,46
54.220203939222415,46
55.03026259257706,46
55.14716770067128,46
56.65083898916157,46
56.76403424456032,46
58.66991469576272,46
58.78399032666596,46
60.23038024022492,46
61.73232943131836,46
61.84801145955237,46
61.9571147741309,46
62.066112886511405,46
65.06912721260699,46
66.91957975491198,46
67.03321367814453,46
69.09388476922425,46
69.20854011490258,46
69.32345763906153,46
69.43804814233692,46
71.7512111844054,46
73.25406147851857,46
73.37062830790194,46
74.81911702021273,46
74.93628338291558,46
76.15253296806725,46
76.21524156197222,46
76.27802251591595,46
76.3957947374812,46
76.51350908293637,46
78.6570234776965,46
78.7211818502775,46
78.78171484484585,46
78.89728120281609,46
79.01250076606186,46
82.02062368705185,46
85.27657962157639,46
87.59531593634995,46
87.71681062444361,46
89.86390749677332,46
91.541530172669,46
91.66473805471573,46
94.09153663679274,46
0.1000728384154291,47
0.1966799409280585,47
0.291259717900147,47
2.1823577213533736,47
2.280580537821974,47
2.378418549084894,47
2.4765916138992283,47
2.574814430367829,47
2.6735640494147184,47
4.564311715773666,47
6.220318290404403,47
8.121642239526192,47
10.57915815196406,47
13.28284187886298,47
15.429380918308194,47
18.546412402151656,47
18.611525316095246,47
18.67663823003884,47
18.796751143982423,47
18.861864057926017,47
18.91869721434153,47
18.97558885095587,47
19.031107400785963,47
19.13234159840254,47
19.178636403065006,47
19.27999255923537,47
19.326410827468912,47
19.427891989480536,47
19.474436846803705,47
19.52104622242956,47
19.56772095827369,47
19.61446191860346,47
19.66126999748854,47
19.70814610389976,47
19.75509117661027,47
19.79677644489316,47
19.838532635252754,47
19.88036077214388,47
19.92226190237312,47
19.964237106274645,47
20.061287497412245,47
20.10666422846131,47
20.15211848044305,47
20.252651474209635,47
20.29826446968295,47
20.343958767760626,47
20.389735712348056,47
21.184427395089905,47
22.61950700935243,47
22.664810613386955,47
22.70959291236986,47
22.75390316293041,47
22.85278211176953,47
22.89626402672064,47
22.93937812883586,47
22.982149631218896,47
23.024600510961083,47
23.06675009474568,47
23.10136466549968,47
23.1357606221986,47
23.16994712418898,47
23.20393259407697,47
23.23772480319279,47
23.271330944326905,47
23.304757694022697,47
23.393011266235177,47
23.426097458801674,47
23.459021693889216,47
23.49178905336392,47
23.524404309855115,47
23.55687195414998,47
23.58919621944496,47
23.621381102892304,47
23.653430384808548,47
23.68534764585381,47
23.71713628244288,47
23.748799520609964,47
23.78034042851628,47
23.81176192776257,47
23.84306680364604,47
23.87425771448186,47
23.960337200093736,47
23.991307689563897,47
24.013339216576483,47
24.035278999002244,47
24.057128689007428,47
24.133889882580903,47
24.15556411513832,47
24.17715287649777,47
24.198657600896027,47
24.27507968129364,47
24.29642045752849,47
24.36400936798897,47
24.3783724519774,47
25.0889539930388,47
26.208714983181626,47
26.2297866351321,47
26.25078244576004,47
26.26797659950104,47
26.28019170531776,47
0.1000728384154291,48
0.1966799409280585,48
0.291259717900147,48
0.3844010845099767,48
0.4764267333632352,48
0.567540774432524,48
0.6439046620159562,48
1.419607198122066,48
1.5020037798910555,48
1.5861929042964396,48
1.6601601152449068,48
1.6789872648894009,48
1.697678165766519,48
1.7100975441514668,48
1.7773870455800709,48
1.847908139485043,48
2.560467005032223,48
2.5796257818817314,48
2.6535438115476784,48
2.672356128948849,48
2.7460649239598927,48
2.764672294515293,48
2.78318025569908,48
2.8015907483874973,48
2.874905638652962,48
2.948126718658131,48
2.9681871331065115,48
2.988362055528086,48
3.00865417185716,48
3.027261542412561,48
3.100949885579866,48
3.1197205356090483,48
3.193574870261472,48
3.212514313194078,48
3.23154033559851,48
3.299048101785701,48
3.311577851208966,48
3.324129675771218,48
3.33070673632912,48
3.337350911717039,48
3.3440631155624208,48
3.350844285707098,48
3.357695387466919,48
3.364617412234765,48
3.3716113807401773,48
3.3786783435150203,48
3.385819381824803,48
3.3930356095313248,48
3.400328174023997,48
3.407698259945136,48
3.415147087327313,48
3.422675916249972,48
3.43028604777075,48
3.437978825788122,48
3.4457556398353693,48
3.453617926477563,48
3.516567174135816,48
3.5246049172944542,48
3.5327327528736707,48
3.540952333971035,48
3.54926537608273,48
3.557673658966196,48
3.566179032228064,48
3.5747834190494534,48
3.5834888189799305,48
3.592297315388095,48
3.6562110779575225,48
3.665232372260761,48
3.674363560765159,48
3.738607115834129,48
3.7479656168959257,48
3.757441770075929,48
3.822038415609968,48
3.831758519425165,48
3.8416052123299953,48
3.906581785320413,48
3.907960124337223,48
3.909295172919628,48
3.910587302898165,48
3.9118368793512848,48
3.913044261536669,48
3.914209802425575,48
3.970333848870468,48
3.9714167432627794,48
3.9724588210462746,48
3.9734604128404674,48
3.974421843735144,48
4.030343431828186,48
4.03122549599513,48
4.025868886639472,48
4.020398203772601,48
4.014815992233451,48
4.009124685567912,48
4.003326613013741,48
3.997424007416811,48
3.991419008956399,48
4.04031367509171,48
4.034109974769052,48
4.027809808519777,48
4.012266787258085,48
0.1000728384154291,49
0.1971799409280585,49
0.292259717900147,49
0.3859010845099767,49
2.2758833702066323,49
4.165219002530851,49
7.212605171964444,49
7.319227487907685,49
7.370818452105798,49
7.422378265426435,49
7.473907117859401,49
7.525405203119792,49
7.576872707472123,49
7.628309813455619,49
7.679716711060085,49
7.786093575076141,49
7.837440588639058,49
7.888757930264749,49
7.940045771316566,49
7.991304286883153,49
8.042533648327865,49
8.093734027014055,49
8.199905582831182,49
8.251048487738647,49
8.301853065506496,49
8.352657643274345,49
12.42794054809467,49
15.634973002525872,49
18.941729908731848,49
22.152600287527285,49
25.56218096795262,49
29.225504665496583,49
32.74088199937054,49
36.67493264665144,49
40.76870098691751,49
40.84614060016622,49
40.923000787706194,49
40.99934177723208,49
41.07521244638935,49
41.15065325670767,49
41.21487374763446,49
41.278862983473,49
41.39763118884901,49
41.461187722405896,49
41.52454118236701,49
41.58769949560859,49
41.65066999334229,49
41.71345947583268,49
41.83107426806625,49
41.89352026790021,49
41.95580298791929,49
42.01792759199622,49
42.13489892736769,49
42.25172155289317,49
42.36839976404791,49
42.48493761510876,49
42.54633893891615,49
42.60760736453452,49
42.65881502097889,49
42.70994185397625,49
42.81598914925662,49
42.866958152283296,49
42.91785007011527,49
42.96866607315667,49
43.01940729680141,49
43.07007484298102,49
43.120669781622446,49
43.17119315202245,49
43.221645964144415,49
43.272029199842926,49
43.32234381402117,49
43.37259073572564,49
43.47777086918229,49
43.5197692329391,49
43.56172260048277,49
43.60363137313624,49
43.645495945126825,49
43.68731670377281,49
43.78409402966345,49
43.82582829683288,49
43.867519872927936,49
43.90916911937049,49
43.95077639151413,49
44.04734203879578,49
44.08886640488222,49
44.13034982781184,49
44.17179264013178,49
44.21319516903071,49
44.25455773646723,49
44.35088065929431,49
44.44716424937983,49
44.48840881372323,49
44.5296146545687,49
44.57078206951474,49
44.611911351620535,49
44.70800278950897,49
44.74905666746662,49
44.79007326554077,49
44.83105285963351,49
44.8719957215931,49
0.1000728384154291,50
0.1966799409280585,50
0.2825256489756397,50
0.3090245441141418,50
0.3896244705262474,50
0.469462694281607,50
0.5502650604191116,50
0.6309838012399963,50
2.510429950112372,50
2.5981935725155165,50
2.685692982429533,50
2.718047452771931,50
2.80515797218111,50
4.505921674573688,50
6.392818523252277,50
6.487269049191742,50
8.319344764256744,50
10.026214604878692,50
10.123554331863192,50
10.165803560668497,50
10.2079638965967,50
10.30503689279583,50
10.347024051153928,50
10.44392681648758,50
10.485746593827276,50
10.527484738880664,50
10.569142559224634,50
10.610721328908472,50
10.652222273552685,50
10.692670931721,50
10.788025771880417,50
10.883288530314235,50
10.917476674223211,50
10.951646668517856,50
10.985798580253393,50
11.019932472759752,50
11.045482413524656,50
11.071014463582902,50
11.15152869341698,50
11.177025157639653,50
11.202503921145468,50
11.227965049127013,50
11.253408601188926,50
11.278834640661149,50
11.359243228712945,50
11.384634425545006,50
11.410008290463953,50
11.435364884937076,50
11.460704266706376,50
11.48602649723914,50
11.511331632414729,50
11.536619731837778,50
11.561890853250294,50
11.64214505782154,50
11.667382396438985,50
11.747602931836514,50
11.823672882893948,50
11.844726139360931,50
11.8657627568188,50
11.88343847697404,50
11.894590758399932,50
11.905759790593653,50
11.916945629434554,50
11.928148331733317,50
11.93936795430061,50
12.005553793774812,50
12.016706075200704,50
12.027825022729008,50
12.038910858014493,50
12.04996379805532,50
12.060984058918326,50
12.071971852013736,50
12.140264469811587,50
12.153417108261852,50
12.166433581763773,50
12.23431749796298,50
12.247114957922964,50
12.950584293955831,50
14.06598854219344,50
14.08271116172698,50
14.099365381205349,50
14.11595212450054,50
14.13247228940752,50
14.148926747644214,50
14.165316356027391,50
14.181641941571502,50
14.197904316389828,50
14.21410426651862,50
14.230242563092975,50
14.24631995862153,50
14.262337186986477,50
14.278294959718256,50
14.29419397717145,50
14.31003492107418,50
14.325818461978702,50
14.341545248085527,50
14.357215916419296,50
14.372831090034811,50
14.38839137894836,50
14.403897377343744,50
0.1000728384154291,51
0.1966799409280585,51
0.291259717900147,51
0.3819010898059507,51
0.4730002924388548,51
0.5643812611287733,51
0.6423176943844457,51
1.776555937487473,51
1.8124428025966783,51
1.84860496665894,51
1.885058474499573,51
1.9218213602489127,51
1.9589140347725047,51
1.9963597997611664,51
2.034185492206206,51
2.0724223747438093,51
2.1111073202973505,51
2.1502844661062857,51
2.245007608789792,51
2.285343763191094,51
2.3263787261730333,51
2.368226283002486,51
2.411044620681395,51
2.510068767476668,51
2.555685185599913,51
2.6586516208535333,51
2.7111995078211923,51
2.7672131329363485,51
2.8232267580515047,51
2.879240383166661,51
2.935254008281817,51
2.991267633396973,51
3.0472812585121294,51
3.1032948836272856,51
3.1593085087424417,51
3.215322133857598,51
3.271335758972754,51
3.3273493840879103,51
3.3833630092030664,51
3.4393766343182226,51
3.4953902594333788,51
3.551403884548535,51
3.607417509663691,51
3.6634311347788473,51
3.77444475587069,51
3.830458380985846,51
3.8864720061010014,51
3.94248563121616,51
3.998499256331314,51
4.05451288144647,51
4.1105265065616265,51
4.166540131676783,51
4.222553756791939,51
4.278567381907095,51
4.389581002998938,51
4.445594628114094,51
4.50160825322925,51
4.557621878344406,51
4.613635503459562,51
4.724649124551405,51
4.835662745643248,51
4.891676370758404,51
4.94768999587356,51
5.003703620988716,51
5.059717246103872,51
5.115730871219029,51
5.226744492310871,51
5.282758117426027,51
5.338771742541184,51
5.39478536765634,51
5.450798992771496,51
5.506812617886652,51
5.562826243001808,51
5.673839864093651,51
5.729853489208807,51
5.785867114323963,51
5.84188073943912,51
5.897894364554276,51
6.008907985646118,51
6.0649216107612745,51
6.120935235876431,51
6.176948860991587,51
6.232962486106743,51
6.288976111221899,51
6.399989732313742,51
6.456003357428898,51
6.512016982544054,51
6.56803060765921,51
6.679044228751053,51
6.735057853866209,51
6.791071478981365,51
6.8470851040965215,51
6.903098729211678,51
6.959112354326834,51
7.0701259754186765,51
7.126139600533833,51
7.182153225648989,51
7.293166846740831,51
7.349180471855988,51
7.405194096971144,51
0.1000728384154291,52
0.1966799409280585,52
0.291259717900147,52
0.3294010845099767,52
0.4214267333632353,52
0.513040774432524,52
0.6046966567501655,52
0.6962692038053808,52
0.7877597818117178,52
0.8794156641293592,52
0.971242503270742,52
1.0629831333799522,52
1.1001704889908417,52
1.1378484338815238,52
1.17607039307145,52
1.2149028657453806,52
1.3094309024316249,52
1.349767145875651,52
1.4460679076502998,52
1.4885648178702775,52
1.5326371333234552,52
1.579022566386373,52
1.6298445154242955,52
1.6903960152074946,52
1.7509475149906937,52
1.8114990147738927,52
1.872050514557092,52
1.9326020143402909,52
1.99315351412349,52
2.053705013906689,52
2.114256513689888,52
2.174808013473087,52
2.2353595132562862,52
2.2959110130394853,52
2.3564625128226844,52
2.4170140126058834,52
2.4775655123890825,52
2.5381170121722816,52
2.653668511955481,52
2.71422001173868,52
2.774771511521879,52
2.835323011305078,52
2.895874511088277,52
2.956426010871476,52
3.0169775106546752,52
3.0775290104378743,52
3.1380805102210734,52
3.1986320100042724,52
3.314183509787472,52
3.3747350095706707,52
3.43528650935387,52
3.550838009137069,52
3.611389508920268,52
3.671941008703467,52
3.7874925084866655,52
3.9030440082698656,52
3.9635955080530647,52
4.079147007836264,52
4.139698507619463,52
4.255250007402662,52
4.315801507185861,52
4.37635300696906,52
4.436904506752259,52
4.497456006535458,52
4.558007506318657,52
4.618559006101856,52
4.679110505885055,52
4.739662005668254,52
4.855213505451453,52
4.915765005234652,52
4.976316505017851,52
5.03686800480105,52
5.152419504584249,52
5.212971004367448,52
5.273522504150647,52
5.334074003933846,52
5.394625503717045,52
5.4551770035002445,52
5.515728503283444,52
5.576280003066643,52
5.636831502849842,52
5.697383002633041,52
5.81293450241624,52
5.873486002199439,52
5.989037501982637,52
6.104589001765836,52
6.165140501549035,52
6.225692001332234,52
6.341243501115433,52
6.401795000898632,52
6.462346500681831,52
6.52289800046503,52
6.583449500248229,52
6.6440010000314285,52
6.704552499814628,52
6.765103999597827,52
6.825655499381026,52
6.886206999164225,52
6.946758498947424,52
7.007309998730623,52
0.1000728384154291,53
0.1966799409280585,53
0.291259717900147,53
0.3844010845099767,53
0.4803093773107302,53
0.5775430688632811,53
0.6753178283390331,53
0.7736993920998064,53
0.8692683544949976,53
2.707189973910281,53
2.808018703480193,53
5.348357696552703,53
7.713309545536467,53
10.091267128010225,53
13.401596857497228,53
16.731619876729436,53
19.082567353527,53
21.02914481428879,53
21.12896280582253,53
21.228780797356265,53
21.32859878889,53
21.42841678042374,53
21.528234771957475,53
21.62805276349121,53
21.72787075502495,53
21.827688746558685,53
21.927506738092426,53
22.02732472962616,53
22.12714272115989,53
22.226960712693632,53
22.32677870422737,53
22.426596695761106,53
22.52641468729484,53
22.62623267882858,53
22.72605067036232,53
22.82586866189605,53
22.92568665342979,53
23.02550464496353,53
23.180322636497262,53
23.280140628031,53
23.43495861956473,53
23.534776611098472,53
23.63459460263221,53
23.734412594165946,53
23.83423058569968,53
23.93404857723342,53
24.088866568767155,53
24.18868456030089,53
24.28850255183463,53
24.38832054336837,53
24.488138534902102,53
24.58795652643584,53
24.687774517969576,53
24.787592509503312,53
24.88741050103705,53
24.987228492570782,53
25.087046484104523,53
25.18686447563826,53
25.341682467172,53
25.441500458705733,53
25.54131845023947,53
25.64113644177321,53
25.740954433306943,53
25.84077242484068,53
25.995590416374416,53
26.150408407908152,53
26.25022639944189,53
26.350044390975626,53
26.44986238250936,53
26.5496803740431,53
26.70449836557684,53
26.80431635711057,53
26.90413434864431,53
27.00395234017805,53
27.103770331711782,53
27.20358832324552,53
27.303406314779256,53
27.403224306313,53
27.50304229784673,53
27.602860289380462,53
27.702678280914203,53
27.80249627244794,53
27.90231426398168,53
28.002132255515413,53
28.15695024704915,53
28.25676823858289,53
28.411586230116622,53
28.51140422165036,53
28.666222213184096,53
28.766040204717832,53
28.86585819625157,53
28.965676187785306,53
29.06549417931904,53
29.16531217085278,53
29.32013016238652,53
29.41994815392025,53
29.51976614545399,53
29.61958413698773,53
29.719402128521462,53
29.8742201200552,53
0.1000728384154291,54
0.1966799409280585,54
0.2958411715595178,54
0.3967266046224358,54
0.4989533576183271,54
0.5535117959581857,54
0.5995838956546644,54
0.6950960324716429,54
0.7865126670908789,54
0.8759541900467733,54
0.966959090681062,54
1.002963991613374,54
1.041618490369306,54
1.777765655667768,54
1.8757656605553488,54
1.9187656582903725,54
1.961765656025396,54
2.004765653760419,54
2.0477656514954425,54
2.1457656563830234,54
2.2437656612706043,54
2.286765659005628,54
2.329765656740652,54
2.372765654475675,54
2.470765659363256,54
2.513765657098279,54
2.556765654833302,54
2.599765652568326,54
2.6427656503033496,54
2.685765648038373,54
2.7287656457733966,54
2.826765650660977,54
2.869765648396001,54
2.9127656461310245,54
3.0107656510186054,54
3.1087656559061863,54
3.2085852862906314,54
4.004679644258008,54
4.053986048103557,54
4.104540610463605,54
4.155095172823653,54
4.9010148176562645,54
4.953787261397824,54
5.061559708566652,54
5.114332152308212,54
5.167104596049772,54
5.219877039791331,54
5.272649483532891,54
5.325421927274451,54
5.378194371016011,54
5.430966814757571,54
5.483739258499131,54
5.536511702240691,54
5.589284145982251,54
5.697056593151078,54
5.749829036892638,54
5.802601480634198,54
5.855373924375758,54
5.908146368117318,54
5.960918811858878,54
6.013691255600438,54
6.066463699341998,54
6.119236143083558,54
6.172008586825118,54
6.224781030566678,54
6.277553474308238,54
6.330325918049798,54
6.438098365218625,54
6.490870808960185,54
6.543643252701745,54
6.596415696443305,54
6.649188140184865,54
6.701960583926425,54
6.754733027667985,54
6.807505471409545,54
6.860277915151105,54
6.913050358892665,54
6.965822802634225,54
7.018595246375785,54
7.071367690117345,54
7.124140133858905,54
7.231912581027732,54
7.284685024769292,54
7.337457468510852,54
7.445229915679679,54
7.498002359421239,54
7.550774803162799,54
7.658547250331626,54
7.711319694073186,54
7.764092137814746,54
7.816864581556306,54
7.869637025297866,54
7.922409469039426,54
7.975181912780986,54
8.027954356522546,54
8.080726800264106,54
8.133499244005666,54
8.241271691174493,54
8.294044134916053,54
8.346816578657613,54
0.1000728384154291,55
0.1966799409280585,55
0.2942489029039251,55
0.3961051160390479,55
0.5111566158222469,55
0.626208115605446,55
0.6722802153019247,55
0.7677923521189032,55
1.5102459272531803,55
2.6616306385187443,55
2.714403082260304,55
2.822175529429132,55
2.874947973170692,55
2.927720416912252,55
2.9804928606538112,55
3.0882653078226383,55
3.1960377549914654,55
3.2488101987330253,55
3.3015826424745853,55
3.3543550862161453,55
3.4071275299577053,55
3.5148999771265323,55
3.5676724208680923,55
3.620444864609652,55
3.673217308351212,55
3.725989752092772,55
3.778762195834332,55
3.831534639575892,55
3.884307083317452,55
3.937079527059012,55
3.989851970800572,55
4.042624414542132,55
4.095396858283692,55
4.148169302025252,55
4.200941745766812,55
4.253714189508372,55
4.306486633249932,55
4.359259076991492,55
4.412031520733052,55
4.464803964474612,55
4.517576408216172,55
4.570348851957732,55
4.623121295699292,55
4.675893739440852,55
4.728666183182412,55
4.781438626923972,55
4.834211070665532,55
4.886983514407092,55
4.939755958148652,55
4.992528401890212,55
5.795363270321303,55
5.850050952860528,55
5.904738635399752,55
5.959426317938977,55
6.014114000478202,55
6.068801683017426,55
6.123489365556651,55
6.178177048095876,55
6.2328647306351,55
6.287552413174325,55
6.342240095713549,55
6.396927778252774,55
6.451615460791999,55
6.506303143331223,55
6.560990825870448,55
6.6156785084096725,55
6.670366190948897,55
6.780053869464808,55
6.834741552004033,55
6.8894292345432575,55
6.944116917082482,55
7.053804595598393,55
7.108492278137618,55
7.1631799606768425,55
7.217867643216067,55
7.327555321731978,55
7.382243004271203,55
7.4369306868104275,55
7.491618369349652,55
7.546306051888877,55
7.600993734428101,55
7.655681416967326,55
7.710369099506551,55
7.765056782045775,55
7.819744464585,55
7.874432147124224,55
7.984119825640136,55
8.093807504156047,55
8.148495186695271,55
8.203182869234496,55
8.25787055177372,55
8.312558234312945,55
8.36724591685217,55
8.421933599391394,55
8.476621281930619,55
8.531308964469844,55
8.640996642985755,55
8.69568432552498,55
8.750372008064204,55
8.805059690603429,55
0.1000728384154291,56
0.1966799409280585,56
0.291259717900147,56
0.3844010845099767,56
0.4764267333632352,56
1.958294197854796,56
3.086609169778624,56
3.171073734698096,56
3.257560983238021,56
3.289160598007241,56
3.3208751603339106,56
3.4073624088738352,56
5.108943648574153,56
5.20101346814374,56
5.292401961920062,56
7.532372884390154,56
7.629697255728045,56
9.33896940195302,56
9.438230127033988,56
10.925166577038564,56
11.005325794157782,56
13.129226922926703,56
15.818267583784856,56
15.916682802078524,56
15.95997102552394,56
16.003135405418675,56
16.10113435977439,56
16.199148125884335,56
16.242176752475302,56
16.337109427836936,56
17.765529375461142,56
19.75683532276492,56
21.884773116496604,56
23.78197107830385,56
26.320596318629786,56
29.021653615672506,56
32.13294339488427,56
32.25395662192395,56
33.70678472548643,56
35.72032477340463,56
35.84264569367117,56
35.90992930033171,56
36.02877176726078,56
36.146937292172986,56
39.04673300932713,56
39.168283176194535,56
39.23480134295272,56
39.35557273717308,56
40.86325253259433,56
43.01033562409082,56
44.17698943243997,56
45.85516251672284,56
47.310759624078905,56
47.43406224844989,56
47.55731638759245,56
49.29075591968681,56
50.96988577497825,56
51.73300094235847,56
51.85785318326942,56
51.98206717273842,56
54.13185097656683,56
54.2020990366231,56
55.9373431620501,56
56.00803594862885,56
57.926140669971325,56
58.044839159484106,56
58.16354218826184,56
58.920873795801306,56
60.13931887275569,56
60.25907173456336,56
60.378980933123685,56
60.49892877921943,56
60.618833167774575,56
60.73861878589968,56
62.46864239329263,56
62.55838747089668,56
64.87157200730006,56
64.98744835237856,56
65.04853249544563,56
65.16449378220904,56
65.91900792979128,56
66.03522361138758,56
67.9443288927751,56
68.06172538762975,56
68.17911405162923,56
68.29636762443188,56
68.35886226928146,56
68.47632241801874,56
68.5936580789979,56
68.71122829990951,56
68.82858509622186,56
68.89093109727992,56
69.008083207284,56
69.76374653621966,56
69.88121119083436,56
69.99862487660812,56
70.11608270528319,56
72.53787591798117,56
72.65709421753252,56
74.10837282043246,56
0.1000728384154291,57
0.1966799409280585,57
0.236259717900147,57
0.3294010845099767,57
0.4224189880568545,57
0.5149714394884023,57
0.5382741547268782,57
0.6107106885951911,57
0.6801249167961035,57
0.6924295040857945,57
0.7054200812322055,57
0.7661839655679618,57
0.7671427621003207,57
0.81693795383535,57
0.8030548362489757,57
-0.2258393497709218,57
0.1000728384154291,58
0.1966799409280585,58
0.291759717900147,58
1.475625741917481,58
3.6521346638342367,58
3.748008286826255,58
3.843029649912081,58
3.93762217888912,58
3.976915615390104,58
4.015926845336563,58
4.1095849874469526,58
4.203243129557342,58
4.296901271667732,58
4.335559413778122,58
4.429217555888512,58
4.467875697998902,58
4.561533840109291,58
4.600191982219681,58
4.638850124330071,58
4.677508266440461,58
4.716166408550851,58
4.809824550661241,58
4.903482692771631,58
4.942140834882021,58
4.980798976992411,58
5.019457119102801,58
5.058115261213191,58
5.0967734033235805,58
5.1354315454339705,58
5.1740896875443605,58
5.212747829654751,58
5.2514059717651405,58
5.29006411387553,58
5.325822658637036,58
5.361581203398542,58
5.383647623342709,58
6.093857887071804,58
6.11097713826342,58
6.128153209445314,58
6.145386752543287,58
6.162678434384302,58
6.180028940421776,58
6.197438971010284,58
6.26990924855812,58
6.287440498230295,58
6.30503347782536,58
6.322688956615762,58
6.340407728088335,58
6.358190602493719,58
6.376038414296941,58
6.393952014726834,58
6.411932282951907,58
6.429980120492415,58
6.448096453082995,58
6.4662822306726735,58
6.484538431150154,58
6.502866062206463,58
6.5212661576096576,58
6.539739784655408,58
6.558288040441708,58
6.576912053731517,58
6.595612992403344,58
6.614392057863311,58
6.633250488770441,58
6.652189566624598,58
6.6712106139038365,58
6.690314997789697,58
6.709504128304557,58
6.728779467624859,58
6.748142528218464,58
6.767594878432588,58
6.78713813876851,58
6.806773994920091,58
6.82650419404848,58
6.901330553797321,58
6.921254952308969,58
6.941279354376034,58
6.961405799594955,58
6.981636415106491,58
7.001973417458371,58
7.02241912005587,58
7.042975938749747,58
7.063646399286823,58
7.08443314289792,58
7.160338942763643,58
7.181366697755889,58
7.202519458589391,58
7.223800432739095,58
7.300212991294698,58
7.321760694367127,58
7.343447294888334,58
7.420276765582399,58
7.497253303286866,58
7.509137402159409,58
7.521021501031951,58
7.532905599904494,58
7.544789698777036,58
7.61167379176362,58
7.623557890636162,58
7.635441989508704,58
0.1000728384154291,59
0.1966799409280585,59
0.236259717900147,59
0.3294010845099767,59
0.4224189880568545,59
0.4610871572449733,59
0.4890979458372224,59
0.5630428602340999,59
0.6340187121608288,59
0.7059791987447434,59
1.4194528167752916,59
1.495027252068966,59
1.515862618169039,59
2.2850270015804464,59
2.306329999646395,59
2.3823472005932027,59
2.4039533218054467,59
2.426227100720852,59
2.503500879338234,59
3.279925108483284,59
3.309283264508694,59
3.340022687396257,59
3.372677069684713,59
3.408474494299143,59
3.454669125905484,59
3.500863757511824,59
3.547058389118164,59
3.5932530207245046,59
3.694447655758112,59
3.79564229079172,59
3.84183692239806,59
3.8880315540044,59
3.934226185610741,59
3.980420817217081,59
4.026615448823422,59
4.072810080429762,59
4.119004712036102,59
4.165199343642443,59
4.211393975248783,59
4.257588606855124,59
4.303783238461464,59
4.3499778700678045,59
4.451172505101412,59
4.552367140135019,59
4.59856177174136,59
4.6447564033477,59
4.690951034954041,59
4.737145666560381,59
4.7833402981667215,59
4.829534929773062,59
4.875729561379402,59
4.921924192985743,59
4.968118824592083,59
5.014313456198424,59
5.060508087804764,59
5.161702722838371,59
5.262897357871979,59
5.309091989478319,59
5.35528662108466,59
5.456481256118267,59
5.502675887724608,59
5.548870519330948,59
5.650065154364556,59
5.751259789398163,59
5.797454421004503,59
5.843649052610844,59
5.944843687644451,59
6.046038322678059,59
6.092232954284399,59
6.13842758589074,59
6.18462221749708,59
6.23081684910342,59
6.277011480709761,59
6.378206115743368,59
6.424400747349709,59
6.470595378956049,59
6.5167900105623895,59
6.56298464216873,59
6.60917927377507,59
6.655373905381411,59
6.701568536987751,59
6.747763168594092,59
6.793957800200432,59
6.840152431806772,59
6.94134706684038,59
7.042541701873987,59
7.088736333480328,59
7.134930965086668,59
7.1811255966930085,59
7.227320228299349,59
7.328514863332956,59
7.374709494939297,59
7.420904126545637,59
7.467098758151978,59
7.513293389758318,59
7.614488024791925,59
7.660682656398266,59
7.706877288004606,59
7.753071919610947,59
7.799266551217287,59
0.1000728384154291,60
0.2151243381986281,60
0.3306758379818272,60
0.4462273377650262,60
0.5592788416617396,60
0.6723303455584528,60
0.7862151819937708,60
0.9001000184290888,60
3.04506614391737,60
6.0102424878352165,60
9.186839114948404,60
12.523182329317937,60
16.553866306639165,60
19.27552556863956,60
19.35590266326928,60
19.43474544224248,60
19.56741583103373,60
19.644964756362143,60
19.722395099057472,60
19.79970960645639,60
19.87691090147156,60
19.95400149085734,60
20.030983772759217,60
20.107860043622843,60
20.230485021669505,60
20.352531319956,60
20.41366344743478,60
20.47453136250669,60
20.535148328855986,60
20.595526341886096,60
20.710676302359943,60
20.770608159721416,60
20.82980766633492,60
20.88882463586671,60
21.00266549822368,60
21.0613362456946,60
21.11984247615998,60
21.17818943079416,60
21.23638202711,60
21.294424888044,60
21.352322367657592,60
21.410078573932896,60
21.467697389062245,60
21.52518248756672,60
21.582537352526497,60
21.639765290162806,60
21.69686944297549,60
21.75385280161079,60
21.810718215609107,60
21.863244721237145,60
21.91567009313773,60
21.96799633642706,60
22.07522537825618,60
22.1823590722717,60
22.23439920274256,60
22.28634748838356,60
22.39320558590298,60
22.49997509329874,60
22.551657552925025,60
22.64909562012282,60
22.69146897932616,60
22.73377845352617,60
22.776024851110847,60
22.818208958116443,60
22.86033154195276,60
22.90239334767785,60
22.944395105448635,60
22.986337530520828,60
23.02822131579844,60
23.12504714643684,60
23.1668156786832,60
23.20852756789056,60
23.25018344363299,60
23.34678393146125,60
23.388329635468395,60
23.42982114767757,60
23.47125905295936,60
23.512643917557867,60
23.55397630026665,60
23.59525674125281,60
23.68724935045568,60
23.72419880246845,60
23.816105469224127,60
23.852969712671907,60
23.88979189014164,60
23.981572351512582,60
24.01831144755808,60
24.055009513256223,60
24.09166688388315,60
24.1282838872644,60
24.16486084750024,60
24.25639807721701,60
24.292895897385748,60
24.32935461318222,60
24.36577452635494,60
24.395647115168245,60
24.425491831359537,60
24.45530882766572,60
24.48509825682369,60
24.514860267845062,60
0.1000728384154291,61
0.186247438241765,61
1.886017054368779,61
4.471093386461064,61
7.720782452988009,61
7.832782738374926,61
7.9432630455221265,61
8.048079325827512,61
11.254915493870326,61
14.672063487414295,61
18.32272616576906,61
19.545497264050223,61
19.6690469237346,61
21.87282169585123,61
21.99661292942845,61
22.119833341499884,61
23.852769099015493,61
23.975893787120235,61
25.19776209788958,61
25.32060357829307,61
27.390041308791684,61
27.51326599673121,61
27.636180866819267,61
27.758843243007576,61
27.87864703051479,61
29.607974841938507,61
30.826804592498263,61
30.891907698347527,61
31.01189900524061,61
31.131705809377745,61
32.35041396739836,61
32.47033056988517,61
32.589965101925586,61
33.34785727851924,61
33.46737962370621,61
33.516447098607884,61
33.56540408884989,61
33.66925297831999,61
33.77130955612169,61
33.87327742731081,61
36.687081576938496,61
36.7927323744248,61
36.88916835343348,61
39.93125185524927,61
42.619780869836674,61
45.499735207910405,61
47.16225740468012,61
47.270219565982686,61
48.71000158941256,61
50.55602657949434,61
52.91950704012226,61
53.03530698192587,61
53.15095544480464,61
54.310624537808174,61
54.37160861358859,61
54.48750028733542,61
56.34106673173326,61
56.45781556671306,61
58.12973772989001,61
58.24719765664727,61
58.30963337717757,61
58.3687819507699,61
58.48286301278804,61
59.641044830618384,61
61.3108779245055,61
63.31828745565594,61
63.423231140889534,61
66.8456323306936,61
68.98119951895654,61
70.13627649954736,61
71.29673294935084,61
71.41346567047924,61
73.08537334995256,61
75.34634056756656,61
75.46503791181823,61
75.5837095556792,61
75.64735563057626,61
75.7659648611953,61
75.82956776670281,61
75.94804828847818,61
77.8041068239059,61
79.478494378002,61
81.33595488453896,61
81.45662906631456,61
82.62130076581447,61
84.63412809543793,61
87.05980776319012,61
87.12514510702863,61
87.24546405722285,61
89.50914773169058,61
89.56026192578571,61
89.66638103696602,61
89.71750506955283,61
89.76863402697342,61
89.81976791667836,61
89.87090674239295,61
89.92205050784247,61
89.97319922047751,61
90.02435288402336,61
90.0755115022053,61
0.1000728384154291,62
0.1966799409280585,62
0.286759181607179,62
0.3776091756854358,62
0.4640589552555385,62
0.5498772683177295,62
0.580367592218906,62
0.6653311150703731,62
0.7518180879388157,62
0.8254453810487095,62
1.5455017360482517,62
2.7272455962930024,62
2.8102761479649843,62
3.5890045138631166,62
5.010176655891925,62
6.1462305756841005,62
6.183577821645528,62
6.220832475516588,62
6.257996217403203,62
6.2950706715319455,62
6.33205740252474,62
6.368957922849447,62
6.405773696545154,62
6.4388989182744325,62
6.471982647720367,62
6.505025223884374,62
6.593026981744558,62
6.625988253447801,62
6.658909366521627,62
6.691790637615711,62
7.81865101778844,62
9.461841282490283,62
10.190483626965076,62
10.22582838410476,62
10.261027147117645,62
10.296084058526546,62
10.331003029886276,62
10.36578776413539,62
10.397731040659934,62
10.42964153090456,62
10.46151944721082,62
10.493365001920251,62
10.525178403649122,62
10.55695985728839,62
10.643709559980422,62
10.67441021004656,62
10.705110860112695,62
10.735811510178834,62
10.821512156221658,62
10.852212806287795,62
10.882913456353933,62
12.013243899736196,62
13.841899500283986,62
15.491536484155446,62
17.143803463372976,62
18.80319488179886,62
21.567996759403293,62
23.70694054430136,62
26.22258866801097,62
28.92795411259005,62
31.88842756978313,62
31.953958173764978,62
32.0192220478433,62
32.08423270325753,62
32.14900234816267,62
32.2135420675016,62
32.33286197122342,62
32.3969713175185,62
32.46087861612188,62
32.524591715558685,62
32.58811787733513,62
32.651463839429155,62
32.71463587094276,62
32.7689046056889,62
32.82307651859914,62
32.87715344900592,62
32.931137167658655,62
32.98502938048948,62
33.03883173210828,62
33.09254580905088,62
33.146173142801814,62
33.19971521261083,62
33.25317344812057,62
33.30654923182081,62
33.41484390134352,62
33.468058751611274,62
33.576195036850706,62
33.62925397248128,62
33.682236736889,62
33.79014447309362,62
33.842978290317326,62
33.89573926546189,62
33.944329300375145,62
34.0478584826103,62
34.09632754388062,62
36.148662826812185,62
37.994115747298665,62
40.12994674313024,62
42.38625326178814,62
44.90109524610591,62
0.1000728384154291,63
0.1966799409280585,63
0.291259717900147,63
0.3844010845099767,63
0.4764267333632352,63
0.567540774432524,63
0.5889046620159563,63
0.6629496742897508,63
0.6771491859131425,63
0.7440595669027542,63
0.8080291477457745,63
0.8719069828954538,63
0.935784818045133,63
0.9974840631701885,63
1.0010035714593617,63
1.0045525779941018,63
1.0081312583287143,63
1.0117397894144888,63
1.010722968982802,63
1.009676474867658,63
1.0086004821577008,63
1.007495163846099,63
1.00636069094696,63
1.005197232495331,63
1.0040049555471997,63
1.0027840251794915,63
1.0015346047229032,63
1.000256855529071,63
0.9989509373198162,63
0.9976170078379,63
0.9962552230798538,63
0.994865737412394,63
0.993448703456008,63
0.9920042722013678,63
1.0455325959709372,63
1.0440338163397174,63
1.0425080824869584,63
1.0409555388840743,63
1.0393763286054964,63
1.0377705929794248,63
1.0361384720534916,63
1.03448010436193,63
1.0327956270419891,63
1.0860851783298786,63
1.0843488871113296,63
1.082586888828584,63
1.1357993154314243,63
1.1339862962712433,63
1.1871479620684768,63
1.1852844375179048,63
1.1833958501455273,63
1.1814823250978153,63
1.1795439861242558,63
1.1711087107186104,63
1.162673435312965,63
1.1542381599073197,63
1.13727313573406,63
0.1054818063502098,63
0.1000728384154291,64
0.1966799409280585,64
0.291259717900147,64
0.3864597581155855,64
0.4827052573203167,64
0.5802742192961834,64
0.6106688479130163,64
0.6912023225967779,64
0.7699528882448569,64
0.8448419446294203,64
1.9728982323949231,64
3.6206685180013074,64
5.329269039088954,64
7.174124466830959,64
9.73035358136343,64
12.570700871402492,64
16.189537358649584,64
19.785503982418447,64
21.49528739550295,64
24.48661515677832,64
27.930483414402133,64
30.910387137597983,64
34.295915151676496,64
37.52219004549501,64
41.03659368888725,64
44.26513346481511,64
47.78163463215712,64
51.27830830102024,64
51.41991126165067,64
51.5609601504494,64
51.646510287234285,64
51.73160694121182,64
51.80639456263924,64
51.88078707413188,64
51.954813424431165,64
52.0284986083223,64
52.10186442518154,64
52.17493005509949,64
52.247712504323445,64
52.32022695509129,64
52.39248704420727,64
52.46450508762721,64
52.536292263530754,64
52.607858763050174,64
52.67921391549725,64
52.75036629326349,64
52.82132380035757,64
52.94709374765102,64
53.07268291723648,64
53.14309761779918,64
53.213343732517394,64
53.28342676071099,64
53.40835185422584,64
56.30736257325294,64
56.37865175357395,64
56.44981155437173,64
56.57584523918886,64
56.64675591096779,64
56.71754652362149,64
56.84321989251863,64
56.91377870400763,64
57.03922552408736,64
57.10956280631776,64
57.179792899052096,64
57.24991805206198,64
57.31994042261745,64
57.44486208107722,64
57.514685016037305,64
57.58441113908085,64
57.65404228916701,64
57.7192055227473,64
57.78434798067444,64
57.84946974891688,64
57.91457091273456,64
57.9796515566876,64
58.04471176464489,64
58.109751619792526,64
58.17477120464213,64
58.239770601039,64
58.30474989017016,64
58.42417343290143,64
58.543541072386745,64
58.60785342675597,64
58.67211110061883,64
58.791314685503686,64
58.85546476027757,64
58.91956189154838,64
58.98360663405024,64
59.04759953101286,64
59.11154111451575,64
59.17543190582804,64
59.239272415734646,64
59.30306314484937,64
59.36680458391575,64
59.48549721409613,64
59.549141507249495,64
59.612737926198754,64
59.67628692498784,64
59.79478894912912,64
59.913244435841634,64
0.1000728384154291,65
0.1966799409280585,65
0.2958411715595178,65
0.3913249757964818,65
0.4857404922391707,65
0.5794405044636561,65
0.6175147009733716,65
0.7100327693075359,65
0.8017054559914806,65
2.284092215404017,65
3.7696818822703153,65
3.868476770723938,65
3.9122716591775606,65
3.956066547631184,65
3.999861436084806,65
4.0436563245384285,65
4.087451212992051,65
4.131246101445674,65
4.175040989899297,65
4.21883587835292,65
4.252729143183032,65
4.286544888447324,65
5.0092983536229525,65
6.140503673981229,65
6.173096767793695,65
6.20568986160616,65
6.238282955418626,65
6.270876049231092,65
6.303469143043557,65
6.336062236856023,65
6.3686553306684885,65
6.456248424182931,65
6.488841517995397,65
6.521434611807862,65
6.554027705620328,65
6.642544857393304,65
6.682072894079548,65
6.776908720230789,65
6.81707253279446,65
6.857587366651496,65
6.898479738271074,65
6.939780500045722,65
6.9815259992504535,65
7.023759690803004,65
7.121534450278756,65
7.164916014039529,65
7.263988329492707,65
7.308862358196261,65
7.354691663083628,65
7.401702911861316,65
7.436109830893651,65
7.526553293027058,65
7.618567605771199,65
7.656697635807172,65
7.696266074933186,65
7.792861846543923,65
7.83907478422679,65
8.585985594697371,65
8.640673277236596,65
9.39437195757974,65
9.454923457362938,65
9.515474957146136,65
9.631026456929336,65
9.691577956712534,65
9.752129456495732,65
9.81268095627893,65
9.873232456062128,65
9.933783955845326,65
9.994335455628525,65
10.054886955411725,65
10.11543845519492,65
10.17598995497812,65
10.236541454761316,65
10.297092954544516,65
10.357644454327714,65
10.418195954110912,65
10.533747453894112,65
10.59429895367731,65
10.654850453460508,65
10.770401953243708,65
10.830953453026906,65
10.891504952810104,65
10.952056452593302,65
11.0126079523765,65
11.0731594521597,65
11.133710951942897,65
11.194262451726097,65
11.254813951509291,65
11.315365451292491,65
11.37591695107569,65
11.436468450858888,65
11.497019950642086,65
11.557571450425284,65
11.673122950208484,65
11.733674449991682,65
11.79422594977488,65
11.854777449558078,65
11.915328949341276,65
11.975880449124476,65
12.036431948907673,65
0.1000728384154291,66
0.2081928663930287,66
0.3232443661762277,66
0.4307486763972563,66
0.5347872507154852,66
0.6351161383100671,66
0.7338311589433337,66
0.8313280691633117,66
0.9278462564976592,66
0.9685462967130976,66
1.0635434271754305,66
1.1575074863909478,66
1.195964783135164,66
1.2339619853857786,66
1.3116234289466362,66
1.3972469996574477,66
1.4826141038963216,66
1.5129812081351954,66
1.5982248493111175,66
1.679718495217566,66
1.706212135834102,66
1.7327057764506382,66
1.7591994170671743,66
1.7856930576837104,66
1.86694856068254,66
2.635733977762465,66
2.656412043479685,66
2.7320107378637832,66
2.755788390395645,66
2.7737339463657182,66
2.845945085269813,66
2.8638906412398857,66
2.8820821483260435,66
2.900532333982591,66
2.9192553151971143,66
2.9932668347483915,66
3.0125845753228706,66
3.029684777242545,66
3.0470097352391523,66
3.064570030999784,66
3.0823772911554617,66
3.1554443453079504,66
3.173785445151333,66
3.192416480613355,66
3.266355304849748,66
3.285622116980557,66
3.3052399501776737,66
3.325235321057443,66
3.3456390824741167,66
3.366487580222492,66
3.3878242716765445,66
3.409702029881481,66
3.4290993948108,66
3.448809360024933,66
3.4652969863838,66
3.5367846143072885,66
3.553272240666155,66
3.569759867025022,66
3.5862474933838886,66
3.602735119742756,66
3.619222746101622,66
3.690710374025111,66
3.707198000383977,66
3.723685626742844,66
3.740173253101711,66
3.756660879460578,66
3.7644274000650686,66
3.7725512151247305,66
3.781059835908417,66
3.783446519506578,66
3.777357749977563,66
2.7567775774388057,66
0.1000728384154291,67
0.1966799409280585,67
0.291259717900147,67
0.3294010845099767,67
0.3664267333632353,67
0.4025407744325241,67
0.4239046620159563,67
0.4941996755032953,67
0.5600263448386607,67
0.6247404487758097,67
0.6350729204668817,67
0.6420217477671024,67
0.6450059572189268,67
0.6431676216843691,67
0.6351321602660385,67
0.6733676309186187,67
-0.3583480005663666,67
0.1000728384154291,68
0.1966799409280585,68
0.2887597219239043,68
0.379401093829708,68
0.4689267487417029,68
0.5580407888780402,68
0.6463840813527869,68
0.679059708971815,68
0.7111464240740107,68
0.7427063346992301,68
0.8287897021661567,68
1.9607101590524485,68
2.0485607818852234,68
4.284263058115082,68
6.528816571373388,68
8.425264321555787,68
10.72569986461609,68
13.47245927928894,68
16.713286284870165,68
20.420805639086115,68
22.49091160961835,68
22.61427470507179,68
22.737082088985733,68
22.859364612446097,68
24.368102922179176,68
25.589178085468124,68
25.711230635323687,68
25.83290399479729,68
25.954219090927985,68
26.76864997171076,68
26.88969205338364,68
26.944942348213008,68
27.05505830660384,68
27.165021968957248,68
27.2748101747116,68
29.95128552268091,68
30.057734813790947,68
32.656366317614165,68
33.81414607208871,68
34.56669792459874,68
34.680958970698924,68
34.795091730995146,68
36.51945044775808,68
36.63423515223073,68
36.74884051258307,68
38.65613187495202,68
38.77150975691074,68
38.886719272793925,68
39.00175219039521,68
40.21577765798267,68
40.33105047680813,68
40.4461825613963,68
41.66030155453395,68
43.97436225010837,68
44.09104406360473,68
45.81779353052161,68
47.485442799625616,68
47.59854273229621,68
47.71622762898525,68
47.83376159710342,68
49.28305466080867,68
51.13853222778929,68
51.25713645010684,68
52.70746079378505,68
52.77138177171484,68
54.68272712904786,68
54.80220275143453,68
54.91153560350009,68
54.96580674270459,68
55.02001691753336,68
55.12911567235657,68
56.6249329760141,68
58.12623759322226,68
58.24113200025002,68
59.68787316092691,68
61.135159560386704,68
61.25102859969882,68
63.10403424180643,68
64.95781046961079,68
66.11877665925999,68
66.18106033550129,68
66.29827475966044,68
66.41542087781893,68
66.53251116413179,68
66.64952340754424,68
66.7108155602033,68
66.77206869705815,68
68.83513529039213,68
68.95031572864903,68
69.01045224918836,68
70.73568434393867,68
71.89546044557962,68
73.34341318589578,68
74.84684491090994,68
76.35074074493338,68
76.4682319016115,68
78.37819185786847,68
78.49628337048419,68
79.25273075700473,68
79.31599326127862,68
0.1000728384154291,69
0.1966799409280585,69
0.291759717900147,69
0.3854010845099767,69
0.4779267333632352,69
0.5150675770108132,69
0.6064775081075007,69
0.6424657334620195,69
0.7330650703113248,69
2.213557018351661,69
3.3535585030424686,69
5.007652135267173,69
5.051228633126146,69
5.094420325779439,69
5.137254723612822,69
5.17975566457371,69
5.276944003749692,69
5.371627957300957,69
6.56685653338916,69
6.608355954053327,69
6.649741177257644,69
6.738615346369213,69
6.772426223496422,69
6.80617459980981,69
6.839861246944087,69
6.8602025818085846,69
6.880513520166891,69
6.900794248283523,69
6.9760449483996805,69
6.996265794337409,69
7.016456966475266,69
7.036618639901894,69
7.111750987545269,69
7.131854181364792,69
7.151928388700503,69
7.226973780617731,69
7.246990517900008,69
7.266978764162081,69
7.341938683018702,69
7.361870431528109,69
7.381774169579762,69
7.401650051773208,69
7.476498234272617,69
7.49497338868739,69
7.513434787467736,69
7.531882469729203,69
7.550316470862048,69
7.568736829981821,69
7.587143584341424,69
7.660536765307802,69
7.733916416019815,69
7.755532573322119,69
7.777135271666095,69
7.798724547183218,69
7.820300435811487,69
7.841862973296977,69
7.8634121951953695,69
7.884948136873471,69
7.906470833510715,69
7.982980320100645,69
8.004476631452384,69
8.025959802192093,69
8.047429866764402,69
8.06888685943384,69
8.145330814286243,69
8.166761765230147,69
8.188179745998164,69
8.209584790148357,69
8.28024125234843,69
8.295846823523926,69
8.311402016439477,69
8.381907333629742,69
8.397363267702529,69
8.412770301630047,69
8.428128909028894,69
8.443439554429283,69
8.45642665333107,69
8.524378332958413,69
8.53729484245247,69
8.550176427473918,69
8.563023330275382,69
8.63083578977187,69
8.643614041609275,69
8.656358318231016,69
8.669068848942882,69
8.681745859976136,69
8.694389574548941,69
8.707000212926152,69
8.719577992477548,69
8.732123127734532,69
8.744635830445366,69
8.757116309628989,69
8.764128870150113,69
8.822794091189706,69
8.8264593122293,69
8.830124533268894,69
8.888789754308487,69
8.89245497534808,69
8.896120196387674,69
8.899785417427267,69
0.1000728384154291,70
0.2081928663930287,70
0.2682443661762277,70
0.3798301300566271,70
0.4848090127581283,70
0.5987466928057698,70
0.6958931740813282,70
0.7914053108983067,70
0.8828219455175427,70
0.9733884688906695,70
1.009768372445586,70
1.0429259334199457,70
1.072249434932354,70
1.0968524348430662,70
1.1653404366664917,70
1.1788284378566174,70
1.2468164386667635,70
1.2598044397749333,70
1.3277924405850796,70
1.3404054418646123,70
1.3530184431441454,70
1.3656314444236783,70
1.429778715639594,70
1.4294330077103663,70
1.482971579753547,70
1.4805985463175315,70
1.4774547593991598,70
1.5286433140139422,70
1.5792429523866018,70
1.57431579077126,70
1.5689120783794066,70
1.56307330889137,70
1.556834325878634,70
1.5502248031410717,70
1.5432703157279035,70
1.535993135752841,70
1.5834128327991208,70
1.5755467379789194,70
1.5674103072236618,70
1.5590174097891292,70
1.5503805617194018,70
1.5415111130426964,70
1.5874194039355358,70
1.5781148981626472,70
1.6236062806423148,70
1.613901561344727,70
1.6040081411923608,70
1.593932882169946,70
1.5836821666310867,70
1.5732619438643891,70
1.5626777720029792,70
1.5519348562087258,70
1.5410380821998555,70
1.5299920432593068,70
1.5188010663117608,70
1.5074692352067074,70
1.4960004093448958,70
1.539398242006763,70
1.5276661973770105,70
1.5158075636576256,70
1.503825467298492,70
1.4917228829439124,70
1.479502646471127,70
1.5221674612115463,70
1.5097199121813616,70
1.4971624689500174,70
1.5394974949161848,70
1.5267272537897667,70
1.5138539161856612,70
1.5008795645411452,70
1.4878062002684316,70
1.529635745319291,70
1.5163700498964032,70
1.503010893459185,70
1.489559991503819,70
1.4760189971278748,70
1.5173895044575771,70
1.5586730523358423,70
1.5448711293141684,70
1.530985170262619,70
1.5170165647144755,70
1.5029666565682134,70
1.5438367456521234,70
1.529628093573018,70
1.5153419209967691,70
1.5009794107030472,70
1.486541711012586,70
1.4720299367185077,70
1.4574451681549987,70
1.4427884558539232,70
1.428060820544823,70
1.4132632540862402,70
1.398396720397039,70
1.3834621591816982,70
1.3684604822050177,70
1.3533925788800558,70
1.3382593153368076,70
1.3230615353535256,70
1.3078000594253978,70
1.2924756903524837,70
0.1000728384154291,71
0.1966799409280585,71
0.291259717900147,71
0.3864597581155855,71
0.4830668606282149,71
0.5828957482227969,71
0.6750246789270631,71
0.7609332906340983,71
0.7920237405619879,71
0.8783028921297917,71
0.9086675750277172,71
0.934174488689674,71
1.008388909902347,71
1.7277329893968234,71
1.754597503151668,71
2.479487437214626,71
3.956920880284084,71
4.046073708143009,71
4.7767896386048925,71
4.868632491137756,71
6.521375711467041,71
8.362565453555359,71
8.464522156324161,71
9.90058949908234,71
11.33449092825867,71
11.382383696194662,71
11.430579587276949,71
11.479098170455469,71
11.527961719240915,71
11.6286348285339,71
13.063360828366054,71
14.906882661785854,71
16.570451635327114,71
18.57339300533749,71
18.683651375975384,71
21.23250707771531,71
23.865396098961227,71
26.64513810006938,71
29.49277308846313,71
29.615194937578103,71
31.629933602775367,71
34.09881157328181,71
34.22329805651561,71
37.06821293569777,71
37.19477968998369,71
38.36545022015981,71
38.43554493948005,71
38.50540997332436,71
38.6300749804956,71
38.69290939337698,71
38.75590843018185,71
38.8179063010836,71
38.88003461416578,71
38.99729686382778,71
39.11423076797224,71
41.25787102200305,71
41.37583945918933,71
43.83917610872864,71
45.98567490126885,71
46.04885911138112,71
48.471898353640725,71
48.59209530335026,71
48.702003379101534,71
49.85268702053525,71
49.90484189310171,71
49.95708175444104,71
50.00940807231762,71
50.061822370375175,71
50.114326220686216,71
50.16692125865318,71
50.21960917928316,71
50.32061268457272,71
52.449200884188194,71
54.69850660928585,71
56.95026947625973,71
59.41027874308813,71
59.52725319317757,71
62.36591763893654,71
65.20651369104294,71
66.66140066599193,71
68.39545280504015,71
69.61921152360144,71
69.74329008299313,71
70.91146700513912,71
71.72943749442307,71
73.18613314483403,71
74.4106576810523,71
74.53549554344207,71
75.2986513466255,71
75.36598163896602,71
75.48827454795482,71
75.55553035102193,71
75.62274932150996,71
75.73677307349378,71
78.56758052092725,71
81.90955512210373,71
82.03238787823169,71
83.19928761641842,71
84.65445782774462,71
84.72140333071974,71
0.1000728384154291,72
0.1966799409280585,72
0.291759717900147,72
0.3270631368597923,72
0.416369109017356,72
0.4992021324603883,72
2.193466186758789,72
2.277930751678261,72
2.362058103319916,72
3.497432290226841,72
3.588013527594035,72
3.6790046724337135,72
3.769650852915959,72
3.860133084284089,72
3.8954565721606462,72
3.930626201743869,72
3.965646566511344,72
4.054744144338678,72
4.144208380930602,72
4.233479044961622,72
4.264999702202966,72
4.351279347765138,72
4.438204072045973,72
4.524963035809686,72
4.556721996146133,72
4.58848095648258,72
4.615948630127003,72
4.64338046089082,72
4.725776699933102,72
4.808085066827824,72
4.890255970510533,72
4.917495132985404,72
4.944803502040794,72
4.972182048114827,72
5.041880009326031,72
5.11102733537822,72
5.125227015095642,72
5.139479605111172,72
5.153785671668937,72
5.220189649241855,72
5.2256462877643015,72
5.231098915080419,72
5.232694505344024,72
5.2295655224964674,72
5.220272936721211,72
5.202278024379974,72
4.169353014652496,72
0.1000728384154291,73
0.1966799409280585,73
0.2778827832232283,73
0.3590856255183982,73
0.4412424699555205,73
0.5241648615489768,73
0.6076648221503066,73
0.6905872137437629,73
0.7190096103738116,73
0.7474320070038604,73
0.7758544036339091,73
0.7985603106360005,73
0.8215633356164264,73
0.8998822593282031,73
0.9235383854399488,73
0.9475561143050956,73
0.9719636500964928,73
0.9967939728091524,73
1.0220861626009512,73
1.0478872661630678,73
1.071395913619833,73
1.0950932637940216,73
1.1189867169748116,73
1.1430842806736994,73
1.167394642267661,73
1.1919272621314096,73
1.2166924816708136,73
1.2417016537080574,73
1.2669672914932535,73
1.2925032661448288,73
1.3183250320295858,73
1.3994499263505509,73
1.4258975074778366,73
1.4526900542120504,73
1.479853140671091,73
1.507416440654831,73
1.5354147968034315,73
1.6188897085527945,73
1.6478914176265764,73
1.677482042942481,73
1.7627403256635237,73
1.8487693634967373,73
1.870754007730918,73
1.8938543689589071,73
1.918393141139584,73
1.9449592386524248,73
1.974991072450118,73
2.005022906247812,73
2.035054740045505,73
2.065086573843198,73
2.095118407640891,73
2.1251502414385843,73
2.1551820752362776,73
2.185213909033971,73
2.215245742831664,73
2.2452775766293573,73
2.2753094104270506,73
2.305341244224744,73
2.335373078022437,73
2.3654049118201304,73
2.395436745617824,73
2.425468579415517,73
2.45550041321321,73
2.5405322504381704,73
2.6255640876631308,73
2.655595921460824,73
2.6856277552585173,73
2.7156595890562105,73
2.745691422853904,73
2.775723256651597,73
2.8057550904492903,73
2.8357869242469835,73
2.865818758044677,73
2.89585059184237,73
2.925882425640064,73
2.9559142594377565,73
2.98594609323545,73
3.015977927033143,73
3.0460097608308363,73
3.0760415946285296,73
3.106073428426223,73
3.136105262223916,73
3.1661370960216093,73
3.1961689298193026,73
3.226200763616996,73
3.256232597414689,73
3.2862644312123823,73
3.371296268437342,73
3.4011197691003847,73
3.430943269763427,73
3.460766770426469,73
3.490590271089511,73
3.57541377517982,73
3.660237279270129,73
3.6900607799331713,73
3.719884280596213,73
3.749707781259256,73
3.7795312819222975,73
3.80935478258534,73
3.8391782832483816,73
0.1000728384154291,74
0.1966799409280585,74
0.291259717900147,74
0.3844010845099767,74
0.4764267333632352,74
0.5680407744325241,74
0.6593321228961251,74
0.7503203482506439,74
0.8408186715633617,74
0.8771166611349228,74
1.608260264433664,74
1.7000006498119051,74
1.736712866101555,74
1.82038051692038,74
1.8536894635994552,74
1.8868920232862945,74
1.9199904125386191,74
1.952986757432788,74
1.9858830989934235,74
2.0736813981971167,74
2.1063835405911706,74
2.1939913405637026,74
2.226646089237984,74
2.2593482316320377,74
2.2920982212811727,74
2.324896520484866,74
2.3577436005632864,74
2.3906399421239217,74
2.4235860353388228,74
2.446553510808464,74
2.4695209862781047,74
2.4924884617477456,74
2.5154559372173866,74
2.5296439124433614,74
2.543857076639486,74
2.558095557345393,74
2.572359483398838,74
2.5866489849556165,74
2.600964193509897,74
2.6153052419149696,74
2.629672264404428,74
2.644065396613792,74
2.6584847756025867,74
2.672930539876885,74
2.687402829412333,74
2.756901785677657,74
2.7714275516586886,74
2.7859802718828943,74
2.8005600924444467,74
2.8151671610298368,74
2.82980162694405,74
2.8444636411373176,74
2.859153356232464,74
2.873870926552857,74
2.8886165081509936,74
2.903390258837722,74
2.9181923382121284,74
2.933022907692108,74
2.9478821305456324,74
2.962770171922741,74
2.9776871988882707,74
2.9926333804553544,74
3.0076088876197,74
3.022613893394682,74
3.037648572847263,74
3.052713103134776,74
3.0575121097769618,74
3.0622522922112494,74
3.0669343344555613,74
3.066742057525887,74
3.066521127222668,74
3.0662717068138745,74
3.065993957717404,74
3.065688039532341,74
3.120354110069536,74
3.1199923253814825,74
3.1196028397915514,74
3.119185805922565,74
3.1187413747247565,74
3.11826969550311,74
3.1177709159441163,74
3.117245182141948,74
3.116692638624073,74
3.116113428376321,74
3.115507692867421,74
3.114875572073017,74
3.114217204499182,74
3.168532727205441,74
3.167822275827315,74
3.1670859845983963,74
3.166323986371976,74
3.165536412642221,74
3.164723393564929,74
3.2188850579778547,74
3.2180215334206306,74
3.217132946154289,74
3.216219421180391,74
3.215281082259783,74
3.2143180519309724,74
3.2133304515281496,74
0.1000728384154291,75
0.1966799409280585,75
0.291259717900147,75
0.3859235304638175,75
0.48042066092615,75
0.5748016281863627,75
0.6663328080316958,75
0.7562414078852114,75
3.441587772860187,75
6.495277252688068,75
9.794507618477745,75
13.450938729000164,75
16.987333569560985,75
19.202471001540008,75
19.33398549982492,75
19.464468315944835,75
19.592587009536818,75
21.32959397529121,75
23.536721995287465,75
23.66321414789724,75
25.17570231715422,75
25.297596199660493,75
26.5183704789021,75
26.64000444305689,75
28.148301728452875,75
28.264889835748324,75
31.2177985988838,75
32.03076665863994,75
32.15047923035223,75
34.35090650878771,75
34.4716699867305,75
34.58752599347202,75
36.09066453564731,75
36.207424312716405,75
36.32383532810776,75
39.78063626600736,75
41.697658835250365,75
43.42808097441815,75
43.54894123067282,75
45.61057386388205,75
45.72628673751973,75
45.842080859738815,75
48.15639665563725,75
48.27354142655753,75
48.39069630791568,75
49.89470925022982,75
51.62247147251986,75
51.74077194024943,75
51.858766688305366,75
53.8685547246518,75
53.98728611161136,75
55.715997716683376,75
58.033426067131984,75
59.94598462273501,75
60.01180247058295,75
60.132545693117606,75
60.25321537842177,75
62.40420033166329,75
64.6741034322858,75
64.80174759117565,75
66.26124316299872,75
66.3893498529287,75
68.12753874528106,75
68.25597837655933,75
69.93942208965025,75
70.06848838711285,75
70.1973606882939,75
70.32594573391971,75
72.0095058025874,75
73.5254158915604,75
73.65497835285983,75
73.72971508349401,75
73.85935374429896,75
73.98889622186866,75
74.10649897997823,75
75.96153237765279,75
76.07973234450068,75
77.9353161314651,75
79.44080297743525,75
79.55989986752715,75
81.6259313235208,75
83.48340362405028,75
83.6040153810903,75
83.72457160150256,75
85.4549669185802,75
85.57567299997058,75
86.33425779735293,75
86.39965294396129,75
86.51976630186286,75
88.53135177587714,75
90.03861627077308,75
90.15952622240032,75
90.28034824227538,75
92.13889175748076,75
92.20569092129912,75
92.26596467664088,75
92.38121176978196,75
92.4909507082924,75
94.49305236806715,75
95.24276012649383,75
0.1000728384154291,76
0.2151243381986281,76
0.3306758379818272,76
2.39865417524509,76
5.008739185773655,76
5.124958624386116,76
5.234914248132034,76
5.344711487435623,76
5.451569793068691,76
7.8639106725089984,76
7.972282846712394,76
8.079067749225421,76
11.085479984420212,76
13.978366652319398,76
15.89047747685853,76
18.31458228109875,76
21.43479135651203,76
22.25185644533745,76
22.374824931957043,76
23.190629246545523,76
23.3126074918578,76
23.434250395710173,76
25.34835590343297,76
25.46825192844315,76
25.58029877761759,76
28.46850575950513,76
31.477933614696845,76
31.59690002348896,76
31.715778324274325,76
31.83440955605976,76
34.439899040170104,76
35.25377845776635,76
35.37432746819427,76
35.49467806904922,76
37.2251039260931,76
39.42672762925152,76
39.54870333162043,76
42.80913394744982,76
44.03285035941794,76
44.157697713408425,76
46.2290821862491,76
46.34933755221685,76
47.566619489816034,76
49.07179996791204,76
49.18526503118595,76
51.19026204618534,76
51.304224860397184,76
52.97361470433792,76
53.08843622776588,76
55.150341134992445,76
55.26619603159746,76
58.38004257204851,76
58.49179582717737,76
58.60344130220732,76
60.96443206491789,76
61.07771487953981,76
63.53544493439516,76
63.65011418285688,76
65.90816915455183,76
68.16728604259809,76
68.28412948968729,76
68.40055095079263,76
68.5167912361296,76
70.36689819070419,76
70.47347435775121,76
73.52454361739477,76
75.52691302123388,76
75.63828559639772,76
75.74952873262485,76
75.80575971352776,76
75.86197856861075,76
75.97317025112828,76
77.41626533913335,76
77.52800193476399,76
79.88901653933247,76
81.89428368258199,76
83.95543518709859,76
84.01566481637677,76
84.1308191944929,76
86.32638012665232,76
86.4420934994789,76
86.55763330357989,76
88.4655192126604,76
88.52655091556629,76
88.63451243611892,76
90.29749513837416,76
91.73796917172989,76
91.79211030202826,76
91.90119113820514,76
92.64870580333194,76
93.80212041037996,76
93.91183678853234,76
95.06330435025414,76
96.72640089738093,76
96.8350007389756,76
97.98791752803048,76
98.0421846998008,76
98.09641477885565,76
98.20558475377878,76
99.64665173414072,76
0.1000728384154291,77
0.1971799409280585,77
0.237259717900147,77
0.3309010845099767,77
0.4234267333632353,77
0.5154305821398727,77
0.5520864644575141,77
0.5884170288084202,77
0.6792247291397284,77
0.7696568263186961,77
0.805023563089827,77
0.8953257828367784,77
0.9305643074548426,77
1.0197918773684242,77
2.499716051911026,77
2.593179183232399,77
2.676792184042545,77
2.7627530863162004,77
2.793768337148043,77
2.879595896380754,77
2.9662680385287725,77
4.154703354614588,77
4.244335612433764,77
6.365405758994433,77
6.461625455098959,77
8.587079404073569,77
11.036013005452965,77
12.881174085813376,77
15.712138889509054,77
18.72577193562442,77
18.84906906629101,77
22.29139807486593,77
22.409898091495627,77
22.52895138824045,77
22.647636872172946,77
25.98961542213022,77
28.13893530929148,77
29.60106870921712,77
33.3208390924862,77
33.44370598381072,77
35.45897955482512,77
35.58284938370495,77
37.85574709202592,77
37.98488385760103,77
39.90613049957345,77
41.98254378944124,77
42.112782551493474,77
44.19004901210793,77
44.32018253543798,77
44.449129656562654,77
47.06395455881568,77
47.19338061091663,77
47.32235860222413,77
47.4456555038078,77
49.65408638088388,77
49.7829616428913,77
49.91126221210098,77
51.98627561671236,77
52.11483174312618,77
54.6746310741804,77
54.80441585801725,77
54.92019013188962,77
55.03581931315545,77
55.150945051239766,77
56.82133780293349,77
56.93727796398286,77
59.30222695194367,77
61.212199619637765,77
61.33027778439406,77
63.6978322105873,77
63.81768768899325,77
64.6313304292429,77
66.95007222764377,77
69.55775707833652,77
69.6805160480011,77
72.45835547022705,77
74.60833530001526,77
74.67894831918363,77
74.80471440278177,77
74.93063839398508,77
75.05616176746969,77
77.26687475352394,77
77.39765754642426,77
78.6269465857982,77
80.54984043202974,77
83.07988960370035,77
83.21187791177486,77
83.34343463639283,77
86.04102385497359,77
86.1732216353537,77
88.44837096325726,77
90.66141982122548,77
90.7949879452722,77
90.92822774925062,77
93.08654866928708,77
95.4184647386484,77
95.55282716458068,77
97.62909567663112,77
97.7590573996437,77
98.9877398420904,77
0.1000728384154291,78
0.1416799409280584,78
0.236259717900147,78
0.2744010845099767,78
0.3664267333632353,78
0.4580407744325241,78
0.4938840621026766,78
0.5730057039173854,78
2.213886527052761,78
2.2976821937474026,78
3.482804564467312,78
5.651057986250759,78
5.739366186490894,78
7.778021467557789,78
9.953801287046314,78
12.361937850032254,78
15.418492888308323,78
18.531199529733144,78
22.119820173481667,78
24.034857848574287,78
24.15749819922874,78
26.846761778231905,78
26.97048271205453,78
29.80396416634037,78
29.928859191872245,78
30.05339984570618,78
30.17782345908563,78
30.30219168203921,78
30.426446787474603,78
30.55035389164017,78
32.620882822669806,78
32.745127135921734,78
32.86896626350498,78
35.39177841632717,78
36.20978122571347,78
38.12683628752826,78
38.25183391962899,78
38.376468309364775,78
38.499233571144615,78
40.925630488925286,78
41.04078161053776,78
41.15572918153772,78
44.26961457274425,78
45.99779625195339,78
46.11636067460812,78
46.9281986626207,78
47.04676425759927,78
47.16513988559564,78
47.92186195048644,78
48.04029743184845,78
48.15859147773434,78
50.06939590166126,78
50.18832293960944,78
50.30706477119922,78
51.11912292030603,78
51.22643830415756,78
51.27934102502615,78
51.38714945849926,78
51.495048453779525,78
51.60289131638557,78
51.71068226334602,78
53.37366973397285,78
53.48216236171276,78
54.9229520612672,78
55.02328645226509,78
57.556634297342605,78
60.65374051568062,78
62.09326492783577,78
62.20141578999311,78
65.14473844853194,78
66.29538358536513,78
66.34737129670532,78
66.39931427103431,78
66.45121290695818,78
66.50306759563239,78
66.55487871703656,78
66.65668254879267,78
66.75846017685683,78
66.8602117278889,78
69.47476970937998,78
72.52374779966624,78
72.63194318649323,78
74.29563101169617,78
76.01506920692475,78
76.12504213091881,78
77.7901919388488,78
77.90080677506478,78
79.34327923295052,78
80.498474230738,78
80.55505991515668,78
80.60658246812375,78
80.65809121889026,78
80.70426122260244,78
80.80541157883556,78
83.54880690735729,78
83.65313510012777,78
86.8846519382015,78
86.93038509202154,78
86.97612611365469,78
87.07687501770408,78
0.1000728384154291,79
0.1966799409280585,79
0.2958411715595178,79
0.389386148141438,79
0.4827556681243019,79
0.5777390550684811,79
0.6711203034829976,79
0.7653368290376545,79
0.8479613836717488,79
0.8753918994080903,79
0.9553473058950784,79
0.9832618076217056,79
1.0127936422687651,79
1.0925633132320525,79
1.1111693762105586,79
1.1210542095687868,79
0.1159708870437623,79
0.1000728384154291,80
0.2151243381986281,80
0.3301758379818272,80
0.4422616018622266,80
0.5028131016454257,80
0.6073784785419436,80
0.6547346916770663,80
0.7005639965644332,80
0.7937741803928763,80
0.8859088073232346,80
0.9221587807127976,80
1.0126573430871135,80
1.0987528102969295,80
1.1840051623558172,80
1.2690053569649824,80
1.3441730650638708,80
1.4123721184705862,80
1.482279485700048,80
1.4973361144339212,80
1.5125466013824114,80
1.5279158322637447,80
1.5434490113084682,80
1.5591516985123524,80
1.6300298391406902,80
1.646089820799745,80
1.6623385051762232,80
1.7337832922612797,80
1.7504321901624569,80
1.7672938859587082,80
1.8388778424387344,80
1.857069396091021,80
1.9305048963551887,80
1.949196868253268,80
1.96815917515508,80
1.98740727515272,80
2.006958498296655,80
2.026832413536824,80
2.047051292521275,80
2.067640711230553,80
2.0886303434645304,80
2.1100550337260136,80
2.131956274298347,80
2.1543843174850115,80
2.1774012750511536,80
2.2560858881597885,80
2.3355412563805946,80
2.36090823323778,80
2.387390927088774,80
2.4153120318924555,80
2.4434765341257223,80
2.4771340961133608,80
2.5107916581009992,80
2.599449223515905,80
2.633106785503544,80
2.6667643474911817,80
2.70042190947882,80
2.7890794748937258,80
2.822737036881364,80
2.8563945988690027,80
2.890052160856641,80
2.92370972284428,80
2.957367284831918,80
2.9910248468195566,80
3.024682408807195,80
3.0583399707948336,80
3.091997532782472,80
3.1256550947701105,80
3.159312656757749,80
3.2479702221726545,80
3.33662778758756,80
3.3702853495751985,80
3.403942911562837,80
3.4926004769777426,80
3.526258038965381,80
3.5599156009530195,80
3.648573166367925,80
3.682230728355564,80
3.715888290343202,80
3.749545852330841,80
3.783203414318479,80
3.816860976306117,80
3.850518538293756,80
3.939176103708661,80
4.027833669123567,80
4.116491234538472,80
4.150148796526111,80
4.183806358513749,80
4.272463923928655,80
4.306121485916293,80
4.339779047903932,80
4.37343660989157,80
4.4070941718792085,80
4.440751733866847,80
4.474409295854485,80
4.563066861269391,80
4.5967244232570295,80
4.630381985244668,80
4.664039547232306,80
4.752697112647212,80
4.8413546780621175,80
0.1000728384154291,81
0.1966799409280585,81
0.291259717900147,81
0.3844010845099767,81
0.4782101080829289,81
0.5727898850550175,81
0.6540105251837356,81
1.4350787310171709,81
1.5240861384440048,81
1.61281309856659,81
1.701994871931134,81
3.744317984418927,81
6.557651257352887,81
9.440902924375592,81
12.644914429871584,81
15.93971685963587,81
18.58326235810508,81
18.6608447634128,81
18.7424818198016,81
18.8379818198016,81
18.9334818198016,81
19.0289818198016,81
19.1244818198016,81
19.274981819801603,81
19.425481819801604,81
19.520981819801605,81
19.616481819801606,81
19.711981819801608,81
19.80748181980161,81
19.90298181980161,81
19.99848181980161,81
20.14898181980161,81
20.244481819801614,81
20.33998181980161,81
20.435481819801616,81
20.530981819801617,81
20.68148181980162,81
20.77698181980162,81
20.87248181980162,81
20.967981819801626,81
21.063481819801623,81
21.213981819801624,81
21.309481819801626,81
21.404981819801627,81
21.500481819801628,81
21.59598181980163,81
21.74648181980163,81
21.89698181980163,81
21.99248181980164,81
22.08798181980164,81
22.238481819801635,81
22.33398181980164,81
22.42948181980164,81
22.57998181980164,81
22.67548181980164,81
22.77098181980164,81
22.86648181980164,81
22.961981819801643,81
23.057481819801644,81
23.15298181980165,81
23.248481819801647,81
23.343981819801648,81
23.43948181980165,81
23.53498181980165,81
23.63048181980165,81
23.725981819801653,81
23.82148181980165,81
23.916981819801656,81
24.012481819801657,81
24.10798181980165,81
24.20348181980166,81
24.29898181980166,81
24.394481819801666,81
24.489981819801663,81
24.585481819801664,81
24.680981819801666,81
24.831481819801667,81
24.981981819801668,81
25.07748181980167,81
25.17298181980167,81
25.26848181980167,81
25.36398181980168,81
25.45948181980168,81
25.609981819801675,81
25.70548181980168,81
25.85598181980168,81
25.95148181980168,81
26.04698181980168,81
26.14248181980168,81
26.23798181980168,81
26.333481819801683,81
26.428981819801685,81
26.57948181980169,81
26.674981819801687,81
26.770481819801688,81
26.86598181980169,81
26.96148181980169,81
27.05698181980169,81
27.152481819801693,81
27.24798181980169,81
0.1000728384154291,82
0.1966799409280585,82
0.2942489029039251,82
0.3920236623796771,82
0.4899433595397954,82
0.5871770510923462,82
0.6845406200769133,82
0.7735410212823574,82
0.808029614835621,82
0.8430592763120858,82
0.8786957420735719,82
0.9150229595274622,82
0.9521518902317284,82
0.990236097119808,82
1.084502247898209,82
1.125319173318129,82
1.2233960243567643,82
1.2707093646973358,82
1.3235157664812476,82
1.4313221682651596,82
1.4841285700490714,82
1.5369349718329832,82
1.589741373616895,82
1.697547775400807,82
1.7503541771847189,82
1.8581605789686308,82
1.910966980752543,82
1.9637733825364545,82
2.0165797843203666,82
2.1243861861042785,82
2.1771925878881904,82
2.229998989672102,82
2.282805391456014,82
2.335611793239926,82
2.3884181950238377,82
2.441224596807749,82
2.4940309985916613,82
2.546837400375573,82
2.654643802159485,82
2.707450203943397,82
2.815256605727309,82
2.868063007511221,82
2.9758694092951328,82
3.0286758110790446,82
3.0814822128629564,82
3.1892886146468684,82
3.24209501643078,82
3.294901418214692,82
3.402707819998604,82
3.455514221782516,82
3.508320623566428,82
3.61612702535034,82
3.668933427134252,82
3.7217398289181634,82
3.774546230702075,82
3.827352632485987,82
3.880159034269899,82
3.93296543605381,82
3.9857718378377225,82
4.038578239621635,82
4.091384641405547,82
4.144191043189459,82
4.196997444973372,82
4.249803846757284,82
4.302610248541196,82
4.355416650325108,82
4.408223052109021,82
4.461029453892933,82
4.513835855676845,82
4.5666422574607575,82
4.61944865924467,82
4.672255061028582,82
4.780061462812494,82
4.832867864596406,82
4.885674266380319,82
4.938480668164231,82
4.991287069948143,82
5.099093471732055,82
5.151899873515967,82
5.259706275299879,82
5.312512677083792,82
5.365319078867704,82
5.418125480651616,82
5.470931882435528,82
5.57873828421944,82
5.631544686003353,82
5.684351087787265,82
5.737157489571177,82
5.7899638913550895,82
5.842770293139002,82
5.895576694922914,82
5.948383096706826,82
6.001189498490739,82
6.053995900274651,82
6.106802302058563,82
6.159608703842475,82
6.267415105626387,82
6.3202215074103,82
6.373027909194212,82
6.425834310978124,82
0.1000728384154291,83
0.1971799409280585,83
0.2901413511304917,83
0.3826105609688587,83
0.4746317100137772,83
0.5067416709274354,83
0.5934716966361108,83
0.6800220664948525,83
0.7603602912634911,83
0.8406444620698991,83
0.9197744336337152,83
0.944357458537847,83
1.0238939635813535,83
1.0483843926698269,83
1.127563605120808,83
1.2065733094126283,83
1.2306670546889604,83
1.3098462671399416,83
1.3341124430656732,83
1.3584671169877351,83
1.3759725019693674,83
1.3936174326002897,83
1.411405913567573,83
1.4843421876788438,83
1.5484325513601602,83
2.665814839339286,83
2.7397283167004884,83
2.8127229437589945,83
2.8317283299178184,83
2.850873259863288,83
2.870161740145117,83
2.889598015731603,83
3.5997071899831594,83
3.616873281112343,83
3.634252170136601,83
3.6518533192932905,83
3.669687068125636,83
3.742764769157797,83
3.7610989343732895,83
3.779703436455161,83
3.7985937297702135,83
3.817787146231562,83
3.837303256651789,83
3.912164336106211,83
3.932395949995548,83
3.953027777409584,83
3.97409466098848,83
4.050638096442849,83
4.072708334809572,83
4.095367487555772,83
4.118694298005134,83
4.142791861704022,83
4.167801033741266,83
4.193925922772318,83
4.221489222756058,83
4.251079848071963,83
4.284136207810074,83
5.715097220650345,83
5.802274415305287,83
5.830487186124951,83
5.867658754846484,83
5.904830323568016,83
5.986772337964207,83
6.01871298070851,83
7.45346639867726,83
7.556925458869368,83
7.660384519061476,83
7.75091904964152,83
7.79388505037728,83
7.842344114592701,83
7.940310115030438,83
8.043769175222547,83
8.092228239437969,83
8.14068730365339,83
8.244146363845498,83
8.29260542806092,83
8.341064492276342,83
8.44452355246845,83
8.492982616683872,83
8.541441680899293,83
8.589900745114715,83
8.638359809330137,83
8.686818873545558,83
8.73527793776098,83
8.783737001976402,83
8.832196066191823,83
8.880655130407245,83
8.929114194622667,83
8.977573258838088,83
9.02603232305351,83
9.074491387268932,83
9.122950451484352,83
9.171409515699777,83
9.219868579915197,83
9.323327640107305,83
9.371786704322728,83
9.420245768538148,83
9.46870483275357,83
9.549696935376556,83
10.280079914292724,83
0.1000728384154291,84
0.1966799409280585,84
2.786872366820944,84
5.671414208044259,84
9.805181042398942,84
13.642633493665024,84
17.839240115864644,84
17.921106394758525,84
18.05879049205102,84
18.19607303586142,84
18.33425113607764,84
20.72058780466139,84
23.002388382034283,84
25.65376264031705,84
25.73138515279065,84
25.809545818585207,84
25.88830962431871,84
25.967759435659776,84
26.048004570473992,84
26.11810051591372,84
26.18928647211252,84
26.26186828522524,84
26.336393388286908,84
26.414140276430537,84
26.55864404085998,84
26.651613541192223,84
26.74458304152447,84
26.83755254185672,84
26.93052204218896,84
27.023491542521207,84
27.11646104285345,84
27.209430543185697,84
27.30240004351794,84
27.450369543850183,84
27.54333904418243,84
27.63630854451468,84
27.72927804484692,84
27.822247545179167,84
27.91521704551141,84
28.008186545843657,84
31.956725614164448,84
34.8038083702336,84
34.88793101772805,84
34.96532927818654,84
35.045367875796025,84
35.13135439373988,84
35.22707046242902,84
35.322786531118155,84
35.41850259980729,84
35.514218668496426,84
35.66493473718556,84
35.7606508058747,84
35.85636687456383,84
35.95208294325297,84
36.1027990119421,84
36.19851508063124,84
36.294231149320375,84
36.38994721800951,84
36.485663286698646,84
36.58137935538778,84
36.73209542407692,84
36.88281149276605,84
36.97852756145519,84
37.07424363014432,84
37.16995969883346,84
37.2656757675226,84
37.36139183621173,84
37.45710790490087,84
37.60782397359,84
37.70354004227914,84
37.79925611096827,84
37.89497217965741,84
37.990688248346544,84
38.08640431703568,84
38.182120385724815,84
38.27783645441395,84
38.373552523103086,84
38.46926859179222,84
38.56498466048136,84
38.71570072917049,84
38.86641679785963,84
38.96213286654877,84
39.1128489352379,84
39.20856500392704,84
39.30428107261617,84
39.399997141305306,84
39.55071320999444,84
39.64642927868358,84
39.74214534737271,84
39.83786141606185,84
39.98857748475098,84
40.08429355344012,84
40.180009622129255,84
40.27572569081839,84
40.371441759507526,84
40.52215782819666,84
40.6178738968858,84
40.71358996557493,84
40.80930603426407,84
40.9050221029532,84
0.1000728384154291,85
0.2081928663930287,85
0.3232443661762277,85
0.4382958659594268,85
0.5533473657426259,85
0.668398865525825,85
0.7694709652223036,85
0.8099831023373053,85
0.8959066772021697,85
0.9798551404036924,85
1.0084285714783117,85
1.033904662088339,85
1.0499604714222597,85
1.0600193447552964,85
1.0626393726215109,85
0.0493421724185689,85
0.1000728384154291,86
0.1971799409280585,86
0.292259717900147,86
0.3859010845099767,86
0.4784267333632353,86
0.5707084313956468,86
0.6627575293498837,86
0.6995843684912666,86
0.7911984095605554,86
0.8752029085787477,86
0.959121934536332,86
1.0450819203885735,86
1.1310837487014471,86
1.1626639994116963,86
1.2492916392418087,86
1.3354211332532109,86
1.3628850406291426,86
1.3919039475055874,86
1.4757858621212183,86
1.5595344336959065,86
1.5893191950651349,86
1.619552017587656,86
1.6439332472416104,86
1.6689325472595633,86
1.7496372437360228,86
1.7761634527029933,86
1.803673212814564,86
1.8874085819604336,86
2.6058479225518645,86
3.3295536911370696,86
3.362666407066816,86
3.4012721827509345,86
3.447925147998565,86
3.4945781132461966,86
3.541231078493828,86
3.5878840437414588,86
3.63453700898909,86
3.681189974236721,86
3.727842939484352,86
3.774495904731983,86
3.8652516654016913,86
3.9119046306493215,86
3.9585575958969534,86
4.005210561144585,86
4.051863526392216,86
4.098516491639847,86
4.200169456589455,86
4.246822421837086,86
4.293475387084717,86
4.340128352332348,86
4.386781317579979,86
4.488434282529587,86
4.590087247479195,86
4.636740212726826,86
4.683393177974457,86
4.730046143222088,86
4.776699108469719,86
4.880158168661827,86
4.930272003102536,86
5.676473697114224,86
5.729528260815377,86
5.82515828816914,86
5.873032291817898,86
7.025011738229031,86
7.0783788016321605,86
7.13174586503529,86
7.240112928140396,86
7.342986931491131,86
7.396353994894261,86
7.44972105829739,86
7.50308812170052,86
7.556455185103649,86
7.609822248506779,86
7.663189311909909,86
7.716556375313038,86
7.812498902368778,86
9.01226375012421,86
10.867033814478154,86
10.969821763622994,86
12.633642626393074,86
14.48787076531672,86
16.760017943966623,86
19.54842336236262,86
22.116955590832468,86
25.04289306849619,86
25.1906172021037,86
28.05955759130842,86
30.236960034121765,86
30.3722891326322,86
32.90661180066901,86
34.37770607868496,86
35.21489326839588,86
35.35028708198561,86
37.04070829798847,86
37.17169275368243,86
37.3010021421406,86
38.47382421307484,86
38.53274309523622,86
38.5917273338906,86
38.6507778007559,86
0.1000728384154291,87
0.1966799409280585,87
0.291259717900147,87
0.3844010845099767,87
0.4782101080829289,87
0.5727898850550175,87
0.6540105251837356,87
0.7309548018742187,87
0.8136078624296768,87
1.5916023759413345,87
2.723631074862538,87
2.757152782963572,87
2.7907820215690715,87
2.824521152513085,87
2.9130428640413863,87
3.697433313565312,87
3.7347923165429218,87
3.7735897286105735,87
3.867822198407708,87
5.525575308339654,87
6.734833507077752,87
6.856901695285702,87
6.970011086147511,87
8.426373531959115,87
8.54451014484523,87
9.309083022399069,87
9.435508719392963,87
9.50693441638686,87
9.578360113380754,87
9.649785810374649,87
9.762671256363031,87
10.56998158813498,87
10.694830977270543,87
10.768146102308908,87
10.841461227347272,87
10.914776352385635,87
11.043091477424,87
12.266882003814075,87
12.392060236603117,87
12.46223846969018,87
12.58741670247922,87
14.050884486378088,87
15.228134666630275,87
15.306772558214355,87
15.440410449798431,87
18.139485671813816,87
20.360730953628693,87
22.753140582881365,87
25.73789852104197,87
29.070229699459546,87
31.250361427187176,87
31.39059640096818,87
33.14557688707589,87
33.302105583636184,87
33.45863428019648,87
35.5071951692645,87
35.64818488672633,87
36.84991159261359,87
38.3399235965227,87
38.44378946326011,87
38.54765532999752,87
38.69679164598965,87
38.84246222607898,87
38.94647531184873,87
39.09509118991008,87
39.928621985253216,87
40.06640622273998,87
40.20248883119706,87
40.33730419515009,87
40.47087128571881,87
41.29722007237984,87
41.42949309275195,87
42.25467458683491,87
42.3859654843697,87
42.51695639443363,87
42.64758581511108,87
42.777458124962656,87
42.906403238553104,87
43.026863819233846,87
43.14677476223601,87
43.26670006247641,87
43.386140529099166,87
43.505286399148666,87
45.5714590289528,87
46.73577781304098,87
46.85607104251923,87
47.66975740977163,87
47.78983794178619,87
47.90991624797685,87
48.0298152896843,87
48.14933089938804,87
48.96218629562623,87
49.08148375833515,87
49.20033819450588,87
49.31913428772716,87
50.99308468320806,87
51.11240557193335,87
52.78688463505939,87
52.90668300506856,87
53.01815729800208,87
0.1000728384154291,88
0.1966799409280585,88
0.291259717900147,88
0.3774290501660009,88
0.409008291322579,88
0.4954990341848035,88
0.5827459290212293,88
0.6696004688328405,88
0.7569504648035665,88
0.8441973596399923,88
2.2696221738642355,88
3.410501447278848,88
3.508730304200044,88
3.553151213336577,88
3.5991404100841184,88
3.647427269030203,88
3.694760397780528,88
3.7483573413973934,88
3.805420023161759,88
3.8624827049261232,88
3.919545386690488,88
4.031608064431538,88
4.088670746195902,88
4.145733427960266,88
4.257796105701317,88
4.314858787465681,88
4.371921469230045,88
4.42898415099441,88
4.54104682873546,88
4.598109510499825,88
4.710172188240875,88
4.76723487000524,88
4.824297551769604,88
4.881360233533968,88
4.938422915298332,88
4.995485597062697,88
5.052548278827061,88
5.109610960591425,88
5.221673638332476,88
5.27873632009684,88
5.335799001861204,88
5.447861679602255,88
5.504924361366619,88
5.61698703910767,88
5.674049720872034,88
5.731112402636398,88
5.843175080377449,88
5.900237762141813,88
5.957300443906178,88
6.014363125670542,88
6.071425807434906,88
6.12848848919927,88
6.185551170963635,88
6.242613852727999,88
6.299676534492363,88
6.411739212233414,88
6.468801893997778,88
6.525864575762142,88
6.5829272575265065,88
6.639989939290871,88
6.697052621055235,88
6.754115302819599,88
6.811177984583964,88
6.868240666348328,88
6.925303348112692,88
6.982366029877056,88
7.0394287116414205,88
7.151491389382471,88
7.263554067123522,88
7.320616748887886,88
7.37767943065225,88
7.434742112416615,88
7.491804794180979,88
7.548867475945343,88
7.660930153686394,88
7.717992835450758,88
7.830055513191809,88
7.887118194956173,88
7.944180876720537,88
8.056243554461588,88
8.168306232202639,88
8.225368913967003,88
8.282431595731367,88
8.339494277495731,88
8.396556959260096,88
8.45361964102446,88
8.510682322788824,88
10.567659833241096,88
12.415190675068487,88
14.963603891960515,88
17.92243421178072,88
21.131211025904165,88
24.73605448317316,88
27.37955693794431,88
27.51113347157071,88
27.640950496871177,88
27.769216747530127,88
27.841498820190687,88
27.967958940970764,88
28.093566893076368,88
0.1000728384154291,89
0.1966799409280585,89
0.291259717900147,89
0.3795925580418205,89
0.4679253981834941,89
0.5017850409034568,89
0.5906446836234195,89
0.6800932415216641,89
0.7697386763108265,89
0.8593841110999889,89
0.9487437538199516,89
1.038692311718196,89
1.1231950757643885,89
1.153813564552993,89
1.239754745139808,89
1.3258825106165115,89
1.4008521301290695,89
1.4283584145447914,89
1.4572243703148071,89
1.4879637932023708,89
1.576733899637193,89
1.6194627968213264,89
1.6656574284276668,89
1.7118520600340073,89
1.7580466916403477,89
1.804241323246688,89
1.9054359582802955,89
1.951630589886636,89
2.052825224920244,89
2.139452074988813,89
3.574205492957563,89
5.0148725261530585,89
5.070478302761049,89
5.181084079071016,89
5.281292652114362,89
5.364989211185903,89
6.510260274036855,89
7.955856134518117,89
8.015157633795472,89
8.122408905400963,89
8.873806276693077,89
8.932056458070011,89
8.990306639446946,89
9.04855682082388,89
9.106807002200814,89
9.165057183577748,89
9.223307364954682,89
9.336557538583012,89
9.394807719959946,89
9.45305790133688,89
9.511308082713814,89
9.569558264090748,89
9.627808445467682,89
9.686058626844616,89
9.74430880822155,89
9.802558989598484,89
9.860809170975418,89
9.919059352352352,89
9.977309533729288,89
10.03555971510622,89
10.093809896483156,89
10.152060077860089,89
10.210310259237025,89
10.268560440613957,89
10.32681062199089,89
10.385060803367823,89
10.44331098474476,89
10.501561166121691,89
10.559811347498629,89
10.61806152887556,89
10.676311710252495,89
10.73456189162943,89
10.792812073006363,89
10.906062246634692,89
10.964312428011628,89
11.022562609388562,89
11.080812790765496,89
11.194062964393826,89
11.25231314577076,89
11.310563327147694,89
11.368813508524628,89
11.427063689901562,89
11.485313871278496,89
11.598564044906826,89
11.65681422628376,89
11.715064407660694,89
11.773314589037629,89
11.88656476266596,89
11.944814944042893,89
12.003065125419829,89
12.116315299048155,89
12.174565480425091,89
12.232815661802023,89
12.29106584317896,89
12.349316024555892,89
12.462566198184224,89
12.520816379561158,89
12.579066560938092,89
12.637316742315026,89
12.69556692369196,89
0.1000728384154291,90
0.2151243381986281,90
0.3301758379818272,90
0.4457273377650263,90
0.5612788375482254,90
0.6733646014286248,90
0.7819846294062244,90
0.8425361291894234,90
0.950040439410452,90
1.0036604673880516,90
1.1102531698251104,90
1.2258046696083094,90
1.3413561693915084,90
1.4019076691747074,90
1.4624591689579065,90
1.5780106687411055,90
1.6831649608159054,90
1.733986909853828,90
1.8385522867503457,90
2.581173410541087,90
2.6795653606715497,90
2.777266560024291,90
2.822300480580598,90
4.025048540807038,90
4.825129078603059,90
4.882555508888036,90
4.946913408017426,90
5.011271307146817,90
5.123697737133771,90
6.576749661839276,90
8.493248322880536,90
9.667999804384632,90
11.538864166509471,90
11.67296905940626,90
13.696499065814953,90
15.572666097562188,90
18.226281598029747,90
18.36994774103577,90
21.082122021059483,90
23.373732778660145,90
26.24408764983926,90
26.38789500143245,90
26.48585590256596,90
26.638816803699463,90
29.433392660570604,90
29.5779250649398,90
31.10943047078836,90
31.24896661585282,90
31.38109062386245,90
31.509987036214223,90
34.531944301520255,90
34.60831376828529,90
34.73842666290892,90
36.25572885242693,90
36.38545453318032,90
38.4619008936396,90
39.63637432764819,90
39.76633278581367,90
39.89038993719087,90
40.01816000171589,90
41.88312721381377,90
43.34287273708061,90
43.4702985821744,90
44.98387713261576,90
45.74923663122766,90
46.97475973326688,90
47.73977308851519,90
47.86609260280659,90
47.93726571707683,90
48.06282101435422,90
49.232155894714246,90
49.35740734473664,90
51.09242299485745,90
51.21323893541853,90
52.72085636495974,90
52.83735516198565,90
52.89875931896213,90
53.01487999922023,90
54.17510425463928,90
54.23662043302006,90
54.298042623671,90
54.35937256078237,90
54.47557613737824,90
55.63099274523499,90
55.742549334838415,90
57.19091441823493,90
57.24256088180791,90
57.34910568191062,90
60.40055521918784,90
61.898105229869,90
61.953614264413225,90
62.0633403953756,90
62.17297184435974,90
62.28251509337078,90
63.08542565970074,90
63.19478791175734,90
63.30404641447912,90
64.05233796654593,90
64.1624169868077,90
65.31652205406081,90
0.1000728384154291,91
0.2151243381986281,91
0.3301758379818272,91
0.4452273377650263,91
0.5602788375482254,91
0.6753303373314244,91
0.7739024425007207,91
2.6246478820301395,91
4.073214318797717,91
4.190486323282848,91
5.920530330584178,91
5.986136395678649,91
6.05174246077312,91
6.117348525867591,91
6.182954590962062,91
6.248560656056533,91
6.314166721151004,91
6.379772786245475,91
6.445378851339946,91
6.510984916434417,91
6.576590981528888,91
6.642197046623359,91
6.70780311171783,91
6.773409176812301,91
6.839015241906772,91
6.904621307001243,91
6.970227372095714,91
7.035833437190185,91
7.101439502284656,91
7.222045567081103,91
7.287651632175574,91
7.353257697270045,91
7.418863762364516,91
7.484469827458987,91
7.605075892255435,91
7.670681957349906,91
7.736288022444377,91
7.801894087538848,91
7.867500152633319,91
7.93310621772779,91
7.998712282822261,91
8.064318347916732,91
8.129924413011203,91
8.195530478105674,91
8.261136543200145,91
8.326742608294616,91
8.447348673091064,91
8.512954738185535,91
8.578560803280006,91
8.644166868374477,91
8.709772933468948,91
8.775378998563419,91
8.84098506365789,91
8.961591128454337,91
9.027197193548808,91
9.09280325864328,91
9.15840932373775,91
9.22401538883222,91
9.289621453926692,91
9.355227519021163,91
9.47583358381761,91
9.59643964861406,91
9.66204571370853,91
9.727651778803,91
9.793257843897472,91
9.858863908991944,91
9.924469974086414,91
9.990076039180884,91
10.055682104275355,91
10.121288169369826,91
10.186894234464296,91
10.252500299558768,91
10.31810636465324,91
10.38371242974771,91
10.44931849484218,91
10.514924559936652,91
10.580530625031123,91
10.646136690125594,91
10.711742755220063,91
10.777348820314536,91
10.842954885409007,91
10.963560950205457,91
11.029167015299926,91
11.094773080394395,91
11.160379145488868,91
11.22598521058334,91
11.29159127567781,91
11.35719734077228,91
11.422803405866752,91
11.5434094706632,91
11.60901553575767,91
11.674621600852142,91
11.740227665946612,91
11.805833731041083,91
11.871439796135554,91
11.937045861230024,91
12.002651926324496,91
12.068257991418967,91
12.188864056215415,91
12.254470121309886,91
0.1000728384154291,92
0.1966799409280585,92
0.2827591807733344,92
0.3675818503986167,92
2.254575769595391,92
2.349427519178499,92
2.388923789153188,92
2.482952428837822,92
2.573803452631043,92
3.992900280138062,92
6.166508583208131,92
7.8727518598042,92
7.968919386943387,92
8.064441768308686,92
9.714688746114778,92
9.810066966196109,92
11.00550356306653,92
12.49541011024523,92
12.598999722902269,92
14.78610383968318,92
14.893432214693629,92
16.740077685054498,92
18.995535603005067,92
21.00196696720276,92
23.144322842472505,92
23.26145401570902,92
25.946454579741527,92
28.84234578448108,92
28.965491297410843,92
29.03328783153093,92
29.100758163041675,92
29.222922276426218,92
29.28979784822265,92
29.411237389708656,92
30.17097198388754,92
30.23730140377291,92
30.358213528781352,92
31.52309610488414,92
32.97617541397181,92
34.141861903127854,92
35.595672960367224,92
36.76213504552607,92
38.77686043137314,92
38.90043846953954,92
40.57919870339744,92
40.703351941709336,92
42.97101268788363,92
44.42827406018992,92
45.94091100369288,92
47.62217268364053,92
47.74885420961429,92
47.8206112105964,92
48.99131538655223,92
49.11832894325623,92
49.24526537760861,92
49.37136308582065,92
51.05244512550995,92
52.73100921933838,92
54.186979233498526,92
54.25650913103689,92
54.381131645558014,92
54.450744994173725,92
54.57507072634498,92
54.63476070639637,92
54.69450655295075,92
54.8093088972814,92
54.92416838509117,92
54.984085677012935,92
55.04406144913352,92
55.15769495736233,92
55.21638834654637,92
55.27514234253308,92
55.33395768898274,92
55.3928351480324,92
55.45177550099309,92
55.51077954908266,92
55.56984811419642,92
55.62898203971801,92
55.68818219137336,92
55.74744945813036,92
55.806784753147646,92
55.86618901477559,92
55.98066320761341,92
56.04020832362619,92
56.09982538332623,92
56.15951543702337,92
56.219279566149446,92
56.27911888466234,92
56.33903454053589,92
56.39902771734212,92
56.45909963593319,92
56.57425155623098,92
56.689484779133146,92
56.74980064854506,92
56.81020055354856,92
56.87068593071886,92
56.93125826660271,92
57.04691910037206,92
57.10767002666892,92
57.16851269865913,92
0.1000728384154291,93
0.1416799409280584,93
0.236259717900147,93
0.3294010845099767,93
0.4230002870874337,93
0.5160795410972706,93
0.5398799043124818,93
0.6165330992856274,93
0.6829505248105949,93
0.7491416134184271,93
0.7564271161694618,93
0.8138136418245099,93
0.8097961496679761,93
0.7968720502005022,93
-0.2311538007294382,93
0.1000728384154291,94
0.1966799409280585,94
0.291259717900147,94
0.3844010845099767,94
0.4764267333632352,94
0.5680407744325241,94
0.6588840621026766,94
0.7490596928097065,94
0.8386464083384545,94
0.8659686988036902,94
0.89285593124142,94
0.9193429520170958,94
1.000459427181986,94
1.0812309404652387,94
1.1618925576846868,94
1.1874466484229833,94
1.2678436582725316,94
2.740490252320078,94
2.8267762457769186,94
2.858195582572725,94
2.889751913193968,94
2.921449097041396,94
2.953291224483756,94
2.9852826094072134,94
3.0174278562705785,94
3.0497318452041418,94
3.0821997841637403,94
3.1148372312824995,94
3.2026501318257123,94
3.288802148942259,94
3.3201181089322835,94
3.3516035770814687,94
3.380034499038365,94
3.4085669463317663,94
3.4372030237506896,94
3.465944925491121,94
3.49479494074395,94
3.5237554574202568,94
3.5528289733271867,94
3.582018099893239,94
3.611325575206784,94
3.64075427146664,94
3.670307194982079,94
3.699987515975145,94
3.721095752138999,94
3.742338221688178,94
3.7637186312865287,94
3.7852408962141535,94
3.8069091552685768,94
3.828727804292348,94
3.850701503623632,94
3.927835218776372,94
3.945984885264543,94
3.964261140842346,94
3.982667273078469,94
4.0012067464928895,94
4.019883215595391,94
4.038700539786723,94
4.057662800122407,94
4.07677432538977,94
4.096039708871749,94
4.115463836286572,94
4.1350519137274295,94
4.154809497464803,94
4.174742538649944,94
4.194857418705133,94
4.2151609996151,94
4.235660683531669,94
4.256364477966335,94
4.332281073723343,94
4.4084199277501375,94
4.429791379887965,94
4.451406782660988,94
4.473278651181963,94
4.495420856569317,94
4.572848854754475,94
4.595579974521306,94
4.618633786384371,94
4.63972042517772,94
4.661320334468392,94
4.683492295612004,94
4.706310315225628,94
4.729870435018447,94
4.809302319009212,94
4.889790747482684,94
4.916620500553754,94
4.945288876239565,94
4.976896187458542,94
5.016550688241032,94
5.056205189023522,94
5.095859689806011,94
5.135514190588501,94
5.175168691370991,94
5.214823192153481,94
5.25447769293597,94
5.29413219371846,94
5.33378669450095,94
5.37344119528344,94
5.4130956960659296,94
5.452750196848419,94
0.1000728384154291,95
0.1966799409280585,95
0.2942489029039251,95
0.3930099199970168,95
0.4919003972293398,95
0.5286277325333617,95
0.6208818720163367,95
1.761196331817057,95
1.858269029992964,95
1.955741943556216,95
2.010639389741566,95
2.0655368359269164,95
2.120434282112267,95
2.175331728297617,95
2.285229170459654,95
2.3401266166450045,95
3.0903364845992587,95
4.761284990000871,95
6.6186505982162025,95
6.6842566633106735,95
6.7498627284051445,95
6.815468793499615,95
6.881074858594086,95
6.946680923688557,95
7.012286988783028,95
7.077893053877499,95
7.14349911897197,95
7.209105184066441,95
7.274711249160912,95
7.340317314255383,95
7.460923379051831,95
7.526529444146302,95
7.592135509240773,95
7.712741574037221,95
7.778347639131692,95
7.843953704226163,95
7.909559769320634,95
7.975165834415105,95
8.040771899509576,95
8.106377964604047,95
8.171984029698518,95
8.237590094792989,95
8.30319615988746,95
8.36880222498193,95
8.434408290076401,95
8.500014355170872,95
8.565620420265343,95
8.631226485359814,95
8.696832550454285,95
8.817438615250733,95
8.883044680345204,95
8.948650745439675,95
9.069256810236125,95
9.134862875330594,95
9.200468940425065,95
9.266075005519536,95
9.331681070614009,95
9.397287135708478,95
9.462893200802949,95
9.52849926589742,95
9.59410533099189,95
9.714711395788338,95
9.78031746088281,95
9.84592352597728,95
9.911529591071751,95
10.0321356558682,95
10.152741720664649,95
10.218347785759118,95
10.283953850853589,95
10.34955991594806,95
10.41516598104253,95
10.480772046137002,95
10.546378111231473,95
10.611984176325944,95
10.677590241420416,95
10.798196306216862,95
10.863802371311332,95
10.98440843610778,95
11.105014500904227,95
11.1706205659987,95
11.291226630795148,95
11.35683269588962,95
11.42243876098409,95
11.48804482607856,95
11.608650890875008,95
11.67425695596948,95
11.794863020765929,95
11.915469085562377,95
11.981075150656846,95
12.046681215751317,95
12.112287280845788,95
12.17789334594026,95
12.24349941103473,95
12.3091054761292,95
12.374711541223672,95
12.49531760602012,95
12.564673668756102,95
12.634029731492085,95
12.703385794228067,95
12.77274185696405,95
0.1000728384154291,96
0.1966799409280585,96
0.2887597219239043,96
0.3727957965026663,96
0.4565049619565772,96
0.5412613661180304,96
0.6256820769201087,96
0.6551681463758515,96
0.739524342600541,96
1.9266482372920084,96
3.405769922320085,96
3.498783648494916,96
3.53699094850226,96
3.575399615351396,96
3.614018105451304,96
3.6528556090931454,96
3.746922161910968,96
3.841228757534461,96
3.8807875071804094,96
3.920611806694703,96
4.015716553215222,96
4.056118418012099,96
4.096836176250415,96
4.137891140315967,96
4.179307707134919,96
4.221114080880122,96
4.311498705778556,96
4.3384164651076365,96
4.417110905532079,96
4.43918948854907,96
4.4626657706837225,96
4.484083857868152,96
4.555790942643123,96
4.622865323458152,96
4.689594742391543,96
4.705763632912474,96
4.780219333727198,96
5.96107115085824,96
7.606258528787928,96
7.641061785180407,96
7.730069721598463,96
7.763391646106081,96
7.796110431213217,96
7.828291064609127,96
7.859985879171925,96
7.891237924356298,96
7.922083244208531,96
7.952552447576361,96
7.982671857361035,96
8.012464354295568,96
8.041950006518798,96
8.071146561313705,96
8.100069823224382,96
8.128733959529834,96
8.21215174022718,96
8.240334736664133,96
8.268293479938345,96
8.296037598062592,96
8.323575925562816,96
10.302068304751351,96
12.645763945315318,96
15.40273172828956,96
18.458911297786504,96
21.96155556281252,96
25.82203041597554,96
28.201459984721563,96
30.899094577075584,96
30.97586521821805,96
31.10686297421972,96
31.18219147504824,96
31.25692981799933,96
31.38614036443516,96
31.459873546897715,96
31.588170995014448,96
31.66106765642837,96
31.73359328675001,96
31.80577352701927,96
31.87763070222949,96
31.94918442571836,96
32.02032173809785,96
32.091192901537575,96
32.216811369955664,96
32.28373336813883,96
32.350493374319214,96
32.41709647249589,96
32.483547437239416,96
32.5713391970711,96
32.600382794804524,96
32.6261020164211,96
32.69884266063764,96
34.98454250499799,96
37.38032926723554,96
40.3743885237913,96
43.52149776744011,96
47.138636041267965,96
49.60027310570642,96
49.71887710762619,96
49.837347015411886,96
49.95568633158188,96
50.01889838033192,96
0.1000728384154291,97
0.1956927102324223,97
0.2348281752273316,97
0.3275468281657047,97
0.3641627672560069,97
0.3998757866618321,97
0.489824267709719,97
0.5184684923385251,97
0.6015531203244794,97
1.3290695908534738,97
3.0322168133226697,97
3.1254234172116555,97
3.858173478762848,97
5.286771126649843,97
6.484337273639129,97
6.528166348300436,97
6.571873677816692,97
6.615462156236277,97
6.658934543205353,97
6.702293473118418,97
6.745541463456607,97
6.788680922401886,97
6.831714155804097,97
6.874643373568159,97
6.972470695520537,97
7.015198156806981,97
7.051192492308579,97
7.087131271683052,97
7.123015105449648,97
7.213844590855058,97
7.249620312301587,97
7.285342841757092,97
7.321012739147661,97
7.356630552733939,97
7.392196819471922,97
7.427712065359034,97
7.463176805766214,97
7.49859154575672,97
7.533956780392313,97
7.569272995027424,97
7.604540665591899,97
7.639760258862877,97
7.674022153672297,97
7.763213789714439,97
7.797336140583274,97
7.828524608254595,97
7.859679023580902,97
7.890799616906767,97
7.921886615481388,97
7.952940243520571,97
7.98396072226706,97
8.014948270049285,97
8.045903102338565,97
8.07682543180483,97
8.097799784760648,97
8.11759068376916,97
8.137349768798524,97
8.15707724287706,97
8.176773303445154,97
8.196438146080547,97
8.216071964498335,97
8.235674950550967,97
8.255247292365604,97
8.274789178069407,97
8.294300790201598,97
8.31378231316405,97
8.333233925770694,97
8.352655804972821,97
8.36448375068205,97
8.429244495253736,97
8.438976086932891,97
8.448678693059557,97
8.458352480340475,97
8.467997614551061,97
8.477614258672768,97
8.4872025738244,97
8.49676272019344,97
8.506294855173403,97
8.570799135859781,97
8.6352757152875,97
8.699724742468172,97
8.709146376024657,97
8.773540760647231,97
8.837908047508174,97
8.84724837846654,97
8.911561901937896,97
8.915909294761443,97
8.920247798576677,97
8.979577431246364,97
8.983898204542422,97
8.988210136327618,97
8.992513241968775,97
9.05180753653469,97
9.056093036453897,97
9.115369755100184,97
9.17463771186369,97
9.178896919149633,97
9.183147392958128,97
9.184274417139315,97
9.185375467199558,97
0.1000728384154291,98
0.1966799409280585,98
0.291259717900147,98
0.3294010845099767,98
0.4214267333632353,98
2.465467611912588,98
2.563236738098729,98
2.6602517498361973,98
2.756790210674644,98
4.411020837770288,98
5.555920510012222,98
5.656724425462034,98
6.852735611108091,98
6.894968500790146,98
6.991923539397266,98
9.397134511229542,98
11.84605380749419,98
14.545479869036674,98
17.43737138522421,98
20.198323952174995,98
21.36376927407992,98
21.429966156444,98
23.49789754432705,98
23.619474676493606,98
26.57685078823481,98
26.69198049928177,98
26.806816672324587,98
26.86654438124435,98
26.98091997784263,98
29.663111475936216,98
29.77992071346324,98
32.67815511763859,98
33.491334314855,98
33.60364635874716,98
33.6608971148444,98
33.77308732529768,98
33.88517331361522,98
36.71857546544888,98
39.55512344392688,98
40.71809876690728,98
42.169314311842754,98
42.28903731912406,98
43.74058399776396,98
43.860659850518765,98
45.31253299459837,98
47.170716731624815,98
48.33612956766043,98
50.01302670107984,98
50.13521923959432,98
51.30135577261952,98
52.75563306456771,98
52.8784855248492,98
52.946188909705306,98
53.01374753545166,98
53.13616547547284,98
54.86864797267836,98
56.09066668664806,98
56.15895927664009,98
56.22714056543091,98
56.35030537069031,98
57.51741774331761,98
57.64080281819452,98
58.45760518162765,98
58.52626036450084,98
58.649836764231495,98
58.708833003234695,98
61.90664599122359,98
63.57931350757335,98
63.63870325103154,98
63.75295872218896,98
65.47769441766262,98
66.92508617451323,98
68.59656489344256,98
68.65883620864622,98
69.82029688151177,98
69.88318694419449,98
69.94611903570411,98
70.00909351232204,98
70.12711073642177,98
70.24428463827854,98
72.38731886908255,98
73.83790900126694,98
73.95731090839209,98
74.02182125350232,98
74.14128612997548,98
75.30487548545554,98
76.98009536179548,98
78.9928897011192,98
80.15888971200513,98
80.27096922805833,98
80.3206650700264,98
80.42549637070226,98
80.47546689695048,98
80.52558063825893,98
80.57584181910681,98
80.62625492101836,98
80.67682470118928,98
80.72755623346495,98
80.77845492324161,98
80.8295265521698,98
0.1000728384154291,99
0.1971799409280585,99
0.292259717900147,99
0.3859010845099767,99
0.4792393280107242,99
0.5697917846876842,99
0.605073897345708,99
0.6948082057673198,99
0.729178713812278,99
0.7632101086813671,99
0.7969239337283832,99
0.8794698325831157,99
1.6023296920496684,99
2.3821015564638834,99
3.5698474852282267,99
3.65837932954614,99
3.746514922185586,99
4.530136829419778,99
6.233480101628945,99
6.326918533249543,99
6.419876894159959,99
7.846261820002244,99
10.289244016810104,99
12.127938827677417,99
14.374510130091355,99
17.071984935436475,99
17.184761357872244,99
19.73023697475116,99
19.84523996726712,99
22.39253158609592,99
22.509111896816908,99
25.57006956813144,99
27.300134775264738,99
28.05891657088996,99
28.169689634533725,99
28.27528923908075,99
28.381597349139057,99
30.686886856051288,99
30.79476894596418,99
30.89564757952293,99
30.94144081109961,99
30.987150074632964,99
31.08767254808744,99
33.214024858268104,99
35.51519997576078,99
35.619012349935375,99
38.36565851578315,99
38.47309889802536,99
41.533561449621246,99
41.64776786293859,99
44.540107516067614,99
44.65404665419086,99
44.767770060830365,99
45.92559069377247,99
46.03065201622311,99
48.91622980602988,99
49.02911780487294,99
51.97599576126332,99
53.47938380857366,99
53.59629320190677,99
55.04513670105951,99
55.100088581186704,99
55.15497626338618,99
55.26480055574792,99
55.37451937769072,99
55.48472733024972,99
58.16178674225228,99
58.27819524146332,99
59.94528017379059,99
60.05786157585396,99
62.95003422001308,99
64.80719673675438,99
64.92740914834681,99
67.24598041867674,99
69.10478622632706,99
71.47558154925173,99
71.54133827389863,99
71.66198762408256,99
71.78250723533671,99
73.9284314193779,99
74.04971743078906,99
75.72357923048096,99
75.84289403416942,99
75.90713480909969,99
76.02626120500831,99
77.52034460954933,99
78.67217671327857,99
78.72533564843802,99
78.7784344760385,99
78.88647679068713,99
78.99446322598128,99
80.43433155693678,99
80.48239468612341,99
80.53043953158526,99
80.57846616410284,99
80.62647464700608,99
80.72944425620703,99
80.83237118848233,99
83.18535585530667,99
86.28394742139248,99
0.1000728384154291,100
0.1966799409280585,100
3.011961821436672,100
5.836539574586092,100
5.9553270522520165,100
8.022524957182643,100
8.148394166717328,100
10.576303815516392,100
14.074407206576378,100
14.197337219176983,100
14.32356345992201,100
14.447874739405757,100
14.569073370822773,100
15.734138653135538,100
15.790426386403764,100
15.84626336418702,100
15.901686883391047,100
15.956728537701151,100
16.011415433331397,100
16.065771082033937,100
17.787127858942846,100
19.45585683961416,100
21.917488366292364,100
24.28734254558209,100
26.14810920641879,100
26.209131355884058,100
26.270153505349324,100
26.33117565481459,100
26.392197804279856,100
26.50231353401889,100
26.557504453144745,100
26.612771709631254,100
26.66811648705044,100
26.72354000625447,100
26.834043527165232,100
26.88962835068035,100
26.945295820705223,100
27.00104732632169,100
27.05688430410494,100
27.112808240601755,100
28.54768583569043,100
28.59636081535256,100
28.645129255679745,100
28.693992936981783,100
28.74295370871312,100
28.79201349358092,100
28.841174291985315,100
28.94543818682572,100
29.04980734871212,100
29.09928404162462,100
29.14887062907072,100
29.253569580796075,100
29.35838348011256,100
29.40831503191609,100
29.51336707147751,100
29.563542574101888,100
29.613844665766187,100
29.719276634862503,100
29.76984194519423,100
29.820544250396896,100
29.8713874099844,100
29.922375507256262,100
29.97351286934388,100
30.024804089724828,100
31.17249510976905,100
31.22226459283757,100
31.272835789156467,100
31.32436226165917,100
31.37707067805221,100
31.48632986908676,100
31.54284898574002,100
31.60360459169522,100
31.66985325909376,100
31.7911019264923,100
31.85735059389084,100
31.92359926128938,100
31.98984792868792,100
32.05609659608646,100
32.122345263485,100
32.18859393088354,100
32.25484259828208,100
32.37609126568062,100
34.10020005509804,100
34.15650569522455,100
36.00591786513352,100
36.06160104438589,100
36.17087496787756,100
37.318531878140426,100
38.97956588850362,100
39.03043783169333,100
39.08067735414748,100
39.12846611204782,100
39.1757502403552,100
39.22257603271996,100
39.26898199818413,100
39.3150006733531,100
39.35641936798643,100
40.841872896046574,100
42.55344372370489,100
42.60026726191051,100
0.1000728384154291,101
0.1966799409280585,101
0.291759717900147,101
0.3854010845099767,101
0.4779267333632352,101
0.569540774432524,101
0.6603840621026766,101
0.7509495005170551,101
0.8415488373663604,101
0.9321823040410178,101
1.022265052820183,101
1.0572868252338792,101
1.0922483559549945,101
1.1821503621635785,101
1.216993544164264,101
1.306866051762212,101
1.3417680579707956,101
1.4316997378569782,101
1.4666612685780935,101
1.55665282941951,101
1.646674601833206,101
1.6817267694772842,101
1.7168095182564491,101
1.7519230363634866,101
1.8420675143217635,101
1.8772431450287927,101
1.912450123800891,101
1.9476886484189555,101
1.982958919175413,101
2.0083287198026447,101
2.033796882994917,101
2.059365385018733,101
2.0850362785090475,101
2.110811705507782,101
2.1366938993264704,101
2.162685188271549,101
2.2437880065222053,101
2.270004897185114,101
2.29633852540746,101
2.3227916795690327,101
2.4043672967632084,101
2.486068441339281,101
2.56789834684923,101
2.593523756407645,101
2.619193219386485,101
2.6449071269412308,101
2.670665877677944,101
2.696469877653268,101
2.7773195400764017,101
2.803215286501196,101
2.8291575450380115,101
2.855146751545813,101
2.876696583621648,101
2.8982942633260755,101
2.9199402525950937,101
2.941635022677925,101
2.963379054137018,101
3.040172836550024,101
3.062016871564534,101
3.138911668949273,101
3.9118323966790713,101
3.937774655215886,101
3.963488562770632,101
3.988984095670727,101
4.014270392053273,101
4.094355855875161,101
4.119248247512129,101
4.143954745300558,101
4.168482011922148,101
4.19283625184789,101
4.217023252316263,101
4.241048426174071,101
4.264916847266701,101
4.288633280240443,101
4.312202210344818,101
4.335627863921669,101
4.358914232619551,101
4.437065093584803,101
4.460084018104222,101
4.4829744014818935,101
4.505739464231279,101
4.528382272266295,101
4.550905742489245,101
4.573312657691982,101
4.650605673708466,101
4.67278732619479,101
4.694860041879561,101
4.716826143481281,101
4.738687856860903,101
4.760447316609767,101
4.782106573500183,101
4.797380686544326,101
4.812577278160003,101
5.524303764842895,101
5.544314690672305,101
5.619251259409335,101
5.695473805807975,101
5.71660626008406,101
5.734838087849763,101
5.753017189719227,101
0.1000728384154291,102
0.1966799409280585,102
0.291759717900147,102
0.3854010845099767,102
0.4142853426312287,102
0.4973988490675767,102
0.5803368943308671,102
0.610232024875768,102
0.6948366160069783,102
0.77905341931928,102
0.8075080769633134,102
0.8358544273798545,102
0.8640947672103723,102
0.9472312959407648,102
0.9737846324716886,102
1.0551750878368695,102
1.0816954220210393,102
1.108349097383507,102
1.1351397665714105,102
1.162071290848144,102
1.1891477531318744,102
1.2163734784846385,102
1.2437530639146646,102
1.271291391414889,102
1.298993668941148,102
1.326865454626568,102
1.3549126958971105,102
1.383141776037701,102
1.41155955703307,102
1.4951734444623073,102
1.5239914389823754,102
1.5530222313975175,102
1.5822752839450915,102
1.6667609340076526,102
1.6964905368660768,102
1.7264766054724534,102
1.7567330090825637,102
1.787275205788501,102
1.818120525640734,102
1.8492885375892003,102
1.880801513281949,102
1.9126850286995247,102
1.944968755779155,102
1.9776875408862908,102
2.0108828763042768,102
2.044605016199239,102
2.078916072336324,102
2.1688947896038373,102
2.2046442548309644,102
2.2413053283964475,102
2.27908211895574,102
2.313678238031753,102
2.3482743571077664,102
2.377911736679562,102
2.46386094154168,102
2.551593517375477,102
2.5871241702263434,102
2.629586295646914,102
2.727048420769461,102
2.769510546190032,102
2.8669726713125785,102
2.909434796733149,102
2.9518969221537192,102
2.9943590475742896,102
3.03682117299486,102
3.0792832984154304,102
3.176745423537977,102
3.219207548958548,102
3.2616696743791183,102
3.3591317995016654,102
3.401593924922236,102
3.444056050342806,102
3.4865181757633765,102
3.528980301183947,102
3.5714424266045173,102
3.613904552025088,102
3.711366677147635,102
3.753828802568205,102
3.796290927988776,102
3.893753053111322,102
3.936215178531893,102
3.978677303952464,102
4.021139429373034,102
4.063601554793604,102
4.106063680214175,102
4.148525805634745,102
4.190987931055315,102
4.233450056475886,102
4.330912181598433,102
4.373374307019003,102
4.415836432439574,102
4.513298557562121,102
4.555760682982691,102
4.653222808105238,102
4.695684933525809,102
4.738147058946379,102
4.835609184068926,102
4.8780713094894965,102
4.920533434910067,102
4.962995560330637,102
0.1000728384154291,103
0.2081928663930287,103
0.3232443661762277,103
0.4382958659594268,103
0.5533473657426259,103
0.668398865525825,103
0.7694709652223036,103
0.8099831023373053,103
0.8463997409798548,103
0.9358412639357492,103
1.0294957698442384,103
1.1231502757527276,103
1.2168047816612169,103
1.2554592804171487,103
1.2941137791730806,103
1.3327682779290124,103
1.3714227766849445,103
1.410077275440876,103
1.448731774196808,103
1.5423862801052972,103
1.581040778861229,103
1.619695277617161,103
1.6583497763730928,103
1.6970042751290246,103
1.7356587738849565,103
1.7743132726408883,103
1.81296777139682,103
1.851622270152752,103
1.890276768908684,103
1.928931267664616,103
2.022585773573105,103
2.061240272329037,103
2.0998947710849687,103
2.193549276993458,103
2.2322037757493898,103
2.2708582745053216,103
2.364512780413811,103
2.4031672791697427,103
2.4418217779256746,103
2.4804762766816064,103
2.574130782590096,103
2.6127852813460275,103
2.65143978010196,103
2.690094278857891,103
2.7837487847663804,103
2.8224032835223123,103
2.916057789430801,103
2.9547122881867334,103
2.993366786942665,103
3.032021285698597,103
3.070675784454529,103
3.109330283210461,103
3.1479847819663926,103
3.1866392807223245,103
3.2252937794782564,103
3.3189482853867456,103
3.357602784142677,103
3.3962572828986093,103
3.434911781654541,103
3.473566280410473,103
3.512220779166405,103
3.605875285074894,103
3.644529783830826,103
3.683184282586758,103
3.7218387813426896,103
3.815493287251179,103
3.854147786007111,103
3.8928022847630426,103
3.9314567835189744,103
3.9701112822749054,103
4.063765788183396,103
4.102420286939328,103
4.14107478569526,103
4.179729284451192,103
4.218383783207123,103
4.312038289115613,103
4.3506927878715445,103
4.389347286627476,103
4.428001785383408,103
4.523963907466118,103
4.564926033572142,103
4.662926038459723,103
4.705926036194747,103
4.74892603392977,103
4.791926031664794,103
4.834926029399817,103
4.932926034287398,103
4.9759260320224215,103
5.018926029757445,103
5.0619260274924684,103
5.104926025227492,103
5.1479260229625154,103
5.190926020697539,103
5.233926018432562,103
5.276926016167586,103
5.319926013902609,103
5.362926011637633,103
5.405926009372656,103
5.44892600710768,103
5.491926004842703,103
0.1000728384154291,104
0.1971799409280585,104
0.292259717900147,104
2.5911940619579448,104
2.636357222441747,104
2.735340853910909,104
2.833370784743773,104
2.930600111342568,104
3.027139509226494,104
3.1194477399246026,104
4.768482359255962,104
7.270743748873714,104
7.374446153503352,104
7.477562713264906,104
8.680168652902635,104
8.783657674279304,104
10.498278003758704,104
13.004989300583594,104
15.546937694782354,104
15.658438371269911,104
15.769450855409652,104
18.36810870590078,104
21.375074011653656,104
21.492284717290925,104
21.609072635988053,104
23.05761771536792,104
23.17450977496084,104
24.3902880240574,104
24.50712847540589,104
26.010730793144862,104
26.12772875777703,104
28.03729802225685,104
28.154959037259424,104
28.272439451629563,104
28.389718327382266,104
28.50679635348436,104
29.722872883505097,104
29.840204817868017,104
29.95735982090024,104
30.060607843396934,104
32.11109226226596,104
34.92714374542025,104
36.4264870646601,104
37.17797875739175,104
37.29121094880617,104
37.40430340302937,104
37.46190332941,104
37.56579342804138,104
37.66956217906658,104
40.21037804653512,104
42.52028928108267,104
43.67710430099635,104
43.79042604601042,104
43.90365352661522,104
45.06098577719709,104
45.17460818284161,104
46.3873406528332,104
46.50138307209165,104
46.61529300301394,104
48.06113473329001,104
48.17554050781412,104
49.62185293533077,104
50.43027332023523,104
50.5454443957186,104
50.6605341685976,104
50.707383519973895,104
50.80919434037461,104
50.9108965015079,104
53.723593673672816,104
56.483717641797206,104
56.535736924972674,104
56.5877022733952,104
56.6945651387836,104
58.13325890060916,104
58.24053632375254,104
58.29290171247377,104
58.345211374577424,104
58.39746592846169,104
58.50466032978549,104
58.61179529037728,104
58.71706037130608,104
58.82229129132285,104
59.5659755235578,104
59.613877399828574,104
59.66176619287982,104
59.76462242659583,104
61.66034255084052,104
64.35064277705206,104
64.45686095115198,104
64.50824277010216,104
64.6146020134951,104
65.36010609474434,104
65.4092594338621,104
65.5133859468664,104
68.18522184621943,104
68.9305864525999,104
69.03123205434932,104
71.38174694311274,104
74.2053627325262,104
75.35551911127223,104
0.1000728384154291,105
0.2081928663930287,105
0.3232443661762277,105
0.4382958659594268,105
0.5533473657426259,105
0.6603516759636544,105
0.7499108501951628,105
0.8315600418727331,105
0.9097544812838964,105
0.9314580635409287,105
0.9546426796595984,105
0.9746049550603562,105
0.9911037088613444,105
1.003717231681519,105
1.0102088182474904,105
1.0071855712457978,105
-0.0111347507909453,105
0.1000728384154291,106
0.1966799409280585,106
0.2942489029039251,106
0.3920236623796771,106
0.4895205725996551,106
0.5325895345755217,106
0.6313045552087884,106
0.6757616758676465,106
0.7210905634622284,106
0.8224759965251465,106
0.9233734255672768,106
1.0223558933481267,106
1.119957094245836,106
1.1629155899634558,106
1.2601833339886714,106
1.303943542956667,106
1.3498409719987974,106
1.4481842729220975,106
1.545785473819807,106
1.5900005416788312,106
1.636613474939165,106
1.688003965424636,106
1.7900171122233377,106
1.835993560610857,106
1.8882338238408536,106
1.943939822973649,106
1.999645822106446,106
2.0975270744519343,106
2.14518588402256,106
2.2008918831553563,106
2.3115978822881527,106
2.422303881420949,106
2.478009880553745,106
2.5337158796865413,106
2.589421878819337,106
2.700127877952134,106
2.81083387708493,106
2.862539874522169,106
2.9142458719594075,106
3.0209518728239133,106
3.104291921613892,106
3.833904152868469,106
3.8800987844748094,106
3.981293419508417,106
4.082488054542024,106
4.128682686148364,106
4.174877317754705,106
4.221071949361045,106
4.322266584394653,106
4.368461216000993,106
4.414655847607333,106
4.460850479213674,106
4.507045110820014,106
4.553239742426355,106
4.599434374032695,106
4.645629005639036,106
4.736426437406022,106
5.479687476663072,106
5.56324595412441,106
6.301636459438283,106
6.350345520435054,106
6.399054581431825,106
6.447763642428596,106
6.496472703425367,106
6.5451817644221375,106
6.593890825418908,106
6.642599886415679,106
6.69130894741245,106
6.740018008409221,106
6.788727069405992,106
6.837436130402763,106
6.8861451913995335,106
6.934854252396304,106
7.038563316820342,106
7.087272377817113,106
7.135981438813884,106
7.184690499810655,106
7.233399560807426,106
7.282108621804197,106
7.330817682800967,106
7.379526743797738,106
7.483235808221776,106
7.531944869218547,106
7.580653930215318,106
7.629362991212089,106
7.733072055636127,106
7.781781116632898,106
7.830490177629668,106
7.879199238626439,106
7.92790829962321,106
7.976617360619981,106
8.080326425044019,106
8.12903548604079,106
8.17774454703756,106
8.226453608034332,106
8.275162669031102,106
8.323871730027873,106
8.427580794451911,106
8.476289855448682,106
8.524998916445453,106
0.1000728384154291,107
0.1966799409280585,107
0.291259717900147,107
0.3856755457581206,107
0.4799326301245213,107
0.5740358561975883,107
0.5958801240427422,107
0.61663604460191,107
0.6882964589400219,107
0.7642219208879398,107
1.8907566212816165,107
1.918679018761032,107
2.001601410354488,107
2.029523807833902,107
2.0574462053133176,107
2.0853686027927325,107
2.1132910002721474,107
2.1412133977515624,107
2.1691357952309773,107
2.1970581927103923,107
2.224980590189807,107
2.3079029817832635,107
2.3358253792626784,107
2.3637477767420934,107
2.3916701742215083,107
2.4195925717009232,107
2.447514969180338,107
2.475437366659753,107
2.503359764139168,107
2.531282161618583,107
2.559204559097998,107
2.587126956577413,107
2.609177415515296,107
2.63122787445318,107
2.653278333391063,107
2.730328795756213,107
2.807379258121364,107
2.8844297204865144,107
2.9064801794243977,107
2.983530641789548,107
3.060581104154698,107
3.082631563092582,107
3.1046820220304654,107
3.1267324809683488,107
3.148782939906232,107
3.1708333988441155,107
3.192883857781999,107
3.2149343167198823,107
3.2369847756577657,107
3.259035234595649,107
3.2810856935335324,107
3.358136155898683,107
3.3801866148365662,107
3.4572370772017167,107
3.4792875361396,107
3.5013379950774834,107
3.578388457442634,107
3.6004389163805173,107
3.6224893753184007,107
3.644539834256284,107
3.721324743027799,107
3.742857498372905,107
3.764150207187049,107
3.7852138683898375,107
3.806058517913334,107
3.826693346048706,107
3.902126801456325,107
3.922366687352769,107
3.942420215602033,107
3.9622940842760728,107
3.981994525785558,107
4.001527353445999,107
4.020898004318587,107
4.095111576165072,107
4.114172850991599,107
4.1330863305134695,107
4.151856259698979,107
4.170486645097844,107
4.188981275330297,107
4.207343739713542,107
4.225577441300265,107
4.243685613642446,107
4.316671329806558,107
4.389537516306154,107
4.4072869692696255,107
4.422527459706179,107
4.437692760745994,107
4.45278398625087,107
4.467802216554992,107
4.48274850405287,107
4.552623863588087,107
4.567429295997135,107
4.582165762106888,107
4.5968342006905,107
4.605405364441685,107
4.668878164398484,107
4.677254498261027,107
4.68553619205486,107
4.693725004117004,107
4.7018226275919,107
0.1000728384154291,108
0.2151243381986281,108
0.3267101020790275,108
0.4348301300566271,108
0.5374570965908863,108
0.6380299350063153,108
0.6799870526234456,108
0.7210325656275102,108
0.815896136854107,108
0.8563158308903523,108
0.952361347321684,108
0.9941223619322128,108
1.027804257516081,108
1.061921211127455,108
1.096514715049679,108
1.1294951161186049,108
1.1624755171875307,108
1.1954559182564566,108
1.2284363193253824,108
1.2614167203943083,108
1.2928891574780297,108
1.3246319314281294,108
1.4116605019013235,108
1.443992192093546,108
1.476646574382002,108
1.509645922277386,108
1.5329855738024063,108
1.5560025313685486,108
1.5787163676510405,108
1.6011444108377049,108
1.6783021168599674,108
1.7002033574323008,108
1.7218606473694391,108
1.7432853376309223,108
1.7644877677599735,108
1.785477399993951,108
1.803457491267736,108
1.879659921098764,108
1.899774553422148,108
2.615686001424009,108
2.693663032893354,108
2.7168623192052195,108
2.74029420519274,108
2.7639700436781,108
2.7879023479114124,108
2.812104989011104,108
2.836593421343977,108
2.861384976823146,108
2.8864992243985483,108
2.9119584375808785,108
2.9377881904880354,108
2.964018156919892,108
3.0456831810812304,108
3.0728247539887974,108
3.100493129510696,108
3.183750424701984,108
3.2126753723065207,108
3.242371073160584,108
3.2729783823530028,108
3.3047014085392306,108
3.3378628475407908,108
3.373051611874516,108
3.466706117783005,108
3.505360616538937,108
3.5440151152948687,108
3.5826696140508005,108
3.621324112806733,108
3.659978611562664,108
3.698633110318596,108
3.737287609074528,108
3.77594210783046,108
3.869596613738949,108
3.908251112494881,108
3.9469056112508127,108
3.9855601100067446,108
4.0242146087626764,108
4.062869107518608,108
4.10152360627454,108
4.195178112183029,108
4.288832618091519,108
4.3274871168474505,108
4.366141615603382,108
4.404796114359314,108
4.443450613115246,108
4.537105119023735,108
4.575759617779667,108
4.614414116535599,108
4.653068615291531,108
4.691723114047463,108
4.7303776128033945,108
4.769032111559326,108
4.807686610315258,108
4.9036487323979685,108
5.001648737285549,108
5.044648735020573,108
5.142648739908154,108
5.185648737643177,108
5.228648735378201,108
5.271648733113224,108
5.314648730848248,108
0.1000728384154291,109
0.1966799409280585,109
0.291259717900147,109
0.3819010898059507,109
3.428492610115399,109
3.528998476225724,109
3.62989278580605,109
7.002235504891972,109
10.32650750695272,109
14.063482180389212,109
16.777356075726196,109
19.33811502431459,109
19.41310582312332,109
19.48736196977278,109
19.560977707482955,109
19.634025826061645,109
19.70656424444862,109
19.83364014844068,109
19.905292722810664,109
19.97655502823996,109
20.04745533352021,109
20.17301808734284,109
20.243264643874777,109
20.368213815473528,109
20.438202512969813,109
20.563231051314343,109
20.68829975051736,109
20.75840893577153,109
20.828558937578915,109
23.53867770416396,109
23.60975307518828,109
23.68084241920726,109
23.751945775379266,109
23.82306318308277,109
23.885021996116457,109
23.947033215537484,109
24.064097396455125,109
24.126215105864546,109
24.18838692303268,109
26.38676665076113,109
29.09248709666764,109
31.55913349994135,109
31.62624676905748,109
31.69171827327588,109
31.7575379770508,109
31.81357164575897,109
31.92489153718101,109
31.98151503623174,109
32.093461777067134,109
32.13929180706138,109
32.18538755456204,109
32.23176393563146,109
32.278437647020766,109
32.32542749027009,109
32.37275481129284,109
32.42044404426808,109
32.468523449248025,109
32.517026065832326,109
32.62099105769987,109
32.670465583896586,109
32.720507516509244,109
32.77118959183092,109
32.82260597029919,109
32.87488336393828,109
32.92820153663153,109
33.037835667824694,109
33.094260859286734,109
33.153503398394534,109
33.21981440017218,109
33.29711152890916,109
33.37440865764613,109
33.4517057863831,109
33.529002915120074,109
33.60630004385705,109
33.68359717259402,109
33.76089430133099,109
33.838191430067965,109
33.91548855880494,109
33.99278568754191,109
34.070082816278884,109
34.20237994471783,109
34.279677073454806,109
34.35697420219178,109
34.48927133063073,109
34.5665684593677,109
34.643865588104674,109
34.776162716543624,109
34.90845984498257,109
35.04075697342152,109
35.118054102158496,109
35.19535123089547,109
35.27264835963244,109
35.40494548807139,109
35.482242616808364,109
35.55953974554534,109
35.63683687428231,109
35.71413400301928,109
35.84643113145823,109
35.923728260195205,109
36.00102538893218,109
0.1000728384154291,110
0.1966799409280585,110
0.3027726433651173,110
0.4178241431483163,110
0.5328756429315153,110
0.6484271427147144,110
0.7639786424979134,110
0.8795301422811124,110
0.9950816420643114,110
2.1544053343860887,110
2.270116725358226,110
2.330828116628387,110
2.4465395076005243,110
2.507250898870685,110
2.6229622898428224,110
2.73867368081496,110
2.799385072085121,110
2.915096463057258,110
2.9758078543274187,110
3.03651924559758,110
3.09723063686774,110
3.1579420281379007,110
3.2186534194080614,110
3.279364810678222,110
3.3400762019483827,110
3.45578759292052,110
3.516498984190681,110
3.577210375460841,110
3.692921766432979,110
3.75363315770314,110
3.869344548675277,110
3.930055939945438,110
3.9907673312155993,110
4.05147872248576,110
4.11219011375592,110
4.172901505026081,110
4.233612896296242,110
4.294324287566402,110
4.355035678836563,110
4.415747070106724,110
4.476458461376884,110
4.537169852647045,110
4.597881243917206,110
4.713592634889343,110
4.8293040258614806,110
4.890015417131641,110
4.950726808401802,110
5.011438199671963,110
5.072149590942123,110
5.132860982212284,110
5.193572373482445,110
5.309283764454582,110
5.42499515542672,110
5.48570654669688,110
5.546417937967041,110
5.6071293292372015,110
5.667840720507362,110
5.7835521114795,110
5.84426350274966,110
5.904974894019821,110
5.965686285289982,110
6.026397676560142,110
6.087109067830303,110
6.147820459100464,110
6.208531850370624,110
6.269243241640785,110
6.329954632910946,110
6.445666023883083,110
6.506377415153244,110
6.622088806125381,110
6.740675197926261,110
6.80426158972714,110
6.92284798152802,110
6.986434373328899,110
7.050020765129779,110
7.113607156930659,110
7.177193548731538,110
7.240779940532418,110
7.304366332333298,110
7.422952724134177,110
7.486539115935057,110
7.550125507735936,110
7.613711899536816,110
7.677298291337696,110
7.795884683138575,110
7.859471074939455,110
7.923057466740334,110
7.986643858541214,110
8.050230250342093,110
8.113816642142972,110
8.17740303394385,110
8.24098942574473,110
8.35957581754561,110
8.423162209346488,110
8.486748601147367,110
8.550334992948246,110
8.668921384749126,110
8.732507776550005,110
8.851094168350885,110
8.914680560151764,110
0.1000728384154291,111
0.2151243381986281,111
0.3301758379818272,111
0.4452273377650263,111
0.5577788406484606,111
0.6708303445451739,111
0.7838818484418871,111
1.987808292495537,111
3.992392843353081,111
6.0625880414121625,111
8.086170824291784,111
10.789413924536944,111
13.274434642970627,111
16.50338092851583,111
19.77996965088146,111
22.278383450935703,111
23.9891849281526,111
26.09258903152797,111
28.14206758069504,111
30.093275897287747,111
30.197724744652405,111
30.302173592017063,111
30.40662243938172,111
30.56607128674638,111
30.67052013411104,111
30.77496898147569,111
30.87941782884036,111
30.98386667620501,111
31.14331552356967,111
31.247764370934327,111
31.352213218298985,111
31.456662065663643,111
31.5611109130283,111
31.66555976039296,111
31.770008607757617,111
31.874457455122275,111
31.978906302486934,111
32.08335514985159,111
32.18780399721625,111
32.29225284458091,111
32.396701691945566,111
32.501150539310224,111
32.66059938667488,111
32.76504823403954,111
32.8694970814042,111
33.028945928768856,111
33.133394776133514,111
33.23784362349817,111
33.34229247086283,111
33.44674131822749,111
33.606190165592146,111
33.710639012956804,111
33.87008786032146,111
33.97453670768612,111
34.07898555505078,111
34.23843440241544,111
34.342883249780094,111
34.44733209714475,111
34.55178094450941,111
34.65622979187407,111
34.760678639238726,111
34.865127486603384,111
34.96957633396804,111
35.0740251813327,111
35.17847402869736,111
35.33792287606202,111
35.442371723426675,111
35.54682057079133,111
35.65126941815599,111
35.75571826552065,111
35.86016711288531,111
35.964615960249965,111
36.06906480761462,111
36.17351365497928,111
36.33296250234394,111
36.4374113497086,111
36.541860197073255,111
36.64630904443791,111
36.80575789180257,111
36.91020673916723,111
37.01465558653189,111
37.11910443389655,111
37.2235532812612,111
37.32800212862586,111
37.43245097599052,111
37.53689982335518,111
37.64134867071984,111
37.745797518084494,111
37.90524636544915,111
38.00969521281381,111
38.16914406017847,111
38.273592907543126,111
38.43304175490778,111
38.53749060227244,111
38.6419394496371,111
38.74638829700176,111
38.850837144366416,111
38.955285991731074,111
39.05973483909573,111
39.16418368646039,111
0.1000728384154291,112
0.1966799409280585,112
0.2887597219239043,112
0.379401093829708,112
0.4689267487417029,112
0.5575407953153418,112
0.6468185545097159,112
0.7362826676259803,112
1.519892951954441,112
3.814129611958103,112
3.910593217719631,112
4.006621769178944,112
5.659390023459034,112
7.1372577459703255,112
9.258136680830557,112
9.354240557659702,112
9.449941738058168,112
12.035661800314026,112
12.13589270274742,112
14.486714197803574,112
17.108740632810417,112
19.99740187037448,112
22.769492868908333,112
22.887824075783016,112
25.714785155336767,112
25.83313364387117,112
27.05022333294789,112
29.11552171504224,112
29.234538664228246,112
29.353273583774683,112
29.471837776942213,112
30.283780969726006,112
31.50159048301656,112
31.618801799969408,112
31.73566815256482,112
32.54577433705843,112
32.66238308112154,112
32.77879596944421,112
34.687905622006426,112
34.80506223277968,112
34.92200760402829,112
36.425775255259786,112
36.54306072986351,112
36.66008922598875,112
39.61000904926126,112
39.72654830434561,112
39.84282071087081,112
42.039789497349645,112
42.79566545135386,112
42.91326588204186,112
44.5860080042159,112
44.704363609329846,112
44.82257455265955,112
47.9882116660853,112
48.74761745853299,112
48.79916315672869,112
48.85063933355684,112
48.95704694611901,112
49.06750345520407,112
51.76479646349122,112
52.51648529380185,112
52.62989445375776,112
53.435817643308525,112
53.49352722153689,112
53.60615611602332,112
54.41224864388903,112
54.52507321949119,112
54.6377756099131,112
55.84957899420854,112
55.96264836874875,112
56.07583582580263,112
57.233129228470304,112
57.34675189334519,112
58.15384323582265,112
58.26768092786424,112
58.38138801783134,112
60.38018916124303,112
60.48802572656118,112
60.59581210171619,112
60.648805194560914,112
60.7486473876368,112
60.79347508794891,112
60.89120429389413,112
61.67890691392358,112
62.876962590359256,112
62.921392868835554,112
63.020813634823845,112
63.06522490638726,112
63.16462670152045,112
63.20901903814998,112
63.25340193413475,112
63.29777540726632,112
63.38827685726852,112
63.47985211474866,112
63.57057194126815,112
63.60374378500551,112
63.6369040617165,112
63.67005279375285,112
63.69533878838688,112
63.77559838717848,112
0.1000728384154291,113
0.1966799409280585,113
0.291259717900147,113
0.3906337466037003,113
0.4850814487731187,113
0.5799293663298815,113
0.6789296042120188,113
0.776285849133703,113
2.2724775891697138,113
2.32849121428487,113
2.4395048353767126,113
4.638028356800053,113
6.9050397608375285,113
9.176270220050784,113
12.361938325606353,113
15.67402627594652,113
19.239580170279982,113
21.53816831239899,113
24.280794042126,113
24.439362442237744,113
24.54293084234949,113
24.64649924246124,113
24.750067642572983,113
24.85363604268473,113
24.95720444279648,113
25.06077284290823,113
25.164341243019976,113
25.267909643131723,113
25.37147804324347,113
25.47504644335521,113
25.57861484346697,113
25.68218324357872,113
25.78575164369046,113
25.889320043802208,113
25.992888443913955,113
26.096456844025703,113
26.25502524413745,113
26.3585936442492,113
26.462162044360944,113
26.62073044447269,113
26.77929884458444,113
26.882867244696182,113
26.986435644807933,113
27.09000404491968,113
27.19357244503143,113
27.35214084514317,113
27.455709245254923,113
27.55927764536667,113
27.662846045478418,113
27.821414445590165,113
27.924982845701912,113
28.02855124581366,113
28.132119645925407,113
28.23568804603716,113
28.3392564461489,113
28.44282484626065,113
28.5463932463724,113
28.704961646484144,113
28.80853004659589,113
28.91209844670764,113
29.070666846819385,113
29.229235246931133,113
29.33280364704288,113
29.436372047154627,113
29.53994044726637,113
29.69850884737812,113
29.80207724748987,113
29.905645647601617,113
30.009214047713364,113
30.16778244782511,113
30.27135084793686,113
30.37491924804861,113
30.47848764816036,113
30.5820560482721,113
30.685624448383848,113
30.789192848495595,113
30.892761248607343,113
30.99632964871909,113
31.09989804883084,113
31.203466448942585,113
31.30703484905433,113
31.41060324916608,113
31.514171649277827,113
31.61774004938957,113
31.72130844950132,113
31.82487684961307,113
31.928445249724817,113
32.032013649836564,113
32.13558204994831,113
32.23915045006006,113
32.342718850171806,113
32.446287250283554,113
32.6048556503953,113
32.76342405050705,113
32.866992450618795,113
32.97056085073054,113
33.12912925084229,113
33.23269765095404,113
33.336266051065785,113
33.43983445117753,113
0.1000728384154291,114
0.1966799409280585,114
0.291259717900147,114
0.3844010845099767,114
0.4764267333632352,114
2.182324187517027,114
2.2778375192385263,114
2.372555527486877,114
2.466905097156272,114
4.29854414859365,114
6.650629053579735,114
8.901266272275455,114
11.26079362057198,114
13.806130651889545,114
16.563995005230286,114
19.89107215563145,114
21.058638326004203,114
21.127019791720578,114
21.19488769352328,114
21.26228990219452,114
21.32926612016644,114
21.395849808848787,114
21.462069553581863,114
21.52795005746092,114
21.593512882179844,114
21.65877701159661,114
21.723759288067026,114
21.78847475554189,114
21.85293693307328,114
21.910651954721523,114
22.023190242794584,114
22.08055783155905,114
22.137760356790416,114
22.194803093987936,114
22.25169099185418,114
22.30842870175065,114
22.42002060371648,114
22.47647082953725,114
22.53278328327063,114
22.581792347701644,114
22.68570439705962,114
22.78952127795643,114
22.83824476801717,114
22.886521285485845,114
22.9897112831317,114
23.03781623266044,114
23.14083755654645,114
23.24377663046264,114
23.29163478555269,114
23.394413310558896,114
23.442113453816265,114
23.489736425123663,114
23.53728339750116,114
23.58475550884205,114
23.63215386346752,114
23.679479533590737,114
23.72485006385152,114
23.77015573471225,114
23.81376064377033,114
23.85730515520013,114
23.9557899898772,114
23.999215851671785,114
24.097583428043663,114
24.140893390609364,114
24.17005242614303,114
24.199181722684244,114
24.22828145904694,114
24.25735180659447,114
24.28639293669019,114
24.31540502069745,114
24.344388226254324,114
24.373342717273573,114
24.402268661393265,114
24.42740738785122,114
24.50523829108332,114
24.58304873502109,114
24.605838801918964,114
24.62860857529793,114
24.651358137114386,114
24.674087567462067,114
24.69679694643472,114
24.77448635569069,114
24.84850964715932,114
24.86751559024904,114
24.88650424426649,114
24.905475668816308,114
24.97942992320512,114
25.05336707106088,114
25.072287162973023,114
25.09119026197348,114
25.16507642550621,114
25.18394570632134,114
25.20279816558812,114
25.22163385732327,114
26.334441488815884,114
27.739550059868435,114
27.75834763815854,114
27.77712863331888,114
27.79373258186732,114
27.81032474545989,114
0.1000728384154291,115
0.1966799409280585,115
0.291259717900147,115
0.3844010845099767,115
0.4214267333632353,115
0.4575407744325241,115
0.4789046620159563,115
0.5491996755032953,115
0.6150263448386606,115
0.6787888755231317,115
0.743498501661342,115
0.7508607877559181,115
0.7544178299746629,115
0.753312511663061,115
0.7460852566315945,115
0.7301202978148278,115
-0.3007999692902747,115
0.1000728384154291,116
0.1966799409280585,116
0.291259717900147,116
0.3900207349932387,116
0.5050722347764378,116
0.6176237376598721,116
0.661195835676611,116
0.7530899109510785,116
0.7915065499214535,116
0.8274480762152081,116
0.8641196476487523,116
0.8975272091297513,116
0.9820590453414326,116
1.0068287110148078,116
1.0254347739933138,116
1.035319607351542,116
0.085236291979075,116
0.1000728384154291,117
0.1966799409280585,117
0.2275256489756397,117
0.3122745428808494,117
0.3971772950793929,117
0.4830230031269741,117
0.5652549121636106,117
0.6385579560059262,117
0.7119562406200124,117
0.7853954885262204,117
0.8594143170970632,117
0.8758224960523797,117
1.5907545801359368,117
2.7170236822324947,117
2.7446805298435644,117
2.8270852178442434,117
2.854742065455313,117
2.882664462934728,117
2.965867301832433,117
2.994367262731786,117
3.023183118935223,117
3.052336180965896,117
3.081850847612615,117
3.1117553211855844,117
3.142082581679817,117
3.1728717073905424,117
3.2577761769401983,117
3.2886034365850643,117
3.319892563309069,117
3.351690605666037,117
3.384055290754433,117
3.417059142525788,117
3.503857177134152,117
3.537594046826954,117
3.574540187056656,117
3.622999251272078,117
3.6714583154875,117
3.719917379702921,117
3.768376443918343,117
3.8168355081337646,117
3.8652945723491854,117
3.9687536325412944,117
4.017212696756716,117
4.120671756948824,117
4.169130821164246,117
4.2670968216019824,117
4.315555885817404,117
4.364014950032826,117
4.467474010224934,117
4.515933074440356,117
4.564392138655777,117
4.612851202871199,117
4.661310267086621,117
4.709769331302042,117
4.758228395517464,117
4.806687459732886,117
4.910146519924994,117
4.958605584140416,117
5.007064648355837,117
5.055523712571259,117
5.158982772763367,117
5.207441836978789,117
5.25590090119421,117
5.304359965409632,117
5.352819029625054,117
5.401278093840475,117
5.449737158055897,117
5.498196222271319,117
5.601655282463427,117
5.68611311950862,117
5.783575244631167,117
5.88066236713111,117
5.922749493654366,117
5.964836620177622,117
6.006923746700879,117
6.104010869200821,117
6.201097991700764,117
6.298185114200707,117
6.340272240723963,117
6.382359367247219,117
6.479446489747162,117
6.576533612247105,117
6.673620734747048,117
6.715707861270304,117
6.75779498779356,117
6.854882110293503,117
6.896969236816759,117
6.939056363340016,117
7.036143485839959,117
7.078230612363215,117
7.120317738886471,117
7.162404865409727,117
7.204491991932984,117
7.24657911845624,117
7.343666240956183,117
7.385753367479439,117
7.482840489979382,117
7.524927616502638,117
7.5670147430258945,117
7.609101869549151,117
0.1000728384154291,118
0.1966799409280585,118
0.291259717900147,118
0.3844010845099767,118
0.4764267333632352,118
0.5650407799368742,118
0.6389046736842039,118
0.6560746856814268,118
0.7234013506060484,118
0.7881154545431974,118
0.8017225225305202,118
0.8725482781266811,118
2.0476279814576746,118
3.17210381821152,118
3.19782170996424,118
3.2233980835264564,118
3.998283141929472,118
4.079930910546148,118
4.106691550168955,118
4.13356766820308,118
4.16056199528631,118
4.242677399594152,118
4.269916874993408,118
4.352283587384784,118
4.379780851010048,118
4.407412171069348,118
4.435181241188014,118
4.518091965172255,118
4.5461484712397695,118
5.959342650774682,118
5.986334232318962,118
6.0134192739462495,118
6.040599556345308,118
6.06787692912277,118
6.095253316391075,118
6.177730714607799,118
6.205311210531557,118
6.232996973845923,118
6.260790267664754,118
6.288693457547391,118
6.316709011498654,118
6.399839512709344,118
6.428087666336262,118
6.451985807794893,118
6.476007412824595,118
6.555285479578936,118
6.57983388722297,118
6.659111953977311,118
6.685136470649207,118
6.711251899305546,118
6.7374599237775445,118
6.818762290928328,118
6.845160813707674,118
6.871657378677094,118
6.898253947201932,118
6.92495256074127,118
8.109661990482175,118
8.194997349459493,118
8.280906589407289,118
8.312464216429555,118
8.39976702042278,118
8.432945845354164,118
8.467187480706537,118
8.502780565697515,118
8.540231467861497,118
8.580671557862127,118
8.62963538773712,118
8.682064952034318,118
8.734494516331518,118
8.786924080628717,118
8.894353644627893,118
8.946783208925092,118
8.999212773222292,118
9.05164233751949,118
9.159071901518669,118
9.211501465815866,118
9.263931030113064,118
9.362401799935665,118
9.4068951287156,118
9.509854187894428,118
9.612813247073255,118
9.6607723102754,118
9.708731373477542,118
9.756690436679683,118
9.804649499881828,118
9.85260856308397,118
9.900567626286112,118
9.948526689488256,118
9.9964857526904,118
10.099444811869228,118
10.14740387507137,118
10.2503629342502,118
10.298321997452344,118
10.346281060654483,118
10.394240123856628,118
10.497199183035455,118
10.5451582462376,118
10.593117309439744,118
10.641076372641884,118
10.689035435844028,118
0.1000728384154291,119
0.1966799409280585,119
0.2958411715595178,119
0.3976973846946406,119
0.4988859408666407,119
0.5994855818603589,119
0.6901604738484385,119
0.7822068762432101,119
0.8301540445934298,119
1.5738557409893037,119
1.679410306776619,119
2.8340363186250688,119
4.842218605841255,119
6.0051887911211015,119
8.646277341418624,119
11.125472781398734,119
14.157974678001128,119
17.02303936287184,119
20.16473298836961,119
22.05483770016449,119
24.10038711773563,119
24.25502638625145,119
24.35466565476728,119
24.454304923283097,119
24.55394419179892,119
24.653583460314746,119
24.753222728830565,119
24.907861997346387,119
25.00750126586221,119
25.10714053437804,119
25.20677980289385,119
25.30641907140968,119
25.4060583399255,119
25.505697608441324,119
25.605336876957143,119
25.70497614547297,119
25.80461541398879,119
25.90425468250461,119
26.00389395102044,119
26.15853321953626,119
26.25817248805208,119
26.357811756567905,119
26.457451025083728,119
26.55709029359955,119
26.711729562115373,119
26.8113688306312,119
26.91100809914702,119
27.01064736766284,119
27.110286636178664,119
27.209925904694487,119
27.30956517321031,119
27.40920444172613,119
27.508843710241955,119
27.608482978757777,119
27.7081222472736,119
27.807761515789423,119
27.90740078430525,119
28.062040052821068,119
28.16167932133689,119
28.26131858985272,119
28.360957858368536,119
28.46059712688436,119
28.61523639540018,119
28.714875663916004,119
28.814514932431827,119
28.91415420094765,119
29.013793469463472,119
29.16843273797929,119
29.26807200649512,119
29.36771127501094,119
29.467350543526763,119
29.566989812042586,119
29.721629080558408,119
29.82126834907423,119
29.975907617590053,119
30.07554688610588,119
30.1751861546217,119
30.32982542313752,119
30.484464691653343,119
30.58410396016917,119
32.11006635085981,119
32.19085173648308,119
32.26947821002421,119
34.48386100769666,119
37.20466373432778,119
39.92709752248256,119
40.009211027258885,119
40.09031712176254,119
40.17058513921917,119
40.2495816906923,119
40.32805693711381,119
40.406060135112966,119
40.47683547054472,119
40.547633481752285,119
40.61845427204253,119
40.68929794566792,119
40.76016460783956,119
40.83105436474047,119
40.95696732353916,119
41.02790359240338,119
0.1000728384154291,120
0.183703221430108,120
0.2657413334148378,120
0.3517217338579149,120
0.437702134300992,120
0.5244951323168726,120
0.6104755327599497,120
0.6964559332030268,120
0.7824363336461039,120
0.8179981895285101,120
0.8639572524028273,120
0.9099163152771444,120
0.9558753781514616,120
1.001834441025779,120
1.0477935039000958,120
1.1487525664763898,120
1.195211630363986,120
1.2966706939535588,120
1.3446297571557015,120
1.3925888203578445,120
1.4955478795366737,120
1.6001200490193814,120
1.6496922150748223,120
1.6992643811302632,120
1.748836547185704,120
1.798408713241145,120
1.902980882723853,120
1.952553048779294,120
2.057125218262002,120
2.16169738774471,120
2.2112695538001508,120
2.3158417232828588,120
2.3654138893383,120
2.414986055393741,120
2.464558221449181,120
2.5141303875046224,120
2.563702553560064,120
2.6682747230427712,120
2.717846889098212,120
2.767419055153653,120
2.816991221209094,120
2.866563387264535,120
2.916135553319976,120
2.9657077193754167,120
3.0702798888581246,120
3.119852054913565,120
3.1694242209690064,120
3.218996387024448,120
3.2685685530798883,120
3.318140719135329,120
3.36771288519077,120
3.417285051246211,120
3.466857217301652,120
3.57142938678436,120
3.676001556267068,120
3.7255737223225087,120
3.7751458883779496,120
3.824718054433392,120
3.874290220488832,120
3.9788623899715394,120
4.02843455602698,120
4.078006722082421,120
4.127578888137862,120
4.177151054193303,120
4.226723220248744,120
4.276295386304184,120
4.325867552359625,120
4.375439718415066,120
4.425011884470507,120
4.474584050525948,120
4.524156216581389,120
4.57372838263683,120
4.623300548692271,120
4.672872714747712,120
4.7224448808031525,120
4.772017046858593,120
4.821589212914034,120
4.871161378969475,120
4.920733545024916,120
4.970305711080357,120
5.019877877135798,120
5.069450043191239,120
5.11902220924668,120
5.168594375302121,120
5.2181665413575615,120
5.267738707413002,120
5.317310873468443,120
5.366883039523884,120
5.416455205579325,120
5.466027371634766,120
5.515599537690207,120
5.565171703745648,120
5.614743869801089,120
5.66431603585653,120
5.768888205339238,120
5.818460371394679,120
5.868032537450119,120
5.91760470350556,120
5.967176869561001,120
6.071749039043709,120
0.1000728384154291,121
0.1966799409280585,121
0.291259717900147,121
0.3913325563155762,121
0.5063840560987752,121
0.6214355558819743,121
0.722507655578453,121
0.8198947906072921,121
0.8583114295776672,121
0.8942529558714217,121
0.985924519556362,121
1.0693390219982453,121
1.106510590719778,121
1.8421198837037869,121
3.503197502302725,121
5.353841852354605,121
5.467726688789923,121
5.526611521797974,121
5.585496354806025,121
5.644381187814076,121
5.703266020822126,121
5.817150857257444,121
5.931035693692762,121
7.603787358808119,121
9.463031586217484,121
11.838339146184524,121
14.313201244878371,121
17.493205284223237,121
21.14592467060968,121
23.036219031855417,121
25.33361469344975,121
27.83352665467287,121
30.239680147778664,121
33.05343634801367,121
33.159142347146464,121
33.26484834627926,121
33.37055434541205,121
33.53126034454485,121
33.63696634367764,121
33.74267234281044,121
33.84837834194323,121
33.954084341076026,121
34.05979034020882,121
34.165496339341615,121
34.27120233847441,121
34.376908337607205,121
34.48261433674,121
34.588320335872794,121
34.74902633500559,121
34.85473233413838,121
34.96043833327118,121
35.06614433240397,121
35.17185033153677,121
35.27755633066956,121
35.38326232980236,121
35.54396832893515,121
35.649674328067945,121
35.75538032720074,121
35.916086326333534,121
36.02179232546633,121
36.12749832459912,121
36.28820432373192,121
36.39391032286471,121
36.49961632199751,121
36.6053223211303,121
36.7110283202631,121
36.87173431939589,121
36.977440318528686,121
37.13814631766148,121
37.298852316794274,121
37.40455831592707,121
37.51026431505986,121
37.61597031419266,121
37.72167631332545,121
37.82738231245825,121
37.93308831159104,121
38.09379431072384,121
38.19950030985663,121
38.30520630898943,121
38.41091230812222,121
38.516618307255015,121
38.62232430638781,121
38.728030305520605,121
38.8337363046534,121
38.994442303786194,121
39.10014830291899,121
39.20585430205178,121
39.36656030118458,121
39.52726630031737,121
39.63297229945017,121
39.73867829858296,121
39.84438429771576,121
39.95009029684855,121
40.05579629598135,121
40.16150229511414,121
40.26720829424693,121
40.37291429337973,121
40.53362029251252,121
40.63932629164532,121
40.74503229077811,121
0.1000728384154291,122
0.1966799409280585,122
0.2835728363285826,122
0.36925992231472,122
1.8454037592898176,122
1.934244482327537,122
4.871382086087303,122
4.971832966912823,122
5.0722526968608665,122
5.117641466219263,122
5.217908280451136,122
5.263715303052502,122
5.365128046382504,122
5.412230140079098,122
5.460132057328062,122
5.508986564833956,122
5.614018904526072,122
5.665594919134216,122
5.719415685642796,122
5.777417691905336,122
5.848244445879297,122
5.974071192104654,122
6.044897946078615,122
6.170724692303972,122
8.955741705853777,122
11.988868365750657,122
15.173600210476248,122
18.85797964741475,122
21.26305869472886,122
23.765113280947844,122
23.869272594368457,122
23.97343190778907,122
24.077591221209683,122
24.181750534630297,122
24.28590984805091,122
24.390069161471523,122
24.494228474892136,122
24.59838778831275,122
24.70254710173336,122
24.80670641515397,122
24.91086572857459,122
25.0150250419952,122
25.11918435541581,122
25.278343668836428,122
25.38250298225704,122
25.48666229567765,122
25.590821609098267,122
25.69498092251888,122
25.799140235939493,122
25.903299549360103,122
26.00745886278072,122
26.111618176201333,122
26.215777489621946,122
26.31993680304256,122
26.42409611646317,122
26.528255429883785,122
26.6324147433044,122
26.73657405672501,122
26.840733370145625,122
26.94489268356624,122
27.04905199698685,122
27.153211310407464,122
27.25737062382808,122
27.36152993724869,122
27.465689250669303,122
27.56984856408992,122
27.67400787751053,122
27.778167190931143,122
27.88232650435176,122
27.98648581777237,122
28.145645131192985,122
28.249804444613595,122
28.353963758034208,122
28.51312307145482,122
28.61728238487544,122
28.721441698296047,122
28.88060101171666,122
28.98476032513728,122
29.088919638557886,122
29.1930789519785,122
29.29723826539912,122
29.40139757881973,122
29.50555689224034,122
29.609716205660952,122
29.768875519081565,122
29.87303483250217,122
29.97719414592279,122
30.081353459343404,122
30.185512772764017,122
30.28967208618463,122
30.393831399605244,122
30.497990713025857,122
30.60215002644647,122
30.706309339867083,122
30.810468653287696,122
30.91462796670831,122
31.01878728012892,122
31.122946593549536,122
31.22710590697015,122
31.33126522039076,122
0.1000728384154291,123
0.1966799409280585,123
0.291259717900147,123
0.3849010845099767,123
0.4782393280107242,123
1.6727750110139472,123
2.4638760101588337,123
2.5617739622407845,123
2.6596166651418023,123
2.7577419290941365,123
2.8556398811760872,123
2.899189642347354,123
2.943489104255076,123
2.988670848349505,123
3.034924641800661,123
3.082544901926816,123
3.132051633208678,123
3.1846238868549723,123
3.2465551513857744,123
3.3119521518193764,123
3.3773491522529784,123
3.4427461526865804,123
3.5081431531201823,123
3.5735401535537843,123
3.638937153987386,123
3.704334154420988,123
3.76973115485459,123
3.835128155288192,123
3.900525155721794,123
3.965922156155396,123
4.086319156588998,123
4.1517161570226,123
4.217113157456201,123
4.282510157889803,123
4.347907158323404,123
4.413304158757006,123
4.533701159190608,123
4.5990981596242095,123
4.664495160057811,123
4.729892160491413,123
4.795289160925014,123
4.860686161358616,123
4.981083161792218,123
5.046480162225819,123
5.166877162659421,123
5.232274163093023,123
5.2976711635266245,123
5.363068163960226,123
5.428465164393828,123
5.54886216482743,123
5.614259165261031,123
5.679656165694633,123
5.745053166128234,123
5.810450166561836,123
5.875847166995437,123
5.941244167429039,123
6.00664116786264,123
6.072038168296242,123
6.137435168729843,123
6.202832169163445,123
6.268229169597047,123
6.333626170030648,123
6.3990231704642495,123
6.464420170897851,123
6.529817171331453,123
6.595214171765054,123
6.660611172198656,123
6.726008172632257,123
6.791405173065859,123
6.85680217349946,123
6.922199173933062,123
7.042596174366664,123
7.107993174800265,123
7.173390175233867,123
7.238787175667468,123
7.30418417610107,123
7.369581176534671,123
7.434978176968273,123
7.500375177401874,123
7.565772177835476,123
7.686169178269078,123
7.75156617870268,123
7.816963179136281,123
7.882360179569883,123
7.947757180003484,123
8.013154180437086,123
8.078551180870688,123
8.14394818130429,123
8.209345181737893,123
8.274742182171495,123
8.395139182605098,123
8.4605361830387,123
8.525933183472302,123
8.591330183905905,123
8.656727184339507,123
8.72212418477311,123
8.787521185206712,123
8.852918185640315,123
8.918315186073917,123
8.98371218650752,123
0.1000728384154291,124
0.1978543042992853,124
0.2928545692555263,124
0.3843890983089676,124
0.4759236273624089,124
0.5118424386592791,124
0.6018496421721795,124
0.6889065397528031,124
0.7201926862445691,124
0.7508111750331738,124
0.7808407475796559,124
0.8667027508464673,124
1.5925226365772107,124
1.6794724171605924,124
1.7687341874090057,124
3.601139992996774,124
5.254515141769968,124
7.7020005886998995,124
7.750777967795454,124
7.798856538310371,124
10.303932231440864,124
10.355687689557396,124
10.461850118413292,124
10.512394480928505,124
10.56238883785876,124
10.666887738331877,124
10.77093587867888,124
10.819570567980133,124
10.867823392674053,124
10.915721457972849,124
11.01828827388557,124
11.058609761818968,124
11.15373513899716,124
11.248671815320574,124
11.288426660522545,124
11.328006048276745,124
11.367415927871786,124
11.406661857440792,124
13.056797136142574,124
13.097339969649637,124
13.137732849046312,124
13.232980140074812,124
13.27308596350225,124
13.313054211958969,124
13.352888569757068,124
13.392592531218847,124
13.43216940812739,124
13.526622348054968,124
13.56595435418161,124
13.605168279781662,124
13.644266851767622,124
15.881462343558391,124
15.976305984481892,124
16.016025554910026,124
16.05562405340346,124
16.095104344710432,124
16.134469155743442,124
16.1737210942057,124
16.212862652316414,124
16.306896213963352,124
16.345824067070804,124
16.43964839406284,124
16.478371300324522,124
16.51699479721459,124
16.55552082560929,124
19.08067636989029,124
21.89894919894608,124
24.59308969769976,124
28.022565880305383,124
30.33859488444358,124
32.48312711011962,124
34.49511292413298,124
36.6417572319013,124
38.37395481563495,124
38.49646454848737,124
38.56373624418018,124
38.63078072192666,124
38.69760786004551,124
38.75939432285247,124
38.8210294267413,124
38.88251761930936,124
38.94386309421772,124
39.00506981233666,124
39.066141520606806,124
39.12708176891604,124
39.18789392524669,124
39.24858118930894,124
39.30914660484496,124
39.36959307076195,124
39.429923351230215,124
39.481368489063385,124
39.53273432526159,124
39.58402209796295,124
39.635233007237055,124
39.74136821681411,124
39.79242885571094,124
39.843416019761406,124
39.89015306150668,124
39.936835674213725,124
39.98310064860003,124
0.1000728384154291,125
0.1966799409280585,125
0.291259717900147,125
0.3294010845099767,125
0.4214267333632353,125
0.5125407744325241,125
0.5889046620159563,125
0.6610746737151559,125
0.6737741855486449,125
0.7391235855921324,125
0.7502542072489079,125
0.7581624900504168,125
0.8171730143531378,125
0.816931492898256,125
0.8166586233583432,125
0.8163546010783095,125
0.8160196189583432,125
0.8706538659335267,125
0.8702575333464112,125
0.869830805533674,125
0.8693738661404852,125
0.9177054360207324,125
0.9109490264836853,125
0.9041061594780688,125
0.8971783046309058,125
0.8901668822091225,125
0.9294209515374308,125
0.9686206726055744,125
0.952766628719509,125
0.9368593932759168,125
0.920899525068343,125
0.9048875735771064,125
0.8888240752440099,125
0.8727095553349856,125
0.9115445295047168,125
0.950329502828062,125
0.9890649707686308,125
1.0277514213394523,125
1.0111393274437788,125
0.9944791568141582,125
0.9777713676612976,125
0.9610164070200328,125
0.944214718199909,125
0.9823667311739328,125
0.9654728730838896,125
0.94853356086427,125
0.9315492024343612,125
0.9145202001255156,125
0.8974469506811502,125
0.8803298415314558,125
0.863169254518688,125
0.8459655621718767,125
0.8287191351574066,125
0.8664303345304134,125
0.8490995166521671,125
0.8317270332645776,125
0.8143132270943525,125
0.7968584371429088,125
0.7793629968237283,125
0.7618272320997121,125
0.7442514689337614,125
0.7266360221129062,125
0.7089812045615318,125
0.6912873254787328,125
0.6735546866130235,125
0.6557835859876278,125
0.6379743160378339,125
0.6201271673362854,125
0.6572424245696666,125
0.6943203655701282,125
0.6763612718951109,125
0.658365413330138,125
0.6403330580961111,125
0.6222644706886413,125
0.6591599097173813,125
0.6410196365486982,125
0.6228439023416641,125
0.6596329545300605,125
0.641387043304384,125
0.6231064105104807,125
0.6047912945669296,125
0.5864419320296648,125
0.5680585557293298,125
0.5496413947712782,125
0.5311906782608631,125
0.5127066278528574,125
0.4941894652020338,125
0.4756394063752296,125
0.512056667141259,125
0.4934414623003604,125
0.4747939983081224,125
0.4561144837808015,125
0.4374031217467191,125
0.4186601133715513,125
0.399885657958329,125
0.4360799526494148,125
0.4172431917559507,125
0.3983755668323638,125
0.3794772660058143,125
0.3605484774034622,125
0.1000728384154291,126
0.1966799409280585,126
0.291259717900147,126
0.3864597581155855,126
0.4742294939733351,126
0.5618206394180743,126
0.6495002827483104,126
0.68227001860606,126
0.7698611640507991,126
0.8581074508075702,126
0.8921078520130143,126
0.9819966591046456,126
1.067052323286355,126
2.2546310014174584,126
2.345076817934334,126
2.434807125394166,126
2.470806460742772,126
2.512913563255401,126
4.000800891768591,126
5.437470616648261,126
5.488667495664496,126
5.592604449062016,126
5.69677400253771,126
5.746187506834251,126
5.79585747760273,126
5.900027031078424,126
5.949830343082314,126
6.000359565135426,126
6.1052998720102565,126
6.156496751026491,126
6.209375991225833,126
6.264809359544004,126
6.325735789305515,126
6.393593690872626,126
6.516451592439736,126
6.639309494006847,126
7.85911485384724,126
7.925307935285781,126
8.0465010164263,126
9.50258204917929,126
9.627368783760284,126
11.546850776481842,126
13.007555818367218,126
13.08196645061991,126
13.156377082872604,126
13.230787715125295,126
13.30519834737799,126
13.43460897188208,126
15.59134749155066,126
17.279623424816343,126
19.852284976605056,126
22.1398909085058,126
22.28527226307032,126
25.425294700793746,126
28.217697272975823,126
28.37104251554265,126
30.13475777604637,126
30.23421683834876,126
30.3831828392078,126
30.53214884006684,126
32.42442683655077,126
32.57994536380665,126
34.29074684102354,126
34.435120929442334,126
36.53755977505794,126
38.58612066412597,126
38.74377140413867,126
40.793399195983206,126
41.645559462312896,126
41.804572548082646,126
43.85549928204647,126
45.62564319361337,126
48.09025073267633,126
50.27771327447161,126
50.42097805599415,126
52.64274157818345,126
54.52129255395416,126
56.80507552633338,126
56.94491139933479,126
59.1091009646528,126
61.497061535244086,126
61.63611508029208,126
63.51207995784674,126
65.67600061666897,126
67.84031590743452,126
67.978965182534,126
69.85458074921627,126
71.88459290018393,126
72.02262222621239,126
73.95249015595809,126
74.08784382032464,126
74.22277046639319,126
76.43747522802187,126
78.82087627421278,126
80.98146106346971,126
81.11717670017961,126
83.39552293280352,126
83.53124319489021,126
84.99825962632033,126
85.07866959790933,126
0.1000728384154291,127
0.1911006610607661,127
0.2803451089864094,127
0.364527736485513,127
0.3926721668546517,127
0.4199573459779341,127
0.5015095087443908,127
0.5824225085531791,127
0.6632169249211868,127
0.7440113412891944,127
0.7635799317365011,127
0.7832285227929672,127
0.8505883129989227,127
0.9147257718001922,127
0.9794043811713776,127
0.989082990840586,127
0.9987616005097946,127
1.008440210179003,127
1.076341158405455,127
1.1442009496246894,127
1.910374371961268,127
3.032884805158289,127
3.111782944456252,127
3.1356810859148823,127
3.159579227373513,127
3.1834773688321434,127
3.207375510290774,127
3.223009903610261,127
3.293685448051008,127
3.309402488798412,127
3.325161370143803,127
3.34096244598976,127
3.411806075528773,127
3.4276926244353376,127
3.443622463077816,127
3.459595969573172,127
3.475613529488953,127
4.880402500436219,127
5.596151823804291,127
6.311901147172364,127
7.493022138879212,127
8.911827738091858,127
8.944477217898282,127
8.977268888310107,127
9.010206910476596,127
9.043295698866755,127
9.07653993989578,127
9.10994462172738,127
9.143515064076098,127
10.62191112215868,127
12.454903675869616,127
14.10818560297838,127
15.9462699430739,127
18.712218896734967,127
21.547783385687456,127
24.794586586890464,127
28.42483540052628,127
30.752341843629942,127
30.825118486624007,127
30.89715302959248,127
30.968541513903546,127
31.039357946458725,127
31.101263942977464,127
31.162909404912227,127
31.22430723820325,127
31.34046913028667,127
31.40140571490944,127
31.4621267084983,127
31.52264102396688,127
31.58295686644202,127
31.698081814363466,127
31.758022888647783,127
31.81778661203486,127
31.877379060299184,127
31.936805906673897,127
31.99607246057603,127
32.05518370151846,127
32.114144308933874,127
32.16691716980694,127
32.21958384305379,127
32.27214653701833,127
32.32460737006046,127
32.37696837594637,127
32.42923150881665,127
32.48139864777293,127
32.58847160111877,127
32.64045211028698,127
32.69234185348165,127
32.74414244906046,127
32.79585545867995,127
32.84748239022417,127
32.89902470053507,127
32.9504837979611,127
33.00186104473889,127
33.05315775922152,127
33.10437521796547,127
33.15551465768726,127
33.20657727709993,127
33.31256423863826,127
33.363476670081155,127
0.1000728384154291,128
0.1966799409280585,128
0.291259717900147,128
0.3844010845099767,128
0.4214267333632353,128
0.5125407744325241,128
0.5314046610272964,128
0.6035746727264961,128
0.6162741845599851,128
0.6816235846034726,128
1.3916086619846066,128
1.4105141395829162,128
2.533322834422393,128
3.660141848971649,128
3.688228026976392,128
3.771196560015484,128
3.7992235673717696,128
3.8273097453765113,128
3.849739081238909,128
3.927260159527465,128
3.949874701922341,128
3.972584485088988,128
3.995391358634039,128
4.018297244807287,128
4.041304144089623,128
4.064414140780969,128
4.087629404862924,128
4.110952199449344,128
4.189497248282238,128
4.2132749008141,128
4.237296505843802,128
4.261574576621457,128
4.28612298426549,128
4.310957183142706,128
4.3360945051662165,128
4.361554519285961,128
4.387359499012633,128
4.413535018464132,128
4.44011075144033,128
4.467121540581389,128
4.54960887787263,128
4.57762301993887,128
4.606226078247233,128
4.635496792396112,128
4.665538259794517,128
4.696491335531278,128
4.728560128261848,128
4.76206733380775,128
4.797601864685817,128
4.891602129688068,128
4.939561192890211,128
4.9875202560923535,128
5.035479319294496,128
5.083438382496639,128
5.131397445698782,128
5.179356508900924,128
5.227315572103067,128
5.27527463530521,128
5.3232336985073525,128
5.371192761709495,128
5.419151824911638,128
5.467110888113781,128
5.515069951315923,128
5.618029010494753,128
5.665988073696895,128
5.713947136899038,128
5.761906200101181,128
5.809865263303323,128
5.857824326505466,128
5.905783389707609,128
6.008742448886438,128
6.056701512088581,128
6.104660575290724,128
6.152619638492866,128
6.200578701695009,128
6.248537764897152,128
6.296496828099294,128
6.399455887278124,128
6.502414946456953,128
6.550374009659095,128
6.598333072861238,128
6.646292136063381,128
6.694251199265524,128
6.797210258444353,128
6.845169321646496,128
6.948128380825325,128
7.051087440004154,128
7.099046503206297,128
7.202005562385126,128
7.304964621563955,128
7.352923684766098,128
7.40088274796824,128
7.448841811170383,128
7.496800874372526,128
7.599759933551355,128
7.647718996753498,128
7.69567805995564,128
7.79863711913447,128
7.846596182336612,128
7.894555245538755,128
0.1000728384154291,129
0.1966799409280585,129
0.236759717900147,129
0.3304010845099767,129
0.4229267333632353,129
0.5145407744325241,129
0.6053840621026767,129
1.7325428231271518,129
1.7605399909081472,129
1.843042244261743,129
3.541479934996606,129
3.629957643395902,129
3.71892104769373,129
3.807452661043645,129
3.889674668258668,129
3.971761536842824,129
3.9988151817234767,129
4.080642248562218,129
4.107791938877345,129
4.189910286164523,129
4.216997475421668,129
4.244053703791143,129
4.326079164690019,129
4.408074048406125,129
4.489993286377431,129
4.571663570648672,129
6.685976696259023,129
8.110194397217274,129
10.639958095795157,129
10.739534121996403,129
13.68203185225153,129
16.277767879015446,129
19.52881477499628,129
23.152378283772624,129
24.889926993930324,129
25.01817573143652,129
27.396267937060404,129
27.52764681662597,129
27.655260775958343,129
27.783727862875867,129
27.90745499823611,129
31.25944684674596,129
33.69819528499664,129
33.838345067452344,129
33.989015520679395,129
36.57441753255073,129
36.72991289304439,129
37.934366475514096,129
38.09520776931569,129
40.034151203311644,129
42.49963495962378,129
42.66253362294187,129
44.21221191280522,129
46.573874170189086,129
46.71986745296616,129
49.346014007913055,129
51.92489981981467,129
52.06828883005566,129
54.69856994671753,129
57.48673621055513,129
57.636222682540016,129
57.78473261076329,129
61.02816770132835,129
61.17284379692386,129
64.02553390473167,129
66.56904404046267,129
69.48828060183757,129
69.6314351811851,129
69.77291165285892,129
72.11165322683556,129
72.25142334526868,129
72.38968819465471,129
75.23664080803887,129
77.94106382927095,129
78.07988485110467,129
78.21789393622892,129
80.38065090965958,129
80.51854001815212,129
83.24123592727993,129
83.37958120608694,129
83.51727000111983,129
86.14033154118916,129
86.27778583039297,129
88.81358891678782,129
91.43680423031893,129
93.77251831954352,129
96.61966961439023,129
96.75084209091207,129
99.36281656868005,129
99.48961199469112,129
99.61637402719995,129
99.742776196666,129
102.58762840575716,129
104.86253183847872,129
104.9950004072384,129
107.60818175985376,129
107.73452135934392,129
110.42652842416324,129
113.1933359803156,129
113.32091406001608,129
0.1000728384154291,130
0.1966799409280585,130
0.2958411715595178,130
0.3967266046224358,130
0.4975559095098026,130
0.5428847971043846,130
0.642758825807938,130
0.7316100169113964,130
0.8214645628026813,130
0.9133548978856892,130
1.6486951951078266,130
2.4493902567914816,130
2.5523566920451017,130
3.705866428106198,130
3.760763874291548,130
3.8156613204768974,130
3.870558766662249,130
3.980456208824286,130
4.086887916564116,130
6.094308694838652,130
7.951674303053984,130
8.059855839251647,130
9.920430442332396,130
12.30165342691052,130
14.329277369445874,130
14.465991162925912,130
14.547704956405951,130
14.629418749885993,130
14.711132543366032,130
14.847846336846072,130
16.084368026864492,130
16.167277428214803,130
16.250186829565113,130
16.333096230915423,130
16.4541691531158,130
17.684892570560418,130
17.768935171142527,130
17.907977771724635,130
17.992020372306744,130
18.07606297288885,130
18.21510557347096,130
20.788075140694914,130
23.33216110611248,130
23.47835179873166,130
25.970171218957727,130
28.90095419727185,130
29.03574709122232,130
30.72899770077827,130
30.86836652607567,130
32.90513586931858,130
34.95207550388886,130
36.7183686562412,130
36.86482668845104,130
38.40514926798819,130
40.454627817155256,130
40.613196217267,130
40.77176461737875,130
42.31721829191925,130
42.45681749031273,130
42.59130443406769,130
43.770447980356174,130
43.85227077529541,130
43.935839491595694,130
44.06938424022872,130
45.24733412162009,130
46.93710216411082,130
47.07282405530818,130
47.15367928774096,130
47.23467151504467,130
47.37091290421712,130
47.4505872117339,130
47.58512935296533,130
49.04471191072751,130
49.811773676773335,130
49.93943678955732,130
50.705750214427454,130
50.83349663183706,130
52.29383668597488,130
53.06183223784527,130
53.1908924644347,130
54.87562199451034,130
55.005032964219154,130
55.07956972672615,130
55.20787119371959,130
55.26978842420646,130
55.38703363640376,130
55.50328320516416,130
57.76365775121519,130
60.54303276610325,130
60.66913532107626,130
61.88970350116049,130
61.95661105602537,130
62.02347076326166,130
62.14528307705675,130
62.26631117254053,130
64.5836851635531,130
64.70309401690517,130
64.76734242975269,130
64.886301156278,130
66.33769845604454,130
0.1000728384154291,131
0.1966799409280585,131
0.3027726433651173,131
0.4183241431483163,131
0.5304099070287157,131
0.6362318560666382,131
0.7382431048443262,131
0.8350041228821222,131
0.92300593289637,131
2.754961842625374,131
2.84928656551146,131
2.888712299942011,131
2.9282411280562823,131
2.9678752254238074,131
3.061457848130697,131
3.1535591389527267,131
3.9403999354233687,131
3.9786886851777976,131
4.070883987425798,131
5.721244571684832,131
5.816802604078287,131
5.857020886569256,131
5.896921040444607,131
5.991426253645653,131
6.085745105474228,131
6.1248843017508925,131
6.218600707082981,131
7.646764235525364,131
9.48375626090073,131
12.243315415411228,131
15.187481360464329,131
17.87118573050776,131
17.989894871208275,131
18.108104681927088,131
21.001518209087266,131
23.764312401619407,131
23.88720516018841,131
23.995740643667915,131
26.408900729346016,131
26.51916717641328,131
26.628944038378933,131
29.231340945335614,131
32.12465864208711,131
32.24482131858351,131
33.058456189301,131
35.95427417737351,131
37.87006648776317,131
37.99384908716574,131
39.21649733811943,131
39.3399608674644,131
41.25599854300207,131
41.37804390992565,131
42.886876481920666,131
44.05347369000305,131
44.17592056546607,131
45.39727392076109,131
46.15834858081962,131
46.28076013913703,131
47.502068516508295,131
48.7236463225423,131
48.84642864184616,131
50.994626498675245,131
51.118232715293296,131
51.241483890599234,131
52.05804977488959,131
52.18124485789174,131
53.691188595163005,131
53.81473607550269,131
55.49331120679632,131
56.31074336471667,131
56.434690230460895,131
56.55831310641431,131
57.780798247377895,131
58.597986270816136,131
58.72187128073324,131
58.84557243826586,131
60.35598234603115,131
60.47997740491865,131
61.2973075572429,131
61.42119774288754,131
62.18339140934745,131
64.09974904711748,131
64.21915082759547,131
64.33841669126396,131
65.15100955416229,131
65.21535277389872,131
65.33446800567795,131
65.45362205295376,131
65.51307389377169,131
65.62753248451762,131
65.74188731847815,131
65.85625948993973,131
65.91553903608136,131
66.02971498905234,131
66.14391115544848,131
66.20053371651582,131
66.31206992133073,131
66.42368840290717,131
66.47965542836599,131
66.53557414426021,131
0.1000728384154291,132
0.1966799409280585,132
0.291259717900147,132
0.373545792657723,132
0.4549655139034887,132
0.535647053975453,132
0.5612315021043917,132
0.5867207094615599,132
0.6121164548730751,132
0.6924204516744514,132
0.7630919280981918,132
0.7779803059583803,132
0.8451680101042887,132
0.9089830748325488,132
0.9142709185889264,132
0.9699171816518803,132
0.9650665049029789,132
1.01521582645907,132
1.0017196752650936,132
0.9881342363132436,132
0.9744610751567682,132
1.015701703965505,132
1.0018575864432653,132
0.9879301332457264,132
0.973920711554428,132
0.9598306429161032,132
0.9456612069679696,132
0.9314136442316968,132
0.9170891570447286,132
0.9026889114229282,132
0.8882140370605787,132
0.8736656319869955,132
0.8590447616352042,132
0.8993524622692068,132
0.8845897384507855,132
0.8697575696332653,132
0.8548569066969951,132
0.8944903707651695,132
0.8791582018656929,132
0.918860635958453,132
0.9035979120580752,132
0.8883702766670187,132
0.8731779765857657,132
0.8580212642027338,132
0.8429003947003086,132
0.8278156260548433,132
0.8127672208993038,132
0.8527554443626006,132
0.8377805699182947,132
0.8228428710771998,132
0.807942625373443,132
0.7930801149977644,132
0.7782556277288397,132
0.7634694550706347,132
0.7487218931837281,132
0.7340132419539889,132
0.7743438046945532,132
0.7597138949258526,132
0.7451238262055715,132
0.7305739179773529,132
0.7160644962040981,132
0.7015958905739983,132
0.687168437294503,132
0.6727824781609972,132
0.6584383605568012,132
0.6991364343611797,132
0.6848770643173059,132
0.6706606133429607,132
0.6564874521045287,132
0.642357959650298,132
0.6282725206164916,132
0.6142315261585911,132
0.6002353748826583,132
0.5862844728453358,132
0.5723792335538467,132
0.5585200770346721,132
0.544707432627519,132
0.585941735893329,132
0.5722234335316618,132
0.5585529787985881,132
0.5449308336301049,132
0.5313574692754348,132
0.5178333662970265,132
0.5593590133412083,132
0.545934913918217,132
0.5325615762321552,132
0.5192395208923419,132
0.5059692796839674,132
0.4927513946367701,132
0.4795864208190044,132
0.4664749226121505,132
0.4534174792988499,132
0.4954146810395916,132
0.5374671325607498,132
0.5245754506958922,132
0.511740266583701,132
0.5539622262640198,132
0.541241989709278,132
0.5285802327616413,132
0.5709776461644371,132
0.1000728384154291,133
0.1867032212038117,133
0.2167413353366016,133
0.3005736391853071,133
0.3834351629618079,133
0.4112966867383086,133
0.4939423496554833,133
0.5765880125726579,133
0.6049114029498137,133
0.6340190056844344,133
0.6640571198172243,133
0.7498282513209735,133
0.8365105733159077,133
0.8661331560346377,133
0.8908048000070345,133
1.6680941905709994,133
1.6981916285934937,133
2.8821716166916382,133
2.91379596366315,133
2.947102674085189,133
2.982963510591079,133
3.0793174065533173,133
3.122317404288341,133
3.1653174020233643,133
3.208317399758388,133
3.251317397493412,133
3.294317395228435,133
3.392317400116016,133
3.490317405003597,133
3.588317409891177,133
3.631317407626201,133
3.674317405361224,133
3.717317403096248,133
3.760317400831272,133
3.803317398566295,133
3.8463173963013184,133
3.889317394036342,133
3.932317391771365,133
3.975317389506389,133
4.018317387241412,133
4.061317384976436,133
4.104317382711459,133
4.1473173804464825,133
4.190317378181506,133
4.2333173759165295,133
4.276317373651553,133
4.3193173713865765,133
4.3623173691216,133
4.460317374009181,133
4.503317371744204,133
4.546317369479228,133
4.644317374366809,133
4.687317372101832,133
4.730317369836856,133
4.773317367571879,133
4.816317365306903,133
4.859317363041926,133
4.90231736077695,133
5.0003173656645306,133
5.043317363399554,133
5.0863173611345776,133
5.129317358869601,133
5.1723173566046245,133
5.270317361492205,133
5.313317359227229,133
5.356317356962252,133
5.399317354697276,133
5.442317352432299,133
5.485317350167323,133
5.528317347902346,133
5.57131734563737,133
5.614317343372393,133
5.657317341107417,133
5.70031733884244,133
5.743317336577464,133
5.786317334312487,133
5.829317332047511,133
5.872317329782534,133
5.915317327517558,133
5.958317325252581,133
6.056317330140162,133
6.099317327875186,133
6.142317325610209,133
6.185317323345233,133
6.283317328232814,133
6.326317325967837,133
6.369317323702861,133
6.412317321437884,133
6.455317319172908,133
6.5533173240604885,133
6.596317321795512,133
6.639317319530536,133
6.682317317265559,133
6.725317315000583,133
6.768317312735606,133
6.8113173104706295,133
6.854317308205653,133
6.8973173059406765,133
6.9403173036757,133
7.038317308563281,133
0.1000728384154291,134
0.1966799409280585,134
0.3117314407112576,134
0.4267829404944566,134
0.5393344433778909,134
0.6518859462613252,134
0.6954580442780641,134
0.7378451833302168,134
0.8252687537843374,134
0.91664864959065,134
2.0573480361873298,134
3.493214630501905,134
4.238791369813123,134
4.346220933812299,134
5.500846945660749,134
5.556860570775905,134
5.612874195891061,134
5.723887816982904,134
7.17005325944964,134
9.315100685673396,134
10.992867008762994,134
11.112729669528642,134
12.79777058152914,134
12.912918368828748,134
14.35955668425895,134
16.36790094484859,134
18.73579342810262,134
21.055137235514326,134
21.175738053520824,134
23.78380954499807,134
23.906232286661727,134
27.06956548520812,134
28.5279675656404,134
28.65405827958986,134
30.11148884524598,134
31.792418810106263,134
31.91855196412048,134
32.04435026500416,134
32.16946827308277,134
32.291342576705986,134
34.98034105684702,134
37.18488342527432,134
39.20178946838858,134
40.71437065852755,134
40.84013289784733,134
42.99124956394552,134
43.06134165688216,134
43.13112960201456,134
43.25532317047169,134
45.11697199537287,134
45.18327104878827,134
45.24933840051738,134
45.36656581230744,134
46.81570884068755,134
49.9328214953249,134
51.44102545374741,134
51.50776957576201,134
51.62935352391997,134
51.69578227048096,134
51.76206048827001,134
51.882442442955686,134
53.33467469357614,134
53.40047593921843,134
53.46614417618637,134
53.53168285124938,134
53.65200639731554,134
55.10416134215023,134
57.1169050394744,134
59.38220233936289,134
61.29772834564394,134
61.42125224749246,134
63.09973411553688,134
63.85814761968665,134
63.92329708678916,134
63.98833236623672,134
64.05325600767418,134
64.118070449369,134
64.1827780253536,134
64.30234296961517,134
66.15950313833554,134
68.0724467269212,134
68.19350302745745,134
68.2594346954193,134
68.38024476205707,134
68.49993350155749,134
68.5569578426341,134
68.61396099053421,134
68.67094303839006,134
68.72790407188334,134
68.8398118073503,134
70.50683737345138,134
73.05084658213057,134
75.25051562074827,134
76.70257923154409,134
76.76828148602388,134
76.88050085692547,134
78.3245272079005,134
80.32906049876354,134
82.18521586891988,134
84.04226557487091,134
0.1000728384154291,135
0.1966799409280585,135
2.3785076613638947,135
5.43466484935473,135
9.673183527410195,135
9.793425288165338,135
9.917435907932362,135
10.044912263602184,135
10.17036129373147,135
10.294694606104182,135
10.418402102762125,135
13.182900810806112,135
15.874629526168563,135
19.407367194345927,135
19.527189666164467,135
23.08728458164249,135
23.906608394751483,135
24.03205498818837,135
24.14288953457557,135
26.96996320891392,135
27.08803394178473,135
29.510430399508344,135
32.062194999579354,135
32.183480629455374,135
33.691463490106266,135
33.812532001428984,135
36.32688259621752,135
36.44277743621139,135
39.5068237253105,135
39.61192651769274,135
39.71668509325141,135
41.77367112441316,135
44.71945497794405,135
47.83432546742774,135
47.95317763574944,135
50.15263344514042,135
50.27219859222464,135
50.39161788904016,135
52.7095035615387,135
52.82987680744192,135
52.94987066653426,135
54.40155802029729,135
56.54736830146366,135
56.66849577757903,135
57.48283175574937,135
58.64784750633005,135
58.7140377798657,135
58.83502358437521,135
58.951284802461146,135
59.05764468660402,135
61.88421233644533,135
63.88502987375307,135
63.99480328609991,135
65.20421359589147,135
67.26177427818823,135
67.3732967515831,135
67.48471832176494,135
67.59601907333183,135
69.7877188166027,135
69.8998914500122,135
71.62132556637573,135
71.73324028303671,135
73.64262182691864,135
75.49786303272761,135
75.61629069802612,135
76.37310549777574,135
76.42280979615278,135
76.52743575137681,135
79.57637903255052,135
79.62959135111994,135
79.68280515980548,135
82.73815236401386,135
83.89362869572467,135
85.33727476906604,135
85.44959020775384,135
85.50686961200661,135
85.61913323935694,135
85.73076953527159,135
87.23422226078686,135
87.35132098232792,135
87.46834822402512,135
89.61101397378886,135
89.6666471089288,135
89.72229421390736,135
89.77795533342803,135
89.83363049729311,135
89.94431974990809,135
90.05489877118313,135
90.16555494322026,135
91.37581843389714,135
93.37927502645697,135
93.4917628194257,135
93.57317134244884,135
95.01268895967448,135
97.52049168451272,135
97.57538787154996,135
97.63027261822069,135
100.38114141552292,135
101.53693043320024,135
101.64907476930463,135
0.1000728384154291,136
0.1966799409280585,136
0.3027726433651173,136
0.414295089434031,136
0.5263175355029447,136
0.6383399815718585,136
0.7503624276407721,136
0.8073848737096858,136
0.9194073197785996,136
1.0314297658475131,136
1.1354050223542562,136
1.19242746842317,136
1.2494499144920836,136
1.3510751528525982,136
1.3983680481762353,136
1.501431696899009,136
1.547148131616187,136
2.292799622397161,136
3.4549983028661506,136
4.2135424838596975,136
4.3200765406821,136
4.372278254467626,136
4.480250721652288,136
4.5349864635858586,136
4.590249008097718,136
5.340856882516375,136
5.397728661196805,136
5.509073637298945,136
5.561442062131766,136
5.613375432662371,136
5.664908587805632,136
5.716071203224066,136
5.766888853035573,136
5.8173838107508455,136
5.867575645319823,136
5.97248169022024,136
6.022117398552302,136
6.125184818975333,136
7.325701400510672,136
7.374248210213784,136
7.425257403276566,136
7.536324594042901,136
7.599323261402253,136
7.662321928761605,136
7.725320596120957,136
7.788319263480309,136
7.906317930541638,136
7.96931659790099,136
8.032315265260342,136
8.095313932619694,136
8.213312599681023,136
8.317145194731358,136
8.366116188339594,136
8.41508718194783,136
8.519058171532754,136
8.56802916514099,136
8.617000158749226,136
8.665971152357463,136
8.769942141942385,136
10.205872274808293,136
10.311064109079243,136
10.361881758890751,136
10.413414914034012,136
10.465783338866832,136
10.51915511848748,136
10.6287834680301,136
10.740094181023244,136
10.798959020398264,136
10.91831691922963,136
10.98267481835902,136
11.09230316790164,136
12.541889320932034,136
12.608646821103696,136
12.675404321275357,136
12.742161821447018,136
12.80891932161868,136
12.87567682179034,136
12.942434321962002,136
13.009191822133664,136
13.075949322305323,136
13.142706822476988,136
13.209464322648648,136
13.27622182282031,136
13.34297932299197,136
13.409736823163632,136
13.476494323335292,136
13.543251823506957,136
13.610009323678616,136
13.728301089130047,136
15.184910576663617,136
17.204410832248335,136
18.88941089423717,136
20.75879005702556,136
23.041481661834457,136
25.52833852061937,136
28.56670164721352,136
31.66058784294168,136
31.79876310374808,136
31.88718747517697,136
31.98534139735114,136
0.1000728384154291,137
0.2081928663930287,137
0.2682443661762277,137
0.3832958659594268,137
0.4953816298398261,137
0.6109331296230252,137
0.7140600961572843,137
0.7626221195764915,137
0.8653488725723829,137
0.967507978519598,137
2.401622553905645,137
3.838189622005621,137
4.988336821636358,137
5.040115659674803,137
5.147150961300532,137
5.253365380307833,137
5.304335852703253,137
5.355073725423018,137
5.460589339574972,137
5.569178239936664,137
5.624524129732546,137
5.682602738060267,137
5.747177761308641,137
5.817245846000354,137
5.887313930692067,137
5.95738201538378,137
6.027450100075494,137
6.097518184767207,137
6.16758626945892,137
6.237654354150633,137
6.3077224388423465,137
6.37779052353406,137
6.447858608225773,137
6.517926692917486,137
6.587994777609199,137
6.713062862300913,137
6.783130946992626,137
6.85319903168434,137
6.923267116376053,137
6.993335201067766,137
7.063403285759479,137
7.1334713704511925,137
7.203539455142906,137
7.3286075398346195,137
7.453675624526333,137
7.523743709218047,137
7.59381179390976,137
7.663879878601473,137
7.733947963293186,137
7.8040160479848995,137
7.874084132676613,137
7.944152217368326,137
8.014220302060039,137
8.084288386751753,137
8.154356471443467,137
8.279424556135181,137
8.349492640826895,137
8.41956072551861,137
8.544628810210323,137
8.614696894902037,137
8.684764979593751,137
8.754833064285465,137
8.82490114897718,137
8.949969233668893,137
9.020037318360608,137
9.14510540305232,137
9.270173487744035,137
9.34024157243575,137
9.465309657127465,137
9.535377741819175,137
9.605445826510891,137
9.675513911202604,137
9.74558199589432,137
9.815650080586034,137
9.885718165277748,137
10.010786249969462,137
10.080854334661176,137
10.15092241935289,137
10.220990504044604,137
10.291058588736318,137
10.361126673428032,137
10.431194758119746,137
10.50126284281146,137
10.571330927503174,137
10.641399012194888,137
10.711467096886604,137
10.781535181578317,137
10.85160326627003,137
10.976671350961745,137
11.101739435653458,137
11.171807520345173,137
11.241875605036888,137
11.3119436897286,137
11.382011774420317,137
11.452079859112027,137
11.522147943803745,137
11.592216028495455,137
11.662284113187171,137
11.732352197878884,137
11.8574202825706,137
0.1000728384154291,138
0.1966799409280585,138
0.2887597219239043,138
3.281960500885086,138
7.485483108381789,138
12.009095006988552,138
15.33462070940889,138
15.478760186813894,138
15.620917587855956,138
18.54029238945217,138
21.16588678191112,138
21.252090855952343,138
21.33887078692468,138
21.481301635641284,138
21.62448100561724,138
21.713541023525927,138
21.80367067591566,138
21.89516286467756,138
21.988534000139264,138
22.08495045591772,138
22.17983758516467,138
22.27374493660845,138
22.366088465644253,138
22.45888685357108,138
22.55218565879069,138
22.6409914734954,138
22.72816122364406,138
22.81410030844503,138
22.899052596075208,138
23.038181107540005,138
23.17660256073455,138
23.25940466652053,138
23.34165575660585,138
23.42341057190069,138
23.50258003459104,138
23.582410837124275,138
26.356600403329463,138
26.4898613894756,138
26.5680257542576,138
26.70109532947087,138
26.77907187874499,138
26.856957101279225,138
26.98308386937461,138
27.05458865117371,138
27.12650238013785,138
27.19886150725226,138
27.27170962308305,138
27.34509978540638,138
27.41909798339018,138
27.493788529745306,138
27.62428294220337,138
27.700735691757497,138
27.778375082243155,138
27.852155607534765,138
27.983490260945203,138
28.065317975798983,138
28.15597247514858,138
28.246626974498177,138
28.33728147384777,138
28.42793597319737,138
28.51859047254697,138
28.664244971896565,138
28.75489947124616,138
28.84555397059576,138
28.93620846994536,138
29.02686296929496,138
29.11751746864455,138
29.263171967994147,138
29.408826467343744,138
29.49948096669334,138
29.590135466042938,138
29.68078996539253,138
29.77144446474213,138
29.86209896409173,138
30.007753463441325,138
30.09840796279092,138
30.18906246214052,138
30.27971696149012,138
30.37037146083972,138
30.46102596018931,138
30.551680459538908,138
30.697334958888504,138
30.8429894582381,138
30.93364395758769,138
31.02429845693729,138
31.16995295628689,138
31.26060745563649,138
31.35126195498609,138
31.441916454335683,138
31.53257095368528,138
31.62322545303488,138
31.76887995238448,138
31.85953445173407,138
31.950188951083668,138
32.095843450433264,138
32.18649794978286,138
32.33215244913246,138
32.477806948482055,138
32.56846144783165,138
32.65911594718125,138
0.1000728384154291,139
0.1966799409280585,139
0.291259717900147,139
0.3844010845099767,139
0.4219267333632353,139
0.5135407744325241,139
0.5499507055292117,139
0.5861645330601328,139
0.6221896589511398,139
0.6580329466212923,139
0.6937007776923885,139
0.7841991010051063,139
0.8128105356287053,139
0.8413248817365458,139
0.9246505211036494,139
1.007976160470753,139
1.036587595094352,139
1.1202980420481254,139
1.151567868043094,139
1.237837693740039,139
2.8835730767737915,139
4.021042487670092,139
5.6729488587867305,139
5.707589699972777,139
5.742565597493558,139
5.7779006204496905,139
5.813622578133254,139
5.849763943899779,139
5.886363144118695,139
5.978466372091679,139
6.016130182046799,139
6.0544254622351215,139
6.093443649907021,139
6.133307217706351,139
6.229188784111647,139
6.326350017536788,139
6.425235449422507,139
6.471774022180943,139
6.524332459170728,139
6.582383955914883,139
6.695435459811597,139
6.7534869565557525,139
6.811538453299908,139
6.869589950044064,139
6.9826414539407775,139
7.095692957837491,139
7.153744454581647,139
7.26679595847836,139
7.324847455222516,139
7.382898951966672,139
7.440950448710828,139
7.499001945454983,139
7.557053442199139,139
7.615104938943295,139
7.673156435687451,139
7.731207932431607,139
7.789259429175763,139
7.847310925919919,139
7.905362422664075,139
7.9634139194082305,139
8.021465416152386,139
8.079516912896542,139
8.137568409640698,139
8.195619906384854,139
8.25367140312901,139
8.311722899873166,139
10.03843286176434,139
11.713476921517758,139
13.78367211957684,139
16.42906997725518,139
18.816062632768407,139
21.206402627763165,139
23.837499970170352,139
27.322274114603463,139
29.367093556746088,139
29.5210028498334,139
29.675096950198704,139
29.77419105056401,139
29.92828515092932,139
30.027379251294622,139
30.12647335165993,139
30.225567452025235,139
30.32466155239054,139
30.423755652755847,139
30.52284975312116,139
30.62194385348646,139
30.721037953851766,139
30.82013205421708,139
30.91922615458238,139
31.018320254947685,139
31.11741435531299,139
31.21650845567829,139
31.315602556043604,139
31.41469665640891,139
31.513790756774217,139
31.612884857139523,139
31.76697895750483,139
31.86607305787013,139
31.96516715823544,139
32.064261258600744,139
0.1000728384154291,140
0.1966799409280585,140
0.291259717900147,140
0.3814290511067809,140
0.4172835906718166,140
0.5062004664050721,140
0.5398693574326308,140
0.5733019840359367,140
0.6610862215226999,140
0.6868086165182761,140
0.7122241667819708,140
0.7373506191912214,140
0.8131195628145269,140
0.8340599518052256,140
0.8551778742382089,140
0.9314798665368058,140
0.9529729648995036,140
1.0292749571981006,140
1.105966757204046,140
1.1819598555667437,140
1.203651655572689,140
1.2796447539353868,140
1.3015434800221464,140
1.3238836691446343,140
1.401708107397072,140
1.4785482965195602,140
1.4920681718192137,140
1.561124274770635,140
1.5757810992812673,140
1.591120801466928,140
1.662251623678663,140
1.7343227070479128,140
1.807552798487449,140
1.8272942942863504,140
1.8492123804415408,140
1.9183292571212576,140
1.935500785311632,140
1.9596037842090648,140
1.9837067831064987,140
2.007809782003932,140
2.086912782465987,140
2.1110157813634203,140
2.1351187802608536,140
2.159221779158287,140
2.18332477805572,140
2.2074277769531534,140
2.2315307758505867,140
2.25563377474802,140
2.334736775210075,140
2.3588397741075084,140
2.3829427730049417,140
2.407045771902375,140
2.4311487707998083,140
2.4552517696972416,140
2.5343547701592968,140
2.55845776905673,140
2.6375607695187853,140
2.6616637684162185,140
2.685766767313652,140
2.709869766211085,140
2.7339727651085184,140
2.758075764005952,140
2.782178762903385,140
2.8062817618008182,140
2.8303847606982515,140
2.854487759595685,140
2.878590758493118,140
2.902693757390552,140
2.9267967562879846,140
2.950899755185418,140
2.975002754082851,140
2.9991057529802845,140
3.0232087518777178,140
3.102311752339773,140
3.181414752801828,140
3.205517751699261,140
3.2296207505966947,140
3.253723749494128,140
3.2778267483915613,140
3.3569297488536165,140
3.38103274775105,140
3.405135746648483,140
3.4292387455459163,140
3.4533417444433496,140
3.477444743340783,140
3.501547742238216,140
3.525650741135649,140
3.6047537415977047,140
3.628856740495138,140
3.6529597393925712,140
3.677062738290005,140
3.701165737187438,140
3.725268736084871,140
3.749371734982304,140
3.7734747338797376,140
3.852577734341793,140
3.876680733239226,140
3.9007837321366594,140
3.9248867310340927,140
3.948989729931526,140
0.1000728384154291,141
0.1966799409280585,141
0.236259717900147,141
0.3294010845099767,141
0.3674189880568545,141
0.460316403845837,141
0.5394783703689463,141
0.5626429697014566,141
0.5816719196899159,141
0.653511985680842,141
0.7261077595179333,141
0.741159316982576,141
0.7565335670529065,141
0.7722527814806719,141
0.8429719959084372,141
0.912561744887052,141
1.6264458601061682,141
1.647771679300485,141
1.722871594566522,141
1.7978377495591025,141
2.572046950895009,141
2.652263641792951,141
3.78218376680058,141
4.916600823837934,141
5.007285140890298,141
5.096621141273198,141
6.930705890495,141
7.030472845274625,141
7.135206059056936,141
7.235774726111112,141
10.126993865210231,141
10.240416974264798,141
13.153398484427152,141
16.000703543860133,141
19.707611070303045,141
21.59713668847043,141
21.749902837409763,141
24.99763787281644,141
26.7645697395706,141
26.92206369389066,141
28.466472472229704,141
29.263037777394413,141
29.36645590199917,141
29.469874026603936,141
29.573292151208697,141
29.73171027581346,141
29.83512840041822,141
29.938546525022986,141
30.041964649627744,141
30.145382774232505,141
30.248800898837267,141
30.35221902344203,141
30.51063714804679,141
30.61405527265155,141
30.71747339725632,141
30.820891521861075,141
30.97930964646584,141
32.23678780187136,141
33.034094295851915,141
33.13825360927253,141
33.24241292269315,141
33.346572236113765,141
33.45073154953438,141
33.554890862955,141
33.659050176375615,141
33.76320948979623,141
33.86736880321685,141
33.971528116637465,141
34.07568743005808,141
34.1798467434787,141
34.284006056899315,141
34.44316537031993,141
34.54732468374055,141
34.651483997161165,141
34.75564331058178,141
34.9148026240024,141
35.018961937423015,141
35.12312125084363,141
35.22728056426425,141
35.331439877684865,141
35.43559919110548,141
35.5397585045261,141
35.643917817946715,141
35.80307713136733,141
35.90723644478795,141
36.011395758208565,141
36.11555507162918,141
36.2197143850498,141
36.323873698470415,141
36.42803301189103,141
36.58719232531165,141
36.69135163873226,141
36.79551095215288,141
36.8996702655735,141
37.058829578994114,141
37.21798889241473,141
37.32214820583535,141
37.42630751925597,141
37.53046683267658,141
37.6346261460972,141
0.1000728384154291,142
0.1966799409280585,142
0.291259717900147,142
0.3844010845099767,142
0.4214267333632353,142
0.5125407744325241,142
0.5890858266628822,142
1.7684036586559853,142
1.848806032923564,142
2.9758373592175085,142
3.758916219663636,142
4.892227588139754,142
4.927763874088405,142
5.017759788929409,142
5.107471266898402,142
5.194095874342212,142
6.615054989370593,142
8.500146770986804,142
9.981560016187917,142
10.076487550648936,142
10.171381073209533,142
10.26629157564331,142
12.509277301046142,142
12.609848389539012,142
15.28111113062788,142
18.282579789075143,142
21.53997924987981,142
24.757342659972053,142
26.494097062725075,142
28.41420950263152,142
28.5427313448955,142
28.670992905349703,142
30.692014690965426,142
30.822168344579808,142
32.89934896617615,142
35.59865649919736,142
35.726700406473455,142
35.85451438818334,142
35.98194981078455,142
39.291627833102254,142
41.91075079321132,142
42.04375237263934,142
44.25771770363782,142
44.39114709719383,142
46.13485653184227,142
46.26816508852102,142
48.968351305789504,142
49.102392017151125,142
51.028718323844345,142
53.36148857275566,142
53.496849826263606,142
53.63203322244263,142
55.84736835032205,142
58.46901657311936,142
61.00450174976906,142
61.14149136187293,142
61.27769725040177,142
63.49410667893829,142
66.02990714131744,142
66.16792430801576,142
66.30605601716806,142
66.43796357061943,142
68.768269055358,142
70.84700199612399,142
70.96850397833606,142
71.08949063369056,142
73.40880463668128,142
73.53027854510566,142
75.5433805997016,142
75.66058520623466,142
78.48744754143974,142
78.60537115880271,142
80.74882022687217,142
82.47785965749046,142
82.59734023013135,142
82.71666184463521,142
84.7277042011263,142
84.84725985326787,142
86.57671079435369,142
86.64165569492599,142
86.76153337606212,142
86.88134473958036,142
87.00105823227187,142
87.11961608775874,142
87.2378448287489,142
89.09355628886243,142
89.21242943056842,142
90.7180197502019,142
90.83718205639144,142
90.95531908818504,142
92.11736003705283,142
92.23570572235604,142
92.35400896915218,142
93.80403464683314,142
93.92271290370246,142
95.9330175931098,142
96.05199564644118,142
97.9632970208766,142
98.08275875099918,142
100.2828727627637,142
0.1000728384154291,143
0.1966799409280585,143
0.291259717900147,143
0.3317511026562054,143
0.4283582051688347,143
0.5259271671447014,143
0.6138039801931039,143
0.709600382148695,143
0.8105937085482766,143
0.8969631561940941,143
0.9367095457632606,143
1.018003863613548,143
1.0467999682681206,143
1.077623398463234,143
1.1119125645611472,143
1.14966746656186,143
1.1874223685625729,143
1.2251772705632855,143
1.2629321725639986,143
1.3006870745647114,143
1.3384419765654243,143
1.3761968785661371,143
1.41395178056685,143
1.4517066825675629,143
1.4894615845682757,143
1.5272164865689886,143
1.5649713885697014,143
1.6027262905704145,143
1.6404811925711271,143
1.67823609457184,143
1.7159909965725528,143
1.7537458985732657,143
1.8465008005739785,143
1.8842557025746915,143
1.977010604575404,143
2.0112997706733173,143
2.0435616112306896,143
2.074385041425803,143
2.1040927538643457,143
2.132888858518918,143
2.1609142097743543,143
2.188271904066668,143
2.2150406831807,143
2.2412826597164424,143
2.267048085353163,143
2.292378454104936,143
2.3173086093183413,143
2.3418682246709777,143
2.36608287566618,143
2.389974834055693,143
2.413563669336125,143
2.4368667125473573,143
2.514899419652238,143
2.537675660285181,143
2.5602079500972765,143
2.579392900427841,143
2.5985778507584065,143
2.6089586554289723,143
2.619895588275089,143
2.6314583368359763,143
2.643736589615066,143
2.656850112817473,143
2.67096698949719,143
2.686340438318312,143
2.703396248322539,143
2.7780061864455967,143
2.8031091860119948,143
2.828212185578393,143
2.853315185144791,143
2.878418184711189,143
2.903521184277587,143
2.928624183843985,143
2.953727183410383,143
2.978830182976781,143
3.003933182543179,143
3.0840361821095774,143
3.1091391816759755,143
3.1892421812423737,143
3.214345180808772,143
3.23944818037517,143
3.264551179941568,143
3.283407242677551,143
3.3449930065579503,143
2.33449994511461,143
0.1000728384154291,144
0.1966799409280585,144
0.291259717900147,144
0.3317511026562054,144
0.4270463838464973,144
0.4674387554660747,144
0.4939507401354127,144
0.5699027634031586,144
0.6414679369695,144
0.6563493485368304,144
0.6728209375209622,144
0.7411951838798336,144
0.7513258239991478,144
0.7575112284898273,144
0.8131347523807995,144
0.8608497718154899,144
-0.1608794590652473,144
0.1000728384154291,145
0.1872032212038117,145
0.2727413353366016,145
0.3540736389202236,145
0.4344351616543888,145
0.4604721971643328,145
1.2365109034669757,145
2.3659111567628743,145
2.450993784595764,145
2.481620541666186,145
2.566029085670149,145
3.702045382794773,145
3.736977062680956,145
4.521725343846628,145
5.999577092313119,145
6.0905849433773245,145
6.17744615145857,145
6.263364965402433,145
6.294664258443662,145
6.325846815788099,145
6.356915301018306,145
6.442763155632564,145
6.473557347738096,145
6.504298443281003,145
6.589934999429532,145
6.676395098053762,145
6.707804264807054,145
6.739163013481447,145
6.77047184326584,145
7.54567262747223,145
8.674584599518129,145
8.759659180723974,145
8.790119074591347,145
8.820547817581245,145
8.850945599683472,145
8.936266810008236,145
8.966603240304538,145
9.051954938405103,145
9.077741811358282,145
9.10355954834158,145
9.129408341207451,145
9.21028837964768,145
9.236199869149276,145
9.262143004991955,145
9.2881179883414,145
9.309803691067644,145
9.331521651082584,145
9.35327207886512,145
9.43005518459613,145
9.50672483288581,145
9.52842663817937,145
9.550160806932398,145
10.263399105825371,145
10.979909044065424,145
11.057689946451136,145
11.081036210366436,145
11.104448700630018,145
11.127928305723616,145
11.151475938343356,145
11.175092537262389,145
11.198779067330904,145
11.22253652133877,145
11.246365918152875,145
11.268739991196345,145
11.291207176008172,145
11.313769240238615,145
11.390588265218684,145
12.859868984975764,145
12.883958664097737,145
12.90818374820883,145
12.932548005440184,145
12.957055421852418,145
12.98171021819944,145
13.0615833851778,145
13.086684907161542,145
13.112025708266446,145
13.192617819019503,145
13.273474537142464,145
13.354610659488388,145
13.381042728506872,145
13.407789366626092,145
13.434871701829978,145
13.506543545358726,145
14.632101206415244,145
16.050790457361288,145
16.13797692053849,145
16.171700725638217,145
16.20597195469672,145
16.240857990764923,145
16.276445174896068,145
16.31284811564619,145
16.35022635974819,145
16.38881741308505,145
16.42901300483281,145
16.47158571549589,145
16.553976888143367,145
17.285247320615596,145
17.380175629937,145
17.42295666255886,145
17.47306937941248,145
0.1000728384154291,146
0.1971799409280585,146
2.497552695348115,146
2.598729413394402,146
2.6434958901670216,146
2.742163627128076,146
2.781306105385493,146
2.8746859605414383,146
2.9674042562944405,146
3.059538389275741,146
3.0965226951045506,146
3.133361535797786,146
3.2250070299012177,146
4.928634616265963,146
7.430802253136988,146
7.467293084661121,146
7.503566806266661,146
7.53963245550787,146
7.628624782959576,146
7.717461661497707,146
7.751147774110193,146
7.784687534968014,146
7.818085105220432,146
7.851344418774004,146
7.936498475323076,146
7.966532041380758,146
7.996447955320234,146
8.026248921702262,146
8.055937525878306,146
9.933094617972728,146
11.352516410003062,146
13.587671038756724,146
15.713741829690589,146
17.55466040555291,146
19.910086018302504,146
22.45147805925468,146
25.07618357007913,146
27.77794991068033,146
31.02304786344635,146
31.081363831820223,146
31.139422705620905,146
31.19723706038664,146
31.254818298571948,146
31.30563456468962,146
31.35628586739152,146
31.46177747588088,146
31.51211433314004,146
31.617301085317912,146
31.667342107690388,146
31.71724152767893,146
31.76700324533278,146
31.81663095161474,146
31.866128144777186,146
31.91549814507144,146
31.96474410799717,146
32.013869036268645,146
32.11787579064945,146
32.22176709978639,146
32.32554556915551,146
32.42921368921819,146
32.477773842872715,146
32.5812283122757,146
32.684579285098614,146
32.732828860276776,146
32.78097905330115,146
32.829031801097585,146
32.87698896653291,146
32.97985234258289,146
33.08262365619314,146
33.185321397451624,146
33.285356269735495,146
33.33033046835703,146
33.372299494141735,146
33.41421989717698,146
33.456092145746915,146
33.49791669920162,146
33.53969400821033,146
33.58142451500525,146
33.62310865361624,146
33.66474685009696,146
33.70633952274272,146
33.743933012509736,146
33.836486701071564,146
33.87400090275492,146
33.911475926960655,146
33.94891207827865,146
33.986309656599175,146
34.02366895722079,146
34.06099027095504,146
34.09827388422792,146
34.13552007917837,146
34.17272913375377,146
34.209901321802704,146
34.247036913164926,146
34.28413617375877,146
34.37619936566599,146
34.413226747214225,146
34.444690305646255,146
34.47612512201373,146
34.507531360594015,146
0.1000728384154291,147
0.1971799409280585,147
0.237259717900147,147
0.3309010845099767,147
0.4234267333632353,147
0.515040774432524,147
0.6058840621026766,147
0.6960596928097066,147
0.7306464083384546,147
0.7647063212889135,147
0.8532896833403507,147
0.9414379885068398,147
1.6694028949528177,147
1.7588144936392374,147
1.848815746933086,147
2.984866446085836,147
3.07691190519751,147
4.214699703968903,147
6.204210981186948,147
7.636088906537704,147
7.736338217464089,147
7.781406102591776,147
7.878989581341797,147
7.971883956666046,147
8.009240333313995,147
8.101367350990825,147
8.142820876997042,147
8.239226371894231,147
8.280584292693213,147
8.376895087789897,147
8.473159197206602,147
8.514377052824447,147
9.294570132977723,147
9.381516840859955,147
10.5114436415878,147
11.237220552369662,147
11.269789241805382,147
11.302297637417622,147
11.334746458187407,147
11.36713640819461,147
12.785795737608977,147
12.8731027660814,147
12.960279916032858,147
14.602997992738793,147
16.43165180514724,147
16.46844639311702,147
16.56014315466554,147
16.596743979111025,147
16.63325066547067,147
16.66966495345504,147
16.705988519444773,147
16.742222980215857,147
17.519787028982947,147
18.993492320731,147
19.025876682802743,147
19.058234658643315,147
19.09056638981373,147
19.122872010424445,147
19.2101516505626,147
19.24244426618488,147
19.27474988679559,147
19.30706854592235,147
19.339400277092764,147
19.37174511383445,147
19.40410308967502,147
19.436474241867373,147
19.468858603939125,147
19.49824883843929,147
19.527659033044884,147
19.61200958918006,147
21.43750471304328,147
21.471280448689768,147
21.49711180160911,147
21.52297014425666,147
21.548855623781392,147
21.574768389194915,147
22.28934356066556,147
23.006323481529662,147
23.031267701267907,147
23.05624666865141,147
23.081260625824044,147
23.106309818654964,147
23.131394496738626,147
23.156514915257404,147
23.18167133125634,147
23.261864008933017,147
23.28709320592852,147
23.312359195753643,147
23.392662253781864,147
23.47289145420463,147
24.88826716373832,147
26.018425111278603,147
26.744635645851204,147
27.933355514511177,147
27.968548574104616,147
28.05882859285147,147
28.14919710959465,147
28.18465571905644,147
28.21600979994209,147
28.24743133465917,147
0.1000728384154291,148
0.2081928663930287,148
0.3232443661762277,148
0.4382958659594268,148
0.5429501580342267,148
0.6430464455506342,148
1.7882391391113128,148
3.223033828105631,148
4.659544814349475,148
5.809282775159566,148
7.471926678682657,148
9.725996843976306,148
11.22486671163612,148
13.07535664921912,148
13.126343652448146,148
13.176803853098882,148
13.281787502850596,148
13.33133609571736,148
13.38048447504576,148
13.42926231451339,148
13.477695189623583,148
13.52580537212809,148
13.573612431523514,148
13.67613369884974,148
13.723384630069612,148
13.770379094817548,148
13.872129608744636,148
13.91864752259355,148
13.96494317762961,148
14.066026034593577,148
14.111904781584942,148
14.15758742501054,148
14.203081366796225,148
14.248393470361057,148
14.287499742605394,148
14.32647482669865,148
14.365322076887043,148
14.404044680160228,148
14.44264566845771,148
14.481127929715688,148
14.51949421788876,148
14.557747162062771,148
14.650889274759498,148
14.688922959520864,148
14.775385006202216,148
14.806758697170755,148
14.838045566699748,148
14.86924709668618,148
14.9003647192878,148
14.931399819386064,148
14.962353736889089,148
14.993227768887436,148
15.024023171674251,148
15.05474116264033,148
15.085382922053542,148
15.11594959473142,148
15.146442291614711,148
15.176862091249191,148
15.207210041182254,148
15.237487159280407,148
15.267694434973112,148
15.297832830428096,148
15.327903281662772,148
15.357906699596048,148
15.38784397104448,148
15.4727159596664,148
15.502523506857358,148
15.587267432599994,148
15.671948536271191,148
16.78939960801039,148
16.80819352620278,148
17.522005281383137,148
17.542631235877018,148
17.56321883291934,148
17.583768366808037,148
17.65928012781773,148
18.37289620094929,148
18.39332795605992,148
18.413722810307483,148
18.43408103377555,148
18.45440289468501,148
19.229774559624165,148
20.64704860824559,148
21.42781093141275,148
21.460395647962585,148
21.492950122484743,148
21.58047453679612,148
21.61296907054048,148
21.64543390122718,148
21.73286920426901,148
21.7652751530191,148
21.797651918806967,148
21.82999967097377,148
21.86231857690672,148
22.58230830114901,148
23.30424488094916,148
23.388010594687948,148
23.41675273459712,148
23.4454714113004,148
23.47416673438812,148
0.1000728384154291,149
0.1966799409280585,149
0.291259717900147,149
0.3867511026562054,149
0.4820463838464973,149
0.5774387554660748,149
0.6589507401354128,149
0.7386527629666628,149
0.8232603657012835,149
0.907331740784136,149
0.9909188667370392,149
1.0195059926899424,149
1.1030931186428454,149
1.1316802445957486,149
1.1602673705486517,149
1.1888544965015548,149
1.217441622454458,149
1.3008031462309586,149
1.3293902721838615,149
1.3582136625610175,149
1.4420370529381732,149
1.4716446556727938,149
1.5021827698055836,149
1.5888650918005178,149
1.6770336714127916,149
1.7108147714773076,149
1.7498031419256586,149
1.838387363825168,149
1.926355869744148,149
1.961878505770292,149
2.059253436748113,149
2.151135307971563,149
2.240463045660581,149
2.281756521979523,149
2.3743403115748176,149
2.4717495056503305,149
2.5245559074342423,149
2.577362309218154,149
2.6817029750992663,149
2.734509376883178,149
2.78731577866709,149
2.8401221804510017,149
2.8929285822349136,149
3.000734984018825,149
3.108541385802737,149
3.1613477875866494,149
3.214154189370561,149
3.321960591154473,149
3.417777516574393,149
3.458415679026705,149
3.5059853132846164,149
3.553554947542528,149
3.601124581800439,149
3.7036942160583504,149
3.7501532799459465,149
3.796612343833543,149
3.899559511885739,149
4.002506679937936,149
4.051813083783484,149
4.1441300093091495,149
4.194684571669198,149
4.301390572533704,149
4.409163019702531,149
4.461935463444091,149
4.514707907185651,149
4.622480354354478,149
4.675252798096038,149
4.728025241837598,149
4.780797685579158,149
4.833570129320718,149
4.941342576489545,149
4.996240022674895,149
5.0511374688602455,149
5.106034915045596,149
5.212466622785426,149
6.65862193246255,149
7.413438881830073,149
8.169899727300502,149
8.927865053609706,149
8.992683242157794,149
9.098961177364684,149
9.852818551555968,149
9.97402178038726,149
10.082029732958176,149
11.296801361337996,149
11.417325924233294,149
11.482850487426616,149
11.548375050619937,149
11.613899613813258,149
11.724694627419806,149
12.89079167236457,149
13.013276423410272,149
13.080761174754,149
13.148245926097728,149
13.215730677441456,149
13.283215428785182,149
13.350700180128907,149
13.4662534623302,149
15.61831063319812,149
17.30267113734851,149
0.1000728384154291,150
0.1971799409280585,150
0.292259717900147,150
0.3309010845099767,150
0.4234267333632353,150
0.515040774432524,150
0.6058840621026766,150
0.6960596928097066,150
0.7856464083384546,150
0.8747063212889135,150
0.9632896833403508,150
2.386691411929112,150
2.478322228498961,150
2.566517992027308,150
2.6543135401683102,150
4.692331289954687,150
4.78412170530131,150
6.959080411203409,150
7.0542515721993695,150
9.7403103318887,150
12.743088874773402,150
12.854979738580765,150
15.80670817060954,150
18.704594983249315,150
20.77095390448285,150
21.990005459991416,150
22.109990426818616,150
22.229478610582035,150
22.348514939637266,150
22.46709683193832,150
23.97233364504796,150
24.090930584464715,150
26.00200533247737,150
26.121075807126,150
26.239912906081766,150
28.151253252101725,150
28.27057241502176,150
29.99987976956937,150
30.11946775210141,150
31.849063296521177,150
31.96899636572343,150
33.88141677811028,150
34.001829774177864,150
36.20259758037838,150
37.42271378892491,150
38.23741099237552,150
38.35873615213345,150
39.57886462754188,150
41.08698683034882,150
43.00113148617044,150
43.12334993721188,150
44.63220257212775,150
44.754557102937085,150
44.87670318038781,150
44.998636987814606,150
46.21940890824662,150
48.07889888206172,150
49.24544620774648,150
49.36825856932596,150
49.49090174631149,150
51.00014166807232,150
51.122910752946,150
51.24553063756046,150
52.46695529962556,150
54.38203872786688,150
54.505216799782254,150
54.628253120809966,150
54.75113590047142,150
56.483854819943225,150
58.55366512030916,150
58.677456391783984,150
58.79502708612789,150
58.91248447306322,150
60.57589251406359,150
61.32321984179186,150
61.432343369795554,150
63.488697177244894,150
63.59910582609343,150
63.70943604268002,150
66.06851731099056,150
66.1799450651543,150
67.84633894123004,150
67.9582504392402,150
69.86298302419351,150
71.71330753572153,150
71.82682561732696,150
71.94027326859401,150
74.45713890179981,150
76.77435084139672,150
78.68673840236407,150
78.80732470531018,150
78.92783460784352,150
80.43502882590818,150
82.1108623635338,150
82.23222192124325,150
82.35351142758218,150
84.36639861964912,150
84.48831168763611,150
85.65410077379599,150
85.77620426360453,150
0.1000728384154291,151
0.1966799409280585,151
0.2887597219239043,151
0.379401093829708,151
0.4694267423044013,151
0.5585407824407386,151
0.6468840749154853,151
2.939936032999592,151
3.035258522738056,151
6.081755867708759,151
9.507617941607077,151
13.464090121648606,151
16.158008891132106,151
16.28679278440305,151
19.18937590323781,151
21.26497937383998,151
24.392007318879383,151
24.522360818440085,151
27.292629334480644,151
27.42310210804509,151
27.55285118738131,151
30.45634860914228,151
30.578528193857053,151
30.7003503572577,151
30.821794424059675,151
33.42954341938013,151
33.55202979339605,151
36.073562814282695,151
38.39523387280735,151
38.51533486471492,151
40.582201720743576,151
40.64802363694564,151
40.76871430090333,151
40.83427707009943,151
40.95470322975346,151
42.46183748717103,151
44.72596653602677,151
46.58526813261376,151
48.78809981366855,151
50.80307865202686,151
50.92290621127997,151
53.38697344688252,151
55.11808865874166,151
57.03213206712948,151
57.1542207213699,151
59.57992770445605,151
61.08964459441501,151
61.21286060422337,151
62.945948901668416,151
65.41355355615639,151
67.84173480655922,151
67.9654205868461,151
68.0889563733252,151
70.41055392669931,151
70.53482951143323,151
70.65897100508603,151
73.26911276799915,151
75.88028951434771,151
78.84120391253997,151
81.86067330217477,151
81.98960178257002,151
84.06371264882046,151
86.38975796542827,151
86.51845472050502,151
88.84496969469026,151
90.76638419159252,151
90.89592419612008,151
93.51119534800344,151
93.64146472991877,151
93.77160927011576,151
95.98168338224404,151
98.5980012483864,151
98.729309550199,151
101.05839581089135,151
101.19021950940204,151
101.32196036242894,151
104.39930144324848,151
104.53209943155088,151
107.55630534089916,151
107.69000629180636,151
110.5325373145046,151
112.9700626054244,151
115.50340418346887,151
115.63875364511136,151
115.7739881455389,151
118.68258415300294,151
118.81849895928082,151
118.9520125009671,151
121.48396027913653,151
121.61789319734226,151
123.69802000015255,151
123.8321027014094,151
123.96604711759711,151
126.93403845803935,151
127.06874211778502,151
127.20333723017794,151
128.43663202836254,151
128.57124251597878,151
131.10424460518934,151
131.23922980580727,151
0.1000728384154291,152
0.1966799409280585,152
0.291259717900147,152
0.3864597581155855,152
0.481456888577918,152
0.576060114650985,152
0.6700912889681632,152
0.708609192515041,152
0.8016616439465887,152
0.881787065232218,152
2.299952987397135,152
3.7768226897363073,152
4.5539426838998205,152
5.973842982018412,152
7.107096079552592,152
9.227531317437112,152
9.32270781304878,152
9.41707965340656,152
9.51093822326702,152
10.298896189594686,152
10.393137257361827,152
11.820591967368545,152
11.91638005878967,152
12.651152025723874,152
12.747647989356937,152
12.843602340484082,152
14.33236159560192,152
15.764347093076587,152
16.55874665257442,152
16.65983619716871,152
16.760675692827583,152
16.861365022034526,152
18.573345841736675,152
18.675339722902656,152
18.77680280235517,152
19.571870410711647,152
21.62300428179013,152
24.296623313696266,152
24.40485803213823,152
25.900161901385665,152
28.447015262693068,152
31.076912408103727,152
31.19692167223713,152
31.31699317783817,152
32.07579260260193,152
32.195904055194326,152
32.95470364767715,152
33.074838193574614,152
35.83685065651893,152
35.905127870870295,152
36.028503902667254,152
36.79073742847259,152
36.91420047784703,152
38.36997041609232,152
40.38682013335375,152
41.15146003617637,152
41.27816944000649,152
41.40510534263274,152
42.86420690596541,152
42.93720970026117,152
43.06456482429596,152
45.13907537817569,152
47.69975365637417,152
47.83047251384626,152
49.29312134670621,152
49.3695160871203,152
49.44595142315659,152
49.522427687115815,152
49.59894521678382,152
49.72948709387639,152
51.751891912186906,152
53.4934120626579,152
53.57039328715821,152
53.64727549852204,152
53.77906061945659,152
53.85587493943646,152
53.93258552125536,152
54.00919447355919,152
54.14070382097555,152
56.06475421834861,152
56.19688827088077,152
57.372981931283526,152
57.50542491511368,152
57.63768947625696,152
59.10181791973383,152
59.234718353775406,152
59.36740400222648,152
60.53641096562262,152
62.048948354501874,152
62.17522135238094,152
62.94042878696338,152
63.012986560903606,152
63.1392540834696,152
63.90425926881182,152
63.97639313517343,152
64.04881897636749,152
64.12155490543007,152
64.24962143223834,152
64.37616171706576,152
65.83486223821464,152
0.1000728384154291,153
0.2088774013682131,153
0.3176819643209972,153
0.4264865272737813,153
0.5352910902265654,153
0.6440956531793495,153
0.6979002161321335,153
0.7517047790849176,153
0.8605093420377017,153
0.9143139049904858,153
0.96811846794327,153
1.0673806058016608,153
1.1617972430096488,153
1.205009368481615,153
1.2482214939535812,153
1.2914336194255474,153
1.3346457448975135,153
1.3778578703694797,153
1.421069995841446,153
1.464282121313412,153
1.5074942467853782,153
1.6057063722573446,153
1.6489184977293108,153
1.692130623201277,153
1.7353427486732431,153
1.7785548741452093,153
1.821766999617176,153
1.9199791250891416,153
1.963191250561108,153
2.006403376033074,153
2.0496155015050403,153
2.0928276269770065,153
2.1360397524489727,153
2.179251877920939,153
2.222464003392905,153
2.2656761288648712,153
2.3088882543368374,153
2.352100379808804,153
2.3953125052807698,153
2.493524630752736,153
2.5367367562247023,153
2.5799488816966685,153
2.6231610071686347,153
2.666373132640601,153
2.709585258112567,153
2.752797383584533,153
2.7960095090565,153
2.8942216345284657,153
2.992433760000432,153
3.035645885472398,153
3.0788580109443644,153
3.1220701364163306,153
3.1652822618882968,153
3.208494387360263,153
3.251706512832229,153
3.3499186383041955,153
3.3931307637761616,153
3.436342889248128,153
3.479555014720094,153
3.52276714019206,153
3.5659792656640263,153
3.609191391135993,153
3.7008829166946793,153
3.738137818695392,153
3.827045381214574,153
3.912493881431375,153
3.942942381648176,153
3.973390881864977,153
4.003839382081778,153
4.034287882298579,153
4.11973638251538,153
4.150184882732181,153
4.180633382948982,153
4.211081883165783,153
4.241530383382584,153
4.2719788835993855,153
4.357427383816186,153
4.387875884032988,153
4.418324384249789,153
4.44877288446659,153
4.479221384683391,153
4.509669884900192,153
4.595118385116993,153
4.625566885333794,153
4.656015385550595,153
4.686463885767396,153
4.716912385984197,153
4.747360886200998,153
4.7778093864178,153
4.808257886634601,153
4.838706386851402,153
4.869154887068203,153
4.899603387285004,153
4.930051887501805,153
4.960500387718606,153
4.990948887935407,153
5.0213973881522085,153
5.05184588836901,153
5.082294388585811,153
5.167742888802612,153
0.1000728384154291,154
0.2081928663930287,154
0.3142855688300875,154
0.4189398609048874,154
0.5242618099428099,154
0.5753545123798687,154
0.6644371357123555,154
0.7486289870302381,154
2.6372360121767224,154
4.067724002556056,154
4.1646775435964765,154
4.260163126544208,154
5.744226155833453,154
5.840591682152003,154
8.020726216987818,154
10.765893949226587,154
10.870632080392092,154
13.692993765882708,154
16.375653922883174,154
16.492277120953304,154
16.602953667519785,154
16.712834420798693,154
19.16868749428627,154
19.281008070242635,154
22.16979400490458,154
25.12228875302128,154
28.28969833497764,154
29.511174762763,154
31.243809647813485,154
31.36641770525159,154
31.488483195516107,154
32.99698302773942,154
35.463362706937765,154
35.586319005446825,154
37.65581091027597,154
39.571560818197504,154
39.6873553576491,154
39.803476314487234,154
39.91931950623013,154
42.80985533768155,154
42.927440832795874,154
45.12504238957383,154
47.3231651293657,154
47.441562074663416,154
49.70782515516859,154
52.02986223498209,154
52.15436802485756,154
54.35894634030704,154
56.68200974821777,154
56.807558708525605,154
56.932829500778894,154
59.25601380031854,154
59.38171825268351,154
61.58744729597995,154
61.71350170203553,154
63.78595243065571,154
65.80387258529223,154
68.01086252901199,154
68.13189511914058,154
69.63955265734596,154
72.00458533022804,154
73.73681171357511,154
73.85109098374723,154
75.57522888600705,154
77.48218937337278,154
77.5972860765445,154
79.65885791301606,154
79.77154155194638,154
79.88413490474103,154
79.99692697942136,154
82.1902825397241,154
82.30411529660104,154
84.72157240033029,154
84.83632581800101,154
86.89765565961478,154
88.62262743085502,154
90.53039675325034,154
92.95013242334008,154
93.06138649701953,154
93.11758055284498,154
93.2287000913906,154
96.63877384856222,154
96.75314195945738,154
99.21148427322386,154
102.10669310882568,154
104.42163141563414,154
107.1244922478485,154
109.72906001403808,154
109.84860256060836,154
111.9141643320012,154
112.0383502411256,154
114.59342172607268,154
117.11732497171552,154
117.24323909292808,154
119.3155572522478,154
119.44187085157364,154
119.55494582479922,154
121.55994832342591,154
121.67398074096172,154
123.67987349456278,154
0.1000728384154291,155
0.1897474375762602,155
0.2800478524518613,155
0.3675637728524808,155
0.4575072339726094,155
0.5473617798638943,155
0.5862709729922417,155
0.6905773728144768,155
0.7398837766600255,155
0.8407244420600537,155
0.938099373037875,155
0.9874057768834236,155
1.0917121767056588,155
1.1410185805512074,155
1.2453249803734423,155
1.3496313801956776,155
1.4006877838624123,155
1.5067441835058335,155
1.5578005871725682,155
1.608856990839303,155
1.6599133945060376,155
1.7579226083112365,155
2.912140685970843,155
4.41329606240517,155
4.473157025779546,155
4.5880179925811895,155
5.342834941948713,155
6.560529224480451,155
8.013679616059125,155
8.130042619909108,155
9.992117233480275,155
11.674277730192006,155
14.002784199918567,155
16.389776855431798,155
16.52022562060484,155
18.804892652477925,155
21.516032702558647,155
24.37392149037417,155
24.51682860528188,155
27.560735255195723,155
28.81344164422914,155
28.94909134732388,155
29.0828969725824,155
29.206318677171136,155
29.326137650986137,155
31.238702788326908,155
33.50387695440187,155
36.13958251241152,155
38.8326997306784,155
38.95980622208836,155
40.47393519750752,155
40.60142847195113,155
40.72954248854237,155
40.80385187700053,155
40.933659762259815,155
42.62146336902191,155
42.75771350022213,155
42.89755283038809,155
44.60768092886999,155
44.70837111491779,155
44.86406130096559,155
45.01975148701339,155
45.8689281530883,155
46.02495763860326,155
46.18098712411823,155
46.28218429173357,155
46.4383814593489,155
48.33231787399547,155
50.09971674206234,155
50.24178742854337,155
51.95494298376669,155
52.75210325009638,155
52.85611633586613,155
53.00473221392748,155
54.77390469790247,155
54.87314620800001,155
55.01901783592969,155
55.80245940650232,155
55.94658572225909,155
56.08828449893695,155
57.96696431379701,155
59.15178212894134,155
60.68018282598391,155
60.822003369837375,155
60.9600878416817,155
61.73644659863657,155
63.42951630828132,155
64.20614814254643,155
65.67597736591189,155
65.81447762594324,155
67.28525458686728,155
67.42326075331225,155
69.45244539050658,155
70.92216486479579,155
72.85155379692772,155
74.72595356970979,155
76.19505413199923,155
76.27780027238654,155
76.41548706489608,155
76.55215043164121,155
0.1000728384154291,156
0.1966799409280585,156
0.2947254538029468,156
0.3924482740721472,156
0.4353298378329205,156
0.4706302527085216,156
0.5061001753425012,156
0.596745554575537,156
0.6195303464623435,156
0.6415388977470143,156
0.7146899422945722,156
0.7343045754673226,156
0.8058218641521676,156
0.8187298823463066,156
0.8857584495412453,156
0.9530994121300324,156
1.019734983550225,156
1.035760744692598,156
1.1072483726160869,156
1.1242449127452714,156
1.1418080956058845,156
1.1600104470121009,156
1.17894581447712,156
1.1987404331879956,156
1.2195732493268592,156
1.241717887328778,156
1.2656459000276667,156
1.2923719913082463,156
1.3260295532958848,156
1.3596871152835233,156
1.3933446772711615,156
1.4270022392588002,156
1.460659801246439,156
1.4943173632340772,156
1.5279749252217156,156
1.6166324906366212,156
1.6502900526242597,156
1.683947614611898,156
1.7176051765995366,156
1.751262738587175,156
1.7849203005748135,156
1.873577865989719,156
1.9072354279773576,156
1.940892989964996,156
1.9745505519526343,156
2.008208113940273,156
2.0418656759279115,156
2.07552323791555,156
2.1091807999031884,156
2.142838361890827,156
2.1764959238784654,156
2.210153485866104,156
2.2438110478537423,156
3.439510501207624,156
3.4815976277308804,156
3.56769863072208,156
3.604667692662989,156
3.68970528918675,156
3.71262673030964,156
3.737575496764694,156
3.7659899995046,156
3.854897561700855,156
3.888805124195133,156
3.922712686689411,156
3.956620249183689,156
3.990527811677967,156
4.024435374172245,156
4.058342936666523,156
4.092250499160801,156
4.126158061655079,156
4.1600656241493565,156
4.1939731866436345,156
4.2278807491379125,156
4.316788311334167,156
4.405695873530422,156
4.4396034360247,156
4.473510998518978,156
4.507418561013256,156
4.541326123507534,156
4.575233686001812,156
4.60914124849609,156
4.698048810692344,156
4.731956373186622,156
4.7658639356809,156
4.799771498175178,156
4.833679060669456,156
4.922586622865711,156
4.956494185359989,156
5.045401747556244,156
5.0793093100505216,156
5.1132168725448,156
5.202124434741054,156
5.291031996937309,156
5.324939559431587,156
5.358847121925865,156
6.146982114048515,156
6.233922760220085,156
6.266655332626615,156
7.45899713713101,156
7.497726652057682,156
0.1000728384154291,157
0.1966799409280585,157
0.291259717900147,157
0.3294010845099767,157
0.4214267333632353,157
0.458979184794783,157
0.5377795480099942,157
0.5584476560262467,157
0.6290229752568032,157
0.6405800755975272,157
0.7032646711823966,157
0.761124207442763,157
0.7644837403578187,157
0.8277320319694902,157
1.9998118335289383,157
2.0724524313492205,157
3.5404222065491107,157
4.67050159516758,157
6.655816202787819,157
8.899502163557472,157
11.309421902327005,157
14.076255922941629,157
16.980217815311587,157
20.27869973169762,157
24.01358084862863,157
26.19613680752762,157
28.658314079918902,157
28.76290625931614,157
28.867498438713376,157
28.972090618110613,157
29.07668279750785,157
29.181274976905087,157
29.285867156302324,157
29.445459335699564,157
29.550051515096804,157
29.65464369449404,157
29.81423587389128,157
29.97382805328852,157
30.07842023268576,157
30.183012412082995,157
30.287604591480232,157
30.447196770877472,157
30.551788950274712,157
30.65638112967195,157
30.760973309069183,157
30.865565488466423,157
30.97015766786366,157
31.074749847260897,157
31.179342026658134,157
31.28393420605537,157
31.388526385452607,157
31.493118564849844,157
31.59771074424708,157
31.70230292364432,157
31.806895103041555,157
31.91148728243879,157
32.01607946183603,157
32.120671641233265,157
32.2252638206305,157
32.32985600002774,157
32.434448179424976,157
32.53904035882221,157
32.64363253821945,157
32.74822471761669,157
32.85281689701392,157
32.95740907641116,157
33.0620012558084,157
33.166593435205634,157
33.27118561460287,157
33.37577779400011,157
33.480369973397345,157
33.58496215279458,157
33.74455433219182,157
33.849146511589055,157
33.95373869098629,157
34.11333087038353,157
34.217923049780765,157
34.322515229178,157
34.42710740857524,157
34.53169958797248,157
34.69129176736971,157
34.79588394676695,157
34.900476126164186,157
35.00506830556142,157
35.10966048495866,157
35.2142526643559,157
35.31884484375313,157
35.47843702315037,157
35.58302920254761,157
35.687621381944844,157
35.79221356134208,157
35.89680574073932,157
36.001397920136554,157
36.10599009953379,157
36.21058227893103,157
36.315174458328265,157
36.4197666377255,157
36.52435881712274,157
36.628950996519976,157
36.73354317591721,157
0.1000728384154291,158
0.1966799409280585,158
0.291259717900147,158
2.1823577213533736,158
2.2748954671867705,158
2.3664254474886275,158
5.240797691369853,158
5.341418706203303,158
5.383118965054354,158
7.992353774929843,158
8.036468856359324,158
8.135419220054946,158
8.179210115546784,158
8.277846474523148,158
8.321332928115925,158
8.360723682070574,158
8.399992477471432,158
8.494142223472199,158
8.533175681109032,158
8.57209549876531,158
8.665904201889834,158
8.759604208494029,158
8.798197824830613,158
8.836687270874581,158
8.93007467346867,158
8.968362070942721,158
9.061551429653964,158
9.099644627744755,158
9.13764348285874,158
9.175549742157065,158
9.213365089470944,158
9.251091149026951,158
9.2887294891723,158
9.326281618649563,158
9.363749001497826,158
9.401133049602112,158
9.438435126418671,158
9.530656557852826,158
9.622798625702462,158
9.659862563336691,158
9.695505377227864,158
9.731060140157542,158
9.766528375769456,158
9.801911551827988,158
9.83721109511932,158
12.178188048625788,158
12.215307578767142,158
12.252347108299336,158
12.2893078926452,158
12.326191157425246,158
12.362998083556494,158
12.399729822153647,158
12.43638748335322,158
12.47297215121468,158
12.509484876269898,158
12.545926679248414,158
12.636036906714043,158
12.671097584391436,158
12.706109196270308,158
12.741072215462529,158
12.77598711135467,158
12.810854342157445,158
12.845674358630976,158
12.935447596336209,158
15.052097700858912,158
15.139666609788735,158
15.172189936364491,158
15.20466809752067,158
15.292101495290598,158
15.324490525151097,158
15.356835581684908,158
18.01633570375522,158
21.00747749986728,158
24.39971014930047,158
28.02241729845153,158
30.288286499488265,158
32.843536293378286,158
35.31319742072372,158
35.3811869031122,158
35.44897146587704,158
35.571559177822266,158
35.69395749632543,158
35.76117333430574,158
35.88321311775582,158
35.95008283544296,158
36.01678808206806,158
36.08333409592491,158
36.14972579190848,158
36.21596779056906,158
36.28206444378699,158
36.40301985754558,158
36.46883791220085,158
36.53452228058292,158
36.600076444211446,158
36.665503707864445,158
36.73080721270442,158
36.79598994813603,158
36.91605476254492,158
36.9757204330932,158
37.03530182168986,158
0.1000728384154291,159
0.1966799409280585,159
0.291259717900147,159
0.3849010845099767,159
0.4774267333632353,159
0.5690407744325241,159
0.6598840621026767,159
1.445276507627563,159
1.5368776082332891,159
1.6279081423051789,159
1.706517348087592,159
1.7299914080865813,159
1.8083338830836249,159
1.886485258138938,159
1.9662676770456269,159
2.044057445622249,159
2.0667322632141545,159
2.0892947167374327,159
2.1117472760595515,159
2.189039398006363,159
2.2131023444451525,159
2.2370632458694413,159
2.260924145600958,159
2.284687001279755,159
2.308353701628013,159
2.3319260589994624,159
2.3554058205552533,159
2.3787946701266005,159
2.402094231940074,159
2.425306072480245,159
2.4484317042149737,159
2.4714725874580576,159
2.494430135957165,159
2.5722652338661387,159
2.650020327440662,159
2.6727754194505646,159
2.695530511460466,159
2.7182856034703686,159
2.796040697044893,159
2.8187957890547946,159
2.841550881064697,159
2.9193059746392205,159
2.9420610666491225,159
2.9648161586590245,159
2.9875712506689265,159
3.065247599057121,159
3.783578220776482,159
5.199197355679436,159
6.384739223889275,159
7.166385594777031,159
7.254618044964237,159
7.287863500437899,159
7.321121994427605,159
7.354393560460968,159
7.387678232065602,159
7.420976042769118,159
7.45030078294055,159
7.479665469399853,159
7.509070422521992,159
7.538515973857804,159
7.623002458385391,159
7.707530204228325,159
7.7370995581366255,159
7.766710869989557,159
7.796364493689699,159
7.81663273090796,159
7.891760503894849,159
7.913983628175421,159
7.933068037054701,159
8.007194757483168,159
8.026364153272672,159
8.100576592630906,159
8.119832446820302,159
8.194132095224424,159
8.213475927732153,159
8.226822824239,159
8.242374261862798,159
8.25795537328647,159
8.273566335461302,159
8.278373483124389,159
8.283136317528053,159
8.291119234658046,159
8.997525351143642,159
9.708122270203395,159
10.422194676495357,159
10.443149099148078,159
10.464132932967706,159
10.485146353042884,159
10.561189534164232,159
10.582262655741737,159
10.603365898153944,159
10.679499439916771,159
10.700663473478718,159
10.721858182943626,159
10.798083754277988,159
10.819340383655591,159
10.895398510641618,159
12.01935781354384,159
12.740227891153856,159
12.767996054164334,159
0.1000728384154291,160
0.1416799409280584,160
0.181259717900147,160
0.2744010845099767,160
0.3114267333632353,160
0.4025407744325241,160
0.4245927689053365,160
0.444834801540061,160
0.5152313335243828,160
0.5827812903965579,160
0.6512371303754624,160
0.7177902834730919,160
0.7836952807622727,160
0.783271906409296,160
0.8233342072701778,160
-0.2063298323416386,160
0.1000728384154291,161
0.1966799409280585,161
0.2930430926198407,161
0.3345267320695183,161
0.3761338345821476,161
0.4728675261346985,161
0.5557516950325453,161
0.6330758991794073,161
1.3569616141871892,161
1.433172999616095,161
1.4566128856645308,161
2.231003821562358,161
3.3615738756166182,161
3.4476201093898498,161
4.173881188701221,161
6.214207784007617,161
6.307496391902991,161
6.399865389536449,161
7.128320456217357,161
8.264185071657725,161
9.4495154625879,161
10.231179893683024,161
10.95947855777604,161
12.150294244955608,161
12.242272876869269,161
12.279196866522856,161
12.371066794465609,161
12.462804094623156,161
12.499728084276745,161
12.536846005092688,161
12.574165680180617,161
12.61169559575183,161
12.649444983075686,161
12.687423919062445,161
12.725643452923126,161
12.76411574773056,161
12.85699501327736,161
14.50753953747017,161
14.545485027800629,161
14.576546490858622,161
14.607711047600336,161
14.636637911866732,161
14.720324181686468,161
15.848671936164925,161
15.933580481182164,161
15.963668255801624,161
15.993941926132267,161
16.079408668647833,161
16.164836198757715,161
16.198826775621004,161
16.232982654790707,161
16.267309491257496,161
16.356813345770664,161
16.44083225421173,161
16.469992016177006,161
16.54597221754057,161
16.56704857267005,161
16.635902621518202,161
16.649857686567433,161
16.66391584809435,161
16.678079276080556,161
16.69235023550255,161
16.7067310891257,161
16.72122430681748,161
16.735832472066708,161
16.750558290365465,161
16.765404596659668,161
16.77721491988314,161
16.789218815709777,161
16.804646420027442,161
16.82021292365653,161
16.83592229403121,161
16.851778733278937,161
16.867786698709555,161
16.883950927029677,161
16.90027646041972,161
16.91676867447359,161
16.933433321039505,161
16.950276558022328,161
16.967304999674983,161
16.984525774340458,161
17.05694657258255,161
17.074575735922284,161
17.092422325830288,161
17.11049622736437,161
17.128808269943423,161
17.147370363320537,161
17.166195676396914,161
17.185298838387556,161
17.204696203316875,161
17.224406168531008,161
17.244449591930337,161
17.264850309784837,161
17.28563583336336,161
17.306838263492413,161
17.32849555342955,161
17.350653259749837,161
17.370447878460713,161
17.390565191130467,161
18.162397001604862,161
0.1000728384154291,162
0.1966799409280585,162
0.291259717900147,162
0.3819010898059507,162
3.5815801567542214,162
7.510939473867466,162
11.594218466301315,162
14.432982639710952,162
14.561932140912882,162
16.636437388179267,162
16.763959284650095,162
16.890598119531237,162
17.016486691397322,162
17.14213070560962,162
17.267541568141336,162
17.39267458141728,162
17.517702784205696,162
19.02960617439024,162
19.155258808382424,162
19.28096280012621,162
19.406600856848595,162
19.53228277350134,162
19.65800893823047,162
19.78378722554628,162
19.90946180544056,162
21.82295883491193,162
21.944696395155248,162
24.4660758442122,162
24.589518837160448,162
27.35400830030392,162
27.47916850790064,162
29.549524386329487,162
29.6738997415645,162
29.79803630653913,162
29.921850387106943,162
31.83814586928646,162
34.36192145395286,162
34.48739827405452,162
36.55946986883424,162
36.68542078519206,162
38.89161115068556,162
39.01814336108928,162
40.936895621285,162
41.06374327421166,162
41.1902805965322,162
43.09848777464804,162
43.21482397130904,162
45.635226498164506,162
45.75286489985165,162
47.81708222887692,162
47.93462257347283,162
50.89192615505595,162
53.15918539012115,162
53.28409389045868,162
55.20130022087503,162
57.06409125038192,162
57.19000882274127,162
57.31579171736883,162
59.23382636819246,162
61.385246117911535,162
61.51210050316265,162
63.37621305145642,162
63.50343904645722,162
65.36792501251244,162
67.74409885830585,162
67.87256532962532,162
70.02611435077142,162
70.09677601928311,162
70.22233772242532,162
72.08519214154703,162
72.21120130502258,162
74.12948184802158,162
75.99327184379523,162
76.12018887535444,162
77.98435545604491,162
78.1116742699897,162
80.38197230988158,162
82.59011876162678,162
82.7187550207281,162
84.8724701621863,162
85.00163950286804,162
87.27372318507258,162
87.4034605591502,162
89.72250189149075,162
91.58173243006664,162
91.7041732573868,162
91.7716950974959,162
91.8391860640879,162
91.90664634662834,162
92.02894831741088,162
93.70620565070732,162
93.77399097407064,162
95.84338190018298,162
95.96682263605386,162
97.42194176798598,162
97.49074813274024,162
97.61452518801326,162
99.3482281178056,162
99.47244604189775,162
99.52975048755192,162
0.1000728384154291,163
0.1966799409280585,163
0.3117314407112576,163
0.4267829404944566,163
0.5268557789098858,163
0.6234628814225152,163
0.7086447119672541,163
0.7876776695211176,163
0.8626151174266581,163
0.9350506603677516,163
0.954260626431251,163
0.970248253639484,163
0.982565766755188,163
0.9899988301058058,163
0.9913099567365592,163
0.9841054697480742,163
-0.0376805047544892,163
0.1000728384154291,164
0.1966799409280585,164
0.291259717900147,164
0.3849010845099767,164
0.4774267333632353,164
0.5690407744325241,164
2.050137485524949,164
2.1450351538194297,164
3.9806539726639,164
4.078753919623852,164
4.176194739619906,164
4.2730532889569295,164
4.369390357695942,164
4.410255234100789,164
4.45068868866265,164
4.490725007556355,164
4.58539342627259,164
4.624882050336889,164
4.719165240100675,164
6.961041239974027,164
9.408672466559338,164
11.76462207210912,164
14.219199841073324,164
17.170790749768777,164
19.87384574883006,164
21.78534149016701,164
23.00390832184016,164
23.12350354203905,164
23.18776353972479,164
23.251709384516573,164
23.31535965337052,164
23.37873084832893,164
23.44183772583956,164
23.50469355987228,164
23.56731035467589,164
23.62969901867537,164
23.69186950799537,164
23.75383094596508,164
23.81559172342764,164
23.87715958356001,164
23.93854169408208,164
23.99974470911512,164
24.060774822480173,164
24.121637813867643,164
24.18233908903151,164
24.242883714944675,164
24.303276450681043,164
24.363521774654583,164
24.42362390873719,164
24.48358683968993,164
24.54341433827175,164
24.60310997633187,164
24.66267714214512,164
24.777119054210207,164
24.83643877369895,164
24.89563921571725,164
24.954723159516405,164
25.013693257774257,164
25.07255204504967,164
25.131301945500464,164
25.18994527994325,164
25.248484272323868,164
25.30692105565865,164
25.36525767749963,164
25.423496104970248,164
25.48163822941316,164
25.594685870686604,164
25.652640781142093,164
25.71050464931225,164
25.76827910333493,164
25.8259657141366,164
25.88356599839589,164
25.941081421305974,164
26.053513399152408,164
26.110863301721807,164
26.16813245455485,164
26.280322141056057,164
26.337433604471528,164
26.394468049744805,164
26.45142664526013,164
26.50831052448148,164
26.56512078749505,164
26.621858502462302,164
26.67852470698969,164
26.73512040942135,164
26.79164659005972,164
26.848104202319263,164
26.904494173817813,164
27.015817407409504,164
27.07207478216341,164
27.12826715429124,164
27.23939535802737,164
27.29546020646436,164
27.35146249234656,164
27.40740298882453,164
27.463282450172603,164
27.514881310415323,164
27.56642985576805,164
27.67294099446251,164
27.72441500427349,164
0.1000728384154291,165
0.1966799409280585,165
0.2825256489756397,165
0.3640245400908283,165
0.4446244665029338,165
0.4710876919868282,165
0.5518900581243328,165
0.6321087979319385,165
0.6575440276953272,165
0.7376787324043802,165
0.8176494870873979,165
0.8428260382803968,165
0.868217214623361,165
0.884290218034654,165
0.8986554738673261,165
0.9086157285216144,165
0.9185996462198786,165
0.9247982824760368,165
0.9813754285293512,165
0.9768306404891304,165
0.9635072766410998,165
-0.0647913397682019,165
0.1000728384154291,166
0.1966799409280585,166
0.291259717900147,166
0.3849010845099767,166
0.4224267333632353,166
0.5118369354960723,166
0.596037287926416,166
2.0197680200753485,166
2.7515733427456834,166
3.539477603871429,166
3.633826784502268,166
4.367685138484552,166
4.407371008932843,166
5.547712095641277,166
5.644150676833352,166
6.774532022582253,166
9.0096697236168,166
10.659370603667458,166
10.754205438004693,166
10.793730894731244,166
10.88796501110669,166
10.98192382852908,166
11.02076914410468,166
11.114430839823443,166
12.949092323588092,166
15.616542513178548,166
18.38190239190424,166
21.13714971966052,166
23.91012799185259,166
27.07915216914285,166
30.20288581778264,166
32.41171916624515,166
32.54138576744923,166
34.28194032591445,166
34.41330828111947,166
34.48962495382366,166
34.6207252866266,166
35.445047447116096,166
37.18655711994506,166
38.9288670117229,166
39.06178941166198,166
39.194971835526005,166
39.32772810722694,166
39.459755819871965,166
41.146662195154775,166
41.97226790134201,166
43.71451151102172,166
43.84666783286022,166
43.97817388905748,166
45.208081849211,166
45.33901975329783,166
45.46941113689822,166
45.59938651082318,166
45.7288725539344,166
47.8046782448482,166
49.72659989863537,166
49.85638582962356,166
52.06616914251042,166
52.19615121698726,166
53.42481129728486,166
53.554556605696064,166
53.68392090252848,166
55.19977751861466,166
56.42811099090904,166
56.55752456045968,166
56.686630134398,166
56.81191053770727,166
56.926599222708425,166
57.041447862970784,166
57.15622173548481,166
57.26612527222178,166
58.014408896870826,166
58.124431434281085,166
58.23438726664326,166
58.34427726567528,166
58.45410228819392,166
58.56377149672053,166
60.06022072882197,166
61.78559677563772,166
61.90133181696676,166
64.21569969301498,166
65.43185050187353,166
65.54925909839879,166
65.6665154340238,166
65.78366054160405,166
65.90071972506054,166
66.01277486281403,166
66.81818471150406,166
66.92910676496037,166
67.04053213493832,166
70.04455211060055,166
71.20264770882137,166
71.31707561062582,166
71.37195701571115,166
71.42681181849845,166
71.53651991905578,166
74.48188892425902,166
74.59413015516408,166
74.70634060772069,166
74.81852046819337,166
0.1000728384154291,167
0.1966799409280585,167
0.2346413511304917,167
0.2712513096842253,167
0.3617984610280406,167
0.3964695919267305,167
0.4853955449296179,167
0.5738800348967769,167
0.600159169403577,167
0.6812041474119567,167
0.7623149158432239,167
0.7884923519288384,167
0.8147373566102866,167
0.8959484628568078,167
0.9203368320296194,167
0.9460077255199338,167
1.6671482294032955,167
1.696168056426444,167
2.831647510379359,167
2.9234094086181748,167
3.0153841049290846,167
3.052581060052849,167
3.0900106152547875,167
3.127684121277573,167
3.8508703161742712,167
3.935909276154282,167
5.3586180259254,167
5.395413560118916,167
5.487621692266705,167
5.52527957155967,167
5.563431677665951,167
5.599111029204371,167
7.080093332823756,167
7.120333002206328,167
7.216192932125571,167
7.257761118259671,167
7.30015470206404,167
7.3435374137725855,167
7.388154425915721,167
7.434413959529641,167
7.483135876503232,167
7.536915795203688,167
7.597627186473849,167
7.65833857774401,167
7.71904996901417,167
7.779761360284331,167
7.840472751554492,167
7.901184142824652,167
7.961895534094813,167
8.022606925364974,167
8.083318316635134,167
8.144029707905295,167
8.259741098877432,167
8.320452490147593,167
8.381163881417754,167
8.441875272687914,167
8.557586663660052,167
8.618298054930213,167
8.679009446200373,167
8.79472083717251,167
8.855432228442671,167
8.916143619712832,167
8.976855010982993,167
9.09256640195513,167
9.153277793225293,167
9.213989184495452,167
9.274700575765612,167
9.39041196673775,167
10.60702287524605,167
11.770629995759966,167
13.785355442461016,167
15.470932547731104,167
18.118001593183788,167
20.602042533814306,167
23.40074723426611,167
26.830122932215662,167
28.53771476682393,167
30.02291842103113,167
31.732174324998965,167
33.62479429270941,167
33.7806547911918,167
33.88151528967419,167
34.03737578815658,167
34.13823628663897,167
34.23909678512136,167
34.39495728360375,167
34.49581778208614,167
34.59667828056853,167
34.69753877905092,167
34.79839927753331,167
34.954259776015704,167
35.055120274498094,167
35.155980772980485,167
35.256841271462875,167
35.357701769945265,167
35.458562268427656,167
35.559422766910046,167
35.66028326539244,167
35.76114376387483,167
35.86200426235722,167
0.1000728384154291,168
0.1911006610607661,168
0.27659511228557,168
0.3626527379965342,168
0.4491946141933955,168
0.5359974171733417,168
0.622539293370203,168
0.654617399326519,168
0.6872962269699134,168
0.7206579301273384,168
0.809399560443119,168
1.946248725405888,168
2.6801187548553504,168
2.7215092297410526,168
2.763670459738926,168
2.795739252469496,168
2.882808041176752,168
2.914876833907322,168
2.946945626637892,168
2.9790144193684616,168
3.0110832120990314,168
3.043152004829601,168
3.075220797560171,168
3.107289590290741,168
3.1393583830213108,168
3.1698755439137973,168
3.255614970228628,168
3.286586992791847,168
3.372802965692238,168
3.404275402775959,168
3.436018176726059,168
3.468046743771986,168
3.500378433964209,168
3.5330328162526645,168
3.621032167575315,168
3.707857635221437,168
3.740594711503938,168
3.7744475047802486,168
3.8097387071466007,168
3.9020572345470943,168
3.942841500393108,168
3.987091500661329,168
4.086341504356817,168
4.12934150209184,168
4.172341499826864,168
4.215341497561887,168
4.258341495296911,168
4.301341493031934,168
4.344341490766958,168
4.442341495654539,168
4.54034150054212,168
4.583341498277143,168
4.626341496012167,168
4.66934149374719,168
4.7123414914822135,168
4.755341489217237,168
4.853341494104818,168
4.896341491839841,168
4.939341489574865,168
4.982341487309888,168
5.025341485044912,168
5.068341482779935,168
5.111341480514959,168
5.154341478249982,168
5.197341475985006,168
5.295341480872587,168
5.33834147860761,168
5.381341476342634,168
5.424341474077657,168
5.467341471812681,168
5.510341469547704,168
5.608341474435285,168
5.651341472170309,168
5.694341469905332,168
5.737341467640356,168
5.835341472527936,168
5.933341477415517,168
5.976341475150541,168
6.019341472885564,168
6.062341470620588,168
6.105341468355611,168
6.148341466090635,168
6.191341463825658,168
6.234341461560682,168
6.277341459295705,168
6.320341457030729,168
6.41834146191831,168
6.461341459653333,168
6.504341457388357,168
6.54734145512338,168
7.34194766392465,168
7.388406727812246,168
7.434865791699842,168
7.481324855587438,168
7.527783919475034,168
7.57424298336263,168
7.620702047250226,168
7.667161111137823,168
7.713620175025419,168
7.760079238913015,168
0.1000728384154291,169
0.1966799409280585,169
0.291259717900147,169
2.3373279219900405,169
2.43603196602568,169
2.533610955233875,169
3.9645663792205568,169
6.013678231246572,169
6.115977014532796,169
6.2127612634808935,169
6.309237997165433,169
6.3507323070676245,169
6.392244252494089,169
6.433773896774761,169
6.530215664884559,169
6.57188920595359,169
6.613805784961692,169
6.655977822026721,169
6.753419078073017,169
6.796144872090332,169
6.834944474628679,169
6.871974068811647,169
6.909150730005018,169
7.0014789208085455,169
7.038963372936956,169
7.131609129837266,169
7.169421567699424,169
7.262406437775604,169
7.299209687045328,169
7.336264561048261,169
7.42858439975094,169
7.466184030404798,169
7.504080045154802,169
9.390391099384535,169
10.818982946804276,169
10.916765372386685,169
10.959395836225262,169
11.00250285037469,169
11.042041166803353,169
11.082168399474137,169
11.12296328984808,169
11.219528931310885,169
11.317006181112042,169
11.360599148205033,169
11.405630528113356,169
11.452689233353844,169
11.50321367301654,169
12.997971444508543,169
13.059482007405272,169
13.120992570302,169
13.182503133198727,169
13.244013696095458,169
13.305524258992186,169
13.367034821888916,169
13.428545384785645,169
13.490055947682372,169
13.5515665105791,169
13.613077073475829,169
13.674587636372555,169
13.791098198971262,169
13.852608761867993,169
13.91411932476472,169
13.975629887661448,169
14.037140450558176,169
14.153651013156882,169
14.21516157605361,169
14.27667213895034,169
14.338182701847067,169
14.399693264743796,169
14.461203827640524,169
14.57771439023923,169
14.639224953135958,169
14.700735516032688,169
14.762246078929415,169
14.823756641826144,169
14.885267204722872,169
14.9467777676196,169
15.00828833051633,169
15.069798893413058,169
15.131309456309786,169
15.192820019206517,169
15.254330582103243,169
15.315841144999972,169
15.3773517078967,169
15.493862270495406,169
15.555372833392134,169
15.67188339599084,169
15.733393958887568,169
15.794904521784296,169
15.856415084681023,169
15.917925647577754,169
15.979436210474482,169
16.04094677337121,169
16.10245733626794,169
16.163967899164668,169
16.225478462061396,169
16.286989024958125,169
16.40349958755683,169
16.46501015045356,169
16.526520713350287,169
0.1000728384154291,170
0.1966799409280585,170
0.291259717900147,170
0.3844010845099767,170
0.4803093773107302,170
0.5809090183044485,170
0.6819811180009272,170
0.7774932548179057,170
0.8789523184074786,170
0.9819113775863078,170
2.4219117924346354,170
4.428533153213444,170
4.544244544185581,170
6.400998847164097,170
8.667962567485752,170
10.692033342229832,170
10.8251939679186,170
10.903354593607366,170
10.981515219296131,170
11.0596758449849,170
11.137836470673667,170
11.215997096362434,170
11.2941577220512,170
11.372318347739968,170
11.450478973428735,170
11.528639599117502,170
11.60680022480627,170
11.684960850495036,170
11.818121476183803,170
11.95128210187257,170
12.029442727561335,170
12.107603353250104,170
12.185763978938873,170
12.263924604627638,170
12.342085230316403,170
12.420245856005172,170
12.55340648169394,170
12.631567107382706,170
12.709727733071473,170
12.78788835876024,170
12.866048984449009,170
12.944209610137774,170
13.02237023582654,170
13.100530861515308,170
13.178691487204077,170
13.311852112892842,170
13.390012738581609,170
13.468173364270376,170
13.546333989959145,170
13.62449461564791,170
13.757655241336677,170
13.835815867025444,170
13.91397649271421,170
14.047137118402976,170
14.180297744091744,170
14.258458369780511,170
14.336618995469278,170
14.414779621158043,170
14.492940246846812,170
14.57110087253558,170
14.649261498224346,170
14.727422123913112,170
14.80558274960188,170
14.883743375290647,170
14.961904000979414,170
15.04006462666818,170
15.173225252356948,170
15.306385878045717,170
15.384546503734482,170
15.462707129423247,170
15.574539901408851,170
15.623802045080364,170
15.670737689081133,170
15.714309787097871,170
15.756696926150024,170
15.79461356410712,170
15.83018008777827,170
15.866559991333189,170
15.899717552307546,170
15.929041053819954,170
16.00864405529529,170
16.027125118020475,170
16.091926624718607,170
15.08680157894224,170
0.1000728384154291,171
0.2151243381986281,171
0.3306758379818272,171
0.4462273377650262,171
0.5583131016454256,171
0.6669331296230252,171
0.7769915679628837,171
0.8925430677460828,171
0.953094567529282,171
1.013646067312481,171
1.07419756709568,171
1.134749066878879,171
1.1953005666620782,171
1.2558520664452772,171
1.3164035662284763,171
1.431955066011675,171
1.5475065657948743,171
1.6080580655780734,171
1.6686095653612725,171
1.7291610651444715,171
1.7897125649276706,171
1.8502640647108697,171
1.9108155644940688,171
1.971367064277268,171
2.031918564060467,171
2.092470063843666,171
2.153021563626865,171
2.213573063410064,171
2.329124563193264,171
2.3896760629764624,171
2.5052275627596616,171
3.6674262432286513,171
4.480970424222199,171
4.5463674246558,171
4.611764425089402,171
4.677161425523003,171
4.742558425956605,171
4.807955426390207,171
4.873352426823808,171
4.9387494272574095,171
5.004146427691011,171
5.069543428124613,171
5.134940428558214,171
5.200337428991816,171
5.265734429425417,171
5.331131429859019,171
5.39652843029262,171
5.461925430726222,171
5.527322431159823,171
5.592719431593425,171
5.658116432027026,171
5.723513432460628,171
5.788910432894229,171
5.854307433327831,171
5.919704433761432,171
5.985101434195034,171
6.050498434628636,171
6.115895435062237,171
6.181292435495839,171
6.24668943592944,171
6.312086436363042,171
6.432483436796644,171
6.497880437230245,171
6.563277437663847,171
6.628674438097448,171
6.69407143853105,171
6.759468438964651,171
6.824865439398253,171
6.890262439831854,171
6.955659440265456,171
7.076056440699058,171
7.14145344113266,171
7.206850441566261,171
7.272247441999863,171
7.337644442433464,171
7.403041442867066,171
7.523438443300668,171
8.338653812068562,171
8.405722000276512,171
8.472790188484462,171
8.539858376692411,171
8.66192656490036,171
8.78399475310831,171
8.85106294131626,171
8.918131129524209,171
8.985199317732159,171
9.107267505940108,171
9.174335694148056,171
9.241403882356009,171
9.308472070563957,171
9.375540258771906,171
9.442608446979856,171
9.509676635187803,171
9.576744823395757,171
9.698813011603704,171
9.765881199811654,171
9.832949388019603,171
9.900017576227553,171
9.967085764435502,171
10.034153952643452,171
0.1000728384154291,172
0.1966799409280585,172
0.291259717900147,172
0.3810631368597923,172
0.4630790173135128,172
0.5444624770316878,172
0.625419137505107,172
0.6492641111212021,172
0.6728962866652031,172
0.6963243522366028,172
0.7745563142422361,172
0.7975995746079553,172
0.875354985714567,172
0.9529385586036576,172
0.9755560299276752,172
0.9982076310770448,172
1.066010370143864,172
1.131928875335667,172
1.198789044507954,172
1.2107167832936978,172
1.2227130171295142,172
1.2894735124345755,172
1.3040748352568483,172
1.318811301366601,172
1.333616733775649,172
1.4035630153875684,172
1.4186542408924436,172
1.4277485294651129,172
1.4400651568930485,172
2.205810260252271,172
2.2256842723499872,172
2.245752861947928,172
2.3205511181067564,172
2.3406595478217938,172
2.415495541171346,172
2.490489837006841,172
2.5107805172365047,172
2.531386262030516,172
2.5523282682906725,172
2.62863078922144,172
2.6503218582283594,172
2.672434227765713,172
2.6950066930066683,172
2.715749791116629,172
2.736898517460737,172
2.758337179423485,172
2.7824494766455032,172
2.8046963459264376,172
2.8824993467342,172
2.9081327023368218,172
2.934744781107817,172
3.0147243721794226,172
3.095707318038855,172
3.1229468325536587,172
3.154073249773297,172
3.189010367022071,172
3.288677036986861,172
3.3333437035243847,172
3.378010370061908,172
3.4226770365994312,172
3.5223437065642216,172
3.6215937102597096,172
3.6658437105279305,172
3.710093710796152,172
3.754343711064372,172
3.84386415802053,172
3.888530824558053,172
3.933197491095577,172
3.9778641576331,172
4.07753082759789,172
4.122197494135413,172
4.221864164100204,172
4.266530830637727,172
4.31119749717525,172
4.3558641637127735,172
4.400530830250297,172
4.44519749678782,172
4.489864163325343,172
4.534530829862867,172
4.57919749640039,172
4.623864162937913,172
4.668530829475436,172
4.71319749601296,172
4.757864162550483,172
4.802530829088006,172
4.8471974956255295,172
4.891864162163053,172
4.936530828700576,172
4.981197495238099,172
5.08086416520289,172
5.125530831740413,172
5.170197498277936,172
5.2148641648154594,172
5.259530831352983,172
5.304197497890506,172
5.348864164428029,172
5.3935308309655525,172
5.438197497503076,172
5.482864164040599,172
5.527530830578122,172
0.1000728384154291,173
0.1966799409280585,173
0.291259717900147,173
0.3317511026562054,173
0.4279966018609366,173
2.477286591032782,173
2.58032146679188,173
2.679981341827166,173
2.7837226672651885,173
2.869346840548765,173
2.9518474249723075,173
3.031351199615252,173
3.053812625128281,173
3.129656957704079,173
3.151870792973292,173
3.171833068374049,173
3.1883318221750376,173
3.2009453449952123,173
3.2624369312631605,173
3.2607255055424464,173
2.245203263950039,173
0.1000728384154291,174
0.1935406949211217,174
0.285618220757214,174
0.3720772688495792,174
0.458196048926083,174
0.546309945474831,174
0.6351098542320408,174
0.7247050826656498,174
0.8143872668254055,174
0.8480566007303871,174
0.935890668373076,174
2.352293127517668,174
2.38247759390947,174
2.4127395798670923,174
2.443080307285753,174
2.528501035015551,174
2.6140030709314024,174
2.6445877489852583,174
2.730256461839644,174
2.76101064805266,174
2.7918517937171137,174
2.822781437377897,174
2.853801173459259,174
2.8849126559900915,174
2.970581368844477,174
3.001601104925838,174
3.087998380254475,174
3.17480404425737,174
3.262054448317257,174
3.29479304079291,174
3.3830727053093588,174
3.4169591714846765,174
3.451536388437716,174
3.4869153176653063,174
3.5232495230841314,174
3.6157656771349584,174
3.654832602779833,174
3.696159453432528,174
3.741722793619601,174
3.8477791932630216,174
3.898835596929756,174
3.949892000596491,174
4.000948404263226,174
4.05200480792996,174
4.103061211596695,174
4.15411761526343,174
4.2051740189301645,174
4.311230418573586,174
4.36228682224032,174
4.413343225907055,174
4.46439962957379,174
4.5154560332405245,174
4.566512436907259,174
4.617568840573994,174
4.6686252442407286,174
4.719681647907463,174
4.770738051574198,174
4.821794455240933,174
4.872850858907667,174
4.9789072585510885,174
5.029963662217823,174
5.081020065884558,174
5.132076469551293,174
5.238132869194714,174
5.2891892728614485,174
5.39524567250487,174
5.446302076171604,174
5.497358479838339,174
5.548414883505074,174
5.599471287171808,174
5.650527690838543,174
5.701584094505278,174
5.7526404981720125,174
5.803696901838747,174
5.854753305505482,174
5.905809709172217,174
5.956866112838951,174
6.007922516505686,174
6.058978920172421,174
6.110035323839155,174
6.16109172750589,174
6.212148131172625,174
6.26320453483936,174
6.314260938506094,174
6.365317342172829,174
6.416373745839564,174
6.522430145482985,174
6.573486549149719,174
6.624542952816454,174
6.730599352459875,174
6.8366557521032965,174
6.887712155770031,174
6.938768559436766,174
6.9898249631035005,174
7.040881366770235,174
7.09193777043697,174
7.142994174103705,174
7.194050577770439,174
7.245106981437174,174
7.296163385103909,174
0.1000728384154291,175
0.2151243381986281,175
0.3301758379818272,175
0.4452273377650263,175
0.5602788375482254,175
0.6753303373314244,175
0.7908818371146236,175
0.9039333410113368,175
2.7586914844363246,175
4.67220848272734,175
7.202277178304691,175
7.33445060108367,175
9.07845057538655,175
11.106878858916575,175
12.80072433386986,175
14.833438223060211,175
16.868309958102074,175
19.03894219240109,175
21.32961883935337,175
23.62234341668959,175
26.48392850980948,175
27.736634898842897,175
27.835728999208204,175
27.93482309957351,175
28.033917199938816,175
28.133011300304123,175
28.23210540066943,175
28.33119950103473,175
28.43029360140004,175
28.529387701765348,175
28.62848180213065,175
28.72757590249596,175
28.826670002861267,175
28.980764103226573,175
29.07985820359188,175
29.178952303957185,175
29.27804640432249,175
29.3771405046878,175
29.476234605053104,175
29.57532870541841,175
29.67442280578372,175
29.773516906149023,175
29.87261100651433,175
29.97170510687964,175
30.070799207244946,175
30.16989330761025,175
30.268987407975555,175
30.36808150834086,175
30.467175608706167,175
30.56626970907148,175
30.66536380943678,175
30.764457909802086,175
30.8635520101674,175
30.9626461105327,175
31.116740210898005,175
31.21583431126331,175
31.314928411628618,175
31.414022511993924,175
31.51311661235923,175
31.612210712724536,175
31.711304813089843,175
31.81039891345515,175
31.90949301382045,175
32.00858711418576,175
32.107681214551064,175
32.20677531491637,175
32.30586941528168,175
32.40496351564698,175
32.50405761601229,175
32.6031517163776,175
32.7022458167429,175
32.80133991710821,175
32.955434017473515,175
33.05452811783882,175
33.15362221820413,175
33.25271631856943,175
33.40681041893474,175
33.560904519300045,175
33.71499861966535,175
33.81409272003066,175
33.913186820395964,175
34.06728092076127,175
34.166375021126576,175
34.26546912149188,175
34.36456322185719,175
34.463657322222495,175
34.5627514225878,175
34.66184552295311,175
35.91509708013704,175
36.01473634865286,175
36.16937561716868,175
36.269014885684506,175
36.42365415420033,175
36.52329342271615,175
36.62293269123197,175
36.7775719597478,175
36.93221122826362,175
37.03185049677944,175
37.131489765295264,175
37.23112903381109,175
0.1000728384154291,176
0.1966799409280585,176
0.291259717900147,176
0.3844010845099767,176
0.4780002870874338,176
0.5731068666378115,176
0.6014022260268431,176
0.6819357007106047,176
0.7629551320632201,176
0.8382305904587012,176
0.9160336336699332,176
0.9359893373996344,176
0.955945041129336,176
1.029629991459901,176
1.100099830308932,176
1.115435387359935,176
1.1322093544323026,176
1.151010646836835,176
1.1732776736635744,176
1.2024761730600178,176
1.2316746724564611,176
1.2608731718529045,176
1.290071671249348,176
1.3742701759357034,176
1.4034686753321468,176
1.4326671747285902,176
1.4618656741250335,176
1.491064173521477,176
1.5202626729179205,176
1.5494611723143636,176
1.6336596770007192,176
1.6628581763971626,176
1.692056675793606,176
1.7212551751900491,176
1.7504536745864927,176
1.779652173982936,176
1.80885067337938,176
1.8380491727758228,176
1.9222476774621784,176
2.006446182148534,176
2.0356446815449774,176
2.0648431809414207,176
2.094041680337864,176
2.17824018502422,176
2.207438684420663,176
2.2366371838171064,176
2.26583568321355,176
2.295034182609993,176
2.3242326820064365,176
2.35343118140288,176
2.4376296860892355,176
2.466828185485679,176
2.496026684882122,176
2.5252251842785656,176
2.554423683675009,176
2.6386221883613645,176
2.667820687757808,176
2.697019187154252,176
2.726217686550694,176
2.755416185947138,176
2.8396146906334936,176
2.868813190029937,176
2.8980116894263803,176
2.927210188822824,176
2.956408688219267,176
2.9856071876157104,176
3.014805687012154,176
3.044004186408597,176
3.1282026910949527,176
3.2124011957813083,176
3.241599695177752,176
3.270798194574195,176
3.2999966939706384,176
3.329195193367082,176
3.358393692763525,176
3.3875921921599685,176
3.416790691556412,176
3.445989190952856,176
3.475187690349298,176
3.504386189745742,176
3.5335846891421854,176
3.5627831885386287,176
3.591981687935072,176
3.676180192621428,176
3.705378692017871,176
3.7345771914143135,176
3.763775690810758,176
3.792974190207201,176
3.822172689603645,176
3.851371189000088,176
3.8805696883965313,176
3.909768187792975,176
3.938966687189418,176
3.968165186585861,176
3.9973636859823047,176
4.026562185378748,176
4.055760684775192,176
4.084959184171635,176
4.114157683568078,176
4.143356182964522,176
0.1000728384154291,177
0.1935406949211217,177
0.2995700795466948,177
0.4110925256156085,177
0.5226149716845223,177
0.634637417753436,177
0.7466598638223496,177
0.8586823098912633,177
0.9664547570600904,177
1.0728864647999203,177
1.1765607722654736,177
1.9275623091116345,177
4.479953838194886,177
4.547438589538613,177
4.61492334088234,177
4.682408092226067,177
4.7498928435697945,177
4.817377594913522,177
4.884862346257249,177
4.952347097600976,177
5.07483184864668,177
5.197316599692384,177
5.264801351036111,177
5.332286102379838,177
5.399770853723565,177
5.467255605067292,177
5.534740356411019,177
5.602225107754746,177
5.669709859098473,177
5.7371946104422005,177
5.804679361785928,177
5.872164113129655,177
5.939648864473382,177
6.007133615817109,177
6.074618367160836,177
6.19710311820654,177
6.264587869550267,177
6.332072620893994,177
6.399557372237721,177
6.467042123581448,177
6.534526874925176,177
6.602011626268903,177
6.724496377314607,177
6.791981128658334,177
6.859465880002061,177
6.926950631345788,177
6.994435382689515,177
7.061920134033242,177
7.129404885376969,177
7.251889636422673,177
7.3193743877664,177
7.386859139110127,177
7.454343890453854,177
7.521828641797581,177
7.589313393141309,177
7.711798144187012,177
7.834282895232716,177
7.9017676465764435,177
8.024252397622147,177
8.091737148965874,177
8.159221900309602,177
8.226706651653329,177
8.294191402997056,177
8.361676154340783,177
8.42916090568451,177
8.496645657028237,177
8.619130408073941,177
8.686615159417668,177
8.754099910761395,177
8.821584662105122,177
8.944069413150826,177
9.011554164494552,177
9.07903891583828,177
9.146523667182008,177
9.214008418525736,177
9.281493169869462,177
9.403977920915166,177
9.471462672258893,177
9.53894742360262,177
9.606432174946349,177
9.673916926290074,177
9.7414016776338,177
9.808886428977528,177
9.876371180321255,177
9.943855931664984,177
10.01134068300871,177
10.078825434352437,177
10.146310185696164,177
10.213794937039893,177
10.281279688383618,177
10.348764439727344,177
10.416249191071072,177
10.4837339424148,177
10.551218693758528,177
10.67370344480423,177
10.741188196147958,177
13.76248636623768,177
17.283662334169623,177
21.23450012192748,177
23.73142361314311,177
0.1000728384154291,178
0.1882874682234385,178
0.2203414288563349,178
0.3061509092521481,178
0.3909647462724097,178
0.4749486576053,178
0.503220987827289,178
0.5858705044360691,178
0.6679662642233858,178
0.694563527209587,178
0.7757075183544476,178
0.8014359349657556,178
0.8817806826059067,178
0.9617691151459504,178
1.0414249442742862,178
1.06576892174899,178
1.0841884197379676,178
1.102390492167247,178
1.1203842011145233,178
1.1931778833887312,178
1.2100988690427277,178
1.2268164985499117,178
1.2433387216797802,178
1.955947595523927,178
2.670950370716188,178
2.69257044686589,178
2.7689656008652186,178
2.7920205098262763,178
2.814869061919186,178
2.8375194378814435,178
2.859979194464419,178
2.882255331488583,178
2.904354353310797,178
2.926282320978377,178
2.9480448932072854,178
2.969647367360327,178
3.0460947126767373,178
3.0674813248834347,178
3.088807937564585,178
3.1650752619526124,178
3.186283989684913,178
3.2624060948065257,178
3.283499655189249,178
3.300122716339562,178
3.36802723339412,178
3.3809222913033103,178
3.393807906532917,178
3.4066840967780685,178
3.419550879733894,178
3.432408273095522,178
3.500256292397413,178
3.513094958724711,178
4.684830841483805,178
4.702889914499853,178
4.775885294066999,178
4.793817777993414,178
4.866688144268725,178
4.884497164624069,178
4.902245578231547,178
4.974934113087389,178
4.992563473867509,178
5.010134355040524,178
5.027647430883977,178
5.100103358613584,178
5.80906097112808,178
5.824823281603191,178
5.895537896888587,178
5.911205268340442,178
5.981825834946964,178
5.997400035957131,178
6.012928294824693,178
6.028411028782163,178
6.098848646382127,178
6.114241558002565,178
6.129590155432258,178
6.144894829826686,178
6.160155963028107,178
6.1753739294281935,178
6.190549099693332,178
6.205681837039325,178
6.220772499094043,178
6.229970317209396,178
6.239147316539917,178
6.248303584629927,178
6.257439205298457,178
6.266554264227185,178
6.275648845235143,178
6.284723032141361,178
6.293776906902227,178
6.302810551474128,178
6.311824049676094,178
6.320817479739223,178
6.3297909236199,178
6.338744459549222,178
6.347678167620931,178
6.356592126066122,178
7.117741055662069,178
7.827234931165609,178
9.642805643255148,178
11.335457630330954,178
0.1000728384154291,179
0.1416799409280584,179
0.236259717900147,179
0.2744010845099767,179
0.3664267333632353,179
0.4550407799368742,179
0.4739046665316465,179
0.4910746785288694,179
0.558401343453491,179
0.6231154473906401,179
0.6884479122644308,179
0.7503967369383219,179
0.8077559480851534,179
0.8054939499532822,179
0.7972350148892048,179
0.835370495024884,179
-0.1963208177650329,179
0.1000728384154291,180
0.1966799409280585,180
0.2958411715595178,180
0.3976973846946406,180
0.4988859408666407,180
0.6015129074008998,180
0.6966721027644214,180
0.7926860734375056,180
0.8873601093442973,180
0.9689678385408458,180
1.048834814086729,180
1.0750609043540296,180
1.1043844058664378,180
1.183987407341772,180
1.2024684700669583,180
1.212269970543855,180
0.2071449247674879,180
0.1000728384154291,181
0.1966799409280585,181
0.2397254538029467,181
0.3374482740721471,181
0.4348679712322654,181
0.532001876323184,181
0.5617834933295552,181
0.5873169720366304,181
0.6655383229449098,181
0.6879903737649028,181
0.7601759497269694,181
0.7738817416324918,181
0.8365905963077848,181
0.836412545330374,181
-0.1792346275974824,181
0.1000728384154291,182
0.1966799409280585,182
0.283737136531906,182
0.3694892586360739,182
0.4542074115167426,182
0.5401941971073912,182
0.6254500732909011,182
0.7105683819542693,182
2.592694713283615,182
2.682816138971882,182
2.772371991087036,182
4.419726474691467,182
4.512254497517185,182
4.605523868013458,182
6.253000541139679,182
6.345607622076111,182
8.467154844213562,182
10.512251956869202,182
12.559820516515808,182
12.661036095131474,182
15.475901922691898,182
15.582089325893955,182
18.088452240933016,182
21.28744904083277,182
24.85324468982756,182
27.32149781262091,182
29.393228208500137,182
30.85035339713656,182
30.920595309474805,182
30.98076191013848,182
31.095626246922624,182
31.15520555552116,182
31.269515211587063,182
31.328569016477296,182
31.38737942730856,182
31.445957744262603,182
34.78318987478367,182
36.69412841419401,182
38.200040850045504,182
40.21146007314257,182
42.22370550308128,182
43.67667353258723,182
43.74237684641872,182
43.80785644864742,182
43.873121921450654,182
43.92861066809944,182
43.98397036071968,182
44.03920424665893,182
44.09431541384393,182
44.14930680223948,182
44.2041812142348,182
44.31394132407986,182
44.36858968647815,182
44.423128744427736,182
44.46822458303409,182
44.51323719492989,182
44.55816793984609,182
44.60301814026075,182
44.64778907022315,182
44.69248197025495,182
44.79209803587633,182
44.83663843369919,182
44.88110428846317,182
44.92549669540363,182
44.96981671995359,182
45.01406539401847,182
45.05824372342664,182
45.15735268018084,182
45.20139321482616,182
45.24536625466185,182
45.28927269375759,182
45.33311341128188,182
45.4318892525776,182
45.4756010601564,182
45.519249638382966,182
45.56283577701884,182
45.600890317772205,182
45.63386900893288,182
45.66681523418861,182
45.6950629780336,182
45.71607766470748,182
45.73707367091316,182
45.81305106340783,182
45.83400991356808,182
45.854950290013726,182
45.87587225980001,182
45.89677588998216,182
45.91766124761539,182
45.93852839975494,182
45.95937741345602,182
45.98020835204857,182
46.00102128258782,182
46.076816269968326,182
46.1525933759554,182
46.17335266603964,182
46.194094203252966,182
46.21481805092531,182
46.23552427052396,182
46.25621292351621,182
46.33188407479661,182
0.1000728384154291,183
0.2151243381986281,183
0.3301758379818272,183
0.4452273377650263,183
0.5573131016454257,183
0.6728646014286248,183
0.7774299783251428,183
0.8247861914602655,183
0.8706154963476325,183
0.9702767269790918,183
1.0684995472482923,183
1.1649078400490458,183
1.2605144195994236,183
1.354252519997416,183
1.392770423544294,183
1.4856589258617268,183
1.577988471149219,183
3.464021886943592,183
3.5568842843759185,183
5.2622981027352935,183
5.35744375294329,183
7.192021790205253,183
7.289248648344291,183
8.775800290762199,183
8.87549380516888,183
11.176607172249568,183
11.27993521398188,183
14.219445559440864,183
17.046981427131904,183
19.729398690165585,183
22.68322492024715,183
24.190317065420963,183
24.31060285140101,183
25.817522895859906,183
25.93785519896578,183
27.66835802546268,183
27.78928788308301,183
27.91004315937781,183
29.41776799506629,183
29.539302831925724,183
31.216247411237987,183
31.338741419881543,183
33.199066073798484,183
33.32256114898942,183
35.47179506278666,183
35.59657469604367,183
35.72125357022349,183
36.944690461265886,183
37.06920814912706,183
39.39215439133187,183
39.462774502736224,183
39.588295082305,183
39.71358259029764,183
41.17055573192304,183
41.29608355756715,183
42.75327510731174,183
42.82123965997236,183
42.889133912705134,183
43.01195884023723,183
43.07971539063532,183
43.198958737178096,183
43.31810612750096,183
44.0758358207861,183
45.23962577670815,183
45.35950583546729,183
46.11793154378916,183
46.18325901158292,183
46.30363590317284,183
46.42362278010605,183
48.78606949939667,183
50.23303059805124,183
50.29364422431263,183
50.35420529753767,183
50.41471436435031,183
50.475171960120186,183
50.53557860930663,183
50.65093482578885,183
50.71124111318286,183
50.77149796514591,183
50.88670586566901,183
50.94686528935809,183
51.006976701704325,183
51.06704055934427,183
51.12705731031007,183
51.18702739427044,183
51.23709583232357,183
51.34216759303762,183
51.39224267328336,183
51.442321080213326,183
51.49240281382753,183
51.59750790843918,183
51.64763646522714,183
51.75271820226862,183
54.64017914930536,183
57.881349668436826,183
59.04367476031717,183
60.90022791118365,183
62.63031358045328,183
62.75085498679572,183
63.915502948738016,183
0.1000728384154291,184
0.1966799409280585,184
0.291259717900147,184
0.3844010845099767,184
0.4739267394219716,184
0.5633741185342153,184
3.301963882175573,184
6.114240960804112,184
9.450506063738697,184
13.159964647251286,184
15.428846776755822,184
17.4467490488894,184
20.28364406196956,184
22.99805615368312,184
23.12756859317075,184
23.201360363150467,184
25.896356070353445,184
25.97064636968321,184
26.04485838952761,184
26.11445557497695,184
26.18418394857737,184
26.25404704535401,184
26.32404859613138,184
26.394192544265355,184
26.464483064337674,184
26.534924583109312,184
26.660521803084627,184
26.731279729106003,184
26.80220369848236,184
26.8732994152588,184
26.94457298936415,184
27.01603098153666,184
27.08768045513456,184
27.15952903620338,184
27.286584983513244,184
27.358857270724343,184
27.48635568342548,184
27.61409093457072,184
27.68409690080168,184
27.809102867032628,184
27.879108833263583,184
27.94911479949453,184
28.019120765725493,184
28.089126731956448,184
28.159132698187403,184
28.22913866441836,184
28.354144630649312,184
28.424150596880267,184
28.494156563111225,184
28.564162529342177,184
28.63416849557313,184
28.704174461804087,184
28.77418042803504,184
28.84000523295544,184
28.906180696994703,184
28.97273327984305,184
29.03969376262637,184
29.10709840147822,184
29.17499053215249,184
29.24342287023882,184
29.312460930241944,184
29.38218833921618,184
29.452715571438883,184
29.524195395281577,184
29.596853049480835,184
29.67105438108834,184
29.802500463796083,184
29.88312778662483,184
29.976579856240885,184
30.07003192585694,184
30.163483995473,184
30.311936065089053,184
30.40538813470511,184
30.49884020432117,184
30.592292273937225,184
30.68574434355328,184
30.77919641316933,184
30.87264848278539,184
30.966100552401446,184
31.059552622017502,184
31.20800469163356,184
31.30145676124961,184
31.44990883086567,184
31.543360900481726,184
31.636812970097782,184
31.73026503971384,184
31.82371710932989,184
31.97216917894595,184
32.065621248562,184
32.21407331817806,184
32.307525387794115,184
32.40097745741017,184
32.49442952702623,184
32.64288159664228,184
32.73633366625834,184
32.829785735874395,184
32.92323780549045,184
33.01668987510651,184
33.110141944722564,184
33.20359401433862,184
0.1000728384154291,185
0.1966799409280585,185
0.2854799316416548,185
2.4652061173959923,185
2.564004503853154,185
2.6616586824481714,185
2.75838234964502,185
2.795946802382589,185
4.220476712470175,185
5.87033530641091,185
5.965093615834833,185
6.004568155293585,185
6.043774175827624,185
6.0827253641535055,185
6.121434080784441,185
6.214911545996786,185
6.253332826678873,185
6.291698552106739,185
6.330009329502703,185
6.359441309605957,185
6.388832806979538,185
7.104801654254318,185
7.124765930135967,185
7.144716819186927,185
7.164654356797458,185
8.287324768861057,185
9.061864299138309,185
9.088256647248985,185
9.11464899535966,185
9.141041343470336,185
9.167433691581012,185
9.193826039691688,185
9.90693749990058,185
11.318508048911813,185
12.496191759963752,185
13.62225880231452,185
14.751120944877387,185
14.781357447986723,185
14.811580636908532,185
14.841790545170428,185
14.871987210025312,185
14.902170661275507,185
14.932340939899207,185
14.962498075698734,185
16.088485367034792,185
16.116836010848402,185
17.301432668601393,185
17.332430064116835,185
17.36344059873116,185
17.39446430969727,185
17.42550123054278,185
17.456551394795298,185
17.48761483970773,185
17.518691602532982,185
17.549781716798663,185
17.580885216032385,185
17.612002137487053,185
17.64313251841557,185
19.2852346407224,185
19.31788536105049,185
19.35052272993815,185
19.383146784638285,185
19.470757565831065,185
19.558355099891543,185
19.590939416920065,185
19.62351056132209,185
19.656068562899947,185
19.68861345890653,185
19.721145282869458,185
19.75366406831634,185
19.78616985250008,185
19.818662665223,185
19.85114254001272,185
19.883609514122128,185
19.91606361735356,185
19.94850488323462,185
19.980933345292925,185
20.01094817127776,185
20.040950256769776,185
21.169551927034973,185
21.199528632124185,185
21.22767306063068,185
22.6455457279433,185
24.28729832861316,185
24.3196005219568,185
24.35189026165497,185
24.38416757751,185
24.41643250304949,185
24.44868506807577,185
24.48092530239117,185
24.513153235798,185
24.545368898098587,185
24.577572322820544,185
24.6097635360409,185
24.64194257128728,185
24.67410945463669,185
24.70626421589148,185
24.73840688485396,185
24.77053749132645,185
24.80265606511128,185
0.1000728384154291,186
0.2151243381986281,186
0.3272101020790275,186
0.3877616018622266,186
0.4978200402020851,186
0.6053243504231136,186
0.6658758502063127,186
0.7724685526433714,186
0.8730413910588005,186
0.9719318682911235,186
1.016004183744301,186
1.0567361471231074,186
1.09766421406768,186
1.138796390984854,186
1.235141365974122,186
2.0225209884335333,186
2.061531200258904,186
2.152530535309487,186
2.8884826800276606,186
2.9319606070863253,186
3.67005823470471,186
3.7147173372225297,186
3.759101140854434,186
3.856701569766645,186
4.593825681243864,186
4.637520051109821,186
4.680946977551022,186
4.778973690453856,186
6.902782312814085,186
8.5586305775083,186
8.659788704696982,186
8.760048902813285,186
10.75937981786808,186
10.867309391669645,186
12.998378336600677,186
14.715475619010345,186
14.823085025123968,186
14.87564492615284,186
14.923416171394004,186
15.026043866000784,186
17.02228150161327,186
17.127512801609647,186
19.72676192597322,186
21.3976222595088,186
21.459565381906543,186
21.57669486127827,186
23.9400156887624,186
23.99376679606769,186
24.039736788943745,186
24.139767702892755,186
26.26850300677154,186
28.51889234431121,186
30.878249939754937,186
33.24086790926788,186
34.91197162516448,186
37.67636752535919,186
37.800127905190045,186
40.49176737824573,186
41.256590355047074,186
41.38268106899654,186
43.53439578418768,186
43.66108318223823,186
45.52562841270317,186
47.79740003757726,186
49.4821655342669,186
49.59922759629197,186
52.944920915948686,186
53.07058013953229,186
53.834423519200485,186
53.90478216685111,186
54.02982461721105,186
54.09956968263779,186
54.22403406213044,186
54.29323267858821,186
54.41692807741706,186
56.15057880715513,186
56.27423133741451,186
58.13542839943037,186
59.59154269711951,186
59.70841568576077,186
61.212607322799954,186
62.66237276660184,186
62.78083654360751,186
62.89904638247469,186
63.01672185825089,186
65.38317932056168,186
67.29956843303873,186
67.42401581036917,186
69.69191594109961,186
69.76241350017047,186
69.8876971228653,186
72.03837131348077,186
74.5637444057491,186
74.69100780456056,186
76.37316979104882,186
78.05575839583715,186
80.82426397540563,186
82.5635789333651,186
82.69304688571475,186
83.92127016418826,186
0.1000728384154291,187
0.1966799409280585,187
0.286759181607179,187
0.375581850144895,187
0.4634011652053001,187
0.5508852098423895,187
0.6379102167332134,187
0.7246372631380259,187
0.7550884029684817,187
0.8406683052794495,187
0.9261194451099052,187
1.0118315137062135,187
1.0978188811884375,187
1.1290975932112812,187
1.2156856822527151,187
1.298523777977298,187
1.3298430944538815,187
1.3616389612413151,187
1.4489616359329922,187
1.5362153406000836,187
2.2640627379275067,187
2.350394761071275,187
2.375981885821293,187
2.393841968730758,187
2.4667807983911736,187
2.539799632386039,187
2.557899761826466,187
2.5666265393353207,187
2.575437352874051,187
2.5843336385420663,187
2.593316882730196,187
2.6023886249146564,187
2.6115504595196946,187
2.6208040396428807,187
2.630151080780397,187
2.639593362689684,187
2.649132734977375,187
2.6587711208245857,187
2.6685105197808845,187
2.6783530152148707,187
2.6883007780394657,187
2.6983560713685257,187
2.708521259830068,187
2.768981052444051,187
2.7743333139202697,187
2.779580308471541,187
2.7847242065451248,187
2.78976709104396,187
2.794710962448935,187
2.799557743475507,187
2.8043092832646472,187
2.803063886354412,187
2.856818487982,187
2.855573091071765,187
2.909327692699353,187
2.908082295789118,187
2.961836897416706,187
3.0155914990442945,187
3.014346102134059,187
3.013100705223824,187
3.0581155373926414,187
3.0479517803738965,187
3.037615592705752,187
3.0271127234424604,187
3.0164485491092456,187
3.005628112817849,187
2.99465614941224,187
2.9835371162022604,187
2.9722752162466897,187
2.960874418842341,187
3.004338475989844,187
2.992670948731448,187
2.980875209088172,187
2.9689544626723183,187
3.0119117574046506,187
2.9997500005389703,187
2.987471959667946,187
3.030080276655699,187
3.0175774787764205,187
3.004965980651523,187
3.0472480963195814,187
3.0344260410617245,187
3.0215019417206896,187
3.0084778388242377,187
2.995355693737711,187
2.982137391458,187
2.968824747132804,187
3.010419505762602,187
2.996923354568626,187
2.983337915616776,187
2.9696647544603003,187
2.955905384498383,187
2.9420612669761432,187
2.9281338137786044,187
2.914124392087306,187
2.900034323448981,187
2.885864887500848,187
2.871617324764575,187
2.8572928375776065,187
2.8978925897951378,187
0.1000728384154291,188
0.1966799409280585,188
0.291259717900147,188
0.3844010845099767,188
0.4214267333632353,188
0.4575407744325241,188
0.5339046620159562,188
1.3096071981220658,188
1.3920037798910554,188
1.474246499720138,188
2.6079109560323257,188
2.644053169764988,188
2.68019538349765,188
2.716337597230312,188
2.7524798109629742,188
2.7886220246956364,188
2.8247642384282985,188
2.8609064521609606,188
2.887113118764645,188
2.9682893922894062,188
2.994435452145225,188
3.020551482435948,188
3.046637660112864,188
3.072694165852553,188
3.0987211728810133,188
3.1247188544242444,188
3.1506873799829545,188
3.1766269209204974,188
3.257537640851623,188
3.97419593505252,188
4.053984046202785,188
4.132552974146492,188
4.157399218749887,188
4.23724546678055,188
4.262091711383945,188
4.286937955987341,188
4.311784200590736,188
4.391630448621399,188
4.416476693224794,188
4.44132293782819,188
4.521169185858852,188
4.546015430462248,188
4.570861675065643,188
4.595707919669039,188
4.675554167699701,188
4.700400412303097,188
4.725246656906492,188
4.750092901509888,188
4.774939146113283,188
4.799785390716679,188
4.824631635320074,188
4.8494778799234695,188
4.929324127954132,188
4.954170372557528,188
5.03401662058819,188
5.0588628651915855,188
5.77560812256921,188
5.855483696085102,188
5.880359266173727,188
5.905234836262352,188
5.930110406350977,188
5.954985976439602,188
5.979861546528227,188
6.004737116616852,188
6.084612690132744,188
6.109488260221369,188
6.134363830309994,188
6.159239400398619,188
6.184114970487244,188
6.2089905405758685,188
6.2888661140917606,188
6.3137416841803855,188
6.3386172542690105,188
6.363492824357635,188
6.38836839444626,188
6.413243964534885,188
6.43811953462351,188
6.462995104712135,188
6.48787067480076,188
6.512746244889385,188
6.53762181497801,188
6.617497388493902,188
6.642372958582527,188
6.722248532098419,188
6.747124102187044,188
6.771999672275669,188
6.796875242364294,188
6.821750812452919,188
6.846626382541544,188
6.871501952630169,188
6.896377522718794,188
6.921253092807419,188
6.946128662896044,188
6.971004232984669,188
6.995879803073294,188
8.177665744197256,188
8.90586509240128,188
9.636257537926166,188
10.77504970144328,188
12.428790500142885,188
0.1000728384154291,189
0.1966799409280585,189
0.291259717900147,189
0.3844010845099767,189
0.4764267333632352,189
0.5100407727843168,189
0.5839046665316465,189
0.6015835904365423,189
0.66948049299773,189
0.7353026174789312,189
0.7470220231300237,189
0.7555805190315488,189
0.7602981293423119,189
0.7603239961283299,189
0.7542937904911133,189
0.7395787187235447,189
-0.2351408652646449,189
0.1000728384154291,190
0.1966799409280585,190
0.291259717900147,190
0.3849010845099767,190
0.4774267333632353,190
0.5049869618850155,190
0.5870027199655999,190
0.6685275179152883,190
0.6946052829263988,190
0.7752727231722377,190
0.8476895721481313,190
0.8648542668558905,190
0.8817789154677178,190
0.8984745163993887,190
0.9149511042177676,190
0.9312178710406512,190
1.002283268367845,190
1.015905093161363,190
1.0313784365933123,190
1.1016525512020772,190
2.7906024937908835,190
4.668264079598684,190
5.855248857049245,190
5.94341001263072,190
7.928353044895429,190
7.967269133536119,190
8.060834761468668,190
10.183054085580606,190
10.225697904584903,190
10.323211468515892,190
10.420353471992511,190
10.462300393490096,190
10.504059560356636,190
10.545637763796348,190
12.664000905809898,190
12.757607169209022,190
12.796041745452184,190
12.834310330210227,190
12.927418254075546,190
12.965370528159635,190
13.003171849755544,190
13.095772776512405,190
13.13394118448903,190
13.2269725983422,190
13.319870669154424,190
13.357711504904527,190
13.395495749769706,190
13.488082960007686,190
15.475154235718746,190
17.310559585450193,190
19.92356331622412,190
22.372371747849485,190
25.32287964392888,190
28.38297030291896,190
30.112573725141445,190
32.02541944971281,190
32.14614057938104,190
34.410449783517265,190
36.42434485198685,190
37.93398240668479,190
38.05425240693813,190
38.1741601317954,190
40.24100817035127,190
41.972126171966856,190
42.09370917071905,190
42.2153722386075,190
42.33699721913446,190
43.84563136210562,190
43.96776549180569,190
46.98147189873647,190
49.18535948746049,190
49.30974264059364,190
49.43400995843039,190
49.55816406388339,190
49.67723130811509,190
51.94448896755621,190
52.069293730608734,190
52.19377600925445,190
53.873160492209394,190
53.99779491706232,190
55.91472072342008,190
57.777185964567344,190
57.89368952362029,190
59.565544258041065,190
59.68275088368146,190
61.409759703261535,190
61.527539457363766,190
63.25509830860583,190
63.372995826584976,190
64.8154364555904,190
65.97057447133747,190
67.63720915017811,190
69.35947177110401,190
70.80403909383503,190
70.91718324570147,190
71.03020178822962,190
71.1430977910587,190
71.25585218070236,190
71.3684597045013,190
72.86780166922298,190
0.1000728384154291,191
0.1971799409280585,191
0.292259717900147,191
0.3785457942180381,191
0.4639655119295589,191
1.6472253567095272,191
1.7320933631177418,191
2.4611921388317453,191
2.551462409588203,191
2.6411331607085327,191
2.730268641848042,191
3.514277665781717,191
3.604643607554999,191
3.6398615469793993,191
3.6749357393373696,191
3.764811492954004,191
5.802724576984155,191
5.894267685209024,191
5.985389828179586,191
6.076344020162332,191
6.112135711554992,191
6.2027700277609705,191
6.286308366302955,191
6.369738589469898,191
6.453975479547489,191
6.5381858455581545,191
6.567369821910369,191
6.596527551729786,191
6.680659172554123,191
6.764611748476136,191
6.7939559253497,191
6.823275163267362,191
6.852569588888991,191
6.881839321423876,191
6.911084483806598,191
6.940305197109091,191
7.024322779346812,191
7.053566993643153,191
7.137787954379427,191
7.1669857645971655,191
7.251160531733739,191
7.280312366281259,191
7.309441368524539,191
7.338547644634354,191
7.422564027328598,191
7.451591560114729,191
7.535630264748442,191
7.56468016976546,191
7.648775118832099,191
7.732813823465812,191
7.816796909515369,191
7.845858036969411,191
7.929998442028272,191
8.014219402764546,191
8.043522234503733,191
8.072908302266704,191
8.142615181822883,191
9.557101590056526,191
10.686998230834114,191
10.718341959138025,191
10.749745854605544,191
10.836210647095548,191
10.922737100590574,191
10.994553805757867,191
11.716011287142145,191
13.831053735185968,191
15.310896397997247,191
17.433572055269586,191
17.467129403222906,191
17.555805334318983,191
17.589602728803264,191
17.62352461131345,191
17.712160704155075,191
19.35945617916117,191
21.536766645927536,191
21.634381850679027,191
23.815571864564525,191
27.12950785966645,191
30.28172262521516,191
30.39749460430871,191
33.651859094817745,191
33.77080479027759,191
35.915161756296264,191
36.03430942954551,191
38.99351577546474,191
40.72957950600839,191
42.18792607797034,191
42.31427227226308,191
44.05056676071872,191
45.5640455607484,191
45.69084822737143,191
45.81718336788953,191
46.63673407939274,191
46.76293268410351,191
46.8889344318961,191
47.70812591372804,191
47.834045764131005,191
49.058725588673326,191
49.18454460088903,191
51.390670705496674,191
0.1000728384154291,192
0.1966799409280585,192
0.291259717900147,192
0.3819010898059507,192
3.373986069816937,192
3.4740889861768385,192
3.5179757482892176,192
3.615885049808612,192
3.7116507671362062,192
3.80513208429872,192
3.899668992269625,192
6.486230910528292,192
9.53924161266147,192
12.653432829942693,192
15.912456110800166,192
20.12318545338217,192
20.24814819416643,192
20.36217635742069,192
23.744729685399307,192
27.132574738307884,192
27.263753540078604,192
27.395741118245382,192
29.92903433435156,192
30.06383155610015,192
32.1443377441474,192
34.070769277272866,192
34.205409993105214,192
34.339491367468646,192
34.47244255228538,192
36.80337026358559,192
38.54682648475398,192
40.06753315820114,192
40.201310043386826,192
42.52407873158873,192
42.64840124284447,192
45.17150400315941,192
45.29517978911818,192
47.76315159087599,192
49.96817225699843,192
50.09362116938056,192
52.71009669109745,192
52.83407719090147,192
54.05649871781034,192
54.18032821669741,192
54.30390125169916,192
56.5127989163005,192
56.64206562263249,192
58.718247210212446,192
58.84839748717015,192
60.53360789297631,192
61.357714795719005,192
61.43359365360552,192
61.56439293421551,192
61.69511388424177,192
61.82566503866532,192
63.05525001865653,192
63.18538614253945,192
65.20729608723143,192
65.33789677150101,192
66.85488922325408,192
68.59554629916329,192
68.72651051707902,192
68.80259853012012,192
68.87869234026331,192
69.00716670719471,192
69.1353077995059,192
69.20845393886057,192
69.33624171593162,192
69.46361489096518,192
69.59087930313164,192
70.76130099101579,192
72.2748134249439,192
72.401867022433,192
73.8607187831963,192
73.98625871038318,192
74.11180260110574,192
74.23722161615571,192
74.36244208429493,192
75.81943398315163,192
75.94503050735185,192
76.05726100197026,192
76.10706957494804,192
76.15692656552383,192
76.2068324468095,192
76.31165214693138,192
76.35211538216063,192
76.39261618321726,192
76.43315483322331,192
78.8354861854572,192
81.24127484550664,192
83.85816026916692,192
86.31066061248967,192
89.25927115669438,192
89.37213109126279,192
90.12353007188032,192
90.2366471706886,192
92.08754591336438,192
92.14672983130404,192
92.26095879515596,192
92.31983738457748,192
0.1000728384154291,193
0.2151243381986281,193
0.3306758379818272,193
0.4462273377650262,193
0.5617788375482253,193
0.6773303373314243,193
0.7894161012118237,193
0.9049676009950228,193
1.0205191007782215,193
1.0810706005614208,193
1.14162210034462,193
1.202173600127819,193
1.262725099911018,193
1.323276599694217,193
1.383828099477416,193
1.4443795992606152,193
1.5599310990438142,193
1.6204825988270133,193
1.6810340986102124,193
1.7415855983934114,193
1.8021370981766105,193
1.8626885979598096,193
1.9232400977430089,193
1.983791597526208,193
2.0443430973094068,193
2.104894597092606,193
2.220446096875805,193
2.280997596659004,193
2.341549096442203,193
2.4021005962254023,193
2.4626520960086014,193
2.5232035957918004,193
2.5837550955749995,193
2.6443065953581986,193
2.7048580951413976,193
2.7654095949245967,193
2.825961094707796,193
2.886512594490995,193
3.002064094274194,193
3.062615594057393,193
3.123167093840592,193
3.2387185936237914,193
3.2992700934069905,193
3.3598215931901896,193
3.475373092973389,193
3.590924592756588,193
3.651476092539787,193
3.712027592322986,193
3.772579092106185,193
3.833130591889384,193
3.893682091672584,193
3.9542335914557833,193
4.0147850912389815,193
4.075336591022181,193
4.190888090805379,193
4.2514395905885785,193
4.3119910903717775,193
4.427542590154976,193
4.488094089938175,193
4.603645589721374,193
4.664197089504573,193
4.724748589287772,193
4.785300089070971,193
4.84585158885417,193
4.9064030886373695,193
4.966954588420569,193
5.027506088203768,193
5.088057587986967,193
5.148609087770166,193
5.209160587553365,193
5.269712087336564,193
5.330263587119763,193
5.390815086902962,193
5.451366586686161,193
5.51191808646936,193
5.572469586252559,193
5.633021086035758,193
5.693572585818957,193
5.809124085602156,193
5.869675585385355,193
5.930227085168554,193
5.990778584951753,193
6.0513300847349525,193
6.111881584518152,193
6.172433084301351,193
6.23298458408455,193
6.3485360838677485,193
6.409087583650948,193
6.469639083434147,193
6.530190583217346,193
6.590742083000545,193
6.651293582783744,193
6.711845082566943,193
6.772396582350142,193
6.832948082133341,193
6.89349958191654,193
6.954051081699739,193
7.014602581482938,193
7.075154081266137,193
7.135705581049336,193
0.1000728384154291,194
0.1416799409280584,194
0.236259717900147,194
0.319335449607448,194
0.4020109677763812,194
0.4276704688609231,194
0.5082065068825131,194
1.2271467649086365,194
1.3073774554475197,194
1.3782102145894417,194
1.4488388650759108,194
1.5193685047968275,194
1.5374057941778547,194
2.948877876315916,194
3.0280552410229093,194
3.109187995706404,194
3.885916327749098,194
3.915662923519218,194
5.5649002290370895,194
5.65980488916685,194
5.754817080322715,194
5.848390563357263,194
5.942287036756557,194
6.033138060549778,194
6.12486493734507,194
6.161551327983421,194
6.25252490637688,194
8.598351770619434,194
10.591147118786854,194
12.586842113713306,194
15.038128906468431,194
15.145307654122394,194
17.563105887282262,194
19.704970612056574,194
19.821737834099693,194
19.935003756416105,194
21.841852586182103,194
21.956904909513657,194
22.071811768040504,194
24.2684428909382,194
26.467150859894268,194
26.586208923688503,194
26.70459933051962,194
29.31057001795234,194
29.431590765283342,194
29.55256859389589,194
29.66855386821077,194
32.68328093597405,194
32.80207837233059,194
34.312716385988395,194
36.78207177956684,194
36.908009990136925,194
37.023287414591614,194
40.64069902805597,194
42.96491253406944,194
43.091750697555824,194
45.16540478832301,194
45.29281403262151,194
47.6186583213207,194
47.74701049691343,194
50.07365681723909,194
50.2025591160033,194
51.43002573677561,194
53.505571312340734,194
53.63506331311055,194
55.96279264526269,194
56.0929901781505,194
58.70916965306901,194
58.831886065017216,194
60.56008709670209,194
60.67863335163497,194
63.97790755779647,194
65.48074044735336,194
65.59700195939445,194
65.7129284933319,194
68.07773037702941,194
68.19456644059323,194
69.35530765057706,194
71.49774677754544,194
73.50742132664823,194
73.62604022474193,194
75.69620560555704,194
75.82037525260714,194
75.94416178703081,194
79.18128527641069,194
80.8504688882805,194
80.96505000382435,194
82.87215187340747,194
84.54250874310505,194
86.45084156781208,194
86.56736227065097,194
86.68370960592996,194
88.69172166228067,194
90.1404734694935,194
90.2576145449258,194
91.41856520563135,194
91.53576081931364,194
92.98276013076078,194
94.43018358886016,194
94.54614888071788,194
0.1000728384154291,195
0.1966799409280585,195
0.291259717900147,195
0.3849010845099767,195
0.4774267333632353,195
0.5690407744325241,195
0.5961365342198408,195
0.6744071064559437,195
0.6976007540978492,195
0.7659416464856301,195
0.8342448028452342,195
0.9006498011476939,195
0.9669109063870852,195
1.6774728375203556,195
1.7496762948758549,195
1.7669842841751522,195
1.786561914039368,195
1.7955471074856466,195
1.804568401788885,195
2.512733808969671,195
2.5853317373148745,195
2.655534490262682,195
2.7254451879016703,195
3.438242412423308,195
3.4599106714777297,195
3.5361872718386,195
3.6147626668862647,195
4.3347704441003145,195
4.361773911183292,195
4.388924447139317,195
4.471226510842854,195
4.553017181595379,195
4.579842693423444,195
4.60670329376083,195
4.633599230339343,195
4.6573500812701525,195
4.675212302496249,195
4.693185230036789,195
4.765833136876637,195
4.783587050875241,195
4.796050408174807,195
4.811294441362435,195
5.98685145868879,195
7.167540197511727,195
7.194765922864491,195
7.220542085608059,195
7.244819737290555,195
7.323642528866941,195
7.347575216805154,195
7.426082111214811,195
7.449692107056791,195
7.4734073702893795,195
7.497230164026433,195
7.521162851964647,195
7.545207903971487,195
7.620653637935931,195
7.641300200735742,195
7.662155998190457,195
7.683230172162467,195
7.759532693093234,195
7.7810744971684755,195
7.802867609327251,195
7.879925336008483,195
7.902262463485414,195
7.924895535474235,195
7.947843176563794,195
7.971126512875372,195
7.992418105965072,195
8.013931957324559,195
8.035678410222346,195
8.057668813755328,195
8.079915683036262,195
8.102432889183575,195
8.12523588656407,195
8.14834200709086,195
8.162893564691359,195
8.232445121993834,195
8.946224094619566,195
9.664787234058196,195
9.745765553107075,195
9.772377631878072,195
9.799715620716626,195
9.827903104265744,195
9.857114560221843,195
9.887615162198957,195
9.97485729611438,195
10.009794413363151,195
10.05099534547847,195
10.095662012015993,195
10.140328678553516,195
10.18499534509104,195
10.229662011628562,195
10.274328678166086,195
10.318995344703607,195
10.363662011241132,195
10.408328677778655,195
10.507995347743446,195
10.552662014280967,195
10.597328680818492,195
10.696995350783284,195
0.1000728384154291,196
0.1966799409280585,196
0.291759717900147,196
0.3854010845099767,196
0.4779267333632352,196
0.5620521429051747,196
0.5873297956727985,196
0.6671525895493937,196
0.7426665281805731,196
0.8153535580191351,196
0.8877337431463934,196
0.9068159056756236,196
2.028853912458155,196
2.0533884415331816,196
2.827006484002206,196
4.2475909777650624,196
4.2751194816747695,196
4.295369807697275,196
4.315620133719781,196
4.337358567930201,196
5.461441729284266,196
6.5884803273448735,196
7.316950995781376,196
8.74235488047473,196
10.170955690545044,196
10.213288113579852,196
10.310646646334568,196
10.353031425868714,196
10.395442590688363,196
10.43788028076916,196
10.535344637579836,196
10.577835804106218,196
10.620353924875774,196
10.717899145982678,196
11.447538727215168,196
11.484969575931776,196
12.212512713190646,196
12.247914942852043,196
12.284327341817855,196
13.011817287085702,196
13.741324234546523,196
14.879046046788096,196
16.30764685685841,196
16.40497927989322,196
16.447337812647934,196
16.48972259218208,196
16.53213375700173,196
16.57457144708253,196
16.617035803893206,196
16.659526970419588,196
16.702045091189145,196
16.744590312296047,196
16.787162781426787,196
16.88476264788635,196
16.92739006262497,196
16.970045178265465,196
17.01272814913121,196
17.055439131274696,196
17.098178282506776,196
17.827027510051956,196
17.863739726341606,196
19.05681208641412,196
20.197317492394884,196
20.294182908805663,196
20.336020776937392,196
20.377831247740296,196
20.419614470519363,196
20.46137059296108,196
20.503099761159625,196
20.544802119642465,196
20.586477811395422,196
20.68312697788724,196
20.779749759093544,196
20.82134629352042,196
20.862916718227392,196
20.90446116884998,196
21.000979779621776,196
21.042472683396067,196
21.083940011667025,196
21.125381894590447,196
21.166798461004085,196
21.208189838447574,196
21.304556153181945,196
21.34589753020876,196
21.387214093288865,196
21.42329388884297,196
21.45054098804882,196
22.177723143851672,196
22.90692542855752,196
24.04434411769001,196
24.13812606822792,196
25.3329568776192,196
25.374151185219976,196
25.41532139638858,196
25.45646762669587,196
25.49758999060939,196
25.53868860150912,196
25.57976357170288,196
25.62081501244144,196
25.66107673982084,196
0.1000728384154291,197
0.1971799409280585,197
0.292259717900147,197
0.3309010845099767,197
0.4234267333632353,197
0.5155675770108132,197
0.6072234593284547,197
0.6985540236793608,197
0.7905287199902707,197
0.8823958852750758,197
0.9741577835138918,197
1.7030073973591562,197
1.7938506850293088,197
2.525055725201684,197
3.258224268847455,197
3.298474679613437,197
3.3389651364753514,197
3.3797077476054,197
3.4207159078620184,197
3.462004515451892,197
3.5035902401441192,197
3.5998788477339927,197
3.641167455323866,197
3.6824560629137393,197
3.7757028834781257,197
3.81381144638586,197
3.906785472028994,197
3.944628485810158,197
3.9823438330812966,197
4.019934692594326,197
4.05740408864451,197
4.0947549020616085,197
4.1319898801822985,197
4.224340693599396,197
4.3168100896495805,197
4.35440094916261,197
4.392116296433748,197
4.429959310214913,197
4.467933335858047,197
4.506041898765781,197
4.544288719330167,197
4.582677729571156,197
4.621213091723646,197
4.647645939327801,197
4.674289344064916,197
4.701152565144027,197
4.728245711140359,197
4.810579864494527,197
4.8946141062304624,197
4.925448170118059,197
4.958005359582628,197
4.984805293567503,197
6.169938869960631,197
7.3593971209600815,197
7.396681562252367,197
7.490993328578795,197
7.533770829625452,197
7.587534457631434,197
7.641298085637415,197
7.750061705894793,197
7.803825333900774,197
7.857588961906756,197
7.966352582164133,197
8.020116210170116,197
8.073879838176097,197
8.127643466182079,197
8.236407086439456,197
8.345170706696834,197
8.398934334702815,197
8.452697962708797,197
8.506461590714778,197
8.56022521872076,197
8.613988846726741,197
8.667752474732723,197
8.721516102738704,197
8.775279730744685,197
8.884043351002063,197
8.937806979008045,197
8.991570607014026,197
9.045334235020007,197
9.099097863025989,197
9.15286149103197,197
9.261625111289348,197
9.370388731546726,197
9.424152359552709,197
9.532915979810085,197
9.59117960506525,197
9.649443230320417,197
9.76270685557558,197
9.820970480830743,197
9.87923410608591,197
9.937497731341075,197
9.99576135659624,197
10.109024981851404,197
10.16728860710657,197
10.225552232361736,197
10.3388158576169,197
10.397079482872066,197
10.45534310812723,197
10.513606733382396,197
0.1000728384154291,198
0.1971799409280585,198
0.292259717900147,198
0.3309010845099767,198
0.4234267333632353,198
0.4600407744325241,198
0.5508840621026767,198
0.6412507988738076,198
0.6763643169808448,198
0.7020015456544039,198
0.7825197210844944,198
0.7999653885839718,198
0.8173250940807473,198
0.8346002905235097,198
0.8517923825600919,198
0.8689027289066665,198
0.8859326445644831,198
0.9003520235532778,198
0.914719046042736,198
0.9290342545970168,198
0.937025798472509,198
0.944941774158951,198
0.9527833067829242,198
0.9605514884581584,198
1.0232473797175166,198
1.030872010863339,198
1.0384263832418823,198
1.0459114704471193,198
1.0533282194587128,198
1.1156775517186197,198
1.122960364150395,198
1.130177530124961,198
1.1373299003763149,198
1.1994183038703687,198
1.2064435486298934,198
1.213406422518292,198
1.2753076939847507,198
1.278209252518412,198
1.2762451083539852,198
1.3292608434380595,198
1.327256538415147,198
1.325232273285886,198
1.378188127414727,198
1.3761241795374874,198
1.374040507768793,198
1.371937189609399,198
1.3698143019533993,198
1.3676719210953212,198
1.3655101227371111,198
1.4121013875484862,198
1.4036926523598612,198
1.4502839171712365,198
1.4968751819826114,198
1.4884664467939863,198
1.4800577116053613,198
1.5266489764167364,198
1.5182402412281113,198
1.5098315060394862,198
1.5564227708508611,198
1.6030140356622364,198
1.6496053004736115,198
1.6411965652849865,198
1.6327878300963614,198
1.6243790949077364,198
1.6159703597191113,198
1.6075616245304862,198
1.5991528893418612,198
1.590744154153236,198
1.6373354189646112,198
1.6289266837759862,198
1.620517948587361,198
1.612109213398736,198
1.6587004782101111,198
1.650291743021486,198
1.641883007832861,198
1.633474272644236,198
1.616280392002959,198
1.5991060045637602,198
1.581951186621167,198
1.5648160150692734,198
1.5477005674088349,198
1.5306049217544768,198
1.513529156842017,198
1.4964733520359048,198
1.5344375873367804,198
1.5174219433891545,198
1.5004265014892135,198
1.483451343592751,198
1.4664965523232265,198
1.4495622109799595,198
1.4326484035464555,198
1.4707552146988714,198
1.453882729814617,198
1.4370310349811062,198
1.4202002170046475,198
1.4033903634194893,198
1.3866015624970127,198
1.3698339032550837,198
1.353087475467562,198
1.3363623696739724,198
0.1000728384154291,199
0.1966799409280585,199
0.291259717900147,199
0.3844010845099767,199
0.4764267333632352,199
0.5679305821398727,199
0.5901070643707937,199
0.6102276335426731,199
0.625384119431063,199
0.6926996583737438,199
0.7055405507615248,199
0.7699217393885148,199
0.8302703349761752,199
0.8297370660727931,199
0.8232068603536201,199
0.8081584551980806,199
-0.2217277905294584,199
0.1000728384154291,200
0.1966799409280585,200
0.28377605836494435,200
0.3847351209412383,200
0.48569418351753224,200
0.5881532416830825,200
0.6911123008619117,200
0.7935713590274619,200
0.8875716240297126,200
0.9815718890319632,200
1.0735448287020493,200
1.1125450940023232,200
1.155011093724804,200
1.2579701529036331,200
1.3059292161057758,200
1.3538882793079186,200
1.4018473425100613,200
1.449806405712204,200
1.5527654648910332,200
1.600724528093176,200
1.6486835912953186,200
1.6966426544974613,200
1.744601717699604,200
1.7925607809017468,200
1.8405198441038895,200
1.8884789073060322,200
1.936437970508175,200
2.039397029687004,200
2.087356092889147,200
2.1353151560912895,200
2.1832742192934322,200
2.231233282495575,200
2.2791923456977177,200
2.382151404876547,200
2.4301104680786896,200
2.4780695312808323,200
2.5810285904596615,200
2.628987653661804,200
2.676946716863947,200
2.7249057800660896,200
2.7728648432682323,200
2.820823906470375,200
2.868782969672518,200
2.9167420328746605,200
2.964701096076803,200
3.012660159278946,200
3.0606192224810886,200
3.1085782856832314,200
3.156537348885374,200
3.204496412087517,200
3.307455471266346,200
3.3554145344684887,200
3.4033735976706314,200
3.451332660872774,200
3.499291724074917,200
3.5472507872770596,200
3.5952098504792023,200
3.643168913681345,200
3.6911279768834877,200
3.7390870400856304,200
3.787046103287773,200
3.8900051624666023,200
3.937964225668745,200
4.040923284847574,200
4.088882348049717,200
4.13684141125186,200
4.184800474454002,200
4.232759537656145,200
4.280718600858288,200
4.3286776640604305,200
4.43163672323926,200
4.479595786441402,200
4.527554849643545,200
4.575513912845688,200
4.623472976047831,200
4.671432039249973,200
4.719391102452116,200
4.767350165654259,200
4.8153092288564014,200
4.863268292058544,200
4.911227355260687,200
5.014186414439516,200
5.117145473618345,200
5.165104536820488,200
5.213063600022631,200
5.31602265920146,200
5.418981718380289,200
5.466940781582432,200
5.5148998447845745,200
5.617858903963404,200
5.665817967165546,200
5.713777030367689,200
5.816736089546518,200
5.864695152748661,200
5.912654215950804,200
5.9606132791529465,200
6.008572342355089,200
6.111531401533918,200
6.212990465123491,200
6.259449529011087,200
