Food Produced,Food Eaten,Current Food,run_id
0.0,60.0,340,1
0.0,60.0,280,1
0.0,60.0,220,1
0.0,60.0,160,1
0.0,60.0,100,1
0.0,60.0,40,1
0.0,60.0,0,1
0.0,33.75,0,1
0.0,21.6,0,1
18.0,12.15,18,1
24.0,33.75,24,1
36.0,79.35000000000001,36,1
18.0,144.15,18,1
12.0,144.15,12,1
24.0,144.15,24,1
39.0,86.4,39,1
45.0,126.15,45,1
45.0,153.60000000000002,45,1
45.0,153.60000000000002,45,1
45.0,153.60000000000002,45,1
32.0,60.0,32,1
32.0,60.0,32,1
32.0,60.0,32,1
32.0,60.0,32,1
19.0,60.0,19,1
32.0,60.0,32,1
26.0,86.4,26,1
19.0,86.4,19,1
38.0,86.4,38,1
38.0,117.6,38,1
32.0,117.6,32,1
16.0,117.6,16,1
44.0,117.6,44,1
51.0,144.15,51,1
57.0,194.4,57,1
37.0,252.15000000000003,37,1
28.0,240.0,28,1
9.0,240.0,9,1
92.0,240.0,92,1
116.0,252.15000000000003,116,1
126.0,303.75,126,1
135.0,390.15,135,1
123.0,421.35,123,1
37.0,421.35,37,1
104.0,317.40000000000003,104,1
123.0,375.0,123,1
104.0,421.35,104,1
129.0,421.35,129,1
138.0,558.1500000000001,138,1
172.0,777.5999999999999,172,1
43.0,889.3499999999999,43,1
178.0,889.3499999999999,178,1
178.0,1109.4,178,1
209.0,1109.4,209,1
215.0,1530.15,215,1
231.0,1848.15,231,1
231.0,1983.75,231,1
181.0,1033.35,181,1
49.0,1033.35,49,1
178.0,1008.6,178,1
166.0,1269.6,166,1
202.0,1269.6,202,1
223.0,1591.35,223,1
165.0,1653.75,165,1
271.0,1653.75,271,1
280.0,1782.15,280,1
280.0,1881.6,280,1
187.0,1881.6,187,1
280.0,1881.6,280,1
259.0,1949.4,259,1
280.0,1949.4,280,1
282.0,2053.3500000000004,282,1
283.0,2196.15,283,1
112.0,2269.3500000000004,112,1
244.0,2269.3500000000004,244,1
287.0,2381.4,287,1
81.0,2535.0,81,1
288.0,2535.0,288,1
163.0,1083.75,163,1
188.0,1083.75,188,1
224.0,1749.6,224,1
180.0,1848.15,180,1
287.0,1848.15,287,1
289.0,2018.4,289,1
291.0,2124.15,291,1
0.0,2306.4,0,1
228.0,1297.35,228,1
273.0,1949.4,273,1
241.0,2124.15,241,1
277.0,2124.15,277,1
279.0,2306.4,279,1
280.0,2381.4,280,1
228.0,2535.0,228,1
310.0,2535.0,310,1
236.0,2613.6000000000004,236,1
361.0,2613.6000000000004,361,1
359.0,2815.3500000000004,359,1
364.0,2815.3500000000004,364,1
365.0,2898.15,365,1
354.0,3197.4000000000005,354,1
0.0,60.0,340,2
0.0,60.0,280,2
0.0,60.0,220,2
0.0,60.0,160,2
0.0,60.0,100,2
0.0,60.0,40,2
0.0,60.0,0,2
0.0,18.15,0,2
0.0,12.15,0,2
0.0,7.35,0,2
0.0,2.4000000000000004,0,2
0.0,1.35,0,2
0.0,0.6000000000000001,0,2
0.0,0.15,0,2
0.0,60.0,340,3
72.0,60.0,352,3
47.39999999999998,38.400000000000006,361,3
23.149999999999977,18.15,366,3
35.14999999999998,18.15,383,3
29.600000000000023,48.6,364,3
53.60000000000002,48.6,369,3
65.15,126.15,308,3
59.150000000000006,126.15,241,3
59.150000000000006,126.15,174,3
47.150000000000006,126.15,95,3
139.0,126.15,139,3
196.0,252.15000000000003,196,3
291.0,576.6,291,3
443.0,1297.35,443,3
658.0,2613.6000000000004,658,3
665.0,2856.6000000000004,665,3
612.0,3465.6000000000004,612,3
612.0,3465.6000000000004,612,3
612.0,3465.6000000000004,612,3
701.0,3241.3500000000004,701,3
686.0,3792.15,686,3
686.0,3792.15,686,3
686.0,3792.15,686,3
686.0,3792.15,686,3
686.0,3792.15,686,3
520.0,3792.15,520,3
520.0,3792.15,520,3
499.0,2496.15,499,3
499.0,2496.15,499,3
499.0,2496.15,499,3
499.0,2496.15,499,3
499.0,2496.15,499,3
499.0,2496.15,499,3
499.0,2496.15,499,3
499.0,2496.15,499,3
499.0,2496.15,499,3
499.0,2496.15,499,3
499.0,2496.15,499,3
499.0,2496.15,499,3
329.0,1135.35,329,3
329.0,1135.35,329,3
329.0,1135.35,329,3
329.0,1135.35,329,3
329.0,1135.35,329,3
329.0,1135.35,329,3
329.0,1135.35,329,3
329.0,1135.35,329,3
304.0,912.6,304,3
304.0,912.6,304,3
304.0,912.6,304,3
266.0,693.6,266,3
266.0,693.6,266,3
266.0,693.6,266,3
266.0,693.6,266,3
266.0,693.6,266,3
209.0,453.75,209,3
209.0,453.75,209,3
209.0,453.75,209,3
209.0,453.75,209,3
209.0,453.75,209,3
209.0,453.75,209,3
209.0,453.75,209,3
209.0,453.75,209,3
209.0,453.75,209,3
209.0,453.75,209,3
209.0,453.75,209,3
209.0,453.75,209,3
209.0,453.75,209,3
209.0,453.75,209,3
138.39999999999998,194.4,153,3
139.0,194.4,139,3
139.0,194.4,139,3
133.0,173.4,133,3
133.0,173.4,133,3
133.0,173.4,133,3
133.0,173.4,133,3
133.0,173.4,133,3
133.0,173.4,133,3
133.0,173.4,133,3
113.6,117.6,129,3
113.6,117.6,125,3
113.6,117.6,121,3
113.6,117.6,117,3
81.60000000000001,72.60000000000001,126,3
120.0,144.15,120,3
120.0,144.15,120,3
120.0,144.15,120,3
81.60000000000001,72.60000000000001,129,3
113.15,126.15,116,3
114.0,126.15,114,3
114.0,126.15,114,3
114.0,126.15,114,3
114.0,126.15,114,3
114.0,126.15,114,3
114.0,126.15,114,3
114.0,126.15,114,3
100.35,109.35,105,3
101.0,109.35,101,3
101.0,109.35,101,3
0.0,60.0,340,4
0.0,60.0,280,4
0.0,60.0,220,4
54.0,60.0,214,4
54.0,60.0,208,4
45.0,60.0,193,4
36.0,60.0,169,4
27.0,60.0,136,4
18.0,60.0,94,4
27.0,60.0,61,4
27.0,60.0,28,4
27.0,60.0,27,4
27.0,60.0,27,4
27.0,60.0,27,4
27.0,60.0,27,4
27.0,60.0,27,4
27.0,60.0,27,4
27.0,60.0,27,4
27.0,60.0,27,4
27.0,60.0,27,4
27.0,60.0,27,4
27.0,60.0,27,4
27.0,60.0,27,4
27.0,60.0,27,4
27.0,60.0,27,4
27.0,60.0,27,4
27.0,60.0,27,4
27.0,60.0,27,4
27.0,60.0,27,4
27.0,60.0,27,4
27.0,60.0,27,4
27.0,60.0,27,4
27.0,60.0,27,4
27.0,60.0,27,4
27.0,60.0,27,4
27.0,60.0,27,4
27.0,60.0,27,4
27.0,60.0,27,4
27.0,60.0,27,4
27.0,60.0,27,4
27.0,60.0,27,4
27.0,60.0,27,4
27.0,60.0,27,4
27.0,60.0,27,4
27.0,60.0,27,4
27.0,60.0,27,4
27.0,60.0,27,4
27.0,60.0,27,4
27.0,60.0,27,4
27.0,60.0,27,4
27.0,60.0,27,4
27.0,60.0,27,4
27.0,60.0,27,4
27.0,60.0,27,4
27.0,60.0,27,4
27.0,60.0,27,4
27.0,60.0,27,4
27.0,60.0,27,4
27.0,60.0,27,4
27.0,60.0,27,4
27.0,60.0,27,4
27.0,60.0,27,4
27.0,60.0,27,4
27.0,60.0,27,4
27.0,60.0,27,4
27.0,60.0,27,4
27.0,60.0,27,4
27.0,60.0,27,4
27.0,60.0,27,4
27.0,60.0,27,4
27.0,60.0,27,4
27.0,60.0,27,4
27.0,60.0,27,4
27.0,60.0,27,4
27.0,60.0,27,4
27.0,60.0,27,4
27.0,60.0,27,4
27.0,60.0,27,4
27.0,60.0,27,4
27.0,60.0,27,4
27.0,60.0,27,4
27.0,60.0,27,4
27.0,60.0,27,4
27.0,60.0,27,4
27.0,60.0,27,4
27.0,60.0,27,4
27.0,60.0,27,4
27.0,60.0,27,4
27.0,60.0,27,4
27.0,60.0,27,4
27.0,60.0,27,4
27.0,60.0,27,4
27.0,60.0,27,4
27.0,60.0,27,4
27.0,60.0,27,4
27.0,60.0,27,4
27.0,60.0,27,4
27.0,60.0,27,4
27.0,60.0,27,4
27.0,60.0,27,4
0.0,60.0,340,5
0.0,60.0,280,5
0.0,60.0,220,5
60.0,60.0,220,5
60.0,60.0,220,5
60.0,60.0,220,5
60.0,60.0,220,5
60.0,60.0,220,5
60.0,60.0,220,5
40.0,60.0,200,5
40.0,60.0,180,5
10.349999999999994,25.35,165,5
22.349999999999994,25.35,162,5
11.349999999999994,25.35,148,5
22.349999999999994,25.35,145,5
0.0,25.35,119,5
11.699999999999989,25.35,106,5
23.349999999999994,25.35,104,5
23.349999999999994,25.35,102,5
11.349999999999994,25.35,88,5
23.35,25.35,86,5
23.35,25.35,84,5
12.35,25.35,71,5
22.35,25.35,68,5
22.35,25.35,65,5
22.35,25.35,62,5
22.35,25.35,59,5
22.35,25.35,56,5
22.35,25.35,53,5
22.35,25.35,50,5
22.35,25.35,47,5
22.35,25.35,44,5
22.35,25.35,41,5
11.35,25.35,27,5
12.35,25.35,14,5
12.0,25.35,12,5
12.0,25.35,12,5
12.0,25.35,12,5
12.0,25.35,12,5
12.0,25.35,12,5
12.0,25.35,12,5
12.0,21.6,12,5
12.0,21.6,12,5
12.0,21.6,12,5
12.0,21.6,12,5
12.0,21.6,12,5
12.0,21.6,12,5
12.0,21.6,12,5
12.0,12.15,12,5
12.35,7.35,17,5
12.15,12.15,17,5
12.15,12.15,17,5
11.6,9.6,19,5
12.0,15.0,16,5
12.0,15.0,13,5
12.0,15.0,12,5
12.0,15.0,12,5
12.0,15.0,12,5
12.0,15.0,12,5
12.0,15.0,12,5
12.0,15.0,12,5
12.0,15.0,12,5
12.35,7.35,17,5
12.0,15.0,14,5
12.0,15.0,12,5
12.0,15.0,12,5
0.0,15.0,0,5
12.0,9.6,12,5
12.0,18.15,12,5
12.0,12.15,12,5
12.0,12.15,12,5
12.0,12.15,12,5
12.0,12.15,12,5
12.0,12.15,12,5
12.0,12.15,12,5
12.0,12.15,12,5
12.0,12.15,12,5
12.0,12.15,12,5
12.0,12.15,12,5
12.0,12.15,12,5
12.0,12.15,12,5
12.0,12.15,12,5
12.0,12.15,12,5
12.0,12.15,12,5
12.0,12.15,12,5
12.0,12.15,12,5
12.0,12.15,12,5
12.0,12.15,12,5
12.0,12.15,12,5
12.0,12.15,12,5
12.0,12.15,12,5
12.0,12.15,12,5
12.0,12.15,12,5
12.0,12.15,12,5
12.0,12.15,12,5
12.0,12.15,12,5
2.0,12.15,2,5
2.0,12.15,2,5
2.0,12.15,2,5
2.0,12.15,2,5
0.0,60.0,340,6
0.0,60.0,280,6
0.0,60.0,220,6
0.0,60.0,160,6
0.0,60.0,100,6
0.0,54.150000000000006,45,6
0.0,54.150000000000006,0,6
0.0,33.75,0,6
0.0,21.6,0,6
0.0,12.15,0,6
0.0,7.35,0,6
0.0,5.4,0,6
0.0,3.75,0,6
0.0,2.4000000000000004,0,6
0.0,1.35,0,6
0.0,0.6000000000000001,0,6
0.0,0.15,0,6
0.0,60.0,340,7
108.0,60.0,388,7
90.0,60.0,418,7
81.0,60.0,439,7
90.0,60.0,469,7
89.60000000000002,117.6,441,7
80.60000000000002,117.6,404,7
62.60000000000002,117.6,349,7
59.60000000000002,117.6,291,7
69.60000000000002,117.6,243,7
69.60000000000001,117.6,195,7
69.60000000000001,117.6,147,7
69.60000000000001,117.6,99,7
70.0,117.6,70,7
70.0,117.6,70,7
70.0,117.6,70,7
70.0,117.6,70,7
70.0,117.6,70,7
70.0,117.6,70,7
40.35,43.35,67,7
40.35,43.35,64,7
40.35,43.35,61,7
40.35,43.35,58,7
40.35,43.35,55,7
40.400000000000006,38.400000000000006,57,7
41.150000000000006,54.150000000000006,44,7
41.0,54.150000000000006,41,7
41.0,54.150000000000006,41,7
41.0,54.150000000000006,41,7
41.0,54.150000000000006,41,7
41.0,48.6,41,7
41.0,48.6,41,7
41.0,48.6,41,7
41.0,48.6,41,7
41.0,48.6,41,7
41.0,48.6,41,7
41.0,48.6,41,7
41.0,48.6,41,7
41.0,48.6,41,7
31.0,48.6,31,7
31.0,48.6,31,7
31.0,48.6,31,7
31.0,48.6,31,7
31.0,48.6,31,7
31.0,48.6,31,7
31.0,48.6,31,7
31.0,48.6,31,7
31.0,48.6,31,7
31.0,48.6,31,7
31.0,48.6,31,7
31.0,48.6,31,7
31.0,48.6,31,7
31.0,48.6,31,7
31.0,48.6,31,7
31.0,48.6,31,7
31.0,48.6,31,7
30.0,33.75,30,7
30.0,33.75,30,7
30.0,33.75,30,7
30.0,33.75,30,7
30.0,33.75,30,7
21.4,29.4,22,7
21.0,29.4,21,7
21.0,29.4,21,7
21.0,29.4,21,7
21.0,29.4,21,7
21.0,21.6,21,7
21.0,21.6,21,7
21.0,21.6,21,7
21.0,21.6,21,7
21.0,21.6,21,7
21.0,21.6,21,7
21.0,21.6,21,7
21.0,21.6,21,7
21.0,21.6,21,7
21.0,21.6,21,7
21.0,21.6,21,7
10.6,9.6,22,7
20.15,18.15,24,7
30.0,38.400000000000006,30,7
31.0,43.35,31,7
41.0,72.60000000000001,41,7
51.0,117.6,51,7
61.0,173.4,61,7
80.0,252.15000000000003,80,7
110.0,453.75,110,7
140.0,735.0,140,7
170.0,1083.75,170,7
203.0,2088.6000000000004,203,7
250.0,2306.4,250,7
257.0,2574.15,257,7
262.0,2815.3500000000004,262,7
262.0,3110.4,262,7
262.0,2898.15,262,7
262.0,2898.15,262,7
262.0,2898.15,262,7
262.0,2898.15,262,7
262.0,2898.15,262,7
262.0,2898.15,262,7
262.0,2898.15,262,7
0.0,60.0,340,8
0.0,48.6,291,8
9.200000000000015,48.6,252,8
8.599999999999994,48.6,212,8
4.599999999999994,48.6,168,8
3.5999999999999943,48.6,123,8
4.599999999999994,48.6,79,8
2.5999999999999943,48.6,33,8
32.0,48.6,32,8
24.0,48.6,24,8
32.0,48.6,32,8
16.0,54.150000000000006,16,8
60.0,54.150000000000006,60,8
60.0,79.35000000000001,60,8
60.0,79.35000000000001,60,8
60.0,79.35000000000001,60,8
60.0,79.35000000000001,60,8
8.0,79.35000000000001,8,8
48.0,79.35000000000001,48,8
48.0,79.35000000000001,48,8
48.0,79.35000000000001,48,8
48.0,79.35000000000001,48,8
48.0,79.35000000000001,48,8
40.0,79.35000000000001,40,8
48.0,79.35000000000001,48,8
60.0,126.15,60,8
60.0,135.0,60,8
60.0,135.0,60,8
60.0,135.0,60,8
27.0,135.0,27,8
69.0,135.0,69,8
81.0,173.4,81,8
89.0,194.4,89,8
96.0,240.0,96,8
108.0,303.75,108,8
96.0,331.35,96,8
108.0,331.35,108,8
116.0,390.15,116,8
123.0,470.4,123,8
135.0,540.0,135,8
135.0,693.6,135,8
150.0,693.6,150,8
177.0,936.15,177,8
204.0,1242.15,204,8
203.0,1591.35,203,8
204.0,1591.35,204,8
272.0,2269.3500000000004,272,8
310.0,2457.6000000000004,310,8
203.0,2496.15,203,8
316.0,2496.15,316,8
243.0,2774.4,243,8
362.0,2774.4,362,8
368.0,2982.15,368,8
358.0,3110.4,358,8
368.0,3110.4,368,8
370.0,3511.3500000000004,370,8
295.0,2053.3500000000004,295,8
295.0,2053.3500000000004,295,8
259.0,2053.3500000000004,259,8
175.0,799.3500000000001,175,8
163.0,777.5999999999999,163,8
163.0,777.5999999999999,163,8
76.0,595.35,76,8
183.0,595.35,183,8
228.0,936.15,228,8
280.0,1242.15,280,8
301.0,1983.75,301,8
290.0,1591.35,290,8
290.0,1591.35,290,8
220.0,1269.6,220,8
264.0,1269.6,264,8
301.0,1915.35,301,8
303.0,2124.15,303,8
342.0,2232.6000000000004,342,8
342.0,2343.75,342,8
342.0,2343.75,342,8
342.0,2343.75,342,8
342.0,2343.75,342,8
342.0,2343.75,342,8
342.0,2343.75,342,8
243.0,2343.75,243,8
306.0,2343.75,306,8
307.0,2457.6000000000004,307,8
343.0,2613.6000000000004,343,8
348.0,2653.3500000000004,348,8
349.0,2815.3500000000004,349,8
397.0,3024.6000000000004,397,8
348.0,3197.4000000000005,348,8
397.0,3197.4000000000005,397,8
355.0,3420.1500000000005,355,8
355.0,3420.1500000000005,355,8
355.0,3420.1500000000005,355,8
355.0,3420.1500000000005,355,8
355.0,3420.1500000000005,355,8
355.0,3420.1500000000005,355,8
355.0,3420.1500000000005,355,8
355.0,3420.1500000000005,355,8
355.0,3420.1500000000005,355,8
355.0,3420.1500000000005,355,8
355.0,3420.1500000000005,355,8
0.0,60.0,340,9
0.0,60.0,280,9
0.0,60.0,220,9
0.0,60.0,160,9
0.0,60.0,100,9
0.0,60.0,40,9
10.0,60.0,10,9
10.0,60.0,10,9
6.0,60.0,6,9
6.0,48.6,6,9
6.0,48.6,6,9
3.0,48.6,3,9
6.0,48.6,6,9
7.0,135.0,7,9
9.0,331.35,9,9
10.0,540.0,10,9
14.0,889.3499999999999,14,9
28.0,1983.75,28,9
21.0,2232.6000000000004,21,9
52.0,2232.6000000000004,52,9
56.0,2496.15,56,9
55.0,2898.15,55,9
58.0,2898.15,58,9
58.0,3420.1500000000005,58,9
58.0,3420.1500000000005,58,9
14.0,3420.1500000000005,14,9
14.0,3420.1500000000005,14,9
14.0,3420.1500000000005,14,9
14.0,3420.1500000000005,14,9
14.0,3420.1500000000005,14,9
14.0,3420.1500000000005,14,9
7.0,3420.1500000000005,7,9
14.0,3420.1500000000005,14,9
14.0,3792.15,14,9
5.0,3792.15,5,9
7.0,3792.15,7,9
14.0,4083.75,14,9
7.0,4489.35,7,9
95.0,3511.3500000000004,95,9
39.0,3744.6,39,9
97.0,3744.6,97,9
95.0,4083.75,95,9
97.0,4083.75,97,9
30.0,4335.0,30,9
95.0,3650.400000000001,95,9
164.0,3985.35,164,9
165.0,4284.150000000001,165,9
32.0,4593.75,32,9
164.0,4593.75,164,9
135.0,4860.0,135,9
179.0,4860.0,179,9
180.0,5245.35,180,9
199.0,5762.400000000001,199,9
198.0,6303.75,198,9
344.0,6303.75,344,9
87.0,6741.6,87,9
344.0,6741.6,344,9
203.0,7459.35,203,9
64.0,7459.35,64,9
26.0,7459.35,26,9
352.0,7459.35,352,9
258.0,7935.0,258,9
355.0,7935.0,355,9
355.0,8784.6,355,9
355.0,8784.6,355,9
206.0,7729.35,206,9
355.0,7729.35,355,9
134.0,8213.400000000001,134,9
258.0,8213.400000000001,258,9
357.0,8568.150000000001,357,9
103.0,9375.0,103,9
360.0,9375.0,360,9
365.0,10062.15,365,9
290.0,10454.4,290,9
284.0,10454.4,284,9
137.0,5645.400000000001,137,9
25.0,5645.400000000001,25,9
135.0,5645.400000000001,135,9
138.0,6242.400000000001,138,9
200.0,6615.0,200,9
200.0,6998.400000000001,200,9
320.0,6998.400000000001,320,9
171.0,2940.0,171,9
141.0,2940.0,141,9
190.0,2940.0,190,9
198.0,3285.6000000000004,198,9
115.0,1500.0,115,9
141.0,1500.0,141,9
186.0,2306.4,186,9
137.0,2574.15,137,9
136.0,2574.15,136,9
244.0,2574.15,244,9
247.0,2774.4,247,9
249.0,2898.15,249,9
152.0,3153.75,152,9
257.0,3153.75,257,9
257.0,3241.3500000000004,257,9
257.0,3241.3500000000004,257,9
152.0,1242.15,152,9
152.0,1242.15,152,9
0.0,60.0,340,10
0.0,60.0,280,10
0.0,60.0,220,10
90.0,60.0,250,10
107.60000000000002,153.60000000000002,204,10
35.60000000000002,153.60000000000002,86,10
63.0,153.60000000000002,63,10
123.0,153.60000000000002,123,10
142.0,205.35,142,10
133.0,264.6,133,10
104.0,144.15,104,10
95.0,144.15,95,10
76.0,144.15,76,10
76.0,144.15,76,10
47.0,144.15,47,10
28.0,144.15,28,10
9.0,144.15,9,10
71.0,144.15,71,10
93.0,173.4,93,10
93.0,194.4,93,10
71.0,194.4,71,10
81.0,194.4,81,10
71.0,216.6,71,10
71.0,216.6,71,10
71.0,216.6,71,10
62.0,117.6,62,10
62.0,117.6,62,10
40.0,117.6,40,10
62.0,117.6,62,10
71.0,183.75,71,10
93.0,252.15000000000003,93,10
93.0,277.35,93,10
9.0,277.35,9,10
93.0,277.35,93,10
102.0,360.15000000000003,102,10
102.0,405.6,102,10
102.0,405.6,102,10
93.0,405.6,93,10
102.0,405.6,102,10
124.0,487.35,124,10
93.0,595.35,93,10
133.0,595.35,133,10
133.0,595.35,133,10
133.0,595.35,133,10
102.0,595.35,102,10
102.0,595.35,102,10
40.0,595.35,40,10
102.0,595.35,102,10
133.0,735.0,133,10
102.0,1058.4,102,10
168.0,1058.4,168,10
199.0,1440.6,199,10
199.0,1881.6,199,10
224.0,1881.6,224,10
123.0,2088.6000000000004,123,10
226.0,2088.6000000000004,226,10
9.0,1188.15,9,10
168.0,1188.15,168,10
224.0,1915.35,224,10
228.0,2124.15,228,10
161.0,2232.6000000000004,161,10
285.0,2232.6000000000004,285,10
227.0,2343.75,227,10
328.0,2343.75,328,10
332.0,2574.15,332,10
179.0,1560.6,179,10
214.0,1560.6,214,10
238.0,2018.4,238,10
238.0,2196.15,238,10
242.0,2196.15,242,10
243.0,2269.3500000000004,243,10
243.0,2306.4,243,10
173.0,2306.4,173,10
196.0,2306.4,196,10
273.0,2457.6000000000004,273,10
238.0,2496.15,238,10
138.0,2496.15,138,10
179.0,1269.6,179,10
196.0,1815.0,196,10
41.0,1382.4,41,10
154.0,1008.6,154,10
195.0,1470.15,195,10
56.0,756.1500000000001,56,10
132.0,756.1500000000001,132,10
154.0,984.15,154,10
138.0,1325.4,138,10
132.0,1325.4,132,10
164.0,1325.4,164,10
196.0,1815.0,196,10
123.0,1983.75,123,10
196.0,1983.75,196,10
249.0,2124.15,249,10
191.0,1653.75,191,10
117.0,1653.75,117,10
184.0,1653.75,184,10
220.0,2124.15,220,10
321.0,2856.6000000000004,321,10
322.0,2940.0,322,10
270.0,3153.75,270,10
268.0,3153.75,268,10
0.0,60.0,340,11
12.0,60.0,292,11
6.0,60.0,238,11
7.0,60.0,185,11
7.0,60.0,132,11
7.0,60.0,79,11
5.0,60.0,24,11
5.0,60.0,5,11
40.0,60.0,40,11
40.0,60.0,40,11
32.0,60.0,32,11
24.0,33.75,24,11
23.0,33.75,23,11
7.0,33.75,7,11
36.0,33.75,36,11
43.0,48.6,43,11
43.0,48.6,43,11
43.0,48.6,43,11
43.0,48.6,43,11
43.0,48.6,43,11
43.0,48.6,43,11
43.0,48.6,43,11
24.0,48.6,24,11
24.0,48.6,24,11
24.0,48.6,24,11
24.0,48.6,24,11
24.0,48.6,24,11
24.0,48.6,24,11
24.0,48.6,24,11
24.0,48.6,24,11
24.0,48.6,24,11
24.0,48.6,24,11
24.0,48.6,24,11
24.0,48.6,24,11
24.0,48.6,24,11
24.0,48.6,24,11
24.0,48.6,24,11
24.0,48.6,24,11
24.0,48.6,24,11
16.0,25.35,16,11
16.0,25.35,16,11
16.0,25.35,16,11
16.0,25.35,16,11
16.0,25.35,16,11
16.0,25.35,16,11
16.0,25.35,16,11
16.0,25.35,16,11
16.0,25.35,16,11
16.0,25.35,16,11
16.0,25.35,16,11
16.0,25.35,16,11
16.0,25.35,16,11
16.0,25.35,16,11
16.0,25.35,16,11
16.0,25.35,16,11
16.0,25.35,16,11
16.0,25.35,16,11
16.0,25.35,16,11
16.0,25.35,16,11
16.0,25.35,16,11
16.0,25.35,16,11
16.0,25.35,16,11
16.0,25.35,16,11
16.0,25.35,16,11
16.0,25.35,16,11
7.600000000000001,9.6,14,11
7.600000000000001,9.6,12,11
7.600000000000001,9.6,10,11
7.600000000000001,9.6,8,11
8.0,9.6,8,11
8.0,9.6,8,11
8.0,9.6,8,11
8.0,9.6,8,11
8.0,9.6,8,11
8.0,9.6,8,11
8.0,9.6,8,11
8.0,9.6,8,11
8.0,9.6,8,11
8.4,5.4,11,11
8.350000000000001,7.35,12,11
8.350000000000001,7.35,13,11
8.350000000000001,7.35,14,11
8.350000000000001,7.35,15,11
8.350000000000001,7.35,16,11
8.350000000000001,7.35,17,11
8.350000000000001,7.35,18,11
15.15,12.15,21,11
15.15,12.15,24,11
15.15,12.15,27,11
15.15,12.15,30,11
15.15,12.15,33,11
15.15,12.15,36,11
15.0,15.0,36,11
15.0,15.0,36,11
15.0,15.0,36,11
15.0,15.0,36,11
15.0,15.0,36,11
15.0,15.0,36,11
15.0,15.0,36,11
15.0,15.0,36,11
0.0,60.0,340,12
0.0,60.0,280,12
0.0,43.35,236,12
0.0,43.35,193,12
10.849999999999994,18.15,186,12
11.150000000000006,18.15,179,12
11.150000000000006,18.15,172,12
3.1500000000000057,18.15,157,12
5.150000000000006,18.15,144,12
5.150000000000006,18.15,131,12
3.1500000000000057,18.15,116,12
3.1500000000000057,18.15,101,12
2.1500000000000057,18.15,85,12
2.1500000000000057,18.15,69,12
1.1500000000000057,18.15,52,12
2.1500000000000057,18.15,36,12
2.150000000000002,18.15,20,12
2.150000000000002,18.15,4,12
2.0,18.15,2,12
2.0,18.15,2,12
2.0,18.15,2,12
2.0,18.15,2,12
2.0,18.15,2,12
2.0,18.15,2,12
2.0,18.15,2,12
2.0,18.15,2,12
2.0,18.15,2,12
2.0,18.15,2,12
2.0,18.15,2,12
2.0,18.15,2,12
2.0,18.15,2,12
2.0,18.15,2,12
2.0,18.15,2,12
2.0,18.15,2,12
2.0,18.15,2,12
2.0,18.15,2,12
2.0,18.15,2,12
2.0,18.15,2,12
2.0,18.15,2,12
2.0,18.15,2,12
2.0,18.15,2,12
2.0,18.15,2,12
2.0,18.15,2,12
2.0,18.15,2,12
2.0,18.15,2,12
2.0,18.15,2,12
2.0,18.15,2,12
2.0,18.15,2,12
3.0,18.15,3,12
4.0,38.400000000000006,4,12
6.0,79.35000000000001,6,12
8.0,163.35000000000002,8,12
11.0,317.40000000000003,11,12
17.0,693.6,17,12
42.0,1881.6,42,12
42.0,2160.0,42,12
42.0,2160.0,42,12
42.0,2160.0,42,12
42.0,2160.0,42,12
42.0,2160.0,42,12
42.0,2160.0,42,12
42.0,2160.0,42,12
42.0,2160.0,42,12
42.0,2160.0,42,12
42.0,2160.0,42,12
42.0,2160.0,42,12
42.0,2160.0,42,12
42.0,2160.0,42,12
42.0,2160.0,42,12
42.0,2160.0,42,12
42.0,2160.0,42,12
42.0,2160.0,42,12
42.0,2160.0,42,12
42.0,2160.0,42,12
42.0,2160.0,42,12
42.0,2160.0,42,12
42.0,2160.0,42,12
42.0,2160.0,42,12
42.0,2160.0,42,12
42.0,2160.0,42,12
42.0,2160.0,42,12
42.0,2160.0,42,12
42.0,2160.0,42,12
42.0,2160.0,42,12
42.0,2160.0,42,12
42.0,2160.0,42,12
42.0,2160.0,42,12
42.0,2160.0,42,12
42.0,2160.0,42,12
42.0,2160.0,42,12
42.0,2160.0,42,12
42.0,2160.0,42,12
42.0,2160.0,42,12
42.0,2160.0,42,12
42.0,2160.0,42,12
42.0,2160.0,42,12
42.0,2160.0,42,12
42.0,2160.0,42,12
42.0,2160.0,42,12
42.0,2160.0,42,12
0.0,60.0,340,13
0.0,60.0,280,13
0.0,60.0,220,13
90.0,60.0,250,13
70.0,60.0,260,13
40.0,60.0,240,13
30.0,60.0,210,13
28.0,60.0,178,13
114.0,60.0,232,13
135.60000000000002,72.60000000000001,295,13
123.75,93.75,325,13
166.35000000000002,109.35,382,13
185.15,144.15,423,13
259.6,264.6,418,13
259.6,264.6,413,13
259.6,264.6,408,13
247.6,264.6,391,13
216.6,264.6,343,13
216.6,264.6,295,13
216.6,264.6,247,13
217.0,264.6,217,13
217.0,264.6,217,13
217.0,264.6,217,13
217.0,264.6,217,13
217.0,264.6,217,13
217.0,264.6,217,13
217.0,264.6,217,13
217.0,264.6,217,13
217.0,264.6,217,13
217.0,264.6,217,13
217.0,264.6,217,13
197.6,216.6,198,13
198.0,216.6,198,13
198.0,216.6,198,13
198.0,216.6,198,13
198.0,216.6,198,13
198.0,216.6,198,13
144.15,126.15,216,13
175.35000000000002,163.35000000000002,228,13
207.0,228.15000000000003,207,13
207.0,228.15000000000003,207,13
207.0,228.15000000000003,207,13
175.35000000000002,163.35000000000002,219,13
207.0,240.0,207,13
207.0,240.0,207,13
207.0,240.0,207,13
207.0,240.0,207,13
135.4,101.4,241,13
154.15,144.15,251,13
206.15000000000003,228.15000000000003,229,13
206.15000000000003,228.15000000000003,207,13
207.0,228.15000000000003,207,13
175.75,183.75,199,13
175.75,183.75,191,13
175.75,183.75,183,13
176.0,183.75,176,13
176.0,183.75,176,13
217.0,183.75,217,13
269.0,290.40000000000003,269,13
171.0,421.35,171,13
199.0,421.35,199,13
247.0,653.4000000000001,247,13
332.0,1161.6,332,13
406.0,2018.4,406,13
465.0,2306.4,465,13
470.0,2535.0,470,13
519.0,2940.0,519,13
485.0,3375.0,485,13
485.0,3375.0,485,13
406.0,1848.15,406,13
406.0,1848.15,406,13
406.0,1848.15,406,13
406.0,1848.15,406,13
406.0,1848.15,406,13
406.0,1848.15,406,13
406.0,1848.15,406,13
406.0,1848.15,406,13
406.0,1848.15,406,13
406.0,1848.15,406,13
406.0,1848.15,406,13
406.0,1848.15,406,13
406.0,1848.15,406,13
406.0,1848.15,406,13
406.0,1848.15,406,13
406.0,1848.15,406,13
406.0,1848.15,406,13
406.0,1848.15,406,13
406.0,1848.15,406,13
406.0,1848.15,406,13
406.0,1848.15,406,13
406.0,1848.15,406,13
406.0,1848.15,406,13
406.0,1848.15,406,13
406.0,1848.15,406,13
406.0,1848.15,406,13
406.0,1848.15,406,13
406.0,1848.15,406,13
406.0,1848.15,406,13
406.0,1848.15,406,13
406.0,1848.15,406,13
0.0,60.0,340,14
0.0,60.0,280,14
0.0,60.0,220,14
48.0,60.0,208,14
60.0,60.0,208,14
60.0,60.0,208,14
60.0,60.0,208,14
36.0,60.0,184,14
48.0,60.0,172,14
48.0,60.0,160,14
48.0,60.0,148,14
36.0,60.0,124,14
36.0,60.0,100,14
36.0,60.0,76,14
24.0,60.0,40,14
36.0,60.0,36,14
36.0,60.0,36,14
36.0,60.0,36,14
36.0,60.0,36,14
24.0,60.0,24,14
36.0,60.0,36,14
24.0,79.35000000000001,24,14
24.0,79.35000000000001,24,14
36.0,79.35000000000001,36,14
48.0,126.15,48,14
48.0,153.60000000000002,48,14
24.0,153.60000000000002,24,14
48.0,153.60000000000002,48,14
24.0,183.75,24,14
48.0,183.75,48,14
48.0,252.15000000000003,48,14
48.0,252.15000000000003,48,14
48.0,252.15000000000003,48,14
48.0,252.15000000000003,48,14
36.0,252.15000000000003,36,14
48.0,240.0,48,14
48.0,290.40000000000003,48,14
48.0,290.40000000000003,48,14
48.0,290.40000000000003,48,14
48.0,290.40000000000003,48,14
48.0,290.40000000000003,48,14
48.0,290.40000000000003,48,14
48.0,290.40000000000003,48,14
48.0,290.40000000000003,48,14
48.0,290.40000000000003,48,14
48.0,290.40000000000003,48,14
48.0,290.40000000000003,48,14
48.0,290.40000000000003,48,14
48.0,290.40000000000003,48,14
48.0,290.40000000000003,48,14
48.0,290.40000000000003,48,14
48.0,290.40000000000003,48,14
48.0,290.40000000000003,48,14
48.0,290.40000000000003,48,14
48.0,290.40000000000003,48,14
48.0,290.40000000000003,48,14
48.0,290.40000000000003,48,14
48.0,290.40000000000003,48,14
48.0,290.40000000000003,48,14
48.0,290.40000000000003,48,14
48.0,290.40000000000003,48,14
48.0,290.40000000000003,48,14
48.0,290.40000000000003,48,14
48.0,290.40000000000003,48,14
48.0,290.40000000000003,48,14
48.0,290.40000000000003,48,14
48.0,290.40000000000003,48,14
48.0,290.40000000000003,48,14
48.0,290.40000000000003,48,14
48.0,290.40000000000003,48,14
48.0,290.40000000000003,48,14
48.0,290.40000000000003,48,14
48.0,290.40000000000003,48,14
48.0,290.40000000000003,48,14
48.0,290.40000000000003,48,14
48.0,290.40000000000003,48,14
48.0,290.40000000000003,48,14
48.0,290.40000000000003,48,14
48.0,290.40000000000003,48,14
48.0,290.40000000000003,48,14
48.0,290.40000000000003,48,14
48.0,290.40000000000003,48,14
48.0,290.40000000000003,48,14
48.0,290.40000000000003,48,14
48.0,290.40000000000003,48,14
48.0,290.40000000000003,48,14
48.0,290.40000000000003,48,14
48.0,290.40000000000003,48,14
48.0,290.40000000000003,48,14
48.0,290.40000000000003,48,14
48.0,290.40000000000003,48,14
48.0,290.40000000000003,48,14
48.0,290.40000000000003,48,14
48.0,290.40000000000003,48,14
48.0,290.40000000000003,48,14
48.0,290.40000000000003,48,14
48.0,290.40000000000003,48,14
48.0,290.40000000000003,48,14
48.0,290.40000000000003,48,14
48.0,290.40000000000003,48,14
0.0,60.0,340,15
0.0,60.0,280,15
0.0,60.0,220,15
36.0,60.0,196,15
36.0,60.0,172,15
30.0,60.0,142,15
24.0,60.0,106,15
40.0,60.0,86,15
40.0,60.0,66,15
40.0,60.0,46,15
50.0,60.0,50,15
40.0,72.60000000000001,40,15
44.0,72.60000000000001,44,15
60.0,117.6,60,15
64.0,144.15,64,15
90.0,183.75,90,15
100.0,240.0,100,15
124.0,360.15000000000003,124,15
124.0,390.15,124,15
100.0,390.15,100,15
100.0,390.15,100,15
100.0,390.15,100,15
100.0,390.15,100,15
100.0,390.15,100,15
100.0,390.15,100,15
100.0,390.15,100,15
52.0,390.15,52,15
52.0,390.15,52,15
52.0,390.15,52,15
52.0,390.15,52,15
52.0,390.15,52,15
52.0,390.15,52,15
52.0,390.15,52,15
52.0,390.15,52,15
52.0,390.15,52,15
52.0,390.15,52,15
52.0,390.15,52,15
52.0,390.15,52,15
52.0,390.15,52,15
52.0,390.15,52,15
52.0,390.15,52,15
52.0,390.15,52,15
52.0,390.15,52,15
52.0,390.15,52,15
52.0,390.15,52,15
52.0,390.15,52,15
52.0,390.15,52,15
52.0,390.15,52,15
52.0,390.15,52,15
52.0,390.15,52,15
52.0,390.15,52,15
52.0,390.15,52,15
52.0,390.15,52,15
52.0,390.15,52,15
52.0,390.15,52,15
52.0,390.15,52,15
52.0,390.15,52,15
52.0,390.15,52,15
52.0,390.15,52,15
52.0,390.15,52,15
52.0,390.15,52,15
52.0,390.15,52,15
52.0,390.15,52,15
52.0,390.15,52,15
52.0,390.15,52,15
52.0,390.15,52,15
52.0,390.15,52,15
52.0,390.15,52,15
52.0,390.15,52,15
52.0,390.15,52,15
52.0,390.15,52,15
52.0,390.15,52,15
52.0,390.15,52,15
52.0,390.15,52,15
52.0,390.15,52,15
52.0,390.15,52,15
52.0,390.15,52,15
52.0,390.15,52,15
52.0,390.15,52,15
52.0,390.15,52,15
52.0,390.15,52,15
52.0,390.15,52,15
52.0,390.15,52,15
52.0,390.15,52,15
52.0,390.15,52,15
52.0,390.15,52,15
52.0,390.15,52,15
52.0,390.15,52,15
52.0,390.15,52,15
52.0,390.15,52,15
52.0,390.15,52,15
52.0,390.15,52,15
52.0,390.15,52,15
52.0,390.15,52,15
52.0,390.15,52,15
52.0,390.15,52,15
52.0,390.15,52,15
52.0,390.15,52,15
52.0,390.15,52,15
52.0,390.15,52,15
0.0,60.0,340,16
0.0,60.0,280,16
0.0,60.0,220,16
0.0,60.0,160,16
0.0,60.0,100,16
0.0,60.0,40,16
0.0,60.0,0,16
0.0,33.75,0,16
36.0,21.6,36,16
24.0,38.400000000000006,24,16
12.0,38.400000000000006,12,16
54.0,38.400000000000006,54,16
0.0,54.150000000000006,0,16
47.0,33.75,47,16
63.0,48.6,63,16
75.0,79.35000000000001,75,16
63.0,101.4,63,16
91.0,101.4,91,16
47.0,183.75,47,16
112.0,183.75,112,16
131.0,264.6,131,16
159.0,405.6,159,16
196.0,653.4000000000001,196,16
215.0,960.0,215,16
159.0,693.6,159,16
159.0,693.6,159,16
124.0,693.6,124,16
98.0,453.75,98,16
147.0,453.75,147,16
168.0,614.4000000000001,168,16
194.0,821.4000000000001,194,16
229.0,1033.35,229,16
217.0,1297.35,217,16
252.0,1297.35,252,16
229.0,1782.15,229,16
168.0,1782.15,168,16
124.0,1782.15,124,16
259.0,1782.15,259,16
259.0,1983.75,259,16
124.0,1983.75,124,16
229.0,1983.75,229,16
267.0,2613.6000000000004,267,16
266.0,2856.6000000000004,266,16
284.0,2856.6000000000004,284,16
272.0,3024.6000000000004,272,16
287.0,3024.6000000000004,287,16
274.0,3197.4000000000005,274,16
151.0,3197.4000000000005,151,16
92.0,3197.4000000000005,92,16
287.0,3197.4000000000005,287,16
283.0,3465.6000000000004,283,16
283.0,3465.6000000000004,283,16
287.0,3465.6000000000004,287,16
283.0,3888.150000000001,283,16
283.0,3888.150000000001,283,16
72.0,3888.150000000001,72,16
286.0,3888.150000000001,286,16
289.0,4133.400000000001,289,16
283.0,4386.150000000001,283,16
283.0,4386.150000000001,283,16
282.0,4386.150000000001,282,16
282.0,4386.150000000001,282,16
282.0,4386.150000000001,282,16
282.0,4386.150000000001,282,16
168.0,2898.15,168,16
273.0,2898.15,273,16
273.0,3067.3500000000004,273,16
273.0,3067.3500000000004,273,16
209.0,3067.3500000000004,209,16
273.0,3067.3500000000004,273,16
216.0,3375.0,216,16
216.0,3375.0,216,16
19.0,3375.0,19,16
179.0,3375.0,179,16
216.0,3557.4,216,16
219.0,3840.0,219,16
220.0,4034.400000000001,220,16
221.0,4233.6,221,16
210.0,4541.400000000001,210,16
282.0,4541.400000000001,282,16
284.0,4699.35,284,16
221.0,5078.400000000001,221,16
287.0,5078.400000000001,287,16
220.0,5358.150000000001,220,16
288.0,5358.150000000001,288,16
282.0,4593.75,282,16
282.0,4593.75,282,16
170.0,3285.6000000000004,170,16
273.0,3285.6000000000004,273,16
216.0,3697.35,216,16
216.0,3697.35,216,16
54.0,3697.35,54,16
216.0,3697.35,216,16
214.0,4083.75,214,16
220.0,4083.75,220,16
221.0,4335.0,221,16
284.0,4646.400000000001,284,16
287.0,4968.6,287,16
220.0,5133.75,220,16
287.0,5133.75,287,16
0.0,60.0,340,17
156.0,60.0,436,17
64.60000000000002,48.6,452,17
77.60000000000002,48.6,481,17
77.60000000000002,48.6,510,17
51.60000000000002,48.6,513,17
51.60000000000002,48.6,516,17
51.60000000000002,48.6,519,17
38.60000000000002,48.6,509,17
38.60000000000002,48.6,499,17
38.60000000000002,48.6,489,17
25.600000000000023,48.6,466,17
25.75,33.75,458,17
12.75,33.75,437,17
12.75,33.75,416,17
28.75,33.75,411,17
28.75,33.75,406,17
28.75,33.75,401,17
13.350000000000025,25.35,389,17
0.0,25.35,363,17
24.700000000000045,25.35,363,17
25.350000000000023,25.35,363,17
25.350000000000023,25.35,363,17
22.350000000000023,25.35,360,17
22.350000000000023,25.35,357,17
12.600000000000025,9.6,360,17
22.149999999999977,12.15,370,17
22.149999999999977,12.15,380,17
22.149999999999977,12.15,390,17
22.149999999999977,18.15,394,17
21.600000000000023,21.6,394,17
21.600000000000023,21.6,394,17
21.600000000000023,21.6,394,17
12.600000000000025,9.6,397,17
12.600000000000025,9.6,400,17
22.0,15.0,407,17
22.149999999999977,18.15,411,17
0.0,18.15,392,17
22.299999999999955,18.15,397,17
21.600000000000023,21.6,397,17
21.600000000000023,21.6,397,17
12.600000000000025,9.6,400,17
12.600000000000025,9.6,403,17
22.149999999999977,12.15,413,17
22.149999999999977,12.15,423,17
22.149999999999977,18.15,427,17
22.350000000000023,25.35,424,17
22.350000000000023,25.35,421,17
22.350000000000023,25.35,418,17
22.350000000000023,25.35,415,17
22.350000000000023,25.35,412,17
22.350000000000023,25.35,409,17
0.0,25.35,383,17
21.700000000000045,25.35,380,17
22.350000000000023,25.35,377,17
22.350000000000023,25.35,374,17
22.350000000000023,25.35,371,17
22.350000000000023,25.35,368,17
22.350000000000023,25.35,365,17
22.350000000000023,25.35,362,17
22.350000000000023,25.35,359,17
22.350000000000023,25.35,356,17
22.350000000000023,25.35,353,17
22.350000000000023,25.35,350,17
22.350000000000023,25.35,347,17
0.0,25.35,321,17
22.700000000000045,25.35,319,17
23.350000000000023,25.35,317,17
23.350000000000023,25.35,315,17
23.350000000000023,25.35,313,17
23.350000000000023,25.35,311,17
23.350000000000023,25.35,309,17
23.350000000000023,25.35,307,17
23.350000000000023,25.35,305,17
23.350000000000023,25.35,303,17
23.350000000000023,25.35,301,17
23.350000000000023,25.35,299,17
23.350000000000023,25.35,297,17
23.350000000000023,25.35,295,17
23.350000000000023,25.35,293,17
23.350000000000023,25.35,291,17
23.350000000000023,25.35,289,17
23.350000000000023,25.35,287,17
23.350000000000023,25.35,285,17
23.350000000000023,25.35,283,17
23.350000000000023,25.35,281,17
23.349999999999994,25.35,279,17
23.349999999999994,25.35,277,17
23.349999999999994,25.35,275,17
23.349999999999994,25.35,273,17
23.349999999999994,25.35,271,17
0.0,25.35,245,17
22.69999999999999,25.35,243,17
23.349999999999994,25.35,241,17
23.349999999999994,25.35,239,17
23.349999999999994,25.35,237,17
23.349999999999994,25.35,235,17
23.349999999999994,25.35,233,17
23.349999999999994,25.35,231,17
23.349999999999994,25.35,229,17
0.0,60.0,340,18
0.0,29.4,310,18
0.0,29.4,281,18
0.0,29.4,251,18
0.0,29.4,222,18
0.0,29.4,193,18
0.0,29.4,163,18
0.0,29.4,134,18
0.0,29.4,104,18
0.0,29.4,75,18
0.0,29.4,46,18
14.400000000000002,29.4,31,18
14.400000000000002,29.4,16,18
15.0,29.4,15,18
9.0,18.15,9,18
9.0,18.15,9,18
9.0,18.15,9,18
9.0,18.15,9,18
9.0,18.15,9,18
9.0,18.15,9,18
9.0,18.15,9,18
9.0,18.15,9,18
9.0,18.15,9,18
9.0,18.15,9,18
9.0,18.15,9,18
9.0,18.15,9,18
9.0,18.15,9,18
9.0,18.15,9,18
9.0,18.15,9,18
9.0,18.15,9,18
9.0,18.15,9,18
9.0,18.15,9,18
9.0,18.15,9,18
9.0,18.15,9,18
9.0,18.15,9,18
9.0,18.15,9,18
9.0,18.15,9,18
9.0,18.15,9,18
9.0,18.15,9,18
9.0,18.15,9,18
9.0,18.15,9,18
3.0,18.15,3,18
9.0,18.15,9,18
9.0,33.75,9,18
9.0,33.75,9,18
9.0,33.75,9,18
9.0,33.75,9,18
9.0,33.75,9,18
9.0,21.6,9,18
9.0,21.6,9,18
9.0,21.6,9,18
9.0,21.6,9,18
9.0,21.6,9,18
9.0,21.6,9,18
9.0,21.6,9,18
9.0,21.6,9,18
9.0,21.6,9,18
9.0,21.6,9,18
9.0,21.6,9,18
9.0,21.6,9,18
9.0,21.6,9,18
9.0,21.6,9,18
9.0,21.6,9,18
9.0,21.6,9,18
9.0,21.6,9,18
9.0,21.6,9,18
9.0,21.6,9,18
9.0,21.6,9,18
9.0,21.6,9,18
9.0,21.6,9,18
9.0,21.6,9,18
9.0,21.6,9,18
9.0,21.6,9,18
9.0,21.6,9,18
9.0,21.6,9,18
9.0,21.6,9,18
9.0,21.6,9,18
6.0,12.15,6,18
6.0,12.15,6,18
6.0,12.15,6,18
6.0,12.15,6,18
6.0,12.15,6,18
6.0,12.15,6,18
6.0,12.15,6,18
6.0,12.15,6,18
6.0,12.15,6,18
6.0,12.15,6,18
6.0,12.15,6,18
6.0,12.15,6,18
6.0,12.15,6,18
6.0,12.15,6,18
6.0,12.15,6,18
6.0,12.15,6,18
6.0,12.15,6,18
6.0,12.15,6,18
6.0,12.15,6,18
6.0,12.15,6,18
6.0,12.15,6,18
6.0,12.15,6,18
6.0,12.15,6,18
0.0,60.0,340,19
0.0,29.4,310,19
69.79999999999995,29.4,351,19
30.399999999999977,29.4,352,19
24.399999999999977,29.4,347,19
38.39999999999998,29.4,356,19
38.39999999999998,29.4,365,19
38.39999999999998,29.4,374,19
38.39999999999998,29.4,383,19
28.399999999999977,29.4,382,19
10.399999999999975,29.4,363,19
50.39999999999998,29.4,384,19
70.0,60.0,394,19
60.35000000000002,109.35,345,19
80.35000000000002,109.35,316,19
30.350000000000023,109.35,237,19
18.35000000000001,109.35,146,19
113.35,109.35,150,19
85.0,60.0,175,19
100.4,86.4,189,19
113.35,109.35,193,19
84.15,144.15,133,19
133.0,144.15,133,19
133.0,144.15,133,19
47.0,144.15,47,19
67.0,54.150000000000006,67,19
95.0,79.35000000000001,95,19
105.0,126.15,105,19
114.0,173.4,114,19
139.0,240.0,139,19
152.0,290.40000000000003,152,19
190.0,453.75,190,19
184.0,595.35,184,19
132.0,595.35,132,19
126.0,595.35,126,19
103.0,228.15000000000003,103,19
87.0,153.60000000000002,87,19
87.0,153.60000000000002,87,19
29.0,153.60000000000002,29,19
87.0,153.60000000000002,87,19
49.0,277.35,49,19
133.0,277.35,133,19
88.0,487.35,88,19
172.0,487.35,172,19
225.0,821.4000000000001,225,19
288.0,1325.4,288,19
182.0,693.6,182,19
172.0,693.6,172,19
182.0,693.6,182,19
215.0,1269.6,215,19
252.0,1653.75,252,19
182.0,1782.15,182,19
266.0,1782.15,266,19
220.0,1881.6,220,19
230.0,1297.35,230,19
220.0,1881.6,220,19
132.0,714.1500000000001,132,19
163.0,714.1500000000001,163,19
163.0,1083.75,163,19
186.0,1083.75,186,19
186.0,1591.35,186,19
210.0,1591.35,210,19
217.0,1815.0,217,19
217.0,1881.6,217,19
186.0,1881.6,186,19
217.0,1881.6,217,19
217.0,1881.6,217,19
162.0,1881.6,162,19
220.0,1440.6,220,19
217.0,2574.15,217,19
217.0,2574.15,217,19
217.0,2574.15,217,19
274.0,2574.15,274,19
196.0,3024.6000000000004,196,19
106.0,1382.4,106,19
199.0,843.75,199,19
189.0,1215.0,189,19
233.0,1215.0,233,19
252.0,1382.4,252,19
251.0,2232.6000000000004,251,19
292.0,2232.6000000000004,292,19
134.0,1008.6,134,19
69.0,1008.6,69,19
180.0,1008.6,180,19
210.0,1297.35,210,19
245.0,1915.35,245,19
190.0,2124.15,190,19
299.0,2124.15,299,19
299.0,2343.75,299,19
190.0,2343.75,190,19
299.0,2343.75,299,19
240.0,2535.0,240,19
303.0,2535.0,303,19
306.0,2733.75,306,19
190.0,2940.0,190,19
335.0,2940.0,335,19
273.0,3197.4000000000005,273,19
338.0,3197.4000000000005,338,19
335.0,3744.6,335,19
345.0,3744.6,345,19
0.0,60.0,340,20
0.0,60.0,280,20
0.0,60.0,220,20
0.0,29.4,190,20
27.80000000000001,29.4,189,20
14.400000000000006,29.4,174,20
13.400000000000006,29.4,158,20
26.40000000000001,29.4,155,20
20.40000000000001,29.4,146,20
26.40000000000001,29.4,143,20
26.40000000000001,29.4,140,20
26.40000000000001,29.4,137,20
26.40000000000001,29.4,134,20
26.40000000000001,29.4,131,20
20.0,15.0,136,20
20.0,15.0,141,20
13.0,15.0,139,20
20.0,15.0,144,20
13.150000000000006,18.15,139,20
20.15000000000001,18.15,141,20
26.40000000000001,29.4,138,20
13.150000000000006,12.15,139,20
20.15000000000001,18.15,141,20
25.599999999999994,21.6,145,20
26.349999999999994,25.35,146,20
26.40000000000001,29.4,143,20
26.40000000000001,29.4,140,20
26.40000000000001,29.4,137,20
20.0,15.0,142,20
26.349999999999994,25.35,143,20
25.75,33.75,135,20
25.75,33.75,127,20
25.75,33.75,119,20
25.75,33.75,111,20
25.75,33.75,103,20
25.75,33.75,95,20
25.75,33.75,87,20
25.75,33.75,79,20
32.75,33.75,78,20
32.75,33.75,77,20
32.75,33.75,76,20
38.75,33.75,81,20
39.35,43.35,77,20
39.35,43.35,73,20
39.35,43.35,69,20
39.35,43.35,65,20
39.35,43.35,61,20
39.35,43.35,57,20
39.35,43.35,53,20
39.35,43.35,49,20
26.15,18.15,57,20
25.6,21.6,61,20
26.35,25.35,62,20
32.75,33.75,61,20
32.75,33.75,60,20
32.75,33.75,59,20
32.75,33.75,58,20
32.75,33.75,57,20
32.75,33.75,56,20
32.75,33.75,55,20
32.75,33.75,54,20
32.75,33.75,53,20
32.75,33.75,52,20
33.400000000000006,29.4,56,20
32.75,33.75,55,20
32.75,33.75,54,20
32.75,33.75,53,20
32.75,33.75,52,20
32.75,33.75,51,20
32.75,33.75,50,20
32.75,33.75,49,20
32.75,33.75,48,20
32.75,33.75,47,20
32.75,33.75,46,20
32.75,33.75,45,20
32.75,33.75,44,20
32.75,33.75,43,20
32.75,33.75,42,20
32.75,33.75,41,20
32.75,33.75,40,20
32.75,33.75,39,20
32.75,33.75,38,20
32.75,33.75,37,20
32.75,33.75,36,20
32.75,33.75,35,20
32.75,33.75,34,20
32.75,33.75,33,20
33.0,33.75,33,20
33.0,33.75,33,20
33.0,33.75,33,20
33.0,33.75,33,20
26.0,15.0,44,20
26.0,15.0,55,20
25.6,21.6,59,20
32.75,33.75,58,20
32.75,33.75,57,20
20.15,12.15,65,20
20.15,12.15,73,20
20.15,12.15,81,20
26.0,15.0,92,20
0.0,60.0,340,21
0.0,60.0,280,21
0.0,60.0,220,21
48.0,60.0,208,21
36.0,60.0,184,21
42.0,60.0,166,21
24.0,60.0,130,21
30.0,60.0,100,21
18.0,60.0,58,21
66.0,60.0,66,21
18.0,101.4,18,21
72.0,101.4,72,21
36.0,144.15,36,21
72.0,144.15,72,21
72.0,163.35000000000002,72,21
72.0,163.35000000000002,72,21
72.0,153.60000000000002,72,21
54.0,153.60000000000002,54,21
48.0,153.60000000000002,48,21
54.0,153.60000000000002,54,21
66.0,163.35000000000002,66,21
72.0,194.4,72,21
72.0,194.4,72,21
66.0,173.4,66,21
54.0,173.4,54,21
66.0,173.4,66,21
72.0,228.15000000000003,72,21
90.0,317.40000000000003,90,21
108.0,487.35,108,21
108.0,777.5999999999999,108,21
108.0,777.5999999999999,108,21
120.0,777.5999999999999,120,21
126.0,912.6,126,21
156.0,1297.35,156,21
108.0,1749.6,108,21
72.0,1749.6,72,21
168.0,1749.6,168,21
168.0,1749.6,168,21
138.0,1749.6,138,21
140.0,1749.6,140,21
137.0,1848.15,137,21
230.0,1848.15,230,21
298.0,2232.6000000000004,298,21
261.0,2306.4,261,21
300.0,2306.4,300,21
149.0,2457.6000000000004,149,21
93.0,2196.15,93,21
298.0,2196.15,298,21
300.0,2343.75,300,21
180.0,2419.3500000000004,180,21
275.0,2419.3500000000004,275,21
275.0,2535.0,275,21
266.0,2535.0,266,21
86.0,2535.0,86,21
327.0,2535.0,327,21
333.0,2574.15,333,21
335.0,2733.75,335,21
329.0,2774.4,329,21
327.0,2774.4,327,21
172.0,1188.15,172,21
215.0,1188.15,215,21
261.0,1622.4,261,21
266.0,1717.35,266,21
322.0,1915.35,322,21
327.0,2088.6000000000004,327,21
316.0,2306.4,316,21
322.0,2306.4,322,21
172.0,2419.3500000000004,172,21
261.0,2419.3500000000004,261,21
268.0,2496.15,268,21
333.0,2613.6000000000004,333,21
327.0,2774.4,327,21
335.0,2774.4,335,21
172.0,2815.3500000000004,172,21
338.0,2815.3500000000004,338,21
329.0,2940.0,329,21
266.0,2940.0,266,21
397.0,2940.0,397,21
399.0,3241.3500000000004,399,21
404.0,3557.4,404,21
196.0,3792.15,196,21
254.0,1622.4,254,21
259.0,1717.35,259,21
135.0,1782.15,135,21
220.0,1782.15,220,21
327.0,2160.0,327,21
327.0,2196.15,327,21
98.0,2196.15,98,21
254.0,1560.6,254,21
208.0,1653.75,208,21
254.0,1653.75,254,21
190.0,1749.6,190,21
259.0,1749.6,259,21
259.0,1881.6,259,21
25.0,1881.6,25,21
259.0,1881.6,259,21
259.0,1949.4,259,21
259.0,1949.4,259,21
208.0,1949.4,208,21
259.0,1949.4,259,21
0.0,60.0,340,22
0.0,60.0,280,22
24.0,60.0,244,22
23.599999999999994,48.6,219,22
19.599999999999994,48.6,190,22
19.599999999999994,48.6,161,22
11.599999999999994,48.6,124,22
15.599999999999994,48.6,91,22
11.599999999999994,48.6,54,22
11.599999999999994,48.6,17,22
12.0,48.6,12,22
12.0,48.6,12,22
8.0,48.6,8,22
24.0,48.6,24,22
20.0,66.15,20,22
8.0,48.6,8,22
34.0,48.6,34,22
38.0,60.0,38,22
4.0,66.15,4,22
38.0,66.15,38,22
42.0,86.4,42,22
42.0,86.4,42,22
25.0,86.4,25,22
38.0,86.4,38,22
42.0,101.4,42,22
8.0,126.15,8,22
42.0,126.15,42,22
42.0,126.15,42,22
42.0,126.15,42,22
42.0,126.15,42,22
42.0,126.15,42,22
42.0,126.15,42,22
42.0,126.15,42,22
42.0,126.15,42,22
42.0,126.15,42,22
25.0,126.15,25,22
34.0,126.15,34,22
25.0,126.15,25,22
38.0,126.15,38,22
21.0,173.4,21,22
62.0,173.4,62,22
62.0,205.35,62,22
27.0,205.35,27,22
88.0,205.35,88,22
111.0,264.6,111,22
124.0,331.35,124,22
111.0,421.35,111,22
90.0,421.35,90,22
111.0,421.35,111,22
90.0,653.4000000000001,90,22
124.0,504.6,124,22
150.0,735.0,150,22
171.0,984.15,171,22
120.0,1353.75,120,22
68.0,1353.75,68,22
188.0,1353.75,188,22
154.0,936.15,154,22
154.0,936.15,154,22
124.0,936.15,124,22
120.0,936.15,120,22
68.0,540.0,68,22
114.0,540.0,114,22
148.0,866.4000000000001,148,22
102.0,912.6,102,22
184.0,912.6,184,22
197.0,1297.35,197,22
180.0,936.15,180,22
47.0,936.15,47,22
111.0,421.35,111,22
137.0,633.75,137,22
137.0,614.4000000000001,137,22
137.0,614.4000000000001,137,22
47.0,614.4000000000001,47,22
137.0,614.4000000000001,137,22
94.0,317.40000000000003,94,22
94.0,317.40000000000003,94,22
68.0,317.40000000000003,68,22
94.0,317.40000000000003,94,22
98.0,405.6,98,22
133.0,558.1500000000001,133,22
111.0,735.0,111,22
141.0,735.0,141,22
176.0,984.15,176,22
163.0,1269.6,163,22
180.0,1269.6,180,22
204.0,1560.6,204,22
180.0,1685.4,180,22
204.0,1685.4,204,22
51.0,1782.15,51,22
133.0,735.0,133,22
141.0,843.75,141,22
163.0,1135.35,163,22
98.0,1353.75,98,22
125.0,614.4000000000001,125,22
156.0,714.1500000000001,156,22
168.0,936.15,168,22
190.0,1161.6,190,22
177.0,1440.6,177,22
212.0,1440.6,212,22
190.0,1915.35,190,22
0.0,60.0,340,23
0.0,25.35,314,23
17.700000000000045,25.35,307,23
17.350000000000023,25.35,299,23
17.350000000000023,25.35,291,23
8.350000000000023,25.35,274,23
0.0,25.35,248,23
74.69999999999999,25.35,298,23
83.39999999999998,29.4,352,23
99.35000000000002,43.35,408,23
0.0,54.150000000000006,353,23
108.29999999999995,54.150000000000006,408,23
112.0,60.0,460,23
111.14999999999998,66.15,505,23
120.60000000000002,72.60000000000001,553,23
136.39999999999998,86.4,603,23
161.60000000000002,117.6,647,23
111.14999999999998,66.15,692,23
108.35000000000002,79.35000000000001,721,23
120.39999999999998,101.4,740,23
136.60000000000002,117.6,759,23
136.14999999999998,126.15,769,23
148.60000000000002,153.60000000000002,764,23
148.60000000000002,153.60000000000002,759,23
148.60000000000002,153.60000000000002,754,23
148.60000000000002,153.60000000000002,749,23
148.60000000000002,153.60000000000002,744,23
148.60000000000002,153.60000000000002,739,23
148.60000000000002,153.60000000000002,734,23
120.39999999999998,101.4,753,23
136.14999999999998,126.15,763,23
139.14999999999998,144.15,758,23
139.14999999999998,144.15,753,23
139.14999999999998,144.15,748,23
139.14999999999998,144.15,743,23
139.14999999999998,144.15,738,23
139.14999999999998,144.15,733,23
139.14999999999998,144.15,728,23
139.14999999999998,144.15,723,23
111.75,93.75,741,23
136.14999999999998,126.15,751,23
93.0,60.0,784,23
108.60000000000002,72.60000000000001,820,23
111.39999999999998,86.4,845,23
133.35000000000002,109.35,869,23
136.14999999999998,126.15,879,23
136.14999999999998,126.15,889,23
140.0,135.0,894,23
161.35000000000002,163.35000000000002,892,23
161.35000000000002,163.35000000000002,890,23
130.35000000000002,163.35000000000002,857,23
130.35000000000002,163.35000000000002,824,23
130.35000000000002,163.35000000000002,791,23
127.35000000000002,163.35000000000002,755,23
130.35000000000002,163.35000000000002,722,23
130.35000000000002,163.35000000000002,689,23
130.35000000000002,163.35000000000002,656,23
130.35000000000002,163.35000000000002,623,23
111.14999999999998,126.15,608,23
111.14999999999998,126.15,593,23
111.14999999999998,126.15,578,23
111.14999999999998,126.15,563,23
111.14999999999998,126.15,548,23
111.14999999999998,126.15,533,23
111.14999999999998,126.15,518,23
111.14999999999998,126.15,503,23
111.14999999999998,126.15,488,23
111.14999999999998,126.15,473,23
111.14999999999998,126.15,458,23
111.14999999999998,126.15,443,23
111.14999999999998,126.15,428,23
111.14999999999998,126.15,413,23
111.14999999999998,126.15,398,23
111.14999999999998,126.15,383,23
111.14999999999998,126.15,368,23
111.15,126.15,353,23
111.15,126.15,338,23
111.15,126.15,323,23
111.15,126.15,308,23
92.35000000000002,79.35000000000001,321,23
111.15,126.15,306,23
111.15,126.15,291,23
111.15,126.15,276,23
111.15,126.15,261,23
111.15,126.15,246,23
111.15,126.15,231,23
111.15,126.15,216,23
111.15,126.15,201,23
111.15,126.15,186,23
111.15,126.15,171,23
111.15,126.15,156,23
111.15,126.15,141,23
111.15,126.15,126,23
95.4,101.4,120,23
95.4,101.4,114,23
95.4,101.4,108,23
95.4,101.4,102,23
95.4,101.4,96,23
95.0,101.4,95,23
95.0,101.4,95,23
0.0,60.0,340,24
0.0,60.0,280,24
0.0,60.0,220,24
49.0,60.0,209,24
49.0,60.0,198,24
49.0,60.0,187,24
49.0,60.0,176,24
49.0,60.0,165,24
49.0,60.0,154,24
42.0,60.0,136,24
28.0,60.0,104,24
21.0,60.0,65,24
14.0,60.0,19,24
35.0,60.0,35,24
152.0,153.60000000000002,152,24
102.0,331.35,102,24
114.0,331.35,114,24
268.0,714.1500000000001,268,24
324.0,1269.6,324,24
494.0,2774.4,494,24
490.0,3197.4000000000005,490,24
501.0,3197.4000000000005,501,24
414.0,3557.4,414,24
501.0,3557.4,501,24
335.0,1622.4,335,24
268.0,1622.4,268,24
304.0,1622.4,304,24
393.0,3197.4000000000005,393,24
470.0,3511.3500000000004,470,24
503.0,3840.0,503,24
492.0,4083.75,492,24
505.0,4083.75,505,24
343.0,2982.15,343,24
536.0,2982.15,536,24
536.0,3603.75,536,24
410.0,3603.75,410,24
422.0,3603.75,422,24
412.0,3888.150000000001,412,24
388.0,3888.150000000001,388,24
299.0,2343.75,299,24
313.0,2343.75,313,24
238.0,2496.15,238,24
302.0,2496.15,302,24
241.0,2774.4,241,24
306.0,2774.4,306,24
308.0,2982.15,308,24
302.0,3375.0,302,24
241.0,3375.0,241,24
299.0,3375.0,299,24
299.0,3744.6,299,24
281.0,3744.6,281,24
299.0,3744.6,299,24
300.0,4083.75,300,24
292.0,4386.150000000001,292,24
419.0,4386.150000000001,419,24
427.0,4541.400000000001,427,24
266.0,4593.75,266,24
427.0,4593.75,427,24
445.0,4699.35,445,24
487.0,4752.6,487,24
502.0,5133.75,502,24
496.0,5245.35,496,24
449.0,5245.35,449,24
420.0,5245.35,420,24
505.0,5245.35,505,24
443.0,5415.0,443,24
397.0,5415.0,397,24
393.0,5415.0,393,24
443.0,5415.0,443,24
447.0,5821.35,447,24
323.0,5880.6,323,24
222.0,4437.6,222,24
336.0,4437.6,336,24
336.0,4541.400000000001,336,24
329.0,4541.400000000001,329,24
336.0,4541.400000000001,336,24
339.0,4646.400000000001,339,24
340.0,4860.0,340,24
324.0,5301.6,324,24
411.0,5301.6,411,24
331.0,3110.4,331,24
331.0,3110.4,331,24
331.0,3110.4,331,24
154.0,1188.15,154,24
198.0,1188.15,198,24
246.0,1653.75,246,24
252.0,1717.35,252,24
252.0,1717.35,252,24
185.0,1717.35,185,24
252.0,1717.35,252,24
252.0,1815.0,252,24
252.0,1815.0,252,24
252.0,1815.0,252,24
173.0,1815.0,173,24
252.0,1815.0,252,24
294.0,1881.6,294,24
94.0,2088.6000000000004,94,24
318.0,2088.6000000000004,318,24
320.0,2196.15,320,24
321.0,2306.4,321,24
0.0,60.0,340,25
0.0,60.0,280,25
0.0,60.0,220,25
0.0,60.0,160,25
0.0,60.0,100,25
0.0,60.0,40,25
0.0,60.0,0,25
0.0,33.75,0,25
0.0,21.6,0,25
0.0,12.15,0,25
0.0,7.35,0,25
0.0,5.4,0,25
12.0,3.75,12,25
5.3500000000000005,7.35,10,25
5.3500000000000005,7.35,8,25
17.35,7.35,18,25
23.15,12.15,29,25
24.0,15.0,38,25
35.400000000000006,29.4,44,25
35.35,43.35,36,25
36.0,43.35,36,25
36.0,43.35,36,25
36.0,43.35,36,25
36.0,43.35,36,25
24.0,43.35,24,25
24.0,43.35,24,25
24.0,43.35,24,25
24.0,43.35,24,25
24.0,43.35,24,25
24.0,43.35,24,25
24.0,43.35,24,25
24.0,43.35,24,25
24.0,43.35,24,25
24.0,43.35,24,25
24.0,43.35,24,25
24.0,43.35,24,25
24.0,43.35,24,25
24.0,43.35,24,25
24.0,43.35,24,25
24.0,43.35,24,25
24.0,43.35,24,25
24.0,43.35,24,25
24.0,43.35,24,25
24.0,43.35,24,25
24.0,43.35,24,25
24.0,43.35,24,25
24.0,43.35,24,25
24.0,43.35,24,25
24.0,43.35,24,25
24.0,43.35,24,25
24.0,43.35,24,25
24.0,43.35,24,25
24.0,43.35,24,25
24.0,43.35,24,25
24.0,43.35,24,25
24.0,43.35,24,25
24.0,43.35,24,25
24.0,43.35,24,25
24.0,43.35,24,25
24.0,43.35,24,25
24.0,43.35,24,25
24.0,43.35,24,25
24.0,43.35,24,25
24.0,43.35,24,25
24.0,43.35,24,25
24.0,43.35,24,25
24.0,43.35,24,25
24.0,43.35,24,25
24.0,43.35,24,25
30.0,43.35,30,25
36.0,79.35000000000001,36,25
42.0,101.4,42,25
54.0,163.35000000000002,54,25
72.0,317.40000000000003,72,25
90.0,540.0,90,25
114.0,821.4000000000001,114,25
138.0,1242.15,138,25
168.0,2160.0,168,25
203.0,2457.6000000000004,203,25
203.0,2693.4,203,25
203.0,2693.4,203,25
203.0,2693.4,203,25
203.0,2693.4,203,25
203.0,2693.4,203,25
203.0,2693.4,203,25
203.0,2693.4,203,25
203.0,2693.4,203,25
203.0,2693.4,203,25
203.0,2693.4,203,25
203.0,2693.4,203,25
203.0,2693.4,203,25
203.0,2693.4,203,25
203.0,2693.4,203,25
203.0,2693.4,203,25
203.0,2693.4,203,25
203.0,2693.4,203,25
203.0,2693.4,203,25
203.0,2693.4,203,25
203.0,2693.4,203,25
203.0,2693.4,203,25
0.0,60.0,340,26
54.0,60.0,334,26
57.0,60.0,331,26
36.0,60.0,307,26
24.0,60.0,271,26
30.0,60.0,241,26
21.0,60.0,202,26
21.0,60.0,163,26
15.0,60.0,118,26
15.0,60.0,73,26
9.0,60.0,22,26
12.0,60.0,12,26
12.0,60.0,12,26
12.0,60.0,12,26
12.0,60.0,12,26
12.0,60.0,12,26
12.0,60.0,12,26
12.0,60.0,12,26
12.0,60.0,12,26
12.0,60.0,12,26
12.0,60.0,12,26
15.0,60.0,15,26
24.0,126.15,24,26
24.0,240.0,24,26
24.0,240.0,24,26
24.0,240.0,24,26
24.0,240.0,24,26
24.0,240.0,24,26
24.0,240.0,24,26
24.0,240.0,24,26
24.0,240.0,24,26
24.0,240.0,24,26
24.0,240.0,24,26
24.0,240.0,24,26
24.0,240.0,24,26
21.0,144.15,21,26
21.0,144.15,21,26
21.0,144.15,21,26
21.0,144.15,21,26
21.0,144.15,21,26
21.0,144.15,21,26
21.0,144.15,21,26
21.0,144.15,21,26
21.0,144.15,21,26
21.0,144.15,21,26
21.0,144.15,21,26
21.0,144.15,21,26
21.0,144.15,21,26
21.0,144.15,21,26
21.0,144.15,21,26
21.0,144.15,21,26
21.0,144.15,21,26
21.0,144.15,21,26
21.0,144.15,21,26
21.0,144.15,21,26
21.0,144.15,21,26
21.0,144.15,21,26
21.0,144.15,21,26
21.0,144.15,21,26
21.0,144.15,21,26
21.0,144.15,21,26
21.0,144.15,21,26
24.0,144.15,24,26
36.0,317.40000000000003,36,26
51.0,693.6,51,26
75.0,1411.35,75,26
98.0,2940.0,98,26
105.0,3511.3500000000004,105,26
105.0,3985.35,105,26
105.0,3985.35,105,26
105.0,3985.35,105,26
78.0,1530.15,78,26
78.0,1530.15,78,26
78.0,1530.15,78,26
78.0,1530.15,78,26
78.0,1530.15,78,26
78.0,1530.15,78,26
78.0,1530.15,78,26
78.0,1530.15,78,26
78.0,1530.15,78,26
78.0,1530.15,78,26
78.0,1530.15,78,26
78.0,1530.15,78,26
78.0,1530.15,78,26
78.0,1530.15,78,26
78.0,1530.15,78,26
78.0,1530.15,78,26
78.0,1530.15,78,26
78.0,1530.15,78,26
78.0,1530.15,78,26
78.0,1530.15,78,26
78.0,1530.15,78,26
78.0,1530.15,78,26
78.0,1530.15,78,26
78.0,1530.15,78,26
78.0,1530.15,78,26
78.0,1530.15,78,26
78.0,1530.15,78,26
78.0,1530.15,78,26
57.0,866.4000000000001,57,26
0.0,60.0,340,27
0.0,60.0,280,27
0.0,21.6,258,27
0.0,18.15,240,27
0.0,18.15,222,27
0.0,18.15,203,27
0.0,18.15,185,27
0.0,18.15,167,27
0.0,18.15,149,27
0.0,18.15,131,27
0.0,18.15,113,27
0.0,18.15,95,27
0.0,18.15,76,27
0.0,18.15,58,27
0.0,18.15,40,27
0.0,18.15,22,27
0.0,18.15,4,27
0.0,18.15,0,27
2.0,12.15,2,27
2.0,21.6,2,27
1.0,21.6,1,27
28.0,21.6,28,27
29.0,33.75,29,27
14.0,43.35,14,27
31.0,43.35,31,27
32.0,60.0,32,27
1.0,72.60000000000001,1,27
32.0,72.60000000000001,32,27
45.0,109.35,45,27
45.0,135.0,45,27
45.0,135.0,45,27
45.0,135.0,45,27
45.0,135.0,45,27
45.0,135.0,45,27
45.0,135.0,45,27
45.0,135.0,45,27
45.0,135.0,45,27
31.0,135.0,31,27
45.0,135.0,45,27
47.0,183.75,47,27
62.0,264.6,62,27
77.0,375.0,77,27
92.0,487.35,92,27
107.0,693.6,107,27
136.0,1008.6,136,27
160.0,1530.15,160,27
160.0,1591.35,160,27
160.0,1591.35,160,27
160.0,1591.35,160,27
160.0,1591.35,160,27
160.0,1591.35,160,27
160.0,1591.35,160,27
160.0,1591.35,160,27
160.0,1591.35,160,27
160.0,1591.35,160,27
160.0,1591.35,160,27
160.0,1591.35,160,27
160.0,1591.35,160,27
160.0,1591.35,160,27
160.0,1591.35,160,27
160.0,1591.35,160,27
160.0,1591.35,160,27
160.0,1591.35,160,27
160.0,1591.35,160,27
160.0,1591.35,160,27
160.0,1591.35,160,27
160.0,1591.35,160,27
160.0,1591.35,160,27
160.0,1591.35,160,27
160.0,1591.35,160,27
160.0,1591.35,160,27
160.0,1591.35,160,27
160.0,1591.35,160,27
160.0,1591.35,160,27
160.0,1591.35,160,27
160.0,1591.35,160,27
160.0,1591.35,160,27
160.0,1591.35,160,27
160.0,1591.35,160,27
160.0,1591.35,160,27
160.0,1591.35,160,27
160.0,1591.35,160,27
160.0,1591.35,160,27
160.0,1591.35,160,27
160.0,1591.35,160,27
160.0,1591.35,160,27
160.0,1591.35,160,27
160.0,1591.35,160,27
160.0,1591.35,160,27
160.0,1591.35,160,27
160.0,1591.35,160,27
160.0,1591.35,160,27
160.0,1591.35,160,27
160.0,1591.35,160,27
160.0,1591.35,160,27
160.0,1591.35,160,27
160.0,1591.35,160,27
160.0,1591.35,160,27
160.0,1591.35,160,27
160.0,1591.35,160,27
0.0,60.0,340,28
260.0,60.0,540,28
130.0,60.0,610,28
104.0,60.0,654,28
104.39999999999998,86.4,672,28
129.75,183.75,618,28
212.75,183.75,647,28
288.35,331.35,604,28
288.35,331.35,561,28
288.35,331.35,518,28
238.35,331.35,425,28
175.35000000000002,331.35,269,28
260.0,331.35,260,28
260.0,331.35,260,28
260.0,331.35,260,28
260.0,331.35,260,28
260.0,331.35,260,28
260.0,331.35,260,28
260.0,331.35,260,28
204.4,194.4,270,28
251.0,290.40000000000003,251,28
251.0,290.40000000000003,251,28
226.0,290.40000000000003,226,28
251.0,290.40000000000003,251,28
294.0,421.35,294,28
340.0,540.0,340,28
455.0,936.15,455,28
523.0,1242.15,523,28
588.0,1782.15,588,28
588.0,1848.15,588,28
588.0,1848.15,588,28
396.0,714.1500000000001,396,28
396.0,714.1500000000001,396,28
340.0,540.0,340,28
340.0,540.0,340,28
340.0,540.0,340,28
226.15000000000003,228.15000000000003,338,28
226.15000000000003,228.15000000000003,336,28
226.15000000000003,228.15000000000003,334,28
226.15000000000003,228.15000000000003,332,28
226.15000000000003,228.15000000000003,330,28
226.15000000000003,228.15000000000003,328,28
226.15000000000003,228.15000000000003,326,28
226.15000000000003,228.15000000000003,324,28
226.15000000000003,228.15000000000003,322,28
226.15000000000003,228.15000000000003,320,28
226.15000000000003,228.15000000000003,318,28
226.15000000000003,228.15000000000003,316,28
226.15000000000003,228.15000000000003,314,28
226.15000000000003,228.15000000000003,312,28
226.15000000000003,228.15000000000003,310,28
226.15000000000003,228.15000000000003,308,28
226.15000000000003,228.15000000000003,306,28
226.15000000000003,228.15000000000003,304,28
149.4,101.4,352,28
182.6,153.60000000000002,381,28
226.15000000000003,252.15000000000003,355,28
226.15000000000003,252.15000000000003,329,28
191.75,183.75,337,28
226.0,240.0,323,28
226.0,240.0,309,28
226.0,240.0,295,28
226.0,240.0,281,28
226.0,240.0,267,28
226.0,240.0,253,28
226.0,240.0,239,28
226.0,240.0,226,28
226.0,240.0,226,28
192.35,163.35000000000002,255,28
260.0,303.75,260,28
306.0,437.4,306,28
362.0,614.4000000000001,362,28
421.0,821.4000000000001,421,28
532.0,1353.75,532,28
652.0,2053.3500000000004,652,28
535.0,2160.0,535,28
535.0,2160.0,535,28
535.0,2160.0,535,28
535.0,2160.0,535,28
535.0,2160.0,535,28
535.0,2160.0,535,28
535.0,2160.0,535,28
535.0,2160.0,535,28
535.0,2160.0,535,28
530.0,2053.3500000000004,530,28
530.0,2053.3500000000004,530,28
483.0,1782.15,483,28
483.0,1782.15,483,28
483.0,1782.15,483,28
483.0,1782.15,483,28
483.0,1782.15,483,28
483.0,1782.15,483,28
483.0,1782.15,483,28
483.0,1782.15,483,28
483.0,1782.15,483,28
483.0,1782.15,483,28
483.0,1782.15,483,28
483.0,1782.15,483,28
483.0,1782.15,483,28
483.0,1782.15,483,28
0.0,60.0,340,29
0.0,60.0,280,29
0.0,60.0,220,29
78.0,60.0,238,29
52.0,60.0,230,29
52.0,60.0,222,29
39.0,60.0,201,29
39.0,60.0,180,29
39.0,60.0,159,29
26.0,60.0,125,29
34.0,60.0,99,29
51.0,60.0,90,29
4.400000000000006,38.400000000000006,56,29
46.400000000000006,38.400000000000006,64,29
46.35,43.35,67,29
49.6,48.6,68,29
56.0,60.0,64,29
56.0,60.0,60,29
56.0,60.0,56,29
56.0,60.0,56,29
46.0,60.0,46,29
50.0,60.0,50,29
56.0,66.15,56,29
69.0,109.35,69,29
79.0,144.15,79,29
33.0,183.75,33,29
79.0,183.75,79,29
79.0,183.75,79,29
79.0,183.75,79,29
79.0,183.75,79,29
79.0,183.75,79,29
79.0,183.75,79,29
79.0,183.75,79,29
79.0,183.75,79,29
69.0,183.75,69,29
79.0,183.75,79,29
115.0,360.15000000000003,115,29
142.0,522.1500000000001,142,29
79.0,799.3500000000001,79,29
161.0,799.3500000000001,161,29
194.0,1188.15,194,29
224.0,1782.15,224,29
224.0,1881.6,224,29
224.0,1881.6,224,29
230.0,1881.6,230,29
251.0,2381.4,251,29
251.0,2733.75,251,29
234.0,2733.75,234,29
230.0,2733.75,230,29
226.0,2733.75,226,29
262.0,2733.75,262,29
262.0,2898.15,262,29
190.0,2898.15,190,29
219.0,2306.4,219,29
286.0,2457.6000000000004,286,29
203.0,2693.4,203,29
224.0,2693.4,224,29
292.0,3153.75,292,29
216.0,3375.0,216,29
177.0,3375.0,177,29
216.0,3375.0,216,29
216.0,3465.6000000000004,216,29
216.0,3465.6000000000004,216,29
224.0,3465.6000000000004,224,29
145.0,1591.35,145,29
135.0,1591.35,135,29
135.0,1591.35,135,29
145.0,1591.35,145,29
140.0,1915.35,140,29
140.0,1915.35,140,29
45.0,1915.35,45,29
13.0,1915.35,13,29
140.0,1915.35,140,29
141.0,2018.4,141,29
135.0,2018.4,135,29
141.0,2018.4,141,29
141.0,2053.3500000000004,141,29
135.0,2053.3500000000004,135,29
141.0,2053.3500000000004,141,29
135.0,2088.6000000000004,135,29
141.0,2088.6000000000004,141,29
140.0,2160.0,140,29
169.0,2160.0,169,29
170.0,2343.75,170,29
172.0,2496.15,172,29
83.0,1188.15,83,29
192.0,1188.15,192,29
195.0,1382.4,195,29
231.0,1848.15,231,29
233.0,1983.75,233,29
233.0,2088.6000000000004,233,29
233.0,2088.6000000000004,233,29
233.0,2088.6000000000004,233,29
205.0,2088.6000000000004,205,29
144.0,1782.15,144,29
168.0,1782.15,168,29
231.0,1881.6,231,29
195.0,1949.4,195,29
231.0,1949.4,231,29
192.0,2018.4,192,29
0.0,60.0,340,30
0.0,60.0,280,30
0.0,60.0,220,30
0.0,60.0,160,30
0.0,60.0,100,30
0.0,60.0,40,30
42.0,60.0,42,30
69.0,79.35000000000001,69,30
27.0,126.15,27,30
54.0,126.15,54,30
72.0,153.60000000000002,72,30
72.0,303.75,72,30
135.0,303.75,135,30
90.0,153.60000000000002,90,30
90.0,153.60000000000002,90,30
90.0,153.60000000000002,90,30
90.0,153.60000000000002,90,30
90.0,153.60000000000002,90,30
90.0,153.60000000000002,90,30
90.0,153.60000000000002,90,30
75.0,153.60000000000002,75,30
75.0,153.60000000000002,75,30
96.0,153.60000000000002,96,30
135.0,303.75,135,30
165.0,453.75,165,30
210.0,735.0,210,30
267.0,1161.6,267,30
285.0,1325.4,285,30
336.0,1983.75,336,30
350.0,2232.6000000000004,350,30
360.0,2381.4,360,30
389.0,2613.6000000000004,389,30
389.0,2733.75,389,30
389.0,2733.75,389,30
350.0,2018.4,350,30
350.0,2018.4,350,30
350.0,2018.4,350,30
350.0,2018.4,350,30
350.0,2018.4,350,30
350.0,2018.4,350,30
350.0,2018.4,350,30
350.0,2018.4,350,30
350.0,2018.4,350,30
350.0,2018.4,350,30
350.0,2018.4,350,30
350.0,2018.4,350,30
237.0,912.6,237,30
237.0,912.6,237,30
237.0,912.6,237,30
165.0,437.4,165,30
165.0,437.4,165,30
165.0,437.4,165,30
156.0,405.6,156,30
156.0,405.6,156,30
156.0,405.6,156,30
156.0,405.6,156,30
156.0,405.6,156,30
156.0,405.6,156,30
156.0,405.6,156,30
156.0,405.6,156,30
156.0,405.6,156,30
132.0,277.35,132,30
132.0,277.35,132,30
132.0,277.35,132,30
132.0,277.35,132,30
90.0,144.15,90,30
90.0,144.15,90,30
90.0,144.15,90,30
90.0,144.15,90,30
90.0,144.15,90,30
90.0,144.15,90,30
90.0,144.15,90,30
90.0,144.15,90,30
90.0,144.15,90,30
90.0,144.15,90,30
90.0,144.15,90,30
75.0,93.75,75,30
75.0,93.75,75,30
75.0,93.75,75,30
75.0,93.75,75,30
75.0,93.75,75,30
75.0,93.75,75,30
75.0,93.75,75,30
65.60000000000001,72.60000000000001,68,30
66.0,72.60000000000001,66,30
66.0,72.60000000000001,66,30
56.6,48.6,74,30
59.150000000000006,66.15,67,30
59.150000000000006,66.15,60,30
60.0,66.15,60,30
60.0,66.15,60,30
60.0,66.15,60,30
60.0,66.15,60,30
60.0,66.15,60,30
60.0,66.15,60,30
60.0,66.15,60,30
60.0,66.15,60,30
60.0,66.15,60,30
60.0,66.15,60,30
60.0,66.15,60,30
0.0,60.0,340,31
0.0,60.0,280,31
0.0,60.0,220,31
0.0,38.400000000000006,181,31
55.80000000000001,38.400000000000006,199,31
35.400000000000006,38.400000000000006,196,31
21.40000000000001,38.400000000000006,179,31
83.4,38.400000000000006,224,31
92.4,38.400000000000006,278,31
105.6,48.6,335,31
106.35000000000002,79.35000000000001,362,31
98.75,93.75,367,31
160.60000000000002,117.6,410,31
244.35,277.35,377,31
244.35,277.35,344,31
244.35,277.35,311,31
244.35,277.35,278,31
244.35,277.35,245,31
244.0,277.35,244,31
244.0,277.35,244,31
191.35,163.35000000000002,272,31
276.0,345.6,276,31
391.0,693.6,391,31
520.0,1215.0,520,31
762.0,2535.0,762,31
863.0,3024.6000000000004,863,31
751.0,3375.0,751,31
751.0,3375.0,751,31
751.0,3375.0,751,31
751.0,3375.0,751,31
751.0,3375.0,751,31
751.0,3375.0,751,31
826.0,2940.0,826,31
788.0,3420.1500000000005,788,31
788.0,3420.1500000000005,788,31
788.0,3420.1500000000005,788,31
788.0,3420.1500000000005,788,31
788.0,3420.1500000000005,788,31
788.0,3420.1500000000005,788,31
788.0,3420.1500000000005,788,31
788.0,3420.1500000000005,788,31
788.0,3420.1500000000005,788,31
788.0,3420.1500000000005,788,31
788.0,3420.1500000000005,788,31
788.0,3420.1500000000005,788,31
788.0,3420.1500000000005,788,31
788.0,3420.1500000000005,788,31
788.0,3420.1500000000005,788,31
788.0,3420.1500000000005,788,31
788.0,3420.1500000000005,788,31
788.0,3420.1500000000005,788,31
788.0,3420.1500000000005,788,31
788.0,3420.1500000000005,788,31
788.0,3420.1500000000005,788,31
788.0,3420.1500000000005,788,31
788.0,3420.1500000000005,788,31
788.0,3420.1500000000005,788,31
788.0,3420.1500000000005,788,31
788.0,3420.1500000000005,788,31
788.0,3420.1500000000005,788,31
788.0,3420.1500000000005,788,31
788.0,3420.1500000000005,788,31
788.0,3420.1500000000005,788,31
788.0,3420.1500000000005,788,31
788.0,3420.1500000000005,788,31
788.0,3420.1500000000005,788,31
788.0,3420.1500000000005,788,31
788.0,3420.1500000000005,788,31
788.0,3420.1500000000005,788,31
788.0,3420.1500000000005,788,31
788.0,3420.1500000000005,788,31
788.0,3420.1500000000005,788,31
788.0,3420.1500000000005,788,31
788.0,3420.1500000000005,788,31
788.0,3420.1500000000005,788,31
788.0,3420.1500000000005,788,31
788.0,3420.1500000000005,788,31
788.0,3420.1500000000005,788,31
788.0,3420.1500000000005,788,31
788.0,3420.1500000000005,788,31
788.0,3420.1500000000005,788,31
900.0,3197.4000000000005,900,31
788.0,3744.6,788,31
788.0,3744.6,788,31
788.0,3744.6,788,31
788.0,3650.400000000001,788,31
788.0,3650.400000000001,788,31
788.0,3650.400000000001,788,31
788.0,3650.400000000001,788,31
788.0,3650.400000000001,788,31
788.0,3650.400000000001,788,31
788.0,3650.400000000001,788,31
788.0,3650.400000000001,788,31
788.0,3650.400000000001,788,31
788.0,3650.400000000001,788,31
788.0,3650.400000000001,788,31
788.0,3650.400000000001,788,31
788.0,3650.400000000001,788,31
788.0,3650.400000000001,788,31
788.0,3650.400000000001,788,31
0.0,60.0,340,32
0.0,60.0,280,32
0.0,60.0,220,32
0.0,60.0,160,32
0.0,60.0,100,32
0.0,60.0,40,32
26.40000000000001,38.400000000000006,28,32
27.0,38.400000000000006,27,32
27.0,38.400000000000006,27,32
18.0,38.400000000000006,18,32
35.0,38.400000000000006,35,32
26.0,43.35,26,32
26.0,43.35,26,32
9.0,43.35,9,32
31.0,43.35,31,32
40.0,43.35,40,32
53.0,54.150000000000006,53,32
53.0,66.15,53,32
53.0,66.15,53,32
53.0,66.15,53,32
53.0,66.15,53,32
53.0,66.15,53,32
9.0,66.15,9,32
53.0,66.15,53,32
53.0,66.15,53,32
53.0,66.15,53,32
53.0,66.15,53,32
53.0,66.15,53,32
53.0,66.15,53,32
53.0,66.15,53,32
53.0,66.15,53,32
53.0,66.15,53,32
53.0,66.15,53,32
22.0,66.15,22,32
26.0,66.15,26,32
35.0,101.4,35,32
39.0,135.0,39,32
39.0,163.35000000000002,39,32
39.0,163.35000000000002,39,32
39.0,163.35000000000002,39,32
39.0,163.35000000000002,39,32
39.0,163.35000000000002,39,32
39.0,163.35000000000002,39,32
39.0,163.35000000000002,39,32
13.0,163.35000000000002,13,32
39.0,163.35000000000002,39,32
39.0,205.35,39,32
39.0,205.35,39,32
39.0,205.35,39,32
39.0,205.35,39,32
39.0,205.35,39,32
35.0,205.35,35,32
39.0,205.35,39,32
48.0,252.15000000000003,48,32
52.0,277.35,52,32
52.0,331.35,52,32
52.0,331.35,52,32
52.0,331.35,52,32
61.0,331.35,61,32
52.0,390.15,52,32
117.0,390.15,117,32
130.0,487.35,130,32
143.0,540.0,143,32
178.0,673.35,178,32
149.0,936.15,149,32
81.0,936.15,81,32
136.0,936.15,136,32
153.0,1215.0,153,32
136.0,1008.6,136,32
34.0,1008.6,34,32
132.0,1008.6,132,32
149.0,1297.35,149,32
149.0,1325.4,149,32
85.0,558.1500000000001,85,32
85.0,558.1500000000001,85,32
85.0,558.1500000000001,85,32
85.0,558.1500000000001,85,32
68.0,558.1500000000001,68,32
86.0,558.1500000000001,86,32
90.0,653.4000000000001,90,32
104.0,866.4000000000001,104,32
122.0,1033.35,122,32
140.0,1325.4,140,32
158.0,1685.4,158,32
163.0,2088.6000000000004,163,32
156.0,2196.15,156,32
219.0,2196.15,219,32
219.0,2269.3500000000004,219,32
219.0,2269.3500000000004,219,32
219.0,2269.3500000000004,219,32
219.0,2269.3500000000004,219,32
219.0,2269.3500000000004,219,32
217.0,2269.3500000000004,217,32
198.0,2269.3500000000004,198,32
198.0,2269.3500000000004,198,32
198.0,2269.3500000000004,198,32
198.0,2269.3500000000004,198,32
198.0,2269.3500000000004,198,32
198.0,2269.3500000000004,198,32
198.0,2269.3500000000004,198,32
0.0,60.0,340,33
0.0,60.0,280,33
0.0,60.0,220,33
0.0,60.0,160,33
72.0,60.0,172,33
59.35000000000001,109.35,122,33
80.35000000000001,109.35,93,33
81.0,109.35,81,33
18.0,109.35,18,33
63.0,109.35,63,33
60.0,109.35,60,33
52.0,109.35,52,33
52.0,109.35,52,33
69.0,109.35,69,33
69.0,109.35,69,33
26.0,109.35,26,33
65.0,109.35,65,33
69.0,109.35,69,33
75.0,117.6,75,33
52.0,135.0,52,33
49.0,135.0,49,33
65.0,135.0,65,33
91.0,290.40000000000003,91,33
127.0,504.6,127,33
130.0,936.15,130,33
179.0,1382.4,179,33
189.0,2124.15,189,33
210.0,2196.15,210,33
189.0,2419.3500000000004,189,33
189.0,2419.3500000000004,189,33
192.0,2419.3500000000004,192,33
156.0,2856.6000000000004,156,33
210.0,2856.6000000000004,210,33
313.0,2982.15,313,33
224.0,3330.15,224,33
66.0,1269.6,66,33
164.0,1269.6,164,33
148.0,1685.4,148,33
148.0,1685.4,148,33
148.0,1685.4,148,33
148.0,1685.4,148,33
164.0,1685.4,164,33
155.0,2124.15,155,33
154.0,2124.15,154,33
155.0,2124.15,155,33
155.0,2232.6000000000004,155,33
155.0,2232.6000000000004,155,33
154.0,2018.4,154,33
154.0,2018.4,154,33
101.0,2018.4,101,33
105.0,1815.0,105,33
105.0,1881.6,105,33
105.0,1782.15,105,33
105.0,1782.15,105,33
110.0,1782.15,110,33
162.0,2053.3500000000004,162,33
162.0,2053.3500000000004,162,33
162.0,2053.3500000000004,162,33
162.0,2053.3500000000004,162,33
161.0,1983.75,161,33
156.0,1983.75,156,33
119.0,1983.75,119,33
119.0,1983.75,119,33
125.0,1135.35,125,33
135.0,1440.6,135,33
102.0,1685.4,102,33
88.0,1685.4,88,33
88.0,1685.4,88,33
88.0,1685.4,88,33
88.0,1685.4,88,33
88.0,1685.4,88,33
88.0,1685.4,88,33
88.0,1685.4,88,33
99.0,1685.4,99,33
91.0,1983.75,91,33
76.0,889.3499999999999,76,33
76.0,889.3499999999999,76,33
45.0,345.6,45,33
45.0,345.6,45,33
45.0,345.6,45,33
45.0,345.6,45,33
19.0,345.6,19,33
72.0,345.6,72,33
87.0,437.4,87,33
87.0,504.6,87,33
87.0,504.6,87,33
87.0,504.6,87,33
87.0,504.6,87,33
87.0,504.6,87,33
87.0,504.6,87,33
87.0,504.6,87,33
58.0,194.4,58,33
29.0,194.4,29,33
46.0,194.4,46,33
58.0,216.6,58,33
58.0,303.75,58,33
58.0,303.75,58,33
58.0,303.75,58,33
58.0,303.75,58,33
58.0,303.75,58,33
0.0,60.0,340,34
140.0,60.0,420,34
84.0,60.0,444,34
70.0,60.0,454,34
35.0,60.0,429,34
33.0,60.0,402,34
32.0,60.0,374,34
32.0,60.0,346,34
25.0,60.0,311,34
25.0,60.0,276,34
16.0,60.0,232,34
24.0,60.0,196,34
24.0,60.0,160,34
24.0,60.0,124,34
17.0,60.0,81,34
24.0,60.0,45,34
24.0,60.0,24,34
24.0,60.0,24,34
24.0,60.0,24,34
9.0,60.0,9,34
41.0,60.0,41,34
40.400000000000006,38.400000000000006,43,34
41.0,48.6,41,34
38.0,48.6,38,34
38.0,48.6,38,34
38.0,48.6,38,34
38.0,48.6,38,34
38.0,48.6,38,34
38.0,48.6,38,34
19.0,48.6,19,34
77.0,48.6,77,34
96.0,86.4,96,34
121.0,135.0,121,34
45.0,163.35000000000002,45,34
109.0,163.35000000000002,109,34
141.0,216.6,141,34
141.0,252.15000000000003,141,34
128.0,252.15000000000003,128,34
128.0,252.15000000000003,128,34
128.0,252.15000000000003,128,34
109.0,163.35000000000002,109,34
109.0,163.35000000000002,109,34
109.0,163.35000000000002,109,34
77.4,101.4,85,34
77.0,101.4,77,34
77.0,101.4,77,34
77.0,101.4,77,34
77.0,101.4,77,34
77.0,101.4,77,34
64.0,101.4,64,34
77.0,101.4,77,34
96.0,135.0,96,34
96.0,163.35000000000002,96,34
96.0,163.35000000000002,96,34
96.0,163.35000000000002,96,34
89.0,163.35000000000002,89,34
96.0,163.35000000000002,96,34
109.0,228.15000000000003,109,34
128.0,264.6,128,34
128.0,277.35,128,34
128.0,277.35,128,34
13.0,277.35,13,34
121.0,277.35,121,34
128.0,345.6,128,34
109.0,264.6,109,34
109.0,264.6,109,34
109.0,264.6,109,34
109.0,264.6,109,34
109.0,264.6,109,34
109.0,264.6,109,34
96.0,264.6,96,34
109.0,252.15000000000003,109,34
141.0,375.0,141,34
160.0,470.4,160,34
173.0,633.75,173,34
205.0,843.75,205,34
224.0,1083.75,224,34
269.0,1500.0,269,34
141.0,1915.35,141,34
308.0,1915.35,308,34
312.0,2088.6000000000004,312,34
312.0,2088.6000000000004,312,34
312.0,2088.6000000000004,312,34
308.0,2088.6000000000004,308,34
312.0,2088.6000000000004,312,34
312.0,2124.15,312,34
312.0,2124.15,312,34
312.0,2124.15,312,34
312.0,2124.15,312,34
312.0,2124.15,312,34
308.0,2124.15,308,34
312.0,2124.15,312,34
242.0,2196.15,242,34
242.0,2196.15,242,34
234.0,1949.4,234,34
234.0,1560.6,234,34
234.0,1560.6,234,34
234.0,1560.6,234,34
234.0,1560.6,234,34
234.0,1560.6,234,34
0.0,60.0,340,35
0.0,60.0,280,35
0.0,60.0,220,35
0.0,60.0,160,35
0.0,60.0,100,35
0.0,60.0,40,35
0.0,60.0,0,35
0.0,33.75,0,35
0.0,21.6,0,35
0.0,12.15,0,35
0.0,7.35,0,35
0.0,5.4,0,35
0.0,3.75,0,35
0.0,2.4000000000000004,0,35
0.0,1.35,0,35
0.0,0.6000000000000001,0,35
0.0,0.15,0,35
0.0,60.0,340,36
0.0,60.0,280,36
0.0,60.0,220,36
0.0,60.0,160,36
108.0,60.0,208,36
116.15,144.15,180,36
134.15,144.15,170,36
71.4,86.4,155,36
44.400000000000006,86.4,113,36
62.400000000000006,86.4,89,36
35.35,43.35,81,36
35.35,43.35,73,36
35.35,43.35,65,36
26.35,43.35,48,36
26.35,43.35,31,36
27.0,43.35,27,36
27.0,43.35,27,36
27.0,43.35,27,36
27.0,43.35,27,36
27.0,43.35,27,36
27.0,43.35,27,36
27.0,43.35,27,36
27.0,43.35,27,36
27.0,43.35,27,36
27.0,43.35,27,36
27.0,43.35,27,36
27.0,43.35,27,36
27.0,43.35,27,36
27.0,43.35,27,36
27.0,43.35,27,36
27.0,43.35,27,36
27.0,43.35,27,36
27.0,43.35,27,36
27.0,43.35,27,36
27.0,43.35,27,36
27.0,43.35,27,36
27.0,43.35,27,36
27.0,43.35,27,36
27.0,43.35,27,36
27.0,43.35,27,36
27.0,43.35,27,36
27.0,43.35,27,36
27.0,43.35,27,36
27.0,43.35,27,36
27.0,43.35,27,36
27.0,43.35,27,36
27.0,43.35,27,36
27.0,43.35,27,36
27.0,43.35,27,36
27.0,43.35,27,36
27.0,43.35,27,36
27.0,43.35,27,36
27.0,43.35,27,36
27.0,43.35,27,36
27.0,43.35,27,36
27.0,43.35,27,36
27.0,43.35,27,36
27.0,43.35,27,36
27.0,43.35,27,36
27.0,43.35,27,36
27.0,43.35,27,36
27.0,43.35,27,36
27.0,43.35,27,36
27.0,43.35,27,36
27.0,43.35,27,36
27.0,43.35,27,36
27.0,43.35,27,36
27.0,43.35,27,36
27.0,43.35,27,36
27.0,43.35,27,36
27.0,43.35,27,36
27.0,43.35,27,36
27.0,43.35,27,36
27.0,43.35,27,36
27.0,43.35,27,36
27.0,43.35,27,36
27.0,43.35,27,36
27.0,43.35,27,36
27.0,43.35,27,36
27.0,43.35,27,36
27.0,43.35,27,36
27.0,43.35,27,36
27.0,43.35,27,36
27.0,43.35,27,36
27.0,43.35,27,36
27.0,43.35,27,36
27.0,43.35,27,36
27.0,43.35,27,36
27.0,43.35,27,36
27.0,43.35,27,36
27.0,43.35,27,36
27.0,43.35,27,36
27.0,43.35,27,36
27.0,43.35,27,36
27.0,43.35,27,36
27.0,43.35,27,36
27.0,43.35,27,36
36.0,43.35,36,36
63.0,109.35,63,36
90.0,240.0,90,36
0.0,60.0,340,37
0.0,60.0,280,37
0.0,60.0,220,37
0.0,60.0,160,37
0.0,25.35,134,37
0.0,25.35,109,37
0.0,25.35,83,37
23.399999999999984,25.35,82,37
23.35,25.35,80,37
23.35,25.35,78,37
23.6,21.6,80,37
23.35,25.35,78,37
11.599999999999994,9.6,80,37
0.0,15.0,65,37
12.0,15.0,62,37
12.0,15.0,59,37
12.0,15.0,56,37
0.0,15.0,41,37
22.0,15.0,48,37
31.6,21.6,58,37
43.75,33.75,68,37
54.150000000000006,66.15,56,37
54.0,66.15,54,37
54.0,66.15,54,37
0.0,66.15,0,37
44.0,38.400000000000006,44,37
44.0,54.150000000000006,44,37
44.0,54.150000000000006,44,37
22.0,54.150000000000006,22,37
44.0,54.150000000000006,44,37
54.0,86.4,54,37
66.0,109.35,66,37
66.0,163.35000000000002,66,37
66.0,163.35000000000002,66,37
66.0,163.35000000000002,66,37
66.0,163.35000000000002,66,37
66.0,163.35000000000002,66,37
66.0,163.35000000000002,66,37
88.0,163.35000000000002,88,37
98.0,240.0,98,37
120.0,345.6,120,37
120.0,487.35,120,37
44.0,487.35,44,37
110.0,487.35,110,37
110.0,614.4000000000001,110,37
192.0,614.4000000000001,192,37
182.0,777.5999999999999,182,37
204.0,777.5999999999999,204,37
216.0,984.15,216,37
216.0,1161.6,216,37
238.0,1161.6,238,37
226.0,1530.15,226,37
261.0,1530.15,261,37
261.0,1653.75,261,37
261.0,1653.75,261,37
238.0,1653.75,238,37
261.0,1653.75,261,37
216.0,1848.15,216,37
294.0,1848.15,294,37
356.0,2088.6000000000004,356,37
356.0,2196.15,356,37
239.0,2196.15,239,37
356.0,2196.15,356,37
356.0,2343.75,356,37
356.0,2343.75,356,37
356.0,2343.75,356,37
354.0,2018.4,354,37
239.0,2018.4,239,37
297.0,2018.4,297,37
299.0,2088.6000000000004,299,37
160.0,2419.3500000000004,160,37
226.0,1560.6,226,37
185.0,1717.35,185,37
231.0,1717.35,231,37
231.0,1881.6,231,37
231.0,1881.6,231,37
231.0,1881.6,231,37
231.0,1881.6,231,37
197.0,1881.6,197,37
175.0,1881.6,175,37
175.0,1881.6,175,37
175.0,1881.6,175,37
74.0,1881.6,74,37
175.0,1881.6,175,37
178.0,2053.3500000000004,178,37
178.0,2196.15,178,37
178.0,2196.15,178,37
171.0,2196.15,171,37
178.0,2196.15,178,37
178.0,2343.75,178,37
178.0,2343.75,178,37
178.0,2343.75,178,37
178.0,2343.75,178,37
171.0,2343.75,171,37
178.0,2343.75,178,37
238.0,2457.6000000000004,238,37
239.0,2733.75,239,37
257.0,3067.3500000000004,257,37
247.0,3511.3500000000004,247,37
247.0,3511.3500000000004,247,37
0.0,60.0,340,38
0.0,54.150000000000006,285,38
0.0,54.150000000000006,231,38
35.44999999999999,54.150000000000006,213,38
29.15000000000001,54.150000000000006,188,38
17.150000000000006,54.150000000000006,151,38
23.15000000000001,54.150000000000006,120,38
11.150000000000006,54.150000000000006,77,38
23.15000000000001,54.150000000000006,46,38
24.0,54.150000000000006,24,38
24.0,54.150000000000006,24,38
24.0,54.150000000000006,24,38
24.0,54.150000000000006,24,38
24.0,54.150000000000006,24,38
24.0,54.150000000000006,24,38
24.0,54.150000000000006,24,38
24.0,54.150000000000006,24,38
24.0,54.150000000000006,24,38
24.0,54.150000000000006,24,38
24.0,54.150000000000006,24,38
24.0,54.150000000000006,24,38
24.0,54.150000000000006,24,38
24.0,54.150000000000006,24,38
24.0,54.150000000000006,24,38
24.0,54.150000000000006,24,38
24.0,54.150000000000006,24,38
24.0,54.150000000000006,24,38
24.0,54.150000000000006,24,38
24.0,54.150000000000006,24,38
24.0,54.150000000000006,24,38
24.0,54.150000000000006,24,38
24.0,54.150000000000006,24,38
24.0,54.150000000000006,24,38
24.0,54.150000000000006,24,38
24.0,54.150000000000006,24,38
24.0,54.150000000000006,24,38
24.0,54.150000000000006,24,38
24.0,54.150000000000006,24,38
24.0,54.150000000000006,24,38
24.0,54.150000000000006,24,38
24.0,54.150000000000006,24,38
24.0,54.150000000000006,24,38
24.0,54.150000000000006,24,38
24.0,54.150000000000006,24,38
24.0,54.150000000000006,24,38
24.0,54.150000000000006,24,38
24.0,54.150000000000006,24,38
24.0,54.150000000000006,24,38
24.0,54.150000000000006,24,38
24.0,54.150000000000006,24,38
24.0,54.150000000000006,24,38
24.0,54.150000000000006,24,38
24.0,54.150000000000006,24,38
24.0,54.150000000000006,24,38
24.0,54.150000000000006,24,38
24.0,54.150000000000006,24,38
24.0,54.150000000000006,24,38
24.0,54.150000000000006,24,38
24.0,54.150000000000006,24,38
24.0,54.150000000000006,24,38
24.0,54.150000000000006,24,38
24.0,54.150000000000006,24,38
24.0,54.150000000000006,24,38
24.0,54.150000000000006,24,38
24.0,54.150000000000006,24,38
24.0,54.150000000000006,24,38
24.0,54.150000000000006,24,38
24.0,54.150000000000006,24,38
24.0,54.150000000000006,24,38
24.0,54.150000000000006,24,38
24.0,54.150000000000006,24,38
24.0,54.150000000000006,24,38
24.0,54.150000000000006,24,38
24.0,54.150000000000006,24,38
24.0,54.150000000000006,24,38
24.0,54.150000000000006,24,38
24.0,54.150000000000006,24,38
24.0,54.150000000000006,24,38
24.0,54.150000000000006,24,38
24.0,54.150000000000006,24,38
24.0,54.150000000000006,24,38
24.0,54.150000000000006,24,38
24.0,54.150000000000006,24,38
24.0,54.150000000000006,24,38
24.0,54.150000000000006,24,38
24.0,54.150000000000006,24,38
24.0,54.150000000000006,24,38
24.0,54.150000000000006,24,38
24.0,54.150000000000006,24,38
24.0,54.150000000000006,24,38
24.0,54.150000000000006,24,38
24.0,54.150000000000006,24,38
24.0,54.150000000000006,24,38
24.0,54.150000000000006,24,38
24.0,54.150000000000006,24,38
24.0,54.150000000000006,24,38
24.0,54.150000000000006,24,38
24.0,54.150000000000006,24,38
24.0,54.150000000000006,24,38
24.0,54.150000000000006,24,38
0.0,60.0,340,39
0.0,60.0,280,39
0.0,60.0,220,39
78.0,60.0,238,39
91.15,66.15,263,39
78.35000000000002,109.35,232,39
65.35000000000001,109.35,188,39
52.35000000000001,109.35,131,39
65.35000000000001,109.35,87,39
65.0,109.35,65,39
65.0,109.35,65,39
65.0,109.35,65,39
65.0,109.35,65,39
65.0,109.35,65,39
65.0,109.35,65,39
65.0,109.35,65,39
65.0,109.35,65,39
65.0,109.35,65,39
65.0,109.35,65,39
65.0,109.35,65,39
65.0,109.35,65,39
65.0,109.35,65,39
65.0,109.35,65,39
65.0,109.35,65,39
52.0,66.15,52,39
52.0,66.15,52,39
52.0,66.15,52,39
52.0,66.15,52,39
52.0,66.15,52,39
52.0,66.15,52,39
52.0,66.15,52,39
52.0,66.15,52,39
52.0,66.15,52,39
52.0,66.15,52,39
52.0,66.15,52,39
52.0,66.15,52,39
52.0,66.15,52,39
52.0,66.15,52,39
52.0,66.15,52,39
52.0,66.15,52,39
52.0,66.15,52,39
52.0,66.15,52,39
52.0,66.15,52,39
52.0,66.15,52,39
52.0,66.15,52,39
52.0,66.15,52,39
52.0,66.15,52,39
52.0,66.15,52,39
52.0,66.15,52,39
52.0,66.15,52,39
52.0,66.15,52,39
52.0,66.15,52,39
52.0,66.15,52,39
52.0,66.15,52,39
52.0,66.15,52,39
52.0,66.15,52,39
52.0,66.15,52,39
52.0,66.15,52,39
52.0,66.15,52,39
52.0,66.15,52,39
52.0,66.15,52,39
52.0,66.15,52,39
52.0,66.15,52,39
52.0,66.15,52,39
52.0,66.15,52,39
52.0,66.15,52,39
52.0,66.15,52,39
52.0,66.15,52,39
52.0,66.15,52,39
52.0,66.15,52,39
52.0,66.15,52,39
52.0,66.15,52,39
52.0,66.15,52,39
52.0,66.15,52,39
52.0,66.15,52,39
52.0,66.15,52,39
52.0,66.15,52,39
52.0,66.15,52,39
52.0,66.15,52,39
52.0,66.15,52,39
52.0,66.15,52,39
52.0,66.15,52,39
52.0,66.15,52,39
52.0,66.15,52,39
52.0,66.15,52,39
52.0,66.15,52,39
52.0,66.15,52,39
52.0,66.15,52,39
52.0,66.15,52,39
52.0,66.15,52,39
52.0,66.15,52,39
52.0,66.15,52,39
52.0,66.15,52,39
52.0,66.15,52,39
52.0,66.15,52,39
52.0,66.15,52,39
52.0,66.15,52,39
52.0,66.15,52,39
52.0,66.15,52,39
52.0,66.15,52,39
0.0,60.0,340,40
0.0,60.0,280,40
0.0,60.0,220,40
0.0,29.4,190,40
0.0,29.4,161,40
95.20000000000002,29.4,227,40
79.6,48.6,258,40
115.60000000000002,72.60000000000001,301,40
163.60000000000002,153.60000000000002,311,40
244.0,331.35,244,40
244.0,331.35,244,40
244.0,331.35,244,40
244.0,331.35,244,40
244.0,331.35,244,40
244.0,331.35,244,40
244.0,331.35,244,40
244.0,331.35,244,40
244.0,331.35,244,40
244.0,331.35,244,40
244.0,331.35,244,40
244.0,331.35,244,40
244.0,331.35,244,40
244.0,331.35,244,40
244.0,331.35,244,40
244.0,331.35,244,40
208.0,331.35,208,40
192.0,331.35,192,40
192.0,331.35,192,40
192.0,331.35,192,40
148.0,331.35,148,40
148.0,331.35,148,40
148.0,331.35,148,40
148.0,317.40000000000003,148,40
148.0,317.40000000000003,148,40
148.0,317.40000000000003,148,40
148.0,317.40000000000003,148,40
148.0,317.40000000000003,148,40
148.0,317.40000000000003,148,40
148.0,317.40000000000003,148,40
148.0,317.40000000000003,148,40
148.0,317.40000000000003,148,40
148.0,317.40000000000003,148,40
148.0,317.40000000000003,148,40
148.0,317.40000000000003,148,40
148.0,317.40000000000003,148,40
148.0,317.40000000000003,148,40
148.0,317.40000000000003,148,40
100.0,153.60000000000002,100,40
100.0,153.60000000000002,100,40
100.0,153.60000000000002,100,40
100.0,153.60000000000002,100,40
100.0,153.60000000000002,100,40
100.0,153.60000000000002,100,40
100.0,153.60000000000002,100,40
100.0,153.60000000000002,100,40
100.0,153.60000000000002,100,40
96.0,126.15,96,40
96.0,126.15,96,40
96.0,126.15,96,40
96.0,126.15,96,40
96.0,126.15,96,40
96.0,126.15,96,40
96.0,126.15,96,40
96.0,126.15,96,40
96.0,126.15,96,40
96.0,126.15,96,40
96.0,126.15,96,40
96.0,126.15,96,40
96.0,126.15,96,40
96.0,126.15,96,40
96.0,126.15,96,40
96.0,126.15,96,40
96.0,126.15,96,40
96.0,126.15,96,40
96.0,126.15,96,40
96.0,126.15,96,40
96.0,126.15,96,40
96.0,126.15,96,40
96.0,117.6,96,40
96.0,117.6,96,40
96.0,117.6,96,40
96.0,117.6,96,40
96.0,117.6,96,40
96.0,117.6,96,40
96.0,117.6,96,40
96.0,117.6,96,40
96.0,117.6,96,40
96.0,117.6,96,40
96.0,117.6,96,40
96.0,117.6,96,40
96.0,117.6,96,40
96.0,117.6,96,40
84.0,109.35,84,40
84.0,109.35,84,40
80.0,86.4,80,40
80.0,86.4,80,40
80.0,86.4,80,40
80.0,86.4,80,40
80.0,86.4,80,40
80.0,86.4,80,40
0.0,60.0,340,41
0.0,60.0,280,41
30.0,60.0,250,41
21.0,60.0,211,41
28.0,60.0,179,41
28.0,60.0,147,41
12.0,60.0,99,41
70.0,60.0,109,41
56.0,60.0,105,41
70.0,60.0,115,41
59.0,126.15,59,41
70.0,126.15,70,41
98.0,252.15000000000003,98,41
126.0,437.4,126,41
182.0,595.35,182,41
210.0,843.75,210,41
210.0,1325.4,210,41
224.0,1325.4,224,41
181.0,1983.75,181,41
195.0,1983.75,195,41
288.0,2815.3500000000004,288,41
201.0,3067.3500000000004,201,41
230.0,3067.3500000000004,230,41
227.0,3153.75,227,41
389.0,3153.75,389,41
319.0,3330.15,319,41
369.0,3330.15,369,41
256.0,3697.35,256,41
256.0,3697.35,256,41
260.0,3697.35,260,41
377.0,3888.150000000001,377,41
377.0,4083.75,377,41
377.0,4083.75,377,41
420.0,4083.75,420,41
453.0,4386.150000000001,453,41
438.0,4593.75,438,41
453.0,4593.75,453,41
444.0,4914.150000000001,444,41
385.0,4914.150000000001,385,41
459.0,4914.150000000001,459,41
364.0,2343.75,364,41
301.0,2343.75,301,41
314.0,2343.75,314,41
246.0,2613.6000000000004,246,41
285.0,2613.6000000000004,285,41
466.0,3197.4000000000005,466,41
466.0,3285.6000000000004,466,41
457.0,3285.6000000000004,457,41
414.0,3067.3500000000004,414,41
414.0,3067.3500000000004,414,41
414.0,3067.3500000000004,414,41
414.0,3067.3500000000004,414,41
230.0,3067.3500000000004,230,41
407.0,3067.3500000000004,407,41
407.0,3197.4000000000005,407,41
167.0,3197.4000000000005,167,41
348.0,3197.4000000000005,348,41
348.0,3285.6000000000004,348,41
348.0,3285.6000000000004,348,41
290.0,3285.6000000000004,290,41
348.0,3285.6000000000004,348,41
297.0,3420.1500000000005,297,41
297.0,3420.1500000000005,297,41
290.0,3420.1500000000005,290,41
297.0,3420.1500000000005,297,41
297.0,3511.3500000000004,297,41
297.0,3511.3500000000004,297,41
129.0,3511.3500000000004,129,41
297.0,3511.3500000000004,297,41
297.0,3603.75,297,41
297.0,3557.4,297,41
297.0,3557.4,297,41
297.0,3557.4,297,41
290.0,3557.4,290,41
297.0,3557.4,297,41
284.0,2160.0,284,41
284.0,2160.0,284,41
284.0,2160.0,284,41
190.0,2160.0,190,41
270.0,2160.0,270,41
305.0,2196.15,305,41
307.0,2343.75,307,41
311.0,2496.15,311,41
216.0,2653.3500000000004,216,41
290.0,2653.3500000000004,290,41
291.0,2856.6000000000004,291,41
296.0,3110.4,296,41
297.0,3330.15,297,41
286.0,3465.6000000000004,286,41
297.0,3465.6000000000004,297,41
302.0,3840.0,302,41
303.0,3936.6,303,41
286.0,2898.15,286,41
293.0,2898.15,293,41
296.0,3153.75,296,41
297.0,3375.0,297,41
296.0,3792.15,296,41
293.0,3792.15,293,41
302.0,3792.15,302,41
303.0,4133.400000000001,303,41
0.0,60.0,340,42
0.0,60.0,280,42
0.0,60.0,220,42
0.0,60.0,160,42
0.0,60.0,100,42
0.0,60.0,40,42
0.0,60.0,0,42
0.0,33.75,0,42
0.0,21.6,0,42
0.0,12.15,0,42
0.0,7.35,0,42
0.0,5.4,0,42
1.0,3.75,1,42
1.0,3.75,1,42
1.0,3.75,1,42
1.0,3.75,1,42
1.0,3.75,1,42
1.0,3.75,1,42
1.0,3.75,1,42
1.0,3.75,1,42
1.0,3.75,1,42
1.0,3.75,1,42
1.0,3.75,1,42
1.0,3.75,1,42
1.0,3.75,1,42
1.0,3.75,1,42
1.0,3.75,1,42
1.0,3.75,1,42
1.0,3.75,1,42
1.0,3.75,1,42
1.0,3.75,1,42
1.0,3.75,1,42
1.0,3.75,1,42
1.0,3.75,1,42
1.0,3.75,1,42
1.0,3.75,1,42
1.0,3.75,1,42
1.0,3.75,1,42
1.0,3.75,1,42
1.0,3.75,1,42
1.0,3.75,1,42
1.0,3.75,1,42
1.0,3.75,1,42
1.0,3.75,1,42
1.0,3.75,1,42
1.0,3.75,1,42
1.0,3.75,1,42
1.0,3.75,1,42
1.0,3.75,1,42
1.0,3.75,1,42
1.0,3.75,1,42
1.0,3.75,1,42
1.0,3.75,1,42
1.0,3.75,1,42
1.0,3.75,1,42
1.0,3.75,1,42
1.0,3.75,1,42
1.0,3.75,1,42
1.0,3.75,1,42
1.0,3.75,1,42
1.0,3.75,1,42
1.0,3.75,1,42
1.0,3.75,1,42
1.0,3.75,1,42
1.0,3.75,1,42
1.0,3.75,1,42
1.0,3.75,1,42
1.0,3.75,1,42
1.0,3.75,1,42
1.0,3.75,1,42
1.0,3.75,1,42
1.0,3.75,1,42
1.0,3.75,1,42
1.0,3.75,1,42
1.0,3.75,1,42
1.0,3.75,1,42
1.0,3.75,1,42
1.0,3.75,1,42
1.0,3.75,1,42
1.0,3.75,1,42
1.0,3.75,1,42
1.0,3.75,1,42
1.0,3.75,1,42
1.0,3.75,1,42
1.0,3.75,1,42
1.0,3.75,1,42
1.0,3.75,1,42
1.0,3.75,1,42
1.0,3.75,1,42
1.0,3.75,1,42
1.0,3.75,1,42
1.0,3.75,1,42
1.0,3.75,1,42
1.0,3.75,1,42
1.0,3.75,1,42
1.0,3.75,1,42
1.0,3.75,1,42
1.0,3.75,1,42
1.0,3.75,1,42
1.0,3.75,1,42
0.0,60.0,340,43
0.0,60.0,280,43
0.0,60.0,220,43
0.0,60.0,160,43
0.0,60.0,100,43
0.0,60.0,40,43
0.0,60.0,0,43
0.0,33.75,0,43
0.0,21.6,0,43
0.0,12.15,0,43
0.0,7.35,0,43
12.0,5.4,12,43
11.35,7.35,16,43
23.15,12.15,27,43
23.6,21.6,29,43
23.35,25.35,27,43
23.35,25.35,25,43
24.0,25.35,24,43
24.0,25.35,24,43
24.0,25.35,24,43
24.0,25.35,24,43
24.0,25.35,24,43
24.0,25.35,24,43
24.0,25.35,24,43
24.0,25.35,24,43
24.0,25.35,24,43
24.0,25.35,24,43
24.0,25.35,24,43
24.0,25.35,24,43
24.0,25.35,24,43
24.0,25.35,24,43
24.0,25.35,24,43
24.0,25.35,24,43
24.0,25.35,24,43
24.0,25.35,24,43
24.0,25.35,24,43
24.0,25.35,24,43
24.0,25.35,24,43
24.0,25.35,24,43
24.0,25.35,24,43
24.0,25.35,24,43
24.0,25.35,24,43
24.0,25.35,24,43
24.0,25.35,24,43
24.0,25.35,24,43
24.0,25.35,24,43
24.0,25.35,24,43
24.0,25.35,24,43
24.0,25.35,24,43
24.0,25.35,24,43
24.0,25.35,24,43
24.0,25.35,24,43
24.0,25.35,24,43
24.0,25.35,24,43
24.0,25.35,24,43
24.0,25.35,24,43
24.0,25.35,24,43
24.0,25.35,24,43
24.0,25.35,24,43
24.0,25.35,24,43
24.0,25.35,24,43
24.0,25.35,24,43
24.0,25.35,24,43
24.0,25.35,24,43
24.0,25.35,24,43
24.0,25.35,24,43
24.0,25.35,24,43
24.0,25.35,24,43
24.0,25.35,24,43
24.0,25.35,24,43
24.0,25.35,24,43
24.0,25.35,24,43
24.0,25.35,24,43
24.0,25.35,24,43
24.0,25.35,24,43
24.0,25.35,24,43
24.0,25.35,24,43
24.0,25.35,24,43
24.0,25.35,24,43
24.0,25.35,24,43
24.0,25.35,24,43
24.0,25.35,24,43
24.0,25.35,24,43
24.0,25.35,24,43
24.0,25.35,24,43
24.0,25.35,24,43
24.0,25.35,24,43
24.0,25.35,24,43
24.0,25.35,24,43
24.0,25.35,24,43
24.0,25.35,24,43
24.0,25.35,24,43
0.0,25.35,0,43
0.0,15.0,0,43
0.0,9.6,0,43
0.0,5.4,0,43
0.0,3.75,0,43
0.0,2.4000000000000004,0,43
0.0,1.35,0,43
0.0,0.6000000000000001,0,43
0.0,60.0,340,44
0.0,60.0,280,44
0.0,60.0,220,44
0.0,60.0,160,44
0.0,60.0,100,44
0.0,60.0,40,44
0.0,33.75,6,44
14.0,33.75,14,44
21.0,33.75,21,44
14.0,33.75,14,44
18.15,12.15,20,44
12.15,12.15,20,44
12.15,12.15,20,44
12.15,12.15,20,44
12.15,12.15,20,44
12.15,12.15,20,44
12.15,12.15,20,44
12.15,12.15,20,44
12.15,12.15,20,44
12.15,12.15,20,44
12.15,12.15,20,44
12.15,12.15,20,44
12.15,12.15,20,44
12.15,12.15,20,44
12.15,12.15,20,44
12.15,12.15,20,44
12.15,12.15,20,44
12.15,12.15,20,44
5.149999999999999,12.15,13,44
12.15,12.15,13,44
12.15,12.15,13,44
12.15,12.15,13,44
12.15,12.15,13,44
12.15,12.15,13,44
12.15,12.15,13,44
12.15,12.15,13,44
12.15,12.15,13,44
12.15,12.15,13,44
12.15,12.15,13,44
12.15,12.15,13,44
12.15,12.15,13,44
12.15,12.15,13,44
12.15,12.15,13,44
12.15,12.15,13,44
12.15,12.15,13,44
0.0,12.15,0,44
13.0,5.4,13,44
12.4,5.4,20,44
12.4,5.4,27,44
12.4,5.4,34,44
12.4,5.4,41,44
12.4,5.4,48,44
12.4,5.4,55,44
12.4,5.4,62,44
12.4,5.4,69,44
12.4,5.4,76,44
12.400000000000006,5.4,83,44
12.400000000000006,5.4,90,44
12.400000000000006,5.4,97,44
12.400000000000006,5.4,104,44
12.400000000000006,5.4,111,44
12.400000000000006,5.4,118,44
12.400000000000006,5.4,125,44
12.400000000000006,5.4,132,44
12.400000000000006,5.4,139,44
12.400000000000006,5.4,146,44
12.400000000000006,5.4,153,44
12.400000000000006,5.4,160,44
12.400000000000006,5.4,167,44
12.400000000000006,5.4,174,44
12.400000000000006,5.4,181,44
12.400000000000006,5.4,188,44
12.400000000000006,5.4,195,44
12.400000000000006,5.4,202,44
12.400000000000006,5.4,209,44
12.400000000000006,5.4,216,44
12.400000000000006,5.4,223,44
12.400000000000006,5.4,230,44
12.400000000000006,5.4,237,44
12.400000000000006,5.4,244,44
12.400000000000006,5.4,251,44
12.400000000000006,5.4,258,44
12.400000000000006,5.4,265,44
12.399999999999975,5.4,272,44
12.399999999999975,5.4,279,44
12.399999999999975,5.4,286,44
12.399999999999975,5.4,293,44
12.399999999999975,5.4,300,44
12.399999999999975,5.4,307,44
12.399999999999975,5.4,314,44
12.399999999999975,5.4,321,44
12.399999999999975,5.4,328,44
12.399999999999975,5.4,335,44
12.399999999999975,5.4,342,44
12.399999999999975,5.4,349,44
12.399999999999975,5.4,356,44
12.399999999999975,5.4,363,44
12.399999999999975,5.4,370,44
12.399999999999975,5.4,377,44
12.399999999999975,5.4,384,44
0.0,60.0,340,45
0.0,60.0,280,45
0.0,54.150000000000006,225,45
0.0,54.150000000000006,171,45
5.900000000000006,21.6,156,45
5.599999999999994,21.6,140,45
0.0,21.6,118,45
0.0,21.6,96,45
0.0,21.6,75,45
0.0,21.6,53,45
0.0,21.6,32,45
0.0,21.6,10,45
0.0,21.6,0,45
0.0,12.15,0,45
0.0,7.35,0,45
0.0,2.4000000000000004,0,45
0.0,1.35,0,45
0.0,0.6000000000000001,0,45
0.0,0.15,0,45
0.0,60.0,340,46
0.0,60.0,280,46
0.0,60.0,220,46
0.0,60.0,160,46
0.0,60.0,100,46
0.0,60.0,40,46
0.0,60.0,0,46
0.0,33.75,0,46
0.0,21.6,0,46
0.0,12.15,0,46
3.0,7.35,3,46
3.0,7.35,3,46
0.0,7.35,0,46
3.0,5.4,3,46
3.0,5.4,3,46
3.0,5.4,3,46
3.0,5.4,3,46
3.0,5.4,3,46
3.0,5.4,3,46
3.0,5.4,3,46
3.0,5.4,3,46
3.0,5.4,3,46
3.0,5.4,3,46
3.0,5.4,3,46
3.0,5.4,3,46
3.0,5.4,3,46
3.0,5.4,3,46
3.0,5.4,3,46
3.0,5.4,3,46
3.0,5.4,3,46
3.0,5.4,3,46
3.0,5.4,3,46
3.0,5.4,3,46
3.0,5.4,3,46
3.0,5.4,3,46
3.0,5.4,3,46
3.0,5.4,3,46
3.0,5.4,3,46
3.0,5.4,3,46
3.0,5.4,3,46
3.0,5.4,3,46
3.0,5.4,3,46
3.0,5.4,3,46
3.0,5.4,3,46
3.0,5.4,3,46
3.0,5.4,3,46
3.0,5.4,3,46
3.0,5.4,3,46
3.0,5.4,3,46
3.0,5.4,3,46
3.0,5.4,3,46
3.0,5.4,3,46
3.0,5.4,3,46
3.0,5.4,3,46
3.0,5.4,3,46
3.0,5.4,3,46
3.0,5.4,3,46
3.0,5.4,3,46
3.0,5.4,3,46
3.0,5.4,3,46
3.0,5.4,3,46
3.0,5.4,3,46
3.0,5.4,3,46
3.0,5.4,3,46
3.0,5.4,3,46
3.0,5.4,3,46
3.0,5.4,3,46
3.0,5.4,3,46
3.0,5.4,3,46
3.0,5.4,3,46
3.0,5.4,3,46
3.0,5.4,3,46
3.0,5.4,3,46
3.0,5.4,3,46
3.0,5.4,3,46
3.0,5.4,3,46
3.0,5.4,3,46
3.0,5.4,3,46
3.0,5.4,3,46
3.0,5.4,3,46
3.0,5.4,3,46
3.0,5.4,3,46
3.0,5.4,3,46
3.0,5.4,3,46
3.0,5.4,3,46
3.0,5.4,3,46
3.0,5.4,3,46
3.0,5.4,3,46
3.0,5.4,3,46
3.0,5.4,3,46
3.0,5.4,3,46
6.0,5.4,6,46
5.4,5.4,6,46
5.4,5.4,6,46
5.4,5.4,6,46
5.4,5.4,6,46
5.4,5.4,6,46
5.4,5.4,6,46
5.4,5.4,6,46
5.4,5.4,6,46
0.0,60.0,340,47
0.0,60.0,280,47
0.0,60.0,220,47
70.0,60.0,230,47
105.0,135.0,200,47
91.0,135.0,156,47
63.0,135.0,84,47
140.0,135.0,140,47
154.0,252.15000000000003,154,47
245.0,405.6,245,47
245.0,405.6,245,47
245.0,405.6,245,47
245.0,405.6,245,47
245.0,405.6,245,47
245.0,405.6,245,47
245.0,405.6,245,47
245.0,405.6,245,47
245.0,405.6,245,47
245.0,405.6,245,47
245.0,405.6,245,47
245.0,405.6,245,47
245.0,405.6,245,47
245.0,405.6,245,47
245.0,405.6,245,47
182.0,405.6,182,47
182.0,405.6,182,47
182.0,405.6,182,47
182.0,405.6,182,47
182.0,405.6,182,47
182.0,405.6,182,47
182.0,405.6,182,47
182.0,405.6,182,47
161.0,317.40000000000003,161,47
161.0,317.40000000000003,161,47
161.0,317.40000000000003,161,47
154.0,290.40000000000003,154,47
154.0,290.40000000000003,154,47
154.0,290.40000000000003,154,47
154.0,290.40000000000003,154,47
154.0,290.40000000000003,154,47
154.0,290.40000000000003,154,47
154.0,290.40000000000003,154,47
154.0,290.40000000000003,154,47
154.0,290.40000000000003,154,47
154.0,290.40000000000003,154,47
154.0,290.40000000000003,154,47
154.0,290.40000000000003,154,47
119.0,163.35000000000002,119,47
119.0,163.35000000000002,119,47
119.0,163.35000000000002,119,47
119.0,163.35000000000002,119,47
119.0,163.35000000000002,119,47
119.0,163.35000000000002,119,47
90.75,93.75,116,47
90.75,93.75,113,47
90.75,93.75,110,47
90.75,93.75,107,47
90.75,93.75,104,47
90.75,93.75,101,47
90.75,93.75,98,47
84.35000000000001,79.35000000000001,103,47
98.0,109.35,98,47
98.0,109.35,98,47
98.0,109.35,98,47
98.0,109.35,98,47
98.0,109.35,98,47
98.0,109.35,98,47
98.0,109.35,98,47
98.0,109.35,98,47
98.0,109.35,98,47
98.0,109.35,98,47
98.0,109.35,98,47
98.0,109.35,98,47
98.0,109.35,98,47
98.0,109.35,98,47
62.6,48.6,112,47
91.4,101.4,102,47
91.4,101.4,92,47
91.0,101.4,91,47
91.0,101.4,91,47
91.0,101.4,91,47
91.0,101.4,91,47
91.0,101.4,91,47
91.0,101.4,91,47
91.0,101.4,91,47
91.0,101.4,91,47
91.0,101.4,91,47
91.0,101.4,91,47
91.0,101.4,91,47
91.0,101.4,91,47
91.0,101.4,91,47
91.0,101.4,91,47
91.0,101.4,91,47
91.0,101.4,91,47
91.0,101.4,91,47
91.0,101.4,91,47
91.0,101.4,91,47
91.0,101.4,91,47
91.0,101.4,91,47
91.0,101.4,91,47
0.0,60.0,340,48
0.0,60.0,280,48
0.0,60.0,220,48
0.0,60.0,160,48
0.0,60.0,100,48
0.0,60.0,40,48
0.0,60.0,0,48
0.0,33.75,0,48
0.0,21.6,0,48
0.0,12.15,0,48
0.0,7.35,0,48
0.0,5.4,0,48
0.0,3.75,0,48
0.0,2.4000000000000004,0,48
0.0,1.35,0,48
0.0,0.6000000000000001,0,48
0.0,0.15,0,48
0.0,60.0,340,49
0.0,60.0,280,49
0.0,60.0,220,49
0.0,60.0,160,49
0.0,60.0,100,49
0.0,60.0,40,49
0.0,60.0,0,49
0.0,33.75,0,49
0.0,21.6,0,49
0.0,12.15,0,49
84.0,7.35,84,49
95.6,72.60000000000001,107,49
298.0,252.15000000000003,298,49
440.0,595.35,440,49
528.0,1411.35,528,49
712.0,3024.6000000000004,712,49
625.0,3840.0,625,49
625.0,3840.0,625,49
625.0,3840.0,625,49
625.0,3840.0,625,49
625.0,3840.0,625,49
625.0,3840.0,625,49
560.0,3330.15,560,49
560.0,3330.15,560,49
560.0,3330.15,560,49
560.0,3330.15,560,49
560.0,3330.15,560,49
560.0,3330.15,560,49
560.0,3330.15,560,49
560.0,3330.15,560,49
560.0,3330.15,560,49
560.0,3330.15,560,49
560.0,3330.15,560,49
560.0,3330.15,560,49
560.0,3330.15,560,49
560.0,3330.15,560,49
560.0,3330.15,560,49
560.0,3330.15,560,49
560.0,3330.15,560,49
560.0,3330.15,560,49
609.0,2856.6000000000004,609,49
666.0,3197.4000000000005,666,49
625.0,3840.0,625,49
625.0,3840.0,625,49
625.0,3840.0,625,49
625.0,3840.0,625,49
625.0,3840.0,625,49
625.0,3840.0,625,49
625.0,3840.0,625,49
625.0,3840.0,625,49
625.0,3840.0,625,49
625.0,3840.0,625,49
625.0,3840.0,625,49
625.0,3840.0,625,49
625.0,3840.0,625,49
625.0,3840.0,625,49
625.0,3840.0,625,49
625.0,3840.0,625,49
625.0,3840.0,625,49
625.0,3840.0,625,49
625.0,3840.0,625,49
625.0,3840.0,625,49
625.0,3840.0,625,49
625.0,3840.0,625,49
625.0,3840.0,625,49
625.0,3840.0,625,49
625.0,3840.0,625,49
625.0,3840.0,625,49
625.0,3840.0,625,49
625.0,3840.0,625,49
625.0,3840.0,625,49
625.0,3840.0,625,49
625.0,3840.0,625,49
625.0,3840.0,625,49
625.0,3840.0,625,49
625.0,3840.0,625,49
625.0,3840.0,625,49
625.0,3840.0,625,49
625.0,3840.0,625,49
625.0,3840.0,625,49
625.0,3840.0,625,49
625.0,3840.0,625,49
625.0,3840.0,625,49
625.0,3840.0,625,49
625.0,3840.0,625,49
625.0,3840.0,625,49
625.0,3840.0,625,49
625.0,3840.0,625,49
625.0,3840.0,625,49
625.0,3840.0,625,49
625.0,3840.0,625,49
625.0,3840.0,625,49
625.0,3840.0,625,49
625.0,3840.0,625,49
625.0,3840.0,625,49
625.0,3840.0,625,49
625.0,3840.0,625,49
625.0,3840.0,625,49
625.0,3840.0,625,49
625.0,3840.0,625,49
0.0,60.0,340,50
-0.8500000000000227,54.150000000000006,285,50
-0.8499999999999943,54.150000000000006,230,50
-0.8499999999999943,54.150000000000006,175,50
-0.8499999999999943,54.150000000000006,120,50
-0.8499999999999943,54.150000000000006,65,50
-0.8499999999999943,54.150000000000006,10,50
12.0,21.6,12,50
0.0,21.6,0,50
0.0,12.15,0,50
0.0,7.35,0,50
0.0,5.4,0,50
0.0,3.75,0,50
0.0,2.4000000000000004,0,50
0.0,1.35,0,50
0.0,0.6000000000000001,0,50
0.0,0.15,0,50
0.0,60.0,340,51
0.0,60.0,280,51
0.0,60.0,220,51
0.0,60.0,160,51
0.0,54.150000000000006,105,51
0.0,54.150000000000006,51,51
0.0,54.150000000000006,0,51
50.0,33.75,50,51
60.0,54.150000000000006,60,51
0.0,72.60000000000001,0,51
40.0,43.35,40,51
40.0,48.6,40,51
20.0,48.6,20,51
60.0,48.6,60,51
30.0,72.60000000000001,30,51
99.0,72.60000000000001,99,51
109.4,86.4,122,51
132.35000000000002,109.35,145,51
132.15,144.15,133,51
132.0,144.15,132,51
132.0,144.15,132,51
102.0,144.15,102,51
102.0,144.15,102,51
102.0,144.15,102,51
102.0,144.15,102,51
69.0,60.0,111,51
68.60000000000001,72.60000000000001,107,51
68.60000000000001,72.60000000000001,103,51
68.60000000000001,72.60000000000001,99,51
56.400000000000006,38.400000000000006,117,51
45.75,33.75,129,51
56.400000000000006,38.400000000000006,147,51
55.6,48.6,154,51
69.15,66.15,157,51
68.60000000000001,72.60000000000001,153,51
68.60000000000001,72.60000000000001,149,51
68.60000000000001,72.60000000000001,145,51
56.35,43.35,158,51
55.6,48.6,165,51
68.60000000000001,72.60000000000001,161,51
68.60000000000001,72.60000000000001,157,51
68.60000000000001,72.60000000000001,153,51
68.60000000000001,72.60000000000001,149,51
68.60000000000001,72.60000000000001,145,51
68.60000000000001,72.60000000000001,141,51
56.35,43.35,154,51
32.599999999999994,21.6,165,51
46.35,25.35,186,51
45.75,33.75,198,51
56.400000000000006,38.400000000000006,216,51
56.35,43.35,229,51
56.150000000000006,54.150000000000006,231,51
69.15,66.15,234,51
79.35000000000002,79.35000000000001,234,51
69.0,60.0,243,51
69.0,60.0,252,51
79.35000000000002,79.35000000000001,252,51
79.35000000000002,79.35000000000001,252,51
79.35000000000002,79.35000000000001,252,51
79.35000000000002,79.35000000000001,252,51
79.35000000000002,79.35000000000001,252,51
46.400000000000006,29.4,269,51
46.400000000000006,29.4,286,51
46.39999999999998,29.4,303,51
45.75,33.75,315,51
32.60000000000002,21.6,326,51
32.60000000000002,21.6,337,51
32.60000000000002,21.6,348,51
46.39999999999998,29.4,365,51
45.75,33.75,377,51
56.35000000000002,43.35,390,51
56.35000000000002,43.35,403,51
69.0,60.0,412,51
68.60000000000002,72.60000000000001,408,51
68.60000000000002,72.60000000000001,404,51
68.60000000000002,72.60000000000001,400,51
68.60000000000002,72.60000000000001,396,51
68.60000000000002,72.60000000000001,392,51
68.60000000000002,72.60000000000001,388,51
68.60000000000002,72.60000000000001,384,51
68.60000000000002,72.60000000000001,380,51
68.60000000000002,72.60000000000001,376,51
68.60000000000002,72.60000000000001,372,51
68.60000000000002,72.60000000000001,368,51
78.60000000000002,72.60000000000001,374,51
92.39999999999998,86.4,380,51
102.35000000000002,109.35,373,51
102.35000000000002,109.35,366,51
102.35000000000002,109.35,359,51
102.35000000000002,109.35,352,51
102.35000000000002,109.35,345,51
102.35000000000002,109.35,338,51
102.35000000000002,109.35,331,51
79.35000000000002,79.35000000000001,331,51
79.35000000000002,79.35000000000001,331,51
79.35000000000002,79.35000000000001,331,51
79.35000000000002,79.35000000000001,331,51
79.35000000000002,79.35000000000001,331,51
79.35000000000002,79.35000000000001,331,51
79.35000000000002,79.35000000000001,331,51
0.0,60.0,340,52
0.0,60.0,280,52
63.0,60.0,283,52
42.0,60.0,265,52
49.0,60.0,254,52
35.0,60.0,229,52
30.0,60.0,199,52
23.0,60.0,162,52
33.0,60.0,135,52
33.0,60.0,108,52
22.349999999999994,43.35,87,52
29.35,43.35,73,52
22.35,43.35,52,52
22.35,43.35,31,52
23.0,43.35,23,52
10.0,43.35,10,52
35.0,43.35,35,52
32.0,66.15,32,52
41.0,66.15,41,52
41.0,72.60000000000001,41,52
41.0,72.60000000000001,41,52
41.0,72.60000000000001,41,52
3.0,72.60000000000001,3,52
35.0,72.60000000000001,35,52
41.0,101.4,41,52
48.0,126.15,48,52
35.0,135.0,35,52
48.0,135.0,48,52
48.0,153.60000000000002,48,52
35.0,153.60000000000002,35,52
48.0,144.15,48,52
57.0,205.35,57,52
64.0,252.15000000000003,64,52
64.0,303.75,64,52
64.0,303.75,64,52
41.0,303.75,41,52
40.0,303.75,40,52
91.0,303.75,91,52
104.0,360.15000000000003,104,52
81.0,421.35,81,52
104.0,421.35,104,52
130.0,614.4000000000001,130,52
156.0,912.6,156,52
113.0,1382.4,113,52
51.0,1382.4,51,52
133.0,1382.4,133,52
154.0,1848.15,154,52
51.0,2018.4,51,52
154.0,2018.4,154,52
154.0,2124.15,154,52
154.0,2124.15,154,52
154.0,2124.15,154,52
154.0,2124.15,154,52
127.0,2124.15,127,52
22.0,2124.15,22,52
154.0,2124.15,154,52
154.0,2232.6000000000004,154,52
114.0,2232.6000000000004,114,52
154.0,2232.6000000000004,154,52
157.0,2419.3500000000004,157,52
105.0,2535.0,105,52
157.0,2535.0,157,52
159.0,2653.3500000000004,159,52
159.0,2940.0,159,52
159.0,2940.0,159,52
159.0,2940.0,159,52
157.0,2940.0,157,52
19.0,2940.0,19,52
159.0,2940.0,159,52
89.0,1325.4,89,52
66.0,673.35,66,52
66.0,673.35,66,52
66.0,673.35,66,52
66.0,673.35,66,52
66.0,673.35,66,52
47.0,673.35,47,52
60.0,673.35,60,52
51.0,437.4,51,52
51.0,437.4,51,52
51.0,437.4,51,52
51.0,437.4,51,52
51.0,437.4,51,52
51.0,437.4,51,52
51.0,437.4,51,52
38.0,437.4,38,52
22.0,290.40000000000003,22,52
56.0,264.6,56,52
59.0,317.40000000000003,59,52
65.0,360.15000000000003,65,52
78.0,437.4,78,52
59.0,522.1500000000001,59,52
84.0,522.1500000000001,84,52
87.0,693.6,87,52
84.0,821.4000000000001,84,52
106.0,821.4000000000001,106,52
115.0,1109.4,115,52
134.0,1382.4,134,52
128.0,1653.75,128,52
128.0,1653.75,128,52
115.0,1653.75,115,52
0.0,60.0,340,53
0.0,60.0,280,53
60.0,60.0,280,53
60.0,60.0,280,53
36.0,60.0,256,53
24.0,60.0,220,53
12.0,60.0,172,53
18.0,60.0,130,53
12.0,60.0,82,53
18.0,60.0,40,53
12.0,60.0,12,53
12.0,60.0,12,53
12.0,60.0,12,53
12.0,60.0,12,53
18.0,60.0,18,53
18.0,79.35000000000001,18,53
12.0,79.35000000000001,12,53
0.0,79.35000000000001,0,53
6.0,25.35,6,53
6.0,29.4,6,53
6.0,29.4,6,53
6.0,29.4,6,53
12.0,29.4,12,53
12.0,33.75,12,53
12.0,33.75,12,53
9.0,33.75,9,53
12.0,33.75,12,53
12.0,33.75,12,53
12.0,33.75,12,53
12.0,33.75,12,53
12.0,33.75,12,53
12.0,33.75,12,53
12.0,33.75,12,53
12.0,33.75,12,53
3.0,33.75,3,53
12.0,33.75,12,53
3.0,48.6,3,53
12.0,48.6,12,53
18.0,66.15,18,53
18.0,86.4,18,53
18.0,86.4,18,53
18.0,86.4,18,53
18.0,86.4,18,53
3.0,86.4,3,53
18.0,86.4,18,53
12.0,126.15,12,53
21.0,126.15,21,53
21.0,135.0,21,53
21.0,135.0,21,53
21.0,135.0,21,53
21.0,135.0,21,53
21.0,135.0,21,53
12.0,135.0,12,53
18.0,135.0,18,53
21.0,163.35000000000002,21,53
21.0,216.6,21,53
21.0,216.6,21,53
12.0,216.6,12,53
47.0,216.6,47,53
60.0,264.6,60,53
66.0,290.40000000000003,66,53
44.0,405.6,44,53
96.0,405.6,96,53
96.0,453.75,96,53
96.0,453.75,96,53
78.0,453.75,78,53
96.0,453.75,96,53
109.0,558.1500000000001,109,53
47.0,693.6,47,53
118.0,693.6,118,53
140.0,1008.6,140,53
155.0,1215.0,155,53
171.0,1470.15,171,53
155.0,1749.6,155,53
147.0,1749.6,147,53
147.0,1749.6,147,53
176.0,1749.6,176,53
224.0,1949.4,224,53
205.0,2053.3500000000004,205,53
226.0,2053.3500000000004,226,53
132.0,2160.0,132,53
227.0,2160.0,227,53
229.0,2306.4,229,53
88.0,2232.6000000000004,88,53
227.0,2232.6000000000004,227,53
179.0,2343.75,179,53
287.0,2343.75,287,53
285.0,2269.3500000000004,285,53
285.0,2269.3500000000004,285,53
285.0,2269.3500000000004,285,53
171.0,2269.3500000000004,171,53
257.0,2269.3500000000004,257,53
259.0,2419.3500000000004,259,53
252.0,2496.15,252,53
212.0,1653.75,212,53
10.0,1653.75,10,53
212.0,1653.75,212,53
212.0,1685.4,212,53
212.0,1685.4,212,53
212.0,1685.4,212,53
0.0,60.0,340,54
0.0,60.0,280,54
0.0,60.0,220,54
0.0,60.0,160,54
0.0,60.0,100,54
0.0,60.0,40,54
0.0,60.0,0,54
0.0,33.75,0,54
0.0,21.6,0,54
0.0,12.15,0,54
0.0,7.35,0,54
0.0,5.4,0,54
0.0,3.75,0,54
0.0,2.4000000000000004,0,54
0.0,1.35,0,54
0.0,0.6000000000000001,0,54
0.0,0.15,0,54
0.0,60.0,340,55
0.0,60.0,280,55
0.0,60.0,220,55
90.0,60.0,250,55
134.15,126.15,258,55
170.60000000000002,216.6,212,55
135.0,216.6,135,55
80.75,93.75,122,55
62.75,93.75,91,55
105.0,93.75,105,55
25.0,117.6,25,55
73.0,117.6,73,55
73.0,117.6,73,55
73.0,117.6,73,55
73.0,117.6,73,55
57.0,93.75,57,55
57.0,93.75,57,55
57.0,93.75,57,55
24.75,33.75,48,55
31.75,33.75,46,55
31.75,33.75,44,55
31.75,33.75,42,55
31.75,33.75,40,55
31.75,33.75,38,55
31.75,33.75,36,55
15.15,12.15,39,55
25.0,15.0,49,55
25.0,15.0,59,55
24.15000000000001,18.15,65,55
24.6,21.6,68,55
24.40000000000001,29.4,63,55
24.40000000000001,29.4,58,55
24.4,29.4,53,55
24.4,29.4,48,55
24.4,29.4,43,55
24.4,29.4,38,55
24.4,29.4,33,55
24.4,29.4,28,55
25.0,29.4,25,55
25.0,29.4,25,55
25.0,29.4,25,55
25.0,29.4,25,55
25.0,29.4,25,55
25.0,29.4,25,55
25.0,29.4,25,55
25.0,29.4,25,55
25.0,29.4,25,55
25.0,29.4,25,55
15.15,12.15,28,55
15.15,12.15,31,55
24.15,18.15,37,55
24.15,12.15,49,55
25.0,15.0,59,55
24.6,21.6,62,55
31.40000000000001,29.4,64,55
31.40000000000001,29.4,66,55
24.15,12.15,78,55
25.0,15.0,88,55
24.599999999999994,21.6,91,55
31.40000000000001,29.4,93,55
31.75,33.75,91,55
31.75,33.75,89,55
31.75,33.75,87,55
31.75,33.75,85,55
31.75,33.75,83,55
31.75,33.75,81,55
31.75,33.75,79,55
31.75,33.75,77,55
31.75,33.75,75,55
31.75,33.75,73,55
31.75,33.75,71,55
31.75,33.75,69,55
31.75,33.75,67,55
31.35,25.35,73,55
31.35,25.35,79,55
31.40000000000001,29.4,81,55
40.400000000000006,38.400000000000006,83,55
40.150000000000006,54.150000000000006,69,55
40.150000000000006,54.150000000000006,55,55
47.150000000000006,54.150000000000006,48,55
48.0,54.150000000000006,48,55
48.0,54.150000000000006,48,55
31.6,21.6,58,55
31.35,25.35,64,55
31.6,21.6,74,55
31.6,21.6,84,55
31.35,25.35,90,55
31.349999999999994,25.35,96,55
40.75,33.75,103,55
40.75,33.75,110,55
47.6,48.6,109,55
47.6,48.6,108,55
47.6,48.6,107,55
47.6,48.6,106,55
47.6,48.6,105,55
47.6,48.6,104,55
47.6,48.6,103,55
47.6,48.6,102,55
47.6,48.6,101,55
47.6,48.6,100,55
0.0,60.0,340,56
0.0,60.0,280,56
0.0,60.0,220,56
0.0,60.0,160,56
0.0,60.0,100,56
0.0,60.0,40,56
0.0,60.0,0,56
0.0,33.75,0,56
0.0,21.6,0,56
0.0,12.15,0,56
0.0,7.35,0,56
0.0,5.4,0,56
0.0,3.75,0,56
0.0,2.4000000000000004,0,56
0.0,1.35,0,56
0.0,0.6000000000000001,0,56
0.0,0.15,0,56
0.0,60.0,340,57
0.0,43.35,296,57
0.0,43.35,253,57
0.0,43.35,209,57
0.0,43.35,166,57
0.0,43.35,123,57
0.0,43.35,79,57
0.0,43.35,36,57
0.0,43.35,0,57
0.0,25.35,0,57
0.0,15.0,0,57
0.0,9.6,0,57
0.0,5.4,0,57
0.0,3.75,0,57
0.0,2.4000000000000004,0,57
10.0,1.35,10,57
20.4,2.4000000000000004,28,57
19.75,3.75,44,57
30.35,7.35,67,57
9.6,9.6,67,57
39.6,9.6,97,57
40.0,15.0,122,57
40.150000000000006,18.15,144,57
60.35,25.35,179,57
60.35,25.35,214,57
60.400000000000006,38.400000000000006,236,57
80.0,60.0,256,57
100.4,101.4,255,57
100.4,101.4,254,57
100.4,101.4,253,57
100.4,101.4,252,57
100.4,101.4,251,57
100.4,101.4,250,57
100.35000000000002,79.35000000000001,271,57
140.35000000000002,163.35000000000002,248,57
140.35000000000002,163.35000000000002,225,57
140.35000000000002,163.35000000000002,202,57
140.35000000000002,163.35000000000002,179,57
140.35000000000002,163.35000000000002,156,57
140.0,163.35000000000002,140,57
140.0,163.35000000000002,140,57
140.0,163.35000000000002,140,57
140.0,163.35000000000002,140,57
140.0,163.35000000000002,140,57
140.0,163.35000000000002,140,57
140.0,163.35000000000002,140,57
140.0,163.35000000000002,140,57
140.0,163.35000000000002,140,57
140.0,163.35000000000002,140,57
140.0,163.35000000000002,140,57
140.0,163.35000000000002,140,57
140.0,163.35000000000002,140,57
140.0,163.35000000000002,140,57
140.0,163.35000000000002,140,57
140.0,163.35000000000002,140,57
140.0,163.35000000000002,140,57
140.0,163.35000000000002,140,57
140.0,163.35000000000002,140,57
140.0,163.35000000000002,140,57
140.0,163.35000000000002,140,57
140.0,163.35000000000002,140,57
140.0,163.35000000000002,140,57
140.0,163.35000000000002,140,57
140.0,163.35000000000002,140,57
140.0,163.35000000000002,140,57
140.0,163.35000000000002,140,57
140.0,163.35000000000002,140,57
140.0,163.35000000000002,140,57
140.0,163.35000000000002,140,57
140.0,163.35000000000002,140,57
140.0,163.35000000000002,140,57
140.0,163.35000000000002,140,57
140.0,163.35000000000002,140,57
140.0,163.35000000000002,140,57
140.0,163.35000000000002,140,57
140.0,163.35000000000002,140,57
140.0,163.35000000000002,140,57
140.0,163.35000000000002,140,57
140.0,163.35000000000002,140,57
140.0,163.35000000000002,140,57
140.0,163.35000000000002,140,57
140.0,163.35000000000002,140,57
140.0,163.35000000000002,140,57
140.0,163.35000000000002,140,57
140.0,163.35000000000002,140,57
140.0,163.35000000000002,140,57
140.0,163.35000000000002,140,57
140.0,163.35000000000002,140,57
140.0,163.35000000000002,140,57
140.0,163.35000000000002,140,57
140.0,163.35000000000002,140,57
140.0,163.35000000000002,140,57
140.0,163.35000000000002,140,57
140.0,163.35000000000002,140,57
140.0,163.35000000000002,140,57
140.0,163.35000000000002,140,57
140.0,163.35000000000002,140,57
140.0,163.35000000000002,140,57
140.0,163.35000000000002,140,57
140.0,163.35000000000002,140,57
0.0,60.0,340,58
0.0,60.0,280,58
0.0,21.6,258,58
0.0,21.6,236,58
0.0,21.6,215,58
0.0,21.6,193,58
0.0,21.6,172,58
0.0,21.6,150,58
0.0,18.15,132,58
0.0,18.15,114,58
0.0,18.15,95,58
0.0,18.15,77,58
0.0,18.15,59,58
0.0,18.15,41,58
0.0,18.15,23,58
0.0,18.15,5,58
0.0,18.15,0,58
0.0,12.15,0,58
10.0,7.35,10,58
9.6,9.6,10,58
9.6,9.6,10,58
9.6,9.6,10,58
9.6,9.6,10,58
9.6,9.6,10,58
10.35,7.35,13,58
9.6,9.6,13,58
9.6,9.6,13,58
9.6,9.6,13,58
9.6,9.6,13,58
9.6,9.6,13,58
9.6,9.6,13,58
9.6,9.6,13,58
9.6,9.6,13,58
9.6,9.6,13,58
9.6,9.6,13,58
9.6,9.6,13,58
9.6,9.6,13,58
9.6,9.6,13,58
9.6,9.6,13,58
9.6,9.6,13,58
9.6,9.6,13,58
9.6,9.6,13,58
9.6,9.6,13,58
9.6,9.6,13,58
9.6,9.6,13,58
9.6,9.6,13,58
9.75,3.75,19,58
9.75,3.75,25,58
10.35,7.35,28,58
9.6,9.6,28,58
9.6,9.6,28,58
9.6,9.6,28,58
9.6,9.6,28,58
19.6,9.6,38,58
19.6,9.6,48,58
20.15,18.15,50,58
30.4,29.4,51,58
39.6,48.6,42,58
40.0,48.6,40,58
40.0,48.6,40,58
40.0,48.6,40,58
40.0,48.6,40,58
40.0,48.6,40,58
40.0,48.6,40,58
40.0,48.6,40,58
40.0,48.6,40,58
40.0,48.6,40,58
30.35,25.35,45,58
29.75,33.75,41,58
29.75,33.75,37,58
29.75,33.75,33,58
30.0,33.75,30,58
30.0,33.75,30,58
30.0,33.75,30,58
30.0,33.75,30,58
30.0,33.75,30,58
30.0,33.75,30,58
30.0,33.75,30,58
30.0,33.75,30,58
30.4,29.4,31,58
40.0,43.35,40,58
50.0,79.35000000000001,50,58
80.0,163.35000000000002,80,58
110.0,317.40000000000003,110,58
140.0,470.4,140,58
190.0,889.3499999999999,190,58
240.0,1440.6,240,58
300.0,2269.3500000000004,300,58
306.0,2574.15,306,58
260.0,3024.6000000000004,260,58
260.0,3024.6000000000004,260,58
255.0,3024.6000000000004,255,58
468.0,3024.6000000000004,468,58
408.0,3241.3500000000004,408,58
504.0,3241.3500000000004,504,58
452.0,3557.4,452,58
378.0,3557.4,378,58
270.0,3557.4,270,58
252.0,3557.4,252,58
274.0,3557.4,274,58
0.0,60.0,340,59
0.0,60.0,280,59
0.0,60.0,220,59
0.0,60.0,160,59
0.0,60.0,100,59
0.0,60.0,40,59
0.0,60.0,0,59
0.0,33.75,0,59
42.0,21.6,42,59
6.600000000000001,21.6,27,59
20.6,21.6,26,59
20.6,21.6,25,59
20.6,21.6,24,59
12.6,21.6,15,59
13.0,21.6,13,59
26.0,21.6,26,59
33.35,25.35,34,59
39.0,38.400000000000006,39,59
39.400000000000006,38.400000000000006,40,59
39.0,43.35,39,59
13.0,43.35,13,59
33.0,43.35,33,59
33.0,48.6,33,59
26.0,48.6,26,59
26.0,48.6,26,59
26.0,48.6,26,59
26.0,48.6,26,59
26.0,33.75,26,59
20.15,18.15,28,59
26.35,25.35,29,59
26.0,33.75,26,59
26.0,33.75,26,59
26.0,33.75,26,59
26.0,33.75,26,59
26.0,33.75,26,59
13.0,33.75,13,59
26.0,33.75,26,59
0.0,66.15,0,59
12.0,38.400000000000006,12,59
12.0,60.0,12,59
12.0,60.0,12,59
6.0,60.0,6,59
38.0,60.0,38,59
38.0,79.35000000000001,38,59
38.0,79.35000000000001,38,59
18.0,79.35000000000001,18,59
18.0,79.35000000000001,18,59
18.0,79.35000000000001,18,59
18.0,79.35000000000001,18,59
12.0,79.35000000000001,12,59
6.0,79.35000000000001,6,59
6.0,79.35000000000001,6,59
12.0,79.35000000000001,12,59
18.0,135.0,18,59
18.0,194.4,18,59
12.0,163.35000000000002,12,59
13.0,163.35000000000002,13,59
26.0,205.35,26,59
39.0,228.15000000000003,39,59
20.0,173.4,20,59
45.0,173.4,45,59
57.0,252.15000000000003,57,59
64.0,375.0,64,59
76.0,453.75,76,59
83.0,614.4000000000001,83,59
83.0,821.4000000000001,83,59
102.0,821.4000000000001,102,59
64.0,504.6,64,59
70.0,504.6,70,59
64.0,777.5999999999999,64,59
102.0,777.5999999999999,102,59
121.0,1215.0,121,59
133.0,2196.15,133,59
188.0,3241.3500000000004,188,59
164.0,3744.6,164,59
203.0,3744.6,203,59
203.0,4183.35,203,59
273.0,4183.35,273,59
305.0,4646.400000000001,305,59
286.0,5078.400000000001,286,59
295.0,5078.400000000001,295,59
298.0,5587.35,298,59
263.0,3840.0,263,59
149.0,3840.0,149,59
224.0,3840.0,224,59
206.0,3985.35,206,59
271.0,3985.35,271,59
161.0,1848.15,161,59
128.0,1848.15,128,59
161.0,1848.15,161,59
147.0,1881.6,147,59
161.0,1881.6,161,59
83.0,1353.75,83,59
147.0,1353.75,147,59
161.0,1749.6,161,59
161.0,1815.0,161,59
161.0,1815.0,161,59
83.0,1815.0,83,59
161.0,1815.0,161,59
161.0,1949.4,161,59
0.0,60.0,340,60
0.0,60.0,280,60
0.0,60.0,220,60
0.0,60.0,160,60
0.0,60.0,100,60
0.0,60.0,40,60
0.0,60.0,0,60
0.0,33.75,0,60
0.0,21.6,0,60
0.0,12.15,0,60
0.0,7.35,0,60
0.0,5.4,0,60
9.0,3.75,9,60
8.4,5.4,12,60
8.350000000000001,7.35,13,60
17.15,12.15,18,60
27.0,29.4,27,60
36.0,54.150000000000006,36,60
36.0,79.35000000000001,36,60
72.0,79.35000000000001,72,60
90.0,117.6,90,60
108.0,163.35000000000002,108,60
135.0,228.15000000000003,135,60
153.0,290.40000000000003,153,60
180.0,421.35,180,60
234.0,633.75,234,60
288.0,960.0,288,60
328.0,1591.35,328,60
336.0,1749.6,336,60
336.0,1848.15,336,60
336.0,1848.15,336,60
336.0,1848.15,336,60
336.0,1848.15,336,60
336.0,1848.15,336,60
336.0,1848.15,336,60
336.0,1848.15,336,60
336.0,1848.15,336,60
336.0,1848.15,336,60
336.0,1848.15,336,60
336.0,1848.15,336,60
336.0,1848.15,336,60
336.0,1848.15,336,60
336.0,1848.15,336,60
336.0,1848.15,336,60
336.0,1848.15,336,60
336.0,1848.15,336,60
336.0,1848.15,336,60
336.0,1848.15,336,60
336.0,1848.15,336,60
336.0,1848.15,336,60
336.0,1848.15,336,60
336.0,1848.15,336,60
336.0,1848.15,336,60
336.0,1848.15,336,60
336.0,1848.15,336,60
336.0,1848.15,336,60
336.0,1848.15,336,60
336.0,1848.15,336,60
336.0,1848.15,336,60
336.0,1848.15,336,60
336.0,1848.15,336,60
336.0,1848.15,336,60
336.0,1848.15,336,60
336.0,1848.15,336,60
336.0,1848.15,336,60
336.0,1848.15,336,60
336.0,1848.15,336,60
336.0,1848.15,336,60
336.0,1848.15,336,60
336.0,1848.15,336,60
336.0,1848.15,336,60
336.0,1848.15,336,60
336.0,1848.15,336,60
336.0,1848.15,336,60
336.0,1848.15,336,60
336.0,1848.15,336,60
336.0,1848.15,336,60
336.0,1848.15,336,60
336.0,1848.15,336,60
336.0,1848.15,336,60
336.0,1848.15,336,60
336.0,1848.15,336,60
336.0,1848.15,336,60
336.0,1848.15,336,60
336.0,1848.15,336,60
336.0,1848.15,336,60
336.0,1848.15,336,60
336.0,1848.15,336,60
336.0,1848.15,336,60
336.0,1848.15,336,60
336.0,1848.15,336,60
336.0,1848.15,336,60
336.0,1848.15,336,60
336.0,1848.15,336,60
336.0,1848.15,336,60
336.0,1848.15,336,60
336.0,1848.15,336,60
336.0,1848.15,336,60
336.0,1848.15,336,60
336.0,1848.15,336,60
0.0,60.0,340,61
0.0,60.0,280,61
0.0,60.0,220,61
140.0,60.0,300,61
207.0,135.0,372,61
299.4,173.4,498,61
246.6,264.6,480,61
220.6,264.6,436,61
220.6,264.6,392,61
220.6,264.6,348,61
116.60000000000002,264.6,200,61
182.0,264.6,182,61
182.0,264.6,182,61
182.0,264.6,182,61
182.0,264.6,182,61
156.0,194.4,156,61
156.0,194.4,156,61
156.0,194.4,156,61
156.0,194.4,156,61
156.0,194.4,156,61
156.0,194.4,156,61
156.0,194.4,156,61
156.0,194.4,156,61
156.0,194.4,156,61
156.0,194.4,156,61
156.0,194.4,156,61
156.0,194.4,156,61
156.0,194.4,156,61
156.0,194.4,156,61
156.0,194.4,156,61
156.0,194.4,156,61
156.0,194.4,156,61
156.0,194.4,156,61
156.0,194.4,156,61
94.35,79.35000000000001,171,61
117.35,109.35,179,61
130.0,135.0,174,61
130.0,135.0,169,61
130.0,135.0,164,61
130.0,135.0,159,61
130.0,135.0,154,61
130.0,135.0,149,61
130.0,135.0,144,61
130.0,135.0,139,61
116.6,117.6,138,61
116.6,117.6,137,61
116.6,117.6,136,61
116.6,117.6,135,61
117.35,109.35,143,61
143.0,173.4,143,61
143.0,173.4,143,61
143.0,173.4,143,61
143.0,173.4,143,61
143.0,173.4,143,61
90.6,72.60000000000001,161,61
117.35,109.35,169,61
142.60000000000002,153.60000000000002,158,61
142.60000000000002,153.60000000000002,147,61
116.75,93.75,170,61
143.15,144.15,169,61
143.15,144.15,168,61
143.15,144.15,167,61
143.15,144.15,166,61
143.15,144.15,165,61
143.15,144.15,164,61
143.15,144.15,163,61
143.15,144.15,162,61
143.15,144.15,161,61
143.15,144.15,160,61
143.15,144.15,159,61
143.15,144.15,158,61
143.15,144.15,157,61
143.15,144.15,156,61
143.15,144.15,155,61
143.15,144.15,154,61
116.75,93.75,177,61
116.6,117.6,176,61
116.6,117.6,175,61
116.6,117.6,174,61
116.6,117.6,173,61
116.6,117.6,172,61
116.6,117.6,171,61
116.75,93.75,194,61
117.35,109.35,202,61
130.0,135.0,197,61
130.0,135.0,192,61
130.0,135.0,187,61
94.35,79.35000000000001,202,61
117.4,101.4,218,61
117.35,109.35,226,61
143.15,144.15,225,61
143.15,144.15,224,61
143.15,144.15,223,61
143.15,144.15,222,61
143.15,144.15,221,61
143.15,144.15,220,61
143.15,144.15,219,61
143.15,144.15,218,61
143.15,144.15,217,61
143.15,144.15,216,61
0.0,60.0,340,62
0.0,60.0,280,62
0.0,60.0,220,62
0.0,60.0,160,62
0.0,60.0,100,62
0.0,60.0,40,62
0.0,60.0,0,62
0.0,33.75,0,62
0.0,21.6,0,62
0.0,12.15,0,62
18.0,7.35,18,62
8.350000000000001,7.35,19,62
8.350000000000001,7.35,20,62
17.75,3.75,34,62
17.4,5.4,46,62
17.6,9.6,54,62
8.149999999999999,12.15,50,62
26.15,12.15,64,62
17.400000000000006,29.4,52,62
35.400000000000006,29.4,58,62
8.75,33.75,33,62
18.0,33.75,18,62
42.0,33.75,42,62
42.0,48.6,42,62
42.0,48.6,42,62
18.0,48.6,18,62
9.0,48.6,9,62
24.0,48.6,24,62
39.0,86.4,39,62
45.0,135.0,45,62
54.0,216.6,54,62
39.0,345.6,39,62
69.0,345.6,69,62
54.0,405.6,54,62
69.0,405.6,69,62
69.0,487.35,69,62
24.0,487.35,24,62
69.0,487.35,69,62
84.0,693.6,84,62
84.0,843.75,84,62
99.0,843.75,99,62
114.0,1297.35,114,62
90.0,1881.6,90,62
112.0,1881.6,112,62
109.0,2088.6000000000004,109,62
112.0,2088.6000000000004,112,62
112.0,2419.3500000000004,112,62
126.0,2419.3500000000004,126,62
201.0,2574.15,201,62
128.0,3067.3500000000004,128,62
184.0,3067.3500000000004,184,62
262.0,3241.3500000000004,262,62
175.0,3557.4,175,62
194.0,3557.4,194,62
194.0,3603.75,194,62
175.0,3603.75,175,62
164.0,3603.75,164,62
112.0,3603.75,112,62
160.0,3603.75,160,62
157.0,4034.400000000001,157,62
142.0,4034.400000000001,142,62
153.0,4034.400000000001,153,62
195.0,4541.400000000001,195,62
115.0,4646.400000000001,115,62
199.0,4646.400000000001,199,62
115.0,4752.6,115,62
91.0,4752.6,91,62
199.0,4752.6,199,62
199.0,4914.150000000001,199,62
154.0,2940.0,154,62
169.0,2940.0,169,62
249.0,3024.6000000000004,249,62
211.0,3110.4,211,62
105.0,3110.4,105,62
168.0,3110.4,168,62
168.0,3375.0,168,62
85.0,3375.0,85,62
220.0,3375.0,220,62
247.0,3511.3500000000004,247,62
330.0,3744.6,330,62
15.0,2419.3500000000004,15,62
249.0,2306.4,249,62
296.0,2613.6000000000004,296,62
299.0,2856.6000000000004,299,62
238.0,3197.4000000000005,238,62
308.0,3197.4000000000005,308,62
268.0,3375.0,268,62
104.0,3375.0,104,62
268.0,3375.0,268,62
308.0,3650.400000000001,308,62
260.0,3792.15,260,62
301.0,3792.15,301,62
371.0,4133.400000000001,371,62
358.0,4437.6,358,62
373.0,4437.6,373,62
201.0,4860.0,201,62
376.0,4860.0,376,62
157.0,5133.75,157,62
408.0,5133.75,408,62
376.0,5358.150000000001,376,62
0.0,60.0,340,63
0.0,60.0,280,63
0.0,60.0,220,63
0.0,60.0,160,63
0.0,60.0,100,63
0.0,60.0,40,63
0.0,60.0,0,63
0.0,33.75,0,63
40.0,21.6,40,63
80.0,79.35000000000001,80,63
90.0,163.35000000000002,90,63
230.0,317.40000000000003,230,63
320.0,595.35,320,63
480.0,1382.4,480,63
780.0,3241.3500000000004,780,63
742.0,3840.0,742,63
742.0,3840.0,742,63
742.0,3840.0,742,63
742.0,3840.0,742,63
742.0,3840.0,742,63
728.0,3110.4,728,63
728.0,3110.4,728,63
728.0,3110.4,728,63
728.0,3110.4,728,63
728.0,3110.4,728,63
728.0,3110.4,728,63
600.0,2306.4,600,63
600.0,2306.4,600,63
600.0,2306.4,600,63
600.0,2306.4,600,63
600.0,2306.4,600,63
470.0,1325.4,470,63
470.0,1325.4,470,63
470.0,1325.4,470,63
470.0,1325.4,470,63
630.0,1325.4,630,63
1040.0,3241.3500000000004,1040,63
600.0,2269.3500000000004,600,63
390.0,912.6,390,63
390.0,912.6,390,63
390.0,912.6,390,63
390.0,912.6,390,63
390.0,912.6,390,63
390.0,912.6,390,63
390.0,912.6,390,63
390.0,912.6,390,63
390.0,912.6,390,63
390.0,912.6,390,63
390.0,912.6,390,63
390.0,912.6,390,63
390.0,912.6,390,63
390.0,912.6,390,63
390.0,912.6,390,63
390.0,912.6,390,63
390.0,912.6,390,63
390.0,912.6,390,63
390.0,912.6,390,63
390.0,912.6,390,63
390.0,912.6,390,63
390.0,912.6,390,63
390.0,912.6,390,63
390.0,912.6,390,63
390.0,912.6,390,63
390.0,912.6,390,63
390.0,912.6,390,63
390.0,912.6,390,63
390.0,912.6,390,63
390.0,912.6,390,63
390.0,912.6,390,63
260.0,390.15,260,63
260.0,390.15,260,63
260.0,390.15,260,63
260.0,390.15,260,63
200.0,240.0,220,63
200.0,240.0,200,63
200.0,240.0,200,63
159.60000000000002,153.60000000000002,206,63
280.0,470.4,280,63
400.0,936.15,400,63
588.0,1881.6,588,63
600.0,2269.3500000000004,600,63
714.0,2613.6000000000004,714,63
780.0,3241.3500000000004,780,63
742.0,3744.6,742,63
742.0,3744.6,742,63
742.0,3744.6,742,63
742.0,3744.6,742,63
742.0,3744.6,742,63
742.0,3744.6,742,63
742.0,3744.6,742,63
742.0,3744.6,742,63
742.0,3744.6,742,63
742.0,3744.6,742,63
742.0,3744.6,742,63
742.0,3744.6,742,63
742.0,3744.6,742,63
742.0,3744.6,742,63
742.0,3744.6,742,63
742.0,3744.6,742,63
480.0,1411.35,480,63
0.0,60.0,340,64
0.0,60.0,280,64
0.0,60.0,220,64
0.0,60.0,160,64
0.0,60.0,100,64
72.0,60.0,112,64
84.0,60.0,136,64
71.4,101.4,106,64
107.4,101.4,112,64
120.0,126.15,120,64
168.0,331.35,168,64
475.0,843.75,475,64
468.0,1622.4,468,64
468.0,1622.4,468,64
468.0,1622.4,468,64
468.0,1622.4,468,64
468.0,1622.4,468,64
468.0,1622.4,468,64
468.0,1622.4,468,64
468.0,1622.4,468,64
468.0,1622.4,468,64
468.0,1591.35,468,64
468.0,1591.35,468,64
468.0,1591.35,468,64
468.0,1591.35,468,64
400.0,960.0,400,64
400.0,960.0,400,64
400.0,960.0,400,64
400.0,960.0,400,64
400.0,960.0,400,64
400.0,960.0,400,64
400.0,960.0,400,64
400.0,960.0,400,64
400.0,960.0,400,64
400.0,960.0,400,64
400.0,960.0,400,64
400.0,960.0,400,64
400.0,960.0,400,64
400.0,960.0,400,64
400.0,960.0,400,64
400.0,960.0,400,64
400.0,960.0,400,64
400.0,960.0,400,64
400.0,960.0,400,64
400.0,960.0,400,64
400.0,960.0,400,64
400.0,960.0,400,64
400.0,960.0,400,64
400.0,960.0,400,64
400.0,960.0,400,64
400.0,960.0,400,64
400.0,960.0,400,64
400.0,960.0,400,64
400.0,960.0,400,64
400.0,960.0,400,64
400.0,960.0,400,64
400.0,960.0,400,64
400.0,960.0,400,64
400.0,960.0,400,64
400.0,960.0,400,64
400.0,960.0,400,64
400.0,960.0,400,64
400.0,960.0,400,64
400.0,960.0,400,64
400.0,960.0,400,64
400.0,960.0,400,64
400.0,960.0,400,64
400.0,960.0,400,64
400.0,960.0,400,64
400.0,960.0,400,64
300.0,558.1500000000001,300,64
300.0,558.1500000000001,300,64
250.0,345.6,250,64
250.0,345.6,250,64
250.0,345.6,250,64
250.0,345.6,250,64
250.0,345.6,250,64
250.0,345.6,250,64
250.0,345.6,250,64
250.0,345.6,250,64
250.0,345.6,250,64
250.0,345.6,250,64
250.0,345.6,250,64
250.0,345.6,250,64
250.0,345.6,250,64
250.0,345.6,250,64
250.0,345.6,250,64
250.0,345.6,250,64
250.0,345.6,250,64
250.0,345.6,250,64
250.0,345.6,250,64
250.0,345.6,250,64
250.0,345.6,250,64
250.0,345.6,250,64
250.0,345.6,250,64
250.0,345.6,250,64
250.0,345.6,250,64
250.0,345.6,250,64
250.0,345.6,250,64
250.0,345.6,250,64
0.0,60.0,340,65
0.0,60.0,280,65
0.0,60.0,220,65
0.0,60.0,160,65
39.0,60.0,139,65
39.0,60.0,118,65
52.0,60.0,110,65
52.0,60.0,102,65
52.0,60.0,94,65
52.0,60.0,86,65
39.0,60.0,65,65
39.0,60.0,44,65
39.0,60.0,39,65
26.0,60.0,26,65
16.0,60.0,16,65
37.0,60.0,37,65
50.0,72.60000000000001,50,65
3.0,72.60000000000001,3,65
37.0,72.60000000000001,37,65
3.0,79.35000000000001,3,65
34.0,79.35000000000001,34,65
37.0,86.4,37,65
37.0,101.4,37,65
37.0,101.4,37,65
37.0,101.4,37,65
17.0,101.4,17,65
55.0,101.4,55,65
58.0,126.15,58,65
72.0,163.35000000000002,72,65
24.0,194.4,24,65
67.0,194.4,67,65
90.0,216.6,90,65
7.0,264.6,7,65
90.0,264.6,90,65
90.0,264.6,90,65
30.0,264.6,30,65
90.0,264.6,90,65
60.0,290.40000000000003,60,65
90.0,290.40000000000003,90,65
97.0,360.15000000000003,97,65
120.0,540.0,120,65
120.0,633.75,120,65
119.0,633.75,119,65
67.0,345.6,67,65
90.0,345.6,90,65
73.0,437.4,73,65
97.0,437.4,97,65
97.0,614.4000000000001,97,65
106.0,558.1500000000001,106,65
67.0,821.4000000000001,67,65
144.0,821.4000000000001,144,65
144.0,1161.6,144,65
160.0,1161.6,160,65
157.0,1083.75,157,65
137.0,1083.75,137,65
53.0,1083.75,53,65
92.0,1083.75,92,65
115.0,1470.15,115,65
147.0,2124.15,147,65
175.0,2196.15,175,65
85.0,2419.3500000000004,85,65
112.0,2419.3500000000004,112,65
115.0,1500.0,115,65
63.0,843.75,63,65
46.0,843.75,46,65
92.0,843.75,92,65
67.0,1297.35,67,65
85.0,1297.35,85,65
147.0,2018.4,147,65
114.0,2160.0,114,65
80.0,2160.0,80,65
34.0,1382.4,34,65
87.0,1382.4,87,65
135.0,1685.4,135,65
139.0,1949.4,139,65
238.0,2733.75,238,65
177.0,1353.75,177,65
177.0,1353.75,177,65
180.0,1353.75,180,65
180.0,1881.6,180,65
167.0,1881.6,167,65
173.0,1353.75,173,65
189.0,1949.4,189,65
226.0,2196.15,226,65
231.0,2457.6000000000004,231,65
226.0,2774.4,226,65
274.0,2774.4,274,65
189.0,3024.6000000000004,189,65
278.0,3024.6000000000004,278,65
278.0,3197.4000000000005,278,65
278.0,3197.4000000000005,278,65
231.0,3197.4000000000005,231,65
278.0,3197.4000000000005,278,65
239.0,3511.3500000000004,239,65
133.0,3511.3500000000004,133,65
239.0,3511.3500000000004,239,65
241.0,3888.150000000001,241,65
243.0,4233.6,243,65
120.0,4284.150000000001,120,65
243.0,4284.150000000001,243,65
0.0,60.0,340,66
0.0,60.0,280,66
0.0,60.0,220,66
0.0,60.0,160,66
0.0,60.0,100,66
0.0,60.0,40,66
0.0,60.0,0,66
0.0,18.15,0,66
6.0,12.15,6,66
15.0,12.15,15,66
14.15,12.15,17,66
14.15,12.15,19,66
14.15,12.15,21,66
14.15,12.15,23,66
14.15,12.15,25,66
14.15,12.15,27,66
14.15,12.15,29,66
14.15,12.15,31,66
14.15,12.15,33,66
14.15,12.15,35,66
5.149999999999999,12.15,28,66
14.6,9.6,33,66
14.6,9.6,38,66
14.6,9.6,43,66
14.6,9.6,48,66
14.6,9.6,53,66
14.6,9.6,58,66
14.6,9.6,63,66
5.600000000000001,9.6,59,66
14.6,9.6,64,66
14.15,12.15,66,66
0.0,15.0,51,66
15.0,15.0,51,66
15.0,15.0,51,66
15.0,15.0,51,66
15.0,15.0,51,66
0.0,15.0,36,66
15.0,15.0,36,66
15.0,15.0,36,66
15.0,15.0,36,66
15.0,15.0,36,66
15.0,15.0,36,66
15.0,15.0,36,66
15.0,15.0,36,66
15.0,15.0,36,66
15.0,15.0,36,66
15.0,15.0,36,66
15.0,15.0,36,66
15.0,15.0,36,66
15.0,15.0,36,66
15.0,15.0,36,66
15.0,15.0,36,66
15.0,15.0,36,66
15.0,15.0,36,66
15.0,15.0,36,66
15.0,15.0,36,66
15.0,15.0,36,66
15.0,15.0,36,66
15.0,15.0,36,66
15.0,15.0,36,66
15.0,15.0,36,66
15.0,15.0,36,66
6.0,15.0,27,66
6.0,15.0,18,66
6.0,15.0,9,66
6.0,15.0,6,66
6.0,15.0,6,66
6.0,15.0,6,66
6.0,15.0,6,66
6.0,15.0,6,66
6.0,15.0,6,66
6.0,15.0,6,66
6.0,15.0,6,66
6.0,15.0,6,66
6.0,15.0,6,66
6.0,15.0,6,66
6.0,15.0,6,66
6.0,15.0,6,66
15.0,15.0,15,66
15.0,15.0,15,66
15.0,15.0,15,66
15.0,15.0,15,66
15.0,15.0,15,66
15.0,15.0,15,66
15.0,15.0,15,66
15.0,15.0,15,66
0.0,15.0,0,66
15.0,9.6,15,66
14.15,12.15,17,66
21.0,25.35,21,66
6.0,33.75,6,66
15.0,33.75,15,66
15.0,48.6,15,66
30.0,48.6,30,66
30.0,66.15,30,66
30.0,66.15,30,66
30.0,66.15,30,66
15.0,66.15,15,66
42.0,66.15,42,66
54.0,109.35,54,66
0.0,60.0,340,67
0.0,60.0,280,67
0.0,60.0,220,67
0.0,60.0,160,67
0.0,60.0,100,67
0.0,60.0,40,67
0.0,60.0,0,67
0.0,33.75,0,67
0.0,21.6,0,67
0.0,12.15,0,67
0.0,7.35,0,67
0.0,5.4,0,67
0.0,3.75,0,67
0.0,2.4000000000000004,0,67
0.0,1.35,0,67
0.0,0.6000000000000001,0,67
0.0,0.15,0,67
0.0,60.0,340,68
0.0,60.0,280,68
0.0,60.0,220,68
0.0,60.0,160,68
0.0,25.35,134,68
38.69999999999999,25.35,148,68
65.35,25.35,188,68
65.35,25.35,228,68
78.35,43.35,263,68
91.0,60.0,294,68
91.4,86.4,299,68
91.4,101.4,289,68
163.4,101.4,351,68
188.4,194.4,345,68
140.39999999999998,194.4,291,68
209.4,194.4,306,68
265.0,317.40000000000003,265,68
252.0,317.40000000000003,252,68
140.0,317.40000000000003,140,68
240.0,317.40000000000003,240,68
240.0,345.6,240,68
240.0,345.6,240,68
240.0,345.6,240,68
240.0,345.6,240,68
240.0,345.6,240,68
216.0,345.6,216,68
240.0,345.6,240,68
296.0,522.1500000000001,296,68
320.0,614.4000000000001,320,68
348.0,756.1500000000001,348,68
400.0,960.0,400,68
468.0,1353.75,468,68
511.0,1915.35,511,68
428.0,1083.75,428,68
428.0,1083.75,428,68
428.0,1083.75,428,68
428.0,1083.75,428,68
428.0,1083.75,428,68
428.0,1083.75,428,68
428.0,1083.75,428,68
428.0,1083.75,428,68
428.0,1083.75,428,68
428.0,1083.75,428,68
428.0,1083.75,428,68
428.0,1083.75,428,68
428.0,1083.75,428,68
428.0,1083.75,428,68
268.0,437.4,268,68
268.0,437.4,268,68
268.0,437.4,268,68
268.0,437.4,268,68
268.0,437.4,268,68
268.0,437.4,268,68
268.0,437.4,268,68
268.0,437.4,268,68
268.0,437.4,268,68
268.0,437.4,268,68
268.0,437.4,268,68
268.0,437.4,268,68
268.0,437.4,268,68
268.0,437.4,268,68
268.0,437.4,268,68
268.0,437.4,268,68
268.0,437.4,268,68
268.0,437.4,268,68
268.0,437.4,268,68
268.0,437.4,268,68
268.0,437.4,268,68
268.0,437.4,268,68
268.0,437.4,268,68
268.0,437.4,268,68
268.0,437.4,268,68
268.0,437.4,268,68
268.0,437.4,268,68
268.0,437.4,268,68
268.0,437.4,268,68
268.0,437.4,268,68
268.0,437.4,268,68
268.0,437.4,268,68
268.0,437.4,268,68
268.0,437.4,268,68
268.0,437.4,268,68
268.0,437.4,268,68
268.0,437.4,268,68
268.0,437.4,268,68
268.0,437.4,268,68
268.0,437.4,268,68
268.0,437.4,268,68
268.0,437.4,268,68
268.0,437.4,268,68
268.0,437.4,268,68
268.0,437.4,268,68
268.0,437.4,268,68
268.0,437.4,268,68
268.0,437.4,268,68
268.0,437.4,268,68
268.0,437.4,268,68
268.0,437.4,268,68
268.0,437.4,268,68
268.0,437.4,268,68
0.0,60.0,340,69
0.0,60.0,280,69
0.0,60.0,220,69
0.0,60.0,160,69
0.0,60.0,100,69
0.0,60.0,40,69
0.0,60.0,0,69
0.0,33.75,0,69
0.0,21.6,0,69
0.0,12.15,0,69
0.0,7.35,0,69
10.0,5.4,10,69
9.4,5.4,14,69
8.4,5.4,17,69
9.4,5.4,21,69
9.4,5.4,25,69
9.35,7.35,27,69
9.6,9.6,27,69
18.6,9.6,36,69
18.6,9.6,45,69
20.0,15.0,50,69
10.0,15.0,45,69
20.0,15.0,50,69
20.0,15.0,55,69
19.15000000000001,18.15,56,69
19.6,21.6,54,69
19.6,21.6,52,69
19.6,21.6,50,69
19.6,21.6,48,69
19.6,21.6,46,69
19.6,21.6,44,69
19.6,21.6,42,69
9.6,21.6,30,69
19.6,21.6,28,69
19.6,21.6,26,69
19.6,21.6,24,69
19.6,21.6,22,69
19.6,21.6,20,69
20.0,21.6,20,69
20.0,21.6,20,69
20.0,21.6,20,69
20.0,21.6,20,69
10.0,21.6,10,69
20.0,21.6,20,69
20.0,25.35,20,69
20.0,25.35,20,69
20.0,25.35,20,69
20.0,25.35,20,69
20.0,25.35,20,69
20.0,25.35,20,69
20.0,25.35,20,69
20.0,25.35,20,69
20.0,25.35,20,69
20.0,25.35,20,69
10.0,25.35,10,69
20.0,25.35,20,69
20.0,33.75,20,69
20.0,33.75,20,69
20.0,33.75,20,69
20.0,33.75,20,69
20.0,33.75,20,69
20.0,33.75,20,69
20.0,33.75,20,69
20.0,33.75,20,69
20.0,33.75,20,69
20.0,33.75,20,69
20.0,33.75,20,69
20.0,33.75,20,69
20.0,33.75,20,69
20.0,33.75,20,69
20.0,33.75,20,69
20.0,33.75,20,69
20.0,33.75,20,69
20.0,33.75,20,69
20.0,33.75,20,69
10.0,33.75,10,69
20.0,33.75,20,69
29.0,66.15,29,69
30.0,86.4,30,69
30.0,117.6,30,69
30.0,117.6,30,69
30.0,117.6,30,69
30.0,117.6,30,69
30.0,117.6,30,69
20.0,117.6,20,69
50.0,117.6,50,69
60.0,126.15,60,69
70.0,183.75,70,69
90.0,240.0,90,69
100.0,331.35,100,69
130.0,522.1500000000001,130,69
150.0,756.1500000000001,150,69
140.0,1058.4,140,69
170.0,1058.4,170,69
190.0,1440.6,190,69
247.0,2053.3500000000004,247,69
200.0,2160.0,200,69
250.0,2160.0,250,69
190.0,1881.6,190,69
196.0,1881.6,196,69
0.0,60.0,340,70
0.0,60.0,280,70
0.0,60.0,220,70
0.0,60.0,160,70
0.0,60.0,100,70
0.0,60.0,40,70
0.0,25.35,14,70
0.0,25.35,0,70
14.0,15.0,14,70
14.0,18.15,14,70
7.0,18.15,7,70
14.0,18.15,14,70
14.0,25.35,14,70
14.0,25.35,14,70
14.0,25.35,14,70
7.0,25.35,7,70
7.0,25.35,7,70
14.0,25.35,14,70
14.0,33.75,14,70
14.0,33.75,14,70
14.0,33.75,14,70
14.0,33.75,14,70
14.0,33.75,14,70
14.0,33.75,14,70
14.0,33.75,14,70
14.0,33.75,14,70
14.0,33.75,14,70
14.0,33.75,14,70
14.0,33.75,14,70
14.0,33.75,14,70
14.0,33.75,14,70
14.0,33.75,14,70
14.0,33.75,14,70
14.0,33.75,14,70
14.0,33.75,14,70
14.0,33.75,14,70
14.0,33.75,14,70
14.0,33.75,14,70
14.0,33.75,14,70
14.0,33.75,14,70
14.0,33.75,14,70
14.0,33.75,14,70
14.0,33.75,14,70
14.0,33.75,14,70
14.0,33.75,14,70
14.0,33.75,14,70
14.0,33.75,14,70
14.0,33.75,14,70
14.0,33.75,14,70
14.0,33.75,14,70
14.0,33.75,14,70
14.0,33.75,14,70
14.0,33.75,14,70
14.0,33.75,14,70
14.0,33.75,14,70
14.0,33.75,14,70
14.0,33.75,14,70
14.0,33.75,14,70
14.0,33.75,14,70
14.0,33.75,14,70
14.0,33.75,14,70
14.0,33.75,14,70
14.0,33.75,14,70
14.0,33.75,14,70
14.0,33.75,14,70
14.0,33.75,14,70
14.0,33.75,14,70
14.0,33.75,14,70
14.0,33.75,14,70
14.0,33.75,14,70
14.0,33.75,14,70
14.0,33.75,14,70
14.0,33.75,14,70
14.0,33.75,14,70
14.0,33.75,14,70
14.0,33.75,14,70
14.0,33.75,14,70
14.0,33.75,14,70
14.0,33.75,14,70
14.0,33.75,14,70
14.0,33.75,14,70
14.0,33.75,14,70
14.0,33.75,14,70
14.0,33.75,14,70
14.0,33.75,14,70
14.0,33.75,14,70
14.0,33.75,14,70
14.0,33.75,14,70
14.0,33.75,14,70
14.0,33.75,14,70
14.0,33.75,14,70
14.0,33.75,14,70
14.0,33.75,14,70
14.0,33.75,14,70
14.0,33.75,14,70
14.0,33.75,14,70
14.0,33.75,14,70
14.0,33.75,14,70
14.0,33.75,14,70
14.0,33.75,14,70
0.0,60.0,340,71
0.0,60.0,280,71
60.0,60.0,280,71
60.0,60.0,280,71
60.0,60.0,280,71
60.0,60.0,280,71
36.0,60.0,256,71
36.0,60.0,232,71
30.0,60.0,202,71
24.0,60.0,166,71
24.0,60.0,130,71
18.0,60.0,88,71
24.0,60.0,52,71
24.0,60.0,24,71
24.0,60.0,24,71
24.0,60.0,24,71
24.0,60.0,24,71
24.0,60.0,24,71
24.0,60.0,24,71
24.0,60.0,24,71
24.0,60.0,24,71
24.0,60.0,24,71
24.0,60.0,24,71
24.0,60.0,24,71
24.0,60.0,24,71
24.0,60.0,24,71
24.0,60.0,24,71
24.0,60.0,24,71
24.0,60.0,24,71
24.0,60.0,24,71
24.0,60.0,24,71
24.0,60.0,24,71
24.0,60.0,24,71
24.0,60.0,24,71
24.0,60.0,24,71
24.0,60.0,24,71
24.0,60.0,24,71
24.0,60.0,24,71
24.0,60.0,24,71
24.0,60.0,24,71
24.0,60.0,24,71
24.0,60.0,24,71
24.0,60.0,24,71
24.0,60.0,24,71
24.0,60.0,24,71
24.0,60.0,24,71
24.0,60.0,24,71
24.0,60.0,24,71
24.0,60.0,24,71
24.0,60.0,24,71
24.0,60.0,24,71
24.0,60.0,24,71
24.0,60.0,24,71
24.0,60.0,24,71
24.0,60.0,24,71
24.0,60.0,24,71
24.0,60.0,24,71
24.0,60.0,24,71
24.0,60.0,24,71
24.0,60.0,24,71
24.0,60.0,24,71
24.0,60.0,24,71
24.0,60.0,24,71
24.0,60.0,24,71
24.0,60.0,24,71
24.0,60.0,24,71
24.0,60.0,24,71
24.0,60.0,24,71
24.0,60.0,24,71
24.0,60.0,24,71
24.0,60.0,24,71
24.0,60.0,24,71
24.0,60.0,24,71
24.0,60.0,24,71
24.0,60.0,24,71
24.0,60.0,24,71
24.0,60.0,24,71
24.0,60.0,24,71
24.0,60.0,24,71
24.0,60.0,24,71
24.0,60.0,24,71
24.0,60.0,24,71
24.0,60.0,24,71
24.0,60.0,24,71
24.0,60.0,24,71
24.0,60.0,24,71
24.0,60.0,24,71
24.0,60.0,24,71
24.0,60.0,24,71
24.0,60.0,24,71
24.0,60.0,24,71
24.0,60.0,24,71
24.0,60.0,24,71
24.0,60.0,24,71
24.0,60.0,24,71
24.0,60.0,24,71
24.0,60.0,24,71
24.0,60.0,24,71
24.0,60.0,24,71
24.0,60.0,24,71
0.0,60.0,340,72
0.0,60.0,280,72
0.0,60.0,220,72
91.0,60.0,251,72
119.15,66.15,304,72
115.15,126.15,293,72
132.15,126.15,299,72
166.35000000000002,205.35,260,72
132.35000000000002,205.35,187,72
132.0,205.35,132,72
30.40000000000001,101.4,61,72
68.0,101.4,68,72
86.0,135.0,86,72
146.0,173.4,146,72
176.0,205.35,176,72
145.60000000000002,153.60000000000002,168,72
150.0,135.0,183,72
90.0,194.4,90,72
120.0,194.4,120,72
146.0,228.15000000000003,146,72
180.0,345.6,180,72
73.0,504.6,73,72
206.0,504.6,206,72
240.0,735.0,240,72
300.0,1161.6,300,72
420.0,1848.15,420,72
420.0,2018.4,420,72
426.0,2018.4,426,72
426.0,2124.15,426,72
426.0,2124.15,426,72
357.0,2124.15,357,72
426.0,2124.15,426,72
432.0,2343.75,432,72
453.0,2574.15,453,72
462.0,2940.0,462,72
528.0,3067.3500000000004,528,72
535.0,3465.6000000000004,535,72
474.0,3888.150000000001,474,72
474.0,3888.150000000001,474,72
288.0,3888.150000000001,288,72
384.0,3888.150000000001,384,72
312.0,4133.400000000001,312,72
206.0,4133.400000000001,206,72
268.0,2053.3500000000004,268,72
298.0,2160.0,298,72
268.0,2343.75,268,72
302.0,2343.75,302,72
298.0,2269.3500000000004,298,72
268.0,2269.3500000000004,268,72
298.0,2269.3500000000004,298,72
163.0,912.6,163,72
116.0,912.6,116,72
107.0,912.6,107,72
124.0,912.6,124,72
62.0,714.1500000000001,62,72
124.0,714.1500000000001,124,72
151.0,936.15,151,72
135.0,1560.6,135,72
122.0,1560.6,122,72
192.0,1560.6,192,72
203.0,1815.0,203,72
203.0,2196.15,203,72
135.0,2196.15,135,72
135.0,2196.15,135,72
183.0,2196.15,183,72
255.0,3420.1500000000005,255,72
341.0,3840.0,341,72
144.0,4437.6,144,72
271.0,4437.6,271,72
206.0,5023.35,206,72
301.0,5023.35,301,72
218.0,5472.150000000001,218,72
218.0,5472.150000000001,218,72
241.0,5023.35,241,72
263.0,5301.6,263,72
165.0,5762.400000000001,165,72
382.0,5762.400000000001,382,72
293.0,6303.75,293,72
301.0,6303.75,301,72
330.0,6869.400000000001,330,72
421.0,7260.0,421,72
302.0,8073.6,302,72
460.0,8073.6,460,72
297.0,8568.150000000001,297,72
285.0,8568.150000000001,285,72
184.0,8568.150000000001,184,72
405.0,8568.150000000001,405,72
433.0,9077.4,433,72
433.0,9907.35,433,72
256.0,9907.35,256,72
192.0,9907.35,192,72
97.0,9907.35,97,72
89.0,9907.35,89,72
184.0,9907.35,184,72
200.0,10854.15,200,72
373.0,11592.6,373,72
235.0,12615.0,235,72
412.0,12615.0,412,72
267.0,13590.15,267,72
203.0,5529.6,203,72
0.0,60.0,340,73
0.0,60.0,280,73
0.0,60.0,220,73
0.0,60.0,160,73
3.0,60.0,103,73
4.0,60.0,47,73
3.0,60.0,3,73
52.0,60.0,52,73
52.0,60.0,52,73
52.0,60.0,52,73
26.0,60.0,26,73
48.0,60.0,48,73
45.0,60.0,45,73
48.0,60.0,48,73
48.0,60.0,48,73
48.0,60.0,48,73
48.0,60.0,48,73
48.0,60.0,48,73
48.0,60.0,48,73
48.0,60.0,48,73
48.0,60.0,48,73
48.0,60.0,48,73
48.0,60.0,48,73
48.0,60.0,48,73
48.0,60.0,48,73
48.0,60.0,48,73
48.0,60.0,48,73
48.0,60.0,48,73
48.0,60.0,48,73
48.0,60.0,48,73
48.0,60.0,48,73
48.0,60.0,48,73
48.0,60.0,48,73
48.0,60.0,48,73
48.0,60.0,48,73
48.0,60.0,48,73
32.35,25.35,55,73
32.150000000000006,18.15,69,73
32.150000000000006,18.15,83,73
31.6,21.6,93,73
32.349999999999994,25.35,100,73
32.75,33.75,99,73
32.75,33.75,98,73
32.75,33.75,97,73
32.75,33.75,96,73
32.75,33.75,95,73
32.75,33.75,94,73
32.75,33.75,93,73
32.75,33.75,92,73
32.75,33.75,91,73
32.75,33.75,90,73
32.75,33.75,89,73
32.75,33.75,88,73
32.75,33.75,87,73
32.75,33.75,86,73
32.75,33.75,85,73
32.75,33.75,84,73
32.75,33.75,83,73
32.75,33.75,82,73
32.75,33.75,81,73
32.75,33.75,80,73
32.75,33.75,79,73
32.75,33.75,78,73
32.75,33.75,77,73
32.75,33.75,76,73
32.75,33.75,75,73
32.75,33.75,74,73
32.75,33.75,73,73
32.75,33.75,72,73
32.75,33.75,71,73
32.75,33.75,70,73
32.75,33.75,69,73
32.75,33.75,68,73
32.75,33.75,67,73
32.75,33.75,66,73
32.75,33.75,65,73
32.75,33.75,64,73
32.75,33.75,63,73
32.75,33.75,62,73
32.75,33.75,61,73
32.75,33.75,60,73
32.75,33.75,59,73
32.75,33.75,58,73
32.75,33.75,57,73
32.75,33.75,56,73
32.75,33.75,55,73
32.75,33.75,54,73
32.75,33.75,53,73
32.75,33.75,52,73
32.75,33.75,51,73
32.75,33.75,50,73
32.75,33.75,49,73
32.75,33.75,48,73
32.75,33.75,47,73
32.75,33.75,46,73
32.75,33.75,45,73
32.75,33.75,44,73
32.75,33.75,43,73
32.75,33.75,42,73
32.75,33.75,41,73
0.0,60.0,340,74
0.0,60.0,280,74
114.0,60.0,334,74
72.0,60.0,346,74
66.0,135.0,277,74
60.0,135.0,202,74
42.0,135.0,109,74
12.0,135.0,12,74
18.0,54.150000000000006,18,74
0.0,72.60000000000001,0,74
6.0,43.35,6,74
26.0,43.35,26,74
26.0,38.400000000000006,26,74
26.0,38.400000000000006,26,74
20.0,38.400000000000006,20,74
20.0,38.400000000000006,20,74
13.0,38.400000000000006,13,74
20.0,38.400000000000006,20,74
26.0,60.0,26,74
33.0,86.4,33,74
33.0,93.75,33,74
33.0,93.75,33,74
13.0,93.75,13,74
51.0,93.75,51,74
66.0,135.0,66,74
57.0,117.6,57,74
57.0,117.6,57,74
57.0,117.6,57,74
44.0,117.6,44,74
57.0,117.6,57,74
44.0,72.60000000000001,44,74
44.0,72.60000000000001,44,74
44.0,72.60000000000001,44,74
44.0,72.60000000000001,44,74
44.0,72.60000000000001,44,74
44.0,72.60000000000001,44,74
0.0,72.60000000000001,0,74
35.0,43.35,35,74
50.0,66.15,50,74
50.0,79.35000000000001,50,74
50.0,79.35000000000001,50,74
50.0,79.35000000000001,50,74
34.599999999999994,48.6,36,74
35.0,48.6,35,74
35.0,48.6,35,74
2.150000000000002,18.15,19,74
24.15,18.15,25,74
16.0,15.0,26,74
16.0,15.0,27,74
24.15,18.15,33,74
24.15,18.15,39,74
24.15,18.15,45,74
24.6,21.6,48,74
24.35,25.35,47,74
24.35,25.35,46,74
24.35,25.35,45,74
24.35,25.35,44,74
24.35,25.35,43,74
24.35,25.35,42,74
24.35,25.35,41,74
0.0,25.35,15,74
25.0,25.35,25,74
25.0,25.35,25,74
25.0,25.35,25,74
25.0,25.35,25,74
25.0,25.35,25,74
25.0,25.35,25,74
25.0,25.35,25,74
25.0,25.35,25,74
25.0,25.35,25,74
25.0,25.35,25,74
25.0,25.35,25,74
25.0,25.35,25,74
25.0,25.35,25,74
9.6,9.6,25,74
9.6,9.6,25,74
9.6,9.6,25,74
9.6,9.6,25,74
9.6,9.6,25,74
9.6,9.6,25,74
9.6,9.6,25,74
9.6,9.6,25,74
9.6,9.6,25,74
9.6,9.6,25,74
9.6,9.6,25,74
9.35,7.35,27,74
9.6,9.6,27,74
9.6,9.6,27,74
9.6,9.6,27,74
9.6,9.6,27,74
9.6,9.6,27,74
9.6,9.6,27,74
9.6,9.6,27,74
9.6,9.6,27,74
9.6,9.6,27,74
9.6,9.6,27,74
9.6,9.6,27,74
9.6,9.6,27,74
9.6,9.6,27,74
9.6,9.6,27,74
0.0,60.0,340,75
0.0,60.0,280,75
0.0,60.0,220,75
0.0,60.0,160,75
36.0,60.0,136,75
23.15000000000001,54.150000000000006,105,75
29.15000000000001,54.150000000000006,80,75
29.15000000000001,54.150000000000006,55,75
11.150000000000006,54.150000000000006,12,75
36.0,54.150000000000006,36,75
9.0,72.60000000000001,9,75
48.0,72.60000000000001,48,75
45.0,86.4,45,75
52.0,86.4,52,75
61.0,126.15,61,75
35.0,194.4,35,75
71.0,194.4,71,75
78.0,264.6,78,75
74.0,228.15000000000003,74,75
32.0,228.15000000000003,32,75
58.0,228.15000000000003,58,75
58.0,290.40000000000003,58,75
6.0,290.40000000000003,6,75
61.0,290.40000000000003,61,75
48.0,453.75,48,75
71.0,453.75,71,75
39.0,437.4,39,75
126.0,437.4,126,75
45.0,453.75,45,75
84.0,228.15000000000003,84,75
97.0,277.35,97,75
97.0,405.6,97,75
123.0,405.6,123,75
95.0,633.75,95,75
184.0,633.75,184,75
220.0,960.0,220,75
171.0,1470.15,171,75
260.0,1470.15,260,75
317.0,2160.0,317,75
210.0,1242.15,210,75
193.0,1242.15,193,75
108.0,1242.15,108,75
194.0,1242.15,194,75
294.0,1815.0,294,75
223.0,1915.35,223,75
188.0,1915.35,188,75
238.0,1915.35,238,75
244.0,2306.4,244,75
173.0,1949.4,173,75
224.0,1949.4,224,75
228.0,2232.6000000000004,228,75
230.0,2574.15,230,75
224.0,2856.6000000000004,224,75
240.0,2856.6000000000004,240,75
226.0,3330.15,226,75
237.0,3330.15,237,75
239.0,3650.400000000001,239,75
289.0,4386.150000000001,289,75
352.0,4860.0,352,75
286.0,5415.0,286,75
281.0,5415.0,281,75
272.0,5415.0,272,75
272.0,5415.0,272,75
281.0,5415.0,281,75
363.0,5645.400000000001,363,75
406.0,6120.6,406,75
464.0,6678.150000000001,464,75
404.0,7392.6,404,75
488.0,7392.6,488,75
296.0,8213.400000000001,296,75
402.0,8213.400000000001,402,75
373.0,3650.400000000001,373,75
363.0,2856.6000000000004,363,75
341.0,2856.6000000000004,341,75
339.0,2856.6000000000004,339,75
128.0,2856.6000000000004,128,75
341.0,2856.6000000000004,341,75
200.0,2196.15,200,75
261.0,2196.15,261,75
399.0,2733.75,399,75
400.0,2815.3500000000004,400,75
301.0,2940.0,301,75
165.0,2940.0,165,75
404.0,2940.0,404,75
400.0,3153.75,400,75
407.0,3153.75,407,75
356.0,3420.1500000000005,356,75
307.0,3420.1500000000005,307,75
129.0,3420.1500000000005,129,75
404.0,3420.1500000000005,404,75
355.0,3697.35,355,75
321.0,3697.35,321,75
354.0,3697.35,354,75
327.0,4183.35,327,75
319.0,4183.35,319,75
282.0,4183.35,282,75
327.0,4183.35,327,75
327.0,4386.150000000001,327,75
327.0,4386.150000000001,327,75
327.0,4386.150000000001,327,75
0.0,60.0,340,76
0.0,60.0,280,76
0.0,60.0,220,76
0.0,60.0,160,76
0.0,60.0,100,76
0.0,60.0,40,76
0.0,60.0,0,76
0.0,33.75,0,76
0.0,21.6,0,76
0.0,9.6,0,76
0.0,5.4,0,76
0.0,3.75,0,76
0.0,2.4000000000000004,0,76
0.0,1.35,0,76
0.0,0.6000000000000001,0,76
0.0,0.15,0,76
0.0,60.0,340,77
0.0,60.0,280,77
0.0,60.0,220,77
0.0,60.0,160,77
0.0,21.6,138,77
0.0,21.6,116,77
0.0,21.6,95,77
0.0,21.6,73,77
8.999999999999979,21.6,61,77
17.6,21.6,57,77
8.600000000000001,21.6,44,77
17.6,21.6,40,77
17.6,21.6,36,77
17.6,21.6,32,77
17.6,21.6,28,77
17.6,21.6,24,77
9.0,15.0,18,77
9.0,15.0,12,77
9.0,15.0,9,77
9.0,15.0,9,77
9.0,15.0,9,77
9.0,15.0,9,77
9.0,15.0,9,77
9.0,15.0,9,77
9.0,15.0,9,77
9.0,15.0,9,77
9.0,15.0,9,77
9.0,15.0,9,77
9.0,9.6,9,77
9.0,9.6,9,77
9.0,9.6,9,77
9.0,9.6,9,77
9.0,9.6,9,77
9.0,9.6,9,77
9.0,9.6,9,77
9.0,9.6,9,77
9.0,9.6,9,77
9.0,9.6,9,77
9.0,9.6,9,77
9.0,9.6,9,77
9.0,9.6,9,77
9.0,9.6,9,77
9.0,9.6,9,77
9.0,9.6,9,77
9.0,9.6,9,77
9.0,9.6,9,77
9.0,9.6,9,77
9.0,9.6,9,77
9.0,9.6,9,77
9.0,9.6,9,77
9.0,9.6,9,77
9.0,9.6,9,77
9.0,9.6,9,77
9.0,9.6,9,77
9.0,9.6,9,77
9.0,9.6,9,77
8.4,5.4,12,77
8.4,5.4,15,77
8.4,5.4,18,77
8.4,5.4,21,77
8.600000000000001,9.6,20,77
8.600000000000001,9.6,19,77
8.600000000000001,9.6,18,77
8.600000000000001,9.6,17,77
8.600000000000001,9.6,16,77
8.600000000000001,9.6,15,77
8.600000000000001,9.6,14,77
8.600000000000001,9.6,13,77
8.600000000000001,9.6,12,77
8.600000000000001,9.6,11,77
8.600000000000001,9.6,10,77
8.600000000000001,9.6,9,77
9.0,9.6,9,77
9.0,9.6,9,77
9.0,9.6,9,77
8.4,5.4,12,77
8.350000000000001,7.35,13,77
8.600000000000001,9.6,12,77
8.600000000000001,9.6,11,77
8.350000000000001,7.35,12,77
8.4,5.4,15,77
8.4,5.4,18,77
8.350000000000001,7.35,19,77
8.149999999999999,12.15,15,77
8.350000000000001,7.35,16,77
8.350000000000001,7.35,17,77
8.350000000000001,7.35,18,77
8.75,3.75,23,77
8.75,3.75,28,77
8.399999999999999,5.4,31,77
8.399999999999999,5.4,34,77
8.600000000000001,9.6,33,77
8.600000000000001,9.6,32,77
8.600000000000001,9.6,31,77
8.600000000000001,9.6,30,77
8.600000000000001,9.6,29,77
8.75,3.75,34,77
8.75,3.75,39,77
8.75,3.75,44,77
8.399999999999999,5.4,47,77
0.0,60.0,340,78
0.0,60.0,280,78
0.0,60.0,220,78
0.0,60.0,160,78
0.0,60.0,100,78
0.0,60.0,40,78
9.0,60.0,9,78
9.0,60.0,9,78
37.0,60.0,37,78
37.0,60.0,37,78
37.0,60.0,37,78
40.0,60.0,40,78
50.0,86.4,50,78
37.0,135.0,37,78
50.0,135.0,50,78
50.0,135.0,50,78
50.0,135.0,50,78
50.0,135.0,50,78
50.0,135.0,50,78
50.0,135.0,50,78
50.0,135.0,50,78
50.0,135.0,50,78
50.0,135.0,50,78
50.0,135.0,50,78
50.0,135.0,50,78
50.0,135.0,50,78
40.0,79.35000000000001,40,78
30.0,48.6,30,78
30.0,48.6,30,78
30.0,48.6,30,78
30.0,48.6,30,78
30.0,48.6,30,78
30.0,48.6,30,78
30.0,48.6,30,78
30.0,48.6,30,78
30.0,48.6,30,78
30.0,48.6,30,78
30.0,48.6,30,78
30.0,48.6,30,78
30.0,48.6,30,78
30.0,48.6,30,78
30.0,48.6,30,78
30.0,48.6,30,78
30.0,48.6,30,78
30.0,48.6,30,78
30.0,48.6,30,78
30.0,48.6,30,78
30.0,48.6,30,78
30.0,48.6,30,78
30.0,48.6,30,78
30.0,48.6,30,78
30.0,48.6,30,78
30.0,48.6,30,78
30.0,48.6,30,78
30.0,48.6,30,78
30.0,48.6,30,78
30.0,48.6,30,78
30.0,48.6,30,78
30.0,48.6,30,78
30.0,48.6,30,78
30.0,48.6,30,78
30.0,48.6,30,78
30.0,48.6,30,78
30.0,48.6,30,78
30.0,48.6,30,78
30.0,48.6,30,78
30.0,48.6,30,78
30.0,48.6,30,78
30.0,48.6,30,78
30.0,48.6,30,78
30.0,48.6,30,78
30.0,48.6,30,78
37.0,48.6,37,78
37.0,48.6,37,78
37.0,48.6,37,78
37.0,48.6,37,78
37.0,48.6,37,78
37.0,48.6,37,78
29.75,33.75,33,78
30.0,33.75,30,78
30.0,33.75,30,78
30.0,33.75,30,78
30.0,33.75,30,78
30.0,33.75,30,78
30.0,33.75,30,78
27.4,29.4,28,78
27.0,29.4,27,78
27.0,29.4,27,78
27.0,29.4,27,78
27.0,29.4,27,78
27.0,29.4,27,78
27.0,29.4,27,78
27.0,29.4,27,78
27.0,29.4,27,78
27.0,29.4,27,78
27.0,29.4,27,78
27.0,29.4,27,78
27.0,29.4,27,78
27.0,29.4,27,78
27.0,29.4,27,78
0.0,60.0,340,79
48.0,60.0,328,79
40.0,60.0,308,79
16.0,60.0,264,79
16.0,60.0,220,79
28.0,60.0,188,79
28.0,60.0,156,79
28.0,60.0,124,79
28.0,60.0,92,79
28.0,60.0,60,79
28.0,60.0,28,79
28.0,60.0,28,79
21.0,38.400000000000006,21,79
21.0,38.400000000000006,21,79
14.0,38.400000000000006,14,79
8.0,38.400000000000006,8,79
8.0,38.400000000000006,8,79
20.0,38.400000000000006,20,79
20.0,60.0,20,79
30.0,60.0,30,79
20.0,79.35000000000001,20,79
69.0,79.35000000000001,69,79
69.0,93.75,69,79
69.0,93.75,69,79
69.0,93.75,69,79
69.0,93.75,69,79
69.0,93.75,69,79
10.0,93.75,10,79
69.0,93.75,69,79
45.6,48.6,66,79
45.6,48.6,63,79
45.6,48.6,60,79
45.6,48.6,57,79
45.6,48.6,54,79
45.6,48.6,51,79
45.6,48.6,48,79
32.400000000000006,29.4,51,79
45.400000000000006,38.400000000000006,58,79
32.400000000000006,29.4,61,79
45.150000000000006,54.150000000000006,52,79
0.0,54.150000000000006,0,79
31.0,33.75,31,79
48.0,60.0,48,79
55.0,93.75,55,79
72.0,135.0,72,79
83.0,194.4,83,79
96.0,290.40000000000003,96,79
96.0,345.6,96,79
96.0,345.6,96,79
96.0,345.6,96,79
96.0,345.6,96,79
96.0,345.6,96,79
44.0,345.6,44,79
44.0,345.6,44,79
33.0,345.6,33,79
48.0,345.6,48,79
49.0,405.6,49,79
60.0,576.6,60,79
72.0,756.1500000000001,72,79
37.0,936.15,37,79
72.0,936.15,72,79
85.0,1382.4,85,79
126.0,2088.6000000000004,126,79
126.0,2160.0,126,79
126.0,2160.0,126,79
126.0,2160.0,126,79
126.0,2160.0,126,79
126.0,2160.0,126,79
126.0,2160.0,126,79
126.0,2160.0,126,79
126.0,2160.0,126,79
126.0,2160.0,126,79
126.0,2160.0,126,79
126.0,2160.0,126,79
126.0,2160.0,126,79
126.0,2160.0,126,79
126.0,2160.0,126,79
126.0,2160.0,126,79
126.0,2160.0,126,79
126.0,2160.0,126,79
126.0,2160.0,126,79
126.0,2160.0,126,79
126.0,2160.0,126,79
126.0,2160.0,126,79
126.0,2160.0,126,79
151.0,2160.0,151,79
196.0,2653.3500000000004,196,79
262.0,2815.3500000000004,262,79
262.0,3024.6000000000004,262,79
262.0,3024.6000000000004,262,79
262.0,3024.6000000000004,262,79
262.0,3024.6000000000004,262,79
262.0,3024.6000000000004,262,79
262.0,3024.6000000000004,262,79
262.0,3024.6000000000004,262,79
262.0,3024.6000000000004,262,79
262.0,3024.6000000000004,262,79
262.0,3024.6000000000004,262,79
262.0,3024.6000000000004,262,79
262.0,3024.6000000000004,262,79
0.0,60.0,340,80
0.0,60.0,280,80
0.0,60.0,220,80
0.0,60.0,160,80
10.0,60.0,110,80
7.0,60.0,57,80
5.0,60.0,5,80
25.0,60.0,25,80
6.0,60.0,6,80
10.0,60.0,10,80
10.0,60.0,10,80
10.0,60.0,10,80
10.0,60.0,10,80
10.0,60.0,10,80
10.0,60.0,10,80
8.0,60.0,8,80
8.0,60.0,8,80
8.0,60.0,8,80
8.0,60.0,8,80
8.0,60.0,8,80
8.0,60.0,8,80
8.0,60.0,8,80
8.0,60.0,8,80
8.0,60.0,8,80
8.0,60.0,8,80
8.0,60.0,8,80
8.0,60.0,8,80
8.0,60.0,8,80
8.0,60.0,8,80
8.0,60.0,8,80
8.0,60.0,8,80
8.0,60.0,8,80
8.0,60.0,8,80
8.0,60.0,8,80
8.0,60.0,8,80
8.0,60.0,8,80
8.0,60.0,8,80
8.0,60.0,8,80
8.0,60.0,8,80
8.0,60.0,8,80
7.0,48.6,7,80
7.0,48.6,7,80
7.0,48.6,7,80
7.0,48.6,7,80
7.0,48.6,7,80
5.0,25.35,5,80
7.0,25.35,7,80
7.0,25.35,7,80
7.0,25.35,7,80
7.0,25.35,7,80
7.0,25.35,7,80
7.0,25.35,7,80
6.0,21.6,6,80
6.0,21.6,6,80
6.0,21.6,6,80
6.0,21.6,6,80
6.0,21.6,6,80
6.0,21.6,6,80
5.0,12.15,5,80
5.0,12.15,5,80
4.0,9.6,4,80
4.0,9.6,4,80
4.0,9.6,4,80
4.0,9.6,4,80
4.0,9.6,4,80
4.0,9.6,4,80
4.0,9.6,4,80
4.0,9.6,4,80
4.0,9.6,4,80
4.0,9.6,4,80
4.0,9.6,4,80
4.0,9.6,4,80
4.0,9.6,4,80
4.0,9.6,4,80
4.0,9.6,4,80
4.0,9.6,4,80
4.0,9.6,4,80
4.0,9.6,4,80
4.0,9.6,4,80
4.0,9.6,4,80
4.0,9.6,4,80
4.0,9.6,4,80
4.0,9.6,4,80
4.0,9.6,4,80
4.0,9.6,4,80
4.0,9.6,4,80
4.0,9.6,4,80
4.0,9.6,4,80
4.0,9.6,4,80
4.0,9.6,4,80
4.0,9.6,4,80
4.0,9.6,4,80
4.0,9.6,4,80
4.0,9.6,4,80
4.0,9.6,4,80
4.0,9.6,4,80
4.0,9.6,4,80
4.0,9.6,4,80
4.0,9.6,4,80
4.0,9.6,4,80
0.0,60.0,340,81
0.0,60.0,280,81
0.0,60.0,220,81
0.0,60.0,160,81
0.0,60.0,100,81
0.0,60.0,40,81
0.0,60.0,0,81
30.0,33.75,30,81
40.0,38.400000000000006,40,81
60.0,48.6,60,81
70.0,126.15,70,81
60.0,240.0,60,81
100.0,240.0,100,81
120.0,595.35,120,81
130.0,1188.15,130,81
80.0,912.6,80,81
100.0,912.6,100,81
110.0,1500.0,110,81
271.0,2232.6000000000004,271,81
271.0,2574.15,271,81
271.0,2053.3500000000004,271,81
271.0,2053.3500000000004,271,81
271.0,2053.3500000000004,271,81
188.0,2053.3500000000004,188,81
206.0,2053.3500000000004,206,81
206.0,2269.3500000000004,206,81
210.0,2269.3500000000004,210,81
279.0,2940.0,279,81
284.0,3420.1500000000005,284,81
206.0,3936.6,206,81
224.0,3936.6,224,81
346.0,4183.35,346,81
352.0,4489.35,352,81
413.0,4593.75,413,81
418.0,4968.6,418,81
217.0,5358.150000000001,217,81
350.0,5358.150000000001,350,81
356.0,5645.400000000001,356,81
362.0,6427.35,362,81
432.0,7260.0,432,81
439.0,8004.150000000001,439,81
288.0,8930.400000000001,288,81
439.0,8930.400000000001,439,81
446.0,10140.0,446,81
518.0,11016.15,518,81
242.0,7729.35,242,81
242.0,7729.35,242,81
240.0,7729.35,240,81
242.0,7729.35,242,81
244.0,8073.6,244,81
240.0,8640.0,240,81
244.0,8640.0,244,81
244.0,9077.4,244,81
246.0,9077.4,246,81
240.0,9753.75,240,81
244.0,9753.75,244,81
110.0,9907.35,110,81
248.0,9907.35,248,81
248.0,10296.6,248,81
114.0,10296.6,114,81
116.0,10296.6,116,81
55.0,10533.75,55,81
116.0,10533.75,116,81
116.0,11016.15,116,81
116.0,11016.15,116,81
52.0,11016.15,52,81
116.0,11016.15,116,81
116.0,12098.4,116,81
116.0,12098.4,116,81
118.0,12098.4,118,81
134.0,12615.0,134,81
84.0,7392.6,84,81
80.0,7392.6,80,81
84.0,7392.6,84,81
88.0,7593.75,88,81
72.0,3840.0,72,81
43.0,2053.3500000000004,43,81
43.0,2053.3500000000004,43,81
71.0,2053.3500000000004,71,81
1.0,2306.4,1,81
71.0,2306.4,71,81
19.0,2457.6000000000004,19,81
71.0,2457.6000000000004,71,81
43.0,2613.6000000000004,43,81
79.0,2613.6000000000004,79,81
79.0,2774.4,79,81
63.0,2774.4,63,81
13.0,2774.4,13,81
65.0,2774.4,65,81
13.0,3197.4000000000005,13,81
66.0,3197.4000000000005,66,81
65.0,3650.400000000001,65,81
65.0,2856.6000000000004,65,81
14.0,2856.6000000000004,14,81
107.0,2856.6000000000004,107,81
12.0,3067.3500000000004,12,81
110.0,3067.3500000000004,110,81
57.0,2306.4,57,81
75.0,2306.4,75,81
109.0,2898.15,109,81
0.0,60.0,340,82
0.0,60.0,280,82
0.0,60.0,220,82
0.0,60.0,160,82
0.0,60.0,100,82
0.0,60.0,40,82
0.0,60.0,0,82
3.0,33.75,3,82
3.0,43.35,3,82
3.0,43.35,3,82
14.0,43.35,14,82
40.0,43.35,40,82
26.0,79.35000000000001,26,82
53.0,79.35000000000001,53,82
66.0,109.35,66,82
104.0,240.0,104,82
144.0,504.6,144,82
209.0,1033.35,209,82
259.0,1848.15,259,82
320.0,2306.4,320,82
337.0,2856.6000000000004,337,82
335.0,3511.3500000000004,335,82
335.0,3511.3500000000004,335,82
335.0,3511.3500000000004,335,82
335.0,3511.3500000000004,335,82
335.0,3511.3500000000004,335,82
335.0,3511.3500000000004,335,82
335.0,3511.3500000000004,335,82
335.0,3511.3500000000004,335,82
335.0,3511.3500000000004,335,82
335.0,3511.3500000000004,335,82
335.0,3511.3500000000004,335,82
335.0,3511.3500000000004,335,82
335.0,3511.3500000000004,335,82
335.0,3511.3500000000004,335,82
409.0,3511.3500000000004,409,82
476.0,3985.35,476,82
490.0,4699.35,490,82
552.0,5358.150000000001,552,82
567.0,5940.150000000001,567,82
584.0,6552.150000000001,584,82
490.0,4806.150000000001,490,82
490.0,4806.150000000001,490,82
490.0,4806.150000000001,490,82
490.0,4806.150000000001,490,82
490.0,4806.150000000001,490,82
490.0,4806.150000000001,490,82
490.0,4806.150000000001,490,82
490.0,4806.150000000001,490,82
490.0,4806.150000000001,490,82
490.0,4806.150000000001,490,82
490.0,4806.150000000001,490,82
490.0,4806.150000000001,490,82
490.0,4806.150000000001,490,82
490.0,4806.150000000001,490,82
490.0,4806.150000000001,490,82
490.0,4806.150000000001,490,82
462.0,2940.0,462,82
397.0,2733.75,397,82
397.0,2733.75,397,82
397.0,2733.75,397,82
397.0,2733.75,397,82
397.0,2733.75,397,82
397.0,2733.75,397,82
397.0,2733.75,397,82
397.0,2574.15,397,82
397.0,2574.15,397,82
397.0,2574.15,397,82
397.0,2574.15,397,82
397.0,2574.15,397,82
397.0,2496.15,397,82
397.0,2496.15,397,82
397.0,2496.15,397,82
397.0,2496.15,397,82
287.0,1215.0,287,82
287.0,1215.0,287,82
287.0,1215.0,287,82
287.0,1215.0,287,82
287.0,1215.0,287,82
287.0,1215.0,287,82
287.0,1215.0,287,82
208.0,614.4000000000001,208,82
208.0,614.4000000000001,208,82
208.0,614.4000000000001,208,82
208.0,614.4000000000001,208,82
208.0,614.4000000000001,208,82
208.0,614.4000000000001,208,82
208.0,614.4000000000001,208,82
208.0,614.4000000000001,208,82
208.0,614.4000000000001,208,82
208.0,614.4000000000001,208,82
208.0,614.4000000000001,208,82
208.0,614.4000000000001,208,82
208.0,614.4000000000001,208,82
208.0,614.4000000000001,208,82
208.0,614.4000000000001,208,82
208.0,614.4000000000001,208,82
208.0,614.4000000000001,208,82
157.0,360.15000000000003,157,82
157.0,360.15000000000003,157,82
0.0,60.0,340,83
0.0,60.0,280,83
104.75,33.75,351,83
77.15,144.15,284,83
21.15000000000001,144.15,161,83
56.150000000000006,144.15,73,83
49.0,144.15,49,83
42.0,144.15,42,83
35.0,144.15,35,83
24.0,144.15,24,83
44.0,144.15,44,83
55.0,173.4,55,83
55.0,205.35,55,83
55.0,205.35,55,83
55.0,205.35,55,83
44.0,126.15,44,83
44.0,126.15,44,83
44.0,126.15,44,83
44.0,126.15,44,83
44.0,126.15,44,83
44.0,126.15,44,83
44.0,126.15,44,83
44.0,126.15,44,83
44.0,126.15,44,83
44.0,126.15,44,83
44.0,126.15,44,83
44.0,126.15,44,83
44.0,126.15,44,83
44.0,126.15,44,83
44.0,126.15,44,83
44.0,126.15,44,83
44.0,126.15,44,83
44.0,126.15,44,83
44.0,126.15,44,83
44.0,126.15,44,83
44.0,126.15,44,83
44.0,126.15,44,83
37.0,101.4,37,83
37.0,101.4,37,83
37.0,101.4,37,83
37.0,101.4,37,83
37.0,101.4,37,83
37.0,101.4,37,83
37.0,101.4,37,83
37.0,101.4,37,83
36.0,93.75,36,83
36.0,93.75,36,83
36.0,93.75,36,83
36.0,93.75,36,83
36.0,93.75,36,83
36.0,93.75,36,83
36.0,93.75,36,83
36.0,93.75,36,83
36.0,93.75,36,83
36.0,93.75,36,83
36.0,93.75,36,83
36.0,93.75,36,83
36.0,93.75,36,83
36.0,93.75,36,83
36.0,93.75,36,83
22.0,43.35,22,83
22.0,43.35,22,83
22.0,43.35,22,83
22.0,43.35,22,83
22.0,43.35,22,83
22.0,43.35,22,83
22.0,43.35,22,83
22.0,43.35,22,83
22.0,43.35,22,83
22.0,29.4,22,83
22.0,29.4,22,83
22.0,29.4,22,83
22.0,29.4,22,83
22.0,29.4,22,83
22.0,29.4,22,83
22.0,29.4,22,83
22.0,29.4,22,83
22.0,29.4,22,83
22.0,29.4,22,83
22.0,29.4,22,83
22.0,29.4,22,83
22.0,29.4,22,83
22.0,29.4,22,83
22.0,29.4,22,83
22.0,29.4,22,83
22.0,29.4,22,83
21.15,18.15,25,83
13.15,12.15,26,83
15.0,15.0,26,83
15.0,15.0,26,83
10.6,9.6,27,83
10.6,9.6,28,83
10.6,9.6,29,83
10.6,9.6,30,83
10.15,12.15,28,83
10.15,12.15,26,83
10.15,12.15,24,83
10.15,12.15,22,83
10.15,12.15,20,83
10.15,12.15,18,83
0.0,60.0,340,84
12.0,60.0,292,84
6.0,60.0,238,84
7.0,60.0,185,84
5.0,60.0,130,84
4.349999999999994,43.35,91,84
4.350000000000001,43.35,52,84
4.350000000000001,43.35,13,84
4.0,43.35,4,84
3.0,43.35,3,84
4.0,43.35,4,84
4.0,29.4,4,84
4.0,29.4,4,84
2.0,29.4,2,84
15.0,29.4,15,84
19.0,43.35,19,84
24.0,66.15,24,84
29.0,109.35,29,84
35.0,163.35000000000002,35,84
39.0,205.35,39,84
45.0,303.75,45,84
55.0,421.35,55,84
69.0,673.35,69,84
89.0,1109.4,89,84
140.0,2053.3500000000004,140,84
161.0,2381.4,161,84
174.0,2774.4,174,84
167.0,3024.6000000000004,167,84
174.0,3024.6000000000004,174,84
167.0,3744.6,167,84
167.0,3744.6,167,84
167.0,3744.6,167,84
167.0,3744.6,167,84
167.0,3744.6,167,84
167.0,3744.6,167,84
174.0,2982.15,174,84
167.0,3557.4,167,84
167.0,3557.4,167,84
140.0,2269.3500000000004,140,84
140.0,2269.3500000000004,140,84
140.0,2269.3500000000004,140,84
140.0,2269.3500000000004,140,84
140.0,2269.3500000000004,140,84
140.0,2269.3500000000004,140,84
140.0,2269.3500000000004,140,84
140.0,2269.3500000000004,140,84
140.0,2269.3500000000004,140,84
140.0,2269.3500000000004,140,84
140.0,2269.3500000000004,140,84
140.0,2269.3500000000004,140,84
140.0,2269.3500000000004,140,84
140.0,2269.3500000000004,140,84
140.0,2269.3500000000004,140,84
140.0,1915.35,140,84
140.0,1915.35,140,84
140.0,1915.35,140,84
140.0,1915.35,140,84
140.0,1915.35,140,84
140.0,1915.35,140,84
140.0,1915.35,140,84
140.0,1915.35,140,84
90.0,1188.15,90,84
90.0,1188.15,90,84
60.0,540.0,60,84
75.0,540.0,75,84
109.0,1297.35,109,84
140.0,2306.4,140,84
161.0,2574.15,161,84
174.0,2856.6000000000004,174,84
167.0,3465.6000000000004,167,84
167.0,3465.6000000000004,167,84
167.0,3465.6000000000004,167,84
167.0,3465.6000000000004,167,84
167.0,3465.6000000000004,167,84
167.0,3465.6000000000004,167,84
167.0,3465.6000000000004,167,84
167.0,3465.6000000000004,167,84
167.0,3465.6000000000004,167,84
167.0,3465.6000000000004,167,84
167.0,3465.6000000000004,167,84
167.0,3465.6000000000004,167,84
140.0,1915.35,140,84
140.0,1915.35,140,84
140.0,1915.35,140,84
140.0,1915.35,140,84
140.0,1915.35,140,84
140.0,1915.35,140,84
133.0,1749.6,133,84
133.0,1749.6,133,84
133.0,1749.6,133,84
133.0,1749.6,133,84
133.0,1749.6,133,84
133.0,1749.6,133,84
133.0,1749.6,133,84
100.0,1500.0,100,84
100.0,1500.0,100,84
100.0,1500.0,100,84
100.0,1500.0,100,84
100.0,1500.0,100,84
100.0,1500.0,100,84
0.0,60.0,340,85
0.0,60.0,280,85
0.0,60.0,220,85
0.0,60.0,160,85
0.0,29.4,130,85
0.0,29.4,101,85
39.20000000000002,29.4,111,85
39.400000000000006,29.4,121,85
39.400000000000006,29.4,131,85
39.400000000000006,29.4,141,85
39.400000000000006,29.4,151,85
39.400000000000006,29.4,161,85
13.400000000000006,29.4,145,85
26.40000000000001,29.4,142,85
26.40000000000001,29.4,139,85
26.40000000000001,29.4,136,85
13.400000000000006,29.4,120,85
13.400000000000006,29.4,104,85
46.400000000000006,29.4,121,85
46.400000000000006,29.4,138,85
46.400000000000006,29.4,155,85
10.400000000000006,29.4,136,85
50.400000000000006,29.4,157,85
50.400000000000006,29.4,178,85
50.400000000000006,38.400000000000006,190,85
53.6,48.6,195,85
53.6,48.6,200,85
53.6,48.6,205,85
49.6,48.6,206,85
54.150000000000006,54.150000000000006,206,85
37.150000000000006,54.150000000000006,189,85
54.150000000000006,54.150000000000006,189,85
54.150000000000006,54.150000000000006,189,85
54.150000000000006,54.150000000000006,189,85
54.150000000000006,54.150000000000006,189,85
54.150000000000006,54.150000000000006,189,85
54.150000000000006,54.150000000000006,189,85
54.150000000000006,54.150000000000006,189,85
23.15000000000001,54.150000000000006,158,85
54.150000000000006,54.150000000000006,158,85
54.150000000000006,54.150000000000006,158,85
54.150000000000006,54.150000000000006,158,85
37.150000000000006,54.150000000000006,141,85
54.150000000000006,54.150000000000006,141,85
54.150000000000006,54.150000000000006,141,85
54.150000000000006,54.150000000000006,141,85
54.150000000000006,54.150000000000006,141,85
54.150000000000006,54.150000000000006,141,85
54.150000000000006,54.150000000000006,141,85
54.150000000000006,54.150000000000006,141,85
54.150000000000006,54.150000000000006,141,85
0.0,54.150000000000006,86,85
54.30000000000001,54.150000000000006,87,85
0.0,66.15,20,85
54.0,66.15,54,85
64.0,86.4,64,85
92.0,153.60000000000002,92,85
92.0,240.0,92,85
92.0,240.0,92,85
92.0,240.0,92,85
92.0,240.0,92,85
69.0,240.0,69,85
96.0,240.0,96,85
120.0,375.0,120,85
48.0,558.1500000000001,48,85
120.0,558.1500000000001,120,85
144.0,799.3500000000001,144,85
179.0,1188.15,179,85
238.0,1782.15,238,85
240.0,1983.75,240,85
232.0,2124.15,232,85
238.0,2124.15,238,85
238.0,2306.4,238,85
244.0,2306.4,244,85
120.0,2574.15,120,85
246.0,2574.15,246,85
244.0,2381.4,244,85
238.0,2381.4,238,85
344.0,2381.4,344,85
350.0,2774.4,350,85
292.0,3067.3500000000004,292,85
294.0,3024.6000000000004,294,85
370.0,3153.75,370,85
318.0,3330.15,318,85
311.0,3330.15,311,85
311.0,3330.15,311,85
262.0,3330.15,262,85
100.0,3330.15,100,85
259.0,3330.15,259,85
262.0,2982.15,262,85
266.0,3197.4000000000005,266,85
262.0,3511.3500000000004,262,85
35.0,2269.3500000000004,35,85
125.0,2269.3500000000004,125,85
182.0,2898.15,182,85
133.0,3375.0,133,85
36.0,3375.0,36,85
133.0,3375.0,133,85
133.0,3511.3500000000004,133,85
133.0,3511.3500000000004,133,85
0.0,60.0,340,86
0.0,60.0,280,86
0.0,60.0,220,86
0.0,60.0,160,86
0.0,60.0,100,86
0.0,60.0,40,86
0.0,60.0,0,86
0.0,33.75,0,86
0.0,21.6,0,86
0.0,12.15,0,86
0.0,3.75,0,86
0.0,2.4000000000000004,0,86
0.0,1.35,0,86
0.0,0.6000000000000001,0,86
0.0,0.15,0,86
0.0,60.0,340,87
0.0,60.0,280,87
91.0,60.0,311,87
112.0,60.0,363,87
96.0,60.0,399,87
31.399999999999977,38.400000000000006,392,87
50.39999999999998,38.400000000000006,404,87
15.399999999999975,38.400000000000006,381,87
71.39999999999998,38.400000000000006,414,87
71.39999999999998,38.400000000000006,447,87
58.39999999999998,38.400000000000006,467,87
71.39999999999998,38.400000000000006,500,87
83.60000000000002,48.6,535,87
86.14999999999998,54.150000000000006,567,87
86.39999999999998,86.4,567,87
111.39999999999998,86.4,592,87
114.35000000000002,109.35,597,87
142.35000000000002,163.35000000000002,576,87
142.35000000000002,163.35000000000002,555,87
142.35000000000002,163.35000000000002,534,87
62.35000000000002,163.35000000000002,433,87
77.35000000000002,163.35000000000002,347,87
77.35000000000002,163.35000000000002,261,87
77.35000000000002,163.35000000000002,175,87
77.35000000000002,163.35000000000002,89,87
78.0,163.35000000000002,78,87
78.0,163.35000000000002,78,87
33.0,163.35000000000002,33,87
48.0,86.4,48,87
48.0,101.4,48,87
30.0,101.4,30,87
75.0,101.4,75,87
84.0,126.15,84,87
75.0,153.60000000000002,75,87
84.0,153.60000000000002,84,87
99.0,216.6,99,87
120.0,290.40000000000003,120,87
132.0,405.6,132,87
147.0,487.35,147,87
171.0,633.75,171,87
192.0,756.1500000000001,192,87
204.0,912.6,204,87
195.0,1058.4,195,87
219.0,1058.4,219,87
252.0,1560.6,252,87
242.0,2160.0,242,87
242.0,2160.0,242,87
240.0,2160.0,240,87
228.0,2160.0,228,87
218.0,2160.0,218,87
224.0,2160.0,224,87
228.0,2343.75,228,87
169.0,2535.0,169,87
230.0,2535.0,230,87
171.0,2733.75,171,87
171.0,2733.75,171,87
174.0,2733.75,174,87
127.0,2940.0,127,87
175.0,2940.0,175,87
175.0,3241.3500000000004,175,87
99.0,1749.6,99,87
126.0,1749.6,126,87
60.0,1782.15,60,87
120.0,1782.15,120,87
128.0,2124.15,128,87
128.0,2232.6000000000004,128,87
112.0,2232.6000000000004,112,87
100.0,2232.6000000000004,100,87
42.0,2232.6000000000004,42,87
100.0,2232.6000000000004,100,87
63.0,2343.75,63,87
42.0,2343.75,42,87
84.0,1353.75,84,87
98.0,1782.15,98,87
93.0,1848.15,93,87
84.0,1848.15,84,87
98.0,1848.15,98,87
84.0,1949.4,84,87
98.0,1949.4,98,87
9.0,2018.4,9,87
99.0,2018.4,99,87
96.0,2053.3500000000004,96,87
99.0,2053.3500000000004,99,87
100.0,2124.15,100,87
100.0,2306.4,100,87
0.0,2306.4,0,87
84.0,1297.35,84,87
72.0,1653.75,72,87
84.0,1382.4,84,87
132.0,1881.6,132,87
159.0,2381.4,159,87
99.0,1440.6,99,87
75.0,1058.4,75,87
99.0,1058.4,99,87
132.0,1411.35,132,87
99.0,1440.6,99,87
132.0,1440.6,132,87
108.0,1749.6,108,87
0.0,1749.6,0,87
99.0,984.15,99,87
0.0,60.0,340,88
0.0,60.0,280,88
108.0,60.0,328,88
152.4,173.4,307,88
116.4,173.4,250,88
98.4,173.4,175,88
26.40000000000001,173.4,28,88
54.0,173.4,54,88
63.0,194.4,63,88
63.0,228.15000000000003,63,88
63.0,228.15000000000003,63,88
63.0,228.15000000000003,63,88
45.0,228.15000000000003,45,88
45.0,228.15000000000003,45,88
18.0,228.15000000000003,18,88
36.0,228.15000000000003,36,88
52.0,317.40000000000003,52,88
78.0,437.4,78,88
87.0,576.6,87,88
113.0,960.0,113,88
74.0,1297.35,74,88
91.0,1135.35,91,88
218.0,1560.6,218,88
218.0,1591.35,218,88
125.0,1591.35,125,88
79.0,1591.35,79,88
157.0,1591.35,157,88
161.0,1411.35,161,88
157.0,1749.6,157,88
161.0,1749.6,161,88
207.0,2381.4,207,88
203.0,2574.15,203,88
271.0,2574.15,271,88
81.0,1848.15,81,88
217.0,1848.15,217,88
216.0,2053.3500000000004,216,88
55.0,2053.3500000000004,55,88
260.0,2053.3500000000004,260,88
266.0,2160.0,266,88
175.0,1622.4,175,88
272.0,1622.4,272,88
214.0,2053.3500000000004,214,88
390.0,2053.3500000000004,390,88
399.0,2160.0,399,88
399.0,2269.3500000000004,399,88
399.0,2269.3500000000004,399,88
10.0,2269.3500000000004,10,88
284.0,1242.15,284,88
187.0,1560.6,187,88
205.0,1560.6,205,88
214.0,1782.15,214,88
214.0,2053.3500000000004,214,88
404.0,2053.3500000000004,404,88
341.0,2053.3500000000004,341,88
354.0,2053.3500000000004,354,88
355.0,2124.15,355,88
383.0,2232.6000000000004,383,88
263.0,2457.6000000000004,263,88
388.0,2457.6000000000004,388,88
393.0,2733.75,393,88
449.0,3197.4000000000005,449,88
292.0,3465.6000000000004,292,88
389.0,3465.6000000000004,389,88
405.0,3603.75,405,88
406.0,3792.15,406,88
300.0,4034.400000000001,300,88
403.0,4034.400000000001,403,88
411.0,4133.400000000001,411,88
308.0,4335.0,308,88
411.0,4335.0,411,88
407.0,4593.75,407,88
92.0,4593.75,92,88
466.0,4593.75,466,88
377.0,4752.6,377,88
376.0,4752.6,376,88
312.0,4752.6,312,88
430.0,4752.6,430,88
122.0,4968.6,122,88
432.0,4968.6,432,88
376.0,3792.15,376,88
217.0,3792.15,217,88
376.0,3792.15,376,88
412.0,3888.150000000001,412,88
377.0,4034.400000000001,377,88
377.0,4034.400000000001,377,88
294.0,4034.400000000001,294,88
256.0,4034.400000000001,256,88
445.0,4034.400000000001,445,88
86.0,4233.6,86,88
365.0,2815.3500000000004,365,88
320.0,2856.6000000000004,320,88
343.0,2856.6000000000004,343,88
365.0,2982.15,365,88
366.0,3067.3500000000004,366,88
368.0,3153.75,368,88
435.0,3241.3500000000004,435,88
336.0,3420.1500000000005,336,88
218.0,3420.1500000000005,218,88
221.0,3420.1500000000005,221,88
380.0,3697.35,380,88
0.0,60.0,340,89
0.0,60.0,280,89
120.0,60.0,340,89
109.60000000000002,72.60000000000001,377,89
110.35000000000002,163.35000000000002,324,89
100.35000000000002,163.35000000000002,261,89
70.35000000000002,163.35000000000002,168,89
60.35000000000002,163.35000000000002,65,89
60.0,163.35000000000002,60,89
60.0,163.35000000000002,60,89
60.0,163.35000000000002,60,89
40.0,163.35000000000002,40,89
50.0,163.35000000000002,50,89
40.0,173.4,40,89
40.0,173.4,40,89
40.0,173.4,40,89
40.0,173.4,40,89
40.0,173.4,40,89
30.0,173.4,30,89
40.0,173.4,40,89
40.0,216.6,40,89
44.0,216.6,44,89
43.0,277.35,43,89
44.0,277.35,44,89
55.0,360.15000000000003,55,89
55.0,437.4,55,89
33.0,437.4,33,89
55.0,437.4,55,89
65.0,576.6,65,89
66.0,756.1500000000001,66,89
76.0,936.15,76,89
161.0,1188.15,161,89
195.0,1685.4,195,89
224.0,2306.4,224,89
230.0,2381.4,230,89
232.0,2574.15,232,89
228.0,2733.75,228,89
232.0,2733.75,232,89
171.0,2856.6000000000004,171,89
234.0,2856.6000000000004,234,89
236.0,3067.3500000000004,236,89
232.0,3375.0,232,89
178.0,3375.0,178,89
178.0,3375.0,178,89
178.0,3375.0,178,89
232.0,3375.0,232,89
178.0,3557.4,178,89
178.0,3557.4,178,89
178.0,3557.4,178,89
125.0,3557.4,125,89
236.0,3557.4,236,89
171.0,3557.4,171,89
171.0,3557.4,171,89
178.0,3557.4,178,89
234.0,3697.35,234,89
281.0,3792.15,281,89
280.0,4083.75,280,89
280.0,4083.75,280,89
280.0,4083.75,280,89
275.0,4083.75,275,89
287.0,4083.75,287,89
281.0,4233.6,281,89
340.0,4233.6,340,89
340.0,4386.150000000001,340,89
340.0,4386.150000000001,340,89
340.0,4386.150000000001,340,89
283.0,4386.150000000001,283,89
328.0,4386.150000000001,328,89
359.0,4437.6,359,89
362.0,4699.35,362,89
362.0,4860.0,362,89
362.0,4860.0,362,89
362.0,4860.0,362,89
355.0,4335.0,355,89
290.0,4335.0,290,89
355.0,4335.0,355,89
359.0,4541.400000000001,359,89
290.0,4646.400000000001,290,89
354.0,4646.400000000001,354,89
217.0,5023.35,217,89
354.0,5023.35,354,89
354.0,5301.6,354,89
354.0,5301.6,354,89
354.0,5301.6,354,89
344.0,5301.6,344,89
347.0,5301.6,347,89
406.0,5587.35,406,89
406.0,5703.75,406,89
406.0,5703.75,406,89
200.0,5703.75,200,89
351.0,5703.75,351,89
406.0,6060.150000000001,406,89
347.0,6120.6,347,89
351.0,6120.6,351,89
360.0,6552.150000000001,360,89
416.0,6741.6,416,89
351.0,6933.75,351,89
360.0,6933.75,360,89
416.0,7260.0,416,89
416.0,7392.6,416,89
0.0,60.0,340,90
0.0,60.0,280,90
18.0,60.0,238,90
12.0,60.0,190,90
18.0,60.0,148,90
18.0,60.0,106,90
18.0,60.0,64,90
18.0,60.0,22,90
15.0,60.0,15,90
18.0,60.0,18,90
24.0,93.75,24,90
15.0,135.0,15,90
6.0,135.0,6,90
6.0,135.0,6,90
9.0,135.0,9,90
12.0,163.35000000000002,12,90
28.0,144.15,28,90
21.0,216.6,21,90
80.0,216.6,80,90
60.0,135.0,60,90
47.0,135.0,47,90
60.0,135.0,60,90
40.0,205.35,40,90
64.0,109.35,64,90
10.0,135.0,10,90
45.0,135.0,45,90
97.0,183.75,97,90
104.0,277.35,104,90
45.0,405.6,45,90
152.0,405.6,152,90
63.0,633.75,63,90
173.0,633.75,173,90
116.0,453.75,116,90
127.0,453.75,127,90
105.0,277.35,105,90
105.0,277.35,105,90
57.0,277.35,57,90
105.0,277.35,105,90
123.0,437.4,123,90
151.0,614.4000000000001,151,90
193.0,936.15,193,90
109.0,1215.0,109,90
158.0,799.3500000000001,158,90
186.0,984.15,186,90
49.0,1161.6,49,90
173.0,1161.6,173,90
166.0,1382.4,166,90
155.0,1269.6,155,90
186.0,1269.6,186,90
148.0,1749.6,148,90
175.0,1749.6,175,90
155.0,1881.6,155,90
60.0,1881.6,60,90
167.0,1881.6,167,90
163.0,2535.0,163,90
102.0,2535.0,102,90
136.0,2535.0,136,90
165.0,2613.6000000000004,165,90
134.0,2856.6000000000004,134,90
50.0,2856.6000000000004,50,90
139.0,2856.6000000000004,139,90
134.0,3024.6000000000004,134,90
73.0,3024.6000000000004,73,90
139.0,3024.6000000000004,139,90
134.0,3153.75,134,90
37.0,3153.75,37,90
192.0,3153.75,192,90
192.0,3241.3500000000004,192,90
192.0,3241.3500000000004,192,90
190.0,3241.3500000000004,190,90
70.0,3241.3500000000004,70,90
37.0,3241.3500000000004,37,90
192.0,3241.3500000000004,192,90
162.0,3465.6000000000004,162,90
168.0,3465.6000000000004,168,90
178.0,3557.4,178,90
72.0,3840.0,72,90
202.0,3840.0,202,90
170.0,2124.15,170,90
170.0,2124.15,170,90
170.0,2124.15,170,90
170.0,2124.15,170,90
140.0,2124.15,140,90
79.0,1215.0,79,90
140.0,1215.0,140,90
189.0,1915.35,189,90
191.0,2088.6000000000004,191,90
4.0,2306.4,4,90
34.0,2306.4,34,90
124.0,2419.3500000000004,124,90
37.0,3153.75,37,90
134.0,3153.75,134,90
141.0,3330.15,141,90
141.0,3557.4,141,90
136.0,3557.4,136,90
133.0,3557.4,133,90
38.0,3557.4,38,90
170.0,3557.4,170,90
180.0,3840.0,180,90
34.0,4233.6,34,90
0.0,60.0,340,91
0.0,60.0,280,91
0.0,60.0,220,91
0.0,60.0,160,91
0.0,60.0,100,91
0.0,60.0,40,91
0.0,60.0,0,91
0.0,33.75,0,91
9.0,21.6,9,91
6.0,33.75,6,91
36.0,33.75,36,91
45.0,48.6,45,91
48.0,54.150000000000006,48,91
9.0,66.15,9,91
36.0,66.15,36,91
45.0,86.4,45,91
48.0,109.35,48,91
45.0,135.0,45,91
48.0,135.0,48,91
45.0,163.35000000000002,45,91
45.0,163.35000000000002,45,91
45.0,163.35000000000002,45,91
45.0,163.35000000000002,45,91
33.0,163.35000000000002,33,91
84.0,163.35000000000002,84,91
88.0,194.4,88,91
97.0,240.0,97,91
97.0,290.40000000000003,97,91
66.0,109.35,66,91
43.150000000000006,54.150000000000006,55,91
21.15000000000001,54.150000000000006,22,91
44.0,54.150000000000006,44,91
9.0,93.75,9,91
53.0,93.75,53,91
53.0,117.6,53,91
53.0,117.6,53,91
53.0,117.6,53,91
44.0,117.6,44,91
53.0,117.6,53,91
66.0,163.35000000000002,66,91
53.0,216.6,53,91
87.0,216.6,87,91
100.0,277.35,100,91
113.0,360.15000000000003,113,91
130.0,470.4,130,91
100.0,633.75,100,91
139.0,633.75,139,91
156.0,821.4000000000001,156,91
139.0,673.35,139,91
52.0,673.35,52,91
113.0,673.35,113,91
130.0,777.5999999999999,130,91
139.0,984.15,139,91
156.0,1135.35,156,91
165.0,1325.4,165,91
82.0,1530.15,82,91
68.0,576.6,68,91
68.0,453.75,68,91
68.0,453.75,68,91
51.0,453.75,51,91
68.0,453.75,68,91
68.0,633.75,68,91
85.0,633.75,85,91
102.0,984.15,102,91
119.0,1440.6,119,91
84.0,1815.0,84,91
64.0,1815.0,64,91
84.0,1815.0,84,91
81.0,1109.4,81,91
163.0,1109.4,163,91
163.0,960.0,163,91
73.0,576.6,73,91
128.0,576.6,128,91
145.0,799.3500000000001,145,91
165.0,1033.35,165,91
181.0,1215.0,181,91
219.0,1560.6,219,91
219.0,1685.4,219,91
219.0,1685.4,219,91
219.0,1685.4,219,91
219.0,1685.4,219,91
181.0,1685.4,181,91
219.0,1685.4,219,91
219.0,1848.15,219,91
132.0,1848.15,132,91
224.0,1848.15,224,91
227.0,2018.4,227,91
79.0,2269.3500000000004,79,91
227.0,2269.3500000000004,227,91
165.0,2419.3500000000004,165,91
273.0,2419.3500000000004,273,91
67.0,2613.6000000000004,67,91
181.0,1297.35,181,91
198.0,1653.75,198,91
190.0,1749.6,190,91
203.0,1749.6,203,91
203.0,1749.6,203,91
203.0,1749.6,203,91
203.0,1749.6,203,91
193.0,1500.0,193,91
0.0,60.0,340,92
0.0,60.0,280,92
63.35,43.35,300,92
56.35000000000002,43.35,313,92
49.35000000000002,43.35,319,92
62.60000000000002,48.6,333,92
55.75,93.75,295,92
13.75,93.75,215,92
14.400000000000006,38.400000000000006,191,92
28.40000000000001,38.400000000000006,181,92
20.75,33.75,168,92
20.75,33.75,155,92
20.75,33.75,142,92
20.75,33.75,129,92
21.349999999999994,25.35,125,92
21.349999999999994,25.35,121,92
21.349999999999994,25.35,117,92
21.349999999999994,25.35,113,92
21.349999999999994,25.35,109,92
14.150000000000006,12.15,111,92
14.150000000000006,18.15,107,92
14.150000000000006,18.15,103,92
14.150000000000006,18.15,99,92
14.150000000000006,18.15,95,92
14.150000000000006,18.15,91,92
14.150000000000006,18.15,87,92
0.0,18.15,68,92
0.0,18.15,50,92
0.0,18.15,32,92
0.0,18.15,14,92
0.0,18.15,0,92
0.0,12.15,0,92
0.0,7.35,0,92
0.0,5.4,0,92
6.0,3.75,6,92
5.4,5.4,6,92
5.4,5.4,6,92
5.4,5.4,6,92
5.4,5.4,6,92
5.4,5.4,6,92
5.4,5.4,6,92
5.4,5.4,6,92
5.4,5.4,6,92
5.4,5.4,6,92
5.4,5.4,6,92
5.4,5.4,6,92
5.4,5.4,6,92
5.4,5.4,6,92
5.4,5.4,6,92
5.4,5.4,6,92
5.4,5.4,6,92
5.4,5.4,6,92
5.4,5.4,6,92
5.4,5.4,6,92
5.4,5.4,6,92
5.4,5.4,6,92
5.4,5.4,6,92
5.4,5.4,6,92
5.4,5.4,6,92
5.4,5.4,6,92
5.4,5.4,6,92
5.4,5.4,6,92
5.4,5.4,6,92
5.4,5.4,6,92
5.4,5.4,6,92
5.4,5.4,6,92
5.4,5.4,6,92
5.4,5.4,6,92
5.4,5.4,6,92
5.4,5.4,6,92
5.4,5.4,6,92
5.4,5.4,6,92
5.4,5.4,6,92
5.4,5.4,6,92
5.4,5.4,6,92
5.4,5.4,6,92
5.4,5.4,6,92
5.4,5.4,6,92
5.4,5.4,6,92
5.4,5.4,6,92
5.4,5.4,6,92
5.4,5.4,6,92
11.4,5.4,12,92
11.35,7.35,16,92
11.6,9.6,18,92
11.4,5.4,24,92
18.0,15.0,27,92
17.6,21.6,23,92
17.6,21.6,19,92
18.0,21.6,18,92
18.0,21.6,18,92
18.0,21.6,18,92
18.0,21.6,18,92
18.0,21.6,18,92
18.0,21.6,18,92
18.0,21.6,18,92
18.0,21.6,18,92
18.0,18.15,18,92
18.0,18.15,18,92
18.0,18.15,18,92
0.0,60.0,340,93
0.0,25.35,314,93
0.0,25.35,289,93
0.0,25.35,263,93
0.0,25.35,238,93
0.0,25.35,213,93
0.0,25.35,187,93
0.0,25.35,162,93
0.0,25.35,137,93
0.0,25.35,111,93
0.0,25.35,86,93
0.0,25.35,61,93
8.200000000000031,25.35,44,93
8.350000000000001,25.35,27,93
8.350000000000001,25.35,10,93
9.0,25.35,9,93
9.0,25.35,9,93
9.0,25.35,9,93
9.0,25.35,9,93
9.0,25.35,9,93
9.0,25.35,9,93
9.0,25.35,9,93
9.0,25.35,9,93
6.0,9.6,6,93
6.0,9.6,6,93
6.0,9.6,6,93
6.0,9.6,6,93
6.0,9.6,6,93
6.0,9.6,6,93
6.0,9.6,6,93
6.0,9.6,6,93
6.0,9.6,6,93
2.75,3.75,5,93
2.75,3.75,4,93
2.75,3.75,3,93
3.0,3.75,3,93
3.0,3.75,3,93
3.0,3.75,3,93
3.0,3.75,3,93
3.0,3.75,3,93
3.0,3.75,3,93
3.0,3.75,3,93
3.0,3.75,3,93
3.0,3.75,3,93
3.0,3.75,3,93
3.0,3.75,3,93
3.0,3.75,3,93
3.0,3.75,3,93
3.0,3.75,3,93
3.0,3.75,3,93
3.0,3.75,3,93
3.0,3.75,3,93
2.35,1.35,4,93
2.35,1.35,5,93
2.35,1.35,6,93
2.4000000000000004,2.4000000000000004,6,93
2.4000000000000004,2.4000000000000004,6,93
2.4000000000000004,2.4000000000000004,6,93
2.4000000000000004,2.4000000000000004,6,93
2.4000000000000004,2.4000000000000004,6,93
2.4000000000000004,2.4000000000000004,6,93
2.4000000000000004,2.4000000000000004,6,93
2.4000000000000004,2.4000000000000004,6,93
2.4000000000000004,2.4000000000000004,6,93
2.4000000000000004,2.4000000000000004,6,93
2.4000000000000004,2.4000000000000004,6,93
2.4000000000000004,2.4000000000000004,6,93
2.4000000000000004,2.4000000000000004,6,93
2.4000000000000004,2.4000000000000004,6,93
2.4000000000000004,2.4000000000000004,6,93
2.4000000000000004,2.4000000000000004,6,93
2.4000000000000004,2.4000000000000004,6,93
2.35,1.35,7,93
2.4000000000000004,2.4000000000000004,7,93
2.4000000000000004,2.4000000000000004,7,93
2.4000000000000004,2.4000000000000004,7,93
2.4000000000000004,2.4000000000000004,7,93
2.4000000000000004,2.4000000000000004,7,93
2.4000000000000004,2.4000000000000004,7,93
2.4000000000000004,2.4000000000000004,7,93
2.4000000000000004,2.4000000000000004,7,93
2.4000000000000004,2.4000000000000004,7,93
2.4000000000000004,2.4000000000000004,7,93
2.4000000000000004,2.4000000000000004,7,93
2.4000000000000004,2.4000000000000004,7,93
2.4000000000000004,2.4000000000000004,7,93
2.4000000000000004,2.4000000000000004,7,93
2.4000000000000004,2.4000000000000004,7,93
2.35,1.35,8,93
2.35,1.35,9,93
2.4000000000000004,2.4000000000000004,9,93
2.4000000000000004,2.4000000000000004,9,93
2.35,1.35,10,93
2.35,1.35,11,93
2.4000000000000004,2.4000000000000004,11,93
2.4000000000000004,2.4000000000000004,11,93
2.4000000000000004,2.4000000000000004,11,93
2.4000000000000004,2.4000000000000004,11,93
2.4000000000000004,2.4000000000000004,11,93
2.4000000000000004,2.4000000000000004,11,93
0.0,60.0,340,94
0.0,60.0,280,94
0.0,60.0,220,94
0.0,60.0,160,94
10.0,60.0,110,94
10.0,60.0,60,94
7.0,60.0,7,94
4.0,60.0,4,94
5.0,60.0,5,94
6.0,79.35000000000001,6,94
1.0,93.75,1,94
5.0,93.75,5,94
5.0,93.75,5,94
5.0,93.75,5,94
5.0,93.75,5,94
5.0,93.75,5,94
4.0,93.75,4,94
5.0,93.75,5,94
6.0,153.60000000000002,6,94
6.0,252.15000000000003,6,94
6.0,252.15000000000003,6,94
5.0,252.15000000000003,5,94
0.0,252.15000000000003,0,94
20.0,144.15,20,94
21.0,216.6,21,94
20.0,303.75,20,94
25.0,303.75,25,94
30.0,504.6,30,94
35.0,614.4000000000001,35,94
35.0,912.6,35,94
40.0,912.6,40,94
45.0,1188.15,45,94
63.0,1782.15,63,94
50.0,1983.75,50,94
158.0,1983.75,158,94
351.0,2693.4,351,94
373.0,2940.0,373,94
420.0,3197.4000000000005,420,94
349.0,3511.3500000000004,349,94
420.0,3511.3500000000004,420,94
216.0,3840.0,216,94
284.0,3840.0,284,94
278.0,4083.75,278,94
314.0,4083.75,314,94
210.0,1749.6,210,94
252.0,1749.6,252,94
294.0,1881.6,294,94
296.0,2018.4,296,94
90.0,2124.15,90,94
255.0,2124.15,255,94
298.0,2232.6000000000004,298,94
300.0,2496.15,300,94
306.0,2693.4,306,94
300.0,2898.15,300,94
306.0,2898.15,306,94
306.0,3153.75,306,94
308.0,3153.75,308,94
257.0,2381.4,257,94
257.0,2381.4,257,94
231.0,2381.4,231,94
257.0,2381.4,257,94
257.0,2535.0,257,94
243.0,2535.0,243,94
243.0,2535.0,243,94
243.0,2535.0,243,94
240.0,2535.0,240,94
243.0,2535.0,243,94
145.0,1353.75,145,94
174.0,1353.75,174,94
238.0,1848.15,238,94
211.0,1530.15,211,94
211.0,1530.15,211,94
119.0,1530.15,119,94
197.0,1530.15,197,94
197.0,1591.35,197,94
156.0,799.3500000000001,156,94
156.0,799.3500000000001,156,94
156.0,799.3500000000001,156,94
156.0,799.3500000000001,156,94
156.0,799.3500000000001,156,94
156.0,799.3500000000001,156,94
120.0,799.3500000000001,120,94
156.0,799.3500000000001,156,94
185.0,1008.6,185,94
198.0,1297.35,198,94
197.0,1622.4,197,94
197.0,1622.4,197,94
197.0,1622.4,197,94
197.0,1622.4,197,94
192.0,1622.4,192,94
252.0,1622.4,252,94
252.0,1653.75,252,94
275.0,1411.35,275,94
345.0,1983.75,345,94
347.0,2053.3500000000004,347,94
322.0,2124.15,322,94
348.0,2124.15,348,94
314.0,1685.4,314,94
314.0,1685.4,314,94
314.0,1685.4,314,94
0.0,60.0,340,95
0.0,60.0,280,95
0.0,60.0,220,95
0.0,60.0,160,95
0.0,60.0,100,95
0.0,60.0,40,95
0.0,60.0,0,95
0.0,33.75,0,95
36.0,21.6,36,95
35.6,21.6,50,95
35.6,21.6,64,95
35.6,21.6,78,95
35.6,21.6,92,95
35.599999999999994,21.6,106,95
35.599999999999994,21.6,120,95
23.599999999999994,21.6,122,95
23.599999999999994,21.6,124,95
23.599999999999994,21.6,126,95
23.599999999999994,21.6,128,95
23.599999999999994,21.6,130,95
23.599999999999994,21.6,132,95
23.15000000000001,12.15,143,95
23.15000000000001,12.15,154,95
23.15000000000001,12.15,165,95
23.15000000000001,12.15,176,95
23.15000000000001,12.15,187,95
0.0,5.4,181,95
11.800000000000011,5.4,188,95
11.400000000000006,5.4,194,95
11.400000000000006,5.4,200,95
11.400000000000006,5.4,206,95
11.400000000000006,5.4,212,95
11.400000000000006,5.4,218,95
11.400000000000006,2.4000000000000004,227,95
11.400000000000006,2.4000000000000004,236,95
11.400000000000006,2.4000000000000004,245,95
0.0,2.4000000000000004,242,95
11.800000000000011,2.4000000000000004,252,95
11.400000000000006,2.4000000000000004,261,95
11.399999999999975,2.4000000000000004,270,95
11.399999999999975,2.4000000000000004,279,95
11.399999999999975,2.4000000000000004,288,95
11.399999999999975,2.4000000000000004,297,95
11.399999999999975,2.4000000000000004,306,95
11.399999999999975,2.4000000000000004,315,95
11.399999999999975,2.4000000000000004,324,95
11.399999999999975,2.4000000000000004,333,95
11.399999999999975,2.4000000000000004,342,95
11.399999999999975,2.4000000000000004,351,95
11.399999999999975,2.4000000000000004,360,95
11.399999999999975,2.4000000000000004,369,95
11.399999999999975,2.4000000000000004,378,95
11.399999999999975,2.4000000000000004,387,95
11.399999999999975,2.4000000000000004,396,95
11.399999999999975,2.4000000000000004,405,95
11.399999999999975,2.4000000000000004,414,95
11.399999999999975,2.4000000000000004,423,95
11.399999999999975,2.4000000000000004,432,95
11.399999999999975,2.4000000000000004,441,95
11.399999999999975,2.4000000000000004,450,95
11.399999999999975,2.4000000000000004,459,95
11.350000000000025,1.35,469,95
11.350000000000025,1.35,479,95
11.350000000000025,1.35,489,95
11.350000000000025,1.35,499,95
11.350000000000025,1.35,509,95
11.350000000000025,1.35,519,95
11.350000000000025,1.35,529,95
11.350000000000025,1.35,539,95
11.350000000000025,1.35,549,95
11.350000000000025,1.35,559,95
11.350000000000025,1.35,569,95
11.350000000000025,1.35,579,95
11.350000000000025,1.35,589,95
11.350000000000025,1.35,599,95
11.350000000000025,1.35,609,95
0.0,0.6000000000000001,608,95
0.0,0.6000000000000001,607,95
0.0,0.6000000000000001,607,95
0.0,0.6000000000000001,606,95
0.0,0.6000000000000001,605,95
0.0,0.6000000000000001,605,95
0.0,0.6000000000000001,604,95
0.0,0.6000000000000001,604,95
0.0,0.6000000000000001,603,95
0.0,0.6000000000000001,602,95
0.0,0.6000000000000001,602,95
0.0,0.6000000000000001,601,95
0.0,0.6000000000000001,601,95
0.0,0.6000000000000001,600,95
0.0,0.6000000000000001,599,95
0.0,0.6000000000000001,599,95
0.0,0.6000000000000001,598,95
0.0,0.6000000000000001,598,95
0.0,0.6000000000000001,597,95
0.0,0.6000000000000001,596,95
0.0,0.6000000000000001,596,95
0.0,0.6000000000000001,595,95
0.0,0.6000000000000001,595,95
0.0,0.6000000000000001,594,95
0.0,60.0,340,96
0.0,60.0,280,96
0.0,60.0,220,96
0.0,60.0,160,96
0.0,60.0,100,96
36.0,60.0,76,96
27.0,60.0,43,96
54.0,60.0,54,96
30.0,60.0,30,96
24.0,60.0,24,96
53.0,60.0,53,96
47.0,60.0,47,96
53.0,60.0,53,96
53.0,72.60000000000001,53,96
53.0,72.60000000000001,53,96
53.0,72.60000000000001,53,96
53.0,72.60000000000001,53,96
53.0,72.60000000000001,53,96
53.0,72.60000000000001,53,96
53.0,72.60000000000001,53,96
53.0,72.60000000000001,53,96
53.0,72.60000000000001,53,96
53.0,72.60000000000001,53,96
53.0,72.60000000000001,53,96
53.0,72.60000000000001,53,96
53.0,72.60000000000001,53,96
53.0,72.60000000000001,53,96
53.0,72.60000000000001,53,96
53.0,72.60000000000001,53,96
53.0,72.60000000000001,53,96
53.0,72.60000000000001,53,96
53.0,72.60000000000001,53,96
53.0,72.60000000000001,53,96
53.0,72.60000000000001,53,96
53.0,72.60000000000001,53,96
53.0,72.60000000000001,53,96
53.0,72.60000000000001,53,96
53.0,72.60000000000001,53,96
53.0,72.60000000000001,53,96
53.0,72.60000000000001,53,96
53.0,72.60000000000001,53,96
53.0,72.60000000000001,53,96
53.0,72.60000000000001,53,96
53.0,72.60000000000001,53,96
53.0,72.60000000000001,53,96
53.0,72.60000000000001,53,96
53.0,72.60000000000001,53,96
53.0,72.60000000000001,53,96
53.0,72.60000000000001,53,96
53.0,72.60000000000001,53,96
53.0,72.60000000000001,53,96
53.0,72.60000000000001,53,96
53.0,72.60000000000001,53,96
53.0,72.60000000000001,53,96
53.0,72.60000000000001,53,96
53.0,72.60000000000001,53,96
53.0,72.60000000000001,53,96
53.0,72.60000000000001,53,96
53.0,72.60000000000001,53,96
53.0,72.60000000000001,53,96
53.0,72.60000000000001,53,96
53.0,72.60000000000001,53,96
53.0,72.60000000000001,53,96
53.0,72.60000000000001,53,96
53.0,72.60000000000001,53,96
53.0,72.60000000000001,53,96
53.0,72.60000000000001,53,96
53.0,72.60000000000001,53,96
53.0,72.60000000000001,53,96
53.0,72.60000000000001,53,96
53.0,72.60000000000001,53,96
53.0,72.60000000000001,53,96
53.0,72.60000000000001,53,96
53.0,72.60000000000001,53,96
53.0,72.60000000000001,53,96
53.0,72.60000000000001,53,96
53.0,72.60000000000001,53,96
53.0,72.60000000000001,53,96
53.0,72.60000000000001,53,96
53.0,72.60000000000001,53,96
53.0,72.60000000000001,53,96
53.0,72.60000000000001,53,96
53.0,72.60000000000001,53,96
53.0,72.60000000000001,53,96
66.0,72.60000000000001,66,96
66.0,72.60000000000001,66,96
60.0,72.60000000000001,60,96
60.0,72.60000000000001,60,96
60.0,72.60000000000001,60,96
60.0,72.60000000000001,60,96
60.0,72.60000000000001,60,96
60.0,72.60000000000001,60,96
69.0,72.60000000000001,69,96
90.0,126.15,90,96
105.0,163.35000000000002,105,96
105.0,173.4,105,96
105.0,173.4,105,96
105.0,173.4,105,96
105.0,173.4,105,96
105.0,173.4,105,96
0.0,60.0,340,97
0.0,60.0,280,97
0.0,60.0,220,97
0.0,60.0,160,97
0.0,60.0,100,97
0.0,60.0,40,97
0.0,21.6,18,97
0.0,21.6,0,97
0.0,12.15,0,97
0.0,7.35,0,97
0.0,5.4,0,97
0.0,3.75,0,97
6.0,2.4000000000000004,6,97
5.4,2.4000000000000004,9,97
5.4,2.4000000000000004,12,97
5.4,2.4000000000000004,15,97
5.4,2.4000000000000004,18,97
5.4,2.4000000000000004,21,97
5.399999999999999,2.4000000000000004,24,97
5.399999999999999,2.4000000000000004,27,97
5.399999999999999,2.4000000000000004,30,97
5.399999999999999,2.4000000000000004,33,97
5.399999999999999,2.4000000000000004,36,97
5.399999999999999,2.4000000000000004,39,97
5.399999999999999,2.4000000000000004,42,97
5.399999999999999,2.4000000000000004,45,97
5.399999999999999,2.4000000000000004,48,97
5.399999999999999,2.4000000000000004,51,97
5.399999999999999,2.4000000000000004,54,97
5.399999999999999,2.4000000000000004,57,97
5.399999999999999,2.4000000000000004,60,97
5.399999999999999,2.4000000000000004,63,97
5.399999999999999,2.4000000000000004,66,97
5.399999999999999,2.4000000000000004,69,97
5.400000000000006,2.4000000000000004,72,97
5.400000000000006,2.4000000000000004,75,97
5.400000000000006,2.4000000000000004,78,97
0.0,3.75,74,97
5.5,3.75,76,97
11.400000000000006,5.4,82,97
5.400000000000006,5.4,82,97
5.400000000000006,5.4,82,97
5.400000000000006,5.4,82,97
5.400000000000006,5.4,82,97
5.400000000000006,5.4,82,97
5.400000000000006,5.4,82,97
5.400000000000006,5.4,82,97
5.75,3.75,84,97
0.0,7.35,76,97
12.699999999999989,7.35,82,97
0.0,12.15,69,97
18.300000000000004,12.15,76,97
25.15000000000001,18.15,83,97
25.6,21.6,87,97
38.75,33.75,92,97
57.400000000000006,86.4,63,97
58.0,86.4,58,97
58.0,86.4,58,97
58.0,86.4,58,97
58.0,86.4,58,97
58.0,86.4,58,97
58.0,86.4,58,97
58.0,86.4,58,97
58.0,86.4,58,97
58.0,86.4,58,97
58.0,86.4,58,97
58.0,86.4,58,97
58.0,86.4,58,97
58.0,86.4,58,97
58.0,86.4,58,97
58.0,86.4,58,97
58.0,86.4,58,97
58.0,86.4,58,97
58.0,86.4,58,97
58.0,86.4,58,97
58.0,86.4,58,97
58.0,86.4,58,97
58.0,86.4,58,97
58.0,86.4,58,97
58.0,86.4,58,97
58.0,86.4,58,97
58.0,86.4,58,97
58.0,86.4,58,97
58.0,86.4,58,97
58.0,86.4,58,97
58.0,86.4,58,97
78.0,86.4,78,97
117.0,194.4,117,97
130.0,360.15000000000003,130,97
188.0,821.4000000000001,188,97
244.0,1560.6,244,97
252.0,1749.6,252,97
280.0,2088.6000000000004,280,97
320.0,2232.6000000000004,320,97
325.0,2535.0,325,97
325.0,2856.6000000000004,325,97
325.0,2856.6000000000004,325,97
325.0,2856.6000000000004,325,97
325.0,2856.6000000000004,325,97
325.0,2856.6000000000004,325,97
0.0,60.0,340,98
0.0,60.0,280,98
0.0,60.0,220,98
0.0,60.0,160,98
36.0,60.0,136,98
60.0,60.0,136,98
48.0,60.0,124,98
36.0,60.0,100,98
59.150000000000006,54.150000000000006,105,98
71.4,86.4,90,98
71.4,86.4,75,98
72.0,86.4,72,98
72.0,86.4,72,98
72.0,86.4,72,98
72.0,86.4,72,98
96.0,86.4,96,98
156.0,228.15000000000003,156,98
240.0,540.0,240,98
385.0,1622.4,385,98
513.0,2343.75,513,98
590.0,2982.15,590,98
540.0,3465.6000000000004,540,98
540.0,3465.6000000000004,540,98
540.0,3465.6000000000004,540,98
540.0,3465.6000000000004,540,98
540.0,3465.6000000000004,540,98
513.0,2343.75,513,98
513.0,2343.75,513,98
513.0,2343.75,513,98
513.0,2343.75,513,98
513.0,2343.75,513,98
513.0,2343.75,513,98
513.0,2343.75,513,98
513.0,2343.75,513,98
513.0,2343.75,513,98
513.0,2343.75,513,98
513.0,2343.75,513,98
513.0,2343.75,513,98
513.0,2343.75,513,98
396.0,1411.35,396,98
396.0,1411.35,396,98
396.0,1411.35,396,98
396.0,1411.35,396,98
396.0,1411.35,396,98
396.0,1411.35,396,98
396.0,1411.35,396,98
396.0,1411.35,396,98
396.0,1411.35,396,98
360.0,1188.15,360,98
360.0,1188.15,360,98
360.0,1188.15,360,98
360.0,1188.15,360,98
360.0,1188.15,360,98
360.0,1188.15,360,98
360.0,1188.15,360,98
360.0,1188.15,360,98
360.0,1188.15,360,98
360.0,1188.15,360,98
360.0,1188.15,360,98
360.0,1188.15,360,98
360.0,1188.15,360,98
360.0,1188.15,360,98
360.0,1188.15,360,98
360.0,1188.15,360,98
360.0,1188.15,360,98
360.0,1188.15,360,98
360.0,1188.15,360,98
360.0,1188.15,360,98
360.0,1188.15,360,98
360.0,1188.15,360,98
360.0,1188.15,360,98
360.0,1188.15,360,98
360.0,1188.15,360,98
360.0,1188.15,360,98
360.0,1188.15,360,98
360.0,1188.15,360,98
360.0,1188.15,360,98
336.0,1008.6,336,98
264.0,614.4000000000001,264,98
264.0,614.4000000000001,264,98
264.0,614.4000000000001,264,98
264.0,614.4000000000001,264,98
264.0,614.4000000000001,264,98
264.0,614.4000000000001,264,98
264.0,614.4000000000001,264,98
264.0,614.4000000000001,264,98
264.0,614.4000000000001,264,98
264.0,614.4000000000001,264,98
264.0,614.4000000000001,264,98
264.0,614.4000000000001,264,98
264.0,614.4000000000001,264,98
264.0,614.4000000000001,264,98
264.0,614.4000000000001,264,98
264.0,614.4000000000001,264,98
264.0,614.4000000000001,264,98
264.0,614.4000000000001,264,98
264.0,614.4000000000001,264,98
264.0,614.4000000000001,264,98
264.0,614.4000000000001,264,98
264.0,614.4000000000001,264,98
0.0,60.0,340,99
0.0,60.0,280,99
0.0,60.0,220,99
0.0,60.0,160,99
0.0,60.0,100,99
0.0,60.0,40,99
16.0,60.0,16,99
22.0,60.0,22,99
33.0,60.0,33,99
33.0,60.0,33,99
37.0,60.0,37,99
44.0,79.35000000000001,44,99
37.0,66.15,37,99
37.0,66.15,37,99
37.0,66.15,37,99
37.0,66.15,37,99
37.0,66.15,37,99
37.0,66.15,37,99
37.0,60.0,37,99
37.0,60.0,37,99
37.0,60.0,37,99
33.0,60.0,33,99
33.0,60.0,33,99
33.0,60.0,33,99
33.0,60.0,33,99
33.0,60.0,33,99
33.0,60.0,33,99
33.0,60.0,33,99
33.0,60.0,33,99
33.0,60.0,33,99
33.0,60.0,33,99
33.0,60.0,33,99
33.0,60.0,33,99
33.0,60.0,33,99
33.0,60.0,33,99
33.0,60.0,33,99
33.0,60.0,33,99
33.0,60.0,33,99
33.0,60.0,33,99
33.0,60.0,33,99
33.0,60.0,33,99
33.0,60.0,33,99
33.0,60.0,33,99
33.0,60.0,33,99
33.0,60.0,33,99
33.0,60.0,33,99
33.0,60.0,33,99
33.0,60.0,33,99
33.0,60.0,33,99
33.0,60.0,33,99
33.0,60.0,33,99
33.0,60.0,33,99
33.0,60.0,33,99
33.0,60.0,33,99
33.0,60.0,33,99
33.0,60.0,33,99
33.0,60.0,33,99
33.0,60.0,33,99
33.0,60.0,33,99
33.0,60.0,33,99
33.0,60.0,33,99
33.0,60.0,33,99
22.4,29.4,26,99
22.0,29.4,22,99
15.150000000000002,18.15,19,99
15.150000000000002,18.15,16,99
15.0,18.15,15,99
15.0,18.15,15,99
15.0,18.15,15,99
15.0,18.15,15,99
15.0,15.0,15,99
15.0,15.0,15,99
15.0,15.0,15,99
15.0,15.0,15,99
15.0,15.0,15,99
15.0,15.0,15,99
15.0,15.0,15,99
15.0,15.0,15,99
15.0,15.0,15,99
15.0,15.0,15,99
15.0,15.0,15,99
15.0,15.0,15,99
15.15,12.15,18,99
15.15,12.15,21,99
15.15,12.15,24,99
15.0,15.0,24,99
15.0,15.0,24,99
11.35,7.35,28,99
10.75,3.75,35,99
11.35,7.35,39,99
10.6,9.6,40,99
15.150000000000002,18.15,37,99
15.150000000000002,18.15,34,99
15.150000000000002,18.15,31,99
15.150000000000002,18.15,28,99
15.15,12.15,31,99
15.0,15.0,31,99
15.0,15.0,31,99
15.0,15.0,31,99
15.0,15.0,31,99
0.0,60.0,340,100
0.0,60.0,280,100
0.0,60.0,220,100
0.0,60.0,160,100
0.0,60.0,100,100
0.0,60.0,40,100
0.0,60.0,0,100
0.0,15.0,0,100
18.0,9.6,18,100
9.0,15.0,12,100
36.0,15.0,36,100
26.35,7.35,55,100
35.6,9.6,81,100
17.150000000000006,12.15,86,100
35.150000000000006,12.15,109,100
36.0,15.0,130,100
0.0,29.4,100,100
41.80000000000001,29.4,113,100
41.400000000000006,38.400000000000006,116,100
0.0,72.60000000000001,43,100
9.0,72.60000000000001,9,100
42.0,72.60000000000001,42,100
42.0,48.6,42,100
42.0,43.35,42,100
42.0,43.35,42,100
21.0,43.35,21,100
42.0,43.35,42,100
42.0,48.6,42,100
42.0,48.6,42,100
42.0,48.6,42,100
42.0,48.6,42,100
42.0,48.6,42,100
42.0,48.6,42,100
42.0,48.6,42,100
42.0,48.6,42,100
42.0,48.6,42,100
42.0,48.6,42,100
42.0,48.6,42,100
42.0,48.6,42,100
42.0,48.6,42,100
42.0,48.6,42,100
42.0,48.6,42,100
42.0,48.6,42,100
42.0,48.6,42,100
42.0,48.6,42,100
42.0,48.6,42,100
42.0,48.6,42,100
42.0,48.6,42,100
42.0,48.6,42,100
42.0,48.6,42,100
29.4,29.4,42,100
29.4,29.4,42,100
29.4,29.4,42,100
29.4,29.4,42,100
29.4,29.4,42,100
29.4,29.4,42,100
29.4,29.4,42,100
29.4,29.4,42,100
20.6,21.6,41,100
20.6,21.6,40,100
20.6,21.6,39,100
20.6,21.6,38,100
20.6,21.6,37,100
20.6,21.6,36,100
20.6,21.6,35,100
20.6,21.6,34,100
20.6,21.6,33,100
20.6,21.6,32,100
20.6,21.6,31,100
20.6,21.6,30,100
20.6,21.6,29,100
20.6,21.6,28,100
20.6,21.6,27,100
20.6,21.6,26,100
20.6,21.6,25,100
20.6,21.6,24,100
20.6,21.6,23,100
20.6,21.6,22,100
20.6,21.6,21,100
21.0,21.6,21,100
21.0,21.6,21,100
21.0,21.6,21,100
21.0,21.6,21,100
21.0,21.6,21,100
21.0,21.6,21,100
21.0,21.6,21,100
21.0,21.6,21,100
21.0,15.0,27,100
20.6,21.6,26,100
20.15,12.15,34,100
20.15,18.15,36,100
20.6,21.6,35,100
20.6,21.6,34,100
20.6,21.6,33,100
21.0,15.0,39,100
32.400000000000006,38.400000000000006,33,100
33.0,38.400000000000006,33,100
33.0,38.400000000000006,33,100
33.0,38.400000000000006,33,100
33.0,38.400000000000006,33,100
0.0,60.0,340,101
0.0,60.0,280,101
0.0,60.0,220,101
0.0,25.35,194,101
0.0,25.35,169,101
0.0,25.35,143,101
0.0,25.35,118,101
0.0,25.35,93,101
0.0,25.35,67,101
0.0,25.35,42,101
0.0,25.35,17,101
0.0,25.35,0,101
0.0,15.0,0,101
0.0,9.6,0,101
0.0,5.4,0,101
0.0,3.75,0,101
0.0,1.35,0,101
0.0,0.6000000000000001,0,101
0.0,0.15,0,101
0.0,60.0,340,102
0.0,60.0,280,102
0.0,38.400000000000006,241,102
0.0,38.400000000000006,203,102
0.0,38.400000000000006,164,102
27.600000000000023,38.400000000000006,154,102
21.40000000000001,38.400000000000006,137,102
63.400000000000006,38.400000000000006,162,102
63.400000000000006,38.400000000000006,187,102
56.400000000000006,38.400000000000006,205,102
63.400000000000006,38.400000000000006,230,102
8.150000000000006,66.15,172,102
64.0,60.0,176,102
72.15,66.15,182,102
8.350000000000009,79.35000000000001,111,102
56.35000000000001,79.35000000000001,88,102
32.35000000000001,79.35000000000001,41,102
60.0,79.35000000000001,60,102
32.35,43.35,49,102
12.6,21.6,40,102
32.6,21.6,51,102
12.6,21.6,42,102
12.6,21.6,33,102
28.6,21.6,40,102
32.400000000000006,29.4,43,102
12.400000000000006,38.400000000000006,17,102
33.0,38.400000000000006,33,102
33.0,54.150000000000006,33,102
33.0,54.150000000000006,33,102
33.0,54.150000000000006,33,102
33.0,54.150000000000006,33,102
9.0,54.150000000000006,9,102
45.0,54.150000000000006,45,102
61.0,79.35000000000001,61,102
19.0,135.0,19,102
46.0,135.0,46,102
99.0,163.35000000000002,99,102
125.0,277.35,125,102
46.0,453.75,46,102
158.0,453.75,158,102
178.0,614.4000000000001,178,102
59.0,936.15,59,102
207.0,936.15,207,102
230.0,1749.6,230,102
305.0,2160.0,305,102
294.0,2457.6000000000004,294,102
294.0,2457.6000000000004,294,102
115.0,2457.6000000000004,115,102
301.0,2457.6000000000004,301,102
294.0,2733.75,294,102
314.0,2733.75,314,102
256.0,3285.6000000000004,256,102
266.0,3285.6000000000004,266,102
124.0,3557.4,124,102
290.0,3557.4,290,102
292.0,4034.400000000001,292,102
305.0,4593.75,305,102
305.0,5078.400000000001,305,102
298.0,5078.400000000001,298,102
293.0,5078.400000000001,293,102
288.0,3744.6,288,102
57.0,3744.6,57,102
215.0,3744.6,215,102
263.0,3985.35,263,102
255.0,4593.75,255,102
267.0,4593.75,267,102
267.0,5133.75,267,102
208.0,5133.75,208,102
270.0,5133.75,270,102
261.0,5587.35,261,102
230.0,5587.35,230,102
162.0,3557.4,162,102
291.0,3557.4,291,102
300.0,3888.150000000001,300,102
353.0,4083.75,353,102
261.0,4386.150000000001,261,102
259.0,4386.150000000001,259,102
305.0,4386.150000000001,305,102
133.0,4752.6,133,102
374.0,4752.6,374,102
288.0,4914.150000000001,288,102
319.0,4914.150000000001,319,102
409.0,5078.400000000001,409,102
336.0,5245.35,336,102
342.0,5245.35,342,102
324.0,2419.3500000000004,324,102
324.0,2419.3500000000004,324,102
228.0,2419.3500000000004,228,102
231.0,2419.3500000000004,231,102
164.0,2574.15,164,102
301.0,2574.15,301,102
204.0,2815.3500000000004,204,102
203.0,2815.3500000000004,203,102
197.0,2815.3500000000004,197,102
203.0,2815.3500000000004,203,102
300.0,2898.15,300,102
149.0,3067.3500000000004,149,102
154.0,3067.3500000000004,154,102
299.0,3650.400000000001,299,102
291.0,3792.15,291,102
0.0,60.0,340,103
0.0,38.400000000000006,301,103
0.0,38.400000000000006,263,103
0.0,25.35,237,103
0.0,25.35,212,103
0.0,25.35,187,103
0.0,25.35,161,103
0.0,25.35,136,103
0.0,25.35,111,103
0.0,25.35,85,103
0.0,25.35,60,103
71.94999999999992,25.35,107,103
131.35000000000002,79.35000000000001,159,103
0.0,303.75,0,103
0.0,173.4,0,103
63.0,101.4,63,103
77.0,194.4,77,103
91.0,405.6,91,103
126.0,756.1500000000001,126,103
170.0,1622.4,170,103
210.0,2018.4,210,103
180.0,2343.75,180,103
180.0,2343.75,180,103
180.0,2343.75,180,103
180.0,2343.75,180,103
180.0,2343.75,180,103
180.0,2343.75,180,103
180.0,2343.75,180,103
180.0,2343.75,180,103
180.0,2343.75,180,103
180.0,2343.75,180,103
180.0,2343.75,180,103
180.0,2343.75,180,103
180.0,2343.75,180,103
180.0,2343.75,180,103
180.0,2343.75,180,103
180.0,2343.75,180,103
180.0,2343.75,180,103
180.0,2343.75,180,103
180.0,2343.75,180,103
180.0,2343.75,180,103
180.0,2343.75,180,103
180.0,2343.75,180,103
180.0,2343.75,180,103
180.0,2343.75,180,103
180.0,2343.75,180,103
180.0,2343.75,180,103
180.0,2343.75,180,103
180.0,2343.75,180,103
180.0,2343.75,180,103
180.0,2343.75,180,103
180.0,2343.75,180,103
180.0,2343.75,180,103
180.0,2343.75,180,103
180.0,2343.75,180,103
180.0,2343.75,180,103
180.0,2343.75,180,103
180.0,2343.75,180,103
180.0,2343.75,180,103
180.0,2343.75,180,103
180.0,2343.75,180,103
180.0,2343.75,180,103
180.0,2343.75,180,103
180.0,2343.75,180,103
180.0,2343.75,180,103
180.0,2343.75,180,103
180.0,2343.75,180,103
180.0,2343.75,180,103
180.0,2343.75,180,103
180.0,2343.75,180,103
180.0,2343.75,180,103
180.0,2343.75,180,103
180.0,2343.75,180,103
180.0,2343.75,180,103
180.0,2343.75,180,103
180.0,2343.75,180,103
180.0,2343.75,180,103
180.0,2343.75,180,103
180.0,2343.75,180,103
180.0,2343.75,180,103
180.0,2343.75,180,103
180.0,2343.75,180,103
180.0,2343.75,180,103
180.0,2343.75,180,103
180.0,2343.75,180,103
180.0,2343.75,180,103
180.0,2343.75,180,103
180.0,2343.75,180,103
180.0,2343.75,180,103
180.0,2343.75,180,103
180.0,2343.75,180,103
180.0,2343.75,180,103
180.0,2343.75,180,103
180.0,2343.75,180,103
180.0,2343.75,180,103
180.0,2343.75,180,103
180.0,2343.75,180,103
180.0,2343.75,180,103
180.0,2343.75,180,103
180.0,2343.75,180,103
0.0,60.0,340,104
35.35000000000002,25.35,350,104
14.350000000000025,25.35,339,104
5.350000000000023,25.35,319,104
11.350000000000025,25.35,305,104
11.350000000000025,25.35,291,104
5.350000000000023,25.35,271,104
21.349999999999994,25.35,267,104
21.349999999999994,25.35,263,104
18.349999999999994,25.35,256,104
0.0,25.35,230,104
19.69999999999999,25.35,225,104
20.349999999999994,25.35,220,104
20.349999999999994,25.35,215,104
14.349999999999994,25.35,204,104
20.349999999999994,25.35,199,104
20.349999999999994,25.35,194,104
20.349999999999994,25.35,189,104
20.349999999999994,25.35,184,104
20.349999999999994,25.35,179,104
13.599999999999994,9.6,183,104
14.150000000000006,12.15,185,104
14.0,15.0,184,104
14.0,15.0,183,104
14.0,15.0,182,104
14.0,15.0,181,104
14.0,15.0,180,104
14.0,15.0,179,104
14.0,15.0,178,104
10.349999999999994,7.35,181,104
10.349999999999994,7.35,184,104
14.0,15.0,183,104
14.0,15.0,182,104
14.0,15.0,181,104
14.0,15.0,180,104
14.0,15.0,179,104
14.0,15.0,178,104
14.0,15.0,177,104
14.0,15.0,176,104
14.0,15.0,175,104
14.0,15.0,174,104
14.0,15.0,173,104
14.0,15.0,172,104
13.599999999999994,9.6,176,104
20.0,15.0,181,104
20.0,15.0,186,104
20.15000000000001,18.15,188,104
30.40000000000001,38.400000000000006,180,104
30.40000000000001,38.400000000000006,172,104
30.40000000000001,38.400000000000006,164,104
30.40000000000001,38.400000000000006,156,104
30.40000000000001,38.400000000000006,148,104
30.40000000000001,38.400000000000006,140,104
30.40000000000001,38.400000000000006,132,104
30.40000000000001,38.400000000000006,124,104
30.40000000000001,38.400000000000006,116,104
30.40000000000001,38.400000000000006,108,104
30.40000000000001,38.400000000000006,100,104
30.40000000000001,38.400000000000006,92,104
30.40000000000001,38.400000000000006,84,104
27.40000000000001,29.4,82,104
27.40000000000001,29.4,80,104
27.40000000000001,29.4,78,104
27.40000000000001,29.4,76,104
27.40000000000001,29.4,74,104
17.15,12.15,79,104
27.40000000000001,29.4,77,104
27.40000000000001,29.4,75,104
27.40000000000001,29.4,73,104
27.40000000000001,29.4,71,104
27.40000000000001,29.4,69,104
27.40000000000001,29.4,67,104
17.15,12.15,72,104
17.15,12.15,77,104
20.0,15.0,82,104
20.0,15.0,87,104
24.35,25.35,86,104
23.599999999999994,21.6,88,104
24.35,25.35,87,104
24.35,25.35,86,104
24.35,25.35,85,104
21.35,25.35,81,104
21.35,25.35,77,104
14.150000000000006,12.15,79,104
20.6,21.6,78,104
13.599999999999994,9.6,82,104
13.599999999999994,9.6,86,104
14.150000000000006,12.15,88,104
18.15000000000001,18.15,88,104
18.15000000000001,18.15,88,104
18.15000000000001,18.15,88,104
18.15000000000001,18.15,88,104
18.15000000000001,18.15,88,104
18.15000000000001,18.15,88,104
18.15000000000001,18.15,88,104
18.15000000000001,18.15,88,104
18.15000000000001,18.15,88,104
18.15000000000001,18.15,88,104
18.15000000000001,18.15,88,104
18.15000000000001,18.15,88,104
0.0,60.0,340,105
0.0,60.0,280,105
0.0,60.0,220,105
0.0,60.0,160,105
0.0,60.0,100,105
0.0,60.0,40,105
0.0,60.0,0,105
20.0,33.75,20,105
69.0,33.75,69,105
46.400000000000006,38.400000000000006,77,105
69.4,38.400000000000006,108,105
69.15,54.150000000000006,123,105
81.60000000000001,72.60000000000001,132,105
104.6,117.6,119,105
22.60000000000001,117.6,24,105
92.0,117.6,92,105
92.0,135.0,92,105
92.0,135.0,92,105
115.0,135.0,115,105
128.0,173.4,128,105
151.0,252.15000000000003,151,105
174.0,331.35,174,105
197.0,421.35,197,105
230.0,595.35,230,105
276.0,843.75,276,105
335.0,1188.15,335,105
330.0,1622.4,330,105
330.0,1622.4,330,105
440.0,1622.4,440,105
448.0,1815.0,448,105
511.0,1915.35,511,105
511.0,1949.4,511,105
511.0,1949.4,511,105
511.0,1949.4,511,105
511.0,1949.4,511,105
511.0,1949.4,511,105
511.0,1949.4,511,105
511.0,1949.4,511,105
511.0,1949.4,511,105
511.0,1949.4,511,105
511.0,1949.4,511,105
511.0,1949.4,511,105
511.0,1949.4,511,105
511.0,1949.4,511,105
511.0,1949.4,511,105
511.0,1949.4,511,105
511.0,1949.4,511,105
511.0,1949.4,511,105
511.0,1949.4,511,105
511.0,1949.4,511,105
511.0,1949.4,511,105
511.0,1949.4,511,105
511.0,1949.4,511,105
511.0,1949.4,511,105
511.0,1949.4,511,105
511.0,1949.4,511,105
511.0,1949.4,511,105
511.0,1949.4,511,105
511.0,1949.4,511,105
511.0,1949.4,511,105
511.0,1949.4,511,105
511.0,1949.4,511,105
511.0,1949.4,511,105
511.0,1949.4,511,105
511.0,1949.4,511,105
511.0,1949.4,511,105
511.0,1949.4,511,105
511.0,1949.4,511,105
511.0,1949.4,511,105
511.0,1949.4,511,105
511.0,1949.4,511,105
511.0,1949.4,511,105
511.0,1949.4,511,105
511.0,1949.4,511,105
511.0,1949.4,511,105
511.0,1949.4,511,105
511.0,1949.4,511,105
511.0,1949.4,511,105
511.0,1949.4,511,105
511.0,1949.4,511,105
511.0,1949.4,511,105
511.0,1949.4,511,105
511.0,1949.4,511,105
511.0,1949.4,511,105
511.0,1949.4,511,105
511.0,1949.4,511,105
511.0,1949.4,511,105
511.0,1949.4,511,105
511.0,1949.4,511,105
511.0,1949.4,511,105
511.0,1949.4,511,105
511.0,1949.4,511,105
511.0,1949.4,511,105
511.0,1949.4,511,105
511.0,1949.4,511,105
511.0,1949.4,511,105
511.0,1949.4,511,105
511.0,1949.4,511,105
511.0,1949.4,511,105
511.0,1949.4,511,105
0.0,60.0,340,106
0.0,60.0,280,106
0.0,60.0,220,106
0.0,60.0,160,106
0.0,60.0,100,106
0.0,60.0,40,106
4.0,60.0,4,106
4.0,60.0,4,106
4.0,60.0,4,106
4.0,60.0,4,106
4.0,60.0,4,106
4.0,60.0,4,106
4.0,60.0,4,106
4.0,60.0,4,106
4.0,60.0,4,106
4.0,60.0,4,106
4.0,60.0,4,106
4.0,60.0,4,106
4.0,60.0,4,106
4.0,60.0,4,106
4.0,60.0,4,106
4.0,60.0,4,106
4.0,60.0,4,106
4.0,60.0,4,106
4.0,60.0,4,106
4.0,60.0,4,106
4.0,60.0,4,106
4.0,60.0,4,106
4.0,60.0,4,106
4.0,60.0,4,106
4.0,60.0,4,106
4.0,60.0,4,106
4.0,60.0,4,106
4.0,60.0,4,106
4.0,60.0,4,106
4.0,60.0,4,106
4.0,60.0,4,106
4.0,60.0,4,106
4.0,60.0,4,106
4.0,60.0,4,106
4.0,60.0,4,106
4.0,60.0,4,106
4.0,60.0,4,106
4.0,60.0,4,106
4.0,60.0,4,106
4.0,60.0,4,106
4.0,60.0,4,106
4.0,60.0,4,106
4.0,60.0,4,106
4.0,60.0,4,106
4.0,60.0,4,106
4.0,60.0,4,106
4.0,60.0,4,106
4.0,60.0,4,106
4.0,60.0,4,106
4.0,60.0,4,106
4.0,60.0,4,106
4.0,60.0,4,106
4.0,60.0,4,106
4.0,60.0,4,106
4.0,60.0,4,106
4.0,60.0,4,106
4.0,60.0,4,106
4.0,60.0,4,106
4.0,60.0,4,106
4.0,60.0,4,106
4.0,60.0,4,106
4.0,60.0,4,106
4.0,60.0,4,106
4.0,60.0,4,106
4.0,60.0,4,106
4.0,60.0,4,106
4.0,60.0,4,106
4.0,60.0,4,106
4.0,60.0,4,106
3.0,60.0,3,106
4.0,60.0,4,106
4.0,72.60000000000001,4,106
4.0,72.60000000000001,4,106
4.0,72.60000000000001,4,106
4.0,72.60000000000001,4,106
4.0,72.60000000000001,4,106
4.0,72.60000000000001,4,106
4.0,72.60000000000001,4,106
4.0,72.60000000000001,4,106
4.0,72.60000000000001,4,106
4.0,72.60000000000001,4,106
4.0,72.60000000000001,4,106
4.0,72.60000000000001,4,106
4.0,72.60000000000001,4,106
4.0,72.60000000000001,4,106
4.0,72.60000000000001,4,106
4.0,72.60000000000001,4,106
4.0,72.60000000000001,4,106
4.0,72.60000000000001,4,106
4.0,72.60000000000001,4,106
4.0,72.60000000000001,4,106
4.0,72.60000000000001,4,106
4.0,72.60000000000001,4,106
4.0,72.60000000000001,4,106
0.0,60.0,340,107
0.0,60.0,280,107
0.0,54.150000000000006,225,107
0.0,54.150000000000006,171,107
0.0,21.6,150,107
7.5,21.6,136,107
31.599999999999994,21.6,146,107
24.349999999999994,25.35,145,107
40.35,25.35,160,107
40.75,33.75,167,107
40.35,43.35,164,107
40.35,43.35,161,107
40.35,43.35,158,107
40.35,43.35,155,107
8.349999999999994,43.35,120,107
67.35,43.35,144,107
55.60000000000001,72.60000000000001,127,107
11.600000000000009,72.60000000000001,66,107
80.0,72.60000000000001,80,107
109.0,144.15,109,107
58.0,194.4,58,107
71.0,194.4,71,107
138.0,290.40000000000003,138,107
187.0,504.6,187,107
283.0,936.15,283,107
360.0,1591.35,360,107
348.0,3110.4,348,107
514.0,3110.4,514,107
457.0,3465.6000000000004,457,107
466.0,3465.6000000000004,466,107
642.0,3744.6,642,107
434.0,2088.6000000000004,434,107
423.0,2088.6000000000004,423,107
399.0,2088.6000000000004,399,107
319.0,2088.6000000000004,319,107
438.0,2088.6000000000004,438,107
443.0,2306.4,443,107
300.0,2574.15,300,107
300.0,2574.15,300,107
506.0,2574.15,506,107
498.0,2774.4,498,107
508.0,2774.4,508,107
553.0,3067.3500000000004,553,107
483.0,3557.4,483,107
522.0,3557.4,522,107
441.0,3888.150000000001,441,107
376.0,3888.150000000001,376,107
616.0,3888.150000000001,616,107
502.0,4284.150000000001,502,107
408.0,4284.150000000001,408,107
396.0,4284.150000000001,396,107
392.0,4284.150000000001,392,107
479.0,4284.150000000001,479,107
475.0,4860.0,475,107
507.0,4860.0,507,107
375.0,5415.0,375,107
509.0,5415.0,509,107
312.0,6000.0,312,107
516.0,6000.0,516,107
337.0,6365.400000000001,337,107
300.0,6365.400000000001,300,107
221.0,6365.400000000001,221,107
454.0,6365.400000000001,454,107
528.0,7128.6,528,107
338.0,7729.35,338,107
486.0,7729.35,486,107
608.0,8073.6,608,107
686.0,8712.150000000001,686,107
614.0,7866.150000000001,614,107
405.0,7866.150000000001,405,107
468.0,3985.35,468,107
89.0,4233.6,89,107
0.0,4233.6,0,107
410.0,2381.4,410,107
416.0,2693.4,416,107
160.0,2982.15,160,107
411.0,2982.15,411,107
253.0,1949.4,253,107
259.0,1949.4,259,107
263.0,2088.6000000000004,263,107
327.0,2232.6000000000004,327,107
331.0,2457.6000000000004,331,107
263.0,2574.15,263,107
195.0,2574.15,195,107
240.0,2574.15,240,107
415.0,3241.3500000000004,415,107
240.0,3465.6000000000004,240,107
342.0,3465.6000000000004,342,107
265.0,3840.0,265,107
346.0,3840.0,346,107
366.0,4183.35,366,107
191.0,4593.75,191,107
405.0,4593.75,405,107
351.0,4968.6,351,107
410.0,4968.6,410,107
410.0,5301.6,410,107
152.0,5301.6,152,107
275.0,5301.6,275,107
368.0,5645.400000000001,368,107
376.0,5821.35,376,107
0.0,60.0,340,108
57.0,60.0,337,108
60.0,60.0,337,108
18.0,60.0,295,108
18.0,60.0,253,108
12.0,60.0,205,108
6.0,60.0,151,108
12.0,60.0,103,108
12.0,60.0,55,108
12.0,60.0,12,108
9.0,60.0,9,108
9.0,60.0,9,108
9.0,60.0,9,108
6.0,60.0,6,108
6.0,60.0,6,108
9.0,60.0,9,108
12.0,109.35,12,108
15.0,194.4,15,108
90.0,317.40000000000003,90,108
120.0,540.0,120,108
165.0,960.0,165,108
195.0,1353.75,195,108
210.0,2343.75,210,108
230.0,2496.15,230,108
292.0,2982.15,292,108
240.0,3603.75,240,108
292.0,3603.75,292,108
270.0,4284.150000000001,270,108
273.0,4284.150000000001,273,108
247.0,4860.0,247,108
261.0,4860.0,261,108
276.0,5358.150000000001,276,108
174.0,5821.35,174,108
184.0,5821.35,184,108
399.0,6120.6,399,108
414.0,6303.75,414,108
394.0,6678.150000000001,394,108
488.0,6678.150000000001,488,108
424.0,7063.35,424,108
408.0,7063.35,408,108
408.0,7063.35,408,108
408.0,7063.35,408,108
316.0,7063.35,316,108
408.0,7063.35,408,108
328.0,7459.35,328,108
408.0,7459.35,408,108
216.0,2940.0,216,108
233.0,2940.0,233,108
210.0,3110.4,210,108
339.0,3110.4,339,108
334.0,3241.3500000000004,334,108
339.0,3241.3500000000004,339,108
284.0,3420.1500000000005,284,108
276.0,3420.1500000000005,276,108
284.0,3420.1500000000005,284,108
286.0,3744.6,286,108
349.0,4034.400000000001,349,108
286.0,4335.0,286,108
284.0,4335.0,284,108
290.0,4335.0,290,108
290.0,4489.35,290,108
286.0,4489.35,286,108
290.0,4489.35,290,108
292.0,4752.6,292,108
356.0,4914.150000000001,356,108
356.0,5078.400000000001,356,108
308.0,5078.400000000001,308,108
324.0,5078.400000000001,324,108
320.0,5415.0,320,108
324.0,5415.0,324,108
391.0,5587.35,391,108
211.0,2306.4,211,108
235.0,2306.4,235,108
302.0,2457.6000000000004,302,108
304.0,2774.4,304,108
211.0,3110.4,211,108
249.0,3110.4,249,108
240.0,3420.1500000000005,240,108
254.0,3420.1500000000005,254,108
256.0,3697.35,256,108
243.0,4083.75,243,108
257.0,4083.75,257,108
328.0,4284.150000000001,328,108
256.0,4646.400000000001,256,108
329.0,4646.400000000001,329,108
256.0,3888.150000000001,256,108
218.0,3888.150000000001,218,108
256.0,3888.150000000001,256,108
243.0,4133.400000000001,243,108
320.0,4133.400000000001,320,108
308.0,4183.35,308,108
320.0,4183.35,320,108
280.0,4437.6,280,108
320.0,4437.6,320,108
322.0,4646.400000000001,322,108
304.0,5023.35,304,108
378.0,5023.35,378,108
266.0,5301.6,266,108
378.0,5301.6,378,108
381.0,5529.6,381,108
0.0,60.0,340,109
0.0,60.0,280,109
0.0,60.0,220,109
0.0,60.0,160,109
0.0,60.0,100,109
0.0,60.0,40,109
0.0,60.0,0,109
12.0,33.75,12,109
9.0,54.150000000000006,9,109
12.0,54.150000000000006,12,109
11.0,93.75,11,109
15.0,66.15,15,109
3.0,72.60000000000001,3,109
74.0,72.60000000000001,74,109
58.0,109.35,58,109
102.0,109.35,102,109
131.0,194.4,131,109
174.0,331.35,174,109
119.0,504.6,119,109
78.0,504.6,78,109
159.0,504.6,159,109
249.0,653.4000000000001,249,109
210.0,1083.75,210,109
191.0,1083.75,191,109
361.0,1083.75,361,109
340.0,1717.35,340,109
340.0,1717.35,340,109
337.0,1717.35,337,109
350.0,1717.35,350,109
166.0,1815.0,166,109
308.0,1815.0,308,109
350.0,2496.15,350,109
350.0,2613.6000000000004,350,109
411.0,2613.6000000000004,411,109
350.0,2774.4,350,109
421.0,2774.4,421,109
360.0,2856.6000000000004,360,109
284.0,2856.6000000000004,284,109
356.0,2306.4,356,109
19.0,1135.35,19,109
231.0,1135.35,231,109
109.0,1560.6,109,109
252.0,1560.6,252,109
231.0,1622.4,231,109
252.0,1622.4,252,109
159.0,1749.6,159,109
308.0,1749.6,308,109
232.0,1848.15,232,109
308.0,1848.15,308,109
324.0,2018.4,324,109
196.0,2160.0,196,109
334.0,2160.0,334,109
66.0,2381.4,66,109
350.0,2381.4,350,109
271.0,2457.6000000000004,271,109
350.0,2457.6000000000004,350,109
157.0,2653.3500000000004,157,109
290.0,2653.3500000000004,290,109
243.0,2733.75,243,109
334.0,2733.75,334,109
306.0,2232.6000000000004,306,109
306.0,2232.6000000000004,306,109
306.0,2160.0,306,109
216.0,2160.0,216,109
39.0,2160.0,39,109
238.0,2160.0,238,109
278.0,2381.4,278,109
186.0,1083.75,186,109
186.0,1083.75,186,109
186.0,1083.75,186,109
138.0,1083.75,138,109
3.0,1083.75,3,109
170.0,1083.75,170,109
217.0,1915.35,217,109
35.0,2053.3500000000004,35,109
220.0,2053.3500000000004,220,109
221.0,2269.3500000000004,221,109
170.0,1269.6,170,109
80.0,960.0,80,109
168.0,960.0,168,109
211.0,1653.75,211,109
155.0,1749.6,155,109
210.0,1188.15,210,109
285.0,2269.3500000000004,285,109
289.0,2535.0,289,109
153.0,2815.3500000000004,153,109
247.0,2815.3500000000004,247,109
250.0,3197.4000000000005,250,109
253.0,3420.1500000000005,253,109
250.0,3840.0,250,109
256.0,3840.0,256,109
257.0,4284.150000000001,257,109
260.0,4489.35,260,109
128.0,5133.75,128,109
261.0,5133.75,261,109
328.0,5587.35,328,109
328.0,6365.400000000001,328,109
326.0,6365.400000000001,326,109
328.0,6365.400000000001,328,109
138.0,6998.400000000001,138,109
0.0,60.0,340,110
0.0,60.0,280,110
0.0,60.0,220,110
0.0,60.0,160,110
0.0,60.0,100,110
0.0,60.0,40,110
0.0,60.0,0,110
0.0,33.75,0,110
0.0,21.6,0,110
0.0,12.15,0,110
0.0,7.35,0,110
0.0,5.4,0,110
0.0,3.75,0,110
1.0,2.4000000000000004,1,110
2.0,9.6,2,110
3.0,21.6,3,110
4.0,72.60000000000001,4,110
2.0,126.15,2,110
5.0,126.15,5,110
4.0,173.4,4,110
57.0,173.4,57,110
43.0,205.35,43,110
95.0,183.75,95,110
95.0,252.15000000000003,95,110
68.0,252.15000000000003,68,110
68.0,252.15000000000003,68,110
54.0,252.15000000000003,54,110
81.0,252.15000000000003,81,110
95.0,317.40000000000003,95,110
81.0,470.4,81,110
108.0,470.4,108,110
122.0,595.35,122,110
135.0,693.6,135,110
162.0,1033.35,162,110
149.0,1411.35,149,110
176.0,1411.35,176,110
203.0,1749.6,203,110
203.0,1848.15,203,110
176.0,1848.15,176,110
203.0,1848.15,203,110
176.0,2088.6000000000004,176,110
270.0,2088.6000000000004,270,110
270.0,2196.15,270,110
200.0,2196.15,200,110
270.0,2196.15,270,110
260.0,2306.4,260,110
274.0,2306.4,274,110
160.0,2535.0,160,110
274.0,2535.0,274,110
252.0,2574.15,252,110
319.0,2574.15,319,110
329.0,2815.3500000000004,329,110
329.0,2940.0,329,110
214.0,2940.0,214,110
314.0,2940.0,314,110
194.0,3110.4,194,110
319.0,3110.4,319,110
194.0,3241.3500000000004,194,110
135.0,3241.3500000000004,135,110
319.0,3241.3500000000004,319,110
194.0,3375.0,194,110
200.0,3375.0,200,110
203.0,3792.15,203,110
256.0,3985.35,256,110
172.0,4284.150000000001,172,110
112.0,4284.150000000001,112,110
200.0,4284.150000000001,200,110
256.0,4386.150000000001,256,110
317.0,3110.4,317,110
303.0,3197.4000000000005,303,110
317.0,3197.4000000000005,317,110
313.0,3420.1500000000005,313,110
303.0,3420.1500000000005,303,110
313.0,3420.1500000000005,313,110
327.0,3603.75,327,110
376.0,3888.150000000001,376,110
303.0,4133.400000000001,303,110
320.0,4133.400000000001,320,110
287.0,4335.0,287,110
180.0,4335.0,180,110
313.0,4335.0,313,110
314.0,4541.400000000001,314,110
240.0,4806.150000000001,240,110
318.0,4806.150000000001,318,110
313.0,5301.6,313,110
192.0,5301.6,192,110
192.0,5301.6,192,110
256.0,5301.6,256,110
179.0,5940.150000000001,179,110
253.0,5940.150000000001,253,110
260.0,6120.6,260,110
256.0,6427.35,256,110
318.0,6427.35,318,110
120.0,4860.0,120,110
309.0,4860.0,309,110
239.0,5023.35,239,110
304.0,5023.35,304,110
241.0,5133.75,241,110
318.0,5133.75,318,110
313.0,5529.6,313,110
0.0,60.0,340,111
0.0,60.0,280,111
0.0,60.0,220,111
0.0,38.400000000000006,181,111
0.0,38.400000000000006,143,111
0.0,38.400000000000006,104,111
0.0,25.35,79,111
29.900000000000013,25.35,84,111
40.35,25.35,99,111
39.75,33.75,105,111
40.35,43.35,102,111
0.0,43.35,58,111
0.0,43.35,15,111
0.0,43.35,0,111
0.0,25.35,0,111
0.0,15.0,0,111
3.0,9.6,3,111
3.0,12.15,3,111
3.0,12.15,3,111
0.0,12.15,0,111
3.0,7.35,3,111
6.0,15.0,6,111
0.0,25.35,0,111
3.0,9.6,3,111
9.0,48.6,9,111
12.0,117.6,12,111
21.0,183.75,21,111
114.0,277.35,114,111
168.0,558.1500000000001,168,111
228.0,1058.4,228,111
247.0,1881.6,247,111
291.0,3465.6000000000004,291,111
309.0,3792.15,309,111
296.0,3557.4,296,111
296.0,3557.4,296,111
291.0,3557.4,291,111
291.0,3557.4,291,111
291.0,3557.4,291,111
282.0,3557.4,282,111
396.0,3557.4,396,111
396.0,4133.400000000001,396,111
156.0,1591.35,156,111
104.0,1591.35,104,111
182.0,1109.4,182,111
252.0,1949.4,252,111
208.0,2232.6000000000004,208,111
270.0,2232.6000000000004,270,111
272.0,2457.6000000000004,272,111
272.0,2774.4,272,111
274.0,2774.4,274,111
285.0,3110.4,285,111
258.0,3241.3500000000004,258,111
278.0,3241.3500000000004,278,111
166.0,1470.15,166,111
166.0,1470.15,166,111
166.0,1470.15,166,111
166.0,1470.15,166,111
189.0,1470.15,189,111
157.0,2306.4,157,111
200.0,2306.4,200,111
200.0,2613.6000000000004,200,111
200.0,2613.6000000000004,200,111
179.0,2613.6000000000004,179,111
172.0,2613.6000000000004,172,111
100.0,2613.6000000000004,100,111
196.0,2613.6000000000004,196,111
209.0,3067.3500000000004,209,111
210.0,3603.75,210,111
209.0,4083.75,209,111
334.0,4083.75,334,111
400.0,4860.0,400,111
396.0,4646.400000000001,396,111
396.0,4646.400000000001,396,111
396.0,4646.400000000001,396,111
396.0,4646.400000000001,396,111
356.0,4646.400000000001,356,111
219.0,4646.400000000001,219,111
290.0,4646.400000000001,290,111
501.0,5415.0,501,111
530.0,6427.35,530,111
340.0,6805.35,340,111
544.0,6805.35,544,111
544.0,7260.0,544,111
359.0,7260.0,359,111
664.0,7260.0,664,111
696.0,7866.150000000001,696,111
548.0,8283.75,548,111
550.0,8283.75,550,111
554.0,8857.35,554,111
507.0,9300.15,507,111
618.0,8930.400000000001,618,111
622.0,9300.15,622,111
622.0,9677.4,622,111
622.0,9677.4,622,111
622.0,9677.4,622,111
498.0,9677.4,498,111
357.0,9677.4,357,111
746.0,9677.4,746,111
778.0,10296.6,778,111
746.0,10854.15,746,111
0.0,60.0,340,112
0.0,60.0,280,112
0.0,60.0,220,112
0.0,60.0,160,112
0.0,60.0,100,112
49.0,60.0,89,112
26.0,60.0,55,112
115.0,60.0,115,112
22.75,93.75,44,112
115.0,93.75,115,112
142.0,153.60000000000002,142,112
142.0,240.0,142,112
142.0,240.0,142,112
142.0,240.0,142,112
142.0,240.0,142,112
142.0,240.0,142,112
142.0,240.0,142,112
142.0,240.0,142,112
115.0,135.0,122,112
115.0,135.0,115,112
96.4,101.4,110,112
96.4,101.4,105,112
96.4,101.4,100,112
96.0,101.4,96,112
96.0,101.4,96,112
96.0,101.4,96,112
96.0,101.4,96,112
96.0,101.4,96,112
96.0,101.4,96,112
96.0,101.4,96,112
96.0,101.4,96,112
96.0,101.4,96,112
96.0,101.4,96,112
96.0,101.4,96,112
96.0,101.4,96,112
96.0,101.4,96,112
96.0,101.4,96,112
96.0,101.4,96,112
96.0,101.4,96,112
96.0,101.4,96,112
96.0,101.4,96,112
96.0,101.4,96,112
96.0,101.4,96,112
96.0,101.4,96,112
96.0,101.4,96,112
96.0,101.4,96,112
68.6,48.6,116,112
73.15,66.15,123,112
91.75,93.75,121,112
91.75,93.75,119,112
91.75,93.75,117,112
91.75,93.75,115,112
91.75,93.75,113,112
91.75,93.75,111,112
91.75,93.75,109,112
91.75,93.75,107,112
91.75,93.75,105,112
91.75,93.75,103,112
91.75,93.75,101,112
91.75,93.75,99,112
91.75,93.75,97,112
91.75,93.75,95,112
91.75,93.75,93,112
92.0,93.75,92,112
92.0,93.75,92,112
92.0,93.75,92,112
92.0,93.75,92,112
92.0,93.75,92,112
92.0,93.75,92,112
92.0,93.75,92,112
92.0,93.75,92,112
92.0,93.75,92,112
92.0,93.75,92,112
92.0,93.75,92,112
92.0,93.75,92,112
92.0,93.75,92,112
92.0,93.75,92,112
92.0,93.75,92,112
92.0,93.75,92,112
92.0,93.75,92,112
92.0,93.75,92,112
92.0,93.75,92,112
92.0,93.75,92,112
92.0,93.75,92,112
92.0,93.75,92,112
92.0,93.75,92,112
92.0,93.75,92,112
92.0,93.75,92,112
92.0,93.75,92,112
92.0,93.75,92,112
92.0,93.75,92,112
92.0,93.75,92,112
92.0,93.75,92,112
92.0,93.75,92,112
92.0,93.75,92,112
92.0,93.75,92,112
47.60000000000001,72.60000000000001,67,112
48.0,72.60000000000001,48,112
48.0,72.60000000000001,48,112
48.0,72.60000000000001,48,112
0.0,60.0,340,113
0.0,60.0,280,113
0.0,60.0,220,113
0.0,43.35,176,113
0.0,43.35,133,113
0.0,21.6,111,113
0.0,21.6,90,113
0.0,21.6,68,113
0.0,21.6,46,113
0.0,21.6,25,113
0.0,21.6,3,113
0.0,21.6,0,113
0.0,12.15,0,113
0.0,7.35,0,113
0.0,5.4,0,113
0.0,3.75,0,113
0.0,2.4000000000000004,0,113
0.0,1.35,0,113
0.0,0.6000000000000001,0,113
0.0,0.15,0,113
0.0,60.0,340,114
0.0,29.4,310,114
0.0,29.4,281,114
0.0,29.4,251,114
0.0,29.4,222,114
0.0,29.4,193,114
0.0,29.4,163,114
0.0,29.4,134,114
0.0,29.4,104,114
0.0,29.4,75,114
0.0,29.4,46,114
0.0,29.4,16,114
24.0,29.4,24,114
30.0,60.0,30,114
18.0,153.60000000000002,18,114
42.0,153.60000000000002,42,114
48.0,216.6,48,114
66.0,453.75,66,114
90.0,821.4000000000001,90,114
120.0,1500.0,120,114
174.0,2898.15,174,114
174.0,3241.3500000000004,174,114
174.0,3241.3500000000004,174,114
174.0,3241.3500000000004,174,114
174.0,3241.3500000000004,174,114
174.0,3241.3500000000004,174,114
174.0,3241.3500000000004,174,114
174.0,3241.3500000000004,174,114
174.0,3241.3500000000004,174,114
174.0,3241.3500000000004,174,114
174.0,3241.3500000000004,174,114
174.0,3241.3500000000004,174,114
174.0,3241.3500000000004,174,114
174.0,3241.3500000000004,174,114
174.0,3241.3500000000004,174,114
174.0,3241.3500000000004,174,114
174.0,3241.3500000000004,174,114
174.0,3241.3500000000004,174,114
174.0,3241.3500000000004,174,114
174.0,3241.3500000000004,174,114
174.0,3241.3500000000004,174,114
174.0,3241.3500000000004,174,114
174.0,3241.3500000000004,174,114
174.0,3241.3500000000004,174,114
174.0,3241.3500000000004,174,114
174.0,3241.3500000000004,174,114
174.0,3241.3500000000004,174,114
174.0,3241.3500000000004,174,114
174.0,3241.3500000000004,174,114
174.0,3241.3500000000004,174,114
174.0,3241.3500000000004,174,114
174.0,3241.3500000000004,174,114
174.0,3241.3500000000004,174,114
174.0,3241.3500000000004,174,114
174.0,3241.3500000000004,174,114
174.0,3241.3500000000004,174,114
174.0,3241.3500000000004,174,114
174.0,3241.3500000000004,174,114
174.0,3241.3500000000004,174,114
174.0,3241.3500000000004,174,114
174.0,3241.3500000000004,174,114
174.0,3241.3500000000004,174,114
174.0,3241.3500000000004,174,114
174.0,3241.3500000000004,174,114
174.0,3241.3500000000004,174,114
174.0,3241.3500000000004,174,114
174.0,3241.3500000000004,174,114
174.0,3241.3500000000004,174,114
174.0,3241.3500000000004,174,114
174.0,3241.3500000000004,174,114
174.0,3241.3500000000004,174,114
174.0,3241.3500000000004,174,114
174.0,3241.3500000000004,174,114
174.0,3241.3500000000004,174,114
174.0,3241.3500000000004,174,114
174.0,3241.3500000000004,174,114
174.0,3241.3500000000004,174,114
174.0,3241.3500000000004,174,114
174.0,3241.3500000000004,174,114
174.0,3241.3500000000004,174,114
174.0,3241.3500000000004,174,114
174.0,3241.3500000000004,174,114
174.0,3241.3500000000004,174,114
174.0,3241.3500000000004,174,114
174.0,3241.3500000000004,174,114
174.0,3241.3500000000004,174,114
174.0,3241.3500000000004,174,114
174.0,3241.3500000000004,174,114
174.0,3241.3500000000004,174,114
174.0,3241.3500000000004,174,114
174.0,3241.3500000000004,174,114
174.0,3241.3500000000004,174,114
174.0,3241.3500000000004,174,114
174.0,3241.3500000000004,174,114
174.0,3241.3500000000004,174,114
174.0,3241.3500000000004,174,114
174.0,3241.3500000000004,174,114
174.0,3241.3500000000004,174,114
174.0,3241.3500000000004,174,114
174.0,3241.3500000000004,174,114
0.0,60.0,340,115
0.0,60.0,280,115
0.0,60.0,220,115
63.0,60.0,223,115
90.75,93.75,220,115
68.75,93.75,195,115
51.75,93.75,153,115
77.75,93.75,137,115
77.75,93.75,121,115
77.75,93.75,105,115
77.75,93.75,89,115
78.0,93.75,78,115
78.0,93.75,78,115
69.0,93.75,69,115
65.0,93.75,65,115
65.0,93.75,65,115
65.0,93.75,65,115
52.0,60.0,57,115
52.0,60.0,52,115
52.0,60.0,52,115
52.0,60.0,52,115
52.0,60.0,52,115
52.0,60.0,52,115
52.0,60.0,52,115
52.0,60.0,52,115
52.0,60.0,52,115
52.0,60.0,52,115
52.0,60.0,52,115
52.0,60.0,52,115
52.0,60.0,52,115
52.0,60.0,52,115
52.0,60.0,52,115
52.0,60.0,52,115
52.0,60.0,52,115
52.0,60.0,52,115
52.0,60.0,52,115
52.0,60.0,52,115
52.0,60.0,52,115
52.0,60.0,52,115
52.0,60.0,52,115
52.0,60.0,52,115
52.0,60.0,52,115
52.0,60.0,52,115
52.0,60.0,52,115
52.0,60.0,52,115
52.0,60.0,52,115
52.0,60.0,52,115
52.0,60.0,52,115
52.0,60.0,52,115
52.0,60.0,52,115
52.0,60.0,52,115
52.0,60.0,52,115
52.0,60.0,52,115
52.0,60.0,52,115
52.0,60.0,52,115
52.0,60.0,52,115
52.0,60.0,52,115
52.0,60.0,52,115
52.0,60.0,52,115
52.0,60.0,52,115
52.0,60.0,52,115
52.0,60.0,52,115
52.0,60.0,52,115
52.0,60.0,52,115
52.0,60.0,52,115
52.0,60.0,52,115
52.0,60.0,52,115
52.0,60.0,52,115
52.0,60.0,52,115
52.0,60.0,52,115
52.0,60.0,52,115
52.0,60.0,52,115
52.0,60.0,52,115
52.0,60.0,52,115
52.0,60.0,52,115
52.0,60.0,52,115
52.0,60.0,52,115
52.0,60.0,52,115
52.0,60.0,52,115
52.0,60.0,52,115
52.0,60.0,52,115
52.0,60.0,52,115
52.0,60.0,52,115
52.0,60.0,52,115
52.0,60.0,52,115
52.0,60.0,52,115
52.0,60.0,52,115
52.0,60.0,52,115
52.0,60.0,52,115
52.0,60.0,52,115
52.0,60.0,52,115
52.0,60.0,52,115
52.0,60.0,52,115
52.0,60.0,52,115
52.0,60.0,52,115
52.0,60.0,52,115
65.0,60.0,65,115
91.0,117.6,91,115
130.0,252.15000000000003,130,115
186.0,522.1500000000001,186,115
0.0,60.0,340,116
156.0,60.0,436,116
130.0,60.0,506,116
0.0,60.0,446,116
0.0,60.0,386,116
0.0,60.0,326,116
0.0,60.0,266,116
0.0,60.0,206,116
0.0,60.0,146,116
0.0,60.0,86,116
0.0,60.0,26,116
0.0,60.0,0,116
0.0,33.75,0,116
0.0,21.6,0,116
0.0,12.15,0,116
0.0,7.35,0,116
0.0,5.4,0,116
0.0,3.75,0,116
0.0,2.4000000000000004,0,116
0.0,1.35,0,116
9.0,0.6000000000000001,9,116
8.6,0.6000000000000001,17,116
8.600000000000001,0.6000000000000001,25,116
8.600000000000001,0.6000000000000001,33,116
8.600000000000001,0.6000000000000001,41,116
8.600000000000001,0.6000000000000001,49,116
8.600000000000001,0.6000000000000001,57,116
8.600000000000001,0.6000000000000001,65,116
8.599999999999994,0.6000000000000001,73,116
8.599999999999994,0.6000000000000001,81,116
8.599999999999994,0.6000000000000001,89,116
8.599999999999994,0.6000000000000001,97,116
8.599999999999994,0.6000000000000001,105,116
8.599999999999994,0.6000000000000001,113,116
8.599999999999994,0.6000000000000001,121,116
8.599999999999994,0.6000000000000001,129,116
8.599999999999994,0.6000000000000001,137,116
8.599999999999994,0.6000000000000001,145,116
8.599999999999994,0.6000000000000001,153,116
8.599999999999994,0.6000000000000001,161,116
8.599999999999994,0.6000000000000001,169,116
8.599999999999994,0.6000000000000001,177,116
8.599999999999994,0.6000000000000001,185,116
8.599999999999994,0.6000000000000001,193,116
8.599999999999994,0.6000000000000001,201,116
8.599999999999994,0.6000000000000001,209,116
8.599999999999994,0.6000000000000001,217,116
8.599999999999994,0.6000000000000001,225,116
8.599999999999994,0.6000000000000001,233,116
8.599999999999994,0.6000000000000001,241,116
8.599999999999994,0.6000000000000001,249,116
8.599999999999994,0.6000000000000001,257,116
8.600000000000023,0.6000000000000001,265,116
8.600000000000023,0.6000000000000001,273,116
8.600000000000023,0.6000000000000001,281,116
8.600000000000023,0.6000000000000001,289,116
8.600000000000023,0.6000000000000001,297,116
8.600000000000023,0.6000000000000001,305,116
8.600000000000023,0.6000000000000001,313,116
8.600000000000023,0.6000000000000001,321,116
8.600000000000023,0.6000000000000001,329,116
8.600000000000023,0.6000000000000001,337,116
8.600000000000023,0.6000000000000001,345,116
8.600000000000023,0.6000000000000001,353,116
8.600000000000023,0.6000000000000001,361,116
8.600000000000023,0.6000000000000001,369,116
8.600000000000023,0.6000000000000001,377,116
8.600000000000023,0.6000000000000001,385,116
8.600000000000023,0.6000000000000001,393,116
8.600000000000023,0.6000000000000001,401,116
8.600000000000023,0.6000000000000001,409,116
8.600000000000023,0.6000000000000001,417,116
8.600000000000023,0.6000000000000001,425,116
8.600000000000023,0.6000000000000001,433,116
8.600000000000023,0.6000000000000001,441,116
8.600000000000023,0.6000000000000001,449,116
8.600000000000023,0.6000000000000001,457,116
8.600000000000023,0.6000000000000001,465,116
8.600000000000023,0.6000000000000001,473,116
8.600000000000023,0.6000000000000001,481,116
8.600000000000023,0.6000000000000001,489,116
8.600000000000023,0.6000000000000001,497,116
8.600000000000023,0.6000000000000001,505,116
8.600000000000023,0.6000000000000001,513,116
8.600000000000023,0.6000000000000001,521,116
8.600000000000023,0.6000000000000001,529,116
8.600000000000023,0.6000000000000001,537,116
8.600000000000023,0.6000000000000001,545,116
8.600000000000023,0.6000000000000001,553,116
8.600000000000023,0.6000000000000001,561,116
8.600000000000023,0.6000000000000001,569,116
8.600000000000023,0.6000000000000001,577,116
8.600000000000023,0.6000000000000001,585,116
8.600000000000023,0.6000000000000001,593,116
8.600000000000023,0.6000000000000001,601,116
8.600000000000023,0.6000000000000001,609,116
8.600000000000023,0.6000000000000001,617,116
8.600000000000023,0.6000000000000001,625,116
8.600000000000023,0.6000000000000001,633,116
8.600000000000023,0.6000000000000001,641,116
0.0,60.0,340,117
0.0,60.0,280,117
0.0,33.75,246,117
0.0,33.75,212,117
21.25,33.75,200,117
36.75,33.75,203,117
39.75,33.75,209,117
46.6,48.6,207,117
34.599999999999994,48.6,193,117
75.6,48.6,220,117
72.6,48.6,244,117
0.0,54.150000000000006,189,117
56.30000000000001,54.150000000000006,192,117
57.0,60.0,189,117
57.0,60.0,186,117
57.0,60.0,183,117
57.0,60.0,180,117
57.0,60.0,177,117
57.0,60.0,174,117
57.0,60.0,171,117
57.0,60.0,168,117
57.0,60.0,165,117
53.400000000000006,38.400000000000006,180,117
56.35,43.35,193,117
57.0,60.0,190,117
57.0,60.0,187,117
37.400000000000006,29.4,195,117
37.400000000000006,29.4,203,117
53.400000000000006,38.400000000000006,218,117
56.6,48.6,226,117
56.150000000000006,54.150000000000006,228,117
72.60000000000002,72.60000000000001,228,117
72.60000000000002,72.60000000000001,228,117
72.60000000000002,72.60000000000001,228,117
72.60000000000002,72.60000000000001,228,117
72.60000000000002,72.60000000000001,228,117
72.60000000000002,72.60000000000001,228,117
72.60000000000002,72.60000000000001,228,117
72.60000000000002,72.60000000000001,228,117
72.60000000000002,72.60000000000001,228,117
72.60000000000002,72.60000000000001,228,117
72.60000000000002,72.60000000000001,228,117
72.60000000000002,72.60000000000001,228,117
72.60000000000002,72.60000000000001,228,117
72.60000000000002,72.60000000000001,228,117
72.60000000000002,72.60000000000001,228,117
72.60000000000002,72.60000000000001,228,117
72.60000000000002,72.60000000000001,228,117
72.60000000000002,72.60000000000001,228,117
72.60000000000002,72.60000000000001,228,117
72.60000000000002,72.60000000000001,228,117
72.60000000000002,72.60000000000001,228,117
72.60000000000002,72.60000000000001,228,117
72.60000000000002,72.60000000000001,228,117
72.60000000000002,72.60000000000001,228,117
72.60000000000002,72.60000000000001,228,117
72.60000000000002,72.60000000000001,228,117
72.60000000000002,72.60000000000001,228,117
72.60000000000002,72.60000000000001,228,117
72.60000000000002,72.60000000000001,228,117
72.60000000000002,72.60000000000001,228,117
72.60000000000002,72.60000000000001,228,117
72.60000000000002,72.60000000000001,228,117
72.60000000000002,72.60000000000001,228,117
72.60000000000002,72.60000000000001,228,117
72.60000000000002,72.60000000000001,228,117
72.60000000000002,72.60000000000001,228,117
72.60000000000002,72.60000000000001,228,117
72.60000000000002,72.60000000000001,228,117
72.60000000000002,72.60000000000001,228,117
72.60000000000002,72.60000000000001,228,117
72.60000000000002,72.60000000000001,228,117
72.60000000000002,72.60000000000001,228,117
72.60000000000002,72.60000000000001,228,117
72.60000000000002,72.60000000000001,228,117
72.60000000000002,72.60000000000001,228,117
72.60000000000002,72.60000000000001,228,117
72.60000000000002,72.60000000000001,228,117
72.60000000000002,72.60000000000001,228,117
72.60000000000002,72.60000000000001,228,117
72.60000000000002,72.60000000000001,228,117
72.60000000000002,72.60000000000001,228,117
72.60000000000002,72.60000000000001,228,117
37.400000000000006,29.4,236,117
53.400000000000006,38.400000000000006,251,117
56.35,43.35,264,117
56.6,48.6,272,117
56.150000000000006,54.150000000000006,274,117
56.150000000000006,54.150000000000006,276,117
65.15,66.15,275,117
65.15,66.15,274,117
65.15,66.15,273,117
65.15,66.15,272,117
65.15,66.15,271,117
65.15,66.15,270,117
65.15,66.15,269,117
65.15,66.15,268,117
37.35,25.35,280,117
53.400000000000006,38.400000000000006,295,117
56.35,43.35,308,117
0.0,60.0,340,118
0.0,60.0,280,118
0.0,60.0,220,118
98.15,54.150000000000006,264,118
107.15,144.15,227,118
149.15,144.15,232,118
210.0,277.35,210,118
156.0,277.35,156,118
81.0,277.35,81,118
120.0,277.35,120,118
120.0,390.15,120,118
150.0,390.15,150,118
195.0,673.35,195,118
272.0,1530.15,272,118
280.0,1782.15,280,118
312.0,2124.15,312,118
360.0,2419.3500000000004,360,118
365.0,2856.6000000000004,365,118
375.0,3557.4,375,118
375.0,3985.35,375,118
375.0,3985.35,375,118
375.0,3985.35,375,118
375.0,3985.35,375,118
375.0,3985.35,375,118
375.0,3985.35,375,118
375.0,3985.35,375,118
375.0,3985.35,375,118
375.0,3985.35,375,118
375.0,3985.35,375,118
375.0,3985.35,375,118
375.0,3985.35,375,118
375.0,3985.35,375,118
375.0,3557.4,375,118
360.0,2457.6000000000004,360,118
360.0,2457.6000000000004,360,118
360.0,2457.6000000000004,360,118
360.0,2457.6000000000004,360,118
360.0,2457.6000000000004,360,118
360.0,2457.6000000000004,360,118
360.0,2457.6000000000004,360,118
360.0,2457.6000000000004,360,118
360.0,2457.6000000000004,360,118
360.0,2457.6000000000004,360,118
360.0,2457.6000000000004,360,118
360.0,2457.6000000000004,360,118
360.0,2457.6000000000004,360,118
360.0,2457.6000000000004,360,118
360.0,2457.6000000000004,360,118
360.0,2457.6000000000004,360,118
360.0,2457.6000000000004,360,118
360.0,2457.6000000000004,360,118
360.0,2457.6000000000004,360,118
360.0,2457.6000000000004,360,118
360.0,2457.6000000000004,360,118
360.0,2457.6000000000004,360,118
360.0,2457.6000000000004,360,118
360.0,2457.6000000000004,360,118
360.0,2457.6000000000004,360,118
360.0,2457.6000000000004,360,118
360.0,2457.6000000000004,360,118
360.0,2457.6000000000004,360,118
360.0,2457.6000000000004,360,118
261.0,1188.15,261,118
261.0,1188.15,261,118
261.0,1188.15,261,118
261.0,1188.15,261,118
261.0,1188.15,261,118
261.0,1188.15,261,118
261.0,1188.15,261,118
261.0,1188.15,261,118
261.0,1188.15,261,118
195.0,673.35,195,118
195.0,673.35,195,118
195.0,673.35,195,118
195.0,673.35,195,118
195.0,673.35,195,118
195.0,673.35,195,118
195.0,673.35,195,118
195.0,673.35,195,118
195.0,673.35,195,118
195.0,673.35,195,118
195.0,673.35,195,118
195.0,673.35,195,118
195.0,673.35,195,118
195.0,673.35,195,118
195.0,673.35,195,118
195.0,673.35,195,118
195.0,673.35,195,118
195.0,673.35,195,118
135.0,303.75,135,118
135.0,303.75,135,118
135.0,303.75,135,118
135.0,303.75,135,118
135.0,303.75,135,118
135.0,303.75,135,118
135.0,303.75,135,118
135.0,303.75,135,118
135.0,303.75,135,118
135.0,303.75,135,118
135.0,303.75,135,118
0.0,60.0,340,119
0.0,60.0,280,119
0.0,60.0,220,119
0.0,60.0,160,119
0.0,60.0,100,119
0.0,60.0,40,119
0.0,60.0,0,119
0.0,33.75,0,119
0.0,21.6,0,119
0.0,12.15,0,119
0.0,7.35,0,119
0.0,5.4,0,119
0.0,3.75,0,119
0.0,2.4000000000000004,0,119
0.0,0.6000000000000001,0,119
0.0,0.15,0,119
0.0,60.0,340,120
0.0,60.0,280,120
0.0,60.0,220,120
0.0,60.0,160,120
0.0,60.0,100,120
0.0,60.0,40,120
0.0,60.0,0,120
0.0,33.75,0,120
0.0,21.6,0,120
0.0,12.15,0,120
0.0,7.35,0,120
0.0,5.4,0,120
0.0,3.75,0,120
0.0,2.4000000000000004,0,120
0.0,1.35,0,120
0.0,0.6000000000000001,0,120
0.0,0.15,0,120
0.0,60.0,340,121
0.0,60.0,280,121
240.0,60.0,460,121
168.0,60.0,568,121
180.0,60.0,688,121
72.0,60.0,700,121
84.0,60.0,724,121
72.0,60.0,736,121
30.0,60.0,706,121
76.0,60.0,722,121
87.60000000000002,72.60000000000001,737,121
93.39999999999998,86.4,744,121
94.39999999999998,101.4,737,121
94.39999999999998,101.4,730,121
93.39999999999998,101.4,722,121
87.39999999999998,101.4,708,121
74.39999999999998,101.4,681,121
87.39999999999998,101.4,667,121
87.39999999999998,101.4,653,121
87.39999999999998,101.4,639,121
87.39999999999998,101.4,625,121
87.39999999999998,101.4,611,121
87.39999999999998,101.4,597,121
55.35000000000002,43.35,609,121
56.14999999999998,54.150000000000006,611,121
75.39999999999998,86.4,600,121
75.39999999999998,86.4,589,121
75.39999999999998,86.4,578,121
75.39999999999998,86.4,567,121
75.39999999999998,86.4,556,121
75.39999999999998,86.4,545,121
75.39999999999998,86.4,534,121
75.39999999999998,86.4,523,121
75.39999999999998,86.4,512,121
68.14999999999998,66.15,514,121
75.39999999999998,86.4,503,121
75.39999999999998,86.4,492,121
75.39999999999998,86.4,481,121
75.39999999999998,86.4,470,121
75.39999999999998,86.4,459,121
68.14999999999998,66.15,461,121
87.39999999999998,101.4,447,121
87.39999999999998,101.4,433,121
87.39999999999998,101.4,419,121
87.39999999999998,101.4,405,121
74.60000000000002,72.60000000000001,407,121
74.35000000000002,79.35000000000001,402,121
74.35000000000002,79.35000000000001,397,121
74.35000000000002,79.35000000000001,392,121
74.35000000000002,79.35000000000001,387,121
74.35000000000002,79.35000000000001,382,121
74.35000000000002,79.35000000000001,377,121
74.35000000000002,79.35000000000001,372,121
74.35000000000002,79.35000000000001,367,121
74.35000000000002,79.35000000000001,362,121
74.35000000000002,79.35000000000001,357,121
74.35000000000002,79.35000000000001,352,121
74.35000000000002,79.35000000000001,347,121
74.35000000000002,79.35000000000001,342,121
74.35000000000002,79.35000000000001,337,121
74.35000000000002,79.35000000000001,332,121
74.35000000000002,79.35000000000001,327,121
74.35000000000002,79.35000000000001,322,121
69.0,60.0,331,121
69.0,60.0,340,121
75.75,93.75,322,121
75.75,93.75,304,121
75.75,93.75,286,121
75.75,93.75,268,121
75.75,93.75,250,121
75.75,93.75,232,121
75.75,93.75,214,121
75.75,93.75,196,121
75.75,93.75,178,121
75.75,93.75,160,121
69.0,60.0,169,121
75.75,93.75,151,121
75.75,93.75,133,121
75.75,93.75,115,121
68.15,66.15,117,121
74.60000000000001,72.60000000000001,119,121
87.35000000000001,109.35,97,121
88.0,109.35,88,121
88.0,109.35,88,121
88.0,109.35,88,121
88.0,109.35,88,121
88.0,109.35,88,121
55.35,43.35,100,121
37.6,21.6,116,121
55.35,43.35,128,121
69.0,60.0,137,121
75.75,93.75,119,121
75.75,93.75,101,121
75.75,93.75,83,121
76.0,93.75,76,121
76.0,93.75,76,121
55.400000000000006,38.400000000000006,93,121
55.35,43.35,105,121
56.150000000000006,54.150000000000006,107,121
74.35000000000001,79.35000000000001,102,121
0.0,60.0,340,122
126.0,60.0,406,122
76.0,60.0,422,122
21.0,60.0,383,122
180.0,60.0,503,122
114.0,60.0,557,122
172.60000000000002,72.60000000000001,657,122
172.35000000000002,79.35000000000001,750,122
179.39999999999998,86.4,843,122
163.35000000000002,79.35000000000001,927,122
214.15,126.15,1015,122
243.4,173.4,1085,122
272.6,216.6,1141,122
301.6,264.6,1178,122
330.4000000000001,317.40000000000003,1191,122
301.35,421.35,1071,122
301.35,421.35,951,122
301.35,421.35,831,122
301.35,421.35,711,122
243.6,264.6,690,122
243.6,264.6,669,122
243.6,264.6,648,122
243.6,264.6,627,122
243.6,264.6,606,122
243.6,264.6,585,122
243.6,264.6,564,122
163.14999999999998,126.15,601,122
185.35,163.35000000000002,623,122
214.35,205.35,632,122
243.35,277.35,598,122
156.60000000000002,117.6,637,122
185.15,144.15,678,122
202.75,183.75,697,122
221.15000000000003,228.15000000000003,690,122
221.15000000000003,228.15000000000003,683,122
221.15000000000003,228.15000000000003,676,122
221.15000000000003,228.15000000000003,669,122
221.15000000000003,228.15000000000003,662,122
221.15000000000003,228.15000000000003,655,122
221.15000000000003,228.15000000000003,648,122
221.15000000000003,228.15000000000003,641,122
221.15000000000003,228.15000000000003,634,122
221.15000000000003,228.15000000000003,627,122
221.15000000000003,228.15000000000003,620,122
221.15000000000003,228.15000000000003,613,122
221.15000000000003,228.15000000000003,606,122
221.15000000000003,228.15000000000003,599,122
221.15000000000003,228.15000000000003,592,122
221.15000000000003,228.15000000000003,585,122
221.15000000000003,228.15000000000003,578,122
221.15000000000003,228.15000000000003,571,122
221.15000000000003,228.15000000000003,564,122
221.15000000000003,228.15000000000003,557,122
221.15000000000003,228.15000000000003,550,122
221.15000000000003,228.15000000000003,543,122
221.15000000000003,228.15000000000003,536,122
214.4,194.4,556,122
243.15000000000003,252.15000000000003,547,122
243.15000000000003,252.15000000000003,538,122
243.15000000000003,252.15000000000003,529,122
243.15000000000003,252.15000000000003,520,122
243.15000000000003,252.15000000000003,511,122
243.15000000000003,252.15000000000003,502,122
243.15000000000003,252.15000000000003,493,122
243.15000000000003,252.15000000000003,484,122
243.15000000000003,252.15000000000003,475,122
243.15000000000003,252.15000000000003,466,122
243.15000000000003,252.15000000000003,457,122
243.15000000000003,252.15000000000003,448,122
243.15000000000003,252.15000000000003,439,122
243.15000000000003,252.15000000000003,430,122
243.15000000000003,252.15000000000003,421,122
243.15000000000003,252.15000000000003,412,122
243.15000000000003,252.15000000000003,403,122
243.15000000000003,252.15000000000003,394,122
243.15000000000003,252.15000000000003,385,122
185.15,144.15,426,122
192.4,173.4,445,122
232.0,240.0,437,122
232.0,240.0,429,122
232.0,240.0,421,122
232.0,240.0,413,122
232.0,240.0,405,122
232.0,240.0,397,122
232.0,240.0,389,122
232.0,240.0,381,122
232.0,240.0,373,122
232.0,240.0,365,122
232.0,240.0,357,122
232.0,240.0,349,122
232.0,240.0,341,122
232.0,240.0,333,122
232.0,240.0,325,122
232.0,240.0,317,122
232.0,240.0,309,122
232.0,240.0,301,122
232.0,240.0,293,122
232.0,240.0,285,122
232.0,240.0,277,122
232.0,240.0,269,122
0.0,60.0,340,123
0.0,43.35,296,123
0.0,43.35,253,123
20.05000000000001,43.35,230,123
20.349999999999994,43.35,207,123
16.349999999999994,43.35,180,123
4.150000000000006,18.15,166,123
9.150000000000006,18.15,157,123
19.15000000000001,18.15,158,123
19.599999999999994,21.6,156,123
19.599999999999994,21.6,154,123
15.599999999999994,21.6,148,123
19.599999999999994,21.6,146,123
19.599999999999994,21.6,144,123
19.599999999999994,21.6,142,123
19.599999999999994,21.6,140,123
19.599999999999994,21.6,138,123
19.599999999999994,21.6,136,123
19.599999999999994,21.6,134,123
19.599999999999994,21.6,132,123
19.599999999999994,21.6,130,123
19.599999999999994,21.6,128,123
19.599999999999994,21.6,126,123
19.599999999999994,21.6,124,123
9.599999999999994,21.6,112,123
15.599999999999994,21.6,106,123
15.599999999999994,21.6,100,123
15.599999999999994,21.6,94,123
15.599999999999994,21.6,88,123
15.599999999999994,21.6,82,123
15.6,21.6,76,123
15.6,21.6,70,123
15.6,21.6,64,123
15.6,21.6,58,123
15.6,21.6,52,123
15.6,21.6,46,123
15.6,21.6,40,123
15.6,21.6,34,123
15.6,21.6,28,123
15.6,21.6,22,123
15.6,21.6,16,123
16.0,21.6,16,123
16.0,21.6,16,123
16.0,21.6,16,123
16.0,21.6,16,123
16.0,21.6,16,123
16.0,21.6,16,123
16.0,21.6,16,123
16.0,21.6,16,123
16.0,21.6,16,123
16.0,21.6,16,123
16.0,21.6,16,123
16.0,21.6,16,123
16.0,21.6,16,123
16.0,21.6,16,123
16.0,21.6,16,123
16.0,21.6,16,123
16.0,21.6,16,123
16.0,21.6,16,123
16.0,21.6,16,123
16.0,21.6,16,123
16.0,21.6,16,123
16.0,21.6,16,123
16.0,21.6,16,123
16.0,21.6,16,123
16.0,21.6,16,123
16.0,21.6,16,123
16.0,21.6,16,123
16.0,21.6,16,123
16.0,21.6,16,123
16.0,21.6,16,123
16.0,21.6,16,123
16.0,21.6,16,123
16.0,21.6,16,123
16.0,21.6,16,123
16.0,21.6,16,123
16.0,21.6,16,123
16.0,21.6,16,123
16.0,21.6,16,123
16.0,21.6,16,123
16.0,21.6,16,123
16.0,21.6,16,123
16.0,21.6,16,123
16.0,21.6,16,123
16.0,21.6,16,123
16.0,21.6,16,123
16.0,21.6,16,123
16.0,21.6,16,123
16.0,21.6,16,123
16.0,21.6,16,123
16.0,21.6,16,123
16.0,21.6,16,123
16.0,21.6,16,123
16.0,21.6,16,123
16.0,21.6,16,123
16.0,21.6,16,123
20.0,21.6,20,123
26.0,38.400000000000006,26,123
30.0,60.0,30,123
40.0,79.35000000000001,40,123
0.0,60.0,340,124
0.0,60.0,280,124
0.0,60.0,220,124
0.0,60.0,160,124
0.0,60.0,100,124
91.0,60.0,131,124
117.4,101.4,147,124
52.0,135.0,64,124
0.0,135.0,0,124
0.0,79.35000000000001,0,124
0.0,48.6,0,124
0.0,29.4,0,124
27.0,18.15,27,124
26.15,18.15,35,124
26.6,21.6,40,124
35.35,25.35,50,124
26.75,33.75,43,124
17.75,33.75,27,124
35.0,33.75,35,124
35.0,38.400000000000006,35,124
9.0,38.400000000000006,9,124
40.0,38.400000000000006,40,124
30.40000000000001,38.400000000000006,32,124
18.0,38.400000000000006,18,124
44.0,38.400000000000006,44,124
18.0,72.60000000000001,18,124
18.0,72.60000000000001,18,124
68.0,72.60000000000001,68,124
68.0,101.4,68,124
59.0,93.75,59,124
25.0,93.75,25,124
47.0,54.150000000000006,47,124
50.0,72.60000000000001,50,124
22.0,117.6,22,124
68.0,117.6,68,124
68.0,163.35000000000002,68,124
75.0,163.35000000000002,75,124
43.0,264.6,43,124
18.0,264.6,18,124
129.0,264.6,129,124
148.0,405.6,148,124
185.0,576.6,185,124
157.0,714.1500000000001,157,124
185.0,714.1500000000001,185,124
252.0,1215.0,252,124
336.0,1881.6,336,124
259.0,1353.75,259,124
259.0,1353.75,259,124
148.0,1353.75,148,124
240.0,1297.35,240,124
228.0,1717.35,228,124
294.0,1717.35,294,124
216.0,1815.0,216,124
117.0,1815.0,117,124
195.0,1815.0,195,124
300.0,2574.15,300,124
294.0,2419.3500000000004,294,124
238.0,2419.3500000000004,238,124
150.0,2160.0,150,124
214.0,2160.0,214,124
120.0,2419.3500000000004,120,124
96.0,2419.3500000000004,96,124
81.0,984.15,81,124
111.0,984.15,111,124
111.0,1135.35,111,124
173.0,1135.35,173,124
82.0,1560.6,82,124
191.0,1560.6,191,124
191.0,1560.6,191,124
157.0,1560.6,157,124
191.0,1560.6,191,124
164.0,1591.35,164,124
191.0,1591.35,191,124
238.0,1782.15,238,124
75.0,1949.4,75,124
238.0,1949.4,238,124
180.0,2088.6000000000004,180,124
217.0,1881.6,217,124
217.0,1915.35,217,124
35.0,1915.35,35,124
180.0,1382.4,180,124
83.0,1560.6,83,124
189.0,1500.0,189,124
189.0,1685.4,189,124
9.0,1685.4,9,124
211.0,1685.4,211,124
217.0,1717.35,217,124
173.0,1749.6,173,124
217.0,1749.6,217,124
217.0,1749.6,217,124
217.0,1749.6,217,124
217.0,1749.6,217,124
217.0,1749.6,217,124
217.0,1749.6,217,124
217.0,1749.6,217,124
217.0,1749.6,217,124
173.0,1749.6,173,124
156.0,1749.6,156,124
217.0,1749.6,217,124
173.0,1848.15,173,124
0.0,60.0,340,125
0.0,60.0,280,125
0.0,60.0,220,125
0.0,60.0,160,125
0.0,60.0,100,125
4.0,60.0,44,125
3.0,60.0,3,125
3.0,54.150000000000006,3,125
33.0,54.150000000000006,33,125
33.0,54.150000000000006,33,125
33.0,54.150000000000006,33,125
33.0,54.150000000000006,33,125
33.0,54.150000000000006,33,125
33.0,54.150000000000006,33,125
33.0,54.150000000000006,33,125
33.0,54.150000000000006,33,125
33.0,54.150000000000006,33,125
33.0,54.150000000000006,33,125
33.0,54.150000000000006,33,125
33.0,54.150000000000006,33,125
33.0,54.150000000000006,33,125
33.0,54.150000000000006,33,125
33.0,54.150000000000006,33,125
33.0,54.150000000000006,33,125
33.0,54.150000000000006,33,125
33.0,54.150000000000006,33,125
33.0,54.150000000000006,33,125
33.0,54.150000000000006,33,125
33.0,54.150000000000006,33,125
33.0,54.150000000000006,33,125
33.0,54.150000000000006,33,125
33.0,54.150000000000006,33,125
33.0,54.150000000000006,33,125
33.0,54.150000000000006,33,125
33.0,54.150000000000006,33,125
33.0,54.150000000000006,33,125
33.0,54.150000000000006,33,125
33.0,54.150000000000006,33,125
33.0,54.150000000000006,33,125
33.0,54.150000000000006,33,125
33.0,54.150000000000006,33,125
33.0,54.150000000000006,33,125
33.0,54.150000000000006,33,125
33.0,54.150000000000006,33,125
33.0,54.150000000000006,33,125
33.0,54.150000000000006,33,125
33.0,54.150000000000006,33,125
33.0,54.150000000000006,33,125
33.0,54.150000000000006,33,125
33.0,54.150000000000006,33,125
33.0,54.150000000000006,33,125
33.0,54.150000000000006,33,125
40.0,54.150000000000006,40,125
40.0,54.150000000000006,40,125
40.0,54.150000000000006,40,125
40.0,54.150000000000006,40,125
40.0,54.150000000000006,40,125
40.0,54.150000000000006,40,125
40.0,54.150000000000006,40,125
40.0,54.150000000000006,40,125
40.0,54.150000000000006,40,125
40.0,54.150000000000006,40,125
40.0,54.150000000000006,40,125
40.0,54.150000000000006,40,125
40.0,54.150000000000006,40,125
40.0,54.150000000000006,40,125
40.0,54.150000000000006,40,125
40.0,54.150000000000006,40,125
40.0,54.150000000000006,40,125
40.0,54.150000000000006,40,125
40.0,54.150000000000006,40,125
40.0,54.150000000000006,40,125
40.0,54.150000000000006,40,125
40.0,54.150000000000006,40,125
40.0,54.150000000000006,40,125
40.0,54.150000000000006,40,125
40.0,54.150000000000006,40,125
40.0,54.150000000000006,40,125
40.0,54.150000000000006,40,125
40.0,54.150000000000006,40,125
40.0,54.150000000000006,40,125
40.0,54.150000000000006,40,125
40.0,54.150000000000006,40,125
40.0,54.150000000000006,40,125
40.0,54.150000000000006,40,125
40.0,54.150000000000006,40,125
40.0,54.150000000000006,40,125
40.0,54.150000000000006,40,125
40.0,54.150000000000006,40,125
40.0,54.150000000000006,40,125
40.0,54.150000000000006,40,125
40.0,54.150000000000006,40,125
40.0,54.150000000000006,40,125
40.0,54.150000000000006,40,125
40.0,54.150000000000006,40,125
40.0,54.150000000000006,40,125
40.0,54.150000000000006,40,125
40.0,54.150000000000006,40,125
40.0,54.150000000000006,40,125
40.0,54.150000000000006,40,125
0.0,60.0,340,126
0.0,60.0,280,126
0.0,60.0,220,126
0.0,60.0,160,126
0.0,60.0,100,126
54.0,60.0,94,126
54.0,60.0,88,126
36.0,60.0,64,126
27.0,60.0,31,126
45.0,60.0,45,126
54.0,109.35,54,126
99.0,163.35000000000002,99,126
159.0,405.6,159,126
225.0,821.4000000000001,225,126
313.0,1591.35,313,126
322.0,1782.15,322,126
350.0,2053.3500000000004,350,126
403.0,2419.3500000000004,403,126
438.0,3024.6000000000004,438,126
420.0,3420.1500000000005,420,126
420.0,3420.1500000000005,420,126
420.0,3420.1500000000005,420,126
420.0,3420.1500000000005,420,126
420.0,3420.1500000000005,420,126
420.0,3420.1500000000005,420,126
420.0,3420.1500000000005,420,126
420.0,3420.1500000000005,420,126
420.0,3420.1500000000005,420,126
420.0,3420.1500000000005,420,126
420.0,3420.1500000000005,420,126
420.0,3420.1500000000005,420,126
420.0,3420.1500000000005,420,126
420.0,3420.1500000000005,420,126
420.0,3420.1500000000005,420,126
420.0,3420.1500000000005,420,126
420.0,3420.1500000000005,420,126
420.0,3420.1500000000005,420,126
409.0,2733.75,409,126
409.0,2733.75,409,126
409.0,2733.75,409,126
409.0,2733.75,409,126
409.0,2733.75,409,126
409.0,2733.75,409,126
409.0,2733.75,409,126
409.0,2733.75,409,126
409.0,2733.75,409,126
409.0,2733.75,409,126
409.0,2733.75,409,126
409.0,2733.75,409,126
409.0,2733.75,409,126
409.0,2733.75,409,126
409.0,2733.75,409,126
409.0,2733.75,409,126
409.0,2733.75,409,126
409.0,2733.75,409,126
409.0,2733.75,409,126
409.0,2733.75,409,126
409.0,2733.75,409,126
409.0,2733.75,409,126
409.0,2733.75,409,126
409.0,2733.75,409,126
409.0,2733.75,409,126
409.0,2733.75,409,126
409.0,2733.75,409,126
409.0,2733.75,409,126
409.0,2733.75,409,126
409.0,2733.75,409,126
409.0,2733.75,409,126
409.0,2733.75,409,126
409.0,2733.75,409,126
409.0,2733.75,409,126
409.0,2733.75,409,126
409.0,2733.75,409,126
409.0,2733.75,409,126
409.0,2733.75,409,126
409.0,2733.75,409,126
409.0,2733.75,409,126
409.0,2733.75,409,126
409.0,2733.75,409,126
409.0,2733.75,409,126
409.0,2733.75,409,126
409.0,2733.75,409,126
409.0,2733.75,409,126
409.0,2733.75,409,126
409.0,2733.75,409,126
409.0,2733.75,409,126
409.0,2733.75,409,126
409.0,2733.75,409,126
409.0,2733.75,409,126
409.0,2733.75,409,126
409.0,2733.75,409,126
409.0,2733.75,409,126
409.0,2733.75,409,126
409.0,2733.75,409,126
409.0,2733.75,409,126
409.0,2733.75,409,126
409.0,2733.75,409,126
409.0,2733.75,409,126
409.0,2733.75,409,126
409.0,2733.75,409,126
0.0,60.0,340,127
0.0,60.0,280,127
0.0,60.0,220,127
0.0,60.0,160,127
0.0,60.0,100,127
0.0,60.0,40,127
0.0,60.0,0,127
0.0,33.75,0,127
0.0,21.6,0,127
0.0,12.15,0,127
0.0,7.35,0,127
26.0,5.4,26,127
26.35,7.35,45,127
25.6,9.6,61,127
26.15,12.15,75,127
26.0,15.0,86,127
26.0,15.0,97,127
13.349999999999994,25.35,85,127
26.35,25.35,86,127
26.40000000000001,29.4,83,127
26.40000000000001,29.4,80,127
26.40000000000001,29.4,77,127
26.40000000000001,29.4,74,127
26.40000000000001,29.4,71,127
26.40000000000001,29.4,68,127
26.40000000000001,29.4,65,127
26.40000000000001,29.4,62,127
26.40000000000001,29.4,59,127
26.4,29.4,56,127
13.400000000000002,29.4,40,127
26.4,29.4,37,127
26.4,29.4,34,127
26.4,29.4,31,127
26.4,29.4,28,127
26.0,29.4,26,127
13.0,29.4,13,127
26.0,29.4,26,127
26.0,33.75,26,127
13.0,33.75,13,127
27.0,33.75,27,127
28.0,43.35,28,127
28.0,48.6,28,127
28.0,48.6,28,127
28.0,48.6,28,127
2.0,48.6,2,127
2.0,48.6,2,127
1.0,48.6,1,127
2.0,48.6,2,127
2.0,66.15,2,127
2.0,66.15,2,127
3.0,66.15,3,127
3.0,109.35,3,127
1.0,109.35,1,127
3.0,109.35,3,127
4.0,194.4,4,127
5.0,240.0,5,127
4.0,345.6,4,127
8.0,345.6,8,127
11.0,453.75,11,127
14.0,673.35,14,127
14.0,1083.75,14,127
107.0,1083.75,107,127
148.0,1685.4,148,127
91.0,1848.15,91,127
120.0,1382.4,120,127
120.0,2053.3500000000004,120,127
270.0,2053.3500000000004,270,127
268.0,2269.3500000000004,268,127
270.0,2269.3500000000004,270,127
274.0,2457.6000000000004,274,127
190.0,2613.6000000000004,190,127
404.0,2613.6000000000004,404,127
213.0,2856.6000000000004,213,127
410.0,2856.6000000000004,410,127
404.0,3110.4,404,127
414.0,3110.4,414,127
410.0,3375.0,410,127
308.0,2306.4,308,127
330.0,2306.4,330,127
342.0,2693.4,342,127
200.0,2940.0,200,127
337.0,2940.0,337,127
259.0,2419.3500000000004,259,127
332.0,2419.3500000000004,332,127
332.0,2613.6000000000004,332,127
332.0,2613.6000000000004,332,127
259.0,2613.6000000000004,259,127
225.0,2613.6000000000004,225,127
252.0,2613.6000000000004,252,127
462.0,3465.6000000000004,462,127
466.0,3603.75,466,127
382.0,3985.35,382,127
537.0,3985.35,537,127
378.0,4083.75,378,127
552.0,4083.75,552,127
541.0,3888.150000000001,541,127
398.0,3888.150000000001,398,127
421.0,3888.150000000001,421,127
418.0,4133.400000000001,418,127
270.0,4133.400000000001,270,127
0.0,60.0,340,128
0.0,60.0,280,128
0.0,60.0,220,128
0.0,60.0,160,128
0.0,60.0,100,128
0.0,60.0,40,128
0.0,60.0,0,128
0.0,33.75,0,128
0.0,21.6,0,128
0.0,12.15,0,128
0.0,7.35,0,128
0.0,5.4,0,128
0.0,3.75,0,128
1.0,2.4000000000000004,1,128
1.0,2.4000000000000004,1,128
1.0,2.4000000000000004,1,128
1.0,2.4000000000000004,1,128
1.0,2.4000000000000004,1,128
1.0,2.4000000000000004,1,128
1.0,2.4000000000000004,1,128
1.0,2.4000000000000004,1,128
1.0,2.4000000000000004,1,128
1.0,2.4000000000000004,1,128
1.0,2.4000000000000004,1,128
1.0,2.4000000000000004,1,128
1.0,2.4000000000000004,1,128
1.0,2.4000000000000004,1,128
1.0,2.4000000000000004,1,128
1.0,2.4000000000000004,1,128
1.0,2.4000000000000004,1,128
1.0,2.4000000000000004,1,128
1.0,2.4000000000000004,1,128
1.0,2.4000000000000004,1,128
1.0,2.4000000000000004,1,128
1.0,2.4000000000000004,1,128
1.0,2.4000000000000004,1,128
1.0,2.4000000000000004,1,128
1.0,2.4000000000000004,1,128
1.0,2.4000000000000004,1,128
1.0,2.4000000000000004,1,128
1.0,2.4000000000000004,1,128
1.0,2.4000000000000004,1,128
1.0,2.4000000000000004,1,128
1.0,2.4000000000000004,1,128
1.0,2.4000000000000004,1,128
1.0,2.4000000000000004,1,128
1.0,2.4000000000000004,1,128
1.0,2.4000000000000004,1,128
1.0,2.4000000000000004,1,128
1.0,2.4000000000000004,1,128
1.0,2.4000000000000004,1,128
1.0,2.4000000000000004,1,128
1.0,2.4000000000000004,1,128
1.0,2.4000000000000004,1,128
1.0,2.4000000000000004,1,128
1.0,2.4000000000000004,1,128
1.0,2.4000000000000004,1,128
1.0,2.4000000000000004,1,128
1.0,2.4000000000000004,1,128
1.0,2.4000000000000004,1,128
1.0,2.4000000000000004,1,128
1.0,2.4000000000000004,1,128
1.0,2.4000000000000004,1,128
1.0,2.4000000000000004,1,128
1.0,2.4000000000000004,1,128
1.0,2.4000000000000004,1,128
1.0,2.4000000000000004,1,128
1.0,2.4000000000000004,1,128
1.0,2.4000000000000004,1,128
1.0,2.4000000000000004,1,128
1.0,2.4000000000000004,1,128
1.0,2.4000000000000004,1,128
1.0,2.4000000000000004,1,128
1.0,2.4000000000000004,1,128
1.0,2.4000000000000004,1,128
1.0,2.4000000000000004,1,128
1.0,2.4000000000000004,1,128
1.0,2.4000000000000004,1,128
1.0,2.4000000000000004,1,128
1.0,2.4000000000000004,1,128
1.0,2.4000000000000004,1,128
1.0,2.4000000000000004,1,128
1.0,2.4000000000000004,1,128
1.0,2.4000000000000004,1,128
1.0,2.4000000000000004,1,128
1.0,2.4000000000000004,1,128
1.0,2.4000000000000004,1,128
1.0,2.4000000000000004,1,128
1.0,2.4000000000000004,1,128
1.0,2.4000000000000004,1,128
1.0,2.4000000000000004,1,128
1.0,2.4000000000000004,1,128
1.0,2.4000000000000004,1,128
1.0,2.4000000000000004,1,128
1.0,2.4000000000000004,1,128
1.0,2.4000000000000004,1,128
1.0,2.4000000000000004,1,128
1.0,2.4000000000000004,1,128
1.0,2.4000000000000004,1,128
1.0,2.4000000000000004,1,128
0.0,60.0,340,129
0.0,60.0,280,129
208.0,60.0,428,129
429.35,163.35000000000002,694,129
988.0,866.4000000000001,988,129
804.0,3744.6,804,129
612.0,3744.6,612,129
384.0,2419.3500000000004,384,129
320.0,2419.3500000000004,320,129
325.0,2419.3500000000004,325,129
330.0,2733.75,330,129
335.0,3330.15,335,129
340.0,3840.0,340,129
414.0,4335.0,414,129
420.0,4914.150000000001,420,129
426.0,5880.6,426,129
504.0,6552.150000000001,504,129
504.0,7260.0,504,129
504.0,7260.0,504,129
504.0,7260.0,504,129
504.0,7260.0,504,129
504.0,7260.0,504,129
504.0,7260.0,504,129
504.0,7260.0,504,129
504.0,7260.0,504,129
504.0,7260.0,504,129
504.0,7260.0,504,129
504.0,7260.0,504,129
504.0,7260.0,504,129
504.0,7260.0,504,129
504.0,7260.0,504,129
504.0,7260.0,504,129
504.0,7260.0,504,129
504.0,7260.0,504,129
504.0,7260.0,504,129
504.0,7260.0,504,129
504.0,7260.0,504,129
504.0,7260.0,504,129
504.0,7260.0,504,129
504.0,7260.0,504,129
504.0,7260.0,504,129
504.0,7260.0,504,129
504.0,7260.0,504,129
504.0,7260.0,504,129
504.0,7260.0,504,129
504.0,7260.0,504,129
504.0,7260.0,504,129
504.0,7260.0,504,129
504.0,7260.0,504,129
504.0,7260.0,504,129
504.0,7260.0,504,129
504.0,7260.0,504,129
504.0,7260.0,504,129
504.0,7260.0,504,129
504.0,7260.0,504,129
504.0,7260.0,504,129
504.0,7260.0,504,129
504.0,7260.0,504,129
504.0,7260.0,504,129
504.0,7260.0,504,129
504.0,7260.0,504,129
504.0,7260.0,504,129
504.0,7260.0,504,129
504.0,7260.0,504,129
504.0,7260.0,504,129
504.0,7260.0,504,129
504.0,7260.0,504,129
504.0,7260.0,504,129
504.0,7260.0,504,129
504.0,7260.0,504,129
504.0,7260.0,504,129
504.0,7260.0,504,129
504.0,7260.0,504,129
504.0,7260.0,504,129
504.0,7260.0,504,129
504.0,7260.0,504,129
504.0,7260.0,504,129
504.0,7260.0,504,129
504.0,7260.0,504,129
504.0,7260.0,504,129
504.0,7260.0,504,129
504.0,7260.0,504,129
504.0,7260.0,504,129
504.0,7260.0,504,129
504.0,7260.0,504,129
504.0,7260.0,504,129
504.0,7260.0,504,129
504.0,7260.0,504,129
504.0,7260.0,504,129
504.0,7260.0,504,129
504.0,7260.0,504,129
504.0,7260.0,504,129
504.0,7260.0,504,129
504.0,7260.0,504,129
504.0,7260.0,504,129
504.0,7260.0,504,129
504.0,7260.0,504,129
504.0,7260.0,504,129
504.0,7260.0,504,129
504.0,7260.0,504,129
0.0,60.0,340,130
0.0,60.0,280,130
0.0,60.0,220,130
0.0,60.0,160,130
0.0,60.0,100,130
0.0,60.0,40,130
0.0,60.0,0,130
0.0,33.75,0,130
0.0,21.6,0,130
4.0,12.15,4,130
8.0,12.15,8,130
4.0,15.0,4,130
4.0,5.4,4,130
4.0,5.4,4,130
4.0,5.4,4,130
4.0,5.4,4,130
4.0,5.4,4,130
4.0,5.4,4,130
4.0,5.4,4,130
4.0,5.4,4,130
4.0,5.4,4,130
4.0,5.4,4,130
4.0,5.4,4,130
4.0,5.4,4,130
4.0,5.4,4,130
4.0,5.4,4,130
4.0,5.4,4,130
4.0,5.4,4,130
4.0,5.4,4,130
4.0,5.4,4,130
4.0,5.4,4,130
4.0,5.4,4,130
4.0,5.4,4,130
4.0,5.4,4,130
4.0,5.4,4,130
4.0,5.4,4,130
4.0,5.4,4,130
4.0,5.4,4,130
4.0,5.4,4,130
4.0,5.4,4,130
4.0,5.4,4,130
4.0,5.4,4,130
4.0,5.4,4,130
4.0,5.4,4,130
4.0,5.4,4,130
4.0,5.4,4,130
4.0,5.4,4,130
4.0,5.4,4,130
4.0,5.4,4,130
4.0,5.4,4,130
4.0,5.4,4,130
4.0,5.4,4,130
4.0,5.4,4,130
4.0,5.4,4,130
4.0,5.4,4,130
4.0,5.4,4,130
4.0,5.4,4,130
4.0,5.4,4,130
4.0,5.4,4,130
4.0,5.4,4,130
4.0,5.4,4,130
4.0,5.4,4,130
4.0,5.4,4,130
4.0,5.4,4,130
4.0,5.4,4,130
4.0,5.4,4,130
4.0,5.4,4,130
4.0,5.4,4,130
4.0,5.4,4,130
4.0,5.4,4,130
4.0,5.4,4,130
4.0,5.4,4,130
4.0,5.4,4,130
4.0,5.4,4,130
4.0,5.4,4,130
4.0,5.4,4,130
4.0,5.4,4,130
4.0,5.4,4,130
4.0,5.4,4,130
4.0,5.4,4,130
4.0,5.4,4,130
4.0,5.4,4,130
4.0,5.4,4,130
4.0,5.4,4,130
4.0,5.4,4,130
4.0,5.4,4,130
4.0,5.4,4,130
4.0,5.4,4,130
4.0,5.4,4,130
4.0,5.4,4,130
4.0,5.4,4,130
4.0,5.4,4,130
4.0,5.4,4,130
4.0,5.4,4,130
4.0,5.4,4,130
4.0,5.4,4,130
4.0,5.4,4,130
4.0,5.4,4,130
4.0,5.4,4,130
4.0,5.4,4,130
0.0,60.0,340,131
0.0,60.0,280,131
0.0,60.0,220,131
0.0,60.0,160,131
0.0,60.0,100,131
0.0,60.0,40,131
54.0,60.0,54,131
18.0,101.4,18,131
63.0,93.75,63,131
54.0,93.75,54,131
18.0,93.75,18,131
36.0,93.75,36,131
99.0,163.35000000000002,99,131
117.0,216.6,117,131
117.0,331.35,117,131
117.0,331.35,117,131
99.0,331.35,99,131
117.0,331.35,117,131
162.0,576.6,162,131
189.0,889.3499999999999,189,131
225.0,1530.15,225,131
210.0,2496.15,210,131
210.0,2496.15,210,131
180.0,2496.15,180,131
215.0,2496.15,215,131
215.0,2774.4,215,131
292.0,2774.4,292,131
168.0,3067.3500000000004,168,131
157.0,3067.3500000000004,157,131
161.0,1717.35,161,131
118.0,673.35,118,131
84.0,673.35,84,131
88.0,421.35,88,131
88.0,576.6,88,131
71.0,317.40000000000003,71,131
71.0,317.40000000000003,71,131
35.0,317.40000000000003,35,131
27.0,317.40000000000003,27,131
95.0,317.40000000000003,95,131
104.0,405.6,104,131
74.0,194.4,74,131
74.0,194.4,74,131
74.0,194.4,74,131
74.0,194.4,74,131
74.0,194.4,74,131
30.0,101.4,30,131
57.0,101.4,57,131
21.0,126.15,21,131
49.0,126.15,49,131
49.0,144.15,49,131
49.0,144.15,49,131
49.0,144.15,49,131
21.0,144.15,21,131
49.0,144.15,49,131
49.0,173.4,49,131
49.0,173.4,49,131
49.0,173.4,49,131
49.0,173.4,49,131
49.0,173.4,49,131
49.0,173.4,49,131
21.0,173.4,21,131
49.0,173.4,49,131
49.0,205.35,49,131
49.0,205.35,49,131
49.0,205.35,49,131
49.0,153.60000000000002,49,131
48.0,109.35,48,131
48.0,109.35,48,131
37.0,79.35000000000001,37,131
37.0,79.35000000000001,37,131
37.0,79.35000000000001,37,131
37.0,79.35000000000001,37,131
37.0,79.35000000000001,37,131
21.0,38.400000000000006,21,131
21.0,38.400000000000006,21,131
21.0,38.400000000000006,21,131
21.0,38.400000000000006,21,131
21.0,38.400000000000006,21,131
21.0,38.400000000000006,21,131
21.0,38.400000000000006,21,131
21.0,38.400000000000006,21,131
21.0,21.6,21,131
21.0,21.6,21,131
21.0,21.6,21,131
21.0,21.6,21,131
20.15,18.15,23,131
21.0,25.35,21,131
21.0,25.35,21,131
20.0,25.35,20,131
20.0,25.35,20,131
20.0,25.35,20,131
20.0,25.35,20,131
20.0,25.35,20,131
20.0,25.35,20,131
20.0,25.35,20,131
20.0,25.35,20,131
20.0,25.35,20,131
20.0,25.35,20,131
20.0,25.35,20,131
20.0,25.35,20,131
0.0,60.0,340,132
216.0,60.0,496,132
240.0,60.0,676,132
144.0,60.0,760,132
108.0,60.0,808,132
120.0,60.0,868,132
83.60000000000002,117.6,834,132
124.60000000000002,117.6,841,132
163.39999999999998,173.4,831,132
163.39999999999998,173.4,821,132
163.39999999999998,173.4,811,132
163.39999999999998,173.4,801,132
163.39999999999998,173.4,791,132
150.39999999999998,173.4,768,132
138.39999999999998,173.4,733,132
138.39999999999998,173.4,698,132
163.39999999999998,173.4,688,132
163.39999999999998,173.4,678,132
163.39999999999998,173.4,668,132
163.39999999999998,173.4,658,132
163.39999999999998,173.4,648,132
163.39999999999998,173.4,638,132
163.39999999999998,173.4,628,132
163.39999999999998,173.4,618,132
163.39999999999998,173.4,608,132
163.39999999999998,173.4,598,132
163.39999999999998,173.4,588,132
163.39999999999998,173.4,578,132
163.39999999999998,173.4,568,132
163.39999999999998,173.4,558,132
163.39999999999998,173.4,548,132
163.39999999999998,173.4,538,132
163.39999999999998,173.4,528,132
125.35000000000002,109.35,544,132
149.60000000000002,153.60000000000002,540,132
149.60000000000002,153.60000000000002,536,132
149.60000000000002,153.60000000000002,532,132
149.60000000000002,153.60000000000002,528,132
149.60000000000002,153.60000000000002,524,132
149.60000000000002,153.60000000000002,520,132
149.60000000000002,153.60000000000002,516,132
149.60000000000002,153.60000000000002,512,132
149.60000000000002,153.60000000000002,508,132
149.60000000000002,153.60000000000002,504,132
149.60000000000002,153.60000000000002,500,132
149.60000000000002,153.60000000000002,496,132
149.60000000000002,153.60000000000002,492,132
149.60000000000002,153.60000000000002,488,132
149.60000000000002,153.60000000000002,484,132
149.60000000000002,153.60000000000002,480,132
149.60000000000002,153.60000000000002,476,132
149.60000000000002,153.60000000000002,472,132
150.0,135.0,487,132
163.39999999999998,173.4,477,132
163.39999999999998,173.4,467,132
163.39999999999998,173.4,457,132
163.39999999999998,173.4,447,132
163.39999999999998,173.4,437,132
163.39999999999998,173.4,427,132
163.4,173.4,417,132
163.4,173.4,407,132
163.4,173.4,397,132
163.4,173.4,387,132
163.4,173.4,377,132
163.4,173.4,367,132
163.4,173.4,357,132
163.4,173.4,347,132
163.4,173.4,337,132
163.4,173.4,327,132
163.4,173.4,317,132
163.4,173.4,307,132
163.4,173.4,297,132
163.4,173.4,287,132
163.4,173.4,277,132
163.4,173.4,267,132
163.4,173.4,257,132
163.4,173.4,247,132
163.4,173.4,237,132
163.4,173.4,227,132
163.4,173.4,217,132
163.4,173.4,207,132
163.4,173.4,197,132
163.4,173.4,187,132
163.4,173.4,177,132
163.4,173.4,167,132
163.0,173.4,163,132
163.0,173.4,163,132
163.0,173.4,163,132
125.4,101.4,187,132
150.15,144.15,193,132
174.75,183.75,184,132
174.75,183.75,175,132
175.0,183.75,175,132
175.0,183.75,175,132
175.0,183.75,175,132
150.0,135.0,190,132
163.35000000000002,163.35000000000002,190,132
163.35000000000002,163.35000000000002,190,132
163.35000000000002,163.35000000000002,190,132
163.35000000000002,163.35000000000002,190,132
0.0,60.0,340,133
180.0,60.0,460,133
180.0,60.0,580,133
108.0,60.0,628,133
90.0,60.0,658,133
63.0,60.0,661,133
36.0,60.0,637,133
45.0,60.0,622,133
45.0,60.0,607,133
45.0,60.0,592,133
45.0,60.0,577,133
45.0,60.0,562,133
45.0,60.0,547,133
45.0,60.0,532,133
36.0,60.0,508,133
45.0,60.0,493,133
27.0,60.0,460,133
67.0,60.0,467,133
76.0,60.0,483,133
86.39999999999998,86.4,483,133
86.39999999999998,86.4,483,133
86.39999999999998,86.4,483,133
86.39999999999998,86.4,483,133
86.39999999999998,86.4,483,133
86.39999999999998,86.4,483,133
86.39999999999998,86.4,483,133
86.39999999999998,86.4,483,133
86.39999999999998,86.4,483,133
56.60000000000002,48.6,491,133
76.14999999999998,66.15,501,133
86.39999999999998,86.4,501,133
86.39999999999998,86.4,501,133
86.39999999999998,86.4,501,133
86.39999999999998,86.4,501,133
86.39999999999998,86.4,501,133
86.39999999999998,86.4,501,133
86.39999999999998,86.4,501,133
86.39999999999998,86.4,501,133
86.39999999999998,86.4,501,133
86.39999999999998,86.4,501,133
86.39999999999998,86.4,501,133
76.14999999999998,66.15,511,133
56.75,33.75,534,133
67.14999999999998,54.150000000000006,547,133
76.14999999999998,66.15,557,133
76.35000000000002,79.35000000000001,554,133
76.35000000000002,79.35000000000001,551,133
76.35000000000002,79.35000000000001,548,133
76.35000000000002,79.35000000000001,545,133
76.35000000000002,79.35000000000001,542,133
76.35000000000002,79.35000000000001,539,133
76.35000000000002,79.35000000000001,536,133
76.35000000000002,79.35000000000001,533,133
76.35000000000002,79.35000000000001,530,133
76.35000000000002,79.35000000000001,527,133
76.35000000000002,79.35000000000001,524,133
76.35000000000002,79.35000000000001,521,133
76.35000000000002,79.35000000000001,518,133
67.14999999999998,54.150000000000006,531,133
76.14999999999998,66.15,541,133
76.14999999999998,66.15,551,133
76.14999999999998,66.15,561,133
76.35000000000002,79.35000000000001,558,133
76.35000000000002,79.35000000000001,555,133
76.35000000000002,79.35000000000001,552,133
76.35000000000002,79.35000000000001,549,133
75.60000000000002,72.60000000000001,552,133
94.75,93.75,553,133
114.0,135.0,532,133
86.39999999999998,86.4,532,133
86.39999999999998,86.4,532,133
86.39999999999998,86.4,532,133
86.39999999999998,86.4,532,133
86.39999999999998,86.4,532,133
86.39999999999998,86.4,532,133
86.39999999999998,86.4,532,133
76.0,60.0,548,133
76.35000000000002,79.35000000000001,545,133
76.35000000000002,79.35000000000001,542,133
76.35000000000002,79.35000000000001,539,133
76.35000000000002,79.35000000000001,536,133
76.35000000000002,79.35000000000001,533,133
76.35000000000002,79.35000000000001,530,133
76.35000000000002,79.35000000000001,527,133
76.35000000000002,79.35000000000001,524,133
76.35000000000002,79.35000000000001,521,133
76.35000000000002,79.35000000000001,518,133
76.35000000000002,79.35000000000001,515,133
76.35000000000002,79.35000000000001,512,133
76.35000000000002,79.35000000000001,509,133
76.35000000000002,79.35000000000001,506,133
76.35000000000002,79.35000000000001,503,133
76.35000000000002,79.35000000000001,500,133
76.35000000000002,79.35000000000001,497,133
76.35000000000002,79.35000000000001,494,133
76.35000000000002,79.35000000000001,491,133
76.35000000000002,79.35000000000001,488,133
76.35000000000002,79.35000000000001,485,133
76.35000000000002,79.35000000000001,482,133
76.35000000000002,79.35000000000001,479,133
0.0,60.0,340,134
156.0,60.0,436,134
130.0,60.0,506,134
130.0,60.0,576,134
91.0,60.0,607,134
91.0,60.0,638,134
52.0,60.0,630,134
65.0,60.0,635,134
65.0,60.0,640,134
77.75,93.75,624,134
77.75,93.75,608,134
64.75,93.75,579,134
64.75,93.75,550,134
58.75,93.75,515,134
127.75,93.75,549,134
151.14999999999998,126.15,574,134
192.4,194.4,572,134
192.4,194.4,570,134
192.4,194.4,568,134
118.75,93.75,593,134
127.60000000000002,117.6,603,134
87.0,60.0,630,134
96.35000000000002,79.35000000000001,647,134
128.0,135.0,640,134
128.0,135.0,633,134
128.0,135.0,626,134
128.0,135.0,619,134
128.0,135.0,612,134
128.0,135.0,605,134
128.0,135.0,598,134
128.0,135.0,591,134
96.14999999999998,66.15,621,134
119.39999999999998,101.4,639,134
86.14999999999998,126.15,599,134
86.14999999999998,126.15,559,134
86.14999999999998,126.15,519,134
86.14999999999998,126.15,479,134
86.14999999999998,126.15,439,134
86.14999999999998,126.15,399,134
86.14999999999998,126.15,359,134
86.15,126.15,319,134
86.15,126.15,279,134
86.15,126.15,239,134
86.15,126.15,199,134
86.15,126.15,159,134
86.15,126.15,119,134
86.0,126.15,86,134
86.0,126.15,86,134
86.0,126.15,86,134
86.0,126.15,86,134
86.0,126.15,86,134
86.0,126.15,86,134
66.60000000000001,72.60000000000001,80,134
66.60000000000001,72.60000000000001,74,134
57.150000000000006,54.150000000000006,77,134
66.60000000000001,72.60000000000001,71,134
67.0,72.60000000000001,67,134
67.0,72.60000000000001,67,134
38.400000000000006,29.4,76,134
48.35,43.35,81,134
57.150000000000006,54.150000000000006,84,134
76.0,93.75,76,134
76.0,93.75,76,134
76.0,93.75,76,134
76.0,93.75,76,134
76.0,93.75,76,134
76.0,93.75,76,134
76.0,93.75,76,134
76.0,93.75,76,134
76.0,93.75,76,134
76.0,93.75,76,134
76.0,93.75,76,134
76.0,93.75,76,134
76.0,93.75,76,134
76.0,93.75,76,134
76.0,93.75,76,134
76.0,93.75,76,134
76.0,93.75,76,134
76.0,93.75,76,134
76.0,93.75,76,134
76.0,93.75,76,134
76.0,93.75,76,134
76.0,93.75,76,134
76.0,93.75,76,134
76.0,93.75,76,134
37.75,33.75,80,134
67.35000000000001,79.35000000000001,68,134
57.150000000000006,54.150000000000006,71,134
67.0,72.60000000000001,67,134
67.0,72.60000000000001,67,134
67.0,72.60000000000001,67,134
36.0,72.60000000000001,36,134
36.0,72.60000000000001,36,134
36.0,72.60000000000001,36,134
36.0,72.60000000000001,36,134
36.0,72.60000000000001,36,134
36.0,72.60000000000001,36,134
36.0,72.60000000000001,36,134
36.0,72.60000000000001,36,134
36.0,72.60000000000001,36,134
0.0,60.0,340,135
0.0,60.0,280,135
0.0,60.0,220,135
0.0,25.35,194,135
0.0,25.35,169,135
0.0,25.35,143,135
0.0,25.35,118,135
0.0,25.35,93,135
0.0,25.35,67,135
0.0,25.35,42,135
0.0,25.35,17,135
0.0,25.35,0,135
0.0,15.0,0,135
0.0,9.6,0,135
7.0,5.4,7,135
14.0,7.35,14,135
13.6,9.6,18,135
14.0,15.0,17,135
14.0,15.0,16,135
14.0,15.0,15,135
14.0,15.0,14,135
14.0,15.0,14,135
14.0,15.0,14,135
14.0,15.0,14,135
14.0,15.0,14,135
14.0,15.0,14,135
14.0,15.0,14,135
14.0,15.0,14,135
14.0,15.0,14,135
14.0,15.0,14,135
14.0,15.0,14,135
14.0,15.0,14,135
14.0,15.0,14,135
14.0,15.0,14,135
14.0,15.0,14,135
14.0,15.0,14,135
14.0,15.0,14,135
14.0,15.0,14,135
14.0,15.0,14,135
14.0,15.0,14,135
14.0,15.0,14,135
14.0,15.0,14,135
14.0,15.0,14,135
14.0,15.0,14,135
14.0,15.0,14,135
14.0,15.0,14,135
14.0,15.0,14,135
14.0,15.0,14,135
14.0,15.0,14,135
14.0,15.0,14,135
14.0,15.0,14,135
14.0,15.0,14,135
14.0,15.0,14,135
14.0,15.0,14,135
14.0,15.0,14,135
14.0,15.0,14,135
14.0,15.0,14,135
14.0,15.0,14,135
14.0,15.0,14,135
14.0,15.0,14,135
14.0,15.0,14,135
14.0,15.0,14,135
14.0,15.0,14,135
14.0,15.0,14,135
14.0,15.0,14,135
14.0,15.0,14,135
14.0,15.0,14,135
14.0,15.0,14,135
14.0,15.0,14,135
14.0,15.0,14,135
14.0,15.0,14,135
14.0,15.0,14,135
14.0,15.0,14,135
14.0,15.0,14,135
14.0,15.0,14,135
14.0,15.0,14,135
14.0,15.0,14,135
14.0,15.0,14,135
14.0,15.0,14,135
14.0,15.0,14,135
14.0,15.0,14,135
14.0,15.0,14,135
14.0,15.0,14,135
14.0,15.0,14,135
14.0,15.0,14,135
14.0,15.0,14,135
14.0,15.0,14,135
14.0,15.0,14,135
14.0,15.0,14,135
14.0,15.0,14,135
14.0,15.0,14,135
14.0,15.0,14,135
14.0,15.0,14,135
14.0,15.0,14,135
14.0,15.0,14,135
14.0,15.0,14,135
14.0,15.0,14,135
14.0,15.0,14,135
14.0,15.0,14,135
14.0,15.0,14,135
0.0,60.0,340,136
240.0,60.0,520,136
168.0,60.0,628,136
240.0,60.0,808,136
156.0,60.0,904,136
96.0,60.0,940,136
120.0,60.0,1000,136
120.0,60.0,1060,136
72.0,60.0,1072,136
72.0,60.0,1084,136
72.0,60.0,1096,136
72.0,60.0,1108,136
48.0,60.0,1096,136
75.0,60.0,1111,136
29.15000000000009,66.15,1074,136
80.14999999999998,66.15,1088,136
60.60000000000002,72.60000000000001,1076,136
60.60000000000002,72.60000000000001,1064,136
72.60000000000002,72.60000000000001,1064,136
56.60000000000002,72.60000000000001,1048,136
72.60000000000002,72.60000000000001,1048,136
72.60000000000002,72.60000000000001,1048,136
72.60000000000002,72.60000000000001,1048,136
72.60000000000002,72.60000000000001,1048,136
72.60000000000002,72.60000000000001,1048,136
72.60000000000002,72.60000000000001,1048,136
72.60000000000002,72.60000000000001,1048,136
72.60000000000002,72.60000000000001,1048,136
72.60000000000002,72.60000000000001,1048,136
72.60000000000002,72.60000000000001,1048,136
72.60000000000002,72.60000000000001,1048,136
72.60000000000002,72.60000000000001,1048,136
72.60000000000002,72.60000000000001,1048,136
72.60000000000002,72.60000000000001,1048,136
72.60000000000002,72.60000000000001,1048,136
72.60000000000002,72.60000000000001,1048,136
72.60000000000002,72.60000000000001,1048,136
56.60000000000002,48.6,1056,136
72.60000000000002,72.60000000000001,1056,136
72.60000000000002,72.60000000000001,1056,136
72.60000000000002,72.60000000000001,1056,136
72.60000000000002,72.60000000000001,1056,136
72.60000000000002,72.60000000000001,1056,136
72.60000000000002,72.60000000000001,1056,136
72.60000000000002,72.60000000000001,1056,136
72.60000000000002,72.60000000000001,1056,136
72.60000000000002,72.60000000000001,1056,136
72.60000000000002,72.60000000000001,1056,136
72.60000000000002,72.60000000000001,1056,136
72.60000000000002,72.60000000000001,1056,136
72.60000000000002,72.60000000000001,1056,136
72.60000000000002,72.60000000000001,1056,136
72.60000000000002,72.60000000000001,1056,136
72.60000000000002,72.60000000000001,1056,136
42.40000000000009,29.4,1069,136
37.59999999999991,21.6,1085,136
22.59999999999991,9.6,1098,136
23.15000000000009,12.15,1109,136
35.0,15.0,1129,136
37.59999999999991,21.6,1145,136
23.15000000000009,12.15,1156,136
37.59999999999991,21.6,1172,136
54.40000000000009,38.400000000000006,1188,136
61.0,60.0,1189,136
79.75,93.75,1175,136
79.75,93.75,1161,136
79.75,93.75,1147,136
79.75,93.75,1133,136
56.59999999999991,48.6,1141,136
76.40000000000009,86.4,1131,136
76.40000000000009,86.4,1121,136
76.40000000000009,86.4,1111,136
76.40000000000009,86.4,1101,136
76.39999999999998,86.4,1091,136
76.39999999999998,86.4,1081,136
76.39999999999998,86.4,1071,136
76.39999999999998,86.4,1061,136
80.39999999999998,86.4,1055,136
80.39999999999998,86.4,1049,136
80.39999999999998,86.4,1043,136
80.39999999999998,86.4,1037,136
80.39999999999998,86.4,1031,136
80.39999999999998,86.4,1025,136
80.39999999999998,86.4,1019,136
80.39999999999998,86.4,1013,136
52.35000000000002,43.35,1022,136
64.0,60.0,1026,136
79.75,93.75,1012,136
79.75,93.75,998,136
79.75,93.75,984,136
79.75,93.75,970,136
79.75,93.75,956,136
79.75,93.75,942,136
79.75,93.75,928,136
64.0,60.0,932,136
79.75,93.75,918,136
79.75,93.75,904,136
79.75,93.75,890,136
79.75,93.75,876,136
79.75,93.75,862,136
0.0,60.0,340,137
0.0,60.0,280,137
0.0,60.0,220,137
72.0,60.0,232,137
72.0,60.0,244,137
0.0,66.15,177,137
35.30000000000001,54.150000000000006,159,137
23.15000000000001,54.150000000000006,128,137
47.150000000000006,54.150000000000006,121,137
47.150000000000006,54.150000000000006,114,137
47.150000000000006,54.150000000000006,107,137
47.150000000000006,54.150000000000006,100,137
47.150000000000006,54.150000000000006,93,137
47.150000000000006,54.150000000000006,86,137
47.150000000000006,54.150000000000006,79,137
47.150000000000006,54.150000000000006,72,137
47.150000000000006,54.150000000000006,65,137
0.0,54.150000000000006,10,137
0.0,54.150000000000006,0,137
0.0,33.75,0,137
0.0,21.6,0,137
24.0,12.15,24,137
23.15,12.15,35,137
23.15,18.15,40,137
35.6,21.6,54,137
35.400000000000006,29.4,60,137
35.75,33.75,62,137
48.0,66.15,48,137
48.0,66.15,48,137
48.0,66.15,48,137
60.0,66.15,60,137
72.0,86.4,72,137
108.0,183.75,108,137
144.0,317.40000000000003,144,137
168.0,470.4,168,137
228.0,843.75,228,137
276.0,1297.35,276,137
342.0,2306.4,342,137
406.0,2733.75,406,137
413.0,3067.3500000000004,413,137
472.0,3197.4000000000005,472,137
420.0,3650.400000000001,420,137
420.0,3650.400000000001,420,137
420.0,3650.400000000001,420,137
420.0,3650.400000000001,420,137
420.0,3650.400000000001,420,137
420.0,3650.400000000001,420,137
420.0,3650.400000000001,420,137
420.0,3650.400000000001,420,137
420.0,3650.400000000001,420,137
420.0,3650.400000000001,420,137
420.0,3650.400000000001,420,137
420.0,3650.400000000001,420,137
540.0,3650.400000000001,540,137
610.0,4386.150000000001,610,137
620.0,4699.35,620,137
693.0,5529.6,693,137
768.0,6489.6,768,137
768.0,6998.400000000001,768,137
768.0,6998.400000000001,768,137
768.0,6998.400000000001,768,137
768.0,6998.400000000001,768,137
768.0,6998.400000000001,768,137
768.0,6998.400000000001,768,137
768.0,6998.400000000001,768,137
768.0,6998.400000000001,768,137
768.0,6998.400000000001,768,137
768.0,6998.400000000001,768,137
693.0,6242.400000000001,693,137
693.0,6242.400000000001,693,137
540.0,3650.400000000001,540,137
540.0,3650.400000000001,540,137
540.0,3650.400000000001,540,137
540.0,3650.400000000001,540,137
540.0,3650.400000000001,540,137
540.0,3650.400000000001,540,137
540.0,3650.400000000001,540,137
540.0,3650.400000000001,540,137
540.0,3650.400000000001,540,137
540.0,3650.400000000001,540,137
540.0,3650.400000000001,540,137
540.0,3650.400000000001,540,137
540.0,3650.400000000001,540,137
540.0,3650.400000000001,540,137
540.0,3650.400000000001,540,137
540.0,3650.400000000001,540,137
540.0,3650.400000000001,540,137
540.0,3650.400000000001,540,137
540.0,3650.400000000001,540,137
540.0,3650.400000000001,540,137
540.0,3650.400000000001,540,137
540.0,3650.400000000001,540,137
540.0,3650.400000000001,540,137
540.0,3650.400000000001,540,137
540.0,3650.400000000001,540,137
540.0,3650.400000000001,540,137
540.0,3650.400000000001,540,137
540.0,3650.400000000001,540,137
540.0,3650.400000000001,540,137
540.0,3650.400000000001,540,137
0.0,60.0,340,138
0.0,60.0,280,138
0.0,60.0,220,138
0.0,60.0,160,138
0.0,60.0,100,138
0.0,60.0,40,138
0.0,60.0,0,138
0.0,33.75,0,138
0.0,21.6,0,138
0.0,12.15,0,138
0.0,7.35,0,138
0.0,5.4,0,138
0.0,3.75,0,138
0.0,2.4000000000000004,0,138
0.0,1.35,0,138
0.0,0.6000000000000001,0,138
0.0,0.15,0,138
0.0,60.0,340,139
0.0,60.0,280,139
0.0,60.0,220,139
0.0,60.0,160,139
0.0,60.0,100,139
0.0,60.0,40,139
0.0,60.0,0,139
0.0,33.75,0,139
0.0,21.6,0,139
0.0,12.15,0,139
0.0,7.35,0,139
0.0,5.4,0,139
0.0,3.75,0,139
0.0,2.4000000000000004,0,139
0.0,1.35,0,139
0.0,0.6000000000000001,0,139
0.0,0.15,0,139
0.0,60.0,340,140
0.0,60.0,280,140
0.0,60.0,220,140
0.0,60.0,160,140
0.0,60.0,100,140
0.0,60.0,40,140
0.0,60.0,0,140
65.0,33.75,65,140
64.75,33.75,96,140
38.75,33.75,101,140
51.400000000000006,38.400000000000006,114,140
51.35,43.35,122,140
51.35,43.35,130,140
38.150000000000006,54.150000000000006,114,140
51.150000000000006,54.150000000000006,111,140
25.599999999999994,21.6,115,140
38.400000000000006,38.400000000000006,115,140
12.400000000000006,38.400000000000006,89,140
20.40000000000001,38.400000000000006,71,140
6.400000000000006,38.400000000000006,39,140
20.40000000000001,38.400000000000006,21,140
21.0,38.400000000000006,21,140
21.0,38.400000000000006,21,140
21.0,38.400000000000006,21,140
21.0,38.400000000000006,21,140
21.0,38.400000000000006,21,140
0.0,33.75,0,140
0.0,21.6,0,140
6.0,12.15,6,140
6.0,25.35,6,140
6.0,25.35,6,140
6.0,25.35,6,140
3.0,25.35,3,140
6.0,25.35,6,140
0.0,33.75,0,140
0.0,21.6,0,140
0.0,12.15,0,140
0.0,7.35,0,140
0.0,5.4,0,140
0.0,3.75,0,140
0.0,2.4000000000000004,0,140
0.0,1.35,0,140
0.0,0.6000000000000001,0,140
0.0,0.15,0,140
0.0,60.0,340,141
0.0,60.0,280,141
0.0,60.0,220,141
0.0,60.0,160,141
42.0,60.0,142,141
21.0,60.0,103,141
44.0,60.0,87,141
44.0,60.0,71,141
11.0,60.0,22,141
40.0,33.75,40,141
39.75,33.75,46,141
39.75,33.75,52,141
39.75,33.75,58,141
39.75,33.75,64,141
33.400000000000006,38.400000000000006,59,141
33.400000000000006,38.400000000000006,54,141
39.400000000000006,38.400000000000006,55,141
39.6,48.6,46,141
40.0,48.6,40,141
40.0,48.6,40,141
40.0,48.6,40,141
40.0,48.6,40,141
40.0,48.6,40,141
40.0,48.6,40,141
40.0,48.6,40,141
40.0,48.6,40,141
40.0,48.6,40,141
40.0,48.6,40,141
40.0,48.6,40,141
40.0,48.6,40,141
40.0,48.6,40,141
40.0,48.6,40,141
40.0,48.6,40,141
40.0,48.6,40,141
40.0,48.6,40,141
40.0,48.6,40,141
40.0,48.6,40,141
40.0,48.6,40,141
40.0,48.6,40,141
40.0,48.6,40,141
40.0,48.6,40,141
40.0,48.6,40,141
40.0,48.6,40,141
40.0,48.6,40,141
40.0,48.6,40,141
40.0,48.6,40,141
40.0,48.6,40,141
40.0,48.6,40,141
40.0,48.6,40,141
40.0,48.6,40,141
40.0,48.6,40,141
40.0,48.6,40,141
40.0,48.6,40,141
40.0,48.6,40,141
40.0,48.6,40,141
40.0,48.6,40,141
40.0,48.6,40,141
40.0,48.6,40,141
40.0,48.6,40,141
40.0,48.6,40,141
40.0,48.6,40,141
40.0,48.6,40,141
40.0,48.6,40,141
40.0,48.6,40,141
40.0,48.6,40,141
40.0,48.6,40,141
40.0,48.6,40,141
40.0,48.6,40,141
40.0,48.6,40,141
40.0,48.6,40,141
40.0,48.6,40,141
40.0,48.6,40,141
40.0,48.6,40,141
40.0,48.6,40,141
40.0,48.6,40,141
40.0,48.6,40,141
40.0,48.6,40,141
40.0,48.6,40,141
40.0,48.6,40,141
40.0,48.6,40,141
40.0,48.6,40,141
40.0,48.6,40,141
40.0,48.6,40,141
40.0,48.6,40,141
40.0,48.6,40,141
40.0,48.6,40,141
40.0,48.6,40,141
40.0,48.6,40,141
40.0,48.6,40,141
40.0,48.6,40,141
40.0,48.6,40,141
40.0,48.6,40,141
40.0,48.6,40,141
40.0,48.6,40,141
40.0,48.6,40,141
40.0,48.6,40,141
40.0,48.6,40,141
51.0,48.6,51,141
57.0,66.15,57,141
74.0,101.4,74,141
0.0,60.0,340,142
0.0,60.0,280,142
0.0,60.0,220,142
0.0,25.35,194,142
0.0,25.35,169,142
0.0,25.35,143,142
0.0,25.35,118,142
11.749999999999972,25.35,105,142
4.349999999999994,25.35,84,142
0.0,25.35,58,142
27.700000000000003,25.35,61,142
27.35,25.35,63,142
27.35,25.35,65,142
27.35,25.35,67,142
27.35,25.35,69,142
19.35,25.35,63,142
13.35,25.35,51,142
23.35,25.35,49,142
23.35,25.35,47,142
23.35,25.35,45,142
23.35,25.35,43,142
23.35,25.35,41,142
23.35,25.35,39,142
23.35,25.35,37,142
23.35,25.35,35,142
23.35,25.35,33,142
23.35,25.35,31,142
23.35,25.35,29,142
23.35,25.35,27,142
23.35,25.35,25,142
24.0,25.35,24,142
24.0,25.35,24,142
24.0,25.35,24,142
24.0,25.35,24,142
24.0,25.35,24,142
24.0,25.35,24,142
24.0,25.35,24,142
24.0,25.35,24,142
24.0,25.35,24,142
24.0,25.35,24,142
24.0,25.35,24,142
24.0,25.35,24,142
24.0,25.35,24,142
24.0,25.35,24,142
24.0,25.35,24,142
24.0,25.35,24,142
24.0,25.35,24,142
24.0,25.35,24,142
24.0,25.35,24,142
24.0,25.35,24,142
24.0,25.35,24,142
24.0,25.35,24,142
24.0,25.35,24,142
24.0,25.35,24,142
24.0,25.35,24,142
24.0,25.35,24,142
24.0,25.35,24,142
24.0,25.35,24,142
24.0,25.35,24,142
24.0,25.35,24,142
24.0,25.35,24,142
24.0,25.35,24,142
24.0,25.35,24,142
24.0,25.35,24,142
24.0,25.35,24,142
24.0,25.35,24,142
24.0,25.35,24,142
20.0,25.35,20,142
20.0,25.35,20,142
20.0,25.35,20,142
20.0,25.35,20,142
20.0,25.35,20,142
20.0,25.35,20,142
20.0,25.35,20,142
20.0,25.35,20,142
20.0,25.35,20,142
20.0,25.35,20,142
20.0,25.35,20,142
20.0,25.35,20,142
20.0,25.35,20,142
20.0,25.35,20,142
20.0,25.35,20,142
20.0,25.35,20,142
20.0,25.35,20,142
20.0,25.35,20,142
20.0,25.35,20,142
20.0,25.35,20,142
20.0,25.35,20,142
20.0,25.35,20,142
20.0,25.35,20,142
20.0,25.35,20,142
20.0,25.35,20,142
20.0,25.35,20,142
20.0,25.35,20,142
20.0,25.35,20,142
20.0,25.35,20,142
20.0,25.35,20,142
20.0,25.35,20,142
20.0,25.35,20,142
20.0,25.35,20,142
0.0,60.0,340,143
0.0,60.0,280,143
0.0,60.0,220,143
0.0,60.0,160,143
0.0,60.0,100,143
0.0,60.0,40,143
0.0,60.0,0,143
0.0,33.75,0,143
0.0,21.6,0,143
0.0,12.15,0,143
13.0,7.35,13,143
13.35,7.35,19,143
13.35,7.35,25,143
13.35,7.35,31,143
0.0,7.35,23,143
12.700000000000005,7.35,29,143
13.35,7.35,35,143
13.35,7.35,41,143
13.4,5.4,49,143
0.0,5.4,43,143
12.799999999999995,5.4,51,143
13.35,7.35,57,143
13.35,7.35,63,143
26.15000000000001,18.15,71,143
12.6,21.6,62,143
25.6,21.6,66,143
26.35,25.35,67,143
25.75,33.75,59,143
25.75,33.75,51,143
25.75,33.75,43,143
25.75,33.75,35,143
12.75,33.75,14,143
34.0,33.75,34,143
34.0,48.6,34,143
38.0,48.6,38,143
38.0,54.150000000000006,38,143
38.0,54.150000000000006,38,143
38.0,54.150000000000006,38,143
38.0,54.150000000000006,38,143
21.0,54.150000000000006,21,143
38.0,54.150000000000006,38,143
51.0,79.35000000000001,51,143
68.0,93.75,68,143
68.0,126.15,68,143
68.0,126.15,68,143
68.0,126.15,68,143
68.0,126.15,68,143
55.0,126.15,55,143
34.0,126.15,34,143
68.0,126.15,68,143
34.0,194.4,34,143
68.0,194.4,68,143
89.0,360.15000000000003,89,143
119.0,558.1500000000001,119,143
68.0,843.75,68,143
123.0,843.75,123,143
153.0,1135.35,153,143
164.0,1848.15,164,143
168.0,1949.4,168,143
191.0,2088.6000000000004,191,143
168.0,2160.0,168,143
218.0,2160.0,218,143
251.0,2381.4,251,143
153.0,2815.3500000000004,153,143
119.0,2815.3500000000004,119,143
121.0,2815.3500000000004,121,143
124.0,3153.75,124,143
80.0,2856.6000000000004,80,143
60.0,2856.6000000000004,60,143
114.0,2856.6000000000004,114,143
56.0,3067.3500000000004,56,143
130.0,3067.3500000000004,130,143
39.0,3197.4000000000005,39,143
116.0,2653.3500000000004,116,143
169.0,2898.15,169,143
169.0,2898.15,169,143
168.0,2898.15,168,143
230.0,2898.15,230,143
248.0,3197.4000000000005,248,143
169.0,3465.6000000000004,169,143
110.0,3465.6000000000004,110,143
179.0,3465.6000000000004,179,143
179.0,3697.35,179,143
175.0,3697.35,175,143
174.0,3697.35,174,143
232.0,3697.35,232,143
201.0,3936.6,201,143
233.0,3936.6,233,143
115.0,4133.400000000001,115,143
235.0,4133.400000000001,235,143
227.0,4335.0,227,143
232.0,4335.0,232,143
256.0,4646.400000000001,256,143
231.0,4968.6,231,143
270.0,4968.6,270,143
270.0,5245.35,270,143
270.0,5245.35,270,143
127.0,5245.35,127,143
236.0,5245.35,236,143
232.0,3840.0,232,143
0.0,60.0,340,144
0.0,60.0,280,144
0.0,60.0,220,144
0.0,60.0,160,144
0.0,60.0,100,144
0.0,25.35,74,144
0.0,25.35,49,144
0.0,25.35,23,144
0.0,25.35,0,144
0.0,15.0,0,144
0.0,5.4,0,144
0.0,3.75,0,144
0.0,2.4000000000000004,0,144
0.0,1.35,0,144
0.0,0.6000000000000001,0,144
0.0,0.15,0,144
0.0,60.0,340,145
0.0,25.35,314,145
0.0,25.35,289,145
0.0,25.35,263,145
47.40000000000006,25.35,286,145
76.35,43.35,319,145
63.150000000000006,66.15,316,145
90.15,66.15,340,145
76.75,183.75,233,145
90.75,183.75,140,145
39.0,183.75,39,145
77.0,183.75,77,145
78.0,290.40000000000003,78,145
116.0,421.35,116,145
176.0,693.6,176,145
263.0,1033.35,263,145
198.0,1033.35,198,145
197.0,1033.35,197,145
232.0,1033.35,232,145
241.0,1560.6,241,145
254.0,2574.15,254,145
389.0,4083.75,389,145
407.0,4752.6,407,145
339.0,5078.400000000001,339,145
389.0,5078.400000000001,389,145
284.0,5762.400000000001,284,145
351.0,5762.400000000001,351,145
279.0,6427.35,279,145
344.0,6427.35,344,145
352.0,6869.400000000001,352,145
226.0,7392.6,226,145
297.0,7392.6,297,145
355.0,8004.150000000001,355,145
212.0,8784.6,212,145
192.0,8784.6,192,145
118.0,8784.6,118,145
195.0,8784.6,195,145
116.0,9525.6,116,145
192.0,9525.6,192,145
195.0,9984.6,195,145
195.0,10854.15,195,145
124.0,10854.15,124,145
198.0,10854.15,198,145
335.0,12441.6,335,145
335.0,14045.4,335,145
252.0,14045.4,252,145
183.0,14045.4,183,145
264.0,14045.4,264,145
268.0,14978.4,268,145
345.0,16434.15,345,145
260.0,19117.35,260,145
140.0,19117.35,140,145
136.0,19117.35,136,145
140.0,19117.35,140,145
213.0,21888.6,213,145
213.0,24120.15,213,145
140.0,24120.15,140,145
138.0,24120.15,138,145
134.0,24120.15,134,145
132.0,24120.15,132,145
213.0,24120.15,213,145
144.0,27221.4,144,145
140.0,27221.4,140,145
134.0,27221.4,134,145
144.0,27221.4,144,145
136.0,30645.6,136,145
140.0,27606.15,140,145
138.0,17136.600000000002,138,145
59.0,6489.6,59,145
64.0,6489.6,64,145
57.0,2815.3500000000004,57,145
57.0,2815.3500000000004,57,145
59.0,2815.3500000000004,59,145
58.0,3110.4,58,145
10.0,3110.4,10,145
107.0,3110.4,107,145
113.0,3697.35,113,145
114.0,4183.35,114,145
49.0,4541.400000000001,49,145
112.0,4541.400000000001,112,145
32.0,5133.75,32,145
107.0,5133.75,107,145
107.0,5762.400000000001,107,145
185.0,5762.400000000001,185,145
58.0,6678.150000000001,58,145
35.0,6678.150000000001,35,145
58.0,6678.150000000001,58,145
248.0,8143.35,248,145
80.0,9300.15,80,145
320.0,9300.15,320,145
106.0,9830.4,106,145
106.0,9830.4,106,145
325.0,9830.4,325,145
408.0,10773.6,408,145
490.0,12965.4,490,145
489.0,15073.350000000002,489,145
514.0,15073.350000000002,514,145
513.0,16335.0,513,145
201.0,16335.0,201,145
349.0,16335.0,349,145
0.0,60.0,340,146
0.0,43.35,296,146
0.0,43.35,253,146
0.0,43.35,209,146
0.0,43.35,166,146
0.0,43.35,123,146
35.099999999999994,43.35,115,146
59.35,43.35,131,146
83.15,66.15,148,146
71.60000000000001,72.60000000000001,147,146
95.6,72.60000000000001,170,146
95.75,93.75,172,146
144.0,135.0,181,146
180.0,205.35,180,146
180.0,205.35,180,146
180.0,205.35,180,146
180.0,205.35,180,146
180.0,205.35,180,146
180.0,205.35,180,146
180.0,205.35,180,146
180.0,205.35,180,146
180.0,205.35,180,146
180.0,205.35,180,146
180.0,205.35,180,146
180.0,205.35,180,146
180.0,205.35,180,146
180.0,205.35,180,146
180.0,205.35,180,146
180.0,205.35,180,146
180.0,205.35,180,146
180.0,205.35,180,146
180.0,205.35,180,146
180.0,205.35,180,146
180.0,205.35,180,146
180.0,205.35,180,146
180.0,205.35,180,146
180.0,205.35,180,146
180.0,205.35,180,146
180.0,205.35,180,146
180.0,205.35,180,146
180.0,205.35,180,146
180.0,205.35,180,146
180.0,205.35,180,146
180.0,205.35,180,146
180.0,205.35,180,146
180.0,205.35,180,146
180.0,205.35,180,146
180.0,205.35,180,146
180.0,205.35,180,146
180.0,205.35,180,146
180.0,205.35,180,146
180.0,205.35,180,146
180.0,205.35,180,146
180.0,205.35,180,146
180.0,205.35,180,146
180.0,205.35,180,146
180.0,205.35,180,146
180.0,205.35,180,146
180.0,205.35,180,146
180.0,205.35,180,146
180.0,205.35,180,146
180.0,205.35,180,146
180.0,205.35,180,146
180.0,205.35,180,146
180.0,205.35,180,146
180.0,205.35,180,146
180.0,205.35,180,146
180.0,205.35,180,146
180.0,205.35,180,146
180.0,205.35,180,146
180.0,205.35,180,146
180.0,205.35,180,146
180.0,205.35,180,146
180.0,205.35,180,146
180.0,205.35,180,146
180.0,205.35,180,146
180.0,205.35,180,146
180.0,205.35,180,146
180.0,205.35,180,146
180.0,205.35,180,146
180.0,205.35,180,146
180.0,205.35,180,146
180.0,205.35,180,146
180.0,205.35,180,146
180.0,205.35,180,146
180.0,205.35,180,146
180.0,205.35,180,146
180.0,205.35,180,146
180.0,205.35,180,146
180.0,205.35,180,146
180.0,205.35,180,146
180.0,205.35,180,146
180.0,205.35,180,146
180.0,205.35,180,146
180.0,205.35,180,146
180.0,205.35,180,146
180.0,205.35,180,146
180.0,205.35,180,146
180.0,205.35,180,146
180.0,205.35,180,146
0.0,60.0,340,147
0.0,60.0,280,147
0.0,60.0,220,147
0.0,43.35,176,147
11.699999999999989,43.35,145,147
14.349999999999994,43.35,116,147
8.349999999999994,43.35,81,147
37.35,43.35,75,147
30.40000000000001,29.4,76,147
29.75,33.75,72,147
20.75,33.75,59,147
20.75,33.75,46,147
20.75,33.75,33,147
21.0,33.75,21,147
21.0,33.75,21,147
21.0,33.75,21,147
21.0,33.75,21,147
21.0,33.75,21,147
0.0,33.75,0,147
0.0,21.6,0,147
0.0,12.15,0,147
0.0,7.35,0,147
0.0,5.4,0,147
0.0,3.75,0,147
0.0,2.4000000000000004,0,147
0.0,1.35,0,147
0.0,0.6000000000000001,0,147
0.0,0.15,0,147
0.0,60.0,340,148
0.0,60.0,280,148
0.0,60.0,220,148
0.0,60.0,160,148
0.0,60.0,100,148
0.0,60.0,40,148
0.0,60.0,0,148
0.0,33.75,0,148
0.0,21.6,0,148
13.0,12.15,13,148
26.0,15.0,26,148
13.150000000000002,18.15,21,148
26.15,18.15,29,148
26.35,25.35,30,148
39.400000000000006,29.4,40,148
25.75,33.75,32,148
26.0,33.75,26,148
39.0,33.75,39,148
52.0,66.15,52,148
65.0,101.4,65,148
91.0,173.4,91,148
91.0,216.6,91,148
91.0,216.6,91,148
91.0,216.6,91,148
91.0,216.6,91,148
91.0,216.6,91,148
91.0,216.6,91,148
91.0,216.6,91,148
91.0,216.6,91,148
91.0,216.6,91,148
91.0,216.6,91,148
91.0,216.6,91,148
91.0,216.6,91,148
91.0,216.6,91,148
91.0,216.6,91,148
91.0,216.6,91,148
91.0,216.6,91,148
91.0,216.6,91,148
91.0,216.6,91,148
91.0,216.6,91,148
91.0,216.6,91,148
91.0,216.6,91,148
91.0,216.6,91,148
91.0,216.6,91,148
91.0,216.6,91,148
91.0,216.6,91,148
91.0,216.6,91,148
91.0,216.6,91,148
91.0,216.6,91,148
91.0,216.6,91,148
91.0,216.6,91,148
0.0,216.6,0,148
0.0,126.15,0,148
0.0,72.60000000000001,0,148
39.0,43.35,39,148
52.0,60.0,52,148
65.0,109.35,65,148
78.0,153.60000000000002,78,148
91.0,228.15000000000003,91,148
130.0,405.6,130,148
143.0,522.1500000000001,143,148
182.0,777.5999999999999,182,148
234.0,1242.15,234,148
256.0,2160.0,256,148
325.0,2343.75,325,148
330.0,2653.3500000000004,330,148
330.0,2940.0,330,148
330.0,2940.0,330,148
330.0,2940.0,330,148
330.0,2940.0,330,148
330.0,2940.0,330,148
330.0,2940.0,330,148
330.0,2940.0,330,148
330.0,2940.0,330,148
330.0,2940.0,330,148
330.0,2940.0,330,148
330.0,2940.0,330,148
330.0,2940.0,330,148
330.0,2940.0,330,148
330.0,2940.0,330,148
330.0,2940.0,330,148
330.0,2940.0,330,148
330.0,2940.0,330,148
330.0,2940.0,330,148
330.0,2940.0,330,148
330.0,2940.0,330,148
330.0,2940.0,330,148
462.0,2940.0,462,148
469.0,3285.6000000000004,469,148
408.0,3650.400000000001,408,148
408.0,3650.400000000001,408,148
408.0,3650.400000000001,408,148
408.0,3650.400000000001,408,148
408.0,3650.400000000001,408,148
408.0,3650.400000000001,408,148
408.0,3650.400000000001,408,148
408.0,3650.400000000001,408,148
408.0,3650.400000000001,408,148
408.0,3650.400000000001,408,148
408.0,3650.400000000001,408,148
0.0,60.0,340,149
0.0,60.0,280,149
0.0,60.0,220,149
0.0,60.0,160,149
0.0,60.0,100,149
0.0,60.0,40,149
0.0,60.0,0,149
0.0,33.75,0,149
0.0,21.6,0,149
0.0,12.15,0,149
0.0,7.35,0,149
0.0,5.4,0,149
0.0,3.75,0,149
0.0,2.4000000000000004,0,149
0.0,1.35,0,149
0.0,0.6000000000000001,0,149
0.0,0.15,0,149
0.0,60.0,340,150
0.0,60.0,280,150
0.0,60.0,220,150
27.0,60.0,187,150
27.0,60.0,154,150
15.0,60.0,109,150
9.0,60.0,58,150
6.0,60.0,6,150
9.0,60.0,9,150
12.0,86.4,12,150
0.0,117.6,0,150
0.0,66.15,0,150
0.0,38.400000000000006,0,150
0.0,21.6,0,150
0.0,12.15,0,150
0.0,7.35,0,150
0.0,5.4,0,150
0.0,3.75,0,150
0.0,2.4000000000000004,0,150
0.0,1.35,0,150
0.0,0.6000000000000001,0,150
0.0,0.15,0,150
0.0,60.0,340,151
0.0,60.0,280,151
0.0,60.0,220,151
0.0,60.0,160,151
36.0,60.0,136,151
24.0,60.0,100,151
26.0,60.0,66,151
75.0,60.0,81,151
60.0,60.0,81,151
60.0,60.0,81,151
60.0,60.0,81,151
60.0,60.0,81,151
60.0,60.0,81,151
60.0,60.0,81,151
60.0,60.0,81,151
60.0,60.0,81,151
60.0,60.0,81,151
60.0,60.0,81,151
75.0,60.0,96,151
87.4,86.4,97,151
104.0,117.6,104,151
119.0,144.15,119,151
119.0,163.35000000000002,119,151
119.0,163.35000000000002,119,151
119.0,163.35000000000002,119,151
119.0,144.15,119,151
30.35000000000001,109.35,40,151
82.0,109.35,82,151
97.0,153.60000000000002,97,151
104.0,163.35000000000002,104,151
119.0,205.35,119,151
119.0,228.15000000000003,119,151
119.0,228.15000000000003,119,151
119.0,228.15000000000003,119,151
119.0,228.15000000000003,119,151
119.0,228.15000000000003,119,151
119.0,228.15000000000003,119,151
119.0,228.15000000000003,119,151
119.0,228.15000000000003,119,151
119.0,228.15000000000003,119,151
119.0,228.15000000000003,119,151
119.0,228.15000000000003,119,151
119.0,228.15000000000003,119,151
119.0,228.15000000000003,119,151
119.0,228.15000000000003,119,151
119.0,228.15000000000003,119,151
141.0,228.15000000000003,141,151
154.0,264.6,154,151
170.0,331.35,170,151
185.0,375.0,185,151
207.0,487.35,207,151
220.0,540.0,220,151
185.0,390.15,185,151
185.0,390.15,185,151
185.0,390.15,185,151
185.0,390.15,185,151
185.0,390.15,185,151
185.0,390.15,185,151
185.0,390.15,185,151
118.15,144.15,159,151
75.0,60.0,174,151
74.15,66.15,182,151
81.35000000000001,79.35000000000001,184,151
103.6,117.6,170,151
103.6,117.6,156,151
103.6,117.6,142,151
81.60000000000001,72.60000000000001,151,151
87.4,86.4,152,151
103.15,126.15,129,151
103.15,126.15,106,151
104.0,126.15,104,151
104.0,117.6,104,151
104.0,117.6,104,151
104.0,117.6,104,151
104.0,117.6,104,151
104.0,117.6,104,151
104.0,117.6,104,151
104.0,117.6,104,151
104.0,117.6,104,151
104.0,117.6,104,151
104.0,117.6,104,151
104.0,117.6,104,151
104.0,117.6,104,151
104.0,117.6,104,151
104.0,117.6,104,151
104.0,117.6,104,151
104.0,117.6,104,151
104.0,117.6,104,151
104.0,117.6,104,151
104.0,117.6,104,151
104.0,117.6,104,151
104.0,117.6,104,151
104.0,117.6,104,151
104.0,117.6,104,151
104.0,117.6,104,151
104.0,117.6,104,151
104.0,117.6,104,151
96.4,101.4,99,151
97.0,101.4,97,151
97.0,101.4,97,151
0.0,60.0,340,152
0.0,60.0,280,152
0.0,60.0,220,152
0.0,60.0,160,152
0.0,60.0,100,152
0.0,60.0,40,152
0.0,25.35,14,152
0.0,25.35,0,152
0.0,15.0,0,152
0.0,9.6,0,152
0.0,5.4,0,152
0.0,3.75,0,152
14.0,2.4000000000000004,14,152
6.600000000000001,9.6,11,152
15.6,9.6,17,152
23.0,15.0,25,152
32.0,38.400000000000006,32,152
16.0,66.15,16,152
61.0,66.15,61,152
36.0,163.35000000000002,36,152
36.0,163.35000000000002,36,152
55.0,163.35000000000002,55,152
84.0,205.35,84,152
84.0,252.15000000000003,84,152
122.0,252.15000000000003,122,152
83.0,345.6,83,152
65.0,345.6,65,152
166.0,345.6,166,152
71.0,487.35,71,152
63.0,487.35,63,152
212.0,487.35,212,152
239.0,653.4000000000001,239,152
292.0,866.4000000000001,292,152
328.0,1242.15,328,152
318.0,1782.15,318,152
343.0,1782.15,343,152
328.0,1949.4,328,152
303.0,1440.6,303,152
312.0,1440.6,312,152
222.0,2088.6000000000004,222,152
347.0,2088.6000000000004,347,152
300.0,2232.6000000000004,300,152
265.0,2232.6000000000004,265,152
216.0,2232.6000000000004,216,152
315.0,2232.6000000000004,315,152
357.0,2269.3500000000004,357,152
233.0,2419.3500000000004,233,152
358.0,2419.3500000000004,358,152
315.0,2613.6000000000004,315,152
315.0,2613.6000000000004,315,152
362.0,2613.6000000000004,362,152
210.0,2898.15,210,152
365.0,2898.15,365,152
369.0,3067.3500000000004,369,152
363.0,3375.0,363,152
334.0,3375.0,334,152
172.0,3375.0,172,152
327.0,3375.0,327,152
125.0,3697.35,125,152
328.0,3697.35,328,152
286.0,3792.15,286,152
286.0,3792.15,286,152
328.0,3792.15,328,152
280.0,3985.35,280,152
233.0,3985.35,233,152
224.0,2574.15,224,152
196.0,2574.15,196,152
232.0,2574.15,232,152
283.0,2774.4,283,152
28.0,2898.15,28,152
224.0,1983.75,224,152
162.0,2160.0,162,152
184.0,2160.0,184,152
221.0,2343.75,221,152
149.0,2496.15,149,152
283.0,2496.15,283,152
283.0,2693.4,283,152
273.0,2693.4,273,152
283.0,2693.4,283,152
336.0,2982.15,336,152
197.0,1382.4,197,152
197.0,1382.4,197,152
151.0,1382.4,151,152
190.0,1382.4,190,152
238.0,1782.15,238,152
246.0,2018.4,246,152
249.0,2088.6000000000004,249,152
277.0,2196.15,277,152
280.0,2381.4,280,152
283.0,2693.4,283,152
285.0,2940.0,285,152
285.0,2982.15,285,152
285.0,2982.15,285,152
249.0,2982.15,249,152
285.0,2982.15,285,152
238.0,3153.75,238,152
238.0,1848.15,238,152
238.0,1848.15,238,152
238.0,1848.15,238,152
238.0,1848.15,238,152
0.0,60.0,340,153
0.0,60.0,280,153
0.0,60.0,220,153
0.0,60.0,160,153
0.0,60.0,100,153
0.0,60.0,40,153
42.0,60.0,42,153
35.0,79.35000000000001,35,153
28.0,79.35000000000001,28,153
35.0,79.35000000000001,35,153
42.0,126.15,42,153
42.0,183.75,42,153
42.0,183.75,42,153
35.0,183.75,35,153
28.0,183.75,28,153
35.0,183.75,35,153
56.0,345.6,56,153
84.0,756.1500000000001,84,153
112.0,1440.6,112,153
144.0,2693.4,144,153
144.0,2856.6000000000004,144,153
140.0,2774.4,140,153
279.0,2774.4,279,153
276.0,2982.15,276,153
347.0,2982.15,347,153
282.0,3420.1500000000005,282,153
312.0,3420.1500000000005,312,153
303.0,3650.400000000001,303,153
312.0,3650.400000000001,312,153
303.0,4034.400000000001,303,153
332.0,4034.400000000001,332,153
326.0,4284.150000000001,326,153
332.0,4284.150000000001,332,153
335.0,4806.150000000001,335,153
323.0,5078.400000000001,323,153
335.0,5078.400000000001,335,153
294.0,5301.6,294,153
214.0,2574.15,214,153
216.0,2574.15,216,153
220.0,2898.15,220,153
227.0,3241.3500000000004,227,153
222.0,3465.6000000000004,222,153
147.0,1440.6,147,153
62.0,1440.6,62,153
146.0,1440.6,146,153
205.0,2088.6000000000004,205,153
214.0,2306.4,214,153
146.0,2457.6000000000004,146,153
223.0,2457.6000000000004,223,153
230.0,2693.4,230,153
219.0,2856.6000000000004,219,153
225.0,2856.6000000000004,225,153
223.0,3067.3500000000004,223,153
110.0,3067.3500000000004,110,153
111.0,1135.35,111,153
132.0,1470.15,132,153
182.0,1749.6,182,153
89.0,1815.0,89,153
175.0,1815.0,175,153
182.0,1881.6,182,153
44.0,2018.4,44,153
184.0,2018.4,184,153
88.0,2088.6000000000004,88,153
198.0,2088.6000000000004,198,153
26.0,2160.0,26,153
198.0,2160.0,198,153
198.0,2306.4,198,153
199.0,2306.4,199,153
208.0,2419.3500000000004,208,153
140.0,2653.3500000000004,140,153
209.0,2653.3500000000004,209,153
25.0,2774.4,25,153
208.0,2774.4,208,153
212.0,3024.6000000000004,212,153
125.0,3197.4000000000005,125,153
133.0,1382.4,133,153
154.0,1815.0,154,153
25.0,1915.35,25,153
154.0,1915.35,154,153
155.0,2018.4,155,153
155.0,2053.3500000000004,155,153
154.0,2053.3500000000004,154,153
119.0,1242.15,119,153
89.0,1242.15,89,153
119.0,1242.15,119,153
154.0,1815.0,154,153
154.0,1949.4,154,153
154.0,1949.4,154,153
154.0,1949.4,154,153
74.0,936.15,74,153
111.0,936.15,111,153
121.0,1325.4,121,153
154.0,1749.6,154,153
147.0,2053.3500000000004,147,153
155.0,2053.3500000000004,155,153
163.0,2306.4,163,153
222.0,2613.6000000000004,222,153
163.0,2343.75,163,153
163.0,2343.75,163,153
220.0,2343.75,220,153
0.0,60.0,340,154
0.0,60.0,280,154
0.0,38.400000000000006,241,154
0.0,38.400000000000006,203,154
53.20000000000002,38.400000000000006,218,154
89.15,54.150000000000006,253,154
80.15,126.15,207,154
62.150000000000006,126.15,143,154
35.35000000000001,79.35000000000001,99,154
35.35000000000001,79.35000000000001,55,154
36.0,79.35000000000001,36,154
0.0,79.35000000000001,0,154
0.0,21.6,0,154
0.0,12.15,0,154
0.0,7.35,0,154
0.0,2.4000000000000004,0,154
0.0,1.35,0,154
0.0,0.6000000000000001,0,154
0.0,0.15,0,154
0.0,60.0,340,155
108.0,60.0,388,155
90.0,60.0,418,155
44.60000000000002,48.6,414,155
26.149999999999977,18.15,422,155
26.149999999999977,18.15,430,155
26.149999999999977,18.15,438,155
26.149999999999977,18.15,446,155
26.149999999999977,18.15,454,155
26.350000000000023,25.35,455,155
35.35000000000002,25.35,465,155
26.149999999999977,54.150000000000006,437,155
17.149999999999977,54.150000000000006,400,155
35.14999999999998,54.150000000000006,381,155
35.14999999999998,54.150000000000006,362,155
35.14999999999998,54.150000000000006,343,155
0.0,33.75,309,155
26.5,33.75,302,155
26.75,33.75,295,155
26.75,33.75,288,155
26.75,33.75,281,155
26.75,33.75,274,155
26.75,33.75,267,155
8.75,33.75,242,155
56.75,33.75,265,155
79.35000000000002,79.35000000000001,265,155
57.35000000000002,79.35000000000001,243,155
35.35000000000002,79.35000000000001,199,155
83.35000000000001,79.35000000000001,203,155
114.15,144.15,173,155
52.150000000000006,144.15,81,155
102.0,144.15,102,155
93.0,135.0,93,155
21.40000000000001,86.4,28,155
71.0,86.4,71,155
84.0,126.15,84,155
93.0,173.4,93,155
115.0,277.35,115,155
146.0,375.0,146,155
177.0,595.35,177,155
208.0,843.75,208,155
270.0,1325.4,270,155
270.0,1915.35,270,155
294.0,1915.35,294,155
407.0,2196.15,407,155
338.0,2306.4,338,155
302.0,2306.4,302,155
302.0,2306.4,302,155
247.0,2306.4,247,155
252.0,2306.4,252,155
259.0,2574.15,259,155
264.0,2653.3500000000004,264,155
257.0,2856.6000000000004,257,155
308.0,2856.6000000000004,308,155
308.0,3067.3500000000004,308,155
308.0,3067.3500000000004,308,155
247.0,3067.3500000000004,247,155
264.0,3067.3500000000004,264,155
309.0,3420.1500000000005,309,155
377.0,3697.35,377,155
323.0,4083.75,323,155
377.0,4083.75,377,155
382.0,4233.6,382,155
338.0,4699.35,338,155
287.0,4699.35,287,155
338.0,4699.35,338,155
273.0,5301.6,273,155
342.0,5301.6,342,155
338.0,5645.400000000001,338,155
456.0,5645.400000000001,456,155
271.0,6120.6,271,155
456.0,6120.6,456,155
456.0,6427.35,456,155
456.0,6427.35,456,155
456.0,6427.35,456,155
456.0,6427.35,456,155
278.0,3420.1500000000005,278,155
283.0,3420.1500000000005,283,155
278.0,3603.75,278,155
285.0,3603.75,285,155
287.0,4034.400000000001,287,155
282.0,3241.3500000000004,282,155
282.0,3241.3500000000004,282,155
282.0,3241.3500000000004,282,155
282.0,3241.3500000000004,282,155
282.0,3241.3500000000004,282,155
271.0,3241.3500000000004,271,155
416.0,3241.3500000000004,416,155
410.0,3511.3500000000004,410,155
417.0,3511.3500000000004,417,155
423.0,3697.35,423,155
423.0,3985.35,423,155
423.0,3985.35,423,155
423.0,3985.35,423,155
370.0,3792.15,370,155
349.0,3792.15,349,155
370.0,3792.15,370,155
370.0,4083.75,370,155
161.0,4083.75,161,155
370.0,4083.75,370,155
0.0,60.0,340,156
0.0,60.0,280,156
0.0,60.0,220,156
0.0,60.0,160,156
0.0,60.0,100,156
0.0,60.0,40,156
0.0,60.0,0,156
0.0,33.75,0,156
0.0,21.6,0,156
0.0,12.15,0,156
0.0,7.35,0,156
0.0,5.4,0,156
13.0,3.75,13,156
0.0,3.75,9,156
13.5,3.75,19,156
12.75,3.75,28,156
26.15,12.15,42,156
52.400000000000006,29.4,65,156
65.0,60.0,70,156
91.0,117.6,91,156
130.0,240.0,130,156
78.0,135.0,78,156
65.0,135.0,65,156
85.0,135.0,85,156
34.0,153.60000000000002,34,156
81.0,153.60000000000002,81,156
98.0,228.15000000000003,98,156
115.0,303.75,115,156
119.0,360.15000000000003,119,156
136.0,504.6,136,156
183.0,595.35,183,156
221.0,912.6,221,156
308.0,1622.4,308,156
315.0,1782.15,315,156
319.0,1983.75,319,156
404.0,2088.6000000000004,404,156
336.0,2232.6000000000004,336,156
340.0,2232.6000000000004,340,156
323.0,2535.0,323,156
258.0,2535.0,258,156
226.0,2269.3500000000004,226,156
297.0,2196.15,297,156
297.0,2232.6000000000004,297,156
297.0,2232.6000000000004,297,156
297.0,2232.6000000000004,297,156
297.0,2232.6000000000004,297,156
233.0,2232.6000000000004,233,156
233.0,2232.6000000000004,233,156
233.0,2232.6000000000004,233,156
233.0,2232.6000000000004,233,156
233.0,2232.6000000000004,233,156
233.0,2232.6000000000004,233,156
233.0,2232.6000000000004,233,156
233.0,2232.6000000000004,233,156
233.0,2232.6000000000004,233,156
233.0,2232.6000000000004,233,156
233.0,2232.6000000000004,233,156
231.0,2232.6000000000004,231,156
233.0,2232.6000000000004,233,156
233.0,2269.3500000000004,233,156
233.0,2269.3500000000004,233,156
233.0,2269.3500000000004,233,156
233.0,2269.3500000000004,233,156
233.0,2269.3500000000004,233,156
184.0,2269.3500000000004,184,156
233.0,2269.3500000000004,233,156
151.0,2381.4,151,156
38.0,984.15,38,156
122.0,984.15,122,156
147.0,1411.35,147,156
151.0,1749.6,151,156
214.0,2343.75,214,156
189.0,1848.15,189,156
184.0,1848.15,184,156
184.0,1848.15,184,156
189.0,1848.15,189,156
151.0,2018.4,151,156
191.0,2018.4,191,156
191.0,2160.0,191,156
189.0,2160.0,189,156
130.0,2160.0,130,156
122.0,2160.0,122,156
255.0,2160.0,255,156
252.0,2306.4,252,156
258.0,2306.4,258,156
323.0,2535.0,323,156
187.0,2613.6000000000004,187,156
204.0,1382.4,204,156
245.0,1848.15,245,156
247.0,1983.75,247,156
311.0,2160.0,311,156
211.0,2269.3500000000004,211,156
311.0,2269.3500000000004,311,156
116.0,2653.3500000000004,116,156
322.0,2653.3500000000004,322,156
322.0,2856.6000000000004,322,156
322.0,2856.6000000000004,322,156
196.0,2856.6000000000004,196,156
358.0,2856.6000000000004,358,156
282.0,2457.6000000000004,282,156
0.0,60.0,340,157
0.0,60.0,280,157
0.0,38.400000000000006,241,157
0.0,38.400000000000006,203,157
0.0,38.400000000000006,164,157
0.0,38.400000000000006,126,157
0.0,38.400000000000006,87,157
0.0,15.0,72,157
0.0,15.0,57,157
0.0,15.0,42,157
0.0,15.0,27,157
0.0,15.0,12,157
0.0,15.0,0,157
0.0,9.6,0,157
0.0,5.4,0,157
0.0,3.75,0,157
0.0,2.4000000000000004,0,157
0.0,1.35,0,157
0.0,0.6000000000000001,0,157
0.0,0.15,0,157
0.0,60.0,340,158
12.0,60.0,292,158
6.0,60.0,238,158
7.0,60.0,185,158
5.0,60.0,130,158
5.0,60.0,75,158
4.0,60.0,19,158
3.0,60.0,3,158
5.0,60.0,5,158
4.0,86.4,4,158
3.0,86.4,3,158
7.0,86.4,7,158
8.0,126.15,8,158
11.0,205.35,11,158
14.0,360.15000000000003,14,158
17.0,522.1500000000001,17,158
15.0,756.1500000000001,15,158
18.0,756.1500000000001,18,158
20.0,1058.4,20,158
22.0,1382.4,22,158
150.0,2269.3500000000004,150,158
98.0,1622.4,98,158
90.0,1622.4,90,158
70.0,714.1500000000001,70,158
70.0,714.1500000000001,70,158
49.0,714.1500000000001,49,158
61.0,714.1500000000001,61,158
39.0,936.15,39,158
70.0,936.15,70,158
80.0,1297.35,80,158
112.0,1815.0,112,158
112.0,2053.3500000000004,112,158
104.0,2053.3500000000004,104,158
50.0,2053.3500000000004,50,158
112.0,2053.3500000000004,112,158
114.0,2232.6000000000004,114,158
114.0,2535.0,114,158
114.0,2535.0,114,158
112.0,2535.0,112,158
114.0,2535.0,114,158
123.0,2940.0,123,158
123.0,3110.4,123,158
123.0,3110.4,123,158
123.0,3110.4,123,158
50.0,3110.4,50,158
123.0,3110.4,123,158
116.0,3603.75,116,158
116.0,3603.75,116,158
116.0,3603.75,116,158
116.0,3603.75,116,158
116.0,3603.75,116,158
114.0,3603.75,114,158
230.0,3603.75,230,158
238.0,3840.0,238,158
240.0,4233.6,240,158
247.0,4593.75,247,158
370.0,5133.75,370,158
384.0,5415.0,384,158
388.0,5762.400000000001,388,158
395.0,6060.150000000001,395,158
362.0,2693.4,362,158
362.0,2693.4,362,158
362.0,2693.4,362,158
362.0,2693.4,362,158
71.0,2693.4,71,158
362.0,2693.4,362,158
366.0,2982.15,366,158
310.0,3330.15,310,158
310.0,3330.15,310,158
310.0,3330.15,310,158
310.0,3330.15,310,158
310.0,3330.15,310,158
366.0,3330.15,366,158
303.0,3744.6,303,158
300.0,2940.0,300,158
300.0,2940.0,300,158
223.0,2940.0,223,158
300.0,2940.0,300,158
302.0,3153.75,302,158
302.0,3241.3500000000004,302,158
302.0,3241.3500000000004,302,158
354.0,3241.3500000000004,354,158
222.0,3330.15,222,158
289.0,3330.15,289,158
352.0,3557.4,352,158
291.0,3603.75,291,158
291.0,3603.75,291,158
291.0,3603.75,291,158
291.0,3603.75,291,158
293.0,3603.75,293,158
291.0,3744.6,291,158
291.0,3744.6,291,158
291.0,3744.6,291,158
291.0,3744.6,291,158
291.0,3744.6,291,158
291.0,3744.6,291,158
291.0,3744.6,291,158
295.0,3744.6,295,158
286.0,2940.0,286,158
286.0,2940.0,286,158
0.0,60.0,340,159
48.0,60.0,328,159
40.0,60.0,308,159
36.0,60.0,284,159
32.0,60.0,256,159
24.0,60.0,220,159
8.349999999999994,25.35,203,159
33.349999999999994,25.35,211,159
16.400000000000006,38.400000000000006,189,159
16.400000000000006,38.400000000000006,167,159
16.400000000000006,38.400000000000006,145,159
16.400000000000006,38.400000000000006,123,159
8.400000000000006,38.400000000000006,93,159
16.400000000000006,38.400000000000006,71,159
8.0,15.0,64,159
8.0,15.0,57,159
8.0,15.0,50,159
8.0,15.0,43,159
8.0,15.0,36,159
8.0,15.0,29,159
8.0,15.0,22,159
8.0,15.0,15,159
8.0,15.0,8,159
8.0,15.0,8,159
8.0,15.0,8,159
8.0,15.0,8,159
8.0,15.0,8,159
8.0,15.0,8,159
8.0,15.0,8,159
8.0,15.0,8,159
4.4,5.4,7,159
4.4,5.4,6,159
4.4,5.4,5,159
4.0,5.4,4,159
4.0,5.4,4,159
4.0,5.4,4,159
4.0,5.4,4,159
3.75,3.75,4,159
3.75,3.75,4,159
3.75,3.75,4,159
3.75,3.75,4,159
3.75,3.75,4,159
3.75,3.75,4,159
3.75,3.75,4,159
3.75,3.75,4,159
3.75,3.75,4,159
3.75,3.75,4,159
0.0,1.35,2,159
0.0,1.35,1,159
0.0,1.35,0,159
0.0,0.6000000000000001,0,159
0.0,0.15,0,159
0.0,60.0,340,160
0.0,60.0,280,160
0.0,60.0,220,160
0.0,60.0,160,160
0.0,60.0,100,160
0.0,60.0,40,160
0.0,54.150000000000006,0,160
0.0,33.75,0,160
0.0,21.6,0,160
0.0,12.15,0,160
18.0,7.35,18,160
24.0,18.15,24,160
18.0,33.75,18,160
30.0,33.75,30,160
54.0,109.35,54,160
84.0,252.15000000000003,84,160
150.0,821.4000000000001,150,160
224.0,1949.4,224,160
180.0,1215.0,180,160
180.0,1215.0,180,160
180.0,1215.0,180,160
144.0,1215.0,144,160
138.0,1215.0,138,160
138.0,1215.0,138,160
138.0,1215.0,138,160
138.0,1215.0,138,160
138.0,1215.0,138,160
138.0,1215.0,138,160
138.0,1215.0,138,160
138.0,1215.0,138,160
138.0,1215.0,138,160
138.0,1215.0,138,160
138.0,1215.0,138,160
138.0,1215.0,138,160
138.0,1215.0,138,160
138.0,1215.0,138,160
138.0,1215.0,138,160
138.0,1215.0,138,160
138.0,1215.0,138,160
138.0,1215.0,138,160
138.0,1215.0,138,160
132.0,1188.15,132,160
132.0,1188.15,132,160
132.0,1188.15,132,160
132.0,1188.15,132,160
132.0,1188.15,132,160
132.0,1188.15,132,160
132.0,1188.15,132,160
108.0,735.0,108,160
108.0,735.0,108,160
108.0,735.0,108,160
108.0,735.0,108,160
108.0,735.0,108,160
108.0,735.0,108,160
108.0,735.0,108,160
108.0,735.0,108,160
72.0,317.40000000000003,72,160
72.0,317.40000000000003,72,160
72.0,317.40000000000003,72,160
72.0,317.40000000000003,72,160
72.0,317.40000000000003,72,160
72.0,317.40000000000003,72,160
72.0,317.40000000000003,72,160
72.0,317.40000000000003,72,160
72.0,317.40000000000003,72,160
66.0,303.75,66,160
66.0,303.75,66,160
66.0,303.75,66,160
66.0,303.75,66,160
66.0,303.75,66,160
66.0,303.75,66,160
66.0,303.75,66,160
66.0,303.75,66,160
66.0,303.75,66,160
66.0,303.75,66,160
66.0,303.75,66,160
66.0,303.75,66,160
66.0,303.75,66,160
0.0,303.75,0,160
0.0,173.4,0,160
0.0,101.4,0,160
0.0,60.0,0,160
0.0,33.75,0,160
0.0,21.6,0,160
0.0,12.15,0,160
0.0,7.35,0,160
0.0,5.4,0,160
0.0,3.75,0,160
0.0,2.4000000000000004,0,160
0.0,1.35,0,160
0.0,0.6000000000000001,0,160
0.0,0.15,0,160
0.0,60.0,340,161
0.0,60.0,280,161
36.0,60.0,256,161
42.0,60.0,238,161
42.0,60.0,220,161
42.0,60.0,202,161
42.0,60.0,184,161
42.0,60.0,166,161
42.0,60.0,148,161
42.0,60.0,130,161
42.0,60.0,112,161
30.0,60.0,82,161
30.0,60.0,52,161
18.0,60.0,18,161
24.0,60.0,24,161
24.0,101.4,24,161
24.0,101.4,24,161
6.0,101.4,6,161
24.0,101.4,24,161
24.0,163.35000000000002,24,161
32.0,60.0,32,161
32.0,72.60000000000001,32,161
48.0,72.60000000000001,48,161
16.0,86.4,16,161
32.0,86.4,32,161
48.0,93.75,48,161
48.0,126.15,48,161
46.0,126.15,46,161
69.0,126.15,69,161
79.0,153.60000000000002,79,161
69.0,194.4,69,161
69.0,194.4,69,161
69.0,101.4,69,161
23.0,101.4,23,161
99.0,101.4,99,161
117.0,173.4,117,161
117.0,264.6,117,161
140.0,264.6,140,161
162.0,390.15,162,161
197.0,595.35,197,161
175.0,866.4000000000001,175,161
105.0,866.4000000000001,105,161
204.0,866.4000000000001,204,161
197.0,1161.6,197,161
70.0,1161.6,70,161
140.0,1161.6,140,161
230.0,1411.35,230,161
191.0,1848.15,191,161
216.0,1848.15,216,161
398.0,2124.15,398,161
255.0,2160.0,255,161
240.0,2160.0,240,161
440.0,2160.0,440,161
201.0,2196.15,201,161
440.0,2196.15,440,161
441.0,2232.6000000000004,441,161
441.0,2232.6000000000004,441,161
219.0,2232.6000000000004,219,161
384.0,2232.6000000000004,384,161
165.0,2269.3500000000004,165,161
162.0,2269.3500000000004,162,161
334.0,2269.3500000000004,334,161
387.0,2457.6000000000004,387,161
389.0,2496.15,389,161
389.0,2535.0,389,161
276.0,2535.0,276,161
275.0,2535.0,275,161
212.0,2535.0,212,161
301.0,2535.0,301,161
273.0,2574.15,273,161
212.0,2574.15,212,161
212.0,2574.15,212,161
142.0,2574.15,142,161
276.0,2574.15,276,161
326.0,2733.75,326,161
149.0,2856.6000000000004,149,161
259.0,2856.6000000000004,259,161
155.0,2982.15,155,161
212.0,2982.15,212,161
343.0,3936.6,343,161
239.0,4183.35,239,161
250.0,4183.35,250,161
131.0,4284.150000000001,131,161
231.0,4284.150000000001,231,161
251.0,4489.35,251,161
232.0,4646.400000000001,232,161
240.0,4646.400000000001,240,161
252.0,4752.6,252,161
224.0,4968.6,224,161
235.0,2419.3500000000004,235,161
236.0,2535.0,236,161
96.0,2653.3500000000004,96,161
238.0,2653.3500000000004,238,161
238.0,2774.4,238,161
121.0,2232.6000000000004,121,161
234.0,2232.6000000000004,234,161
12.0,2269.3500000000004,12,161
234.0,2269.3500000000004,234,161
234.0,2306.4,234,161
140.0,1749.6,140,161
0.0,60.0,340,162
0.0,60.0,280,162
0.0,60.0,220,162
0.0,43.35,176,162
7.699999999999989,43.35,141,162
6.150000000000006,18.15,129,162
3.1500000000000057,18.15,114,162
3.1500000000000057,18.15,99,162
1.1500000000000057,18.15,82,162
1.1500000000000057,18.15,65,162
2.1500000000000057,18.15,49,162
2.150000000000002,18.15,33,162
1.150000000000002,18.15,16,162
2.0,18.15,2,162
2.0,18.15,2,162
1.0,18.15,1,162
1.0,9.6,1,162
1.0,9.6,1,162
1.0,9.6,1,162
0.0,9.6,0,162
1.0,5.4,1,162
1.0,5.4,1,162
1.0,5.4,1,162
1.0,5.4,1,162
1.0,3.75,1,162
1.0,3.75,1,162
1.0,3.75,1,162
1.0,3.75,1,162
1.0,3.75,1,162
0.0,1.35,0,162
0.0,0.6000000000000001,0,162
0.0,0.15,0,162
0.0,60.0,340,163
0.0,60.0,280,163
0.0,25.35,254,163
0.0,25.35,229,163
0.0,25.35,203,163
83.39999999999998,25.35,262,163
95.75,33.75,324,163
95.4,86.4,333,163
47.35000000000002,163.35000000000002,217,163
95.35000000000002,163.35000000000002,149,163
96.0,163.35000000000002,96,163
72.0,163.35000000000002,72,163
60.0,163.35000000000002,60,163
60.0,163.35000000000002,60,163
132.0,163.35000000000002,132,163
168.0,277.35,168,163
252.0,576.6,252,163
288.0,777.5999999999999,288,163
324.0,1008.6,324,163
348.0,1411.35,348,163
312.0,1242.15,312,163
312.0,1242.15,312,163
312.0,1242.15,312,163
312.0,1242.15,312,163
312.0,1242.15,312,163
312.0,1242.15,312,163
312.0,1242.15,312,163
312.0,1242.15,312,163
312.0,1242.15,312,163
312.0,1242.15,312,163
312.0,1242.15,312,163
312.0,1242.15,312,163
312.0,1242.15,312,163
312.0,1242.15,312,163
312.0,1242.15,312,163
312.0,1242.15,312,163
204.0,522.1500000000001,204,163
204.0,522.1500000000001,204,163
204.0,522.1500000000001,204,163
204.0,522.1500000000001,204,163
204.0,522.1500000000001,204,163
204.0,522.1500000000001,204,163
204.0,522.1500000000001,204,163
204.0,522.1500000000001,204,163
204.0,522.1500000000001,204,163
204.0,522.1500000000001,204,163
156.0,277.35,156,163
156.0,277.35,156,163
156.0,277.35,156,163
156.0,277.35,156,163
156.0,277.35,156,163
156.0,277.35,156,163
156.0,277.35,156,163
156.0,277.35,156,163
156.0,277.35,156,163
156.0,277.35,156,163
156.0,277.35,156,163
156.0,277.35,156,163
156.0,277.35,156,163
156.0,277.35,156,163
108.0,163.35000000000002,108,163
108.0,163.35000000000002,108,163
108.0,163.35000000000002,108,163
108.0,163.35000000000002,108,163
108.0,163.35000000000002,108,163
108.0,163.35000000000002,108,163
72.0,60.0,120,163
83.60000000000001,72.60000000000001,131,163
59.400000000000006,38.400000000000006,152,163
47.35,25.35,174,163
47.400000000000006,29.4,192,163
59.35,43.35,208,163
59.150000000000006,54.150000000000006,213,163
83.35000000000002,79.35000000000001,217,163
95.35,109.35,203,163
95.35,109.35,189,163
95.35,109.35,175,163
95.35,109.35,161,163
95.35,109.35,147,163
95.35,109.35,133,163
95.35,109.35,119,163
95.35,109.35,105,163
96.0,109.35,96,163
96.0,109.35,96,163
96.0,109.35,96,163
96.0,109.35,96,163
83.75,93.75,86,163
84.0,93.75,84,163
84.0,93.75,84,163
84.0,93.75,84,163
84.0,93.75,84,163
84.0,93.75,84,163
84.0,93.75,84,163
84.0,93.75,84,163
84.0,93.75,84,163
84.0,93.75,84,163
84.0,93.75,84,163
84.0,93.75,84,163
84.0,93.75,84,163
84.0,93.75,84,163
0.0,60.0,340,164
0.0,60.0,280,164
0.0,60.0,220,164
120.0,60.0,280,164
107.4,86.4,301,164
208.15,126.15,383,164
264.35,205.35,442,164
230.35,277.35,395,164
132.14999999999998,126.15,401,164
164.35000000000002,163.35000000000002,402,164
120.15000000000003,252.15000000000003,270,164
110.0,135.0,245,164
88.0,135.0,198,164
88.0,135.0,151,164
88.0,135.0,104,164
88.0,135.0,88,164
88.0,135.0,88,164
88.0,135.0,88,164
88.0,135.0,88,164
88.0,135.0,88,164
88.0,135.0,88,164
88.0,135.0,88,164
88.0,135.0,88,164
88.0,135.0,88,164
88.0,135.0,88,164
88.0,135.0,88,164
88.0,135.0,88,164
88.0,135.0,88,164
88.0,135.0,88,164
66.0,93.75,66,164
66.0,93.75,66,164
66.0,93.75,66,164
66.0,93.75,66,164
66.0,93.75,66,164
66.0,93.75,66,164
66.0,93.75,66,164
66.0,93.75,66,164
66.0,93.75,66,164
66.0,93.75,66,164
66.0,93.75,66,164
66.0,93.75,66,164
88.0,93.75,88,164
110.0,135.0,110,164
110.0,173.4,110,164
110.0,173.4,110,164
110.0,173.4,110,164
110.0,173.4,110,164
110.0,173.4,110,164
110.0,173.4,110,164
110.0,173.4,110,164
110.0,173.4,110,164
110.0,173.4,110,164
110.0,173.4,110,164
110.0,173.4,110,164
110.0,173.4,110,164
110.0,173.4,110,164
110.0,173.4,110,164
110.0,173.4,110,164
110.0,173.4,110,164
110.0,173.4,110,164
110.0,173.4,110,164
110.0,173.4,110,164
110.0,173.4,110,164
110.0,173.4,110,164
110.0,173.4,110,164
110.0,173.4,110,164
110.0,173.4,110,164
110.0,173.4,110,164
110.0,173.4,110,164
110.0,173.4,110,164
110.0,173.4,110,164
110.0,173.4,110,164
110.0,173.4,110,164
110.0,173.4,110,164
110.0,173.4,110,164
110.0,173.4,110,164
110.0,173.4,110,164
110.0,173.4,110,164
110.0,173.4,110,164
110.0,173.4,110,164
110.0,173.4,110,164
110.0,173.4,110,164
110.0,173.4,110,164
110.0,173.4,110,164
110.0,173.4,110,164
110.0,173.4,110,164
110.0,173.4,110,164
110.0,173.4,110,164
110.0,173.4,110,164
110.0,173.4,110,164
110.0,173.4,110,164
110.0,173.4,110,164
110.0,173.4,110,164
110.0,173.4,110,164
110.0,173.4,110,164
110.0,173.4,110,164
110.0,173.4,110,164
110.0,173.4,110,164
110.0,173.4,110,164
110.0,173.4,110,164
0.0,60.0,340,165
0.0,60.0,280,165
0.0,60.0,220,165
0.0,60.0,160,165
0.0,60.0,100,165
0.0,60.0,40,165
0.0,60.0,0,165
0.0,33.75,0,165
0.0,21.6,0,165
0.0,12.15,0,165
0.0,7.35,0,165
0.0,5.4,0,165
0.0,3.75,0,165
0.0,2.4000000000000004,0,165
0.0,1.35,0,165
0.0,0.6000000000000001,0,165
0.0,0.15,0,165
0.0,60.0,340,166
0.0,60.0,280,166
120.0,60.0,340,166
84.0,60.0,364,166
123.60000000000002,72.60000000000001,415,166
59.39999999999998,101.4,373,166
127.39999999999998,101.4,399,166
173.15,144.15,428,166
169.35000000000002,205.35,392,166
169.35000000000002,205.35,356,166
202.35,205.35,353,166
98.4,101.4,350,166
28.40000000000001,101.4,277,166
139.4,101.4,315,166
181.4,173.4,323,166
223.35,277.35,269,166
164.0,277.35,164,166
223.0,277.35,223,166
265.0,487.35,265,166
319.0,673.35,319,166
349.0,984.15,349,166
398.0,1591.35,398,166
469.0,1717.35,469,166
391.0,1881.6,391,166
361.0,1782.15,361,166
441.0,1782.15,441,166
504.0,2653.3500000000004,504,166
474.0,3067.3500000000004,474,166
474.0,2269.3500000000004,474,166
412.0,2269.3500000000004,412,166
576.0,2269.3500000000004,576,166
399.0,2613.6000000000004,399,166
377.0,2613.6000000000004,377,166
497.0,2613.6000000000004,497,166
550.0,2982.15,550,166
557.0,3197.4000000000005,557,166
557.0,3465.6000000000004,557,166
486.0,3465.6000000000004,486,166
411.0,3465.6000000000004,411,166
409.0,3465.6000000000004,409,166
275.0,3465.6000000000004,275,166
373.0,3465.6000000000004,373,166
418.0,3985.35,418,166
469.0,4386.150000000001,469,166
303.0,4541.400000000001,303,166
232.0,4541.400000000001,232,166
423.0,4541.400000000001,423,166
353.0,5189.400000000001,353,166
174.0,5189.400000000001,174,166
442.0,5189.400000000001,442,166
280.0,5415.0,280,166
444.0,5415.0,444,166
141.0,5703.75,141,166
449.0,5703.75,449,166
245.0,5821.35,245,166
371.0,5821.35,371,166
449.0,6365.400000000001,449,166
377.0,6741.6,377,166
426.0,6741.6,426,166
426.0,7392.6,426,166
560.0,7392.6,560,166
490.0,8143.35,490,166
568.0,8143.35,568,166
403.0,8640.0,403,166
327.0,8640.0,327,166
306.0,8640.0,306,166
568.0,8640.0,568,166
520.0,9450.15,520,166
315.0,9450.15,315,166
587.0,9450.15,587,166
456.0,10533.75,456,166
355.0,10533.75,355,166
622.0,10533.75,622,166
564.0,11179.35,564,166
564.0,11179.35,564,166
350.0,11179.35,350,166
486.0,11179.35,486,166
571.0,11928.6,571,166
295.0,12528.15,295,166
571.0,12528.15,571,166
564.0,13680.600000000002,564,166
353.0,13680.600000000002,353,166
636.0,13680.600000000002,636,166
577.0,14978.4,577,166
568.0,14978.4,568,166
350.0,14978.4,350,166
641.0,14978.4,641,166
639.0,16039.350000000002,639,166
647.0,16039.350000000002,647,166
574.0,17340.0,574,166
351.0,17340.0,351,166
711.0,17340.0,711,166
279.0,18061.35,279,166
713.0,18061.35,713,166
733.0,19010.4,733,166
639.0,20313.6,639,166
504.0,7392.6,504,166
277.0,7392.6,277,166
123.0,7392.6,123,166
297.0,7392.6,297,166
0.0,60.0,340,167
0.0,60.0,280,167
0.0,60.0,220,167
0.0,60.0,160,167
0.0,38.400000000000006,121,167
0.0,38.400000000000006,83,167
0.0,38.400000000000006,44,167
0.0,38.400000000000006,6,167
0.0,38.400000000000006,0,167
0.0,21.6,0,167
0.0,7.35,0,167
0.0,3.75,0,167
0.0,2.4000000000000004,0,167
0.0,1.35,0,167
0.0,0.6000000000000001,0,167
0.0,0.15,0,167
0.0,60.0,340,168
182.0,60.0,462,168
250.0,60.0,652,168
163.0,60.0,755,168
63.0,60.0,758,168
140.0,60.0,838,168
13.0,60.0,791,168
116.0,60.0,847,168
101.0,60.0,888,168
100.0,60.0,928,168
100.0,60.0,968,168
100.0,60.0,1008,168
100.0,60.0,1048,168
100.0,60.0,1088,168
100.0,60.0,1128,168
100.0,60.0,1168,168
100.0,60.0,1208,168
100.0,60.0,1248,168
87.0,60.0,1275,168
100.0,60.0,1315,168
104.34999999999992,79.35000000000001,1340,168
129.4000000000001,101.4,1368,168
129.4000000000001,101.4,1396,168
145.0,135.0,1406,168
159.4000000000001,173.4,1392,168
159.4000000000001,173.4,1378,168
104.34999999999992,79.35000000000001,1403,168
129.4000000000001,101.4,1431,168
86.59999999999991,48.6,1469,168
101.15000000000008,66.15,1504,168
116.40000000000008,86.4,1534,168
101.15000000000008,66.15,1569,168
116.40000000000008,86.4,1599,168
129.5999999999999,117.6,1611,168
157.5999999999999,153.60000000000002,1615,168
161.75,183.75,1593,168
159.3499999999999,163.35000000000002,1589,168
159.3499999999999,163.35000000000002,1585,168
159.3499999999999,163.35000000000002,1581,168
159.3499999999999,163.35000000000002,1577,168
159.3499999999999,163.35000000000002,1573,168
159.3499999999999,163.35000000000002,1569,168
159.3499999999999,163.35000000000002,1565,168
129.5999999999999,117.6,1577,168
157.5999999999999,153.60000000000002,1581,168
161.75,183.75,1559,168
161.75,183.75,1537,168
161.75,183.75,1515,168
161.75,183.75,1493,168
161.75,183.75,1471,168
161.75,183.75,1449,168
161.75,183.75,1427,168
161.75,183.75,1405,168
161.75,183.75,1383,168
161.75,183.75,1361,168
161.75,183.75,1339,168
161.75,183.75,1317,168
161.75,183.75,1295,168
161.75,183.75,1273,168
161.75,183.75,1251,168
161.75,183.75,1229,168
161.75,183.75,1207,168
161.75,183.75,1185,168
161.75,183.75,1163,168
161.75,183.75,1141,168
161.75,183.75,1119,168
161.75,183.75,1097,168
161.75,183.75,1075,168
161.75,183.75,1053,168
161.75,183.75,1031,168
161.75,183.75,1009,168
161.75,183.75,987,168
161.75,183.75,965,168
161.75,183.75,943,168
161.75,183.75,921,168
161.75,183.75,899,168
161.75,183.75,877,168
161.75,183.75,855,168
161.75,183.75,833,168
161.75,183.75,811,168
161.75,183.75,789,168
161.75,183.75,767,168
161.75,183.75,745,168
161.75,183.75,723,168
161.75,183.75,701,168
161.75,183.75,679,168
161.75,183.75,657,168
161.75,183.75,635,168
161.75,183.75,613,168
161.75,183.75,591,168
161.75,183.75,569,168
161.75,183.75,547,168
161.75,183.75,525,168
161.75,183.75,503,168
161.75,183.75,481,168
161.75,183.75,459,168
161.75,183.75,437,168
129.60000000000002,117.6,449,168
159.35000000000002,163.35000000000002,445,168
159.35000000000002,163.35000000000002,441,168
0.0,60.0,340,169
0.0,60.0,280,169
0.0,60.0,220,169
0.0,60.0,160,169
0.0,60.0,100,169
0.0,60.0,40,169
0.0,60.0,0,169
0.0,33.75,0,169
0.0,21.6,0,169
0.0,12.15,0,169
0.0,7.35,0,169
4.0,5.4,4,169
4.0,5.4,4,169
4.0,5.4,4,169
4.0,5.4,4,169
0.0,5.4,0,169
0.0,3.75,0,169
0.0,2.4000000000000004,0,169
0.0,1.35,0,169
0.0,0.6000000000000001,0,169
0.0,0.15,0,169
0.0,60.0,340,170
56.0,60.0,336,170
130.0,60.0,406,170
91.39999999999998,29.4,468,170
26.399999999999977,29.4,465,170
4.399999999999977,29.4,440,170
33.39999999999998,29.4,444,170
14.399999999999975,29.4,429,170
32.39999999999998,29.4,432,170
32.39999999999998,29.4,435,170
32.39999999999998,29.4,438,170
28.399999999999977,29.4,437,170
28.399999999999977,29.4,436,170
28.399999999999977,29.4,435,170
28.399999999999977,29.4,434,170
19.399999999999977,29.4,424,170
28.399999999999977,29.4,423,170
18.399999999999977,29.4,412,170
19.399999999999977,29.4,402,170
19.399999999999977,29.4,392,170
19.399999999999977,29.4,382,170
19.350000000000023,25.35,376,170
19.350000000000023,25.35,370,170
19.350000000000023,25.35,364,170
19.350000000000023,25.35,358,170
19.350000000000023,25.35,352,170
19.350000000000023,25.35,346,170
19.350000000000023,25.35,340,170
19.350000000000023,25.35,334,170
19.350000000000023,25.35,328,170
19.350000000000023,25.35,322,170
19.350000000000023,25.35,316,170
19.350000000000023,25.35,310,170
19.350000000000023,25.35,304,170
19.350000000000023,25.35,298,170
19.350000000000023,25.35,292,170
19.350000000000023,25.35,286,170
19.350000000000023,25.35,280,170
19.349999999999994,25.35,274,170
19.349999999999994,25.35,268,170
19.349999999999994,25.35,262,170
19.349999999999994,25.35,256,170
19.349999999999994,25.35,250,170
19.349999999999994,25.35,244,170
19.349999999999994,25.35,238,170
14.150000000000006,18.15,234,170
5.349999999999994,7.35,232,170
5.349999999999994,7.35,230,170
5.349999999999994,7.35,228,170
5.349999999999994,7.35,226,170
5.349999999999994,7.35,224,170
5.349999999999994,7.35,222,170
5.349999999999994,7.35,220,170
5.349999999999994,7.35,218,170
5.349999999999994,7.35,216,170
5.349999999999994,7.35,214,170
5.349999999999994,7.35,212,170
5.349999999999994,7.35,210,170
5.349999999999994,7.35,208,170
5.349999999999994,7.35,206,170
5.349999999999994,7.35,204,170
5.349999999999994,7.35,202,170
5.349999999999994,7.35,200,170
5.349999999999994,7.35,198,170
5.349999999999994,7.35,196,170
5.349999999999994,7.35,194,170
5.400000000000006,5.4,194,170
5.400000000000006,5.4,194,170
5.400000000000006,5.4,194,170
5.400000000000006,5.4,194,170
5.400000000000006,5.4,194,170
5.400000000000006,5.4,194,170
5.400000000000006,5.4,194,170
5.400000000000006,5.4,194,170
5.400000000000006,5.4,194,170
5.400000000000006,5.4,194,170
5.400000000000006,5.4,194,170
5.400000000000006,5.4,194,170
5.400000000000006,5.4,194,170
5.400000000000006,5.4,194,170
5.400000000000006,5.4,194,170
4.75,3.75,195,170
4.75,3.75,196,170
4.75,3.75,197,170
4.75,3.75,198,170
4.75,3.75,199,170
4.75,3.75,200,170
4.75,3.75,201,170
4.75,3.75,202,170
4.75,3.75,203,170
4.75,3.75,204,170
4.75,3.75,205,170
4.75,3.75,206,170
4.75,3.75,207,170
4.75,3.75,208,170
4.75,3.75,209,170
4.75,3.75,210,170
4.75,3.75,211,170
4.75,3.75,212,170
4.75,3.75,213,170
0.0,60.0,340,171
36.0,60.0,316,171
30.0,60.0,286,171
27.0,60.0,253,171
24.0,60.0,217,171
21.0,60.0,178,171
36.0,60.0,154,171
115.0,60.0,209,171
158.4,101.4,266,171
157.60000000000002,153.60000000000002,270,171
184.0,240.0,214,171
92.0,240.0,92,171
158.0,240.0,158,171
181.0,317.40000000000003,181,171
181.0,421.35,181,171
181.0,421.35,181,171
181.0,421.35,181,171
181.0,421.35,181,171
181.0,421.35,181,171
181.0,421.35,181,171
181.0,421.35,181,171
181.0,421.35,181,171
181.0,421.35,181,171
171.0,375.0,171,171
171.0,375.0,171,171
171.0,375.0,171,171
171.0,375.0,171,171
171.0,375.0,171,171
171.0,375.0,171,171
171.0,375.0,171,171
171.0,375.0,171,171
171.0,375.0,171,171
171.0,375.0,171,171
171.0,375.0,171,171
171.0,375.0,171,171
171.0,375.0,171,171
171.0,375.0,171,171
171.0,375.0,171,171
171.0,375.0,171,171
171.0,375.0,171,171
171.0,375.0,171,171
171.0,375.0,171,171
171.0,375.0,171,171
161.0,360.15000000000003,161,171
161.0,360.15000000000003,161,171
161.0,360.15000000000003,161,171
161.0,360.15000000000003,161,171
161.0,360.15000000000003,161,171
161.0,360.15000000000003,161,171
161.0,360.15000000000003,161,171
161.0,360.15000000000003,161,171
161.0,360.15000000000003,161,171
161.0,360.15000000000003,161,171
112.0,135.0,138,171
112.0,135.0,115,171
112.0,135.0,112,171
112.0,135.0,112,171
112.0,135.0,112,171
112.0,135.0,112,171
69.15,66.15,115,171
78.60000000000001,72.60000000000001,121,171
89.4,86.4,124,171
89.4,86.4,127,171
89.35000000000001,109.35,107,171
89.0,109.35,89,171
89.0,109.35,89,171
89.0,109.35,89,171
89.0,109.35,89,171
89.0,109.35,89,171
89.0,109.35,89,171
89.0,109.35,89,171
89.0,109.35,89,171
89.0,109.35,89,171
89.0,109.35,89,171
89.0,109.35,89,171
89.0,109.35,89,171
89.0,109.35,89,171
89.0,109.35,89,171
89.0,109.35,89,171
89.0,109.35,89,171
89.0,109.35,89,171
89.0,109.35,89,171
89.0,109.35,89,171
89.0,109.35,89,171
89.0,109.35,89,171
89.0,109.35,89,171
89.0,109.35,89,171
89.0,109.35,89,171
89.0,109.35,89,171
89.0,109.35,89,171
89.0,109.35,89,171
89.0,109.35,89,171
89.0,109.35,89,171
89.0,109.35,89,171
89.0,109.35,89,171
89.0,109.35,89,171
89.0,109.35,89,171
89.0,109.35,89,171
89.0,109.35,89,171
89.0,109.35,89,171
0.0,60.0,340,172
0.0,60.0,280,172
0.0,60.0,220,172
0.0,60.0,160,172
0.0,60.0,100,172
0.0,60.0,40,172
0.0,60.0,0,172
0.0,33.75,0,172
0.0,21.6,0,172
0.0,9.6,0,172
0.0,5.4,0,172
0.0,3.75,0,172
0.0,2.4000000000000004,0,172
0.0,1.35,0,172
0.0,0.6000000000000001,0,172
0.0,0.15,0,172
0.0,60.0,340,173
0.0,60.0,280,173
0.0,60.0,220,173
0.0,60.0,160,173
0.0,38.400000000000006,121,173
0.0,38.400000000000006,83,173
0.0,38.400000000000006,44,173
0.0,38.400000000000006,6,173
0.0,38.400000000000006,0,173
0.0,21.6,0,173
0.0,12.15,0,173
0.0,7.35,0,173
0.0,5.4,0,173
0.0,3.75,0,173
20.0,2.4000000000000004,20,173
10.4,5.4,25,173
19.6,9.6,35,173
20.0,15.0,40,173
20.0,15.0,45,173
30.35,25.35,50,173
29.75,33.75,46,173
29.75,33.75,42,173
29.75,33.75,38,173
29.75,33.75,34,173
29.75,33.75,30,173
30.0,33.75,30,173
30.0,33.75,30,173
30.0,33.75,30,173
30.0,33.75,30,173
29.6,21.6,38,173
40.0,38.400000000000006,40,173
40.0,48.6,40,173
40.0,48.6,40,173
40.0,48.6,40,173
40.0,48.6,40,173
40.0,48.6,40,173
40.0,48.6,40,173
40.0,48.6,40,173
40.0,48.6,40,173
40.0,48.6,40,173
40.0,48.6,40,173
40.0,48.6,40,173
40.0,48.6,40,173
40.0,48.6,40,173
40.0,48.6,40,173
40.0,48.6,40,173
40.0,48.6,40,173
40.0,48.6,40,173
40.0,48.6,40,173
40.0,48.6,40,173
40.0,48.6,40,173
40.0,48.6,40,173
40.0,48.6,40,173
40.0,48.6,40,173
40.0,48.6,40,173
40.0,48.6,40,173
40.0,48.6,40,173
40.0,48.6,40,173
40.0,48.6,40,173
40.0,48.6,40,173
40.0,48.6,40,173
40.0,48.6,40,173
40.0,48.6,40,173
40.0,48.6,40,173
40.0,48.6,40,173
40.0,48.6,40,173
40.0,48.6,40,173
40.0,48.6,40,173
40.0,48.6,40,173
40.0,48.6,40,173
40.0,48.6,40,173
40.0,48.6,40,173
40.0,48.6,40,173
40.0,48.6,40,173
40.0,48.6,40,173
40.0,48.6,40,173
40.0,48.6,40,173
40.0,48.6,40,173
40.0,48.6,40,173
40.0,48.6,40,173
40.0,48.6,40,173
40.0,48.6,40,173
40.0,48.6,40,173
40.0,48.6,40,173
40.0,48.6,40,173
40.0,48.6,40,173
40.0,48.6,40,173
40.0,48.6,40,173
40.0,48.6,40,173
40.0,48.6,40,173
40.0,48.6,40,173
40.0,48.6,40,173
40.0,48.6,40,173
40.0,48.6,40,173
40.0,48.6,40,173
40.0,48.6,40,173
40.0,48.6,40,173
40.0,48.6,40,173
40.0,48.6,40,173
40.0,48.6,40,173
0.0,60.0,340,174
144.0,60.0,424,174
72.0,60.0,436,174
72.0,60.0,448,174
48.0,60.0,436,174
36.0,60.0,412,174
72.0,60.0,424,174
60.0,60.0,424,174
24.0,60.0,388,174
62.0,60.0,390,174
111.39999999999998,86.4,415,174
27.350000000000023,109.35,333,174
101.35000000000002,109.35,325,174
101.35000000000002,109.35,317,174
5.150000000000006,66.15,256,174
99.15,66.15,289,174
128.35000000000002,109.35,308,174
163.60000000000002,153.60000000000002,318,174
141.0,135.0,324,174
163.4,173.4,314,174
122.4,173.4,263,174
163.4,173.4,253,174
163.4,173.4,243,174
163.4,173.4,233,174
140.4,173.4,200,174
140.4,173.4,167,174
141.0,173.4,141,174
123.0,173.4,123,174
87.4,86.4,124,174
93.0,126.15,93,174
31.0,126.15,31,174
111.0,126.15,111,174
117.0,153.60000000000002,117,174
135.0,205.35,135,174
160.0,317.40000000000003,160,174
43.0,437.4,43,174
185.0,437.4,185,174
222.0,653.4000000000001,222,174
259.0,912.6,259,174
320.0,1382.4,320,174
320.0,1782.15,320,174
342.0,1782.15,342,174
246.0,1008.6,246,174
228.0,1008.6,228,174
228.0,1008.6,228,174
185.0,1008.6,185,174
172.0,595.35,172,174
172.0,595.35,172,174
172.0,595.35,172,174
172.0,595.35,172,174
172.0,595.35,172,174
86.0,290.40000000000003,86,174
117.0,290.40000000000003,117,174
135.0,405.6,135,174
160.0,595.35,160,174
160.0,595.35,160,174
135.0,595.35,135,174
154.0,595.35,154,174
191.0,912.6,191,174
222.0,1215.0,222,174
225.0,1622.4,225,174
225.0,1591.35,225,174
228.0,1591.35,228,174
246.0,2124.15,246,174
470.0,3024.6000000000004,470,174
470.0,3024.6000000000004,470,174
280.0,3024.6000000000004,280,174
418.0,3024.6000000000004,418,174
241.0,3197.4000000000005,241,174
353.0,3197.4000000000005,353,174
252.0,1815.0,252,174
259.0,1815.0,259,174
254.0,2457.6000000000004,254,174
289.0,2457.6000000000004,289,174
349.0,2774.4,349,174
352.0,3024.6000000000004,352,174
252.0,3197.4000000000005,252,174
367.0,3197.4000000000005,367,174
266.0,3330.15,266,174
387.0,3330.15,387,174
387.0,3420.1500000000005,387,174
357.0,3420.1500000000005,357,174
447.0,3420.1500000000005,447,174
451.0,3744.6,451,174
385.0,3936.6,385,174
359.0,3936.6,359,174
418.0,3936.6,418,174
431.0,4335.0,431,174
440.0,4914.150000000001,440,174
440.0,5301.6,440,174
440.0,5301.6,440,174
440.0,5301.6,440,174
440.0,5301.6,440,174
440.0,5301.6,440,174
440.0,5301.6,440,174
440.0,5301.6,440,174
440.0,5301.6,440,174
440.0,5301.6,440,174
440.0,5301.6,440,174
440.0,5301.6,440,174
0.0,60.0,340,175
0.0,60.0,280,175
260.0,60.0,480,175
169.35000000000002,163.35000000000002,486,175
182.35,277.35,391,175
117.35000000000002,277.35,231,175
104.0,252.15000000000003,104,175
91.0,252.15000000000003,91,175
95.0,252.15000000000003,95,175
114.0,290.40000000000003,114,175
135.0,405.6,135,175
150.0,522.1500000000001,150,175
129.0,714.1500000000001,129,175
114.0,375.0,114,175
69.0,375.0,69,175
90.0,375.0,90,175
30.0,470.4,30,175
84.0,470.4,84,175
90.0,522.1500000000001,90,175
99.0,633.75,99,175
114.0,756.1500000000001,114,175
114.0,866.4000000000001,114,175
105.0,866.4000000000001,105,175
99.0,866.4000000000001,99,175
24.0,866.4000000000001,24,175
90.0,866.4000000000001,90,175
84.0,960.0,84,175
75.0,960.0,75,175
69.0,960.0,69,175
110.0,960.0,110,175
110.0,960.0,110,175
60.0,960.0,60,175
110.0,960.0,110,175
88.0,984.15,88,175
104.0,984.15,104,175
104.0,1033.35,104,175
88.0,1033.35,88,175
104.0,1033.35,104,175
88.0,1161.6,88,175
104.0,1161.6,104,175
110.0,1242.15,110,175
110.0,1242.15,110,175
88.0,1242.15,88,175
82.0,1242.15,82,175
157.0,1242.15,157,175
157.0,1297.35,157,175
164.0,1297.35,164,175
170.0,1500.0,170,175
259.0,1717.35,259,175
170.0,1782.15,170,175
170.0,1782.15,170,175
162.0,1782.15,162,175
266.0,1782.15,266,175
175.0,1915.35,175,175
266.0,1915.35,266,175
268.0,2018.4,268,175
270.0,2160.0,270,175
218.0,2306.4,218,175
175.0,2306.4,175,175
278.0,2306.4,278,175
281.0,2419.3500000000004,281,175
281.0,2613.6000000000004,281,175
266.0,2613.6000000000004,266,175
163.0,2613.6000000000004,163,175
288.0,2613.6000000000004,288,175
290.0,2733.75,290,175
271.0,3024.6000000000004,271,175
224.0,3024.6000000000004,224,175
279.0,3024.6000000000004,279,175
270.0,3420.1500000000005,270,175
182.0,3420.1500000000005,182,175
344.0,3420.1500000000005,344,175
225.0,3744.6,225,175
344.0,3744.6,344,175
347.0,4034.400000000001,347,175
337.0,4284.150000000001,337,175
350.0,4284.150000000001,350,175
350.0,4489.35,350,175
288.0,4489.35,288,175
404.0,4489.35,404,175
407.0,4646.400000000001,407,175
291.0,4860.0,291,175
407.0,4860.0,407,175
411.0,5245.35,411,175
414.0,5587.35,414,175
343.0,5880.6,343,175
414.0,5880.6,414,175
461.0,6303.75,461,175
296.0,6869.400000000001,296,175
536.0,6869.400000000001,536,175
584.0,7593.75,584,175
524.0,7935.0,524,175
589.0,7935.0,589,175
469.0,8283.75,469,175
593.0,8283.75,593,175
594.0,8496.6,594,175
443.0,8857.35,443,175
642.0,8857.35,642,175
452.0,9450.15,452,175
680.0,9450.15,680,175
0.0,60.0,340,176
0.0,60.0,280,176
0.0,60.0,220,176
0.0,60.0,160,176
0.0,60.0,100,176
0.0,60.0,40,176
0.0,60.0,0,176
35.0,33.75,35,176
28.0,54.150000000000006,28,176
85.0,54.150000000000006,85,176
68.0,60.0,93,176
85.0,93.75,85,176
68.0,93.75,68,176
41.0,93.75,41,176
26.0,93.75,26,176
26.0,93.75,26,176
99.0,93.75,99,176
99.0,144.15,99,176
132.0,144.15,132,176
73.0,240.0,73,176
115.0,240.0,115,176
30.0,405.6,30,176
92.0,183.75,92,176
115.0,290.40000000000003,115,176
46.0,240.0,46,176
49.0,240.0,49,176
126.0,303.75,126,176
84.0,405.6,84,176
142.0,405.6,142,176
175.0,576.6,175,176
306.0,799.3500000000001,306,176
322.0,1530.15,322,176
359.0,2381.4,359,176
511.0,4386.150000000001,511,176
221.0,2124.15,221,176
276.0,2124.15,276,176
494.0,3197.4000000000005,494,176
322.0,3465.6000000000004,322,176
431.0,3465.6000000000004,431,176
437.0,3985.35,437,176
280.0,4335.0,280,176
329.0,2381.4,329,176
330.0,2574.15,330,176
386.0,2815.3500000000004,386,176
330.0,2535.0,330,176
57.0,1622.4,57,176
218.0,1622.4,218,176
76.0,1848.15,76,176
245.0,1848.15,245,176
37.0,2053.3500000000004,37,176
246.0,2053.3500000000004,246,176
230.0,2269.3500000000004,230,176
96.0,2269.3500000000004,96,176
204.0,2269.3500000000004,204,176
339.0,3153.75,339,176
159.0,1353.75,159,176
159.0,1353.75,159,176
169.0,1353.75,169,176
159.0,2196.15,159,176
0.0,2196.15,0,176
146.0,1242.15,146,176
20.0,1782.15,20,176
232.0,1782.15,232,176
280.0,1915.35,280,176
216.0,2088.6000000000004,216,176
282.0,2088.6000000000004,282,176
223.0,2306.4,223,176
286.0,2306.4,286,176
69.0,2535.0,69,176
20.0,2535.0,20,176
194.0,2535.0,194,176
317.0,3420.1500000000005,317,176
284.0,3985.35,284,176
317.0,3985.35,317,176
61.0,4183.35,61,176
316.0,3840.0,316,176
314.0,4183.35,314,176
255.0,4183.35,255,176
274.0,4183.35,274,176
281.0,4284.150000000001,281,176
343.0,4646.400000000001,343,176
343.0,5023.35,343,176
46.0,5023.35,46,176
285.0,5023.35,285,176
397.0,5358.150000000001,397,176
36.0,6060.150000000001,36,176
381.0,6060.150000000001,381,176
346.0,6552.150000000001,346,176
384.0,6552.150000000001,384,176
337.0,6741.6,337,176
384.0,6741.6,384,176
384.0,7194.150000000001,384,176
384.0,7194.150000000001,384,176
384.0,7194.150000000001,384,176
440.0,7194.150000000001,440,176
444.0,7797.6,444,176
282.0,4335.0,282,176
151.0,4335.0,151,176
154.0,2574.15,154,176
122.0,2613.6000000000004,122,176
0.0,60.0,340,177
0.0,60.0,280,177
0.0,60.0,220,177
0.0,60.0,160,177
0.0,60.0,100,177
0.0,60.0,40,177
0.0,60.0,0,177
30.0,33.75,30,177
51.0,33.75,51,177
17.400000000000006,38.400000000000006,30,177
59.0,38.400000000000006,59,177
49.150000000000006,54.150000000000006,54,177
7.0,54.150000000000006,7,177
39.0,54.150000000000006,39,177
62.0,66.15,62,177
39.75,33.75,68,177
44.400000000000006,38.400000000000006,74,177
44.35,43.35,75,177
51.150000000000006,54.150000000000006,72,177
51.150000000000006,54.150000000000006,69,177
51.150000000000006,54.150000000000006,66,177
51.150000000000006,54.150000000000006,63,177
40.150000000000006,54.150000000000006,49,177
44.0,54.150000000000006,44,177
44.0,54.150000000000006,44,177
40.400000000000006,38.400000000000006,46,177
44.0,48.6,44,177
44.0,48.6,44,177
44.0,48.6,44,177
44.0,48.6,44,177
44.0,48.6,44,177
44.0,48.6,44,177
44.0,48.6,44,177
22.15,18.15,48,177
40.400000000000006,38.400000000000006,50,177
44.0,66.15,44,177
44.0,66.15,44,177
44.0,66.15,44,177
39.0,66.15,39,177
44.0,66.15,44,177
51.0,93.75,51,177
66.0,144.15,66,177
66.0,183.75,66,177
66.0,183.75,66,177
66.0,183.75,66,177
39.0,183.75,39,177
66.0,183.75,66,177
73.0,228.15000000000003,73,177
88.0,375.0,88,177
110.0,522.1500000000001,110,177
110.0,693.6,110,177
117.0,693.6,117,177
132.0,936.15,132,177
154.0,1242.15,154,177
150.0,1411.35,150,177
154.0,1411.35,154,177
203.0,1717.35,203,177
110.0,1782.15,110,177
203.0,1782.15,203,177
203.0,1848.15,203,177
203.0,1848.15,203,177
203.0,1848.15,203,177
84.0,1848.15,84,177
203.0,1848.15,203,177
203.0,1983.75,203,177
203.0,1983.75,203,177
203.0,1983.75,203,177
203.0,1983.75,203,177
203.0,1983.75,203,177
128.0,1983.75,128,177
203.0,1983.75,203,177
205.0,2088.6000000000004,205,177
196.0,2160.0,196,177
205.0,2160.0,205,177
205.0,2196.15,205,177
203.0,2196.15,203,177
205.0,2196.15,205,177
158.0,2196.15,158,177
233.0,2196.15,233,177
235.0,2306.4,235,177
233.0,2343.75,233,177
235.0,2343.75,235,177
238.0,2574.15,238,177
239.0,2733.75,239,177
235.0,2856.6000000000004,235,177
239.0,2856.6000000000004,239,177
241.0,2898.15,241,177
243.0,3067.3500000000004,243,177
243.0,3197.4000000000005,243,177
243.0,3197.4000000000005,243,177
236.0,3197.4000000000005,236,177
243.0,3197.4000000000005,243,177
244.0,3420.1500000000005,244,177
246.0,3650.400000000001,246,177
246.0,3697.35,246,177
239.0,3697.35,239,177
246.0,3697.35,246,177
246.0,3744.6,246,177
246.0,3744.6,246,177
246.0,3744.6,246,177
0.0,60.0,340,178
0.0,60.0,280,178
0.0,60.0,220,178
0.0,60.0,160,178
0.0,60.0,100,178
0.0,60.0,40,178
0.0,60.0,0,178
0.0,33.75,0,178
0.0,21.6,0,178
8.0,12.15,8,178
12.0,25.35,12,178
12.0,38.400000000000006,12,178
12.0,38.400000000000006,12,178
12.0,38.400000000000006,12,178
8.0,38.400000000000006,8,178
24.0,38.400000000000006,24,178
34.0,72.60000000000001,34,178
44.0,135.0,44,178
34.0,277.35,34,178
54.0,277.35,54,178
64.0,405.6,64,178
84.0,633.75,84,178
104.0,984.15,104,178
94.0,1411.35,94,178
110.0,1411.35,110,178
84.0,1949.4,84,178
54.0,1949.4,54,178
119.0,1949.4,119,178
16.0,2160.0,16,178
63.0,2160.0,63,178
32.0,2269.3500000000004,32,178
63.0,2269.3500000000004,63,178
63.0,2419.3500000000004,63,178
42.0,2419.3500000000004,42,178
12.0,2419.3500000000004,12,178
42.0,2419.3500000000004,42,178
42.0,2613.6000000000004,42,178
42.0,2613.6000000000004,42,178
42.0,2613.6000000000004,42,178
42.0,2613.6000000000004,42,178
20.0,2613.6000000000004,20,178
42.0,2613.6000000000004,42,178
42.0,2815.3500000000004,42,178
172.0,2815.3500000000004,172,178
34.0,3024.6000000000004,34,178
172.0,3024.6000000000004,172,178
200.0,3285.6000000000004,200,178
208.0,3557.4,208,178
119.0,2018.4,119,178
212.0,2018.4,212,178
130.0,2124.15,130,178
135.0,843.75,135,178
30.0,1325.4,30,178
171.0,1325.4,171,178
144.0,1848.15,144,178
197.0,1848.15,197,178
39.0,2053.3500000000004,39,178
269.0,2053.3500000000004,269,178
176.0,2232.6000000000004,176,178
162.0,984.15,162,178
162.0,984.15,162,178
162.0,984.15,162,178
123.0,540.0,123,178
123.0,540.0,123,178
123.0,540.0,123,178
123.0,540.0,123,178
59.0,540.0,59,178
159.0,540.0,159,178
88.0,673.35,88,178
214.0,673.35,214,178
110.0,912.6,110,178
187.0,912.6,187,178
308.0,1188.15,308,178
20.0,1653.75,20,178
362.0,1653.75,362,178
308.0,1685.4,308,178
362.0,1685.4,362,178
371.0,1848.15,371,178
154.0,1622.4,154,178
348.0,1622.4,348,178
385.0,1749.6,385,178
385.0,1848.15,385,178
375.0,1848.15,375,178
225.0,1033.35,225,178
256.0,1033.35,256,178
293.0,1500.0,293,178
389.0,2088.6000000000004,389,178
201.0,2160.0,201,178
425.0,2160.0,425,178
420.0,2306.4,420,178
428.0,2306.4,428,178
431.0,2381.4,431,178
40.0,2653.3500000000004,40,178
437.0,2653.3500000000004,437,178
438.0,2856.6000000000004,438,178
194.0,2982.15,194,178
439.0,2982.15,439,178
442.0,3110.4,442,178
40.0,3285.6000000000004,40,178
494.0,3285.6000000000004,494,178
0.0,60.0,340,179
0.0,60.0,280,179
0.0,60.0,220,179
0.0,60.0,160,179
28.0,60.0,128,179
14.349999999999994,25.35,117,179
51.35,25.35,143,179
10.349999999999994,25.35,128,179
48.35,25.35,151,179
48.400000000000006,29.4,170,179
65.4,38.400000000000006,197,179
48.400000000000006,29.4,216,179
72.15,54.150000000000006,234,179
16.600000000000023,72.60000000000001,178,179
72.0,60.0,190,179
72.35000000000001,79.35000000000001,183,179
72.35000000000001,79.35000000000001,176,179
72.35000000000001,79.35000000000001,169,179
72.35000000000001,79.35000000000001,162,179
89.35000000000001,79.35000000000001,172,179
71.60000000000001,117.6,126,179
95.6,117.6,104,179
96.0,117.6,96,179
96.0,117.6,96,179
96.0,117.6,96,179
96.0,117.6,96,179
96.0,117.6,96,179
96.0,117.6,96,179
96.0,117.6,96,179
96.0,117.6,96,179
96.0,117.6,96,179
96.0,117.6,96,179
96.0,117.6,96,179
96.0,117.6,96,179
96.0,117.6,96,179
96.0,117.6,96,179
96.0,117.6,96,179
96.0,117.6,96,179
96.0,117.6,96,179
96.0,117.6,96,179
96.0,117.6,96,179
96.0,117.6,96,179
96.0,117.6,96,179
96.0,117.6,96,179
96.0,117.6,96,179
96.0,117.6,96,179
96.0,117.6,96,179
96.0,117.6,96,179
96.0,117.6,96,179
96.0,117.6,96,179
96.0,117.6,96,179
96.0,117.6,96,179
96.0,117.6,96,179
96.0,117.6,96,179
72.0,60.0,108,179
89.35000000000001,79.35000000000001,118,179
96.35,109.35,105,179
96.0,109.35,96,179
96.0,109.35,96,179
71.6,48.6,119,179
81.60000000000001,72.60000000000001,128,179
95.6,117.6,106,179
96.0,117.6,96,179
96.0,117.6,96,179
96.0,117.6,96,179
95.75,93.75,98,179
120.0,153.60000000000002,120,179
137.0,205.35,137,179
168.0,317.40000000000003,168,179
170.0,540.0,170,179
221.0,889.3499999999999,221,179
289.0,1500.0,289,179
435.0,2653.3500000000004,435,179
440.0,2940.0,440,179
435.0,2574.15,435,179
435.0,2574.15,435,179
435.0,2574.15,435,179
435.0,2574.15,435,179
435.0,2574.15,435,179
435.0,2574.15,435,179
435.0,2574.15,435,179
435.0,2574.15,435,179
435.0,2574.15,435,179
430.0,2419.3500000000004,430,179
430.0,2419.3500000000004,430,179
238.0,1058.4,238,179
238.0,1058.4,238,179
238.0,1058.4,238,179
238.0,1058.4,238,179
238.0,1058.4,238,179
238.0,1058.4,238,179
238.0,1058.4,238,179
238.0,1058.4,238,179
238.0,1058.4,238,179
238.0,1058.4,238,179
238.0,1058.4,238,179
238.0,1058.4,238,179
238.0,1058.4,238,179
238.0,1058.4,238,179
238.0,1058.4,238,179
0.0,60.0,340,180
0.0,60.0,280,180
108.0,60.0,328,180
108.0,60.0,376,180
71.60000000000002,117.6,330,180
59.60000000000002,117.6,272,180
83.60000000000002,117.6,238,180
83.60000000000001,117.6,204,180
71.60000000000001,117.6,158,180
35.150000000000006,54.150000000000006,139,180
23.15000000000001,54.150000000000006,108,180
35.150000000000006,54.150000000000006,89,180
23.15000000000001,54.150000000000006,58,180
75.15,54.150000000000006,79,180
100.0,101.4,100,180
113.0,126.15,113,180
100.0,216.6,100,180
150.0,216.6,150,180
125.0,390.15,125,180
175.0,390.15,175,180
250.0,777.5999999999999,250,180
188.0,1325.4,188,180
288.0,1325.4,288,180
301.0,2196.15,301,180
260.0,1242.15,260,180
260.0,1242.15,260,180
208.0,1242.15,208,180
260.0,1242.15,260,180
327.0,2196.15,327,180
183.0,2419.3500000000004,183,180
332.0,2419.3500000000004,332,180
335.0,2653.3500000000004,335,180
263.0,2982.15,263,180
455.0,2982.15,455,180
458.0,3153.75,458,180
395.0,3557.4,395,180
383.0,3557.4,383,180
344.0,3557.4,344,180
344.0,3557.4,344,180
396.0,3557.4,396,180
396.0,3888.150000000001,396,180
282.0,2124.15,282,180
371.0,2124.15,371,180
180.0,2196.15,180,180
266.0,2196.15,266,180
271.0,2343.75,271,180
332.0,2381.4,332,180
332.0,2613.6000000000004,332,180
204.0,960.0,204,180
180.0,960.0,180,180
136.0,960.0,136,180
199.0,960.0,199,180
238.0,1560.6,238,180
237.0,1591.35,237,180
218.0,1591.35,218,180
218.0,1591.35,218,180
218.0,1591.35,218,180
218.0,1591.35,218,180
218.0,1591.35,218,180
218.0,1591.35,218,180
218.0,1591.35,218,180
166.0,1591.35,166,180
212.0,1591.35,212,180
212.0,1653.75,212,180
212.0,1653.75,212,180
212.0,1653.75,212,180
212.0,1653.75,212,180
212.0,1653.75,212,180
212.0,1653.75,212,180
50.0,1653.75,50,180
212.0,1653.75,212,180
212.0,1653.75,212,180
212.0,1653.75,212,180
212.0,1653.75,212,180
212.0,1653.75,212,180
212.0,1653.75,212,180
148.0,693.6,148,180
83.0,693.6,83,180
148.0,693.6,148,180
144.0,540.0,144,180
144.0,540.0,144,180
144.0,540.0,144,180
144.0,540.0,144,180
144.0,540.0,144,180
144.0,540.0,144,180
144.0,540.0,144,180
105.0,540.0,105,180
101.0,303.75,101,180
101.0,303.75,101,180
101.0,303.75,101,180
101.0,303.75,101,180
50.0,117.6,50,180
50.0,117.6,50,180
50.0,117.6,50,180
50.0,117.6,50,180
50.0,117.6,50,180
50.0,117.6,50,180
50.0,117.6,50,180
50.0,117.6,50,180
50.0,117.6,50,180
0.0,60.0,340,181
0.0,60.0,280,181
0.0,60.0,220,181
0.0,60.0,160,181
0.0,60.0,100,181
0.0,60.0,40,181
0.0,60.0,0,181
0.0,33.75,0,181
0.0,21.6,0,181
0.0,12.15,0,181
9.0,7.35,9,181
8.350000000000001,7.35,10,181
8.350000000000001,7.35,11,181
8.350000000000001,7.35,12,181
8.350000000000001,7.35,13,181
8.350000000000001,7.35,14,181
8.350000000000001,7.35,15,181
8.350000000000001,7.35,16,181
8.350000000000001,7.35,17,181
8.350000000000001,7.35,18,181
8.350000000000001,7.35,19,181
8.350000000000001,7.35,20,181
8.350000000000001,7.35,21,181
8.350000000000001,7.35,22,181
8.350000000000001,7.35,23,181
8.350000000000001,7.35,24,181
8.350000000000001,7.35,25,181
8.350000000000001,7.35,26,181
8.350000000000001,7.35,27,181
8.350000000000001,7.35,28,181
8.350000000000001,7.35,29,181
8.350000000000001,7.35,30,181
8.350000000000001,7.35,31,181
8.350000000000001,7.35,32,181
8.350000000000001,7.35,33,181
8.350000000000001,7.35,34,181
8.350000000000001,7.35,35,181
8.350000000000001,7.35,36,181
8.350000000000001,7.35,37,181
8.350000000000001,7.35,38,181
8.350000000000001,7.35,39,181
8.350000000000001,7.35,40,181
8.350000000000001,7.35,41,181
8.350000000000001,7.35,42,181
8.350000000000001,7.35,43,181
8.350000000000001,7.35,44,181
8.350000000000001,7.35,45,181
8.350000000000001,7.35,46,181
8.350000000000001,7.35,47,181
8.350000000000001,7.35,48,181
8.350000000000001,7.35,49,181
8.350000000000001,7.35,50,181
8.350000000000001,7.35,51,181
8.350000000000001,7.35,52,181
8.350000000000001,7.35,53,181
8.350000000000001,7.35,54,181
8.350000000000001,7.35,55,181
8.350000000000001,7.35,56,181
8.350000000000001,7.35,57,181
8.350000000000001,7.35,58,181
8.350000000000001,7.35,59,181
8.350000000000001,7.35,60,181
8.350000000000001,7.35,61,181
8.350000000000001,7.35,62,181
8.350000000000001,7.35,63,181
8.350000000000001,7.35,64,181
8.350000000000001,7.35,65,181
8.350000000000001,7.35,66,181
8.350000000000001,7.35,67,181
8.350000000000001,7.35,68,181
8.350000000000001,7.35,69,181
8.350000000000001,7.35,70,181
8.350000000000001,7.35,71,181
8.350000000000001,7.35,72,181
8.349999999999994,7.35,73,181
8.349999999999994,7.35,74,181
8.349999999999994,7.35,75,181
8.349999999999994,7.35,76,181
8.349999999999994,7.35,77,181
8.349999999999994,7.35,78,181
8.349999999999994,7.35,79,181
8.349999999999994,7.35,80,181
8.349999999999994,7.35,81,181
8.349999999999994,7.35,82,181
8.349999999999994,7.35,83,181
8.349999999999994,7.35,84,181
8.349999999999994,7.35,85,181
8.349999999999994,7.35,86,181
8.349999999999994,7.35,87,181
8.349999999999994,7.35,88,181
8.349999999999994,7.35,89,181
8.349999999999994,7.35,90,181
8.349999999999994,7.35,91,181
8.349999999999994,7.35,92,181
8.349999999999994,7.35,93,181
8.349999999999994,7.35,94,181
8.349999999999994,7.35,95,181
8.349999999999994,7.35,96,181
8.349999999999994,7.35,97,181
8.349999999999994,7.35,98,181
0.0,60.0,340,182
0.0,60.0,280,182
0.0,60.0,220,182
0.0,60.0,160,182
63.0,60.0,163,182
91.4,101.4,153,182
91.4,101.4,143,182
42.400000000000006,101.4,84,182
49.0,101.4,49,182
42.0,101.4,42,182
35.0,101.4,35,182
28.0,101.4,28,182
21.0,101.4,21,182
28.0,101.4,28,182
28.0,101.4,28,182
28.0,101.4,28,182
28.0,101.4,28,182
28.0,101.4,28,182
28.0,101.4,28,182
28.0,101.4,28,182
28.0,101.4,28,182
28.0,101.4,28,182
28.0,101.4,28,182
28.0,101.4,28,182
28.0,101.4,28,182
28.0,101.4,28,182
28.0,101.4,28,182
28.0,101.4,28,182
28.0,101.4,28,182
28.0,101.4,28,182
35.0,101.4,35,182
35.0,117.6,35,182
35.0,117.6,35,182
35.0,117.6,35,182
35.0,117.6,35,182
35.0,117.6,35,182
35.0,117.6,35,182
35.0,117.6,35,182
35.0,117.6,35,182
35.0,117.6,35,182
35.0,117.6,35,182
35.0,117.6,35,182
35.0,117.6,35,182
35.0,117.6,35,182
35.0,117.6,35,182
35.0,117.6,35,182
42.0,117.6,42,182
49.0,163.35000000000002,49,182
49.0,183.75,49,182
49.0,183.75,49,182
49.0,183.75,49,182
49.0,183.75,49,182
49.0,183.75,49,182
49.0,183.75,49,182
49.0,183.75,49,182
49.0,183.75,49,182
49.0,183.75,49,182
49.0,183.75,49,182
49.0,183.75,49,182
49.0,183.75,49,182
49.0,183.75,49,182
49.0,183.75,49,182
49.0,183.75,49,182
49.0,183.75,49,182
49.0,183.75,49,182
49.0,183.75,49,182
49.0,183.75,49,182
49.0,183.75,49,182
49.0,183.75,49,182
49.0,183.75,49,182
49.0,183.75,49,182
49.0,183.75,49,182
49.0,183.75,49,182
49.0,183.75,49,182
49.0,183.75,49,182
49.0,183.75,49,182
49.0,183.75,49,182
49.0,183.75,49,182
49.0,183.75,49,182
49.0,183.75,49,182
49.0,183.75,49,182
49.0,183.75,49,182
49.0,183.75,49,182
49.0,183.75,49,182
49.0,183.75,49,182
49.0,183.75,49,182
49.0,183.75,49,182
49.0,183.75,49,182
49.0,183.75,49,182
49.0,183.75,49,182
49.0,183.75,49,182
49.0,183.75,49,182
49.0,183.75,49,182
49.0,183.75,49,182
49.0,183.75,49,182
49.0,183.75,49,182
49.0,183.75,49,182
49.0,183.75,49,182
49.0,183.75,49,182
49.0,183.75,49,182
0.0,60.0,340,183
98.0,60.0,378,183
80.0,60.0,398,183
48.0,60.0,386,183
40.0,60.0,366,183
24.0,60.0,330,183
24.0,60.0,294,183
32.0,60.0,266,183
32.0,60.0,238,183
32.0,60.0,210,183
32.0,60.0,182,183
32.0,60.0,154,183
32.0,60.0,126,183
21.0,60.0,87,183
28.0,60.0,55,183
21.0,60.0,21,183
21.0,60.0,21,183
21.0,60.0,21,183
21.0,60.0,21,183
21.0,60.0,21,183
21.0,60.0,21,183
14.0,38.400000000000006,14,183
7.0,38.400000000000006,7,183
14.0,38.400000000000006,14,183
21.0,54.150000000000006,21,183
21.0,79.35000000000001,21,183
21.0,79.35000000000001,21,183
21.0,79.35000000000001,21,183
21.0,79.35000000000001,21,183
21.0,79.35000000000001,21,183
21.0,79.35000000000001,21,183
21.0,79.35000000000001,21,183
14.0,79.35000000000001,14,183
21.0,79.35000000000001,21,183
28.0,126.15,28,183
28.0,144.15,28,183
28.0,144.15,28,183
21.0,144.15,21,183
28.0,144.15,28,183
35.0,277.35,35,183
28.0,487.35,28,183
42.0,487.35,42,183
56.0,866.4000000000001,56,183
63.0,1161.6,63,183
68.0,2053.3500000000004,68,183
196.0,2269.3500000000004,196,183
202.0,2419.3500000000004,202,183
238.0,2574.15,238,183
243.0,2940.0,243,183
192.0,3153.75,192,183
204.0,3153.75,204,183
208.0,3375.0,208,183
210.0,3697.35,210,183
245.0,4034.400000000001,245,183
260.0,4437.6,260,183
260.0,4646.400000000001,260,183
252.0,4646.400000000001,252,183
316.0,4646.400000000001,316,183
326.0,4968.6,326,183
324.0,4806.150000000001,324,183
268.0,4806.150000000001,268,183
324.0,4806.150000000001,324,183
326.0,5023.35,326,183
326.0,5189.400000000001,326,183
326.0,5189.400000000001,326,183
326.0,5189.400000000001,326,183
157.0,5189.400000000001,157,183
280.0,5189.400000000001,280,183
262.0,3888.150000000001,262,183
249.0,3888.150000000001,249,183
249.0,3888.150000000001,249,183
249.0,3888.150000000001,249,183
249.0,3888.150000000001,249,183
273.0,3888.150000000001,273,183
249.0,3888.150000000001,249,183
249.0,3888.150000000001,249,183
249.0,3888.150000000001,249,183
249.0,3888.150000000001,249,183
244.0,3888.150000000001,244,183
249.0,3888.150000000001,249,183
251.0,4133.400000000001,251,183
251.0,4233.6,251,183
251.0,4233.6,251,183
251.0,4233.6,251,183
251.0,4233.6,251,183
251.0,4233.6,251,183
111.0,4233.6,111,183
113.0,4233.6,113,183
113.0,4437.6,113,183
113.0,4437.6,113,183
113.0,4437.6,113,183
113.0,4437.6,113,183
139.0,4437.6,139,183
228.0,4593.75,228,183
284.0,4752.6,284,183
332.0,4968.6,332,183
332.0,5133.75,332,183
332.0,5133.75,332,183
216.0,5133.75,216,183
394.0,5133.75,394,183
0.0,60.0,340,184
0.0,60.0,280,184
0.0,60.0,220,184
70.0,60.0,230,184
70.0,60.0,240,184
50.0,60.0,230,184
39.75,33.75,236,184
46.75,33.75,249,184
84.15,54.150000000000006,279,184
47.0,60.0,266,184
28.0,60.0,234,184
9.0,60.0,183,184
89.0,60.0,212,184
56.400000000000006,38.400000000000006,230,184
33.400000000000006,38.400000000000006,225,184
66.4,38.400000000000006,253,184
33.599999999999994,21.6,265,184
43.400000000000006,29.4,279,184
43.400000000000006,29.4,293,184
32.75,33.75,292,184
55.75,33.75,314,184
43.39999999999998,29.4,328,184
55.75,33.75,350,184
55.75,33.75,372,184
66.39999999999998,38.400000000000006,400,184
65.60000000000002,48.6,417,184
43.39999999999998,29.4,431,184
32.75,33.75,430,184
55.75,33.75,452,184
66.0,60.0,458,184
76.35000000000002,79.35000000000001,455,184
76.35000000000002,79.35000000000001,452,184
76.35000000000002,79.35000000000001,449,184
10.350000000000025,79.35000000000001,380,184
66.35000000000002,79.35000000000001,367,184
66.35000000000002,79.35000000000001,354,184
66.35000000000002,79.35000000000001,341,184
66.35000000000002,79.35000000000001,328,184
66.35000000000002,79.35000000000001,315,184
66.35000000000002,79.35000000000001,302,184
66.35000000000002,79.35000000000001,289,184
66.0,60.0,295,184
65.60000000000002,72.60000000000001,288,184
42.60000000000002,72.60000000000001,258,184
65.60000000000002,72.60000000000001,251,184
65.60000000000002,72.60000000000001,244,184
65.60000000000002,72.60000000000001,237,184
65.60000000000002,72.60000000000001,230,184
65.60000000000002,72.60000000000001,223,184
65.60000000000002,72.60000000000001,216,184
65.60000000000002,72.60000000000001,209,184
65.60000000000002,72.60000000000001,202,184
65.60000000000002,72.60000000000001,195,184
65.60000000000001,72.60000000000001,188,184
65.60000000000001,72.60000000000001,181,184
66.15,54.150000000000006,193,184
65.60000000000001,72.60000000000001,186,184
56.35,43.35,199,184
66.15,54.150000000000006,211,184
33.150000000000006,54.150000000000006,190,184
56.150000000000006,54.150000000000006,192,184
65.75,93.75,164,184
65.75,93.75,136,184
65.75,93.75,108,184
65.75,93.75,80,184
66.0,93.75,66,184
66.0,93.75,66,184
66.0,93.75,66,184
66.0,93.75,66,184
66.0,93.75,66,184
66.0,93.75,66,184
66.0,93.75,66,184
43.0,93.75,43,184
73.0,93.75,73,184
96.0,135.0,96,184
105.0,194.4,105,184
128.0,264.6,128,184
150.0,375.0,150,184
169.0,504.6,169,184
162.0,673.35,162,184
210.0,673.35,210,184
254.0,960.0,254,184
312.0,1382.4,312,184
336.0,1915.35,336,184
338.0,1983.75,338,184
340.0,2053.3500000000004,340,184
385.0,2232.6000000000004,385,184
387.0,2343.75,387,184
389.0,2535.0,389,184
460.0,2774.4,460,184
514.0,3024.6000000000004,514,184
514.0,3067.3500000000004,514,184
514.0,3067.3500000000004,514,184
514.0,3067.3500000000004,514,184
514.0,3067.3500000000004,514,184
514.0,3067.3500000000004,514,184
514.0,3067.3500000000004,514,184
514.0,3067.3500000000004,514,184
514.0,3067.3500000000004,514,184
514.0,3067.3500000000004,514,184
0.0,60.0,340,185
0.0,60.0,280,185
0.0,60.0,220,185
0.0,60.0,160,185
0.0,60.0,100,185
0.0,60.0,40,185
0.0,60.0,0,185
0.0,33.75,0,185
0.0,21.6,0,185
0.0,12.15,0,185
0.0,7.35,0,185
0.0,5.4,0,185
10.0,3.75,10,185
9.75,3.75,16,185
9.75,3.75,22,185
9.75,3.75,28,185
10.4,5.4,33,185
10.35,7.35,36,185
10.35,7.35,39,185
19.6,9.6,49,185
20.15,12.15,57,185
20.0,15.0,62,185
20.0,15.0,67,185
19.6,21.6,65,185
19.6,21.6,63,185
19.6,21.6,61,185
19.6,21.6,59,185
19.6,21.6,57,185
19.6,21.6,55,185
19.6,21.6,53,185
19.6,21.6,51,185
19.6,21.6,49,185
19.6,21.6,47,185
19.6,21.6,45,185
19.6,21.6,43,185
19.6,21.6,41,185
19.6,21.6,39,185
19.6,21.6,37,185
19.6,21.6,35,185
19.6,21.6,33,185
19.6,21.6,31,185
19.6,21.6,29,185
19.6,21.6,27,185
19.6,21.6,25,185
19.6,21.6,23,185
19.6,21.6,21,185
20.0,21.6,20,185
20.0,21.6,20,185
20.0,21.6,20,185
20.0,21.6,20,185
20.0,21.6,20,185
20.0,21.6,20,185
20.0,21.6,20,185
20.0,21.6,20,185
20.0,21.6,20,185
20.0,21.6,20,185
20.0,21.6,20,185
20.0,21.6,20,185
20.0,21.6,20,185
20.0,21.6,20,185
20.0,21.6,20,185
20.0,21.6,20,185
20.0,21.6,20,185
20.0,21.6,20,185
20.0,21.6,20,185
20.0,21.6,20,185
20.0,21.6,20,185
20.0,21.6,20,185
20.0,21.6,20,185
20.0,21.6,20,185
20.0,21.6,20,185
20.0,21.6,20,185
20.0,21.6,20,185
20.0,21.6,20,185
20.0,21.6,20,185
20.0,21.6,20,185
20.0,21.6,20,185
20.0,21.6,20,185
20.0,21.6,20,185
20.0,21.6,20,185
20.0,21.6,20,185
20.0,21.6,20,185
20.0,21.6,20,185
20.0,21.6,20,185
20.0,21.6,20,185
20.0,21.6,20,185
20.0,21.6,20,185
20.0,21.6,20,185
20.0,21.6,20,185
20.0,21.6,20,185
20.0,21.6,20,185
20.0,21.6,20,185
20.0,21.6,20,185
20.0,21.6,20,185
20.0,21.6,20,185
20.0,21.6,20,185
20.0,21.6,20,185
20.0,21.6,20,185
20.0,21.6,20,185
20.0,21.6,20,185
0.0,60.0,340,186
0.0,60.0,280,186
0.0,60.0,220,186
0.0,60.0,160,186
0.0,60.0,100,186
0.0,60.0,40,186
0.0,60.0,0,186
0.0,33.75,0,186
0.0,21.6,0,186
0.0,12.15,0,186
10.0,5.4,10,186
9.4,5.4,14,186
9.4,5.4,18,186
9.4,5.4,22,186
9.4,5.4,26,186
9.4,5.4,30,186
9.4,5.4,34,186
9.4,5.4,38,186
9.4,5.4,42,186
9.4,5.4,46,186
9.4,5.4,50,186
9.4,5.4,54,186
9.4,5.4,58,186
9.4,5.4,62,186
9.4,5.4,66,186
9.35,7.35,68,186
9.6,9.6,68,186
9.6,9.6,68,186
9.6,9.6,68,186
9.6,9.6,68,186
9.6,9.6,68,186
9.6,9.6,68,186
9.6,9.6,68,186
9.6,9.6,68,186
9.6,9.6,68,186
9.6,9.6,68,186
9.6,9.6,68,186
9.6,9.6,68,186
9.6,9.6,68,186
9.6,9.6,68,186
9.6,9.6,68,186
9.6,9.6,68,186
9.6,9.6,68,186
9.6,9.6,68,186
9.6,9.6,68,186
9.6,9.6,68,186
9.6,9.6,68,186
9.6,9.6,68,186
9.6,9.6,68,186
9.6,9.6,68,186
9.6,9.6,68,186
9.6,9.6,68,186
9.6,9.6,68,186
9.6,9.6,68,186
9.6,9.6,68,186
9.6,9.6,68,186
9.6,9.6,68,186
9.6,9.6,68,186
9.6,9.6,68,186
9.6,9.6,68,186
9.6,9.6,68,186
9.6,9.6,68,186
9.6,9.6,68,186
9.6,9.6,68,186
9.6,9.6,68,186
9.6,9.6,68,186
9.6,9.6,68,186
9.6,9.6,68,186
9.6,9.6,68,186
9.6,9.6,68,186
9.6,9.6,68,186
9.6,9.6,68,186
9.6,9.6,68,186
9.6,9.6,68,186
9.6,9.6,68,186
9.6,9.6,68,186
9.6,9.6,68,186
9.6,9.6,68,186
9.6,9.6,68,186
9.6,9.6,68,186
9.6,9.6,68,186
9.6,9.6,68,186
9.6,9.6,68,186
9.6,9.6,68,186
9.6,9.6,68,186
9.6,9.6,68,186
9.6,9.6,68,186
9.6,9.6,68,186
9.6,9.6,68,186
9.6,9.6,68,186
9.6,9.6,68,186
9.6,9.6,68,186
9.6,9.6,68,186
9.6,9.6,68,186
9.6,9.6,68,186
9.6,9.6,68,186
9.6,9.6,68,186
9.6,9.6,68,186
9.6,9.6,68,186
9.6,9.6,68,186
0.0,60.0,340,187
0.0,60.0,280,187
0.0,60.0,220,187
0.0,60.0,160,187
0.0,60.0,100,187
0.0,60.0,40,187
0.0,60.0,0,187
0.0,18.15,0,187
0.0,12.15,0,187
0.0,7.35,0,187
0.0,5.4,0,187
0.0,3.75,0,187
0.0,2.4000000000000004,0,187
0.0,1.35,0,187
0.0,0.6000000000000001,0,187
0.0,0.15,0,187
0.0,60.0,340,188
0.0,60.0,280,188
0.0,60.0,220,188
0.0,60.0,160,188
0.0,60.0,100,188
0.0,60.0,40,188
0.0,60.0,0,188
0.0,33.75,0,188
0.0,21.6,0,188
0.0,12.15,0,188
0.0,7.35,0,188
0.0,5.4,0,188
0.0,3.75,0,188
0.0,2.4000000000000004,0,188
0.0,0.6000000000000001,0,188
0.0,0.15,0,188
0.0,60.0,340,189
0.0,60.0,280,189
0.0,60.0,220,189
0.0,54.150000000000006,165,189
17.30000000000001,54.150000000000006,129,189
17.599999999999994,48.6,98,189
8.599999999999994,48.6,58,189
11.599999999999994,48.6,21,189
9.0,48.6,9,189
6.0,43.35,6,189
9.0,43.35,9,189
12.0,60.0,12,189
12.0,101.4,12,189
3.0,101.4,3,189
12.0,101.4,12,189
15.0,135.0,15,189
15.0,153.60000000000002,15,189
15.0,153.60000000000002,15,189
15.0,153.60000000000002,15,189
15.0,153.60000000000002,15,189
15.0,153.60000000000002,15,189
15.0,153.60000000000002,15,189
15.0,153.60000000000002,15,189
15.0,153.60000000000002,15,189
15.0,153.60000000000002,15,189
15.0,153.60000000000002,15,189
15.0,153.60000000000002,15,189
15.0,153.60000000000002,15,189
15.0,153.60000000000002,15,189
15.0,153.60000000000002,15,189
15.0,153.60000000000002,15,189
15.0,153.60000000000002,15,189
15.0,153.60000000000002,15,189
15.0,153.60000000000002,15,189
15.0,153.60000000000002,15,189
15.0,153.60000000000002,15,189
15.0,153.60000000000002,15,189
15.0,153.60000000000002,15,189
15.0,153.60000000000002,15,189
12.0,117.6,12,189
12.0,117.6,12,189
12.0,117.6,12,189
12.0,117.6,12,189
12.0,117.6,12,189
12.0,117.6,12,189
12.0,117.6,12,189
12.0,117.6,12,189
12.0,117.6,12,189
12.0,117.6,12,189
12.0,117.6,12,189
12.0,117.6,12,189
12.0,117.6,12,189
12.0,117.6,12,189
12.0,117.6,12,189
12.0,117.6,12,189
12.0,117.6,12,189
12.0,117.6,12,189
12.0,117.6,12,189
12.0,117.6,12,189
12.0,117.6,12,189
12.0,117.6,12,189
12.0,117.6,12,189
12.0,117.6,12,189
12.0,117.6,12,189
12.0,117.6,12,189
12.0,117.6,12,189
12.0,117.6,12,189
12.0,117.6,12,189
12.0,117.6,12,189
12.0,117.6,12,189
12.0,117.6,12,189
12.0,117.6,12,189
12.0,117.6,12,189
12.0,117.6,12,189
12.0,117.6,12,189
12.0,117.6,12,189
12.0,117.6,12,189
12.0,117.6,12,189
12.0,117.6,12,189
12.0,117.6,12,189
12.0,117.6,12,189
12.0,117.6,12,189
12.0,117.6,12,189
12.0,117.6,12,189
12.0,117.6,12,189
12.0,117.6,12,189
12.0,117.6,12,189
12.0,117.6,12,189
12.0,117.6,12,189
15.0,117.6,15,189
18.0,144.15,18,189
24.0,252.15000000000003,24,189
18.0,173.4,18,189
15.0,173.4,15,189
15.0,173.4,15,189
15.0,173.4,15,189
15.0,173.4,15,189
15.0,173.4,15,189
15.0,173.4,15,189
15.0,173.4,15,189
0.0,60.0,340,190
0.0,60.0,280,190
0.0,60.0,220,190
0.0,60.0,160,190
5.0,60.0,105,190
55.0,60.0,100,190
32.599999999999994,21.6,111,190
22.599999999999994,21.6,112,190
22.599999999999994,21.6,113,190
22.599999999999994,21.6,114,190
33.400000000000006,29.4,118,190
23.40000000000001,38.400000000000006,103,190
12.400000000000006,38.400000000000006,77,190
23.40000000000001,38.400000000000006,62,190
23.40000000000001,38.400000000000006,47,190
23.40000000000001,38.400000000000006,32,190
23.0,38.400000000000006,23,190
23.0,38.400000000000006,23,190
23.0,38.400000000000006,23,190
23.0,38.400000000000006,23,190
23.0,38.400000000000006,23,190
23.0,38.400000000000006,23,190
23.0,38.400000000000006,23,190
23.0,38.400000000000006,23,190
23.0,38.400000000000006,23,190
23.0,38.400000000000006,23,190
22.0,38.400000000000006,22,190
23.0,38.400000000000006,23,190
33.0,48.6,33,190
44.0,79.35000000000001,44,190
45.0,101.4,45,190
67.0,205.35,67,190
77.0,264.6,77,190
99.0,421.35,99,190
110.0,522.1500000000001,110,190
132.0,756.1500000000001,132,190
155.0,1109.4,155,190
177.0,1470.15,177,190
228.0,2160.0,228,190
235.0,2196.15,235,190
235.0,2269.3500000000004,235,190
235.0,2269.3500000000004,235,190
235.0,2269.3500000000004,235,190
235.0,2269.3500000000004,235,190
235.0,2269.3500000000004,235,190
235.0,2269.3500000000004,235,190
235.0,2269.3500000000004,235,190
235.0,2269.3500000000004,235,190
235.0,2269.3500000000004,235,190
235.0,2269.3500000000004,235,190
235.0,2269.3500000000004,235,190
235.0,2269.3500000000004,235,190
235.0,2269.3500000000004,235,190
235.0,2269.3500000000004,235,190
235.0,2269.3500000000004,235,190
235.0,2269.3500000000004,235,190
235.0,2269.3500000000004,235,190
235.0,2269.3500000000004,235,190
235.0,2269.3500000000004,235,190
235.0,2269.3500000000004,235,190
235.0,2269.3500000000004,235,190
235.0,2269.3500000000004,235,190
235.0,2269.3500000000004,235,190
235.0,2269.3500000000004,235,190
235.0,2269.3500000000004,235,190
235.0,2269.3500000000004,235,190
235.0,2269.3500000000004,235,190
235.0,2269.3500000000004,235,190
235.0,2269.3500000000004,235,190
235.0,2269.3500000000004,235,190
235.0,2269.3500000000004,235,190
235.0,2269.3500000000004,235,190
235.0,2269.3500000000004,235,190
235.0,2269.3500000000004,235,190
235.0,2269.3500000000004,235,190
235.0,2269.3500000000004,235,190
235.0,2269.3500000000004,235,190
235.0,2269.3500000000004,235,190
235.0,2269.3500000000004,235,190
235.0,2269.3500000000004,235,190
235.0,2269.3500000000004,235,190
235.0,2269.3500000000004,235,190
235.0,2269.3500000000004,235,190
235.0,2269.3500000000004,235,190
235.0,2269.3500000000004,235,190
235.0,2269.3500000000004,235,190
235.0,2269.3500000000004,235,190
235.0,2269.3500000000004,235,190
235.0,2269.3500000000004,235,190
235.0,2269.3500000000004,235,190
235.0,2269.3500000000004,235,190
235.0,2269.3500000000004,235,190
235.0,2269.3500000000004,235,190
235.0,2269.3500000000004,235,190
235.0,2269.3500000000004,235,190
235.0,2269.3500000000004,235,190
235.0,2269.3500000000004,235,190
235.0,2269.3500000000004,235,190
235.0,2269.3500000000004,235,190
235.0,2269.3500000000004,235,190
0.0,60.0,340,191
0.0,60.0,280,191
0.0,60.0,220,191
0.0,60.0,160,191
0.0,60.0,100,191
0.0,60.0,40,191
0.0,60.0,0,191
0.0,33.75,0,191
0.0,21.6,0,191
0.0,12.15,0,191
0.0,7.35,0,191
0.0,5.4,0,191
0.0,3.75,0,191
0.0,2.4000000000000004,0,191
0.0,1.35,0,191
0.0,0.6000000000000001,0,191
0.0,0.15,0,191
0.0,60.0,340,192
0.0,54.150000000000006,285,192
0.0,54.150000000000006,231,192
0.0,54.150000000000006,177,192
0.0,54.150000000000006,123,192
-0.25,54.150000000000006,69,192
-0.8499999999999943,54.150000000000006,14,192
36.0,54.150000000000006,36,192
45.0,72.60000000000001,45,192
40.0,153.60000000000002,40,192
61.0,153.60000000000002,61,192
71.0,205.35,71,192
91.0,331.35,91,192
111.0,540.0,111,192
130.0,866.4000000000001,130,192
140.0,1058.4,140,192
147.0,1530.15,147,192
147.0,1622.4,147,192
147.0,1622.4,147,192
147.0,1622.4,147,192
147.0,1622.4,147,192
147.0,1622.4,147,192
147.0,1622.4,147,192
147.0,1622.4,147,192
147.0,1622.4,147,192
147.0,1622.4,147,192
147.0,1622.4,147,192
147.0,1622.4,147,192
147.0,1622.4,147,192
147.0,1622.4,147,192
147.0,1622.4,147,192
147.0,1622.4,147,192
147.0,1622.4,147,192
147.0,1622.4,147,192
147.0,1622.4,147,192
147.0,1622.4,147,192
147.0,1622.4,147,192
147.0,1622.4,147,192
147.0,1622.4,147,192
147.0,1622.4,147,192
147.0,1622.4,147,192
147.0,1622.4,147,192
147.0,1622.4,147,192
147.0,1622.4,147,192
147.0,1622.4,147,192
147.0,1622.4,147,192
147.0,1622.4,147,192
147.0,1622.4,147,192
147.0,1622.4,147,192
147.0,1622.4,147,192
147.0,1622.4,147,192
147.0,1622.4,147,192
147.0,1622.4,147,192
147.0,1622.4,147,192
147.0,1622.4,147,192
147.0,1622.4,147,192
147.0,1622.4,147,192
147.0,1622.4,147,192
147.0,1622.4,147,192
147.0,1622.4,147,192
147.0,1622.4,147,192
147.0,1622.4,147,192
147.0,1622.4,147,192
147.0,1622.4,147,192
147.0,1622.4,147,192
147.0,1622.4,147,192
147.0,1622.4,147,192
147.0,1622.4,147,192
147.0,1622.4,147,192
147.0,1622.4,147,192
147.0,1622.4,147,192
147.0,1622.4,147,192
147.0,1622.4,147,192
147.0,1622.4,147,192
147.0,1622.4,147,192
147.0,1622.4,147,192
147.0,1622.4,147,192
147.0,1622.4,147,192
147.0,1622.4,147,192
147.0,1622.4,147,192
147.0,1622.4,147,192
147.0,1622.4,147,192
147.0,1622.4,147,192
147.0,1622.4,147,192
147.0,1622.4,147,192
147.0,1622.4,147,192
147.0,1622.4,147,192
147.0,1622.4,147,192
147.0,1622.4,147,192
147.0,1622.4,147,192
147.0,1622.4,147,192
147.0,1622.4,147,192
147.0,1622.4,147,192
147.0,1622.4,147,192
147.0,1622.4,147,192
147.0,1622.4,147,192
147.0,1622.4,147,192
147.0,1622.4,147,192
147.0,1622.4,147,192
147.0,1622.4,147,192
0.0,60.0,340,193
0.0,60.0,280,193
0.0,60.0,220,193
0.0,60.0,160,193
0.0,60.0,100,193
0.0,60.0,40,193
0.0,60.0,0,193
0.0,33.75,0,193
0.0,21.6,0,193
0.0,12.15,0,193
0.0,7.35,0,193
0.0,5.4,0,193
3.0,3.75,3,193
3.0,3.75,3,193
3.0,3.75,3,193
3.0,3.75,3,193
3.0,3.75,3,193
3.0,3.75,3,193
3.0,3.75,3,193
3.0,3.75,3,193
3.0,3.75,3,193
3.0,3.75,3,193
3.0,3.75,3,193
3.0,3.75,3,193
3.0,3.75,3,193
3.0,3.75,3,193
0.0,3.75,0,193
3.0,2.4000000000000004,3,193
3.0,5.4,3,193
3.0,5.4,3,193
3.0,5.4,3,193
3.0,5.4,3,193
3.0,5.4,3,193
3.0,5.4,3,193
3.0,5.4,3,193
3.0,5.4,3,193
3.0,5.4,3,193
3.0,5.4,3,193
3.0,5.4,3,193
3.0,5.4,3,193
3.0,5.4,3,193
3.0,5.4,3,193
3.0,5.4,3,193
3.0,5.4,3,193
3.0,5.4,3,193
3.0,5.4,3,193
3.0,5.4,3,193
3.0,5.4,3,193
3.0,5.4,3,193
3.0,5.4,3,193
3.0,5.4,3,193
3.0,5.4,3,193
3.0,5.4,3,193
3.0,5.4,3,193
3.0,5.4,3,193
3.0,5.4,3,193
3.0,5.4,3,193
3.0,5.4,3,193
3.0,5.4,3,193
3.0,5.4,3,193
3.0,5.4,3,193
0.0,5.4,0,193
3.0,3.75,3,193
3.0,5.4,3,193
3.0,5.4,3,193
3.0,5.4,3,193
3.0,5.4,3,193
3.0,5.4,3,193
3.0,5.4,3,193
3.0,5.4,3,193
3.0,5.4,3,193
3.0,5.4,3,193
3.0,5.4,3,193
3.0,5.4,3,193
3.0,5.4,3,193
3.0,5.4,3,193
3.0,5.4,3,193
3.0,5.4,3,193
3.0,5.4,3,193
3.0,5.4,3,193
3.0,5.4,3,193
3.0,5.4,3,193
3.0,5.4,3,193
3.0,5.4,3,193
3.0,5.4,3,193
3.0,5.4,3,193
3.0,5.4,3,193
3.0,5.4,3,193
3.0,5.4,3,193
3.0,5.4,3,193
3.0,5.4,3,193
3.0,5.4,3,193
3.0,5.4,3,193
3.0,5.4,3,193
3.0,5.4,3,193
3.0,5.4,3,193
3.0,5.4,3,193
3.0,5.4,3,193
3.0,5.4,3,193
3.0,5.4,3,193
0.0,60.0,340,194
140.0,60.0,420,194
56.39999999999998,38.400000000000006,438,194
56.39999999999998,38.400000000000006,456,194
56.39999999999998,38.400000000000006,474,194
56.39999999999998,38.400000000000006,492,194
42.39999999999998,38.400000000000006,496,194
42.39999999999998,38.400000000000006,500,194
42.39999999999998,38.400000000000006,504,194
42.39999999999998,38.400000000000006,508,194
35.39999999999998,38.400000000000006,505,194
42.39999999999998,38.400000000000006,509,194
35.14999999999998,54.150000000000006,490,194
35.14999999999998,54.150000000000006,471,194
27.75,33.75,465,194
21.149999999999977,18.15,468,194
21.350000000000023,25.35,464,194
14.350000000000025,25.35,453,194
14.350000000000025,25.35,442,194
14.350000000000025,25.35,431,194
14.350000000000025,25.35,420,194
14.350000000000025,25.35,409,194
13.600000000000025,21.6,401,194
13.600000000000025,21.6,393,194
13.600000000000025,21.6,385,194
13.600000000000025,21.6,377,194
13.600000000000025,21.6,369,194
13.600000000000025,21.6,361,194
13.600000000000025,21.6,353,194
13.600000000000025,21.6,345,194
13.600000000000025,21.6,337,194
13.600000000000025,21.6,329,194
13.600000000000025,21.6,321,194
13.600000000000025,21.6,313,194
14.0,15.0,312,194
14.0,15.0,311,194
14.0,15.0,310,194
14.0,15.0,309,194
14.0,15.0,308,194
14.0,15.0,307,194
14.0,15.0,306,194
14.0,15.0,305,194
14.0,15.0,304,194
14.0,15.0,303,194
14.0,15.0,302,194
14.0,15.0,301,194
14.0,15.0,300,194
14.0,15.0,299,194
14.0,15.0,298,194
14.0,15.0,297,194
14.0,15.0,296,194
14.0,15.0,295,194
14.0,15.0,294,194
14.0,15.0,293,194
14.0,15.0,292,194
14.0,15.0,291,194
14.0,15.0,290,194
14.0,15.0,289,194
14.0,15.0,288,194
14.0,15.0,287,194
14.0,15.0,286,194
21.0,15.0,292,194
7.149999999999977,18.15,281,194
14.149999999999975,18.15,277,194
14.149999999999975,18.15,273,194
14.150000000000006,18.15,269,194
14.150000000000006,18.15,265,194
14.150000000000006,18.15,261,194
14.150000000000006,18.15,257,194
14.150000000000006,18.15,253,194
14.150000000000006,18.15,249,194
14.150000000000006,18.15,245,194
14.150000000000006,18.15,241,194
14.150000000000006,18.15,237,194
14.150000000000006,18.15,233,194
14.150000000000006,18.15,229,194
14.150000000000006,18.15,225,194
14.150000000000006,18.15,221,194
14.150000000000006,18.15,217,194
14.150000000000006,18.15,213,194
14.150000000000006,18.15,209,194
14.150000000000006,18.15,205,194
14.150000000000006,18.15,201,194
14.150000000000006,18.15,197,194
14.150000000000006,18.15,193,194
14.150000000000006,18.15,189,194
14.150000000000006,18.15,185,194
14.150000000000006,18.15,181,194
14.150000000000006,18.15,177,194
14.150000000000006,18.15,173,194
14.150000000000006,18.15,169,194
14.150000000000006,18.15,165,194
14.150000000000006,18.15,161,194
14.150000000000006,18.15,157,194
14.150000000000006,18.15,153,194
14.150000000000006,18.15,149,194
14.150000000000006,18.15,145,194
14.150000000000006,18.15,141,194
14.150000000000006,18.15,137,194
14.150000000000006,18.15,133,194
0.0,60.0,340,195
0.0,29.4,310,195
-0.2000000000000454,29.4,281,195
-0.5999999999999943,29.4,251,195
-0.5999999999999943,29.4,221,195
-0.5999999999999943,29.4,191,195
-0.5999999999999943,29.4,161,195
-0.5999999999999943,29.4,131,195
-0.5999999999999943,29.4,101,195
3.4000000000000057,29.4,75,195
7.400000000000006,29.4,53,195
7.400000000000002,29.4,31,195
7.400000000000002,29.4,9,195
8.0,29.4,8,195
8.0,29.4,8,195
8.0,29.4,8,195
8.0,29.4,8,195
8.0,29.4,8,195
8.0,29.4,8,195
8.0,29.4,8,195
8.0,29.4,8,195
8.0,29.4,8,195
8.0,29.4,8,195
8.0,29.4,8,195
8.0,29.4,8,195
8.0,29.4,8,195
8.0,29.4,8,195
8.0,29.4,8,195
8.0,29.4,8,195
8.0,29.4,8,195
8.0,29.4,8,195
8.0,29.4,8,195
8.0,29.4,8,195
8.0,29.4,8,195
8.0,29.4,8,195
8.0,29.4,8,195
8.0,29.4,8,195
8.0,29.4,8,195
8.0,29.4,8,195
8.0,29.4,8,195
8.0,29.4,8,195
8.0,29.4,8,195
8.0,29.4,8,195
8.0,29.4,8,195
8.0,29.4,8,195
8.0,29.4,8,195
8.0,29.4,8,195
8.0,29.4,8,195
8.0,29.4,8,195
8.0,29.4,8,195
8.0,29.4,8,195
8.0,29.4,8,195
8.0,29.4,8,195
8.0,29.4,8,195
8.0,29.4,8,195
8.0,29.4,8,195
8.0,29.4,8,195
8.0,29.4,8,195
8.0,29.4,8,195
8.0,29.4,8,195
8.0,29.4,8,195
8.0,29.4,8,195
8.0,29.4,8,195
8.0,29.4,8,195
8.0,29.4,8,195
8.0,29.4,8,195
8.0,29.4,8,195
8.0,29.4,8,195
8.0,29.4,8,195
8.0,29.4,8,195
8.0,29.4,8,195
8.0,29.4,8,195
8.0,29.4,8,195
8.0,29.4,8,195
8.0,29.4,8,195
8.0,29.4,8,195
8.0,29.4,8,195
8.0,29.4,8,195
8.0,29.4,8,195
8.0,29.4,8,195
8.0,29.4,8,195
8.0,29.4,8,195
8.0,29.4,8,195
8.0,29.4,8,195
8.0,29.4,8,195
8.0,29.4,8,195
8.0,29.4,8,195
8.0,29.4,8,195
8.0,29.4,8,195
8.0,29.4,8,195
8.0,29.4,8,195
8.0,29.4,8,195
8.0,29.4,8,195
8.0,29.4,8,195
8.0,29.4,8,195
8.0,29.4,8,195
8.0,29.4,8,195
8.0,29.4,8,195
8.0,29.4,8,195
8.0,29.4,8,195
0.0,60.0,340,196
0.0,29.4,310,196
0.0,29.4,281,196
0.0,29.4,251,196
0.0,29.4,222,196
20.99999999999997,29.4,214,196
14.400000000000006,29.4,199,196
28.40000000000001,29.4,198,196
21.40000000000001,29.4,190,196
14.400000000000006,29.4,175,196
23.40000000000001,29.4,169,196
23.40000000000001,29.4,163,196
7.400000000000006,29.4,141,196
15.400000000000006,29.4,127,196
30.40000000000001,29.4,128,196
36.75,33.75,131,196
45.150000000000006,66.15,110,196
45.150000000000006,66.15,89,196
44.150000000000006,66.15,67,196
45.150000000000006,66.15,46,196
45.0,66.15,45,196
45.0,66.15,45,196
30.0,66.15,30,196
44.0,66.15,44,196
45.0,86.4,45,196
52.0,117.6,52,196
60.0,173.4,60,196
75.0,277.35,75,196
60.0,405.6,60,196
90.0,405.6,90,196
105.0,540.0,105,196
120.0,756.1500000000001,120,196
135.0,1083.75,135,196
120.0,1382.4,120,196
243.0,1382.4,243,196
269.0,1560.6,269,196
395.0,2088.6000000000004,395,196
408.0,2269.3500000000004,408,196
270.0,2306.4,270,196
494.0,2306.4,494,196
438.0,2535.0,438,196
557.0,2535.0,557,196
438.0,2693.4,438,196
557.0,2693.4,557,196
576.0,3024.6000000000004,576,196
576.0,3465.6000000000004,576,196
572.0,3465.6000000000004,572,196
557.0,3465.6000000000004,557,196
572.0,3465.6000000000004,572,196
569.0,3936.6,569,196
408.0,3936.6,408,196
386.0,3936.6,386,196
376.0,3936.6,376,196
484.0,3936.6,484,196
486.0,4133.400000000001,486,196
526.0,4437.6,526,196
454.0,4914.150000000001,454,196
566.0,4914.150000000001,566,196
448.0,5472.150000000001,448,196
578.0,5472.150000000001,578,196
578.0,6120.6,578,196
578.0,6120.6,578,196
494.0,6120.6,494,196
106.0,2774.4,106,196
46.0,2774.4,46,196
302.0,2774.4,302,196
305.0,2856.6000000000004,305,196
0.0,2982.15,0,196
152.0,1685.4,152,196
260.0,1949.4,260,196
205.0,2196.15,205,196
336.0,2196.15,336,196
253.0,2306.4,253,196
184.0,2306.4,184,196
336.0,2306.4,336,196
152.0,960.0,152,196
149.0,960.0,149,196
126.0,960.0,126,196
182.0,960.0,182,196
182.0,1382.4,182,196
175.0,1382.4,175,196
114.0,1382.4,114,196
208.0,1382.4,208,196
280.0,1881.6,280,196
283.0,2053.3500000000004,283,196
173.0,2269.3500000000004,173,196
280.0,2269.3500000000004,280,196
286.0,2343.75,286,196
289.0,2496.15,289,196
173.0,2613.6000000000004,173,196
289.0,2613.6000000000004,289,196
298.0,2815.3500000000004,298,196
57.0,3024.6000000000004,57,196
0.0,3024.6000000000004,0,196
280.0,1717.35,280,196
105.0,1749.6,105,196
112.0,1749.6,112,196
254.0,1983.75,254,196
322.0,2653.3500000000004,322,196
323.0,2774.4,323,196
0.0,60.0,340,197
0.0,60.0,280,197
0.0,60.0,220,197
0.0,60.0,160,197
0.0,60.0,100,197
0.0,60.0,40,197
0.0,60.0,0,197
0.0,33.75,0,197
0.0,21.6,0,197
0.0,12.15,0,197
36.0,7.35,36,197
23.6,21.6,38,197
100.0,38.400000000000006,100,197
125.0,60.0,165,197
174.60000000000002,117.6,222,197
312.0,360.15000000000003,312,197
450.0,777.5999999999999,450,197
625.0,1500.0,625,197
896.0,3792.15,896,197
910.0,4183.35,910,197
1056.0,5189.400000000001,1056,197
1135.0,5645.400000000001,1135,197
1206.0,6365.400000000001,1206,197
1096.0,7593.75,1096,197
1096.0,7593.75,1096,197
1096.0,7593.75,1096,197
706.0,3936.6,706,197
706.0,3936.6,706,197
706.0,3936.6,706,197
706.0,3936.6,706,197
706.0,3936.6,706,197
706.0,3936.6,706,197
706.0,3936.6,706,197
706.0,3936.6,706,197
750.0,2815.3500000000004,750,197
756.0,3110.4,756,197
640.0,3650.400000000001,640,197
640.0,3650.400000000001,640,197
640.0,3650.400000000001,640,197
640.0,3650.400000000001,640,197
756.0,3285.6000000000004,756,197
635.0,3557.4,635,197
635.0,3557.4,635,197
635.0,3557.4,635,197
635.0,3557.4,635,197
635.0,3557.4,635,197
635.0,3557.4,635,197
635.0,3557.4,635,197
635.0,3557.4,635,197
635.0,3557.4,635,197
635.0,3557.4,635,197
635.0,3557.4,635,197
635.0,3557.4,635,197
635.0,3557.4,635,197
635.0,3557.4,635,197
635.0,3557.4,635,197
635.0,3557.4,635,197
605.0,2196.15,605,197
605.0,2196.15,605,197
605.0,2196.15,605,197
605.0,2196.15,605,197
605.0,2196.15,605,197
605.0,2196.15,605,197
605.0,2196.15,605,197
605.0,2196.15,605,197
605.0,2196.15,605,197
605.0,2196.15,605,197
605.0,2196.15,605,197
605.0,2196.15,605,197
605.0,2196.15,605,197
605.0,2196.15,605,197
605.0,2196.15,605,197
605.0,2196.15,605,197
605.0,2196.15,605,197
605.0,2196.15,605,197
605.0,2196.15,605,197
605.0,2196.15,605,197
605.0,2196.15,605,197
605.0,2196.15,605,197
605.0,2196.15,605,197
605.0,2196.15,605,197
605.0,2196.15,605,197
605.0,2196.15,605,197
605.0,2196.15,605,197
605.0,2196.15,605,197
605.0,2196.15,605,197
605.0,2196.15,605,197
605.0,2196.15,605,197
605.0,2196.15,605,197
605.0,2196.15,605,197
605.0,2196.15,605,197
605.0,2196.15,605,197
605.0,2196.15,605,197
605.0,2196.15,605,197
605.0,2196.15,605,197
605.0,2196.15,605,197
605.0,2196.15,605,197
605.0,2196.15,605,197
605.0,2196.15,605,197
605.0,2196.15,605,197
0.0,60.0,340,198
0.0,60.0,280,198
60.0,60.0,280,198
27.0,60.0,247,198
21.0,60.0,208,198
15.0,60.0,163,198
12.0,60.0,115,198
2.75,33.75,84,198
47.75,33.75,98,198
61.35,43.35,116,198
63.6,48.6,131,198
64.0,60.0,135,198
64.0,60.0,139,198
64.0,60.0,143,198
64.0,60.0,147,198
48.0,60.0,135,198
48.0,60.0,123,198
48.0,60.0,111,198
48.0,60.0,99,198
48.0,60.0,87,198
48.0,60.0,75,198
48.0,60.0,63,198
48.0,60.0,51,198
48.0,60.0,48,198
48.0,54.150000000000006,48,198
31.6,21.6,58,198
31.6,21.6,68,198
31.6,21.6,78,198
5.350000000000001,25.35,58,198
2.1499999999999986,12.15,48,198
2.1499999999999986,12.15,38,198
2.1499999999999986,12.15,28,198
2.1499999999999986,12.15,18,198
2.1499999999999986,12.15,8,198
3.0,12.15,3,198
3.0,12.15,3,198
3.0,12.15,3,198
3.0,12.15,3,198
3.0,12.15,3,198
3.0,12.15,3,198
3.0,12.15,3,198
3.0,12.15,3,198
3.0,12.15,3,198
3.0,12.15,3,198
3.0,12.15,3,198
3.0,12.15,3,198
3.0,12.15,3,198
3.0,12.15,3,198
3.0,12.15,3,198
3.0,12.15,3,198
3.0,12.15,3,198
3.0,12.15,3,198
3.0,12.15,3,198
3.0,12.15,3,198
3.0,12.15,3,198
3.0,12.15,3,198
3.0,12.15,3,198
3.0,12.15,3,198
3.0,12.15,3,198
3.0,12.15,3,198
3.0,12.15,3,198
3.0,12.15,3,198
3.0,12.15,3,198
3.0,12.15,3,198
3.0,12.15,3,198
3.0,12.15,3,198
3.0,12.15,3,198
3.0,12.15,3,198
3.0,12.15,3,198
3.0,12.15,3,198
3.0,12.15,3,198
3.0,12.15,3,198
3.0,12.15,3,198
3.0,12.15,3,198
3.0,12.15,3,198
3.0,12.15,3,198
3.0,12.15,3,198
3.0,12.15,3,198
3.0,12.15,3,198
3.0,12.15,3,198
3.0,12.15,3,198
3.0,12.15,3,198
3.0,12.15,3,198
3.0,12.15,3,198
3.0,12.15,3,198
3.0,12.15,3,198
3.0,12.15,3,198
3.0,12.15,3,198
3.0,12.15,3,198
3.0,12.15,3,198
3.0,12.15,3,198
3.0,12.15,3,198
3.0,12.15,3,198
3.0,12.15,3,198
3.0,12.15,3,198
3.0,12.15,3,198
3.0,12.15,3,198
3.0,12.15,3,198
3.0,12.15,3,198
3.0,12.15,3,198
0.0,60.0,340,199
0.0,60.0,280,199
0.0,60.0,220,199
0.0,60.0,160,199
0.0,60.0,100,199
0.0,60.0,40,199
0.0,60.0,0,199
0.0,33.75,0,199
0.0,21.6,0,199
0.0,7.35,0,199
0.0,5.4,0,199
0.0,2.4000000000000004,0,199
0.0,1.35,0,199
0.0,0.6000000000000001,0,199
0.0,0.15,0,199
0.0,60.0,340,200
0.0,60.0,280,200
30.0,60.0,250,200
30.0,60.0,220,200
30.0,60.0,190,200
20.349999999999994,25.35,185,200
20.349999999999994,25.35,180,200
14.349999999999994,25.35,169,200
8.349999999999994,25.35,152,200
14.349999999999994,25.35,141,200
2.3499999999999943,25.35,118,200
5.349999999999994,25.35,98,200
13.150000000000006,18.150000000000002,93,200
13.150000000000006,18.150000000000002,88,200
13.150000000000006,18.150000000000002,83,200
13.150000000000006,18.150000000000002,78,200
13.150000000000006,18.150000000000002,73,200
13.150000000000006,18.150000000000002,68,200
13.150000000000006,18.150000000000002,63,200
6.150000000000006,18.150000000000002,51,200
9.150000000000006,18.150000000000002,42,200
9.150000000000002,18.150000000000002,33,200
9.150000000000002,18.150000000000002,24,200
9.150000000000002,18.150000000000002,15,200
10.0,18.150000000000002,10,200
10.0,18.150000000000002,10,200
10.0,18.150000000000002,10,200
10.0,18.150000000000002,10,200
10.0,18.150000000000002,10,200
10.0,18.150000000000002,10,200
10.0,18.150000000000002,10,200
10.0,18.150000000000002,10,200
10.0,18.150000000000002,10,200
10.0,18.150000000000002,10,200
10.0,18.150000000000002,10,200
10.0,18.150000000000002,10,200
10.0,18.150000000000002,10,200
7.0,18.150000000000002,7,200
3.0,18.150000000000002,3,200
0.0,18.150000000000002,0,200
7.0,12.149999999999999,7,200
7.0,12.149999999999999,7,200
7.0,12.149999999999999,7,200
7.0,12.149999999999999,7,200
7.0,12.149999999999999,7,200
7.0,12.149999999999999,7,200
7.0,12.149999999999999,7,200
7.0,12.149999999999999,7,200
7.0,12.149999999999999,7,200
7.0,9.600000000000001,7,200
7.0,9.600000000000001,7,200
7.0,9.600000000000001,7,200
7.0,9.600000000000001,7,200
7.0,9.600000000000001,7,200
7.0,9.600000000000001,7,200
7.0,9.600000000000001,7,200
7.0,9.600000000000001,7,200
7.0,9.600000000000001,7,200
7.0,9.600000000000001,7,200
7.0,9.600000000000001,7,200
7.0,9.600000000000001,7,200
7.0,9.600000000000001,7,200
7.0,9.600000000000001,7,200
7.0,9.600000000000001,7,200
7.0,9.600000000000001,7,200
7.0,9.600000000000001,7,200
7.0,9.600000000000001,7,200
7.0,9.600000000000001,7,200
7.0,9.600000000000001,7,200
7.0,9.600000000000001,7,200
7.0,9.600000000000001,7,200
7.0,9.600000000000001,7,200
7.0,9.600000000000001,7,200
7.0,9.600000000000001,7,200
7.0,9.600000000000001,7,200
7.0,9.600000000000001,7,200
7.0,9.600000000000001,7,200
7.0,9.600000000000001,7,200
7.0,9.600000000000001,7,200
7.0,9.600000000000001,7,200
7.0,9.600000000000001,7,200
7.0,9.600000000000001,7,200
7.0,9.600000000000001,7,200
7.0,9.600000000000001,7,200
7.0,9.600000000000001,7,200
7.0,9.600000000000001,7,200
7.0,9.600000000000001,7,200
7.0,9.600000000000001,7,200
7.0,9.600000000000001,7,200
7.0,9.600000000000001,7,200
7.0,9.600000000000001,7,200
7.0,9.600000000000001,7,200
7.0,9.600000000000001,7,200
7.0,9.600000000000001,7,200
7.0,9.600000000000001,7,200
7.0,9.600000000000001,7,200
7.0,9.600000000000001,7,200
7.0,9.600000000000001,7,200
7.0,9.600000000000001,7,200
7.0,9.600000000000001,7,200
