food,ore,wood,poop,run_id
340,49,97,20,1
280,46,91,0,1
220,22,86,0,1
160,14,70,0,1
100,12,66,0,1
90,6,54,5,1
108,2,46,10,1
99,2,46,5,1
98,2,46,0,1
97,2,46,0,1
96,2,46,0,1
95,2,46,0,1
94,2,46,0,1
93,2,46,0,1
92,2,46,0,1
91,2,46,0,1
90,2,46,0,1
89,2,46,0,1
88,2,46,0,1
87,2,46,0,1
86,2,46,0,1
85,2,46,0,1
84,2,46,0,1
83,2,46,0,1
82,2,46,0,1
81,2,46,0,1
80,2,46,0,1
79,2,46,0,1
78,2,46,0,1
78,2,46,0,1
78,2,46,0,1
78,2,46,0,1
78,2,46,0,1
78,2,46,0,1
78,2,46,0,1
78,2,46,0,1
78,2,46,0,1
78,2,46,0,1
78,2,46,0,1
78,2,46,0,1
78,2,46,0,1
78,2,46,0,1
78,2,46,0,1
78,2,46,0,1
78,2,46,0,1
78,2,46,0,1
78,2,46,0,1
78,2,46,0,1
78,2,46,0,1
78,2,46,0,1
78,2,46,0,1
78,2,46,0,1
78,2,46,0,1
78,2,46,0,1
78,2,46,0,1
78,2,46,0,1
78,2,46,0,1
78,2,46,0,1
78,2,46,0,1
78,2,46,0,1
78,2,46,0,1
78,2,46,0,1
78,2,46,0,1
78,2,46,0,1
78,2,46,0,1
78,2,46,0,1
78,2,46,0,1
78,2,46,0,1
78,2,46,0,1
78,2,46,0,1
78,2,46,0,1
78,2,46,0,1
78,2,46,0,1
78,2,46,0,1
78,2,46,0,1
78,2,46,0,1
78,2,46,0,1
78,2,46,0,1
78,2,46,0,1
78,2,46,0,1
78,2,46,0,1
78,2,46,0,1
78,2,46,0,1
78,2,46,0,1
78,2,46,0,1
78,2,46,0,1
78,2,46,0,1
78,2,46,0,1
78,2,46,0,1
78,2,46,0,1
78,2,46,0,1
78,2,46,0,1
78,2,46,0,1
78,2,46,0,1
78,2,46,0,1
78,2,46,0,1
78,2,46,0,1
78,2,46,0,1
78,2,46,0,1
78,2,46,0,1
340,50,100,20,2
280,46,84,40,2
220,44,134,60,2
170,44,164,80,2
120,44,194,100,2
66,20,207,120,2
11,19,207,140,2
70,23,219,160,2
66,27,231,168,2
33,17,210,182,2
91,20,219,190,2
122,23,228,198,2
153,23,231,209,2
171,22,232,220,2
163,16,222,222,2
168,15,222,218,2
172,8,209,221,2
186,10,212,216,2
200,12,215,211,2
211,14,218,207,2
228,15,221,201,2
220,4,197,204,2
237,5,200,198,2
242,7,203,189,2
244,9,206,181,2
247,11,212,175,2
246,13,218,166,2
245,15,224,157,2
244,17,230,148,2
236,19,236,138,2
228,21,242,128,2
238,22,245,118,2
226,7,213,122,2
228,9,216,114,2
231,11,222,108,2
229,13,228,100,2
227,15,234,92,2
225,17,240,84,2
223,19,246,76,2
221,21,252,68,2
219,23,258,60,2
191,8,229,61,2
189,10,232,50,2
194,11,235,38,2
190,13,238,25,2
186,15,241,12,2
182,17,244,0,2
178,19,247,0,2
174,21,250,0,2
144,2,210,2,2
140,4,213,0,2
136,6,216,0,2
132,8,219,0,2
128,10,222,0,2
124,12,225,0,2
120,14,228,0,2
116,16,231,0,2
112,18,234,0,2
108,20,237,0,2
104,22,240,0,2
100,24,243,0,2
96,26,246,0,2
92,28,249,0,2
62,4,201,5,2
58,5,204,0,2
54,6,207,0,2
50,7,210,0,2
46,8,213,0,2
42,9,216,0,2
39,10,219,0,2
39,11,222,0,2
39,12,225,0,2
39,13,228,0,2
39,14,231,0,2
39,15,234,0,2
39,16,237,0,2
39,17,240,0,2
39,18,243,0,2
39,19,246,0,2
39,20,249,0,2
39,21,252,0,2
39,22,255,0,2
39,23,258,0,2
39,24,261,0,2
39,25,264,0,2
39,26,267,0,2
39,27,270,0,2
39,29,273,0,2
39,31,276,0,2
39,33,279,0,2
39,35,282,0,2
39,37,285,0,2
14,22,253,0,2
39,24,256,0,2
39,26,259,0,2
39,28,262,0,2
39,30,265,0,2
13,7,217,6,2
39,9,220,0,2
65,12,226,0,2
340,50,100,20,3
280,49,97,40,3
220,25,92,24,3
160,22,86,14,3
100,22,86,4,3
40,18,70,6,3
0,14,62,8,3
0,6,46,5,3
0,6,46,0,3
0,6,46,0,3
0,6,46,0,3
0,6,46,0,3
0,6,46,0,3
0,6,46,0,3
0,6,46,0,3
0,6,46,0,3
0,6,46,0,3
340,49,97,20,4
291,47,93,0,4
323,47,93,0,4
355,47,93,0,4
378,43,85,0,4
383,40,79,0,4
370,36,63,0,4
348,12,60,3,4
335,20,63,0,4
313,20,53,6,4
294,16,39,12,4
255,6,16,24,4
254,12,18,30,4
243,8,4,38,4
233,12,6,37,4
223,16,8,36,4
213,20,10,35,4
203,24,12,34,4
193,28,14,33,4
183,32,16,32,4
170,36,18,28,4
157,40,20,24,4
159,44,21,23,4
154,48,23,21,4
149,52,25,19,4
125,40,1,32,4
130,42,2,33,4
132,44,3,32,4
134,46,4,31,4
136,48,5,30,4
138,50,6,29,4
136,54,7,29,4
134,58,8,29,4
132,62,9,29,4
130,66,10,29,4
128,70,11,29,4
126,74,12,29,4
124,78,13,29,4
122,82,14,29,4
120,86,15,29,4
118,90,16,29,4
116,94,17,29,4
114,98,18,29,4
112,102,19,29,4
117,104,20,30,4
115,108,21,30,4
113,112,22,30,4
111,116,23,30,4
109,120,24,30,4
108,122,25,30,4
107,124,26,30,4
106,126,27,30,4
105,128,28,30,4
103,116,4,36,4
108,118,5,36,4
113,120,6,36,4
118,122,7,36,4
123,124,8,36,4
128,126,9,36,4
133,128,10,36,4
138,130,11,36,4
143,132,12,36,4
148,134,13,36,4
153,136,14,36,4
158,138,15,36,4
163,140,16,36,4
168,142,17,36,4
173,144,18,36,4
178,146,19,36,4
183,148,20,36,4
188,150,21,36,4
193,152,22,36,4
198,154,23,36,4
203,156,24,36,4
208,158,25,36,4
213,160,26,36,4
218,162,27,36,4
223,164,28,36,4
228,166,29,36,4
233,168,30,36,4
241,170,30,37,4
249,172,30,38,4
257,174,30,39,4
265,176,30,40,4
273,178,30,41,4
281,180,30,42,4
289,182,30,43,4
297,184,30,44,4
305,186,30,45,4
313,188,30,46,4
321,190,30,47,4
329,192,30,48,4
337,194,30,49,4
345,196,30,50,4
353,198,30,51,4
361,200,30,52,4
369,202,30,53,4
377,204,30,54,4
385,206,30,55,4
393,208,30,56,4
340,48,96,20,5
356,45,90,40,5
376,44,87,60,5
290,40,71,56,5
200,40,81,55,5
127,30,42,74,5
75,26,54,81,5
34,18,50,81,5
8,12,46,81,5
20,12,54,76,5
20,12,63,70,5
20,12,72,64,5
20,12,81,58,5
20,12,90,52,5
20,12,99,46,5
20,12,108,40,5
20,12,117,34,5
20,12,126,28,5
20,12,135,22,5
20,12,144,16,5
20,12,153,10,5
20,12,162,4,5
20,12,171,0,5
16,4,163,0,5
20,4,172,0,5
20,4,184,0,5
20,4,196,0,5
20,4,208,0,5
20,4,220,0,5
20,4,232,0,5
20,4,244,0,5
20,4,256,0,5
20,4,268,0,5
20,4,280,0,5
20,4,292,0,5
20,4,304,0,5
20,4,316,0,5
20,4,328,0,5
20,4,340,0,5
20,4,352,0,5
20,4,364,0,5
20,4,376,0,5
20,4,388,0,5
20,4,400,0,5
20,4,412,0,5
20,4,424,0,5
20,4,436,0,5
20,4,448,0,5
20,4,460,0,5
20,4,472,0,5
20,4,484,0,5
20,4,496,0,5
20,4,508,0,5
20,4,520,0,5
20,4,532,0,5
20,4,544,0,5
20,4,556,0,5
20,4,568,0,5
20,4,580,0,5
20,4,592,0,5
20,4,604,0,5
20,4,616,0,5
20,4,628,0,5
20,4,640,0,5
20,4,652,0,5
24,4,664,0,5
28,4,680,0,5
36,4,696,0,5
40,4,716,0,5
48,4,740,0,5
60,4,769,0,5
68,4,805,0,5
88,4,849,0,5
100,4,897,0,5
128,4,961,0,5
147,4,1045,2,5
168,4,1129,10,5
168,4,1213,8,5
168,4,1297,6,5
168,4,1381,4,5
168,4,1465,2,5
168,4,1549,0,5
168,4,1633,0,5
168,4,1717,0,5
168,4,1801,0,5
168,4,1885,0,5
168,4,1969,0,5
168,4,2053,0,5
168,4,2137,0,5
168,4,2221,0,5
168,4,2305,0,5
168,4,2389,0,5
168,4,2473,0,5
168,4,2557,0,5
168,4,2641,0,5
168,4,2725,0,5
168,4,2809,0,5
168,4,2893,0,5
168,4,2977,0,5
168,4,3061,0,5
340,49,97,20,6
280,49,97,0,6
220,47,93,0,6
238,23,88,2,6
275,41,88,3,6
299,52,80,4,6
310,64,80,0,6
321,76,80,0,6
319,77,64,0,6
317,83,58,0,6
302,84,42,0,6
300,93,42,0,6
298,102,42,0,6
283,104,26,1,6
268,98,4,2,6
253,104,7,0,6
238,110,10,0,6
223,116,13,0,6
208,122,16,0,6
193,128,19,0,6
178,134,22,0,6
163,140,25,0,6
148,146,28,0,6
133,152,31,0,6
118,158,34,0,6
90,155,24,0,6
95,161,27,0,6
65,152,4,9,6
71,158,7,6,6
71,164,10,0,6
71,170,13,0,6
71,176,16,0,6
71,182,19,0,6
71,188,22,0,6
71,194,25,0,6
71,200,28,0,6
71,206,31,0,6
71,212,34,0,6
17,152,21,21,6
71,166,24,18,6
71,184,27,10,6
71,202,30,2,6
71,220,33,0,6
54,218,3,4,6
71,236,6,0,6
98,257,10,0,6
125,285,15,0,6
152,320,21,0,6
179,362,28,0,6
206,411,36,0,6
216,451,12,0,6
243,514,21,0,6
332,584,33,0,6
355,654,45,0,6
260,676,35,0,6
358,708,71,0,6
329,722,65,0,6
370,730,47,0,6
364,702,63,7,6
370,718,47,0,6
370,728,29,0,6
380,766,87,0,6
308,666,102,37,6
325,687,112,38,6
322,703,100,37,6
320,713,80,22,6
268,729,75,21,6
266,739,58,34,6
475,782,104,33,6
362,782,67,48,6
364,792,47,63,6
356,835,93,62,6
315,839,48,71,6
282,681,29,109,6
401,731,58,108,6
468,781,87,112,6
475,831,133,120,6
384,838,77,145,6
513,888,123,160,6
239,668,85,230,6
431,701,42,230,6
438,769,71,234,6
438,837,100,238,6
226,629,59,302,6
371,697,88,306,6
168,419,28,396,6
376,480,57,402,6
377,553,86,411,6
377,626,115,422,6
320,663,81,457,6
339,736,130,468,6
260,741,55,528,6
339,814,126,542,6
343,887,198,560,6
128,545,140,676,6
343,628,212,696,6
267,659,203,734,6
267,686,186,772,6
263,718,184,791,6
315,790,257,799,6
340,50,100,20,7
280,49,97,40,7
220,47,93,6,7
188,41,81,5,7
166,29,57,16,7
184,25,41,27,7
176,1,45,38,7
211,3,54,46,7
246,5,63,54,7
276,7,69,60,7
306,5,69,66,7
336,7,75,72,7
359,3,73,74,7
382,3,82,73,7
417,3,91,75,7
441,3,100,73,7
465,3,109,71,7
483,3,121,70,7
508,3,133,72,7
518,3,145,70,7
518,3,160,71,7
518,3,175,72,7
518,3,190,73,7
518,3,205,74,7
518,3,220,75,7
518,3,235,76,7
518,3,250,77,7
518,3,265,78,7
518,3,280,79,7
518,3,295,80,7
518,3,310,81,7
518,3,325,82,7
518,3,340,83,7
518,3,355,84,7
518,3,370,85,7
542,3,379,83,7
560,3,391,82,7
582,3,403,82,7
601,3,415,83,7
611,3,427,81,7
616,3,442,81,7
611,3,457,81,7
606,3,472,81,7
628,3,484,81,7
653,3,496,83,7
672,3,511,79,7
706,3,523,77,7
721,3,538,72,7
737,3,553,67,7
753,3,568,62,7
755,3,586,57,7
761,3,604,53,7
739,3,625,46,7
717,3,646,39,7
695,3,667,32,7
673,3,688,25,7
651,3,709,18,7
629,3,730,11,7
607,3,751,4,7
585,3,772,0,7
563,3,793,0,7
541,3,814,0,7
519,3,835,0,7
497,3,856,0,7
475,3,877,0,7
453,3,898,0,7
431,3,919,0,7
409,3,940,0,7
387,3,961,0,7
365,3,982,0,7
343,3,1003,0,7
321,3,1024,0,7
299,3,1045,0,7
277,3,1066,0,7
255,3,1087,0,7
233,3,1108,0,7
211,3,1129,0,7
189,3,1150,0,7
167,3,1171,0,7
145,3,1192,0,7
132,3,1213,0,7
132,3,1234,0,7
132,3,1255,0,7
132,3,1276,0,7
132,3,1297,0,7
132,3,1318,0,7
132,3,1339,0,7
132,3,1360,0,7
132,3,1381,0,7
132,3,1402,0,7
132,3,1423,0,7
132,3,1444,0,7
132,3,1465,0,7
132,3,1486,0,7
132,3,1507,0,7
132,3,1528,0,7
132,3,1549,0,7
132,3,1570,0,7
132,3,1591,0,7
132,3,1612,0,7
340,46,84,20,8
280,43,116,40,8
220,41,148,60,8
230,41,168,80,8
199,35,176,105,8
132,25,140,130,8
140,24,151,155,8
102,24,163,165,8
102,24,175,175,8
61,12,159,194,8
98,8,161,210,8
88,5,163,214,8
85,5,169,217,8
82,5,175,220,8
79,5,181,223,8
76,5,187,226,8
73,5,193,229,8
70,5,199,232,8
62,5,205,233,8
75,5,209,235,8
83,5,213,235,8
80,5,219,238,8
77,5,225,241,8
74,5,231,244,8
71,5,237,247,8
68,5,243,250,8
65,5,249,253,8
78,5,253,255,8
86,5,257,256,8
89,5,263,258,8
86,5,269,261,8
99,5,273,263,8
107,5,277,264,8
104,5,283,267,8
101,5,289,270,8
98,5,295,273,8
95,5,301,276,8
92,5,307,279,8
89,5,313,282,8
86,5,319,285,8
83,5,325,288,8
80,5,331,291,8
77,5,337,294,8
74,5,343,297,8
71,5,349,300,8
68,5,355,303,8
65,5,361,306,8
62,5,367,309,8
59,5,373,312,8
56,5,379,315,8
53,5,385,318,8
50,5,391,321,8
47,5,397,324,8
46,5,403,327,8
46,5,409,330,8
46,5,415,333,8
46,5,421,336,8
46,5,427,339,8
46,5,433,342,8
46,5,439,345,8
46,5,445,348,8
46,5,451,351,8
46,5,457,354,8
46,5,463,357,8
46,5,469,360,8
46,5,475,363,8
46,5,481,366,8
46,5,487,369,8
46,5,493,372,8
46,5,499,375,8
46,5,505,378,8
46,5,511,381,8
46,5,517,384,8
46,5,523,387,8
46,5,529,390,8
59,5,533,392,8
67,5,537,392,8
75,5,541,393,8
67,5,547,394,8
59,5,553,395,8
51,5,559,396,8
59,5,563,396,8
62,5,569,398,8
58,5,575,400,8
56,5,581,402,8
56,5,587,404,8
56,5,593,406,8
69,5,597,408,8
72,5,603,410,8
69,5,609,413,8
66,5,615,416,8
63,5,621,419,8
56,5,627,419,8
49,5,633,419,8
42,5,639,419,8
42,5,645,419,8
42,5,651,419,8
42,5,657,419,8
32,5,663,418,8
32,5,669,417,8
340,50,100,20,9
280,46,84,40,9
220,46,104,60,9
160,43,117,80,9
100,42,134,100,9
40,34,126,96,9
0,32,131,89,9
20,32,136,89,9
12,16,108,98,9
24,16,114,98,9
36,16,124,97,9
72,16,143,98,9
128,16,176,99,9
176,16,221,117,9
207,16,271,136,9
230,12,318,172,9
192,12,363,93,9
184,2,363,62,9
132,2,411,41,9
132,2,459,20,9
132,2,507,0,9
132,2,555,0,9
132,2,603,0,9
132,2,651,0,9
132,2,699,0,9
132,2,747,0,9
132,2,795,0,9
132,2,843,0,9
132,2,891,0,9
132,2,939,0,9
132,2,987,0,9
132,2,1035,0,9
132,2,1083,0,9
132,2,1131,0,9
132,2,1179,0,9
132,2,1227,0,9
132,2,1275,0,9
132,2,1323,0,9
132,2,1371,0,9
132,2,1419,0,9
132,2,1467,0,9
132,2,1515,0,9
132,2,1563,0,9
132,2,1611,0,9
132,2,1659,0,9
132,2,1707,0,9
132,2,1755,0,9
132,2,1803,0,9
132,2,1851,0,9
132,2,1899,0,9
132,2,1947,0,9
132,2,1995,0,9
132,2,2043,0,9
132,2,2091,0,9
132,2,2139,0,9
132,2,2187,0,9
132,2,2235,0,9
132,2,2283,0,9
132,2,2331,0,9
132,2,2379,0,9
132,2,2427,0,9
132,2,2475,0,9
132,2,2523,0,9
132,2,2571,0,9
132,2,2619,0,9
132,2,2667,0,9
132,2,2715,0,9
132,2,2763,0,9
132,2,2811,0,9
132,2,2859,0,9
132,2,2907,0,9
132,2,2955,0,9
132,2,3003,0,9
132,2,3051,0,9
132,2,3099,0,9
132,2,3147,0,9
132,2,3195,0,9
132,2,3243,0,9
132,2,3291,0,9
132,2,3339,0,9
132,2,3387,0,9
132,2,3435,0,9
132,2,3483,0,9
132,2,3531,0,9
132,2,3579,0,9
132,2,3627,0,9
132,2,3675,0,9
132,2,3723,0,9
132,2,3771,0,9
132,2,3819,0,9
132,2,3867,0,9
132,2,3915,0,9
132,2,3963,0,9
132,2,4011,0,9
132,2,4059,0,9
132,2,4107,0,9
132,2,4155,0,9
132,2,4203,0,9
132,2,4251,0,9
132,2,4299,0,9
340,49,97,20,10
280,45,89,0,10
220,42,83,0,10
160,38,67,0,10
100,36,63,0,10
100,36,63,0,10
100,36,63,0,10
88,28,47,0,10
88,28,47,0,10
76,22,35,0,10
100,22,35,0,10
69,10,11,10,10
120,10,11,8,10
150,10,11,8,10
180,10,11,6,10
240,10,11,7,10
291,10,11,7,10
351,10,11,7,10
420,10,11,7,10
462,10,11,6,10
560,10,17,18,10
560,2,7,21,10
420,2,13,0,10
420,2,19,0,10
420,2,25,0,10
420,2,31,0,10
420,2,37,0,10
420,2,43,0,10
420,2,49,0,10
420,2,55,0,10
420,2,61,0,10
420,2,67,0,10
420,2,73,0,10
420,2,79,0,10
420,2,85,0,10
420,2,91,0,10
420,2,97,0,10
420,2,103,0,10
420,2,109,0,10
420,2,115,0,10
420,2,121,0,10
420,2,127,0,10
420,2,133,0,10
420,2,139,0,10
420,2,145,0,10
420,2,151,0,10
420,2,157,0,10
420,2,163,0,10
420,2,169,0,10
420,2,175,0,10
420,2,181,0,10
420,2,187,0,10
420,2,193,0,10
420,2,199,0,10
420,2,205,0,10
420,2,211,0,10
420,2,217,0,10
420,2,223,0,10
420,2,229,0,10
420,2,235,0,10
420,2,241,0,10
420,2,247,0,10
420,2,253,0,10
420,2,259,0,10
420,2,265,0,10
420,2,271,0,10
420,2,277,0,10
420,2,283,0,10
420,2,289,0,10
420,2,295,0,10
420,2,301,0,10
420,2,307,0,10
420,2,313,0,10
420,2,319,0,10
420,2,325,0,10
420,2,331,0,10
420,2,337,0,10
420,2,343,0,10
420,2,349,0,10
420,2,355,0,10
420,2,361,0,10
420,2,367,0,10
420,2,373,0,10
420,2,379,0,10
420,2,385,0,10
420,2,391,0,10
420,2,397,0,10
420,2,403,0,10
420,2,409,0,10
420,2,415,0,10
420,2,421,0,10
420,2,427,0,10
420,2,433,0,10
420,2,439,0,10
420,2,445,0,10
420,2,451,0,10
420,2,457,0,10
420,2,463,0,10
420,2,469,0,10
420,2,475,0,10
340,48,96,20,11
520,48,96,40,11
628,42,84,60,11
808,42,84,80,11
988,42,84,100,11
1168,41,81,120,11
1108,38,75,83,11
1048,30,59,55,11
988,26,51,21,11
928,2,46,5,11
868,16,46,0,11
808,30,46,0,11
748,22,14,0,11
688,36,14,0,11
628,50,14,0,11
568,60,10,0,11
543,70,10,0,11
518,80,10,0,11
493,90,10,0,11
468,100,10,0,11
443,110,10,0,11
418,120,10,0,11
393,130,10,0,11
368,140,10,0,11
343,150,10,0,11
318,160,10,0,11
293,170,10,0,11
268,180,10,0,11
243,190,10,0,11
218,200,10,0,11
193,210,10,0,11
168,220,10,0,11
143,230,10,0,11
118,240,10,0,11
93,250,10,0,11
68,260,10,0,11
43,270,10,0,11
35,280,10,0,11
35,290,10,0,11
35,300,10,0,11
35,310,10,0,11
35,320,10,0,11
35,330,10,0,11
35,340,10,0,11
35,350,10,0,11
35,360,10,0,11
35,370,10,0,11
35,380,10,0,11
35,390,10,0,11
35,400,10,0,11
35,410,10,0,11
35,420,10,0,11
35,430,10,0,11
35,440,10,0,11
35,450,10,0,11
35,460,10,0,11
35,470,10,0,11
35,480,10,0,11
35,490,10,0,11
35,500,10,0,11
35,510,10,0,11
35,520,10,0,11
35,530,10,0,11
35,540,10,0,11
35,550,10,0,11
35,560,10,0,11
35,570,10,0,11
35,580,10,0,11
35,590,10,0,11
35,600,10,0,11
35,610,10,0,11
35,620,10,0,11
35,630,10,0,11
35,640,10,0,11
35,650,10,0,11
35,660,10,0,11
35,670,10,0,11
35,680,10,0,11
35,690,10,0,11
35,700,10,0,11
35,710,10,0,11
35,720,10,0,11
35,730,10,0,11
35,740,10,0,11
35,750,10,0,11
35,760,10,0,11
35,770,10,0,11
35,780,10,0,11
35,790,10,0,11
35,800,10,0,11
35,810,10,0,11
35,820,10,0,11
35,830,10,0,11
35,840,10,0,11
35,850,10,0,11
35,860,10,0,11
35,870,10,0,11
35,880,10,0,11
35,890,10,0,11
35,900,10,0,11
340,26,95,20,12
280,70,79,40,12
220,107,100,60,12
160,146,127,80,12
100,174,145,79,12
40,186,144,81,12
0,214,162,80,12
0,228,170,80,12
24,236,168,83,12
24,248,177,81,12
24,260,186,79,12
24,272,195,77,12
24,284,204,75,12
12,272,175,82,12
24,272,165,86,12
12,274,159,89,12
32,282,165,83,12
48,294,174,79,12
20,290,156,82,12
32,298,162,70,12
16,294,141,75,12
30,306,150,65,12
20,302,124,62,12
20,290,90,62,12
10,234,79,80,12
24,252,85,62,12
30,270,94,46,12
10,257,49,46,12
30,263,58,25,12
10,256,21,39,12
30,262,38,20,12
10,205,31,33,12
30,214,48,19,12
30,226,69,0,12
34,239,90,0,12
30,239,87,0,12
88,255,111,0,12
88,251,95,1,12
22,136,74,35,12
88,164,98,18,12
50,199,129,0,12
50,234,160,0,12
20,228,90,35,12
40,209,56,34,12
60,233,104,6,12
50,130,115,24,12
102,161,145,27,12
72,155,69,82,12
102,68,95,113,12
170,106,129,141,12
312,110,151,189,12
328,139,227,233,12
358,168,303,281,12
275,76,345,341,12
317,76,355,401,12
332,70,355,468,12
373,61,351,534,12
285,26,251,634,12
540,42,340,704,12
550,60,429,783,12
604,78,518,866,12
285,33,382,984,12
610,47,491,1057,12
374,19,503,1150,12
625,33,612,1243,12
640,47,721,1341,12
640,41,780,1433,12
656,57,880,1485,12
486,23,871,1583,12
388,37,940,1616,12
388,51,1009,1649,12
375,17,977,1690,12
388,31,1046,1723,12
390,45,1132,1763,12
327,59,1211,1776,12
68,11,1027,1877,12
270,25,1122,1890,12
333,39,1238,1911,12
365,53,1354,1937,12
426,67,1470,1967,12
366,57,1538,2006,12
336,43,1589,2017,12
284,57,1682,2018,12
273,15,1664,2043,12
298,15,1757,2044,12
298,15,1850,2049,12
298,15,1943,2054,12
288,15,2029,2042,12
288,15,2115,2030,12
288,15,2201,2018,12
288,15,2287,2006,12
288,15,2373,1994,12
288,15,2459,1982,12
288,15,2545,1970,12
288,15,2631,1958,12
288,15,2717,1946,12
288,15,2803,1934,12
288,15,2889,1922,12
288,15,2975,1910,12
288,15,3061,1898,12
340,26,95,20,13
280,58,79,40,13
220,87,86,60,13
160,102,86,59,13
100,120,93,58,13
40,127,82,60,13
1,142,87,58,13
0,132,58,65,13
0,144,62,65,13
0,153,65,65,13
0,159,67,63,13
0,165,69,63,13
0,163,66,64,13
10,163,67,64,13
18,166,68,65,13
26,169,69,66,13
41,172,70,66,13
56,175,71,66,13
66,174,64,68,13
74,180,66,65,13
79,186,69,63,13
59,198,73,59,13
30,198,64,61,13
24,189,41,72,13
52,187,27,77,13
14,127,14,98,13
63,145,14,95,13
77,166,14,93,13
105,193,14,91,13
126,226,14,88,13
140,265,14,83,13
168,313,14,75,13
210,370,14,68,13
252,439,14,57,13
318,523,14,48,13
368,607,14,43,13
371,691,14,30,13
400,775,14,23,13
400,873,14,21,13
400,971,14,19,13
400,1069,14,17,13
400,1167,14,15,13
400,1265,14,13,13
400,1363,14,9,13
375,1447,14,0,13
375,1531,14,0,13
375,1615,14,0,13
375,1699,14,0,13
375,1783,14,0,13
375,1867,14,0,13
375,1951,14,0,13
375,2035,14,0,13
375,2119,14,0,13
375,2203,14,0,13
375,2287,14,0,13
375,2371,14,0,13
375,2455,14,0,13
375,2539,14,0,13
375,2623,14,0,13
375,2707,14,0,13
375,2791,14,0,13
375,2875,14,0,13
375,2959,14,0,13
375,3043,14,0,13
375,3127,14,0,13
375,3211,14,0,13
375,3295,14,0,13
375,3379,14,0,13
375,3463,14,0,13
375,3547,14,0,13
375,3631,14,0,13
375,3715,14,0,13
375,3799,14,0,13
375,3883,14,0,13
375,3967,14,0,13
375,4051,14,0,13
375,4135,14,0,13
375,4219,14,0,13
375,4303,14,0,13
375,4387,14,0,13
375,4471,14,0,13
375,4555,14,0,13
375,4639,14,0,13
375,4723,14,0,13
375,4807,14,0,13
375,4891,14,0,13
375,4975,14,0,13
375,5059,14,0,13
375,5143,14,0,13
375,5227,14,0,13
375,5311,14,0,13
375,5395,14,0,13
375,5479,14,0,13
375,5563,14,0,13
375,5647,14,0,13
375,5731,14,0,13
375,5815,14,0,13
375,5899,14,0,13
375,5983,14,0,13
375,6067,14,0,13
340,47,94,20,14
280,46,91,40,14
220,44,87,6,14
166,40,71,8,14
113,40,77,7,14
58,34,69,12,14
29,30,65,17,14
21,22,52,16,14
8,10,30,27,14
31,10,33,26,14
41,10,38,26,14
47,2,27,31,14
57,2,33,22,14
61,2,39,9,14
70,2,46,0,14
80,2,54,0,14
97,2,64,0,14
110,2,75,0,14
130,2,88,0,14
138,2,100,0,14
147,2,112,0,14
154,2,124,0,14
154,2,136,0,14
154,2,148,0,14
154,2,160,0,14
154,2,172,0,14
154,2,184,0,14
154,2,196,0,14
154,2,208,0,14
154,2,220,0,14
154,2,232,0,14
154,2,244,0,14
154,2,256,0,14
154,2,268,0,14
154,2,280,0,14
154,2,292,0,14
154,2,304,0,14
154,2,316,0,14
154,2,328,0,14
154,2,340,0,14
154,2,352,0,14
154,2,364,0,14
154,2,376,0,14
154,2,388,0,14
154,2,400,0,14
154,2,412,0,14
154,2,424,0,14
154,2,436,0,14
154,2,448,0,14
154,2,460,0,14
154,2,472,0,14
154,2,484,0,14
154,2,496,0,14
154,2,508,0,14
154,2,520,0,14
154,2,532,0,14
154,2,544,0,14
154,2,556,0,14
154,2,568,0,14
154,2,580,0,14
154,2,592,0,14
154,2,604,0,14
154,2,616,0,14
154,2,628,0,14
154,2,640,0,14
154,2,652,0,14
154,2,664,0,14
154,2,676,0,14
154,2,688,0,14
154,2,700,0,14
154,2,712,0,14
154,2,724,0,14
154,2,736,0,14
154,2,748,0,14
154,2,760,0,14
154,2,772,0,14
154,2,784,0,14
154,2,796,0,14
154,2,808,0,14
154,2,820,0,14
154,2,832,0,14
154,2,844,0,14
154,2,856,0,14
154,2,868,0,14
154,2,880,0,14
154,2,892,0,14
154,2,904,0,14
154,2,916,0,14
154,2,928,0,14
154,2,940,0,14
154,2,952,0,14
154,2,964,0,14
154,2,976,0,14
154,2,988,0,14
154,2,1000,0,14
154,2,1012,0,14
154,2,1024,0,14
154,2,1036,0,14
154,2,1048,0,14
154,2,1060,0,14
340,48,96,20,15
435,45,90,33,15
540,45,90,46,15
620,39,78,66,15
700,27,54,99,15
809,23,38,125,15
901,15,28,153,15
1027,15,36,185,15
1122,14,44,229,15
1051,10,47,252,15
935,10,56,251,15
819,10,65,250,15
772,10,73,251,15
725,10,81,252,15
653,2,72,256,15
559,2,79,242,15
465,2,86,228,15
371,2,93,214,15
277,2,100,200,15
223,2,107,186,15
223,2,114,172,15
223,2,121,158,15
223,2,128,144,15
223,2,135,130,15
223,2,142,116,15
223,2,149,102,15
223,2,156,88,15
223,2,163,74,15
223,2,170,60,15
223,2,177,46,15
210,2,184,31,15
210,2,191,16,15
210,2,198,1,15
210,2,205,0,15
210,2,212,0,15
210,2,219,0,15
210,2,226,0,15
210,2,233,0,15
210,2,240,0,15
210,2,247,0,15
210,2,254,0,15
210,2,261,0,15
210,2,268,0,15
210,2,275,0,15
210,2,282,0,15
210,2,289,0,15
210,2,296,0,15
210,2,303,0,15
210,2,310,0,15
258,2,318,0,15
315,2,328,0,15
385,2,340,0,15
455,2,354,0,15
560,2,370,0,15
684,2,386,0,15
692,2,406,1,15
766,2,426,9,15
829,2,446,21,15
833,2,466,24,15
890,2,486,30,15
792,2,511,55,15
792,2,536,80,15
792,2,561,105,15
860,2,561,89,15
865,2,561,63,15
941,2,561,43,15
1005,2,561,28,15
895,2,561,28,15
895,2,561,28,15
895,2,561,28,15
895,2,561,28,15
895,2,561,28,15
895,2,561,28,15
895,2,561,28,15
895,2,561,28,15
895,2,561,28,15
895,2,561,28,15
941,2,561,9,15
1010,2,561,0,15
895,2,561,0,15
895,2,561,0,15
895,2,561,0,15
895,2,561,0,15
895,2,561,0,15
895,2,561,0,15
895,2,561,0,15
895,2,561,0,15
895,2,561,0,15
895,2,561,0,15
895,2,561,0,15
895,2,561,0,15
895,2,561,0,15
895,2,561,0,15
895,2,561,0,15
895,2,561,0,15
895,2,561,0,15
895,2,561,0,15
895,2,561,0,15
895,2,561,0,15
895,2,561,0,15
340,48,96,20,16
316,44,80,40,16
283,41,84,60,16
253,41,94,80,16
223,40,101,100,16
178,32,91,105,16
176,26,83,122,16
200,25,86,139,16
176,21,84,147,16
139,21,89,140,16
89,13,78,139,16
39,1,58,135,16
39,1,62,113,16
39,1,65,96,16
39,1,68,79,16
39,1,71,62,16
39,1,74,45,16
39,1,77,28,16
39,1,80,11,16
39,1,83,0,16
39,1,86,0,16
39,1,89,0,16
39,1,92,0,16
39,1,95,0,16
39,1,98,0,16
39,1,101,0,16
39,1,104,0,16
39,1,107,0,16
39,1,110,0,16
39,1,113,0,16
39,1,116,0,16
39,1,119,0,16
39,1,122,0,16
39,1,125,0,16
39,1,128,0,16
39,1,131,0,16
39,1,134,0,16
39,1,137,0,16
39,1,140,0,16
39,1,143,0,16
39,1,146,0,16
39,1,149,0,16
39,1,152,0,16
39,1,155,0,16
39,1,158,0,16
39,1,161,0,16
39,1,164,0,16
39,1,167,0,16
39,1,170,0,16
39,1,173,0,16
39,1,176,0,16
39,1,179,0,16
39,1,182,0,16
39,1,185,0,16
39,1,188,0,16
39,1,191,0,16
39,1,194,0,16
39,1,197,0,16
39,1,200,0,16
39,1,203,0,16
39,1,206,0,16
39,1,209,0,16
39,1,212,0,16
39,1,215,0,16
39,1,218,0,16
39,1,221,0,16
39,1,224,0,16
39,1,227,0,16
39,1,230,0,16
39,1,233,0,16
39,1,236,0,16
39,1,239,0,16
39,1,242,0,16
39,1,245,0,16
39,1,248,0,16
39,1,251,0,16
39,1,254,0,16
39,1,257,0,16
39,1,260,0,16
39,1,263,0,16
39,1,266,0,16
39,1,269,0,16
39,1,272,0,16
39,1,275,0,16
39,1,278,0,16
39,1,281,0,16
39,1,284,0,16
39,1,287,0,16
39,1,290,0,16
39,1,293,0,16
39,1,296,0,16
39,1,299,0,16
39,1,302,0,16
39,1,305,0,16
39,1,308,0,16
39,1,311,0,16
39,1,314,0,16
39,1,317,0,16
39,1,320,0,16
39,1,323,0,16
340,50,100,20,17
280,50,100,40,17
220,26,95,60,17
160,23,89,80,17
100,22,86,100,17
40,20,82,93,17
54,12,66,98,17
72,12,66,99,17
99,12,66,99,17
144,12,66,100,17
189,8,58,102,17
207,8,58,55,17
252,18,58,2,17
301,30,58,0,17
301,26,26,0,17
301,22,82,0,17
301,22,154,0,17
301,22,226,0,17
301,16,286,0,17
252,6,279,19,17
320,6,327,34,17
330,6,375,41,17
330,6,423,52,17
330,6,471,63,17
330,6,519,74,17
330,6,567,85,17
330,6,615,96,17
330,6,663,107,17
330,6,711,118,17
330,6,759,129,17
330,6,807,140,17
330,6,855,148,17
330,6,903,156,17
330,6,951,164,17
330,6,999,172,17
330,6,1047,180,17
330,6,1095,188,17
330,6,1143,196,17
208,6,1173,198,17
208,6,1203,200,17
208,6,1233,202,17
208,6,1263,204,17
208,6,1293,206,17
208,6,1323,208,17
208,6,1353,210,17
208,6,1383,212,17
208,6,1413,214,17
208,6,1443,216,17
208,6,1473,218,17
208,6,1503,220,17
208,6,1533,222,17
169,6,1559,222,17
169,6,1585,222,17
169,6,1611,222,17
169,6,1637,222,17
169,6,1663,222,17
169,6,1689,222,17
169,6,1715,222,17
169,6,1741,222,17
169,6,1767,222,17
169,6,1793,222,17
169,6,1819,222,17
169,6,1845,222,17
169,6,1871,222,17
169,6,1897,222,17
169,6,1923,222,17
169,6,1949,222,17
169,6,1975,222,17
169,6,2001,222,17
169,6,2027,222,17
169,6,2053,222,17
169,6,2079,222,17
169,6,2105,222,17
169,6,2131,222,17
169,6,2157,222,17
169,6,2183,222,17
169,6,2209,222,17
169,6,2235,222,17
169,6,2261,222,17
169,6,2287,222,17
169,6,2313,222,17
169,6,2339,222,17
169,6,2365,222,17
169,6,2391,222,17
169,6,2417,222,17
169,6,2443,222,17
169,6,2469,222,17
169,6,2495,222,17
130,6,2513,224,17
130,6,2531,226,17
130,6,2549,228,17
130,6,2567,230,17
130,6,2585,232,17
117,6,2601,233,17
117,6,2617,234,17
117,6,2633,235,17
117,6,2649,236,17
117,6,2665,237,17
117,6,2681,238,17
117,6,2697,239,17
340,49,97,20,18
280,45,81,4,18
220,43,95,0,18
238,39,99,2,18
243,39,109,0,18
222,33,105,0,18
237,25,97,2,18
227,13,79,1,18
230,13,85,0,18
195,1,65,8,18
191,1,71,0,18
187,1,77,0,18
183,1,83,0,18
179,1,89,0,18
175,1,95,0,18
171,1,101,0,18
167,1,107,0,18
163,1,113,0,18
159,1,119,0,18
155,1,125,0,18
151,1,131,0,18
147,1,137,0,18
143,1,143,0,18
139,1,149,0,18
135,1,155,0,18
131,1,161,0,18
127,1,167,0,18
123,1,173,0,18
119,1,179,0,18
115,1,185,0,18
111,1,191,0,18
107,1,197,0,18
103,1,203,0,18
99,1,209,0,18
95,1,215,0,18
91,1,221,0,18
87,1,227,0,18
83,1,233,0,18
79,1,239,0,18
75,1,245,0,18
71,1,251,0,18
67,1,257,0,18
63,1,263,0,18
59,1,269,0,18
56,1,275,0,18
56,1,281,0,18
56,1,287,0,18
56,1,293,0,18
56,1,299,0,18
56,1,305,0,18
56,1,311,0,18
56,1,317,0,18
56,1,323,0,18
56,1,329,0,18
56,1,335,0,18
56,1,341,0,18
56,1,347,0,18
56,1,353,0,18
56,1,359,0,18
56,1,365,0,18
63,1,371,0,18
66,1,377,0,18
69,1,383,0,18
72,1,389,0,18
75,1,395,0,18
78,1,401,0,18
81,1,407,0,18
84,1,413,0,18
87,1,419,0,18
90,1,425,0,18
93,1,431,0,18
96,1,437,0,18
99,1,443,0,18
102,1,449,0,18
105,1,455,0,18
108,1,461,0,18
111,1,467,0,18
114,1,473,0,18
117,1,479,0,18
120,1,485,0,18
123,1,491,0,18
138,1,499,0,18
153,1,507,0,18
168,1,515,0,18
183,1,523,0,18
198,1,531,0,18
213,1,539,0,18
228,1,547,0,18
243,1,555,0,18
258,1,563,0,18
273,1,571,0,18
288,1,579,0,18
303,1,587,0,18
318,1,595,0,18
333,1,603,0,18
348,1,611,0,18
363,1,619,0,18
378,1,627,0,18
393,1,635,0,18
408,1,643,0,18
340,46,84,20,19
280,46,104,40,19
220,46,124,60,19
160,46,144,80,19
100,46,164,100,19
45,22,170,119,19
0,58,180,138,19
0,80,183,153,19
0,89,181,165,19
0,85,167,174,19
0,92,166,172,19
0,100,168,172,19
0,104,170,171,19
0,108,171,169,19
0,104,163,169,19
0,104,164,168,19
0,104,164,166,19
340,48,96,20,20
520,47,93,40,20
580,44,87,33,20
628,40,79,26,20
606,36,63,18,20
587,28,63,12,20
556,12,43,12,20
549,12,63,0,20
542,12,83,0,20
535,12,103,0,20
516,4,103,0,20
497,4,119,0,20
478,4,135,0,20
459,4,151,0,20
440,4,167,0,20
421,4,183,0,20
402,4,199,0,20
383,4,215,0,20
364,4,231,0,20
345,4,247,0,20
326,4,263,0,20
307,4,279,0,20
288,4,295,0,20
269,4,311,0,20
250,4,327,0,20
231,4,343,0,20
212,4,359,0,20
193,4,375,0,20
174,4,391,0,20
155,4,407,0,20
136,4,423,0,20
117,4,439,0,20
98,4,455,0,20
79,4,471,0,20
60,4,487,0,20
48,4,503,0,20
48,4,519,0,20
48,4,535,0,20
48,4,551,0,20
48,4,567,0,20
48,4,583,0,20
48,4,599,0,20
48,4,615,0,20
48,4,631,0,20
48,4,647,0,20
48,4,663,0,20
60,4,687,0,20
84,4,715,0,20
132,4,759,0,20
204,4,827,0,20
336,4,935,0,20
342,4,1068,0,20
406,4,1201,0,20
413,4,1334,0,20
472,4,1486,0,20
420,4,1626,0,20
420,4,1766,0,20
420,4,1906,0,20
420,4,2046,0,20
420,4,2186,0,20
420,4,2326,0,20
420,4,2466,0,20
420,4,2606,0,20
420,4,2746,0,20
420,4,2886,0,20
420,4,3026,0,20
420,4,3166,0,20
420,4,3306,0,20
420,4,3446,0,20
420,4,3586,0,20
420,4,3726,0,20
420,4,3866,0,20
420,4,4006,0,20
420,4,4146,0,20
420,4,4286,0,20
420,4,4426,0,20
420,4,4566,0,20
420,4,4706,0,20
420,4,4846,0,20
420,4,4986,0,20
420,4,5126,0,20
420,4,5266,0,20
420,4,5406,0,20
420,4,5546,0,20
420,4,5686,0,20
420,4,5826,0,20
420,4,5966,0,20
420,4,6106,0,20
420,4,6246,0,20
420,4,6386,0,20
420,4,6526,0,20
420,4,6666,0,20
420,4,6806,0,20
420,4,6946,0,20
420,4,7086,0,20
420,4,7226,0,20
420,4,7366,0,20
420,4,7506,0,20
420,4,7646,0,20
420,4,7786,0,20
340,48,96,20,21
337,45,90,40,21
319,39,78,60,21
327,27,54,80,21
371,3,49,100,21
441,3,49,120,21
511,2,46,140,21
555,2,46,148,21
599,2,46,156,21
643,2,46,164,21
682,2,46,169,21
721,2,46,174,21
760,2,46,179,21
799,2,46,184,21
836,2,46,188,21
868,2,46,189,21
900,2,46,190,21
932,2,46,191,21
964,2,46,192,21
996,2,46,193,21
1028,2,46,194,21
1060,2,46,195,21
1092,2,46,196,21
1124,2,46,197,21
1156,2,46,198,21
1188,2,46,199,21
1220,2,46,200,21
1252,2,46,201,21
1284,2,46,202,21
1316,2,46,203,21
1348,2,46,204,21
1380,2,46,205,21
1412,2,46,206,21
1444,2,46,207,21
1476,2,46,208,21
1508,2,46,209,21
1540,2,46,210,21
1572,2,46,211,21
1604,2,46,212,21
1626,2,46,214,21
1648,2,46,216,21
1662,2,46,217,21
1676,2,46,218,21
1690,2,46,219,21
1704,2,46,220,21
1718,2,46,221,21
1732,2,46,222,21
1746,2,46,223,21
1760,2,46,224,21
1774,2,46,225,21
1788,2,46,226,21
1802,2,46,227,21
1816,2,46,228,21
1830,2,46,229,21
1844,2,46,230,21
1858,2,46,231,21
1872,2,46,232,21
1886,2,46,233,21
1900,2,46,234,21
1914,2,46,235,21
1928,2,46,236,21
1942,2,46,237,21
1956,2,46,238,21
1970,2,46,239,21
1984,2,46,240,21
1998,2,46,241,21
2012,2,46,242,21
2026,2,46,243,21
2040,2,46,244,21
2054,2,46,245,21
2068,2,46,246,21
2082,2,46,247,21
2096,2,46,248,21
2110,2,46,249,21
2124,2,46,250,21
2138,2,46,251,21
2150,2,46,251,21
2162,2,46,251,21
2174,2,46,251,21
2186,2,46,251,21
2198,2,46,251,21
2210,2,46,251,21
2222,2,46,251,21
2234,2,46,251,21
2246,2,46,251,21
2258,2,46,251,21
2270,2,46,251,21
2282,2,46,251,21
2294,2,46,251,21
2306,2,46,251,21
2318,2,46,251,21
2330,2,46,251,21
2342,2,46,250,21
2354,2,46,249,21
2366,2,46,248,21
2378,2,46,247,21
2390,2,46,246,21
2402,2,46,245,21
2414,2,46,244,21
2426,2,46,243,21
340,46,84,20,22
280,46,84,40,22
220,45,81,60,22
160,41,73,53,22
100,38,67,34,22
40,38,67,15,22
0,36,63,0,22
24,36,63,0,22
24,36,63,0,22
18,30,51,3,22
6,18,27,15,22
72,18,27,21,22
106,18,27,26,22
142,18,27,34,22
164,18,27,42,22
190,18,27,52,22
198,14,19,62,22
176,6,3,66,22
160,6,3,64,22
144,6,3,62,22
166,6,3,61,22
171,6,3,59,22
155,6,3,57,22
139,6,3,55,22
123,6,3,53,22
128,6,3,51,22
112,6,3,49,22
102,6,3,47,22
102,6,3,45,22
102,6,3,43,22
125,6,3,44,22
133,6,3,45,22
120,6,3,45,22
120,6,3,44,22
120,6,3,43,22
120,6,3,42,22
120,6,3,41,22
120,6,3,40,22
120,6,3,39,22
120,6,3,38,22
125,6,3,36,22
125,6,3,35,22
135,6,3,34,22
127,6,3,31,22
119,6,3,28,22
111,6,3,25,22
103,6,3,22,22
102,6,3,19,22
102,6,3,16,22
102,6,3,13,22
102,6,3,10,22
102,6,3,7,22
102,6,3,4,22
102,6,3,1,22
102,6,3,0,22
102,6,3,0,22
102,6,3,0,22
102,6,3,0,22
102,6,3,0,22
102,6,3,0,22
102,6,3,0,22
102,6,3,0,22
102,6,3,0,22
90,6,3,0,22
90,6,3,0,22
90,6,3,0,22
90,6,3,0,22
90,6,3,0,22
90,6,3,0,22
90,6,3,0,22
90,6,3,0,22
90,6,3,0,22
90,6,3,0,22
90,6,3,0,22
90,6,3,0,22
90,6,3,0,22
90,6,3,0,22
90,6,3,0,22
90,6,3,0,22
90,6,3,0,22
90,6,3,0,22
90,6,3,0,22
90,6,3,0,22
90,6,3,0,22
90,6,3,0,22
90,6,3,0,22
90,6,3,0,22
90,6,3,0,22
90,6,3,0,22
90,6,3,0,22
90,6,3,0,22
90,6,3,0,22
90,6,3,0,22
90,6,3,0,22
90,6,3,0,22
90,6,3,0,22
90,6,3,0,22
90,6,3,0,22
90,6,3,0,22
90,6,3,0,22
340,50,100,20,23
280,47,94,40,23
220,23,89,60,23
160,43,89,80,23
100,63,89,100,23
40,83,89,120,23
14,96,89,133,23
0,109,89,146,23
0,107,73,156,23
0,101,59,164,23
0,104,62,170,23
0,107,64,175,23
0,109,65,178,23
0,109,63,180,23
0,110,63,181,23
340,50,100,20,24
280,50,100,40,24
220,48,96,60,24
331,45,90,80,24
444,45,90,98,24
521,39,78,123,24
508,27,54,158,24
630,27,54,179,24
588,9,18,201,24
685,9,18,223,24
782,8,15,245,24
820,4,7,250,24
852,4,7,246,24
884,4,7,242,24
916,4,7,238,24
948,4,7,234,24
980,4,7,230,24
1012,4,7,226,24
1044,4,7,222,24
1076,4,7,218,24
1108,4,7,214,24
1140,1,1,213,24
1171,1,1,212,24
1202,1,1,211,24
1233,1,1,210,24
1267,1,1,207,24
1304,1,1,206,24
1342,1,1,204,24
1374,1,1,201,24
1409,1,1,199,24
1431,1,1,195,24
1400,1,1,187,24
1369,1,1,179,24
1338,1,1,171,24
1307,1,1,163,24
1276,1,1,155,24
1245,1,1,147,24
1214,1,1,139,24
1183,1,1,131,24
1152,1,1,123,24
1121,1,1,115,24
1090,1,1,107,24
1059,1,1,99,24
1028,1,1,91,24
997,1,1,83,24
966,1,1,75,24
982,1,1,71,24
998,1,1,67,24
1002,1,1,61,24
985,1,1,53,24
968,1,1,45,24
951,1,1,37,24
934,1,1,29,24
917,1,1,21,24
900,1,1,13,24
883,1,1,5,24
866,1,1,0,24
849,1,1,0,24
832,1,1,0,24
815,1,1,0,24
798,1,1,0,24
781,1,1,0,24
764,1,1,0,24
747,1,1,0,24
730,1,1,0,24
713,1,1,0,24
696,1,1,0,24
679,1,1,0,24
662,1,1,0,24
645,1,1,0,24
628,1,1,0,24
611,1,1,0,24
594,1,1,0,24
577,1,1,0,24
560,1,1,0,24
543,1,1,0,24
526,1,1,0,24
509,1,1,0,24
492,1,1,0,24
475,1,1,0,24
458,1,1,0,24
441,1,1,0,24
424,1,1,0,24
407,1,1,0,24
390,1,1,0,24
373,1,1,0,24
356,1,1,0,24
339,1,1,0,24
322,1,1,0,24
305,1,1,0,24
288,1,1,0,24
271,1,1,0,24
254,1,1,0,24
237,1,1,0,24
220,1,1,0,24
203,1,1,0,24
186,1,1,0,24
169,1,1,0,24
152,1,1,0,24
135,1,1,0,24
340,46,84,20,25
280,45,141,40,25
220,21,154,42,25
160,36,166,41,25
100,43,165,43,25
40,59,179,45,25
3,65,176,53,25
19,56,155,68,25
69,65,164,78,25
19,58,124,99,25
49,48,104,114,25
69,56,117,129,25
49,44,93,150,25
42,26,51,177,25
101,11,15,195,25
184,23,36,210,25
262,41,69,231,25
331,62,111,258,25
377,81,143,294,25
438,75,121,333,25
499,91,157,360,25
467,88,145,417,25
483,76,109,462,25
355,49,52,506,25
466,75,94,529,25
336,57,55,582,25
450,78,94,608,25
427,54,46,676,25
527,68,64,731,25
417,94,106,757,25
295,89,50,810,25
417,115,128,862,25
539,143,208,919,25
417,109,272,988,25
549,141,354,1053,25
318,100,289,1113,25
414,106,325,1161,25
433,122,375,1217,25
300,41,401,1274,25
420,115,484,1308,25
475,191,567,1350,25
475,247,610,1402,25
222,252,537,1465,25
329,274,531,1531,25
350,352,603,1581,25
349,410,635,1640,25
290,420,590,1692,25
287,494,658,1707,25
117,475,525,1792,25
222,446,449,1832,25
297,524,528,1878,25
297,580,527,1903,25
301,658,581,1928,25
430,738,643,1971,25
387,736,610,2026,25
364,712,487,2118,25
247,685,439,2167,25
380,715,485,2168,25
216,655,374,2210,25
272,646,371,2233,25
102,612,226,2311,25
328,628,272,2319,25
76,584,81,2418,25
272,599,110,2428,25
280,615,156,2427,25
326,631,202,2432,25
215,563,72,2473,25
328,579,118,2480,25
378,595,164,2489,25
378,583,154,2513,25
216,547,91,2556,25
228,439,99,2596,25
300,478,148,2621,25
346,517,197,2649,25
225,500,119,2706,25
349,540,168,2740,25
285,577,198,2750,25
235,614,244,2760,25
150,554,95,2813,25
235,591,141,2823,25
141,432,123,2888,25
237,469,169,2904,25
173,443,91,2971,25
299,481,139,2998,25
260,520,188,3043,25
134,501,52,3130,25
253,540,108,3175,25
147,321,82,3266,25
255,375,138,3303,25
253,401,121,3362,25
294,421,112,3400,25
193,424,79,3433,25
107,157,29,3532,25
197,227,68,3550,25
260,297,126,3577,25
252,294,39,3621,25
331,364,97,3655,25
252,415,118,3646,25
252,466,139,3637,25
252,517,160,3628,25
340,46,84,20,26
280,44,134,40,26
250,43,161,60,26
208,43,182,59,26
160,37,185,64,26
172,34,194,69,26
187,34,209,74,26
168,10,213,83,26
164,6,214,89,26
168,6,220,87,26
172,6,226,85,26
172,6,232,81,26
172,6,238,77,26
172,6,244,73,26
172,6,250,69,26
174,6,253,66,26
182,6,259,65,26
190,6,265,65,26
194,6,271,63,26
198,6,277,61,26
198,6,283,57,26
198,6,289,53,26
206,6,295,52,26
210,6,301,50,26
210,6,307,46,26
210,6,313,42,26
210,6,319,38,26
210,6,325,34,26
210,6,331,30,26
210,6,337,26,26
210,6,343,22,26
210,6,349,18,26
210,6,355,14,26
210,6,361,10,26
218,6,367,9,26
226,6,373,9,26
234,6,379,9,26
234,6,385,5,26
234,6,391,1,26
234,6,397,0,26
234,6,403,0,26
234,6,409,0,26
234,6,415,0,26
234,6,421,0,26
234,6,427,0,26
234,6,433,0,26
234,6,439,0,26
234,6,445,0,26
234,6,451,0,26
234,6,457,0,26
234,6,463,0,26
234,6,469,0,26
234,6,475,0,26
234,6,481,0,26
234,6,487,0,26
234,6,493,0,26
234,6,499,0,26
234,6,505,0,26
234,6,511,0,26
234,6,517,0,26
234,6,523,0,26
234,6,529,0,26
234,6,535,0,26
234,6,541,0,26
234,6,547,0,26
234,6,553,0,26
234,6,559,0,26
234,6,565,0,26
234,6,571,0,26
234,6,577,0,26
234,6,583,0,26
234,6,589,0,26
234,6,595,0,26
234,6,601,0,26
234,6,607,0,26
234,6,613,0,26
234,6,619,0,26
246,6,628,5,26
252,6,637,9,26
254,6,649,16,26
256,6,661,23,26
249,6,673,29,26
242,6,685,35,26
235,6,697,41,26
228,6,709,47,26
221,6,721,53,26
214,6,733,59,26
207,6,745,65,26
200,6,757,71,26
193,6,769,77,26
186,6,781,83,26
179,6,793,89,26
172,6,805,95,26
162,2,809,104,26
140,2,821,104,26
118,2,833,104,26
96,2,845,104,26
74,2,857,104,26
52,2,869,104,26
45,2,881,104,26
340,47,94,20,27
280,46,91,40,27
220,44,87,6,27
203,40,79,0,27
166,36,63,0,27
129,28,47,0,27
92,20,31,0,27
51,8,7,0,27
14,8,7,0,27
12,8,7,0,27
12,8,7,0,27
12,8,7,0,27
12,8,7,0,27
12,8,7,0,27
12,8,7,0,27
12,8,7,0,27
12,8,7,0,27
12,8,7,0,27
12,8,7,0,27
12,8,7,0,27
12,8,7,0,27
12,8,7,0,27
12,8,7,0,27
12,8,7,0,27
12,8,7,0,27
12,8,7,0,27
12,8,7,0,27
12,8,7,0,27
12,8,7,0,27
12,8,7,0,27
12,8,7,0,27
12,8,7,0,27
12,8,7,0,27
12,8,7,0,27
12,8,7,0,27
12,8,7,0,27
12,8,7,0,27
12,8,7,0,27
12,8,7,0,27
12,8,7,0,27
12,8,7,0,27
12,8,7,0,27
12,8,7,0,27
12,8,7,0,27
12,8,7,0,27
12,8,7,0,27
12,8,7,0,27
12,8,7,0,27
12,8,7,0,27
12,8,7,0,27
12,8,7,0,27
12,8,7,0,27
12,8,7,0,27
12,8,7,0,27
12,8,7,0,27
12,8,7,0,27
12,8,7,0,27
12,8,7,0,27
12,8,7,0,27
12,8,7,0,27
12,8,7,0,27
12,8,7,0,27
12,8,7,0,27
12,8,7,0,27
12,8,7,0,27
12,8,7,0,27
12,8,7,0,27
12,8,7,0,27
12,8,7,0,27
12,8,7,0,27
12,8,7,0,27
12,8,7,0,27
12,8,7,0,27
12,8,7,0,27
12,8,7,0,27
12,8,7,0,27
12,8,7,0,27
12,8,7,0,27
12,8,7,0,27
12,8,7,0,27
12,8,7,0,27
12,8,7,0,27
12,8,7,0,27
12,8,7,0,27
12,8,7,0,27
12,8,7,0,27
12,8,7,0,27
12,8,7,0,27
12,8,7,0,27
12,8,7,0,27
12,8,7,0,27
12,8,7,0,27
12,8,7,0,27
12,8,7,0,27
12,8,7,0,27
12,8,7,0,27
12,8,7,0,27
12,8,7,0,27
12,8,7,0,27
12,8,7,0,27
340,47,94,20,28
280,39,78,40,28
220,38,75,60,28
160,22,43,44,28
100,22,43,4,28
40,22,43,0,28
0,22,43,0,28
0,18,27,0,28
0,16,38,0,28
30,16,47,0,28
45,16,59,0,28
60,16,77,0,28
80,10,86,5,28
136,10,113,13,28
168,10,149,25,28
252,10,200,42,28
340,10,265,65,28
420,10,335,94,28
426,6,411,119,28
360,6,481,83,28
360,6,551,47,28
360,6,621,11,28
360,6,691,0,28
360,6,761,0,28
360,6,831,0,28
360,6,901,0,28
360,6,971,0,28
360,6,1041,0,28
360,6,1111,0,28
360,6,1181,0,28
360,6,1251,0,28
360,6,1321,0,28
360,6,1391,0,28
360,6,1461,0,28
360,6,1531,0,28
360,6,1601,0,28
360,6,1671,0,28
360,6,1741,0,28
360,6,1811,0,28
360,6,1881,0,28
360,6,1951,0,28
360,6,2021,0,28
360,6,2091,0,28
360,6,2161,0,28
360,6,2231,0,28
360,6,2301,0,28
360,6,2371,0,28
360,6,2441,0,28
360,6,2511,0,28
360,6,2581,0,28
360,6,2651,0,28
360,6,2721,0,28
360,6,2791,0,28
360,6,2861,0,28
360,6,2931,0,28
360,6,3001,0,28
360,6,3071,0,28
360,6,3141,0,28
360,6,3211,0,28
360,6,3281,0,28
360,6,3351,0,28
360,6,3421,0,28
360,6,3491,0,28
360,6,3561,0,28
360,6,3631,0,28
360,6,3701,0,28
360,6,3771,0,28
360,6,3841,0,28
360,6,3911,0,28
360,6,3981,0,28
360,6,4051,0,28
360,6,4121,0,28
360,6,4191,0,28
360,6,4261,0,28
360,6,4331,0,28
360,6,4401,0,28
360,6,4471,0,28
360,6,4541,0,28
360,6,4611,0,28
360,6,4681,0,28
360,6,4751,0,28
360,6,4821,0,28
360,6,4891,0,28
360,6,4961,0,28
360,6,5031,0,28
360,6,5101,0,28
360,6,5171,0,28
360,6,5241,0,28
360,6,5311,0,28
360,6,5381,0,28
360,6,5451,0,28
360,6,5521,0,28
360,6,5591,0,28
360,6,5661,0,28
360,6,5731,0,28
360,6,5801,0,28
360,6,5871,0,28
360,6,5941,0,28
360,6,6011,0,28
360,6,6081,0,28
340,49,97,20,29
280,45,89,0,29
220,37,73,0,29
160,13,68,0,29
100,21,52,0,29
40,31,64,0,29
12,33,60,0,29
30,41,72,0,29
30,49,84,0,29
30,54,90,0,29
30,62,102,0,29
30,70,114,0,29
14,62,94,11,29
33,70,102,10,29
33,78,110,9,29
22,70,94,14,29
22,74,98,12,29
22,78,102,10,29
5,62,70,14,29
4,50,46,27,29
5,54,50,21,29
5,54,54,14,29
5,51,52,12,29
4,43,36,13,29
5,43,40,8,29
5,43,44,1,29
5,43,48,0,29
5,43,52,0,29
5,43,56,0,29
5,43,60,0,29
5,43,64,0,29
5,43,68,0,29
5,43,72,0,29
5,43,76,0,29
5,43,80,0,29
5,43,84,0,29
5,43,88,0,29
5,43,92,0,29
5,43,96,0,29
5,35,80,2,29
5,35,84,0,29
5,35,88,0,29
5,35,92,0,29
5,35,96,0,29
5,35,100,0,29
5,35,104,0,29
5,35,108,0,29
5,35,112,0,29
5,35,116,0,29
5,35,120,0,29
5,35,124,0,29
5,35,128,0,29
5,35,132,0,29
5,35,136,0,29
5,35,140,0,29
5,35,144,0,29
5,35,148,0,29
5,35,152,0,29
5,35,156,0,29
5,35,160,0,29
5,35,164,0,29
5,35,168,0,29
5,35,172,0,29
5,35,176,0,29
5,35,180,0,29
5,35,184,0,29
5,35,188,0,29
5,35,192,0,29
5,35,196,0,29
5,35,200,0,29
5,35,204,0,29
5,35,208,0,29
5,35,212,0,29
5,35,216,0,29
5,35,220,0,29
5,35,224,0,29
5,35,228,0,29
5,35,232,0,29
5,35,236,0,29
5,35,240,0,29
5,35,244,0,29
5,35,248,0,29
5,35,252,0,29
5,35,256,0,29
5,35,260,0,29
5,35,264,0,29
5,35,268,0,29
5,35,272,0,29
5,35,276,0,29
5,35,280,0,29
1,39,284,0,29
1,43,288,0,29
1,47,292,0,29
1,51,296,0,29
1,55,300,0,29
1,59,304,0,29
1,63,308,0,29
8,67,312,0,29
0,51,280,6,29
1,51,284,0,29
340,26,95,20,30
280,26,95,40,30
220,23,89,60,30
160,15,73,80,30
100,14,70,100,30
40,10,62,93,30
0,8,58,77,30
0,8,58,71,30
0,8,58,65,30
0,8,58,59,30
0,8,58,57,30
0,8,58,54,30
0,8,58,54,30
0,8,58,53,30
0,8,58,51,30
340,49,97,20,31
280,46,91,0,31
220,42,75,0,31
160,38,85,0,31
100,30,79,0,31
40,28,87,0,31
27,12,61,2,31
45,12,71,0,31
72,12,87,0,31
99,12,109,0,31
99,2,91,0,31
108,2,130,0,31
144,2,180,0,31
168,2,245,0,31
215,2,310,0,31
215,2,375,0,31
215,2,440,0,31
215,2,505,0,31
215,2,570,0,31
215,2,635,0,31
215,2,700,0,31
215,2,765,0,31
215,2,830,0,31
215,2,895,0,31
215,2,960,0,31
215,2,1025,0,31
215,2,1090,0,31
215,2,1155,0,31
215,2,1220,0,31
215,2,1285,0,31
215,2,1350,0,31
215,2,1415,0,31
215,2,1480,0,31
215,2,1545,0,31
215,2,1610,0,31
215,2,1675,0,31
215,2,1740,0,31
215,2,1805,0,31
215,2,1870,0,31
215,2,1935,0,31
215,2,2000,0,31
215,2,2065,0,31
215,2,2130,0,31
215,2,2195,0,31
215,2,2260,0,31
215,2,2325,0,31
215,2,2390,0,31
215,2,2455,0,31
215,2,2520,0,31
215,2,2585,0,31
215,2,2650,0,31
215,2,2715,0,31
215,2,2780,0,31
215,2,2845,0,31
215,2,2910,0,31
215,2,2975,0,31
215,2,3040,0,31
215,2,3105,0,31
215,2,3170,0,31
215,2,3235,0,31
215,2,3300,0,31
215,2,3365,0,31
215,2,3430,0,31
215,2,3495,0,31
215,2,3560,0,31
215,2,3625,0,31
215,2,3690,0,31
215,2,3755,0,31
215,2,3820,0,31
215,2,3885,0,31
215,2,3950,0,31
215,2,4015,0,31
215,2,4080,0,31
215,2,4145,0,31
215,2,4210,0,31
215,2,4275,0,31
215,2,4340,0,31
215,2,4405,0,31
258,2,4492,31,31
308,2,4583,63,31
258,2,4670,95,31
258,2,4757,127,31
258,2,4844,159,31
258,2,4931,191,31
258,2,5018,223,31
258,2,5105,255,31
258,2,5192,287,31
258,2,5279,319,31
258,2,5366,351,31
258,2,5453,383,31
258,2,5540,415,31
258,2,5627,447,31
258,2,5714,479,31
258,2,5801,511,31
258,2,5888,543,31
258,2,5975,575,31
258,2,6062,607,31
258,2,6149,639,31
216,2,6223,662,31
216,2,6297,685,31
340,50,100,20,32
296,46,84,37,32
253,45,81,54,32
209,45,81,44,32
166,21,76,46,32
123,32,68,48,32
79,41,62,41,32
36,53,62,31,32
11,62,62,23,32
0,68,62,17,32
0,74,62,15,32
0,77,62,12,32
0,80,62,8,32
0,83,62,6,32
0,86,62,6,32
0,86,62,5,32
0,86,62,3,32
340,50,100,20,33
280,50,100,40,33
220,26,95,60,33
160,85,92,80,33
100,110,88,73,33
90,119,76,81,33
99,124,60,92,33
131,132,58,103,33
107,123,36,114,33
123,121,24,119,33
162,127,28,118,33
168,121,6,123,33
184,127,10,116,33
200,133,14,109,33
216,139,18,102,33
232,145,22,95,33
248,151,26,88,33
264,157,30,81,33
280,163,34,74,33
263,150,4,76,33
269,156,8,66,33
275,162,12,56,33
281,168,16,46,33
287,174,20,36,33
293,180,24,26,33
299,186,28,16,33
305,192,32,6,33
311,198,36,0,33
317,201,34,0,33
323,207,38,0,33
329,213,42,0,33
335,219,46,0,33
305,202,8,4,33
298,208,12,0,33
291,214,16,0,33
284,220,20,0,33
277,226,24,0,33
270,224,10,0,33
263,230,14,0,33
256,236,18,0,33
193,176,4,19,33
186,190,8,11,33
192,200,10,1,33
192,214,12,0,33
192,228,14,0,33
192,242,16,0,33
192,256,18,0,33
192,270,20,0,33
192,284,22,0,33
192,298,24,0,33
192,312,26,0,33
192,326,28,0,33
192,340,30,0,33
192,354,32,0,33
192,368,34,0,33
192,382,36,0,33
192,396,38,0,33
192,410,40,0,33
169,397,10,0,33
169,403,14,0,33
169,409,18,0,33
169,415,22,0,33
113,355,8,21,33
113,361,10,12,33
113,367,12,3,33
113,373,14,0,33
113,379,16,0,33
113,385,18,0,33
113,391,20,0,33
113,397,22,0,33
113,403,24,0,33
113,409,26,0,33
113,415,28,0,33
113,421,30,0,33
113,427,32,0,33
113,433,34,0,33
113,439,36,0,33
113,445,38,0,33
113,451,40,0,33
113,457,42,0,33
113,463,44,0,33
113,469,46,0,33
57,451,10,15,33
69,457,12,6,33
69,463,16,0,33
69,469,20,0,33
69,475,24,0,33
69,481,28,0,33
69,487,32,0,33
69,493,36,0,33
69,499,40,0,33
69,505,44,0,33
69,511,48,0,33
69,517,52,0,33
33,496,6,6,33
69,502,8,0,33
69,508,10,0,33
69,514,12,0,33
69,520,14,0,33
69,526,16,0,33
340,47,94,20,34
280,23,89,40,34
220,63,73,60,34
160,115,69,80,34
121,130,57,100,34
97,126,25,120,34
73,134,9,140,34
58,148,21,160,34
36,160,33,168,34
36,172,45,176,34
18,163,24,190,34
61,172,33,201,34
70,184,45,214,34
96,202,45,226,34
109,216,29,248,34
112,237,43,269,34
112,237,19,306,34
189,261,35,340,34
248,294,57,385,34
292,309,35,450,34
233,279,41,510,34
204,332,19,576,34
226,398,71,639,34
229,428,69,706,34
220,474,81,770,34
217,503,43,852,34
326,569,113,920,34
284,583,117,1013,34
469,621,187,1075,34
259,615,103,1173,34
343,573,179,1265,34
408,639,275,1349,34
343,635,280,1450,34
318,546,316,1554,34
330,569,329,1645,34
385,640,413,1743,34
385,703,481,1844,34
386,760,565,1917,34
287,772,526,2010,34
277,777,474,2120,34
166,769,358,2236,34
190,644,371,2343,34
190,455,370,2469,34
309,541,433,2577,34
252,600,448,2666,34
140,346,415,2797,34
244,420,395,2900,34
250,488,362,3020,34
296,593,397,3127,34
297,694,424,3225,34
280,763,410,3311,34
167,762,258,3439,34
128,740,52,3579,34
301,851,162,3665,34
294,962,272,3736,34
235,1008,282,3822,34
167,757,272,3950,34
275,842,332,4035,34
235,883,326,4125,34
275,964,378,4200,34
179,1008,418,4264,34
224,1018,394,4321,34
148,1007,308,4369,34
224,1081,412,4406,34
35,728,338,4530,34
156,745,290,4597,34
263,823,318,4647,34
42,420,231,4789,34
111,418,59,4898,34
275,518,148,4956,34
42,48,41,5118,34
275,155,130,5193,34
207,183,86,5277,34
277,312,175,5354,34
216,325,99,5437,34
204,398,147,5459,34
204,471,195,5481,34
204,544,243,5503,34
146,532,138,5566,34
204,612,186,5602,34
204,692,250,5639,34
203,737,242,5690,34
204,817,290,5713,34
206,899,338,5738,34
203,919,322,5780,34
114,918,244,5849,34
203,923,220,5877,34
203,924,188,5907,34
172,894,63,5954,34
207,964,111,5956,34
209,1036,178,5963,34
140,1023,88,6025,34
238,1095,155,6036,34
238,1167,222,6048,34
169,1139,120,6126,34
238,1211,187,6138,34
240,1283,254,6152,34
7,868,156,6293,34
191,900,124,6325,34
248,985,191,6345,34
340,48,96,20,35
394,45,90,40,35
454,44,87,60,35
404,38,75,54,35
438,34,67,54,35
400,26,51,42,35
326,14,27,42,35
357,14,27,37,35
397,14,27,33,35
392,10,11,37,35
416,10,17,36,35
431,10,23,32,35
439,10,31,29,35
455,10,37,26,35
479,10,43,25,35
494,10,49,21,35
508,10,57,19,35
521,10,65,18,35
536,10,71,14,35
549,10,79,14,35
543,10,89,12,35
537,10,99,10,35
519,2,91,14,35
501,2,99,6,35
483,2,107,0,35
465,2,115,0,35
447,2,123,0,35
429,2,131,0,35
411,2,139,0,35
393,2,147,0,35
375,2,155,0,35
357,2,163,0,35
339,2,171,0,35
321,2,179,0,35
303,2,187,0,35
285,2,195,0,35
267,2,203,0,35
249,2,211,0,35
231,2,219,0,35
213,2,227,0,35
195,2,235,0,35
177,2,243,0,35
159,2,251,0,35
141,2,259,0,35
123,2,267,0,35
105,2,275,0,35
100,2,283,0,35
100,2,291,0,35
100,2,299,0,35
100,2,307,0,35
100,2,315,0,35
100,2,323,0,35
100,2,331,0,35
100,2,339,0,35
100,2,347,0,35
100,2,355,0,35
100,2,363,0,35
100,2,371,0,35
100,2,379,0,35
100,2,387,0,35
100,2,395,0,35
100,2,403,0,35
100,2,411,0,35
100,2,419,0,35
100,2,427,0,35
100,2,435,0,35
100,2,443,0,35
100,2,451,0,35
100,2,459,0,35
100,2,467,0,35
100,2,475,0,35
100,2,483,0,35
100,2,491,0,35
100,2,499,0,35
100,2,507,0,35
100,2,515,0,35
100,2,523,0,35
100,2,531,0,35
100,2,539,0,35
100,2,547,0,35
100,2,555,0,35
100,2,563,0,35
100,2,571,0,35
100,2,579,0,35
100,2,587,0,35
100,2,595,0,35
100,2,603,0,35
100,2,611,0,35
100,2,619,0,35
100,2,627,0,35
100,2,635,0,35
100,2,643,0,35
100,2,651,0,35
100,2,659,0,35
100,2,667,0,35
100,2,675,0,35
100,2,683,0,35
100,2,691,0,35
100,2,699,0,35
100,2,707,0,35
340,48,96,20,36
294,42,84,40,36
284,42,84,60,36
274,42,84,80,36
244,18,79,100,36
198,9,55,120,36
178,14,55,140,36
158,19,55,160,36
138,24,55,180,36
117,26,49,200,36
97,31,49,220,36
91,25,33,234,36
76,10,1,246,36
70,14,1,258,36
64,18,1,270,36
58,22,1,282,36
52,26,1,294,36
46,30,1,306,36
40,34,1,318,36
34,38,1,330,36
28,42,1,342,36
22,46,1,354,36
16,50,1,366,36
16,54,1,378,36
16,58,1,390,36
16,62,1,402,36
16,66,1,414,36
16,70,1,426,36
16,74,1,438,36
16,78,1,450,36
15,81,1,459,36
14,84,1,468,36
13,87,1,477,36
12,90,1,486,36
12,93,1,495,36
12,96,1,504,36
12,99,1,513,36
12,102,1,522,36
12,105,1,531,36
12,108,1,540,36
12,111,1,549,36
12,114,1,558,36
12,117,1,567,36
12,120,1,576,36
12,123,1,585,36
12,126,1,594,36
12,129,1,603,36
15,131,1,610,36
15,134,1,620,36
15,137,1,630,36
15,140,1,640,36
15,143,1,650,36
15,146,1,660,36
15,149,1,670,36
15,152,1,680,36
15,155,1,690,36
15,158,1,700,36
15,161,1,710,36
15,164,1,720,36
15,167,1,730,36
14,170,1,739,36
13,173,1,748,36
12,176,1,757,36
12,179,1,766,36
12,182,1,775,36
12,185,1,784,36
12,188,1,793,36
12,191,1,802,36
12,194,1,811,36
12,197,1,820,36
12,200,1,829,36
12,203,1,838,36
12,206,1,847,36
12,209,1,856,36
12,212,1,865,36
12,215,1,874,36
12,218,1,883,36
12,221,1,892,36
12,224,1,901,36
12,227,1,910,36
12,230,1,919,36
19,230,1,928,36
28,230,1,942,36
40,230,1,962,36
56,230,1,990,36
84,230,1,1032,36
119,230,1,1091,36
195,230,1,1188,36
301,230,1,1346,36
301,230,1,1504,36
301,230,1,1662,36
301,230,1,1820,36
301,230,1,1978,36
301,230,1,2136,36
301,230,1,2294,36
301,230,1,2452,36
301,230,1,2610,36
301,230,1,2768,36
301,230,1,2926,36
231,230,1,3034,36
340,50,100,20,37
280,46,84,40,37
220,43,135,60,37
171,35,161,78,37
122,33,205,96,37
109,9,215,114,37
102,8,230,132,37
81,8,242,135,37
53,2,239,144,37
49,2,248,150,37
45,2,257,156,37
45,2,266,162,37
45,2,275,168,37
45,2,284,174,37
45,2,293,180,37
45,2,302,186,37
45,2,311,190,37
45,2,320,194,37
45,2,329,198,37
45,2,338,202,37
45,2,347,206,37
45,2,356,210,37
45,2,365,214,37
45,2,374,218,37
45,2,383,222,37
45,2,392,226,37
45,2,401,230,37
52,2,407,232,37
58,2,413,236,37
58,2,422,240,37
58,2,431,244,37
58,2,440,248,37
58,2,449,252,37
58,2,458,256,37
58,2,467,260,37
58,2,476,264,37
58,2,485,268,37
58,2,494,272,37
58,2,503,276,37
58,2,512,280,37
58,2,521,284,37
58,2,530,288,37
58,2,539,292,37
58,2,548,296,37
58,2,557,300,37
58,2,566,304,37
58,2,575,308,37
58,2,584,312,37
58,2,593,316,37
58,2,602,320,37
58,2,611,324,37
58,2,620,328,37
58,2,629,332,37
58,2,638,336,37
58,2,647,340,37
58,2,656,344,37
58,2,665,348,37
58,2,674,352,37
58,2,683,356,37
58,2,692,360,37
58,2,701,364,37
58,2,710,368,37
58,2,719,372,37
63,2,728,378,37
60,2,737,385,37
57,2,746,392,37
54,2,755,399,37
52,2,764,406,37
52,2,773,413,37
52,2,782,420,37
52,2,791,427,37
52,2,800,434,37
52,2,809,441,37
52,2,818,448,37
56,2,824,451,37
61,2,833,457,37
66,2,842,463,37
66,2,851,467,37
66,2,860,471,37
66,2,869,475,37
66,2,878,479,37
56,2,890,483,37
46,2,902,487,37
36,2,914,491,37
28,2,926,495,37
28,2,938,499,37
28,2,950,503,37
28,2,962,507,37
28,2,974,511,37
28,2,986,515,37
28,2,998,519,37
28,2,1010,523,37
28,2,1022,527,37
27,2,1028,528,37
26,2,1034,529,37
28,2,1037,529,37
30,2,1043,529,37
29,2,1052,532,37
28,2,1061,535,37
27,2,1070,538,37
340,46,84,20,38
301,45,145,36,38
263,43,169,31,38
275,40,183,32,38
297,40,203,33,38
297,36,219,35,38
277,30,219,34,38
293,22,215,36,38
296,14,215,37,38
263,2,207,34,38
242,2,223,16,38
221,2,239,0,38
200,2,255,0,38
179,2,271,0,38
158,2,287,0,38
137,2,303,0,38
116,2,319,0,38
95,2,335,0,38
88,2,351,0,38
88,2,367,0,38
88,2,383,0,38
88,2,399,0,38
88,2,415,0,38
88,2,431,0,38
88,2,447,0,38
88,2,463,0,38
88,2,479,0,38
88,2,495,0,38
88,2,511,0,38
88,2,527,0,38
88,2,543,0,38
88,2,559,0,38
88,2,575,0,38
88,2,591,0,38
88,2,607,0,38
88,2,623,0,38
88,2,639,0,38
88,2,655,0,38
88,2,671,0,38
88,2,687,0,38
88,2,703,0,38
88,2,719,0,38
88,2,735,0,38
88,2,751,0,38
88,2,767,0,38
88,2,783,0,38
88,2,799,0,38
88,2,815,0,38
88,2,831,0,38
88,2,847,0,38
88,2,863,0,38
88,2,879,0,38
88,2,895,0,38
88,2,911,0,38
88,2,927,0,38
88,2,943,0,38
88,2,959,0,38
88,2,975,0,38
88,2,991,0,38
88,2,1007,0,38
88,2,1023,0,38
88,2,1039,0,38
88,2,1055,0,38
88,2,1071,0,38
88,2,1087,0,38
88,2,1103,0,38
88,2,1119,0,38
88,2,1135,0,38
88,2,1151,0,38
88,2,1167,0,38
88,2,1183,0,38
88,2,1199,0,38
88,2,1215,0,38
88,2,1231,0,38
88,2,1247,0,38
88,2,1263,0,38
88,2,1279,0,38
88,2,1295,0,38
88,2,1311,0,38
88,2,1327,0,38
88,2,1343,0,38
88,2,1359,0,38
88,2,1375,0,38
88,2,1391,0,38
88,2,1407,0,38
88,2,1423,0,38
88,2,1439,0,38
88,2,1455,0,38
88,2,1471,0,38
88,2,1487,0,38
88,2,1503,0,38
88,2,1519,0,38
88,2,1535,0,38
88,2,1551,0,38
88,2,1567,0,38
88,2,1583,0,38
88,2,1599,0,38
88,2,1615,0,38
88,2,1631,0,38
88,2,1647,0,38
340,46,84,20,39
280,44,152,40,39
280,43,189,60,39
256,40,207,59,39
232,36,223,61,39
190,12,230,63,39
154,16,246,59,39
138,19,258,56,39
116,14,250,59,39
94,9,242,62,39
72,12,250,53,39
50,15,258,44,39
28,18,266,35,39
12,21,274,26,39
6,7,246,32,39
6,3,238,32,39
12,6,246,29,39
12,9,258,21,39
12,12,270,13,39
12,15,282,5,39
6,4,262,15,39
24,7,270,13,39
30,11,282,9,39
24,16,302,0,39
24,21,322,0,39
24,26,342,0,39
18,18,330,7,39
60,23,346,2,39
75,29,370,0,39
69,24,350,14,39
90,31,384,10,39
84,19,377,26,39
154,26,412,33,39
183,35,456,38,39
110,16,433,67,39
176,23,467,78,39
202,31,506,91,39
234,40,551,109,39
252,30,553,144,39
275,51,605,167,39
252,40,591,210,39
275,49,619,239,39
252,33,602,292,39
326,54,654,331,39
365,75,706,377,39
298,96,760,436,39
149,66,713,487,39
277,62,724,523,39
259,16,753,552,39
307,48,798,567,39
238,27,744,630,39
312,59,789,667,39
261,51,754,736,39
308,67,767,777,39
268,79,772,809,39
140,71,711,854,39
179,38,639,899,39
261,70,665,936,39
218,86,659,967,39
150,118,704,970,39
122,100,662,1009,39
98,67,592,1056,39
60,43,481,1118,39
174,58,506,1135,39
136,22,425,1200,39
203,26,411,1248,39
211,51,439,1268,39
176,51,417,1295,39
183,76,445,1301,39
130,40,364,1351,39
184,65,392,1358,39
142,29,315,1406,39
186,61,343,1420,39
176,76,369,1434,39
152,62,333,1452,39
142,34,272,1467,39
176,49,298,1468,39
142,13,221,1489,39
182,29,248,1485,39
182,45,275,1484,39
182,61,302,1483,39
136,17,209,1507,39
182,33,236,1506,39
182,58,263,1521,39
174,45,227,1541,39
182,61,254,1542,39
182,77,281,1544,39
104,32,187,1598,39
231,48,214,1600,39
224,31,176,1630,39
234,47,204,1625,39
238,72,232,1629,39
231,52,187,1635,39
231,28,134,1641,39
238,53,162,1633,39
240,78,190,1617,39
144,30,85,1664,39
210,45,105,1661,39
149,54,115,1656,39
149,63,125,1651,39
340,50,100,20,40
280,49,97,40,40
220,45,81,24,40
160,43,104,17,40
100,37,104,22,40
100,34,110,27,40
100,30,114,35,40
76,6,115,40,40
64,18,124,39,40
52,30,133,38,40
24,22,112,49,40
22,4,76,69,40
72,12,82,74,40
16,2,42,95,40
72,10,51,104,40
72,10,41,113,40
75,22,50,119,40
85,34,59,126,40
47,28,22,149,40
47,28,13,157,40
50,36,21,159,40
60,44,29,160,40
72,56,37,160,40
75,68,49,163,40
75,68,36,171,40
85,80,48,167,40
75,76,27,171,40
97,88,39,166,40
50,36,33,182,40
97,64,45,180,40
110,96,61,179,40
135,136,81,178,40
75,144,61,186,40
42,140,21,185,40
57,168,33,169,40
15,56,9,204,40
60,96,25,194,40
75,142,44,182,40
87,198,67,167,40
102,264,91,149,40
57,116,61,197,40
123,182,80,185,40
105,239,68,186,40
102,284,44,175,40
137,311,24,184,40
140,366,43,175,40
165,424,63,163,40
137,451,31,177,40
207,513,54,170,40
322,572,75,170,40
326,642,96,174,40
207,668,56,199,40
376,738,77,208,40
371,790,98,218,40
177,810,45,269,40
371,862,80,293,40
257,900,75,316,40
245,931,62,333,40
315,983,97,345,40
317,1035,132,348,40
274,1058,108,374,40
212,1077,76,387,40
319,1131,111,378,40
212,1142,63,398,40
380,1196,98,396,40
122,978,56,467,40
382,1034,91,469,40
385,1090,126,451,40
382,1095,97,454,40
323,1096,60,457,40
132,877,21,519,40
390,918,56,494,40
335,962,93,497,40
270,967,56,524,40
268,1008,91,514,40
32,719,21,609,40
219,779,56,599,40
220,839,91,590,40
180,847,39,592,40
220,907,74,585,40
221,967,109,567,40
199,984,55,588,40
222,1044,90,573,40
32,688,6,693,40
223,752,41,679,40
224,816,76,668,40
224,880,111,645,40
203,894,37,636,40
224,958,72,613,40
225,1022,107,594,40
204,1036,25,593,40
227,1100,60,564,40
293,1164,95,537,40
333,1221,130,501,40
203,1240,86,511,40
65,892,9,622,40
231,954,39,607,40
231,1016,76,596,40
231,1078,113,585,40
32,669,15,724,40
340,26,95,20,41
280,86,95,40,41
220,146,95,60,41
160,198,91,80,41
200,222,85,100,41
210,237,73,120,41
252,261,73,146,41
277,291,73,176,41
235,297,49,208,41
217,320,46,240,41
114,308,10,263,41
91,323,10,277,41
91,338,10,291,41
91,353,10,305,41
91,368,10,319,41
91,383,10,333,41
85,394,2,350,41
74,406,2,352,41
74,418,2,354,41
74,430,2,356,41
74,442,2,358,41
74,454,2,360,41
74,466,2,362,41
74,478,2,364,41
86,493,2,363,41
96,511,2,361,41
112,532,2,359,41
128,553,2,358,41
128,577,2,356,41
128,601,2,354,41
128,625,2,352,41
128,649,2,350,41
128,673,2,348,41
128,697,2,346,41
128,721,2,344,41
128,745,2,342,41
128,769,2,340,41
128,793,2,338,41
128,817,2,336,41
96,835,2,336,41
96,853,2,336,41
96,871,2,336,41
96,889,2,336,41
96,907,2,336,41
96,925,2,336,41
96,943,2,336,41
96,961,2,336,41
96,979,2,336,41
96,997,2,336,41
96,1015,2,336,41
96,1033,2,336,41
96,1051,2,336,41
96,1069,2,336,41
70,1081,2,333,41
70,1093,2,330,41
70,1105,2,327,41
70,1117,2,324,41
70,1129,2,321,41
70,1141,2,318,41
70,1153,2,315,41
70,1165,2,312,41
70,1177,2,309,41
70,1189,2,306,41
70,1201,2,303,41
70,1213,2,300,41
70,1225,2,297,41
70,1237,2,294,41
70,1249,2,291,41
70,1261,2,288,41
70,1273,2,285,41
70,1285,2,282,41
70,1297,2,279,41
70,1309,2,276,41
70,1321,2,273,41
57,1330,2,270,41
54,1339,2,267,41
54,1348,2,264,41
54,1357,2,261,41
54,1366,2,258,41
54,1375,2,255,41
54,1384,2,252,41
54,1393,2,249,41
54,1402,2,246,41
54,1411,2,243,41
54,1420,2,240,41
54,1429,2,237,41
54,1438,2,234,41
54,1447,2,231,41
54,1456,2,228,41
58,1462,2,225,41
62,1468,2,224,41
66,1474,2,223,41
59,1483,2,221,41
52,1492,2,219,41
60,1498,2,218,41
68,1504,2,217,41
72,1510,2,214,41
76,1516,2,211,41
80,1522,2,208,41
84,1528,2,205,41
340,26,95,20,42
280,80,89,40,42
220,140,89,60,42
160,200,89,80,42
100,259,86,100,42
40,275,70,96,42
0,277,38,98,42
0,293,34,92,42
8,292,18,101,42
16,301,18,103,42
30,301,6,111,42
54,316,6,117,42
64,334,6,124,42
74,355,6,130,42
94,382,6,138,42
130,418,6,150,42
164,466,6,167,42
180,520,6,185,42
240,592,6,209,42
315,676,6,246,42
321,760,6,275,42
357,844,6,312,42
379,942,6,359,42
334,1032,6,406,42
334,1122,6,453,42
334,1212,6,500,42
334,1302,6,547,42
334,1392,6,594,42
334,1482,6,641,42
334,1572,6,688,42
334,1662,6,735,42
334,1752,6,782,42
334,1842,6,829,42
334,1932,6,876,42
334,2022,6,923,42
334,2112,6,970,42
334,2202,6,1017,42
334,2292,6,1064,42
334,2382,6,1111,42
334,2472,6,1158,42
334,2562,6,1205,42
334,2652,6,1252,42
321,2736,6,1284,42
321,2820,6,1316,42
321,2904,6,1348,42
321,2988,6,1380,42
321,3072,6,1412,42
321,3156,6,1444,42
321,3240,6,1476,42
321,3324,6,1508,42
321,3408,6,1540,42
321,3492,6,1572,42
321,3576,6,1604,42
321,3660,6,1636,42
321,3744,6,1668,42
321,3828,6,1700,42
321,3912,6,1732,42
321,3996,6,1764,42
321,4080,6,1796,42
321,4164,6,1828,42
321,4248,6,1860,42
321,4332,6,1892,42
321,4416,6,1924,42
321,4500,6,1956,42
321,4584,6,1988,42
321,4668,6,2020,42
321,4752,6,2052,42
321,4836,6,2084,42
321,4920,6,2116,42
321,5004,6,2148,42
321,5088,6,2180,42
244,5160,6,2203,42
244,5232,6,2226,42
244,5304,6,2249,42
244,5376,6,2272,42
244,5448,6,2295,42
244,5520,6,2318,42
244,5592,6,2341,42
244,5664,6,2364,42
244,5736,6,2387,42
244,5808,6,2410,42
244,5880,6,2433,42
244,5952,6,2456,42
244,6024,6,2479,42
244,6096,6,2502,42
244,6168,6,2525,42
244,6240,6,2548,42
244,6312,6,2571,42
244,6384,6,2594,42
244,6456,6,2617,42
244,6528,6,2640,42
244,6600,6,2663,42
244,6672,6,2686,42
244,6744,6,2709,42
244,6816,6,2732,42
244,6888,6,2755,42
244,6960,6,2778,42
244,7032,6,2801,42
244,7104,6,2824,42
244,7176,6,2847,42
340,46,84,20,43
280,43,154,40,43
220,43,234,60,43
160,42,311,80,43
100,18,330,82,43
40,25,358,84,43
0,32,386,86,43
0,32,398,89,43
0,26,390,89,43
0,28,402,86,43
0,30,410,84,43
0,23,398,90,43
0,24,402,86,43
0,25,406,84,43
0,23,402,84,43
0,23,406,83,43
0,23,406,81,43
340,50,100,20,44
280,49,97,40,44
250,47,93,18,44
257,43,77,23,44
275,39,81,25,44
281,36,84,18,44
275,28,74,14,44
281,28,83,4,44
245,10,84,9,44
233,18,96,5,44
209,18,89,7,44
173,12,71,6,44
149,18,77,0,44
125,24,83,0,44
101,30,89,0,44
77,36,95,0,44
29,24,66,0,44
24,22,57,0,44
16,6,20,5,44
32,10,26,0,44
32,14,32,0,44
32,18,38,0,44
8,24,44,0,44
8,20,31,0,44
8,26,37,0,44
4,14,8,0,44
8,20,14,0,44
12,26,20,0,44
12,34,29,0,44
12,42,38,0,44
12,50,47,0,44
4,44,10,12,44
12,50,25,0,44
16,58,40,0,44
16,68,60,0,44
12,52,27,0,44
16,62,47,0,44
24,74,72,0,44
28,90,107,0,44
28,74,78,0,44
36,92,120,0,44
42,125,170,0,44
44,85,142,0,44
66,61,201,0,44
69,130,265,0,44
66,136,305,0,44
44,142,263,0,44
66,164,212,0,44
69,224,230,0,44
44,258,204,0,44
44,192,264,0,44
44,110,308,31,44
44,178,274,62,44
46,309,408,51,44
69,440,542,48,44
46,482,546,70,44
0,589,632,32,44
0,409,636,78,44
0,545,692,47,44
20,629,752,26,44
12,631,621,98,44
12,659,604,102,44
16,715,656,82,44
20,788,721,52,44
20,835,716,39,44
4,549,654,132,44
21,683,714,109,44
21,838,758,80,44
21,910,737,51,44
20,936,650,44,44
12,973,557,76,44
8,974,417,138,44
4,945,235,230,44
16,945,159,244,44
21,1013,191,247,44
22,1124,302,233,44
21,1134,225,239,44
22,1201,252,217,44
23,1325,365,192,44
22,1335,296,189,44
21,1334,209,186,44
23,1461,338,155,44
16,1228,340,231,44
22,1222,253,242,44
23,1249,310,209,44
23,1272,360,171,44
48,1338,495,84,44
22,1155,535,106,44
23,1192,557,62,44
48,1271,677,0,44
48,1356,817,0,44
22,1377,710,23,44
48,1395,744,0,44
24,1357,638,0,44
23,1308,542,0,44
46,1251,430,0,44
50,1295,498,0,44
50,1335,536,0,44
50,1371,566,0,44
48,1257,661,0,44
340,48,96,20,45
337,45,90,40,45
313,41,74,60,45
283,41,74,80,45
253,40,71,100,45
214,40,71,102,45
172,32,55,107,45
124,16,23,115,45
85,16,23,117,45
46,16,23,119,45
21,16,23,121,45
21,16,23,123,45
21,16,23,125,45
21,16,23,127,45
18,12,15,129,45
15,12,15,119,45
15,12,15,109,45
15,12,15,99,45
15,12,15,89,45
15,12,15,79,45
15,12,15,69,45
15,12,15,59,45
15,12,15,49,45
15,12,15,39,45
15,12,15,29,45
15,12,15,19,45
15,12,15,9,45
15,12,15,0,45
15,12,15,0,45
15,12,15,0,45
12,6,3,2,45
16,6,3,0,45
25,6,3,0,45
40,6,3,0,45
56,6,3,0,45
76,6,3,0,45
105,6,13,0,45
112,6,23,0,45
126,6,33,0,45
126,6,45,0,45
126,6,57,0,45
126,6,69,0,45
126,6,81,0,45
126,6,93,0,45
126,6,105,0,45
126,6,117,0,45
126,6,129,0,45
126,6,141,0,45
126,6,153,0,45
126,6,165,0,45
126,6,177,0,45
126,6,189,0,45
126,6,201,0,45
126,6,213,0,45
126,6,225,0,45
126,6,237,0,45
126,6,249,0,45
126,6,261,0,45
126,6,273,0,45
126,6,285,0,45
126,6,297,0,45
126,6,309,0,45
126,6,321,0,45
126,6,333,0,45
126,6,345,0,45
126,6,357,0,45
126,6,369,0,45
126,6,381,0,45
126,6,393,0,45
126,6,405,0,45
126,6,417,0,45
126,6,429,0,45
56,6,445,0,45
56,6,461,0,45
56,6,477,0,45
56,6,493,0,45
56,6,509,0,45
56,6,525,0,45
56,6,541,0,45
56,6,557,0,45
56,6,573,0,45
56,6,589,0,45
56,6,605,0,45
56,6,621,0,45
56,6,637,0,45
56,6,653,0,45
56,6,669,0,45
56,6,685,0,45
56,6,701,0,45
56,6,717,0,45
56,6,733,0,45
56,6,749,0,45
56,6,765,0,45
56,6,781,0,45
56,6,797,0,45
56,6,813,0,45
56,6,829,0,45
56,6,845,0,45
56,6,861,0,45
56,6,877,0,45
340,46,84,20,46
280,45,101,40,46
220,41,102,33,46
176,39,103,20,46
133,36,101,13,46
89,36,105,6,46
45,30,96,8,46
21,22,83,10,46
10,6,53,15,46
30,6,56,11,46
40,6,60,8,46
60,6,66,3,46
80,6,74,0,46
110,6,85,0,46
150,6,100,0,46
196,6,128,0,46
196,6,163,0,46
245,6,205,0,46
306,6,254,0,46
364,6,310,0,46
318,6,359,0,46
318,6,408,0,46
318,6,457,0,46
318,6,506,0,46
318,6,555,0,46
318,6,604,0,46
318,6,653,0,46
318,6,702,0,46
318,6,751,0,46
318,6,800,0,46
318,6,849,0,46
318,6,898,0,46
318,6,947,0,46
318,6,996,0,46
318,6,1045,0,46
318,6,1094,0,46
318,6,1143,0,46
318,6,1192,0,46
318,6,1241,0,46
318,6,1290,0,46
318,6,1339,0,46
318,6,1388,0,46
318,6,1437,0,46
318,6,1486,0,46
318,6,1535,0,46
318,6,1584,0,46
318,6,1633,0,46
318,6,1682,0,46
318,6,1731,0,46
318,6,1780,0,46
318,6,1829,0,46
318,6,1878,0,46
318,6,1927,0,46
318,6,1976,0,46
318,6,2025,0,46
318,6,2074,0,46
318,6,2123,0,46
318,6,2172,0,46
318,6,2221,0,46
318,6,2270,0,46
318,6,2319,0,46
318,6,2368,0,46
318,6,2417,0,46
318,6,2466,0,46
318,6,2515,0,46
318,6,2564,0,46
318,6,2613,0,46
318,6,2662,0,46
318,6,2711,0,46
318,6,2760,0,46
318,6,2809,0,46
318,6,2858,0,46
318,6,2907,0,46
318,6,2956,0,46
318,6,3005,0,46
318,6,3054,0,46
318,6,3103,0,46
318,6,3152,0,46
318,6,3201,0,46
318,6,3250,0,46
318,6,3299,0,46
318,6,3348,0,46
318,6,3397,0,46
318,6,3446,0,46
318,6,3495,0,46
318,6,3544,0,46
318,6,3593,0,46
318,6,3642,0,46
318,6,3691,0,46
318,6,3740,0,46
318,6,3789,0,46
318,6,3838,0,46
318,6,3887,0,46
318,6,3936,0,46
318,6,3985,0,46
318,6,4034,0,46
318,6,4083,0,46
318,6,4132,0,46
318,6,4181,0,46
318,6,4230,0,46
340,26,95,20,47
280,99,89,40,47
220,179,89,60,47
194,221,85,73,47
190,244,82,86,47
176,260,82,84,47
156,262,70,88,47
141,262,54,95,47
151,266,57,97,47
159,274,60,100,47
167,282,63,103,47
162,278,50,107,47
167,286,56,111,47
172,294,62,114,47
153,282,33,122,47
164,294,42,136,47
154,314,57,156,47
144,333,69,176,47
124,349,81,184,47
104,357,82,192,47
74,357,72,194,47
44,369,78,187,47
30,381,84,180,47
10,373,63,188,47
57,381,69,184,47
47,389,75,178,47
26,381,54,178,47
36,389,60,169,47
39,397,66,155,47
26,377,21,159,47
49,389,30,148,47
52,405,42,132,47
65,421,54,110,47
91,445,72,80,47
91,437,26,66,47
117,469,50,28,47
130,493,53,0,47
255,535,81,0,47
255,561,77,0,47
237,603,105,0,47
220,625,93,0,47
195,667,121,0,47
178,697,125,0,47
168,679,139,0,47
223,727,167,0,47
168,763,155,0,47
225,813,197,0,47
172,841,203,0,47
226,863,176,0,47
238,868,149,41,47
316,916,205,65,47
316,964,268,95,47
217,958,199,169,47
316,984,295,199,47
304,890,360,260,47
169,890,262,352,47
282,940,390,405,47
280,970,476,465,47
226,836,520,547,47
150,641,534,637,47
246,725,642,682,47
262,809,750,730,47
246,869,803,768,47
242,913,807,821,47
241,947,795,874,47
130,700,780,978,47
244,756,810,1046,47
211,808,817,1116,47
53,462,749,1239,47
210,511,725,1291,47
147,515,601,1379,47
98,497,433,1485,47
247,554,452,1527,47
260,577,435,1601,47
92,537,217,1727,47
278,627,288,1769,47
275,685,295,1831,47
53,631,28,1974,47
281,723,116,2021,47
173,736,116,2056,47
120,721,66,2112,47
239,765,147,2130,47
275,809,228,2153,47
210,811,209,2199,47
116,790,147,2257,47
241,834,228,2269,47
156,826,182,2296,47
14,467,101,2419,47
210,497,162,2445,47
124,468,77,2477,47
217,518,139,2500,47
149,517,103,2526,47
146,499,56,2540,47
217,533,118,2552,47
217,567,180,2553,47
106,545,120,2594,47
99,509,48,2644,47
224,536,110,2645,47
226,564,191,2652,47
226,592,272,2659,47
340,48,96,20,48
436,44,80,40,48
467,38,96,60,48
511,14,107,80,48
581,28,124,100,48
625,40,140,108,48
669,49,150,119,48
699,58,162,125,48
726,56,154,135,48
705,47,134,150,48
736,56,146,159,48
760,68,158,169,48
692,56,126,191,48
624,49,90,213,48
590,42,74,232,48
586,47,90,248,48
578,56,114,255,48
527,38,82,274,48
519,47,106,281,48
485,48,102,285,48
503,54,110,283,48
503,63,118,282,48
456,34,58,299,48
452,28,42,307,48
452,34,50,303,48
452,40,58,299,48
452,46,66,295,48
452,52,74,291,48
452,58,82,287,48
452,64,90,283,48
452,70,98,279,48
452,76,106,275,48
452,82,114,271,48
452,88,122,267,48
452,94,130,263,48
452,100,138,259,48
452,106,146,255,48
452,112,154,251,48
452,118,162,247,48
422,108,134,252,48
422,114,142,245,48
422,120,150,238,48
392,103,114,243,48
388,109,122,233,48
384,115,130,223,48
380,121,138,213,48
376,127,146,203,48
372,133,154,193,48
368,139,162,183,48
364,145,170,173,48
360,151,178,163,48
360,157,186,156,48
330,140,150,161,48
326,146,158,151,48
322,152,166,141,48
288,131,122,149,48
228,106,70,157,48
224,112,74,148,48
190,84,18,160,48
187,87,22,148,48
183,90,26,136,48
179,93,30,124,48
184,96,34,113,48
160,102,38,96,48
136,108,42,79,48
112,114,46,62,48
88,120,50,45,48
64,126,54,28,48
40,132,58,11,48
36,135,62,0,48
32,138,66,0,48
30,141,70,0,48
30,144,74,0,48
30,147,78,0,48
30,150,82,0,48
30,153,86,0,48
30,156,90,0,48
30,159,94,0,48
30,162,98,0,48
30,165,102,0,48
30,168,106,0,48
30,171,110,0,48
30,174,114,0,48
30,177,118,0,48
30,180,122,0,48
30,183,126,0,48
30,186,130,0,48
30,189,134,0,48
30,192,138,0,48
30,195,142,0,48
30,198,146,0,48
30,201,150,0,48
30,204,154,0,48
30,207,158,0,48
30,210,162,0,48
30,213,166,0,48
30,219,170,0,48
30,225,174,0,48
30,231,178,0,48
30,237,182,0,48
340,47,94,20,49
280,45,90,40,49
328,41,74,60,49
318,41,90,91,49
290,33,88,122,49
280,33,104,153,49
243,27,105,184,49
194,11,81,215,49
210,11,89,238,49
173,11,103,279,49
91,1,70,320,49
130,1,101,361,49
221,1,153,430,49
312,1,225,526,49
312,1,298,623,49
312,1,371,720,49
312,1,444,817,49
312,1,517,914,49
312,1,590,1011,49
312,1,663,1108,49
312,1,736,1205,49
212,1,787,1272,49
212,1,838,1339,49
212,1,889,1406,49
212,1,940,1473,49
212,1,991,1540,49
212,1,1042,1607,49
212,1,1093,1674,49
212,1,1144,1741,49
212,1,1195,1808,49
212,1,1246,1875,49
134,1,1279,1918,49
134,1,1312,1961,49
134,1,1345,2004,49
134,1,1378,2047,49
134,1,1411,2090,49
104,1,1438,2124,49
104,1,1465,2158,49
104,1,1492,2192,49
104,1,1519,2226,49
104,1,1546,2260,49
104,1,1573,2294,49
104,1,1600,2328,49
104,1,1627,2362,49
104,1,1654,2396,49
104,1,1681,2430,49
104,1,1708,2464,49
104,1,1735,2498,49
104,1,1762,2532,49
104,1,1789,2566,49
104,1,1816,2600,49
104,1,1843,2634,49
104,1,1870,2668,49
104,1,1897,2702,49
104,1,1924,2736,49
104,1,1951,2770,49
104,1,1978,2804,49
104,1,2005,2838,49
104,1,2032,2872,49
104,1,2059,2906,49
104,1,2086,2940,49
104,1,2113,2974,49
104,1,2140,3008,49
104,1,2167,3042,49
104,1,2194,3076,49
104,1,2221,3110,49
104,1,2248,3144,49
104,1,2275,3178,49
104,1,2302,3212,49
104,1,2329,3246,49
104,1,2356,3280,49
104,1,2383,3314,49
104,1,2410,3348,49
104,1,2437,3382,49
104,1,2464,3416,49
104,1,2491,3450,49
104,1,2518,3484,49
104,1,2545,3518,49
104,1,2572,3552,49
104,1,2599,3586,49
104,1,2626,3620,49
104,1,2653,3654,49
104,1,2680,3688,49
104,1,2707,3722,49
104,1,2734,3756,49
95,1,2758,3787,49
95,1,2782,3818,49
95,1,2806,3849,49
95,1,2830,3880,49
95,1,2854,3911,49
95,1,2878,3942,49
95,1,2902,3973,49
95,1,2926,4004,49
95,1,2950,4035,49
95,1,2974,4066,49
91,1,2998,4096,49
91,1,3022,4126,49
78,1,3043,4152,49
83,1,3058,4172,49
82,1,3079,4199,49
340,49,97,20,50
280,25,92,4,50
220,57,84,0,50
160,73,68,0,50
100,93,68,0,50
40,111,64,0,50
30,111,40,0,50
40,120,34,0,50
30,124,18,0,50
30,130,6,0,50
66,142,6,0,50
76,158,6,0,50
120,178,6,0,50
132,202,6,0,50
164,230,6,0,50
198,266,6,0,50
230,306,6,0,50
264,354,6,0,50
318,410,6,0,50
357,490,6,0,50
412,570,6,0,50
420,654,6,0,50
420,738,6,0,50
420,822,6,0,50
420,906,6,0,50
420,990,6,0,50
420,1074,6,0,50
420,1158,6,0,50
420,1242,6,0,50
420,1326,6,0,50
420,1410,6,0,50
420,1494,6,0,50
420,1578,6,0,50
420,1662,6,0,50
420,1746,6,0,50
420,1830,6,0,50
420,1914,6,0,50
420,1998,6,0,50
420,2082,6,0,50
420,2166,6,0,50
420,2250,6,0,50
420,2334,6,0,50
420,2418,6,0,50
420,2502,6,0,50
420,2586,6,0,50
420,2670,6,0,50
420,2754,6,0,50
420,2838,6,0,50
420,2922,6,0,50
420,3006,6,0,50
420,3090,6,0,50
420,3174,6,0,50
420,3258,6,0,50
420,3342,6,0,50
420,3426,6,0,50
420,3510,6,0,50
420,3594,6,0,50
420,3678,6,0,50
420,3762,6,0,50
420,3846,6,0,50
420,3930,6,0,50
420,4014,6,0,50
420,4098,6,0,50
420,4182,6,0,50
420,4266,6,0,50
420,4350,6,0,50
420,4434,6,0,50
420,4518,6,0,50
420,4602,6,0,50
420,4686,6,0,50
420,4770,6,0,50
420,4854,6,0,50
420,4938,6,0,50
420,5022,6,0,50
420,5106,6,0,50
420,5190,6,0,50
420,5274,6,0,50
420,5358,6,0,50
420,5442,6,0,50
420,5526,6,0,50
420,5610,6,0,50
420,5694,6,0,50
420,5778,6,0,50
420,5862,6,0,50
420,5946,6,0,50
245,6051,6,0,50
245,6156,6,0,50
245,6261,6,0,50
245,6366,6,0,50
245,6471,6,0,50
245,6576,6,0,50
245,6681,6,0,50
245,6786,6,0,50
245,6891,6,0,50
245,6996,6,0,50
245,7101,6,0,50
245,7206,6,0,50
245,7311,6,0,50
245,7416,6,0,50
245,7521,6,0,50
340,26,95,20,51
280,42,91,40,51
230,52,91,60,51
180,58,85,80,51
120,66,69,100,51
60,85,66,120,51
0,75,34,122,51
0,83,34,116,51
0,80,18,125,51
0,83,26,126,51
0,85,34,126,51
0,87,42,128,51
0,89,46,129,51
0,90,50,129,51
0,91,54,131,51
0,92,54,132,51
340,26,95,20,52
314,71,89,33,52
289,123,89,46,52
263,175,89,59,52
245,219,89,70,52
227,263,89,81,52
209,283,73,92,52
191,326,70,103,52
173,326,54,108,52
155,338,66,107,52
136,350,78,106,52
118,338,49,114,52
100,350,61,113,52
82,362,73,112,52
64,374,85,111,52
54,378,83,113,52
45,374,70,115,52
35,378,76,108,52
30,382,79,102,52
24,386,82,96,52
19,390,85,90,52
13,392,84,90,52
21,396,87,87,52
29,400,90,84,52
35,404,93,79,52
38,408,99,75,52
36,416,105,70,52
34,424,111,65,52
32,432,117,60,52
30,440,123,55,52
15,432,102,59,52
0,416,70,63,52
13,420,73,56,52
0,414,64,59,52
13,418,67,55,52
13,422,70,49,52
13,426,73,43,52
13,430,76,37,52
13,434,79,31,52
13,438,82,25,52
13,442,85,19,52
13,446,88,13,52
13,450,91,7,52
13,454,94,1,52
13,458,97,0,52
13,462,100,0,52
13,466,103,0,52
13,470,106,0,52
13,474,109,0,52
13,478,112,0,52
13,482,115,0,52
13,486,118,0,52
13,490,121,0,52
13,494,124,0,52
13,498,127,0,52
13,502,130,0,52
13,506,133,0,52
13,510,136,0,52
13,514,139,0,52
13,518,142,0,52
13,522,145,0,52
13,526,148,0,52
13,530,151,0,52
13,534,154,0,52
13,538,157,0,52
13,542,160,0,52
13,546,163,0,52
13,550,166,0,52
13,554,169,0,52
13,558,172,0,52
13,562,175,0,52
13,566,178,0,52
13,570,181,0,52
13,574,184,0,52
13,578,187,0,52
13,582,190,0,52
13,586,193,0,52
13,590,196,0,52
13,594,199,0,52
13,598,202,0,52
13,602,205,0,52
0,586,173,9,52
13,586,176,4,52
16,586,179,0,52
19,586,182,0,52
19,586,185,0,52
19,586,188,0,52
19,586,191,0,52
19,586,194,0,52
19,586,197,0,52
19,586,200,0,52
19,586,203,0,52
19,586,206,0,52
19,586,209,0,52
19,586,212,0,52
6,562,207,9,52
13,566,210,6,52
13,574,213,2,52
13,582,216,0,52
13,590,219,0,52
340,26,95,20,53
280,46,95,40,53
220,54,79,60,53
160,64,89,80,53
100,71,94,100,53
82,77,99,116,53
64,83,104,132,53
46,89,109,148,53
28,95,114,164,53
20,101,119,180,53
20,103,118,196,53
20,109,123,212,53
20,115,128,228,53
20,121,133,244,53
16,117,121,260,53
8,104,92,276,53
20,110,97,292,53
16,90,53,316,53
4,32,40,340,53
24,55,43,364,53
28,86,50,377,53
40,126,53,400,53
28,34,32,442,53
44,82,44,454,53
63,165,40,473,53
63,228,28,470,53
63,303,40,453,53
63,378,52,436,53
40,432,20,429,53
42,505,70,412,53
42,581,139,401,53
42,648,177,390,53
98,666,157,393,53
126,704,179,388,53
140,736,189,414,53
278,788,235,419,53
226,814,233,469,53
90,646,206,535,53
195,654,204,559,53
169,648,174,597,53
81,419,128,680,53
150,431,68,733,53
254,495,99,769,53
155,496,53,817,53
308,516,44,858,53
312,556,75,869,53
185,587,100,881,53
185,618,125,893,53
65,599,12,959,53
176,627,37,974,53
185,659,62,992,53
196,698,90,1017,53
25,405,21,1120,53
196,465,49,1148,53
196,525,77,1178,53
176,537,38,1211,53
196,597,66,1241,53
196,657,95,1261,53
142,648,30,1316,53
246,708,59,1350,53
247,768,88,1373,53
250,828,117,1387,53
251,889,146,1404,53
35,533,63,1527,53
247,583,44,1589,53
172,628,63,1603,53
172,673,82,1617,53
172,718,101,1631,53
75,691,12,1687,53
196,736,30,1703,53
241,788,50,1729,53
273,841,78,1783,53
273,894,106,1827,53
241,918,74,1869,53
273,971,102,1913,53
275,1024,131,1947,53
164,1004,36,2012,53
334,1057,65,2050,53
335,1110,94,2091,53
335,1163,123,2132,53
191,1134,16,2209,53
363,1187,45,2264,53
363,1238,74,2305,53
363,1289,103,2346,53
305,1361,132,2384,53
224,1369,80,2441,53
261,1441,109,2476,53
221,1449,37,2517,53
284,1521,66,2541,53
287,1593,95,2557,53
291,1667,124,2564,53
245,1662,40,2618,53
327,1736,69,2630,53
285,1780,42,2671,53
293,1854,71,2670,53
331,1928,100,2673,53
50,1582,22,2796,53
295,1660,51,2800,53
260,1741,83,2845,53
260,1822,115,2890,53
340,47,94,20,54
280,23,89,40,54
220,43,89,60,54
160,51,73,80,54
100,58,96,100,54
110,62,111,113,54
102,58,110,130,54
103,64,128,147,54
63,55,117,176,54
81,65,147,205,54
144,82,198,255,54
243,108,276,336,54
258,126,312,375,54
308,143,346,429,54
322,192,451,481,54
376,244,563,554,54
336,292,659,544,54
240,334,743,470,54
423,322,738,459,54
423,350,798,425,54
322,351,829,436,54
315,282,846,477,54
322,329,867,503,54
230,370,880,504,54
230,400,870,475,54
230,450,900,416,54
172,324,886,443,54
230,404,916,429,54
230,454,906,422,54
184,498,888,385,54
188,566,918,318,54
184,614,908,274,54
126,412,888,302,54
108,154,848,372,54
135,219,807,388,54
132,271,759,420,54
141,384,882,425,54
81,74,851,547,54
141,197,974,570,54
141,308,1050,598,54
200,432,1176,614,54
196,531,1228,645,54
137,565,1144,702,54
200,689,1272,721,54
196,775,1314,739,54
93,396,1253,874,54
196,454,1263,907,54
196,524,1297,925,54
196,590,1323,943,54
196,622,1304,946,54
227,684,1345,949,54
182,728,1371,991,54
180,766,1372,1033,54
195,798,1361,1090,54
69,332,1262,1248,54
246,348,1239,1307,54
478,425,1316,1366,54
408,501,1378,1424,54
302,534,1375,1482,54
354,610,1437,1525,54
408,684,1499,1570,54
48,213,1395,1726,54
349,223,1359,1797,54
253,232,1221,1889,54
364,261,1226,1952,54
416,331,1297,2000,54
218,315,1125,2105,54
162,279,921,2237,54
114,220,661,2378,54
364,224,650,2429,54
298,218,621,2485,54
295,205,565,2541,54
54,133,249,2699,54
310,141,267,2746,54
342,122,192,2816,54
478,168,286,2863,54
363,172,259,2910,54
310,146,170,2980,54
478,192,264,3027,54
357,140,163,3111,54
486,186,257,3158,54
425,194,239,3207,54
213,140,133,3290,54
328,121,80,3307,54
369,163,155,3311,54
369,205,244,3317,54
369,247,333,3323,54
369,289,422,3329,54
369,331,511,3335,54
392,373,600,3341,54
328,366,549,3362,54
392,408,638,3369,54
328,401,587,3392,54
343,445,633,3406,54
328,430,566,3430,54
334,432,531,3440,54
343,476,577,3441,54
86,125,512,3562,54
343,169,558,3566,54
334,155,491,3583,54
340,48,96,20,55
318,47,93,32,55
296,47,93,26,55
274,41,81,29,55
270,37,73,29,55
254,33,57,35,55
250,25,41,37,55
252,25,44,33,55
254,25,44,29,55
256,25,44,25,55
258,25,44,21,55
260,22,38,17,55
262,22,38,13,55
262,22,41,10,55
262,22,44,7,55
262,22,47,4,55
262,22,50,1,55
262,22,53,0,55
262,22,56,0,55
262,22,59,0,55
262,22,62,0,55
262,22,65,0,55
262,22,68,0,55
262,22,71,0,55
262,22,74,0,55
262,22,77,0,55
262,22,80,0,55
262,22,83,0,55
262,22,86,0,55
262,22,89,0,55
262,22,92,0,55
262,22,95,0,55
262,22,98,0,55
262,22,101,0,55
262,19,95,0,55
262,19,98,0,55
262,19,101,0,55
262,19,104,0,55
262,19,107,0,55
262,11,91,3,55
262,11,94,0,55
262,11,97,0,55
262,11,100,0,55
262,11,103,0,55
262,11,106,0,55
262,11,109,0,55
262,11,112,0,55
262,11,115,0,55
262,11,118,0,55
262,11,121,0,55
262,11,124,0,55
262,11,127,0,55
262,11,130,0,55
262,11,133,0,55
262,11,136,0,55
262,11,139,0,55
262,11,142,0,55
262,11,145,0,55
262,11,148,0,55
262,11,151,0,55
262,11,154,0,55
262,11,157,0,55
262,11,160,0,55
262,11,163,0,55
262,11,166,0,55
262,11,169,0,55
262,11,172,0,55
262,11,175,0,55
262,11,178,0,55
262,11,181,0,55
262,11,184,0,55
262,11,187,0,55
262,11,190,0,55
262,11,193,0,55
262,11,196,0,55
262,11,199,0,55
262,11,202,0,55
262,11,205,0,55
262,11,208,0,55
262,11,211,0,55
262,11,214,0,55
262,11,217,0,55
262,11,220,0,55
262,11,223,0,55
262,11,226,0,55
262,11,229,0,55
262,11,232,0,55
262,11,235,0,55
262,11,238,0,55
262,11,241,0,55
262,11,244,0,55
262,11,247,0,55
262,11,250,0,55
262,11,253,0,55
262,11,256,0,55
262,11,259,0,55
262,11,262,0,55
262,11,265,0,55
262,11,268,0,55
262,11,271,0,55
340,47,94,20,56
280,47,94,40,56
220,47,94,60,56
160,45,90,80,56
244,41,74,100,56
301,41,74,124,56
359,41,74,151,56
399,41,74,184,56
319,35,62,231,56
225,25,22,278,56
120,41,26,325,56
144,89,37,372,56
156,133,33,427,56
204,200,46,493,56
204,268,63,527,56
120,248,59,567,56
132,316,62,604,56
144,388,74,616,56
192,490,90,666,56
228,606,106,728,56
228,720,112,770,56
171,817,114,812,56
120,857,43,851,56
174,950,97,865,56
171,1043,145,876,56
84,965,138,917,56
108,1025,141,940,56
154,1116,173,968,56
150,1180,171,1004,56
144,1234,162,1040,56
68,1094,135,1118,56
48,884,88,1211,56
154,994,118,1269,56
95,1078,98,1346,56
154,1176,104,1420,56
96,1229,77,1466,56
154,1305,75,1528,56
213,1417,105,1579,56
168,1456,63,1624,56
258,1572,93,1680,56
231,1632,59,1738,56
258,1748,89,1796,56
190,1805,104,1814,56
114,1802,41,1862,56
216,1855,56,1886,56
250,1917,71,1908,56
24,1626,4,2017,56
280,1714,20,2056,56
280,1809,36,2100,56
280,1904,52,2144,56
280,1999,68,2188,56
280,2094,84,2232,56
280,2189,100,2276,56
280,2295,116,2320,56
240,2330,51,2362,56
280,2436,67,2406,56
285,2543,97,2454,56
285,2650,127,2503,56
285,2757,157,2552,56
120,2772,86,2607,56
202,2837,117,2632,56
154,2851,69,2688,56
239,2926,102,2724,56
227,2971,93,2757,56
239,3046,126,2797,56
227,3087,109,2832,56
202,3119,81,2843,56
192,3136,25,2863,56
231,3213,59,2872,56
231,3290,93,2883,56
231,3367,127,2894,56
192,3387,75,2916,56
154,3399,24,2950,56
252,3476,58,2975,56
252,3553,92,2992,56
252,3630,126,3009,56
114,3620,56,3053,56
216,3674,80,3058,56
239,3749,113,3097,56
137,3736,34,3153,56
266,3813,68,3190,56
266,3890,102,3228,56
211,3892,30,3261,56
266,3969,64,3299,56
266,4046,98,3326,56
266,4123,132,3353,56
211,4117,41,3389,56
266,4194,75,3416,56
325,4272,110,3448,56
239,4315,79,3500,56
327,4393,114,3533,56
327,4471,149,3556,56
161,4476,46,3632,56
327,4554,83,3669,56
330,4634,120,3697,56
27,4283,39,3825,56
325,4366,76,3858,56
329,4461,113,3897,56
329,4563,150,3940,56
10,4143,52,4081,56
340,47,94,20,57
280,43,78,40,57
225,43,154,59,57
187,42,215,75,57
149,40,239,70,57
164,40,259,71,57
160,32,263,77,57
147,26,267,83,57
134,22,275,89,57
121,22,291,86,57
99,14,287,89,57
68,2,271,89,57
46,2,283,77,57
27,2,295,65,57
27,2,307,53,57
27,2,319,41,57
27,2,331,29,57
27,2,343,17,57
27,2,355,5,57
27,2,367,0,57
27,2,379,0,57
27,2,391,0,57
27,2,403,0,57
27,2,415,0,57
27,2,427,0,57
27,2,439,0,57
27,2,451,0,57
27,2,463,0,57
27,2,475,0,57
27,2,487,0,57
27,2,499,0,57
27,2,511,0,57
27,2,523,0,57
27,2,535,0,57
27,2,547,0,57
27,2,559,0,57
27,2,571,0,57
27,2,583,0,57
27,2,595,0,57
27,2,607,0,57
27,2,619,0,57
27,2,631,0,57
27,2,643,0,57
27,2,655,0,57
27,2,667,0,57
27,2,679,0,57
27,2,691,0,57
27,2,703,0,57
27,2,715,0,57
27,2,727,0,57
27,2,739,0,57
27,2,751,0,57
27,2,763,0,57
27,2,775,0,57
27,2,787,0,57
27,2,799,0,57
27,2,811,0,57
27,2,823,0,57
27,2,835,0,57
27,2,847,0,57
27,2,859,0,57
27,2,871,0,57
27,2,883,0,57
27,2,895,0,57
27,2,907,0,57
27,2,919,0,57
27,2,931,0,57
27,2,943,0,57
27,2,955,0,57
27,2,967,0,57
27,2,979,0,57
27,2,991,0,57
27,2,1003,0,57
27,2,1015,0,57
27,2,1027,0,57
27,2,1039,0,57
27,2,1051,0,57
27,2,1063,0,57
27,2,1075,0,57
27,2,1087,0,57
27,2,1099,0,57
27,2,1111,0,57
27,2,1123,0,57
27,2,1135,0,57
27,2,1147,0,57
27,2,1159,0,57
27,2,1171,0,57
27,2,1183,0,57
27,2,1195,0,57
27,2,1207,0,57
27,2,1219,0,57
27,2,1231,0,57
27,2,1243,0,57
27,2,1255,0,57
27,2,1267,0,57
27,2,1279,0,57
27,2,1291,0,57
27,2,1303,0,57
27,2,1315,0,57
27,2,1327,0,57
340,46,84,20,58
280,22,91,40,58
220,22,101,60,58
160,20,106,80,58
163,20,113,100,58
166,17,113,120,58
169,17,120,140,58
154,16,125,164,58
112,10,117,173,58
121,10,122,182,58
125,10,127,193,58
102,2,116,206,58
114,2,121,216,58
143,2,128,231,58
190,2,137,249,58
162,2,145,264,58
162,2,153,279,58
162,2,161,294,58
162,2,169,309,58
162,2,177,324,58
162,2,185,339,58
150,2,191,350,58
138,2,197,361,58
126,2,203,372,58
114,2,209,383,58
114,2,215,394,58
114,2,221,405,58
114,2,227,416,58
114,2,233,427,58
114,2,239,438,58
114,2,245,449,58
114,2,251,460,58
114,2,257,471,58
114,2,263,482,58
114,2,269,493,58
114,2,275,504,58
114,2,281,515,58
114,2,287,526,58
114,2,293,537,58
114,2,299,548,58
114,2,305,559,58
114,2,311,570,58
114,2,317,581,58
114,2,323,592,58
114,2,329,603,58
114,2,335,614,58
114,2,341,625,58
114,2,347,636,58
114,2,353,647,58
114,2,359,658,58
114,2,365,669,58
114,2,371,680,58
114,2,377,691,58
136,2,381,698,58
140,2,386,709,58
133,2,393,722,58
133,2,400,735,58
133,2,407,748,58
133,2,414,761,58
133,2,421,774,58
133,2,428,787,58
133,2,435,800,58
133,2,442,813,58
133,2,449,826,58
121,2,455,837,58
122,2,460,847,58
133,2,466,859,58
162,2,474,876,58
190,2,484,896,58
257,2,497,921,58
314,2,513,952,58
380,2,533,992,58
465,2,568,1044,58
521,2,603,1103,58
570,2,638,1156,58
576,2,680,1218,58
485,2,715,1293,58
485,2,750,1368,58
485,2,785,1443,58
485,2,820,1518,58
485,2,855,1593,58
634,2,897,1743,58
686,2,939,1899,58
686,2,988,2063,58
686,2,1037,2227,58
686,2,1086,2391,58
686,2,1135,2555,58
768,1,1181,2703,58
588,1,1216,2789,58
588,1,1251,2875,58
588,1,1286,2961,58
588,1,1321,3047,58
588,1,1356,3133,58
588,1,1391,3219,58
588,1,1426,3305,58
588,1,1461,3391,58
588,1,1496,3477,58
588,1,1531,3563,58
588,1,1566,3649,58
588,1,1601,3735,58
340,46,84,20,59
280,46,144,40,59
220,46,204,60,59
160,45,261,80,59
100,43,284,73,59
82,43,302,72,59
64,43,320,71,59
28,19,327,79,59
30,24,342,84,59
30,25,351,89,59
30,25,355,94,59
24,20,348,96,59
18,10,330,95,59
18,13,339,82,59
18,7,329,75,59
18,10,338,62,59
18,13,347,49,59
12,9,341,45,59
30,11,347,35,59
30,13,353,27,59
30,15,359,19,59
30,17,365,11,59
20,2,336,15,59
24,4,342,4,59
30,6,348,0,59
30,8,357,0,59
30,10,366,0,59
30,12,375,0,59
30,14,384,0,59
30,16,393,0,59
10,6,353,16,59
30,8,367,2,59
30,11,388,0,59
30,14,409,0,59
30,17,430,0,59
30,20,451,0,59
30,23,472,0,59
24,9,454,0,59
30,12,475,0,59
40,15,496,0,59
40,19,524,0,59
40,23,552,0,59
30,14,545,0,59
44,17,566,0,59
54,21,594,0,59
43,6,579,8,59
94,10,607,0,59
105,14,638,0,59
115,19,673,0,59
146,25,715,0,59
115,6,702,5,59
189,13,751,0,59
236,17,787,0,59
245,21,840,0,59
160,6,795,27,59
245,14,856,40,59
236,18,912,52,59
200,25,968,60,59
200,32,1024,68,59
188,22,1040,79,59
133,26,1072,71,59
133,30,1104,63,59
84,33,1128,60,59
84,36,1152,57,59
60,14,1120,66,59
84,17,1144,63,59
105,21,1176,60,59
122,25,1208,52,59
155,30,1248,39,59
182,36,1299,23,59
224,40,1355,9,59
209,27,1371,2,59
231,31,1428,0,59
231,39,1485,0,59
189,14,1477,0,59
231,22,1534,0,59
233,30,1595,0,59
224,10,1587,0,59
276,18,1644,0,59
280,26,1707,0,59
284,34,1793,0,59
273,8,1774,13,59
285,16,1860,12,59
287,24,1946,3,59
289,34,2007,7,59
292,44,2073,17,59
324,12,2079,28,59
292,22,2167,38,59
292,32,2255,48,59
324,40,2341,28,59
190,16,2269,69,59
224,20,2338,57,59
276,24,2407,39,59
179,30,2473,30,59
155,11,2468,18,59
179,17,2516,0,59
224,21,2569,0,59
224,25,2622,0,59
224,29,2675,0,59
224,33,2728,0,59
340,50,100,20,60
280,50,100,40,60
220,47,94,60,60
160,46,91,80,60
100,22,86,64,60
40,29,82,57,60
48,29,66,65,60
48,27,66,74,60
40,23,62,86,60
0,14,22,107,60
39,17,42,117,60
52,21,70,130,60
65,26,106,146,60
40,26,126,160,60
39,21,130,168,60
39,16,134,176,60
36,20,158,169,60
24,7,142,174,60
36,11,166,167,60
60,16,206,159,60
72,23,254,146,60
24,6,194,182,60
84,14,271,176,60
108,24,373,167,60
132,35,490,157,60
60,11,432,213,60
110,23,578,226,60
112,35,737,235,60
112,47,896,247,60
110,53,1030,266,60
63,16,915,358,60
238,28,1065,412,60
238,40,1231,470,60
196,40,1365,500,60
238,48,1515,529,60
238,44,1641,562,60
198,52,1793,567,60
196,44,1884,572,60
198,52,2036,577,60
200,60,2188,584,60
243,68,2342,596,60
243,64,2470,617,60
200,48,2565,638,60
248,56,2723,659,60
248,48,2849,688,60
200,24,2911,703,60
250,32,3069,704,60
250,40,3227,707,60
330,30,3317,752,60
266,38,3440,768,60
266,46,3563,784,60
266,54,3686,800,60
261,46,3775,836,60
266,54,3877,838,60
34,5,3692,936,60
269,13,3812,940,60
204,19,3914,946,60
204,25,4016,952,60
204,31,4118,958,60
158,12,4142,985,60
228,18,4238,997,60
315,22,4325,1022,60
315,26,4412,1048,60
315,30,4499,1074,60
315,34,4586,1100,60
315,38,4673,1126,60
315,42,4760,1152,60
315,46,4847,1178,60
315,50,4934,1204,60
315,54,5021,1230,60
215,27,5047,1256,60
315,31,5134,1282,60
322,39,5223,1305,60
322,47,5312,1319,60
322,55,5401,1333,60
322,63,5490,1347,60
322,71,5579,1373,60
228,37,5589,1405,60
322,45,5678,1431,60
325,53,5784,1449,60
327,61,5890,1470,60
160,5,5942,1497,60
188,26,6026,1509,60
228,52,6124,1525,60
215,29,6118,1564,60
325,58,6208,1583,60
327,87,6314,1606,60
327,95,6435,1631,60
15,35,6195,1751,60
327,43,6304,1776,60
332,51,6427,1805,60
204,59,6567,1828,60
204,67,6707,1851,60
204,75,6847,1874,60
123,60,6879,1891,60
108,40,6901,1902,60
123,45,6976,1892,60
135,50,7066,1882,60
135,27,7098,1885,60
168,31,7189,1867,60
340,50,100,20,61
280,46,84,40,61
225,22,123,59,61
171,48,160,78,61
117,66,188,79,61
95,78,204,79,61
74,85,216,82,61
61,94,228,85,61
54,97,230,88,61
47,103,242,91,61
37,105,242,94,61
24,102,234,100,61
24,108,242,100,61
14,103,230,103,61
13,109,238,103,61
3,104,226,106,61
12,107,234,105,61
12,110,242,102,61
0,94,214,111,61
12,97,218,109,61
14,100,226,108,61
13,103,234,105,61
10,106,238,102,61
7,109,242,99,61
4,112,246,96,61
3,115,250,93,61
3,118,254,90,61
3,121,258,87,61
3,124,262,84,61
12,127,266,84,61
18,130,270,84,61
17,133,278,81,61
7,128,266,84,61
12,131,274,81,61
12,137,282,77,61
14,140,290,76,61
12,146,298,72,61
12,152,306,68,61
12,155,314,65,61
12,158,322,62,61
9,161,326,59,61
6,164,330,56,61
3,167,334,53,61
3,170,338,50,61
3,173,342,47,61
3,176,346,44,61
3,179,350,41,61
3,182,354,38,61
3,185,358,35,61
3,188,362,32,61
3,191,366,29,61
3,194,370,26,61
3,197,374,23,61
3,200,378,20,61
3,203,382,17,61
3,206,386,14,61
3,209,390,11,61
3,212,394,8,61
3,215,398,5,61
3,218,402,2,61
3,221,406,0,61
3,224,410,0,61
3,227,414,0,61
3,230,418,0,61
3,233,422,0,61
3,236,426,0,61
3,239,430,0,61
3,242,434,0,61
3,245,438,0,61
3,248,442,0,61
3,251,446,0,61
3,254,450,0,61
3,257,454,0,61
3,260,458,0,61
3,263,462,0,61
3,266,466,0,61
3,269,470,0,61
3,272,474,0,61
3,275,478,0,61
3,278,482,0,61
3,281,486,0,61
3,284,490,0,61
3,287,494,0,61
3,290,498,0,61
3,293,502,0,61
3,296,506,0,61
3,299,510,0,61
3,302,514,0,61
3,305,518,0,61
3,308,522,0,61
3,311,526,0,61
3,314,530,0,61
3,317,534,0,61
3,320,538,0,61
3,323,542,0,61
3,326,546,0,61
3,329,550,0,61
3,332,554,0,61
3,335,558,0,61
3,338,562,0,61
340,46,84,20,62
280,46,144,40,62
220,45,201,60,62
160,21,214,62,62
100,29,224,64,62
40,34,233,54,62
0,34,229,50,62
0,30,222,47,62
0,34,231,38,62
0,22,210,41,62
0,20,209,36,62
4,20,212,30,62
4,22,215,25,62
4,24,218,20,62
4,26,221,15,62
4,26,224,9,62
4,26,227,3,62
4,26,230,0,62
4,26,233,0,62
4,26,236,0,62
4,26,239,0,62
4,26,242,0,62
4,26,245,0,62
4,26,248,0,62
4,26,251,0,62
4,26,254,0,62
4,26,257,0,62
4,26,260,0,62
4,26,263,0,62
4,26,266,0,62
4,26,269,0,62
4,26,272,0,62
4,26,275,0,62
4,26,278,0,62
4,26,281,0,62
4,26,284,0,62
4,26,287,0,62
4,26,290,0,62
4,26,293,0,62
4,26,296,0,62
4,26,299,0,62
4,26,302,0,62
4,26,305,0,62
4,26,308,0,62
4,26,311,0,62
4,26,314,0,62
4,26,317,0,62
4,26,320,0,62
4,26,323,0,62
4,26,326,0,62
4,26,329,0,62
4,26,332,0,62
4,26,335,0,62
4,26,338,0,62
4,26,341,0,62
4,26,344,0,62
4,26,347,0,62
4,26,350,0,62
4,26,353,0,62
4,26,356,0,62
4,26,359,0,62
4,26,362,0,62
4,26,365,0,62
4,26,368,0,62
4,26,371,0,62
4,26,374,0,62
4,26,377,0,62
4,26,380,0,62
4,26,383,0,62
4,26,386,0,62
4,26,389,0,62
4,26,392,0,62
4,26,395,0,62
4,26,398,0,62
4,26,401,0,62
4,26,404,0,62
4,26,407,0,62
4,26,410,0,62
4,26,413,0,62
4,26,416,0,62
4,26,419,0,62
4,26,422,0,62
4,26,425,0,62
4,26,428,0,62
4,26,431,0,62
4,26,434,0,62
4,26,437,0,62
4,26,440,0,62
4,26,443,0,62
4,26,446,0,62
4,26,449,0,62
4,26,452,0,62
4,26,455,0,62
4,26,458,0,62
4,26,461,0,62
4,26,464,0,62
4,26,467,0,62
4,26,470,0,62
4,26,473,0,62
4,26,476,0,62
340,49,97,20,63
280,25,92,4,63
220,35,92,0,63
160,42,86,0,63
100,52,86,0,63
40,62,86,0,63
0,72,86,0,63
0,80,86,0,63
0,83,82,0,63
0,80,66,9,63
12,82,67,11,63
14,80,61,16,63
13,73,46,19,63
12,75,48,16,63
0,70,37,22,63
13,72,38,23,63
0,57,6,30,63
13,59,7,29,63
26,62,9,30,63
39,66,13,38,63
52,71,18,46,63
78,78,25,58,63
78,72,7,82,63
175,79,14,103,63
212,88,23,130,63
250,99,34,162,63
337,113,48,204,63
420,129,76,260,63
412,86,79,331,63
484,102,107,394,63
413,58,121,467,63
357,111,138,554,63
363,171,154,641,63
357,174,197,728,63
275,98,204,824,63
311,173,252,911,63
137,183,190,987,63
138,195,178,1046,63
246,197,142,1117,63
172,192,42,1215,63
294,238,92,1300,63
271,237,60,1373,63
320,248,58,1470,63
442,300,134,1581,63
374,350,190,1674,63
314,396,238,1767,63
297,422,248,1836,63
374,476,312,1914,63
246,465,188,2024,63
376,514,282,2110,63
234,387,292,2210,63
184,183,279,2322,63
369,279,365,2400,63
314,372,454,2479,63
143,188,442,2591,63
112,178,276,2718,63
249,252,312,2802,63
246,314,321,2881,63
243,368,307,2960,63
274,452,339,3039,63
284,548,380,3105,63
271,626,392,3167,63
185,674,405,3205,63
158,694,405,3213,63
136,696,374,3254,63
77,682,273,3322,63
126,670,236,3372,63
170,687,253,3420,63
62,663,110,3505,63
136,649,69,3563,63
260,689,141,3586,63
200,673,93,3652,63
139,453,68,3745,63
281,482,78,3788,63
301,536,150,3821,63
291,593,212,3881,63
278,590,158,3947,63
216,580,95,4028,63
291,610,119,4080,63
298,667,181,4142,63
299,724,243,4207,63
141,696,74,4326,63
230,749,141,4371,63
226,778,159,4420,63
231,832,226,4455,63
143,801,137,4530,63
143,757,34,4611,63
275,810,77,4643,63
278,863,130,4681,63
279,916,183,4722,63
140,866,57,4810,63
288,919,101,4842,63
295,972,145,4876,63
297,1026,189,4916,63
143,1008,64,5018,63
360,1062,130,5078,63
360,1116,196,5139,63
296,1146,214,5200,63
105,1111,38,5312,63
301,1165,104,5359,63
340,47,94,20,64
280,47,94,40,64
220,39,78,60,64
160,37,74,80,64
226,31,62,100,64
204,7,57,142,64
168,21,57,184,64
141,28,41,226,64
93,23,25,268,64
129,31,34,310,64
129,24,11,361,64
159,34,21,412,64
204,47,35,479,64
282,66,54,573,64
322,22,75,700,64
332,78,110,835,64
327,112,102,976,64
568,163,127,1117,64
430,192,115,1212,64
373,207,124,1321,64
576,237,181,1427,64
554,233,178,1544,64
448,177,186,1661,64
519,247,243,1775,64
447,352,300,1893,64
447,457,357,2011,64
286,339,349,2135,64
381,419,358,2253,64
242,259,326,2395,64
314,361,300,2516,64
59,87,236,2633,64
284,219,274,2728,64
302,347,304,2828,64
288,481,342,2903,64
288,601,364,2978,64
266,678,320,3067,64
288,812,358,3142,64
306,946,396,3226,64
211,1019,369,3303,64
228,1092,386,3351,64
166,1127,318,3424,64
185,1186,332,3468,64
154,1193,248,3530,64
154,1182,148,3592,64
142,1163,31,3657,64
154,1218,43,3695,64
197,1269,42,3743,64
266,1348,71,3794,64
266,1427,107,3849,64
266,1506,143,3904,64
266,1585,179,3959,64
260,1650,183,4031,64
266,1729,212,4072,64
142,1744,103,4153,64
270,1824,143,4200,64
272,1904,193,4255,64
25,1555,112,4380,64
25,1206,31,4505,64
332,1308,81,4566,64
266,1364,61,4648,64
396,1467,111,4716,64
457,1570,161,4779,64
396,1673,211,4849,64
253,1721,167,4937,64
253,1733,51,5038,64
396,1836,94,5108,64
396,1939,144,5181,64
25,1519,48,5324,64
396,1624,91,5397,64
398,1729,134,5472,64
398,1818,145,5554,64
404,1914,176,5631,64
404,1990,167,5719,64
344,2062,150,5792,64
25,1582,38,5952,64
277,1690,69,6013,64
278,1798,100,6065,64
398,1873,75,6126,64
262,1949,42,6202,64
282,2058,73,6248,64
262,2125,32,6300,64
271,2228,63,6325,64
272,2331,94,6331,64
262,2412,125,6361,64
247,2498,156,6391,64
247,2584,187,6421,64
247,2670,218,6451,64
231,2708,175,6503,64
285,2719,76,6555,64
316,2805,107,6593,64
319,2891,138,6635,64
389,2977,169,6669,64
223,2988,27,6750,64
393,3075,60,6792,64
457,3163,95,6840,64
259,3172,29,6901,64
352,3253,62,6942,64
238,3304,79,6958,64
238,3355,96,6974,64
238,3406,113,6990,64
340,49,97,20,65
280,45,81,4,65
220,41,109,0,65
160,41,137,0,65
100,41,165,0,65
40,39,185,0,65
3,33,189,0,65
44,30,199,0,65
44,30,215,0,65
44,30,231,0,65
33,22,231,2,65
22,10,219,1,65
33,10,231,0,65
33,10,243,0,65
33,10,255,0,65
33,10,267,0,65
33,10,279,0,65
33,10,291,0,65
33,10,303,0,65
33,10,315,0,65
33,10,327,0,65
33,10,339,0,65
33,10,351,0,65
33,10,363,0,65
33,10,375,0,65
33,10,387,0,65
33,10,399,0,65
33,10,411,0,65
33,10,423,0,65
33,10,435,0,65
33,10,447,0,65
22,2,443,0,65
33,2,455,0,65
33,2,471,0,65
33,2,487,0,65
33,2,503,0,65
44,2,519,0,65
44,2,539,0,65
44,2,559,0,65
44,2,579,0,65
44,2,599,0,65
44,2,619,0,65
44,2,639,0,65
44,2,659,0,65
44,2,679,0,65
44,2,699,0,65
44,2,719,0,65
44,2,739,0,65
44,2,759,0,65
44,2,779,0,65
44,2,799,0,65
44,2,819,0,65
44,2,839,0,65
44,2,859,0,65
44,2,879,0,65
44,2,899,0,65
44,2,919,0,65
44,2,939,0,65
44,2,959,0,65
44,2,979,0,65
44,2,999,0,65
44,2,1019,0,65
44,2,1039,0,65
44,2,1059,0,65
44,2,1079,0,65
44,2,1099,0,65
44,2,1119,0,65
44,2,1139,0,65
44,2,1159,0,65
44,2,1179,0,65
44,2,1199,0,65
44,2,1219,0,65
44,2,1239,0,65
44,2,1259,0,65
44,2,1279,0,65
44,2,1299,0,65
44,2,1319,0,65
44,2,1339,0,65
44,2,1359,0,65
44,2,1379,0,65
44,2,1399,0,65
44,2,1419,0,65
44,2,1439,0,65
44,2,1459,0,65
44,2,1479,0,65
44,2,1499,0,65
44,2,1519,0,65
44,2,1539,0,65
44,2,1559,0,65
44,2,1579,0,65
44,2,1599,0,65
44,2,1619,0,65
44,2,1639,0,65
44,2,1659,0,65
44,2,1679,0,65
44,2,1699,0,65
44,2,1719,0,65
44,2,1739,0,65
44,2,1759,0,65
44,2,1779,0,65
340,47,94,20,66
280,39,78,40,66
220,39,78,60,66
160,37,74,80,66
178,21,42,96,66
251,21,42,127,66
567,20,39,208,66
720,20,39,121,66
861,20,39,33,66
1008,20,39,0,66
1204,20,39,0,66
1408,14,27,0,66
1134,2,3,72,66
1952,2,3,234,66
1710,2,3,375,66
1710,2,3,516,66
1710,2,3,657,66
1710,2,3,798,66
1710,2,3,939,66
1710,2,3,1080,66
1710,2,3,1221,66
1710,2,3,1362,66
1780,2,3,1464,66
1125,2,3,1552,66
1125,2,3,1640,66
1060,2,3,1717,66
1060,2,3,1794,66
1060,2,3,1871,66
1060,2,3,1948,66
1060,2,3,2025,66
1060,2,3,2102,66
1060,2,3,2179,66
1060,2,3,2256,66
1060,2,3,2333,66
1060,2,3,2410,66
1060,2,3,2487,66
761,2,3,2553,66
686,2,3,2615,66
488,2,3,2654,66
488,2,3,2693,66
488,2,3,2732,66
488,2,3,2771,66
488,2,3,2810,66
488,2,3,2849,66
488,2,3,2888,66
488,2,3,2927,66
488,2,3,2966,66
488,2,3,3005,66
488,2,3,3044,66
488,2,3,3083,66
488,2,3,3122,66
488,2,3,3161,66
370,2,3,3182,66
370,2,3,3203,66
370,2,3,3224,66
370,2,3,3245,66
370,2,3,3266,66
370,2,3,3287,66
370,2,3,3308,66
370,2,3,3329,66
370,2,3,3350,66
353,2,3,3369,66
353,2,3,3388,66
353,2,3,3407,66
353,2,3,3426,66
353,2,3,3445,66
353,2,3,3464,66
353,2,3,3483,66
353,2,3,3502,66
353,2,3,3521,66
353,2,3,3540,66
353,2,3,3559,66
316,2,3,3577,66
316,2,3,3595,66
316,2,3,3613,66
230,2,3,3623,66
191,2,3,3633,66
191,2,3,3643,66
191,2,3,3653,66
191,2,3,3663,66
172,2,3,3673,66
172,2,3,3683,66
172,2,3,3693,66
172,2,3,3703,66
196,2,3,3710,66
206,2,3,3718,66
196,2,3,3726,66
186,2,3,3734,66
176,2,3,3742,66
166,2,3,3750,66
184,2,3,3758,66
177,2,3,3765,66
170,2,3,3772,66
163,2,3,3779,66
191,2,3,3786,66
215,2,3,3793,66
225,2,3,3799,66
227,2,3,3808,66
217,2,3,3816,66
207,2,3,3824,66
340,50,100,20,67
280,26,95,40,67
220,80,89,60,67
160,112,73,80,67
100,142,113,100,67
40,172,153,120,67
0,202,193,140,67
0,226,221,155,67
0,230,221,167,67
0,240,229,176,67
18,246,237,183,67
27,255,249,193,67
18,258,249,208,67
63,267,261,221,67
100,279,277,237,67
96,275,257,260,67
130,292,274,283,67
82,283,242,303,67
133,304,270,317,67
120,290,230,344,67
101,268,170,374,67
101,226,176,404,67
25,110,152,446,67
63,77,68,482,67
171,113,104,518,67
266,169,156,572,67
376,215,101,673,67
431,319,173,776,67
400,415,193,854,67
327,429,161,962,67
294,487,177,1070,67
334,568,297,1164,67
294,638,366,1242,67
226,695,420,1290,67
319,675,352,1346,67
284,695,306,1439,67
222,686,202,1544,67
302,720,244,1631,67
370,748,262,1723,67
324,722,116,1865,67
511,776,254,1971,67
429,672,299,2093,67
613,752,427,2209,67
423,574,451,2340,67
450,652,484,2465,67
453,675,434,2603,67
456,703,368,2748,67
636,819,524,2894,67
643,954,638,3021,67
724,1089,752,3146,67
464,1163,699,3339,67
643,1243,773,3516,67
736,1378,899,3634,67
378,1148,907,3807,67
647,1314,1021,3926,67
527,1398,951,4071,67
393,1484,861,4239,67
647,1634,930,4384,67
477,1718,851,4509,67
655,1886,973,4634,67
660,2040,1063,4734,67
655,2172,1113,4894,67
668,2344,1238,4993,67
672,2498,1323,5092,67
668,2598,1304,5223,67
478,2697,1185,5399,67
525,2891,1326,5479,67
516,2993,1323,5602,67
516,3131,1392,5725,67
296,3170,1231,5897,67
457,3298,1275,6025,67
517,3388,1257,6163,67
655,3538,1395,6278,67
320,3556,1258,6456,67
521,3728,1436,6531,67
409,3800,1434,6644,67
367,3872,1432,6741,67
366,3936,1414,6838,67
281,3654,1463,7024,67
514,3826,1641,7107,67
374,3960,1731,7208,67
312,3618,1751,7427,67
457,3752,1813,7562,67
400,3773,1640,7800,67
342,3781,1420,8045,67
458,3873,1530,8191,67
625,4025,1684,8313,67
232,4004,1406,8530,67
169,3950,1095,8761,67
175,3879,726,9013,67
175,3789,318,9285,67
490,3830,474,9486,67
627,3879,703,9607,67
501,3898,847,9795,67
280,3551,901,9999,67
186,3165,934,10227,67
575,3236,1155,10371,67
585,3363,1479,10508,67
163,3278,1061,10822,67
515,3305,1240,11001,67
340,26,95,20,68
280,85,92,40,68
220,115,92,30,68
160,145,92,20,68
100,169,86,10,68
61,179,70,8,68
32,172,38,13,68
2,193,38,6,68
0,207,30,2,68
0,214,26,0,68
24,209,10,3,68
41,215,10,0,68
50,224,10,0,68
48,236,10,0,68
48,248,10,0,68
48,260,10,0,68
48,272,10,0,68
48,284,10,0,68
48,296,10,0,68
48,308,10,0,68
48,320,10,0,68
48,332,10,0,68
48,344,10,0,68
48,356,10,0,68
48,368,10,0,68
48,380,10,0,68
48,392,10,0,68
48,404,10,0,68
48,416,10,0,68
48,428,10,0,68
48,440,10,0,68
48,452,10,0,68
48,464,10,0,68
48,476,10,0,68
48,488,10,0,68
48,500,10,0,68
48,512,10,0,68
48,524,10,0,68
48,536,10,0,68
48,548,10,0,68
48,560,10,0,68
48,572,10,0,68
48,584,10,0,68
48,596,10,0,68
48,608,10,0,68
48,620,10,0,68
48,632,10,0,68
48,644,10,0,68
48,656,10,0,68
48,668,10,0,68
48,680,10,0,68
48,692,10,0,68
48,704,10,0,68
48,716,10,0,68
48,728,10,0,68
48,740,10,0,68
48,752,10,0,68
48,764,10,0,68
48,776,10,0,68
48,788,10,0,68
48,800,10,0,68
48,812,10,0,68
48,824,10,0,68
48,836,10,0,68
48,848,10,0,68
48,860,10,0,68
48,872,10,0,68
48,884,10,0,68
48,896,10,0,68
48,908,10,0,68
48,920,10,0,68
48,932,10,0,68
48,944,10,0,68
48,956,10,0,68
48,968,10,0,68
48,980,10,0,68
48,992,10,0,68
48,1004,10,0,68
48,1016,10,0,68
48,1028,10,0,68
48,1040,10,0,68
48,1052,10,0,68
48,1064,10,0,68
48,1076,10,0,68
48,1088,10,0,68
48,1100,10,0,68
48,1112,10,0,68
48,1124,10,0,68
48,1136,10,0,68
48,1148,10,0,68
48,1160,10,0,68
48,1172,10,0,68
48,1184,10,0,68
48,1196,10,0,68
48,1208,10,0,68
48,1220,10,0,68
48,1232,10,0,68
48,1244,10,0,68
48,1256,10,0,68
48,1268,10,0,68
340,47,94,20,69
280,23,89,40,69
220,62,86,60,69
160,82,86,50,69
100,96,78,43,69
40,110,78,24,69
0,120,74,8,69
12,118,58,8,69
8,106,26,12,69
12,104,14,13,69
32,112,14,9,69
48,124,14,3,69
68,140,14,0,69
92,164,14,0,69
116,194,14,0,69
180,230,14,0,69
189,275,14,0,69
189,320,14,0,69
189,365,14,0,69
189,410,14,0,69
189,455,14,0,69
189,500,14,0,69
189,545,14,0,69
189,590,14,0,69
189,635,14,0,69
189,680,14,0,69
189,725,14,0,69
189,770,14,0,69
189,815,14,0,69
189,860,14,0,69
189,905,14,0,69
189,950,14,0,69
189,995,14,0,69
189,1040,14,0,69
189,1085,14,0,69
189,1130,14,0,69
189,1175,14,0,69
189,1220,14,0,69
189,1265,14,0,69
189,1310,14,0,69
189,1355,14,0,69
189,1400,14,0,69
189,1445,14,0,69
189,1490,14,0,69
189,1535,14,0,69
189,1580,14,0,69
189,1625,14,0,69
189,1670,14,0,69
189,1715,14,0,69
189,1760,14,0,69
189,1805,14,0,69
189,1850,14,0,69
189,1895,14,0,69
189,1940,14,0,69
189,1985,14,0,69
189,2030,14,0,69
189,2075,14,0,69
189,2120,14,0,69
189,2165,14,0,69
189,2210,14,0,69
189,2255,14,0,69
189,2300,14,0,69
189,2345,14,0,69
189,2390,14,0,69
189,2435,14,0,69
189,2480,14,0,69
189,2525,14,0,69
189,2570,14,0,69
189,2615,14,0,69
189,2660,14,0,69
189,2705,14,0,69
189,2750,14,0,69
189,2795,14,0,69
189,2840,14,0,69
189,2885,14,0,69
189,2930,14,0,69
189,2975,14,0,69
189,3020,14,0,69
189,3065,14,0,69
189,3110,14,0,69
189,3155,14,0,69
189,3200,14,0,69
189,3245,14,0,69
189,3290,14,0,69
189,3335,14,0,69
189,3380,14,0,69
189,3425,14,0,69
189,3470,14,0,69
189,3515,14,0,69
189,3560,14,0,69
189,3605,14,0,69
189,3650,14,0,69
189,3695,14,0,69
189,3740,14,0,69
189,3785,14,0,69
189,3830,14,0,69
189,3875,14,0,69
189,3920,14,0,69
189,3965,14,0,69
189,4010,14,0,69
340,48,96,20,70
380,44,80,33,70
433,43,105,46,70
460,43,125,47,70
487,40,135,48,70
501,32,131,52,70
502,16,111,62,70
507,10,119,70,70
538,10,147,79,70
508,10,187,90,70
478,10,227,101,70
448,10,267,112,70
418,10,307,123,70
388,10,347,134,70
358,10,387,145,70
328,10,427,156,70
298,10,467,167,70
268,10,507,178,70
238,10,547,189,70
208,10,587,200,70
187,10,627,211,70
187,10,667,222,70
187,10,707,233,70
187,10,747,244,70
187,10,787,255,70
187,10,827,266,70
187,10,867,277,70
187,10,907,288,70
187,10,947,299,70
187,10,987,310,70
180,6,1015,321,70
147,6,1047,314,70
147,6,1075,306,70
147,6,1103,298,70
147,6,1131,290,70
147,6,1159,282,70
147,6,1187,274,70
147,6,1215,266,70
147,6,1243,258,70
147,6,1271,250,70
147,6,1299,242,70
127,6,1323,235,70
127,6,1347,228,70
127,6,1371,221,70
127,6,1395,214,70
127,6,1419,207,70
127,6,1443,200,70
127,6,1467,193,70
147,6,1483,189,70
127,6,1511,183,70
127,6,1539,177,70
135,6,1559,173,70
129,6,1583,169,70
123,6,1607,165,70
120,6,1631,161,70
120,6,1655,157,70
120,6,1679,153,70
120,6,1703,149,70
120,6,1727,145,70
120,6,1751,141,70
120,6,1775,137,70
120,6,1799,133,70
120,6,1823,129,70
120,6,1847,125,70
120,6,1871,121,70
120,6,1895,117,70
120,6,1919,113,70
120,6,1943,109,70
120,6,1967,105,70
120,6,1991,101,70
120,6,2015,97,70
120,6,2039,93,70
120,6,2063,89,70
120,6,2087,85,70
120,6,2111,81,70
120,6,2135,77,70
119,6,2155,70,70
118,6,2175,63,70
117,6,2195,56,70
116,6,2215,49,70
115,6,2235,42,70
114,6,2255,35,70
113,6,2275,28,70
127,6,2295,25,70
127,6,2323,19,70
127,6,2351,13,70
127,6,2379,7,70
120,6,2403,0,70
120,6,2427,0,70
120,6,2451,0,70
120,6,2475,0,70
120,6,2499,0,70
120,6,2523,0,70
120,6,2547,0,70
120,6,2571,0,70
120,6,2595,0,70
120,6,2619,0,70
120,6,2643,0,70
120,6,2667,0,70
120,6,2691,0,70
340,50,100,20,71
280,49,97,40,71
220,47,93,6,71
243,41,81,8,71
230,37,65,14,71
265,37,67,14,71
286,33,61,17,71
307,30,57,17,71
318,22,42,20,71
336,22,44,15,71
354,22,46,10,71
372,22,48,5,71
390,22,50,0,71
408,22,52,0,71
436,22,54,0,71
464,22,56,0,71
492,22,58,0,71
516,22,60,0,71
543,22,62,0,71
565,22,65,0,71
583,22,68,0,71
552,10,45,7,71
581,10,48,2,71
604,10,51,0,71
621,10,54,0,71
638,10,57,0,71
642,2,44,0,71
656,2,48,0,71
642,2,53,0,71
628,2,58,0,71
614,2,63,0,71
600,2,68,0,71
586,2,73,0,71
572,2,78,0,71
558,2,83,0,71
544,2,88,0,71
530,2,93,0,71
516,2,98,0,71
502,2,103,0,71
488,2,108,0,71
474,2,113,0,71
460,2,118,0,71
446,2,123,0,71
432,2,128,0,71
418,2,133,0,71
404,2,138,0,71
390,2,143,0,71
376,2,148,0,71
362,2,153,0,71
348,2,158,0,71
334,2,163,0,71
320,2,168,0,71
306,2,173,0,71
292,2,178,0,71
278,2,183,0,71
264,2,188,0,71
250,2,193,0,71
236,2,198,0,71
222,2,203,0,71
208,2,208,0,71
194,2,213,0,71
180,2,218,0,71
166,2,223,0,71
152,2,228,0,71
138,2,233,0,71
130,2,238,0,71
130,2,243,0,71
130,2,248,0,71
130,2,253,0,71
130,2,258,0,71
130,2,263,0,71
130,2,268,0,71
130,2,273,0,71
130,2,278,0,71
130,2,283,0,71
130,2,288,0,71
130,2,293,0,71
130,2,298,0,71
130,2,303,0,71
130,2,308,0,71
130,2,313,0,71
130,2,318,0,71
130,2,323,0,71
130,2,328,0,71
130,2,333,0,71
130,2,338,0,71
130,2,343,0,71
130,2,348,0,71
130,2,353,0,71
130,2,358,0,71
130,2,363,0,71
130,2,368,0,71
130,2,373,0,71
130,2,378,0,71
130,2,383,0,71
130,2,388,0,71
130,2,393,0,71
130,2,398,0,71
130,2,403,0,71
130,2,408,0,71
340,47,94,20,72
280,39,78,40,72
220,39,78,60,72
190,35,62,74,72
161,19,48,88,72
131,19,90,102,72
113,18,120,113,72
95,18,138,109,72
77,18,156,105,72
59,18,174,101,72
41,16,185,100,72
49,12,186,99,72
63,12,198,91,72
55,4,194,87,72
52,4,206,71,72
42,4,218,56,72
39,4,230,41,72
39,4,242,26,72
39,4,254,11,72
39,4,266,0,72
39,4,278,0,72
39,4,290,0,72
39,4,302,0,72
39,4,314,0,72
39,4,326,0,72
39,4,338,0,72
39,4,350,0,72
39,4,362,0,72
39,4,374,0,72
39,4,386,0,72
39,4,398,0,72
39,4,410,0,72
39,4,422,0,72
39,4,434,0,72
39,4,446,0,72
39,4,458,0,72
39,4,470,0,72
39,4,482,0,72
39,4,494,0,72
39,4,506,0,72
39,4,518,0,72
39,4,530,0,72
39,4,542,0,72
39,4,554,0,72
39,4,566,0,72
39,4,578,0,72
39,4,590,0,72
39,4,602,0,72
39,4,614,0,72
39,4,626,0,72
39,4,638,0,72
39,4,650,0,72
39,4,662,0,72
39,4,674,0,72
39,4,686,0,72
39,4,698,0,72
39,4,710,0,72
39,4,722,0,72
39,4,734,0,72
39,4,746,0,72
39,4,758,0,72
39,4,770,0,72
39,4,782,0,72
39,4,794,0,72
39,4,806,0,72
39,4,818,0,72
39,4,830,0,72
39,4,842,0,72
39,4,854,0,72
39,4,866,0,72
39,4,878,0,72
39,4,890,0,72
39,4,902,0,72
39,4,914,0,72
39,4,926,0,72
39,4,938,0,72
39,4,950,0,72
39,4,962,0,72
39,4,974,0,72
39,4,986,0,72
39,4,998,0,72
39,4,1010,0,72
39,4,1022,0,72
39,4,1034,0,72
39,4,1046,0,72
39,4,1058,0,72
39,4,1070,0,72
39,4,1082,0,72
39,4,1094,0,72
39,4,1106,0,72
39,4,1118,0,72
39,4,1130,0,72
39,4,1142,0,72
39,4,1154,0,72
39,4,1166,0,72
39,4,1178,0,72
39,4,1190,0,72
39,4,1202,0,72
39,4,1214,0,72
39,4,1226,0,72
340,49,97,20,73
280,45,81,4,73
220,21,88,6,73
160,28,100,5,73
100,35,112,4,73
40,39,118,6,73
0,37,112,11,73
0,42,122,11,73
0,44,124,14,73
6,42,118,17,73
0,27,86,22,73
0,29,90,16,73
0,22,74,17,73
0,23,76,11,73
0,22,72,10,73
9,23,72,8,73
10,25,74,6,73
18,28,78,3,73
9,5,32,12,73
27,8,36,8,73
36,13,44,3,73
18,6,8,20,73
45,11,42,19,73
63,18,88,18,73
90,28,148,18,73
126,42,230,17,73
126,52,323,21,73
209,43,307,104,73
333,27,363,194,73
343,47,487,287,73
376,59,599,365,73
340,75,719,410,73
279,47,740,469,73
276,59,836,502,73
219,23,810,550,73
276,35,906,583,73
273,47,988,622,73
273,59,1070,661,73
190,13,1018,710,73
273,25,1100,749,73
279,37,1196,784,73
336,53,1316,838,73
238,36,1272,926,73
294,51,1404,996,73
200,21,1328,1109,73
300,36,1508,1192,73
306,51,1725,1291,73
361,71,1970,1406,73
178,29,1888,1558,73
306,32,2106,1672,73
360,47,2363,1793,73
423,62,2663,1932,73
427,82,2995,2088,73
423,33,3167,2261,73
430,45,3483,2386,73
450,53,3805,2529,73
461,73,4155,2598,73
296,28,4157,2800,73
464,48,4607,2909,73
520,50,5021,3016,73
812,70,5485,3124,73
812,90,5997,3250,73
360,30,5950,3466,73
658,45,6438,3598,73
731,44,6914,3745,73
661,35,7331,3858,73
916,50,7796,3971,73
783,35,8178,4097,73
935,50,8643,4223,73
997,65,9131,4349,73
997,20,9582,4491,73
864,92,10008,4653,73
864,164,10434,4815,73
873,161,10790,4974,73
891,287,11195,5153,73
1028,413,11606,5332,73
997,350,11977,5522,73
891,466,12209,5732,73
903,626,12529,5888,73
873,554,12815,6057,73
903,770,13175,6226,73
906,986,13559,6390,73
792,866,13825,6660,73
912,1139,14137,6858,73
777,1041,14395,7102,73
830,1382,14699,7312,73
706,1234,14920,7534,73
812,1565,15144,7738,73
843,1994,15519,7933,73
706,1820,15726,8186,73
843,2294,16101,8403,73
706,2088,16251,8687,73
574,2422,16479,8772,73
546,2724,16643,8891,73
494,3022,16799,8993,73
548,3356,17027,9061,73
383,3511,16942,9237,73
473,3795,17144,9367,73
299,3363,17106,9651,73
629,3656,17233,9787,73
340,49,97,20,74
280,45,89,0,74
337,43,85,0,74
277,43,85,0,74
217,39,77,0,74
157,15,72,0,74
97,22,72,0,74
37,26,68,0,74
45,31,68,0,74
45,36,68,0,74
27,34,56,0,74
36,38,56,0,74
27,34,40,2,74
36,38,40,0,74
9,28,16,8,74
66,32,16,7,74
72,36,16,6,74
78,40,16,5,74
84,44,16,4,74
90,48,16,3,74
96,49,10,5,74
102,53,10,4,74
108,57,10,2,74
102,62,10,3,74
96,67,10,4,74
90,72,10,5,74
88,77,10,6,74
88,82,10,7,74
88,87,10,8,74
88,92,10,9,74
88,97,10,10,74
88,102,10,11,74
88,107,10,12,74
88,112,10,13,74
88,117,10,14,74
88,122,10,15,74
88,127,10,16,74
88,132,10,17,74
88,137,10,18,74
88,142,10,19,74
88,147,10,20,74
88,152,10,21,74
100,156,10,22,74
100,160,10,19,74
100,164,10,16,74
106,168,10,15,74
112,172,10,14,74
112,176,10,11,74
112,180,10,8,74
112,184,10,5,74
112,188,10,2,74
112,192,10,0,74
112,196,10,0,74
112,200,10,0,74
112,204,10,0,74
112,208,10,0,74
112,212,10,0,74
112,216,10,0,74
112,220,10,0,74
112,224,10,0,74
112,228,10,0,74
112,232,10,0,74
112,236,10,0,74
112,240,10,0,74
112,244,10,0,74
112,248,10,0,74
112,252,10,0,74
112,256,10,0,74
112,260,10,0,74
112,264,10,0,74
112,268,10,0,74
112,272,10,0,74
112,276,10,0,74
112,280,10,0,74
112,284,10,0,74
112,288,10,0,74
112,292,10,0,74
112,296,10,0,74
112,300,10,0,74
112,304,10,0,74
112,308,10,0,74
112,312,10,0,74
112,316,10,0,74
112,320,10,0,74
112,324,10,0,74
112,328,10,0,74
112,332,10,0,74
112,336,10,0,74
112,340,10,0,74
112,344,10,0,74
112,348,10,0,74
112,352,10,0,74
112,356,10,0,74
112,360,10,0,74
112,364,10,0,74
112,368,10,0,74
112,372,10,0,74
112,376,10,0,74
112,380,10,0,74
112,384,10,0,74
340,47,94,20,75
280,45,90,40,75
400,44,87,60,75
408,44,87,47,75
308,20,82,40,75
260,16,66,48,75
212,16,87,56,75
155,8,89,67,75
107,4,99,75,75
50,4,117,71,75
45,4,135,67,75
63,4,135,57,75
81,4,135,41,75
90,4,135,23,75
108,4,135,0,75
144,4,135,0,75
189,4,135,0,75
258,4,135,0,75
301,4,135,0,75
396,4,135,11,75
405,4,135,43,75
405,4,135,68,75
405,4,135,93,75
630,4,135,58,75
690,4,135,21,75
752,4,135,0,75
864,4,135,0,75
980,4,135,0,75
1100,4,135,0,75
1200,4,135,0,75
1377,4,135,0,75
1508,4,135,0,75
1696,4,135,0,75
1620,4,135,0,75
1620,4,135,0,75
1620,4,135,0,75
1620,4,135,0,75
1620,4,135,0,75
1620,4,135,0,75
1620,4,135,0,75
1620,4,135,0,75
1620,4,135,0,75
1620,4,135,0,75
1620,4,135,0,75
1620,4,135,0,75
1620,4,135,0,75
1620,4,135,0,75
1620,4,135,0,75
1620,4,135,0,75
1620,4,135,0,75
1620,4,135,0,75
1620,4,135,0,75
1620,4,135,0,75
1620,4,135,0,75
1620,4,135,0,75
1620,4,135,0,75
1620,4,135,0,75
1620,4,135,0,75
1620,4,135,0,75
1620,4,135,0,75
1620,4,135,0,75
1620,4,135,0,75
1620,4,135,0,75
1620,4,135,0,75
1620,4,135,0,75
1620,4,135,0,75
1620,4,135,0,75
1620,4,135,0,75
1620,4,135,0,75
1620,4,135,0,75
1620,4,135,0,75
1620,4,135,0,75
1620,4,135,0,75
1620,4,135,0,75
1620,4,135,0,75
1620,4,135,0,75
1620,4,135,0,75
1620,4,135,0,75
1620,4,135,0,75
1620,4,135,0,75
1620,4,135,0,75
3240,4,135,416,75
2912,4,135,749,75
2912,4,135,1082,75
2912,4,135,1415,75
2912,3,132,1748,75
1456,3,132,1605,75
1456,3,132,1462,75
1456,3,132,1319,75
1456,3,132,1176,75
1456,3,132,1033,75
1456,3,132,890,75
1456,3,132,747,75
1456,3,132,604,75
1456,3,132,461,75
1456,3,132,318,75
1456,3,132,175,75
1456,3,132,32,75
1456,3,132,0,75
1456,3,132,0,75
340,46,84,20,76
280,43,154,40,76
220,41,222,60,76
202,35,238,80,76
178,11,249,100,76
163,26,269,120,76
121,20,253,140,76
149,32,269,160,76
160,47,289,183,76
83,40,253,206,76
25,25,221,229,76
66,33,230,249,76
53,42,242,261,76
53,51,254,273,76
54,57,262,281,76
55,63,270,289,76
65,69,278,298,76
43,78,290,310,76
27,87,302,322,76
27,96,314,334,76
27,105,326,346,76
18,114,334,355,76
18,116,334,364,76
18,122,342,367,76
18,128,350,370,76
12,126,338,376,76
9,113,310,385,76
12,111,298,391,76
18,120,306,390,76
12,114,286,396,76
18,120,294,393,76
3,63,280,413,76
12,57,252,421,76
21,72,260,416,76
9,59,228,433,76
36,74,236,429,76
45,89,248,424,76
36,75,208,434,76
54,90,220,429,76
36,76,180,449,76
75,71,152,448,76
78,67,120,448,76
125,92,140,415,76
128,122,164,374,76
103,123,136,362,76
115,23,120,383,76
220,59,144,354,76
231,113,162,339,76
212,137,124,351,76
201,141,84,326,76
188,167,68,307,76
218,221,84,269,76
83,59,51,307,76
217,115,67,288,76
217,171,83,272,76
175,176,18,262,76
217,232,34,246,76
217,302,50,233,76
217,372,66,220,76
217,442,82,207,76
153,454,34,206,76
224,510,50,193,76
228,580,66,187,76
218,616,42,207,76
229,686,62,219,76
229,756,82,221,76
154,778,22,256,76
154,815,42,254,76
154,852,62,252,76
10,613,6,334,76
144,646,26,335,76
157,688,48,334,76
224,733,75,345,76
224,782,102,358,76
121,779,47,391,76
238,824,74,404,76
238,869,101,419,76
13,575,33,514,76
189,631,60,529,76
183,642,31,566,76
190,682,58,569,76
191,738,85,574,76
127,735,16,617,76
199,791,43,626,76
250,848,70,640,76
252,910,98,660,76
198,918,61,682,76
254,976,89,690,76
192,980,44,702,76
254,1038,72,700,76
254,1096,100,700,76
36,744,21,819,76
203,804,49,819,76
257,868,77,825,76
201,914,106,827,76
201,960,135,829,76
208,991,164,831,76
189,969,95,874,76
232,958,43,889,76
233,989,72,881,76
340,50,100,20,77
280,46,84,40,77
220,46,104,60,77
160,46,124,80,77
138,43,129,92,77
116,43,141,104,77
95,42,150,116,77
73,42,156,110,77
52,40,157,107,77
30,32,144,113,77
17,32,147,113,77
4,8,143,122,77
0,4,137,128,77
0,4,139,129,77
0,4,141,129,77
0,4,142,128,77
0,4,143,129,77
0,4,144,129,77
0,4,145,131,77
0,4,146,132,77
340,46,84,20,78
280,46,144,40,78
220,22,175,60,78
160,41,202,80,78
100,51,216,82,78
75,56,225,87,78
43,56,221,95,78
35,66,236,100,78
35,76,251,105,78
35,80,258,113,78
21,78,254,115,78
14,70,239,114,78
21,74,248,98,78
0,14,237,117,78
14,20,246,110,78
7,7,220,115,78
14,11,226,102,78
13,9,220,103,78
26,15,229,98,78
26,13,222,97,78
26,17,228,92,78
0,6,207,102,78
19,9,213,99,78
19,13,219,97,78
19,17,225,95,78
19,21,231,93,78
19,25,237,91,78
19,29,243,89,78
25,30,246,86,78
12,14,217,95,78
19,15,220,92,78
19,16,223,86,78
19,17,226,80,78
19,18,229,74,78
19,19,232,68,78
19,20,235,62,78
12,13,222,65,78
13,14,225,59,78
13,15,228,53,78
13,16,231,47,78
13,17,234,41,78
13,18,237,35,78
0,2,208,44,78
13,3,211,38,78
13,6,217,34,78
13,9,223,30,78
13,12,229,26,78
13,15,235,22,78
13,18,241,18,78
0,3,212,26,78
13,4,215,20,78
13,7,221,16,78
13,10,227,12,78
13,13,233,8,78
13,16,239,4,78
13,19,245,0,78
13,22,251,0,78
0,2,214,11,78
13,3,217,5,78
13,4,220,0,78
13,5,223,0,78
13,6,226,0,78
13,7,229,0,78
13,8,232,0,78
13,9,235,0,78
13,10,238,0,78
13,11,241,0,78
13,12,244,0,78
13,13,247,0,78
13,14,250,0,78
13,15,253,0,78
13,16,256,0,78
13,17,259,0,78
13,18,262,0,78
13,19,265,0,78
13,20,268,0,78
13,21,271,0,78
13,22,274,0,78
13,23,277,0,78
13,24,280,0,78
13,25,283,0,78
13,26,286,0,78
13,27,289,0,78
13,28,292,0,78
13,29,295,0,78
13,30,298,0,78
13,31,301,0,78
13,32,304,0,78
13,33,307,0,78
13,34,310,0,78
13,35,313,0,78
13,36,316,0,78
13,37,319,0,78
13,38,322,0,78
13,39,325,0,78
13,40,328,0,78
13,41,331,0,78
13,42,334,0,78
13,43,337,0,78
13,44,340,0,78
340,46,84,20,79
280,46,84,40,79
220,45,81,60,79
160,21,76,62,79
100,49,76,61,79
40,77,76,60,79
0,97,68,62,79
0,113,68,53,79
0,123,64,50,79
20,128,58,50,79
18,124,42,50,79
26,132,42,44,79
44,140,42,41,79
52,136,26,44,79
57,136,10,48,79
62,144,10,40,79
70,156,10,34,79
66,168,10,22,79
62,180,10,10,79
58,192,10,0,79
54,204,10,0,79
50,216,10,0,79
46,228,10,0,79
42,240,10,0,79
38,252,10,0,79
34,264,10,0,79
30,276,10,0,79
30,288,10,0,79
30,300,10,0,79
30,312,10,0,79
30,324,10,0,79
30,336,10,0,79
30,348,10,0,79
30,360,10,0,79
30,372,10,0,79
30,384,10,0,79
30,396,10,0,79
30,408,10,0,79
30,420,10,0,79
30,432,10,0,79
30,444,10,0,79
30,456,10,0,79
30,468,10,0,79
30,480,10,0,79
30,492,10,0,79
30,504,10,0,79
30,516,10,0,79
30,528,10,0,79
30,540,10,0,79
30,552,10,0,79
30,564,10,0,79
30,576,10,0,79
30,588,10,0,79
30,600,10,0,79
30,612,10,0,79
30,624,10,0,79
30,636,10,0,79
30,648,10,0,79
30,660,10,0,79
30,672,10,0,79
30,684,10,0,79
30,696,10,0,79
30,708,10,0,79
30,720,10,0,79
30,732,10,0,79
30,744,10,0,79
30,756,10,0,79
30,768,10,0,79
30,780,10,0,79
30,792,10,0,79
30,804,10,0,79
30,816,10,0,79
30,828,10,0,79
30,840,10,0,79
30,852,10,0,79
30,864,10,0,79
30,876,10,0,79
30,888,10,0,79
30,900,10,0,79
30,912,10,0,79
30,924,10,0,79
30,936,10,0,79
30,948,10,0,79
30,960,10,0,79
30,972,10,0,79
30,984,10,0,79
30,996,10,0,79
0,1012,10,0,79
0,1024,10,0,79
0,1036,10,0,79
0,1044,10,0,79
0,1046,6,0,79
13,1050,6,0,79
22,1054,6,0,79
31,1058,6,0,79
40,1062,6,0,79
49,1066,6,0,79
58,1070,6,0,79
67,1074,6,0,79
76,1078,6,0,79
340,50,100,20,80
280,48,96,40,80
318,42,84,60,80
418,42,84,80,80
422,30,60,100,80
462,6,55,120,80
527,21,55,140,80
542,26,39,160,80
582,38,47,180,80
622,50,55,200,80
662,62,63,220,80
702,68,65,240,80
742,72,49,260,80
683,15,35,286,80
674,28,19,312,80
681,50,23,338,80
679,72,28,367,80
677,94,33,396,80
675,116,38,425,80
673,138,43,454,80
699,153,46,472,80
705,175,50,497,80
629,164,16,524,80
667,181,20,551,80
668,206,25,586,80
625,236,31,628,80
372,118,3,670,80
304,150,8,712,80
236,182,13,754,80
197,213,15,796,80
178,239,20,823,80
178,265,25,850,80
178,291,30,877,80
178,317,35,904,80
141,322,7,934,80
169,348,12,960,80
185,375,17,989,80
234,413,23,1027,80
271,457,30,1069,80
308,507,38,1117,80
354,559,40,1175,80
397,613,36,1232,80
406,677,50,1263,80
333,718,19,1300,80
350,766,55,1327,80
308,782,41,1363,80
350,830,77,1393,80
415,903,101,1417,80
342,955,83,1465,80
356,1007,99,1507,80
206,859,79,1572,80
322,901,62,1619,80
374,951,63,1643,80
202,813,41,1705,80
337,886,74,1702,80
331,939,67,1718,80
238,977,38,1748,80
366,1050,71,1764,80
366,1123,104,1772,80
252,1171,44,1822,80
366,1227,77,1816,80
366,1259,62,1841,80
314,1317,96,1857,80
252,1333,44,1882,80
242,1178,20,1931,80
359,1234,42,1962,80
359,1290,64,1994,80
359,1346,86,2026,80
359,1402,108,2058,80
294,1434,48,2112,80
359,1490,77,2159,80
359,1546,106,2209,80
352,1568,70,2238,80
183,1348,32,2324,80
314,1426,61,2374,80
360,1504,90,2428,80
352,1540,38,2464,80
362,1618,67,2521,80
366,1697,96,2569,80
366,1778,125,2608,80
366,1859,154,2647,80
360,1909,127,2716,80
238,1927,34,2778,80
320,2008,73,2832,80
315,2032,43,2874,80
368,2090,82,2916,80
369,2148,122,2950,80
373,2206,162,2974,80
242,2197,121,2985,80
121,1972,78,3059,80
307,2013,110,3056,80
239,2004,52,3068,80
307,2036,84,3052,80
83,1747,23,3146,80
249,1807,55,3134,80
249,1867,87,3124,80
249,1927,119,3114,80
249,1987,151,3104,80
207,1992,94,3108,80
42,1641,14,3222,80
340,46,84,20,81
280,43,78,40,81
220,42,75,60,81
160,34,59,56,81
100,10,54,58,81
40,6,46,60,81
0,6,46,50,81
0,4,42,44,81
24,4,42,41,81
36,4,42,36,81
48,4,42,32,81
60,4,42,27,81
72,4,42,19,81
96,4,42,11,81
120,4,42,0,81
168,4,42,0,81
192,4,42,0,81
220,12,42,0,81
204,2,2,4,81
220,8,62,16,81
224,16,125,25,81
192,16,189,23,81
192,16,249,24,81
192,16,309,25,81
192,16,369,26,81
192,16,429,27,81
192,16,489,28,81
192,16,549,29,81
192,16,609,30,81
192,16,669,31,81
192,16,729,32,81
192,16,789,33,81
180,10,833,40,81
168,10,885,53,81
168,10,937,66,81
168,10,989,79,81
168,10,1041,92,81
96,10,1073,99,81
96,10,1105,106,81
96,10,1137,113,81
96,10,1169,120,81
96,10,1201,127,81
96,10,1233,134,81
96,2,1245,147,81
84,2,1273,139,81
84,2,1301,131,81
84,2,1329,123,81
84,2,1357,115,81
84,2,1385,108,81
84,2,1413,101,81
84,2,1441,94,81
84,2,1469,87,81
84,2,1493,79,81
84,2,1517,71,81
84,2,1541,63,81
84,2,1565,55,81
84,2,1589,47,81
84,2,1613,39,81
84,2,1637,31,81
96,2,1665,38,81
120,2,1701,49,81
132,2,1745,59,81
156,2,1793,71,81
168,8,1856,86,81
228,14,1919,105,81
228,20,1982,126,81
228,26,2045,147,81
168,24,2092,168,81
120,4,2048,197,81
171,10,2147,218,81
171,16,2246,227,81
168,10,2318,250,81
171,16,2417,245,81
171,22,2516,243,81
168,14,2570,241,81
264,18,2650,239,81
214,6,2698,240,81
216,10,2778,213,81
218,14,2860,178,81
218,18,2942,143,81
218,22,3024,108,81
218,26,3106,73,81
214,10,3146,52,81
218,14,3228,3,81
220,18,3310,0,81
220,22,3392,0,81
116,10,3442,0,81
177,14,3543,0,81
177,20,3644,0,81
177,26,3745,0,81
177,32,3846,0,81
177,38,3947,0,81
177,44,4048,0,81
174,24,4082,0,81
116,16,4140,0,81
236,20,4222,0,81
180,24,4306,0,81
174,10,4350,0,81
232,14,4412,0,81
232,18,4496,0,81
340,50,100,20,82
280,47,94,40,82
220,47,94,60,82
160,43,78,80,82
100,42,115,100,82
40,40,129,93,82
50,32,123,95,82
50,8,128,103,82
60,8,140,108,82
60,2,140,120,82
96,2,152,132,82
80,2,162,140,82
80,2,172,148,82
80,2,182,156,82
80,2,192,164,82
80,2,202,172,82
80,2,212,180,82
80,2,222,188,82
80,2,232,196,82
80,2,242,204,82
80,2,252,212,82
80,2,262,220,82
80,2,272,228,82
80,2,282,236,82
80,2,292,244,82
80,2,302,252,82
80,2,312,260,82
80,2,322,268,82
71,2,332,275,82
64,2,342,282,82
64,2,352,289,82
64,2,362,296,82
64,2,372,303,82
64,2,382,310,82
64,2,392,317,82
64,2,402,324,82
64,2,412,331,82
64,2,422,338,82
64,2,432,345,82
64,2,442,352,82
64,2,452,359,82
64,2,462,366,82
64,2,472,373,82
64,2,482,380,82
64,2,492,387,82
83,2,498,392,82
93,2,506,399,82
80,2,516,407,82
80,2,526,415,82
80,2,536,423,82
80,2,546,431,82
80,2,556,439,82
80,2,566,447,82
80,2,576,455,82
80,2,586,463,82
80,2,596,471,82
80,2,606,479,82
80,2,616,487,82
75,2,626,495,82
74,2,636,503,82
74,2,646,511,82
74,2,656,519,82
74,2,666,527,82
74,2,676,535,82
90,2,688,540,82
112,2,702,545,82
144,2,720,552,82
192,2,744,562,82
256,2,776,578,82
208,2,804,590,82
208,2,832,602,82
192,2,858,613,82
192,2,884,624,82
192,2,910,635,82
192,2,936,646,82
147,2,954,653,82
128,2,972,660,82
128,2,990,667,82
128,2,1008,674,82
128,2,1026,681,82
176,2,1026,679,82
266,2,1026,678,82
368,2,1026,678,82
522,2,1026,677,82
720,2,1026,675,82
656,2,1026,689,82
656,2,1026,703,82
656,2,1026,717,82
656,2,1026,731,82
656,2,1026,745,82
656,2,1026,759,82
656,2,1026,773,82
656,2,1026,787,82
656,2,1026,801,82
656,2,1026,815,82
656,2,1026,829,82
656,2,1026,843,82
624,2,1026,840,82
624,2,1026,837,82
624,2,1026,834,82
340,50,100,20,83
280,46,84,40,83
220,45,141,60,83
160,43,164,53,83
135,37,167,61,83
91,25,149,75,83
97,25,149,79,83
81,21,133,89,83
77,21,145,96,83
72,18,151,103,83
68,18,163,110,83
56,10,155,120,83
52,10,167,127,83
48,10,179,134,83
44,10,191,141,83
39,6,195,151,83
34,6,207,155,83
33,6,219,159,83
37,6,227,161,83
35,6,235,162,83
33,6,243,163,83
31,6,251,164,83
29,6,259,165,83
36,6,267,169,83
33,6,275,171,83
30,6,283,173,83
40,6,287,176,83
47,6,295,180,83
54,6,303,184,83
58,6,311,186,83
62,6,319,188,83
60,6,327,189,83
58,6,335,190,83
56,6,343,191,83
54,6,351,192,83
52,6,359,193,83
50,6,367,194,83
48,6,375,195,83
46,6,383,196,83
44,6,391,197,83
51,6,399,201,83
51,6,407,201,83
51,6,415,201,83
51,6,423,201,83
51,6,431,201,83
51,6,439,201,83
51,6,447,201,83
55,6,455,203,83
55,6,463,203,83
55,6,471,203,83
55,6,479,203,83
59,6,487,205,83
57,6,495,206,83
55,6,503,207,83
53,6,511,208,83
51,6,519,209,83
49,6,527,210,83
47,6,535,211,83
45,6,543,212,83
43,6,551,213,83
41,6,559,214,83
39,6,567,215,83
49,6,571,218,83
56,6,579,222,83
53,6,587,224,83
51,6,595,225,83
58,6,603,229,83
62,6,611,231,83
62,6,619,231,83
62,6,627,231,83
62,6,635,231,83
62,6,643,231,83
62,6,651,231,83
62,6,659,231,83
62,6,667,231,83
62,6,675,231,83
62,6,683,231,83
62,6,691,231,83
62,6,699,231,83
62,6,707,231,83
67,6,711,233,83
72,6,715,235,83
82,6,719,238,83
86,6,727,240,83
83,6,735,242,83
80,6,743,244,83
77,6,751,246,83
74,6,759,248,83
71,6,767,250,83
68,6,775,252,83
66,6,783,253,83
64,6,791,254,83
62,6,799,255,83
61,6,811,256,83
60,6,823,257,83
59,6,835,258,83
58,6,847,259,83
57,6,859,260,83
56,6,871,261,83
55,6,883,262,83
340,50,100,20,84
280,50,100,40,84
220,47,94,60,84
160,39,78,80,84
116,39,78,97,84
73,37,74,114,84
128,31,62,131,84
210,19,38,163,84
264,1,2,205,84
468,1,2,253,84
642,1,2,319,84
798,1,2,401,84
917,1,2,506,84
1050,1,2,618,84
1104,1,2,734,84
1110,1,2,854,84
1215,1,2,984,84
1366,1,2,1125,84
1425,1,2,1272,84
1260,1,2,1426,84
1260,1,2,1580,84
1260,1,2,1734,84
1260,1,2,1888,84
1260,1,2,2041,84
1260,1,2,2194,84
1260,1,2,2347,84
1260,1,2,2500,84
1425,1,2,2647,84
1379,1,2,2810,84
1215,1,2,2939,84
1215,1,2,3068,84
1215,1,2,3197,84
1215,1,2,3326,84
1215,1,2,3455,84
1215,1,2,3584,84
1050,1,2,3698,84
1050,1,2,3812,84
1050,1,2,3926,84
1050,1,2,4040,84
1050,1,2,4154,84
1050,1,2,4268,84
1050,1,2,4382,84
1050,1,2,4496,84
1050,1,2,4610,84
1050,1,2,4724,84
1050,1,2,4838,84
1050,1,2,4952,84
1050,1,2,5066,84
1050,1,2,5180,84
888,1,2,5271,84
888,1,2,5362,84
888,1,2,5453,84
888,1,2,5544,84
888,1,2,5635,84
888,1,2,5726,84
888,1,2,5817,84
888,1,2,5908,84
888,1,2,5999,84
888,1,2,6090,84
888,1,2,6181,84
834,1,2,6251,84
814,1,2,6318,84
794,1,2,6385,84
774,1,2,6452,84
754,1,2,6519,84
734,1,2,6586,84
714,1,2,6653,84
694,1,2,6720,84
758,1,2,6787,84
981,1,2,6876,84
1256,1,2,6996,84
1388,1,2,7124,84
1517,1,2,7261,84
1620,1,2,7408,84
1564,1,2,7571,84
1564,1,2,7734,84
1564,1,2,7897,84
1564,1,2,8060,84
1564,1,2,8223,84
1485,1,2,8383,84
1485,1,2,8543,84
1485,1,2,8703,84
1485,1,2,8863,84
1485,1,2,9023,84
1485,1,2,9183,84
1440,1,2,9335,84
1440,1,2,9487,84
1190,1,2,9602,84
1288,1,2,9717,84
1566,1,2,9848,84
1770,1,2,9994,84
1647,1,2,10156,84
1647,1,2,10318,84
1647,1,2,10480,84
1647,1,2,10642,84
1647,1,2,10804,84
1647,1,2,10966,84
1647,1,2,11128,84
1647,1,2,11290,84
1647,1,2,11452,84
340,49,97,20,85
280,45,81,4,85
220,43,95,0,85
188,43,109,2,85
148,37,107,10,85
158,37,117,15,85
140,13,118,26,85
136,21,126,34,85
132,29,134,42,85
90,21,114,59,85
98,25,118,65,85
99,25,114,73,85
100,25,110,81,85
101,29,114,83,85
102,33,118,85,85
103,37,122,87,85
104,41,126,89,85
105,45,130,91,85
106,49,134,93,85
107,53,138,95,85
108,57,142,97,85
109,61,146,99,85
110,65,150,101,85
111,69,154,103,85
118,71,158,106,85
125,73,162,109,85
132,72,158,112,85
139,74,162,115,85
146,76,166,118,85
155,78,168,120,85
149,72,154,125,85
154,74,156,124,85
148,62,134,132,85
153,64,136,131,85
158,66,138,130,85
163,68,140,129,85
167,70,144,130,85
168,74,148,132,85
169,78,152,134,85
156,68,130,142,85
154,70,132,140,85
151,62,118,144,85
149,64,120,142,85
147,66,122,140,85
145,68,124,138,85
143,70,126,136,85
141,72,128,134,85
139,74,130,132,85
137,76,132,130,85
135,78,134,128,85
133,80,136,126,85
131,82,138,124,85
129,84,140,122,85
127,86,142,120,85
125,88,144,118,85
123,90,146,116,85
123,92,148,115,85
123,94,150,114,85
123,96,152,113,85
123,98,154,112,85
123,100,156,111,85
124,102,158,113,85
125,104,160,115,85
126,106,162,117,85
127,108,164,119,85
128,110,166,121,85
129,112,168,123,85
130,114,170,125,85
131,116,172,127,85
132,118,174,129,85
133,120,176,131,85
134,122,178,133,85
135,124,180,135,85
136,126,182,137,85
137,128,184,139,85
138,130,186,141,85
139,132,188,143,85
140,134,190,145,85
141,136,192,147,85
144,136,194,147,85
147,136,196,147,85
150,136,198,147,85
153,136,200,147,85
156,136,202,147,85
159,136,204,147,85
162,136,206,147,85
165,136,208,147,85
168,136,210,147,85
171,136,212,147,85
174,136,214,147,85
177,136,216,147,85
180,136,218,147,85
183,136,220,147,85
186,136,222,147,85
189,136,224,147,85
192,136,226,147,85
195,136,228,147,85
198,136,228,146,85
201,136,228,145,85
204,136,228,144,85
340,46,84,20,86
280,44,134,40,86
280,43,161,60,86
250,37,161,65,86
285,37,176,70,86
320,34,182,75,86
317,10,186,86,86
333,10,198,94,86
336,6,202,104,86
333,6,211,103,86
330,6,220,102,86
327,6,229,101,86
324,6,238,100,86
321,6,247,99,86
318,6,256,98,86
315,6,265,97,86
329,6,271,96,86
345,6,280,97,86
361,6,289,98,86
377,6,298,99,86
380,3,301,100,86
396,3,310,101,86
406,3,319,100,86
410,3,328,97,86
407,3,337,96,86
404,3,346,95,86
401,3,355,94,86
398,3,364,93,86
414,3,373,94,86
424,3,382,93,86
440,3,391,94,86
443,3,400,92,86
438,3,412,93,86
433,3,424,94,86
428,3,436,95,86
423,3,448,96,86
418,3,460,97,86
413,3,472,98,86
408,3,484,99,86
403,3,496,100,86
398,3,508,101,86
393,3,520,102,86
388,3,532,103,86
383,3,544,104,86
378,3,556,105,86
373,3,568,106,86
368,3,580,107,86
363,3,592,108,86
358,3,604,109,86
353,3,616,110,86
363,3,625,109,86
353,3,637,109,86
343,3,649,109,86
333,3,661,109,86
323,3,673,109,86
331,3,682,109,86
347,3,691,110,86
363,3,700,111,86
373,3,709,110,86
370,3,718,109,86
367,3,727,108,86
364,3,736,107,86
361,3,745,106,86
358,3,754,105,86
355,3,763,104,86
352,3,772,103,86
349,3,781,102,86
346,3,790,101,86
343,3,799,100,86
360,3,805,97,86
379,3,811,95,86
389,3,820,94,86
386,3,829,93,86
383,3,838,92,86
380,3,847,91,86
377,3,856,90,86
396,3,862,88,86
406,3,871,87,86
403,3,880,86,86
400,3,889,85,86
397,3,898,84,86
394,3,907,83,86
391,3,916,82,86
388,3,925,81,86
391,3,934,79,86
381,3,946,79,86
371,3,958,79,86
361,3,970,79,86
351,3,982,79,86
341,3,994,79,86
331,3,1006,79,86
328,3,1015,78,86
325,3,1024,77,86
322,3,1033,76,86
319,3,1042,75,86
316,3,1051,74,86
313,3,1060,73,86
310,3,1069,72,86
318,3,1078,72,86
322,3,1087,69,86
340,50,100,20,87
280,47,94,40,87
220,47,94,60,87
160,39,78,80,87
100,39,78,100,87
40,23,46,120,87
0,23,46,140,87
0,21,42,155,87
156,21,42,167,87
418,21,42,199,87
1183,21,42,290,87
3034,21,42,533,87
4081,17,26,858,87
2511,17,770,1289,87
2449,16,1457,1652,87
936,10,1697,1688,87
946,6,1878,1756,87
784,6,2046,1726,87
784,6,2214,1696,87
784,6,2382,1666,87
784,6,2550,1636,87
784,6,2718,1606,87
784,6,2886,1576,87
784,6,3054,1546,87
784,6,3222,1516,87
784,6,3390,1486,87
784,6,3558,1456,87
635,6,3705,1447,87
635,6,3852,1438,87
635,6,3999,1429,87
635,6,4146,1420,87
635,6,4293,1411,87
635,6,4440,1402,87
635,6,4587,1393,87
635,6,4734,1384,87
635,6,4881,1375,87
635,6,5028,1366,87
558,6,5148,1356,87
558,6,5268,1346,87
558,6,5388,1336,87
558,6,5508,1326,87
558,6,5628,1316,87
558,6,5748,1306,87
558,6,5868,1296,87
558,6,5988,1286,87
558,6,6108,1276,87
399,6,6180,1247,87
399,6,6252,1218,87
399,6,6324,1189,87
399,6,6396,1160,87
399,6,6468,1131,87
399,6,6540,1102,87
399,6,6612,1073,87
399,6,6684,1044,87
399,6,6756,1015,87
399,6,6828,986,87
399,6,6900,957,87
399,6,6972,928,87
399,6,7044,899,87
399,6,7116,870,87
399,6,7188,841,87
399,6,7260,812,87
285,6,7324,793,87
234,6,7376,777,87
234,6,7428,761,87
234,6,7480,745,87
234,6,7532,729,87
234,6,7584,713,87
234,6,7636,697,87
234,6,7688,681,87
234,6,7740,665,87
234,6,7792,649,87
234,6,7844,633,87
234,6,7896,617,87
153,6,7932,606,87
153,6,7968,595,87
153,6,8004,584,87
153,6,8040,573,87
153,6,8076,562,87
153,6,8112,551,87
153,6,8148,540,87
153,6,8184,529,87
153,6,8220,518,87
153,6,8256,507,87
153,6,8292,496,87
153,6,8328,485,87
153,6,8364,474,87
153,6,8400,463,87
153,6,8436,452,87
153,6,8472,441,87
153,6,8508,430,87
153,6,8544,419,87
153,6,8580,408,87
153,6,8616,397,87
153,6,8652,386,87
153,6,8688,375,87
153,6,8724,364,87
153,6,8760,353,87
153,6,8796,342,87
153,6,8832,331,87
340,46,84,20,88
280,22,103,40,88
220,38,117,60,88
160,42,115,80,88
100,52,125,100,88
40,44,105,120,88
40,52,113,140,88
40,57,115,160,88
40,65,123,180,88
40,73,131,200,88
30,73,121,220,88
40,80,126,240,88
10,72,86,261,88
20,62,60,279,88
40,70,72,294,88
20,58,42,322,88
115,58,57,341,88
115,34,22,373,88
138,34,41,399,88
184,34,65,430,88
184,2,25,478,88
230,2,56,520,88
322,2,96,574,88
476,2,179,665,88
484,2,243,761,88
484,2,319,863,88
336,2,380,934,88
336,2,441,1005,88
336,2,502,1076,88
336,2,563,1147,88
336,2,624,1218,88
336,2,685,1289,88
336,2,746,1360,88
240,2,777,1403,88
240,2,808,1446,88
240,2,839,1489,88
240,2,870,1532,88
161,2,889,1558,88
161,2,908,1584,88
161,2,927,1610,88
161,2,946,1636,88
161,2,965,1662,88
161,2,984,1688,88
161,2,1003,1714,88
148,2,1022,1741,88
148,2,1041,1768,88
148,2,1060,1795,88
148,2,1079,1822,88
148,2,1098,1849,88
148,2,1117,1876,88
148,2,1136,1903,88
148,2,1155,1930,88
148,2,1174,1957,88
148,2,1193,1984,88
148,2,1212,2011,88
148,2,1231,2038,88
148,2,1250,2065,88
148,2,1269,2092,88
138,2,1285,2116,88
138,2,1301,2140,88
138,2,1317,2164,88
138,2,1333,2188,88
138,2,1349,2212,88
138,2,1365,2236,88
138,2,1381,2260,88
138,2,1397,2284,88
138,2,1413,2308,88
138,2,1429,2332,88
138,2,1445,2356,88
138,2,1461,2380,88
138,2,1477,2404,88
138,2,1493,2428,88
138,2,1509,2452,88
138,2,1525,2476,88
138,2,1541,2500,88
138,2,1557,2524,88
138,2,1573,2548,88
138,2,1589,2572,88
138,2,1605,2596,88
138,2,1621,2620,88
138,2,1637,2644,88
138,2,1653,2668,88
120,2,1665,2683,88
102,2,1677,2698,88
92,2,1689,2713,88
92,2,1701,2728,88
92,2,1713,2743,88
92,2,1725,2758,88
92,2,1737,2773,88
92,2,1749,2788,88
92,2,1761,2803,88
92,2,1773,2818,88
92,2,1785,2833,88
92,2,1797,2848,88
94,2,1806,2860,88
92,2,1816,2874,88
92,2,1826,2888,88
92,2,1836,2902,88
101,2,1845,2913,88
92,2,1858,2931,88
340,47,94,20,89
280,46,91,40,89
220,44,87,6,89
202,38,75,5,89
184,38,75,7,89
142,26,51,21,89
112,26,51,26,89
80,22,35,37,89
54,22,44,45,89
28,22,53,53,89
18,22,62,61,89
18,22,71,69,89
18,22,80,77,89
18,22,89,85,89
18,22,98,93,89
18,22,107,101,89
12,14,100,112,89
18,14,109,120,89
0,4,69,141,89
12,4,84,151,89
18,4,101,162,89
12,4,113,171,89
12,4,125,180,89
12,4,137,189,89
12,4,149,198,89
12,4,161,207,89
12,4,173,216,89
12,4,185,225,89
12,4,197,234,89
12,4,209,243,89
12,4,221,252,89
12,4,233,261,89
12,4,245,270,89
12,4,257,279,89
12,4,269,288,89
12,4,281,297,89
12,4,293,306,89
12,4,305,315,89
12,4,317,324,89
12,4,329,333,89
12,4,339,339,89
6,4,346,345,89
6,4,353,351,89
6,4,360,357,89
6,4,367,363,89
6,4,374,369,89
6,4,381,375,89
6,4,388,381,89
6,4,395,387,89
6,4,402,393,89
6,4,409,399,89
6,4,416,405,89
6,4,423,411,89
6,4,430,417,89
6,4,437,423,89
6,4,444,429,89
6,4,451,435,89
6,4,458,441,89
6,4,465,447,89
6,4,472,453,89
6,4,479,459,89
6,4,486,465,89
6,4,493,471,89
6,4,500,477,89
6,4,507,483,89
6,4,514,489,89
6,4,521,495,89
6,4,528,501,89
6,4,535,507,89
6,4,542,513,89
6,4,549,519,89
6,4,556,525,89
6,4,563,531,89
6,4,570,537,89
6,4,577,543,89
6,4,584,549,89
6,4,591,555,89
6,4,598,561,89
6,4,605,567,89
6,4,612,573,89
6,4,619,579,89
6,4,626,585,89
6,4,633,591,89
6,4,640,597,89
6,4,645,601,89
6,4,650,605,89
6,4,655,609,89
6,4,660,613,89
6,4,665,617,89
6,4,670,621,89
6,4,675,625,89
6,4,680,629,89
6,4,685,633,89
8,4,690,638,89
10,4,695,643,89
12,4,700,648,89
14,4,705,653,89
16,4,710,658,89
18,4,715,663,89
20,4,720,668,89
340,50,100,20,90
280,50,100,40,90
220,48,96,60,90
274,45,90,80,90
334,45,90,100,90
327,45,90,141,90
272,41,74,182,90
121,35,98,223,90
91,23,88,256,90
42,13,56,289,90
90,12,74,322,90
84,12,92,340,90
84,12,110,358,90
84,12,128,376,90
70,4,130,397,90
84,4,148,415,90
56,4,163,429,90
56,4,178,443,90
56,4,193,457,90
56,4,208,471,90
56,4,223,485,90
56,4,238,499,90
56,4,253,513,90
56,4,268,527,90
56,4,283,541,90
56,4,298,555,90
56,4,313,569,90
56,4,328,583,90
56,4,343,597,90
56,4,358,611,90
56,4,373,625,90
56,4,388,639,90
56,4,403,653,90
40,4,420,664,90
40,4,437,675,90
40,4,454,686,90
40,4,471,697,90
40,4,488,708,90
40,4,505,719,90
40,4,522,730,90
40,4,539,741,90
40,4,556,752,90
40,4,573,763,90
40,4,590,774,90
40,4,607,785,90
40,4,624,796,90
40,4,641,807,90
40,4,658,818,90
40,4,675,829,90
40,4,692,840,90
40,4,709,851,90
40,4,726,862,90
40,4,743,873,90
40,4,760,884,90
40,4,777,895,90
40,4,794,906,90
40,4,811,917,90
40,4,828,928,90
40,4,845,939,90
40,4,862,950,90
40,4,879,961,90
40,4,896,972,90
40,4,913,983,90
40,4,930,994,90
40,4,947,1005,90
40,4,964,1016,90
40,4,981,1027,90
40,4,998,1038,90
32,4,1010,1048,90
32,4,1022,1058,90
32,4,1034,1068,90
32,4,1046,1078,90
32,4,1058,1088,90
32,4,1070,1098,90
25,4,1082,1107,90
25,4,1094,1116,90
25,4,1106,1125,90
24,4,1117,1132,90
24,4,1128,1139,90
24,1,1131,1146,90
24,1,1142,1153,90
17,1,1151,1160,90
17,1,1160,1167,90
17,1,1169,1174,90
17,1,1178,1181,90
17,1,1187,1188,90
17,1,1196,1195,90
17,1,1205,1202,90
17,1,1214,1209,90
17,1,1223,1216,90
17,1,1232,1223,90
17,1,1241,1230,90
17,1,1250,1237,90
17,1,1259,1244,90
17,1,1268,1251,90
17,1,1277,1258,90
17,1,1286,1265,90
17,1,1295,1272,90
17,1,1304,1279,90
17,1,1313,1286,90
340,26,95,20,91
280,106,95,40,91
220,185,92,60,91
160,205,76,62,91
100,226,88,61,91
74,238,89,62,91
49,238,79,60,91
23,238,69,58,91
0,234,48,59,91
0,240,47,54,91
0,244,50,47,91
0,248,53,44,91
0,252,56,43,91
0,256,56,41,91
0,260,56,41,91
0,264,56,40,91
0,264,56,38,91
340,48,96,20,92
364,42,84,40,92
418,18,79,60,92
472,36,73,80,92
539,57,73,100,92
606,78,73,121,92
640,94,57,149,92
619,108,25,186,92
642,146,22,223,92
312,197,22,240,92
304,248,22,257,92
304,299,22,274,92
304,350,22,291,92
304,401,22,308,92
304,452,22,325,92
304,503,22,342,92
209,479,8,374,92
247,557,8,400,92
355,671,8,439,92
535,843,8,500,92
541,1029,8,569,92
547,1215,8,630,92
558,1392,8,717,92
564,1590,8,801,92
606,1806,8,892,92
676,2022,8,989,92
541,2208,8,1059,92
541,2394,8,1129,92
541,2580,8,1199,92
541,2766,8,1269,92
541,2952,8,1339,92
541,3138,8,1409,92
541,3324,8,1479,92
541,3510,8,1549,92
541,3696,8,1619,92
541,3882,8,1689,92
541,4068,8,1759,92
541,4254,8,1829,92
541,4440,8,1899,92
380,4560,8,1939,92
380,4680,8,1979,92
317,4782,8,2014,92
317,4884,8,2049,92
317,4986,8,2084,92
317,5088,8,2119,92
317,5190,8,2154,92
317,5292,8,2189,92
317,5394,8,2224,92
317,5496,8,2259,92
317,5598,8,2294,92
317,5700,8,2329,92
190,5763,8,2350,92
184,5823,8,2371,92
184,5883,8,2392,92
184,5943,8,2413,92
184,6003,8,2434,92
184,6063,8,2455,92
184,6123,8,2476,92
184,6183,8,2497,92
184,6243,8,2518,92
184,6303,8,2539,92
184,6363,8,2560,92
184,6423,8,2581,92
184,6483,8,2602,92
184,6543,8,2623,92
184,6603,8,2644,92
184,6663,8,2665,92
184,6723,8,2686,92
184,6783,8,2707,92
184,6843,8,2728,92
184,6903,8,2749,92
184,6963,8,2770,92
184,7023,8,2791,92
184,7083,8,2812,92
184,7143,8,2833,92
184,7203,8,2854,92
184,7263,8,2875,92
184,7323,8,2896,92
184,7383,8,2917,92
184,7443,8,2938,92
184,7503,8,2959,92
184,7563,8,2980,92
184,7623,8,3001,92
152,7674,8,3018,92
127,7713,8,3032,92
127,7752,8,3046,92
127,7791,8,3060,92
127,7830,8,3074,92
127,7869,8,3088,92
127,7908,8,3102,92
114,7944,8,3114,92
114,7980,8,3126,92
114,8016,8,3138,92
113,8049,8,3150,92
112,8082,8,3162,92
111,8115,8,3174,92
110,8148,8,3186,92
126,8172,8,3194,92
125,8205,8,3206,92
124,8238,8,3218,92
340,50,100,20,93
280,26,95,40,93
246,51,89,55,93
212,81,89,70,93
197,81,73,80,93
182,91,93,90,93
167,100,110,100,93
152,104,118,104,93
140,104,118,108,93
126,100,106,112,93
112,94,94,113,93
99,98,102,111,93
86,102,110,109,93
73,106,118,107,93
67,110,122,105,93
61,114,126,103,93
55,118,130,101,93
47,108,106,108,93
41,110,110,103,93
35,112,114,98,93
29,114,118,93,93
23,116,122,88,93
17,118,126,83,93
11,120,130,78,93
5,122,134,73,93
1,124,138,68,93
0,120,126,75,93
10,122,130,75,93
13,124,134,73,93
16,126,138,71,93
16,128,142,67,93
16,130,146,63,93
16,132,150,59,93
16,134,154,55,93
21,136,158,55,93
8,122,126,64,93
0,108,94,73,93
10,110,98,71,93
10,112,102,65,93
15,114,106,65,93
20,116,110,65,93
23,118,114,63,93
23,120,118,59,93
23,122,122,55,93
23,124,126,51,93
23,126,130,47,93
23,128,134,43,93
23,130,138,39,93
23,132,142,35,93
23,134,146,31,93
23,136,150,27,93
23,138,154,23,93
23,140,158,19,93
23,142,162,15,93
23,144,166,11,93
23,146,170,7,93
26,148,174,5,93
26,150,178,1,93
26,152,182,0,93
26,154,186,0,93
26,156,190,0,93
26,158,194,0,93
26,160,198,0,93
26,162,202,0,93
26,164,206,0,93
26,166,210,0,93
26,168,214,0,93
26,170,218,0,93
26,172,222,0,93
26,174,226,0,93
26,176,230,0,93
26,178,234,0,93
26,180,238,0,93
26,182,242,0,93
26,184,246,0,93
26,186,250,0,93
26,188,254,0,93
26,190,258,0,93
26,192,262,0,93
26,194,266,0,93
26,196,270,0,93
26,198,274,0,93
26,200,278,0,93
26,202,282,0,93
26,204,286,0,93
26,206,290,0,93
26,208,294,0,93
26,210,298,0,93
26,212,302,0,93
26,214,306,0,93
26,216,310,0,93
26,218,314,0,93
26,220,318,0,93
26,222,322,0,93
26,224,326,0,93
26,226,330,0,93
26,228,334,0,93
26,230,338,0,93
26,232,342,0,93
26,234,346,0,93
340,49,97,20,94
280,49,97,0,94
220,49,97,0,94
160,45,89,0,94
100,37,73,0,94
40,34,67,0,94
0,22,43,0,94
0,18,27,0,94
0,10,13,0,94
0,10,15,0,94
0,10,17,0,94
0,10,19,0,94
0,10,21,0,94
0,10,21,0,94
0,10,21,0,94
0,10,21,0,94
0,10,21,0,94
340,50,100,20,95
280,49,97,40,95
220,45,81,24,95
165,45,99,13,95
111,42,111,5,95
57,38,119,0,95
3,36,127,0,95
15,36,137,0,95
15,28,129,0,95
12,20,121,0,95
3,10,81,19,95
12,10,92,8,95
12,10,103,0,95
12,10,114,0,95
12,10,125,0,95
12,10,136,0,95
12,10,147,0,95
12,10,158,0,95
12,10,169,0,95
12,10,180,0,95
12,10,191,0,95
12,10,202,0,95
9,4,198,0,95
51,4,207,0,95
64,4,219,0,95
80,4,233,0,95
96,4,248,0,95
112,4,269,0,95
128,4,293,0,95
147,4,320,0,95
192,4,355,0,95
224,4,396,0,95
245,4,444,0,95
245,4,492,0,95
245,4,540,0,95
245,4,588,0,95
245,4,636,0,95
245,4,684,0,95
245,4,732,0,95
245,4,780,0,95
245,4,828,0,95
245,4,876,0,95
245,4,924,0,95
245,4,972,0,95
245,4,1020,0,95
245,4,1068,0,95
245,4,1116,0,95
245,4,1164,0,95
245,4,1212,0,95
245,4,1260,0,95
245,4,1308,0,95
245,4,1356,0,95
245,4,1404,0,95
245,4,1452,0,95
245,4,1500,0,95
245,4,1548,0,95
245,4,1596,0,95
245,4,1644,0,95
245,4,1692,0,95
245,4,1740,0,95
245,4,1788,0,95
245,4,1836,0,95
245,4,1884,0,95
245,4,1932,0,95
245,4,1980,0,95
245,4,2028,0,95
245,4,2076,0,95
245,4,2124,0,95
245,4,2172,0,95
245,4,2220,0,95
245,4,2268,0,95
245,4,2316,0,95
245,4,2364,0,95
245,4,2412,0,95
245,4,2460,0,95
245,4,2508,0,95
245,4,2556,0,95
245,4,2604,0,95
245,4,2652,0,95
245,4,2700,0,95
245,4,2748,0,95
245,4,2796,0,95
245,4,2844,0,95
245,4,2892,0,95
245,4,2940,0,95
245,4,2988,0,95
245,4,3036,0,95
245,4,3084,0,95
245,4,3132,0,95
245,4,3180,0,95
245,4,3228,0,95
245,4,3276,0,95
245,4,3324,0,95
245,4,3372,0,95
245,4,3420,0,95
245,4,3468,0,95
245,4,3516,0,95
245,4,3564,0,95
245,4,3612,0,95
245,4,3660,0,95
340,48,96,20,96
360,47,93,40,96
336,44,87,30,96
316,44,87,20,96
280,20,82,22,96
244,28,74,24,96
200,28,58,20,96
160,38,58,10,96
116,38,42,6,96
68,32,18,2,96
30,30,6,0,96
33,36,6,0,96
40,44,6,0,96
44,52,6,0,96
44,60,6,0,96
44,68,6,0,96
44,76,6,0,96
44,84,6,0,96
44,92,6,0,96
44,100,6,0,96
44,108,6,0,96
44,116,6,0,96
44,124,6,0,96
44,132,6,0,96
44,140,6,0,96
44,148,6,0,96
44,156,6,0,96
44,164,6,0,96
44,172,6,0,96
44,180,6,0,96
44,188,6,0,96
44,196,6,0,96
44,204,6,0,96
44,212,6,0,96
44,220,6,0,96
44,228,6,0,96
44,236,6,0,96
44,244,6,0,96
44,252,6,0,96
44,260,6,0,96
44,268,6,0,96
44,276,6,0,96
44,284,6,0,96
44,292,6,0,96
44,300,6,0,96
44,308,6,0,96
44,316,6,0,96
44,324,6,0,96
44,332,6,0,96
44,340,6,0,96
44,348,6,0,96
44,356,6,0,96
44,364,6,0,96
44,372,6,0,96
44,380,6,0,96
44,388,6,0,96
44,396,6,0,96
44,404,6,0,96
44,412,6,0,96
44,420,6,0,96
44,428,6,0,96
44,436,6,0,96
44,444,6,0,96
44,452,6,0,96
44,460,6,0,96
44,468,6,0,96
44,476,6,0,96
44,484,6,0,96
44,492,6,0,96
44,500,6,0,96
44,508,6,0,96
44,516,6,0,96
44,524,6,0,96
44,532,6,0,96
44,540,6,0,96
44,548,6,0,96
44,556,6,0,96
44,564,6,0,96
44,572,6,0,96
44,580,6,0,96
44,588,6,0,96
44,596,6,0,96
44,604,6,0,96
44,612,6,0,96
44,620,6,0,96
44,628,6,0,96
44,636,6,0,96
44,644,6,0,96
44,652,6,0,96
44,660,6,0,96
44,668,6,0,96
44,676,6,0,96
44,684,6,0,96
44,692,6,0,96
44,700,6,0,96
44,708,6,0,96
44,716,6,0,96
44,724,6,0,96
44,732,6,0,96
44,740,6,0,96
340,46,84,20,97
280,46,144,40,97
220,45,201,60,97
160,45,231,50,97
100,45,261,40,97
40,45,291,30,97
0,45,321,20,97
0,41,334,17,97
0,17,335,23,97
0,25,344,20,97
0,27,346,21,97
10,28,343,21,97
15,32,349,21,97
25,40,355,23,97
23,36,342,26,97
21,44,348,23,97
19,52,354,20,97
17,60,360,17,97
15,68,366,14,97
2,60,345,20,97
0,54,336,23,97
22,58,339,21,97
26,62,342,16,97
16,58,329,18,97
18,62,332,11,97
12,70,338,4,97
12,78,344,0,97
12,86,350,0,97
12,94,356,0,97
12,102,362,0,97
0,98,349,0,97
0,82,317,6,97
0,86,320,0,97
0,90,323,0,97
0,94,326,0,97
0,94,329,0,97
0,94,332,0,97
0,94,332,0,97
0,94,332,0,97
340,50,100,20,98
280,49,97,40,98
220,46,91,3,98
160,42,83,0,98
100,38,67,0,98
40,36,75,0,98
28,28,67,0,98
14,4,66,0,98
21,13,72,0,98
28,25,78,0,98
21,22,60,0,98
14,15,32,0,98
14,18,24,0,98
24,27,28,0,98
14,21,6,5,98
33,30,10,0,98
36,39,16,0,98
36,51,22,0,98
36,63,28,0,98
36,75,34,0,98
33,76,24,0,98
36,88,30,0,98
14,31,18,14,98
36,52,24,7,98
44,80,30,0,98
47,112,38,0,98
55,147,46,0,98
66,189,58,0,98
59,215,36,0,98
25,113,12,30,98
58,167,22,15,98
59,221,32,0,98
69,284,44,0,98
58,325,14,4,98
69,385,50,0,98
70,448,90,0,98
47,470,34,31,98
77,533,88,23,98
69,569,100,34,98
114,644,149,47,98
114,703,166,66,98
139,742,168,80,98
84,748,78,139,98
120,840,166,159,98
76,696,170,220,98
114,759,164,263,98
25,557,138,348,98
100,638,178,407,98
100,721,204,453,98
93,751,184,489,98
10,461,120,591,98
105,566,179,618,98
82,584,141,660,98
105,689,200,690,98
105,794,279,725,98
105,899,358,760,98
70,1004,437,781,98
66,1076,459,822,98
84,1181,538,857,98
85,1288,618,882,98
31,1282,486,968,98
85,1389,585,1009,98
84,1474,624,1042,98
17,1447,446,1143,98
84,1496,477,1176,98
84,1527,500,1198,98
56,1562,529,1220,98
43,1279,479,1318,98
16,926,401,1434,98
151,1017,482,1456,98
218,1108,563,1484,98
120,1146,527,1516,98
24,1102,299,1636,98
16,1032,22,1777,98
153,1111,145,1809,98
120,1109,121,1842,98
141,1133,137,1889,98
148,1213,251,1936,98
143,1204,231,1994,98
164,1262,345,2045,98
242,1291,412,2093,98
78,1017,388,2199,98
167,1078,498,2245,98
47,1018,239,2389,98
201,1040,256,2456,98
224,1070,294,2508,98
225,1074,324,2548,98
226,1074,361,2595,98
228,1070,376,2632,98
76,1012,130,2767,98
317,1050,242,2794,98
319,1088,354,2809,98
319,1126,481,2819,98
226,1120,491,2874,98
293,1118,522,2914,98
292,1091,489,2961,98
291,1056,440,3008,98
392,1094,556,2996,98
392,1132,688,2992,98
311,1126,697,3017,98
340,49,97,20,99
306,45,81,14,99
272,42,75,8,99
238,38,67,2,99
205,36,63,0,99
174,28,47,0,99
142,22,35,0,99
136,14,19,0,99
144,14,19,0,99
137,14,19,0,99
130,14,19,0,99
123,14,19,0,99
116,14,19,0,99
109,14,19,0,99
102,14,19,0,99
95,14,19,0,99
88,14,19,0,99
81,14,19,0,99
74,14,19,0,99
67,14,19,0,99
60,14,19,0,99
53,14,19,0,99
46,14,19,0,99
42,14,19,0,99
42,14,19,0,99
42,14,19,0,99
42,14,19,0,99
42,14,19,0,99
42,14,19,0,99
42,14,19,0,99
42,14,19,0,99
42,14,19,0,99
42,14,19,0,99
42,14,19,0,99
42,14,19,0,99
42,14,19,0,99
42,14,19,0,99
42,14,19,0,99
42,14,19,0,99
42,14,19,0,99
42,14,19,0,99
42,14,19,0,99
42,14,19,0,99
42,14,19,0,99
42,14,19,0,99
42,14,19,0,99
42,14,19,0,99
42,14,19,0,99
42,14,19,0,99
42,14,19,0,99
42,14,19,0,99
42,14,19,0,99
42,14,19,0,99
42,14,19,0,99
42,14,19,0,99
42,14,19,0,99
42,14,19,0,99
42,14,19,0,99
42,14,19,0,99
42,14,19,0,99
42,14,19,0,99
42,14,19,0,99
42,14,19,0,99
42,14,19,0,99
42,14,19,0,99
42,14,19,0,99
42,14,19,0,99
42,14,19,0,99
42,14,19,0,99
42,14,19,0,99
42,14,19,0,99
42,14,19,0,99
42,14,19,0,99
42,14,19,0,99
42,14,19,0,99
56,14,19,0,99
70,14,19,0,99
83,14,19,0,99
97,14,19,0,99
126,14,19,0,99
153,14,19,0,99
182,14,19,0,99
224,14,19,0,99
280,6,3,0,99
348,6,3,0,99
353,6,3,0,99
360,6,3,0,99
365,6,3,0,99
365,6,3,0,99
365,6,3,0,99
365,6,3,0,99
365,6,3,0,99
365,6,3,0,99
365,6,3,0,99
365,6,3,0,99
365,6,3,0,99
365,6,3,0,99
365,6,3,0,99
365,6,3,0,99
365,6,3,0,99
340,26,95,20,100
280,80,89,40,100
220,139,86,60,100
160,169,86,50,100
100,185,70,46,100
40,187,38,48,100
0,212,34,41,100
4,220,26,41,100
5,235,26,27,100
0,178,12,44,100
3,199,12,38,100
5,229,12,29,100
7,271,12,20,100
10,331,12,8,100
12,406,12,0,100
16,505,12,0,100
28,617,12,0,100
35,743,12,0,100
35,883,12,0,100
35,1023,12,0,100
35,1163,12,0,100
35,1303,12,0,100
35,1443,12,0,100
35,1583,12,0,100
35,1723,12,0,100
35,1863,12,0,100
35,2003,12,0,100
35,2143,12,0,100
35,2283,12,0,100
35,2423,12,0,100
35,2563,12,0,100
35,2703,12,0,100
35,2843,12,0,100
35,2983,12,0,100
35,3123,12,0,100
35,3263,12,0,100
35,3403,12,0,100
35,3543,12,0,100
35,3683,12,0,100
35,3823,12,0,100
35,3963,12,0,100
35,4103,12,0,100
35,4243,12,0,100
35,4383,12,0,100
35,4523,12,0,100
35,4663,12,0,100
35,4803,12,0,100
35,4943,12,0,100
35,5083,12,0,100
35,5223,12,0,100
35,5363,12,0,100
35,5503,12,0,100
35,5643,12,0,100
35,5783,12,0,100
35,5923,12,0,100
35,6063,12,0,100
35,6203,12,0,100
35,6343,12,0,100
35,6483,12,0,100
35,6623,12,0,100
35,6763,12,0,100
35,6903,12,0,100
35,7043,12,0,100
35,7183,12,0,100
35,7323,12,0,100
35,7463,12,0,100
35,7603,12,0,100
35,7743,12,0,100
35,7883,12,0,100
35,8023,12,0,100
35,8163,12,0,100
35,8303,12,0,100
35,8443,12,0,100
35,8583,12,0,100
35,8723,12,0,100
35,8863,12,0,100
35,9003,12,0,100
35,9143,12,0,100
35,9283,12,0,100
35,9423,12,0,100
35,9563,12,0,100
35,9703,12,0,100
35,9843,12,0,100
35,9983,12,0,100
35,10123,12,0,100
35,10263,12,0,100
35,10403,12,0,100
35,10543,12,0,100
35,10683,12,0,100
35,10823,12,0,100
35,10963,12,0,100
35,11103,12,0,100
35,11243,12,0,100
35,11383,12,0,100
35,11523,12,0,100
35,11663,12,0,100
35,11803,12,0,100
35,11943,12,0,100
35,12083,12,0,100
35,12223,12,0,100
340,50,100,20,101
280,49,97,40,101
220,49,97,0,101
160,46,91,0,101
100,46,91,0,101
40,22,86,0,101
0,30,70,2,101
0,40,70,2,101
0,44,66,5,101
20,48,66,8,101
28,52,66,11,101
33,52,58,15,101
35,56,58,14,101
37,60,58,13,101
22,56,42,14,101
20,60,42,9,101
10,56,30,13,101
28,60,30,14,101
28,64,30,13,101
24,58,14,18,101
24,60,14,14,101
24,62,14,10,101
24,64,14,6,101
24,66,14,2,101
24,68,14,0,101
24,70,14,0,101
24,72,14,0,101
24,74,14,0,101
24,76,14,0,101
24,78,14,0,101
24,80,14,0,101
24,82,14,0,101
24,84,14,0,101
24,86,14,0,101
24,88,14,0,101
24,90,14,0,101
24,92,14,0,101
24,94,14,0,101
24,96,14,0,101
24,98,14,0,101
24,100,14,0,101
24,102,14,0,101
24,104,14,0,101
24,106,14,0,101
24,108,14,0,101
24,110,14,0,101
24,112,14,0,101
24,114,14,0,101
24,116,14,0,101
24,118,14,0,101
24,120,14,0,101
24,122,14,0,101
24,124,14,0,101
24,126,14,0,101
24,128,14,0,101
24,130,14,0,101
24,132,14,0,101
24,134,14,0,101
24,136,14,0,101
24,138,14,0,101
24,140,14,0,101
24,142,14,0,101
24,144,14,0,101
24,146,14,0,101
24,148,14,0,101
24,150,14,0,101
24,152,14,0,101
24,154,14,0,101
24,156,14,0,101
24,158,14,0,101
24,160,14,0,101
24,162,14,0,101
24,164,14,0,101
24,166,14,0,101
24,168,14,0,101
24,170,14,0,101
24,172,14,0,101
24,174,14,0,101
24,176,14,0,101
24,178,14,0,101
24,180,14,0,101
24,182,14,0,101
24,184,14,0,101
24,186,14,0,101
24,188,14,0,101
24,190,14,0,101
24,192,14,0,101
24,194,14,0,101
24,196,14,0,101
24,198,14,0,101
24,200,14,0,101
24,202,14,0,101
24,204,14,0,101
24,206,14,0,101
24,208,14,0,101
24,210,14,0,101
24,212,14,0,101
24,214,14,0,101
24,216,14,0,101
24,218,14,0,101
340,50,100,20,102
280,50,100,40,102
236,50,100,57,102
193,49,97,74,102
149,47,93,46,102
135,23,88,48,102
138,28,88,49,102
134,28,80,50,102
130,28,74,45,102
119,22,58,43,102
101,18,46,44,102
116,20,46,39,102
131,22,46,34,102
137,21,40,29,102
152,23,40,24,102
142,20,24,31,102
157,21,26,30,102
169,22,30,30,102
163,11,8,37,102
173,12,12,35,102
176,14,16,32,102
179,16,20,29,102
181,16,24,19,102
183,16,30,11,102
180,16,36,1,102
177,16,42,0,102
174,16,48,0,102
171,16,54,0,102
168,16,60,0,102
165,16,66,0,102
169,16,72,0,102
173,16,78,0,102
177,16,84,0,102
181,16,90,0,102
153,4,68,11,102
152,4,74,7,102
151,4,80,3,102
150,4,86,0,102
136,4,92,0,102
122,4,98,0,102
108,4,104,0,102
94,4,110,0,102
80,4,116,0,102
66,4,122,0,102
52,4,128,0,102
38,4,134,0,102
30,4,140,0,102
30,4,146,0,102
30,4,152,0,102
30,4,158,0,102
30,4,164,0,102
30,4,170,0,102
30,1,170,0,102
30,1,176,0,102
30,1,182,0,102
30,1,188,0,102
30,1,194,0,102
30,1,200,0,102
30,1,206,0,102
30,1,212,0,102
30,1,218,0,102
30,1,224,0,102
30,1,230,0,102
30,1,236,0,102
30,1,242,0,102
30,1,248,0,102
30,1,254,0,102
30,1,260,0,102
30,1,266,0,102
30,1,272,0,102
30,1,278,0,102
30,1,284,0,102
30,1,290,0,102
30,1,296,0,102
30,1,302,0,102
30,1,308,0,102
30,1,314,0,102
30,1,320,0,102
30,1,326,0,102
30,1,332,0,102
30,1,338,0,102
30,1,344,0,102
30,1,350,0,102
30,1,356,0,102
30,1,362,0,102
30,1,368,0,102
30,1,374,0,102
30,1,380,0,102
30,1,386,0,102
30,1,392,0,102
30,1,398,0,102
30,1,404,0,102
30,1,410,0,102
30,1,416,0,102
30,1,422,0,102
30,1,428,0,102
30,1,434,0,102
30,1,440,0,102
30,1,446,0,102
30,1,452,0,102
340,50,100,20,103
280,47,94,40,103
220,43,78,60,103
160,35,94,80,103
100,35,134,100,103
40,11,153,120,103
0,18,167,140,103
45,23,177,155,103
63,31,193,178,103
81,35,201,213,103
228,48,225,262,103
323,65,259,330,103
359,69,265,420,103
451,81,287,522,103
456,95,291,636,103
469,106,279,755,103
596,141,324,884,103
570,144,305,1021,103
658,185,347,1158,103
498,220,387,1252,103
541,237,396,1350,103
394,229,408,1423,103
432,295,435,1487,103
415,311,381,1562,103
394,315,311,1637,103
497,396,330,1709,103
391,444,321,1768,103
369,494,299,1827,103
331,478,232,1894,103
287,493,192,1967,103
385,555,250,2021,103
297,471,270,2104,103
390,562,314,2182,103
198,577,236,2268,103
198,442,236,2354,103
105,429,97,2450,103
257,500,187,2503,103
257,559,253,2563,103
105,349,227,2657,103
198,342,159,2715,103
252,413,210,2752,103
252,468,221,2770,103
74,449,85,2856,103
254,520,151,2874,103
257,575,185,2903,103
261,649,269,2909,103
257,702,299,2940,103
224,694,212,2985,103
166,737,271,2997,103
26,501,215,3078,103
166,541,268,3093,103
12,491,70,3191,103
152,491,80,3229,103
274,494,71,3299,103
367,536,142,3328,103
284,534,131,3384,103
329,570,198,3433,103
179,361,177,3530,103
397,417,181,3575,103
165,144,138,3687,103
335,244,185,3736,103
339,347,233,3781,103
362,450,281,3831,103
165,132,224,3966,103
254,157,111,4056,103
422,290,159,4111,103
432,428,218,4153,103
364,512,182,4250,103
314,562,91,4392,103
503,703,175,4448,103
503,868,278,4515,103
430,914,189,4623,103
502,1031,225,4690,103
407,1109,200,4792,103
551,1222,218,4868,103
456,1298,183,4988,103
578,1441,270,5044,103
171,1430,96,5156,103
313,1523,185,5223,103
316,1616,274,5282,103
236,1641,209,5370,103
345,1649,132,5458,103
411,1742,221,5528,103
222,1763,146,5626,103
477,1856,235,5702,103
477,1964,324,5772,103
210,1943,132,5911,103
414,2051,242,5981,103
424,2163,354,6047,103
414,2239,400,6133,103
414,2296,438,6219,103
184,2264,201,6374,103
424,2376,318,6435,103
427,2488,419,6486,103
424,2560,435,6559,103
367,2573,369,6657,103
210,2542,132,6803,103
430,2656,243,6860,103
368,2708,259,6907,103
373,2822,370,6938,103
340,49,97,20,104
280,49,97,0,104
220,46,91,0,104
160,46,91,0,104
100,42,75,0,104
40,40,89,0,104
84,40,103,2,104
108,40,119,3,104
108,32,119,8,104
36,22,85,28,104
96,22,113,36,104
96,22,145,44,104
72,6,137,58,104
96,6,169,66,104
132,2,203,80,104
168,2,255,66,104
228,2,329,48,104
280,2,409,29,104
280,2,500,17,104
280,2,591,5,104
280,2,682,0,104
280,2,773,0,104
280,2,864,0,104
280,2,955,0,104
280,2,1046,0,104
280,2,1137,0,104
280,2,1228,0,104
280,2,1319,0,104
280,2,1410,0,104
280,2,1501,0,104
280,2,1592,0,104
280,2,1683,0,104
280,2,1774,0,104
280,2,1865,0,104
280,2,1956,0,104
280,2,2047,0,104
280,2,2138,0,104
280,2,2229,0,104
336,2,2283,0,104
342,2,2337,0,104
406,2,2400,0,104
413,2,2463,0,104
472,2,2526,0,104
420,2,2586,0,104
420,2,2646,0,104
420,2,2706,0,104
420,2,2766,0,104
420,2,2826,0,104
420,2,2886,0,104
420,2,2946,0,104
420,2,3006,0,104
420,2,3066,0,104
420,2,3126,0,104
420,2,3186,0,104
420,2,3246,0,104
420,2,3306,0,104
420,2,3366,0,104
420,2,3426,0,104
420,2,3486,0,104
420,2,3546,0,104
420,2,3606,0,104
420,2,3666,0,104
420,2,3726,0,104
420,2,3786,0,104
420,2,3846,0,104
420,2,3906,0,104
420,2,3966,0,104
420,2,4026,0,104
420,2,4086,0,104
420,2,4146,0,104
420,2,4206,0,104
420,2,4266,0,104
420,2,4326,0,104
420,2,4386,0,104
420,2,4446,0,104
420,2,4506,0,104
420,2,4566,0,104
420,2,4626,0,104
420,2,4686,0,104
420,2,4746,0,104
420,2,4806,0,104
420,2,4866,0,104
420,2,4926,0,104
420,2,4986,0,104
420,2,5046,0,104
420,2,5106,0,104
420,2,5166,0,104
420,2,5226,0,104
420,2,5286,0,104
420,2,5346,0,104
420,2,5406,0,104
420,2,5466,0,104
420,2,5526,0,104
420,2,5586,0,104
420,2,5646,0,104
420,2,5706,0,104
420,2,5766,0,104
420,2,5826,0,104
420,2,5886,0,104
420,2,5946,0,104
340,46,84,20,105
280,46,124,40,105
220,44,156,60,105
220,44,176,80,105
202,38,178,100,105
174,26,160,120,105
179,26,170,140,105
158,2,171,160,105
150,6,179,180,105
142,7,181,200,105
134,11,189,220,105
126,14,194,240,105
111,17,200,248,105
96,20,206,256,105
81,23,212,264,105
66,26,218,272,105
51,29,224,280,105
39,23,214,291,105
39,22,212,302,105
39,25,218,304,105
39,28,224,306,105
0,10,188,320,105
32,12,192,323,105
32,14,196,327,105
32,16,200,331,105
32,18,204,335,105
32,20,208,339,105
32,22,212,343,105
32,24,216,347,105
32,26,220,351,105
32,28,224,355,105
32,30,228,359,105
22,23,216,363,105
16,8,186,373,105
32,10,190,377,105
38,12,194,378,105
16,3,156,399,105
48,6,165,408,105
54,9,175,415,105
64,13,187,425,105
70,17,202,436,105
96,23,220,454,105
112,30,241,471,105
118,13,215,502,105
160,23,245,530,105
175,27,259,561,105
118,14,200,605,105
154,16,242,634,105
154,30,308,651,105
125,13,316,676,105
189,27,382,693,105
189,41,450,714,105
105,15,365,779,105
189,22,455,800,105
192,36,549,827,105
230,50,643,861,105
194,48,705,898,105
73,11,597,979,105
166,25,729,988,105
126,8,787,1014,105
202,22,919,1026,105
141,7,947,1040,105
148,12,1025,1036,105
156,18,1091,1037,105
141,23,1157,1030,105
94,26,1205,1027,105
74,5,1196,1039,105
87,8,1240,1030,105
101,12,1292,1017,105
114,16,1353,1004,105
135,21,1418,987,105
114,25,1479,974,105
114,29,1540,961,105
114,33,1601,948,105
114,37,1662,935,105
114,41,1723,922,105
114,45,1784,909,105
94,17,1772,923,105
121,22,1837,919,105
155,28,1915,914,105
161,35,2024,918,105
141,10,2029,940,105
196,17,2119,946,105
200,24,2232,956,105
202,31,2345,957,105
238,38,2458,964,105
183,7,2464,1001,105
274,14,2577,1011,105
280,21,2690,1025,105
280,28,2822,1043,105
280,35,2954,1059,105
280,42,3086,1075,105
280,49,3218,1091,105
280,56,3350,1107,105
226,19,3334,1168,105
308,26,3466,1212,105
308,33,3598,1248,105
308,40,3730,1284,105
287,54,3862,1320,105
244,21,3895,1370,105
340,47,94,20,106
280,46,91,40,106
220,42,83,6,106
160,40,79,0,106
128,16,74,0,106
96,10,62,0,106
104,10,62,0,106
79,6,46,6,106
68,6,50,6,106
68,6,54,6,106
70,6,57,6,106
85,6,61,6,106
85,6,66,8,106
85,6,71,10,106
85,6,76,12,106
85,6,81,14,106
85,6,86,16,106
85,6,91,18,106
68,6,95,18,106
68,6,99,18,106
68,6,103,18,106
68,6,107,18,106
68,6,110,19,106
68,6,113,20,106
76,6,116,22,106
68,6,120,24,106
68,6,124,26,106
68,6,128,28,106
68,6,132,30,106
68,6,136,32,106
68,6,140,34,106
68,6,144,36,106
68,6,148,38,106
68,6,152,40,106
68,6,156,42,106
68,6,160,44,106
68,6,164,46,106
68,6,168,48,106
68,6,172,50,106
68,6,176,52,106
68,6,180,54,106
68,6,184,56,106
68,6,188,58,106
68,6,192,60,106
68,6,196,62,106
68,6,200,64,106
68,6,204,66,106
68,6,208,68,106
68,6,212,70,106
68,6,216,72,106
68,6,220,74,106
68,6,224,76,106
68,6,228,78,106
68,6,232,80,106
68,6,236,82,106
68,6,240,84,106
68,6,244,86,106
68,6,248,88,106
68,6,252,90,106
68,6,256,92,106
68,6,260,94,106
68,6,264,96,106
68,6,268,98,106
68,6,272,100,106
35,6,276,96,106
35,6,280,92,106
35,6,284,88,106
35,6,288,83,106
35,6,292,78,106
35,6,296,73,106
35,6,300,68,106
35,6,304,63,106
35,6,308,58,106
35,6,312,53,106
35,6,316,48,106
35,6,320,43,106
35,6,324,38,106
35,6,328,33,106
35,6,332,28,106
35,6,336,23,106
35,6,340,18,106
35,6,344,13,106
35,6,348,8,106
35,6,352,3,106
35,6,356,0,106
35,6,360,0,106
35,6,364,0,106
35,6,368,0,106
35,6,372,0,106
35,6,376,0,106
35,6,380,0,106
35,6,384,0,106
35,6,388,0,106
35,6,392,0,106
35,6,396,0,106
35,6,400,0,106
35,6,404,0,106
35,6,408,0,106
35,6,412,0,106
35,6,416,0,106
340,49,97,20,107
280,25,92,4,107
220,33,76,6,107
160,43,84,8,107
145,53,94,13,107
130,63,104,18,107
106,63,100,29,107
94,71,108,37,107
82,79,116,45,107
46,69,96,62,107
6,51,62,82,107
54,57,68,96,107
54,60,68,110,107
54,66,74,124,107
42,62,64,138,107
54,62,62,152,107
36,58,52,161,107
45,62,58,164,107
45,54,40,173,107
54,60,46,170,107
36,48,20,175,107
54,54,26,168,107
54,60,32,156,107
54,66,38,144,107
42,54,12,144,107
54,60,18,132,107
63,66,26,119,107
72,74,34,103,107
90,84,44,85,107
78,32,40,91,107
99,66,52,76,107
96,72,16,75,107
114,108,30,59,107
144,156,46,38,107
196,214,46,12,107
196,268,30,0,107
170,328,72,0,107
168,366,74,0,107
162,392,30,2,107
108,308,26,12,107
168,387,68,0,107
132,433,48,0,107
226,514,69,0,107
230,595,111,0,107
224,650,92,9,107
224,675,33,18,107
232,756,77,0,107
226,825,58,13,107
232,906,136,12,107
182,941,129,45,107
245,986,85,99,107
285,1058,145,132,107
270,1066,157,144,107
255,977,186,166,107
190,992,106,237,107
272,1058,178,264,107
196,923,188,334,107
270,946,183,337,107
263,977,179,359,107
192,776,162,430,107
319,793,129,480,107
275,804,84,535,107
425,876,137,566,107
207,614,97,667,107
294,627,52,720,107
429,701,106,766,107
414,775,178,805,107
414,849,250,844,107
329,878,181,922,107
198,896,96,1028,107
210,915,90,1105,107
358,989,172,1146,107
343,1021,190,1204,107
352,1095,274,1220,107
203,1154,351,1230,107
196,1144,321,1254,107
169,1146,323,1264,107
169,1144,317,1274,107
144,1146,290,1290,107
104,1112,206,1310,107
55,1081,136,1348,107
137,1108,167,1338,107
165,1141,209,1330,107
165,1126,163,1344,107
231,1162,197,1314,107
122,1136,129,1353,107
128,1100,49,1398,107
298,1137,105,1381,107
299,1174,161,1365,107
303,1214,218,1342,107
294,1202,156,1351,107
28,851,75,1471,107
231,894,109,1468,107
231,937,143,1468,107
231,980,177,1468,107
231,1023,211,1468,107
137,1010,138,1485,107
124,990,54,1496,107
169,1033,88,1483,107
238,1076,122,1466,107
340,47,94,20,108
280,43,78,40,108
220,43,138,60,108
160,42,195,80,108
100,40,218,73,108
88,16,225,81,108
88,26,240,86,108
88,36,255,91,108
88,46,270,96,108
88,56,285,101,108
64,58,285,112,108
49,58,278,123,108
18,50,260,140,108
66,52,261,151,108
10,44,224,171,108
69,52,239,179,108
32,38,213,204,108
78,36,212,217,108
49,16,169,249,108
119,24,189,263,108
147,34,209,282,108
154,28,197,310,108
140,28,201,330,108
140,36,221,338,108
39,10,166,370,108
143,18,186,384,108
143,14,177,402,108
143,22,197,408,108
105,12,180,408,108
119,20,200,402,108
108,30,220,386,108
108,40,240,370,108
74,22,202,390,108
144,32,222,386,108
154,42,245,385,108
49,26,183,427,108
154,36,228,430,108
154,38,252,437,108
84,14,214,468,108
178,24,254,475,108
184,34,299,485,108
130,26,298,497,108
128,34,338,494,108
128,42,378,491,108
96,32,377,495,108
110,40,411,490,108
142,50,431,478,108
84,26,386,503,108
152,36,411,498,108
185,36,439,485,108
153,16,424,484,108
169,16,449,459,108
198,16,479,435,108
231,16,514,405,108
259,16,555,377,108
259,16,596,352,108
259,16,637,327,108
259,16,678,302,108
259,16,719,277,108
259,16,760,252,108
259,16,801,227,108
259,16,842,202,108
259,16,883,177,108
259,16,924,152,108
259,16,965,127,108
259,16,1006,102,108
259,16,1047,77,108
198,16,1077,53,108
198,16,1107,29,108
146,16,1130,9,108
146,16,1153,0,108
146,16,1176,0,108
146,16,1199,0,108
146,16,1222,0,108
146,16,1245,0,108
146,16,1268,0,108
146,16,1291,0,108
146,16,1314,0,108
146,16,1337,0,108
146,16,1360,0,108
146,16,1383,0,108
146,16,1406,0,108
146,16,1429,0,108
146,16,1452,0,108
146,16,1475,0,108
146,16,1498,0,108
146,16,1521,0,108
146,16,1544,0,108
146,16,1567,0,108
146,16,1590,0,108
146,16,1613,0,108
146,16,1636,0,108
146,16,1659,0,108
146,16,1682,0,108
146,16,1705,0,108
146,16,1728,0,108
146,16,1751,0,108
146,16,1774,0,108
146,16,1797,0,108
146,16,1820,0,108
340,49,97,20,109
280,45,89,0,109
220,37,73,0,109
160,34,67,0,109
100,30,51,0,109
40,18,39,0,109
0,18,51,0,109
0,18,60,0,109
0,18,69,0,109
0,10,56,0,109
0,10,62,0,109
0,10,68,0,109
0,10,71,0,109
0,8,70,1,109
0,8,73,0,109
0,8,76,0,109
0,8,79,1,109
340,26,95,20,110
280,85,92,40,110
220,115,92,30,110
160,145,92,20,110
100,170,88,13,110
61,191,88,15,110
22,212,88,17,110
21,233,88,19,110
12,241,72,27,110
15,256,77,32,110
9,262,69,43,110
9,256,47,60,110
21,268,51,71,110
21,273,46,82,110
20,279,43,87,110
21,288,46,92,110
17,289,33,99,110
21,298,37,103,110
14,288,7,113,110
21,297,11,117,110
28,309,16,122,110
14,255,5,143,110
31,270,10,152,110
42,288,17,165,110
56,312,25,182,110
70,342,35,201,110
77,367,31,226,110
98,413,43,231,110
63,461,55,212,110
51,494,27,229,110
42,514,63,238,110
84,522,59,261,110
105,568,119,275,110
84,582,127,305,110
213,614,171,335,110
154,622,163,384,110
312,654,209,419,110
305,654,157,460,110
189,597,138,518,110
212,657,110,559,110
151,526,90,640,110
189,600,40,717,110
220,686,56,770,110
211,758,48,831,110
322,845,92,885,110
165,655,57,984,110
324,742,89,1041,110
132,482,37,1161,110
324,572,37,1227,110
332,680,69,1272,110
208,818,115,1321,110
206,921,107,1370,110
202,987,59,1419,110
206,1071,43,1453,110
208,1194,76,1462,110
210,1319,122,1475,110
84,1011,54,1591,110
137,1101,38,1626,110
304,1237,71,1653,110
312,1371,117,1675,110
178,1447,149,1706,110
177,1488,116,1759,110
204,1561,144,1780,110
144,1579,40,1850,110
248,1652,68,1880,110
138,1701,48,1902,110
211,1774,76,1924,110
119,1850,108,1955,110
113,1891,71,1994,110
156,1967,98,2025,110
175,2040,126,2042,110
174,2085,98,2082,110
150,2110,22,2108,110
156,2186,44,2125,110
156,2262,66,2146,110
120,2312,82,2143,110
120,2362,98,2140,110
120,2412,114,2137,110
109,2422,64,2155,110
120,2470,80,2146,110
60,2458,16,2178,110
103,2496,30,2171,110
120,2544,46,2161,110
147,2601,65,2149,110
147,2661,84,2141,110
147,2721,103,2133,110
94,2723,45,2161,110
204,2781,64,2153,110
205,2841,83,2148,110
206,2902,103,2147,110
208,2963,123,2147,110
31,2605,41,2269,110
156,2680,60,2280,110
156,2755,79,2282,110
156,2830,98,2284,110
156,2905,117,2286,110
126,2897,17,2314,110
115,2942,27,2313,110
115,2987,37,2312,110
115,3032,47,2311,110
340,50,100,20,111
280,47,94,40,111
258,23,89,52,111
236,59,89,64,111
215,94,86,76,111
193,112,86,70,111
172,123,78,67,111
150,130,74,58,111
146,139,74,52,111
142,148,74,46,111
132,145,62,49,111
125,151,62,46,111
110,147,46,53,111
101,141,34,57,111
92,136,18,61,111
89,139,18,59,111
80,134,2,63,111
77,137,2,61,111
74,140,2,59,111
71,143,2,57,111
68,146,2,55,111
65,149,2,53,111
62,152,2,51,111
59,155,2,49,111
56,158,2,47,111
53,161,2,45,111
50,167,2,49,111
47,173,2,53,111
44,179,2,57,111
41,185,2,61,111
44,191,2,71,111
36,200,2,84,111
35,206,2,93,111
34,212,2,102,111
33,218,2,111,111
32,224,2,120,111
31,230,2,129,111
37,233,2,135,111
39,239,2,143,111
42,245,2,153,111
41,251,2,164,111
40,257,2,175,111
39,263,2,184,111
43,266,2,191,111
47,269,2,198,111
49,275,2,206,111
45,284,2,218,111
41,293,2,230,111
37,302,2,242,111
40,308,2,252,111
34,317,2,266,111
28,326,2,280,111
24,335,2,294,111
24,344,2,308,111
24,353,2,322,111
24,362,2,336,111
24,371,2,350,111
24,380,2,364,111
24,389,2,378,111
24,398,2,392,111
24,407,2,406,111
24,416,2,420,111
23,422,2,429,111
22,428,2,438,111
21,434,2,447,111
23,440,2,455,111
24,449,2,470,111
30,461,2,489,111
42,482,2,517,111
66,512,2,559,111
90,554,2,617,111
114,608,2,692,111
150,680,2,791,111
203,776,16,919,111
203,895,30,1055,111
168,979,20,1191,111
354,1064,32,1327,111
396,1149,44,1469,111
325,1169,42,1616,111
217,1133,22,1763,111
264,1315,27,1910,111
201,1456,33,2015,111
201,1597,39,2120,111
201,1738,45,2225,111
227,1865,21,2319,111
201,2016,27,2426,111
201,2167,33,2533,111
201,2318,39,2640,111
201,2469,45,2747,111
201,2620,51,2854,111
143,2533,9,2970,111
201,2693,15,3077,111
201,2870,21,3190,111
201,3047,27,3303,111
201,3224,33,3416,111
201,3401,39,3529,111
201,3578,45,3642,111
201,3734,43,3755,111
164,3894,49,3823,111
159,4038,15,3897,111
340,49,97,20,112
280,45,89,0,112
220,41,73,0,112
160,38,79,0,112
100,14,82,0,112
105,28,86,5,112
97,52,98,11,112
89,76,110,17,112
68,88,104,26,112
66,94,98,36,112
39,86,76,49,112
73,98,82,59,112
80,106,80,71,112
14,92,46,89,112
96,104,52,95,112
78,96,24,105,112
96,100,14,115,112
110,112,22,114,112
110,124,28,112,112
96,116,8,117,112
100,124,12,113,112
92,132,16,107,112
84,140,20,101,112
78,148,24,95,112
78,156,28,89,112
78,164,32,83,112
78,172,36,77,112
78,180,40,71,112
78,188,44,65,112
14,178,4,83,112
78,178,12,77,112
65,156,15,80,112
78,159,27,74,112
92,163,43,65,112
92,150,25,64,112
104,154,41,48,112
118,158,59,29,112
144,163,79,7,112
143,148,59,0,112
118,128,29,0,112
104,72,31,0,112
143,97,51,0,112
170,127,77,0,112
170,137,55,0,112
196,176,85,0,112
144,81,77,11,112
182,106,57,0,112
202,179,87,0,112
196,211,60,0,112
118,59,34,26,112
202,158,64,0,112
202,257,94,0,112
144,296,34,2,112
202,395,78,0,112
199,448,73,0,112
199,493,43,0,112
204,594,87,0,112
199,616,49,0,112
204,717,93,0,112
205,818,137,0,112
118,832,45,24,112
205,933,113,0,112
207,1034,181,0,112
92,835,156,55,112
204,894,179,38,112
122,900,48,101,112
253,978,119,104,112
263,1056,180,99,112
96,797,135,183,112
259,875,130,177,112
264,968,191,176,112
266,1062,252,178,112
86,736,188,291,112
36,715,38,373,112
116,799,88,385,112
132,829,46,408,112
178,928,98,415,112
182,976,93,449,112
275,1071,166,469,112
203,1114,122,507,112
24,767,46,628,112
277,875,119,652,112
285,969,192,679,112
30,628,118,801,112
149,702,122,832,112
192,744,62,881,112
268,849,111,911,112
271,954,172,947,112
267,1026,171,996,112
317,1120,174,1031,112
235,1209,219,1038,112
235,1298,264,1045,112
177,1301,165,1080,112
177,1326,122,1121,112
153,1339,65,1168,112
213,1417,110,1175,112
258,1497,157,1190,112
211,1521,138,1209,112
259,1602,185,1214,112
208,1599,116,1264,112
340,46,84,20,113
306,46,129,35,113
272,46,174,50,113
238,46,219,65,113
205,22,235,80,113
171,22,256,95,113
137,22,277,110,113
103,21,295,125,113
70,18,304,128,113
36,18,319,128,113
2,18,334,128,113
0,16,342,131,113
0,16,348,133,113
0,16,351,136,113
0,12,346,141,113
0,12,349,142,113
0,12,349,142,113
0,12,349,141,113
0,12,349,139,113
340,49,97,20,114
280,49,97,0,114
220,49,97,0,114
160,47,93,0,114
142,43,77,2,114
124,40,83,1,114
113,40,95,0,114
88,34,91,5,114
76,10,92,16,114
80,18,100,24,114
80,26,108,31,114
80,34,116,38,114
39,26,96,54,114
16,8,60,73,114
87,14,66,86,114
85,10,54,100,114
92,16,60,111,114
113,24,68,126,114
130,32,76,143,114
130,36,78,164,114
104,46,88,170,114
95,46,80,179,114
76,40,64,182,114
76,48,72,170,114
76,56,80,158,114
76,64,88,146,114
66,54,62,146,114
57,34,18,149,114
76,42,26,137,114
95,50,36,121,114
104,44,14,111,114
133,56,26,76,114
171,72,42,31,114
219,70,24,13,114
226,88,46,0,114
229,106,70,0,114
178,114,52,0,114
229,132,94,0,114
186,126,86,0,114
133,120,34,0,114
188,129,94,0,114
182,78,127,0,114
182,87,129,0,114
218,114,177,0,114
218,141,225,0,114
132,43,233,27,114
218,74,281,22,114
218,105,329,20,114
164,104,304,18,114
110,92,214,69,114
161,99,220,109,114
167,130,293,110,114
147,122,287,156,114
164,113,262,202,114
150,114,256,253,114
224,98,238,304,114
239,132,297,351,114
239,166,356,398,114
244,157,332,452,114
255,191,391,504,114
255,225,450,560,114
239,225,461,616,114
240,259,520,657,114
239,255,523,703,114
244,289,582,734,114
259,323,641,769,114
240,315,636,807,114
239,301,623,830,114
230,279,595,849,114
194,261,564,857,114
194,243,533,865,114
182,74,536,912,114
245,116,586,905,114
187,98,537,929,114
277,140,587,927,114
226,142,556,945,114
216,118,495,988,114
331,160,546,991,114
279,148,507,1011,114
129,137,381,1092,114
130,109,221,1181,114
288,151,300,1191,114
289,194,379,1189,114
285,176,377,1207,114
336,209,456,1210,114
219,170,409,1256,114
254,125,338,1316,114
355,99,321,1357,114
285,48,238,1428,114
440,81,318,1431,114
158,15,196,1504,114
254,37,260,1526,114
255,59,324,1539,114
286,32,289,1553,114
297,54,355,1560,114
209,24,315,1601,114
300,46,381,1597,114
340,68,447,1601,114
233,34,389,1625,114
342,56,458,1619,114
340,47,94,20,115
280,46,91,40,115
220,22,86,24,115
160,45,78,17,115
100,66,78,0,115
40,73,62,0,115
0,80,46,0,115
0,92,46,0,115
0,101,46,0,115
0,105,42,0,115
0,111,42,0,115
0,114,42,0,115
0,117,42,0,115
0,120,42,0,115
0,123,42,0,115
0,126,42,0,115
0,126,42,0,115
340,47,94,20,116
280,39,78,40,116
220,23,46,60,116
160,23,46,80,116
100,23,46,100,116
40,23,46,120,116
0,23,46,139,116
0,21,42,154,116
24,15,30,166,116
172,15,30,187,116
368,15,30,233,116
704,14,27,321,116
840,10,19,360,116
680,10,19,309,116
680,10,19,258,116
680,10,19,207,116
680,2,3,171,116
572,2,3,75,116
572,2,3,0,116
572,2,3,0,116
572,2,3,0,116
572,2,3,0,116
572,2,3,0,116
572,2,3,0,116
572,2,3,0,116
572,2,3,0,116
572,2,3,0,116
572,2,3,0,116
572,2,3,0,116
572,2,3,0,116
572,2,3,0,116
572,2,3,0,116
572,2,3,0,116
572,2,3,0,116
572,2,3,0,116
572,2,3,0,116
572,2,3,0,116
572,2,3,0,116
572,2,3,0,116
572,2,3,0,116
572,2,3,0,116
572,2,3,0,116
572,2,3,0,116
572,2,3,0,116
572,2,3,0,116
572,2,3,0,116
572,2,3,0,116
572,2,3,0,116
572,2,3,0,116
572,2,3,0,116
572,2,3,0,116
572,2,3,0,116
572,2,3,0,116
572,2,3,0,116
572,2,3,0,116
572,2,3,0,116
572,2,3,0,116
572,2,3,0,116
572,2,3,0,116
572,2,3,0,116
572,2,3,0,116
572,2,3,0,116
572,2,3,0,116
572,2,3,0,116
572,2,3,0,116
572,2,3,0,116
572,2,3,0,116
572,2,3,0,116
572,2,3,0,116
572,2,3,0,116
572,2,3,0,116
572,2,3,0,116
572,2,3,0,116
572,2,3,0,116
572,2,3,0,116
572,2,3,0,116
572,2,3,0,116
572,2,3,0,116
572,2,3,0,116
572,2,3,0,116
572,2,3,0,116
572,2,3,0,116
572,2,3,0,116
572,2,3,0,116
572,2,3,0,116
572,2,3,0,116
572,2,3,0,116
572,2,3,0,116
572,2,3,0,116
572,2,3,0,116
572,2,3,0,116
572,2,3,0,116
572,2,3,0,116
572,2,3,0,116
572,2,3,0,116
572,2,3,0,116
572,2,3,0,116
572,2,3,0,116
572,2,3,0,116
572,2,3,0,116
340,49,97,20,117
280,25,92,4,117
220,59,88,0,117
188,87,88,2,117
152,107,80,4,117
104,115,64,6,117
60,131,76,2,117
16,147,88,0,117
20,167,103,5,117
12,173,103,13,117
8,169,85,27,117
24,181,97,35,117
24,193,109,43,117
24,205,121,51,117
24,213,122,62,117
24,225,131,64,117
0,207,98,81,117
11,207,88,87,117
19,215,94,87,117
19,223,100,87,117
15,228,100,87,117
19,236,106,87,117
11,244,112,87,117
11,252,118,87,117
11,260,124,87,117
11,268,130,87,117
11,276,136,87,117
11,284,142,87,117
11,292,148,87,117
11,300,154,87,117
8,292,133,93,117
8,288,120,96,117
4,276,88,102,117
4,276,72,108,117
4,264,40,114,117
11,268,44,108,117
11,272,48,102,117
11,276,52,96,117
11,280,56,90,117
11,284,60,84,117
11,288,64,78,117
11,292,68,72,117
8,296,72,69,117
8,300,76,66,117
8,304,80,63,117
11,308,80,60,117
0,304,64,64,117
8,308,66,60,117
11,312,68,54,117
0,292,20,63,117
11,296,22,57,117
15,304,24,49,117
22,312,28,43,117
26,324,32,33,117
33,336,38,23,117
37,352,46,6,117
33,358,12,11,117
48,378,22,0,117
37,334,16,9,117
52,369,26,0,117
66,411,38,0,117
77,460,52,0,117
77,534,74,0,117
55,449,56,26,117
66,473,20,46,117
119,551,42,54,117
119,629,66,53,117
15,457,26,113,117
68,496,36,116,117
79,536,46,119,117
83,560,16,134,117
98,605,27,117,117
98,671,38,102,117
98,737,49,87,117
98,803,60,72,117
27,578,8,150,117
98,637,19,135,117
98,696,30,123,117
98,755,41,111,117
98,814,52,99,117
73,843,15,96,117
98,898,26,70,117
98,967,37,48,117
98,1036,48,26,117
98,1105,59,4,117
30,885,7,77,117
98,947,18,55,117
98,1023,30,37,117
75,1078,40,22,117
75,1133,50,7,117
83,1195,60,4,117
98,1257,71,0,117
98,1333,82,0,117
12,1044,14,101,117
98,1117,25,91,117
98,1190,36,83,117
98,1263,47,75,117
98,1336,58,67,117
98,1409,69,59,117
53,1455,32,60,117
340,47,94,20,118
280,46,91,40,118
220,44,87,6,118
166,40,71,8,118
115,34,59,13,118
60,22,35,24,118
25,18,27,29,118
25,18,27,19,118
15,10,11,9,118
20,10,11,0,118
19,7,5,0,118
20,7,5,0,118
20,7,5,0,118
20,7,5,0,118
20,7,5,0,118
20,7,5,0,118
20,7,5,0,118
20,7,5,0,118
20,7,5,0,118
20,7,5,0,118
20,7,5,0,118
20,7,5,0,118
20,7,5,0,118
20,7,5,0,118
20,7,5,0,118
20,7,5,0,118
20,7,5,0,118
20,7,5,0,118
20,7,5,0,118
20,7,5,0,118
20,7,5,0,118
20,7,5,0,118
20,7,5,0,118
20,7,5,0,118
20,7,5,0,118
20,7,5,0,118
20,7,5,0,118
20,7,5,0,118
20,7,5,0,118
20,7,5,0,118
20,7,5,0,118
20,7,5,0,118
20,7,5,0,118
20,7,5,0,118
20,7,5,0,118
20,7,5,0,118
20,7,5,0,118
20,7,5,0,118
20,7,5,0,118
20,7,5,0,118
20,7,5,0,118
20,7,5,0,118
20,7,5,0,118
20,7,5,0,118
20,7,5,0,118
20,7,5,0,118
20,7,5,0,118
20,7,5,0,118
25,7,5,0,118
30,7,5,0,118
35,7,5,0,118
45,7,5,0,118
50,7,5,0,118
55,7,5,0,118
65,7,5,0,118
79,7,5,0,118
90,7,5,0,118
105,7,5,0,118
120,7,5,0,118
161,7,5,0,118
168,7,5,0,118
168,7,5,0,118
168,7,5,0,118
168,7,5,0,118
168,7,5,0,118
168,7,5,0,118
168,7,5,0,118
168,7,5,0,118
168,7,5,0,118
168,7,5,0,118
168,7,5,0,118
168,7,5,0,118
168,7,5,0,118
168,7,5,0,118
168,7,5,0,118
168,7,5,0,118
168,7,5,0,118
168,7,5,0,118
168,7,5,0,118
168,7,5,0,118
168,7,5,0,118
168,7,5,0,118
168,7,5,0,118
168,7,5,0,118
168,7,5,0,118
168,7,5,0,118
168,7,5,0,118
168,7,5,0,118
168,7,5,0,118
168,7,5,0,118
340,50,100,20,119
280,49,97,40,119
220,45,81,24,119
160,43,86,17,119
178,40,87,19,119
170,34,80,24,119
225,34,85,29,119
265,30,80,34,119
283,22,66,35,119
315,22,70,31,119
270,10,49,39,119
320,10,53,38,119
370,10,57,37,119
386,10,63,38,119
349,10,70,38,119
312,10,77,38,119
240,2,68,41,119
232,2,74,29,119
232,2,80,17,119
232,2,86,5,119
232,2,92,0,119
232,2,98,0,119
232,2,104,0,119
232,2,110,0,119
232,2,116,0,119
232,2,122,0,119
232,2,128,0,119
232,2,134,0,119
232,2,140,0,119
232,2,146,0,119
232,2,152,0,119
232,2,158,0,119
232,2,164,0,119
232,2,170,0,119
232,2,176,0,119
232,2,182,0,119
232,2,188,0,119
232,2,194,0,119
232,2,200,0,119
232,2,206,0,119
232,2,212,0,119
232,2,218,0,119
232,2,224,0,119
232,2,230,0,119
232,2,236,0,119
232,2,242,0,119
232,2,248,0,119
232,2,254,0,119
232,2,260,0,119
232,2,266,0,119
232,2,272,0,119
232,2,278,0,119
232,2,284,0,119
232,2,290,0,119
232,2,296,0,119
232,2,302,0,119
232,2,308,0,119
232,2,314,0,119
232,2,320,0,119
232,2,326,0,119
232,2,332,0,119
232,2,338,0,119
232,2,344,0,119
232,2,350,0,119
232,2,356,0,119
176,2,363,0,119
176,2,370,0,119
176,2,377,0,119
176,2,384,0,119
176,2,391,0,119
176,2,398,0,119
176,2,405,0,119
176,2,412,0,119
176,2,419,0,119
176,2,426,0,119
176,2,433,0,119
176,2,440,0,119
176,2,447,0,119
176,2,454,0,119
176,2,461,0,119
176,2,468,0,119
176,2,475,0,119
176,2,482,0,119
176,2,489,0,119
176,2,496,0,119
176,2,503,0,119
176,2,510,0,119
176,2,517,0,119
176,2,524,0,119
176,2,531,0,119
176,2,538,0,119
176,2,545,0,119
176,2,552,0,119
176,2,559,0,119
176,2,566,0,119
176,2,573,0,119
176,2,580,0,119
176,2,587,0,119
176,2,594,0,119
176,2,601,0,119
340,48,96,20,120
388,24,91,40,120
418,54,91,60,120
421,69,79,80,120
430,89,76,100,120
420,104,76,105,120
409,115,68,113,120
368,109,44,124,120
371,118,44,125,120
374,121,38,126,120
375,116,22,129,120
373,111,6,130,120
379,117,6,128,120
386,123,6,127,120
397,129,6,125,120
405,135,6,121,120
409,141,6,115,120
414,150,6,112,120
415,159,6,107,120
401,171,6,101,120
387,183,6,95,120
373,195,6,89,120
359,207,6,83,120
345,219,6,77,120
346,228,6,72,120
331,240,6,64,120
316,252,6,56,120
301,264,6,48,120
286,276,6,40,120
287,285,6,36,120
283,294,6,29,120
279,303,6,22,120
275,312,6,15,120
271,321,6,8,120
267,330,6,1,120
263,339,6,0,120
259,348,6,0,120
255,357,6,0,120
251,366,6,0,120
247,375,6,0,120
243,384,6,0,120
239,393,6,0,120
235,402,6,0,120
231,411,6,0,120
227,420,6,0,120
223,429,6,0,120
219,438,6,0,120
215,447,6,0,120
211,456,6,0,120
207,465,6,0,120
203,474,6,0,120
199,483,6,0,120
195,492,6,0,120
191,501,6,0,120
187,510,6,0,120
183,519,6,0,120
179,528,6,0,120
175,537,6,0,120
171,546,6,0,120
167,555,6,0,120
163,564,6,0,120
159,573,6,0,120
155,582,6,0,120
151,591,6,0,120
147,600,6,0,120
143,609,6,0,120
139,618,6,0,120
135,627,6,0,120
131,636,6,0,120
127,645,6,0,120
123,654,6,0,120
119,663,6,0,120
115,672,6,0,120
111,681,6,0,120
107,690,6,0,120
103,699,6,0,120
99,708,6,0,120
95,717,6,0,120
91,726,6,0,120
87,735,6,0,120
83,744,6,0,120
79,753,6,0,120
75,762,6,0,120
71,771,6,0,120
67,780,6,0,120
63,789,6,0,120
59,798,6,0,120
55,807,6,0,120
51,816,6,0,120
47,825,6,0,120
43,834,6,0,120
39,843,6,0,120
39,852,6,0,120
39,861,6,0,120
39,870,6,0,120
39,879,6,0,120
39,888,6,0,120
39,897,6,0,120
39,906,6,0,120
39,915,6,0,120
340,26,95,20,121
280,26,95,40,121
258,26,95,52,121
236,26,95,64,121
215,25,92,76,121
193,25,92,70,121
172,23,88,67,121
168,17,76,73,121
176,17,76,76,121
184,17,76,79,121
172,13,60,88,121
170,9,54,94,121
159,1,39,97,121
157,1,40,94,121
155,1,41,91,121
153,1,42,88,121
151,1,43,85,121
149,1,44,82,121
147,1,45,79,121
145,1,46,76,121
143,1,47,73,121
141,1,48,70,121
139,1,49,67,121
138,1,50,64,121
137,1,51,61,121
136,1,52,58,121
136,1,53,54,121
142,1,53,53,121
148,1,53,52,121
154,1,53,51,121
160,1,53,50,121
166,1,53,49,121
172,1,53,48,121
178,1,53,47,121
184,1,53,46,121
192,1,53,47,121
200,1,53,48,121
208,1,53,49,121
216,1,53,50,121
224,1,53,51,121
233,1,53,51,121
242,1,53,51,121
251,1,53,51,121
260,1,53,51,121
269,1,53,51,121
278,1,53,51,121
287,1,53,51,121
296,1,53,51,121
305,1,53,51,121
314,1,53,51,121
323,1,53,51,121
332,1,53,51,121
341,1,53,51,121
350,1,53,51,121
359,1,53,51,121
368,1,53,51,121
377,1,53,51,121
377,1,53,50,121
377,1,53,49,121
377,1,53,48,121
377,1,53,47,121
377,1,53,46,121
377,1,53,45,121
377,1,53,44,121
377,1,53,43,121
377,1,53,42,121
377,1,53,41,121
377,1,53,40,121
377,1,53,39,121
377,1,53,38,121
377,1,53,37,121
377,1,53,36,121
377,1,53,35,121
377,1,53,34,121
377,1,53,33,121
377,1,53,32,121
377,1,53,31,121
377,1,53,30,121
377,1,53,29,121
377,1,53,28,121
377,1,53,27,121
377,1,53,26,121
377,1,53,25,121
377,1,53,24,121
377,1,53,23,121
377,1,53,22,121
377,1,53,21,121
377,1,53,20,121
377,1,53,19,121
377,1,53,18,121
377,1,53,17,121
377,1,53,16,121
377,1,53,15,121
377,1,53,14,121
377,1,53,13,121
377,1,53,12,121
377,1,53,11,121
377,1,53,10,121
377,1,53,9,121
377,1,53,8,121
340,48,96,20,122
520,48,96,40,122
688,45,90,60,122
738,39,78,72,122
876,39,78,88,122
957,35,62,110,122
958,23,53,137,122
1027,23,77,166,122
963,5,53,198,122
1047,5,74,230,122
1118,5,98,267,122
1167,5,125,309,122
1205,5,152,354,122
1217,5,182,402,122
1186,5,215,456,122
1155,5,248,510,122
1124,5,281,564,122
1093,4,311,618,122
998,4,338,645,122
903,4,365,672,122
808,4,392,699,122
713,4,419,726,122
618,4,446,753,122
587,4,479,807,122
556,3,509,861,122
461,3,536,888,122
366,3,563,915,122
342,3,590,942,122
342,3,617,969,122
342,3,644,996,122
342,3,671,1023,122
342,3,698,1050,122
342,3,725,1077,122
342,3,752,1104,122
342,3,779,1131,122
342,3,806,1158,122
342,3,833,1185,122
342,3,860,1212,122
314,3,884,1237,122
314,3,908,1262,122
314,3,932,1287,122
314,3,956,1312,122
314,3,980,1337,122
314,3,1004,1362,122
318,3,1025,1381,122
317,3,1046,1403,122
316,3,1067,1425,122
315,3,1088,1447,122
314,3,1109,1469,122
313,3,1130,1491,122
312,3,1151,1513,122
311,3,1172,1535,122
310,3,1193,1557,122
309,3,1214,1579,122
308,3,1235,1601,122
307,3,1256,1623,122
306,3,1277,1645,122
305,3,1298,1667,122
304,3,1319,1689,122
303,3,1340,1711,122
302,3,1361,1733,122
301,3,1382,1755,122
300,3,1403,1777,122
299,3,1424,1799,122
298,3,1445,1821,122
297,3,1466,1843,122
296,3,1487,1865,122
295,3,1508,1887,122
294,3,1529,1909,122
293,3,1550,1931,122
292,3,1571,1953,122
291,3,1592,1975,122
290,3,1613,1997,122
289,3,1634,2019,122
288,3,1655,2041,122
287,3,1676,2063,122
286,3,1697,2085,122
287,3,1718,2106,122
276,3,1742,2127,122
276,3,1766,2148,122
276,3,1790,2169,122
276,3,1814,2190,122
276,3,1838,2211,122
276,3,1862,2232,122
276,3,1886,2253,122
276,3,1910,2274,122
276,3,1934,2295,122
308,3,1952,2312,122
329,3,1973,2332,122
328,3,1994,2354,122
327,3,2015,2376,122
326,3,2036,2398,122
325,3,2057,2420,122
380,3,2072,2435,122
413,3,2090,2451,122
445,3,2108,2468,122
478,3,2126,2487,122
480,3,2147,2507,122
419,3,2174,2533,122
358,3,2201,2559,122
340,46,84,20,123
280,46,144,40,123
220,43,195,60,123
160,42,252,80,123
100,42,282,70,123
40,42,312,60,123
0,34,320,56,123
0,10,324,59,123
0,26,336,59,123
0,38,345,59,123
0,46,351,57,123
0,48,350,57,123
7,44,342,56,123
14,44,345,51,123
21,44,351,44,123
28,44,360,35,123
42,44,378,23,123
49,38,384,16,123
57,28,353,32,123
9,8,273,73,123
96,8,309,78,123
112,8,351,85,123
144,8,402,92,123
169,8,462,103,123
192,8,528,112,123
224,8,606,123,123
273,8,690,138,123
312,8,774,160,123
316,8,858,171,123
316,8,956,186,123
201,8,1028,197,123
201,8,1100,208,123
201,8,1172,219,123
201,8,1244,230,123
201,8,1316,241,123
201,8,1388,252,123
201,8,1460,263,123
201,8,1532,274,123
201,8,1604,285,123
201,8,1676,296,123
201,8,1748,307,123
201,8,1820,318,123
201,8,1892,329,123
201,8,1964,340,123
201,8,2036,351,123
201,8,2108,362,123
201,8,2180,373,123
201,8,2252,384,123
201,8,2324,395,123
201,8,2396,406,123
201,8,2468,417,123
201,8,2540,428,123
201,8,2612,439,123
201,8,2684,450,123
201,8,2756,461,123
201,8,2828,472,123
201,8,2900,483,123
201,8,2972,494,123
192,8,3044,506,123
98,8,3128,506,123
98,8,3212,506,123
98,8,3296,506,123
98,8,3380,506,123
98,8,3464,506,123
98,8,3548,506,123
98,8,3632,506,123
98,8,3716,506,123
98,8,3800,506,123
98,8,3884,506,123
98,8,3968,506,123
98,8,4052,506,123
98,8,4136,506,123
98,8,4220,506,123
98,8,4304,506,123
98,8,4388,506,123
98,8,4472,506,123
98,8,4556,506,123
91,2,4622,512,123
87,2,4670,519,123
70,2,4712,526,123
70,2,4754,533,123
70,2,4796,540,123
70,2,4838,547,123
70,2,4880,554,123
70,2,4922,561,123
70,2,4964,568,123
70,2,5006,575,123
70,2,5048,582,123
70,2,5090,589,123
70,2,5132,596,123
70,2,5174,603,123
70,2,5216,610,123
70,2,5258,617,123
70,2,5300,624,123
70,2,5342,631,123
70,2,5384,638,123
70,2,5426,645,123
70,2,5468,652,123
70,2,5510,659,123
70,2,5552,666,123
340,49,97,20,124
280,46,91,0,124
220,46,91,0,124
160,42,83,0,124
100,18,78,0,124
40,18,62,0,124
0,23,62,0,124
0,26,62,0,124
0,20,46,0,124
0,22,46,0,124
0,21,42,1,124
8,22,42,1,124
9,23,42,2,124
4,17,30,10,124
14,18,30,12,124
18,19,30,14,124
17,20,30,12,124
16,21,30,10,124
15,22,30,8,124
14,23,30,6,124
14,24,30,4,124
14,25,30,2,124
14,26,30,0,124
14,27,30,0,124
10,20,14,4,124
14,21,14,2,124
14,23,14,0,124
14,25,14,0,124
14,27,14,0,124
14,29,14,0,124
14,31,14,0,124
14,33,14,0,124
14,35,14,0,124
14,37,14,0,124
14,39,14,0,124
14,41,14,0,124
14,43,14,0,124
14,45,14,0,124
14,47,14,0,124
14,49,14,0,124
14,51,14,0,124
14,53,14,0,124
14,55,14,0,124
14,57,14,0,124
14,59,14,0,124
14,61,14,0,124
14,63,14,0,124
14,65,14,0,124
14,67,14,0,124
14,69,14,0,124
14,71,14,0,124
14,73,14,0,124
14,75,14,0,124
14,77,14,0,124
14,79,14,0,124
14,81,14,0,124
14,83,14,0,124
14,85,14,0,124
14,87,14,0,124
14,89,14,0,124
14,91,14,0,124
14,93,14,0,124
14,95,14,0,124
14,97,14,0,124
14,99,14,0,124
14,101,14,0,124
14,103,14,0,124
14,105,14,0,124
14,107,14,0,124
14,109,14,0,124
14,111,14,0,124
14,113,14,0,124
14,115,14,0,124
14,117,14,0,124
14,119,14,0,124
14,121,14,0,124
14,123,14,0,124
14,125,14,0,124
14,127,14,0,124
14,129,14,0,124
14,131,14,0,124
14,133,14,0,124
14,135,14,0,124
14,137,14,0,124
14,139,14,0,124
14,141,14,0,124
14,143,14,0,124
14,145,14,0,124
14,147,14,0,124
14,149,14,0,124
14,151,14,0,124
14,153,14,0,124
14,155,14,0,124
14,157,14,0,124
14,159,14,0,124
14,161,14,0,124
14,163,14,0,124
14,165,14,0,124
14,167,14,0,124
14,169,14,0,124
340,47,94,20,125
280,46,91,40,125
220,46,91,0,125
160,42,83,0,125
100,42,83,0,125
40,34,67,0,125
0,34,67,0,125
0,26,51,0,125
0,14,27,0,125
0,14,27,0,125
0,14,27,0,125
0,14,27,0,125
0,14,27,0,125
0,14,27,0,125
0,14,27,0,125
0,14,27,0,125
0,14,27,0,125
340,50,100,20,126
280,50,100,40,126
220,48,96,60,126
240,47,93,80,126
204,23,88,82,126
160,35,72,90,126
120,55,92,95,126
80,72,102,100,126
40,84,110,105,126
12,88,106,104,126
16,100,118,94,126
12,96,102,89,126
12,96,94,78,126
4,86,54,97,126
8,74,26,95,126
4,14,12,115,126
12,22,12,103,126
12,30,12,87,126
12,38,12,73,126
12,46,12,59,126
12,54,12,45,126
12,62,12,31,126
8,66,12,19,126
8,70,12,7,126
8,74,12,0,126
8,78,12,0,126
8,82,12,0,126
8,86,12,0,126
8,90,12,0,126
8,94,12,0,126
8,98,12,0,126
8,102,12,0,126
8,106,12,0,126
8,114,12,0,126
8,122,12,0,126
8,130,12,0,126
8,138,12,0,126
8,146,12,0,126
8,154,12,0,126
8,162,12,0,126
8,170,12,0,126
8,178,12,0,126
8,186,12,0,126
8,194,12,0,126
8,202,12,0,126
8,210,12,0,126
8,218,12,0,126
8,226,12,0,126
8,234,12,0,126
8,242,12,0,126
8,250,12,0,126
8,258,12,0,126
8,266,12,0,126
8,274,12,0,126
8,282,12,0,126
8,290,12,0,126
8,298,12,0,126
8,306,12,0,126
8,314,12,0,126
8,322,12,0,126
8,330,12,0,126
8,338,12,0,126
8,346,12,0,126
8,354,12,0,126
8,362,12,0,126
8,370,12,0,126
8,378,12,0,126
8,386,12,0,126
8,394,12,0,126
8,402,12,0,126
8,410,12,0,126
8,418,12,0,126
8,426,12,0,126
8,434,12,0,126
8,442,12,0,126
8,450,12,0,126
8,458,12,0,126
8,466,12,0,126
8,474,12,0,126
8,482,12,0,126
8,490,12,0,126
8,498,12,0,126
8,506,12,0,126
8,514,12,0,126
8,522,12,0,126
8,530,12,0,126
8,538,12,0,126
8,546,12,0,126
8,554,12,0,126
8,562,12,0,126
8,570,12,0,126
8,578,12,0,126
8,586,12,0,126
8,594,12,0,126
8,602,12,0,126
8,610,12,0,126
8,618,12,0,126
8,626,12,0,126
8,634,12,0,126
8,642,12,0,126
340,46,84,20,127
280,43,154,40,127
220,43,234,60,127
160,19,277,80,127
100,59,317,100,127
40,99,357,120,127
0,123,373,140,127
0,145,397,155,127
28,161,413,167,127
26,163,413,182,127
52,175,429,197,127
60,190,446,214,127
45,194,446,226,127
52,202,454,235,127
39,194,434,244,127
13,134,424,265,127
39,146,420,271,127
32,150,408,283,127
39,166,420,281,127
52,190,436,279,127
26,196,408,301,127
45,208,404,314,127
13,88,381,353,127
39,92,372,363,127
0,72,297,406,127
39,88,312,406,127
39,112,332,409,127
38,98,306,427,127
63,110,321,426,127
75,122,341,429,127
75,110,312,443,127
88,106,300,457,127
81,86,256,469,127
113,102,281,463,127
125,102,266,463,127
125,98,247,456,127
88,90,219,455,127
63,82,154,478,127
125,102,189,456,127
106,94,171,463,127
112,76,135,479,127
143,96,199,493,127
175,117,269,504,127
175,138,339,492,127
99,120,255,549,127
186,112,250,555,127
217,133,352,557,127
217,155,458,551,127
210,136,480,601,127
174,55,506,645,127
217,94,612,653,127
249,133,718,666,127
249,194,824,672,127
130,198,818,702,127
239,237,854,705,127
232,253,878,740,127
132,244,781,799,127
238,281,872,814,127
132,122,860,877,127
240,159,951,910,127
240,196,1042,933,127
205,200,1050,976,127
195,202,1036,1007,127
205,198,1008,1050,127
189,190,982,1098,127
90,164,856,1194,127
135,165,863,1225,127
90,137,803,1274,127
194,162,855,1293,127
0,112,660,1396,127
116,78,602,1438,127
194,103,654,1456,127
220,107,667,1495,127
275,145,746,1526,127
269,154,748,1561,127
212,159,742,1582,127
78,118,670,1630,127
61,71,582,1687,127
116,29,502,1720,127
190,50,554,1730,127
203,71,610,1716,127
204,92,668,1706,127
206,129,726,1703,127
190,94,666,1742,127
122,48,580,1808,127
163,66,618,1810,127
192,87,664,1820,127
168,108,720,1818,127
189,93,690,1835,127
189,50,604,1864,127
233,71,662,1857,127
234,108,720,1853,127
149,68,650,1905,127
267,105,708,1906,127
269,144,768,1899,127
29,84,538,2017,127
233,65,514,2030,127
331,104,574,2023,127
23,34,304,2168,127
276,56,362,2172,127
340,26,95,20,128
280,61,89,40,128
220,81,73,60,128
160,89,89,80,128
100,109,129,100,128
40,125,161,120,128
0,138,186,122,128
0,128,162,131,128
0,132,166,134,128
0,134,170,134,128
0,128,158,141,128
0,130,162,138,128
0,132,166,137,128
0,134,170,138,128
0,136,174,141,128
0,138,174,143,128
0,138,174,144,128
340,49,97,20,129
291,45,81,8,129
242,21,91,11,129
194,22,101,14,129
145,26,116,5,129
97,30,131,0,129
48,34,146,0,129
0,29,142,0,129
0,18,124,0,129
0,20,130,0,129
0,4,98,6,129
0,5,101,0,129
0,6,104,0,129
0,6,107,0,129
0,6,110,0,129
0,6,110,0,129
0,6,110,0,129
0,6,110,0,129
340,49,97,20,130
280,46,91,0,130
220,44,87,0,130
238,20,82,2,130
248,36,82,0,130
247,48,74,1,130
207,52,58,0,130
180,66,58,0,130
88,10,44,16,130
65,22,28,17,130
65,40,28,3,130
52,48,16,0,130
88,64,16,0,130
97,80,16,0,130
119,100,16,0,130
141,124,16,0,130
176,154,16,0,130
198,190,16,0,130
242,234,16,0,130
286,284,16,0,130
309,344,16,0,130
309,404,16,0,130
309,464,16,0,130
309,524,16,0,130
309,584,16,0,130
309,644,16,0,130
309,704,16,0,130
309,764,16,0,130
309,824,16,0,130
309,884,16,0,130
309,944,16,0,130
309,1004,16,0,130
309,1064,16,0,130
309,1124,16,0,130
309,1184,16,0,130
309,1244,16,0,130
309,1304,16,0,130
309,1364,16,0,130
309,1424,16,0,130
309,1484,16,0,130
309,1544,16,0,130
309,1604,16,0,130
309,1664,16,0,130
309,1724,16,0,130
309,1784,16,0,130
309,1844,16,0,130
309,1904,16,0,130
309,1964,16,0,130
309,2024,16,0,130
309,2084,16,0,130
309,2144,16,0,130
309,2204,16,0,130
309,2264,16,0,130
309,2324,16,0,130
309,2384,16,0,130
309,2444,16,0,130
309,2504,16,0,130
309,2564,16,0,130
309,2624,16,0,130
412,2684,16,10,130
412,2744,16,21,130
412,2804,16,32,130
412,2864,16,43,130
352,2926,16,44,130
352,2988,16,45,130
352,3050,16,46,130
352,3112,16,47,130
352,3174,16,48,130
352,3236,16,49,130
352,3298,16,50,130
295,3350,16,49,130
295,3402,16,48,130
295,3454,16,47,130
295,3506,16,46,130
295,3558,16,45,130
295,3610,16,44,130
295,3662,16,43,130
295,3714,16,42,130
295,3766,16,41,130
295,3818,16,40,130
242,3858,16,40,130
242,3898,16,40,130
242,3938,16,40,130
242,3978,16,40,130
242,4018,16,40,130
242,4058,16,40,130
242,4098,16,40,130
242,4138,16,40,130
242,4178,16,40,130
242,4218,16,40,130
242,4258,16,40,130
242,4298,16,40,130
242,4338,16,40,130
242,4378,16,40,130
242,4418,16,40,130
242,4458,16,40,130
242,4498,16,40,130
242,4538,16,40,130
242,4578,16,40,130
242,4618,16,40,130
340,50,100,20,131
280,48,96,40,131
292,24,91,60,131
268,32,75,80,131
272,39,76,93,131
270,45,79,97,131
256,43,69,107,131
272,49,72,114,131
288,49,66,121,131
304,53,68,122,131
284,41,44,135,131
295,45,46,136,131
306,49,48,137,131
299,43,33,140,131
292,31,10,146,131
288,30,5,142,131
296,32,6,138,131
304,34,7,134,131
312,36,8,130,131
318,38,9,127,131
328,40,10,125,131
331,42,12,122,131
334,44,14,119,131
337,46,16,116,131
336,50,18,114,131
329,44,3,115,131
328,48,5,113,131
334,50,7,112,131
333,54,9,110,131
345,56,10,110,131
355,58,12,111,131
354,62,14,109,131
353,66,16,107,131
352,70,18,105,131
351,74,20,103,131
350,78,22,101,131
349,82,24,99,131
361,84,25,99,131
373,86,26,99,131
385,88,27,99,131
381,76,4,107,131
389,78,5,103,131
399,80,6,101,131
405,82,8,100,131
411,84,10,99,131
410,88,12,97,131
409,92,14,95,131
408,96,16,93,131
407,100,18,91,131
406,104,20,89,131
405,108,22,87,131
404,112,24,85,131
403,116,26,83,131
402,120,28,81,131
401,124,30,79,131
411,126,30,74,131
417,130,30,70,131
416,134,30,62,131
415,138,30,54,131
414,142,30,46,131
413,146,30,38,131
412,150,30,30,131
411,154,30,22,131
410,158,30,14,131
409,162,30,6,131
408,166,30,0,131
407,170,30,0,131
406,174,30,0,131
405,178,30,0,131
385,176,14,4,131
384,180,16,2,131
383,184,18,0,131
382,188,20,0,131
381,192,22,0,131
380,196,24,0,131
379,200,26,0,131
378,204,28,0,131
377,208,30,0,131
376,212,32,0,131
375,216,34,0,131
355,202,3,7,131
354,206,5,5,131
353,210,7,3,131
352,214,9,1,131
351,218,11,0,131
350,222,13,0,131
349,226,15,0,131
348,230,17,0,131
347,234,19,0,131
346,238,21,0,131
345,242,23,0,131
344,246,25,0,131
343,250,27,0,131
342,254,29,0,131
341,258,31,0,131
340,262,33,0,131
339,266,35,0,131
338,270,37,0,131
337,274,39,0,131
336,278,41,0,131
340,50,100,20,132
310,48,96,34,132
287,24,91,48,132
265,38,91,62,132
243,52,91,76,132
221,66,91,90,132
198,77,85,104,132
172,79,69,118,132
147,89,79,132,132
121,89,69,146,132
94,89,63,160,132
78,95,69,172,132
62,101,75,184,132
46,107,81,196,132
30,113,87,208,132
14,119,93,220,132
6,124,96,232,132
5,130,100,238,132
5,136,104,244,132
4,136,100,250,132
4,140,104,250,132
4,144,108,250,132
4,148,112,250,132
4,152,116,250,132
3,148,102,256,132
4,152,106,256,132
3,144,84,262,132
4,148,88,256,132
5,154,92,250,132
4,158,96,242,132
2,144,66,246,132
0,130,34,253,132
2,132,36,249,132
2,136,38,244,132
2,140,40,239,132
2,144,42,234,132
2,148,44,229,132
2,152,46,224,132
2,156,48,219,132
2,160,50,214,132
2,164,52,209,132
2,168,54,204,132
2,172,56,199,132
2,176,58,194,132
2,180,60,189,132
2,184,62,184,132
2,188,64,179,132
2,192,66,174,132
2,196,68,169,132
2,200,70,164,132
2,204,72,159,132
2,208,74,154,132
2,212,76,149,132
2,216,78,144,132
2,220,80,139,132
2,224,82,134,132
2,228,84,129,132
2,232,86,124,132
2,236,88,119,132
2,240,90,114,132
2,242,92,110,132
2,244,94,106,132
2,246,96,102,132
2,248,98,98,132
2,250,100,94,132
2,252,102,90,132
2,254,104,86,132
2,256,106,84,132
2,258,108,82,132
2,260,110,80,132
2,262,112,78,132
2,264,114,76,132
2,266,116,74,132
2,268,118,72,132
2,270,120,70,132
2,272,122,68,132
2,274,124,66,132
2,276,126,64,132
2,278,128,62,132
2,280,130,60,132
2,282,132,58,132
2,284,134,56,132
2,286,136,54,132
2,288,138,52,132
2,290,140,50,132
2,292,142,48,132
2,294,144,46,132
2,296,146,44,132
2,298,148,42,132
2,300,150,40,132
2,302,152,38,132
2,304,154,36,132
2,306,156,34,132
2,308,158,32,132
2,310,160,30,132
2,312,162,28,132
2,314,164,26,132
2,316,166,24,132
2,318,168,22,132
2,320,170,20,132
340,48,96,20,133
451,45,90,40,133
499,41,74,60,133
498,41,134,89,133
497,40,191,118,133
473,36,211,118,133
440,36,235,106,133
389,12,246,106,133
338,20,246,106,133
251,14,210,124,133
192,26,234,118,133
132,38,258,112,133
72,50,282,106,133
18,50,276,109,133
20,52,280,112,133
30,64,298,107,133
19,60,286,116,133
33,72,304,116,133
23,76,306,122,133
22,68,286,128,133
22,64,280,134,133
33,76,298,134,133
43,92,322,133,133
22,82,298,149,133
36,30,296,171,133
59,18,266,186,133
104,34,296,191,133
58,26,234,235,133
137,50,276,246,133
45,20,172,311,133
173,20,232,325,133
220,20,312,337,133
271,8,387,364,133
274,8,484,352,133
276,8,585,346,133
279,8,698,346,133
286,8,815,352,133
284,8,919,354,133
284,8,1023,356,133
284,8,1127,358,133
284,8,1231,360,133
284,8,1335,362,133
284,8,1439,364,133
284,8,1543,366,133
284,8,1647,368,133
284,8,1751,370,133
284,8,1855,372,133
266,8,1929,372,133
266,8,2003,372,133
266,8,2077,372,133
266,8,2151,372,133
266,8,2225,372,133
266,8,2299,372,133
266,8,2373,372,133
266,8,2447,372,133
266,8,2521,372,133
266,8,2595,372,133
266,8,2669,372,133
266,8,2743,372,133
266,8,2817,372,133
266,8,2891,372,133
266,8,2965,372,133
266,8,3039,372,133
266,8,3113,372,133
266,8,3187,372,133
266,8,3261,372,133
266,8,3335,372,133
266,8,3409,372,133
266,8,3483,372,133
266,8,3557,372,133
266,8,3631,372,133
189,8,3703,364,133
189,8,3775,356,133
166,8,3803,341,133
166,8,3831,326,133
145,8,3859,315,133
145,8,3887,304,133
145,8,3915,293,133
145,8,3943,282,133
145,8,3971,271,133
145,8,3999,260,133
145,8,4027,249,133
145,8,4055,238,133
145,8,4083,227,133
145,8,4111,216,133
145,8,4139,205,133
145,8,4167,194,133
145,8,4195,183,133
145,8,4223,172,133
145,8,4251,161,133
145,8,4279,150,133
145,8,4307,139,133
166,8,4338,140,133
210,8,4374,139,133
259,8,4427,154,133
266,8,4484,167,133
276,8,4541,187,133
278,8,4601,198,133
324,8,4661,214,133
389,8,4721,227,133
340,48,96,20,134
364,42,84,40,134
368,30,60,60,134
420,27,54,80,134
478,27,54,100,134
427,9,18,126,134
443,1,2,147,134
465,1,2,171,134
504,1,2,188,134
534,1,2,208,134
569,1,2,227,134
585,1,2,254,134
552,1,2,291,134
519,1,2,328,134
486,1,2,365,134
453,1,2,402,134
420,1,2,439,134
387,1,2,476,134
354,1,2,513,134
321,1,2,550,134
288,1,2,587,134
255,1,2,624,134
222,1,2,661,134
189,1,2,698,134
172,1,2,735,134
172,1,2,772,134
182,1,2,801,134
169,1,2,835,134
160,1,2,869,134
160,1,2,903,134
160,1,2,937,134
160,1,2,971,134
160,1,2,1005,134
160,1,2,1039,134
160,1,2,1073,134
160,1,2,1107,134
160,1,2,1141,134
160,1,2,1175,134
160,1,2,1209,134
160,1,2,1243,134
182,1,2,1267,134
192,1,2,1296,134
183,1,2,1329,134
217,1,2,1350,134
240,1,2,1376,134
227,1,2,1410,134
214,1,2,1444,134
237,1,2,1470,134
204,1,2,1507,134
172,1,2,1544,134
172,1,2,1581,134
172,1,2,1618,134
172,1,2,1655,134
172,1,2,1692,134
172,1,2,1729,134
172,1,2,1766,134
172,1,2,1803,134
172,1,2,1840,134
172,1,2,1877,134
172,1,2,1914,134
172,1,2,1951,134
172,1,2,1988,134
172,1,2,2025,134
172,1,2,2062,134
172,1,2,2099,134
172,1,2,2136,134
172,1,2,2173,134
172,1,2,2210,134
194,1,2,2234,134
193,1,2,2265,134
192,1,2,2296,134
191,1,2,2327,134
190,1,2,2358,134
189,1,2,2389,134
188,1,2,2420,134
187,1,2,2451,134
186,1,2,2482,134
185,1,2,2513,134
184,1,2,2544,134
183,1,2,2575,134
182,1,2,2606,134
181,1,2,2637,134
180,1,2,2668,134
179,1,2,2699,134
178,1,2,2730,134
208,1,2,2750,134
216,1,2,2778,134
215,1,2,2809,134
214,1,2,2840,134
224,1,2,2869,134
191,1,2,2906,134
172,1,2,2943,134
172,1,2,2980,134
188,1,2,3007,134
178,1,2,3039,134
168,1,2,3071,134
158,1,2,3103,134
148,1,2,3135,134
144,1,2,3167,134
144,1,2,3199,134
340,47,94,20,135
280,45,90,40,135
400,44,87,60,135
320,40,71,52,135
195,16,76,59,135
0,48,77,45,135
0,74,79,34,135
45,90,83,31,135
36,98,71,33,135
9,42,57,53,135
36,58,61,55,135
36,66,48,60,135
27,62,18,65,135
36,78,22,61,135
45,98,26,56,135
54,122,31,49,135
63,150,38,39,135
90,186,47,22,135
108,222,34,7,135
117,258,14,0,135
129,315,23,0,135
285,378,44,0,135
229,431,18,0,135
285,494,46,0,135
288,557,81,0,135
285,608,85,0,135
288,528,81,54,135
350,583,61,62,135
314,647,89,65,135
354,728,117,70,135
347,770,109,80,135
329,808,43,132,135
351,872,88,177,135
335,932,131,200,135
329,970,127,237,135
224,1004,115,260,135
219,1019,85,277,135
145,863,57,326,135
228,937,93,321,135
224,958,49,336,135
288,1032,87,337,135
340,1106,125,342,135
224,1134,113,363,135
342,1200,151,356,135
344,1266,189,340,135
340,1290,171,343,135
219,1219,177,382,135
347,1271,215,371,135
299,1326,253,372,135
338,1330,195,397,135
221,1339,97,444,135
347,1363,79,476,135
293,1385,57,490,135
259,1440,95,493,135
254,1463,62,511,135
259,1518,93,499,135
321,1573,124,492,135
240,1595,33,544,135
323,1650,69,542,135
377,1705,105,543,135
380,1760,143,549,135
245,1632,136,599,135
196,1424,102,663,135
260,1455,66,673,135
384,1525,104,669,135
261,1552,60,671,135
384,1622,98,658,135
261,1641,38,664,135
384,1711,76,640,135
58,1497,28,704,135
186,1563,63,677,135
125,1589,21,672,135
136,1651,42,661,135
140,1715,64,644,135
140,1779,86,615,135
145,1828,100,590,135
9,1532,32,691,135
136,1600,49,691,135
140,1671,71,676,135
140,1742,93,665,135
140,1813,115,654,135
145,1869,129,635,135
113,1875,67,659,135
163,1943,84,673,135
168,2014,102,671,135
169,2027,36,677,135
238,2086,59,653,135
281,2145,82,630,135
168,2202,104,617,135
168,2259,126,604,135
25,1969,58,702,135
168,2035,76,689,135
168,2101,94,678,135
168,2167,112,667,135
168,2233,130,656,135
168,2299,148,641,135
153,2298,74,641,135
169,2347,88,613,135
121,2341,14,636,135
203,2407,25,623,135
340,47,94,20,136
280,23,89,40,136
220,43,89,60,136
160,63,89,80,136
100,82,86,100,136
40,84,70,102,136
0,91,76,101,136
0,96,81,101,136
0,100,85,101,136
0,103,88,101,136
0,105,90,99,136
0,107,92,99,136
0,99,76,101,136
0,100,77,99,136
0,101,78,99,136
0,102,78,98,136
0,102,78,96,136
340,47,94,20,137
280,23,89,40,137
220,63,73,60,137
160,123,73,80,137
100,183,73,100,137
40,235,69,120,137
60,264,66,140,137
60,275,34,149,137
72,304,26,152,137
78,339,10,134,137
96,387,10,118,137
140,443,18,100,137
140,513,26,78,137
140,583,34,56,137
168,667,46,90,137
203,765,58,123,137
232,859,64,169,137
180,926,58,179,137
145,986,26,143,137
120,1046,60,123,137
145,1078,48,101,137
120,1126,58,89,137
120,1186,85,47,137
112,1208,32,41,137
90,1253,59,23,137
0,1263,72,3,137
0,1310,58,0,137
0,1347,67,0,137
0,1239,42,24,137
0,1259,46,4,137
0,1275,49,0,137
0,1287,51,0,137
0,1296,53,0,137
0,1302,50,0,137
13,1307,51,0,137
26,1315,52,0,137
13,1314,41,4,137
44,1322,42,2,137
22,1314,18,10,137
54,1322,19,9,137
54,1330,20,4,137
54,1338,21,3,137
54,1346,22,2,137
54,1354,23,1,137
54,1362,24,0,137
54,1370,25,0,137
54,1378,26,0,137
54,1386,27,0,137
54,1394,28,0,137
54,1402,29,0,137
54,1410,30,0,137
54,1418,31,0,137
54,1426,32,0,137
54,1434,33,0,137
54,1442,34,0,137
54,1450,35,0,137
54,1458,36,0,137
54,1466,37,0,137
54,1474,38,0,137
9,1457,2,20,137
54,1465,3,19,137
54,1473,4,16,137
54,1481,5,13,137
54,1489,6,10,137
54,1497,7,7,137
54,1505,8,4,137
54,1513,9,3,137
54,1521,10,2,137
54,1529,11,1,137
54,1537,12,0,137
54,1545,13,0,137
54,1553,14,0,137
54,1561,15,0,137
54,1569,16,0,137
54,1577,17,0,137
54,1585,18,0,137
54,1593,19,0,137
54,1601,20,0,137
54,1609,21,0,137
54,1617,22,0,137
54,1625,23,0,137
54,1633,24,0,137
54,1641,25,0,137
54,1649,26,0,137
54,1657,27,0,137
54,1665,28,0,137
54,1673,29,0,137
54,1681,30,0,137
54,1689,31,0,137
54,1697,32,0,137
54,1705,33,0,137
54,1713,34,0,137
54,1721,35,0,137
54,1729,36,0,137
54,1737,37,0,137
54,1745,38,0,137
54,1753,39,0,137
54,1761,40,0,137
54,1769,41,0,137
54,1777,42,0,137
340,47,94,20,138
280,46,91,40,138
220,38,75,12,138
160,36,71,0,138
190,36,71,0,138
143,30,59,0,138
84,18,35,12,138
186,18,35,21,138
242,18,35,32,138
153,14,32,52,138
168,10,39,69,138
180,10,55,55,138
225,10,74,35,138
285,10,94,20,138
285,10,118,0,138
285,2,126,0,138
228,2,146,0,138
228,2,166,0,138
228,2,186,0,138
228,2,206,0,138
228,2,226,0,138
70,2,250,0,138
70,2,274,0,138
70,2,298,0,138
70,2,322,0,138
70,2,346,0,138
70,2,370,0,138
70,2,394,0,138
70,2,418,0,138
70,2,442,0,138
70,2,466,0,138
70,2,490,0,138
70,2,514,0,138
70,2,538,0,138
70,2,562,0,138
70,2,586,0,138
70,2,610,0,138
70,2,634,0,138
70,2,658,0,138
70,2,682,0,138
70,2,706,0,138
70,2,730,0,138
70,2,754,0,138
70,2,778,0,138
70,2,802,0,138
70,2,826,0,138
70,2,850,0,138
70,2,874,0,138
70,2,898,0,138
70,2,922,0,138
70,2,946,0,138
70,2,970,0,138
70,2,994,0,138
70,2,1018,0,138
70,2,1042,0,138
70,2,1066,0,138
70,2,1090,0,138
70,2,1114,0,138
70,2,1138,0,138
70,2,1162,0,138
70,2,1186,0,138
70,2,1210,0,138
70,2,1234,0,138
70,2,1258,0,138
70,2,1282,0,138
70,2,1306,0,138
70,2,1330,0,138
70,2,1354,0,138
70,2,1378,0,138
70,2,1402,0,138
70,2,1426,0,138
70,2,1450,0,138
70,2,1474,0,138
70,2,1498,0,138
70,2,1522,0,138
70,2,1546,0,138
70,2,1570,0,138
70,2,1594,0,138
70,2,1618,0,138
70,2,1642,0,138
84,2,1670,0,138
98,2,1698,0,138
90,2,1733,0,138
90,2,1768,0,138
90,2,1803,0,138
90,2,1838,0,138
90,2,1873,0,138
90,2,1908,0,138
90,2,1943,0,138
90,2,1978,0,138
90,2,2013,0,138
90,2,2048,0,138
90,2,2083,0,138
90,2,2118,0,138
120,2,2118,0,138
135,2,2118,0,138
135,2,2118,0,138
135,2,2118,0,138
135,2,2118,0,138
135,2,2118,0,138
340,47,94,20,139
280,47,94,40,139
220,23,89,60,139
160,19,73,80,139
100,11,57,100,139
40,11,57,120,139
0,11,57,140,139
0,10,54,155,139
0,6,46,155,139
0,6,46,149,139
0,6,46,147,139
0,6,46,144,139
0,6,46,140,139
0,6,46,138,139
0,6,46,137,139
0,6,46,135,139
340,47,94,20,140
280,46,91,40,140
220,42,83,6,140
160,18,78,0,140
100,25,62,0,140
40,22,38,0,140
0,37,38,0,140
0,29,22,0,140
0,29,22,0,140
0,29,22,0,140
0,29,22,0,140
0,29,22,0,140
0,29,22,0,140
0,29,22,0,140
0,29,22,0,140
0,29,22,0,140
0,29,22,0,140
340,50,100,20,141
280,26,95,40,141
220,34,79,60,141
160,44,79,80,141
100,54,79,100,141
40,63,76,120,141
0,70,76,119,141
0,71,68,122,141
0,74,68,116,141
0,74,64,113,141
14,76,64,114,141
21,78,64,115,141
21,72,52,122,141
37,70,46,124,141
53,71,46,123,141
68,72,46,123,141
83,73,46,123,141
93,66,30,128,141
103,59,14,133,141
120,60,14,132,141
135,62,14,132,141
157,64,14,131,141
175,66,14,128,141
190,68,14,128,141
202,70,14,126,141
217,72,14,126,141
232,73,14,123,141
247,74,14,120,141
262,75,14,117,141
279,76,14,116,141
294,78,14,116,141
311,79,14,115,141
326,81,14,115,141
338,83,14,113,141
350,85,14,111,141
372,87,14,110,141
390,89,14,107,141
405,91,14,102,141
417,93,14,100,141
439,95,14,99,141
461,97,14,98,141
483,99,14,97,141
505,101,14,96,141
523,103,14,93,141
541,105,14,90,141
556,107,14,85,141
560,110,14,81,141
566,113,14,76,141
560,116,14,71,141
554,119,14,66,141
548,122,14,61,141
542,125,14,56,141
536,128,14,51,141
530,131,14,46,141
524,134,14,41,141
518,137,14,36,141
512,140,14,31,141
506,143,14,26,141
500,146,14,21,141
494,149,14,16,141
488,152,14,11,141
482,155,14,6,141
476,158,14,1,141
470,161,14,0,141
464,164,14,0,141
458,167,14,0,141
452,170,14,0,141
446,173,14,0,141
440,176,14,0,141
434,179,14,0,141
428,182,14,0,141
422,185,14,0,141
416,188,14,0,141
410,191,14,0,141
404,194,14,0,141
411,198,14,1,141
405,202,14,1,141
399,206,14,1,141
393,210,14,1,141
394,214,14,0,141
357,219,14,1,141
320,224,14,2,141
283,229,14,3,141
246,234,14,4,141
209,239,14,5,141
172,244,14,6,141
135,249,14,7,141
107,254,14,8,141
107,259,14,9,141
93,264,14,11,141
87,269,14,13,141
87,274,14,15,141
87,279,14,17,141
87,284,14,19,141
87,289,14,21,141
87,294,14,23,141
87,299,14,25,141
87,304,14,27,141
87,309,14,29,141
87,314,14,31,141
340,50,100,20,142
280,48,96,40,142
239,45,90,60,142
227,45,90,73,142
222,44,87,83,142
208,40,71,90,142
196,36,69,91,142
183,28,56,92,142
172,22,44,95,142
184,22,47,89,142
184,14,31,89,142
196,14,34,83,142
208,14,37,77,142
219,14,40,72,142
201,2,16,83,142
209,2,22,76,142
204,2,28,66,142
199,2,34,56,142
194,2,40,46,142
189,2,46,36,142
196,2,49,29,142
208,2,55,24,142
203,2,61,14,142
198,2,67,4,142
193,2,73,0,142
188,2,79,0,142
183,2,85,0,142
178,2,91,0,142
173,2,97,0,142
168,2,103,0,142
163,2,109,0,142
158,2,115,0,142
153,2,121,0,142
148,2,127,0,142
143,2,133,0,142
138,2,139,0,142
133,2,145,0,142
128,2,151,0,142
123,2,157,0,142
118,2,163,0,142
113,2,169,0,142
108,2,175,0,142
103,2,181,0,142
98,2,187,0,142
93,2,193,0,142
88,2,199,0,142
83,2,205,0,142
78,2,211,0,142
73,2,217,0,142
68,2,223,0,142
63,2,229,0,142
58,2,235,0,142
53,2,241,0,142
48,2,247,0,142
43,2,253,0,142
51,2,262,0,142
52,2,274,0,142
77,2,289,0,142
91,2,307,0,142
104,2,328,0,142
130,2,358,0,142
195,2,403,15,142
247,2,457,35,142
360,2,522,71,142
360,2,587,111,142
360,2,652,151,142
360,2,717,191,142
285,2,780,213,142
285,2,843,235,142
285,2,906,257,142
285,2,969,279,142
285,2,1032,301,142
285,2,1095,323,142
285,2,1158,345,142
285,2,1221,367,142
285,2,1284,389,142
285,2,1347,411,142
285,2,1410,433,142
285,2,1473,455,142
285,2,1536,477,142
285,2,1599,499,142
285,2,1662,521,142
234,2,1716,539,142
234,2,1770,557,142
234,2,1824,575,142
182,2,1866,589,142
169,2,1902,603,142
169,2,1938,617,142
169,2,1974,631,142
169,2,2010,645,142
169,2,2046,659,142
169,2,2082,673,142
169,2,2118,687,142
169,2,2154,701,142
169,2,2190,715,142
169,2,2226,729,142
169,2,2262,743,142
169,2,2298,757,142
169,2,2334,771,142
169,2,2370,785,142
340,26,95,20,143
280,78,91,40,143
280,108,91,60,143
256,122,75,80,143
232,143,103,100,143
208,163,128,120,143
204,172,140,123,143
200,181,152,126,143
190,187,158,129,143
186,196,170,132,143
185,205,178,135,143
184,214,186,138,143
177,212,174,144,143
170,214,174,147,143
168,211,166,156,143
182,217,174,159,143
192,226,186,165,143
206,235,198,171,143
216,247,210,178,143
220,259,226,186,143
153,252,186,207,143
114,246,174,225,143
47,189,160,246,143
34,183,140,261,143
14,169,100,279,143
24,186,112,291,143
30,199,120,301,143
14,197,108,316,143
24,214,128,322,143
24,219,120,332,143
10,197,64,348,143
24,214,84,346,143
30,219,76,353,143
34,247,108,342,143
44,258,100,341,143
24,159,96,367,143
24,159,36,396,143
54,202,96,383,143
64,254,168,364,143
24,94,150,421,143
54,142,218,409,143
54,150,182,411,143
42,212,218,392,143
42,274,254,373,143
28,314,282,357,143
17,90,238,431,143
84,160,274,440,143
56,181,226,474,143
65,182,175,496,143
84,229,169,514,143
52,235,85,560,143
88,308,144,553,143
63,318,72,579,143
88,391,114,563,143
88,464,156,538,143
85,509,142,541,143
56,518,114,529,143
61,562,154,504,143
56,567,123,486,143
56,608,159,450,143
39,579,74,450,143
56,620,110,414,143
63,664,150,370,143
56,687,151,347,143
100,667,75,345,143
29,381,14,436,143
122,433,56,412,143
146,502,98,394,143
25,151,19,508,143
147,237,61,495,143
147,323,103,485,143
147,409,145,475,143
128,446,139,493,143
119,476,119,511,143
121,517,151,499,143
70,512,51,561,143
161,572,77,562,143
161,616,121,564,143
109,616,89,581,143
74,603,39,610,143
130,629,65,594,143
130,655,91,582,143
130,681,117,570,143
130,707,143,558,143
130,733,169,546,143
110,714,106,591,143
160,709,64,612,143
185,754,91,594,143
185,799,118,576,143
143,826,148,569,143
143,853,178,562,143
143,880,208,555,143
77,830,96,578,143
143,857,126,571,143
125,840,68,583,143
113,863,90,572,143
113,886,112,561,143
47,847,26,607,143
113,870,48,605,143
156,901,78,602,143
340,47,94,20,144
280,39,78,40,144
220,15,73,60,144
176,15,73,77,144
133,14,70,94,144
103,12,66,90,144
87,6,54,97,144
73,6,54,101,144
51,2,38,111,144
33,2,50,115,144
15,2,62,119,144
8,2,74,123,144
8,2,86,127,144
8,2,98,131,144
8,2,110,135,144
8,2,122,139,144
8,2,134,143,144
8,2,146,147,144
8,2,158,151,144
8,2,170,155,144
8,2,178,158,144
8,2,186,161,144
8,2,194,164,144
8,2,202,167,144
8,2,210,170,144
8,2,218,173,144
8,2,226,176,144
8,2,234,179,144
8,2,242,182,144
8,2,250,185,144
8,2,258,188,144
8,2,266,191,144
8,2,274,194,144
8,2,282,197,144
8,2,290,200,144
8,2,298,203,144
8,2,306,206,144
8,2,314,210,144
8,2,322,214,144
8,2,330,218,144
8,2,338,222,144
8,2,346,226,144
8,2,354,230,144
8,2,362,234,144
8,2,370,238,144
8,2,378,242,144
8,2,386,246,144
8,2,394,250,144
8,2,402,254,144
8,2,410,258,144
8,2,418,262,144
8,2,426,266,144
8,2,434,270,144
8,2,442,274,144
8,2,450,278,144
8,2,458,282,144
8,2,466,286,144
8,2,474,290,144
8,2,482,294,144
8,2,490,298,144
8,2,498,302,144
8,2,506,306,144
8,2,514,310,144
8,2,522,314,144
8,2,530,318,144
8,2,538,322,144
4,2,542,323,144
4,2,546,324,144
4,2,550,326,144
4,2,554,328,144
4,2,558,330,144
4,2,562,332,144
4,2,566,334,144
4,2,570,336,144
4,2,574,338,144
4,2,578,340,144
4,2,582,342,144
4,2,586,344,144
4,2,590,346,144
4,2,594,348,144
4,2,598,350,144
4,2,602,352,144
4,2,606,354,144
4,2,610,356,144
4,2,614,358,144
4,2,618,360,144
4,2,622,362,144
4,2,626,364,144
4,2,630,366,144
4,2,634,368,144
4,2,638,370,144
4,2,642,372,144
4,2,646,374,144
4,2,650,376,144
4,2,654,378,144
4,2,658,380,144
4,2,662,382,144
4,2,666,384,144
4,2,670,386,144
4,2,674,388,144
340,50,100,20,145
280,26,95,40,145
220,65,92,60,145
160,85,92,50,145
100,93,76,52,145
40,107,104,54,145
0,107,144,44,145
0,83,155,50,145
0,91,159,53,145
0,100,167,50,145
0,106,175,48,145
0,101,163,54,145
0,104,167,50,145
0,107,171,48,145
0,110,175,48,145
0,113,175,47,145
0,113,175,45,145
340,26,95,20,146
280,34,79,40,146
220,43,106,60,146
160,50,127,62,146
100,54,141,64,146
68,55,148,72,146
29,52,145,77,146
21,49,142,82,146
37,52,154,84,146
33,47,147,92,146
33,50,156,88,146
11,39,138,99,146
42,41,144,101,146
34,30,123,106,146
26,15,94,117,146
35,16,100,113,146
41,17,106,109,146
47,15,106,108,146
53,16,112,104,146
40,9,102,104,146
41,10,108,98,146
42,11,114,92,146
42,13,120,88,146
42,15,126,84,146
42,17,132,80,146
42,19,138,76,146
42,21,144,72,146
42,23,150,68,146
42,25,156,64,146
42,27,162,60,146
42,29,168,56,146
42,29,177,49,146
42,29,186,42,146
21,13,160,47,146
42,13,166,37,146
42,13,172,25,146
42,13,178,13,146
42,13,184,1,146
42,13,190,0,146
42,13,196,0,146
42,13,202,0,146
42,13,208,0,146
42,13,214,0,146
42,13,220,0,146
42,13,226,0,146
42,13,232,0,146
42,13,238,0,146
42,13,244,0,146
42,13,250,0,146
42,13,256,0,146
42,13,262,0,146
42,13,268,0,146
42,13,274,0,146
42,13,280,0,146
46,13,289,0,146
56,13,298,0,146
63,13,307,0,146
63,13,316,0,146
63,13,325,0,146
63,13,334,0,146
63,13,343,0,146
4,3,306,22,146
56,3,315,17,146
63,3,324,8,146
77,3,336,0,146
84,3,348,0,146
98,3,363,0,146
105,3,378,0,146
119,3,396,0,146
126,3,414,0,146
147,3,435,0,146
168,3,459,0,146
189,3,486,0,146
210,3,516,0,146
272,3,555,1,146
280,3,597,0,146
280,3,639,0,146
280,3,681,0,146
280,3,723,0,146
280,3,765,0,146
280,3,807,0,146
280,3,849,0,146
280,3,891,0,146
280,3,933,0,146
280,3,975,0,146
280,3,1017,0,146
280,3,1059,0,146
280,3,1101,0,146
280,3,1143,0,146
280,3,1185,0,146
280,3,1227,0,146
280,3,1269,0,146
280,3,1311,0,146
280,3,1353,0,146
280,3,1395,0,146
280,3,1437,0,146
280,3,1479,0,146
280,3,1521,0,146
280,3,1563,0,146
280,3,1605,0,146
340,48,96,20,147
352,44,80,40,147
352,44,90,60,147
352,44,100,80,147
328,20,101,100,147
304,20,108,120,147
280,17,108,140,147
220,17,118,160,147
160,15,123,180,147
130,9,115,200,147
115,9,120,220,147
100,9,125,240,147
85,9,130,260,147
70,9,135,280,147
46,1,123,300,147
45,1,128,320,147
42,1,132,336,147
39,1,136,352,147
36,1,140,368,147
36,1,144,384,147
36,1,148,400,147
36,1,152,416,147
36,1,156,432,147
44,1,158,443,147
51,1,161,456,147
54,1,164,470,147
57,1,167,484,147
54,1,171,500,147
51,1,175,516,147
48,1,179,532,147
45,1,183,548,147
42,1,187,564,147
39,1,191,580,147
51,1,196,596,147
63,1,202,616,147
72,1,210,640,147
87,1,219,668,147
90,1,228,697,147
99,1,239,730,147
126,1,253,772,147
153,1,270,823,147
186,1,290,884,147
231,1,315,960,147
270,1,344,1049,147
280,1,386,1154,147
322,1,435,1262,147
322,1,484,1371,147
322,1,533,1480,147
322,1,582,1589,147
322,1,631,1698,147
322,1,680,1807,147
322,1,729,1916,147
322,1,778,2025,147
322,1,827,2134,147
322,1,876,2243,147
288,1,908,2339,147
288,1,940,2435,147
225,1,964,2509,147
225,1,988,2583,147
225,1,1012,2657,147
225,1,1036,2731,147
225,1,1060,2805,147
225,1,1084,2879,147
225,1,1108,2953,147
225,1,1132,3027,147
225,1,1156,3101,147
141,1,1171,3147,147
141,1,1186,3193,147
141,1,1201,3239,147
141,1,1216,3285,147
141,1,1231,3331,147
141,1,1246,3377,147
141,1,1261,3423,147
141,1,1276,3469,147
141,1,1291,3515,147
141,1,1306,3561,147
141,1,1321,3607,147
141,1,1336,3653,147
141,1,1351,3699,147
141,1,1366,3745,147
135,1,1380,3789,147
135,1,1394,3833,147
135,1,1408,3877,147
135,1,1422,3921,147
135,1,1436,3965,147
135,1,1450,4009,147
135,1,1464,4053,147
135,1,1478,4097,147
135,1,1492,4141,147
135,1,1506,4185,147
135,1,1520,4229,147
135,1,1534,4273,147
135,1,1548,4317,147
135,1,1562,4361,147
135,1,1576,4405,147
135,1,1590,4449,147
135,1,1604,4493,147
135,1,1618,4537,147
135,1,1632,4581,147
135,1,1646,4625,147
340,50,100,20,148
280,49,97,40,148
246,25,92,34,148
212,33,84,28,148
178,43,84,13,148
145,53,84,0,148
111,51,68,0,148
77,49,52,0,148
43,51,48,0,148
30,55,48,0,148
20,59,48,0,148
20,63,48,0,148
20,67,48,0,148
20,71,48,0,148
20,75,48,0,148
20,76,42,0,148
20,80,42,0,148
20,84,42,0,148
20,88,42,0,148
10,78,18,0,148
20,82,18,0,148
20,86,18,0,148
10,82,6,0,148
34,84,6,0,148
34,88,6,0,148
34,92,6,0,148
34,96,6,0,148
34,100,6,0,148
34,104,6,0,148
34,108,6,0,148
34,112,6,0,148
34,116,6,0,148
34,120,6,0,148
34,124,6,0,148
34,128,6,0,148
34,132,6,0,148
34,136,6,0,148
34,140,6,0,148
34,144,6,0,148
34,148,6,0,148
34,152,6,0,148
34,156,6,0,148
34,160,6,0,148
34,164,6,0,148
34,168,6,0,148
34,172,6,0,148
34,176,6,0,148
34,180,6,0,148
34,184,6,0,148
34,188,6,0,148
34,192,6,0,148
34,196,6,0,148
34,200,6,0,148
34,204,6,0,148
34,208,6,0,148
34,212,6,0,148
34,216,6,0,148
34,220,6,0,148
34,224,6,0,148
34,228,6,0,148
34,232,6,0,148
34,236,6,0,148
34,240,6,0,148
34,244,6,0,148
34,248,6,0,148
34,252,6,0,148
34,256,6,0,148
34,260,6,0,148
34,264,6,0,148
34,268,6,0,148
34,272,6,0,148
34,276,6,0,148
34,280,6,0,148
34,284,6,0,148
34,288,6,0,148
34,292,6,0,148
34,296,6,0,148
34,300,6,0,148
34,304,6,0,148
34,308,6,0,148
34,312,6,0,148
34,316,6,0,148
34,320,6,0,148
34,324,6,0,148
34,328,6,0,148
34,332,6,0,148
34,336,6,0,148
34,340,6,0,148
34,344,6,0,148
34,348,6,0,148
34,352,6,0,148
34,356,6,0,148
34,360,6,0,148
34,364,6,0,148
34,368,6,0,148
34,372,6,0,148
34,376,6,0,148
34,380,6,0,148
34,384,6,0,148
34,388,6,0,148
340,50,100,20,149
280,48,96,40,149
334,45,90,60,149
346,21,85,80,149
327,49,69,101,149
296,61,37,122,149
289,105,37,143,149
282,148,34,164,149
215,92,20,185,149
167,114,8,194,149
190,142,8,203,149
169,184,8,215,149
148,226,8,227,149
127,268,8,239,149
114,310,8,251,149
114,352,8,263,149
114,394,8,275,149
114,436,8,287,149
114,478,8,299,149
114,520,8,311,149
114,562,8,323,149
114,604,8,335,149
114,646,8,347,149
108,688,8,358,149
108,730,8,369,149
108,772,8,380,149
108,814,8,391,149
108,856,8,402,149
108,898,8,413,149
108,940,8,424,149
108,982,8,435,149
108,1024,8,446,149
108,1066,8,457,149
108,1108,8,468,149
108,1150,8,479,149
108,1192,8,490,149
108,1234,8,501,149
108,1276,8,512,149
108,1318,8,523,149
108,1360,8,534,149
108,1402,8,545,149
108,1444,8,556,149
108,1486,8,567,149
108,1528,8,578,149
108,1570,8,589,149
108,1612,8,600,149
108,1654,8,611,149
131,1682,8,620,149
134,1717,8,629,149
124,1759,8,642,149
114,1801,8,655,149
108,1843,8,668,149
108,1885,8,681,149
108,1927,8,694,149
124,1959,8,704,149
131,1994,8,715,149
127,2040,8,729,149
127,2086,8,743,149
127,2132,8,757,149
117,2174,8,770,149
108,2216,8,783,149
108,2258,8,796,149
108,2300,8,809,149
108,2342,8,822,149
108,2384,8,835,149
124,2416,8,845,149
134,2451,8,856,149
127,2497,8,870,149
127,2543,8,884,149
127,2589,8,898,149
127,2635,8,912,149
127,2681,8,926,149
127,2727,8,940,149
127,2773,8,954,149
127,2819,8,968,149
127,2865,8,982,149
127,2907,8,995,149
127,2949,8,1008,149
127,2991,8,1021,149
127,3033,8,1034,149
127,3075,8,1047,149
127,3117,8,1060,149
127,3159,8,1073,149
127,3201,8,1086,149
127,3243,8,1099,149
127,3285,8,1112,149
127,3327,8,1125,149
127,3369,8,1138,149
134,3404,8,1149,149
127,3446,8,1162,149
127,3488,8,1175,149
127,3530,8,1188,149
127,3572,8,1201,149
127,3614,8,1214,149
127,3656,8,1227,149
127,3698,8,1240,149
127,3740,8,1253,149
127,3782,8,1266,149
127,3824,8,1279,149
127,3866,8,1292,149
340,47,94,20,150
280,46,91,40,150
220,42,75,24,150
160,42,95,14,150
100,40,109,7,150
170,40,109,0,150
186,16,104,0,150
166,27,104,0,150
146,38,104,0,150
143,49,104,0,150
180,43,92,6,150
213,39,76,13,150
200,31,80,27,150
180,7,93,44,150
173,43,111,61,150
173,71,119,78,150
133,87,117,80,150
93,91,95,77,150
21,55,87,89,150
35,89,85,83,150
49,145,99,69,150
56,213,115,50,150
63,277,109,33,150
63,329,81,3,150
77,417,103,0,150
77,499,85,0,150
56,443,73,14,150
28,314,41,61,150
70,442,63,56,150
68,550,51,61,150
35,678,71,30,150
34,778,79,9,150
121,871,69,4,150
121,960,41,0,150
119,1052,16,0,150
165,1184,36,0,150
167,1316,58,0,150
167,1428,38,3,150
169,1560,60,6,150
129,1649,32,12,150
257,1781,54,18,150
257,1893,34,31,150
224,2013,46,34,150
224,2133,58,37,150
224,2253,70,40,150
224,2373,82,43,150
210,2449,13,84,150
224,2554,59,102,150
224,2659,105,132,150
103,2475,69,210,150
219,2554,66,220,150
224,2644,112,239,150
77,2388,57,333,150
224,2518,103,370,150
51,2195,29,487,150
219,2317,74,497,150
215,2388,37,524,150
220,2510,82,537,150
220,2651,127,553,150
215,2714,74,583,150
220,2855,119,599,150
44,2521,43,722,150
220,2651,88,743,150
224,2766,117,775,150
225,2901,146,816,150
219,2997,114,868,150
273,3054,69,920,150
269,3126,42,970,150
320,3226,71,990,150
269,3294,36,1041,150
320,3394,65,1062,150
320,3494,95,1086,150
259,3545,39,1134,150
396,3645,69,1173,150
400,3745,99,1200,150
348,3813,64,1258,150
400,3913,94,1286,150
400,4013,124,1302,150
86,3625,34,1438,150
400,3745,64,1469,150
401,3865,94,1502,150
404,3985,124,1524,150
396,4054,82,1567,150
454,4163,112,1580,150
350,4228,62,1624,150
454,4337,92,1638,150
400,4410,58,1683,150
454,4519,88,1698,150
400,4584,38,1747,150
454,4708,68,1766,150
454,4853,98,1791,150
454,4998,128,1816,150
400,5055,62,1856,150
454,5200,92,1881,150
454,5345,122,1908,150
245,5413,30,1959,150
407,5522,60,1985,150
407,5631,90,2002,150
407,5740,120,2019,150
407,5849,150,2036,150
340,26,95,20,151
280,42,89,40,151
220,50,73,60,151
160,59,70,80,151
100,63,66,82,151
105,68,66,87,151
78,67,54,98,151
32,58,30,115,151
104,62,30,129,151
117,67,30,144,151
117,68,22,161,151
114,72,22,166,151
36,15,8,189,151
104,27,8,200,151
64,36,2,205,151
64,49,2,210,151
64,61,2,216,151
64,73,2,222,151
64,85,2,228,151
64,97,2,234,151
64,109,2,240,151
64,121,2,246,151
64,133,2,252,151
64,145,2,258,151
64,157,2,264,151
64,169,2,270,151
64,179,2,276,151
64,189,2,282,151
64,199,2,288,151
64,209,2,294,151
64,219,2,300,151
64,229,2,306,151
64,239,2,312,151
64,249,2,318,151
64,259,2,324,151
64,269,2,330,151
64,279,2,336,151
64,289,2,342,151
64,299,2,348,151
48,308,2,351,151
48,317,2,354,151
48,326,2,357,151
48,335,2,360,151
48,344,2,366,151
48,353,2,372,151
48,362,2,378,151
48,371,2,384,151
48,380,2,390,151
48,389,2,396,151
44,396,2,400,151
40,403,2,404,151
36,410,2,408,151
35,417,2,412,151
35,424,2,416,151
35,431,2,420,151
35,438,2,424,151
35,445,2,428,151
35,452,2,432,151
45,458,2,438,151
47,464,2,440,151
45,471,2,443,151
43,478,2,446,151
41,485,2,449,151
39,492,2,452,151
49,498,2,458,151
59,504,2,464,151
69,510,2,470,151
75,516,2,474,151
71,523,2,478,151
67,530,2,482,151
63,537,2,486,151
59,544,2,490,151
55,551,2,494,151
51,558,2,498,151
47,565,2,502,151
43,572,2,506,151
39,579,2,510,151
35,586,2,514,151
52,590,2,518,151
62,596,2,524,151
64,602,2,526,151
60,609,2,530,151
56,616,2,534,151
52,623,2,538,151
48,630,2,542,151
44,637,2,546,151
40,644,2,550,151
57,648,2,554,151
70,654,2,559,151
83,660,2,564,151
93,666,2,570,151
95,672,2,572,151
91,679,2,576,151
87,686,2,580,151
83,693,2,584,151
79,700,2,588,151
75,707,2,592,151
71,714,2,596,151
67,721,2,600,151
63,728,2,604,151
340,50,100,20,152
291,49,97,38,152
242,46,91,5,152
194,44,87,0,152
205,40,71,3,152
228,40,89,3,152
155,30,52,22,152
142,26,79,29,152
111,20,88,32,152
83,20,116,32,152
55,20,144,32,152
48,20,175,29,152
48,20,206,26,152
48,20,237,23,152
36,12,249,26,152
36,4,261,29,152
36,4,289,20,152
36,4,317,11,152
36,4,345,2,152
36,4,373,0,152
36,4,401,0,152
36,4,429,0,152
36,4,457,0,152
36,4,485,0,152
36,4,513,0,152
36,4,541,0,152
36,4,569,0,152
36,4,597,0,152
36,4,625,0,152
36,4,653,0,152
36,4,681,0,152
36,4,709,0,152
36,4,737,0,152
36,4,765,0,152
36,4,793,0,152
36,4,821,0,152
36,4,849,0,152
36,4,877,0,152
36,4,905,0,152
36,4,933,0,152
36,4,961,0,152
36,4,989,0,152
36,4,1017,0,152
36,4,1045,0,152
36,4,1073,0,152
36,4,1101,0,152
36,4,1129,0,152
36,4,1157,0,152
36,4,1185,0,152
36,4,1213,0,152
36,4,1241,0,152
36,4,1269,0,152
36,4,1297,0,152
36,4,1325,0,152
36,4,1353,0,152
36,4,1381,0,152
36,4,1409,0,152
36,4,1437,0,152
36,4,1465,0,152
36,4,1493,0,152
36,4,1521,0,152
36,4,1549,0,152
36,4,1577,0,152
36,4,1605,0,152
48,4,1636,0,152
60,4,1671,0,152
72,4,1716,0,152
96,4,1772,0,152
120,4,1842,0,152
132,4,1926,0,152
180,4,2031,0,152
240,4,2171,0,152
285,4,2346,0,152
290,4,2543,0,152
290,4,2740,0,152
290,4,2937,0,152
290,4,3134,0,152
290,4,3331,0,152
290,4,3528,0,152
290,4,3725,0,152
290,4,3922,0,152
290,4,4119,0,152
290,4,4316,0,152
290,4,4513,0,152
290,4,4710,0,152
290,4,4907,0,152
290,4,5104,0,152
290,4,5301,0,152
290,4,5498,0,152
290,4,5695,0,152
290,4,5892,0,152
290,4,6089,0,152
290,4,6286,0,152
290,4,6483,0,152
290,4,6680,0,152
290,4,6877,0,152
290,4,7074,0,152
290,4,7271,0,152
290,4,7468,0,152
290,4,7665,0,152
340,48,96,20,153
420,48,96,40,153
500,47,93,60,153
482,23,88,62,153
471,29,88,61,153
439,29,72,69,153
414,34,92,74,153
389,35,106,79,153
372,30,102,86,153
362,29,110,93,153
345,23,102,94,153
321,17,94,92,153
313,19,102,86,153
315,20,110,83,153
311,22,118,79,153
307,24,126,75,153
303,26,134,71,153
292,21,126,76,153
288,9,106,81,153
298,10,110,77,153
301,11,118,72,153
300,12,126,65,153
299,13,134,58,153
277,1,110,69,153
277,1,118,62,153
277,1,126,55,153
277,1,134,48,153
277,1,142,41,153
277,1,150,34,153
277,1,158,27,153
277,1,166,20,153
277,1,174,13,153
277,1,182,6,153
277,1,190,0,153
277,1,198,0,153
277,1,206,0,153
277,1,214,0,153
277,1,222,0,153
277,1,230,0,153
277,1,238,0,153
277,1,246,0,153
277,1,254,0,153
277,1,262,0,153
278,1,262,0,153
279,1,262,0,153
280,1,262,0,153
265,1,262,0,153
250,1,262,0,153
235,1,262,0,153
220,1,262,0,153
205,1,262,0,153
190,1,262,0,153
175,1,262,0,153
160,1,262,0,153
145,1,262,0,153
130,1,262,0,153
115,1,262,0,153
100,1,262,0,153
85,1,262,0,153
70,1,262,0,153
55,1,262,0,153
45,1,262,0,153
45,1,262,0,153
45,1,262,0,153
45,1,262,0,153
45,1,262,0,153
45,1,262,0,153
45,1,262,0,153
45,1,262,0,153
45,1,262,0,153
45,1,262,0,153
45,1,262,0,153
45,1,262,0,153
45,1,262,0,153
45,1,262,0,153
45,1,262,0,153
45,1,262,0,153
45,1,262,0,153
45,1,262,0,153
45,1,262,0,153
45,1,262,0,153
45,1,262,0,153
45,1,262,0,153
45,1,262,0,153
45,1,262,0,153
45,1,262,0,153
45,1,262,0,153
45,1,262,0,153
45,1,262,0,153
45,1,262,0,153
45,1,262,0,153
45,1,262,0,153
45,1,262,0,153
45,1,262,0,153
45,1,262,0,153
45,1,262,0,153
45,1,262,0,153
45,1,262,0,153
45,1,262,0,153
45,1,262,0,153
340,48,96,20,154
520,48,96,40,154
604,44,80,60,154
664,44,80,80,154
676,20,75,100,154
688,38,69,120,154
712,58,66,140,154
666,70,54,153,154
635,88,54,166,154
562,88,30,185,154
566,103,30,201,154
473,51,16,226,154
455,65,8,245,154
437,73,8,249,154
419,76,2,253,154
411,84,2,254,154
429,90,2,256,154
447,96,2,258,154
468,102,2,261,154
486,108,2,263,154
494,114,2,262,154
492,122,2,264,154
490,130,2,266,154
488,138,2,268,154
509,144,2,271,154
530,150,2,274,154
528,158,2,276,154
550,162,2,275,154
567,168,2,275,154
590,174,2,276,154
611,180,2,279,154
632,186,2,282,154
638,194,2,283,154
621,202,2,282,154
629,208,2,281,154
612,216,2,280,154
595,224,2,279,154
578,232,2,278,154
561,240,2,277,154
544,248,2,276,154
545,256,2,276,154
545,264,2,279,154
545,272,2,282,154
557,282,2,294,154
547,294,2,309,154
537,306,2,324,154
527,318,2,339,154
517,330,2,354,154
507,342,2,369,154
497,354,2,384,154
487,366,2,399,154
477,378,2,414,154
467,390,2,429,154
457,402,2,444,154
447,414,2,459,154
437,426,2,474,154
427,438,2,489,154
417,450,2,504,154
407,462,2,519,154
397,474,2,534,154
387,486,2,549,154
411,486,2,558,154
402,486,2,570,154
393,486,2,582,154
384,486,2,594,154
375,486,2,606,154
366,486,2,618,154
359,486,2,629,154
398,486,2,637,154
412,486,2,647,154
415,486,2,656,154
333,486,2,668,154
264,486,2,680,154
160,486,2,680,154
160,486,2,680,154
160,486,2,680,154
160,486,2,680,154
160,486,2,680,154
160,486,2,680,154
160,486,2,680,154
160,486,2,680,154
160,486,2,680,154
160,486,2,680,154
160,486,2,680,154
160,486,2,680,154
160,486,2,680,154
160,486,2,680,154
160,486,2,680,154
160,486,2,680,154
160,486,2,680,154
160,486,2,680,154
160,486,2,682,154
160,486,2,684,154
160,486,2,686,154
160,486,2,688,154
160,486,2,690,154
116,486,2,691,154
100,486,2,692,154
100,486,2,693,154
100,486,2,694,154
340,46,84,20,155
280,46,84,40,155
258,46,84,52,155
236,46,84,64,155
215,45,81,76,155
193,43,77,73,155
174,19,72,82,155
155,25,72,85,155
136,31,72,88,155
117,32,66,91,155
98,38,66,94,155
79,44,66,97,155
59,40,50,103,155
38,26,18,112,155
19,32,18,115,155
3,32,10,118,155
3,36,10,115,155
3,40,10,112,155
3,44,10,109,155
3,48,10,106,155
3,52,10,103,155
3,56,10,100,155
3,60,10,97,155
3,64,10,94,155
3,68,10,91,155
3,72,10,88,155
3,76,10,85,155
3,80,10,82,155
2,82,10,78,155
2,84,10,74,155
2,86,10,70,155
2,88,10,66,155
2,90,10,62,155
2,92,10,58,155
2,94,10,54,155
2,96,10,50,155
2,98,10,46,155
2,100,10,42,155
2,102,10,38,155
2,104,10,34,155
2,106,10,32,155
2,108,10,30,155
2,110,10,28,155
2,112,10,26,155
2,114,10,24,155
2,116,10,22,155
2,118,10,20,155
2,120,10,18,155
2,122,10,16,155
2,124,10,14,155
2,126,10,12,155
2,128,10,10,155
2,130,10,8,155
2,132,10,6,155
2,134,10,6,155
2,136,10,6,155
2,138,10,6,155
2,140,10,6,155
2,142,10,6,155
2,144,10,6,155
2,146,10,6,155
2,148,10,6,155
2,150,10,6,155
2,152,10,6,155
2,154,10,6,155
2,156,10,6,155
2,158,10,6,155
2,160,10,6,155
2,162,10,6,155
2,164,10,6,155
2,166,10,6,155
2,168,10,6,155
2,170,10,6,155
2,172,10,6,155
2,174,10,6,155
1,176,10,5,155
1,178,10,4,155
0,180,10,0,155
0,182,10,0,155
0,182,10,0,155
0,182,10,0,155
0,182,10,0,155
340,48,96,20,156
438,48,96,32,156
443,24,91,42,156
478,34,91,52,156
513,44,91,62,156
508,42,75,72,156
503,40,63,82,156
517,46,63,92,156
531,52,63,102,156
545,58,63,112,156
559,64,63,122,156
573,70,63,132,156
570,76,63,142,156
567,82,63,152,156
564,88,63,162,156
561,93,60,172,156
555,94,54,176,156
543,90,42,183,156
534,94,42,187,156
525,98,42,191,156
516,102,42,195,156
507,106,42,199,156
498,110,42,203,156
489,114,42,207,156
480,118,42,211,156
471,122,42,215,156
462,120,34,219,156
457,112,18,223,156
452,114,18,221,156
449,116,18,221,156
446,118,18,221,156
443,120,18,221,156
440,122,18,221,156
437,124,18,221,156
434,116,2,224,156
431,118,2,224,156
428,120,2,224,156
425,122,2,224,156
422,124,2,224,156
419,126,2,224,156
416,128,2,224,156
413,130,2,224,156
410,132,2,224,156
407,134,2,224,156
404,136,2,224,156
401,138,2,224,156
398,140,2,224,156
395,142,2,224,156
395,144,2,225,156
395,146,2,226,156
395,148,2,227,156
395,150,2,228,156
395,152,2,229,156
395,154,2,230,156
395,156,2,231,156
395,158,2,232,156
395,160,2,233,156
395,162,2,234,156
395,164,2,235,156
395,166,2,236,156
395,168,2,237,156
395,170,2,238,156
395,172,2,239,156
395,174,2,240,156
395,176,2,241,156
395,178,2,242,156
395,180,2,243,156
395,182,2,244,156
395,184,2,245,156
395,186,2,246,156
395,188,2,247,156
395,190,2,248,156
395,192,2,249,156
395,194,2,250,156
395,196,2,251,156
395,198,2,252,156
395,200,2,253,156
395,202,2,254,156
395,204,2,255,156
395,206,2,256,156
395,208,2,257,156
392,210,2,258,156
389,212,2,259,156
386,214,2,260,156
383,216,2,261,156
380,218,2,262,156
377,220,2,263,156
374,222,2,264,156
371,224,2,265,156
368,226,2,266,156
365,228,2,267,156
362,230,2,268,156
359,232,2,269,156
356,234,2,270,156
353,236,2,271,156
350,238,2,272,156
347,240,2,273,156
344,242,2,274,156
341,244,2,275,156
338,246,2,276,156
340,26,95,20,157
280,65,92,40,157
220,81,88,33,157
230,95,88,35,157
230,103,80,37,157
200,105,64,39,157
170,103,60,41,157
130,101,57,40,157
130,107,66,36,157
130,113,75,32,157
131,117,84,26,157
132,121,93,20,157
103,111,72,32,157
114,115,81,29,157
125,119,90,26,157
136,123,99,23,157
147,127,108,20,157
158,131,117,17,157
159,121,99,23,157
140,107,70,26,157
121,89,33,35,157
132,93,39,29,157
143,97,45,23,157
149,96,45,17,157
165,98,51,11,157
177,100,57,3,157
189,102,63,0,157
201,104,69,0,157
212,108,75,0,157
223,112,81,0,157
229,116,87,0,157
229,120,93,0,157
219,114,83,0,157
219,118,89,0,157
219,122,95,0,157
219,126,101,0,157
219,130,107,0,157
189,108,62,11,157
159,80,9,25,157
159,82,15,12,157
159,84,21,0,157
159,86,27,0,157
159,88,33,0,157
159,90,39,0,157
129,76,10,0,157
129,80,16,0,157
129,84,22,0,157
129,88,28,0,157
129,92,34,0,157
129,96,40,0,157
69,78,7,17,157
93,80,13,10,157
111,84,19,4,157
116,88,25,0,157
91,92,34,0,157
84,96,43,0,157
84,100,52,0,157
86,104,61,0,157
96,110,70,0,157
64,90,31,0,157
32,32,23,6,157
96,47,32,0,157
96,62,44,0,157
96,77,56,0,157
118,95,56,0,157
128,115,56,0,157
160,140,56,0,157
128,142,20,0,157
196,167,20,0,157
218,191,4,0,157
234,221,10,0,157
266,256,17,0,157
364,293,31,0,157
366,339,45,0,157
266,364,12,0,157
256,410,44,0,157
256,456,76,0,157
188,473,61,0,157
171,378,48,9,157
115,232,18,54,157
241,293,50,31,157
198,323,20,31,157
248,384,45,8,157
248,445,70,0,157
248,506,95,0,157
196,541,63,0,157
191,545,18,6,157
262,592,43,0,157
262,639,68,0,157
178,547,55,26,157
117,405,22,76,157
212,501,38,69,157
212,597,54,63,157
212,693,70,57,157
80,479,20,138,157
212,575,36,146,157
212,671,52,154,157
212,767,68,162,157
212,863,84,170,157
216,890,20,209,157
340,50,100,20,158
280,46,84,40,158
220,45,121,60,158
198,43,127,57,158
255,43,127,51,158
298,40,121,45,158
341,36,113,42,158
359,28,97,36,158
386,28,97,19,158
384,24,81,17,158
395,24,81,9,158
394,24,81,0,158
393,24,81,0,158
392,24,81,0,158
391,24,81,0,158
377,16,65,0,158
337,4,41,0,158
310,4,41,0,158
283,4,41,0,158
256,4,41,0,158
229,4,41,0,158
202,4,41,0,158
175,4,41,0,158
148,4,41,0,158
121,4,41,0,158
94,4,41,0,158
67,4,41,0,158
52,4,41,0,158
52,4,41,0,158
52,4,41,0,158
52,4,41,0,158
52,4,41,0,158
52,4,41,0,158
52,4,41,0,158
52,4,41,0,158
52,4,41,0,158
52,4,41,0,158
52,4,41,0,158
52,4,41,0,158
52,4,41,0,158
52,4,41,0,158
52,4,41,0,158
52,4,41,0,158
52,4,41,0,158
52,4,41,0,158
52,4,41,0,158
52,4,41,0,158
52,4,41,0,158
52,4,41,0,158
52,4,41,0,158
52,4,41,0,158
52,4,41,0,158
52,4,41,0,158
52,4,41,0,158
52,4,41,0,158
52,4,41,0,158
52,4,41,0,158
52,4,41,0,158
52,4,41,0,158
65,4,41,0,158
78,4,41,0,158
91,4,41,0,158
117,4,41,0,158
143,4,41,0,158
169,4,41,0,158
221,4,41,0,158
248,4,49,0,158
252,4,57,0,158
315,4,65,0,158
320,4,75,0,158
325,4,85,0,158
462,4,97,0,158
462,4,111,0,158
462,4,125,0,158
462,4,139,0,158
462,4,153,0,158
462,4,167,0,158
462,4,181,0,158
462,4,195,0,158
462,4,209,0,158
462,4,223,0,158
462,4,237,0,158
462,4,251,0,158
462,4,265,0,158
462,4,279,0,158
462,4,293,0,158
462,4,307,0,158
462,4,321,0,158
462,4,335,0,158
462,4,349,0,158
462,4,363,0,158
462,4,377,0,158
462,4,391,0,158
462,4,405,0,158
462,4,419,0,158
462,4,433,0,158
462,4,447,0,158
462,4,461,0,158
462,4,475,0,158
462,4,489,0,158
340,50,100,20,159
280,47,94,40,159
220,39,78,60,159
186,37,74,75,159
223,13,69,90,159
212,45,53,116,159
216,73,53,137,159
98,129,53,165,159
0,184,50,193,159
0,206,46,193,159
21,214,38,197,159
28,230,38,191,159
28,236,26,194,159
17,176,12,215,159
61,200,12,218,159
68,232,12,222,159
95,272,12,226,159
102,320,12,232,159
119,376,12,237,159
153,444,12,245,159
180,524,12,254,159
204,620,12,266,159
238,728,12,281,159
305,848,12,303,159
344,968,12,330,159
348,1107,12,350,159
348,1271,12,374,159
348,1435,12,398,159
348,1599,12,422,159
348,1763,12,446,159
348,1927,12,470,159
348,2091,12,494,159
348,2255,12,518,159
348,2419,12,542,159
348,2583,12,566,159
348,2747,12,590,159
348,2911,12,614,159
348,3075,12,638,159
348,3239,12,662,159
348,3403,12,686,159
348,3567,12,710,159
348,3731,12,734,159
348,3895,12,758,159
348,4059,12,782,159
348,4223,12,806,159
348,4387,12,830,159
348,4551,12,854,159
348,4715,12,878,159
435,4803,12,888,159
440,4891,12,901,159
445,4979,12,903,159
445,5067,12,908,159
445,5155,12,913,159
445,5243,12,918,159
445,5331,12,923,159
445,5419,12,928,159
255,5479,12,926,159
255,5539,12,924,159
255,5599,12,922,159
255,5659,12,920,159
255,5719,12,918,159
255,5779,12,916,159
255,5839,12,914,159
255,5899,12,912,159
255,5959,12,910,159
255,6019,12,908,159
255,6079,12,906,159
255,6139,12,904,159
255,6199,12,902,159
255,6259,12,900,159
255,6319,12,898,159
255,6379,12,896,159
255,6439,12,894,159
255,6499,12,892,159
255,6559,12,890,159
255,6619,12,888,159
255,6679,12,886,159
255,6739,12,884,159
255,6799,12,882,159
255,6859,12,880,159
255,6919,12,878,159
255,6979,12,876,159
255,7039,12,874,159
255,7099,12,872,159
255,7159,12,870,159
255,7219,12,868,159
255,7279,12,866,159
255,7339,12,864,159
255,7399,12,862,159
255,7459,12,860,159
255,7519,12,858,159
255,7579,12,856,159
255,7639,12,854,159
255,7699,12,852,159
255,7759,12,850,159
255,7819,12,848,159
255,7879,12,846,159
255,7939,12,844,159
255,7999,12,842,159
255,8059,12,840,159
340,50,100,20,160
280,46,84,40,160
220,44,80,60,160
220,43,77,80,160
190,37,65,85,160
160,13,60,96,160
140,25,60,104,160
120,31,54,112,160
90,32,38,120,160
70,44,38,128,160
34,34,6,139,160
40,43,6,145,160
50,58,6,155,160
70,79,6,169,160
100,109,6,187,160
130,148,6,213,160
180,199,6,248,160
245,269,6,299,160
277,339,6,349,160
306,409,6,407,160
282,484,6,475,160
282,559,6,543,160
282,634,6,611,160
282,709,6,679,160
282,784,6,747,160
282,859,6,815,160
282,934,6,883,160
282,1009,6,951,160
282,1084,6,1019,160
188,1136,6,1059,160
188,1188,6,1099,160
188,1240,6,1139,160
188,1292,6,1179,160
188,1344,6,1219,160
188,1396,6,1259,160
188,1448,6,1299,160
188,1500,6,1339,160
188,1552,6,1379,160
188,1604,6,1419,160
154,1649,6,1448,160
154,1694,6,1477,160
154,1739,6,1506,160
154,1784,6,1535,160
154,1829,6,1564,160
154,1874,6,1593,160
154,1919,6,1622,160
154,1964,6,1651,160
154,2009,6,1680,160
154,2054,6,1709,160
154,2099,6,1738,160
154,2144,6,1767,160
154,2189,6,1796,160
154,2234,6,1825,160
154,2279,6,1854,160
154,2324,6,1883,160
154,2369,6,1912,160
150,2414,6,1940,160
150,2459,6,1968,160
150,2504,6,1996,160
150,2549,6,2024,160
150,2594,6,2052,160
150,2639,6,2080,160
150,2684,6,2108,160
150,2729,6,2136,160
150,2774,6,2164,160
150,2819,6,2192,160
150,2864,6,2220,160
150,2909,6,2248,160
110,2942,6,2268,160
110,2975,6,2288,160
110,3008,6,2308,160
100,3035,6,2326,160
100,3062,6,2344,160
100,3089,6,2362,160
100,3116,6,2380,160
100,3143,6,2398,160
100,3170,6,2416,160
74,3191,6,2429,160
74,3212,6,2442,160
74,3233,6,2455,160
74,3254,6,2468,160
60,3272,6,2480,160
60,3290,6,2492,160
60,3308,6,2504,160
60,3326,6,2516,160
74,3326,6,2522,160
80,3326,6,2528,160
90,3302,1,2543,160
120,3350,1,2567,160
154,3410,1,2596,160
245,3482,1,2641,160
245,3577,1,2692,160
245,3672,1,2743,160
245,3767,1,2794,160
245,3862,1,2845,160
245,3957,1,2896,160
245,4052,1,2947,160
245,4147,1,2998,160
245,4242,1,3049,160
245,4337,1,3100,160
340,26,95,20,161
280,45,92,40,161
220,55,92,30,161
176,60,86,23,161
133,64,78,19,161
111,59,62,16,161
90,44,30,19,161
68,48,30,7,161
46,43,14,4,161
25,46,14,0,161
3,49,14,0,161
0,52,14,0,161
0,54,14,0,161
0,56,14,0,161
0,58,14,0,161
0,59,14,0,161
0,60,14,0,161
0,61,14,0,161
0,62,14,0,161
0,62,14,0,161
340,46,84,20,162
280,46,144,40,162
220,46,204,60,162
160,43,255,80,162
100,35,287,100,162
40,19,291,120,162
0,19,351,140,162
0,18,393,155,162
0,18,411,149,162
0,14,415,149,162
0,14,424,144,162
0,6,411,147,162
0,6,417,143,162
0,6,420,138,162
0,4,419,141,162
0,4,422,140,162
0,4,425,141,162
340,50,100,20,163
314,47,94,33,163
289,23,89,46,163
263,24,73,59,163
238,36,70,72,163
213,43,70,67,163
187,42,54,74,163
162,42,50,78,163
137,45,54,73,163
111,48,58,68,163
86,33,28,75,163
61,34,27,73,163
41,37,30,71,163
18,30,16,69,163
6,32,19,64,163
6,34,22,59,163
3,29,12,63,163
23,31,14,58,163
26,33,16,54,163
26,35,19,49,163
26,37,22,44,163
26,39,25,39,163
13,28,3,40,163
26,30,5,32,163
26,32,8,25,163
26,34,11,18,163
26,36,14,11,163
23,38,16,4,163
23,40,18,0,163
23,42,20,0,163
23,44,22,0,163
23,46,24,0,163
23,48,26,0,163
23,50,28,0,163
23,52,30,0,163
23,54,32,0,163
23,56,34,0,163
23,58,36,0,163
23,60,38,0,163
23,62,40,0,163
26,64,42,0,163
26,67,45,0,163
26,70,48,0,163
26,73,51,0,163
10,62,28,11,163
34,64,31,10,163
34,66,34,9,163
34,68,37,8,163
34,70,40,7,163
17,55,10,15,163
34,57,13,14,163
48,60,16,14,163
51,63,19,11,163
68,67,23,9,163
34,9,12,26,163
48,12,15,27,163
68,12,19,25,163
72,12,24,21,163
65,12,28,18,163
65,12,32,15,163
65,12,36,12,163
65,12,40,9,163
65,12,44,6,163
65,12,48,3,163
65,12,52,0,163
17,2,14,18,163
55,2,27,18,163
82,2,44,19,163
99,2,65,18,163
106,2,90,18,163
119,2,119,17,163
136,2,151,19,163
170,2,191,21,163
238,6,235,33,163
238,10,279,36,163
238,14,323,39,163
238,18,367,42,163
238,22,411,45,163
238,26,455,48,163
140,6,408,88,163
189,10,494,105,163
191,14,601,126,163
241,18,708,152,163
241,22,815,167,163
241,26,922,182,163
189,6,960,211,163
241,10,1067,226,163
247,16,1196,250,163
264,22,1325,282,163
252,26,1440,326,163
397,12,1467,363,163
267,12,1507,373,163
267,12,1547,383,163
267,12,1587,393,163
267,12,1627,403,163
267,12,1667,413,163
267,12,1707,423,163
267,12,1747,433,163
267,12,1787,443,163
243,12,1824,451,163
340,49,97,20,164
280,49,97,0,164
220,49,97,0,164
160,49,97,0,164
100,25,92,0,164
40,32,88,0,164
63,38,88,0,164
39,38,72,8,164
45,38,80,13,164
36,42,96,9,164
36,46,112,5,164
36,46,122,1,164
36,41,118,3,164
36,44,130,0,164
36,47,142,0,164
36,50,154,0,164
27,40,138,0,164
18,25,114,0,164
27,27,126,0,164
9,17,86,21,164
18,10,78,12,164
38,5,74,11,164
47,7,86,2,164
57,9,98,0,164
66,12,114,0,164
76,15,130,0,164
95,19,150,0,164
85,7,138,0,164
104,12,162,0,164
133,19,190,0,164
161,27,222,0,164
199,37,262,0,164
209,23,258,0,164
224,19,297,0,164
373,27,360,0,164
280,17,320,20,164
373,25,383,0,164
308,13,343,22,164
376,21,412,16,164
322,11,445,31,164
433,21,493,51,164
437,31,541,61,164
437,25,557,78,164
442,35,605,80,164
442,45,653,71,164
437,35,661,92,164
442,45,709,83,164
446,55,757,76,164
446,65,805,58,164
446,75,853,40,164
446,85,901,22,164
392,30,935,19,164
400,70,983,16,164
350,73,967,20,164
400,84,967,24,164
408,124,1015,3,164
294,58,1035,35,164
354,89,1003,52,164
345,165,1074,45,164
345,217,1076,53,164
236,253,1002,74,164
229,263,912,137,164
171,246,751,223,164
251,274,801,246,164
251,345,909,243,164
251,383,979,270,164
265,439,1087,282,164
265,463,1124,300,164
201,320,1143,348,164
272,393,1253,353,164
265,432,1290,374,164
197,243,1309,436,164
265,280,1334,457,164
210,329,1383,469,164
143,329,1245,551,164
210,362,1269,563,164
143,112,1261,648,164
210,163,1285,663,164
274,259,1395,637,164
277,374,1505,616,164
95,374,1302,721,164
216,467,1425,703,164
272,516,1496,764,164
280,551,1539,789,164
126,267,1510,899,164
341,395,1634,927,164
341,523,1758,958,164
131,498,1542,1098,164
96,456,1272,1256,164
280,481,1325,1319,164
128,181,1329,1436,164
280,208,1350,1503,164
280,261,1439,1575,164
308,361,1589,1619,164
264,405,1626,1708,164
70,344,1301,1890,164
316,428,1461,1953,164
56,349,1090,2160,164
232,387,1101,2253,164
321,431,1125,2325,164
340,46,84,20,165
280,22,103,40,165
220,61,120,60,165
160,81,124,62,165
134,97,130,57,165
109,106,130,52,165
83,122,136,47,165
58,132,136,42,165
47,132,122,43,165
36,140,126,35,165
25,148,130,27,165
14,148,116,28,165
7,140,94,29,165
7,138,84,30,165
40,146,86,25,165
40,154,90,15,165
49,162,92,11,165
38,150,60,19,165
19,130,20,27,165
22,134,22,17,165
20,142,24,8,165
20,150,26,0,165
20,158,28,0,165
20,166,30,0,165
20,174,32,0,165
20,182,34,0,165
20,190,36,0,165
20,198,38,0,165
20,206,40,0,165
20,214,42,0,165
20,222,44,0,165
20,230,46,0,165
20,238,48,0,165
20,246,50,0,165
7,234,18,6,165
20,242,20,0,165
27,250,22,0,165
27,258,24,0,165
27,266,26,0,165
27,274,28,0,165
27,282,30,0,165
27,290,32,0,165
0,282,8,11,165
21,286,10,4,165
21,294,12,0,165
21,302,14,0,165
21,310,16,0,165
21,318,18,0,165
21,326,20,0,165
21,334,22,0,165
21,342,24,0,165
21,350,26,0,165
21,358,28,0,165
21,366,30,0,165
21,374,32,0,165
21,382,34,0,165
21,390,36,0,165
21,398,38,0,165
21,406,40,0,165
21,414,42,0,165
21,422,44,0,165
21,430,46,0,165
21,438,48,0,165
21,446,50,0,165
21,454,52,0,165
21,462,54,0,165
21,470,56,0,165
21,478,58,0,165
21,486,60,0,165
21,494,62,0,165
21,502,64,0,165
21,510,66,0,165
0,486,18,10,165
21,490,18,2,165
27,494,18,0,165
30,498,18,0,165
33,502,18,0,165
29,506,20,0,165
25,514,22,0,165
21,522,24,0,165
21,530,26,0,165
21,538,28,0,165
21,546,30,0,165
21,554,32,0,165
21,562,34,0,165
21,570,36,0,165
21,578,38,0,165
21,586,40,0,165
21,594,42,0,165
21,602,44,0,165
21,610,46,0,165
21,618,48,0,165
21,626,50,0,165
21,634,52,0,165
0,610,4,10,165
21,614,4,2,165
30,618,4,0,165
36,622,4,0,165
35,626,6,0,165
34,630,8,0,165
340,50,100,20,166
280,46,84,40,166
220,46,84,60,166
198,43,78,72,166
176,19,73,84,166
155,36,70,96,166
133,43,66,99,166
133,52,66,102,166
125,49,54,111,166
141,44,38,120,166
176,50,38,126,166
203,56,38,131,166
221,58,30,138,166
230,67,30,141,166
226,76,30,140,166
222,85,30,139,166
211,86,14,144,166
207,95,14,140,166
203,104,14,136,166
199,113,14,132,166
201,119,14,127,166
197,128,14,123,166
193,137,14,119,166
189,146,14,115,166
185,155,14,111,166
181,164,14,107,166
177,173,14,103,166
173,182,14,99,166
169,191,14,95,166
165,200,14,91,166
161,209,14,87,166
169,215,14,83,166
182,221,14,82,166
172,230,14,76,166
162,239,14,70,166
152,248,14,64,166
142,257,14,58,166
132,266,14,52,166
122,275,14,46,166
112,284,14,40,166
102,293,14,34,166
92,302,14,28,166
110,308,14,26,166
106,317,14,21,166
102,326,14,16,166
98,335,14,11,166
94,344,14,6,166
90,353,14,1,166
86,362,14,0,166
82,371,14,0,166
78,380,14,0,166
74,389,14,0,166
70,398,14,0,166
69,407,14,0,166
69,416,14,0,166
69,425,14,0,166
69,434,14,0,166
69,443,14,0,166
69,452,14,0,166
69,461,14,0,166
69,470,14,0,166
69,479,14,0,166
69,488,14,0,166
69,497,14,0,166
69,506,14,0,166
69,515,14,0,166
69,524,14,0,166
69,533,14,0,166
69,542,14,0,166
69,551,14,0,166
69,560,14,0,166
69,569,14,0,166
69,578,14,0,166
69,587,14,0,166
69,596,14,0,166
69,605,14,0,166
69,614,14,0,166
69,623,14,0,166
69,632,14,0,166
69,641,14,0,166
69,650,14,0,166
69,659,14,0,166
69,668,14,0,166
69,677,14,0,166
69,686,14,0,166
69,695,14,0,166
69,704,14,0,166
69,713,14,0,166
69,722,14,0,166
69,731,14,0,166
69,740,14,0,166
69,749,14,0,166
69,758,14,0,166
69,767,14,0,166
69,776,14,0,166
69,785,14,0,166
69,794,14,0,166
69,803,14,0,166
69,812,14,0,166
69,821,14,0,166
340,48,96,20,167
520,47,93,40,167
532,23,88,42,167
532,27,76,50,167
592,37,76,55,167
604,39,60,66,167
640,47,60,74,167
676,55,60,82,167
712,63,60,90,167
748,71,60,98,167
772,75,52,109,167
796,78,46,111,167
808,76,30,119,167
777,66,6,128,167
797,72,6,128,167
814,78,6,126,167
815,86,6,123,167
808,94,6,122,167
801,102,6,121,167
794,110,6,120,167
787,118,6,119,167
780,126,6,118,167
773,134,6,117,167
774,142,6,114,167
776,150,6,112,167
763,158,6,110,167
750,166,6,108,167
777,172,6,107,167
803,178,6,108,167
822,184,6,107,167
823,192,6,104,167
825,200,6,102,167
822,208,6,102,167
819,216,6,102,167
816,224,6,102,167
813,232,6,102,167
810,240,6,102,167
807,248,6,102,167
804,256,6,102,167
801,264,6,102,167
798,272,6,102,167
795,280,6,102,167
792,288,6,102,167
789,296,6,102,167
762,304,6,93,167
735,312,6,84,167
708,320,6,75,167
681,328,6,66,167
654,336,6,57,167
627,344,6,48,167
600,352,6,39,167
612,358,6,35,167
628,364,6,31,167
639,370,6,28,167
651,376,6,24,167
648,384,6,18,167
645,392,6,12,167
642,400,6,6,167
639,408,6,0,167
636,416,6,0,167
633,424,6,0,167
630,432,6,0,167
627,440,6,0,167
624,448,6,0,167
621,456,6,0,167
618,464,6,0,167
615,472,6,0,167
612,480,6,0,167
609,488,6,0,167
606,496,6,0,167
603,504,6,0,167
600,512,6,0,167
597,520,6,0,167
594,528,6,0,167
591,536,6,0,167
588,544,6,0,167
585,552,6,0,167
582,560,6,0,167
579,568,6,0,167
576,576,6,0,167
573,584,6,0,167
570,592,6,0,167
567,600,6,0,167
564,608,6,0,167
561,616,6,0,167
558,624,6,0,167
555,632,6,0,167
552,640,6,0,167
549,648,6,0,167
546,656,6,0,167
543,664,6,0,167
540,672,6,0,167
537,680,6,0,167
534,688,6,0,167
531,696,6,0,167
528,704,6,0,167
525,712,6,0,167
522,720,6,0,167
519,728,6,0,167
516,736,6,0,167
340,26,95,20,168
280,23,89,40,168
220,22,86,60,168
160,20,82,53,168
118,16,74,55,168
70,8,58,51,168
25,8,58,41,168
0,4,42,43,168
0,4,42,34,168
0,2,38,31,168
12,2,38,28,168
18,2,38,27,168
18,2,38,23,168
18,2,38,19,168
18,2,38,15,168
15,2,38,13,168
12,2,38,11,168
12,2,38,9,168
12,2,38,7,168
12,2,38,5,168
12,2,38,3,168
12,2,38,1,168
12,2,38,0,168
12,2,38,0,168
12,2,38,0,168
12,2,38,0,168
12,2,38,0,168
12,2,38,0,168
12,2,38,0,168
12,2,38,0,168
12,2,38,0,168
12,2,38,0,168
12,2,38,0,168
12,2,38,0,168
12,2,38,0,168
12,2,38,0,168
12,2,38,0,168
12,2,38,0,168
12,2,38,0,168
12,2,38,0,168
12,2,38,0,168
12,2,38,0,168
12,2,38,0,168
12,2,38,0,168
12,2,38,0,168
12,2,38,0,168
12,2,38,0,168
12,2,38,0,168
12,2,38,0,168
12,2,38,0,168
12,2,38,0,168
12,2,38,0,168
12,2,38,0,168
12,2,38,0,168
12,2,38,0,168
12,2,38,0,168
12,2,38,0,168
12,2,38,0,168
12,2,38,0,168
12,2,38,0,168
12,2,38,0,168
12,2,38,0,168
12,2,38,0,168
12,2,38,0,168
12,2,38,0,168
12,2,38,0,168
12,2,38,0,168
12,2,38,0,168
12,2,38,0,168
12,2,38,0,168
12,2,38,0,168
12,2,38,0,168
12,2,38,0,168
12,2,38,0,168
12,2,38,0,168
12,2,38,0,168
12,2,38,0,168
12,2,38,0,168
12,2,38,0,168
12,2,38,0,168
12,2,38,0,168
12,2,38,0,168
12,2,38,0,168
12,2,38,0,168
12,2,38,0,168
12,2,38,0,168
12,2,38,0,168
12,2,38,0,168
12,2,38,0,168
12,2,38,0,168
12,2,38,0,168
12,2,38,0,168
12,2,38,0,168
12,2,38,0,168
12,2,38,0,168
12,2,38,0,168
12,2,38,0,168
12,2,38,0,168
12,2,38,0,168
12,2,38,0,168
340,47,94,20,169
280,23,89,40,169
220,75,85,60,169
200,105,85,80,169
180,135,85,100,169
144,149,69,120,169
130,164,74,136,169
116,179,79,152,169
102,194,84,168,169
88,208,86,184,169
66,220,90,188,169
44,232,94,192,169
22,240,89,199,169
12,241,75,203,169
4,228,43,213,169
8,234,45,211,169
12,243,48,208,169
16,244,35,210,169
16,247,26,206,169
32,241,4,214,169
100,253,8,212,169
125,268,12,210,169
150,286,17,207,169
184,307,24,201,169
238,334,33,194,169
275,367,44,183,169
192,393,27,194,169
160,411,24,191,169
160,441,43,164,169
128,402,44,164,169
80,412,29,170,169
122,439,39,167,169
145,471,52,164,169
92,373,32,201,169
161,438,46,202,169
145,494,59,205,169
122,517,22,220,169
145,573,35,223,169
161,620,17,231,169
224,706,33,248,169
224,776,17,269,169
226,864,29,262,169
149,920,42,252,169
149,976,55,242,169
161,1039,62,223,169
207,1093,71,187,169
285,1158,79,172,169
195,1088,59,183,169
138,950,23,227,169
230,1051,31,218,169
270,1152,39,215,169
295,1253,47,218,169
238,1353,57,232,169
238,1453,67,246,169
230,1536,39,255,169
268,1636,49,269,169
298,1727,17,287,169
272,1827,57,313,169
272,1927,97,339,169
272,2027,137,365,169
266,2096,109,386,169
268,2176,104,412,169
268,2253,103,445,169
274,2302,55,487,169
288,2397,120,526,169
290,2492,185,554,169
163,2305,172,644,169
226,2350,157,690,169
180,2399,97,750,169
227,2460,138,801,169
189,2521,179,847,169
197,2560,76,945,169
295,2641,167,979,169
252,2676,181,1035,169
249,2557,209,1115,169
263,2605,229,1171,169
256,2644,219,1245,169
262,2671,186,1304,169
263,2715,198,1354,169
263,2735,149,1408,169
280,2814,244,1435,169
144,2625,224,1518,169
110,2623,54,1625,169
228,2713,128,1684,169
210,2755,100,1752,169
228,2845,174,1812,169
262,2935,250,1878,169
90,2913,42,2006,169
232,3004,132,2077,169
116,3013,90,2129,169
239,3083,153,2153,169
155,3083,97,2219,169
299,3153,160,2259,169
293,3191,155,2329,169
301,3261,214,2357,169
302,3331,277,2390,169
87,3054,230,2495,169
245,3126,291,2555,169
296,3137,238,2625,169
306,3229,299,2693,169
340,46,84,20,170
280,44,98,40,170
320,44,108,60,170
320,20,109,80,170
330,20,115,100,170
340,20,121,120,170
330,14,113,140,170
385,14,118,160,170
440,14,123,180,170
495,11,121,200,170
550,11,126,220,170
581,3,115,245,170
626,2,119,274,170
629,2,125,286,170
558,2,133,301,170
487,2,141,316,170
416,2,149,331,170
428,2,154,342,170
360,2,162,356,170
292,2,170,370,170
224,2,178,384,170
227,2,184,396,170
184,2,192,410,170
184,2,200,424,170
184,2,208,438,170
184,2,216,452,170
184,2,224,466,170
184,2,232,480,170
184,2,240,494,170
184,2,248,508,170
184,2,256,522,170
184,2,264,536,170
184,2,272,550,170
184,2,280,564,170
184,2,288,578,170
184,2,296,592,170
184,2,304,606,170
184,2,312,620,170
184,2,320,634,170
184,2,328,648,170
184,2,336,662,170
184,2,344,676,170
184,2,352,690,170
184,2,360,704,170
230,2,360,712,170
322,2,360,726,170
437,2,360,745,170
575,2,360,769,170
819,14,360,804,170
819,24,344,850,170
580,22,374,910,170
855,30,419,984,170
736,38,459,1062,170
855,30,472,1145,170
723,20,481,1228,170
765,26,521,1321,170
739,22,517,1412,170
832,28,610,1503,170
713,30,692,1611,170
624,36,762,1674,170
557,42,852,1737,170
557,48,942,1800,170
557,54,1032,1863,170
612,42,1023,1918,170
564,40,1037,1943,170
554,28,1037,1949,170
557,10,1016,1983,170
480,16,1046,2015,170
480,22,1076,2047,170
513,28,1103,2062,170
520,22,1106,2086,170
393,16,1093,2087,170
366,20,1119,2107,170
366,24,1145,2127,170
366,28,1171,2147,170
366,32,1197,2167,170
366,36,1223,2187,170
390,16,1199,2216,170
408,20,1225,2240,170
406,8,1219,2270,170
408,12,1245,2285,170
412,16,1271,2290,170
414,20,1297,2298,170
468,24,1323,2309,170
511,28,1349,2326,170
513,32,1375,2347,170
508,16,1361,2373,170
477,20,1387,2369,170
477,24,1413,2365,170
477,28,1439,2361,170
477,32,1465,2357,170
477,36,1491,2353,170
402,18,1435,2379,170
408,20,1489,2391,170
408,22,1543,2390,170
408,24,1597,2389,170
406,10,1619,2418,170
408,12,1673,2417,170
412,16,1727,2421,170
412,20,1781,2427,170
340,48,96,20,171
356,42,84,33,171
450,41,81,46,171
500,38,75,47,171
512,34,59,57,171
511,10,54,67,171
542,22,54,74,171
554,22,38,81,171
534,10,14,94,171
564,18,14,101,171
599,30,14,110,171
614,38,6,121,171
615,54,6,126,171
629,66,6,127,171
637,78,6,131,171
657,90,6,134,171
665,102,6,138,171
649,118,6,141,171
633,134,6,144,171
617,150,6,147,171
617,166,6,151,171
617,182,6,155,171
617,198,6,159,171
617,214,6,163,171
634,226,6,167,171
642,238,6,170,171
624,254,6,174,171
606,270,6,178,171
588,286,6,182,171
597,298,6,184,171
581,314,6,187,171
565,330,6,190,171
549,346,6,193,171
533,362,6,196,171
525,378,6,198,171
517,394,6,200,171
509,410,6,202,171
501,426,6,204,171
493,442,6,206,171
485,458,6,208,171
477,474,6,210,171
469,490,6,212,171
461,506,6,214,171
453,522,6,216,171
445,538,6,218,171
470,550,6,223,171
495,558,6,225,171
513,566,6,226,171
535,574,6,229,171
552,586,6,233,171
566,598,6,234,171
580,610,6,235,171
594,622,6,236,171
614,630,6,238,171
631,642,6,242,171
656,654,6,247,171
670,666,6,248,171
678,678,6,252,171
685,694,6,258,171
664,710,6,263,171
643,726,6,268,171
622,742,6,273,171
601,758,6,278,171
621,770,6,281,171
630,782,6,283,171
630,798,6,287,171
638,810,6,290,171
622,826,6,293,171
606,842,6,296,171
614,854,6,299,171
610,870,6,298,171
606,886,6,297,171
602,902,6,296,171
598,918,6,295,171
601,934,6,297,171
590,950,6,297,171
579,966,6,297,171
568,982,6,297,171
557,998,6,297,171
546,1014,6,297,171
535,1030,6,297,171
524,1046,6,297,171
513,1062,6,297,171
509,1078,6,296,171
505,1094,6,295,171
513,1106,6,295,171
516,1122,6,297,171
525,1138,6,300,171
528,1154,6,301,171
524,1170,6,300,171
527,1186,6,302,171
530,1202,6,303,171
533,1218,6,304,171
536,1234,6,305,171
525,1250,6,305,171
514,1266,6,305,171
503,1282,6,305,171
492,1298,6,305,171
481,1314,6,305,171
470,1330,6,305,171
340,26,95,20,172
280,34,79,40,172
220,43,76,60,172
160,50,76,59,172
100,57,76,58,172
40,61,72,60,172
35,63,66,65,172
28,59,50,73,172
35,64,50,78,172
35,66,42,84,172
28,62,26,84,172
7,3,12,105,172
21,11,12,99,172
28,19,12,93,172
28,27,12,85,172
28,35,12,77,172
28,43,12,69,172
28,51,12,61,172
28,59,12,53,172
28,67,12,45,172
28,75,12,37,172
21,83,12,33,172
21,91,12,29,172
21,99,12,25,172
21,107,12,21,172
21,115,12,17,172
21,123,12,13,172
21,131,12,9,172
21,139,12,5,172
21,145,12,1,172
21,151,12,0,172
21,157,12,0,172
21,163,12,0,172
21,169,12,0,172
21,175,12,0,172
21,181,12,0,172
21,187,12,0,172
21,193,12,0,172
21,199,12,0,172
21,205,12,0,172
21,211,12,0,172
21,217,12,0,172
21,223,12,0,172
21,229,12,0,172
21,235,12,0,172
21,241,12,0,172
21,247,12,0,172
21,253,12,0,172
21,259,12,0,172
21,265,12,0,172
21,271,12,0,172
21,277,12,0,172
21,283,12,0,172
21,289,12,0,172
21,295,12,0,172
21,301,12,0,172
21,307,12,0,172
21,313,12,0,172
21,319,12,0,172
21,325,12,0,172
21,331,12,0,172
21,337,12,0,172
21,343,12,0,172
21,349,12,0,172
21,355,12,0,172
21,361,12,0,172
21,367,12,0,172
21,373,12,0,172
21,379,12,0,172
21,385,12,0,172
21,391,12,0,172
21,397,12,0,172
21,403,12,0,172
21,409,12,0,172
21,415,12,0,172
21,421,12,0,172
21,427,12,0,172
21,433,12,0,172
21,439,12,0,172
21,445,12,0,172
21,451,12,0,172
21,457,12,0,172
21,463,12,0,172
21,469,12,0,172
21,475,12,0,172
21,481,12,0,172
21,487,12,0,172
21,493,12,0,172
21,499,12,0,172
21,505,12,0,172
21,511,12,0,172
21,517,12,0,172
21,523,12,0,172
21,529,12,0,172
21,535,12,0,172
21,541,12,0,172
21,547,12,0,172
21,553,12,0,172
21,559,12,0,172
21,565,12,0,172
340,46,84,20,173
280,43,116,40,173
220,43,156,60,173
181,19,167,76,173
143,24,177,92,173
164,30,187,108,173
187,36,199,126,173
180,35,197,147,173
202,32,189,168,173
182,23,171,192,173
166,10,145,216,173
183,15,155,240,173
86,7,119,271,173
116,12,144,302,173
162,19,176,346,173
185,28,218,381,173
208,14,217,432,173
300,27,282,485,173
349,55,374,562,173
406,83,473,635,173
349,51,551,731,173
342,96,596,827,173
231,121,613,923,173
343,140,607,1033,173
273,158,621,1152,173
413,207,752,1255,173
410,232,818,1363,173
349,251,854,1485,173
347,250,799,1611,173
241,216,716,1743,173
492,230,874,1863,173
374,240,1036,1960,173
108,193,875,2081,173
356,175,958,2175,173
47,117,739,2306,173
231,101,820,2404,173
23,32,545,2549,173
414,46,760,2655,173
327,60,935,2763,173
327,74,1110,2871,173
327,88,1285,2979,173
327,94,1422,3087,173
206,72,1478,3170,173
210,44,1521,3267,173
299,58,1657,3352,173
303,72,1812,3443,173
234,38,1847,3543,173
349,52,1985,3638,173
352,66,2143,3739,173
353,80,2301,3844,173
352,82,2435,3953,173
50,4,2137,4125,173
299,18,2306,4219,173
220,16,2433,4286,173
199,30,2581,4362,173
199,44,2729,4438,173
207,18,2794,4505,173
193,32,2942,4571,173
193,46,3090,4637,173
193,60,3238,4703,173
207,26,3287,4775,173
216,40,3447,4848,173
220,54,3609,4925,173
214,26,3670,5029,173
235,40,3834,5128,173
236,54,3998,5233,173
290,68,4185,5345,173
316,82,4373,5467,173
236,40,4425,5598,173
379,54,4636,5729,173
392,70,4850,5848,173
379,66,5024,6026,173
392,124,5262,6169,173
392,170,5476,6318,173
396,228,5693,6435,173
396,270,5865,6559,173
394,308,6026,6683,173
243,314,6086,6829,173
199,292,6215,6975,173
259,338,6275,7136,173
259,378,6323,7303,173
336,422,6388,7465,173
260,341,6484,7639,173
224,318,6286,7832,173
140,277,6036,8036,173
336,318,6091,8205,173
440,412,6261,8382,173
429,458,6316,8555,173
280,503,6353,8728,173
464,617,6566,8869,173
241,586,6341,9107,173
445,624,6380,9307,173
448,658,6404,9513,173
555,772,6666,9672,173
582,842,6932,9841,173
248,782,6717,10089,173
434,698,6896,10295,173
566,798,7218,10455,173
568,878,7520,10630,173
580,978,7862,10780,173
340,49,97,20,174
280,49,97,0,174
220,46,91,0,174
160,46,91,0,174
100,42,75,0,174
40,38,94,0,174
0,14,101,0,174
0,12,106,0,174
18,4,93,3,174
27,4,102,2,174
36,4,111,0,174
36,4,123,0,174
36,4,135,0,174
36,4,147,0,174
45,4,162,6,174
63,4,183,15,174
81,4,210,25,174
117,4,246,39,174
153,4,297,58,174
198,4,363,81,174
171,4,420,100,174
171,4,477,119,174
171,4,534,138,174
171,4,591,157,174
171,4,648,176,174
171,4,705,195,174
171,4,762,214,174
171,4,819,233,174
171,4,876,252,174
171,4,933,273,174
171,4,990,294,174
171,4,1047,315,174
171,4,1104,336,174
171,4,1161,357,174
171,4,1218,378,174
171,4,1275,399,174
126,4,1314,414,174
126,4,1353,429,174
126,4,1392,444,174
126,4,1431,459,174
126,4,1470,474,174
126,4,1509,489,174
126,4,1548,504,174
126,4,1587,519,174
126,4,1626,534,174
126,4,1665,549,174
126,4,1704,564,174
72,4,1728,573,174
72,4,1752,582,174
72,4,1776,591,174
72,4,1800,600,174
72,4,1824,609,174
72,4,1848,618,174
72,4,1872,627,174
50,4,1887,633,174
45,4,1902,639,174
45,4,1917,645,174
45,4,1932,651,174
45,4,1947,657,174
45,4,1962,663,174
45,4,1977,669,174
45,4,1992,675,174
45,4,2007,681,174
45,4,2022,687,174
45,4,2037,693,174
45,4,2052,699,174
45,4,2067,705,174
45,4,2082,711,174
45,4,2097,717,174
45,4,2112,723,174
45,4,2127,729,174
45,4,2142,735,174
45,4,2157,741,174
45,4,2172,747,174
45,4,2187,753,174
45,4,2202,759,174
45,4,2217,765,174
45,4,2232,771,174
45,4,2247,777,174
45,4,2262,783,174
45,4,2277,789,174
45,4,2292,795,174
45,4,2307,801,174
37,4,2319,806,174
36,4,2331,811,174
36,4,2343,816,174
41,4,2352,819,174
47,4,2361,824,174
53,4,2370,829,174
50,4,2382,833,174
47,4,2394,837,174
44,4,2406,841,174
41,4,2418,845,174
38,4,2430,849,174
46,4,2439,854,174
51,4,2448,857,174
52,4,2457,861,174
58,4,2466,866,174
60,4,2478,872,174
50,4,2493,879,174
340,50,100,20,175
280,26,95,40,175
220,86,95,60,175
160,140,89,80,175
100,172,73,100,175
40,197,78,120,175
6,218,85,140,175
4,227,78,160,175
26,221,56,180,175
88,232,57,201,175
77,240,53,215,175
57,241,40,226,175
50,242,27,231,175
50,236,5,236,175
51,245,8,232,175
69,254,11,224,175
69,266,14,215,175
69,278,17,206,175
69,290,20,197,175
76,302,24,197,175
19,245,11,216,175
69,257,14,217,175
69,272,17,217,175
69,287,20,217,175
69,302,23,217,175
69,317,26,217,175
51,317,5,226,175
57,329,8,220,175
51,340,11,218,175
51,351,14,216,175
51,362,17,214,175
51,373,20,212,175
51,384,23,210,175
51,395,26,208,175
51,406,29,206,175
51,417,32,204,175
51,428,35,202,175
51,439,38,200,175
51,450,41,198,175
13,443,2,220,175
50,454,10,218,175
57,466,19,220,175
57,478,28,222,175
57,490,37,224,175
38,482,13,232,175
51,493,22,228,175
57,505,31,220,175
57,517,43,211,175
57,529,55,202,175
50,524,32,205,175
57,536,44,196,175
38,526,13,209,175
81,538,25,204,175
92,554,38,199,175
104,573,54,191,175
46,465,31,231,175
115,501,51,235,175
128,544,72,240,175
46,376,35,302,175
138,432,59,313,175
150,478,51,335,175
138,510,24,359,175
238,585,54,372,175
238,660,84,387,175
231,712,66,422,175
150,728,23,445,175
280,789,46,460,175
159,829,62,461,175
159,869,78,462,175
126,880,43,475,175
159,920,59,476,175
160,965,76,477,175
125,961,16,515,175
190,1011,36,520,175
175,1051,52,525,175
175,1091,68,530,175
175,1131,84,535,175
175,1171,100,540,175
142,1182,65,557,175
70,1169,14,569,175
99,1191,22,563,175
108,1216,31,556,175
114,1242,40,549,175
137,1274,52,542,175
141,1309,65,532,175
146,1344,78,522,175
175,1386,94,520,175
68,1391,23,560,175
120,1436,40,558,175
130,1482,60,552,175
37,1254,8,631,175
127,1322,32,633,175
127,1390,56,646,175
127,1458,80,659,175
119,1495,48,673,175
127,1563,72,686,175
115,1593,32,700,175
127,1643,56,700,175
127,1711,80,702,175
111,1735,32,709,175
340,50,100,20,176
280,50,100,40,176
220,46,84,60,176
160,46,144,80,176
100,22,175,100,176
40,22,205,120,176
0,22,235,140,176
0,19,250,155,176
0,17,261,167,176
30,17,270,176,176
52,17,279,187,176
73,17,291,201,176
91,16,300,213,176
86,8,290,220,176
91,8,299,224,176
82,4,303,230,176
73,4,312,227,176
64,4,321,224,176
55,4,330,221,176
60,4,336,219,176
57,4,345,218,176
62,4,351,216,176
58,4,360,213,176
54,4,369,210,176
50,4,378,207,176
46,4,387,204,176
52,4,387,198,176
49,4,387,191,176
46,4,387,184,176
54,4,387,178,176
59,4,387,173,176
61,4,387,165,176
51,4,387,155,176
50,4,387,145,176
50,4,387,135,176
50,4,387,125,176
50,4,387,115,176
55,4,387,110,176
57,4,387,102,176
59,4,387,94,176
56,4,387,87,176
53,4,387,80,176
50,4,387,73,176
47,4,387,66,176
44,4,387,59,176
41,4,387,52,176
40,4,387,45,176
40,4,387,38,176
40,4,387,31,176
40,4,387,24,176
40,4,387,17,176
40,4,387,10,176
40,4,387,3,176
40,4,387,0,176
40,4,387,0,176
40,4,387,0,176
40,4,387,0,176
40,4,387,0,176
40,4,387,0,176
40,4,387,0,176
40,4,387,0,176
40,4,387,0,176
40,4,387,0,176
40,4,387,0,176
40,4,387,0,176
40,4,387,0,176
40,4,387,0,176
40,4,387,0,176
40,4,387,0,176
40,4,387,0,176
40,4,387,0,176
40,4,387,0,176
40,4,387,0,176
40,4,387,0,176
40,4,387,0,176
40,4,387,0,176
40,4,387,0,176
40,4,387,0,176
40,4,387,0,176
40,4,387,0,176
40,4,387,0,176
40,4,387,0,176
40,4,387,0,176
40,4,387,0,176
40,4,387,0,176
40,4,387,0,176
40,4,387,0,176
40,4,387,0,176
40,4,387,0,176
40,4,387,0,176
40,4,387,0,176
40,4,387,0,176
40,4,387,0,176
40,4,387,0,176
40,4,387,0,176
40,4,387,0,176
40,4,387,0,176
40,4,387,0,176
40,4,387,0,176
40,4,387,0,176
340,47,94,20,177
318,47,94,32,177
296,47,94,44,177
275,46,91,56,177
253,38,75,44,177
231,22,43,44,177
213,22,43,22,177
204,22,43,6,177
194,18,35,0,177
185,16,31,0,177
184,16,31,0,177
183,16,31,0,177
182,16,31,0,177
181,16,31,0,177
180,16,31,0,177
179,16,31,0,177
172,10,19,5,177
176,10,19,1,177
178,10,19,0,177
172,10,19,0,177
166,10,19,0,177
146,6,3,6,177
133,6,9,3,177
120,6,15,0,177
107,6,21,0,177
94,6,27,0,177
81,6,33,0,177
68,6,39,0,177
55,6,45,0,177
42,6,51,0,177
29,6,57,0,177
21,6,63,0,177
21,6,69,0,177
21,6,75,0,177
21,6,81,0,177
21,6,87,0,177
21,6,93,0,177
21,6,99,0,177
21,6,105,0,177
21,6,111,0,177
21,6,117,0,177
21,6,123,0,177
21,6,129,0,177
21,6,135,0,177
21,6,141,0,177
21,6,147,0,177
21,6,153,0,177
21,6,159,0,177
21,6,165,0,177
21,6,171,0,177
21,6,177,0,177
21,6,183,0,177
21,6,189,0,177
21,6,195,0,177
21,6,201,0,177
21,6,207,0,177
21,6,213,0,177
21,6,219,0,177
21,6,225,0,177
24,6,233,3,177
31,6,243,9,177
52,6,259,16,177
80,6,283,29,177
126,2,311,49,177
140,2,351,29,177
175,2,423,18,177
194,2,495,0,177
216,2,567,0,177
185,2,639,5,177
185,2,711,10,177
185,2,783,15,177
185,2,855,20,177
185,2,927,25,177
185,2,999,30,177
185,2,1071,35,177
185,2,1143,40,177
185,2,1215,45,177
185,2,1287,50,177
216,2,1359,28,177
175,2,1431,6,177
175,2,1503,0,177
175,2,1575,0,177
175,2,1647,0,177
175,2,1719,0,177
175,2,1791,0,177
175,2,1863,0,177
175,2,1935,0,177
175,2,2007,0,177
175,2,2079,0,177
175,2,2151,0,177
175,2,2223,0,177
175,2,2295,0,177
175,2,2367,0,177
175,2,2439,0,177
175,2,2511,0,177
175,2,2583,0,177
175,2,2655,0,177
175,2,2727,0,177
175,2,2799,0,177
175,2,2871,0,177
340,46,84,20,178
280,46,164,40,178
220,46,244,60,178
160,45,321,80,178
100,43,353,73,178
131,43,381,75,178
136,37,389,83,178
142,13,396,94,178
170,17,412,102,178
198,21,428,110,178
226,21,438,118,178
210,10,422,135,178
246,4,418,149,178
295,7,434,160,178
337,11,454,175,178
353,16,478,192,178
340,22,506,211,178
327,23,522,230,178
237,14,490,253,178
208,9,496,265,178
179,12,518,265,178
150,15,540,265,178
121,18,562,265,178
106,21,584,265,178
87,11,578,271,178
96,14,596,265,178
106,17,618,257,178
96,3,604,260,178
119,6,628,254,178
138,10,656,248,178
160,15,690,239,178
202,21,730,229,178
42,2,660,269,178
151,6,695,264,178
138,10,727,262,178
138,14,759,260,178
138,18,791,258,178
128,22,819,254,178
128,26,847,250,178
128,30,875,246,178
128,34,903,242,178
106,21,896,247,178
74,5,878,261,178
115,8,906,248,178
149,12,938,232,178
158,17,973,216,178
170,22,1012,200,178
158,8,1011,203,178
228,13,1053,191,178
268,19,1102,175,178
299,26,1158,160,178
286,33,1211,146,178
286,40,1264,132,178
268,16,1265,124,178
308,16,1321,101,178
384,16,1389,80,178
414,16,1459,64,178
419,16,1548,41,178
425,16,1637,10,178
423,16,1726,0,178
423,16,1815,0,178
423,16,1904,0,178
423,16,1993,0,178
423,16,2082,0,178
423,16,2171,0,178
423,16,2260,0,178
423,16,2349,0,178
423,16,2438,0,178
423,16,2527,0,178
423,16,2616,0,178
489,16,2705,0,178
494,16,2810,4,178
494,16,2915,0,178
494,16,3020,0,178
494,16,3125,0,178
494,16,3230,0,178
494,16,3335,0,178
494,16,3440,0,178
494,16,3545,0,178
494,16,3650,0,178
494,16,3755,0,178
494,16,3860,0,178
494,16,3965,0,178
494,16,4070,0,178
494,16,4175,0,178
494,16,4280,0,178
494,16,4385,0,178
494,16,4490,0,178
494,16,4595,0,178
494,16,4700,0,178
494,16,4805,0,178
494,16,4910,0,178
494,16,5015,0,178
494,16,5120,0,178
494,16,5225,0,178
494,16,5330,0,178
494,16,5435,0,178
494,16,5540,0,178
494,16,5645,0,178
494,16,5750,0,178
340,46,84,20,179
280,44,98,40,179
340,44,108,60,179
400,44,118,80,179
460,41,121,100,179
472,17,122,120,179
478,25,131,146,179
446,35,139,179,179
378,39,139,191,179
286,37,129,191,179
158,29,92,209,179
60,27,89,215,179
105,31,99,221,179
126,37,111,229,179
156,44,126,236,179
168,52,143,245,179
210,61,163,256,179
231,64,170,272,179
168,51,105,306,179
210,45,94,316,179
231,43,92,331,179
390,57,127,363,179
204,34,22,434,179
335,48,57,484,179
332,50,68,538,179
293,64,103,564,179
289,62,99,587,179
254,58,91,610,179
262,72,119,633,179
252,55,99,688,179
274,45,79,743,179
278,59,107,770,179
270,34,71,827,179
278,48,99,856,179
307,62,127,892,179
284,76,155,957,179
307,74,151,1000,179
270,61,139,1048,179
274,68,167,1068,179
278,75,195,1080,179
278,89,223,1099,179
213,56,164,1132,179
213,15,89,1165,179
278,29,117,1184,179
284,36,138,1219,179
284,43,166,1258,179
284,50,194,1297,179
284,57,222,1336,179
190,47,202,1327,179
188,30,182,1346,179
240,37,203,1355,179
151,12,153,1368,179
255,19,174,1388,179
255,26,195,1413,179
255,33,216,1438,179
255,40,237,1461,179
255,47,258,1484,179
196,26,216,1493,179
255,33,237,1502,179
196,8,187,1501,179
205,15,208,1500,179
261,22,229,1505,179
261,29,250,1501,179
175,33,259,1474,179
175,37,268,1447,179
175,42,278,1426,179
175,47,288,1405,179
105,14,222,1426,179
183,18,231,1411,179
217,25,245,1406,179
217,32,259,1407,179
217,39,273,1408,179
217,46,287,1409,179
217,53,301,1410,179
195,26,247,1412,179
189,33,261,1385,179
189,40,275,1358,179
189,47,289,1331,179
177,15,226,1327,179
189,22,240,1300,179
219,29,254,1277,179
219,36,268,1257,179
219,43,282,1237,179
219,50,296,1217,179
78,12,144,1292,179
219,19,177,1286,179
219,26,210,1285,179
219,33,243,1284,179
219,40,276,1283,179
219,47,309,1282,179
168,9,233,1314,179
233,16,247,1313,179
246,23,268,1320,179
298,30,289,1333,179
300,37,310,1350,179
300,44,331,1357,179
245,19,288,1378,179
300,26,309,1385,179
246,33,323,1387,179
246,40,337,1389,179
340,26,95,20,180
280,34,79,40,180
220,43,76,60,180
160,50,76,59,180
126,55,76,59,180
92,60,76,59,180
58,62,70,59,180
25,67,70,59,180
0,65,54,59,180
0,71,54,53,180
0,71,46,53,180
0,74,46,48,180
0,76,46,42,180
0,78,46,38,180
0,80,46,36,180
0,81,46,33,180
0,82,46,32,180
0,83,46,33,180
340,49,97,20,181
280,25,92,4,181
220,35,92,0,181
160,45,92,0,181
100,52,88,0,181
76,54,80,2,181
34,53,64,4,181
18,48,48,3,181
18,48,42,0,181
12,43,26,0,181
18,46,26,0,181
24,50,26,0,181
24,55,26,0,181
24,60,26,0,181
18,58,14,0,181
52,62,14,0,181
65,67,14,0,181
78,73,14,0,181
85,79,14,0,181
104,87,14,0,181
124,96,14,0,181
150,108,14,0,181
182,122,14,0,181
224,134,22,0,181
224,146,30,0,181
189,146,12,0,181
294,158,18,0,181
300,170,24,0,181
339,182,30,0,181
300,182,12,0,181
303,194,18,0,181
303,206,24,0,181
266,154,16,0,181
274,162,22,0,181
280,174,28,0,181
309,186,34,0,181
309,198,40,0,181
274,188,10,6,181
367,196,16,0,181
305,206,20,0,181
305,216,24,0,181
305,226,28,0,181
305,236,32,0,181
305,246,36,0,181
305,256,40,0,181
367,248,14,9,181
305,258,18,9,181
305,268,22,9,181
305,278,26,9,181
367,286,32,14,181
252,174,8,40,181
268,184,12,42,181
268,194,16,48,181
268,204,20,54,181
217,212,24,69,181
217,220,28,84,181
217,228,32,99,181
217,236,36,114,181
150,241,36,114,181
150,246,36,114,181
150,251,36,114,181
150,256,36,114,181
130,261,36,114,181
130,266,36,114,181
130,271,36,114,181
130,276,36,114,181
91,279,36,112,181
91,282,36,110,181
91,285,36,108,181
91,288,36,106,181
91,291,36,104,181
65,277,4,105,181
78,280,4,97,181
85,283,4,88,181
98,286,4,80,181
98,289,4,72,181
98,292,4,64,181
98,295,4,56,181
98,298,4,48,181
98,301,4,40,181
98,304,4,32,181
98,307,4,24,181
98,310,4,16,181
98,313,4,8,181
98,316,4,0,181
98,319,4,0,181
98,322,4,0,181
98,325,4,0,181
98,328,4,0,181
98,331,4,0,181
98,334,4,0,181
98,337,4,0,181
98,340,4,0,181
98,343,4,0,181
98,346,4,0,181
104,350,4,0,181
124,354,4,0,181
130,359,4,0,181
150,364,4,0,181
163,370,4,0,181
340,47,94,20,182
280,46,91,40,182
220,44,87,6,182
230,44,87,0,182
206,36,71,0,182
168,32,55,0,182
130,32,79,0,182
71,8,92,8,182
49,8,110,13,182
49,8,128,18,182
42,8,143,23,182
42,8,158,28,182
42,8,173,34,182
42,8,188,40,182
42,8,203,46,182
42,8,218,52,182
28,2,215,61,182
63,2,227,70,182
70,2,242,80,182
72,2,251,87,182
70,2,263,97,182
70,2,275,107,182
70,2,287,117,182
70,2,299,127,182
70,2,311,137,182
70,2,323,147,182
70,2,335,157,182
67,2,347,166,182
64,2,359,175,182
63,2,371,184,182
63,2,383,193,182
63,2,395,202,182
63,2,407,211,182
63,2,419,220,182
63,2,431,229,182
63,2,443,238,182
63,2,455,247,182
63,2,467,256,182
63,2,479,265,182
63,2,491,274,182
63,2,503,283,182
63,2,515,292,182
63,2,527,301,182
63,2,539,310,182
63,2,551,319,182
63,2,563,328,182
63,2,575,337,182
63,2,587,346,182
63,2,599,355,182
63,2,611,364,182
59,2,623,372,182
66,2,632,378,182
63,2,644,387,182
63,2,656,396,182
76,2,665,404,182
72,2,677,412,182
68,2,689,420,182
64,2,701,428,182
60,2,713,436,182
56,2,725,444,182
69,2,731,449,182
77,2,740,455,182
90,2,749,463,182
87,2,761,473,182
84,2,773,483,182
81,2,785,493,182
78,2,797,503,182
75,2,809,513,182
72,2,821,523,182
70,2,833,533,182
70,2,845,543,182
70,2,857,553,182
70,2,869,563,182
70,2,881,573,182
70,2,893,583,182
70,2,905,593,182
81,2,914,600,182
98,2,920,605,182
118,2,926,611,182
126,2,935,617,182
134,2,944,623,182
141,2,953,629,182
138,2,965,638,182
135,2,977,647,182
148,2,986,655,182
144,2,998,663,182
140,2,1010,671,182
136,2,1022,679,182
132,2,1034,687,182
128,2,1046,695,182
124,2,1058,703,182
120,2,1070,711,182
116,2,1082,719,182
112,2,1094,727,182
108,2,1106,735,182
104,2,1118,743,182
100,2,1130,751,182
96,2,1142,759,182
92,2,1154,767,182
88,2,1166,775,182
340,46,84,20,183
280,45,161,40,183
220,21,180,42,183
160,33,208,41,183
100,42,230,43,183
40,54,258,42,183
0,64,278,44,183
12,70,294,47,183
12,74,302,53,183
9,70,298,57,183
6,66,290,55,183
9,70,302,47,183
9,62,286,48,183
9,66,298,34,183
6,52,274,35,183
30,48,270,36,183
3,38,230,55,183
18,16,194,68,183
38,6,186,83,183
79,14,222,91,183
114,26,270,103,183
155,42,338,121,183
152,40,370,156,183
217,52,426,178,183
248,68,490,202,183
248,24,540,246,183
167,26,500,308,183
248,50,556,352,183
298,86,640,385,183
355,122,724,422,183
298,146,784,464,183
201,52,819,512,183
139,40,764,581,183
217,39,804,623,183
241,56,898,656,183
217,63,954,695,183
329,96,1082,706,183
148,70,978,796,183
325,83,1069,839,183
189,77,1090,852,183
186,63,1075,859,183
176,41,1039,869,183
189,31,1032,873,183
186,19,1021,884,183
287,50,1096,885,183
291,81,1172,877,183
217,63,1155,895,183
280,35,1112,920,183
405,68,1189,924,183
161,38,1062,994,183
411,71,1179,1007,183
349,72,1211,1036,183
217,44,1183,1076,183
363,77,1256,1088,183
357,65,1243,1105,183
217,31,1185,1138,183
397,64,1239,1141,183
294,28,1160,1151,183
449,61,1199,1147,183
263,21,1119,1182,183
515,54,1158,1185,183
471,88,1195,1202,183
456,85,1158,1214,183
275,69,1066,1252,183
271,23,970,1293,183
411,45,1007,1295,183
462,78,1042,1294,183
355,59,997,1296,183
426,92,1032,1270,183
354,39,938,1278,183
478,72,973,1258,183
362,49,920,1246,183
375,71,957,1237,183
300,28,878,1279,183
420,50,910,1258,183
485,84,930,1241,183
419,106,950,1215,183
419,128,970,1189,183
403,93,877,1175,183
419,115,897,1149,183
406,100,820,1127,183
341,47,711,1111,183
359,69,731,1068,183
420,91,751,1031,183
424,113,771,998,183
288,114,719,985,183
365,148,749,944,183
299,118,675,940,183
370,152,705,891,183
297,125,637,890,183
306,95,563,891,183
292,61,481,880,183
283,34,413,854,183
362,57,443,813,183
280,39,351,819,183
363,62,396,782,183
294,24,321,781,183
367,47,367,735,183
297,69,412,699,183
108,35,270,751,183
340,47,94,20,184
514,45,90,40,184
610,41,74,60,184
680,41,104,80,184
750,41,134,100,184
820,41,164,120,184
890,40,191,140,184
908,37,206,142,184
913,29,208,147,184
923,29,235,148,184
801,25,272,151,184
640,25,305,127,184
453,1,327,115,184
266,37,354,106,184
117,73,381,97,184
91,85,373,97,184
104,111,385,97,184
91,129,366,119,184
65,141,377,129,184
52,117,349,133,184
52,93,369,134,184
65,98,394,129,184
91,105,431,123,184
91,51,452,135,184
52,46,392,174,184
91,61,410,186,184
91,73,420,173,184
127,88,437,184,184
152,120,487,183,184
152,128,489,195,184
114,31,497,234,184
76,24,401,297,184
154,65,462,310,184
133,88,467,342,184
238,115,526,357,184
240,156,585,375,184
78,128,442,460,184
176,155,501,480,184
175,166,528,515,184
133,169,533,508,184
28,124,341,606,184
130,114,328,634,184
149,99,289,654,184
0,39,55,772,184
140,64,101,778,184
84,31,35,807,184
112,51,77,809,184
112,47,71,824,184
106,38,56,842,184
174,58,98,839,184
183,81,160,843,184
185,104,200,836,184
187,127,254,824,184
174,27,258,856,184
188,67,312,861,184
178,49,238,916,184
178,57,216,971,184
198,56,176,1032,184
224,98,220,1064,184
224,120,224,1118,184
212,117,180,1179,184
271,159,224,1218,184
226,201,268,1232,184
88,157,44,1363,184
226,199,108,1407,184
88,37,90,1474,184
205,55,76,1524,184
213,98,121,1545,184
214,141,170,1571,184
216,184,219,1585,184
216,227,268,1601,184
210,242,248,1631,184
205,236,180,1681,184
216,279,229,1697,184
217,323,278,1703,184
205,329,234,1762,184
100,107,199,1845,184
178,96,148,1901,184
254,145,187,1945,184
254,194,236,1992,184
248,212,229,2046,184
254,261,268,2078,184
184,241,200,2153,184
299,290,239,2201,184
177,261,157,2242,184
205,257,121,2273,184
157,249,77,2305,184
213,294,106,2302,184
164,264,34,2349,184
317,300,63,2351,184
321,337,99,2360,184
130,111,59,2438,184
322,148,81,2436,184
323,185,112,2438,184
324,222,143,2445,184
329,261,160,2460,184
329,300,177,2475,184
318,295,112,2485,184
231,262,22,2527,184
329,299,39,2527,184
340,49,97,20,185
280,25,92,4,185
236,37,76,6,185
193,55,92,8,185
194,63,96,12,185
185,63,84,12,185
189,71,92,6,185
193,76,94,3,185
197,84,102,0,185
185,84,90,0,185
173,72,62,7,185
147,48,14,17,185
148,56,22,9,185
138,68,34,0,185
128,80,46,0,185
118,92,58,0,185
108,104,70,0,185
85,100,54,0,185
62,112,66,0,185
13,80,2,12,185
26,92,14,0,185
39,108,30,0,185
65,128,50,0,185
52,84,52,2,185
78,132,76,0,185
78,174,60,0,185
104,238,100,0,185
130,312,138,0,185
178,352,116,9,185
177,304,134,31,185
219,434,199,24,185
217,548,238,27,185
142,634,210,92,185
116,520,204,158,185
110,563,119,227,185
133,673,141,275,185
253,786,188,329,185
254,899,229,375,185
192,937,191,398,185
256,1046,202,421,185
203,1137,262,427,185
203,1228,322,433,185
203,1319,382,439,185
203,1410,442,445,185
195,1473,452,447,185
247,1564,512,468,185
164,1580,396,556,185
164,1396,384,644,185
219,1489,474,684,185
281,1584,550,714,185
162,1611,440,801,185
272,1646,401,846,185
285,1744,478,890,185
159,1753,322,998,185
284,1825,353,1052,185
223,1893,362,1052,185
220,1922,298,1082,185
290,2020,363,1082,185
164,2041,207,1196,185
223,2113,260,1236,185
187,2109,71,1358,185
408,2209,183,1368,185
337,2275,195,1429,185
259,2049,169,1543,185
150,1760,124,1678,185
152,1393,53,1826,185
418,1558,119,1865,185
273,1629,101,1926,185
277,1750,148,1972,185
45,1289,44,2135,185
279,1420,91,2187,185
281,1551,138,2243,185
337,1682,200,2307,185
337,1813,262,2362,185
279,1893,237,2417,185
322,2024,299,2457,185
328,2160,365,2491,185
328,2306,431,2529,185
264,2407,418,2608,185
326,2474,337,2702,185
71,1960,222,2882,185
326,2027,125,2981,185
326,2130,100,3085,185
393,2314,166,3149,185
210,2407,126,3243,185
318,2514,109,3322,185
361,2668,156,3394,185
424,2828,206,3461,185
199,2889,48,3580,185
232,3003,91,3603,185
235,3117,134,3630,185
196,3164,20,3675,185
236,3278,63,3706,185
239,3396,107,3753,185
240,3514,151,3791,185
231,3553,49,3855,185
243,3671,93,3897,185
232,3749,64,3936,185
209,3867,108,3967,185
209,3985,152,3998,185
340,49,97,20,186
280,46,91,0,186
220,44,87,0,186
214,40,71,2,186
199,34,59,10,186
191,26,43,18,186
192,22,35,26,186
152,22,35,24,186
112,22,35,22,186
39,10,11,32,186
95,10,11,36,186
104,10,11,38,186
133,10,11,42,186
95,10,11,43,186
95,10,11,44,186
95,10,11,45,186
95,10,11,46,186
95,10,11,47,186
95,10,11,48,186
95,10,11,49,186
95,10,11,50,186
95,10,11,51,186
91,10,11,53,186
87,10,11,55,186
83,10,11,57,186
79,10,11,59,186
76,10,11,61,186
76,10,11,63,186
76,10,11,65,186
76,10,11,67,186
76,10,11,69,186
76,10,11,71,186
76,10,11,73,186
76,10,11,75,186
76,10,11,77,186
76,10,11,79,186
76,10,11,81,186
76,10,11,83,186
76,10,11,85,186
76,10,11,87,186
76,10,11,89,186
76,10,11,91,186
76,10,11,93,186
76,10,11,95,186
76,10,11,97,186
76,10,11,99,186
76,10,11,101,186
76,10,11,103,186
76,10,11,105,186
76,10,11,107,186
79,10,11,110,186
76,10,11,111,186
76,10,11,112,186
76,10,11,112,186
76,10,11,112,186
76,10,11,112,186
76,10,11,112,186
76,10,11,112,186
76,10,11,112,186
76,10,11,112,186
94,10,11,116,186
100,10,11,118,186
85,10,11,120,186
85,10,11,122,186
85,10,11,124,186
85,10,11,126,186
85,10,11,128,186
85,10,11,130,186
85,10,11,132,186
85,10,11,134,186
87,10,11,135,186
76,10,11,136,186
76,10,11,137,186
76,10,11,138,186
76,10,11,139,186
76,10,11,140,186
76,10,11,141,186
76,10,11,142,186
76,10,11,143,186
76,10,11,144,186
76,10,11,145,186
76,10,11,146,186
76,10,11,147,186
76,10,11,148,186
76,10,11,149,186
76,10,11,150,186
76,10,11,151,186
76,10,11,152,186
76,10,11,153,186
76,10,11,154,186
76,10,11,155,186
76,10,11,156,186
84,10,11,156,186
87,10,11,160,186
95,10,11,164,186
114,10,11,168,186
133,10,11,170,186
165,10,11,173,186
209,10,11,175,186
247,10,11,176,186
340,26,95,20,187
280,22,79,40,187
220,19,82,60,187
160,18,89,80,187
100,18,95,79,187
40,18,101,78,187
0,16,103,80,187
12,8,89,86,187
16,8,93,91,187
24,8,98,96,187
24,2,91,109,187
69,2,96,119,187
91,2,103,134,187
117,2,112,153,187
156,2,124,178,187
108,2,133,195,187
108,2,142,212,187
69,2,147,224,187
63,2,150,230,187
57,2,153,236,187
51,2,156,242,187
45,2,159,248,187
43,2,162,254,187
43,2,165,260,187
43,2,168,266,187
43,2,171,272,187
43,2,174,278,187
43,2,177,284,187
43,2,180,290,187
43,2,183,296,187
43,2,186,302,187
43,2,189,310,187
43,2,192,318,187
43,2,195,326,187
43,2,198,334,187
43,2,201,342,187
43,2,204,350,187
43,2,207,358,187
43,2,210,366,187
43,2,213,374,187
43,2,216,382,187
43,2,219,390,187
43,2,222,398,187
43,2,225,406,187
43,2,228,414,187
43,2,231,422,187
43,2,234,430,187
43,2,237,438,187
43,2,240,446,187
43,2,243,454,187
51,2,245,459,187
59,2,247,464,187
67,2,249,470,187
68,2,252,477,187
69,2,255,482,187
69,2,258,490,187
69,2,261,498,187
69,2,264,506,187
69,2,267,514,187
69,2,270,522,187
69,2,273,530,187
69,2,276,538,187
69,2,279,546,187
69,2,282,554,187
69,2,285,562,187
69,2,288,570,187
69,2,291,578,187
69,2,294,586,187
69,2,297,594,187
69,2,300,602,187
77,2,302,608,187
85,2,304,613,187
86,2,307,618,187
78,2,311,626,187
70,2,315,634,187
62,2,319,642,187
54,2,323,650,187
52,2,327,658,187
52,2,331,666,187
52,2,335,674,187
52,2,339,682,187
52,2,343,690,187
52,2,347,698,187
52,2,351,706,187
52,2,355,714,187
52,2,359,722,187
52,2,363,730,187
52,2,367,738,187
52,2,371,746,187
52,2,375,754,187
52,2,379,762,187
52,2,383,770,187
52,2,387,778,187
52,2,391,786,187
53,2,394,791,187
52,2,398,799,187
52,2,402,807,187
52,2,406,815,187
57,2,409,821,187
57,2,412,829,187
340,48,96,20,188
460,48,96,40,188
508,44,80,60,188
511,38,96,80,188
526,37,121,100,188
502,13,128,111,188
481,22,138,119,188
457,23,138,130,188
445,35,154,138,188
424,43,162,149,188
379,34,146,163,188
336,24,122,174,188
277,6,90,194,188
247,12,102,202,188
217,18,114,210,188
187,24,126,218,188
157,30,138,226,188
127,36,150,234,188
93,34,142,242,188
59,40,154,244,188
26,46,166,246,188
26,52,178,248,188
26,58,190,250,188
26,64,202,252,188
17,58,186,263,188
26,64,194,259,188
30,73,194,251,188
14,52,146,274,188
48,34,98,285,188
89,46,98,279,188
92,57,82,281,188
92,56,65,288,188
101,71,80,274,188
88,51,28,278,188
111,66,46,264,188
123,64,24,257,188
155,85,48,221,188
154,54,58,204,188
154,58,31,193,188
168,98,63,168,188
214,138,95,135,188
168,154,79,122,188
214,194,111,81,188
214,236,145,30,188
136,144,138,29,188
126,172,114,6,188
171,231,148,0,188
110,83,121,21,188
126,148,113,19,188
128,191,93,19,188
128,234,73,7,188
130,312,119,0,188
128,354,93,0,188
119,418,139,0,188
70,215,103,50,188
128,236,69,31,188
134,300,115,6,188
134,381,161,0,188
130,411,111,0,188
130,465,109,0,188
163,504,72,19,188
179,536,74,37,188
181,602,162,30,188
172,610,116,46,188
172,638,110,54,188
174,669,134,59,188
174,666,90,56,188
183,732,178,40,188
172,766,184,49,188
175,562,173,98,188
217,590,150,114,188
291,616,139,137,188
287,682,208,128,188
217,669,113,149,188
287,735,182,140,188
217,752,147,155,188
259,548,136,224,188
270,582,66,257,188
357,656,138,269,188
368,731,231,277,188
270,755,121,331,188
270,819,171,329,188
203,802,131,341,188
192,786,62,377,188
314,831,112,375,188
203,803,64,377,188
314,848,114,365,188
89,561,60,460,188
314,628,110,452,188
251,597,56,453,188
262,619,107,443,188
180,607,38,444,188
203,627,86,422,188
206,647,135,390,188
206,667,184,360,188
192,648,87,358,188
206,668,117,314,188
203,688,146,289,188
153,664,39,293,188
203,684,68,268,188
340,46,84,20,189
280,44,116,40,189
340,44,136,60,189
400,44,156,80,189
460,44,176,100,189
520,44,196,120,189
580,41,208,140,189
592,17,215,160,189
596,15,211,183,189
605,23,227,207,189
530,16,213,243,189
455,20,221,279,189
432,28,236,315,189
302,21,202,342,189
222,27,232,360,189
142,33,262,378,189
114,39,292,396,189
114,45,322,414,189
114,51,352,432,189
114,57,382,450,189
114,63,412,468,189
76,43,384,492,189
76,35,377,515,189
155,40,402,535,189
186,42,421,560,189
186,48,451,570,189
186,54,481,580,189
174,52,490,593,189
124,24,441,609,189
174,29,466,607,189
162,16,455,624,189
283,23,485,629,189
359,31,525,636,189
455,45,575,647,189
415,30,572,678,189
490,44,622,701,189
490,46,648,730,189
306,32,598,768,189
204,6,506,830,189
490,20,542,859,189
496,34,587,882,189
506,48,633,897,189
502,46,647,931,189
371,20,603,951,189
506,34,650,957,189
512,48,697,954,189
508,42,704,972,189
371,26,680,990,189
562,40,727,994,189
560,30,726,1019,189
507,44,765,1035,189
507,58,804,1051,189
491,24,745,1076,189
507,38,784,1092,189
507,52,823,1111,189
507,66,862,1130,189
259,31,730,1203,189
516,21,744,1217,189
396,35,807,1225,189
396,49,870,1233,189
336,26,857,1237,189
526,40,919,1241,189
492,47,982,1244,189
475,18,957,1285,189
499,25,1020,1303,189
502,32,1083,1323,189
505,46,1146,1349,189
370,28,1134,1350,189
475,35,1170,1342,189
378,14,1150,1337,189
475,21,1186,1318,189
413,28,1222,1304,189
413,35,1258,1290,189
413,42,1294,1276,189
413,49,1330,1262,189
370,55,1366,1261,189
370,61,1402,1260,189
227,8,1313,1288,189
325,13,1348,1292,189
469,20,1384,1303,189
469,27,1420,1303,189
469,34,1456,1303,189
469,41,1492,1303,189
280,45,1520,1303,189
280,49,1548,1303,189
194,52,1564,1308,189
194,55,1580,1313,189
194,58,1596,1318,189
194,61,1612,1323,189
130,39,1574,1331,189
194,42,1584,1327,189
227,45,1599,1315,189
129,5,1522,1357,189
260,9,1542,1345,189
364,15,1567,1329,189
517,29,1592,1342,189
647,43,1618,1365,189
585,33,1596,1395,189
655,47,1622,1397,189
536,61,1649,1398,189
340,26,95,20,190
280,25,92,40,190
254,23,88,38,190
294,23,88,39,190
321,20,82,40,190
322,16,66,50,190
349,16,66,54,190
367,16,66,60,190
365,8,50,70,190
379,4,42,77,190
365,4,42,73,190
351,4,42,69,190
337,4,42,65,190
323,4,42,61,190
309,4,42,57,190
295,4,42,53,190
281,4,42,49,190
267,4,42,45,190
253,4,42,41,190
239,4,42,37,190
225,4,42,33,190
211,4,42,29,190
197,4,42,25,190
183,4,42,21,190
169,4,42,17,190
155,4,42,13,190
141,4,42,9,190
133,4,42,5,190
125,4,42,1,190
117,4,42,0,190
109,4,42,0,190
101,4,42,0,190
93,4,42,0,190
85,4,42,0,190
77,4,42,0,190
69,4,42,0,190
61,4,42,0,190
53,4,42,0,190
52,4,42,0,190
52,4,42,0,190
52,4,42,0,190
52,4,42,0,190
52,4,42,0,190
52,4,42,0,190
52,4,42,0,190
52,4,42,0,190
52,4,42,0,190
52,4,42,0,190
52,4,42,0,190
52,4,42,0,190
52,4,42,0,190
52,4,42,0,190
52,4,42,0,190
52,4,42,0,190
52,4,42,0,190
52,4,42,0,190
52,4,42,0,190
52,4,42,0,190
52,4,42,0,190
52,4,42,0,190
52,4,42,0,190
52,4,42,0,190
52,4,42,0,190
52,4,42,0,190
52,4,42,0,190
52,4,42,0,190
52,4,42,0,190
52,4,42,0,190
52,4,42,0,190
52,4,42,0,190
52,4,42,0,190
52,4,42,0,190
52,4,42,0,190
52,4,42,0,190
52,4,42,0,190
52,4,42,0,190
52,4,42,0,190
52,4,42,0,190
52,4,42,0,190
52,4,42,0,190
52,4,42,0,190
52,4,42,0,190
52,4,42,0,190
52,4,42,0,190
52,4,42,0,190
52,4,42,0,190
52,4,42,0,190
52,4,42,0,190
52,4,42,0,190
52,4,42,0,190
52,4,42,0,190
52,4,42,0,190
52,4,42,0,190
52,4,42,0,190
52,4,42,0,190
52,4,42,0,190
52,4,42,0,190
52,4,42,0,190
52,4,42,0,190
52,4,42,0,190
340,49,97,20,191
280,45,81,4,191
220,42,85,0,191
160,38,86,0,191
100,14,85,0,191
40,32,86,0,191
0,36,74,2,191
0,36,60,2,191
0,44,62,0,191
0,36,39,9,191
0,40,40,4,191
0,44,41,1,191
0,48,42,0,191
0,52,43,1,191
0,56,44,1,191
0,56,45,0,191
0,56,46,1,191
340,50,100,20,192
280,47,94,40,192
220,39,78,60,192
160,37,74,80,192
280,36,71,100,192
180,12,66,93,192
117,8,58,95,192
72,4,42,88,192
72,4,58,81,192
72,4,74,74,192
72,4,90,67,192
72,4,106,60,192
72,4,122,53,192
72,4,138,46,192
72,4,154,39,192
72,4,170,32,192
72,4,186,25,192
72,4,202,18,192
72,4,218,11,192
72,4,234,4,192
72,4,250,0,192
72,4,266,0,192
72,4,282,0,192
72,4,298,0,192
72,4,314,0,192
72,4,330,0,192
72,4,346,0,192
72,4,362,0,192
72,4,378,0,192
72,4,394,0,192
72,4,410,0,192
72,4,426,0,192
72,4,442,0,192
72,4,458,0,192
72,4,474,0,192
72,4,490,0,192
72,4,506,0,192
72,4,522,0,192
72,4,538,0,192
72,4,554,0,192
72,4,570,0,192
72,4,586,0,192
72,4,602,0,192
72,4,618,0,192
72,4,634,0,192
72,4,650,0,192
72,4,666,0,192
72,4,682,0,192
72,4,698,0,192
72,4,714,0,192
72,4,730,0,192
72,4,746,0,192
72,4,762,0,192
72,4,778,0,192
72,4,794,0,192
72,4,810,0,192
72,4,826,0,192
72,4,842,0,192
72,4,858,0,192
72,4,874,0,192
72,4,890,0,192
72,4,906,0,192
72,4,922,0,192
72,4,938,0,192
72,4,954,0,192
72,4,970,0,192
72,4,986,0,192
72,4,1002,0,192
72,4,1018,0,192
72,4,1034,0,192
72,4,1050,0,192
72,4,1066,0,192
72,4,1082,0,192
72,4,1098,0,192
72,4,1114,0,192
72,4,1130,0,192
72,4,1146,0,192
72,4,1162,0,192
72,4,1178,0,192
72,4,1194,0,192
72,4,1210,0,192
72,4,1226,0,192
72,4,1242,0,192
72,4,1258,0,192
72,4,1274,0,192
72,4,1290,0,192
72,4,1306,0,192
0,4,1326,0,192
0,4,1340,0,192
0,4,1352,0,192
0,4,1360,0,192
0,4,1366,0,192
0,4,1370,0,192
0,4,1374,0,192
0,4,1376,0,192
0,4,1378,0,192
0,4,1380,0,192
0,4,1382,0,192
0,4,1382,0,192
0,4,1382,0,192
340,49,97,20,193
280,47,93,0,193
280,23,88,2,193
280,30,88,1,193
280,32,80,3,193
250,30,68,2,193
250,26,52,4,193
230,24,36,6,193
220,27,45,0,193
180,17,24,11,193
172,20,30,7,193
164,23,36,3,193
156,26,42,0,193
148,29,48,0,193
140,32,54,0,193
118,22,33,2,193
110,25,39,0,193
102,28,45,0,193
70,14,16,5,193
48,13,16,0,193
48,15,22,0,193
48,17,28,0,193
48,19,34,0,193
48,21,40,0,193
48,23,46,0,193
4,6,10,20,193
44,8,13,10,193
44,10,16,0,193
44,12,19,0,193
44,14,22,0,193
44,16,25,0,193
44,18,28,0,193
44,20,31,0,193
54,22,37,0,193
44,16,27,0,193
58,19,33,0,193
58,22,39,0,193
34,8,10,3,193
58,11,16,0,193
58,14,22,0,193
58,17,28,0,193
58,20,34,0,193
58,23,40,0,193
58,26,46,0,193
58,29,52,0,193
7,20,12,17,193
58,23,20,13,193
61,26,28,6,193
61,29,36,0,193
61,32,44,0,193
51,35,55,0,193
21,19,23,14,193
77,22,31,4,193
87,25,39,0,193
91,29,51,0,193
106,33,63,0,193
91,20,43,0,193
106,24,55,0,193
132,29,71,0,193
91,8,35,16,193
195,13,51,5,193
221,19,71,0,193
274,26,95,0,193
277,13,79,0,193
334,25,96,0,193
343,39,114,0,193
334,27,83,1,193
398,41,101,0,193
398,55,119,0,193
398,69,137,0,193
398,83,155,0,193
287,60,119,14,193
404,74,137,7,193
362,26,140,39,193
371,40,158,40,193
280,17,122,67,193
504,31,140,86,193
441,25,118,108,193
504,39,136,116,193
504,53,154,126,193
232,38,90,160,193
369,50,107,188,193
332,32,79,193,193
275,37,95,189,193
275,42,111,185,193
218,14,59,196,193
275,19,75,192,193
301,25,95,191,193
378,39,113,215,193
378,53,131,228,193
378,67,149,241,193
296,33,89,250,193
310,16,65,253,193
463,30,83,237,193
466,44,101,213,193
470,58,121,215,193
296,34,21,250,193
473,48,48,258,193
473,62,75,269,193
484,46,40,304,193
340,50,100,20,194
280,46,84,40,194
220,22,103,60,194
160,21,120,80,194
100,21,134,82,194
40,19,142,84,194
30,15,142,92,194
24,15,150,88,194
24,15,158,84,194
24,15,166,80,194
24,15,174,76,194
24,15,182,72,194
24,15,190,72,194
24,15,198,72,194
24,15,206,72,194
24,15,214,72,194
18,9,206,78,194
36,9,212,78,194
36,9,218,82,194
36,9,224,86,194
36,9,230,90,194
24,1,218,94,194
30,1,222,92,194
30,1,226,90,194
36,1,232,85,194
36,1,238,80,194
36,1,244,75,194
36,1,250,70,194
36,1,256,65,194
38,1,260,59,194
40,1,264,53,194
42,1,268,47,194
44,1,272,41,194
46,1,276,35,194
48,1,280,29,194
59,1,284,29,194
70,1,288,29,194
81,1,292,29,194
92,1,296,29,194
103,1,300,29,194
114,1,304,29,194
128,1,306,28,194
142,1,308,27,194
156,1,310,26,194
170,1,312,25,194
178,1,314,24,194
186,1,316,23,194
194,1,318,22,194
202,1,320,21,194
210,1,322,20,194
218,1,324,19,194
227,1,326,20,194
236,1,328,21,194
245,1,330,22,194
254,1,332,23,194
263,1,334,24,194
273,1,336,27,194
283,1,338,30,194
293,1,340,33,194
303,1,342,36,194
313,1,344,39,194
323,1,346,42,194
333,1,348,45,194
343,1,350,48,194
353,1,352,51,194
363,1,354,54,194
373,1,356,57,194
383,1,358,60,194
393,1,360,63,194
403,1,362,66,194
413,1,364,69,194
423,1,366,72,194
433,1,368,75,194
443,1,370,78,194
453,1,372,81,194
463,1,374,84,194
473,1,376,87,194
483,1,378,90,194
493,1,380,93,194
503,1,382,96,194
513,1,384,99,194
523,1,386,102,194
534,1,386,104,194
545,1,386,106,194
556,1,386,108,194
567,1,386,110,194
578,1,386,112,194
589,1,386,114,194
600,1,386,116,194
611,1,386,118,194
622,1,386,120,194
633,1,386,122,194
644,1,386,124,194
655,1,386,126,194
666,1,386,128,194
677,1,386,130,194
688,1,386,132,194
699,1,386,134,194
710,1,386,136,194
721,1,386,138,194
340,49,97,20,195
280,49,97,0,195
220,45,81,0,195
160,21,82,2,195
100,42,82,1,195
40,54,71,3,195
0,76,73,5,195
6,78,63,11,195
16,70,33,22,195
42,82,36,27,195
42,94,31,35,195
29,98,17,37,195
39,110,20,33,195
42,122,23,30,195
55,142,27,28,195
65,154,16,30,195
81,178,22,13,195
117,214,31,0,195
146,258,42,0,195
182,314,56,0,195
182,360,30,0,195
192,417,78,0,195
189,462,102,0,195
142,519,141,0,195
126,531,125,0,195
122,535,91,0,195
140,555,91,0,195
122,551,41,0,195
126,567,33,0,195
214,593,27,0,195
234,631,45,0,195
224,671,65,0,195
216,699,43,0,195
224,739,63,0,195
226,779,83,0,195
228,819,103,0,195
218,837,41,0,195
226,859,25,0,195
292,899,45,0,195
296,939,65,0,195
342,981,85,0,195
309,989,41,0,195
342,1052,61,0,195
342,1095,41,0,195
352,1137,61,0,195
352,1200,81,0,195
421,1218,53,0,195
527,1281,73,0,195
464,1293,33,0,195
650,1356,53,0,195
590,1338,59,0,195
561,1356,31,0,195
567,1400,53,0,195
602,1444,75,0,195
542,1450,23,0,195
585,1494,45,0,195
633,1538,67,0,195
563,1462,61,0,195
600,1506,83,0,195
588,1510,25,0,195
641,1554,47,0,195
641,1620,69,0,195
641,1686,91,0,195
561,1548,69,58,195
592,1586,35,36,195
603,1652,57,0,195
606,1718,79,0,195
520,1530,43,66,195
606,1598,65,0,195
650,1666,87,0,195
654,1757,109,0,195
630,1793,67,0,195
694,1884,89,0,195
590,1932,31,0,195
699,2023,105,0,195
704,2114,179,0,195
704,2205,253,0,195
598,2237,255,0,195
617,2257,233,0,195
608,2295,187,0,195
546,2321,125,51,195
619,2389,225,0,195
532,2249,231,68,195
432,2074,223,154,195
607,2253,323,69,195
603,2407,327,49,195
669,2577,363,29,195
784,2779,476,20,195
625,2925,477,21,195
453,3032,375,90,195
563,3170,371,91,195
477,3327,433,99,195
453,3215,455,164,195
477,3416,485,172,195
513,3653,596,144,195
477,3818,554,145,195
477,3975,496,164,195
459,4150,390,207,195
477,4286,332,244,195
477,4487,362,236,195
340,26,95,20,196
280,106,95,40,196
220,179,89,60,196
160,259,89,80,196
100,303,73,100,196
40,342,70,120,196
0,370,70,119,196
0,390,70,119,196
27,400,66,125,196
32,409,60,128,196
37,421,60,131,196
42,433,60,134,196
30,439,48,144,196
66,455,48,151,196
93,463,40,158,196
110,475,40,158,196
125,491,40,159,196
58,435,26,180,196
66,453,26,183,196
66,463,10,191,196
66,487,10,196,196
66,511,10,201,196
66,535,10,206,196
66,559,10,211,196
66,583,10,216,196
66,607,10,221,196
66,631,10,226,196
66,655,10,231,196
66,679,10,236,196
66,703,10,241,196
66,727,10,246,196
66,751,10,251,196
66,775,10,256,196
77,793,10,260,196
76,811,10,263,196
75,829,10,266,196
74,847,10,269,196
73,865,10,272,196
72,883,10,275,196
71,901,10,278,196
70,919,10,281,196
69,937,10,284,196
68,955,10,287,196
67,973,10,290,196
66,991,10,293,196
66,1009,10,296,196
66,1027,10,299,196
66,1045,10,302,196
66,1063,10,305,196
66,1081,10,308,196
66,1099,10,311,196
66,1117,10,314,196
66,1135,10,317,196
66,1153,10,320,196
66,1171,10,323,196
66,1189,10,326,196
80,1201,10,328,196
94,1213,10,330,196
99,1231,10,334,196
103,1249,10,337,196
107,1267,10,340,196
93,1291,10,345,196
79,1315,10,350,196
66,1339,10,355,196
66,1363,10,360,196
66,1387,10,365,196
66,1411,10,370,196
88,1419,10,369,196
110,1429,10,369,196
132,1441,10,368,196
154,1457,10,369,196
185,1475,10,369,196
220,1495,10,368,196
264,1521,10,369,196
308,1551,10,368,196
350,1587,16,380,196
350,1623,22,394,196
350,1659,28,408,196
350,1695,34,422,196
171,1719,2,410,196
164,1764,10,411,196
164,1809,18,412,196
180,1843,6,397,196
484,1897,6,383,196
450,1947,6,382,196
450,1997,6,381,196
450,2047,6,380,196
450,2097,6,379,196
450,2147,6,378,196
328,2192,6,375,196
328,2237,6,372,196
328,2282,6,369,196
328,2327,6,366,196
328,2372,6,363,196
328,2417,6,360,196
328,2462,6,357,196
328,2507,6,354,196
328,2552,6,351,196
328,2597,6,348,196
328,2642,6,345,196
340,47,94,20,197
280,46,91,40,197
254,38,75,26,197
229,38,75,0,197
203,22,43,0,197
178,22,43,0,197
153,22,43,0,197
127,22,43,0,197
102,18,27,4,197
77,18,27,0,197
51,14,19,0,197
26,12,15,0,197
27,6,3,1,197
42,6,3,0,197
43,6,3,0,197
57,6,3,0,197
71,6,3,0,197
85,6,3,0,197
99,6,3,0,197
141,6,3,0,197
183,6,3,0,197
225,6,3,0,197
278,6,3,0,197
287,6,3,0,197
287,6,3,0,197
287,6,3,0,197
287,6,3,0,197
287,6,3,0,197
287,6,3,0,197
287,6,3,0,197
287,6,3,0,197
287,6,3,0,197
287,6,3,0,197
287,6,3,0,197
287,6,3,0,197
287,6,3,0,197
287,6,3,0,197
287,6,3,0,197
287,6,3,0,197
287,6,3,0,197
287,6,3,0,197
287,6,3,0,197
287,6,3,0,197
287,6,3,0,197
287,6,3,0,197
287,6,3,0,197
287,6,3,0,197
287,6,3,0,197
287,6,3,0,197
287,6,3,0,197
287,6,3,0,197
287,6,3,0,197
287,6,3,0,197
287,6,3,0,197
287,6,3,0,197
287,6,3,0,197
287,6,3,0,197
287,6,3,0,197
287,6,3,0,197
287,6,3,0,197
287,6,3,0,197
287,6,3,0,197
287,6,3,0,197
287,6,3,0,197
287,6,3,0,197
287,6,3,0,197
287,6,3,0,197
287,6,3,0,197
287,6,3,0,197
287,6,3,0,197
287,6,3,0,197
287,6,3,0,197
287,6,3,0,197
287,6,3,0,197
287,6,3,0,197
287,6,3,0,197
287,6,3,0,197
287,6,3,0,197
287,6,3,0,197
287,6,3,0,197
287,6,3,0,197
287,6,3,0,197
287,6,3,0,197
287,6,3,0,197
287,6,3,0,197
287,6,3,0,197
287,6,3,0,197
287,6,3,0,197
287,6,3,0,197
287,6,3,0,197
287,6,3,0,197
287,6,3,0,197
287,6,3,0,197
287,6,3,0,197
287,6,3,0,197
287,6,3,0,197
287,6,3,0,197
287,6,3,0,197
287,6,3,0,197
287,6,3,0,197
340,49,97,20,198
280,45,117,40,198
220,21,148,60,198
160,30,175,80,198
100,36,196,79,198
40,39,208,78,198
0,36,207,80,198
0,22,181,86,198
0,26,193,86,198
0,24,191,86,198
0,16,178,87,198
0,17,181,81,198
0,18,184,77,198
0,16,183,78,198
4,16,186,78,198
6,16,189,76,198
8,16,192,74,198
5,17,195,69,198
0,11,183,73,198
4,12,186,70,198
10,13,189,66,198
4,1,168,68,198
14,2,171,61,198
14,3,177,55,198
14,4,183,49,198
14,5,189,43,198
14,6,195,37,198
14,7,201,31,198
14,8,207,25,198
14,9,213,19,198
14,10,219,13,198
14,11,225,7,198
14,12,231,1,198
14,13,237,0,198
14,14,243,0,198
14,15,249,0,198
14,16,255,0,198
14,17,261,0,198
14,18,267,0,198
14,19,273,0,198
4,3,244,6,198
14,4,247,0,198
14,5,250,0,198
14,6,253,0,198
14,7,256,0,198
14,8,259,0,198
14,9,262,0,198
14,10,265,0,198
14,11,268,0,198
14,12,271,0,198
14,13,274,0,198
6,14,280,0,198
0,9,271,0,198
9,10,274,0,198
9,11,277,0,198
9,12,280,0,198
9,13,283,0,198
9,14,286,0,198
9,15,289,0,198
9,16,292,0,198
9,17,295,0,198
9,18,298,0,198
9,19,301,0,198
9,20,304,0,198
9,21,307,0,198
9,22,310,0,198
9,23,313,0,198
9,24,316,0,198
9,25,319,0,198
9,26,322,0,198
9,27,325,0,198
9,28,328,0,198
9,29,331,0,198
9,30,334,0,198
9,31,337,0,198
9,32,340,0,198
9,33,343,0,198
9,34,346,0,198
9,35,349,0,198
9,36,352,0,198
9,37,355,0,198
9,38,358,0,198
9,39,361,0,198
9,40,364,0,198
9,41,367,0,198
9,42,370,0,198
9,43,373,0,198
9,44,376,0,198
9,45,379,0,198
9,46,382,0,198
9,47,385,0,198
9,48,388,0,198
9,49,391,0,198
9,50,394,0,198
9,51,397,0,198
9,52,400,0,198
9,53,403,0,198
9,54,406,0,198
9,55,409,0,198
9,56,412,0,198
340,49,97,20,199
280,46,91,0,199
220,38,75,0,199
160,36,71,0,199
100,32,55,2,199
45,14,52,12,199
0,18,48,16,199
0,14,34,16,199
0,20,36,13,199
0,24,37,10,199
0,28,38,8,199
0,30,39,5,199
0,32,40,4,199
0,34,40,2,199
0,36,40,0,199
0,38,40,0,199
0,38,40,0,199
340,50,100,20,200
280,50,100,40,200
220,48,96,60,200
420,47,93,80,200
451,41,81,79,200
479,17,76,87,200
520,21,68,92,200
548,29,68,88,200
567,34,62,84,200
573,32,46,83,200
601,40,46,79,200
595,32,14,89,200
633,44,14,93,200
625,56,6,101,200
595,70,6,94,200
565,84,6,87,200
562,96,6,80,200
559,108,6,73,200
556,120,6,66,200
553,132,6,59,200
550,144,6,52,200
547,156,6,45,200
544,168,6,38,200
541,180,6,31,200
538,192,6,24,200
535,204,6,17,200
532,216,6,10,200
529,228,6,3,200
534,238,6,0,200
385,258,6,0,200
236,278,6,0,200
211,298,6,0,200
211,318,6,0,200
211,338,6,0,200
211,358,6,0,200
211,378,6,0,200
211,398,6,0,200
211,418,6,0,200
211,438,6,0,200
211,458,6,0,200
211,478,6,0,200
211,498,6,0,200
211,518,6,0,200
211,538,6,0,200
211,558,6,0,200
211,578,6,0,200
211,598,6,0,200
211,618,6,0,200
211,638,6,0,200
211,658,6,0,200
211,678,6,0,200
211,698,6,0,200
211,718,6,0,200
211,738,6,0,200
211,758,6,0,200
211,778,6,0,200
211,798,6,0,200
211,818,6,0,200
211,838,6,0,200
211,858,6,0,200
211,878,6,0,200
211,898,6,0,200
211,918,6,0,200
211,938,6,0,200
211,958,6,0,200
211,978,6,0,200
211,998,6,0,200
211,1018,6,0,200
211,1038,6,0,200
211,1058,6,0,200
211,1078,6,0,200
211,1098,6,0,200
211,1118,6,0,200
211,1138,6,0,200
211,1158,6,0,200
211,1178,6,0,200
211,1198,6,0,200
211,1218,6,0,200
211,1238,6,0,200
211,1258,6,0,200
211,1278,6,0,200
211,1298,6,0,200
211,1318,6,0,200
211,1338,6,0,200
211,1358,6,0,200
211,1378,6,0,200
211,1398,6,0,200
211,1418,6,0,200
211,1438,6,0,200
211,1458,6,0,200
211,1478,6,0,200
211,1498,6,0,200
211,1518,6,0,200
211,1538,6,0,200
211,1558,6,0,200
211,1578,6,0,200
211,1598,6,0,200
211,1618,6,0,200
211,1638,6,0,200
211,1658,6,0,200
