food,ore,wood,poop,run_id
340,49,97,20,1
306,45,81,14,1
272,45,105,8,1
238,45,129,2,1
205,21,136,8,1
171,21,151,8,1
137,19,159,11,1
115,15,160,17,1
90,15,169,14,1
65,15,178,11,1
40,15,187,8,1
15,12,190,8,1
6,4,180,8,1
9,4,186,0,1
9,4,192,0,1
9,4,198,0,1
9,4,204,0,1
9,4,210,0,1
9,4,216,0,1
9,4,222,0,1
9,4,228,0,1
9,4,234,0,1
9,4,240,0,1
9,4,246,0,1
9,4,252,0,1
9,4,258,0,1
9,4,264,0,1
9,4,270,0,1
9,4,276,0,1
9,4,282,0,1
9,4,288,0,1
9,4,294,0,1
9,4,300,0,1
9,4,306,0,1
9,4,312,0,1
9,4,318,0,1
9,4,324,0,1
9,4,333,0,1
9,4,342,0,1
9,4,351,0,1
9,4,360,0,1
9,4,369,0,1
9,4,378,0,1
9,4,387,0,1
9,4,396,0,1
9,4,405,0,1
9,4,414,0,1
9,4,423,0,1
9,4,432,0,1
9,4,441,0,1
9,4,450,0,1
9,4,459,0,1
9,4,468,0,1
9,4,477,0,1
9,4,486,0,1
9,4,495,0,1
9,4,504,0,1
9,4,513,0,1
9,4,522,0,1
9,4,531,0,1
9,4,540,0,1
9,4,549,0,1
9,4,558,0,1
9,4,567,0,1
9,4,576,0,1
9,4,585,0,1
9,4,594,0,1
0,4,606,0,1
0,2,608,0,1
4,2,614,0,1
8,2,620,0,1
8,2,626,0,1
8,2,632,0,1
8,2,638,0,1
8,2,644,0,1
8,2,650,0,1
8,2,656,0,1
8,2,662,0,1
8,2,668,0,1
8,2,674,0,1
8,2,680,0,1
8,2,686,0,1
8,2,692,0,1
8,2,698,0,1
8,2,704,0,1
8,2,710,0,1
8,2,716,0,1
8,2,722,0,1
8,2,728,0,1
8,2,734,0,1
8,2,740,0,1
8,2,746,0,1
8,2,752,0,1
8,2,758,0,1
8,2,764,0,1
8,2,770,0,1
8,2,776,0,1
8,2,782,0,1
8,2,788,0,1
8,2,794,0,1
340,50,100,20,2
280,48,96,40,2
360,47,93,60,2
349,41,81,59,2
374,41,81,58,2
366,37,65,66,2
371,37,80,71,2
388,37,89,74,2
409,37,95,76,2
430,37,101,78,2
451,37,107,80,2
466,34,107,82,2
487,34,113,84,2
490,26,100,89,2
506,26,106,91,2
524,26,112,92,2
538,26,121,93,2
543,22,122,96,2
539,14,112,98,2
535,14,118,88,2
518,2,97,87,2
508,2,103,74,2
498,2,109,61,2
488,2,115,48,2
478,2,121,35,2
468,2,127,22,2
458,2,133,9,2
448,2,139,0,2
438,2,145,0,2
428,2,151,0,2
418,2,157,0,2
408,2,163,0,2
398,2,169,0,2
388,2,175,0,2
378,2,181,0,2
368,2,187,0,2
358,2,193,0,2
348,2,199,0,2
338,2,205,0,2
328,2,211,0,2
318,2,217,0,2
308,2,223,0,2
298,2,229,0,2
288,2,235,0,2
278,2,241,0,2
268,2,247,0,2
258,2,253,0,2
248,2,259,0,2
238,2,265,0,2
228,2,271,0,2
218,2,277,0,2
208,2,283,0,2
198,2,289,0,2
188,2,295,0,2
178,2,301,0,2
168,2,307,0,2
158,2,313,0,2
148,2,319,0,2
138,2,325,0,2
128,2,331,0,2
118,2,337,0,2
108,2,343,0,2
98,2,349,0,2
88,2,355,0,2
78,2,361,0,2
68,2,367,0,2
58,2,373,0,2
48,2,379,0,2
38,2,385,0,2
33,2,391,0,2
33,2,397,0,2
33,2,403,0,2
33,2,409,0,2
33,2,415,0,2
33,2,421,0,2
33,2,427,0,2
33,2,433,0,2
33,2,439,0,2
33,2,445,0,2
33,2,451,0,2
33,2,457,0,2
33,2,463,0,2
33,2,469,0,2
33,2,475,0,2
33,2,481,0,2
33,2,487,0,2
33,2,493,0,2
33,2,499,0,2
33,2,505,0,2
33,2,511,0,2
33,2,517,0,2
33,2,523,0,2
33,2,529,0,2
33,2,535,0,2
33,2,541,0,2
33,2,547,0,2
33,2,553,0,2
33,2,559,0,2
33,2,565,0,2
33,2,571,0,2
340,47,94,20,3
280,23,89,40,3
220,102,86,60,3
160,142,86,50,3
100,176,82,43,3
111,200,82,43,3
55,140,68,64,3
60,180,68,70,3
70,232,68,78,3
50,254,56,89,3
40,286,56,97,3
40,318,56,105,3
20,318,32,122,3
52,342,32,133,3
39,362,24,144,3
26,370,8,155,3
39,390,10,163,3
39,410,12,171,3
39,430,14,179,3
39,450,16,187,3
39,470,18,195,3
39,490,20,203,3
39,510,22,211,3
39,530,24,219,3
39,550,26,227,3
26,558,12,235,3
39,574,14,242,3
39,598,17,250,3
39,622,20,258,3
39,630,6,269,3
39,650,8,271,3
39,670,10,273,3
39,690,12,275,3
39,710,14,277,3
39,730,16,279,3
39,754,19,287,3
39,778,22,295,3
39,802,25,303,3
39,826,28,311,3
39,850,31,319,3
39,874,34,327,3
26,874,4,341,3
26,890,6,345,3
34,898,7,350,3
42,906,8,355,3
46,918,9,361,3
39,934,11,366,3
36,950,13,371,3
30,970,15,376,3
30,990,17,381,3
30,1010,19,386,3
30,1030,21,391,3
30,1050,23,396,3
30,1070,25,401,3
30,1090,27,406,3
30,1110,29,411,3
30,1126,31,415,3
30,1142,33,419,3
30,1158,35,423,3
20,1166,20,430,3
20,1182,22,428,3
20,1198,24,426,3
20,1214,26,424,3
20,1230,28,422,3
20,1226,5,429,3
20,1242,6,424,3
20,1258,7,419,3
20,1274,8,414,3
20,1290,9,409,3
20,1306,10,404,3
25,1314,11,402,3
20,1326,12,398,3
20,1338,13,394,3
20,1350,14,390,3
20,1362,15,386,3
20,1374,16,382,3
20,1386,17,378,3
18,1394,18,375,3
16,1402,19,372,3
14,1410,20,369,3
12,1418,21,366,3
17,1422,21,363,3
15,1430,22,360,3
13,1438,23,357,3
11,1446,24,354,3
10,1454,25,351,3
10,1462,26,348,3
10,1470,27,345,3
10,1478,28,342,3
10,1486,29,339,3
10,1494,30,336,3
10,1502,31,333,3
10,1510,32,330,3
10,1518,33,327,3
10,1526,34,324,3
10,1534,35,321,3
10,1518,3,330,3
10,1526,4,327,3
10,1534,5,324,3
10,1542,6,321,3
340,50,100,20,4
280,46,84,40,4
246,43,134,55,4
212,35,162,70,4
178,33,210,85,4
193,33,238,100,4
174,27,254,121,4
198,27,282,142,4
214,27,314,167,4
147,11,318,202,4
149,11,366,237,4
221,11,434,288,4
273,1,478,371,4
406,1,730,492,4
455,1,1038,630,4
432,1,1324,782,4
432,1,1610,934,4
432,1,1896,1086,4
432,1,2182,1238,4
432,1,2468,1390,4
432,1,2754,1542,4
432,1,3040,1694,4
432,1,3326,1846,4
432,1,3612,1998,4
432,1,3898,2150,4
432,1,4184,2302,4
432,1,4470,2454,4
432,1,4756,2606,4
419,1,5064,2740,4
419,1,5372,2874,4
419,1,5680,3008,4
419,1,5988,3142,4
419,1,6296,3276,4
419,1,6604,3410,4
419,1,6912,3544,4
419,1,7220,3678,4
419,1,7528,3812,4
419,1,7836,3946,4
419,1,8144,4080,4
419,1,8452,4214,4
419,1,8760,4348,4
419,1,9068,4482,4
419,1,9376,4616,4
419,1,9684,4750,4
419,1,9992,4884,4
419,1,10300,5018,4
419,1,10608,5152,4
419,1,10916,5286,4
419,1,11224,5420,4
419,1,11532,5554,4
419,1,11826,5686,4
419,1,12120,5818,4
419,1,12414,5950,4
419,1,12708,6082,4
419,1,13002,6214,4
419,1,13296,6346,4
419,1,13590,6478,4
419,1,13884,6610,4
419,1,14178,6742,4
419,1,14472,6874,4
419,1,14766,7006,4
419,1,15060,7138,4
419,1,15354,7270,4
419,1,15648,7402,4
419,1,15942,7534,4
419,1,16236,7666,4
419,1,16530,7798,4
419,1,16824,7930,4
419,1,17118,8062,4
419,1,17412,8194,4
419,1,17706,8326,4
419,1,18000,8458,4
419,1,18294,8590,4
419,1,18588,8722,4
343,1,18819,8831,4
343,1,19050,8940,4
343,1,19281,9049,4
343,1,19512,9158,4
343,1,19743,9267,4
343,1,19974,9376,4
343,1,20205,9485,4
343,1,20436,9594,4
343,1,20667,9703,4
343,1,20898,9812,4
343,1,21129,9921,4
343,1,21360,10030,4
343,1,21591,10139,4
343,1,21822,10248,4
343,1,22053,10357,4
286,1,22229,10445,4
286,1,22405,10533,4
286,1,22581,10621,4
286,1,22757,10709,4
286,1,22933,10797,4
286,1,23109,10885,4
214,1,23241,10951,4
214,1,23373,11017,4
214,1,23505,11083,4
214,1,23637,11149,4
214,1,23769,11215,4
340,50,100,20,5
318,49,97,32,5
296,47,93,14,5
335,44,87,8,5
337,40,71,14,5
335,34,63,18,5
346,26,49,23,5
375,22,43,26,5
402,22,47,24,5
431,22,51,21,5
460,22,55,18,5
489,22,61,15,5
513,22,69,11,5
440,12,31,30,5
439,12,47,31,5
417,4,45,35,5
395,4,59,27,5
380,4,73,21,5
365,4,87,15,5
350,4,101,9,5
335,4,115,3,5
320,4,129,0,5
305,4,143,0,5
290,4,157,0,5
275,4,171,0,5
260,4,185,0,5
245,4,199,0,5
230,4,213,0,5
215,4,227,0,5
200,4,241,0,5
185,4,255,0,5
170,4,269,0,5
155,4,283,0,5
140,4,297,0,5
125,4,311,0,5
110,4,325,0,5
95,4,339,0,5
80,4,353,0,5
72,4,367,0,5
72,4,381,0,5
72,4,395,0,5
72,4,409,0,5
72,4,423,0,5
72,4,437,0,5
72,4,451,0,5
72,4,465,0,5
72,4,479,0,5
72,4,493,0,5
72,4,507,0,5
72,4,521,0,5
72,4,535,0,5
72,4,549,0,5
72,4,563,0,5
72,4,577,0,5
72,4,591,0,5
72,4,605,0,5
72,4,619,0,5
72,4,633,0,5
72,4,647,0,5
72,4,661,0,5
72,4,675,0,5
72,4,689,0,5
72,4,703,0,5
72,4,717,0,5
72,4,731,0,5
72,4,745,0,5
72,4,759,0,5
72,4,773,0,5
72,4,787,0,5
72,4,801,0,5
72,4,815,0,5
72,4,829,0,5
72,4,843,0,5
72,4,857,0,5
72,4,871,0,5
72,4,885,0,5
72,4,899,0,5
72,4,913,0,5
72,4,927,0,5
72,4,941,0,5
72,4,955,0,5
72,4,969,0,5
72,4,983,0,5
72,4,997,0,5
72,4,1011,0,5
72,4,1025,0,5
72,4,1039,0,5
72,4,1053,0,5
72,4,1067,0,5
72,4,1081,0,5
72,4,1095,0,5
72,4,1109,0,5
72,4,1123,0,5
72,4,1137,0,5
72,4,1151,0,5
72,4,1165,0,5
72,4,1179,0,5
72,4,1193,0,5
72,4,1207,0,5
72,4,1221,0,5
340,47,94,20,6
280,23,89,40,6
254,75,89,53,6
229,127,89,66,6
203,178,86,79,6
178,206,86,74,6
153,228,82,72,6
168,240,74,76,6
164,244,58,76,6
160,256,58,64,6
146,260,42,61,6
132,256,18,61,6
128,268,18,49,6
134,262,6,49,6
151,262,6,33,6
176,262,6,22,6
173,238,1,24,6
190,247,1,17,6
184,256,1,2,6
178,265,1,0,6
172,274,1,0,6
166,283,1,0,6
160,292,1,0,6
154,301,1,0,6
148,310,1,0,6
142,319,1,0,6
136,328,1,0,6
130,337,1,0,6
124,346,1,0,6
118,355,1,0,6
92,367,1,0,6
66,379,1,0,6
40,391,1,0,6
40,403,1,0,6
40,415,1,0,6
40,427,1,0,6
40,439,1,0,6
40,451,1,0,6
40,463,1,0,6
40,475,1,0,6
40,487,1,0,6
40,499,1,0,6
40,511,1,0,6
40,523,1,0,6
40,535,1,0,6
40,547,1,0,6
40,559,1,0,6
40,571,1,0,6
40,583,1,0,6
40,595,1,0,6
40,607,1,0,6
40,619,1,0,6
40,631,1,0,6
40,643,1,0,6
40,655,1,0,6
40,667,1,0,6
40,679,1,0,6
40,691,1,0,6
40,703,1,0,6
40,715,1,0,6
40,727,1,0,6
40,739,1,0,6
40,751,1,0,6
40,763,1,0,6
40,775,1,0,6
40,787,1,0,6
40,799,1,0,6
40,811,1,0,6
40,823,1,0,6
40,835,1,0,6
40,847,1,0,6
40,859,1,0,6
40,871,1,0,6
40,883,1,0,6
40,895,1,0,6
40,907,1,0,6
40,919,1,0,6
40,931,1,0,6
40,943,1,0,6
40,955,1,0,6
40,967,1,0,6
40,979,1,0,6
40,991,1,0,6
40,1003,1,0,6
40,1015,1,0,6
40,1027,1,0,6
40,1039,1,0,6
40,1051,1,0,6
40,1063,1,0,6
40,1075,1,0,6
40,1087,1,0,6
40,1099,1,0,6
40,1111,1,0,6
40,1123,1,0,6
40,1135,1,0,6
40,1147,1,0,6
40,1159,1,0,6
40,1171,1,0,6
50,1171,1,0,6
60,1171,1,0,6
340,26,95,20,7
280,24,91,40,7
220,24,91,60,7
160,24,91,80,7
121,24,91,96,7
82,18,79,112,7
56,6,55,128,7
73,6,55,144,7
62,2,39,160,7
65,2,45,176,7
68,2,51,192,7
71,1,54,208,7
74,1,60,218,7
77,1,66,228,7
83,1,70,234,7
89,1,74,240,7
95,1,78,246,7
101,1,82,252,7
107,1,86,258,7
113,1,90,264,7
119,1,94,270,7
125,1,98,276,7
131,1,102,282,7
137,1,106,288,7
143,1,110,294,7
149,1,114,300,7
155,1,118,306,7
161,1,122,312,7
167,1,126,318,7
173,1,130,324,7
179,1,134,330,7
185,1,138,336,7
200,1,140,342,7
215,1,142,348,7
230,1,144,354,7
245,1,146,360,7
260,1,148,366,7
275,1,150,372,7
290,1,152,378,7
298,1,154,381,7
306,1,156,384,7
316,1,158,386,7
326,1,160,388,7
336,1,162,390,7
346,1,164,392,7
356,1,166,394,7
366,1,168,396,7
376,1,170,398,7
386,1,172,400,7
396,1,174,402,7
406,1,176,404,7
416,1,178,406,7
426,1,180,408,7
436,1,182,410,7
446,1,184,412,7
456,1,186,414,7
466,1,188,416,7
476,1,190,418,7
486,1,192,420,7
496,1,194,422,7
506,1,196,424,7
516,1,198,426,7
526,1,200,428,7
536,1,202,430,7
546,1,204,432,7
556,1,206,434,7
566,1,208,436,7
576,1,210,438,7
586,1,212,440,7
596,1,214,442,7
606,1,216,444,7
616,1,218,446,7
626,1,220,448,7
636,1,222,450,7
646,1,224,452,7
656,1,226,454,7
666,1,228,456,7
676,1,230,458,7
686,1,232,460,7
696,1,234,462,7
706,1,236,464,7
716,1,238,466,7
726,1,240,468,7
736,1,242,470,7
746,1,244,472,7
756,1,246,474,7
766,1,248,476,7
776,1,250,478,7
786,1,252,480,7
796,1,254,482,7
806,1,256,484,7
817,1,258,488,7
828,1,260,492,7
839,1,262,496,7
850,1,264,500,7
861,1,266,504,7
872,1,268,508,7
884,1,268,511,7
896,1,268,514,7
908,1,268,517,7
340,50,100,20,8
280,26,95,40,8
220,105,92,60,8
160,137,84,53,8
100,149,68,49,8
40,169,68,39,8
0,177,52,35,8
0,187,48,29,8
6,192,42,26,8
6,200,42,20,8
6,208,42,14,8
6,200,26,14,8
3,176,21,20,8
6,184,21,14,8
6,192,21,7,8
6,200,21,0,8
6,208,21,0,8
6,216,21,0,8
6,224,21,0,8
6,232,21,0,8
6,240,21,0,8
6,248,21,0,8
3,246,9,2,8
24,254,9,0,8
24,262,9,0,8
24,270,9,0,8
24,278,9,0,8
24,286,9,0,8
24,294,9,0,8
24,302,9,0,8
24,310,9,0,8
24,318,9,0,8
24,326,9,0,8
24,334,9,0,8
24,342,9,0,8
24,350,9,0,8
24,358,9,0,8
24,366,9,0,8
24,374,9,0,8
24,382,9,0,8
24,390,9,0,8
24,398,9,0,8
24,406,9,0,8
24,414,9,0,8
24,422,9,0,8
24,430,9,0,8
24,438,9,0,8
24,446,9,0,8
24,454,9,0,8
24,462,9,0,8
24,470,9,0,8
24,478,9,0,8
24,486,9,0,8
24,494,9,0,8
24,502,9,0,8
24,510,9,0,8
24,518,9,0,8
24,526,9,0,8
24,534,9,0,8
24,542,9,0,8
24,550,9,0,8
24,558,9,0,8
24,566,9,0,8
24,574,9,0,8
24,582,9,0,8
24,590,9,0,8
24,598,9,0,8
24,606,9,0,8
24,614,9,0,8
24,622,9,0,8
24,630,9,0,8
24,638,9,0,8
24,646,9,0,8
24,654,9,0,8
24,662,9,0,8
24,670,9,0,8
24,678,9,0,8
24,686,9,0,8
24,694,9,0,8
24,702,9,0,8
24,710,9,0,8
24,718,9,0,8
24,726,9,0,8
24,734,9,0,8
24,742,9,0,8
24,750,9,0,8
24,758,9,0,8
24,766,9,0,8
24,774,9,0,8
24,782,9,0,8
24,790,9,0,8
24,798,9,0,8
24,806,9,0,8
24,814,9,0,8
24,822,9,0,8
24,830,9,0,8
24,838,9,0,8
24,846,9,0,8
24,854,9,0,8
24,862,9,0,8
340,48,96,20,9
470,45,90,40,9
550,39,78,60,9
536,15,73,90,9
488,11,57,120,9
440,11,64,150,9
337,1,26,180,9
268,1,44,210,9
199,1,62,240,9
130,1,80,270,9
66,1,98,300,9
66,1,116,330,9
66,1,134,360,9
66,1,152,390,9
66,1,170,420,9
66,1,188,450,9
66,1,206,480,9
66,1,224,510,9
66,1,242,540,9
66,1,260,570,9
66,1,278,600,9
66,1,296,630,9
66,1,314,660,9
66,1,332,690,9
55,1,347,715,9
55,1,362,740,9
50,1,373,756,9
45,1,384,772,9
40,1,395,788,9
35,1,406,804,9
33,1,417,820,9
33,1,428,836,9
33,1,439,852,9
33,1,450,868,9
33,1,461,884,9
33,1,472,900,9
40,1,478,910,9
47,1,484,920,9
54,1,490,930,9
61,1,496,940,9
68,1,502,950,9
74,1,507,956,9
80,1,512,962,9
86,1,517,968,9
93,1,520,973,9
100,1,523,978,9
107,1,526,983,9
114,1,529,988,9
121,1,532,993,9
128,1,535,998,9
135,1,538,1003,9
142,1,541,1008,9
149,1,544,1013,9
156,1,547,1018,9
163,1,550,1023,9
170,1,553,1028,9
177,1,556,1033,9
184,1,559,1038,9
191,1,562,1043,9
198,1,565,1048,9
205,1,568,1053,9
212,1,571,1058,9
219,1,574,1063,9
226,1,577,1068,9
233,1,580,1073,9
240,1,583,1078,9
247,1,586,1083,9
254,1,589,1088,9
261,1,592,1093,9
268,1,595,1098,9
275,1,598,1103,9
282,1,601,1108,9
289,1,604,1113,9
296,1,607,1118,9
303,1,610,1123,9
310,1,613,1128,9
317,1,616,1133,9
324,1,619,1138,9
332,1,622,1142,9
340,1,625,1146,9
348,1,628,1150,9
356,1,631,1154,9
364,1,634,1158,9
372,1,637,1162,9
380,1,640,1166,9
388,1,643,1170,9
396,1,646,1174,9
404,1,649,1178,9
412,1,652,1182,9
420,1,655,1186,9
428,1,658,1190,9
436,1,661,1194,9
444,1,664,1198,9
452,1,667,1202,9
460,1,670,1206,9
468,1,673,1210,9
476,1,676,1214,9
484,1,679,1218,9
492,1,682,1222,9
500,1,685,1226,9
340,48,96,20,10
300,48,96,40,10
259,45,90,60,10
219,45,90,80,10
171,41,74,100,10
121,40,71,120,10
67,36,63,122,10
10,30,51,121,10
56,30,51,117,10
56,22,35,117,10
56,22,35,105,10
56,22,35,93,10
44,22,35,82,10
42,22,35,71,10
41,14,19,69,10
42,14,19,58,10
56,14,19,44,10
70,14,19,29,10
83,14,19,10,10
98,14,19,0,10
112,14,19,0,10
153,14,19,0,10
181,14,19,0,10
224,14,19,0,10
284,14,27,0,10
284,14,35,0,10
266,2,19,0,10
413,2,27,0,10
477,2,35,0,10
481,2,43,0,10
485,2,51,0,10
496,2,59,0,10
496,2,67,0,10
496,2,75,0,10
496,2,83,0,10
496,2,91,0,10
496,2,99,0,10
496,2,107,0,10
496,2,115,0,10
496,2,123,0,10
496,2,131,0,10
496,2,139,0,10
496,2,147,0,10
496,2,155,0,10
496,2,163,0,10
496,2,171,0,10
496,2,179,0,10
496,2,187,0,10
496,2,195,0,10
496,2,203,0,10
496,2,211,0,10
496,2,219,0,10
496,2,227,0,10
496,2,235,0,10
496,2,243,0,10
496,2,251,0,10
496,2,259,0,10
496,2,267,0,10
496,2,275,0,10
496,2,283,0,10
496,2,291,0,10
496,2,299,0,10
496,2,307,0,10
496,2,315,0,10
496,2,323,0,10
496,2,331,0,10
496,2,339,0,10
496,2,347,0,10
496,2,355,0,10
496,2,363,0,10
496,2,371,0,10
496,2,379,0,10
496,2,387,0,10
496,2,395,0,10
496,2,403,0,10
496,2,411,0,10
496,2,419,0,10
496,2,427,0,10
496,2,435,0,10
496,2,443,0,10
496,2,451,0,10
496,2,459,0,10
496,2,467,0,10
496,2,475,0,10
496,2,483,0,10
283,2,493,0,10
283,2,503,0,10
306,2,515,0,10
312,2,527,0,10
260,2,537,0,10
260,2,547,0,10
260,2,557,0,10
260,2,567,0,10
260,2,577,0,10
260,2,587,0,10
260,2,597,0,10
260,2,607,0,10
260,2,617,0,10
260,2,627,0,10
260,2,637,0,10
340,46,84,20,11
280,43,97,40,11
225,43,116,59,11
171,41,129,78,11
154,40,136,97,11
124,40,143,98,11
110,40,148,98,11
90,34,139,107,11
84,34,143,113,11
78,34,147,119,11
65,30,143,125,11
45,22,130,128,11
28,22,133,122,11
17,22,136,116,11
17,22,139,110,11
17,22,142,104,11
17,22,145,98,11
17,19,142,95,11
10,7,120,98,11
14,7,123,89,11
14,7,125,83,11
14,7,127,77,11
14,7,129,71,11
14,7,131,65,11
14,7,133,59,11
14,7,135,53,11
14,7,137,47,11
8,7,139,41,11
7,7,141,35,11
7,7,143,29,11
7,7,145,23,11
7,7,147,17,11
7,7,149,11,11
7,7,151,5,11
7,7,153,0,11
7,7,155,0,11
7,7,157,0,11
7,7,159,0,11
7,7,161,0,11
7,7,163,0,11
7,7,165,0,11
7,7,167,0,11
7,7,169,0,11
7,7,171,0,11
7,7,173,0,11
7,7,175,0,11
7,7,177,0,11
7,7,179,0,11
7,7,181,0,11
7,7,183,0,11
7,7,185,0,11
7,7,187,0,11
7,7,189,0,11
7,7,191,0,11
7,7,193,0,11
7,7,195,0,11
7,7,197,0,11
7,7,199,0,11
7,7,201,0,11
7,7,203,0,11
10,7,205,0,11
10,7,207,0,11
8,7,209,0,11
8,7,211,0,11
8,7,213,0,11
8,7,215,0,11
8,7,217,0,11
8,7,219,0,11
8,7,221,0,11
0,1,210,3,11
16,1,212,1,11
31,1,214,0,11
44,1,216,0,11
57,1,218,0,11
70,1,220,0,11
83,1,223,0,11
96,1,226,0,11
114,1,229,0,11
132,1,232,0,11
146,1,235,0,11
157,1,239,0,11
168,1,243,0,11
165,1,248,0,11
162,1,253,0,11
159,1,258,0,11
184,1,258,0,11
198,1,258,0,11
200,1,258,0,11
189,1,258,0,11
178,1,258,0,11
167,1,258,0,11
156,1,258,0,11
145,1,258,0,11
134,1,258,0,11
124,1,258,0,11
124,1,258,0,11
124,1,258,0,11
124,1,258,0,11
124,1,258,0,11
124,1,258,0,11
340,49,97,20,12
280,49,97,0,12
220,45,89,0,12
160,21,84,0,12
100,35,84,0,12
40,44,78,0,12
0,46,62,0,12
0,54,62,0,12
0,46,38,0,12
0,50,38,0,12
0,54,38,0,12
0,54,34,0,12
7,56,34,0,12
10,48,18,5,12
17,50,18,0,12
24,52,18,0,12
28,54,18,0,12
24,58,18,0,12
14,54,6,1,12
40,58,6,0,12
60,62,6,0,12
73,68,6,0,12
80,76,6,0,12
100,86,6,0,12
140,98,6,0,12
167,114,6,0,12
220,134,6,0,12
260,160,6,0,12
320,190,6,0,12
392,226,6,0,12
431,262,6,0,12
505,298,6,0,12
510,334,6,0,12
515,379,6,0,12
520,424,6,0,12
520,464,6,0,12
520,504,6,0,12
520,544,6,0,12
520,584,6,0,12
520,624,6,0,12
520,664,6,0,12
520,704,6,0,12
520,744,6,0,12
520,784,6,0,12
520,824,6,0,12
520,864,6,0,12
520,904,6,0,12
520,944,6,0,12
520,984,6,0,12
520,1024,6,0,12
520,1064,6,0,12
520,1104,6,0,12
520,1144,6,0,12
520,1184,6,0,12
520,1224,6,0,12
520,1264,6,0,12
520,1304,6,0,12
520,1344,6,0,12
520,1384,6,0,12
520,1424,6,0,12
557,1474,6,1,12
636,1524,6,10,12
476,1594,6,0,12
476,1664,6,0,12
476,1734,6,0,12
476,1804,6,0,12
476,1874,6,0,12
476,1944,6,0,12
476,2014,6,0,12
476,2084,6,0,12
476,2154,6,0,12
476,2224,6,0,12
476,2294,6,0,12
476,2364,6,0,12
476,2434,6,0,12
476,2504,6,0,12
476,2574,6,0,12
476,2644,6,0,12
476,2714,6,0,12
476,2784,6,0,12
476,2854,6,0,12
476,2924,6,0,12
476,2994,6,0,12
476,3064,6,0,12
476,3134,6,0,12
476,3204,6,0,12
476,3274,6,0,12
476,3344,6,0,12
476,3414,6,0,12
476,3484,6,0,12
476,3554,6,0,12
476,3624,6,0,12
476,3694,6,0,12
476,3764,6,0,12
476,3834,6,0,12
476,3904,6,0,12
476,3974,6,0,12
476,4044,6,0,12
476,4114,6,0,12
476,4184,6,0,12
340,47,94,20,13
280,39,78,40,13
220,38,75,60,13
160,36,71,26,13
170,30,59,25,13
224,22,43,31,13
298,22,43,33,13
248,18,27,41,13
219,6,7,59,13
265,6,13,71,13
304,6,19,83,13
350,6,25,95,13
371,6,32,108,13
319,2,33,129,13
228,2,41,129,13
213,2,49,129,13
213,2,57,129,13
213,2,65,129,13
213,2,73,129,13
224,2,78,130,13
204,2,84,130,13
184,2,90,130,13
174,2,96,130,13
174,2,102,130,13
174,2,108,130,13
174,2,114,130,13
174,2,120,130,13
174,2,126,130,13
174,2,132,130,13
174,2,138,130,13
174,2,144,130,13
174,2,150,130,13
199,2,155,132,13
210,2,160,133,13
184,2,167,133,13
185,2,173,135,13
177,2,179,136,13
169,2,185,137,13
165,2,191,138,13
165,2,197,139,13
165,2,203,140,13
165,2,209,141,13
196,2,213,141,13
226,2,217,141,13
244,2,222,142,13
245,2,228,144,13
203,2,235,144,13
203,2,242,144,13
203,2,249,144,13
203,2,256,144,13
203,2,263,144,13
203,2,270,144,13
203,2,277,144,13
184,2,283,145,13
184,2,289,146,13
184,2,295,147,13
184,2,301,148,13
184,2,307,149,13
184,2,313,150,13
176,2,319,150,13
168,2,325,150,13
160,2,331,150,13
155,2,337,150,13
155,2,343,150,13
155,2,349,150,13
155,2,355,150,13
155,2,361,150,13
172,2,366,150,13
164,2,372,150,13
156,2,378,150,13
155,2,384,150,13
180,2,389,152,13
191,2,394,153,13
184,2,400,154,13
184,2,406,155,13
184,2,412,156,13
184,2,418,157,13
184,2,424,158,13
214,2,428,158,13
224,2,433,157,13
204,2,439,157,13
184,2,445,157,13
174,2,451,157,13
174,2,457,157,13
174,2,463,157,13
174,2,469,157,13
174,2,475,157,13
174,2,481,157,13
174,2,487,157,13
174,2,493,157,13
174,2,499,157,13
174,2,505,157,13
174,2,511,157,13
174,2,517,157,13
174,2,523,157,13
174,2,529,157,13
174,2,535,157,13
174,2,541,157,13
174,2,547,157,13
174,2,553,157,13
340,46,84,20,14
280,45,121,40,14
220,45,141,30,14
165,43,153,22,14
111,39,155,23,14
56,15,154,24,14
1,15,154,19,14
0,10,144,20,14
0,12,148,11,14
0,14,152,5,14
0,15,154,0,14
0,9,142,4,14
10,10,142,1,14
12,11,142,0,14
14,12,142,0,14
16,13,142,0,14
8,1,118,4,14
11,2,118,0,14
11,3,118,0,14
11,4,118,0,14
11,5,118,0,14
11,6,118,0,14
11,7,118,0,14
11,8,118,0,14
11,9,118,0,14
1,1,102,0,14
10,2,102,0,14
10,3,102,0,14
10,4,102,0,14
10,5,102,0,14
10,6,102,0,14
10,7,102,0,14
10,8,102,0,14
10,9,102,0,14
10,10,102,0,14
10,11,102,0,14
10,12,102,0,14
10,13,102,0,14
0,1,78,3,14
10,2,78,0,14
10,3,78,0,14
10,4,78,0,14
10,5,78,0,14
10,6,78,0,14
10,7,78,0,14
10,8,78,0,14
10,9,78,0,14
10,10,78,0,14
10,11,78,0,14
10,12,78,0,14
10,13,78,0,14
10,14,78,0,14
10,15,78,0,14
10,16,78,0,14
10,17,78,0,14
10,18,78,0,14
10,19,78,0,14
10,20,78,0,14
10,21,78,0,14
10,22,78,0,14
10,23,78,0,14
10,24,78,0,14
10,25,78,0,14
10,26,78,0,14
10,27,78,0,14
10,28,78,0,14
10,29,78,0,14
10,30,78,0,14
10,31,78,0,14
10,32,78,0,14
10,33,78,0,14
10,34,78,0,14
10,35,78,0,14
10,36,78,0,14
10,37,78,0,14
10,38,78,0,14
10,39,78,0,14
10,40,78,0,14
10,41,78,0,14
10,42,78,0,14
10,43,78,0,14
10,44,78,0,14
10,45,78,0,14
10,46,78,0,14
10,47,78,0,14
10,48,78,0,14
10,49,78,0,14
10,50,78,0,14
10,51,78,0,14
10,52,78,0,14
10,53,78,0,14
10,54,78,0,14
10,55,78,0,14
10,56,78,0,14
10,57,78,0,14
10,58,78,0,14
10,59,78,0,14
10,60,78,0,14
10,61,78,0,14
10,62,78,0,14
340,26,95,20,15
280,22,79,40,15
220,22,119,60,15
160,21,156,80,15
100,21,184,79,15
40,19,204,81,15
65,19,224,86,15
70,16,238,91,15
75,16,258,96,15
93,16,274,99,15
92,16,298,105,15
104,8,282,108,15
107,4,274,110,15
117,4,274,91,15
169,4,274,64,15
234,4,274,29,15
286,4,274,0,15
378,4,274,0,15
384,4,274,0,15
455,4,274,0,15
462,4,274,0,15
536,4,274,0,15
476,4,274,0,15
476,4,274,0,15
476,4,274,0,15
476,4,274,0,15
476,4,274,0,15
476,4,274,0,15
476,4,274,0,15
476,4,274,0,15
476,4,274,0,15
476,4,274,0,15
476,4,274,0,15
476,4,274,0,15
476,4,274,0,15
476,4,274,0,15
476,4,274,0,15
476,4,274,0,15
476,4,274,0,15
476,4,274,0,15
476,4,274,0,15
476,4,274,0,15
476,4,274,0,15
476,4,274,0,15
476,4,274,0,15
476,4,274,0,15
476,4,274,0,15
476,4,274,0,15
476,4,274,0,15
476,4,274,0,15
476,4,274,0,15
476,4,274,0,15
476,4,274,0,15
476,4,274,0,15
476,4,274,0,15
476,4,274,0,15
476,4,274,0,15
476,4,274,0,15
476,4,274,0,15
476,4,274,0,15
476,4,274,0,15
476,4,274,0,15
476,4,274,0,15
476,4,274,0,15
476,4,274,0,15
476,4,274,0,15
476,4,274,0,15
476,4,274,0,15
476,4,274,0,15
476,4,274,0,15
476,4,274,0,15
476,4,274,0,15
476,4,274,0,15
476,4,274,0,15
476,4,274,0,15
476,4,274,0,15
476,4,274,0,15
476,4,274,0,15
476,4,274,0,15
476,4,274,0,15
476,4,274,0,15
476,4,274,0,15
476,4,274,0,15
476,4,274,0,15
476,4,274,0,15
476,4,274,0,15
476,4,274,0,15
476,4,274,0,15
476,4,274,0,15
476,4,274,0,15
476,4,274,0,15
476,4,274,0,15
476,4,274,0,15
476,4,274,0,15
476,4,274,0,15
476,4,274,0,15
476,4,274,0,15
476,4,274,0,15
476,4,274,0,15
476,4,274,0,15
340,50,100,20,16
280,26,95,40,16
220,42,89,60,16
160,50,73,80,16
100,69,70,100,16
40,79,70,90,16
0,89,70,80,16
0,96,70,71,16
0,100,70,65,16
0,103,70,60,16
0,103,66,60,16
18,104,66,59,16
30,106,66,59,16
42,108,66,59,16
29,92,34,65,16
26,87,22,71,16
36,89,22,72,16
48,91,22,73,16
53,94,22,76,16
40,91,6,85,16
45,93,6,88,16
48,95,6,92,16
49,98,6,96,16
41,101,6,101,16
36,104,6,106,16
36,107,6,111,16
29,110,6,117,16
27,113,6,123,16
27,116,6,129,16
27,119,6,135,16
27,122,6,141,16
27,125,6,147,16
27,128,6,153,16
27,131,6,159,16
27,134,6,165,16
28,137,6,169,16
36,141,6,177,16
54,146,6,186,16
63,153,6,198,16
81,162,6,216,16
108,174,6,238,16
153,191,6,271,16
210,211,14,313,16
215,231,24,362,16
210,187,18,420,16
168,209,26,472,16
168,231,34,524,16
153,227,26,523,16
164,233,32,520,16
144,221,8,529,16
285,221,8,541,16
392,227,16,597,16
384,173,8,667,16
400,191,16,733,16
400,209,24,801,16
400,227,32,869,16
400,245,40,937,16
400,263,48,1005,16
343,263,18,1090,16
420,281,24,1172,16
467,299,30,1260,16
467,317,36,1336,16
467,335,42,1412,16
467,353,48,1488,16
357,357,14,1578,16
366,375,83,1668,16
430,393,155,1762,16
287,384,119,1869,16
375,398,211,1967,16
342,386,239,2069,16
447,374,267,2171,16
452,354,281,2278,16
456,336,253,2390,16
456,236,229,2510,16
482,260,235,2627,16
523,282,241,2730,16
461,292,207,2839,16
461,272,133,2948,16
309,108,91,3072,16
461,181,55,3195,16
374,271,73,3323,16
374,335,83,3451,16
156,123,31,3565,16
366,187,49,3647,16
366,243,51,3732,16
366,303,69,3789,16
366,363,87,3846,16
366,423,105,3903,16
357,471,99,3974,16
192,457,8,4018,16
273,509,24,4041,16
273,561,42,4069,16
273,613,60,4097,16
72,385,6,4185,16
273,451,22,4213,16
179,495,27,4240,16
179,539,32,4267,16
179,583,37,4294,16
179,627,42,4321,16
179,671,47,4348,16
340,48,96,20,17
394,45,90,40,17
448,44,87,54,17
435,36,71,51,17
368,20,39,33,17
302,20,39,0,17
236,16,23,0,17
170,16,67,0,17
104,16,111,0,17
38,14,147,0,17
28,14,175,0,17
28,14,203,0,17
0,4,167,21,17
16,4,199,25,17
20,4,239,32,17
24,4,295,40,17
36,4,367,49,17
56,4,483,64,17
88,4,659,86,17
154,4,925,124,17
105,4,1141,161,17
105,4,1357,198,17
76,4,1513,218,17
76,4,1669,238,17
76,4,1825,258,17
76,4,1981,278,17
76,4,2137,298,17
76,4,2293,318,17
76,4,2449,338,17
76,4,2605,358,17
76,4,2761,378,17
76,4,2917,398,17
76,4,3073,418,17
76,4,3229,438,17
76,4,3385,458,17
76,4,3541,478,17
76,4,3697,498,17
76,4,3853,518,17
76,4,4009,538,17
76,4,4165,558,17
76,4,4321,578,17
76,4,4477,598,17
76,4,4633,618,17
76,4,4789,638,17
76,4,4945,658,17
76,4,5101,678,17
76,4,5257,698,17
76,4,5413,718,17
76,4,5569,738,17
56,4,5689,754,17
56,4,5809,770,17
56,4,5929,786,17
56,4,6049,802,17
56,4,6169,818,17
56,4,6289,834,17
56,4,6409,850,17
56,4,6529,866,17
56,4,6649,882,17
56,4,6769,898,17
56,4,6889,914,17
56,4,7009,930,17
56,4,7129,946,17
56,4,7249,962,17
56,4,7369,978,17
56,4,7489,994,17
56,4,7609,1010,17
56,4,7729,1026,17
56,4,7849,1042,17
44,4,7937,1053,17
44,4,8025,1064,17
44,4,8113,1075,17
44,4,8201,1086,17
44,4,8289,1097,17
44,4,8377,1108,17
32,4,8441,1118,17
32,4,8505,1128,17
20,4,8553,1135,17
20,4,8601,1142,17
20,4,8649,1149,17
20,4,8697,1156,17
20,4,8745,1163,17
20,4,8793,1170,17
20,4,8841,1177,17
20,4,8885,1183,17
20,4,8929,1189,17
20,4,8973,1195,17
20,4,9017,1201,17
20,4,9061,1207,17
12,4,9089,1211,17
12,4,9117,1215,17
12,4,9145,1219,17
12,4,9173,1223,17
12,4,9201,1227,17
12,4,9229,1231,17
12,4,9257,1235,17
12,4,9285,1239,17
12,4,9313,1243,17
12,4,9341,1247,17
12,4,9369,1251,17
12,4,9397,1255,17
340,50,100,20,18
280,48,96,40,18
328,44,80,60,18
358,44,100,80,18
388,44,120,100,18
382,20,127,120,18
376,41,135,140,18
379,64,146,160,18
346,88,158,166,18
268,32,146,187,18
217,48,148,196,18
157,55,140,199,18
97,62,132,202,18
37,61,114,205,18
12,60,106,208,18
25,70,110,205,18
16,59,80,210,18
25,69,84,203,18
32,79,88,193,18
32,89,94,182,18
32,99,100,171,18
9,92,78,181,18
0,74,44,200,18
9,63,14,206,18
46,68,18,199,18
46,78,22,194,18
46,88,26,189,18
46,98,30,184,18
46,108,34,179,18
46,118,38,174,18
46,128,42,169,18
18,113,4,176,18
46,119,8,168,18
46,129,12,161,18
46,139,16,154,18
46,149,20,147,18
46,159,24,140,18
46,169,28,133,18
46,179,32,126,18
46,189,36,119,18
46,199,40,112,18
37,188,10,117,18
46,198,14,110,18
55,208,18,102,18
74,218,22,94,18
74,228,28,83,18
74,238,34,72,18
74,248,40,61,18
74,258,46,50,18
74,268,52,39,18
74,278,58,28,18
9,273,20,44,18
74,283,32,36,18
83,294,46,25,18
83,309,60,13,18
83,324,74,1,18
30,305,32,22,18
83,315,46,13,18
83,330,64,5,18
67,316,28,12,18
83,331,46,4,18
120,351,66,0,18
46,236,46,40,18
148,256,72,35,18
148,244,32,47,18
185,269,64,41,18
231,300,102,33,18
194,306,54,66,18
218,362,111,57,18
217,377,111,51,18
222,377,87,63,18
244,409,77,35,18
244,437,59,10,18
353,495,97,0,18
238,487,43,0,18
306,523,63,0,18
306,581,83,0,18
350,629,62,0,18
307,687,82,0,18
307,745,102,0,18
254,655,93,4,18
270,715,113,0,18
317,743,87,0,18
259,737,34,0,18
275,799,54,0,18
328,861,74,0,18
328,923,94,0,18
269,918,42,0,18
275,957,62,0,18
276,996,82,0,18
270,987,22,0,18
277,1049,42,0,18
331,1111,62,0,18
334,1173,82,0,18
337,1235,124,0,18
277,1257,64,0,18
384,1319,106,0,18
384,1381,148,0,18
384,1443,190,0,18
264,1301,167,0,18
340,50,100,20,19
280,49,97,40,19
220,47,93,6,19
236,44,87,26,19
216,44,87,57,19
164,40,71,88,19
136,34,59,119,19
102,10,54,150,19
102,41,51,181,19
46,45,27,200,19
109,65,27,216,19
35,13,13,241,19
88,33,13,260,19
88,45,5,279,19
77,61,5,286,19
77,77,5,293,19
77,93,5,300,19
77,109,5,307,19
56,121,5,312,19
56,133,5,317,19
60,141,5,321,19
60,149,5,325,19
60,157,5,329,19
60,165,5,333,19
60,173,5,337,19
60,181,5,341,19
60,189,5,345,19
60,197,5,349,19
60,205,5,353,19
60,213,5,357,19
60,221,5,361,19
60,229,5,365,19
60,237,5,369,19
60,245,5,373,19
60,253,5,377,19
60,261,5,381,19
60,269,5,385,19
60,277,5,389,19
60,285,5,393,19
60,293,5,397,19
60,301,5,401,19
60,309,5,405,19
60,317,5,409,19
60,325,5,413,19
60,333,5,417,19
60,341,5,421,19
60,349,5,425,19
60,357,5,429,19
60,365,5,433,19
60,373,5,437,19
60,381,5,441,19
70,389,5,442,19
80,397,5,443,19
90,405,5,444,19
100,413,5,445,19
115,417,5,447,19
130,421,5,449,19
145,425,5,451,19
160,429,5,453,19
175,433,5,455,19
190,437,5,457,19
205,441,5,459,19
220,445,5,461,19
235,449,5,463,19
250,453,5,465,19
265,457,5,467,19
280,461,5,469,19
295,465,5,471,19
310,469,5,473,19
325,473,5,475,19
340,477,5,477,19
355,481,5,479,19
370,485,5,481,19
385,489,5,483,19
400,493,5,485,19
415,497,5,487,19
430,501,5,489,19
445,505,5,491,19
460,509,5,493,19
475,513,5,495,19
490,517,5,497,19
505,521,5,499,19
520,525,5,501,19
535,529,5,503,19
550,533,5,505,19
565,537,5,507,19
580,541,5,509,19
589,545,5,509,19
598,549,5,509,19
607,553,5,509,19
616,557,5,509,19
625,561,5,509,19
627,565,5,510,19
639,569,5,511,19
651,573,5,512,19
663,577,5,513,19
675,581,5,514,19
687,585,5,515,19
699,589,5,516,19
711,593,5,517,19
340,48,96,20,20
451,45,90,40,20
571,44,87,60,20
515,20,82,54,20
450,42,82,54,20
385,64,82,54,20
257,14,68,75,20
147,42,52,90,20
54,77,76,102,20
54,112,100,114,20
54,140,116,129,20
36,157,120,132,20
36,171,124,132,20
10,171,92,153,20
40,193,108,162,20
31,213,124,168,20
31,233,140,174,20
30,242,136,183,20
30,259,148,180,20
20,257,132,192,20
60,272,144,195,20
40,275,128,195,20
50,282,124,195,20
60,297,136,189,20
60,314,148,184,20
40,310,124,185,20
51,325,136,174,20
60,340,148,162,20
20,335,112,180,20
40,329,90,186,20
51,344,105,184,20
60,361,120,182,20
70,381,140,178,20
20,368,65,218,20
90,393,97,219,20
30,283,81,257,20
80,299,69,259,20
110,347,94,251,20
100,375,79,252,20
20,211,42,307,20
100,253,67,290,20
120,306,97,271,20
110,336,90,270,20
152,360,71,269,20
168,430,96,257,20
125,450,40,284,20
169,520,82,275,20
170,590,124,269,20
54,371,84,342,20
27,82,22,439,20
135,172,64,434,20
133,238,57,459,20
136,348,99,470,20
135,402,73,519,20
179,512,96,534,20
140,570,55,567,20
180,700,79,586,20
181,830,120,612,20
140,890,83,658,20
141,948,34,737,20
198,1078,84,786,20
158,1151,37,839,20
162,1248,71,885,20
198,1358,64,941,20
163,1455,98,979,20
163,1552,132,1017,20
157,1598,92,1077,20
163,1683,126,1130,20
58,1349,54,1260,20
164,1456,88,1318,20
163,1539,74,1397,20
165,1647,108,1446,20
166,1769,143,1503,20
165,1849,121,1578,20
159,1913,70,1646,20
220,2023,105,1706,20
210,2082,43,1770,20
221,2195,78,1819,20
224,2321,113,1875,20
220,2399,84,1950,20
220,2473,47,2010,20
224,2586,82,2040,20
224,2712,117,2079,20
79,2335,25,2217,20
224,2466,42,2256,20
232,2617,60,2275,20
224,2768,78,2283,20
214,2886,95,2317,20
214,3004,112,2351,20
214,3122,129,2385,20
199,3190,61,2429,20
245,3308,78,2463,20
248,3426,95,2503,20
248,3544,112,2531,20
230,3624,49,2604,20
248,3742,87,2647,20
248,3860,125,2683,20
230,3912,46,2764,20
248,4030,84,2800,20
256,4163,123,2832,20
340,50,100,20,21
280,49,97,40,21
220,45,89,6,21
160,21,84,0,21
100,29,68,0,21
40,44,83,0,21
0,54,91,0,21
0,52,81,0,21
0,58,87,0,21
0,46,63,0,21
0,46,60,0,21
0,49,63,0,21
0,52,66,0,21
0,55,66,0,21
0,55,66,0,21
0,55,66,0,21
0,55,66,0,21
340,48,96,20,22
460,48,96,40,22
580,47,93,60,22
574,43,77,62,22
568,43,84,61,22
562,43,91,60,22
538,19,90,68,22
514,26,89,73,22
499,36,94,78,22
484,46,99,83,22
460,50,96,88,22
436,58,100,84,22
412,66,104,80,22
388,74,108,76,22
364,82,112,72,22
322,82,103,74,22
301,88,107,73,22
280,94,111,72,22
259,100,115,71,22
238,106,119,70,22
204,104,106,72,22
174,110,109,65,22
140,102,87,67,22
106,106,90,54,22
72,110,93,41,22
23,100,70,47,22
28,104,72,41,22
28,108,74,35,22
28,112,76,29,22
28,116,78,23,22
19,117,74,17,22
28,121,76,11,22
28,125,78,5,22
14,121,64,2,22
14,107,34,8,22
28,111,36,2,22
28,115,39,0,22
0,97,4,15,22
14,101,6,10,22
28,105,9,7,22
28,109,12,1,22
28,113,15,0,22
28,117,18,0,22
28,121,21,0,22
28,125,24,0,22
0,65,11,18,22
14,75,13,15,22
14,80,15,10,22
14,85,17,5,22
14,90,19,0,22
14,95,21,0,22
14,100,23,0,22
14,105,25,0,22
14,110,27,0,22
14,115,29,0,22
14,120,31,0,22
14,125,33,0,22
14,130,35,0,22
14,135,37,0,22
14,140,39,0,22
14,145,41,0,22
14,150,43,0,22
14,155,45,0,22
0,144,14,4,22
14,149,15,1,22
14,154,17,0,22
14,159,19,0,22
14,164,21,0,22
14,169,23,0,22
14,174,25,0,22
14,179,27,0,22
14,184,29,0,22
14,189,31,0,22
14,194,33,0,22
14,199,35,0,22
14,204,37,0,22
14,209,39,0,22
14,214,41,0,22
14,219,43,0,22
14,224,45,0,22
0,204,6,6,22
5,209,7,0,22
14,214,9,0,22
14,219,11,0,22
14,224,13,0,22
14,229,15,0,22
14,234,17,0,22
14,239,19,0,22
14,244,21,0,22
14,249,23,0,22
14,254,25,0,22
14,259,27,0,22
14,264,29,0,22
14,269,31,0,22
14,274,33,0,22
14,279,35,0,22
14,284,37,0,22
14,289,39,0,22
14,294,41,0,22
14,299,43,0,22
340,50,100,20,23
280,49,97,40,23
225,45,89,8,23
171,45,89,0,23
117,21,84,0,23
63,31,80,0,23
49,31,68,1,23
40,39,68,0,23
0,49,68,0,23
0,54,62,0,23
0,50,46,0,23
0,44,30,0,23
0,48,30,0,23
0,50,30,0,23
0,52,30,0,23
0,54,30,0,23
0,56,30,0,23
0,58,30,0,23
0,58,30,0,23
340,49,97,20,24
280,49,97,40,24
220,45,81,60,24
160,42,132,80,24
100,42,192,100,24
40,40,242,120,24
18,16,255,140,24
12,20,258,160,24
35,30,273,180,24
35,34,272,205,24
28,28,252,230,24
21,24,237,255,24
16,16,200,280,24
64,26,228,305,24
32,14,206,336,24
114,24,238,367,24
156,36,280,409,24
62,22,214,465,24
182,36,270,521,24
140,24,263,588,24
234,40,324,655,24
243,32,340,737,24
346,59,426,838,24
173,41,354,949,24
298,29,379,1060,24
414,56,522,1193,24
458,83,665,1330,24
205,57,567,1476,24
138,17,403,1622,24
388,44,546,1768,24
308,32,575,1911,24
448,59,682,2054,24
448,85,805,2202,24
78,29,583,2344,24
396,47,707,2464,24
335,63,818,2588,24
305,83,937,2697,24
305,103,1056,2806,24
254,85,1097,2918,24
341,50,1200,3030,24
341,35,1237,3145,24
313,54,1340,3257,24
315,81,1459,3354,24
316,108,1578,3454,24
238,133,1655,3510,24
191,100,1613,3577,24
238,125,1690,3633,24
238,138,1743,3698,24
178,116,1725,3768,24
245,116,1763,3819,24
301,141,1836,3861,24
217,101,1794,3926,24
305,126,1875,3977,24
303,131,1916,4034,24
217,83,1858,4105,24
0,13,1580,4246,24
210,28,1643,4296,24
210,43,1706,4337,24
210,58,1769,4378,24
210,73,1832,4419,24
210,88,1895,4460,24
141,27,1789,4518,24
210,42,1852,4571,24
210,37,1875,4630,24
217,53,1941,4657,24
217,69,2019,4689,24
217,85,2097,4721,24
191,54,2043,4780,24
165,15,1977,4845,24
285,30,2023,4886,24
260,20,2015,4923,24
294,36,2070,4965,24
296,52,2126,4998,24
294,44,2133,5054,24
351,60,2189,5082,24
385,76,2246,5117,24
351,64,2246,5160,24
298,48,2238,5203,24
386,64,2295,5218,24
227,21,2225,5280,24
441,37,2282,5300,24
365,54,2340,5346,24
365,71,2398,5392,24
39,3,2127,5540,24
320,20,2190,5586,24
320,37,2253,5635,24
363,21,2250,5677,24
324,38,2313,5716,24
311,54,2367,5734,24
280,34,2340,5752,24
290,50,2394,5756,24
287,66,2447,5757,24
169,20,2370,5812,24
316,36,2423,5813,24
319,52,2477,5821,24
342,68,2531,5835,24
345,84,2592,5842,24
238,33,2493,5903,24
350,50,2529,5922,24
354,67,2565,5946,24
340,26,95,20,25
280,65,92,40,25
220,80,86,30,25
160,88,70,32,25
100,90,54,34,25
40,98,46,36,25
0,108,46,26,25
0,96,14,29,25
0,102,14,22,25
0,106,14,16,25
0,110,14,11,25
0,112,14,7,25
0,114,14,5,25
0,116,14,2,25
0,116,14,0,25
0,116,14,0,25
340,50,100,20,26
280,49,97,40,26
220,45,81,24,26
160,45,91,14,26
100,45,101,4,26
40,41,102,0,26
0,38,102,0,26
0,38,107,0,26
0,18,103,9,26
0,24,106,9,26
0,30,108,10,26
0,24,93,16,26
0,28,95,18,26
0,32,96,19,26
0,34,97,19,26
0,36,98,21,26
0,38,98,22,26
340,49,97,20,27
280,45,89,0,27
220,45,89,0,27
160,43,85,0,27
140,19,80,0,27
130,20,74,0,27
120,25,74,0,27
100,21,58,0,27
70,18,46,0,27
22,7,22,8,27
62,10,22,10,27
62,13,22,8,27
54,8,6,12,27
55,11,6,7,27
62,14,6,0,27
73,18,6,0,27
80,22,6,0,27
108,28,6,0,27
134,35,6,0,27
152,43,6,0,27
188,53,6,0,27
224,65,6,0,27
264,77,6,0,27
280,89,6,0,27
315,101,6,0,27
315,113,6,0,27
315,125,6,0,27
315,137,6,0,27
315,149,6,0,27
315,161,6,0,27
315,173,6,0,27
315,185,6,0,27
315,197,6,0,27
315,209,6,0,27
315,221,6,0,27
315,233,6,0,27
315,245,6,0,27
315,257,6,0,27
315,269,6,0,27
315,281,6,0,27
315,293,6,0,27
315,305,6,0,27
315,317,6,0,27
315,329,6,0,27
315,341,6,0,27
315,353,6,0,27
315,365,6,0,27
315,377,6,0,27
315,389,6,0,27
315,401,6,0,27
315,413,6,0,27
315,425,6,0,27
315,437,6,0,27
315,449,6,0,27
315,461,6,0,27
315,473,6,0,27
315,485,6,0,27
315,497,6,0,27
315,509,6,0,27
315,521,6,0,27
364,533,6,3,27
375,549,6,12,27
415,565,6,27,27
419,581,6,32,27
419,597,6,39,27
419,613,6,46,27
419,629,6,53,27
419,645,6,60,27
304,657,6,70,27
304,669,6,80,27
304,681,6,90,27
304,693,6,100,27
304,705,6,110,27
304,717,6,120,27
304,729,6,130,27
304,741,6,140,27
304,753,6,150,27
304,765,6,160,27
304,777,6,170,27
304,789,6,180,27
304,801,6,190,27
304,813,6,200,27
216,824,6,199,27
144,832,6,199,27
144,840,6,199,27
144,848,6,199,27
144,856,6,199,27
144,864,6,199,27
144,872,6,199,27
144,880,6,199,27
99,885,6,199,27
90,890,6,199,27
86,893,6,199,27
96,895,6,199,27
98,898,6,201,27
84,902,6,201,27
72,906,6,201,27
72,910,6,201,27
72,914,6,201,27
72,918,6,201,27
340,50,100,20,28
280,26,95,40,28
220,23,89,60,28
160,15,73,80,28
100,13,69,100,28
60,13,69,120,28
20,13,69,140,28
20,12,66,160,28
7,6,54,159,28
65,6,54,159,28
88,6,54,157,28
91,2,38,165,28
117,2,38,174,28
156,2,38,184,28
220,2,38,199,28
286,2,38,221,28
371,2,38,247,28
371,2,38,272,28
371,2,38,297,28
371,2,38,322,28
371,2,38,347,28
371,2,38,372,28
371,2,38,397,28
371,2,38,422,28
371,2,38,447,28
371,2,38,472,28
371,2,38,497,28
371,2,38,522,28
371,2,38,547,28
324,2,38,570,28
324,2,38,593,28
324,2,38,616,28
324,2,38,639,28
324,2,38,662,28
195,2,38,677,28
195,2,38,692,28
195,2,38,707,28
195,2,38,722,28
195,2,38,737,28
195,2,38,752,28
195,2,38,767,28
195,2,38,782,28
129,2,38,791,28
129,2,38,800,28
156,2,38,800,28
228,2,38,799,28
300,2,38,797,28
392,2,38,795,28
456,2,38,799,28
456,2,38,796,28
456,2,38,793,28
456,2,38,790,28
456,2,38,787,28
456,2,38,784,28
456,2,38,781,28
348,2,38,781,28
348,2,38,781,28
348,2,38,781,28
348,2,38,781,28
348,2,38,781,28
348,2,38,781,28
348,2,38,781,28
348,2,38,781,28
348,2,38,781,28
348,2,38,781,28
348,2,38,781,28
348,2,38,781,28
348,2,38,781,28
348,2,38,781,28
348,2,38,781,28
348,2,38,781,28
348,2,38,781,28
348,2,38,781,28
348,2,38,781,28
348,2,38,781,28
348,2,38,781,28
348,2,38,781,28
240,2,38,780,28
240,2,38,779,28
167,2,38,779,28
156,2,38,779,28
156,2,38,779,28
156,2,38,779,28
156,2,38,779,28
156,2,38,779,28
156,2,38,779,28
156,2,38,779,28
156,2,38,779,28
156,2,38,779,28
156,2,38,779,28
156,2,38,779,28
156,2,38,779,28
156,2,38,779,28
156,2,38,779,28
156,2,38,779,28
156,2,38,779,28
156,2,38,779,28
156,2,38,779,28
156,2,38,779,28
156,2,38,779,28
340,47,94,20,29
280,46,91,40,29
220,46,91,0,29
160,22,86,0,29
100,36,70,2,29
40,50,62,4,29
0,54,46,0,29
0,44,14,6,29
0,53,14,0,29
0,59,14,0,29
0,65,14,0,29
0,66,10,0,29
4,69,10,0,29
8,72,10,0,29
8,78,10,0,29
8,84,10,0,29
8,90,10,0,29
8,96,10,0,29
8,102,10,0,29
8,108,10,0,29
8,114,10,0,29
8,120,10,0,29
8,126,10,0,29
8,132,10,0,29
8,138,10,0,29
8,144,10,0,29
8,150,10,0,29
8,156,10,0,29
8,162,10,0,29
8,168,10,0,29
8,174,10,0,29
8,180,10,0,29
8,186,10,0,29
8,192,10,0,29
8,198,10,0,29
8,204,10,0,29
8,210,10,0,29
8,216,10,0,29
8,222,10,0,29
8,228,10,0,29
8,234,10,0,29
8,240,10,0,29
8,246,10,0,29
8,252,10,0,29
8,258,10,0,29
8,264,10,0,29
8,270,10,0,29
8,276,10,0,29
8,282,10,0,29
8,288,10,0,29
8,294,10,0,29
8,300,10,0,29
8,306,10,0,29
8,312,10,0,29
8,318,10,0,29
8,324,10,0,29
8,330,10,0,29
8,336,10,0,29
8,342,10,0,29
8,348,10,0,29
8,354,10,0,29
8,360,10,0,29
8,366,10,0,29
8,372,10,0,29
8,378,10,0,29
8,384,10,0,29
8,390,10,0,29
8,396,10,0,29
8,402,10,0,29
8,408,10,0,29
8,414,10,0,29
8,420,10,0,29
8,426,10,0,29
8,432,10,0,29
8,438,10,0,29
8,444,10,0,29
8,450,10,0,29
8,456,10,0,29
8,462,10,0,29
8,468,10,0,29
8,474,10,0,29
0,483,10,0,29
0,487,6,0,29
6,490,6,0,29
12,496,6,0,29
12,502,6,0,29
12,508,6,0,29
12,514,6,0,29
12,520,6,0,29
12,526,6,0,29
12,532,6,0,29
12,538,6,0,29
12,544,6,0,29
12,550,6,0,29
12,556,6,0,29
12,562,6,0,29
12,568,6,0,29
12,574,6,0,29
12,580,6,0,29
12,586,6,0,29
340,49,97,20,30
280,45,81,4,30
220,45,101,0,30
160,21,108,2,30
100,36,114,1,30
40,52,122,3,30
50,67,132,8,30
60,85,144,14,30
20,31,132,35,30
40,37,128,47,30
20,33,90,69,30
70,41,88,85,30
70,53,94,90,30
60,54,84,101,30
70,66,90,106,30
80,70,82,119,30
90,85,90,120,30
100,100,100,120,30
90,103,84,131,30
96,115,90,134,30
86,115,72,142,30
72,108,46,148,30
48,96,14,163,30
62,102,18,162,30
76,111,22,162,30
86,120,26,160,30
93,129,32,161,30
97,141,38,160,30
124,153,46,160,30
148,168,54,158,30
138,167,30,166,30
128,179,38,158,30
128,191,46,150,30
128,203,54,142,30
97,188,12,146,30
138,203,20,144,30
155,218,30,143,30
190,239,42,142,30
138,134,22,180,30
221,155,36,185,30
273,183,51,199,30
273,211,66,216,30
273,239,81,233,30
224,251,64,236,30
117,83,30,291,30
224,120,45,294,30
227,157,60,286,30
218,192,75,296,30
200,193,37,334,30
259,228,52,357,30
259,263,67,384,30
204,291,77,398,30
174,290,37,421,30
224,320,47,447,30
280,355,61,482,30
254,358,13,542,30
398,395,28,578,30
399,441,44,616,30
451,487,60,658,30
176,265,10,758,30
404,316,26,804,30
404,376,42,851,30
401,415,34,912,30
404,466,50,945,30
409,526,66,995,30
461,586,82,1051,30
409,625,74,1083,30
415,685,90,1115,30
273,706,25,1195,30
415,757,85,1242,30
280,765,70,1320,30
459,807,130,1370,30
285,797,40,1460,30
457,823,77,1526,30
175,602,49,1621,30
296,629,119,1668,30
296,656,189,1716,30
296,683,259,1764,30
296,710,329,1812,30
296,737,399,1860,30
127,451,349,1971,30
296,502,419,2049,30
232,536,461,2086,30
48,503,309,2173,30
213,528,341,2206,30
200,542,357,2243,30
196,572,401,2274,30
175,575,390,2308,30
175,582,390,2342,30
152,573,363,2376,30
185,601,407,2395,30
175,588,367,2431,30
8,540,171,2536,30
185,543,165,2569,30
241,579,226,2592,30
198,561,179,2626,30
203,569,173,2653,30
243,606,235,2669,30
245,643,300,2689,30
206,647,286,2711,30
340,50,100,20,31
280,50,100,40,31
220,26,95,60,31
160,66,95,80,31
100,105,92,100,31
40,113,76,102,31
0,123,96,104,31
48,128,102,110,31
50,126,98,119,31
35,114,74,129,31
36,114,70,139,31
48,106,50,156,31
54,88,10,175,31
135,98,26,191,31
81,46,24,221,31
159,64,44,245,31
189,87,72,274,31
189,76,36,318,31
255,105,72,356,31
336,144,120,407,31
378,152,94,492,31
351,71,118,584,31
448,129,175,673,31
297,144,183,746,31
340,187,219,826,31
406,226,247,914,31
123,66,229,1001,31
241,109,267,1068,31
238,100,207,1148,31
241,133,205,1228,31
255,177,290,1319,31
321,198,334,1420,31
334,242,419,1523,31
334,291,504,1636,31
316,310,490,1753,31
238,308,455,1884,31
178,91,476,2015,31
258,141,576,2113,31
240,150,524,2234,31
260,196,644,2336,31
183,191,552,2482,31
125,166,407,2622,31
100,124,211,2777,31
203,142,263,2902,31
220,146,287,3001,31
233,188,387,3102,31
235,230,487,3207,31
232,260,563,3311,31
311,264,588,3419,31
64,202,326,3577,31
325,227,424,3702,31
33,150,112,3870,31
217,155,170,3984,31
327,176,261,4103,31
330,213,386,4194,31
15,125,29,4379,31
331,163,168,4489,31
333,201,307,4589,31
297,198,364,4707,31
250,205,438,4825,31
297,194,477,4943,31
399,232,632,5051,31
399,270,800,5151,31
21,172,403,5356,31
296,173,437,5486,31
461,216,570,5588,31
88,133,240,5787,31
472,176,409,5905,31
472,219,591,6030,31
52,122,212,6242,31
408,117,268,6403,31
462,106,312,6568,31
615,149,505,6705,31
113,57,139,6928,31
616,100,342,7070,31
624,145,560,7219,31
89,42,148,7460,31
550,87,366,7617,31
570,132,586,7782,31
543,127,693,7954,31
570,156,881,8126,31
606,202,1121,8306,31
648,248,1361,8479,31
116,136,928,8749,31
662,182,1218,8938,31
550,179,1371,9144,31
623,169,1499,9350,31
656,151,1627,9569,31
314,112,1670,9729,31
436,150,1852,9874,31
329,105,1861,10041,31
326,127,2011,10178,31
400,165,2174,10278,31
389,183,2293,10405,31
389,197,2404,10532,31
326,207,2486,10644,31
339,158,2485,10756,31
514,176,2648,10839,31
567,194,2811,10916,31
512,180,2910,11013,31
340,46,84,20,32
280,44,80,40,32
241,38,68,60,32
265,38,68,80,32
253,14,63,100,32
235,2,39,114,32
253,8,39,128,32
271,14,39,142,32
289,15,33,156,32
307,21,33,170,32
321,27,33,185,32
337,35,33,203,32
329,35,17,225,32
334,45,17,247,32
322,57,17,272,32
310,69,17,297,32
233,11,3,322,32
204,36,3,347,32
207,53,3,365,32
205,73,3,384,32
203,93,3,403,32
201,113,3,422,32
199,133,3,441,32
197,153,3,460,32
195,173,3,479,32
193,193,3,498,32
191,213,3,517,32
208,223,3,529,32
218,238,3,543,32
223,253,3,559,32
213,273,3,580,32
203,293,3,601,32
193,313,3,622,32
183,333,3,643,32
173,353,3,664,32
163,373,3,685,32
153,393,3,706,32
143,413,3,727,32
133,433,3,748,32
123,453,3,769,32
113,473,3,790,32
103,493,3,811,32
106,503,3,832,32
94,515,3,857,32
108,523,3,873,32
122,531,3,889,32
136,539,3,905,32
147,549,3,924,32
146,561,3,947,32
145,573,3,970,32
144,585,3,993,32
143,597,3,1016,32
142,609,3,1039,32
141,621,3,1062,32
140,633,3,1085,32
139,645,3,1108,32
138,657,3,1131,32
143,667,3,1153,32
112,681,3,1182,32
95,695,3,1211,32
95,709,3,1240,32
95,723,3,1269,32
95,737,3,1298,32
91,749,3,1324,32
91,761,3,1350,32
91,773,3,1376,32
91,785,3,1402,32
91,797,3,1428,32
91,809,3,1454,32
96,819,3,1474,32
101,829,3,1496,32
100,841,3,1519,32
99,853,3,1542,32
98,865,3,1565,32
97,877,3,1588,32
96,889,3,1611,32
95,901,3,1634,32
94,913,3,1657,32
93,925,3,1680,32
92,937,3,1703,32
91,949,3,1726,32
94,959,3,1747,32
93,971,3,1770,32
92,983,3,1793,32
91,995,3,1816,32
90,1007,3,1839,32
89,1019,3,1862,32
88,1031,3,1885,32
87,1043,3,1908,32
86,1055,3,1931,32
97,1065,3,1950,32
100,1075,3,1971,32
88,1087,3,1996,32
82,1099,3,2021,32
82,1111,3,2046,32
82,1123,3,2071,32
82,1135,3,2096,32
82,1147,3,2121,32
82,1159,3,2146,32
82,1171,3,2171,32
340,49,97,20,33
280,47,93,0,33
274,43,77,2,33
277,43,89,1,33
280,43,101,0,33
283,43,113,0,33
286,43,125,0,33
262,19,128,8,33
247,16,130,13,33
232,16,140,18,33
234,16,146,21,33
215,8,136,28,33
187,2,130,38,33
204,2,136,45,33
200,2,146,55,33
220,2,152,61,33
239,2,156,65,33
259,2,162,71,33
273,2,168,77,33
285,2,176,85,33
286,2,184,93,33
259,2,196,105,33
232,2,208,117,33
205,2,220,129,33
178,2,232,141,33
151,2,244,153,33
124,2,256,165,33
108,2,268,177,33
108,2,280,189,33
108,2,292,201,33
108,2,304,213,33
108,2,316,225,33
108,2,328,237,33
108,2,340,249,33
108,2,352,261,33
108,2,364,273,33
108,2,376,285,33
108,2,388,297,33
108,2,400,309,33
113,2,408,318,33
93,2,418,327,33
90,2,428,336,33
90,2,438,345,33
90,2,448,354,33
90,2,458,363,33
90,2,468,372,33
90,2,478,381,33
93,2,486,390,33
99,2,496,400,33
108,2,508,411,33
144,2,524,427,33
180,2,544,448,33
234,2,570,475,33
306,2,604,509,33
378,2,640,552,33
430,2,685,603,33
430,2,730,662,33
430,2,775,721,33
430,2,820,780,33
430,2,865,839,33
430,2,910,898,33
430,2,955,957,33
430,2,1000,1016,33
430,2,1045,1075,33
430,2,1090,1134,33
430,2,1135,1193,33
430,2,1180,1252,33
430,2,1225,1311,33
430,2,1270,1370,33
430,2,1315,1429,33
430,2,1360,1488,33
430,2,1405,1547,33
430,2,1450,1606,33
430,2,1495,1665,33
430,2,1540,1724,33
430,2,1585,1783,33
430,2,1630,1842,33
430,2,1675,1901,33
430,2,1720,1960,33
430,2,1765,2019,33
430,2,1810,2078,33
430,2,1855,2137,33
430,2,1900,2196,33
430,2,1945,2255,33
430,2,1990,2314,33
430,2,2035,2373,33
430,2,2080,2432,33
430,2,2125,2491,33
328,2,2161,2532,33
328,2,2197,2573,33
328,2,2233,2614,33
328,2,2269,2655,33
328,2,2305,2696,33
328,2,2341,2737,33
328,2,2377,2778,33
328,2,2413,2819,33
328,2,2449,2860,33
328,2,2485,2901,33
328,2,2521,2942,33
328,2,2557,2983,33
340,47,94,20,34
314,43,78,33,34
289,19,78,46,34
263,27,80,59,34
289,34,81,72,34
286,32,68,80,34
283,34,64,85,34
290,42,68,90,34
257,32,39,100,34
244,42,44,104,34
231,52,49,108,34
188,32,3,121,34
175,42,8,125,34
162,52,13,129,34
149,62,18,133,34
164,64,10,155,34
196,77,15,186,34
242,97,25,206,34
330,113,15,246,34
456,157,31,310,34
573,205,47,384,34
585,253,63,451,34
573,241,65,544,34
464,314,17,637,34
476,410,32,726,34
480,466,44,768,34
484,538,48,819,34
492,618,68,826,34
678,660,52,902,34
870,736,56,987,34
689,775,28,1052,34
832,838,48,1107,34
832,901,68,1139,34
832,952,64,1187,34
832,1015,79,1203,34
712,1068,54,1247,34
760,1131,93,1279,34
672,1164,72,1342,34
762,1227,111,1389,34
705,1230,136,1461,34
624,1236,95,1549,34
704,1220,94,1589,34
778,1200,85,1623,34
580,1166,102,1651,34
580,1152,53,1679,34
589,1191,84,1675,34
574,1197,35,1728,34
592,1239,82,1733,34
589,1257,81,1764,34
592,1299,128,1763,34
598,1341,183,1736,34
566,1337,105,1799,34
548,1315,61,1845,34
589,1341,113,1859,34
542,1247,137,1916,34
384,1129,139,2037,34
424,1157,119,2142,34
632,1223,171,2219,34
408,1237,47,2351,34
641,1303,143,2439,34
616,1345,191,2546,34
624,1411,287,2607,34
478,1411,299,2706,34
441,1381,149,2863,34
482,1377,171,2946,34
677,1421,289,3020,34
478,1283,335,3150,34
488,1281,341,3251,34
702,1335,461,3329,34
745,1389,581,3408,34
745,1415,645,3514,34
745,1469,748,3552,34
745,1523,851,3590,34
668,1529,851,3713,34
761,1555,893,3819,34
772,1609,991,3881,34
606,1609,981,3987,34
775,1663,1084,4076,34
718,1657,1062,4228,34
538,1661,950,4414,34
826,1687,992,4532,34
818,1709,1026,4624,34
568,1699,996,4682,34
402,1703,862,4808,34
471,1577,934,4900,34
388,1567,763,5069,34
520,1589,813,5087,34
503,1593,819,5152,34
554,1611,861,5200,34
511,1609,855,5268,34
518,1431,905,5370,34
619,1433,899,5447,34
580,1195,912,5568,34
603,1249,852,5687,34
616,1331,857,5796,34
412,1326,685,5943,34
474,1318,627,6024,34
390,1300,541,6085,34
320,1282,454,6210,34
309,1256,352,6360,34
340,50,100,20,35
280,50,100,40,35
220,26,95,60,35
160,42,89,80,35
100,50,73,100,35
40,60,103,120,35
0,70,133,140,35
0,76,154,155,35
0,80,166,155,35
0,73,156,158,35
0,75,165,159,35
0,72,163,162,35
0,73,169,161,35
0,71,168,162,35
0,71,171,162,35
0,71,174,164,35
0,71,174,165,35
340,48,96,20,36
340,47,93,40,36
298,43,77,42,36
259,43,91,44,36
217,39,95,46,36
196,39,103,39,36
175,39,111,32,36
151,31,101,31,36
127,19,77,27,36
103,13,65,23,36
100,13,65,7,36
97,10,59,0,36
94,10,59,0,36
78,6,43,2,36
75,6,43,0,36
72,6,43,0,36
69,6,43,0,36
66,6,43,0,36
63,6,43,0,36
60,6,43,0,36
57,6,43,0,36
54,6,43,0,36
51,6,43,0,36
48,6,43,0,36
45,6,43,0,36
42,6,43,0,36
39,6,43,0,36
36,6,43,0,36
33,6,43,0,36
30,6,43,0,36
27,6,43,0,36
26,6,43,0,36
26,6,43,0,36
26,6,43,0,36
26,6,43,0,36
26,6,43,0,36
26,6,43,0,36
26,6,43,0,36
26,6,43,0,36
26,6,43,0,36
26,6,43,0,36
26,6,43,0,36
26,6,43,0,36
26,6,43,0,36
26,6,43,0,36
26,6,43,0,36
26,6,43,0,36
26,6,43,0,36
26,6,43,0,36
26,6,43,0,36
26,6,43,0,36
26,6,43,0,36
26,6,43,0,36
26,6,43,0,36
26,6,43,0,36
26,6,43,0,36
26,6,43,0,36
26,6,43,0,36
26,6,43,0,36
26,6,43,0,36
26,6,43,0,36
26,6,43,0,36
26,6,43,0,36
26,6,43,0,36
26,6,43,0,36
26,6,43,0,36
26,6,43,0,36
26,6,43,0,36
26,6,43,0,36
26,6,43,0,36
26,6,43,0,36
26,6,43,0,36
26,6,43,0,36
26,6,43,0,36
26,6,43,0,36
26,6,43,0,36
26,6,43,0,36
26,6,43,0,36
26,6,43,0,36
26,6,43,0,36
26,6,43,0,36
26,6,43,0,36
26,6,43,0,36
26,6,43,0,36
26,6,43,0,36
26,6,43,0,36
26,6,43,0,36
26,6,43,0,36
26,6,43,0,36
26,6,43,0,36
26,6,43,0,36
26,6,43,0,36
26,6,43,0,36
26,6,43,0,36
26,6,43,0,36
26,6,43,0,36
26,6,43,0,36
26,6,43,0,36
26,6,43,0,36
26,6,43,0,36
340,48,96,20,37
280,45,90,40,37
220,44,87,60,37
160,36,71,56,37
100,32,63,49,37
40,8,58,45,37
0,18,58,35,37
0,16,46,38,37
20,20,46,35,37
20,16,30,36,37
30,22,30,34,37
40,30,30,30,37
10,20,6,38,37
70,26,6,40,37
90,34,6,41,37
90,42,6,39,37
90,50,6,39,37
90,58,6,39,37
90,66,6,39,37
90,74,6,39,37
90,82,6,39,37
90,90,6,39,37
90,98,6,39,37
90,106,6,39,37
90,114,6,39,37
90,122,6,39,37
90,130,6,39,37
90,138,6,39,37
90,146,6,39,37
90,154,6,39,37
90,162,6,39,37
90,170,6,39,37
90,178,6,39,37
90,186,6,39,37
90,194,6,39,37
90,202,6,39,37
90,210,6,39,37
90,218,6,39,37
90,226,6,39,37
90,234,6,39,37
90,242,6,39,37
90,250,6,39,37
90,258,6,39,37
90,266,6,39,37
90,274,6,39,37
90,282,6,39,37
90,290,6,39,37
90,298,6,39,37
90,306,6,39,37
90,314,6,39,37
90,322,6,39,37
90,330,6,39,37
94,336,6,39,37
90,344,6,40,37
90,352,6,41,37
90,360,6,42,37
90,368,6,43,37
90,376,6,44,37
90,384,6,45,37
90,392,6,46,37
90,400,6,47,37
90,408,6,48,37
90,416,6,49,37
90,424,6,50,37
90,432,6,51,37
90,440,6,52,37
90,448,6,53,37
90,456,6,54,37
90,464,6,55,37
90,472,6,56,37
90,480,6,57,37
90,488,6,58,37
90,496,6,59,37
90,504,6,60,37
90,512,6,61,37
90,520,6,62,37
90,528,6,63,37
90,536,6,64,37
90,544,6,65,37
90,552,6,66,37
90,560,6,67,37
90,568,6,68,37
90,576,6,69,37
90,584,6,70,37
90,592,6,71,37
90,600,6,72,37
90,608,6,73,37
90,616,6,74,37
90,624,6,75,37
90,632,6,76,37
90,640,6,77,37
90,648,6,78,37
90,656,6,79,37
90,664,6,80,37
90,672,6,81,37
107,676,6,80,37
117,682,6,82,37
111,690,6,82,37
105,698,6,82,37
99,706,6,82,37
340,50,100,20,38
280,47,94,40,38
220,47,94,60,38
160,47,94,80,38
100,39,78,100,38
40,37,74,120,38
42,31,62,140,38
55,27,46,175,38
59,3,71,227,38
68,20,105,295,38
87,41,149,381,38
99,55,157,498,38
80,54,137,637,38
98,69,259,776,38
77,21,345,876,38
77,93,397,976,38
51,143,445,1064,38
54,179,464,1148,38
88,108,484,1256,38
80,154,409,1387,38
117,248,477,1512,38
117,358,537,1642,38
114,424,552,1746,38
218,490,567,1850,38
218,548,566,1958,38
208,634,606,2062,38
202,690,598,2156,38
173,699,465,2275,38
276,766,538,2364,38
276,833,611,2453,38
249,860,607,2547,38
293,892,629,2641,38
245,789,622,2766,38
295,874,678,2858,38
183,694,647,2984,38
291,766,679,3080,38
192,810,643,3149,38
228,896,699,3218,38
126,914,578,3347,38
126,732,561,3476,38
194,776,530,3567,38
191,846,552,3616,38
90,594,508,3734,38
198,680,566,3783,38
207,766,624,3838,38
154,785,499,3932,38
94,787,324,4052,38
164,819,322,4139,38
100,817,281,4195,38
36,593,239,4286,38
156,632,287,4309,38
154,651,295,4351,38
105,665,286,4379,38
40,449,244,4469,38
90,477,227,4497,38
80,487,168,4546,38
95,486,115,4597,38
170,546,154,4630,38
170,606,195,4655,38
170,666,236,4680,38
147,685,227,4705,38
122,674,167,4753,38
64,643,85,4808,38
147,674,108,4824,38
160,709,134,4843,38
182,747,160,4867,38
182,789,186,4905,38
182,831,212,4943,38
160,842,182,4977,38
37,613,131,5062,38
119,646,146,5081,38
134,679,163,5101,38
159,716,181,5125,38
159,729,151,5161,38
119,735,118,5192,38
133,768,135,5205,38
158,805,153,5218,38
160,846,173,5236,38
93,814,77,5297,38
37,518,10,5394,38
252,586,25,5422,38
252,654,40,5451,38
252,722,55,5480,38
252,790,70,5509,38
252,858,85,5538,38
206,907,97,5560,38
206,956,109,5582,38
206,1005,121,5604,38
78,960,6,5674,38
202,1009,18,5702,38
213,1058,30,5728,38
252,1115,45,5751,38
252,1172,60,5775,38
252,1229,75,5799,38
215,1278,87,5829,38
215,1327,99,5859,38
215,1376,111,5889,38
188,1397,74,5925,38
165,1410,21,5967,38
215,1459,33,5997,38
340,47,94,20,39
280,43,78,40,39
220,43,118,60,39
190,43,146,74,39
161,43,174,88,39
131,35,178,102,39
102,35,206,116,39
72,33,226,130,39
43,9,227,144,39
13,17,237,158,39
0,23,245,169,39
0,29,251,178,39
0,23,241,185,39
20,25,245,191,39
33,27,249,198,39
48,31,255,208,39
53,37,263,221,39
54,45,273,239,39
60,56,282,263,39
70,68,296,275,39
40,66,264,301,39
50,62,270,327,39
90,52,258,360,39
130,48,264,399,39
150,38,258,448,39
160,30,258,513,39
350,48,327,583,39
405,66,398,662,39
414,93,491,751,39
350,81,489,847,39
340,79,465,955,39
486,93,549,1051,39
336,66,535,1140,39
376,33,500,1233,39
483,43,564,1323,39
520,63,648,1447,39
490,40,643,1551,39
506,54,715,1655,39
333,18,669,1755,39
632,27,730,1838,39
636,28,794,1929,39
603,38,848,2006,39
603,48,902,2083,39
365,28,826,2184,39
551,38,897,2261,39
607,48,968,2343,39
612,58,1039,2429,39
616,68,1127,2521,39
473,23,1074,2622,39
630,33,1145,2718,39
636,43,1235,2823,39
636,41,1301,2932,39
341,10,1213,3064,39
634,20,1307,3143,39
647,30,1401,3228,39
649,40,1515,3319,39
649,50,1650,3415,39
649,60,1785,3511,39
649,70,1920,3607,39
634,48,1950,3703,39
649,58,2085,3799,39
385,17,1957,3951,39
664,27,2107,4047,39
664,37,2278,4151,39
664,47,2449,4255,39
664,57,2620,4359,39
642,27,2672,4470,39
664,37,2853,4606,39
664,47,3034,4731,39
664,57,3215,4856,39
568,67,3311,4945,39
508,65,3383,5034,39
362,5,3351,5146,39
651,15,3447,5250,39
655,25,3543,5357,39
581,19,3607,5465,39
586,29,3703,5558,39
655,39,3799,5652,39
657,49,3897,5751,39
586,39,3953,5854,39
659,49,4051,5942,39
328,25,4073,5979,39
372,25,4143,5996,39
375,25,4233,6015,39
375,25,4323,6034,39
375,25,4413,6053,39
375,25,4503,6072,39
375,25,4593,6091,39
375,25,4683,6110,39
375,25,4773,6129,39
375,25,4863,6148,39
375,25,4953,6167,39
375,25,5043,6186,39
375,25,5133,6205,39
375,25,5223,6224,39
328,1,5245,6263,39
375,1,5335,6282,39
376,1,5425,6303,39
379,10,5516,6327,39
379,19,5607,6352,39
340,47,94,20,40
296,45,90,37,40
305,37,74,54,40
311,36,71,79,40
96,12,66,63,40
64,57,54,68,40
182,99,54,82,40
195,132,30,107,40
308,114,16,155,40
378,206,16,213,40
428,298,16,277,40
428,399,16,345,40
428,500,16,413,40
428,601,16,481,40
428,702,16,549,40
378,794,16,604,40
378,886,16,659,40
378,978,16,714,40
378,1070,16,769,40
378,1162,16,824,40
378,1254,16,879,40
251,1314,16,913,40
251,1374,16,947,40
251,1434,16,981,40
251,1494,16,1015,40
251,1554,16,1049,40
251,1614,16,1083,40
251,1674,16,1117,40
242,1727,8,1151,40
220,1777,8,1161,40
220,1827,8,1171,40
220,1877,8,1181,40
220,1927,8,1191,40
220,1977,8,1201,40
220,2027,8,1211,40
220,2077,8,1221,40
211,2124,2,1231,40
220,2174,2,1241,40
233,2229,2,1251,40
251,2286,2,1260,40
273,2351,2,1271,40
299,2421,2,1284,40
315,2490,2,1296,40
315,2568,2,1310,40
315,2646,2,1324,40
315,2724,2,1338,40
315,2802,2,1352,40
315,2880,2,1366,40
315,2958,2,1380,40
315,3036,2,1394,40
315,3114,2,1408,40
315,3192,2,1422,40
315,3270,2,1436,40
315,3348,2,1450,40
315,3426,2,1464,40
315,3504,2,1478,40
315,3582,2,1492,40
229,3637,2,1501,40
229,3692,2,1510,40
229,3747,2,1519,40
229,3802,2,1528,40
229,3857,2,1537,40
229,3912,2,1546,40
198,3957,2,1553,40
198,4002,2,1560,40
154,4039,2,1566,40
97,4061,2,1568,40
97,4083,2,1570,40
97,4105,2,1572,40
97,4127,2,1574,40
97,4149,2,1576,40
97,4171,2,1578,40
97,4193,2,1580,40
97,4215,2,1582,40
97,4237,2,1584,40
97,4259,2,1586,40
97,4281,2,1588,40
97,4303,2,1590,40
97,4325,2,1592,40
97,4347,2,1594,40
97,4369,2,1596,40
97,4391,2,1598,40
97,4413,2,1600,40
97,4435,2,1602,40
97,4457,2,1604,40
97,4479,2,1606,40
97,4501,2,1608,40
97,4523,2,1610,40
97,4545,2,1612,40
97,4567,2,1614,40
97,4589,2,1616,40
97,4611,2,1618,40
97,4633,2,1620,40
97,4655,2,1622,40
97,4677,2,1624,40
97,4699,2,1626,40
97,4721,2,1628,40
97,4743,2,1630,40
97,4765,2,1632,40
97,4787,2,1634,40
340,48,96,20,41
460,48,96,40,41
571,45,90,60,41
655,37,74,80,41
735,31,62,109,41
703,7,57,158,41
607,7,57,207,41
511,6,54,256,41
351,6,54,269,41
328,2,46,278,41
289,2,46,272,41
250,2,46,266,41
211,2,46,260,41
172,2,46,254,41
133,2,46,248,41
96,2,46,242,41
96,2,46,236,41
96,2,46,230,41
96,2,46,224,41
96,2,46,218,41
96,2,46,212,41
96,2,46,206,41
96,2,46,201,41
96,2,46,196,41
96,2,46,191,41
96,2,46,186,41
96,2,46,181,41
96,2,46,176,41
96,2,46,171,41
96,2,46,166,41
96,2,46,161,41
96,2,46,156,41
96,2,46,151,41
100,2,46,147,41
93,2,46,140,41
86,2,46,133,41
79,2,46,126,41
73,2,46,119,41
73,2,46,112,41
73,2,46,105,41
73,2,46,98,41
73,2,46,91,41
73,2,46,84,41
73,2,46,77,41
73,2,46,70,41
73,2,46,63,41
73,2,46,56,41
73,2,46,49,41
73,2,46,42,41
91,2,46,38,41
100,2,46,33,41
104,2,46,29,41
97,2,46,23,41
90,2,46,17,41
83,2,46,11,41
80,2,46,5,41
80,2,46,0,41
80,2,46,0,41
80,2,46,0,41
80,2,46,0,41
80,2,46,0,41
80,2,46,0,41
80,2,46,0,41
80,2,46,0,41
80,2,46,0,41
80,2,46,0,41
80,2,46,0,41
80,2,46,0,41
80,2,46,0,41
80,2,46,0,41
80,2,46,0,41
80,2,46,0,41
80,2,46,0,41
80,2,46,0,41
80,2,46,0,41
80,2,46,0,41
80,2,46,0,41
80,2,46,0,41
80,2,46,0,41
80,2,46,0,41
80,2,46,0,41
80,2,46,0,41
80,2,46,0,41
80,2,46,0,41
80,2,46,0,41
80,2,46,0,41
80,2,46,0,41
80,2,46,0,41
80,2,46,0,41
80,2,46,0,41
80,2,46,0,41
80,2,46,0,41
80,2,46,0,41
80,2,46,0,41
80,2,46,0,41
80,2,46,0,41
80,2,46,0,41
80,2,46,0,41
80,2,46,0,41
80,2,46,0,41
340,46,84,20,42
280,45,101,40,42
220,21,102,42,42
160,41,100,44,42
100,49,88,40,42
40,58,86,24,42
0,54,65,21,42
0,42,34,23,42
0,46,36,10,42
0,38,21,13,42
0,42,22,9,42
0,42,23,4,42
0,42,24,1,42
0,42,25,0,42
0,42,26,1,42
340,49,97,20,43
280,47,93,0,43
301,43,85,0,43
295,40,79,0,43
271,36,63,0,43
256,36,68,0,43
241,36,73,0,43
217,28,61,0,43
193,20,49,0,43
169,20,53,0,43
145,20,57,0,43
121,20,61,0,43
88,8,40,0,43
55,8,44,0,43
27,8,48,0,43
27,8,52,0,43
27,8,56,0,43
27,8,60,0,43
18,2,51,0,43
63,2,54,0,43
84,2,58,0,43
84,2,63,0,43
84,2,68,0,43
84,2,73,0,43
84,2,78,0,43
84,2,83,0,43
84,2,88,0,43
84,2,93,0,43
84,2,98,0,43
84,2,103,0,43
84,2,108,0,43
84,2,113,0,43
84,2,118,0,43
84,2,123,0,43
84,2,128,0,43
84,2,133,0,43
84,2,138,0,43
84,2,143,0,43
84,2,148,0,43
84,2,153,0,43
84,2,158,0,43
84,2,163,0,43
84,2,168,0,43
84,2,173,0,43
84,2,178,0,43
84,2,183,0,43
84,2,188,0,43
84,2,193,0,43
84,2,198,0,43
84,2,203,0,43
84,2,208,0,43
84,2,213,0,43
84,2,218,0,43
84,2,223,0,43
84,2,228,0,43
84,2,233,0,43
84,2,238,0,43
84,2,243,0,43
84,2,248,0,43
84,2,253,0,43
84,2,258,0,43
84,2,263,0,43
84,2,268,0,43
84,2,273,0,43
84,2,278,0,43
84,2,283,0,43
84,2,288,0,43
84,2,293,0,43
84,2,298,0,43
84,2,303,0,43
84,2,308,0,43
84,2,313,0,43
84,2,318,0,43
84,2,323,0,43
84,2,328,0,43
84,2,333,0,43
84,2,338,0,43
84,2,343,0,43
84,2,348,0,43
84,2,353,0,43
84,2,358,0,43
84,2,363,0,43
84,2,368,0,43
84,2,373,0,43
84,2,378,0,43
84,2,383,0,43
84,2,388,0,43
84,2,393,0,43
84,2,398,0,43
84,2,403,0,43
84,2,408,0,43
84,2,413,0,43
84,2,418,0,43
84,2,423,0,43
84,2,428,0,43
84,2,433,0,43
84,2,438,0,43
84,2,443,0,43
84,2,448,0,43
84,2,453,0,43
340,26,95,20,44
280,42,89,40,44
220,50,73,60,44
160,70,73,80,44
138,82,73,92,44
116,93,70,104,44
95,99,70,98,44
73,105,70,92,44
52,111,70,86,44
30,112,62,83,44
8,116,62,71,44
0,120,62,59,44
0,105,30,68,44
0,108,30,63,44
0,110,30,57,44
0,112,30,53,44
0,111,26,54,44
12,112,26,54,44
22,113,26,54,44
32,114,26,54,44
42,115,26,54,44
52,116,26,54,44
62,117,26,54,44
72,118,26,54,44
82,119,26,54,44
92,120,26,54,44
102,121,26,54,44
112,122,26,54,44
122,123,26,54,44
132,124,26,54,44
142,125,26,54,44
152,126,26,54,44
162,127,26,54,44
172,128,26,54,44
182,129,26,54,44
192,130,26,54,44
202,131,26,54,44
212,132,26,54,44
222,133,26,54,44
233,134,26,56,44
244,135,26,58,44
255,136,26,60,44
266,137,26,62,44
277,138,26,64,44
288,139,26,66,44
299,140,26,68,44
310,141,26,70,44
321,142,26,72,44
332,143,26,74,44
343,144,26,76,44
354,145,26,78,44
365,146,26,80,44
376,147,26,82,44
387,148,26,84,44
398,149,26,86,44
409,150,26,88,44
420,151,26,90,44
431,152,26,92,44
442,153,26,94,44
453,154,26,96,44
464,155,26,98,44
475,156,26,100,44
486,157,26,102,44
497,158,26,104,44
508,159,26,106,44
519,160,26,108,44
530,161,26,110,44
541,162,26,112,44
552,163,26,114,44
563,164,26,116,44
574,165,26,118,44
585,166,26,120,44
596,167,26,122,44
607,168,26,124,44
618,169,26,126,44
629,170,26,128,44
640,171,26,130,44
651,172,26,132,44
650,173,26,131,44
649,174,26,130,44
649,175,26,129,44
648,176,26,128,44
647,177,26,127,44
647,178,26,126,44
646,179,26,125,44
646,180,26,124,44
645,181,26,123,44
644,182,26,122,44
644,183,26,121,44
643,184,26,120,44
643,185,26,119,44
642,186,26,118,44
641,187,26,117,44
641,188,26,116,44
640,189,26,115,44
640,190,26,114,44
639,191,26,113,44
638,192,26,112,44
638,193,26,111,44
637,194,26,110,44
340,47,94,20,45
280,23,89,40,45
220,43,89,60,45
160,63,89,80,45
100,71,73,100,45
40,87,69,120,45
21,88,57,140,45
27,78,33,160,45
54,66,1,183,45
99,73,1,210,45
144,83,1,249,45
159,93,1,291,45
225,108,1,351,45
354,132,1,446,45
475,160,1,581,45
547,188,1,729,45
525,223,1,892,45
525,258,1,1055,45
525,293,1,1218,45
525,328,1,1381,45
525,363,1,1544,45
525,398,1,1707,45
525,433,1,1870,45
475,461,1,2002,45
475,489,1,2134,45
475,517,1,2266,45
475,545,1,2398,45
475,573,1,2530,45
475,601,1,2662,45
475,629,1,2794,45
475,657,1,2926,45
318,678,1,3011,45
318,699,1,3096,45
318,720,1,3181,45
318,741,1,3266,45
318,762,1,3351,45
318,783,1,3436,45
318,804,1,3521,45
318,825,1,3606,45
318,846,1,3691,45
318,867,1,3776,45
318,888,1,3861,45
300,908,1,3941,45
300,928,1,4021,45
300,948,1,4101,45
300,968,1,4181,45
300,988,1,4261,45
300,1008,1,4341,45
300,1028,1,4421,45
300,1048,1,4501,45
300,1068,1,4581,45
300,1088,1,4661,45
300,1108,1,4741,45
300,1128,1,4821,45
300,1148,1,4901,45
270,1166,1,4973,45
270,1184,1,5045,45
270,1202,1,5117,45
270,1220,1,5189,45
204,1233,1,5243,45
204,1246,1,5297,45
204,1259,1,5351,45
195,1272,1,5403,45
195,1285,1,5455,45
195,1298,1,5507,45
195,1311,1,5559,45
195,1324,1,5611,45
195,1337,1,5663,45
195,1350,1,5715,45
195,1363,1,5767,45
195,1376,1,5819,45
195,1389,1,5871,45
195,1402,1,5923,45
195,1415,1,5975,45
161,1423,1,6007,45
127,1431,1,6039,45
120,1439,1,6071,45
120,1447,1,6103,45
120,1455,1,6135,45
135,1460,1,6155,45
132,1466,1,6181,45
129,1472,1,6207,45
126,1478,1,6233,45
123,1484,1,6259,45
120,1490,1,6285,45
117,1496,1,6311,45
114,1502,1,6337,45
111,1508,1,6363,45
110,1514,1,6388,45
109,1520,1,6413,45
108,1526,1,6438,45
107,1532,1,6463,45
106,1538,1,6488,45
105,1544,1,6513,45
104,1550,1,6538,45
103,1556,1,6563,45
102,1562,1,6588,45
101,1568,1,6613,45
120,1572,1,6630,45
119,1578,1,6655,45
340,47,94,20,46
280,23,89,40,46
220,57,85,60,46
232,65,69,80,46
220,79,57,106,46
190,97,57,132,46
142,93,25,158,46
112,110,22,184,46
64,118,14,192,46
45,128,14,185,46
45,138,14,178,46
45,148,14,171,46
45,158,14,164,46
45,168,14,157,46
45,178,14,150,46
45,188,14,143,46
45,198,14,136,46
45,208,14,129,46
45,218,14,122,46
45,228,14,115,46
45,238,14,108,46
45,248,14,101,46
45,258,14,94,46
45,268,14,87,46
45,278,14,80,46
45,288,14,73,46
45,298,14,66,46
45,308,14,59,46
45,318,14,52,46
45,328,14,45,46
45,338,14,38,46
45,348,14,31,46
45,358,14,24,46
45,368,14,17,46
45,378,14,10,46
45,388,14,3,46
45,398,14,0,46
45,408,14,0,46
45,418,14,0,46
45,428,14,0,46
45,438,14,0,46
45,448,14,0,46
45,458,14,0,46
45,468,14,0,46
45,478,14,0,46
45,488,14,0,46
45,498,14,0,46
45,508,14,0,46
45,518,14,0,46
45,528,14,0,46
45,538,14,0,46
45,548,14,0,46
45,558,14,0,46
45,568,14,0,46
45,578,14,0,46
45,588,14,0,46
45,598,14,0,46
45,608,14,0,46
45,618,14,0,46
45,628,14,0,46
45,638,14,0,46
45,648,14,0,46
45,658,14,0,46
45,668,14,0,46
45,678,14,0,46
45,688,14,0,46
45,698,14,0,46
45,708,14,0,46
45,718,14,0,46
45,728,14,0,46
45,738,14,0,46
45,748,14,0,46
45,758,14,0,46
45,768,14,0,46
45,778,14,0,46
45,788,14,0,46
45,798,14,0,46
45,808,14,0,46
45,818,14,0,46
45,828,14,0,46
45,838,14,0,46
45,848,14,0,46
45,858,14,0,46
45,868,14,0,46
45,878,14,0,46
45,888,14,0,46
45,898,14,0,46
45,908,14,0,46
45,918,14,0,46
45,928,14,0,46
45,938,14,0,46
54,950,14,5,46
126,950,14,4,46
198,926,9,10,46
210,950,9,41,46
258,974,9,71,46
308,1002,9,105,46
322,1037,9,166,46
322,1072,9,226,46
322,1107,9,286,46
340,49,97,20,47
280,45,81,4,47
220,41,109,0,47
160,33,113,0,47
100,30,127,0,47
40,28,139,0,47
0,28,155,0,47
0,28,167,0,47
0,4,166,6,47
0,4,170,3,47
0,4,174,1,47
0,4,178,0,47
0,4,182,0,47
0,4,182,0,47
0,4,182,0,47
0,4,182,0,47
0,4,182,1,47
340,47,94,20,48
280,23,89,40,48
220,55,73,60,48
160,80,69,80,48
170,101,69,100,48
147,113,57,122,48
84,106,17,144,48
11,49,7,166,48
70,65,23,188,48
80,80,36,212,48
60,85,32,229,48
40,81,16,249,48
90,97,28,266,48
87,105,32,282,48
84,117,44,292,48
81,129,56,302,48
78,141,68,312,48
75,153,80,322,48
72,165,92,332,48
60,159,84,336,48
66,162,92,337,48
60,165,104,337,48
40,151,80,346,48
30,128,36,358,48
60,131,48,358,48
20,114,16,376,48
81,117,28,379,48
111,121,40,383,48
148,125,56,389,48
148,129,72,395,48
148,133,88,401,48
74,75,82,425,48
81,46,26,443,48
155,51,42,447,48
212,57,66,453,48
223,66,102,454,48
233,35,58,474,48
358,56,127,484,48
358,65,172,503,48
358,70,207,508,48
294,73,175,499,48
294,63,131,490,48
364,17,121,495,48
412,56,125,491,48
315,88,127,480,48
276,62,31,506,48
364,94,35,521,48
368,126,39,529,48
286,30,11,573,48
376,93,15,592,48
412,156,19,618,48
421,219,23,636,48
386,277,27,681,48
386,335,31,726,48
386,393,35,771,48
386,451,39,816,48
386,509,43,861,48
304,555,21,899,48
312,613,39,944,48
316,678,57,981,48
347,717,27,1023,48
389,782,45,1095,48
392,849,70,1175,48
318,760,32,1282,48
396,882,36,1368,48
403,1004,40,1461,48
458,1114,20,1564,48
472,1242,24,1636,48
472,1383,28,1701,48
332,1471,32,1748,48
332,1559,36,1795,48
332,1647,40,1842,48
332,1735,44,1889,48
332,1823,48,1936,48
361,1904,12,1991,48
279,1992,46,2049,48
279,2080,80,2107,48
176,1886,39,2207,48
279,1994,71,2265,48
279,2102,103,2327,48
279,2194,86,2374,48
267,2267,54,2429,48
286,2375,69,2476,48
289,2483,99,2517,48
345,2593,129,2566,48
345,2683,119,2624,48
345,2773,109,2682,48
181,2805,52,2724,48
259,2861,26,2761,48
325,2952,47,2799,48
279,3055,68,2831,48
279,3158,89,2863,48
279,3261,110,2895,48
238,3291,59,2955,48
360,3394,80,3001,48
300,3465,61,3051,48
311,3556,82,3087,48
200,3596,22,3147,48
170,3650,38,3166,48
170,3704,54,3185,48
340,50,100,20,49
291,46,84,38,49
242,46,156,56,49
194,45,225,74,49
145,21,240,77,49
97,37,256,80,49
90,34,274,83,49
83,34,298,83,49
69,26,302,89,49
75,26,322,91,49
68,26,346,91,49
61,22,358,94,49
47,22,378,88,49
28,14,378,88,49
28,14,394,76,49
28,14,410,64,49
28,14,426,52,49
28,14,442,40,49
21,2,426,37,49
21,2,438,19,49
21,2,450,1,49
21,2,462,0,49
21,2,474,0,49
21,2,486,0,49
21,2,498,0,49
21,2,510,0,49
21,2,522,0,49
21,2,534,0,49
21,2,546,0,49
21,2,558,0,49
21,2,570,0,49
21,2,582,0,49
21,2,594,0,49
21,2,606,0,49
21,2,618,0,49
21,2,630,0,49
21,2,642,0,49
21,2,654,0,49
21,2,666,0,49
21,2,678,0,49
21,2,690,0,49
21,2,702,0,49
21,2,714,0,49
21,2,726,0,49
21,2,738,0,49
21,2,750,0,49
21,2,762,0,49
21,2,774,0,49
21,2,786,0,49
21,2,798,0,49
21,2,810,0,49
21,2,822,0,49
21,2,834,0,49
21,2,846,0,49
21,2,858,0,49
21,2,870,0,49
21,2,882,0,49
21,2,894,0,49
21,2,906,0,49
21,2,918,0,49
21,2,930,0,49
21,2,942,0,49
21,2,954,0,49
21,2,966,0,49
21,2,978,0,49
21,2,990,0,49
21,2,1002,0,49
21,2,1014,0,49
21,2,1026,0,49
21,2,1038,0,49
21,2,1050,0,49
21,2,1062,0,49
21,2,1074,0,49
21,2,1086,0,49
21,2,1098,0,49
21,2,1110,0,49
21,2,1122,0,49
21,2,1134,0,49
21,2,1146,0,49
21,2,1158,0,49
21,2,1170,0,49
21,2,1182,0,49
21,2,1194,0,49
21,2,1206,0,49
21,2,1218,0,49
21,2,1230,0,49
21,2,1242,0,49
21,2,1254,0,49
21,2,1266,0,49
21,2,1278,0,49
21,2,1290,0,49
21,2,1302,0,49
21,2,1314,0,49
21,2,1326,0,49
21,2,1338,0,49
21,2,1350,0,49
21,2,1362,0,49
21,2,1374,0,49
21,2,1386,0,49
21,2,1398,0,49
340,26,95,20,50
280,60,91,40,50
260,75,85,60,50
259,89,85,74,50
250,91,69,88,50
249,104,66,102,50
240,112,66,101,50
219,100,34,109,50
210,108,34,108,50
201,116,34,107,50
197,116,26,107,50
184,112,10,113,50
181,114,12,110,50
177,116,14,107,50
164,110,3,110,50
166,112,5,107,50
174,114,7,106,50
171,118,10,105,50
168,122,13,104,50
165,126,16,103,50
162,130,19,102,50
159,134,22,101,50
156,138,25,100,50
153,142,28,99,50
123,130,5,110,50
132,134,7,112,50
136,138,10,115,50
131,142,13,115,50
126,146,16,115,50
121,150,19,115,50
116,154,22,115,50
111,158,25,115,50
117,160,27,114,50
124,162,29,114,50
128,166,32,117,50
123,170,35,117,50
118,174,38,117,50
113,178,41,117,50
108,182,44,117,50
103,186,47,117,50
98,190,50,117,50
93,194,53,117,50
88,198,56,117,50
83,202,59,117,50
78,206,62,117,50
84,208,64,116,50
88,212,67,119,50
79,206,53,122,50
83,208,55,119,50
64,198,33,124,50
58,200,35,117,50
52,202,37,110,50
27,188,6,115,50
29,190,8,105,50
38,194,11,96,50
44,198,14,84,50
57,204,17,69,50
25,146,5,80,50
57,152,9,67,50
76,158,13,52,50
82,166,18,33,50
95,176,24,10,50
114,186,30,0,50
120,198,37,0,50
152,212,45,0,50
139,208,17,0,50
269,224,26,0,50
312,250,38,0,50
316,278,50,0,50
312,284,18,0,50
316,312,26,0,50
316,340,38,0,50
316,368,50,0,50
266,359,10,0,50
344,375,18,0,50
350,379,30,0,50
350,383,42,0,50
350,387,54,0,50
340,381,22,0,50
297,325,37,0,50
350,343,89,0,50
252,331,37,27,50
352,349,84,17,50
306,343,83,23,50
308,361,130,0,50
292,355,129,0,50
276,366,178,0,50
174,352,161,0,50
162,346,158,9,50
202,340,157,4,50
172,358,206,0,50
172,376,255,0,50
125,351,196,44,50
133,240,231,56,50
188,245,233,59,50
164,245,238,67,50
265,237,230,103,50
291,234,216,129,50
291,223,186,161,50
217,84,207,235,50
340,50,100,20,51
280,46,84,40,51
220,46,164,60,51
160,22,207,80,51
134,20,223,93,51
113,19,236,106,51
98,19,248,111,51
81,13,240,119,51
85,13,248,124,51
89,13,256,129,51
93,9,256,137,51
86,1,244,142,51
89,1,248,138,51
92,1,252,134,51
95,1,256,130,51
91,1,260,125,51
87,1,264,120,51
83,1,268,115,51
79,1,272,110,51
75,1,276,105,51
76,1,280,104,51
82,1,284,104,51
88,1,288,104,51
94,1,292,104,51
100,1,296,104,51
106,1,300,104,51
114,1,300,102,51
122,1,300,100,51
130,1,300,98,51
138,1,300,96,51
146,1,300,94,51
154,1,300,92,51
162,1,300,90,51
170,1,300,88,51
178,1,300,86,51
186,1,300,84,51
194,1,300,82,51
202,1,300,80,51
210,1,300,78,51
218,1,300,76,51
226,1,300,74,51
234,1,300,72,51
242,1,300,70,51
250,1,300,68,51
248,1,300,65,51
247,1,300,62,51
245,1,300,59,51
244,1,300,56,51
243,1,300,53,51
241,1,300,50,51
240,1,300,47,51
239,1,300,44,51
237,1,300,41,51
236,1,300,38,51
235,1,300,35,51
233,1,300,32,51
232,1,300,29,51
231,1,300,26,51
229,1,300,23,51
228,1,300,20,51
227,1,300,17,51
225,1,300,14,51
224,1,300,11,51
223,1,300,8,51
221,1,300,5,51
220,1,300,2,51
218,1,300,0,51
217,1,300,0,51
216,1,300,0,51
214,1,300,0,51
213,1,300,0,51
212,1,300,0,51
210,1,300,0,51
220,1,300,0,51
229,1,300,0,51
238,1,300,0,51
247,1,300,0,51
256,1,300,0,51
265,1,300,0,51
274,1,300,0,51
283,1,300,0,51
292,1,300,0,51
301,1,300,0,51
310,1,300,0,51
319,1,300,0,51
328,1,300,0,51
337,1,300,0,51
346,1,300,0,51
355,1,300,0,51
364,1,300,0,51
373,1,300,0,51
382,1,300,0,51
391,1,300,0,51
400,1,300,0,51
409,1,300,0,51
418,1,300,0,51
427,1,300,0,51
436,1,300,0,51
445,1,300,0,51
454,1,300,0,51
340,47,94,20,52
280,47,94,40,52
220,45,90,60,52
360,44,87,80,52
391,44,87,68,52
358,38,75,60,52
335,26,51,73,52
356,2,46,89,52
375,23,46,103,52
320,5,10,133,52
414,5,10,151,52
484,5,10,171,52
509,5,10,195,52
537,5,10,222,52
588,1,2,254,52
546,1,2,258,52
546,1,2,262,52
546,1,2,266,52
546,1,2,270,52
546,1,2,274,52
546,1,2,278,52
546,1,2,282,52
546,1,2,286,52
546,1,2,290,52
546,1,2,294,52
546,1,2,298,52
546,1,2,302,52
546,1,2,306,52
546,1,2,310,52
426,1,2,310,52
420,1,2,310,52
420,1,2,310,52
420,1,2,310,52
420,1,2,310,52
420,1,2,310,52
420,1,2,310,52
420,1,2,310,52
420,1,2,310,52
420,1,2,310,52
420,1,2,310,52
420,1,2,310,52
420,1,2,310,52
420,1,2,310,52
439,1,2,314,52
411,1,2,318,52
383,1,2,322,52
378,1,2,326,52
378,1,2,330,52
378,1,2,334,52
378,1,2,338,52
378,1,2,342,52
362,1,2,344,52
359,1,2,346,52
359,1,2,348,52
359,1,2,350,52
359,1,2,352,52
359,1,2,354,52
359,1,2,356,52
359,1,2,358,52
359,1,2,360,52
359,1,2,362,52
359,1,2,364,52
359,1,2,366,52
359,1,2,368,52
417,1,2,370,52
444,1,2,371,52
430,1,2,372,52
416,1,2,373,52
402,1,2,374,52
388,1,2,375,52
374,1,2,376,52
360,1,2,377,52
346,1,2,378,52
346,1,2,379,52
346,1,2,380,52
346,1,2,381,52
346,1,2,382,52
346,1,2,383,52
346,1,2,384,52
404,1,2,384,52
446,1,2,386,52
473,1,2,388,52
459,1,2,389,52
445,1,2,390,52
450,1,2,392,52
422,1,2,396,52
394,1,2,400,52
378,1,2,404,52
378,1,2,408,52
378,1,2,412,52
383,1,2,414,52
378,1,2,416,52
378,1,2,418,52
378,1,2,420,52
458,1,2,423,52
515,1,2,424,52
543,1,2,418,52
557,1,2,411,52
538,1,2,403,52
519,1,2,395,52
340,49,97,20,53
280,25,92,4,53
220,41,88,0,53
209,53,88,0,53
177,57,72,8,53
152,61,76,13,53
120,69,88,9,53
88,77,100,5,53
56,85,112,1,53
28,88,118,0,53
28,96,130,0,53
28,104,142,0,53
28,112,154,0,53
28,120,166,0,53
28,128,178,0,53
28,136,190,0,53
21,134,183,0,53
28,142,195,0,53
35,150,210,0,53
42,162,228,0,53
42,158,214,2,53
35,144,181,7,53
21,140,159,27,53
42,142,176,29,53
28,90,189,38,53
42,88,198,38,53
42,84,202,26,53
42,96,238,0,53
42,100,259,0,53
40,84,191,30,53
100,60,178,21,53
140,60,229,0,53
173,60,293,0,53
173,28,293,0,53
196,32,371,0,53
192,24,423,0,53
192,16,475,0,53
240,20,553,0,53
242,24,631,0,53
309,28,711,0,53
314,32,791,0,53
316,36,871,0,53
319,40,965,0,53
319,44,1049,0,53
188,14,991,34,53
319,18,1075,23,53
324,22,1159,5,53
329,26,1243,0,53
329,30,1344,0,53
322,16,1392,0,53
443,20,1478,0,53
451,24,1564,0,53
454,28,1665,0,53
493,32,1766,0,53
493,36,1867,0,53
337,20,1928,0,53
334,6,1978,0,53
351,10,2064,0,53
360,14,2168,0,53
400,20,2272,0,53
411,26,2376,0,53
438,32,2481,0,53
515,38,2586,0,53
438,20,2643,0,53
441,26,2748,0,53
522,32,2853,0,53
522,38,2958,0,53
522,44,3063,0,53
417,26,3120,0,53
499,10,3126,0,53
524,16,3279,0,53
552,22,3432,0,53
555,28,3608,0,53
672,34,3787,0,53
672,40,3966,0,53
672,46,4145,0,53
672,52,4324,0,53
555,28,4423,0,53
724,34,4602,0,53
808,40,4781,0,53
611,16,4828,68,53
808,22,5040,51,53
822,28,5280,36,53
866,36,5520,32,53
878,44,5760,34,53
874,28,5952,45,53
870,34,6192,0,53
870,40,6432,0,53
870,46,6672,0,53
870,52,6912,0,53
878,60,7084,0,53
866,30,7184,0,53
1018,38,7356,0,53
954,47,7527,0,53
954,56,7698,0,53
962,20,7786,0,53
1143,29,7957,15,53
1147,38,8128,18,53
1186,47,8299,31,53
1186,56,8482,38,53
340,49,97,20,54
280,47,93,0,54
274,43,85,0,54
238,37,73,5,54
214,37,73,4,54
190,34,67,3,54
154,30,51,11,54
124,30,51,16,54
76,18,27,30,54
88,18,27,38,54
52,10,11,46,54
30,10,11,51,54
30,10,11,56,54
24,10,11,58,54
18,6,3,63,54
18,6,3,56,54
18,6,3,49,54
18,6,3,42,54
18,6,3,35,54
18,6,3,28,54
18,6,3,21,54
12,6,3,17,54
12,6,3,13,54
12,6,3,11,54
12,6,3,9,54
12,6,3,7,54
12,6,3,5,54
12,6,3,3,54
12,6,3,1,54
12,6,3,0,54
12,6,3,0,54
12,6,3,0,54
12,6,3,0,54
12,6,3,0,54
12,6,3,0,54
12,6,3,0,54
12,6,3,0,54
12,6,3,0,54
12,6,3,0,54
12,6,3,0,54
12,6,3,0,54
12,6,3,0,54
12,6,3,0,54
12,6,3,0,54
12,6,3,0,54
12,6,3,0,54
12,6,3,0,54
12,6,3,0,54
12,6,3,0,54
12,6,3,0,54
12,6,3,0,54
12,6,3,0,54
12,6,3,0,54
12,6,3,0,54
12,6,3,0,54
12,6,3,0,54
12,6,3,0,54
12,6,3,0,54
12,6,3,0,54
12,6,3,0,54
12,6,3,0,54
12,6,3,0,54
12,6,3,0,54
12,6,3,0,54
12,6,3,0,54
12,6,3,0,54
12,6,3,0,54
12,6,3,0,54
12,6,3,0,54
12,6,3,0,54
12,6,3,0,54
12,6,3,0,54
12,6,3,0,54
12,6,3,0,54
12,6,3,0,54
12,6,3,0,54
12,6,3,0,54
12,6,3,0,54
12,6,3,0,54
12,6,3,0,54
12,6,3,0,54
12,6,3,0,54
12,6,3,0,54
12,6,3,0,54
12,6,3,0,54
12,6,3,0,54
12,6,3,0,54
12,6,3,0,54
12,6,3,0,54
12,6,3,0,54
12,6,3,0,54
12,6,3,0,54
12,6,3,0,54
12,6,3,0,54
12,6,3,0,54
12,6,3,0,54
12,6,3,0,54
12,6,3,0,54
12,6,3,0,54
12,6,3,0,54
340,46,84,20,55
280,22,127,40,55
220,19,157,60,55
198,19,181,72,55
176,18,202,84,55
155,10,194,87,55
133,8,202,90,55
130,4,202,96,55
120,4,210,93,55
110,4,218,90,55
100,4,226,87,55
90,4,234,84,55
80,4,242,81,55
70,4,250,78,55
60,4,258,75,55
50,4,266,72,55
40,4,274,69,55
30,4,282,66,55
20,4,290,63,55
12,4,298,60,55
12,4,306,57,55
12,4,314,54,55
12,4,322,50,55
12,4,330,46,55
12,4,338,42,55
12,4,346,38,55
12,4,354,34,55
12,4,362,30,55
12,4,370,26,55
12,4,378,22,55
12,4,386,18,55
12,4,394,14,55
12,4,402,10,55
12,4,410,6,55
12,4,418,2,55
12,4,426,0,55
12,4,434,0,55
12,4,442,0,55
12,4,450,0,55
12,4,458,0,55
12,4,466,0,55
12,4,474,0,55
12,4,482,0,55
12,4,490,0,55
12,4,498,0,55
12,4,506,0,55
12,4,514,0,55
12,4,522,0,55
12,4,530,0,55
12,4,538,0,55
12,4,546,0,55
12,4,554,0,55
12,4,562,0,55
12,4,570,0,55
12,4,578,0,55
12,4,586,0,55
12,4,594,0,55
12,4,602,0,55
12,4,610,0,55
12,4,618,0,55
12,4,626,0,55
0,4,634,0,55
0,4,642,0,55
0,4,646,0,55
0,4,650,0,55
0,2,646,0,55
0,2,650,0,55
0,2,650,0,55
0,2,650,0,55
0,2,650,0,55
340,50,100,20,56
280,48,96,40,56
277,45,90,60,56
265,37,74,80,56
241,13,69,100,56
199,9,53,120,56
160,9,74,140,56
121,9,95,160,56
82,8,113,180,56
37,8,128,185,56
15,8,143,190,56
15,8,158,195,56
15,4,165,203,56
12,4,177,199,56
12,4,189,195,56
12,4,201,191,56
12,4,213,187,56
12,4,225,183,56
12,4,237,179,56
12,4,249,175,56
12,4,261,171,56
12,4,273,167,56
12,4,285,163,56
12,4,297,159,56
12,4,309,155,56
12,4,321,151,56
12,4,333,147,56
12,4,345,143,56
12,4,357,139,56
12,4,369,135,56
12,4,381,131,56
12,4,393,127,56
12,4,405,123,56
12,4,417,119,56
12,4,429,115,56
12,4,441,111,56
12,4,453,107,56
12,4,465,103,56
12,4,477,99,56
12,4,489,95,56
12,4,501,91,56
12,4,513,87,56
12,4,525,83,56
12,4,537,79,56
12,4,549,75,56
12,4,561,71,56
12,4,573,67,56
12,4,585,63,56
12,4,597,59,56
12,4,609,55,56
12,4,621,52,56
12,4,633,49,56
12,4,645,46,56
12,4,657,43,56
12,4,669,40,56
9,4,678,36,56
9,4,687,32,56
9,4,696,28,56
9,4,705,24,56
9,4,714,20,56
9,4,723,16,56
9,4,732,12,56
9,4,741,8,56
9,4,750,4,56
9,4,759,0,56
9,4,768,0,56
9,4,777,0,56
9,4,786,0,56
9,4,795,0,56
9,4,804,0,56
9,4,813,0,56
9,4,822,0,56
9,4,831,0,56
9,4,840,0,56
9,4,849,0,56
9,4,858,0,56
9,4,867,0,56
9,4,876,0,56
9,4,885,0,56
9,4,894,0,56
9,4,903,0,56
9,4,912,0,56
9,4,921,0,56
9,4,930,0,56
9,4,939,0,56
9,4,948,0,56
9,4,957,0,56
9,4,966,0,56
9,4,975,0,56
9,4,984,0,56
9,4,993,0,56
12,4,1005,5,56
15,4,1020,11,56
18,4,1038,16,56
21,4,1059,24,56
24,4,1083,31,56
33,4,1116,43,56
45,4,1161,58,56
60,4,1221,79,56
78,4,1299,120,56
340,49,97,20,57
280,45,89,0,57
220,37,73,0,57
160,34,67,0,57
100,10,62,0,57
40,25,62,0,57
0,29,46,0,57
0,41,46,0,57
0,48,42,0,57
0,45,30,3,57
12,48,30,0,57
12,54,30,0,57
12,60,30,0,57
12,66,30,0,57
12,72,30,0,57
0,63,6,3,57
0,66,6,0,57
0,69,6,0,57
0,72,6,0,57
0,75,6,0,57
0,75,6,0,57
340,26,95,20,58
314,52,95,33,58
289,72,91,46,58
334,84,91,59,58
349,84,79,72,58
392,89,73,85,58
445,97,73,98,58
494,107,73,112,58
479,99,49,130,58
573,107,49,148,58
581,105,36,161,58
560,95,15,176,58
613,100,21,191,58
632,96,11,201,58
673,96,9,211,58
705,100,15,215,58
746,104,21,219,58
778,108,27,223,58
811,112,33,226,58
844,116,39,229,58
875,120,48,232,58
866,108,22,244,58
886,114,31,247,58
892,122,43,253,58
796,108,13,273,58
819,112,19,278,58
822,118,28,284,58
817,124,37,291,58
812,130,46,298,58
724,72,35,320,58
705,90,44,330,58
686,108,53,340,58
651,114,46,353,58
623,128,55,357,58
528,104,7,382,58
493,116,16,386,58
458,128,25,390,58
400,128,7,400,58
364,140,13,398,58
328,152,19,396,58
292,164,25,394,58
256,176,31,392,58
221,188,40,396,58
186,200,49,400,58
121,182,4,413,58
86,194,13,417,58
83,206,22,421,58
83,218,31,425,58
83,230,40,429,58
60,230,22,439,58
82,242,28,437,58
90,260,37,439,58
112,278,46,437,58
53,276,12,456,58
112,288,30,454,58
120,304,54,455,58
90,256,58,476,58
30,142,36,515,58
90,160,54,521,58
69,172,66,522,58
69,184,78,523,58
53,176,58,536,58
60,188,70,534,58
53,174,39,539,58
60,186,51,529,58
83,198,66,522,58
83,212,84,517,58
90,224,102,509,58
23,104,74,545,58
90,128,92,542,58
30,115,18,583,58
99,139,48,585,58
113,163,84,590,58
120,191,120,592,58
120,199,116,608,58
113,199,98,615,58
120,223,134,611,58
0,46,95,667,58
30,26,44,695,58
98,56,71,705,58
124,89,101,714,58
125,125,137,724,58
159,171,176,736,58
57,157,71,801,58
136,180,86,827,58
166,226,147,835,58
163,278,207,848,58
163,330,267,861,58
34,303,125,944,58
163,355,194,970,58
125,355,175,1024,58
224,381,206,1063,58
130,383,199,1084,58
141,416,244,1087,58
137,414,215,1104,58
141,416,198,1121,58
35,179,145,1196,58
90,165,87,1215,58
137,204,126,1214,58
176,249,168,1210,58
340,48,96,20,59
424,44,80,40,59
484,44,100,60,59
508,38,102,80,59
493,26,82,100,59
448,8,46,120,59
553,5,48,140,59
666,5,58,162,59
779,4,69,191,59
844,4,81,205,59
889,4,95,220,59
924,4,111,238,59
917,4,129,256,59
910,4,147,274,59
846,4,169,286,59
782,4,191,298,59
718,4,213,310,59
654,4,235,322,59
590,4,257,334,59
526,4,279,346,59
462,4,301,358,59
398,4,323,370,59
334,4,345,382,59
270,4,367,394,59
240,4,389,406,59
263,4,405,416,59
268,4,423,427,59
231,4,445,438,59
231,4,467,449,59
231,4,489,460,59
231,4,511,471,59
231,4,533,482,59
231,4,555,493,59
231,4,577,504,59
231,4,599,515,59
231,4,621,526,59
231,4,643,537,59
231,4,665,548,59
231,4,687,559,59
231,4,709,570,59
231,4,731,581,59
231,4,753,592,59
231,4,775,603,59
231,4,797,614,59
231,4,819,625,59
231,4,841,636,59
231,4,863,647,59
231,4,885,658,59
231,4,907,669,59
231,4,929,680,59
231,4,951,691,59
231,4,973,702,59
231,4,995,713,59
231,4,1017,724,59
231,4,1039,735,59
231,4,1061,746,59
231,4,1083,757,59
231,4,1105,768,59
231,4,1127,779,59
231,4,1149,790,59
231,4,1171,801,59
231,4,1193,812,59
231,4,1213,824,59
231,4,1233,836,59
231,4,1253,848,59
231,4,1273,860,59
231,4,1293,872,59
231,4,1313,884,59
231,4,1333,896,59
231,4,1353,908,59
224,4,1371,919,59
217,4,1389,930,59
210,4,1407,941,59
210,4,1425,952,59
210,4,1443,963,59
210,4,1461,974,59
210,4,1479,985,59
210,4,1497,996,59
210,4,1515,1007,59
210,4,1533,1018,59
210,4,1551,1029,59
210,4,1569,1040,59
210,4,1587,1051,59
210,4,1605,1062,59
210,4,1623,1073,59
210,4,1641,1084,59
210,4,1659,1095,59
210,4,1677,1106,59
210,4,1695,1117,59
210,4,1713,1128,59
210,4,1731,1139,59
210,4,1749,1150,59
210,4,1767,1161,59
210,4,1785,1172,59
210,4,1803,1183,59
210,4,1821,1194,59
210,4,1839,1205,59
249,4,1851,1211,59
294,4,1863,1219,59
323,4,1877,1226,59
340,47,94,20,60
280,23,89,40,60
220,15,73,60,60
160,14,70,80,60
100,12,66,73,60
55,6,54,81,60
65,6,54,86,60
91,6,54,93,60
114,6,54,102,60
143,6,54,113,60
192,6,54,129,60
247,6,54,150,60
312,6,54,174,60
357,16,46,125,60
250,16,46,79,60
140,10,34,60,60
264,10,34,50,60
318,10,34,37,60
374,6,18,28,60
420,14,102,44,60
420,14,170,61,60
309,8,206,59,60
507,14,269,62,60
507,8,308,71,60
449,14,371,38,60
433,10,371,55,60
449,16,431,36,60
451,22,491,20,60
449,12,519,21,60
336,16,579,0,60
336,20,639,0,60
302,2,651,0,60
371,6,711,0,60
371,10,771,0,60
371,14,831,0,60
371,18,891,0,60
371,22,951,0,60
257,2,907,23,60
322,6,988,7,60
371,10,1069,0,60
371,14,1150,0,60
371,18,1231,0,60
371,22,1312,0,60
316,6,1350,8,60
322,10,1431,0,60
322,14,1512,0,60
322,18,1593,0,60
308,22,1674,0,60
254,10,1720,0,60
308,14,1801,0,60
308,18,1882,0,60
308,22,1963,0,60
308,26,2044,0,60
308,30,2125,0,60
308,34,2206,0,60
246,16,2240,0,60
315,20,2321,0,60
371,24,2402,0,60
371,28,2483,0,60
371,32,2564,0,60
302,8,2582,16,60
378,12,2663,8,60
378,16,2765,3,60
442,20,2867,26,60
442,24,2969,52,60
431,12,3039,78,60
435,16,3141,90,60
439,20,3243,91,60
450,24,3345,97,60
454,28,3451,94,60
510,32,3557,96,60
501,12,3611,127,60
569,18,3717,158,60
569,24,3823,178,60
569,30,3929,198,60
569,36,4035,218,60
450,8,4073,252,60
418,12,4153,275,60
418,16,4233,298,60
418,20,4313,321,60
359,4,4345,332,60
363,8,4425,342,60
371,12,4509,338,60
434,16,4593,352,60
438,20,4677,356,60
434,8,4729,378,60
363,12,4809,388,60
363,16,4889,398,60
363,20,4969,408,60
363,24,5049,418,60
363,28,5129,428,60
363,32,5209,438,60
363,36,5289,448,60
363,40,5369,458,60
212,20,5329,490,60
363,24,5401,513,60
371,28,5499,536,60
371,32,5597,561,60
167,2,5509,622,60
257,2,5563,628,60
340,46,84,20,61
280,45,101,40,61
220,21,102,42,61
160,36,102,41,61
116,54,107,40,61
73,72,112,39,61
29,90,117,38,61
0,103,118,40,61
48,112,121,44,61
45,112,111,51,61
60,117,106,58,61
38,108,83,71,61
66,106,69,78,61
56,104,55,79,61
1,86,19,95,61
60,92,21,93,61
18,32,7,113,61
72,41,9,115,61
78,50,11,116,61
90,63,14,118,61
111,76,17,121,61
111,92,21,124,61
111,108,24,126,61
111,124,27,128,61
72,141,31,127,61
72,158,35,126,61
60,155,6,134,61
72,172,10,133,61
90,192,15,131,61
117,220,21,129,61
150,253,29,129,61
99,157,6,167,61
162,194,15,175,61
196,234,29,189,61
196,274,43,193,61
99,115,6,258,61
168,173,20,276,61
168,227,34,300,61
168,281,48,324,61
144,319,16,360,61
126,373,59,384,61
144,397,51,420,61
126,439,77,456,61
54,217,40,540,61
127,270,85,562,61
126,320,124,578,61
108,330,90,606,61
99,330,39,637,61
159,354,32,683,61
177,407,77,718,61
229,469,122,762,61
188,531,193,809,61
38,247,137,916,61
123,291,171,940,61
104,313,120,1002,61
133,340,157,1034,61
25,319,50,1097,61
95,354,109,1118,61
104,380,142,1148,61
120,399,175,1166,61
92,414,200,1161,61
47,395,72,1233,61
94,426,149,1200,61
44,199,119,1268,61
126,210,146,1284,61
126,215,163,1308,61
130,248,231,1276,61
78,226,102,1352,61
132,259,184,1326,61
128,264,218,1348,61
220,297,300,1342,61
224,329,386,1375,61
215,328,408,1420,61
162,308,392,1448,61
9,259,196,1542,61
231,274,250,1553,61
57,38,210,1634,61
153,20,178,1679,61
273,51,260,1707,61
274,83,342,1738,61
180,63,298,1789,61
9,7,62,1909,61
288,39,118,1940,61
288,71,181,1974,61
133,45,139,2008,61
288,77,202,2042,61
290,109,284,2082,61
199,83,232,2158,61
345,115,314,2219,61
9,49,38,2359,61
253,83,97,2418,61
196,105,146,2447,61
81,61,61,2512,61
196,83,110,2541,61
186,105,159,2569,61
149,99,155,2600,61
115,59,77,2640,61
168,81,126,2659,61
211,103,182,2677,61
122,71,124,2736,61
340,47,94,20,62
280,47,94,40,62
220,43,78,60,62
160,43,158,80,62
100,43,238,100,62
40,19,281,120,62
0,19,297,140,62
0,26,329,155,62
0,38,329,167,62
0,46,326,176,62
0,47,322,177,62
6,49,322,177,62
12,52,322,178,62
9,38,290,187,62
9,36,274,196,62
9,32,266,205,62
23,31,264,214,62
33,34,270,215,62
0,25,233,238,62
7,2,188,250,62
21,6,198,252,62
35,11,214,253,62
49,19,238,252,62
77,23,256,258,62
102,41,313,247,62
105,56,362,234,62
133,77,416,229,62
91,65,445,272,62
91,89,451,315,62
91,105,441,358,62
147,134,460,401,62
180,182,517,447,62
180,218,550,478,62
151,234,563,467,62
151,242,560,456,62
270,242,562,442,62
354,269,619,436,62
281,227,650,433,62
231,229,606,458,62
176,219,507,534,62
278,229,517,573,62
280,235,519,589,62
109,207,371,659,62
143,205,379,681,62
262,203,399,704,62
263,197,399,717,62
104,155,217,804,62
202,170,260,795,62
67,115,34,908,62
202,130,97,901,62
203,145,160,897,62
199,126,178,904,62
141,105,154,911,62
168,119,204,903,62
141,101,188,926,62
183,114,248,930,62
141,89,215,965,62
227,102,275,972,62
228,115,336,983,62
152,84,289,1024,62
218,53,247,1058,62
160,14,184,1106,62
310,27,245,1123,62
310,40,306,1142,62
310,53,367,1161,62
310,66,428,1180,62
310,79,489,1199,62
179,34,414,1258,62
346,47,475,1291,62
349,60,536,1328,62
349,73,597,1353,62
349,86,658,1378,62
349,99,719,1403,62
307,84,724,1442,62
293,93,760,1465,62
293,102,796,1488,62
293,111,832,1511,62
293,120,868,1534,62
293,129,904,1557,62
101,70,801,1622,62
299,70,837,1645,62
211,41,806,1667,62
265,41,842,1679,62
308,41,881,1689,62
308,41,920,1690,62
308,41,959,1691,62
211,4,916,1711,62
308,4,955,1712,62
309,4,996,1716,62
310,4,1037,1721,62
315,4,1098,1733,62
316,8,1159,1749,62
317,12,1220,1755,62
356,16,1281,1765,62
359,20,1342,1778,62
361,24,1403,1796,62
327,24,1466,1826,62
327,24,1529,1856,62
327,24,1592,1886,62
327,24,1655,1916,62
340,49,97,20,63
280,49,97,0,63
220,47,93,0,63
160,41,88,2,63
100,64,80,0,63
40,80,76,0,63
28,84,60,0,63
28,93,54,0,63
21,95,38,0,63
21,89,22,0,63
14,89,18,0,63
38,87,10,0,63
57,93,18,0,63
57,102,30,0,63
69,111,42,0,63
38,105,22,7,63
90,114,34,5,63
97,111,22,10,63
123,123,38,8,63
78,69,32,27,63
123,96,48,30,63
78,101,16,50,63
123,128,32,58,63
123,140,24,58,63
130,167,40,46,63
104,173,16,55,63
149,203,36,52,63
149,217,24,57,63
156,253,44,50,63
175,292,68,46,63
208,337,96,40,63
182,355,72,56,63
160,265,64,96,63
179,268,24,133,63
357,312,42,146,63
235,341,54,179,63
287,385,114,195,63
287,405,126,231,63
290,449,187,253,63
159,296,177,321,63
222,309,165,371,63
297,346,194,396,63
116,146,166,481,63
296,233,229,497,63
296,337,292,517,63
239,392,289,551,63
87,122,239,655,63
226,161,197,723,63
243,242,258,776,63
244,312,311,819,63
244,361,356,839,63
58,23,296,957,63
249,94,378,967,63
265,124,409,990,63
274,181,492,1006,63
297,238,575,1027,63
151,262,593,1024,63
105,278,578,1016,63
105,302,587,1008,63
70,300,507,1041,63
49,279,387,1107,63
28,239,211,1200,63
108,292,326,1192,63
105,300,338,1214,63
11,249,110,1339,63
109,303,234,1347,63
32,24,193,1448,63
109,122,295,1459,63
111,220,397,1461,63
107,265,436,1483,63
215,363,538,1505,63
159,385,529,1532,63
157,424,556,1573,63
170,457,557,1628,63
173,479,548,1672,63
181,552,640,1713,63
171,579,643,1780,63
188,595,619,1833,63
197,670,727,1896,63
74,628,523,2027,63
98,355,500,2146,63
188,357,494,2231,63
288,438,604,2315,63
288,519,716,2391,63
285,549,770,2482,63
220,547,778,2552,63
229,563,824,2613,63
220,555,820,2688,63
98,501,579,2835,63
262,513,604,2901,63
249,499,576,2981,63
229,543,653,3011,63
153,511,598,3046,63
79,286,571,3132,63
175,301,546,3176,63
175,316,521,3224,63
231,373,598,3258,63
176,384,549,3299,63
175,375,458,3340,63
175,382,399,3381,63
340,48,96,20,64
325,24,91,36,64
307,37,85,52,64
280,41,69,68,64
253,41,65,84,64
223,41,65,100,64
220,49,77,116,64
190,39,56,132,64
214,45,65,148,64
222,53,80,170,64
196,43,57,193,64
131,33,20,216,64
120,40,41,239,64
94,42,51,253,64
41,20,15,270,64
51,26,33,275,64
72,34,57,283,64
51,22,39,308,64
100,22,47,324,64
134,32,80,331,64
165,44,122,339,64
165,46,140,354,64
134,24,106,366,64
184,38,151,375,64
134,28,107,423,64
215,44,169,441,64
238,54,223,471,64
238,76,301,477,64
209,52,280,499,64
238,74,358,505,64
217,72,380,543,64
259,34,437,574,64
251,23,447,643,64
236,26,469,689,64
245,45,524,702,64
245,64,579,718,64
116,43,483,781,64
60,9,347,865,64
231,24,427,881,64
231,43,508,901,64
231,62,589,921,64
143,29,547,955,64
183,44,625,967,64
189,59,703,982,64
143,18,645,1018,64
231,37,725,1056,64
223,40,771,1105,64
231,59,851,1135,64
30,12,663,1239,64
231,27,776,1271,64
233,46,889,1308,64
236,66,1002,1347,64
183,33,1016,1407,64
236,53,1129,1448,64
266,73,1264,1495,64
268,93,1399,1546,64
159,78,1417,1603,64
231,93,1530,1636,64
137,90,1567,1667,64
111,69,1543,1707,64
163,84,1597,1720,64
163,41,1539,1762,64
231,56,1619,1775,64
238,71,1700,1794,64
278,87,1781,1820,64
223,38,1731,1888,64
278,34,1772,1923,64
286,50,1856,1923,64
231,29,1864,1985,64
254,21,1900,2005,64
259,38,1985,2037,64
261,55,2070,2061,64
242,29,2067,2113,64
276,46,2152,2142,64
318,63,2237,2178,64
145,21,2095,2286,64
319,33,2206,2316,64
331,46,2340,2355,64
331,59,2493,2400,64
331,72,2646,2445,64
322,61,2732,2490,64
307,25,2742,2545,64
354,38,2854,2575,64
354,51,2989,2610,64
354,64,3124,2645,64
296,39,3221,2710,64
354,75,3333,2745,64
295,46,3316,2817,64
354,82,3451,2859,64
376,119,3590,2894,64
354,127,3669,2950,64
288,108,3669,3051,64
393,112,3717,3107,64
408,100,3760,3142,64
450,124,3902,3150,64
463,148,4044,3165,64
243,109,3871,3273,64
392,61,3868,3329,64
352,45,3932,3343,64
211,68,4035,3344,64
340,50,100,20,65
280,47,94,40,65
220,47,94,60,65
160,46,91,80,65
100,42,83,46,65
40,34,67,18,65
0,32,63,0,65
0,28,47,0,65
0,20,35,0,65
0,14,23,3,65
10,14,27,1,65
0,2,7,3,65
10,2,11,0,65
10,2,15,0,65
10,2,19,0,65
10,2,23,0,65
10,2,27,0,65
10,2,31,0,65
10,2,35,0,65
10,2,39,0,65
10,2,43,0,65
10,2,47,0,65
10,2,51,0,65
10,2,55,0,65
10,2,59,0,65
10,2,63,0,65
10,2,67,0,65
10,2,71,0,65
10,2,75,0,65
10,2,79,0,65
10,2,83,0,65
10,2,87,0,65
10,2,91,0,65
10,2,95,0,65
10,2,99,0,65
10,2,103,0,65
10,2,107,0,65
10,2,111,0,65
10,2,115,0,65
10,2,119,0,65
10,2,123,0,65
10,2,127,0,65
10,2,135,0,65
10,2,143,0,65
10,2,151,0,65
10,2,159,0,65
10,2,167,0,65
10,2,175,0,65
10,2,183,0,65
10,2,191,0,65
10,2,199,0,65
10,2,207,0,65
10,2,215,0,65
10,2,223,0,65
10,2,231,0,65
10,2,239,0,65
10,2,247,0,65
10,2,255,0,65
10,2,263,0,65
10,2,271,0,65
10,2,279,0,65
10,2,287,0,65
10,2,295,0,65
10,2,303,0,65
10,2,311,0,65
10,2,319,0,65
10,2,327,0,65
10,2,335,0,65
10,2,343,0,65
10,2,351,0,65
10,2,359,0,65
10,2,367,0,65
10,2,375,0,65
10,2,383,0,65
10,2,391,0,65
10,2,399,0,65
10,2,407,0,65
10,2,415,0,65
10,2,423,0,65
10,2,431,0,65
10,2,439,0,65
10,2,447,0,65
10,2,455,0,65
10,2,463,0,65
10,2,471,0,65
10,2,479,0,65
10,2,487,0,65
10,2,495,0,65
0,2,503,0,65
0,2,507,0,65
0,2,511,0,65
0,2,515,0,65
0,2,519,0,65
0,2,519,0,65
0,2,519,0,65
0,2,519,0,65
340,50,100,20,66
280,49,97,40,66
220,47,93,6,66
230,44,87,0,66
240,44,87,0,66
210,40,71,0,66
166,34,83,6,66
113,22,71,21,66
141,22,91,33,66
62,12,59,56,66
83,12,81,67,66
95,12,105,80,66
93,12,133,93,66
92,8,149,109,66
85,8,173,116,66
85,8,197,123,66
85,8,221,130,66
85,8,245,137,66
85,8,269,144,66
85,8,293,151,66
97,8,309,154,66
109,8,325,157,66
131,8,335,160,66
153,8,345,163,66
177,8,355,167,66
201,8,367,173,66
221,8,379,177,66
237,8,391,179,66
255,8,409,183,66
268,8,427,185,66
270,8,449,186,66
272,8,473,189,66
274,8,495,190,66
286,8,511,191,66
306,8,527,193,66
319,8,545,195,66
328,8,567,197,66
331,8,591,201,66
334,8,615,205,66
323,8,639,205,66
312,8,663,205,66
301,8,687,205,66
290,8,711,205,66
279,8,735,205,66
268,8,759,205,66
257,8,783,205,66
246,8,807,205,66
235,8,831,205,66
224,8,855,205,66
213,8,879,205,66
221,8,899,202,66
217,8,923,200,66
213,8,947,198,66
228,8,967,196,66
236,8,987,193,66
223,8,1011,189,66
210,8,1035,185,66
197,8,1059,181,66
184,8,1083,177,66
171,8,1107,173,66
158,8,1131,169,66
145,8,1155,165,66
132,8,1179,161,66
119,8,1203,157,66
114,8,1227,153,66
114,8,1251,149,66
114,8,1275,145,66
114,8,1299,141,66
114,8,1323,137,66
114,8,1347,133,66
114,8,1371,129,66
114,8,1395,125,66
114,8,1419,121,66
114,8,1443,117,66
114,8,1467,113,66
114,8,1491,109,66
114,8,1515,105,66
114,8,1539,101,66
114,8,1563,97,66
114,8,1587,93,66
114,8,1611,89,66
114,8,1635,85,66
114,8,1659,81,66
114,8,1683,77,66
114,8,1707,73,66
114,8,1731,69,66
114,8,1755,65,66
114,5,1773,64,66
114,5,1797,60,66
114,5,1821,56,66
114,5,1845,52,66
114,5,1869,48,66
114,5,1893,44,66
130,5,1909,40,66
139,5,1929,37,66
154,5,1949,36,66
147,5,1973,32,66
140,5,1997,28,66
133,5,2021,24,66
126,5,2045,20,66
340,46,84,20,67
280,22,91,40,67
220,61,98,60,67
160,89,104,59,67
100,109,102,61,67
40,123,102,51,67
24,136,99,47,67
18,140,85,53,67
24,156,88,56,67
30,172,85,63,67
24,182,77,63,67
54,178,48,69,67
90,198,53,67,67
24,204,28,86,67
42,232,56,84,67
36,192,62,101,67
42,217,77,112,67
158,257,112,126,67
177,291,127,155,67
154,306,75,216,67
138,216,71,280,67
204,268,115,331,67
204,312,143,385,67
142,364,187,413,67
142,416,231,441,67
75,409,127,511,67
160,427,107,548,67
94,271,81,621,67
160,286,48,664,67
218,346,98,699,67
216,392,124,739,67
70,406,92,765,67
115,466,142,777,67
158,514,160,796,67
189,558,170,809,67
149,597,172,820,67
101,445,152,877,67
149,484,152,903,67
149,519,144,936,67
151,580,184,939,67
77,384,143,1002,67
75,477,179,981,67
86,555,193,958,67
106,600,147,983,67
91,615,77,1027,67
98,710,164,1032,67
95,752,155,1036,67
98,849,247,1043,67
98,930,310,1069,67
104,682,276,1173,67
243,821,368,1204,67
241,921,424,1248,67
392,1062,516,1281,67
443,1132,560,1359,67
240,847,510,1505,67
448,965,506,1594,67
522,1048,472,1685,67
536,1152,480,1737,67
536,1248,472,1792,67
536,1336,448,1847,67
608,1436,448,1902,67
536,1532,440,1946,67
615,1641,499,1942,67
335,1340,449,2058,67
406,1364,405,2085,67
409,1392,369,2115,67
408,1416,325,2146,67
165,1080,253,2252,67
417,1153,291,2238,67
240,1170,241,2256,67
49,757,146,2390,67
271,835,182,2398,67
263,866,130,2405,67
233,895,26,2449,67
272,961,67,2445,67
272,1032,108,2443,67
240,1046,32,2466,67
333,1112,73,2464,67
333,1178,114,2462,67
294,1179,26,2499,67
333,1245,67,2497,67
333,1311,108,2496,67
322,1327,52,2506,67
333,1393,76,2490,67
335,1460,100,2476,67
335,1527,141,2465,67
296,1528,53,2494,67
348,1583,73,2472,67
348,1638,93,2450,67
348,1693,113,2428,67
250,1676,27,2438,67
348,1731,47,2416,67
348,1786,67,2394,67
348,1841,87,2372,67
348,1896,107,2350,67
348,1951,127,2328,67
164,1916,18,2380,67
348,1971,38,2358,67
239,2006,52,2346,67
239,2041,66,2334,67
340,46,84,20,68
280,43,116,40,68
220,41,148,60,68
230,41,168,80,68
282,33,152,107,68
357,27,140,164,68
1057,15,116,291,68
993,15,116,433,68
993,15,116,575,68
993,14,113,717,68
780,14,113,761,68
780,14,113,805,68
780,14,113,849,68
780,14,113,893,68
780,14,113,937,68
780,14,113,981,68
780,14,113,1025,68
721,10,105,1069,68
569,2,89,1043,68
515,2,89,989,68
515,2,89,935,68
515,2,89,881,68
515,2,89,827,68
457,2,89,781,68
457,2,89,735,68
457,2,89,689,68
457,2,89,643,68
457,2,89,597,68
457,2,89,551,68
457,2,89,505,68
448,2,89,487,68
448,2,89,469,68
448,2,89,451,68
448,2,89,433,68
448,2,89,415,68
448,2,89,397,68
448,2,89,379,68
448,2,89,361,68
448,2,89,343,68
448,2,89,325,68
448,2,89,307,68
448,2,89,289,68
546,2,89,313,68
553,2,89,344,68
651,2,89,381,68
664,2,89,411,68
721,2,89,453,68
780,2,89,496,68
780,2,89,532,68
780,2,89,568,68
780,2,89,604,68
780,2,89,640,68
780,2,89,676,68
780,2,89,712,68
780,2,89,748,68
780,2,89,784,68
780,2,89,820,68
780,2,89,856,68
780,2,89,892,68
780,2,89,928,68
780,2,89,964,68
780,2,89,1000,68
780,2,89,1036,68
780,2,89,1072,68
780,2,89,1108,68
780,2,89,1144,68
780,2,89,1180,68
780,2,89,1216,68
780,2,89,1252,68
780,2,89,1288,68
780,2,89,1324,68
553,2,89,1355,68
553,2,89,1386,68
553,2,89,1417,68
553,2,89,1448,68
553,2,89,1479,68
393,2,89,1498,68
393,2,89,1517,68
393,2,89,1536,68
393,2,89,1555,68
393,2,89,1574,68
393,2,89,1593,68
393,2,89,1612,68
393,2,89,1631,68
312,2,89,1645,68
292,2,89,1660,68
292,2,89,1675,68
292,2,89,1690,68
292,2,89,1705,68
292,2,89,1720,68
292,2,89,1735,68
292,2,89,1750,68
292,2,89,1765,68
260,2,89,1778,68
260,2,89,1791,68
260,2,89,1804,68
260,2,89,1817,68
260,2,89,1830,68
260,2,89,1843,68
260,2,89,1856,68
340,26,95,20,69
280,65,92,40,69
220,73,76,42,69
160,81,86,44,69
100,88,95,37,69
61,86,88,35,69
23,84,81,33,69
0,92,90,22,69
0,88,80,22,69
0,92,86,16,69
0,82,62,23,69
0,84,65,17,69
0,86,68,13,69
0,88,71,13,69
0,90,71,12,69
0,92,71,13,69
340,46,84,20,70
280,45,121,40,70
220,21,128,42,70
160,21,142,44,70
100,21,156,46,70
40,21,170,48,70
0,17,174,50,70
0,9,162,52,70
0,9,166,46,70
0,9,170,41,70
0,9,172,35,70
0,9,174,31,70
0,9,176,29,70
0,9,178,29,70
0,9,180,28,70
0,9,180,26,70
340,50,100,20,71
280,50,100,40,71
220,46,84,60,71
160,45,161,80,71
100,45,201,70,71
40,45,241,60,71
0,45,281,50,71
0,43,301,44,71
4,19,300,50,71
8,19,306,53,71
12,22,318,56,71
12,25,330,57,71
12,28,342,58,71
12,31,354,59,71
12,34,366,60,71
4,30,362,67,71
10,18,338,80,71
52,20,346,87,71
71,17,342,93,71
90,18,346,93,71
109,19,350,93,71
128,20,354,93,71
127,13,342,97,71
143,14,346,95,71
135,3,326,101,71
137,5,334,98,71
140,7,342,96,71
134,9,350,90,71
128,11,358,84,71
122,13,366,78,71
121,15,374,74,71
120,17,382,70,71
132,18,386,67,71
144,19,390,64,71
150,20,398,60,71
152,22,406,57,71
151,24,414,53,71
132,12,390,64,71
139,5,378,66,71
145,7,386,63,71
148,9,394,57,71
144,11,406,51,71
140,13,418,45,71
136,15,430,39,71
132,17,442,33,71
128,19,454,27,71
72,1,422,45,71
92,3,434,45,71
103,6,446,47,71
114,9,458,47,71
134,11,470,47,71
150,14,482,50,71
148,17,494,49,71
146,20,506,48,71
110,11,494,56,71
114,14,506,52,71
124,17,518,45,71
76,9,486,63,71
128,13,502,60,71
140,17,518,57,71
162,21,538,53,71
178,26,558,49,71
166,15,546,53,71
178,20,566,39,71
162,9,554,36,71
190,14,574,21,71
204,20,598,6,71
238,26,626,0,71
238,12,610,0,71
242,19,638,0,71
276,26,666,0,71
280,10,650,0,71
313,24,692,0,71
238,10,636,0,71
316,24,682,0,71
318,38,728,0,71
190,13,628,32,71
320,27,693,12,71
323,41,758,0,71
162,5,630,61,71
325,19,702,38,71
268,33,777,39,71
268,47,852,40,71
323,33,868,37,71
260,47,938,0,71
318,61,1010,0,71
256,15,1066,11,71
264,57,1138,8,71
256,57,1152,21,71
86,15,970,112,71
264,43,1057,97,71
264,71,1144,83,71
264,99,1231,69,71
235,95,1253,83,71
242,123,1340,55,71
239,127,1379,44,71
178,26,1413,70,71
270,27,1423,73,71
281,59,1503,49,71
275,52,1519,42,71
340,26,95,20,72
280,34,79,40,72
220,40,83,60,72
160,50,93,80,72
100,57,98,100,72
56,63,104,117,72
12,61,96,134,72
0,65,100,148,72
0,68,103,159,72
0,61,89,168,72
0,63,91,175,72
0,65,93,181,72
0,66,95,186,72
0,67,96,190,72
0,68,97,193,72
0,69,98,195,72
0,69,99,196,72
340,26,95,20,73
280,86,95,40,73
220,138,91,60,73
160,167,88,50,73
100,181,72,52,73
40,199,90,54,73
0,220,114,53,73
0,235,134,53,73
0,247,150,53,73
0,256,158,52,73
0,262,162,53,73
0,265,166,53,73
0,268,166,52,73
0,271,166,53,73
340,48,96,20,74
420,47,93,40,74
430,47,93,30,74
433,43,85,23,74
408,35,69,10,74
369,23,45,0,74
323,19,29,0,74
277,13,21,0,74
240,10,19,0,74
210,10,23,0,74
180,10,27,0,74
140,2,15,0,74
110,2,19,0,74
80,2,23,0,74
50,2,27,0,74
30,2,31,0,74
30,2,35,0,74
30,2,39,0,74
30,2,43,0,74
30,2,47,0,74
30,2,51,0,74
30,2,55,0,74
30,2,59,0,74
30,2,63,0,74
30,2,67,0,74
30,2,71,0,74
30,2,71,0,74
30,2,71,0,74
30,2,71,0,74
30,2,71,0,74
30,2,71,0,74
30,2,71,0,74
30,2,71,0,74
30,2,71,0,74
30,2,71,0,74
30,2,71,0,74
30,2,71,0,74
30,2,71,0,74
30,2,71,0,74
30,2,71,0,74
30,2,71,0,74
30,2,71,0,74
30,2,71,0,74
30,2,71,0,74
30,2,71,0,74
30,2,71,0,74
30,2,71,0,74
30,2,71,0,74
30,2,71,0,74
30,2,71,0,74
30,2,71,0,74
30,2,71,0,74
30,2,71,0,74
30,2,71,0,74
30,2,71,0,74
30,2,71,0,74
30,2,71,0,74
30,2,71,0,74
30,2,71,0,74
30,2,71,0,74
30,2,71,0,74
30,2,71,0,74
30,2,71,0,74
30,2,71,0,74
30,2,71,0,74
30,2,71,0,74
30,2,71,0,74
30,2,71,0,74
30,2,71,0,74
30,2,71,0,74
30,2,71,0,74
30,2,71,0,74
30,2,71,0,74
30,2,71,0,74
30,2,71,0,74
30,2,71,0,74
30,2,71,0,74
30,2,71,0,74
30,2,71,0,74
30,2,71,0,74
30,2,71,0,74
30,2,71,0,74
30,2,71,0,74
30,2,71,0,74
30,2,71,0,74
30,2,71,0,74
30,2,71,0,74
30,2,71,0,74
30,2,71,0,74
30,2,71,0,74
30,2,71,0,74
30,2,71,0,74
30,2,71,0,74
30,2,71,0,74
30,2,71,0,74
30,2,71,0,74
30,2,71,0,74
30,2,71,0,74
30,2,71,0,74
30,2,71,0,74
340,26,95,20,75
280,61,89,40,75
220,95,85,60,75
220,114,82,80,75
184,118,70,85,75
164,124,62,90,75
145,132,62,85,75
143,136,62,79,75
131,132,46,79,75
129,136,46,73,75
113,134,30,79,75
107,138,38,76,75
101,142,46,73,75
95,146,54,70,75
90,148,62,65,75
75,138,42,69,75
70,140,46,61,75
65,142,50,53,75
60,144,54,45,75
45,128,22,49,75
40,130,26,41,75
35,132,30,33,75
30,134,34,25,75
25,136,38,17,75
20,138,42,9,75
15,140,46,1,75
10,142,50,0,75
10,144,54,0,75
10,146,58,0,75
10,148,62,0,75
10,150,66,0,75
10,152,70,0,75
6,146,58,1,75
10,148,62,0,75
10,150,66,0,75
10,152,70,0,75
10,154,74,0,75
10,156,78,0,75
10,158,82,0,75
10,160,86,0,75
10,162,90,0,75
10,164,94,0,75
0,144,54,8,75
10,146,58,2,75
10,148,62,0,75
10,150,66,0,75
10,152,70,0,75
10,154,74,0,75
0,138,42,4,75
6,140,46,0,75
10,142,50,0,75
10,144,58,0,75
0,120,10,10,75
10,122,14,2,75
10,124,18,0,75
10,126,22,0,75
10,128,26,0,75
10,130,30,0,75
10,132,34,0,75
10,134,38,0,75
10,136,42,0,75
10,138,46,0,75
10,140,50,0,75
10,142,54,0,75
10,144,58,0,75
10,146,62,0,75
10,148,66,0,75
10,150,70,0,75
10,152,74,0,75
10,154,78,0,75
10,156,82,0,75
10,158,86,0,75
10,160,90,0,75
10,162,94,0,75
10,164,98,0,75
0,144,58,8,75
10,146,62,2,75
10,148,66,0,75
10,150,70,0,75
10,152,74,0,75
10,154,78,0,75
10,156,82,0,75
10,158,86,0,75
10,160,90,0,75
10,160,98,0,75
10,160,106,0,75
10,160,114,0,75
0,136,113,3,75
10,138,117,0,75
10,140,121,0,75
10,142,125,0,75
10,144,129,0,75
10,146,133,0,75
10,148,137,0,75
10,150,141,0,75
10,152,145,0,75
10,154,149,0,75
10,156,153,0,75
10,158,157,0,75
10,160,161,0,75
340,48,96,20,76
362,42,84,37,76
447,41,81,54,76
478,37,73,56,76
504,37,73,52,76
515,29,57,54,76
526,29,57,44,76
516,25,41,49,76
521,22,41,45,76
532,22,47,41,76
543,22,53,37,76
554,22,59,33,76
562,22,65,27,76
532,10,44,38,76
539,10,50,34,76
545,10,56,30,76
550,10,62,27,76
560,10,68,25,76
570,10,74,23,76
576,10,80,19,76
567,2,70,21,76
573,2,76,17,76
568,2,85,13,76
563,2,94,9,76
558,2,103,5,76
553,2,112,1,76
548,2,121,0,76
543,2,130,0,76
538,2,139,0,76
533,2,148,0,76
528,2,157,0,76
523,2,166,0,76
518,2,175,0,76
513,2,184,0,76
508,2,193,0,76
503,2,202,0,76
498,2,211,0,76
493,2,220,0,76
488,2,229,0,76
483,2,238,0,76
478,2,247,0,76
473,2,256,0,76
468,2,265,0,76
463,2,274,0,76
458,2,283,0,76
453,2,292,0,76
448,2,301,0,76
443,2,310,0,76
438,2,319,0,76
433,2,328,0,76
428,2,337,0,76
423,2,346,0,76
418,2,355,0,76
413,2,364,0,76
408,2,373,0,76
403,2,382,0,76
398,2,391,0,76
393,2,400,0,76
388,2,409,0,76
383,2,418,0,76
378,2,427,0,76
373,2,436,0,76
368,2,445,0,76
363,2,454,0,76
358,2,463,0,76
353,2,472,0,76
348,2,481,0,76
343,2,490,0,76
338,2,499,0,76
333,2,508,0,76
328,2,517,0,76
323,2,526,0,76
318,2,535,0,76
313,2,544,0,76
308,2,553,0,76
303,2,562,0,76
298,2,571,0,76
293,2,580,0,76
303,2,580,0,76
305,2,580,0,76
304,2,580,0,76
303,2,580,0,76
302,2,580,0,76
301,2,580,0,76
300,2,580,0,76
299,2,580,0,76
298,2,580,0,76
297,2,580,0,76
296,2,580,0,76
295,2,580,0,76
294,2,580,0,76
293,2,580,0,76
292,2,580,0,76
291,2,580,0,76
290,2,580,0,76
289,2,580,0,76
288,2,580,0,76
287,2,580,0,76
286,2,580,0,76
285,2,580,0,76
340,46,84,20,77
280,46,144,40,77
220,46,204,60,77
160,44,254,80,77
100,41,278,100,77
40,40,305,120,77
0,32,307,125,77
0,8,311,134,77
0,14,320,137,77
0,14,318,140,77
0,18,321,138,77
0,20,324,135,77
0,22,327,134,77
0,24,330,132,77
0,26,333,132,77
0,28,333,131,77
0,28,333,129,77
340,50,100,20,78
280,47,94,40,78
246,23,89,55,78
231,27,73,65,78
216,15,41,75,78
201,15,25,85,78
186,25,25,95,78
171,35,25,105,78
156,41,21,115,78
144,47,21,125,78
130,43,9,135,78
147,47,9,145,78
155,53,9,158,78
150,63,9,178,78
145,73,9,198,78
140,83,9,218,78
150,95,9,238,78
110,114,6,270,78
80,130,6,278,78
80,146,6,286,78
80,162,6,294,78
80,178,6,302,78
80,194,6,310,78
80,210,6,318,78
80,226,6,326,78
80,242,6,334,78
80,258,6,342,78
80,274,6,350,78
80,290,6,358,78
80,306,6,366,78
80,322,6,374,78
80,338,6,382,78
70,352,6,388,78
60,364,6,395,78
60,376,6,402,78
60,388,6,409,78
60,400,6,416,78
60,412,6,423,78
60,424,6,430,78
60,436,6,437,78
60,448,6,444,78
60,460,6,451,78
60,472,6,458,78
60,484,6,465,78
60,496,6,472,78
60,508,6,479,78
60,520,6,486,78
60,532,6,493,78
60,544,6,500,78
60,556,6,507,78
60,568,6,514,78
60,580,6,521,78
50,590,6,525,78
50,600,6,529,78
50,610,6,533,78
50,620,6,537,78
50,630,6,541,78
50,640,6,545,78
50,650,6,549,78
50,660,6,553,78
50,670,6,557,78
50,680,6,561,78
50,690,6,565,78
50,700,6,569,78
50,710,6,573,78
50,720,6,577,78
50,730,6,581,78
50,740,6,585,78
50,750,6,589,78
0,764,6,590,78
0,774,6,589,78
0,778,6,588,78
0,782,6,588,78
0,784,6,587,78
0,786,6,588,78
0,786,6,587,78
0,786,6,588,78
340,47,94,20,79
280,39,78,40,79
236,23,46,57,79
193,23,46,74,79
149,22,43,91,79
106,18,27,81,79
63,18,51,71,79
29,18,72,62,79
0,14,76,50,79
0,14,88,38,79
0,12,90,32,79
14,12,93,27,79
11,4,80,29,79
8,4,83,19,79
7,4,86,9,79
7,4,89,0,79
7,4,92,0,79
7,4,95,0,79
7,4,98,0,79
0,4,104,0,79
0,4,107,0,79
0,4,110,0,79
0,4,113,0,79
0,4,113,0,79
0,4,113,0,79
0,4,113,0,79
340,47,94,20,80
280,45,90,40,80
232,41,74,60,80
180,33,58,80,80
130,33,58,100,80
76,17,26,120,80
26,17,26,140,80
10,17,26,160,80
10,17,26,180,80
10,16,23,200,80
7,16,23,199,80
7,16,23,198,80
5,10,11,203,80
33,6,3,208,80
40,6,3,203,80
56,6,3,196,80
72,6,3,183,80
96,6,3,167,80
136,6,3,146,80
215,6,13,118,80
215,6,23,84,80
215,6,33,50,80
215,6,43,16,80
215,6,53,0,80
215,6,63,0,80
215,6,73,0,80
215,6,83,0,80
265,6,97,36,80
308,6,111,67,80
271,2,115,118,80
220,2,125,109,80
220,2,135,100,80
220,2,145,91,80
220,2,155,82,80
160,2,163,68,80
160,2,171,54,80
160,2,179,40,80
160,2,187,26,80
160,2,195,12,80
160,2,203,0,80
160,2,211,0,80
160,2,219,0,80
160,2,227,0,80
160,2,235,0,80
160,2,243,0,80
160,2,251,0,80
160,2,259,0,80
160,2,267,0,80
160,2,275,0,80
160,2,283,0,80
160,2,291,0,80
160,2,299,0,80
160,2,307,0,80
160,2,315,0,80
160,2,323,0,80
160,2,331,0,80
160,2,339,0,80
160,2,347,0,80
160,2,355,0,80
160,2,363,0,80
160,2,371,0,80
160,2,379,0,80
160,2,387,0,80
160,2,395,0,80
160,2,403,0,80
160,2,411,0,80
160,2,419,0,80
160,2,427,0,80
160,2,435,0,80
160,2,443,0,80
160,2,451,0,80
160,2,459,0,80
160,2,467,0,80
160,2,475,0,80
160,2,483,0,80
160,2,491,0,80
160,2,499,0,80
160,2,507,0,80
160,2,515,0,80
160,2,523,0,80
160,2,531,0,80
160,2,539,0,80
160,2,547,0,80
160,2,555,0,80
160,2,563,0,80
160,2,571,0,80
160,2,579,0,80
160,2,587,0,80
160,2,595,0,80
160,2,603,0,80
160,2,611,0,80
160,2,619,0,80
160,2,627,0,80
160,2,635,0,80
160,2,643,0,80
160,2,651,0,80
160,2,659,0,80
160,2,667,0,80
160,2,675,0,80
160,2,683,0,80
340,50,100,20,81
280,46,84,40,81
220,43,97,60,81
160,19,104,80,81
100,38,111,100,81
40,52,118,102,81
0,60,116,104,81
0,58,103,104,81
0,62,102,104,81
6,66,104,104,81
3,62,93,109,81
12,48,61,120,81
24,52,63,120,81
36,58,66,120,81
27,38,20,133,81
48,38,4,131,81
60,48,4,116,81
96,64,4,96,81
132,86,4,63,81
183,118,4,20,81
242,154,4,0,81
290,199,4,0,81
290,244,4,0,81
290,289,4,0,81
290,334,4,0,81
290,379,4,0,81
290,424,4,0,81
290,469,4,0,81
290,514,4,0,81
290,559,4,0,81
290,604,4,0,81
290,649,4,0,81
290,694,4,0,81
290,739,4,0,81
290,784,4,0,81
290,829,4,0,81
290,874,4,0,81
290,919,4,0,81
290,964,4,0,81
290,1009,4,0,81
290,1054,4,0,81
290,1099,4,0,81
290,1144,4,0,81
290,1189,4,0,81
290,1234,4,0,81
290,1279,4,0,81
290,1324,4,0,81
290,1369,4,0,81
290,1414,4,0,81
290,1459,4,0,81
290,1504,4,0,81
290,1549,4,0,81
290,1594,4,0,81
290,1639,4,0,81
290,1684,4,0,81
290,1729,4,0,81
290,1774,4,0,81
290,1819,4,0,81
290,1864,4,0,81
290,1909,4,0,81
290,1954,4,0,81
290,1999,4,0,81
290,2044,4,0,81
290,2089,4,0,81
290,2134,4,0,81
290,2179,4,0,81
290,2224,4,0,81
290,2269,4,0,81
290,2314,4,0,81
290,2359,4,0,81
290,2404,4,0,81
290,2449,4,0,81
290,2494,4,0,81
290,2539,4,0,81
290,2584,4,0,81
290,2629,4,0,81
290,2674,4,0,81
290,2719,4,0,81
290,2764,4,0,81
290,2809,4,0,81
290,2854,4,0,81
290,2899,4,0,81
290,2944,4,0,81
290,2989,4,0,81
290,3034,4,0,81
290,3079,4,0,81
290,3124,4,0,81
290,3169,4,0,81
290,3214,4,0,81
290,3259,4,0,81
290,3304,4,0,81
290,3349,4,0,81
290,3394,4,0,81
290,3439,4,0,81
290,3484,4,0,81
290,3529,4,0,81
290,3574,4,0,81
290,3619,4,0,81
290,3664,4,0,81
290,3709,4,0,81
340,50,100,20,82
280,47,94,40,82
220,46,91,60,82
160,46,91,20,82
100,46,91,0,82
40,38,75,0,82
0,34,59,0,82
0,32,55,0,82
10,16,23,6,82
40,12,15,7,82
60,12,15,0,82
80,12,15,0,82
130,12,15,0,82
180,12,15,0,82
245,12,25,0,82
294,12,35,0,82
300,12,47,0,82
357,12,61,0,82
318,12,73,0,82
312,6,73,0,82
565,6,83,0,82
631,6,93,0,82
690,6,103,0,82
696,6,115,0,82
771,6,127,0,82
840,6,141,0,82
976,6,155,0,82
976,6,171,0,82
976,6,187,0,82
976,6,203,0,82
976,6,219,0,82
976,6,235,0,82
976,6,251,0,82
976,6,267,0,82
976,6,283,0,82
976,6,299,0,82
1285,6,319,82,82
1364,6,341,166,82
1453,6,363,250,82
1285,6,383,334,82
1285,6,403,418,82
1285,2,415,502,82
1041,2,431,490,82
758,2,443,491,82
758,2,455,492,82
758,2,467,493,82
758,2,479,494,82
758,2,491,495,82
758,2,503,496,82
758,2,515,497,82
758,2,527,498,82
758,2,539,499,82
758,2,551,500,82
758,2,563,501,82
535,2,571,480,82
535,2,579,459,82
535,2,587,438,82
535,2,595,417,82
535,2,603,396,82
535,2,611,375,82
386,2,611,357,82
386,2,611,339,82
386,2,611,321,82
386,2,611,303,82
308,2,611,288,82
308,2,611,273,82
308,2,611,258,82
308,2,611,243,82
308,2,611,228,82
308,2,611,213,82
308,2,611,198,82
308,2,611,183,82
308,2,611,168,82
308,2,611,153,82
308,2,611,138,82
308,2,611,123,82
308,2,611,108,82
308,2,611,93,82
308,2,611,78,82
308,2,611,63,82
308,2,611,48,82
308,2,611,33,82
308,2,611,18,82
308,2,611,3,82
308,2,611,0,82
308,2,611,0,82
308,2,611,0,82
308,2,611,0,82
308,2,611,0,82
308,2,611,0,82
308,2,611,0,82
308,2,611,0,82
308,2,611,0,82
308,2,611,0,82
308,2,611,0,82
308,2,611,0,82
308,2,611,0,82
308,2,611,0,82
308,2,611,0,82
308,2,611,0,82
340,50,100,20,83
280,46,84,40,83
220,46,164,60,83
171,43,226,78,83
122,35,266,96,83
74,21,281,114,83
25,39,317,132,83
0,53,341,145,83
0,55,341,158,83
0,41,313,168,83
0,49,329,176,83
0,55,341,182,83
0,60,346,187,83
0,64,350,188,83
0,64,346,191,83
0,66,346,190,83
0,68,346,191,83
340,50,100,20,84
280,48,96,40,84
268,44,80,60,84
248,44,90,80,84
228,44,100,100,84
208,44,110,120,84
188,43,117,140,84
144,19,116,148,84
104,24,121,153,84
64,26,119,158,84
24,26,115,163,84
16,30,119,159,84
12,25,106,158,84
12,28,109,145,84
12,31,112,132,84
8,21,90,128,84
8,6,59,124,84
8,8,61,102,84
8,10,63,80,84
8,12,65,58,84
8,6,51,48,84
8,8,53,26,84
8,10,55,4,84
8,12,57,0,84
8,14,59,0,84
8,16,61,0,84
8,18,63,0,84
8,13,52,0,84
10,15,54,0,84
14,17,56,0,84
15,20,59,0,84
46,10,37,1,84
80,14,41,0,84
85,18,45,0,84
67,11,8,7,84
80,15,17,0,84
85,19,26,0,84
97,24,37,0,84
114,30,49,0,84
101,19,28,0,84
114,25,41,0,84
131,16,23,0,84
148,24,40,0,84
136,14,19,0,84
168,18,33,0,84
182,22,48,0,84
184,30,70,0,84
216,14,37,23,84
337,22,59,29,84
341,30,85,39,84
341,22,79,57,84
344,30,101,47,84
282,40,125,48,84
259,20,81,59,84
230,20,115,47,84
230,20,149,35,84
230,20,183,23,84
230,20,217,11,84
230,20,251,0,84
230,20,285,0,84
230,20,319,0,84
230,20,353,0,84
230,20,387,0,84
230,20,421,0,84
230,20,455,0,84
230,20,489,0,84
230,20,523,0,84
230,20,557,0,84
230,20,591,0,84
230,20,625,0,84
230,20,659,0,84
230,20,693,0,84
230,20,727,0,84
230,20,761,0,84
230,20,795,0,84
230,20,829,0,84
230,20,863,0,84
168,20,897,0,84
168,20,931,0,84
168,20,965,0,84
168,20,999,0,84
168,20,1033,0,84
168,20,1067,0,84
168,20,1101,0,84
168,20,1135,0,84
168,20,1169,0,84
168,20,1203,0,84
168,20,1237,0,84
168,20,1271,0,84
168,20,1305,0,84
168,20,1339,0,84
168,20,1373,0,84
168,20,1407,0,84
168,20,1441,0,84
174,20,1495,1,84
182,20,1559,0,84
238,20,1623,0,84
238,20,1687,3,84
238,20,1751,6,84
238,20,1815,9,84
340,50,100,20,85
280,50,100,40,85
220,26,95,60,85
160,24,91,80,85
170,18,79,100,85
201,18,79,115,85
232,18,79,130,85
263,18,79,145,85
294,17,76,160,85
283,13,60,169,85
285,9,60,175,85
277,1,48,178,85
269,1,56,172,85
261,1,64,166,85
253,1,72,160,85
245,1,80,154,85
237,1,88,148,85
229,1,96,142,85
221,1,104,136,85
213,1,112,130,85
205,1,120,124,85
197,1,128,118,85
189,1,136,112,85
190,1,140,106,85
191,1,144,100,85
194,1,148,96,85
197,1,152,92,85
200,1,156,88,85
203,1,160,84,85
206,1,164,80,85
209,1,168,76,85
212,1,172,72,85
215,1,176,68,85
218,1,180,64,85
221,1,184,60,85
224,1,188,56,85
227,1,192,52,85
230,1,196,48,85
233,1,200,44,85
246,1,204,43,85
259,1,208,42,85
272,1,212,41,85
281,1,212,40,85
290,1,212,39,85
299,1,212,38,85
308,1,212,37,85
317,1,212,36,85
326,1,212,36,85
335,1,212,36,85
344,1,212,36,85
353,1,212,36,85
362,1,212,36,85
371,1,212,36,85
380,1,212,36,85
389,1,212,36,85
398,1,212,36,85
407,1,212,36,85
416,1,212,36,85
425,1,212,36,85
434,1,212,36,85
443,1,212,36,85
452,1,212,36,85
461,1,212,36,85
470,1,212,36,85
479,1,212,36,85
488,1,212,36,85
497,1,212,36,85
506,1,212,36,85
515,1,212,36,85
524,1,212,36,85
533,1,212,36,85
542,1,212,36,85
551,1,212,36,85
560,1,212,36,85
569,1,212,36,85
578,1,212,36,85
587,1,212,36,85
596,1,212,36,85
605,1,212,36,85
614,1,212,36,85
623,1,212,36,85
632,1,212,36,85
641,1,212,36,85
650,1,212,36,85
659,1,212,36,85
668,1,212,36,85
677,1,212,36,85
686,1,212,36,85
695,1,212,36,85
704,1,212,36,85
713,1,212,36,85
722,1,212,36,85
731,1,212,36,85
740,1,212,36,85
749,1,212,36,85
758,1,212,36,85
767,1,212,36,85
776,1,212,36,85
785,1,212,36,85
794,1,212,36,85
340,46,84,20,86
280,46,104,40,86
220,44,118,60,86
215,41,119,74,86
214,40,123,88,86
193,34,114,93,86
223,34,117,95,86
211,10,114,103,86
215,26,117,108,86
220,42,121,115,86
213,54,116,122,86
174,50,93,135,86
167,54,80,145,86
172,70,84,152,86
133,70,55,167,86
58,64,16,188,86
12,8,6,209,86
48,28,21,221,86
64,52,41,236,86
64,60,37,264,86
96,81,53,289,86
116,111,82,305,86
124,138,100,327,86
76,138,39,371,86
64,38,32,418,86
124,85,78,438,86
136,120,101,464,86
144,174,150,472,86
116,216,190,478,86
116,258,230,484,86
40,281,233,481,86
4,262,121,538,86
4,93,87,595,86
24,157,127,592,86
24,223,173,587,86
24,270,181,591,86
24,336,227,586,86
20,379,227,593,86
20,432,255,585,86
0,400,95,667,86
15,409,72,675,86
20,453,106,674,86
56,467,113,685,86
70,502,154,683,86
28,336,126,744,86
51,364,153,744,86
42,364,130,755,86
56,395,162,757,86
56,392,129,775,86
70,429,165,778,86
70,473,210,779,86
70,517,255,780,86
70,561,300,781,86
14,331,249,866,86
70,390,294,882,86
70,409,259,918,86
14,369,64,1023,86
112,441,128,1050,86
119,515,193,1082,86
23,230,136,1189,86
121,313,203,1227,86
112,376,228,1270,86
70,421,256,1313,86
14,65,174,1434,86
84,113,179,1477,86
65,172,220,1491,86
65,231,261,1505,86
51,252,240,1528,86
65,307,279,1530,86
60,310,218,1557,86
80,377,261,1584,86
34,379,221,1604,86
48,421,250,1603,86
61,472,285,1607,86
68,532,329,1611,86
80,567,322,1656,86
99,641,389,1687,86
99,734,456,1721,86
93,775,439,1801,86
93,816,422,1881,86
17,766,188,2007,86
120,840,257,2041,86
93,863,238,2105,86
137,937,307,2143,86
101,947,270,2214,86
151,1021,330,2253,86
106,1024,275,2328,86
125,1075,316,2361,86
72,1055,237,2434,86
161,1124,289,2510,86
162,1193,341,2575,86
162,1262,401,2646,86
147,1302,396,2731,86
15,1246,161,2855,86
162,1315,214,2912,86
162,1385,267,2972,86
126,1404,217,3050,86
101,1390,140,3126,86
167,1401,70,3217,86
195,1475,126,3281,86
340,50,100,20,87
280,50,100,40,87
220,47,94,60,87
160,39,78,80,87
100,38,75,100,87
40,14,70,84,87
0,54,70,74,87
0,66,54,80,87
0,78,49,83,87
0,90,51,80,87
0,98,52,75,87
0,106,53,72,87
0,108,49,71,87
4,112,49,69,87
6,116,49,67,87
6,120,50,66,87
6,124,51,65,87
8,128,51,63,87
10,132,51,61,87
12,136,51,59,87
14,140,51,57,87
13,148,52,57,87
12,156,53,57,87
6,152,37,60,87
5,156,38,57,87
4,160,39,54,87
4,164,40,51,87
4,168,41,48,87
4,172,42,45,87
4,172,43,39,87
4,172,44,35,87
7,172,44,32,87
10,172,44,29,87
12,172,44,24,87
12,172,45,20,87
12,172,46,16,87
8,164,30,18,87
9,164,31,14,87
6,164,32,6,87
0,152,8,10,87
4,152,9,4,87
4,152,10,0,87
4,152,11,0,87
4,152,12,0,87
4,152,13,0,87
4,152,14,0,87
4,152,15,0,87
4,152,16,0,87
4,152,17,0,87
4,152,18,0,87
4,152,19,0,87
4,152,20,0,87
4,152,21,0,87
4,152,22,0,87
4,152,23,0,87
4,152,24,0,87
4,152,25,0,87
4,152,26,0,87
4,152,27,0,87
4,152,28,0,87
4,152,29,0,87
4,152,30,0,87
4,152,31,0,87
4,152,32,0,87
4,152,33,0,87
4,152,34,0,87
4,152,35,0,87
4,152,36,0,87
4,152,37,0,87
4,152,38,0,87
4,152,39,0,87
4,152,40,0,87
4,152,41,0,87
4,152,42,0,87
4,152,43,0,87
4,152,44,0,87
4,152,45,0,87
4,152,46,0,87
4,152,47,0,87
4,152,48,0,87
4,152,49,0,87
4,152,50,0,87
4,152,51,0,87
4,152,52,0,87
4,152,53,0,87
4,152,54,0,87
4,152,55,0,87
4,152,56,0,87
4,152,57,0,87
4,152,58,0,87
4,152,59,0,87
4,152,60,0,87
4,152,61,0,87
4,152,62,0,87
4,152,63,0,87
4,152,64,0,87
4,152,65,0,87
4,152,66,0,87
4,152,67,0,87
4,152,68,0,87
340,50,100,20,88
280,49,97,40,88
220,46,91,3,88
171,22,86,0,88
122,21,70,0,88
74,10,38,3,88
25,16,34,0,88
78,22,34,0,88
78,23,18,9,88
77,28,18,15,88
76,33,18,21,88
90,37,18,25,88
78,43,18,32,88
78,45,10,42,88
65,50,10,37,88
65,55,10,32,88
65,60,10,27,88
65,65,10,22,88
65,70,10,17,88
65,75,10,12,88
63,79,10,10,88
61,83,10,8,88
59,87,10,6,88
57,91,10,4,88
55,95,10,2,88
66,95,10,0,88
117,95,10,0,88
169,95,10,0,88
247,95,10,0,88
384,95,10,0,88
390,95,10,0,88
455,95,10,0,88
469,95,10,0,88
536,71,5,0,88
408,113,5,14,88
340,148,5,20,88
340,183,5,26,88
340,218,5,32,88
340,253,5,38,88
340,288,5,44,88
402,330,5,23,88
408,365,5,32,88
483,365,5,0,88
560,365,5,0,88
639,365,5,0,88
648,365,5,0,88
730,365,5,0,88
814,365,5,0,88
825,365,5,0,88
912,365,5,0,88
1001,365,5,0,88
1092,365,5,0,88
1185,365,5,0,88
1280,365,5,0,88
1215,365,5,0,88
1215,365,5,0,88
1215,365,5,0,88
1215,365,5,0,88
1215,365,5,0,88
1215,365,5,0,88
1215,365,5,0,88
1215,365,5,0,88
1215,365,5,0,88
1215,365,5,0,88
1215,365,5,0,88
1215,365,5,0,88
1215,365,5,0,88
1215,365,5,0,88
1215,365,5,0,88
1215,365,5,0,88
1215,365,5,0,88
1215,365,5,0,88
1215,365,5,0,88
1215,365,5,0,88
1215,365,5,0,88
1215,365,5,0,88
1215,365,5,0,88
1215,365,5,0,88
1215,365,5,0,88
1215,365,5,0,88
1215,365,5,0,88
1215,365,5,0,88
1215,365,5,0,88
1215,365,5,0,88
1215,365,5,0,88
1215,365,5,0,88
1215,365,5,0,88
1215,365,5,0,88
1215,365,5,0,88
1215,365,5,0,88
1215,365,5,0,88
1215,365,5,0,88
1215,365,5,0,88
1215,365,5,0,88
1215,365,5,0,88
1215,365,5,0,88
1215,365,5,0,88
1215,365,5,0,88
1215,365,5,0,88
1215,365,5,0,88
340,48,96,20,89
413,45,90,40,89
451,39,78,60,89
432,39,78,87,89
413,38,75,114,89
359,30,59,120,89
291,6,54,129,89
230,13,54,138,89
169,20,54,147,89
101,23,46,156,89
35,29,46,150,89
28,29,30,156,89
21,33,30,155,89
21,37,30,154,89
21,41,30,153,89
21,36,14,158,89
21,39,14,151,89
21,42,14,144,89
21,45,14,137,89
21,48,14,130,89
21,51,14,123,89
21,54,14,116,89
21,57,14,109,89
21,60,14,102,89
21,63,14,95,89
21,66,14,88,89
21,69,14,81,89
21,72,14,74,89
21,75,14,67,89
21,78,14,60,89
21,81,14,53,89
21,84,14,46,89
21,87,14,39,89
21,90,14,32,89
21,93,14,25,89
21,96,14,18,89
21,99,14,11,89
21,102,14,4,89
21,105,14,0,89
21,108,14,0,89
21,111,14,0,89
21,114,14,0,89
21,117,14,0,89
21,120,14,0,89
21,123,14,0,89
21,126,14,0,89
21,129,14,0,89
21,132,14,0,89
21,135,14,0,89
21,138,14,0,89
21,141,14,0,89
21,144,14,0,89
21,147,14,0,89
21,150,14,0,89
21,153,14,0,89
21,156,14,0,89
21,159,14,0,89
21,162,14,0,89
21,165,14,0,89
21,168,14,0,89
21,171,14,0,89
21,174,14,0,89
21,177,14,0,89
21,180,14,0,89
21,183,14,0,89
21,186,14,0,89
21,189,14,0,89
21,192,14,0,89
21,195,14,0,89
21,198,14,0,89
21,201,14,0,89
21,205,14,0,89
21,209,14,0,89
21,213,14,0,89
21,217,14,0,89
21,221,14,0,89
21,225,14,0,89
21,229,14,0,89
21,233,14,0,89
21,237,14,0,89
21,241,14,0,89
21,245,14,0,89
21,249,14,0,89
21,253,14,0,89
21,257,14,0,89
21,261,14,0,89
21,265,14,0,89
21,269,14,0,89
21,273,14,0,89
21,277,14,0,89
21,281,14,0,89
21,285,14,0,89
21,289,14,0,89
21,293,14,0,89
21,297,14,0,89
21,301,14,0,89
21,305,14,0,89
21,309,14,0,89
21,313,14,0,89
21,317,14,0,89
340,46,84,20,90
301,44,80,36,90
311,44,80,52,90
320,44,80,68,90
329,43,77,84,90
314,37,65,91,90
290,13,60,101,90
274,16,60,108,90
258,19,60,115,90
241,19,54,122,90
222,13,38,131,90
195,1,14,146,90
202,3,14,155,90
200,6,14,165,90
198,9,14,175,90
196,12,14,185,90
194,15,14,195,90
192,18,14,205,90
190,21,14,215,90
188,24,14,225,90
186,27,14,235,90
184,30,14,245,90
182,33,14,255,90
180,36,14,265,90
178,39,14,275,90
181,42,14,285,90
168,41,6,295,90
155,44,6,299,90
142,47,6,303,90
129,50,6,307,90
116,53,6,311,90
103,56,6,315,90
90,59,6,319,90
89,61,6,320,90
88,63,6,321,90
87,65,6,322,90
86,67,6,323,90
85,69,6,324,90
84,71,6,325,90
83,73,6,326,90
82,75,6,327,90
81,77,6,328,90
80,79,6,329,90
79,81,6,330,90
78,83,6,331,90
77,85,6,332,90
76,87,6,333,90
75,89,6,334,90
83,90,6,336,90
91,91,6,338,90
99,92,6,340,90
107,93,6,342,90
115,94,6,344,90
123,95,6,346,90
135,96,6,349,90
147,97,6,352,90
156,98,6,353,90
162,99,6,355,90
168,100,6,357,90
176,101,6,359,90
188,102,6,362,90
200,103,6,365,90
210,104,6,366,90
220,105,6,367,90
230,106,6,368,90
240,107,6,369,90
250,108,6,370,90
260,109,6,371,90
270,110,6,372,90
280,111,6,373,90
290,112,6,374,90
300,113,6,375,90
310,114,6,376,90
320,115,6,377,90
330,116,6,378,90
340,117,6,379,90
350,118,6,380,90
360,119,6,381,90
370,120,6,382,90
380,121,6,383,90
390,122,6,384,90
400,123,6,385,90
410,124,6,386,90
420,125,6,387,90
430,126,6,388,90
440,127,6,389,90
450,128,6,390,90
460,129,6,391,90
470,130,6,392,90
480,131,6,393,90
490,132,6,394,90
500,133,6,395,90
510,134,6,396,90
520,135,6,397,90
530,136,6,398,90
540,137,6,399,90
550,138,6,400,90
560,139,6,401,90
570,140,6,402,90
580,141,6,403,90
340,49,97,20,91
280,47,93,0,91
311,41,81,0,91
405,41,81,2,91
490,38,75,4,91
553,30,59,9,91
560,18,35,22,91
630,18,35,30,91
690,18,35,40,91
707,18,35,52,91
502,14,27,70,91
380,14,27,60,91
299,14,27,50,91
299,14,27,40,91
299,14,27,30,91
299,14,27,20,91
299,14,27,10,91
299,14,27,0,91
299,14,27,0,91
299,14,27,0,91
299,14,27,0,91
255,10,11,0,91
242,10,31,0,91
242,10,51,0,91
242,10,71,0,91
242,10,91,0,91
242,10,111,0,91
242,10,131,0,91
242,10,151,0,91
189,2,151,0,91
198,2,169,0,91
233,2,189,0,91
242,2,211,0,91
277,2,235,0,91
308,2,261,0,91
352,2,291,0,91
412,2,324,0,91
420,2,357,0,91
420,2,401,0,91
420,2,445,0,91
420,2,489,0,91
420,2,533,0,91
420,2,577,0,91
420,2,621,0,91
420,2,665,0,91
420,2,709,0,91
420,2,753,0,91
420,2,797,0,91
420,2,841,0,91
420,2,885,0,91
420,2,929,0,91
420,2,973,0,91
420,2,1017,0,91
420,2,1061,0,91
420,2,1105,0,91
420,2,1149,0,91
420,2,1193,0,91
420,2,1237,0,91
420,2,1281,0,91
420,2,1325,0,91
420,2,1369,0,91
420,2,1413,0,91
420,2,1457,0,91
420,2,1501,0,91
420,2,1545,0,91
420,2,1589,0,91
420,2,1633,0,91
525,2,1677,0,91
525,2,1721,0,91
525,2,1765,0,91
525,2,1809,0,91
525,2,1853,0,91
525,2,1897,0,91
525,2,1941,0,91
525,2,1985,0,91
525,2,2029,0,91
525,2,2073,0,91
525,2,2117,0,91
525,2,2161,0,91
525,2,2205,0,91
525,2,2249,0,91
525,2,2293,0,91
525,2,2337,0,91
525,2,2381,0,91
525,2,2425,0,91
525,2,2469,0,91
525,2,2513,0,91
525,2,2557,0,91
525,2,2601,0,91
525,2,2645,0,91
525,2,2689,0,91
525,2,2733,0,91
525,2,2777,0,91
525,2,2821,0,91
525,2,2865,0,91
525,2,2909,0,91
525,2,2953,0,91
525,2,2997,0,91
525,2,3041,0,91
525,2,3085,0,91
340,48,96,20,92
400,24,91,40,92
400,38,75,60,92
415,50,80,73,92
430,62,85,86,92
425,62,76,99,92
399,50,53,112,92
458,55,53,125,92
497,61,55,129,92
524,63,49,136,92
563,69,51,140,92
590,72,47,144,92
629,78,49,148,92
668,84,51,152,92
681,79,37,157,92
707,85,40,158,92
733,91,43,159,92
764,97,46,161,92
800,106,49,166,92
734,46,36,187,92
744,64,39,193,92
739,82,43,198,92
722,92,30,209,92
717,110,33,211,92
680,110,12,216,92
663,125,15,212,92
646,140,18,208,92
634,152,21,202,92
622,164,24,196,92
610,176,27,190,92
598,188,30,184,92
586,200,33,178,92
574,212,36,172,92
562,224,39,166,92
508,217,9,166,92
466,229,12,151,92
424,241,15,136,92
382,253,18,121,92
340,265,21,106,92
298,277,24,91,92
256,289,27,76,92
214,301,30,61,92
172,313,33,46,92
130,325,36,31,92
88,337,39,16,92
46,349,42,1,92
0,339,3,16,92
32,348,7,7,92
44,360,13,0,92
54,375,20,0,92
54,393,29,0,92
54,411,38,0,92
32,411,18,4,92
75,426,25,0,92
75,444,34,0,92
75,462,43,0,92
75,480,52,0,92
58,476,26,0,92
75,494,35,0,92
87,512,44,0,92
104,536,54,0,92
87,533,16,0,92
116,560,29,0,92
162,593,35,0,92
203,635,42,0,92
220,663,10,0,92
282,727,18,0,92
284,791,26,0,92
288,855,34,0,92
220,780,14,0,92
290,882,22,0,92
290,984,30,0,92
290,1086,38,0,92
290,1188,46,0,92
290,1290,54,0,92
225,1376,22,0,92
290,1478,54,0,92
229,1556,38,0,92
400,1658,70,0,92
222,1529,44,43,92
341,1669,64,34,92
279,1744,36,42,92
445,1867,56,36,92
439,1947,28,47,92
305,2052,50,33,92
445,2156,70,11,92
184,1968,24,79,92
305,2069,46,78,92
305,2170,68,77,92
298,2257,32,72,92
253,2358,54,56,92
253,2459,76,40,92
240,2542,32,21,92
245,2643,54,5,92
245,2744,76,0,92
245,2845,98,0,92
240,2920,38,0,92
245,3021,60,0,92
249,3139,82,0,92
111,2893,22,90,92
340,48,96,20,93
316,44,80,40,93
289,20,87,56,93
265,38,102,72,93
241,56,117,88,93
217,74,132,104,93
193,91,144,120,93
183,100,153,125,93
173,109,162,130,93
160,115,165,135,93
150,124,174,140,93
137,129,172,145,93
124,127,156,147,93
114,136,156,143,93
104,145,156,139,93
94,154,156,135,93
90,160,156,131,93
86,166,156,127,93
79,163,144,135,93
93,169,144,137,93
102,175,144,135,93
92,162,112,144,93
103,171,112,144,93
66,153,64,156,93
29,147,40,168,93
39,156,40,168,93
53,171,40,170,93
79,192,40,172,93
104,212,24,184,93
143,245,64,198,93
156,221,98,234,93
189,313,121,295,93
192,386,162,376,93
167,450,148,466,93
195,550,244,538,93
195,658,356,599,93
195,701,452,618,93
192,731,484,679,93
195,812,508,698,93
195,847,524,678,93
178,880,534,672,93
280,899,516,680,93
285,930,524,667,93
285,921,558,661,93
228,965,522,683,93
232,1009,548,691,93
196,1027,479,746,93
304,1048,515,787,93
251,1059,528,824,93
214,1059,525,861,93
223,1110,623,890,93
130,1097,514,969,93
256,1124,600,997,93
90,1092,445,1091,93
203,1095,490,1136,93
256,1118,575,1171,93
70,1073,371,1289,93
212,1124,511,1320,93
213,1178,666,1357,93
163,1173,669,1415,93
227,1177,757,1453,93
235,1151,883,1505,93
240,1194,1040,1532,93
88,1135,805,1672,93
232,1140,848,1749,93
262,1151,939,1803,93
258,1150,972,1880,93
282,1129,961,1957,93
235,1122,982,2041,93
243,1047,1071,2140,93
242,1036,1060,2245,93
238,887,1111,2350,93
311,864,1098,2455,93
252,820,953,2574,93
341,806,980,2670,93
352,825,1094,2731,93
292,821,1116,2838,93
277,845,1217,2864,93
277,869,1318,2890,93
47,802,1055,3030,93
138,575,1058,3119,93
231,545,1026,3190,93
162,508,977,3271,93
114,227,953,3389,93
164,180,871,3480,93
271,161,867,3547,93
57,89,568,3713,93
297,91,606,3756,93
257,53,551,3854,93
341,93,662,3900,93
330,91,692,3951,93
241,33,625,4054,93
355,71,735,4105,93
323,60,732,4172,93
355,98,842,4209,93
355,136,952,4247,93
59,63,649,4411,93
308,44,630,4494,93
341,82,740,4534,93
341,120,850,4574,93
340,46,84,20,94
280,45,141,40,94
220,42,165,33,94
160,42,195,23,94
100,34,203,19,94
40,34,233,9,94
0,18,219,11,94
0,14,232,8,94
0,6,225,5,94
0,6,234,0,94
0,6,240,0,94
0,6,246,0,94
0,6,252,0,94
0,6,255,0,94
0,6,258,0,94
0,6,261,0,94
0,6,264,1,94
340,50,100,20,95
280,50,100,40,95
220,48,96,60,95
160,44,128,80,95
100,43,205,100,95
40,41,237,93,95
28,35,245,98,95
48,11,252,109,95
45,31,272,114,95
36,48,286,119,95
27,58,286,127,95
40,74,302,135,95
1,18,288,155,95
40,37,304,166,95
20,35,288,184,95
10,22,256,205,95
41,28,252,220,95
1,4,204,243,95
86,19,216,260,95
20,14,180,284,95
40,19,184,295,95
50,28,196,303,95
56,38,208,313,95
60,48,220,322,95
61,58,236,333,95
60,60,232,346,95
61,70,248,353,95
61,84,264,359,95
50,78,244,374,95
61,92,260,380,95
61,106,280,387,95
61,120,300,394,95
61,134,320,401,95
31,119,284,417,95
30,92,228,436,95
30,65,172,455,95
61,79,192,462,95
80,81,188,477,95
50,51,120,502,95
26,26,64,533,95
91,41,88,537,95
121,61,120,540,95
176,91,164,548,95
150,86,144,583,95
297,121,196,597,95
112,116,136,644,95
216,141,196,658,95
168,125,168,706,95
103,33,180,760,95
185,81,248,784,95
254,145,330,817,95
187,145,306,864,95
284,209,388,902,95
254,257,438,943,95
284,321,520,984,95
134,327,452,1062,95
93,311,327,1158,95
156,315,332,1224,95
206,339,375,1268,95
42,294,193,1373,95
213,340,307,1412,95
205,309,275,1469,95
210,335,305,1497,95
213,357,329,1519,95
200,262,357,1562,95
81,224,177,1668,95
143,80,186,1750,95
224,142,277,1816,95
196,183,347,1857,95
196,224,417,1898,95
143,204,356,1950,95
165,219,368,1984,95
216,276,454,2018,95
83,62,434,2110,95
159,56,403,2172,95
228,73,421,2216,95
136,55,370,2251,95
161,91,423,2267,95
175,95,412,2299,95
233,141,487,2321,95
233,187,562,2335,95
145,174,517,2391,95
179,153,453,2430,95
257,162,451,2476,95
271,200,522,2483,95
84,160,356,2581,95
222,187,447,2616,95
216,147,406,2665,95
65,97,192,2790,95
224,124,300,2831,95
224,151,408,2873,95
224,178,516,2915,95
37,113,252,3059,95
220,101,302,3095,95
222,88,332,3161,95
23,13,27,3328,95
230,40,156,3354,95
230,67,285,3384,95
281,39,296,3452,95
300,61,426,3469,95
340,46,84,20,96
280,45,81,40,96
220,42,75,33,96
160,34,59,29,96
100,34,59,19,96
40,18,27,21,96
0,18,27,11,96
0,16,23,8,96
0,16,23,8,96
0,16,23,8,96
0,16,23,9,96
0,12,15,12,96
0,12,15,11,96
0,12,15,9,96
0,12,15,9,96
0,12,15,8,96
0,12,15,9,96
340,48,96,20,97
366,48,96,35,97
389,45,90,48,97
400,37,74,61,97
426,37,74,76,97
397,21,42,102,97
400,21,42,128,97
268,21,42,195,97
136,20,39,163,97
124,14,27,140,97
88,10,19,78,97
64,10,19,34,97
52,6,3,5,97
48,6,47,0,97
48,6,91,0,97
48,6,135,0,97
48,6,179,0,97
48,6,223,0,97
48,6,267,0,97
48,6,311,0,97
48,6,355,0,97
48,6,399,0,97
48,6,443,0,97
48,6,487,0,97
48,6,531,0,97
48,6,575,0,97
48,6,619,0,97
48,6,663,0,97
48,6,707,0,97
48,6,751,0,97
48,6,795,0,97
48,6,839,0,97
48,6,883,0,97
48,6,927,0,97
48,6,971,0,97
48,6,1015,0,97
48,6,1059,0,97
48,6,1103,0,97
48,6,1147,0,97
48,6,1191,0,97
48,6,1235,0,97
48,6,1279,0,97
48,6,1323,0,97
48,6,1367,0,97
48,6,1411,0,97
48,6,1455,0,97
48,6,1499,0,97
48,6,1543,0,97
48,6,1587,0,97
48,6,1631,0,97
48,6,1675,0,97
48,6,1719,0,97
48,6,1763,0,97
48,6,1807,0,97
48,6,1851,0,97
48,6,1895,0,97
48,6,1939,0,97
48,6,1983,0,97
48,6,2027,0,97
48,6,2071,0,97
48,6,2115,0,97
48,6,2159,0,97
48,6,2203,0,97
48,6,2247,0,97
48,6,2291,0,97
48,6,2335,0,97
48,6,2379,0,97
48,6,2423,0,97
48,6,2467,0,97
48,6,2511,0,97
48,6,2555,0,97
48,6,2599,0,97
48,6,2643,0,97
48,6,2687,0,97
48,6,2731,0,97
48,6,2775,0,97
48,6,2819,0,97
48,6,2863,0,97
48,6,2907,0,97
48,6,2951,0,97
64,6,3011,1,97
84,6,3091,2,97
116,6,3207,2,97
189,6,3375,12,97
189,6,3543,16,97
189,6,3711,20,97
189,2,3871,24,97
147,2,3997,0,97
147,2,4123,0,97
147,2,4249,0,97
147,2,4375,0,97
147,2,4501,0,97
147,2,4627,0,97
147,2,4753,0,97
147,2,4879,0,97
147,2,5005,0,97
147,2,5131,0,97
147,2,5257,0,97
147,2,5383,0,97
147,2,5509,0,97
340,48,96,20,98
316,44,80,40,98
277,38,68,60,98
235,26,44,80,98
258,23,38,100,98
293,22,35,120,98
287,18,27,132,98
277,18,27,132,98
252,10,11,135,98
242,10,11,135,98
232,10,11,135,98
223,10,11,136,98
214,10,11,137,98
205,10,11,138,98
196,10,11,139,98
187,10,11,140,98
195,10,11,140,98
197,10,11,139,98
192,10,11,139,98
187,10,11,139,98
182,10,11,139,98
189,10,11,140,98
190,10,11,139,98
185,10,11,139,98
192,10,11,140,98
200,10,11,140,98
191,10,11,141,98
182,10,11,142,98
173,10,11,143,98
164,10,11,144,98
155,10,11,145,98
146,10,11,146,98
137,10,11,147,98
128,10,11,148,98
135,10,11,149,98
138,10,11,147,98
139,10,11,146,98
124,10,11,145,98
109,10,11,144,98
94,10,11,143,98
79,10,11,142,98
64,10,11,141,98
64,10,11,140,98
64,10,11,139,98
64,10,11,138,98
64,10,11,137,98
77,10,11,136,98
95,10,11,132,98
111,10,11,128,98
108,10,11,122,98
105,10,11,116,98
102,10,11,110,98
99,10,11,104,98
96,10,11,98,98
93,10,11,92,98
112,10,11,87,98
122,10,11,81,98
106,10,11,76,98
102,10,11,71,98
112,10,11,66,98
116,10,11,62,98
102,10,11,55,98
102,10,11,48,98
102,10,11,41,98
102,10,11,34,98
117,10,11,31,98
127,10,11,25,98
131,10,11,21,98
132,10,11,16,98
114,10,11,10,98
114,10,11,4,98
114,10,11,0,98
114,10,11,0,98
114,10,11,0,98
114,10,11,0,98
114,10,11,0,98
114,10,11,0,98
114,10,11,0,98
114,10,11,0,98
114,10,11,0,98
114,10,11,0,98
114,10,11,0,98
114,10,11,0,98
114,10,11,0,98
114,10,11,0,98
114,10,11,0,98
114,10,11,0,98
114,10,11,0,98
114,10,11,0,98
114,10,11,0,98
114,10,11,0,98
114,10,11,0,98
114,10,11,0,98
114,10,11,0,98
114,10,11,0,98
114,10,11,0,98
114,10,11,0,98
114,10,11,0,98
114,10,11,0,98
114,10,11,0,98
340,48,96,20,99
336,42,84,40,99
342,39,78,60,99
310,27,54,80,99
327,19,38,100,99
318,3,6,124,99
344,2,3,148,99
290,2,3,155,99
236,2,3,162,99
182,2,3,169,99
128,2,3,176,99
119,2,3,183,99
119,2,3,190,99
119,2,3,197,99
119,2,3,204,99
119,2,3,211,99
119,2,3,218,99
119,2,3,225,99
119,2,3,232,99
119,2,3,239,99
112,2,3,245,99
112,2,3,251,99
112,2,3,257,99
112,2,3,263,99
112,2,3,269,99
112,2,3,275,99
112,2,3,281,99
112,2,3,287,99
112,2,3,293,99
112,2,3,299,99
112,2,3,305,99
112,2,3,311,99
112,2,3,317,99
112,2,3,323,99
112,2,3,329,99
112,2,3,335,99
112,2,3,341,99
112,2,3,347,99
112,2,3,353,99
112,2,3,359,99
112,2,3,365,99
112,2,3,371,99
112,2,3,377,99
112,2,3,383,99
112,2,3,389,99
112,2,3,395,99
112,2,3,401,99
97,2,3,407,99
101,2,3,411,99
114,2,3,413,99
112,2,3,419,99
110,2,3,425,99
108,2,3,431,99
106,2,3,437,99
104,2,3,443,99
102,2,3,449,99
100,2,3,455,99
98,2,3,461,99
96,2,3,467,99
94,2,3,473,99
92,2,3,479,99
90,2,3,485,99
88,2,3,491,99
86,2,3,497,99
84,2,3,503,99
84,2,3,509,99
98,2,3,512,99
96,2,3,518,99
94,2,3,524,99
92,2,3,530,99
90,2,3,536,99
88,2,3,542,99
86,2,3,548,99
84,2,3,554,99
84,2,3,560,99
84,2,3,566,99
84,2,3,572,99
84,2,3,578,99
84,2,3,584,99
96,2,3,588,99
94,2,3,594,99
92,2,3,600,99
90,2,3,606,99
88,2,3,612,99
86,2,3,618,99
84,2,3,624,99
84,2,3,630,99
84,2,3,636,99
84,2,3,642,99
84,2,3,648,99
84,2,3,654,99
84,2,3,660,99
84,2,3,666,99
84,2,3,672,99
84,2,3,678,99
102,2,3,681,99
112,2,3,686,99
97,2,3,692,99
94,2,3,698,99
94,2,3,704,99
340,47,94,20,100
280,43,78,40,100
220,19,109,60,100
160,19,139,80,100
100,19,169,100,100
40,18,196,120,100
0,18,217,119,100
0,10,213,122,100
0,10,225,122,100
0,10,234,122,100
0,6,232,123,100
0,6,238,120,100
0,6,244,119,100
0,6,247,117,100
0,6,250,114,100
0,6,253,113,100
0,6,256,114,100
340,48,96,20,101
294,42,84,40,101
282,38,68,60,101
271,38,96,80,101
228,26,84,100,101
169,8,52,120,101
169,8,68,140,101
169,8,84,160,101
169,8,100,180,101
169,8,116,200,101
169,8,132,220,101
169,8,148,240,101
169,7,161,260,101
154,3,165,271,101
140,3,181,282,101
126,3,197,293,101
112,3,213,304,101
98,3,229,315,101
84,3,245,326,101
70,3,261,337,101
56,3,277,348,101
46,3,293,359,101
46,3,309,370,101
45,3,321,379,101
45,3,333,388,101
31,3,349,397,101
31,3,365,406,101
31,3,381,415,101
31,3,397,424,101
31,3,413,433,101
31,3,429,442,101
31,3,445,451,101
31,3,461,460,101
31,3,477,469,101
31,3,493,478,101
31,3,509,487,101
31,3,525,496,101
31,3,541,505,101
25,3,553,512,101
25,3,565,519,101
25,3,577,526,101
25,3,589,533,101
25,3,601,540,101
25,3,613,547,101
25,3,625,554,101
25,3,637,561,101
25,3,649,568,101
25,3,661,575,101
25,3,673,582,101
25,3,685,589,101
25,3,697,596,101
25,3,709,603,101
25,3,721,610,101
25,3,733,617,101
25,3,745,624,101
25,3,757,631,101
25,3,769,638,101
25,3,781,645,101
25,3,793,652,101
25,3,805,659,101
24,3,817,667,101
19,3,829,673,101
17,3,841,679,101
17,3,853,685,101
17,3,861,690,101
17,3,869,695,101
17,3,877,700,101
17,3,885,705,101
17,3,893,710,101
17,3,901,715,101
17,3,909,720,101
19,3,917,724,101
21,3,925,728,101
23,3,933,732,101
25,3,941,736,101
27,3,949,740,101
29,3,957,744,101
33,3,961,747,101
37,3,965,750,101
41,3,969,753,101
45,3,973,756,101
49,3,977,758,101
53,3,981,760,101
57,3,985,762,101
61,3,989,764,101
65,3,993,766,101
69,3,997,768,101
75,3,1001,772,101
81,3,1005,775,101
87,3,1009,778,101
87,3,1013,780,101
87,3,1017,782,101
87,3,1021,784,101
87,3,1025,786,101
87,3,1029,788,101
87,3,1033,790,101
87,3,1037,792,101
87,3,1041,794,101
87,3,1045,796,101
87,3,1049,798,101
340,26,95,20,102
280,106,95,40,102
220,185,92,60,102
160,218,86,50,102
100,258,86,40,102
40,298,86,30,102
0,318,70,32,102
0,322,54,35,102
0,338,54,35,102
0,350,54,35,102
0,350,46,36,102
0,342,30,36,102
0,346,30,32,102
0,346,30,27,102
0,346,30,21,102
0,346,30,17,102
0,346,30,15,102
340,47,94,20,103
280,43,78,40,103
220,43,158,60,103
160,41,226,80,103
160,40,263,100,103
139,16,266,107,103
124,12,270,111,103
97,6,266,115,103
76,6,274,113,103
55,6,282,111,103
34,6,290,109,103
18,6,298,107,103
18,6,306,105,103
18,6,314,103,103
18,6,322,101,103
18,6,330,99,103
18,6,338,97,103
18,6,346,95,103
18,6,354,93,103
18,6,362,91,103
18,6,370,89,103
18,6,378,87,103
18,6,386,85,103
18,6,394,83,103
18,6,402,81,103
18,6,410,79,103
18,6,418,77,103
18,6,426,75,103
18,6,434,73,103
12,6,438,72,103
12,6,442,71,103
12,6,446,70,103
12,6,450,69,103
12,6,454,68,103
16,6,458,69,103
14,3,456,70,103
18,3,460,71,103
17,3,464,71,103
16,3,468,71,103
15,3,472,71,103
14,3,476,71,103
13,3,480,71,103
12,3,484,71,103
12,3,488,71,103
12,3,492,71,103
12,3,496,71,103
12,3,500,71,103
12,3,504,71,103
12,3,508,71,103
12,3,512,71,103
12,3,516,71,103
12,3,520,71,103
12,3,524,71,103
12,3,528,71,103
12,3,532,71,103
12,3,536,71,103
12,3,540,71,103
12,3,544,71,103
12,3,548,71,103
12,3,552,71,103
12,3,556,71,103
12,3,560,71,103
12,3,564,71,103
12,3,568,71,103
12,3,572,71,103
12,3,576,71,103
12,3,580,71,103
15,3,580,69,103
18,3,580,67,103
21,3,580,65,103
24,3,580,63,103
27,3,580,61,103
30,3,580,59,103
33,3,580,57,103
36,3,580,55,103
39,3,580,53,103
42,3,580,51,103
45,3,580,49,103
48,3,580,47,103
51,3,580,45,103
54,3,580,43,103
57,3,580,41,103
60,3,580,39,103
63,3,580,37,103
66,3,580,35,103
69,3,580,33,103
72,3,580,31,103
75,3,580,29,103
78,3,580,27,103
81,3,580,25,103
84,3,580,23,103
87,3,580,21,103
90,3,580,19,103
93,3,580,17,103
96,3,580,15,103
99,3,580,13,103
102,3,580,11,103
105,3,580,9,103
108,3,580,7,103
111,3,580,5,103
340,49,97,20,104
280,49,97,0,104
220,45,89,0,104
160,45,89,0,104
100,43,85,0,104
88,39,69,0,104
64,15,67,2,104
52,31,71,0,104
24,37,62,2,104
66,53,65,1,104
72,69,68,0,104
78,85,71,0,104
72,89,58,5,104
78,101,61,1,104
40,93,38,9,104
65,105,41,8,104
70,114,37,7,104
56,110,15,12,104
64,118,17,7,104
79,126,19,3,104
94,134,21,0,104
103,142,23,0,104
107,150,25,0,104
105,162,27,0,104
103,174,29,0,104
89,174,15,0,104
87,186,17,0,104
85,198,19,0,104
83,210,21,0,104
81,222,23,0,104
79,234,25,0,104
77,246,27,0,104
75,258,29,0,104
73,270,31,0,104
71,282,33,0,104
47,274,2,5,104
58,282,4,0,104
58,294,6,0,104
58,306,8,0,104
58,318,10,0,104
58,330,12,0,104
58,342,14,0,104
58,354,16,0,104
58,366,18,0,104
58,378,20,0,104
58,390,22,0,104
0,334,8,17,104
36,346,10,11,104
46,358,12,4,104
58,370,14,0,104
58,388,16,0,104
58,406,18,0,104
58,424,20,0,104
58,442,22,0,104
58,460,24,0,104
58,478,26,0,104
58,496,28,0,104
58,514,30,0,104
58,532,32,0,104
58,550,34,0,104
36,546,4,2,104
58,560,6,0,104
75,578,9,0,104
87,602,12,0,104
116,626,16,0,104
133,656,21,0,104
162,692,27,0,104
181,734,34,0,104
123,644,10,23,104
210,713,17,1,104
232,787,25,0,104
280,873,33,0,104
284,961,41,0,104
219,1029,13,16,104
241,1117,21,10,104
300,1205,29,9,104
304,1295,37,0,104
304,1394,45,0,104
304,1493,53,0,104
302,1561,21,0,104
304,1651,29,0,104
310,1741,37,0,104
252,1835,47,0,104
246,1915,15,0,104
252,1992,27,0,104
252,2086,39,2,104
252,2180,51,4,104
344,2244,13,44,104
360,2338,25,80,104
362,2432,39,120,104
362,2526,53,160,104
414,2592,17,180,104
363,2686,31,209,104
363,2780,45,238,104
356,2854,17,282,104
363,2948,29,296,104
363,3042,41,314,104
363,3136,53,332,104
348,3209,63,325,104
80,3047,23,381,104
340,50,100,20,105
280,50,100,40,105
220,26,95,60,105
160,85,92,80,105
100,115,92,70,105
40,138,84,63,105
0,159,84,44,105
0,164,68,47,105
0,171,64,47,105
18,177,64,47,105
23,183,64,47,105
19,180,52,56,105
30,186,52,59,105
32,181,36,65,105
34,181,30,65,105
45,184,30,65,105
41,175,6,74,105
46,178,6,70,105
48,181,6,67,105
50,184,6,64,105
59,187,6,62,105
68,190,6,60,105
70,196,6,57,105
72,202,6,54,105
70,208,6,49,105
68,214,6,44,105
66,220,6,39,105
64,226,6,34,105
62,232,6,29,105
60,238,6,24,105
58,244,6,19,105
56,250,6,14,105
54,256,6,9,105
52,262,6,4,105
50,268,6,0,105
48,274,6,0,105
46,280,6,0,105
44,286,6,0,105
42,292,6,0,105
40,298,6,0,105
38,304,6,0,105
36,310,6,0,105
34,316,6,0,105
32,322,6,0,105
30,328,6,0,105
28,334,6,0,105
26,340,6,0,105
24,346,6,0,105
24,352,6,0,105
24,358,6,0,105
24,364,6,0,105
24,370,6,0,105
24,376,6,0,105
24,382,6,0,105
30,388,6,0,105
34,394,6,0,105
34,400,6,0,105
34,406,6,0,105
34,412,6,0,105
34,418,6,0,105
34,424,6,0,105
34,430,6,0,105
34,436,6,0,105
34,442,6,0,105
34,448,6,0,105
34,454,6,0,105
34,460,6,0,105
34,466,6,0,105
34,472,6,0,105
34,478,6,0,105
34,484,6,0,105
34,490,6,0,105
34,496,6,0,105
34,502,6,0,105
34,508,6,0,105
34,514,6,0,105
34,520,6,0,105
34,526,6,0,105
34,532,6,0,105
34,538,6,0,105
34,544,6,0,105
34,550,6,0,105
34,556,6,0,105
34,562,6,0,105
34,568,6,0,105
34,574,6,0,105
34,580,6,0,105
34,586,6,0,105
34,592,6,0,105
34,598,6,0,105
34,604,6,0,105
34,610,6,0,105
34,616,6,0,105
34,622,6,0,105
34,628,6,0,105
34,634,6,0,105
34,640,6,0,105
34,646,6,0,105
34,652,6,0,105
34,658,6,0,105
340,49,97,20,106
280,25,92,4,106
220,39,84,0,106
160,43,68,0,106
100,43,68,0,106
40,51,84,0,106
0,59,100,0,106
0,63,108,0,106
9,53,88,3,106
9,49,80,6,106
18,50,82,3,106
18,54,90,0,106
18,58,98,0,106
18,62,106,0,106
18,66,114,0,106
0,52,86,6,106
18,54,90,0,106
21,56,98,0,106
24,58,106,0,106
23,60,114,0,106
22,62,122,0,106
21,64,130,0,106
20,66,138,0,106
19,68,146,0,106
0,48,110,11,106
18,50,114,1,106
18,52,122,0,106
18,54,130,0,106
18,56,138,0,106
18,50,126,0,106
0,36,98,4,106
18,38,102,0,106
18,40,106,0,106
18,42,110,0,106
18,44,114,0,106
18,46,118,0,106
18,48,122,0,106
18,50,126,0,106
18,52,130,0,106
18,54,134,0,106
18,56,138,0,106
18,58,142,0,106
18,60,146,0,106
18,62,150,0,106
18,64,154,0,106
18,66,158,0,106
18,68,162,0,106
18,70,166,0,106
18,72,170,0,106
18,74,174,0,106
18,76,178,0,106
18,78,182,0,106
18,80,186,0,106
18,82,190,0,106
18,84,194,0,106
18,86,198,0,106
18,88,202,0,106
18,90,206,0,106
18,92,210,0,106
18,94,214,0,106
18,96,218,0,106
18,98,222,0,106
18,100,226,0,106
18,102,230,0,106
18,104,234,0,106
18,106,238,0,106
18,108,242,0,106
18,110,246,0,106
18,112,250,0,106
18,114,254,0,106
18,116,258,0,106
18,118,262,0,106
18,120,266,0,106
18,122,270,0,106
18,124,274,0,106
18,126,278,0,106
18,128,282,0,106
18,130,286,0,106
18,132,290,0,106
18,134,294,0,106
18,136,298,0,106
18,138,302,0,106
18,140,306,0,106
18,142,310,0,106
18,144,314,0,106
18,146,318,0,106
18,148,322,0,106
18,150,326,0,106
18,152,330,0,106
18,154,334,0,106
18,156,338,0,106
18,158,342,0,106
18,160,346,0,106
18,162,350,0,106
18,164,354,0,106
18,166,358,0,106
18,168,362,0,106
18,170,366,0,106
18,172,370,0,106
18,174,374,0,106
340,46,84,20,107
280,43,135,40,107
220,43,195,60,107
160,35,227,80,107
100,11,258,100,107
40,41,288,120,107
0,71,318,140,107
0,92,342,155,107
0,110,360,167,107
0,122,375,176,107
0,131,387,183,107
0,140,396,189,107
0,145,402,194,107
0,151,408,198,107
0,154,414,201,107
0,157,417,203,107
0,157,420,204,107
340,26,95,20,108
280,66,95,40,108
220,106,95,60,108
160,145,92,80,108
105,163,92,69,108
51,177,88,61,108
42,189,88,62,108
36,198,82,63,108
42,210,82,64,108
42,222,82,65,108
30,224,70,72,108
48,224,54,82,108
0,214,17,103,108
32,210,15,113,108
48,210,16,114,108
0,150,5,135,108
32,166,14,139,108
48,182,23,143,108
46,198,29,146,108
44,214,35,149,108
42,230,41,152,108
40,246,47,155,108
38,262,53,158,108
20,256,24,170,108
32,272,33,176,108
16,270,15,193,108
69,286,24,204,108
76,308,36,219,108
105,332,43,239,108
69,332,16,263,108
129,360,31,275,108
158,394,49,290,108
123,412,24,323,108
174,448,42,347,108
71,344,23,396,108
174,392,41,424,108
203,452,62,459,108
29,280,23,524,108
158,316,25,559,108
174,368,43,583,108
203,424,64,611,108
203,456,37,650,108
197,518,63,674,108
174,542,33,722,108
245,604,59,759,108
195,636,50,790,108
202,680,65,806,108
218,708,51,814,108
205,740,29,807,108
191,800,55,807,108
198,828,25,800,108
283,891,53,775,108
283,956,81,740,108
198,982,19,753,108
334,1059,47,746,108
165,923,20,791,108
283,1034,48,789,108
340,1145,76,793,108
283,1232,56,802,108
208,1332,86,801,108
200,1403,66,810,108
208,1503,96,824,108
234,1574,68,824,108
132,1378,24,886,108
208,1488,39,891,108
212,1598,69,902,108
208,1659,20,917,108
212,1769,50,917,108
242,1881,80,921,108
244,1995,110,928,108
246,2109,140,927,108
234,2197,88,954,108
212,2275,39,985,108
215,2389,69,986,108
217,2504,99,992,108
219,2619,129,988,108
250,2734,159,978,108
161,2770,113,991,108
234,2861,127,962,108
151,2877,19,1009,108
234,2968,45,981,108
237,3059,71,957,108
238,3130,98,956,108
289,3139,51,995,108
375,3188,78,1000,108
368,3199,32,992,108
378,3248,59,987,108
179,3044,18,1051,108
348,3103,45,1034,108
351,3162,72,1020,108
351,3221,99,994,108
149,2950,42,1079,108
351,3026,69,1068,108
353,3104,96,1062,108
337,3141,50,1071,108
415,3219,77,1068,108
418,3297,104,1067,108
162,2968,30,1181,108
419,3047,58,1169,108
328,3120,84,1151,108
340,49,97,20,109
280,25,92,4,109
220,65,92,0,109
160,102,86,0,109
100,142,86,0,109
40,176,82,0,109
28,188,66,8,109
28,196,50,16,109
35,216,50,21,109
42,244,50,28,109
49,272,42,38,109
49,294,30,35,109
91,322,30,35,109
104,346,14,41,109
110,382,14,24,109
123,422,14,5,109
156,470,14,0,109
183,530,20,0,109
183,590,26,0,109
182,634,2,0,109
149,694,8,0,109
149,754,14,0,109
149,814,20,0,109
149,874,26,0,109
149,934,32,0,109
149,994,38,0,109
136,978,24,0,109
122,1066,28,0,109
122,1154,32,0,109
122,1242,36,0,109
136,1303,4,0,109
154,1414,10,0,109
192,1525,16,0,109
195,1652,22,0,109
195,1783,28,0,109
189,1882,10,6,109
390,1993,16,22,109
282,2104,20,25,109
282,2215,24,28,109
266,2292,24,28,109
266,2369,24,28,109
266,2446,24,28,109
266,2523,24,28,109
266,2600,24,28,109
266,2677,24,28,109
266,2754,24,28,109
266,2831,24,28,109
266,2908,24,28,109
266,2985,24,28,109
266,3062,24,28,109
266,3139,24,28,109
266,3216,24,28,109
266,3293,24,28,109
266,3370,24,28,109
266,3447,24,28,109
266,3524,24,28,109
266,3601,24,28,109
266,3678,24,28,109
266,3755,24,28,109
266,3832,24,28,109
266,3909,24,28,109
266,3986,24,28,109
266,4063,24,28,109
266,4140,24,28,109
266,4217,24,28,109
266,4294,24,28,109
266,4371,24,28,109
266,4448,24,28,109
266,4525,24,28,109
266,4602,24,28,109
266,4679,24,28,109
266,4756,24,28,109
266,4833,24,28,109
266,4910,24,28,109
266,4987,24,28,109
266,5064,24,28,109
266,5141,24,28,109
266,5218,24,28,109
266,5295,24,28,109
266,5372,24,28,109
266,5449,24,28,109
266,5526,24,28,109
266,5603,24,28,109
266,5680,24,28,109
266,5757,24,28,109
266,5834,24,28,109
266,5911,24,28,109
266,5988,24,28,109
266,6065,24,28,109
266,6142,24,28,109
266,6219,24,28,109
156,6303,24,16,109
156,6387,24,4,109
149,6471,24,0,109
149,6555,24,0,109
149,6639,24,0,109
149,6723,24,0,109
149,6807,24,0,109
149,6891,24,0,109
149,6975,24,0,109
340,26,95,20,110
291,62,95,38,110
242,97,92,56,110
194,103,76,59,110
145,112,85,59,110
97,124,103,59,110
48,130,110,59,110
0,138,122,47,110
0,142,127,43,110
36,146,133,42,110
38,140,120,42,110
28,130,99,45,110
18,114,67,48,110
24,116,70,36,110
26,118,73,24,110
24,112,60,22,110
24,116,63,11,110
12,102,31,15,110
24,106,34,4,110
36,110,40,0,110
36,116,49,0,110
0,96,4,0,110
0,102,10,0,110
0,104,9,0,110
20,106,12,0,110
20,108,15,0,110
20,110,18,0,110
20,112,21,0,110
20,114,24,0,110
20,116,27,0,110
20,116,30,0,110
10,92,25,3,110
20,94,28,0,110
30,98,34,0,110
40,106,46,0,110
50,116,61,0,110
60,106,36,0,110
80,120,57,0,110
100,140,87,0,110
110,150,77,0,110
150,114,118,0,110
156,168,168,0,110
159,222,228,0,110
159,270,276,0,110
306,292,242,0,110
200,302,187,13,110
212,314,223,14,110
270,334,275,20,110
196,314,164,83,110
220,360,264,62,110
120,334,117,132,110
220,380,224,115,110
216,396,237,85,110
275,442,345,70,110
216,460,385,32,110
216,474,397,0,110
275,520,495,0,110
212,432,526,13,110
275,450,568,11,110
336,496,668,0,110
275,514,710,0,110
220,528,744,0,110
212,380,749,10,110
204,161,738,34,110
224,211,817,0,110
224,261,917,0,110
208,255,802,54,110
150,230,668,150,110
96,192,500,268,110
256,217,581,298,110
256,230,638,316,110
256,235,679,350,110
256,230,707,352,110
171,216,713,377,110
174,224,763,402,110
245,224,796,431,110
309,251,884,448,110
250,229,874,486,110
250,231,912,524,110
319,221,927,562,110
129,173,728,670,110
328,200,819,697,110
384,227,910,729,110
113,165,669,863,110
325,152,697,901,110
336,179,815,901,110
392,206,933,905,110
329,189,954,928,110
332,184,1002,966,110
336,167,1023,992,110
405,194,1141,996,110
405,221,1259,989,110
405,248,1377,982,110
230,52,1369,1065,110
405,100,1487,1074,110
131,42,1206,1223,110
407,90,1326,1238,110
400,100,1369,1291,110
539,150,1490,1328,110
391,154,1517,1397,110
340,50,100,20,111
280,46,84,40,111
220,43,116,60,111
160,41,148,80,111
110,40,165,100,111
54,16,168,108,111
4,24,160,116,111
3,20,134,127,111
5,40,144,132,111
8,72,158,141,111
6,90,158,153,111
56,94,140,174,111
144,118,150,193,111
83,74,142,225,111
82,81,112,257,111
172,112,114,283,111
158,140,122,294,111
48,130,76,323,111
159,158,84,340,111
102,166,48,369,111
16,50,20,410,111
159,86,32,433,111
188,129,48,459,111
202,174,66,489,111
116,171,16,537,111
222,216,34,570,111
269,268,54,610,111
233,296,26,656,111
274,357,50,696,111
137,208,20,775,111
301,275,32,830,111
346,375,52,889,111
348,475,72,936,111
260,510,36,998,111
404,601,56,1061,111
407,701,77,1129,111
340,789,74,1187,111
340,864,62,1245,111
344,955,83,1275,111
180,995,29,1323,111
304,1097,58,1357,111
235,1168,47,1394,111
306,1263,76,1417,111
306,1367,105,1444,111
306,1471,134,1471,111
306,1575,163,1498,111
306,1679,192,1525,111
227,1738,157,1552,111
227,1773,105,1579,111
306,1877,134,1606,111
150,1897,37,1666,111
306,2001,80,1695,111
240,2072,75,1729,111
310,2167,118,1735,111
233,2217,105,1744,111
238,2276,147,1743,111
238,2335,189,1732,111
238,2394,236,1736,111
233,2432,199,1750,111
238,2491,246,1754,111
243,2558,233,1773,111
143,2575,206,1776,111
150,2580,166,1761,111
227,2578,108,1748,111
227,2600,99,1726,111
120,2447,81,1768,111
80,2235,39,1843,111
196,2306,77,1828,111
196,2377,115,1816,111
40,2089,46,1918,111
196,2169,84,1920,111
199,2249,122,1912,111
196,2297,96,1927,111
230,2378,135,1914,111
232,2460,174,1903,111
143,2482,88,1931,111
147,2526,54,1937,111
182,2609,93,1891,111
148,2665,83,1891,111
128,2679,45,1915,111
172,2743,75,1906,111
210,2823,102,1908,111
212,2903,129,1898,111
145,2915,82,1921,111
277,2995,109,1928,111
174,3001,49,1964,111
327,3082,76,1975,111
331,3163,103,1975,111
333,3245,142,1981,111
315,3314,169,1980,111
198,3298,62,2007,111
322,3367,85,2006,111
324,3436,108,2009,111
198,3448,55,2017,111
263,3506,76,2004,111
327,3575,99,1996,111
308,3593,41,2015,111
327,3674,64,2012,111
329,3755,87,2011,111
333,3837,110,2000,111
340,48,96,20,112
470,45,90,40,112
570,37,74,60,112
656,33,58,91,112
394,9,153,150,112
200,48,226,209,112
130,70,266,229,112
208,78,278,261,112
196,88,298,274,112
134,80,278,299,112
246,94,302,312,112
164,92,278,340,112
215,96,306,362,112
82,80,242,408,112
145,64,228,448,112
245,76,282,476,112
141,54,256,523,112
283,64,304,553,112
118,34,256,603,112
264,36,288,641,112
208,34,312,657,112
24,6,200,721,112
214,16,248,737,112
233,26,296,750,112
196,20,304,771,112
196,30,348,774,112
196,40,392,777,112
196,50,436,780,112
196,60,480,783,112
147,66,510,784,112
122,56,506,797,112
110,42,494,810,112
98,24,470,820,112
147,30,500,821,112
184,38,538,826,112
196,48,578,829,112
147,36,556,828,112
184,44,578,818,112
147,28,548,817,112
184,36,570,798,112
214,46,598,777,112
147,16,544,799,112
233,26,572,782,112
196,34,596,770,112
147,12,558,767,112
184,20,580,747,112
135,26,596,732,112
135,32,612,717,112
135,38,628,702,112
98,10,576,708,112
135,16,592,687,112
147,24,610,667,112
159,32,628,645,112
184,40,650,627,112
196,50,674,598,112
135,14,606,625,112
293,24,634,607,112
281,33,665,592,112
110,7,555,644,112
268,17,594,627,112
293,27,637,612,112
287,36,683,596,112
287,45,729,580,112
73,9,581,654,112
287,18,629,652,112
287,27,677,650,112
287,36,725,648,112
274,18,712,659,112
287,27,760,657,112
287,36,808,655,112
287,45,856,653,112
287,54,904,651,112
281,47,909,657,112
287,56,957,655,112
256,34,932,660,112
268,20,923,659,112
291,38,985,654,112
292,56,1047,652,112
61,10,861,749,112
297,28,932,750,112
297,46,1003,752,112
297,64,1074,754,112
259,41,1067,756,112
208,49,1109,739,112
165,25,1094,734,112
195,25,1136,714,112
220,25,1180,692,112
220,4,1219,683,112
208,7,1261,666,112
208,10,1303,649,112
208,13,1345,632,112
177,16,1381,616,112
177,19,1417,600,112
177,22,1453,584,112
177,25,1489,568,112
177,28,1525,552,112
177,31,1561,536,112
177,34,1599,523,112
177,37,1637,510,112
177,40,1675,497,112
340,50,100,20,113
280,47,94,40,113
220,43,78,60,113
160,42,95,80,113
100,40,100,73,113
58,40,107,72,113
18,40,114,71,113
12,34,107,76,113
35,34,112,81,113
25,10,111,92,113
32,14,116,100,113
32,14,113,110,113
28,18,117,108,113
14,8,95,118,113
52,11,99,119,113
64,15,103,123,113
61,10,91,129,113
48,5,78,126,113
61,8,82,120,113
64,12,86,112,113
29,3,48,128,113
61,6,68,126,113
64,10,88,124,113
68,14,113,121,113
80,19,139,116,113
48,4,118,130,113
75,7,133,133,113
88,10,153,134,113
109,14,174,134,113
113,6,175,142,113
134,11,200,132,113
147,17,230,125,113
159,23,261,115,113
184,14,257,106,113
234,23,297,82,113
209,21,289,79,113
147,7,251,112,113
217,11,335,113,113
224,15,435,108,113
159,21,498,104,113
159,27,561,100,113
159,33,624,96,113
113,13,619,128,113
165,19,682,142,113
192,26,755,160,113
205,22,811,189,113
238,30,913,208,113
179,36,980,214,113
179,42,1047,220,113
179,48,1114,226,113
179,54,1181,232,113
113,28,1164,262,113
186,34,1231,289,113
189,29,1277,325,113
210,33,1361,350,113
252,37,1445,379,113
180,17,1481,418,113
252,21,1583,451,113
210,9,1635,461,113
214,17,1737,471,113
214,25,1839,484,113
214,33,1941,497,113
214,41,2043,510,113
210,25,2087,523,113
214,29,2173,508,113
214,33,2279,498,113
168,5,2299,502,113
154,9,2365,487,113
154,13,2431,472,113
154,17,2497,457,113
154,21,2563,442,113
158,27,2630,422,113
171,31,2716,401,113
126,12,2725,397,113
138,18,2785,369,113
161,22,2851,339,113
161,26,2917,298,113
161,30,2983,257,113
161,34,3049,216,113
139,12,3053,197,113
161,16,3119,156,113
161,20,3186,104,113
161,24,3253,52,113
161,28,3320,0,113
161,32,3387,0,113
161,36,3454,0,113
168,40,3521,0,113
80,13,3438,42,113
161,17,3519,5,113
164,21,3600,0,113
171,25,3681,0,113
171,29,3781,0,113
171,33,3881,0,113
171,37,3965,0,113
161,13,3973,0,113
171,17,4057,0,113
218,21,4143,0,113
232,29,4229,0,113
232,37,4329,0,113
171,9,4351,0,113
340,48,96,20,114
406,42,84,40,114
476,41,81,60,114
468,37,65,68,114
473,37,75,73,114
474,33,75,78,114
466,30,77,77,114
428,18,57,88,114
417,10,45,92,114
419,10,51,93,114
412,10,57,93,114
405,10,63,93,114
386,2,53,99,114
367,2,59,93,114
348,2,65,87,114
329,2,71,81,114
310,2,77,75,114
291,2,83,69,114
272,2,89,63,114
253,2,95,57,114
234,2,101,51,114
215,2,107,45,114
196,2,113,39,114
177,2,119,33,114
158,2,125,27,114
139,2,131,21,114
120,2,137,15,114
101,2,143,9,114
82,2,149,3,114
63,2,155,0,114
48,2,161,0,114
48,2,167,0,114
48,2,173,0,114
48,2,179,0,114
48,2,185,0,114
48,2,191,0,114
48,2,197,0,114
48,2,203,0,114
48,2,209,0,114
48,2,215,0,114
60,2,221,0,114
73,2,229,1,114
80,2,239,1,114
96,2,251,1,114
128,2,267,3,114
156,2,287,4,114
188,2,311,5,114
208,2,337,7,114
268,2,369,7,114
308,2,405,12,114
355,2,441,21,114
355,2,477,22,114
355,2,513,23,114
355,2,549,24,114
355,2,585,25,114
355,2,621,26,114
355,2,657,27,114
355,2,693,28,114
355,2,729,29,114
355,2,765,30,114
355,2,801,31,114
355,2,837,32,114
355,2,873,33,114
276,2,900,44,114
276,2,927,55,114
276,2,954,66,114
276,2,981,77,114
276,2,1008,88,114
276,2,1035,99,114
276,2,1062,110,114
276,2,1089,121,114
276,2,1116,132,114
276,2,1143,143,114
276,2,1170,154,114
276,2,1197,165,114
276,2,1224,176,114
276,2,1251,187,114
276,2,1278,198,114
276,2,1305,209,114
276,2,1332,220,114
276,2,1359,231,114
276,2,1386,242,114
276,2,1413,253,114
276,2,1440,264,114
276,2,1467,275,114
276,2,1494,286,114
276,2,1521,297,114
276,2,1548,308,114
276,2,1575,319,114
276,2,1602,330,114
276,2,1629,341,114
276,2,1656,352,114
276,2,1683,363,114
276,2,1710,374,114
204,2,1736,375,114
169,2,1756,376,114
169,2,1776,377,114
169,2,1796,378,114
169,2,1816,379,114
169,2,1836,380,114
340,50,100,20,115
280,47,94,40,115
220,43,78,60,115
160,43,138,80,115
100,43,198,100,115
40,35,230,120,115
0,35,290,140,115
0,34,332,155,115
0,34,350,149,115
0,32,355,146,115
2,32,361,144,115
2,32,370,143,115
0,26,361,148,115
7,26,364,147,115
8,26,370,147,115
9,26,376,147,115
14,26,382,149,115
18,26,388,151,115
20,26,397,153,115
21,26,406,156,115
21,26,415,159,115
21,26,424,162,115
21,26,433,165,115
14,22,434,168,115
14,22,443,165,115
13,14,433,168,115
14,14,442,165,115
14,6,435,166,115
20,6,444,158,115
21,6,453,149,115
28,6,465,137,115
35,6,483,121,115
48,6,504,103,115
55,6,528,80,115
63,6,558,52,115
77,6,594,18,115
91,6,636,0,115
112,6,684,0,115
140,6,748,0,115
140,6,812,0,115
140,6,876,0,115
140,6,940,0,115
140,6,1004,0,115
140,6,1068,0,115
140,6,1132,0,115
140,6,1196,0,115
140,6,1260,0,115
140,6,1324,0,115
140,6,1388,0,115
140,6,1452,0,115
140,6,1516,0,115
140,6,1580,0,115
140,6,1644,0,115
140,6,1708,0,115
140,6,1772,0,115
140,6,1836,0,115
140,6,1900,0,115
140,6,1964,0,115
140,6,2028,0,115
140,6,2092,0,115
140,6,2156,0,115
140,6,2220,0,115
140,6,2284,0,115
140,6,2348,0,115
140,6,2412,0,115
140,6,2476,0,115
140,6,2540,0,115
140,6,2604,0,115
140,6,2668,0,115
140,6,2732,0,115
140,6,2796,0,115
140,6,2860,0,115
140,6,2924,0,115
140,6,2988,0,115
140,6,3052,0,115
140,6,3116,0,115
140,6,3180,0,115
140,6,3244,0,115
140,6,3308,0,115
140,6,3372,0,115
140,6,3436,0,115
140,6,3500,0,115
140,6,3564,0,115
140,6,3628,0,115
140,6,3692,0,115
140,6,3756,0,115
140,6,3820,0,115
140,6,3884,0,115
140,6,3948,0,115
140,6,4012,0,115
140,6,4076,0,115
140,6,4140,0,115
140,6,4204,0,115
140,6,4268,0,115
140,6,4332,0,115
140,6,4396,0,115
140,6,4460,0,115
140,6,4524,0,115
140,6,4588,0,115
140,6,4652,0,115
340,26,95,20,116
280,106,95,40,116
220,179,89,60,116
160,223,73,80,116
100,263,103,100,116
40,303,133,120,116
0,342,160,140,116
0,350,156,146,116
0,338,127,154,116
0,354,142,163,116
0,360,147,170,116
8,367,150,176,116
0,365,141,182,116
24,369,147,186,116
41,373,153,190,116
50,377,159,193,116
60,385,168,198,116
41,373,147,212,116
22,349,102,226,116
34,353,100,234,116
44,361,109,234,116
10,301,98,254,116
48,313,107,259,116
34,289,52,280,116
27,287,18,301,116
61,303,38,310,116
48,297,17,336,116
102,313,40,350,116
129,337,70,371,116
171,365,110,398,116
125,265,110,465,116
95,265,78,532,116
150,301,159,575,116
95,141,165,660,116
170,211,257,722,116
149,257,309,794,116
182,291,316,862,116
182,333,360,941,116
125,341,288,1040,116
83,129,280,1151,116
79,116,165,1262,116
156,130,188,1345,116
321,138,199,1473,116
321,140,198,1606,116
463,228,293,1724,116
457,243,320,1819,116
456,250,329,1914,116
471,299,422,2020,116
456,298,415,2120,116
351,339,492,2201,116
114,316,334,2330,116
114,43,307,2459,116
323,104,410,2555,116
353,165,513,2655,116
309,182,527,2768,116
357,185,515,2881,116
370,246,620,2992,116
328,305,720,3075,116
210,303,691,3172,116
357,360,791,3255,116
53,311,570,3391,116
71,27,525,3509,116
330,88,632,3595,116
359,137,715,3692,116
39,79,452,3844,116
247,90,446,3952,116
266,79,428,4064,116
81,19,171,4221,116
311,71,298,4333,116
352,64,307,4451,116
311,52,256,4572,116
415,104,360,4689,116
455,157,465,4800,116
486,210,570,4913,116
486,247,643,5033,116
491,301,748,5138,116
374,290,727,5274,116
546,344,832,5375,116
308,87,831,5516,116
392,82,792,5652,116
392,69,752,5808,116
560,140,863,5928,116
560,211,984,6041,116
560,282,1105,6154,116
220,245,885,6352,116
560,316,1048,6497,116
388,309,1025,6690,116
475,297,991,6883,116
382,284,955,7068,116
447,260,892,7253,116
835,331,1024,7429,116
502,306,950,7635,116
487,270,863,7841,116
875,330,973,8028,116
376,280,719,8250,116
886,352,876,8431,116
897,424,1033,8601,116
118,345,699,8803,116
57,248,313,9011,116
481,216,236,9186,116
340,49,97,20,117
280,45,89,0,117
220,37,73,0,117
160,17,68,0,117
100,23,68,0,117
40,29,68,0,117
0,26,52,0,117
0,24,36,0,117
0,23,30,0,117
0,11,6,3,117
0,12,6,0,117
0,13,6,0,117
0,14,6,0,117
0,12,2,1,117
0,12,2,0,117
0,12,2,0,117
0,12,2,0,117
340,26,95,20,118
314,23,89,33,118
289,15,73,46,118
263,15,73,59,118
238,15,73,72,118
213,15,73,85,118
187,15,73,98,118
178,15,73,106,118
168,15,73,114,118
159,15,73,122,118
149,15,73,130,118
139,15,73,138,118
130,14,70,146,118
126,14,70,142,118
122,12,66,141,118
119,12,66,140,118
117,8,58,140,118
116,8,58,140,118
114,8,58,140,118
112,8,58,140,118
110,8,58,140,118
108,8,58,140,118
106,8,58,140,118
104,8,58,140,118
102,8,58,140,118
101,8,58,139,118
100,8,58,138,118
99,8,58,137,118
98,8,58,136,118
97,8,58,135,118
96,8,58,134,118
95,8,58,133,118
94,8,58,132,118
93,8,58,131,118
92,8,58,130,118
91,8,58,129,118
90,8,58,128,118
89,8,58,127,118
88,8,58,126,118
87,8,58,125,118
86,8,58,124,118
85,8,58,123,118
84,8,58,122,118
83,8,58,121,118
82,8,58,120,118
81,8,58,119,118
80,8,58,118,118
79,8,58,117,118
78,8,58,116,118
77,8,58,115,118
76,8,58,114,118
75,8,58,113,118
74,8,58,112,118
73,8,58,111,118
72,8,58,110,118
71,8,58,109,118
70,8,58,108,118
69,8,58,107,118
68,8,58,106,118
67,8,58,105,118
66,8,58,104,118
65,8,58,103,118
64,8,58,102,118
63,8,58,101,118
62,8,58,100,118
61,8,58,99,118
60,8,58,98,118
59,8,58,97,118
58,8,58,96,118
57,8,58,95,118
56,8,58,94,118
55,8,58,93,118
54,8,58,92,118
53,8,58,91,118
52,8,58,90,118
51,8,58,89,118
50,8,58,88,118
49,8,58,87,118
48,8,58,86,118
47,8,58,85,118
46,8,58,84,118
45,8,58,83,118
44,8,58,82,118
43,8,58,81,118
42,8,58,80,118
41,8,58,79,118
40,8,58,78,118
39,8,58,77,118
38,8,58,76,118
37,8,58,75,118
36,8,58,74,118
35,8,58,73,118
34,8,58,72,118
33,8,58,71,118
32,8,58,70,118
31,8,58,69,118
30,8,58,68,118
29,8,58,67,118
28,8,58,66,118
27,8,58,65,118
340,49,97,20,119
280,45,89,0,119
220,43,85,0,119
175,37,73,0,119
160,37,73,0,119
145,37,73,0,119
121,29,57,0,119
79,17,33,8,119
61,5,9,7,119
55,5,9,0,119
60,5,9,0,119
60,2,3,0,119
60,2,3,0,119
60,2,3,0,119
60,2,3,0,119
60,2,3,0,119
60,2,3,0,119
60,2,3,0,119
60,2,3,0,119
60,2,3,0,119
60,2,3,0,119
60,2,3,0,119
60,2,3,0,119
60,2,3,0,119
60,2,3,0,119
60,2,3,0,119
60,2,3,0,119
60,2,3,0,119
60,2,3,0,119
60,2,3,0,119
60,2,3,0,119
60,2,3,0,119
60,2,3,0,119
60,2,3,0,119
60,2,3,0,119
60,2,3,0,119
60,2,3,0,119
60,2,3,0,119
60,2,3,0,119
60,2,3,0,119
60,2,3,0,119
60,2,3,0,119
60,2,3,0,119
60,2,3,0,119
60,2,3,0,119
60,2,3,0,119
60,2,3,0,119
60,2,3,0,119
60,2,3,0,119
60,2,3,0,119
60,2,3,0,119
60,2,3,0,119
60,2,3,0,119
60,2,3,0,119
60,2,3,0,119
60,2,3,0,119
60,2,3,0,119
60,2,3,0,119
60,2,3,0,119
60,2,3,0,119
60,2,3,0,119
60,2,3,0,119
60,2,3,0,119
60,2,3,0,119
60,2,3,0,119
60,2,3,0,119
60,2,3,0,119
60,2,3,0,119
60,2,3,0,119
60,2,3,0,119
60,2,3,0,119
60,2,3,0,119
60,2,3,0,119
60,2,3,0,119
60,2,3,0,119
60,2,3,0,119
60,2,3,0,119
60,2,3,0,119
60,2,3,0,119
60,2,3,0,119
60,2,3,0,119
60,2,3,0,119
60,2,3,0,119
60,2,3,0,119
60,2,3,0,119
60,2,3,0,119
60,2,3,0,119
60,2,3,0,119
60,2,3,0,119
60,2,3,0,119
60,2,3,0,119
60,2,3,0,119
60,2,3,0,119
60,2,3,0,119
60,2,3,0,119
72,2,3,0,119
81,2,3,0,119
90,2,3,0,119
99,2,3,0,119
117,2,3,0,119
340,48,96,20,120
388,24,91,40,120
391,25,79,60,120
414,31,79,78,120
437,36,76,96,120
436,36,68,102,120
437,39,68,98,120
417,37,52,106,120
406,37,58,108,120
374,26,38,122,120
361,20,30,127,120
364,22,42,129,120
341,25,58,131,120
273,8,26,151,120
273,11,38,156,120
273,14,50,161,120
273,17,62,166,120
202,7,26,186,120
199,9,44,194,120
196,11,62,202,120
193,13,80,210,120
171,7,76,218,120
149,9,94,220,120
127,11,112,222,120
105,13,130,224,120
83,15,148,226,120
54,5,136,237,120
58,7,148,233,120
58,9,166,229,120
58,11,184,225,120
58,13,202,221,120
58,15,220,217,120
58,17,238,213,120
58,19,256,209,120
57,21,268,209,120
30,6,242,215,120
48,8,254,215,120
51,10,266,214,120
58,12,282,211,120
58,14,298,208,120
58,16,314,205,120
53,17,326,202,120
38,2,300,211,120
33,3,310,205,120
29,4,320,199,120
29,5,330,193,120
29,6,340,187,120
29,7,350,181,120
29,8,360,175,120
29,9,370,169,120
29,10,380,163,120
29,11,390,157,120
29,12,400,151,120
29,13,410,145,120
29,14,420,139,120
29,15,430,133,120
29,16,440,127,120
29,17,450,121,120
19,2,424,130,120
29,3,430,127,120
29,4,440,121,120
29,5,450,115,120
29,6,460,109,120
29,7,470,103,120
29,8,480,97,120
29,9,490,91,120
29,10,500,85,120
29,11,510,79,120
29,12,520,73,120
29,13,530,67,120
29,14,540,61,120
29,15,550,55,120
29,16,560,49,120
29,17,570,43,120
29,18,580,37,120
29,19,590,31,120
29,20,600,25,120
29,21,610,19,120
29,22,620,13,120
29,23,630,7,120
29,24,640,1,120
29,25,650,0,120
29,26,660,0,120
29,27,670,0,120
9,7,636,9,120
29,8,646,3,120
29,9,652,0,120
29,10,658,0,120
29,11,664,0,120
29,12,670,0,120
29,13,676,0,120
29,14,682,0,120
29,15,688,0,120
29,16,694,0,120
29,17,700,0,120
29,18,706,0,120
29,19,712,0,120
29,20,718,0,120
29,21,724,0,120
9,5,698,5,120
340,49,97,20,121
280,47,93,0,121
350,47,93,0,121
407,43,85,0,121
399,37,73,0,121
426,34,67,0,121
426,10,62,2,121
413,14,46,7,121
420,26,58,6,121
407,30,50,8,121
414,42,62,7,121
348,32,22,26,121
342,44,46,30,121
336,56,70,34,121
330,68,94,38,121
284,60,78,48,121
297,72,98,52,121
216,16,88,72,121
201,19,88,83,121
166,17,80,91,121
172,27,92,90,121
178,37,104,89,121
168,26,76,97,121
178,32,84,93,121
182,42,92,90,121
160,18,44,101,121
171,24,52,100,121
177,30,60,97,121
192,36,68,95,121
198,46,84,97,121
122,19,28,112,121
99,34,44,112,121
33,21,12,130,121
112,32,28,133,121
112,35,20,141,121
138,50,40,140,121
158,66,64,139,121
92,60,48,145,121
112,75,64,139,121
99,85,80,134,121
99,95,96,129,121
20,60,20,148,121
99,70,36,143,121
125,85,56,139,121
158,101,80,132,121
99,88,48,150,121
154,104,72,147,121
124,84,28,179,121
255,105,60,187,121
330,131,100,198,121
245,131,48,246,121
219,31,44,297,121
369,61,88,321,121
462,87,128,348,121
219,61,41,420,121
462,69,95,450,121
462,61,115,484,121
468,69,171,504,121
476,77,241,530,121
476,85,330,561,121
343,55,316,609,121
562,63,372,640,121
400,21,343,695,121
658,21,413,730,121
660,21,502,771,121
726,21,591,815,121
726,21,680,860,121
726,21,769,905,121
726,21,858,950,121
726,21,947,995,121
726,21,1036,1040,121
726,21,1125,1085,121
658,1,1155,1130,121
660,1,1244,1161,121
733,1,1333,1196,121
599,1,1387,1207,121
599,1,1441,1218,121
599,1,1495,1229,121
599,1,1549,1240,121
599,1,1603,1251,121
599,1,1657,1262,121
599,1,1711,1273,121
599,1,1765,1284,121
599,1,1819,1295,121
599,1,1873,1306,121
599,1,1927,1317,121
599,1,1981,1328,121
597,1,2035,1337,121
597,1,2089,1346,121
597,1,2143,1355,121
597,1,2197,1364,121
597,1,2251,1373,121
597,1,2305,1382,121
597,1,2359,1391,121
597,1,2413,1400,121
597,1,2467,1409,121
597,1,2521,1418,121
597,1,2575,1427,121
597,1,2629,1436,121
597,1,2683,1445,121
340,26,95,20,122
280,46,95,40,122
220,54,79,60,122
194,57,91,73,122
169,62,109,86,122
143,66,124,87,122
118,61,117,91,122
93,65,132,92,122
67,66,140,93,122
42,61,134,100,122
34,63,143,104,122
26,61,144,111,122
18,63,153,112,122
9,56,143,116,122
9,45,122,120,122
9,46,128,112,122
9,47,134,104,122
0,31,105,108,122
0,15,76,115,122
0,16,79,108,122
0,16,82,102,122
0,16,85,98,122
0,16,88,96,122
0,16,91,96,122
0,16,94,95,122
0,16,94,93,122
340,26,95,20,123
280,65,92,40,123
220,85,92,30,123
160,99,84,23,123
100,101,68,10,123
40,106,62,0,123
0,108,46,0,123
0,114,55,0,123
0,118,64,0,123
0,106,43,3,123
0,108,49,0,123
0,110,52,0,123
0,110,55,0,123
0,110,58,0,123
0,110,61,0,123
0,107,58,2,123
0,107,61,3,123
340,26,95,20,124
280,60,91,40,124
340,75,85,60,124
376,83,69,80,124
392,93,53,103,124
247,101,32,134,124
103,129,42,165,124
66,149,52,196,124
66,169,62,227,124
24,167,25,258,124
48,182,61,289,124
48,174,53,317,124
60,194,107,336,124
78,214,160,366,124
105,229,220,427,124
168,256,308,496,124
168,251,313,576,124
168,218,368,656,124
171,333,437,736,124
200,444,517,830,124
164,497,506,906,124
119,558,491,982,124
112,519,513,1058,124
66,665,587,1128,124
40,735,517,1228,124
59,859,592,1298,124
179,971,643,1407,124
128,1011,530,1533,124
181,1137,635,1647,124
99,1151,490,1788,124
183,1231,609,1881,124
156,1287,709,1945,124
96,1207,737,2029,124
156,1268,823,2093,124
79,1121,823,2187,124
3,1066,584,2311,124
92,1128,673,2379,124
48,915,658,2481,124
93,994,763,2540,124
93,1061,844,2602,124
32,777,798,2710,124
92,844,845,2772,124
93,927,943,2821,124
93,994,990,2872,124
64,1018,997,2909,124
67,1072,1059,2934,124
77,1144,1136,2975,124
16,852,1076,3078,124
74,880,1103,3128,124
78,937,1182,3160,124
78,994,1261,3193,124
78,1051,1340,3226,124
78,1127,1400,3259,124
78,1203,1460,3292,124
78,1279,1520,3325,124
92,1353,1580,3358,124
0,1293,1341,3479,124
32,1321,1369,3513,124
39,1367,1440,3549,124
39,1413,1511,3585,124
39,1459,1582,3621,124
39,1505,1653,3657,124
35,1527,1663,3692,124
35,1540,1652,3730,124
32,1540,1625,3771,124
0,1240,1556,3872,124
28,1279,1604,3891,124
35,1329,1662,3916,124
20,1362,1683,3941,124
21,1438,1744,3966,124
35,1514,1805,3994,124
19,1546,1816,4032,124
35,1624,1878,4050,124
21,1670,1915,4072,124
39,1692,1912,4088,124
42,1711,1902,4100,124
42,1744,1920,4114,124
66,1746,1871,4136,124
92,1805,1927,4139,124
70,1821,1910,4148,124
4,1466,1826,4271,124
66,1478,1780,4290,124
66,1474,1702,4315,124
70,1483,1648,4318,124
70,1488,1586,4323,124
49,1463,1495,4322,124
71,1515,1551,4285,124
7,1161,1474,4396,124
42,1194,1507,4370,124
62,1198,1485,4380,124
16,1153,1289,4482,124
69,1138,1225,4488,124
82,1142,1198,4492,124
16,1097,1002,4593,124
147,1141,1040,4591,124
147,1185,1078,4576,124
147,1229,1116,4561,124
115,1220,1072,4591,124
115,1175,956,4621,124
189,1219,994,4620,124
340,48,96,20,125
292,44,80,40,125
241,41,94,60,125
187,17,101,80,125
133,45,115,100,125
79,73,129,120,125
25,101,143,140,125
6,128,154,160,125
5,148,164,165,125
5,168,174,170,125
3,178,170,181,125
20,194,178,189,125
24,214,186,199,125
4,158,174,220,125
20,182,182,232,125
19,202,182,245,125
15,212,172,252,125
10,212,152,256,125
4,202,112,275,125
9,206,100,276,125
14,218,104,271,125
14,236,110,268,125
14,254,116,265,125
10,250,88,271,125
9,234,42,280,125
14,252,48,277,125
19,276,54,271,125
24,302,62,262,125
29,334,72,253,125
29,354,58,254,125
34,248,34,291,125
90,284,46,289,125
90,302,22,307,125
175,344,36,316,125
142,406,54,342,125
142,468,72,368,125
142,530,90,394,125
142,592,108,420,125
79,432,72,485,125
39,204,20,571,125
142,256,29,610,125
154,299,41,630,125
147,373,50,658,125
142,409,27,705,125
147,462,36,719,125
125,497,46,722,125
104,508,14,737,125
114,543,24,734,125
129,585,34,729,125
147,623,43,726,125
125,658,53,719,125
104,663,13,727,125
114,698,23,714,125
142,735,32,699,125
142,772,41,688,125
142,809,50,677,125
142,846,59,666,125
142,883,68,651,125
104,918,76,638,125
104,953,84,625,125
54,950,8,660,125
100,978,24,652,125
104,1013,44,645,125
122,1050,62,632,125
142,1087,80,634,125
147,1125,98,630,125
114,1136,70,654,125
189,1147,42,669,125
207,1190,60,669,125
209,1233,78,672,125
269,1277,96,680,125
53,997,32,782,125
269,1056,50,791,125
271,1127,68,802,125
209,1157,30,819,125
273,1216,48,808,125
273,1287,57,799,125
273,1358,66,790,125
209,1380,11,781,125
273,1451,20,772,125
215,1507,30,759,125
215,1563,40,746,125
215,1619,50,733,125
215,1675,60,720,125
215,1731,70,707,125
269,1758,15,705,125
215,1814,25,693,125
215,1870,35,681,125
215,1926,45,669,125
175,1976,55,650,125
175,2026,65,631,125
175,2076,75,612,125
175,2126,85,593,125
152,2142,45,586,125
175,2192,55,567,125
164,2242,65,548,125
164,2292,75,529,125
164,2342,85,510,125
164,2392,95,491,125
115,2392,41,517,125
340,50,100,20,126
318,47,94,32,126
296,23,89,44,126
275,61,85,56,126
325,84,82,68,126
339,96,74,68,126
348,112,74,60,126
340,116,58,56,126
320,116,42,55,126
312,124,48,45,126
292,116,28,44,126
272,114,20,43,126
283,122,24,36,126
284,118,12,35,126
295,126,16,28,126
301,134,20,18,126
294,142,26,7,126
299,150,30,0,126
286,158,36,0,126
229,98,22,20,126
216,115,26,13,126
182,110,4,24,126
195,118,10,17,126
214,130,16,14,126
150,70,2,32,126
169,84,8,32,126
166,105,14,33,126
163,126,20,34,126
150,132,10,38,126
147,153,16,39,126
144,174,22,40,126
141,195,28,41,126
138,216,34,42,126
135,237,40,43,126
62,226,6,62,126
108,240,12,63,126
130,261,18,66,126
144,282,26,68,126
154,310,34,73,126
144,322,10,85,126
180,350,20,88,126
216,385,32,94,126
95,279,8,135,126
216,329,20,146,126
252,392,34,160,126
288,448,26,181,126
350,523,48,181,126
239,579,62,180,126
59,410,24,239,126
226,466,36,247,126
288,531,52,254,126
350,592,74,256,126
166,606,34,283,126
280,662,46,307,126
315,721,60,334,126
362,781,82,372,126
362,841,104,410,126
257,858,56,462,126
347,890,22,505,126
478,951,44,550,126
482,1012,66,583,126
478,1040,64,620,126
210,1055,44,652,126
94,885,10,717,126
252,939,34,737,126
263,983,28,764,126
264,1065,61,772,126
308,1149,109,786,126
259,1199,78,818,126
310,1284,126,836,126
246,1314,99,878,126
321,1378,95,899,126
280,1405,35,937,126
386,1492,71,945,126
323,1552,59,959,126
329,1639,95,945,126
308,1664,45,978,126
332,1751,81,969,126
301,1800,103,980,126
227,1814,65,989,126
253,1863,87,987,126
64,1634,37,1063,126
301,1683,59,1065,126
308,1744,81,1065,126
185,1757,24,1097,126
253,1806,62,1108,126
253,1855,100,1119,126
153,1837,37,1158,126
253,1886,75,1169,126
209,1919,98,1166,126
82,1882,11,1211,126
238,1911,34,1211,126
283,1944,62,1215,126
302,1982,90,1215,126
350,2032,128,1228,126
166,2002,36,1280,126
322,2052,74,1294,126
322,2102,112,1309,126
96,1877,65,1392,126
322,1927,103,1407,126
340,47,94,20,127
280,39,78,40,127
220,15,73,60,127
181,15,73,76,127
143,13,69,92,127
104,13,69,108,127
65,13,69,124,127
26,9,53,140,127
0,9,53,156,127
0,9,53,168,127
0,9,53,177,127
0,9,53,184,127
0,9,53,190,127
0,9,53,195,127
0,9,53,199,127
0,9,53,202,127
0,9,53,204,127
0,9,53,205,127
340,49,97,20,128
280,47,93,0,128
304,41,81,0,128
322,37,73,2,128
327,34,67,0,128
306,30,51,2,128
273,6,54,7,128
253,9,66,6,128
232,3,62,11,128
211,6,74,7,128
190,9,86,3,128
169,12,98,0,128
148,15,110,0,128
127,18,122,0,128
106,21,134,0,128
85,24,146,0,128
38,13,126,8,128
51,15,138,4,128
1,5,98,23,128
75,7,116,30,128
75,10,134,36,128
75,13,152,42,128
51,7,154,51,128
75,10,172,57,128
76,5,176,67,128
100,9,200,67,128
101,13,224,66,128
113,17,254,68,128
125,22,284,66,128
150,28,320,66,128
50,10,252,104,128
125,15,297,109,128
138,20,348,116,128
150,25,399,124,128
100,29,432,129,128
100,33,465,134,128
52,29,482,139,128
53,33,518,138,128
65,38,563,138,128
52,30,575,148,128
65,22,589,158,128
64,10,593,160,128
65,14,635,147,128
80,19,680,130,128
93,25,731,116,128
77,12,737,123,128
171,18,788,115,128
175,24,844,103,128
174,14,866,97,128
203,21,926,88,128
204,28,995,73,128
216,15,1024,69,128
284,29,1096,63,128
284,43,1168,45,128
284,57,1240,27,128
129,31,1162,71,128
284,45,1246,67,128
87,8,1116,139,128
270,15,1224,136,128
274,29,1332,136,128
142,11,1387,172,128
295,18,1495,173,128
295,25,1603,175,128
295,32,1711,177,128
295,39,1819,179,128
227,22,1876,195,128
295,29,1984,197,128
227,12,2041,217,128
295,19,2150,209,128
312,33,2247,205,128
295,8,2279,207,128
314,22,2376,195,128
238,29,2477,194,128
238,36,2578,193,128
227,13,2612,216,128
312,20,2713,230,128
372,27,2814,247,128
372,34,2915,266,128
372,41,3016,285,128
256,46,3079,270,128
256,51,3142,255,128
198,15,3114,264,128
256,20,3177,249,128
301,27,3273,247,128
364,34,3370,240,128
364,41,3467,234,128
364,48,3564,228,128
364,55,3661,222,128
138,18,3534,293,128
364,25,3645,301,128
366,32,3770,313,128
369,39,3895,317,128
312,46,4011,336,128
312,53,4127,355,128
244,12,4156,383,128
252,19,4287,402,128
255,26,4418,412,128
328,33,4549,430,128
252,10,4605,474,128
362,17,4737,503,128
340,50,100,20,129
280,26,95,40,129
220,60,91,60,129
195,75,85,78,129
146,95,69,96,129
97,111,53,114,129
49,129,89,132,129
5,121,77,149,129
0,135,105,163,129
0,145,129,174,129
0,153,149,183,129
0,159,165,190,129
0,161,169,196,129
24,163,177,201,129
50,166,186,209,129
71,170,198,213,129
69,168,194,223,129
103,168,194,230,129
88,146,150,246,129
121,152,162,250,129
144,158,174,250,129
66,150,138,270,129
96,158,166,278,129
96,132,127,300,129
96,128,131,316,129
78,140,173,326,129
78,152,215,336,129
78,164,257,346,129
39,110,264,371,129
65,135,299,381,129
104,173,352,399,129
130,209,398,434,129
213,284,503,500,129
140,314,493,574,129
206,372,596,646,129
142,406,635,698,129
142,432,658,750,129
209,489,739,802,129
134,419,785,869,129
98,422,720,942,129
142,428,729,1003,129
96,281,760,1080,129
173,361,831,1159,129
173,409,840,1255,129
173,481,897,1351,129
132,284,889,1455,129
305,376,1000,1547,129
159,379,894,1657,129
307,471,1012,1755,129
300,514,1037,1862,129
99,304,1017,1961,129
224,399,1081,2040,129
293,514,1178,2108,129
225,609,1235,2181,129
163,668,1202,2240,129
120,659,1178,2281,129
114,644,1141,2334,129
160,648,1140,2363,129
47,420,1096,2445,129
190,467,1142,2460,129
167,480,1126,2481,129
47,454,975,2562,129
150,445,933,2607,129
248,492,986,2626,129
248,539,1039,2647,129
238,558,1023,2688,129
184,536,949,2723,129
50,243,887,2827,129
248,306,936,2848,129
100,264,826,2887,129
94,268,798,2905,129
58,254,744,2944,129
138,290,774,2950,129
99,241,650,2990,129
159,275,688,2994,129
224,322,736,3009,129
217,328,712,3035,129
226,375,761,3040,129
138,324,631,3078,129
138,309,576,3116,129
270,356,618,3123,129
155,333,550,3171,129
165,270,402,3216,129
193,248,321,3274,129
124,226,179,3356,129
303,228,161,3380,129
313,277,223,3378,129
316,326,289,3380,129
197,291,206,3440,129
101,255,26,3545,129
339,304,81,3551,129
343,353,143,3562,129
188,318,56,3632,129
367,367,122,3648,129
372,408,179,3677,129
216,369,84,3751,129
119,85,38,3855,129
210,123,90,3866,129
231,161,142,3875,129
238,193,181,3890,129
340,26,95,20,130
280,80,89,40,130
220,132,85,60,130
220,161,82,80,130
196,175,74,82,130
184,173,58,81,130
166,170,46,80,130
139,158,22,91,130
121,153,6,93,130
109,159,6,89,130
97,165,6,85,130
85,171,6,81,130
78,174,6,77,130
71,177,6,73,130
64,180,6,69,130
57,183,6,65,130
50,186,6,61,130
43,189,6,57,130
36,192,6,53,130
29,195,6,49,130
26,198,6,47,130
23,201,6,45,130
20,204,6,43,130
17,207,6,41,130
14,210,6,39,130
12,213,6,37,130
12,216,6,35,130
12,219,6,33,130
12,222,6,31,130
12,225,6,29,130
12,228,6,27,130
12,231,6,25,130
12,234,6,23,130
12,237,6,21,130
12,240,6,19,130
12,243,6,17,130
12,246,6,15,130
12,249,6,13,130
12,252,6,11,130
13,255,6,9,130
15,258,6,8,130
17,261,6,7,130
14,264,6,5,130
12,267,6,3,130
12,270,6,1,130
12,273,6,0,130
12,276,6,0,130
12,279,6,0,130
12,282,6,0,130
12,285,6,0,130
12,288,6,0,130
12,291,6,0,130
12,294,6,0,130
12,297,6,0,130
12,300,6,0,130
12,303,6,0,130
12,306,6,0,130
12,309,6,0,130
12,312,6,0,130
12,315,6,0,130
12,318,6,0,130
12,321,6,0,130
12,324,6,0,130
12,327,6,0,130
12,330,6,0,130
12,333,6,0,130
12,336,6,0,130
12,339,6,0,130
12,342,6,0,130
12,345,6,0,130
12,348,6,0,130
12,351,6,0,130
12,354,6,0,130
12,357,6,0,130
12,360,6,0,130
12,363,6,0,130
12,366,6,0,130
12,369,6,0,130
12,372,6,0,130
12,375,6,0,130
12,378,6,0,130
12,381,6,0,130
12,384,6,0,130
12,387,6,0,130
12,390,6,0,130
12,393,6,0,130
12,396,6,0,130
12,399,6,0,130
12,402,6,0,130
12,405,6,0,130
12,408,6,0,130
12,411,6,0,130
12,414,6,0,130
12,417,6,0,130
12,420,6,0,130
12,423,6,0,130
12,426,6,0,130
12,429,6,0,130
12,432,6,0,130
12,435,6,0,130
340,47,94,20,131
280,43,78,40,131
246,35,73,55,131
212,19,48,70,131
178,17,57,85,131
225,17,64,100,131
261,17,76,125,131
260,17,101,176,131
260,16,123,227,131
170,16,140,227,131
140,16,154,225,131
140,12,159,226,131
60,2,124,233,131
90,2,156,222,131
110,2,200,209,131
160,2,260,191,131
245,2,352,166,131
250,2,467,150,131
255,2,587,116,131
312,2,714,91,131
260,2,834,79,131
260,2,954,67,131
260,2,1074,55,131
260,2,1194,43,131
260,2,1314,31,131
260,2,1434,19,131
260,2,1554,7,131
260,2,1674,0,131
260,2,1794,0,131
260,2,1914,0,131
260,2,2034,0,131
260,2,2154,0,131
260,2,2274,0,131
260,2,2394,0,131
260,2,2514,0,131
260,2,2634,0,131
260,2,2754,0,131
260,2,2874,0,131
260,2,2994,0,131
260,2,3114,0,131
260,2,3234,0,131
260,2,3354,0,131
260,2,3474,0,131
260,2,3594,0,131
260,2,3714,0,131
260,2,3834,0,131
260,2,3954,0,131
260,2,4074,0,131
260,2,4194,0,131
260,2,4314,0,131
260,2,4434,0,131
260,2,4554,0,131
260,2,4674,0,131
260,2,4794,0,131
260,2,4914,0,131
260,2,5034,0,131
260,2,5154,0,131
260,2,5274,0,131
260,2,5394,0,131
260,2,5514,0,131
260,2,5634,0,131
260,2,5754,0,131
260,2,5874,0,131
260,2,5994,0,131
260,2,6114,0,131
260,2,6234,0,131
260,2,6354,0,131
260,2,6474,0,131
260,2,6594,0,131
260,2,6714,0,131
260,2,6834,0,131
260,2,6954,0,131
260,2,7074,0,131
260,2,7194,0,131
260,2,7314,0,131
260,2,7434,0,131
260,2,7554,0,131
260,2,7674,0,131
260,2,7794,0,131
260,2,7914,0,131
260,2,8034,0,131
260,2,8154,0,131
260,2,8274,0,131
260,2,8394,0,131
260,2,8514,0,131
260,2,8634,0,131
260,2,8754,0,131
260,2,8874,0,131
260,2,8994,0,131
260,2,9114,0,131
260,2,9234,0,131
260,2,9354,0,131
260,2,9474,0,131
260,2,9594,0,131
260,2,9714,0,131
260,2,9834,0,131
260,2,9954,0,131
260,2,10074,0,131
260,2,10194,0,131
312,2,10296,0,131
340,48,96,20,132
406,42,84,40,132
446,41,81,60,132
426,37,65,68,132
416,37,65,73,132
406,37,65,78,132
387,33,57,83,132
348,9,52,88,132
319,9,52,87,132
290,9,52,86,132
261,9,52,85,132
222,1,36,87,132
192,1,36,83,132
162,1,36,79,132
140,1,36,72,132
118,1,36,65,132
96,1,36,58,132
74,1,36,51,132
52,1,36,44,132
30,1,36,37,132
21,1,36,30,132
21,1,36,23,132
21,1,36,16,132
21,1,36,9,132
21,1,36,2,132
21,1,36,0,132
21,1,36,0,132
21,1,36,0,132
21,1,36,0,132
30,1,36,2,132
30,1,36,4,132
30,1,36,6,132
30,1,36,8,132
30,1,36,10,132
30,1,36,12,132
30,1,36,14,132
30,1,36,16,132
30,1,36,18,132
30,1,36,20,132
30,1,36,22,132
30,1,36,24,132
30,1,36,26,132
30,1,36,28,132
30,1,36,30,132
30,1,36,32,132
30,1,36,34,132
30,1,36,36,132
30,1,36,38,132
30,1,36,40,132
26,1,36,41,132
22,1,36,42,132
21,1,36,43,132
21,1,36,44,132
21,1,36,45,132
21,1,36,46,132
21,1,36,47,132
21,1,36,48,132
21,1,36,49,132
21,1,36,50,132
21,1,36,51,132
21,1,36,52,132
21,1,36,53,132
20,1,36,53,132
19,1,36,53,132
18,1,36,53,132
17,1,36,53,132
16,1,36,53,132
15,1,36,53,132
14,1,36,53,132
13,1,36,53,132
12,1,36,53,132
11,1,36,53,132
11,1,36,53,132
16,1,36,53,132
24,1,36,54,132
32,1,36,55,132
40,1,36,56,132
48,1,36,57,132
56,1,36,58,132
64,1,36,59,132
72,1,36,60,132
80,1,36,61,132
88,1,36,62,132
96,1,36,63,132
104,1,36,64,132
112,1,36,65,132
120,1,36,66,132
128,1,36,67,132
136,1,36,68,132
144,1,36,69,132
152,1,36,70,132
160,1,36,71,132
168,1,36,72,132
176,1,36,73,132
184,1,36,74,132
192,1,36,75,132
200,1,36,76,132
200,1,36,76,132
200,1,36,76,132
200,1,36,76,132
340,47,94,20,133
280,43,102,40,133
220,19,121,60,133
176,16,131,77,133
133,14,143,94,133
96,14,155,111,133
57,8,151,128,133
66,8,161,145,133
78,8,173,168,133
78,8,187,193,133
78,8,201,218,133
78,8,215,243,133
78,8,229,268,133
78,8,243,293,133
78,8,257,318,133
78,8,271,343,133
78,8,285,368,133
78,8,299,393,133
78,8,313,418,133
78,8,327,443,133
78,8,341,468,133
78,8,355,493,133
78,8,369,518,133
78,8,383,543,133
78,8,397,568,133
78,8,411,593,133
78,8,425,618,133
78,8,439,643,133
78,8,453,668,133
78,8,467,693,133
78,8,481,718,133
78,8,495,743,133
78,8,509,768,133
78,8,523,793,133
78,8,537,818,133
78,8,549,841,133
78,7,558,864,133
53,7,568,872,133
53,7,578,880,133
52,3,578,888,133
52,3,586,887,133
52,3,594,886,133
52,3,602,885,133
52,3,610,884,133
52,3,618,883,133
52,3,626,882,133
53,3,636,890,133
66,3,648,900,133
78,3,660,910,133
91,3,674,923,133
91,3,690,936,133
91,3,706,949,133
91,3,722,962,133
91,3,738,975,133
91,3,754,988,133
91,3,770,1001,133
91,3,786,1014,133
91,3,802,1027,133
65,3,812,1037,133
65,3,822,1047,133
65,3,832,1057,133
65,3,842,1067,133
65,3,852,1077,133
65,3,862,1087,133
65,3,872,1097,133
65,3,882,1107,133
65,3,892,1117,133
65,3,902,1127,133
65,3,912,1137,133
65,3,922,1147,133
65,3,932,1157,133
65,3,942,1167,133
65,3,952,1176,133
65,3,962,1185,133
65,3,972,1194,133
65,3,982,1203,133
65,3,992,1212,133
65,3,1002,1221,133
65,3,1012,1230,133
65,3,1022,1239,133
65,3,1032,1248,133
65,3,1042,1257,133
65,3,1052,1266,133
65,3,1062,1275,133
65,3,1072,1284,133
65,3,1082,1293,133
65,3,1092,1302,133
66,3,1098,1306,133
58,3,1106,1314,133
52,3,1114,1322,133
52,3,1122,1330,133
52,3,1130,1338,133
52,3,1138,1346,133
52,3,1146,1354,133
52,3,1154,1362,133
52,3,1162,1370,133
52,3,1170,1378,133
52,3,1178,1386,133
52,3,1186,1394,133
52,3,1194,1402,133
340,26,95,20,134
280,86,95,40,134
220,138,91,60,134
160,167,88,50,134
100,191,82,40,134
40,214,74,33,134
0,222,58,29,134
0,220,42,30,134
0,204,10,37,134
0,210,10,33,134
0,213,10,30,134
0,216,10,29,134
0,219,10,27,134
0,222,10,27,134
0,222,10,26,134
0,222,10,27,134
340,26,95,20,135
310,62,89,34,135
281,103,86,48,135
251,110,70,47,135
230,112,54,53,135
208,124,58,53,135
187,129,53,53,135
165,138,56,47,135
143,147,59,41,135
122,145,45,41,135
100,151,48,32,135
79,138,17,38,135
57,147,20,32,135
35,156,23,26,135
14,165,26,20,135
0,171,29,13,135
0,172,27,10,135
0,175,29,8,135
0,167,14,11,135
0,170,15,7,135
0,170,16,2,135
0,170,17,0,135
0,170,18,0,135
0,170,19,1,135
340,50,100,20,136
280,49,97,40,136
220,47,93,6,136
171,43,85,0,136
122,40,79,0,136
73,34,67,0,136
51,26,51,0,136
20,2,46,3,136
27,2,46,0,136
36,2,46,0,136
45,2,46,0,136
54,2,46,0,136
72,2,46,0,136
81,2,46,0,136
99,2,46,0,136
135,2,46,0,136
164,2,46,0,136
168,2,46,0,136
168,2,46,0,136
168,2,46,0,136
168,2,46,0,136
168,2,46,0,136
168,2,46,0,136
168,2,46,0,136
168,2,46,0,136
168,2,46,0,136
168,2,46,0,136
168,2,46,0,136
168,2,46,0,136
168,2,46,0,136
168,2,46,0,136
168,2,46,0,136
168,2,46,0,136
168,2,46,0,136
168,2,46,0,136
168,2,46,0,136
168,2,46,0,136
168,2,46,0,136
168,2,46,0,136
168,2,46,0,136
168,2,46,0,136
168,2,46,0,136
168,2,46,0,136
168,2,46,0,136
168,2,46,0,136
168,2,46,0,136
168,2,46,0,136
168,2,46,0,136
168,2,46,0,136
168,2,46,0,136
168,2,46,0,136
168,2,46,0,136
168,2,46,0,136
168,2,46,0,136
168,2,46,0,136
168,2,46,0,136
168,2,46,0,136
168,2,46,0,136
168,2,46,0,136
168,2,46,0,136
168,2,46,0,136
168,2,46,0,136
168,2,46,0,136
168,2,46,0,136
168,2,46,0,136
0,2,46,0,136
0,2,46,0,136
0,2,46,0,136
0,2,46,0,136
0,2,46,0,136
0,2,46,0,136
0,2,46,0,136
0,2,46,0,136
0,2,46,0,136
0,2,46,0,136
0,2,46,0,136
0,2,46,0,136
0,2,46,0,136
0,2,46,0,136
0,2,46,0,136
0,2,46,2,136
0,2,46,3,136
340,47,94,20,137
280,45,90,40,137
268,37,74,60,137
268,36,71,80,137
229,30,59,79,137
194,30,59,78,137
159,30,59,77,137
115,14,27,85,137
80,14,27,84,137
29,2,3,95,137
65,2,3,100,137
104,2,3,108,137
143,2,3,119,137
243,2,3,138,137
357,2,3,162,137
384,2,3,198,137
441,2,3,233,137
499,2,3,268,137
454,2,3,321,137
454,2,3,374,137
454,2,3,427,137
454,2,3,480,137
454,2,3,533,137
454,2,3,586,137
455,2,3,625,137
454,2,3,677,137
454,2,3,729,137
454,2,3,781,137
454,2,3,833,137
454,2,3,885,137
454,2,3,937,137
454,2,3,989,137
454,2,3,1041,137
454,2,3,1093,137
454,2,3,1145,137
454,2,3,1197,137
454,2,3,1249,137
454,2,3,1301,137
454,2,3,1353,137
454,2,3,1405,137
454,2,3,1457,137
454,2,3,1509,137
454,2,3,1561,137
454,2,3,1613,137
454,2,3,1665,137
454,2,3,1717,137
454,2,3,1769,137
454,2,3,1821,137
454,2,3,1873,137
454,2,3,1925,137
454,2,3,1977,137
454,2,3,2029,137
364,2,3,2059,137
364,2,3,2089,137
364,2,3,2119,137
364,2,3,2149,137
364,2,3,2179,137
364,2,3,2209,137
364,2,3,2239,137
364,2,3,2269,137
269,2,3,2290,137
269,2,3,2311,137
269,2,3,2332,137
269,2,3,2353,137
269,2,3,2374,137
208,2,3,2390,137
208,2,3,2406,137
208,2,3,2422,137
208,2,3,2438,137
208,2,3,2454,137
208,2,3,2470,137
208,2,3,2486,137
208,2,3,2502,137
208,2,3,2518,137
165,2,3,2529,137
165,2,3,2540,137
165,2,3,2551,137
165,2,3,2562,137
165,2,3,2573,137
165,2,3,2584,137
165,2,3,2595,137
165,2,3,2606,137
165,2,3,2617,137
165,2,3,2628,137
165,2,3,2639,137
165,2,3,2650,137
165,2,3,2661,137
165,2,3,2672,137
126,2,3,2680,137
126,2,3,2688,137
126,2,3,2696,137
126,2,3,2704,137
126,2,3,2712,137
126,2,3,2720,137
117,2,3,2729,137
117,2,3,2738,137
117,2,3,2747,137
102,2,3,2752,137
87,2,3,2757,137
87,2,3,2762,137
340,49,97,20,138
280,46,91,0,138
220,42,83,0,138
160,38,67,0,138
100,38,95,0,138
40,36,115,0,138
24,30,115,0,138
39,22,111,0,138
7,12,71,19,138
39,12,89,11,138
46,12,107,4,138
52,12,131,0,138
52,4,135,0,138
52,4,159,0,138
52,4,183,0,138
52,4,207,0,138
52,4,231,0,138
52,4,255,0,138
52,4,279,0,138
52,4,303,0,138
52,4,327,0,138
52,4,351,0,138
52,4,375,0,138
52,4,399,0,138
52,4,423,0,138
65,4,433,0,138
72,4,443,0,138
91,4,457,0,138
104,4,473,0,138
137,4,495,0,138
169,4,521,0,138
208,4,553,0,138
252,4,597,0,138
252,4,641,0,138
252,4,685,0,138
252,4,729,0,138
252,4,773,0,138
252,4,817,0,138
252,4,861,0,138
252,4,905,0,138
252,4,949,0,138
252,4,993,0,138
252,4,1037,0,138
252,4,1081,0,138
252,4,1125,0,138
252,4,1169,0,138
252,4,1213,0,138
252,4,1257,0,138
252,4,1301,0,138
252,4,1345,0,138
252,4,1389,0,138
252,4,1433,0,138
252,4,1477,0,138
252,4,1521,0,138
252,4,1565,0,138
252,4,1609,0,138
315,4,1664,0,138
315,4,1719,0,138
315,4,1774,0,138
315,4,1829,0,138
315,4,1884,0,138
315,4,1939,0,138
315,4,1994,0,138
315,4,2049,0,138
315,4,2104,0,138
315,4,2159,0,138
315,4,2214,0,138
315,4,2269,0,138
315,4,2324,0,138
315,4,2379,0,138
315,4,2434,0,138
315,4,2489,0,138
315,4,2544,0,138
315,4,2599,0,138
315,4,2654,0,138
315,4,2709,0,138
315,4,2764,0,138
315,4,2819,0,138
315,4,2874,0,138
315,4,2929,0,138
315,4,2984,0,138
315,4,3039,0,138
315,4,3094,0,138
315,4,3149,0,138
315,4,3204,0,138
315,4,3259,0,138
315,4,3314,0,138
315,4,3369,0,138
315,4,3424,0,138
315,4,3479,0,138
315,4,3534,0,138
315,4,3589,0,138
315,4,3644,0,138
315,4,3699,0,138
315,4,3754,0,138
315,4,3809,0,138
315,4,3864,0,138
315,4,3919,0,138
315,4,3974,0,138
315,4,4029,0,138
340,50,100,20,139
280,50,100,40,139
220,26,95,60,139
160,66,95,80,139
100,101,89,100,139
40,140,86,120,139
0,160,86,110,139
0,170,78,107,139
0,168,62,104,139
0,164,46,104,139
0,168,46,96,139
0,172,46,90,139
0,176,46,86,139
0,176,42,87,139
1,176,42,84,139
1,176,42,79,139
1,176,42,74,139
1,176,42,69,139
1,176,42,64,139
1,176,42,59,139
1,176,42,54,139
1,176,42,49,139
1,176,42,44,139
1,176,42,39,139
1,176,42,34,139
1,176,42,29,139
1,176,42,24,139
1,176,42,19,139
1,176,42,14,139
1,176,42,9,139
1,176,42,4,139
1,176,42,0,139
1,176,42,0,139
1,176,42,0,139
1,176,42,0,139
1,176,42,0,139
1,176,42,0,139
1,176,42,0,139
1,176,42,0,139
1,176,42,0,139
1,176,42,0,139
1,176,42,0,139
1,176,42,0,139
1,176,42,0,139
1,176,42,0,139
1,176,42,0,139
1,176,42,0,139
1,176,42,0,139
1,176,42,0,139
1,176,42,0,139
1,176,42,0,139
1,176,42,0,139
1,176,42,0,139
1,176,42,0,139
1,176,42,0,139
1,176,42,0,139
1,176,42,0,139
1,176,42,0,139
1,176,42,0,139
1,176,42,0,139
1,176,42,0,139
1,176,42,0,139
1,176,42,0,139
1,176,42,0,139
1,176,42,0,139
1,176,42,0,139
1,176,42,0,139
1,176,42,0,139
1,176,42,0,139
1,176,42,0,139
1,176,42,0,139
1,176,42,0,139
1,176,42,0,139
1,176,42,0,139
1,176,42,0,139
1,176,42,0,139
1,176,42,0,139
1,176,42,0,139
1,176,42,0,139
1,176,42,0,139
1,176,42,0,139
1,176,42,0,139
1,176,42,0,139
1,176,42,0,139
1,176,42,0,139
1,176,42,0,139
1,176,42,0,139
1,176,42,0,139
1,176,42,0,139
1,176,42,0,139
1,176,42,0,139
1,176,42,0,139
1,176,42,0,139
1,176,42,0,139
1,176,42,0,139
1,176,42,0,139
1,176,42,0,139
1,176,42,0,139
1,176,42,0,139
1,176,42,0,139
340,46,84,20,140
280,46,104,40,140
220,45,121,60,140
160,45,131,50,140
100,45,141,40,140
40,21,142,42,140
0,39,149,41,140
0,48,153,40,140
0,51,150,40,140
0,52,148,41,140
7,55,150,41,140
7,61,152,42,140
0,55,140,46,140
0,47,125,49,140
7,50,126,51,140
10,53,127,53,140
13,56,128,55,140
12,59,130,56,140
11,58,123,60,140
10,61,124,58,140
9,64,125,56,140
8,67,126,54,140
0,62,111,58,140
7,65,112,56,140
0,53,88,58,140
0,56,89,54,140
0,56,90,49,140
0,56,90,43,140
0,56,90,39,140
0,56,90,37,140
340,49,97,20,141
280,45,81,4,141
220,42,105,0,141
160,42,135,0,141
100,42,165,0,141
40,40,188,0,141
7,40,209,2,141
7,40,230,4,141
7,40,251,6,141
7,40,272,8,141
7,40,293,10,141
4,16,300,18,141
5,36,315,23,141
6,60,333,31,141
1,50,293,52,141
5,66,313,61,141
5,86,338,73,141
5,106,363,85,141
6,130,375,91,141
2,128,339,115,141
5,138,339,130,141
29,154,346,146,141
29,174,361,152,141
29,182,357,161,141
22,186,353,161,141
22,186,341,167,141
15,182,326,176,141
51,174,303,182,141
51,170,280,187,141
69,182,289,174,141
32,130,281,185,141
51,118,250,187,141
51,110,219,188,141
13,90,139,228,141
50,98,145,220,141
51,106,154,215,141
32,92,123,231,141
23,72,78,250,141
95,80,84,248,141
95,88,93,248,141
60,68,51,254,141
60,48,9,260,141
83,56,18,254,141
90,68,27,241,141
113,80,38,229,141
120,92,50,213,141
142,108,62,194,141
138,128,77,166,141
56,118,47,172,141
88,130,56,157,141
104,146,68,140,141
117,122,29,150,141
195,122,44,130,141
218,122,62,109,141
244,122,80,78,141
218,92,37,86,141
339,94,69,90,141
355,96,101,99,141
321,38,102,120,141
329,34,62,133,141
347,60,94,151,141
256,36,40,176,141
294,49,56,171,141
294,73,72,170,141
260,55,31,173,141
294,68,47,158,141
294,81,63,146,141
294,94,79,134,141
294,107,95,122,141
183,73,23,155,141
294,86,39,143,141
353,110,55,147,141
200,118,67,144,141
160,96,20,153,141
183,104,32,144,141
200,112,44,128,141
226,122,59,116,141
250,132,74,96,141
294,145,90,77,141
350,169,106,63,141
160,55,87,89,141
210,43,35,88,141
294,70,51,71,141
294,97,67,42,141
294,124,83,13,141
150,119,12,36,141
238,145,38,33,141
238,171,64,33,141
222,193,86,15,141
123,163,16,51,141
222,185,38,33,141
238,211,64,30,141
238,237,90,28,141
100,71,58,85,141
200,99,78,70,141
173,122,97,62,141
133,102,40,75,141
160,125,57,58,141
173,148,76,44,141
183,171,96,29,141
340,47,94,20,142
280,46,91,40,142
250,46,91,12,142
221,38,75,0,142
191,38,75,0,142
162,22,43,0,142
132,22,43,0,142
103,20,39,0,142
95,16,23,5,142
94,16,33,4,142
93,12,33,6,142
85,12,41,0,142
77,12,49,0,142
69,12,57,0,142
61,12,65,0,142
53,12,73,0,142
45,12,81,0,142
30,6,73,2,142
14,6,79,0,142
14,6,85,0,142
14,6,91,0,142
14,6,97,0,142
14,6,103,0,142
14,6,109,0,142
14,6,115,0,142
14,6,121,0,142
14,6,127,0,142
14,6,133,0,142
14,6,139,0,142
14,6,145,0,142
14,6,151,0,142
14,6,157,0,142
14,6,163,0,142
14,6,169,0,142
14,6,175,0,142
14,6,181,0,142
14,6,187,0,142
14,6,193,0,142
14,6,199,0,142
14,6,205,0,142
14,6,211,0,142
14,6,217,0,142
14,6,223,0,142
14,6,229,0,142
14,6,235,0,142
14,6,241,0,142
14,6,247,0,142
14,6,253,0,142
14,6,259,0,142
14,6,265,0,142
14,6,271,0,142
14,6,277,0,142
14,6,283,0,142
14,6,289,0,142
14,6,295,0,142
14,6,301,0,142
14,6,307,0,142
14,6,313,0,142
14,6,319,0,142
14,6,325,0,142
14,6,331,0,142
14,6,337,0,142
14,6,343,0,142
14,6,349,0,142
14,6,355,0,142
14,6,361,0,142
14,6,367,0,142
14,6,373,0,142
14,6,379,0,142
14,6,385,0,142
14,6,391,0,142
14,6,397,0,142
14,6,403,0,142
14,6,409,0,142
14,6,415,0,142
14,6,421,0,142
14,6,427,0,142
14,6,433,0,142
14,6,439,0,142
14,6,445,0,142
14,6,451,0,142
14,6,457,0,142
14,6,463,0,142
14,6,469,0,142
14,6,475,0,142
14,6,481,0,142
14,6,487,0,142
14,6,493,0,142
14,6,499,0,142
14,6,505,0,142
14,6,511,0,142
14,6,517,0,142
14,6,523,0,142
14,6,529,0,142
14,6,535,0,142
14,6,541,0,142
14,6,547,0,142
14,6,553,0,142
14,6,559,0,142
14,6,565,0,142
340,48,96,20,143
280,44,80,40,143
220,38,68,60,143
244,38,68,80,143
268,38,68,100,143
256,14,63,120,143
256,14,63,140,143
256,13,60,160,143
244,10,54,168,143
232,10,54,176,143
220,10,54,184,143
208,10,54,192,143
196,10,54,200,143
184,6,46,208,143
172,6,46,210,143
160,6,46,212,143
148,6,46,214,143
136,6,46,216,143
124,6,46,218,143
112,6,46,220,143
100,6,46,222,143
88,6,46,224,143
76,6,46,226,143
64,6,46,228,143
57,6,46,229,143
50,6,46,230,143
48,6,46,228,143
48,6,46,226,143
48,6,46,224,143
48,6,46,222,143
48,6,46,220,143
48,6,46,218,143
48,6,46,216,143
48,6,46,214,143
48,6,46,212,143
48,6,46,210,143
36,2,30,217,143
48,2,42,218,143
48,2,54,220,143
48,2,66,222,143
48,2,78,224,143
48,2,90,226,143
48,2,102,228,143
48,2,114,230,143
48,2,126,232,143
48,2,138,234,143
48,2,150,236,143
48,2,162,238,143
48,2,174,240,143
48,2,186,242,143
48,2,198,244,143
48,2,210,246,143
48,2,222,248,143
50,2,230,248,143
47,2,238,249,143
44,2,246,250,143
41,2,254,251,143
38,2,262,252,143
36,2,270,253,143
36,2,278,254,143
36,2,286,255,143
36,2,294,256,143
36,2,302,257,143
36,2,310,258,143
36,2,318,259,143
36,2,326,260,143
36,2,334,261,143
36,2,342,262,143
36,2,350,263,143
36,2,358,264,143
36,2,366,265,143
36,2,374,266,143
36,2,382,267,143
42,2,390,269,143
39,2,398,270,143
36,2,406,271,143
36,2,414,272,143
41,2,422,274,143
46,2,430,276,143
48,2,438,276,143
54,2,446,278,143
56,2,454,278,143
62,2,462,280,143
64,2,470,280,143
51,2,482,280,143
38,2,494,280,143
36,2,506,282,143
36,2,518,284,143
36,2,530,286,143
36,2,542,288,143
36,2,554,290,143
36,2,566,292,143
36,2,578,294,143
36,2,590,296,143
42,2,598,298,143
44,2,606,298,143
53,2,610,299,143
62,2,614,300,143
72,2,622,301,143
83,2,626,301,143
340,50,100,20,144
280,48,96,40,144
239,45,90,60,144
191,21,85,80,144
141,50,82,100,144
85,58,66,108,144
29,62,62,116,144
3,65,62,124,144
40,77,74,132,144
21,71,59,148,144
19,58,33,158,144
39,67,42,165,144
0,57,2,183,144
38,63,15,190,144
57,72,30,200,144
76,84,50,216,144
86,95,65,236,144
95,110,93,245,144
115,131,126,258,144
143,155,166,275,144
152,155,158,303,144
124,158,157,354,144
61,143,176,405,144
40,151,116,465,144
31,59,115,525,144
96,68,122,579,144
133,71,114,642,144
176,117,188,710,144
182,167,270,751,144
162,188,289,816,144
164,103,312,893,144
210,181,394,954,144
210,251,460,1019,144
164,274,451,1080,144
148,297,428,1136,144
255,361,485,1173,144
214,413,518,1204,144
121,417,433,1279,144
81,401,300,1372,144
214,467,388,1431,144
51,430,209,1543,144
193,496,316,1603,144
193,530,396,1637,144
129,531,416,1678,144
120,524,416,1722,144
93,428,453,1781,144
119,490,554,1824,144
70,340,562,1904,144
115,352,541,1963,144
74,154,535,2064,144
119,178,525,2154,144
37,141,309,2285,144
186,191,350,2384,144
194,277,470,2470,144
194,347,558,2561,144
186,394,590,2657,144
194,460,658,2748,144
194,522,718,2827,144
197,549,710,2898,144
38,495,452,3043,144
5,422,137,3200,144
191,449,133,3274,144
205,538,249,3344,144
206,627,377,3434,144
112,369,366,3562,144
190,419,373,3660,144
236,491,421,3753,144
227,518,416,3844,144
118,533,384,3928,144
251,586,426,4012,144
205,635,460,4084,144
255,716,560,4141,144
116,737,543,4221,144
141,752,496,4293,144
114,427,451,4423,144
213,479,472,4499,144
214,531,493,4577,144
90,143,429,4725,144
139,179,383,4804,144
169,242,387,4863,144
139,272,329,4937,144
296,379,424,4975,144
128,350,181,5127,144
242,374,106,5219,144
360,481,196,5265,144
279,530,187,5326,144
242,539,100,5412,144
418,636,190,5446,144
316,639,91,5551,144
467,738,183,5606,144
219,371,122,5765,144
519,486,214,5845,144
267,487,80,5981,144
456,564,98,6078,144
530,679,192,6164,144
459,754,204,6254,144
267,734,41,6384,144
275,842,99,6440,144
275,950,157,6498,144
23,480,50,6658,144
340,48,96,20,145
337,45,90,40,145
337,45,90,60,145
337,45,90,80,145
334,37,74,96,145
319,13,69,112,145
304,21,69,128,145
289,29,69,144,145
262,29,53,160,145
238,35,58,176,145
219,40,63,191,145
200,44,65,206,145
178,48,69,212,145
156,52,73,218,145
134,56,77,224,145
106,53,67,233,145
84,42,43,248,145
98,41,37,257,145
105,44,39,259,145
116,47,41,262,145
109,41,27,266,145
105,44,29,264,145
101,47,31,262,145
94,41,17,266,145
90,44,19,264,145
86,47,21,262,145
82,50,23,260,145
78,53,25,258,145
74,56,27,256,145
70,59,29,254,145
66,62,31,252,145
62,65,33,250,145
58,68,35,248,145
54,71,37,246,145
27,57,6,253,145
51,60,8,251,145
65,62,10,251,145
74,64,12,249,145
74,67,15,251,145
74,70,18,253,145
81,73,20,255,145
61,68,6,260,145
60,71,9,256,145
60,74,12,252,145
60,77,15,248,145
64,79,17,244,145
60,82,19,242,145
56,85,21,240,145
52,88,23,238,145
51,91,25,236,145
51,94,27,234,145
51,97,29,232,145
51,100,31,230,145
51,103,33,228,145
51,106,35,226,145
51,109,37,224,145
51,112,39,222,145
53,114,41,219,145
52,117,43,216,145
51,120,45,213,145
38,110,22,219,145
48,112,24,213,145
60,115,26,204,145
72,118,29,193,145
84,122,32,185,145
96,126,36,171,145
108,131,40,156,145
120,137,45,140,145
96,131,9,150,145
132,137,32,142,145
108,82,37,154,145
144,88,61,148,145
156,95,89,141,145
192,103,121,131,145
216,88,109,135,145
180,76,61,167,145
228,88,111,166,145
244,104,163,171,145
248,120,232,183,145
248,136,303,202,145
248,152,374,221,145
230,150,388,240,145
248,150,408,259,145
248,142,420,256,145
248,128,424,253,145
186,114,419,250,145
270,94,402,303,145
283,106,447,339,145
283,118,492,364,145
270,92,463,426,145
321,78,460,446,145
284,90,505,474,145
277,68,486,483,145
284,80,531,511,145
220,48,490,564,145
284,60,535,594,145
276,32,500,659,145
245,12,405,731,145
289,24,460,781,145
264,32,513,812,145
340,46,84,20,146
280,46,104,40,146
220,43,117,60,146
160,43,137,80,146
100,43,157,100,146
40,43,177,120,146
0,19,184,140,146
0,19,191,155,146
0,19,197,167,146
0,16,195,176,146
0,8,180,183,146
0,8,183,189,146
0,8,185,194,146
0,8,187,198,146
0,8,188,201,146
0,8,189,203,146
0,8,189,204,146
340,49,97,20,147
280,25,92,4,147
220,48,84,0,147
160,64,80,0,147
150,79,80,0,147
120,84,64,2,147
100,85,60,4,147
80,91,66,0,147
50,91,62,0,147
30,97,74,0,147
30,103,86,0,147
20,94,66,11,147
28,92,58,13,147
42,98,70,12,147
14,88,30,34,147
42,94,50,35,147
14,76,22,54,147
42,82,46,58,147
42,88,70,63,147
28,75,46,74,147
28,66,34,82,147
24,53,10,90,147
28,56,26,89,147
28,59,42,84,147
14,42,10,91,147
28,45,18,88,147
28,48,26,83,147
28,51,34,78,147
28,54,42,73,147
28,57,50,68,147
28,60,58,63,147
28,63,66,58,147
28,66,74,53,147
14,42,30,66,147
28,45,38,61,147
28,48,46,56,147
28,51,54,51,147
28,54,62,46,147
14,26,6,62,147
14,29,14,55,147
14,32,22,48,147
14,35,30,41,147
14,38,38,34,147
14,41,46,27,147
14,25,22,35,147
14,28,30,28,147
14,31,38,21,147
14,34,46,14,147
14,37,54,7,147
14,40,62,0,147
14,43,70,0,147
14,19,22,14,147
14,22,30,7,147
14,25,38,0,147
14,28,46,0,147
14,31,54,0,147
14,34,62,0,147
14,37,70,0,147
14,40,78,0,147
14,43,86,0,147
14,46,94,0,147
14,49,102,0,147
14,52,110,0,147
14,55,118,0,147
14,58,126,0,147
14,61,134,0,147
14,64,142,0,147
14,67,150,0,147
24,70,158,0,147
24,73,166,0,147
24,76,174,0,147
24,79,182,0,147
24,82,190,0,147
24,85,198,0,147
24,88,206,0,147
24,91,214,0,147
24,94,222,0,147
24,97,230,0,147
24,100,238,0,147
24,103,246,0,147
24,106,254,0,147
14,82,206,14,147
14,85,214,7,147
14,88,222,0,147
14,91,230,0,147
14,94,238,0,147
14,97,246,0,147
14,100,254,0,147
14,103,262,0,147
14,106,270,0,147
14,109,278,0,147
14,112,286,0,147
14,115,294,0,147
14,118,302,0,147
14,121,310,0,147
14,124,318,0,147
14,127,326,0,147
14,130,334,0,147
14,133,342,0,147
14,136,350,0,147
340,46,84,20,148
280,22,115,40,148
220,56,138,60,148
167,80,159,80,148
114,104,180,100,148
77,124,198,117,148
40,143,213,134,148
4,151,217,139,148
4,163,229,138,148
4,175,241,137,148
3,175,234,139,148
2,167,216,138,148
3,175,225,128,148
2,173,219,127,148
28,181,225,117,148
28,189,231,107,148
14,177,210,118,148
21,165,181,123,148
14,145,144,128,148
35,149,150,118,148
22,150,150,108,148
35,154,156,98,148
35,158,162,86,148
35,162,168,74,148
35,166,174,62,148
22,162,164,59,148
35,166,170,47,148
35,170,176,35,148
35,174,182,23,148
22,170,172,20,148
35,174,178,8,148
35,178,184,0,148
35,182,190,0,148
35,186,196,0,148
35,190,202,0,148
35,194,208,0,148
14,182,179,0,148
14,158,134,9,148
35,162,140,0,148
1,102,129,18,148
14,81,84,22,148
22,88,90,8,148
35,98,96,0,148
14,88,60,18,148
42,102,69,9,148
56,116,81,0,148
63,137,94,0,148
1,17,70,37,148
17,31,58,38,148
24,37,22,35,148
33,77,39,17,148
33,123,59,0,148
33,169,79,0,148
25,181,47,0,148
0,1,6,61,148
24,37,19,44,148
25,78,35,25,148
25,126,51,0,148
25,150,40,0,148
73,194,56,0,148
81,244,76,0,148
100,304,96,0,148
113,372,120,0,148
81,402,60,20,148
113,442,46,16,148
164,519,102,0,148
53,319,67,78,148
105,391,75,92,148
166,491,134,69,148
166,593,193,49,148
106,657,185,57,148
106,735,205,65,148
35,459,149,160,148
115,589,208,168,148
154,667,200,207,148
113,697,112,264,148
205,803,175,265,148
60,540,122,367,148
201,598,102,399,148
203,663,109,436,148
149,723,93,474,148
84,460,40,576,148
216,551,89,606,148
216,657,138,639,148
205,706,106,680,148
263,776,88,721,148
206,825,56,765,148
253,916,100,786,148
257,982,74,819,148
255,1073,118,830,148
209,1158,158,818,148
209,1243,198,806,148
147,1275,174,808,148
140,1290,134,796,148
152,1352,165,770,148
133,1406,190,753,148
88,1406,146,772,148
132,1457,171,755,148
142,1513,199,739,148
161,1575,230,720,148
340,26,95,20,149
296,94,95,37,149
253,155,89,54,149
209,213,85,71,149
262,249,85,88,149
274,269,69,108,149
276,275,69,123,149
297,295,85,140,149
269,291,69,160,149
297,306,82,180,149
230,250,68,201,149
237,266,76,208,149
243,282,84,215,149
241,294,84,223,149
239,310,92,225,149
237,326,100,227,149
229,330,88,232,149
227,346,96,234,149
233,362,100,237,149
209,354,72,246,149
175,338,24,258,149
173,354,32,261,149
171,370,40,264,149
169,386,48,267,149
167,402,56,270,149
155,406,44,273,149
143,402,24,279,149
131,418,28,273,149
119,434,32,267,149
115,446,36,262,149
89,438,4,266,149
86,450,8,261,149
82,462,12,256,149
78,474,16,251,149
74,486,20,246,149
70,498,24,241,149
66,510,28,236,149
62,522,32,231,149
58,534,36,226,149
54,546,40,221,149
50,558,44,216,149
46,570,48,211,149
42,582,52,206,149
16,562,4,219,149
22,574,8,214,149
17,582,12,209,149
12,590,16,204,149
10,598,20,199,149
10,606,24,194,149
10,614,28,189,149
10,622,32,184,149
10,630,36,179,149
10,638,40,174,149
10,646,44,169,149
10,654,48,164,149
10,662,52,159,149
10,670,56,154,149
10,678,60,149,149
10,686,64,144,149
10,694,68,139,149
10,702,72,134,149
10,710,76,129,149
10,718,80,124,149
8,726,84,122,149
6,734,88,120,149
6,742,92,118,149
6,750,96,116,149
6,758,100,114,149
6,766,104,112,149
6,774,108,110,149
6,782,112,108,149
6,790,116,106,149
6,798,120,104,149
6,806,124,102,149
6,814,128,100,149
6,822,132,98,149
6,830,136,96,149
6,838,140,94,149
6,846,144,92,149
6,854,148,90,149
6,862,152,88,149
6,870,156,86,149
6,878,160,84,149
6,886,164,82,149
6,894,168,80,149
6,902,172,78,149
6,910,176,76,149
6,918,180,74,149
6,926,184,72,149
6,934,188,70,149
6,942,192,68,149
6,950,196,66,149
6,958,200,64,149
6,966,204,62,149
6,974,208,60,149
6,982,212,58,149
6,990,216,56,149
6,998,220,54,149
6,1006,224,52,149
6,1014,228,50,149
340,46,84,20,150
280,44,98,40,150
260,43,105,60,150
224,39,103,62,150
180,31,91,58,150
132,25,82,54,150
108,25,85,44,150
64,13,62,52,150
74,13,64,49,150
84,13,66,46,150
88,10,62,43,150
98,10,64,40,150
103,10,66,35,150
108,10,68,30,150
113,10,70,25,150
118,10,72,20,150
118,10,74,13,150
118,10,76,6,150
118,10,78,0,150
118,10,80,0,150
118,10,82,0,150
118,10,84,0,150
118,10,86,0,150
118,10,88,0,150
118,10,90,0,150
118,10,92,0,150
118,10,94,0,150
118,10,96,0,150
118,10,98,0,150
118,10,100,0,150
118,10,102,0,150
112,2,88,2,150
112,2,90,0,150
112,2,92,0,150
112,2,94,0,150
112,2,96,0,150
112,2,98,0,150
112,2,100,0,150
112,2,102,0,150
112,2,104,0,150
112,2,106,0,150
112,2,108,0,150
112,2,110,0,150
112,2,112,0,150
112,2,114,0,150
112,2,116,0,150
112,2,118,0,150
112,2,120,0,150
112,2,122,0,150
112,2,124,0,150
112,2,126,0,150
112,2,128,0,150
112,2,130,0,150
112,2,132,0,150
112,2,134,0,150
112,2,136,0,150
112,2,138,0,150
112,2,140,0,150
112,2,142,0,150
112,2,144,0,150
112,2,146,0,150
112,2,148,0,150
112,2,150,0,150
112,2,152,0,150
98,2,155,0,150
84,2,158,0,150
70,2,161,0,150
56,2,164,0,150
42,2,167,0,150
30,2,170,0,150
30,2,173,0,150
30,2,176,0,150
30,2,179,0,150
30,2,182,0,150
30,2,185,0,150
30,2,188,0,150
30,2,191,0,150
30,2,194,0,150
30,2,197,0,150
30,2,200,0,150
30,2,203,0,150
30,2,206,0,150
30,2,209,0,150
30,2,212,0,150
30,2,215,0,150
30,2,218,0,150
30,2,221,0,150
30,2,224,0,150
30,2,227,0,150
30,2,230,0,150
30,2,233,0,150
30,2,236,0,150
30,2,239,0,150
30,2,242,0,150
30,2,245,0,150
36,2,248,0,150
40,2,252,0,150
56,2,257,0,150
66,2,263,0,150
76,2,270,0,150
340,46,84,20,151
280,46,124,40,151
220,44,156,60,151
177,38,156,78,151
163,37,159,89,151
148,34,157,91,151
133,34,161,93,151
118,34,165,95,151
103,34,169,97,151
98,34,171,98,151
94,26,155,101,151
91,26,157,101,151
88,26,159,101,151
85,26,161,101,151
81,22,155,104,151
77,14,139,107,151
73,14,141,104,151
69,14,143,101,151
66,14,143,97,151
63,14,143,93,151
60,14,143,89,151
57,14,143,85,151
54,14,143,81,151
51,14,143,77,151
48,14,143,73,151
45,14,143,69,151
42,14,143,65,151
39,14,143,61,151
36,14,143,57,151
35,14,143,52,151
34,14,143,47,151
33,14,143,42,151
32,14,143,37,151
31,14,143,35,151
30,14,143,33,151
29,14,143,31,151
28,14,143,29,151
28,14,143,26,151
28,14,143,23,151
28,14,143,20,151
28,14,143,17,151
28,14,143,16,151
28,14,143,15,151
28,14,143,14,151
28,14,143,13,151
28,14,143,12,151
28,14,143,11,151
28,14,143,10,151
28,14,143,9,151
28,14,143,8,151
28,14,143,7,151
28,14,143,6,151
28,14,143,5,151
28,14,143,4,151
28,14,143,3,151
28,14,143,2,151
28,14,143,1,151
28,14,143,0,151
28,14,143,0,151
28,14,143,0,151
28,14,143,0,151
28,14,143,0,151
28,14,143,0,151
28,14,143,0,151
28,14,143,0,151
28,14,143,0,151
28,14,143,0,151
28,14,143,0,151
28,14,143,0,151
28,14,143,0,151
28,14,143,0,151
28,14,143,0,151
28,14,143,0,151
28,14,143,0,151
28,14,143,0,151
28,14,143,0,151
28,14,143,0,151
28,14,143,0,151
28,14,143,0,151
28,14,143,0,151
28,14,143,0,151
28,14,143,0,151
28,14,143,0,151
28,14,143,0,151
28,14,143,0,151
28,14,143,0,151
28,14,143,0,151
28,14,143,0,151
28,14,143,0,151
28,14,143,0,151
28,14,143,0,151
28,14,143,0,151
28,14,143,0,151
28,14,143,0,151
28,14,143,0,151
28,14,143,0,151
28,14,143,0,151
28,14,143,0,151
28,14,143,0,151
28,14,143,0,151
340,48,96,20,152
356,45,90,40,152
360,37,74,60,152
316,31,62,91,152
267,19,38,122,152
298,19,38,153,152
221,15,22,200,152
204,15,44,247,152
70,5,30,294,152
120,5,76,341,152
166,5,140,406,152
220,5,224,492,152
294,5,344,609,152
350,4,467,735,152
306,4,572,789,152
306,4,677,843,152
306,4,782,897,152
306,4,887,951,152
306,4,992,1005,152
306,4,1097,1059,152
245,4,1177,1101,152
245,4,1257,1143,152
245,4,1337,1185,152
245,4,1417,1226,152
146,4,1473,1255,152
146,4,1529,1284,152
146,4,1585,1313,152
146,4,1641,1342,152
146,4,1697,1371,152
146,4,1753,1400,152
146,4,1809,1429,152
146,4,1865,1458,152
146,4,1921,1487,152
146,4,1977,1516,152
146,4,2033,1545,152
146,4,2089,1574,152
146,4,2145,1603,152
146,4,2201,1632,152
146,4,2257,1661,152
146,4,2313,1690,152
146,4,2369,1719,152
146,4,2425,1748,152
146,4,2481,1777,152
146,4,2537,1806,152
146,4,2593,1835,152
146,4,2649,1864,152
146,4,2705,1893,152
146,4,2761,1922,152
146,4,2817,1951,152
146,4,2873,1980,152
146,4,2929,2009,152
146,4,2985,2038,152
146,4,3041,2067,152
146,4,3097,2096,152
90,4,3133,2114,152
90,4,3169,2132,152
90,4,3205,2150,152
70,4,3229,2162,152
70,4,3253,2174,152
70,4,3277,2186,152
70,4,3301,2198,152
70,4,3325,2210,152
70,4,3349,2222,152
46,4,3365,2229,152
46,4,3381,2236,152
46,4,3397,2243,152
46,4,3413,2250,152
46,4,3429,2257,152
46,4,3445,2264,152
46,4,3461,2271,152
46,4,3477,2278,152
46,4,3493,2285,152
46,4,3509,2292,152
43,4,3521,2299,152
43,4,3531,2304,152
43,4,3541,2309,152
43,4,3551,2314,152
43,4,3561,2319,152
43,4,3571,2324,152
43,4,3581,2329,152
43,4,3591,2334,152
43,4,3601,2339,152
43,4,3611,2344,152
50,4,3619,2349,152
57,4,3627,2354,152
61,4,3635,2357,152
61,4,3645,2362,152
68,4,3651,2365,152
75,4,3659,2370,152
69,4,3669,2372,152
63,4,3679,2374,152
57,4,3689,2376,152
51,4,3699,2378,152
45,4,3709,2380,152
39,4,3719,2382,152
33,4,3729,2384,152
27,4,3739,2386,152
21,4,3749,2388,152
15,4,3759,2390,152
12,4,3769,2392,152
340,47,94,20,153
280,45,90,40,153
256,21,85,60,153
220,45,69,80,153
190,84,66,100,153
142,96,50,108,153
91,102,50,116,153
56,110,54,124,153
21,122,66,123,153
21,134,78,122,153
21,146,90,121,153
7,142,80,124,153
7,130,59,127,153
7,134,65,118,153
0,118,36,121,153
0,102,7,130,153
4,102,10,122,153
7,106,16,115,153
11,110,22,103,153
14,118,31,90,153
7,110,13,91,153
36,118,22,80,153
39,130,31,69,153
39,142,43,53,153
39,154,55,37,153
30,146,32,33,153
39,158,44,17,153
26,106,36,27,153
43,126,48,10,153
26,128,17,19,153
43,148,29,4,153
56,174,44,0,153
26,66,22,34,153
65,107,37,23,153
69,157,55,8,153
88,216,76,0,153
91,259,57,0,153
84,328,85,0,153
91,373,70,0,153
170,402,50,0,153
101,263,23,34,153
175,358,51,16,153
175,453,79,2,153
171,506,59,2,153
147,548,39,2,153
226,626,67,0,153
201,676,39,4,153
205,754,67,0,153
204,808,47,0,153
227,886,75,0,153
209,947,105,0,153
196,974,39,14,153
209,1025,91,3,153
210,1086,143,0,153
227,1113,129,0,153
209,1132,102,0,153
210,1193,154,0,153
154,1199,69,28,153
213,1250,145,16,153
205,1279,157,20,153
237,1341,233,12,153
265,1336,225,0,153
265,1341,237,0,153
233,1254,281,8,153
182,1106,295,44,153
157,1090,179,106,153
148,874,179,174,153
234,890,179,210,153
225,903,173,256,153
276,958,264,272,153
144,935,112,370,153
220,945,104,415,153
327,1000,185,440,153
227,1005,170,497,153
264,1060,266,524,153
223,1071,261,601,153
264,1126,357,633,153
129,1093,158,757,153
228,1092,122,824,153
264,1147,228,863,153
272,1203,339,880,153
231,1194,287,931,153
264,1213,306,982,153
231,1204,254,1032,153
203,954,253,1163,153
135,635,218,1294,153
103,248,155,1443,153
230,261,87,1538,153
272,348,198,1584,153
232,385,178,1684,153
253,416,146,1799,153
326,518,258,1868,153
256,543,214,2004,153
141,105,144,2188,153
327,231,256,2268,153
264,276,215,2393,153
297,305,151,2502,153
349,439,264,2602,153
331,460,200,2727,153
349,613,313,2820,153
340,46,84,20,154
280,46,124,40,154
220,43,156,60,154
160,42,193,80,154
100,18,200,82,154
66,10,192,88,154
32,10,202,88,154
0,8,206,91,154
18,8,212,94,154
12,2,204,102,154
12,2,210,107,154
12,2,216,112,154
12,2,222,117,154
12,2,228,122,154
12,2,234,127,154
12,2,240,133,154
12,2,246,139,154
12,2,252,145,154
12,2,258,151,154
12,2,264,157,154
12,2,270,163,154
12,2,276,169,154
12,2,282,175,154
12,2,288,181,154
12,2,294,187,154
12,2,300,193,154
12,2,306,199,154
12,2,312,205,154
12,2,318,211,154
12,2,324,217,154
12,2,330,223,154
12,2,336,229,154
12,2,342,235,154
12,2,348,241,154
12,2,354,247,154
12,2,360,253,154
12,2,366,259,154
6,2,370,262,154
6,2,374,265,154
12,2,380,268,154
12,2,386,270,154
12,2,392,272,154
12,2,398,274,154
12,2,404,276,154
12,2,410,278,154
12,2,416,280,154
12,2,422,282,154
12,2,428,284,154
12,2,434,286,154
12,2,440,288,154
12,2,446,290,154
12,2,452,292,154
12,2,458,294,154
12,2,464,296,154
12,2,470,298,154
12,2,476,301,154
12,2,482,304,154
14,2,486,306,154
12,2,490,307,154
10,2,494,308,154
8,2,498,309,154
6,2,502,310,154
6,2,506,311,154
6,2,510,312,154
6,2,514,313,154
6,2,518,314,154
6,2,522,315,154
6,2,526,316,154
6,2,530,317,154
6,2,534,318,154
6,2,538,319,154
6,2,542,320,154
6,2,546,321,154
6,2,550,322,154
6,2,554,323,154
6,2,558,324,154
6,2,562,325,154
6,2,566,326,154
8,2,570,328,154
8,2,574,328,154
8,2,578,328,154
8,2,582,328,154
8,2,586,328,154
8,2,590,328,154
8,2,594,328,154
11,2,596,329,154
14,2,598,330,154
16,2,602,332,154
14,2,606,333,154
12,2,610,334,154
10,2,614,335,154
8,2,618,336,154
6,2,622,337,154
6,2,626,338,154
6,2,630,339,154
6,2,634,340,154
6,2,638,341,154
6,2,642,341,154
8,2,646,343,154
12,2,652,344,154
340,49,97,20,155
280,47,93,0,155
238,23,88,2,155
199,26,82,4,155
157,23,66,9,155
109,23,50,17,155
64,24,50,25,155
16,19,40,27,155
9,15,32,26,155
30,18,36,19,155
20,3,6,27,155
30,5,10,23,155
37,8,16,18,155
40,12,22,9,155
50,16,30,0,155
70,22,42,0,155
87,30,58,0,155
110,41,78,0,155
130,41,78,0,155
252,41,81,0,155
258,37,67,0,155
222,49,85,0,155
222,61,103,0,155
222,53,81,0,155
222,65,99,0,155
258,77,117,0,155
301,77,144,0,155
258,67,122,0,155
258,43,177,0,155
264,87,237,0,155
230,131,287,0,155
230,175,337,0,155
258,195,349,0,155
258,179,395,0,155
222,257,377,0,155
222,349,387,0,155
310,397,353,28,155
310,461,351,61,155
428,501,301,108,155
332,573,319,110,155
351,665,369,112,155
334,633,387,134,155
351,771,437,145,155
330,825,375,180,155
328,871,287,215,155
336,989,297,220,155
314,1150,347,176,155
368,1270,331,162,155
366,1344,223,159,155
354,1296,199,170,155
374,1382,179,167,155
247,1272,147,202,155
374,1354,119,237,155
331,1417,49,277,155
448,1479,21,305,155
450,1589,41,296,155
454,1699,61,278,155
460,1835,83,269,155
464,1976,105,245,155
289,1845,59,314,155
468,2028,81,305,155
468,2211,103,286,155
468,2394,125,267,155
213,2466,15,304,155
452,2578,35,312,155
456,2714,55,316,155
460,2874,77,313,155
452,2956,37,352,155
614,3096,59,359,155
614,3261,81,373,155
614,3426,103,387,155
614,3591,125,401,155
608,3699,91,431,155
614,3864,113,445,155
604,3940,61,501,155
620,4107,83,525,155
620,4276,105,557,155
620,4445,127,589,155
288,4262,67,682,155
620,4432,89,714,155
443,4515,15,757,155
697,4656,26,800,155
732,4801,37,849,155
738,4946,59,907,155
738,5116,81,970,155
738,5286,103,1033,155
325,5024,28,1158,155
622,5203,39,1199,155
624,5386,50,1250,155
705,5569,61,1307,155
744,5752,83,1361,155
748,5960,105,1423,155
654,6065,20,1508,155
838,6267,42,1562,155
838,6469,64,1605,155
838,6671,86,1648,155
838,6873,108,1691,155
828,6980,34,1768,155
838,7182,56,1811,155
838,7409,78,1859,155
340,26,95,20,156
280,105,92,40,156
220,137,84,33,156
160,149,68,29,156
100,157,52,25,156
40,170,46,12,156
0,170,22,8,156
0,170,6,2,156
0,178,6,0,156
0,186,6,0,156
0,194,6,0,156
0,196,2,0,156
12,200,2,0,156
18,204,2,0,156
24,208,2,0,156
30,212,2,0,156
34,216,2,0,156
36,224,2,0,156
29,232,2,0,156
22,240,2,0,156
15,248,2,0,156
12,256,2,0,156
12,264,2,0,156
12,272,2,0,156
12,280,2,0,156
12,288,2,0,156
12,296,2,0,156
12,304,2,0,156
12,312,2,0,156
12,320,2,0,156
12,328,2,0,156
12,336,2,0,156
12,344,2,0,156
12,352,2,0,156
12,360,2,0,156
12,368,2,0,156
12,376,2,0,156
12,384,2,0,156
12,392,2,0,156
12,400,2,0,156
12,408,2,0,156
12,416,2,0,156
12,424,2,0,156
12,432,2,0,156
12,440,2,0,156
12,448,2,0,156
12,456,2,0,156
12,464,2,0,156
12,472,2,0,156
12,480,2,0,156
12,488,2,0,156
12,496,2,0,156
12,504,2,0,156
12,512,2,0,156
12,520,2,0,156
12,528,2,0,156
12,536,2,0,156
12,544,2,0,156
12,552,2,0,156
12,560,2,0,156
12,568,2,0,156
12,576,2,0,156
12,584,2,0,156
12,592,2,0,156
12,600,2,0,156
24,608,2,0,156
24,620,2,0,156
24,632,2,0,156
24,644,2,0,156
24,656,2,0,156
24,668,2,0,156
24,680,2,0,156
24,692,2,0,156
24,704,2,0,156
24,716,2,0,156
24,728,2,0,156
24,740,2,0,156
24,752,2,0,156
24,764,2,0,156
24,776,2,0,156
24,788,2,0,156
24,800,2,0,156
24,812,2,0,156
24,824,2,0,156
24,836,2,0,156
24,848,2,0,156
24,860,2,0,156
24,872,2,0,156
24,884,2,0,156
24,896,2,0,156
24,908,2,0,156
24,920,2,0,156
24,932,2,0,156
24,944,2,0,156
24,956,2,0,156
24,968,2,0,156
24,980,2,0,156
24,992,2,0,156
24,1004,2,0,156
24,1016,2,0,156
340,26,95,20,157
280,96,91,40,157
220,95,88,30,157
160,89,76,29,157
107,86,70,31,157
51,82,54,39,157
4,74,41,46,157
5,74,45,50,157
4,50,43,63,157
4,54,39,73,157
4,62,42,74,157
2,50,11,84,157
3,56,13,85,157
3,62,16,87,157
3,68,19,89,157
3,74,22,91,157
3,80,25,93,157
1,70,2,107,157
5,76,4,112,157
5,82,6,115,157
5,88,8,120,157
5,94,10,125,157
5,100,12,130,157
5,106,14,135,157
5,112,16,140,157
5,118,18,145,157
5,124,20,150,157
5,130,22,154,157
5,136,24,158,157
5,142,26,162,157
5,148,28,166,157
5,154,30,170,157
5,160,32,174,157
5,166,34,178,157
3,162,20,185,157
4,166,22,183,157
5,172,24,181,157
6,178,27,178,157
6,172,6,183,157
7,180,9,179,157
9,190,13,175,157
10,202,18,169,157
12,214,24,161,157
11,166,15,175,157
14,212,22,174,157
18,270,31,173,157
24,363,39,184,157
16,399,23,164,157
17,453,32,138,157
15,501,39,118,157
6,399,14,149,157
13,441,20,135,157
14,489,27,122,157
17,543,35,106,157
18,585,20,99,157
70,655,28,92,157
70,748,36,90,157
64,814,44,101,157
23,658,6,158,157
58,742,14,169,157
58,826,22,182,157
58,910,30,195,157
58,994,38,208,157
41,1064,45,209,157
41,1134,52,210,157
41,1204,59,211,157
30,1242,28,230,157
90,1308,34,237,157
105,1378,41,244,157
105,1432,16,259,157
105,1502,23,250,157
105,1572,30,241,157
105,1642,37,232,157
105,1712,44,223,157
91,1758,10,229,157
95,1824,16,208,157
105,1910,20,195,157
105,1996,24,183,157
79,2080,28,183,157
79,2164,32,183,157
79,2248,36,183,157
79,2332,40,183,157
105,2386,15,188,157
147,2472,19,189,157
147,2558,23,190,157
147,2644,27,191,157
147,2730,31,192,157
147,2816,35,193,157
147,2902,39,194,157
75,2952,44,189,157
60,2978,8,196,157
74,3024,13,185,157
36,3084,19,165,157
36,3144,25,145,157
36,3204,31,125,157
36,3264,37,105,157
29,3292,5,106,157
67,3348,10,92,157
72,3408,16,76,157
92,3492,20,87,157
340,47,94,20,158
280,45,90,40,158
220,39,78,60,158
160,31,62,80,158
100,30,59,100,158
40,26,43,108,158
0,10,11,118,158
0,10,11,121,158
0,10,11,124,158
0,10,11,124,158
0,10,11,126,158
0,10,11,127,158
0,10,11,127,158
0,10,11,126,158
0,10,11,127,158
340,46,84,20,159
280,46,104,40,159
220,45,121,60,159
160,33,116,62,159
100,48,110,52,159
40,64,106,45,159
50,66,90,47,159
50,72,78,52,159
70,76,62,63,159
60,70,41,81,159
114,74,37,96,159
46,58,2,115,159
97,64,5,122,159
103,72,9,128,159
126,80,14,138,159
155,90,20,148,159
171,102,26,159,159
184,114,33,173,159
213,128,40,188,159
242,144,48,205,159
329,168,48,214,159
364,186,32,229,159
406,213,32,216,159
357,236,16,208,159
316,198,13,227,159
334,279,25,247,159
334,360,37,269,159
232,288,17,317,159
329,348,25,346,159
329,408,37,378,159
329,468,49,410,159
155,318,12,481,159
280,410,20,513,159
219,482,28,535,159
219,554,36,557,159
213,601,12,588,159
219,673,20,610,159
217,765,28,636,159
217,857,36,662,159
171,911,42,679,159
171,965,48,696,159
126,995,13,731,159
155,1046,34,754,159
184,1106,62,782,159
161,1136,38,828,159
304,1199,67,865,159
233,1223,31,922,159
385,1299,53,977,159
387,1375,89,1037,159
255,1404,30,1110,159
390,1471,84,1172,159
273,1514,90,1236,159
340,1590,144,1300,159
342,1666,212,1366,159
273,1701,202,1433,159
244,1725,188,1502,159
285,1734,152,1580,159
429,1801,198,1665,159
352,1845,188,1724,159
357,1908,226,1783,159
167,1701,198,1876,159
106,1427,146,1987,159
138,1426,95,2035,159
150,1420,32,2093,159
273,1481,66,2133,159
273,1542,100,2173,159
273,1603,134,2213,159
121,1579,52,2274,159
258,1627,84,2305,159
279,1687,117,2344,159
301,1748,151,2381,159
157,1726,64,2451,159
279,1766,57,2498,159
352,1827,95,2544,159
354,1888,133,2593,159
279,1908,86,2649,159
354,1969,140,2700,159
301,2010,134,2740,159
356,2056,188,2780,159
196,2047,96,2855,159
196,1891,73,2930,159
138,1671,31,3023,159
360,1717,77,3068,159
354,1738,57,3117,159
364,1785,86,3138,159
95,1497,26,3244,159
364,1544,72,3268,159
364,1591,118,3294,159
247,1565,30,3372,159
436,1612,76,3426,159
464,1659,122,3486,159
394,1707,149,3546,159
436,1730,147,3612,159
247,1701,47,3686,159
368,1746,71,3709,159
329,1763,39,3736,159
357,1809,63,3749,159
373,1855,87,3763,159
373,1901,111,3779,159
329,1910,71,3795,159
340,47,94,20,160
280,39,78,40,160
220,39,78,60,160
160,23,46,80,160
100,19,30,100,160
40,19,110,120,160
0,17,178,140,160
49,17,210,155,160
98,17,270,184,160
203,17,386,242,160
374,17,584,348,160
432,17,831,472,160
385,16,1044,586,160
245,16,1188,588,160
245,16,1332,590,160
245,16,1476,592,160
245,12,1612,594,160
175,12,1720,540,160
175,6,1798,486,160
188,6,1854,469,160
253,6,1930,449,160
325,6,2025,424,160
359,6,2139,398,160
335,6,2239,386,160
335,6,2339,374,160
335,6,2439,362,160
335,6,2539,350,160
335,6,2639,338,160
335,6,2739,326,160
335,6,2839,314,160
335,6,2939,302,160
335,6,3039,290,160
335,6,3139,278,160
335,6,3239,266,160
335,6,3339,254,160
335,6,3439,242,160
335,6,3539,230,160
335,6,3639,218,160
335,6,3739,206,160
335,6,3839,194,160
335,6,3939,182,160
335,6,4039,170,160
335,6,4139,158,160
335,6,4239,146,160
335,6,4339,134,160
335,6,4439,122,160
335,6,4539,110,160
335,6,4639,98,160
335,6,4739,86,160
335,6,4839,74,160
335,6,4939,62,160
335,6,5039,50,160
335,6,5139,38,160
335,6,5239,26,160
335,6,5339,14,160
335,6,5439,2,160
432,6,5439,0,160
476,6,5439,0,160
560,6,5439,0,160
591,6,5439,0,160
648,6,5439,0,160
730,6,5439,0,160
773,6,5439,0,160
858,6,5439,0,160
946,6,5439,0,160
1001,2,5423,0,160
893,2,5591,0,160
893,2,5759,0,160
893,2,5927,0,160
893,2,6095,0,160
893,2,6263,0,160
893,2,6431,0,160
893,2,6599,0,160
893,2,6767,0,160
893,2,6935,0,160
893,2,7103,0,160
893,2,7271,0,160
893,2,7439,0,160
893,2,7607,0,160
893,2,7775,0,160
893,2,7943,0,160
893,2,8111,0,160
893,2,8279,0,160
893,2,8447,0,160
893,2,8615,0,160
893,2,8783,0,160
893,2,8951,0,160
893,2,9119,0,160
893,2,9287,0,160
893,2,9455,0,160
893,2,9623,0,160
893,2,9791,0,160
893,2,9959,0,160
893,2,10127,0,160
893,2,10295,0,160
893,2,10463,0,160
893,2,10631,0,160
893,2,10799,0,160
893,2,10967,0,160
893,2,11135,0,160
340,48,96,20,161
294,42,84,40,161
244,39,78,60,161
184,35,80,80,161
124,11,93,100,161
64,29,114,120,161
4,47,135,140,161
0,61,147,145,161
0,58,141,153,161
13,64,147,156,161
13,70,153,159,161
13,76,159,162,161
26,79,159,171,161
43,88,168,183,161
52,89,152,197,161
91,110,152,218,161
130,139,149,249,161
91,100,135,274,161
117,159,127,293,161
52,70,99,331,161
104,131,83,345,161
91,171,79,367,161
91,220,95,383,161
52,250,75,402,161
0,71,37,460,161
39,95,35,472,161
52,133,63,472,161
65,179,97,474,161
65,233,131,474,161
65,287,165,474,161
82,300,169,486,161
76,298,149,498,161
82,307,147,507,161
101,317,141,507,161
114,309,117,494,161
133,319,123,477,161
148,227,135,489,161
133,235,110,528,161
171,283,169,544,161
138,128,173,601,161
165,154,180,631,161
157,156,113,715,161
161,146,88,761,161
190,196,145,786,161
190,246,202,814,161
99,232,167,853,161
6,193,13,934,161
152,217,56,952,161
164,243,120,978,161
196,269,186,1001,161
146,260,166,1046,161
65,26,125,1132,161
224,56,191,1172,161
219,66,215,1223,161
226,96,281,1241,161
224,102,278,1278,161
182,79,222,1306,161
141,99,255,1310,161
88,81,217,1341,161
145,100,248,1348,161
145,91,223,1370,161
126,77,186,1380,161
145,100,219,1375,161
145,82,178,1386,161
88,108,222,1383,161
108,86,173,1379,161
121,62,118,1377,161
109,44,74,1388,161
142,37,47,1396,161
219,68,94,1366,161
99,50,51,1354,161
169,81,120,1314,161
169,112,189,1275,161
99,90,138,1264,161
169,121,185,1211,161
170,152,254,1161,161
46,107,69,1242,161
170,121,138,1193,161
104,133,187,1152,161
101,95,137,1124,161
64,53,78,1100,161
63,33,54,1076,161
147,47,101,1024,161
214,61,148,975,161
147,75,195,913,161
147,89,242,851,161
64,51,192,817,161
103,65,261,755,161
101,19,195,731,161
104,31,244,679,161
106,48,293,632,161
106,65,343,590,161
106,82,393,548,161
103,72,392,506,161
106,84,442,449,161
103,38,399,412,161
106,50,449,345,161
104,38,450,327,161
107,50,500,279,161
103,30,487,246,161
340,26,95,20,162
280,85,92,40,162
220,110,88,33,162
166,124,80,35,162
109,129,64,37,162
53,141,64,33,162
3,144,52,35,162
56,153,52,37,162
56,162,52,39,162
42,163,36,44,162
42,172,36,37,162
42,178,30,33,162
14,169,6,41,162
42,175,6,40,162
42,184,6,36,162
36,190,6,33,162
30,196,6,30,162
28,202,6,27,162
28,208,6,24,162
28,214,6,21,162
28,220,6,18,162
28,226,6,15,162
28,232,6,12,162
28,238,6,9,162
28,244,6,6,162
28,250,6,3,162
28,256,6,0,162
28,262,6,0,162
28,268,6,0,162
28,274,6,0,162
28,280,6,0,162
28,286,6,0,162
28,292,6,0,162
28,298,6,0,162
28,304,6,0,162
28,310,6,0,162
28,316,6,0,162
28,322,6,0,162
28,328,6,0,162
28,334,6,0,162
28,340,6,0,162
28,346,6,0,162
28,352,6,0,162
28,358,6,0,162
28,364,6,0,162
28,370,6,0,162
28,376,6,0,162
28,382,6,0,162
28,388,6,0,162
28,394,6,0,162
28,400,6,0,162
28,406,6,0,162
28,412,6,0,162
28,418,6,0,162
28,424,6,0,162
28,430,6,0,162
28,436,6,0,162
28,442,6,0,162
28,448,6,0,162
28,454,6,0,162
28,460,6,0,162
28,466,6,0,162
28,472,6,0,162
28,478,6,0,162
28,484,6,0,162
28,490,6,0,162
28,496,6,0,162
28,502,6,0,162
28,508,6,0,162
28,514,6,0,162
28,520,6,0,162
28,526,6,0,162
28,532,6,0,162
28,538,6,0,162
28,544,6,0,162
28,550,6,0,162
28,556,6,0,162
28,562,6,0,162
28,568,6,0,162
28,574,6,0,162
28,580,6,0,162
28,586,6,0,162
28,592,6,0,162
28,598,6,0,162
28,604,6,0,162
28,610,6,0,162
28,616,6,0,162
28,622,6,0,162
28,628,6,0,162
28,634,6,0,162
28,640,6,0,162
28,646,6,0,162
28,652,6,0,162
28,658,6,0,162
28,664,6,0,162
28,670,6,0,162
28,676,6,0,162
28,682,6,0,162
28,688,6,0,162
28,694,6,0,162
340,47,94,20,163
280,45,90,40,163
380,37,74,60,163
546,36,71,91,163
380,32,63,53,163
230,8,58,0,163
170,4,42,0,163
150,4,90,0,163
150,4,138,0,163
150,4,186,0,163
150,4,234,0,163
150,4,282,0,163
150,4,330,0,163
150,4,378,0,163
150,4,426,0,163
150,4,474,0,163
150,4,522,0,163
150,4,570,0,163
150,4,618,0,163
150,4,666,0,163
150,4,714,0,163
150,4,762,0,163
150,4,810,0,163
150,4,858,0,163
150,4,906,0,163
150,4,954,0,163
150,4,1002,0,163
150,4,1050,0,163
150,4,1098,0,163
150,4,1146,0,163
150,4,1194,0,163
150,4,1242,0,163
150,4,1290,0,163
150,4,1338,0,163
150,4,1386,0,163
150,4,1434,0,163
150,4,1482,0,163
150,4,1530,0,163
150,4,1578,0,163
150,4,1626,0,163
150,4,1674,0,163
150,4,1722,0,163
150,4,1770,0,163
150,4,1818,0,163
150,4,1866,0,163
150,4,1914,0,163
150,4,1962,0,163
150,4,2010,0,163
150,4,2058,0,163
150,4,2106,0,163
150,4,2154,0,163
150,4,2202,0,163
150,4,2250,0,163
150,4,2298,0,163
150,4,2346,0,163
150,4,2394,0,163
150,4,2442,0,163
150,4,2490,0,163
150,4,2538,0,163
150,4,2586,0,163
150,4,2634,0,163
150,4,2682,0,163
150,4,2730,0,163
150,4,2778,0,163
150,4,2826,0,163
150,4,2874,0,163
150,4,2922,0,163
150,4,2970,0,163
150,4,3018,0,163
150,4,3066,0,163
150,4,3114,0,163
150,4,3162,0,163
150,4,3210,0,163
150,4,3258,0,163
150,4,3306,0,163
150,4,3354,0,163
150,4,3402,0,163
150,4,3450,0,163
150,4,3498,0,163
150,4,3546,0,163
150,4,3594,0,163
150,4,3642,0,163
150,4,3690,0,163
150,4,3738,0,163
150,4,3786,0,163
150,4,3834,0,163
150,4,3882,0,163
150,4,3930,0,163
150,4,3978,0,163
150,4,4026,0,163
150,4,4074,0,163
150,4,4122,0,163
150,4,4170,0,163
150,4,4218,0,163
150,4,4266,0,163
150,4,4314,0,163
150,4,4362,0,163
150,4,4410,0,163
150,4,4458,0,163
150,4,4506,0,163
340,50,100,20,164
280,26,95,40,164
220,22,79,60,164
160,20,84,80,164
178,17,84,100,164
183,9,73,120,164
195,9,81,143,164
203,9,90,170,164
162,9,102,205,164
143,8,111,240,164
91,2,106,254,164
119,2,113,268,164
103,2,118,279,164
87,2,123,290,164
85,2,128,301,164
85,2,133,312,164
85,2,138,323,164
85,2,143,334,164
100,2,147,343,164
95,2,152,353,164
90,2,157,363,164
85,2,162,373,164
80,2,167,383,164
75,2,172,393,164
70,2,177,403,164
68,2,182,413,164
68,2,187,423,164
68,2,192,433,164
68,2,197,443,164
68,2,202,453,164
68,2,207,463,164
68,2,212,473,164
68,2,217,483,164
68,2,222,493,164
68,2,227,503,164
68,2,232,513,164
68,2,237,523,164
68,2,242,533,164
68,2,247,543,164
68,2,252,553,164
68,2,257,563,164
68,2,262,573,164
68,2,267,583,164
90,2,270,591,164
98,2,274,599,164
85,2,280,611,164
85,2,286,623,164
85,2,292,635,164
85,2,298,647,164
93,2,302,655,164
108,2,306,664,164
110,2,310,673,164
101,2,315,683,164
92,2,320,693,164
85,2,325,703,164
85,2,330,713,164
85,2,335,723,164
85,2,340,733,164
85,2,345,743,164
85,2,350,753,164
85,2,355,763,164
85,2,360,773,164
102,2,363,779,164
110,2,367,787,164
101,2,372,797,164
118,2,375,803,164
126,2,379,811,164
125,2,384,823,164
124,2,389,835,164
123,2,394,847,164
122,2,399,859,164
121,2,404,871,164
136,2,408,880,164
151,2,412,889,164
146,2,417,899,164
141,2,422,909,164
154,2,425,916,164
149,2,430,926,164
144,2,435,936,164
139,2,440,946,164
134,2,445,956,164
129,2,450,966,164
124,2,455,976,164
119,2,460,986,164
114,2,465,996,164
109,2,470,1006,164
104,2,475,1016,164
99,2,480,1026,164
94,2,485,1036,164
89,2,490,1046,164
84,2,495,1056,164
79,2,500,1066,164
74,2,505,1076,164
69,2,510,1086,164
68,2,515,1096,164
68,2,520,1106,164
68,2,525,1116,164
90,2,528,1124,164
105,2,532,1133,164
107,2,537,1144,164
340,46,84,20,165
301,46,84,36,165
263,43,78,52,165
224,41,74,68,165
282,40,71,84,165
299,36,63,88,165
299,36,63,78,165
299,36,63,68,165
287,28,47,64,165
251,4,42,63,165
227,10,42,53,165
219,16,42,46,165
211,22,42,39,165
216,26,42,35,165
206,20,26,35,165
196,16,14,38,165
199,20,14,35,165
202,24,14,32,165
205,28,14,29,165
208,32,14,26,165
208,36,14,24,165
208,40,14,22,165
208,44,14,20,165
208,48,14,18,165
208,52,14,16,165
208,56,14,14,165
208,60,14,12,165
208,64,14,10,165
208,68,14,8,165
208,72,14,6,165
208,76,14,4,165
208,80,14,2,165
214,82,14,0,165
214,86,14,0,165
214,90,14,0,165
214,94,14,0,165
214,98,14,0,165
214,102,14,0,165
214,106,14,0,165
214,110,14,0,165
214,114,14,0,165
214,118,14,0,165
214,122,14,0,165
214,126,14,0,165
214,130,14,0,165
214,134,14,0,165
214,138,14,0,165
214,142,14,0,165
214,146,14,0,165
214,150,14,0,165
214,154,14,0,165
214,158,14,0,165
214,162,14,0,165
214,166,14,0,165
214,170,14,0,165
214,174,14,0,165
214,178,14,0,165
214,182,14,0,165
214,186,14,0,165
214,190,14,0,165
214,194,14,0,165
214,198,14,0,165
214,202,14,0,165
214,206,14,0,165
214,210,14,0,165
214,214,14,0,165
214,218,14,0,165
214,222,14,0,165
214,226,14,0,165
214,230,14,0,165
214,234,14,0,165
214,238,14,0,165
214,242,14,0,165
214,246,14,0,165
214,250,14,0,165
214,254,14,0,165
214,258,14,0,165
214,262,14,0,165
214,266,14,0,165
214,270,14,0,165
214,274,14,0,165
214,278,14,0,165
214,282,14,0,165
214,286,14,0,165
214,290,14,0,165
214,294,14,0,165
214,298,14,0,165
214,302,14,0,165
214,306,14,0,165
214,310,14,0,165
214,314,14,0,165
214,318,14,0,165
214,322,14,0,165
214,326,14,0,165
214,330,14,0,165
214,334,14,0,165
214,338,14,0,165
214,342,14,0,165
214,346,14,0,165
214,350,14,0,165
340,47,94,20,166
291,43,78,38,166
242,43,114,56,166
194,35,126,74,166
145,11,141,92,166
97,28,156,110,166
48,40,168,110,166
0,52,180,110,166
0,58,184,112,166
0,44,154,123,166
0,48,160,126,166
0,52,160,127,166
0,50,152,130,166
0,52,152,129,166
0,54,152,127,166
0,56,152,127,166
0,56,152,126,166
0,56,152,127,166
340,48,96,20,167
300,48,96,40,167
252,24,91,60,167
199,18,79,80,167
173,6,55,95,167
206,3,49,110,167
240,2,46,125,167
255,2,46,130,167
273,2,46,136,167
275,2,46,143,167
258,2,46,152,167
249,2,46,162,167
240,2,46,172,167
231,2,46,182,167
222,2,46,192,167
213,2,46,202,167
204,2,46,212,167
195,2,46,222,167
186,2,46,232,167
177,2,46,242,167
168,2,46,252,167
159,2,46,262,167
150,2,46,272,167
141,2,46,282,167
132,2,46,292,167
131,2,46,301,167
130,2,46,310,167
129,2,46,319,167
128,2,46,328,167
127,2,46,337,167
126,2,46,346,167
125,2,46,355,167
124,2,46,364,167
123,2,46,373,167
122,2,46,382,167
121,2,46,391,167
120,2,46,400,167
119,2,46,409,167
118,2,46,418,167
117,2,46,427,167
116,2,46,436,167
115,2,46,445,167
114,2,46,454,167
113,2,46,463,167
112,2,46,472,167
111,2,46,481,167
110,2,46,490,167
109,2,46,499,167
108,2,46,508,167
107,2,46,517,167
115,2,46,525,167
140,2,46,529,167
153,2,46,533,167
167,2,46,540,167
175,2,46,548,167
177,2,46,555,167
168,2,46,565,167
159,2,46,575,167
150,2,46,585,167
141,2,46,595,167
132,2,46,605,167
123,2,46,615,167
114,2,46,625,167
105,2,46,635,167
96,2,46,645,167
87,2,46,655,167
85,2,46,665,167
85,2,46,675,167
85,2,46,685,167
85,2,46,695,167
85,2,46,705,167
85,2,46,715,167
85,2,46,725,167
85,2,46,735,167
85,2,46,745,167
85,2,46,755,167
85,2,46,765,167
85,2,46,775,167
85,2,46,785,167
85,2,46,795,167
85,2,46,805,167
85,2,46,815,167
85,2,46,825,167
85,2,46,835,167
85,2,46,845,167
85,2,46,855,167
85,2,46,865,167
85,2,46,875,167
85,2,46,885,167
85,2,46,895,167
85,2,46,905,167
85,2,46,915,167
98,2,46,919,167
112,2,46,926,167
103,2,46,936,167
94,2,46,946,167
85,2,46,956,167
85,2,46,966,167
85,2,46,976,167
85,2,46,986,167
340,48,96,20,168
400,48,96,40,168
453,45,90,59,168
464,21,85,78,168
440,21,85,104,168
416,21,85,130,168
374,15,73,156,168
404,7,57,182,168
403,3,41,213,168
402,3,49,244,168
401,3,57,275,168
400,3,65,306,168
399,3,73,337,168
398,3,81,368,168
397,3,89,399,168
396,3,97,430,168
395,3,105,461,168
394,3,113,492,168
410,3,120,519,168
396,2,125,552,168
369,2,131,564,168
386,2,135,571,168
396,2,140,582,168
358,2,147,597,168
320,2,154,612,168
282,2,161,627,168
244,2,168,642,168
206,2,175,657,168
168,2,182,672,168
130,2,189,687,168
126,2,196,702,168
126,2,203,717,168
126,2,210,732,168
126,2,217,747,168
108,2,223,758,168
108,2,229,769,168
108,2,235,780,168
108,2,241,791,168
108,2,247,802,168
108,2,253,813,168
108,2,259,824,168
108,2,265,835,168
108,2,271,846,168
108,2,277,857,168
108,2,283,868,168
131,2,287,877,168
148,2,291,884,168
158,2,296,895,168
156,2,301,907,168
130,2,308,913,168
104,2,315,919,168
84,2,322,925,168
84,2,329,931,168
84,2,334,936,168
84,2,339,941,168
84,2,344,946,168
84,2,349,951,168
84,2,354,956,168
84,2,359,961,168
84,2,364,966,168
84,2,369,971,168
84,2,374,976,168
84,2,379,981,168
84,2,384,986,168
84,2,389,991,168
84,2,394,996,168
84,2,399,1001,168
84,2,404,1006,168
84,2,409,1011,168
84,2,414,1016,168
84,2,419,1021,168
84,2,424,1026,168
84,2,429,1031,168
84,2,434,1036,168
84,2,439,1041,168
84,2,444,1046,168
84,2,449,1051,168
84,2,454,1056,168
84,2,459,1061,168
84,2,464,1066,168
84,2,469,1071,168
84,2,474,1076,168
84,2,479,1081,168
98,2,482,1084,168
120,2,485,1088,168
134,2,489,1091,168
145,2,494,1097,168
144,2,500,1104,168
143,2,506,1111,168
142,2,512,1118,168
141,2,518,1125,168
140,2,524,1132,168
151,2,529,1138,168
156,2,534,1144,168
155,2,540,1151,168
154,2,546,1158,168
153,2,552,1165,168
152,2,558,1172,168
151,2,564,1179,168
150,2,570,1186,168
340,46,84,20,169
280,22,103,40,169
220,42,123,60,169
160,58,137,80,169
106,69,143,100,169
52,83,157,120,169
6,97,171,140,169
3,99,167,157,169
44,108,172,174,169
22,100,152,192,169
13,84,118,213,169
0,76,78,234,169
48,80,82,241,169
81,84,86,248,169
98,78,74,259,169
127,82,80,267,169
166,86,86,276,169
204,90,94,288,169
228,92,94,302,169
220,90,86,313,169
224,96,96,318,169
147,38,84,338,169
129,52,94,343,169
111,66,104,348,169
93,80,114,353,169
84,94,124,358,169
71,94,108,369,169
48,90,82,377,169
52,98,88,376,169
51,106,94,373,169
50,114,100,370,169
49,122,106,367,169
35,112,78,376,169
48,120,84,373,169
12,98,38,382,169
48,106,44,379,169
71,118,52,378,169
84,132,60,374,169
84,150,70,368,169
84,168,80,362,169
72,180,88,360,169
54,162,50,371,169
62,166,54,367,169
56,170,60,360,169
24,148,14,371,169
26,150,18,363,169
26,152,22,355,169
26,154,26,347,169
26,156,30,339,169
26,158,34,331,169
26,160,38,323,169
26,162,42,315,169
26,164,46,307,169
26,166,50,299,169
26,170,54,294,169
26,174,58,289,169
26,178,62,284,169
26,182,66,279,169
26,186,70,274,169
26,190,74,269,169
26,194,78,264,169
26,198,82,259,169
26,202,86,254,169
41,204,90,253,169
53,206,94,250,169
64,208,98,248,169
71,210,102,244,169
75,212,106,238,169
79,214,110,232,169
79,218,114,227,169
53,196,66,240,169
54,198,70,232,169
43,202,76,223,169
12,176,20,235,169
38,180,24,223,169
51,184,30,209,169
52,188,38,191,169
29,172,4,201,169
70,178,8,181,169
87,184,14,157,169
70,190,18,135,169
70,196,22,113,169
70,202,26,95,169
70,208,30,77,169
28,150,18,92,169
58,162,22,74,169
73,180,26,52,169
87,198,32,27,169
28,84,6,63,169
99,107,12,39,169
102,130,18,12,169
116,158,26,0,169
144,193,36,0,169
160,231,46,0,169
87,72,10,42,169
191,136,19,17,169
210,201,28,0,169
211,266,37,0,169
213,340,46,0,169
191,394,15,0,169
340,50,100,20,170
280,47,94,40,170
220,39,78,60,170
160,39,78,80,170
100,23,46,100,170
40,23,46,120,170
0,22,43,140,170
0,22,43,110,170
0,22,43,94,170
0,22,43,82,170
0,18,35,78,170
0,16,31,76,170
9,16,31,73,170
24,16,31,71,170
38,16,31,67,170
41,8,15,70,170
53,8,15,64,170
58,8,15,52,170
66,8,15,39,170
50,2,3,33,170
70,2,3,21,170
89,2,3,8,170
115,2,3,0,170
122,2,3,0,170
153,2,3,0,170
198,2,3,0,170
243,2,3,0,170
333,2,3,0,170
410,2,3,0,170
451,2,3,0,170
462,2,3,0,170
516,2,3,0,170
516,2,3,0,170
516,2,3,0,170
516,2,3,0,170
516,2,3,0,170
516,2,3,0,170
516,2,3,0,170
516,2,3,0,170
516,2,3,0,170
516,2,3,0,170
516,2,3,0,170
516,2,3,0,170
516,2,3,0,170
516,2,3,0,170
516,2,3,0,170
516,2,3,0,170
516,2,3,0,170
516,2,3,0,170
516,2,3,0,170
516,2,3,0,170
516,2,3,0,170
516,2,3,0,170
516,2,3,0,170
516,2,3,0,170
516,2,3,0,170
516,2,3,0,170
516,2,3,0,170
516,2,3,0,170
516,2,3,0,170
516,2,3,0,170
516,2,3,0,170
516,2,3,0,170
516,2,3,0,170
516,2,3,0,170
516,2,3,0,170
516,2,3,0,170
516,2,3,0,170
516,2,3,0,170
516,2,3,0,170
516,2,3,0,170
516,2,3,0,170
516,2,3,0,170
516,2,3,0,170
516,2,3,0,170
516,2,3,0,170
516,2,3,0,170
516,2,3,0,170
516,2,3,0,170
516,2,3,0,170
516,2,3,0,170
516,2,3,0,170
516,2,3,0,170
516,2,3,0,170
516,2,3,0,170
516,2,3,0,170
516,2,3,0,170
516,2,3,0,170
516,2,3,0,170
516,2,3,0,170
516,2,3,0,170
516,2,3,0,170
516,2,3,0,170
516,2,3,0,170
516,2,3,0,170
516,2,3,0,170
516,2,3,0,170
516,2,3,0,170
516,2,3,0,170
516,2,3,0,170
340,26,95,20,171
280,22,103,40,171
220,19,135,60,171
160,17,167,80,171
156,9,167,100,171
166,8,184,120,171
89,8,204,119,171
120,2,204,129,171
160,2,220,137,171
200,2,238,146,171
240,2,260,157,171
280,2,286,170,171
327,2,318,185,171
300,2,348,200,171
300,2,378,215,171
300,2,408,230,171
300,2,438,245,171
300,2,468,260,171
300,2,498,275,171
300,2,528,290,171
300,2,558,305,171
300,2,588,320,171
300,2,618,335,171
300,2,648,350,171
300,2,678,365,171
300,2,708,380,171
300,2,738,395,171
300,2,768,410,171
300,2,798,425,171
300,2,828,440,171
300,2,858,455,171
300,2,888,470,171
300,2,918,485,171
300,2,948,500,171
300,2,978,515,171
300,2,1008,530,171
300,2,1038,545,171
300,2,1068,560,171
300,2,1098,575,171
300,2,1128,590,171
300,2,1158,605,171
300,2,1188,620,171
300,2,1218,635,171
300,2,1248,650,171
300,2,1278,665,171
300,2,1308,680,171
300,2,1338,695,171
300,2,1368,710,171
280,2,1396,724,171
280,2,1424,738,171
280,2,1452,752,171
280,2,1480,766,171
247,2,1504,777,171
247,2,1528,788,171
247,2,1552,799,171
247,2,1576,810,171
247,2,1600,821,171
247,2,1624,832,171
247,2,1648,843,171
247,2,1672,854,171
247,2,1696,865,171
247,2,1720,876,171
247,2,1744,887,171
247,2,1768,898,171
247,2,1792,909,171
247,2,1816,920,171
247,2,1840,931,171
247,2,1864,942,171
247,2,1888,953,171
247,2,1912,964,171
247,2,1936,975,171
247,2,1960,986,171
240,2,1984,998,171
240,2,2008,1010,171
240,2,2032,1022,171
240,2,2056,1034,171
240,2,2080,1046,171
212,2,2098,1055,171
200,2,2116,1064,171
200,2,2134,1073,171
200,2,2152,1082,171
260,2,2152,1082,171
300,2,2152,1080,171
367,2,2152,1079,171
447,2,2152,1078,171
520,2,2152,1078,171
627,2,2152,1077,171
721,2,2152,1079,171
792,2,2152,1085,171
800,2,2152,1081,171
844,2,2152,1082,171
909,2,2152,1087,171
918,2,2152,1094,171
918,2,2152,1103,171
918,2,2152,1112,171
918,2,2152,1121,171
918,2,2152,1130,171
918,2,2152,1139,171
918,2,2152,1148,171
918,2,2152,1157,171
340,48,96,20,172
378,42,84,40,172
446,42,84,58,172
514,41,81,76,172
506,17,76,82,172
524,26,76,85,172
503,14,52,97,172
520,23,52,103,172
537,32,52,109,172
547,34,44,115,172
551,37,38,115,172
561,43,38,115,172
544,42,22,122,172
544,48,22,123,172
544,54,22,124,172
544,60,22,125,172
544,66,22,126,172
544,72,22,127,172
544,78,22,128,172
540,76,6,135,172
540,82,6,136,172
553,88,6,137,172
554,97,6,138,172
543,109,6,140,172
532,121,6,142,172
521,133,6,144,172
510,145,6,146,172
499,157,6,148,172
507,166,6,150,172
502,175,6,151,172
497,184,6,152,172
492,193,6,153,172
487,202,6,154,172
482,211,6,155,172
477,220,6,156,172
472,229,6,157,172
467,238,6,158,172
462,247,6,159,172
457,256,6,160,172
452,265,6,161,172
447,274,6,162,172
442,283,6,163,172
437,292,6,164,172
432,301,6,165,172
442,307,6,165,172
444,316,6,165,172
439,325,6,164,172
452,331,6,165,172
447,340,6,164,172
442,349,6,163,172
437,358,6,162,172
432,367,6,161,172
427,376,6,160,172
422,385,6,159,172
417,394,6,158,172
412,403,6,157,172
407,412,6,156,172
402,421,6,155,172
382,433,6,151,172
362,445,6,147,172
342,457,6,143,172
322,469,6,139,172
302,481,6,135,172
282,493,6,131,172
262,505,6,127,172
242,517,6,123,172
222,529,6,119,172
208,541,6,117,172
194,553,6,115,172
180,565,6,113,172
166,577,6,111,172
152,589,6,109,172
138,601,6,107,172
124,613,6,105,172
110,625,6,103,172
96,637,6,101,172
82,649,6,99,172
68,661,6,97,172
54,673,6,95,172
40,685,6,93,172
40,697,6,91,172
40,709,6,89,172
40,721,6,87,172
40,733,6,85,172
40,745,6,83,172
40,757,6,81,172
40,769,6,79,172
40,781,6,77,172
40,793,6,75,172
40,805,6,73,172
40,817,6,71,172
40,829,6,69,172
40,841,6,67,172
40,853,6,65,172
40,865,6,63,172
40,877,6,61,172
40,889,6,59,172
40,901,6,57,172
42,907,6,54,172
40,916,6,51,172
340,49,97,20,173
280,45,89,0,173
220,45,89,0,173
160,42,83,0,173
100,38,67,0,173
40,38,79,0,173
0,38,91,0,173
0,38,101,0,173
0,38,109,0,173
0,14,104,6,173
0,15,108,1,173
0,16,110,0,173
0,17,112,0,173
0,18,114,0,173
0,18,116,0,173
0,18,116,0,173
0,18,116,0,173
340,49,97,20,174
280,45,89,0,174
220,45,89,0,174
160,37,73,0,174
100,35,69,0,174
79,17,64,2,174
71,17,48,0,174
50,9,24,0,174
26,9,8,0,174
39,13,14,0,174
39,17,20,0,174
39,21,26,0,174
39,25,32,0,174
26,23,24,0,174
46,27,28,0,174
46,31,32,0,174
46,35,36,0,174
46,39,40,0,174
46,40,38,0,174
46,44,42,0,174
23,30,12,0,174
46,34,16,0,174
46,38,20,0,174
46,42,24,0,174
46,46,28,0,174
46,50,32,0,174
46,54,36,0,174
46,58,40,0,174
46,62,44,0,174
23,44,6,0,174
46,48,10,0,174
46,52,14,0,174
46,56,18,0,174
46,60,22,0,174
46,56,10,0,174
46,60,14,0,174
46,64,18,0,174
46,68,22,0,174
46,72,26,0,174
0,12,12,12,174
23,20,16,0,174
36,30,20,0,174
46,43,24,0,174
46,56,28,0,174
46,69,32,0,174
23,65,10,0,174
52,78,14,0,174
55,91,18,0,174
55,104,24,0,174
55,117,30,0,174
55,130,36,0,174
52,124,8,0,174
55,137,14,0,174
78,155,20,0,174
94,173,28,0,174
104,196,36,0,174
107,219,44,0,174
120,244,54,0,174
107,243,14,0,174
133,271,24,0,174
182,309,38,0,174
198,350,60,0,174
203,400,82,0,174
198,417,56,0,174
203,458,78,0,174
206,508,100,0,174
203,525,74,0,174
203,542,48,0,174
206,592,70,0,174
140,615,45,0,174
191,646,16,0,174
215,687,66,0,174
211,696,32,0,174
216,739,94,0,174
205,652,102,0,174
196,690,83,0,174
276,777,114,0,174
260,834,89,0,174
252,866,58,3,174
279,953,89,0,174
259,975,40,0,174
280,1062,102,0,174
255,1088,60,0,174
270,1154,92,0,174
280,1217,75,0,174
268,1259,59,12,174
273,1325,91,0,174
273,1391,123,0,174
273,1445,155,0,174
258,1355,158,0,174
273,1421,190,0,174
217,1303,177,58,174
220,1365,207,25,174
212,1378,140,48,174
187,1401,84,70,174
223,1463,134,43,174
97,1248,102,112,174
217,1264,53,132,174
225,1367,103,114,174
224,1413,97,103,174
340,46,84,20,175
314,45,81,33,175
302,45,81,30,175
290,43,77,30,175
278,37,65,36,175
268,13,60,45,175
261,12,54,51,175
254,14,54,54,175
244,8,38,60,175
237,10,38,63,175
230,8,30,69,175
223,10,30,72,175
216,12,30,75,175
209,14,30,78,175
202,16,30,81,175
195,18,30,84,175
188,20,30,87,175
178,14,14,93,175
171,16,14,93,175
164,18,14,93,175
157,20,14,93,175
150,22,14,93,175
143,24,14,93,175
136,26,14,93,175
129,28,14,93,175
122,30,14,93,175
115,32,14,93,175
108,34,14,93,175
101,36,14,93,175
94,38,14,93,175
87,40,14,93,175
80,42,14,93,175
73,44,14,93,175
66,46,14,93,175
59,48,14,93,175
52,50,14,93,175
45,52,14,93,175
38,54,14,93,175
31,56,14,93,175
29,58,14,94,175
27,60,14,95,175
25,62,14,96,175
23,64,14,97,175
21,66,14,98,175
19,68,14,99,175
17,70,14,100,175
15,72,14,101,175
13,74,14,102,175
11,76,14,103,175
9,78,14,104,175
7,80,14,105,175
6,82,14,106,175
6,84,14,107,175
3,86,14,107,175
3,88,14,107,175
3,88,14,108,175
3,88,14,109,175
3,88,14,110,175
3,88,14,111,175
3,88,14,112,175
3,88,14,113,175
3,88,14,114,175
4,88,14,117,175
5,88,14,120,175
6,88,14,123,175
7,88,14,126,175
8,88,14,129,175
9,88,14,132,175
10,88,14,135,175
11,88,14,138,175
12,88,14,141,175
13,88,14,144,175
14,88,14,147,175
15,88,14,150,175
16,88,14,153,175
17,88,14,156,175
18,88,14,159,175
19,88,14,162,175
20,88,14,165,175
21,88,14,168,175
22,88,14,171,175
23,88,14,174,175
25,88,14,176,175
27,88,14,178,175
29,88,14,180,175
31,88,14,182,175
33,88,14,184,175
35,88,14,186,175
37,88,14,188,175
39,88,14,190,175
41,88,14,192,175
43,88,14,194,175
45,88,14,196,175
47,88,14,198,175
49,88,14,200,175
51,88,14,202,175
53,88,14,204,175
55,88,14,206,175
57,88,14,208,175
59,88,14,210,175
340,49,97,20,176
280,46,91,0,176
220,22,86,0,176
160,14,70,0,176
100,10,62,0,176
40,8,58,0,176
65,8,58,0,176
78,8,58,0,176
65,4,58,2,176
91,4,82,0,176
91,4,110,0,176
91,4,138,0,176
91,4,166,0,176
91,4,194,0,176
91,4,222,0,176
91,4,250,0,176
91,4,278,0,176
91,4,306,0,176
91,4,334,0,176
91,4,362,0,176
91,4,390,0,176
91,4,418,0,176
91,4,446,0,176
91,4,474,0,176
91,4,502,0,176
91,4,530,0,176
91,4,558,0,176
91,4,586,0,176
91,4,614,0,176
91,4,642,0,176
91,4,670,0,176
91,4,698,0,176
91,4,726,0,176
91,4,754,0,176
91,4,782,0,176
91,4,810,0,176
91,4,838,0,176
91,4,866,0,176
91,4,894,0,176
91,4,922,0,176
91,4,950,0,176
91,4,978,0,176
91,4,1006,0,176
91,4,1034,0,176
91,4,1062,0,176
91,4,1090,0,176
91,4,1118,0,176
91,4,1146,0,176
91,4,1174,0,176
91,4,1202,0,176
91,4,1230,0,176
91,4,1258,0,176
91,4,1286,0,176
91,4,1314,0,176
91,4,1342,0,176
91,4,1370,0,176
91,4,1398,0,176
91,4,1426,0,176
91,4,1454,0,176
91,4,1482,0,176
91,4,1510,0,176
91,4,1538,0,176
91,4,1566,0,176
91,4,1594,0,176
91,4,1622,0,176
91,4,1650,0,176
0,4,1682,0,176
0,4,1706,0,176
0,4,1726,0,176
0,4,1742,0,176
0,4,1754,0,176
0,2,1754,0,176
14,2,1758,0,176
16,2,1762,0,176
15,2,1770,0,176
14,2,1778,0,176
14,2,1786,0,176
14,2,1794,0,176
14,2,1802,0,176
14,2,1810,0,176
14,2,1818,0,176
14,2,1826,0,176
14,2,1834,0,176
14,2,1842,0,176
14,2,1850,0,176
14,2,1858,0,176
14,2,1866,0,176
14,2,1874,0,176
14,2,1882,0,176
14,2,1890,0,176
14,2,1898,0,176
14,2,1906,0,176
14,2,1914,0,176
14,2,1922,0,176
14,2,1930,0,176
14,2,1938,0,176
14,2,1946,0,176
14,2,1954,0,176
14,2,1962,0,176
14,2,1970,0,176
340,49,97,20,177
280,45,81,4,177
231,21,76,7,177
182,29,72,7,177
150,37,72,10,177
117,45,72,13,177
84,53,72,16,177
47,53,60,25,177
51,61,60,31,177
53,69,60,37,177
55,77,60,43,177
57,85,60,49,177
25,75,36,61,177
82,83,36,67,177
113,89,36,71,177
114,87,20,81,177
141,91,20,85,177
168,95,20,89,177
180,96,14,94,177
201,100,14,99,177
222,104,14,104,177
243,108,14,109,177
264,112,14,114,177
285,116,14,119,177
306,120,14,124,177
336,124,14,130,177
366,128,14,136,177
396,132,14,142,177
426,136,14,148,177
449,140,14,153,177
471,146,14,161,177
493,152,14,169,177
517,158,14,176,177
529,166,14,185,177
541,174,14,194,177
553,182,14,205,177
543,192,14,218,177
533,202,14,231,177
519,206,6,244,177
505,214,6,248,177
491,222,6,252,177
477,230,6,256,177
463,238,6,260,177
449,246,6,264,177
435,254,6,268,177
421,262,6,272,177
407,270,6,276,177
393,278,6,280,177
379,286,6,284,177
365,294,6,288,177
351,302,6,292,177
337,310,6,296,177
323,318,6,300,177
309,326,6,304,177
295,334,6,308,177
285,334,6,306,177
275,334,6,304,177
265,334,6,302,177
255,334,6,300,177
273,334,6,299,177
265,310,1,305,177
283,310,1,305,177
297,310,1,305,177
308,310,1,306,177
319,310,1,307,177
327,310,1,307,177
335,310,1,307,177
349,310,1,308,177
363,310,1,308,177
374,310,1,309,177
382,310,1,309,177
405,310,1,311,177
423,310,1,311,177
432,310,1,313,177
440,310,1,313,177
454,310,1,314,177
477,310,1,316,177
495,310,1,316,177
518,310,1,318,177
541,310,1,320,177
564,310,1,322,177
587,310,1,324,177
610,310,1,326,177
633,310,1,328,177
656,310,1,330,177
679,310,1,332,177
702,310,1,334,177
725,310,1,336,177
748,310,1,338,177
771,310,1,340,177
794,310,1,342,177
817,310,1,344,177
840,310,1,346,177
863,310,1,348,177
877,310,1,349,177
891,310,1,350,177
905,310,1,351,177
919,310,1,352,177
933,310,1,353,177
947,310,1,354,177
340,46,84,20,178
280,46,124,40,178
225,43,154,59,178
171,42,189,78,178
117,38,199,73,178
63,36,207,59,178
24,36,217,51,178
15,36,227,43,178
9,12,228,47,178
9,7,218,48,178
12,11,226,46,178
15,16,236,41,178
6,8,202,60,178
15,13,224,61,178
18,19,250,62,178
21,26,280,63,178
24,35,316,64,178
24,28,320,73,178
9,11,254,112,178
24,19,326,121,178
33,30,414,132,178
27,33,476,148,178
52,25,486,167,178
56,11,482,197,178
85,9,516,219,178
99,16,574,228,178
112,24,638,238,178
127,33,710,248,178
81,8,638,316,178
147,22,732,348,178
149,36,826,383,178
140,38,892,393,178
140,36,950,417,178
149,50,1042,427,178
53,14,918,512,178
142,28,1038,538,178
85,34,1113,545,178
85,40,1188,552,178
85,46,1263,559,178
70,33,1287,584,178
76,22,1318,603,178
60,26,1366,611,178
56,13,1377,628,178
57,17,1422,630,178
60,21,1470,630,178
72,26,1527,634,178
72,11,1544,646,178
76,16,1604,637,178
86,22,1673,628,178
79,28,1745,629,178
79,34,1817,630,178
90,16,1838,633,178
75,21,1895,626,178
75,26,1952,619,178
46,5,1943,636,178
123,10,2000,635,178
141,15,2060,631,178
141,21,2132,642,178
112,25,2180,638,178
112,29,2228,634,178
85,32,2267,630,178
85,35,2306,626,178
57,5,2273,640,178
85,8,2312,636,178
99,12,2357,634,178
123,16,2412,631,178
151,21,2481,628,178
124,26,2538,624,178
112,6,2538,632,178
124,11,2595,628,178
141,16,2662,623,178
141,22,2734,637,178
141,28,2806,651,178
123,33,2863,650,178
84,36,2899,647,178
84,39,2935,644,178
57,17,2906,647,178
84,20,2930,635,178
85,23,2957,620,178
96,27,2986,605,178
123,31,3023,588,178
141,36,3066,567,178
141,9,3042,564,178
141,15,3094,562,178
141,21,3146,560,178
141,27,3198,558,178
141,33,3250,556,178
85,8,3221,555,178
113,12,3254,539,178
140,17,3294,521,178
141,23,3346,518,178
141,29,3398,519,178
95,4,3371,520,178
71,7,3392,502,178
71,10,3413,484,178
71,13,3434,466,178
67,15,3455,453,178
67,17,3476,440,178
67,19,3497,427,178
43,21,3510,415,178
340,46,84,20,179
306,46,99,35,179
272,46,114,50,179
238,22,116,65,179
205,38,123,80,179
171,54,130,95,179
137,70,137,110,179
103,86,144,125,179
70,102,151,140,179
36,118,158,155,179
2,134,165,170,179
0,150,172,185,179
0,161,175,197,179
0,163,169,200,179
0,165,166,201,179
7,164,161,201,179
1,158,145,204,179
7,160,146,201,179
7,154,130,205,179
7,158,131,203,179
7,162,132,201,179
7,166,133,199,179
7,170,134,197,179
7,174,135,195,179
7,178,136,193,179
10,180,136,189,179
13,182,136,185,179
16,184,137,184,179
8,180,125,191,179
20,184,126,192,179
45,188,127,195,179
70,192,128,198,179
93,196,129,199,179
112,200,130,198,179
109,186,98,207,179
125,190,100,207,179
105,180,76,220,179
110,176,61,224,179
43,168,21,245,179
69,174,27,248,179
69,180,35,248,179
69,186,43,248,179
19,128,29,269,179
44,128,10,275,179
69,142,16,272,179
69,156,24,268,179
69,170,32,264,179
69,184,40,260,179
25,172,7,277,179
72,186,13,279,179
72,200,21,280,179
60,218,29,278,179
60,236,37,276,179
60,254,45,274,179
32,244,12,293,179
72,258,20,294,179
72,276,28,294,179
72,294,36,294,179
52,308,42,295,179
52,322,48,296,179
46,334,53,294,179
46,346,58,292,179
46,358,63,290,179
38,350,34,300,179
26,340,5,304,179
46,348,10,299,179
52,360,16,293,179
72,374,22,291,179
72,388,28,287,179
72,402,34,283,179
72,416,40,279,179
72,430,46,275,179
72,444,52,271,179
72,458,58,267,179
20,436,12,290,179
85,450,18,289,179
93,464,24,290,179
93,478,32,288,179
60,490,37,284,179
60,502,42,280,179
60,514,47,276,179
60,526,52,272,179
60,534,55,270,179
60,542,58,268,179
60,550,61,266,179
60,558,64,264,179
27,544,26,271,179
60,552,29,269,179
60,560,34,266,179
60,568,39,263,179
60,576,44,260,179
60,584,49,257,179
60,592,54,254,179
60,600,59,251,179
60,608,64,248,179
27,590,18,257,179
60,598,23,254,179
66,610,29,246,179
85,624,35,241,179
93,638,41,234,179
340,48,96,20,180
352,44,80,40,180
328,20,87,60,180
310,37,98,80,180
280,52,108,85,180
250,67,118,90,180
214,70,114,101,180
202,82,122,109,180
184,91,124,117,180
176,96,122,125,180
162,105,128,124,180
142,97,116,120,180
128,97,122,110,180
119,97,128,102,180
91,85,106,114,180
87,85,110,108,180
74,77,98,108,180
70,77,102,102,180
66,77,106,96,180
47,61,76,102,180
19,37,30,114,180
30,37,34,108,180
21,25,14,108,180
30,25,20,99,180
30,1,19,101,180
36,13,25,94,180
51,29,33,86,180
66,49,43,73,180
66,51,17,80,180
144,75,29,69,180
175,103,43,53,180
175,93,47,58,180
210,77,69,51,180
238,53,124,27,180
190,47,118,30,180
150,45,74,52,180
210,73,136,38,180
185,57,104,44,180
175,54,100,53,180
298,82,162,44,180
169,67,72,100,180
245,95,134,104,180
163,61,180,134,180
248,111,242,157,180
305,163,304,177,180
163,91,316,240,180
70,65,168,326,180
163,87,166,348,180
64,61,21,434,180
168,115,74,463,180
170,183,127,497,180
120,253,201,524,180
120,323,275,551,180
119,371,288,592,180
115,365,243,626,180
91,221,234,703,180
125,217,173,750,180
122,281,199,818,180
261,365,256,880,180
255,414,272,959,180
255,463,288,1038,180
253,478,213,1117,180
264,562,292,1190,180
252,607,305,1242,180
255,686,359,1280,180
245,674,275,1340,180
181,683,245,1401,180
98,468,209,1498,180
180,441,107,1565,180
155,237,84,1669,180
279,294,141,1737,180
296,351,199,1818,180
155,87,162,1949,180
296,126,180,2038,180
324,139,150,2129,180
414,212,208,2224,180
424,302,292,2323,180
424,368,304,2432,180
198,52,249,2575,180
265,53,201,2658,180
303,113,249,2712,180
283,105,186,2805,180
318,165,234,2861,180
390,225,282,2924,180
318,257,274,2995,180
280,234,178,3066,180
272,262,162,3107,180
265,231,50,3178,180
344,291,108,3204,180
257,337,153,3197,180
257,383,198,3190,180
257,429,243,3183,180
134,411,103,3267,180
257,457,148,3274,180
254,471,129,3301,180
198,465,62,3363,180
261,514,94,3381,180
220,559,124,3386,180
123,525,30,3440,180
270,570,60,3445,180
340,46,84,20,181
280,46,124,40,181
220,44,156,60,181
214,41,170,80,181
214,40,187,100,181
184,32,183,105,181
154,26,181,113,181
115,2,182,124,181
83,6,190,132,181
51,10,198,140,181
28,14,206,148,181
27,14,206,159,181
27,17,214,161,181
14,3,186,169,181
27,6,194,171,181
34,11,204,174,181
41,16,216,176,181
49,23,230,176,181
63,32,248,178,181
63,31,228,199,181
77,42,260,211,181
62,22,215,262,181
98,22,273,277,181
98,22,328,294,181
98,22,383,311,181
63,22,418,323,181
56,14,434,335,181
42,14,457,330,181
35,2,453,331,181
35,2,475,317,181
35,2,497,303,181
35,2,519,289,181
35,2,541,275,181
35,2,563,261,181
35,2,585,247,181
35,2,607,233,181
35,2,629,219,181
35,2,648,205,181
35,2,667,191,181
35,2,686,177,181
35,2,705,163,181
35,2,724,149,181
35,2,743,135,181
35,2,762,121,181
35,2,781,107,181
35,2,800,93,181
35,2,819,79,181
27,2,833,70,181
27,2,847,61,181
27,2,861,52,181
27,2,875,43,181
27,2,889,34,181
27,2,903,25,181
27,2,917,16,181
27,2,931,7,181
27,2,945,0,181
27,2,959,0,181
27,2,973,0,181
27,2,987,0,181
27,2,1001,0,181
27,2,1015,0,181
27,2,1029,0,181
27,2,1043,0,181
27,2,1057,0,181
27,2,1071,0,181
27,2,1085,0,181
27,2,1099,0,181
27,2,1113,0,181
27,2,1127,0,181
27,2,1141,0,181
27,2,1155,0,181
27,2,1169,0,181
27,2,1183,0,181
27,2,1197,0,181
27,2,1211,0,181
27,2,1225,0,181
27,2,1239,0,181
27,2,1253,0,181
27,2,1267,0,181
27,2,1281,0,181
27,2,1295,0,181
27,2,1309,0,181
27,2,1323,0,181
27,2,1337,0,181
27,2,1351,0,181
27,2,1365,0,181
27,2,1379,0,181
27,2,1393,0,181
27,2,1407,0,181
27,2,1421,0,181
27,2,1435,0,181
27,2,1449,0,181
27,2,1463,0,181
27,2,1477,0,181
27,2,1491,0,181
27,2,1505,0,181
27,2,1519,0,181
27,2,1533,0,181
27,2,1547,0,181
27,2,1561,0,181
340,48,96,20,182
448,42,84,40,182
562,39,78,60,182
574,27,54,80,182
534,9,18,101,182
676,9,18,122,182
830,9,18,145,182
985,9,18,170,182
1067,5,2,198,182
1172,5,2,228,182
1268,5,2,263,182
1344,5,2,306,182
1395,5,2,352,182
1428,5,2,401,182
1443,5,2,453,182
1394,5,2,512,182
1345,5,2,571,182
1296,5,2,630,182
1247,5,2,689,182
1198,5,2,748,182
1149,5,2,807,182
1100,5,2,866,182
1051,5,2,925,182
1100,5,2,972,182
1086,5,2,1027,182
1072,5,2,1082,182
1058,5,2,1137,182
1044,5,2,1192,182
1120,5,2,1235,182
1138,5,2,1286,182
1089,5,2,1345,182
1040,5,2,1404,182
991,5,2,1463,182
942,5,2,1522,182
893,5,2,1581,182
844,5,2,1640,182
795,5,2,1699,182
746,5,2,1758,182
697,5,2,1817,182
675,5,2,1873,182
653,5,2,1929,182
631,5,2,1985,182
609,5,2,2041,182
587,5,2,2097,182
565,5,2,2153,182
543,5,2,2209,182
521,5,2,2265,182
499,5,2,2321,182
477,5,2,2377,182
455,5,2,2433,182
449,5,2,2489,182
449,5,2,2545,182
449,5,2,2601,182
449,5,2,2657,182
449,5,2,2713,182
449,5,2,2769,182
449,5,2,2825,182
449,5,2,2881,182
449,5,2,2937,182
449,5,2,2993,182
449,5,2,3049,182
449,5,2,3105,182
449,5,2,3161,182
449,5,2,3217,182
449,5,2,3273,182
449,5,2,3329,182
560,5,2,3385,182
610,5,2,3446,182
729,5,2,3519,182
834,5,2,3602,182
969,5,2,3699,182
1106,5,2,3810,182
1106,5,2,3924,182
1106,5,2,4038,182
1021,5,2,4144,182
1021,5,2,4250,182
1063,5,2,4356,182
1085,5,2,4465,182
1148,5,2,4576,182
1148,5,2,4690,182
1148,5,2,4804,182
1148,5,2,4918,182
1148,5,2,5032,182
1148,5,2,5146,182
1146,5,2,5215,182
1144,5,2,5284,182
1142,5,2,5353,182
1140,5,2,5422,182
1195,5,2,5485,182
1142,5,2,5559,182
1089,5,2,5633,182
1157,5,2,5695,182
1028,5,2,5775,182
899,5,2,5855,182
831,5,2,5935,182
831,5,2,6015,182
831,5,2,6095,182
831,5,2,6175,182
831,5,2,6255,182
947,5,2,6310,182
340,50,100,20,183
280,48,96,40,183
280,47,93,60,183
247,43,85,53,183
202,37,73,46,183
170,37,73,39,183
138,37,73,32,183
103,29,57,31,183
71,29,57,24,183
36,21,41,23,183
9,18,35,13,183
6,14,19,15,183
6,6,9,14,183
9,6,18,7,183
9,6,27,0,183
9,6,36,0,183
9,6,45,0,183
9,6,54,0,183
9,6,63,0,183
9,6,72,0,183
9,6,81,0,183
9,6,90,0,183
9,6,99,0,183
9,6,108,0,183
9,6,117,0,183
9,6,126,0,183
9,6,135,0,183
9,6,144,0,183
9,6,153,0,183
9,6,162,0,183
9,6,171,0,183
9,6,180,0,183
9,6,189,0,183
9,6,198,0,183
9,6,207,0,183
9,6,216,0,183
9,6,225,0,183
9,6,234,0,183
9,6,243,0,183
9,6,252,0,183
9,6,261,0,183
9,6,270,0,183
9,6,279,0,183
9,6,288,0,183
9,6,297,0,183
9,6,306,0,183
9,6,315,0,183
9,6,324,0,183
9,6,333,0,183
9,6,342,0,183
9,6,351,0,183
9,6,360,0,183
9,6,369,0,183
9,6,378,0,183
9,6,387,0,183
9,6,396,0,183
9,6,405,0,183
9,6,414,0,183
9,6,423,0,183
9,6,432,0,183
9,6,441,0,183
9,6,450,0,183
9,6,459,0,183
9,6,468,0,183
9,6,477,0,183
9,6,486,0,183
9,6,495,0,183
9,6,504,0,183
9,6,513,0,183
9,6,522,0,183
9,6,531,0,183
9,6,540,0,183
9,6,549,0,183
9,6,558,0,183
9,6,567,0,183
9,6,576,0,183
9,6,585,0,183
9,6,594,0,183
9,6,603,0,183
9,6,612,0,183
9,6,621,0,183
9,6,630,0,183
9,6,639,0,183
9,6,648,0,183
9,6,657,0,183
9,6,666,0,183
9,6,675,0,183
9,6,684,0,183
9,6,693,0,183
9,6,702,0,183
9,6,711,0,183
9,6,720,0,183
9,6,729,0,183
9,6,738,0,183
9,6,747,0,183
9,6,756,0,183
9,6,765,0,183
9,6,774,0,183
9,6,783,0,183
9,6,792,0,183
340,50,100,20,184
280,46,84,40,184
220,44,98,60,184
230,43,105,80,184
212,39,103,82,184
197,15,99,87,184
189,21,102,86,184
181,27,105,85,184
173,33,108,84,184
158,31,97,89,184
154,37,99,88,184
150,43,101,87,184
146,49,103,86,184
142,55,105,85,184
138,58,101,87,184
108,48,77,98,184
111,52,79,100,184
113,56,81,102,184
106,62,83,103,184
99,68,85,104,184
92,74,87,105,184
85,80,89,106,184
78,86,91,107,184
68,82,77,114,184
61,86,79,112,184
54,90,81,110,184
47,94,83,108,184
40,98,85,106,184
23,94,70,107,184
16,80,39,114,184
32,84,41,112,184
0,68,5,127,184
35,72,7,128,184
38,78,9,129,184
54,84,12,128,184
73,92,15,128,184
38,38,3,149,184
44,46,5,149,184
57,57,8,151,184
73,68,12,155,184
76,82,16,158,184
95,99,21,164,184
130,119,27,170,184
139,130,10,181,184
165,156,18,170,184
182,191,26,163,184
184,226,34,147,184
152,132,14,180,184
161,158,22,190,184
161,184,30,203,184
161,210,38,216,184
161,236,46,229,184
133,247,13,249,184
161,273,23,262,184
168,299,38,271,184
168,325,60,286,184
168,351,82,301,184
130,347,48,330,184
89,178,14,398,184
175,208,29,413,184
175,238,44,429,184
175,268,59,445,184
119,275,41,448,184
119,305,52,430,184
119,306,26,433,184
119,334,37,401,184
102,334,13,401,184
98,362,24,383,184
98,390,35,365,184
98,418,46,347,184
98,446,57,329,184
108,440,21,329,184
136,468,32,297,184
136,496,43,267,184
136,526,54,251,184
172,556,61,235,184
100,590,75,198,184
98,596,34,175,184
93,624,40,151,184
93,652,46,127,184
93,680,52,103,184
93,708,58,79,184
19,473,4,149,184
59,519,10,138,184
63,565,17,121,184
63,611,24,94,184
66,645,30,79,184
63,691,37,61,184
66,725,43,42,184
53,771,49,29,184
53,817,55,16,184
59,845,61,0,184
66,855,27,0,184
98,883,76,0,184
63,887,56,0,184
63,915,84,0,184
52,910,29,14,184
63,938,59,0,184
64,966,89,0,184
63,962,53,0,184
340,50,100,20,185
280,50,100,40,185
220,50,100,60,185
160,26,95,80,185
100,106,95,100,185
40,179,89,120,185
0,259,89,140,185
0,309,85,155,185
6,333,85,167,185
5,347,73,183,185
23,355,57,199,185
15,351,37,218,185
71,367,45,237,185
12,307,31,258,185
70,327,37,279,185
8,314,3,302,185
106,333,9,325,185
87,358,19,353,185
80,370,11,381,185
87,395,21,409,185
107,425,31,442,185
128,460,45,483,185
147,483,27,535,185
188,533,47,594,185
267,602,73,674,185
287,658,65,778,185
476,723,52,908,185
486,777,37,1045,185
502,880,78,1190,185
333,838,83,1306,185
406,890,52,1422,185
363,977,88,1544,185
406,1037,73,1669,185
347,960,35,1819,185
483,1092,41,1952,185
525,1244,47,2095,185
531,1407,53,2245,185
544,1579,59,2391,185
552,1767,67,2550,185
554,1951,67,2667,185
550,2105,129,2791,185
544,2241,127,2931,185
367,2340,125,3093,185
557,2492,235,3233,185
360,2496,179,3386,185
519,2568,344,3484,185
453,2628,488,3557,185
376,2612,583,3646,185
383,2716,698,3735,185
510,2831,832,3829,185
520,2962,1001,3884,185
279,3002,907,4033,185
518,3088,1001,4109,185
520,3219,1160,4174,185
469,3297,1251,4238,185
230,3281,1078,4375,185
288,3223,1180,4487,185
360,3333,1266,4602,185
304,3166,1310,4729,185
96,3132,1066,4887,185
265,3185,1134,4954,185
258,3214,1154,5038,185
335,3256,1199,5092,185
375,3315,1292,5104,185
272,3353,1332,5139,185
212,3379,1347,5174,185
184,3430,1415,5189,185
14,3192,1361,5261,185
146,3199,1336,5282,185
189,3251,1388,5282,185
14,2953,1320,5374,185
135,2951,1264,5412,185
176,2972,1233,5430,185
7,2914,995,5547,185
194,3001,1074,5547,185
141,3063,1104,5564,185
133,3108,1102,5581,185
133,3149,1092,5598,185
14,2791,1010,5712,185
188,2880,1089,5715,185
80,2866,1023,5733,185
133,2906,1057,5715,185
113,2908,1025,5715,185
84,2899,979,5742,185
141,2946,1024,5730,185
151,2997,1069,5715,185
130,3061,1144,5727,185
130,3125,1219,5739,185
106,3117,1165,5776,185
157,3181,1240,5801,185
161,3247,1318,5811,185
110,3233,1252,5853,185
168,3299,1330,5866,185
163,3363,1385,5891,185
149,3351,1321,5907,185
163,3415,1376,5932,185
98,3384,1291,5983,185
163,3448,1344,6010,185
89,3411,1237,6066,185
184,3462,1270,6066,185
340,49,97,20,186
280,45,81,4,186
220,21,76,6,186
160,35,76,8,186
100,46,70,10,186
74,52,66,14,186
79,50,50,27,186
96,62,50,44,186
90,66,18,71,186
81,78,2,94,186
82,94,9,117,186
110,118,20,151,186
150,142,22,201,186
340,182,41,280,186
398,170,50,394,186
534,296,92,541,186
471,403,87,696,186
445,484,74,851,186
393,584,102,1006,186
561,677,113,1161,186
500,653,113,1330,186
446,789,70,1499,186
394,947,51,1668,186
308,881,38,1837,186
401,1088,74,2006,186
407,1315,110,2184,186
224,1191,73,2351,186
363,1423,104,2518,186
330,1635,99,2694,186
365,1811,75,2870,186
566,2046,99,3052,186
455,2194,43,3241,186
568,2418,90,3430,186
554,2558,54,3599,186
665,2768,78,3753,186
680,3001,104,3914,186
634,3171,48,4087,186
736,3414,74,4257,186
739,3657,108,4436,186
496,3519,60,4645,186
747,3786,86,4834,186
747,4053,112,5025,186
634,4244,56,5219,186
690,4493,130,5410,186
698,4757,196,5609,186
532,4917,130,5820,186
584,5075,164,6012,186
592,5227,186,6224,186
872,5451,294,6412,186
464,5214,274,6644,186
539,5340,215,6876,186
762,5519,281,7094,186
472,5297,279,7338,186
649,5497,322,7579,186
515,5638,205,7828,186
183,5277,143,8018,186
445,5401,139,8193,186
528,5596,252,8354,186
374,5679,222,8534,186
410,5722,180,8714,186
648,5891,293,8879,186
333,5624,255,9087,186
608,5841,368,9260,186
680,6031,481,9437,186
593,6148,494,9621,186
343,5902,472,9836,186
396,5991,340,10037,186
530,6121,329,10226,186
544,6247,306,10420,186
720,6455,431,10623,186
400,6493,293,10838,186
250,6490,73,11037,186
574,6656,224,11189,186
577,6822,383,11346,186
313,6578,395,11561,186
504,6722,383,11756,186
504,6858,355,11958,186
577,7054,471,12128,186
504,7161,427,12319,186
581,7359,536,12478,186
292,7071,518,12701,186
480,7201,526,12886,186
560,7304,522,13078,186
705,7478,624,13227,186
626,7569,564,13397,186
742,7779,708,13535,186
742,7965,804,13681,186
626,8048,728,13843,186
672,8098,712,14021,186
973,8264,858,14164,186
480,8269,667,14388,186
1023,8435,827,14532,186
860,8475,777,14732,186
857,8507,711,14932,186
478,8502,480,15185,186
748,8570,466,15385,186
843,8602,392,15593,186
767,8666,367,15823,186
838,8700,329,16069,186
998,8732,265,16285,186
340,48,96,20,187
400,44,80,40,187
430,41,84,60,187
430,17,85,80,187
430,44,89,100,187
400,54,80,108,187
396,70,84,116,187
392,86,88,124,187
374,90,75,132,187
328,86,53,146,187
313,102,56,154,187
298,110,51,165,187
268,110,37,167,187
238,122,40,163,187
208,134,43,159,187
178,146,46,155,187
148,158,49,151,187
129,166,51,145,187
95,162,29,148,187
76,170,31,142,187
57,178,33,136,187
38,186,35,130,187
30,194,37,124,187
30,202,39,118,187
15,190,8,121,187
30,198,10,115,187
30,206,12,105,187
29,214,14,98,187
29,222,16,91,187
29,230,18,84,187
29,238,20,77,187
29,246,22,70,187
29,254,24,63,187
29,262,26,56,187
29,270,28,49,187
29,278,30,42,187
29,286,32,35,187
29,294,34,28,187
29,302,36,21,187
29,310,38,14,187
29,318,40,7,187
15,306,9,12,187
15,314,10,4,187
15,322,11,0,187
15,330,12,0,187
15,338,13,0,187
15,346,14,0,187
15,354,15,0,187
15,362,16,0,187
15,370,17,0,187
15,378,18,0,187
15,386,19,0,187
15,394,20,0,187
15,402,21,0,187
15,410,22,0,187
15,418,23,0,187
15,426,24,0,187
15,434,25,0,187
15,442,26,0,187
15,450,27,0,187
15,458,28,0,187
15,466,29,0,187
15,474,30,0,187
15,482,31,0,187
15,490,32,0,187
15,498,33,0,187
15,506,34,0,187
15,514,35,0,187
15,522,36,0,187
15,530,37,0,187
15,538,38,0,187
15,546,39,0,187
15,554,40,0,187
15,562,41,0,187
15,570,42,0,187
15,578,43,0,187
15,586,44,0,187
0,570,4,7,187
15,574,5,2,187
15,578,6,0,187
15,582,7,0,187
15,586,8,0,187
15,590,9,0,187
15,594,10,0,187
15,598,11,0,187
15,602,12,0,187
15,606,13,0,187
15,610,14,0,187
15,614,15,0,187
15,618,16,0,187
15,622,17,0,187
15,626,18,0,187
15,630,19,0,187
15,634,20,0,187
15,638,21,0,187
15,642,22,0,187
15,646,23,0,187
15,650,24,0,187
15,654,25,0,187
15,658,26,0,187
340,26,95,20,188
280,105,92,40,188
220,137,84,33,188
160,159,80,17,188
139,167,64,19,188
131,183,76,15,188
123,199,88,11,188
119,201,82,16,188
98,193,61,30,188
142,205,67,35,188
163,205,57,43,188
197,213,63,42,188
209,209,42,50,188
230,217,48,46,188
251,225,54,42,188
272,233,60,38,188
293,241,66,34,188
314,249,72,30,188
335,257,78,26,188
356,265,84,22,188
377,270,84,21,188
398,270,71,26,188
413,278,77,20,188
407,266,48,27,188
433,274,54,25,188
466,286,60,26,188
412,272,27,47,188
434,284,36,53,188
437,296,45,54,188
418,312,57,60,188
399,328,69,66,188
331,316,27,81,188
218,270,16,105,188
160,298,28,102,188
105,326,40,99,188
105,354,52,96,188
46,358,18,120,188
92,386,34,126,188
115,421,53,131,188
23,308,29,171,188
115,355,49,175,188
151,419,73,183,188
161,451,33,208,188
220,541,69,218,188
282,629,89,250,188
207,676,45,266,188
220,748,65,277,188
322,816,79,284,188
324,880,85,297,188
273,946,95,301,188
287,1030,141,325,188
170,1057,81,349,188
160,1080,57,370,188
107,924,25,430,188
259,993,50,436,188
356,1101,77,469,188
84,882,31,557,188
201,944,51,563,188
225,1016,76,576,188
23,722,6,680,188
288,817,32,706,188
294,923,59,731,188
294,1047,86,760,188
294,1171,113,789,188
178,1244,133,803,188
107,1262,83,841,188
205,1335,102,861,188
228,1408,122,872,188
204,1451,89,899,188
218,1524,109,911,188
171,1533,28,938,188
241,1611,48,944,188
280,1706,75,953,188
343,1801,102,967,188
274,1852,72,995,188
349,1960,99,1016,188
228,2000,47,1056,188
380,2110,74,1082,188
438,2261,102,1131,188
489,2412,130,1187,188
252,2455,30,1276,188
504,2623,58,1352,188
394,2778,87,1428,188
496,2909,75,1509,188
400,3044,104,1575,188
400,3179,133,1641,188
377,3220,48,1703,188
504,3371,76,1765,188
394,3506,105,1828,188
394,3641,134,1891,188
394,3776,163,1954,188
394,3911,192,2017,188
380,3965,107,2086,188
394,4100,136,2149,188
381,4165,35,2225,188
400,4320,64,2295,188
453,4475,93,2370,188
514,4633,123,2454,188
514,4767,105,2548,188
471,4876,45,2634,188
340,48,96,20,189
394,45,90,40,189
454,45,90,60,189
471,37,74,91,189
381,21,42,137,189
291,17,26,183,189
138,17,49,229,189
120,11,57,275,189
111,11,72,321,189
111,11,87,367,189
111,11,102,413,189
111,11,117,459,189
76,11,127,490,189
76,11,137,521,189
21,1,100,550,189
49,1,139,579,189
83,1,198,625,189
126,1,292,698,189
203,1,453,807,189
203,1,621,922,189
203,1,789,1037,189
203,1,957,1152,189
203,1,1125,1267,189
203,1,1293,1382,189
203,1,1461,1497,189
203,1,1629,1612,189
203,1,1797,1727,189
203,1,1965,1842,189
203,1,2133,1957,189
203,1,2301,2072,189
203,1,2469,2187,189
203,1,2637,2302,189
203,1,2805,2417,189
203,1,2973,2532,189
203,1,3141,2647,189
203,1,3309,2762,189
203,1,3477,2877,189
203,1,3645,2992,189
203,1,3813,3107,189
203,1,3981,3222,189
203,1,4149,3337,189
203,1,4317,3452,189
203,1,4485,3567,189
203,1,4653,3682,189
203,1,4821,3794,189
203,1,4989,3906,189
203,1,5157,4018,189
203,1,5325,4130,189
203,1,5493,4242,189
203,1,5661,4354,189
203,1,5829,4466,189
203,1,5997,4578,189
174,1,6121,4676,189
174,1,6245,4774,189
174,1,6369,4872,189
174,1,6493,4970,189
174,1,6617,5068,189
174,1,6741,5166,189
174,1,6865,5264,189
174,1,6989,5362,189
174,1,7113,5460,189
174,1,7237,5558,189
174,1,7361,5656,189
174,1,7485,5754,189
174,1,7609,5852,189
174,1,7733,5950,189
174,1,7857,6048,189
174,1,7981,6146,189
174,1,8105,6244,189
174,1,8229,6342,189
174,1,8353,6440,189
174,1,8477,6538,189
174,1,8601,6636,189
119,1,8690,6705,189
98,1,8764,6762,189
98,1,8838,6819,189
98,1,8912,6876,189
90,1,8977,6927,189
90,1,9042,6978,189
90,1,9107,7029,189
90,1,9172,7080,189
90,1,9237,7131,189
90,1,9302,7182,189
90,1,9367,7233,189
90,1,9432,7284,189
90,1,9497,7335,189
90,1,9562,7386,189
90,1,9627,7437,189
90,1,9692,7488,189
90,1,9757,7539,189
90,1,9822,7590,189
90,1,9887,7641,189
90,1,9952,7692,189
90,1,10017,7743,189
90,1,10082,7794,189
90,1,10147,7845,189
90,1,10212,7896,189
90,1,10277,7947,189
90,1,10342,7998,189
90,1,10407,8049,189
340,50,100,20,190
280,48,96,40,190
240,47,93,60,190
186,43,77,62,190
150,19,78,69,190
116,31,86,73,190
81,40,88,77,190
47,52,96,81,190
11,52,90,88,190
2,50,80,98,190
3,59,88,105,190
3,64,88,114,190
3,76,96,111,190
2,77,86,111,190
2,77,78,111,190
28,86,84,105,190
14,76,56,109,190
14,67,34,119,190
54,73,40,114,190
0,13,28,131,190
54,19,32,131,190
54,25,38,129,190
54,31,44,127,190
54,37,50,125,190
54,43,56,123,190
0,33,18,145,190
40,39,24,144,190
54,45,32,146,190
40,39,14,151,190
54,45,22,150,190
54,51,32,144,190
54,57,42,138,190
54,63,52,132,190
40,53,26,135,190
54,59,36,129,190
54,65,46,117,190
27,50,14,132,190
54,56,24,120,190
54,62,34,108,190
54,68,42,103,190
0,53,8,116,190
33,56,14,108,190
33,59,20,100,190
33,62,26,92,190
33,65,32,84,190
33,68,38,76,190
33,71,44,68,190
33,74,50,60,190
33,77,56,52,190
33,80,62,44,190
33,83,68,36,190
33,86,74,30,190
0,62,28,36,190
33,65,32,35,190
33,68,38,27,190
33,71,44,19,190
33,74,50,11,190
33,77,56,3,190
33,80,62,0,190
33,83,68,0,190
33,86,74,0,190
33,89,80,0,190
33,92,86,0,190
33,95,92,0,190
33,98,98,0,190
33,101,104,0,190
33,104,110,0,190
33,107,116,0,190
33,110,122,0,190
33,113,128,0,190
33,116,134,0,190
0,84,70,17,190
33,87,74,15,190
33,90,80,11,190
0,73,42,16,190
33,76,44,11,190
29,79,46,4,190
30,82,48,0,190
31,85,50,0,190
27,88,52,0,190
23,91,54,0,190
19,94,56,0,190
15,97,58,0,190
14,100,60,0,190
14,103,62,0,190
14,106,64,0,190
14,109,66,0,190
14,112,68,0,190
14,115,70,0,190
14,118,72,0,190
14,121,74,0,190
14,124,76,0,190
14,127,78,0,190
14,130,80,0,190
14,133,82,0,190
14,136,84,0,190
14,139,86,0,190
14,142,88,0,190
14,145,90,0,190
14,148,92,0,190
340,26,95,20,191
314,78,95,33,191
289,120,91,46,191
324,141,85,59,191
359,168,82,72,191
355,174,70,78,191
389,190,70,84,191
419,206,70,88,191
438,218,62,94,191
371,162,48,115,191
357,194,48,115,191
342,226,48,115,191
327,258,48,115,191
295,274,32,124,191
286,298,35,129,191
277,322,38,134,191
251,334,24,139,191
235,358,26,138,191
192,354,3,149,191
205,370,4,149,191
218,386,5,149,191
231,402,6,149,191
236,418,8,149,191
236,438,10,150,191
236,458,12,151,191
236,478,14,152,191
236,498,16,153,191
236,518,18,154,191
245,534,20,155,191
245,554,22,156,191
256,570,24,158,191
250,590,26,157,191
237,598,12,162,191
231,618,14,161,191
225,638,16,160,191
219,658,18,159,191
213,678,20,158,191
207,698,22,157,191
201,718,24,156,191
195,738,26,155,191
193,734,2,161,191
198,746,3,158,191
200,762,4,156,191
213,778,5,156,191
217,794,7,155,191
221,810,9,154,191
221,826,11,152,191
221,842,13,150,191
221,858,15,148,191
221,874,17,146,191
221,890,19,144,191
221,906,21,142,191
223,922,22,140,191
236,938,23,140,191
249,954,24,140,191
258,970,25,138,191
262,986,27,137,191
256,1002,29,133,191
260,1018,31,132,191
254,1034,33,128,191
248,1050,35,124,191
208,1050,4,129,191
188,1070,6,122,191
168,1090,8,115,191
148,1110,10,108,191
148,1122,12,101,191
148,1134,14,94,191
148,1146,16,87,191
148,1158,18,80,191
148,1170,20,73,191
148,1182,22,66,191
148,1194,24,59,191
148,1206,26,52,191
148,1218,28,45,191
108,1210,5,53,191
97,1218,7,46,191
86,1226,9,39,191
75,1234,11,32,191
64,1242,13,25,191
71,1250,15,23,191
7,1190,1,44,191
49,1202,3,41,191
59,1218,5,38,191
72,1240,8,32,191
69,1258,11,30,191
49,1270,13,25,191
49,1282,15,20,191
49,1294,17,15,191
49,1306,19,10,191
49,1318,21,5,191
49,1330,23,0,191
49,1342,25,0,191
49,1354,27,0,191
49,1366,29,0,191
49,1378,31,0,191
49,1390,33,0,191
49,1402,35,0,191
49,1414,37,0,191
49,1426,39,0,191
36,1420,8,7,191
340,26,95,20,192
280,96,91,40,192
230,136,91,60,192
176,156,75,80,192
123,180,82,100,192
75,204,89,119,192
27,228,96,138,192
4,238,89,157,192
2,230,67,176,192
16,242,71,195,192
16,254,75,214,192
16,266,79,233,192
16,278,83,252,192
16,290,87,271,192
15,299,85,290,192
16,311,89,309,192
12,315,77,329,192
3,297,42,349,192
51,309,46,369,192
51,320,47,389,192
31,308,17,403,192
48,316,20,414,192
48,328,24,425,192
48,340,28,436,192
48,348,23,450,192
0,288,10,467,192
32,298,12,473,192
35,308,15,478,192
48,323,18,487,192
51,338,22,495,192
64,350,10,511,192
80,371,15,515,192
83,396,21,518,192
99,426,28,523,192
111,445,11,534,192
128,485,20,525,192
148,513,28,523,192
148,541,36,523,192
148,569,44,523,192
95,481,22,573,192
148,517,30,599,192
154,575,38,624,192
154,633,50,653,192
154,679,34,682,192
154,716,42,683,192
154,753,50,684,192
81,773,26,680,192
140,810,34,653,192
142,868,42,633,192
142,926,54,614,192
81,952,22,618,192
142,989,58,599,192
84,1002,46,597,192
142,1039,82,581,192
144,1097,118,570,192
144,1157,168,563,192
78,1009,150,615,192
85,1032,122,636,192
144,1110,158,632,192
85,1125,114,649,192
81,1146,68,701,192
86,1182,64,718,192
63,976,28,790,192
90,1028,68,793,192
75,828,36,865,192
91,895,76,877,192
91,973,116,881,192
60,717,65,978,192
91,807,105,997,192
91,897,145,1007,192
91,952,137,1032,192
45,631,68,1153,192
90,691,72,1208,192
91,741,64,1254,192
92,816,104,1273,192
48,491,36,1391,192
92,596,76,1431,192
93,701,116,1462,192
92,778,100,1526,192
33,391,14,1659,192
93,522,54,1708,192
93,653,94,1735,192
92,740,86,1792,192
108,871,126,1834,192
108,955,102,1896,192
112,1090,144,1916,192
108,1153,88,1970,192
108,1233,56,2024,192
112,1368,98,2035,192
113,1503,140,2037,192
113,1638,182,2029,192
112,1704,128,2053,192
54,1265,28,2198,192
113,1438,70,2222,192
113,1611,112,2223,192
112,1721,74,2256,192
113,1894,116,2257,192
112,2000,70,2276,192
113,2173,112,2279,192
93,2291,87,2301,192
340,46,84,20,193
285,46,84,39,193
231,45,81,58,193
177,42,75,50,193
123,40,71,42,193
132,40,71,43,193
117,40,71,43,193
102,40,71,43,193
78,32,55,46,193
72,32,55,46,193
54,26,43,52,193
60,26,43,58,193
60,10,11,71,193
80,10,11,78,193
111,10,11,90,193
140,10,11,104,193
210,10,11,124,193
294,6,3,160,193
306,6,3,153,193
306,6,3,131,193
306,6,3,109,193
306,6,3,87,193
306,6,3,65,193
306,6,3,43,193
306,6,3,21,193
306,6,3,0,193
306,6,3,0,193
306,6,3,0,193
306,6,3,0,193
306,6,3,0,193
306,6,3,0,193
306,6,3,0,193
306,6,3,0,193
306,6,3,0,193
306,6,3,0,193
56,6,3,0,193
56,6,3,0,193
56,6,3,0,193
56,6,3,0,193
56,6,3,0,193
56,6,3,0,193
56,6,3,0,193
56,6,3,0,193
56,6,3,0,193
56,6,3,0,193
56,6,3,0,193
56,6,3,0,193
56,6,3,0,193
56,6,3,0,193
56,6,3,0,193
56,6,3,0,193
56,6,3,0,193
56,6,3,0,193
56,6,3,0,193
56,6,3,0,193
56,6,3,0,193
56,6,3,0,193
56,6,3,0,193
56,6,3,0,193
56,6,3,0,193
56,6,3,0,193
56,6,3,0,193
56,6,3,0,193
56,6,3,0,193
56,6,3,0,193
56,6,3,0,193
56,6,3,0,193
56,6,3,0,193
56,6,3,0,193
56,6,3,0,193
56,6,3,0,193
56,6,3,0,193
56,6,3,0,193
56,6,3,0,193
56,6,3,0,193
56,6,3,0,193
56,6,3,0,193
56,6,3,0,193
56,6,3,0,193
56,6,3,0,193
56,6,3,0,193
56,6,3,0,193
56,6,3,0,193
56,6,3,0,193
56,6,3,0,193
56,6,3,0,193
56,6,3,0,193
56,6,3,0,193
56,6,3,0,193
56,6,3,0,193
56,6,3,0,193
56,6,3,0,193
56,6,3,0,193
56,6,3,0,193
56,6,3,0,193
56,6,3,0,193
56,6,3,0,193
56,6,3,0,193
56,6,3,0,193
56,6,3,0,193
340,49,97,20,194
280,47,93,0,194
226,23,88,2,194
170,31,72,10,194
114,42,68,15,194
57,46,55,17,194
3,58,58,7,194
2,55,36,6,194
2,55,26,2,194
14,64,29,0,194
14,73,32,0,194
7,64,9,8,194
22,73,11,1,194
22,82,13,0,194
22,91,15,0,194
22,100,17,0,194
22,106,13,0,194
22,115,15,0,194
22,124,17,0,194
22,133,19,0,194
22,142,21,0,194
22,151,23,0,194
18,149,9,0,194
22,158,11,0,194
28,167,14,0,194
33,176,17,0,194
39,188,21,0,194
39,200,25,0,194
39,212,29,0,194
20,227,33,0,194
20,242,37,0,194
5,188,25,12,194
15,208,29,0,194
16,228,33,0,194
15,231,12,3,194
68,251,16,0,194
72,274,20,0,194
73,299,25,0,194
90,327,30,0,194
90,355,36,0,194
73,364,9,0,194
90,392,15,0,194
108,422,21,0,194
109,457,28,0,194
126,495,36,0,194
144,540,45,0,194
162,588,55,0,194
158,615,28,0,194
196,669,42,0,194
196,739,56,0,194
152,755,16,16,194
217,809,30,16,194
219,863,44,19,194
184,896,12,40,194
226,950,54,45,194
226,1004,96,53,194
203,1042,106,61,194
137,1057,51,100,194
154,1071,40,130,194
148,1125,73,145,194
179,1136,57,167,194
176,1190,93,173,194
142,1212,62,200,194
176,1266,98,206,194
243,1322,134,219,194
203,1327,109,263,194
308,1383,145,279,194
252,1296,149,338,194
182,1161,129,415,194
280,1259,133,451,194
315,1378,169,480,194
210,1443,133,544,194
238,1500,72,614,194
382,1599,68,654,194
321,1706,107,704,194
321,1813,146,754,194
379,1880,102,811,194
259,1963,88,852,194
331,2070,127,893,194
196,1878,91,973,194
331,1985,130,1002,194
323,2013,82,1059,194
412,2088,121,1078,194
412,2164,160,1100,194
315,2182,65,1160,194
412,2258,104,1182,194
412,2334,143,1193,194
317,2223,126,1257,194
324,2263,55,1328,194
346,2352,41,1397,194
346,2465,68,1437,194
346,2578,95,1477,194
346,2691,122,1517,194
248,2721,24,1587,194
346,2814,71,1627,194
346,2927,118,1671,194
340,2970,109,1730,194
266,2982,44,1810,194
353,3075,91,1854,194
357,3170,138,1902,194
340,47,94,20,195
280,47,94,40,195
220,46,91,60,195
160,46,91,20,195
100,42,83,0,195
40,18,78,0,195
0,15,62,0,195
0,13,46,0,195
0,16,50,0,195
0,18,54,0,195
0,6,30,4,195
0,7,32,0,195
0,8,34,0,195
0,9,34,0,195
0,7,30,0,195
7,7,30,0,195
13,7,30,0,195
18,8,30,0,195
21,9,30,0,195
23,10,32,0,195
25,2,16,3,195
27,3,18,0,195
26,4,20,0,195
25,5,22,0,195
24,6,24,0,195
23,7,26,0,195
22,8,28,0,195
21,9,30,0,195
20,10,32,0,195
12,5,20,4,195
14,6,22,0,195
14,8,24,0,195
14,10,26,0,195
14,12,28,0,195
14,14,30,0,195
14,16,32,0,195
14,18,34,0,195
7,6,10,13,195
27,7,12,11,195
45,8,14,8,195
47,10,16,3,195
60,12,20,0,195
60,14,24,0,195
60,16,28,0,195
60,18,32,0,195
60,20,36,0,195
60,22,40,0,195
40,8,10,5,195
40,10,12,0,195
40,12,14,0,195
40,14,16,0,195
40,16,18,0,195
40,18,20,0,195
40,20,22,0,195
40,22,24,0,195
40,24,26,0,195
40,26,28,0,195
40,28,30,0,195
40,30,32,0,195
40,32,34,0,195
40,34,36,0,195
40,36,38,0,195
40,38,40,0,195
40,40,42,0,195
40,42,44,0,195
20,27,14,3,195
40,29,16,0,195
60,31,20,0,195
60,33,24,0,195
60,35,28,0,195
60,37,32,0,195
60,39,36,0,195
60,41,40,0,195
60,43,44,0,195
40,24,6,2,195
60,26,10,0,195
60,28,14,0,195
60,30,18,0,195
60,32,22,0,195
60,34,26,0,195
60,36,30,0,195
60,38,34,0,195
60,40,38,0,195
60,42,42,0,195
20,33,2,14,195
60,35,18,1,195
60,38,34,0,195
60,41,50,0,195
60,44,66,0,195
60,47,82,0,195
40,30,56,15,195
40,7,18,18,195
60,9,34,6,195
60,12,56,0,195
60,15,78,0,195
60,18,100,0,195
60,21,122,0,195
60,24,144,0,195
60,27,166,0,195
60,30,188,0,195
340,48,96,20,196
316,24,91,40,196
274,26,75,60,196
232,32,100,80,196
184,34,114,85,196
171,37,126,88,196
158,40,138,91,196
145,43,150,94,196
132,46,162,97,196
119,49,174,100,196
106,52,186,103,196
93,55,198,106,196
80,58,210,109,196
64,52,202,115,196
45,37,174,124,196
29,36,174,127,196
10,32,166,133,196
6,34,174,133,196
3,28,162,139,196
6,30,170,139,196
0,7,122,152,196
3,9,126,150,196
3,3,114,156,196
3,5,122,153,196
3,7,130,150,196
3,9,134,148,196
3,11,138,146,196
3,13,142,144,196
3,15,146,142,196
3,17,150,140,196
3,19,154,138,196
3,21,158,136,196
3,23,162,134,196
3,25,166,132,196
3,27,170,130,196
0,16,146,136,196
0,5,122,143,196
0,6,126,140,196
0,7,126,136,196
0,8,126,134,196
0,9,126,134,196
0,10,126,133,196
0,11,126,134,196
340,48,96,20,197
480,48,96,40,197
540,44,80,60,197
580,44,100,80,197
620,44,120,100,197
660,43,137,120,197
660,39,141,122,197
630,15,142,124,197
610,23,150,120,197
590,15,140,113,197
570,15,148,97,197
540,3,128,90,197
520,3,134,71,197
500,3,140,52,197
480,3,146,33,197
460,3,152,14,197
440,3,158,0,197
420,3,164,0,197
400,3,170,0,197
380,3,176,0,197
360,3,182,0,197
340,3,188,0,197
320,3,194,0,197
300,3,200,0,197
280,3,206,0,197
260,3,212,0,197
240,3,218,0,197
220,3,224,0,197
200,3,230,0,197
180,3,236,0,197
160,3,242,0,197
140,3,248,0,197
120,3,254,0,197
100,3,260,0,197
80,3,266,0,197
60,3,272,0,197
40,3,278,0,197
40,3,284,0,197
40,3,292,0,197
40,3,300,0,197
40,3,308,0,197
40,3,316,0,197
40,3,324,0,197
40,3,332,0,197
40,3,340,0,197
40,3,348,0,197
40,3,356,0,197
40,3,364,0,197
40,3,372,0,197
40,3,380,0,197
40,3,388,0,197
40,3,396,0,197
40,3,404,0,197
40,3,412,0,197
40,3,420,0,197
40,3,428,0,197
40,3,436,0,197
40,3,444,0,197
40,3,452,0,197
40,3,460,0,197
40,3,468,0,197
40,3,476,0,197
40,3,484,0,197
40,3,492,0,197
40,3,500,0,197
40,3,508,0,197
40,3,516,0,197
40,3,524,0,197
40,3,532,0,197
40,3,540,0,197
40,3,548,0,197
40,3,556,0,197
40,3,564,0,197
40,3,572,0,197
40,3,580,0,197
40,3,588,0,197
40,3,596,0,197
40,3,604,0,197
40,3,612,0,197
40,3,620,0,197
40,3,628,0,197
40,3,636,0,197
40,3,644,0,197
40,3,652,0,197
50,3,662,0,197
50,3,672,0,197
50,3,682,0,197
50,3,692,0,197
50,3,702,0,197
50,3,712,0,197
50,3,722,0,197
50,3,732,0,197
50,3,742,0,197
50,3,752,0,197
50,3,762,0,197
50,3,772,0,197
50,3,782,0,197
50,3,792,0,197
50,3,802,0,197
50,3,812,0,197
340,26,95,20,198
280,46,95,40,198
220,66,95,60,198
160,85,92,80,198
100,95,92,70,198
40,105,92,60,198
0,107,76,62,198
0,107,88,65,198
0,101,80,65,198
0,103,88,59,198
0,91,68,66,198
0,90,68,68,198
1,91,72,69,198
0,89,70,70,198
0,90,74,70,198
0,91,78,72,198
0,91,82,73,198
340,47,94,20,199
296,47,94,37,199
253,46,91,54,199
209,42,83,26,199
166,40,79,0,199
147,40,79,0,199
120,32,63,0,199
101,32,63,0,199
70,16,31,0,199
43,8,15,0,199
16,8,15,0,199
16,8,15,0,199
16,8,15,0,199
16,8,15,0,199
16,8,15,0,199
16,8,15,0,199
16,8,15,0,199
16,8,15,0,199
16,8,15,0,199
16,8,15,0,199
16,8,15,0,199
16,8,15,0,199
16,8,15,0,199
12,2,3,0,199
52,2,3,0,199
70,2,3,0,199
84,2,3,0,199
108,2,3,0,199
136,2,3,0,199
168,2,3,0,199
234,2,3,0,199
272,2,3,0,199
329,2,3,0,199
355,2,3,0,199
360,2,3,0,199
416,2,3,0,199
444,2,3,0,199
370,2,3,0,199
370,2,3,0,199
370,2,3,0,199
370,2,3,0,199
370,2,3,0,199
370,2,3,0,199
370,2,3,0,199
370,2,3,0,199
370,2,3,0,199
370,2,3,0,199
370,2,3,0,199
370,2,3,0,199
370,2,3,0,199
370,2,3,0,199
370,2,3,0,199
370,2,3,0,199
370,2,3,0,199
370,2,3,0,199
370,2,3,0,199
370,2,3,0,199
370,2,3,0,199
370,2,3,0,199
370,2,3,0,199
370,2,3,0,199
370,2,3,0,199
370,2,3,0,199
370,2,3,0,199
370,2,3,0,199
370,2,3,0,199
370,2,3,0,199
370,2,3,0,199
370,2,3,0,199
370,2,3,0,199
370,2,3,0,199
370,2,3,0,199
370,2,3,0,199
370,2,3,0,199
370,2,3,0,199
370,2,3,0,199
370,2,3,0,199
370,2,3,0,199
370,2,3,0,199
370,2,3,0,199
370,2,3,0,199
370,2,3,0,199
370,2,3,0,199
370,2,3,0,199
370,2,3,0,199
370,2,3,0,199
370,2,3,0,199
370,2,3,0,199
132,2,3,0,199
132,2,3,0,199
132,2,3,0,199
132,2,3,0,199
132,2,3,0,199
132,2,3,0,199
132,2,3,0,199
132,2,3,0,199
132,2,3,0,199
132,2,3,0,199
132,2,3,0,199
132,2,3,0,199
340,50,100,20,200
280,47,94,40,200
220,46,91,60,200
160,38,75,32,200
100,22,43,16,200
40,22,43,0,200
0,22,43,0,200
0,20,39,0,200
27,14,27,3,200
15,2,3,15,200
72,2,3,18,200
114,2,3,24,200
149,2,3,29,200
161,2,3,37,200
205,2,3,47,200
300,2,3,62,200
433,2,3,86,200
630,2,3,120,200
738,2,3,169,200
657,2,3,225,200
657,2,3,281,200
657,2,3,337,200
657,2,3,393,200
657,2,3,449,200
657,2,3,505,200
657,2,3,561,200
657,2,3,617,200
657,2,3,673,200
657,2,3,729,200
657,2,3,785,200
657,2,3,841,200
657,2,3,897,200
657,2,3,953,200
694,2,3,1000,200
657,2,3,1062,200
581,2,3,1079,200
581,2,3,1096,200
581,2,3,1113,200
581,2,3,1130,200
581,2,3,1147,200
581,2,3,1164,200
581,2,3,1181,200
581,2,3,1198,200
581,2,3,1215,200
581,2,3,1232,200
581,2,3,1249,200
555,2,3,1253,200
555,2,3,1257,200
555,2,3,1261,200
555,2,3,1265,200
555,2,3,1269,200
555,2,3,1273,200
555,2,3,1277,200
555,2,3,1281,200
555,2,3,1285,200
555,2,3,1289,200
555,2,3,1293,200
555,2,3,1297,200
504,2,3,1302,200
504,2,3,1307,200
504,2,3,1312,200
504,2,3,1317,200
504,2,3,1322,200
504,2,3,1327,200
308,2,3,1326,200
308,2,3,1325,200
308,2,3,1324,200
308,2,3,1323,200
308,2,3,1322,200
308,2,3,1321,200
308,2,3,1320,200
308,2,3,1319,200
308,2,3,1318,200
308,2,3,1317,200
308,2,3,1316,200
308,2,3,1315,200
308,2,3,1314,200
308,2,3,1313,200
308,2,3,1312,200
308,2,3,1311,200
308,2,3,1310,200
308,2,3,1309,200
132,2,3,1274,200
132,2,3,1239,200
132,2,3,1204,200
92,2,3,1179,200
92,2,3,1154,200
92,2,3,1129,200
92,2,3,1104,200
92,2,3,1079,200
92,2,3,1054,200
92,2,3,1029,200
92,2,3,1004,200
92,2,3,979,200
92,2,3,954,200
92,2,3,929,200
88,2,3,907,200
88,2,3,885,200
88,2,3,863,200
56,2,3,849,200
