houses,farms,mines,lumber mills,latrines,run_id
0,0,0,0,0,1
0,0,0,1,0,1
0,1,0,1,0,1
0,1,0,1,0,1
0,1,0,1,0,1
1,1,0,1,0,1
1,1,0,1,0,1
1,1,0,1,0,1
2,1,0,1,0,1
3,1,0,1,0,1
3,1,0,1,0,1
3,2,0,1,0,1
3,2,0,2,0,1
3,2,0,2,0,1
3,2,0,2,0,1
3,2,0,2,0,1
3,2,0,2,0,1
3,2,0,2,0,1
3,2,0,2,0,1
3,2,0,2,0,1
3,2,0,2,0,1
3,2,0,2,0,1
3,2,0,2,0,1
3,2,0,2,0,1
3,2,0,2,0,1
3,2,0,2,0,1
3,2,0,2,0,1
3,2,0,2,0,1
3,2,0,2,0,1
3,2,0,2,0,1
3,2,0,2,0,1
3,2,0,2,0,1
3,2,0,2,0,1
3,2,0,2,0,1
3,2,0,2,0,1
3,2,0,2,0,1
3,2,0,2,0,1
3,2,0,2,0,1
3,2,0,2,0,1
3,2,0,2,0,1
3,2,0,2,0,1
3,2,0,2,0,1
3,2,0,2,0,1
3,2,0,2,0,1
3,2,0,2,0,1
3,2,0,2,0,1
3,2,0,2,0,1
3,2,0,2,0,1
3,2,0,2,0,1
3,2,0,2,0,1
3,2,0,2,0,1
3,2,0,2,0,1
3,2,0,2,0,1
3,2,0,2,0,1
3,2,0,2,0,1
3,2,0,2,0,1
3,2,0,2,0,1
3,2,0,2,0,1
3,2,0,2,0,1
3,2,0,2,0,1
3,2,0,2,0,1
3,2,0,2,0,1
3,1,0,2,0,1
3,1,0,2,0,1
3,1,0,2,0,1
3,1,0,2,0,1
3,1,0,2,0,1
3,1,0,2,0,1
3,1,0,2,0,1
3,1,0,2,0,1
3,1,0,2,0,1
3,1,0,2,0,1
3,1,0,2,0,1
3,1,0,2,0,1
3,1,0,2,0,1
3,1,0,2,0,1
3,1,0,2,0,1
3,1,0,2,0,1
3,1,0,2,0,1
3,1,0,2,0,1
3,1,0,2,0,1
3,1,0,2,0,1
3,1,0,2,0,1
3,1,0,2,0,1
3,1,0,2,0,1
3,1,0,2,0,1
3,1,0,2,0,1
3,1,0,2,0,1
3,1,0,2,0,1
3,1,0,2,0,1
3,1,0,2,0,1
3,1,0,2,0,1
3,1,0,2,0,1
3,1,0,2,0,1
3,1,0,2,0,1
3,1,0,2,0,1
3,1,0,2,0,1
3,1,0,2,0,1
3,1,0,2,0,1
3,1,0,2,0,1
0,0,0,0,0,2
0,0,1,0,0,2
0,0,1,0,0,2
0,0,1,1,0,2
0,1,1,1,0,2
0,1,1,1,1,2
0,1,1,1,1,2
0,1,1,1,2,2
0,1,1,1,3,2
0,1,1,1,3,2
0,1,1,1,2,2
0,2,1,1,2,2
0,2,1,1,2,2
0,2,1,1,2,2
1,2,1,1,2,2
1,2,1,1,2,2
2,2,1,1,2,2
2,2,1,1,3,2
2,2,1,1,3,2
2,2,1,1,3,2
2,2,1,1,3,2
2,3,1,1,3,2
2,3,1,1,3,2
2,3,1,1,3,2
2,3,1,1,3,2
3,3,1,1,3,2
3,3,1,1,3,2
3,3,1,1,3,2
3,3,1,1,3,2
3,3,1,1,3,2
3,3,1,1,3,2
3,3,1,1,3,2
3,3,1,1,4,2
3,3,1,1,4,2
3,3,1,1,4,2
3,3,1,1,4,2
3,3,2,1,4,2
3,3,2,1,4,2
3,3,2,1,4,2
3,3,2,1,4,2
3,3,2,1,4,2
3,4,2,1,3,2
3,4,2,1,3,2
3,4,2,1,3,2
3,4,2,1,3,2
3,4,2,1,3,2
3,4,2,1,3,2
3,4,2,1,3,2
3,4,2,1,3,2
3,4,2,1,3,2
3,4,2,1,3,2
3,4,2,1,2,2
3,4,2,1,2,2
3,4,2,1,2,2
3,4,2,1,2,2
3,4,2,1,3,2
3,4,2,1,3,2
3,4,2,1,3,2
3,5,2,1,3,2
3,5,2,1,3,2
3,5,2,0,3,2
3,5,2,0,3,2
3,5,2,0,3,2
3,5,2,0,3,2
3,5,2,1,3,2
3,5,2,1,3,2
3,5,2,1,4,2
3,5,2,1,4,2
3,5,2,1,4,2
3,5,2,1,4,2
3,5,2,1,4,2
3,5,2,1,4,2
3,5,2,1,4,2
3,5,2,1,4,2
3,5,2,1,4,2
3,5,2,1,4,2
3,5,2,1,4,2
3,5,2,1,4,2
3,5,2,1,4,2
3,5,2,1,4,2
2,5,2,1,5,2
2,5,2,1,5,2
2,5,2,1,5,2
2,5,2,1,5,2
2,4,2,1,5,2
2,4,2,1,5,2
2,4,2,1,5,2
2,4,2,1,5,2
2,4,2,1,5,2
2,4,2,1,5,2
2,4,2,1,5,2
2,4,2,1,5,2
2,4,2,1,5,2
3,4,2,1,5,2
3,4,2,1,5,2
3,4,2,1,5,2
3,4,2,1,5,2
3,4,2,1,5,2
3,4,2,1,5,2
3,4,2,1,5,2
0,0,0,0,0,3
0,0,0,1,0,3
0,0,1,1,0,3
0,1,1,1,0,3
0,1,1,1,1,3
0,1,1,1,1,3
0,1,1,1,1,3
0,1,1,1,1,3
0,1,1,1,1,3
1,1,1,1,1,3
2,1,1,1,1,3
2,1,1,1,1,3
2,1,1,1,2,3
2,2,1,1,2,3
2,2,1,1,2,3
2,2,1,1,2,3
2,3,1,1,2,3
2,3,1,1,2,3
2,4,1,1,2,3
2,3,1,1,2,3
3,3,1,1,2,3
3,3,1,1,2,3
3,3,1,1,2,3
3,3,1,1,2,3
3,3,1,1,2,3
3,3,1,1,2,3
3,3,1,1,3,3
3,3,1,1,3,3
3,3,1,1,3,3
3,3,1,1,3,3
3,3,1,1,3,3
3,3,1,1,3,3
3,3,1,1,3,3
3,3,1,1,3,3
3,3,1,1,3,3
3,3,1,1,3,3
3,3,1,1,3,3
3,3,2,1,3,3
3,3,2,1,3,3
3,3,2,1,3,3
3,3,2,1,3,3
3,3,2,1,3,3
3,3,2,1,3,3
3,4,2,1,3,3
3,3,2,1,3,3
3,3,2,1,3,3
3,3,2,1,3,3
3,3,2,1,3,3
3,3,2,1,3,3
3,3,2,1,3,3
3,4,2,1,3,3
3,4,2,1,3,3
3,4,2,1,3,3
3,4,3,1,3,3
3,4,3,1,3,3
3,4,3,1,3,3
3,4,3,1,3,3
3,4,3,1,3,3
3,4,4,1,3,3
3,4,4,1,2,3
3,4,4,1,2,3
3,4,4,1,2,3
3,4,4,1,2,3
3,4,4,2,2,3
3,4,4,2,2,3
3,4,4,2,2,3
3,4,4,2,3,3
3,5,4,2,3,3
3,5,4,2,3,3
3,5,4,2,4,3
4,5,4,2,4,3
4,5,4,2,4,3
4,4,5,2,4,3
4,4,5,2,4,3
4,4,5,2,4,3
4,4,5,2,4,3
4,4,5,2,4,3
4,4,5,3,4,3
4,4,5,3,4,3
4,4,5,3,4,3
4,3,6,3,4,3
4,3,6,3,4,3
4,3,6,3,4,3
4,3,6,3,5,3
5,3,6,3,5,3
5,3,6,3,5,3
5,3,6,4,5,3
6,3,6,4,5,3
6,3,6,4,5,3
6,3,6,4,5,3
6,3,7,4,5,3
6,3,7,4,5,3
6,3,7,4,4,3
6,3,7,4,5,3
6,4,7,4,5,3
6,4,7,5,4,3
6,4,8,5,4,3
6,4,8,5,4,3
6,4,8,5,4,3
7,4,8,5,4,3
0,0,0,0,0,4
0,1,0,0,0,4
0,1,0,1,0,4
0,1,1,1,0,4
0,1,1,1,1,4
0,1,1,1,2,4
1,1,1,1,2,4
1,1,1,1,2,4
1,1,1,1,3,4
1,1,1,1,3,4
1,1,1,1,4,4
1,1,1,1,4,4
2,1,1,1,4,4
2,1,1,1,4,4
2,1,1,1,4,4
2,1,1,1,4,4
2,1,1,1,4,4
2,1,1,1,4,4
2,1,1,1,4,4
2,1,1,1,4,4
2,1,1,1,4,4
2,1,1,1,4,4
2,1,1,1,4,4
2,1,1,1,4,4
2,1,1,1,3,4
2,1,1,1,3,4
2,1,1,1,3,4
2,1,1,1,3,4
2,1,1,1,3,4
2,1,1,1,3,4
2,1,1,1,3,4
2,1,1,1,3,4
2,1,1,1,3,4
2,1,1,1,3,4
2,1,1,1,3,4
2,1,1,1,3,4
2,1,1,1,3,4
2,1,1,1,3,4
2,1,1,1,3,4
2,1,1,1,3,4
2,1,1,1,3,4
2,1,1,1,3,4
2,1,1,1,3,4
2,1,1,1,3,4
2,1,1,1,3,4
2,1,1,1,3,4
2,1,1,1,3,4
2,1,1,1,3,4
2,1,1,1,3,4
2,1,1,1,3,4
2,1,1,1,3,4
2,1,1,1,3,4
2,1,1,1,3,4
2,1,1,1,3,4
2,1,1,1,3,4
2,1,1,1,3,4
2,1,1,1,3,4
2,1,1,1,3,4
2,1,1,1,3,4
2,1,1,1,3,4
2,1,1,1,3,4
2,1,1,1,3,4
2,1,1,1,3,4
2,1,1,1,3,4
2,1,1,1,3,4
2,1,1,1,3,4
2,1,1,1,3,4
2,1,1,1,3,4
2,1,1,1,3,4
2,1,1,1,3,4
2,1,1,1,3,4
2,1,1,1,3,4
2,1,1,1,3,4
2,1,1,1,3,4
2,1,1,1,3,4
2,1,1,1,3,4
2,1,1,1,2,4
2,1,1,1,2,4
2,1,1,1,2,4
2,1,1,1,2,4
2,1,1,1,2,4
2,1,1,1,2,4
2,1,1,1,2,4
2,1,1,1,2,4
2,1,1,1,2,4
2,1,1,1,2,4
2,1,1,1,2,4
2,1,1,1,2,4
2,1,1,1,2,4
2,1,1,1,2,4
2,1,1,1,2,4
2,1,1,1,2,4
2,1,1,1,2,4
2,1,1,1,2,4
2,1,1,1,2,4
1,1,1,1,2,4
1,1,1,1,2,4
1,1,1,1,2,4
1,1,1,1,2,4
1,1,1,1,2,4
0,0,0,0,0,5
0,0,0,1,0,5
0,0,0,1,1,5
0,1,0,1,1,5
1,1,0,1,1,5
2,1,0,1,1,5
2,1,1,1,1,5
2,2,1,1,1,5
2,2,1,1,2,5
2,2,1,1,2,5
2,2,1,1,2,5
2,2,1,1,2,5
3,2,1,1,2,5
3,2,1,1,1,5
3,3,1,1,1,5
4,3,1,1,1,5
4,3,1,2,1,5
4,3,1,2,1,5
4,3,1,2,1,5
4,3,1,2,1,5
4,3,1,2,1,5
4,3,1,2,1,5
4,3,1,2,2,5
4,3,2,2,2,5
4,3,2,2,3,5
4,3,2,2,3,5
4,3,3,2,3,5
4,3,4,2,3,5
4,3,4,2,3,5
4,3,4,2,4,5
5,3,4,2,4,5
4,3,4,2,4,5
4,3,5,2,4,5
4,3,5,2,4,5
4,3,5,3,4,5
4,4,5,3,4,5
4,4,5,3,4,5
4,4,5,3,5,5
4,4,5,3,5,5
5,3,5,3,5,5
5,3,6,3,5,5
5,3,6,3,5,5
5,3,6,3,5,5
5,3,6,3,5,5
5,3,6,3,5,5
5,3,6,4,5,5
5,3,6,4,5,5
5,3,6,5,5,5
5,3,6,5,6,5
5,3,6,5,6,5
5,4,6,5,6,5
5,4,6,5,6,5
5,4,6,5,7,5
5,4,6,5,7,5
5,4,6,5,8,5
4,4,7,5,8,5
4,4,7,5,8,5
4,4,7,6,8,5
4,4,7,6,8,5
4,4,7,6,8,5
4,4,7,6,8,5
4,4,7,6,8,5
4,5,7,6,7,5
4,5,7,6,7,5
4,5,7,6,7,5
4,5,7,6,7,5
4,5,7,5,8,5
4,5,7,5,8,5
4,6,7,4,8,5
4,6,7,4,8,5
4,6,7,4,8,5
4,7,7,4,8,5
4,7,7,3,9,5
4,7,7,3,10,5
3,8,7,3,10,5
2,8,7,4,10,5
2,7,7,4,10,5
2,6,7,4,10,5
2,6,7,4,10,5
3,6,7,4,10,5
4,6,7,4,10,5
4,6,7,4,10,5
4,6,7,4,10,5
4,7,6,4,10,5
4,7,6,4,10,5
4,7,6,5,10,5
5,7,6,5,10,5
5,7,6,5,10,5
5,7,6,5,10,5
5,7,7,5,10,5
5,7,7,5,10,5
5,7,7,5,10,5
6,7,7,5,10,5
6,7,7,5,10,5
6,8,7,5,10,5
6,8,7,5,10,5
6,8,7,5,10,5
6,8,7,5,10,5
6,8,7,5,10,5
6,8,7,5,10,5
0,0,0,0,0,6
1,0,0,0,0,6
1,0,0,0,0,6
1,0,0,1,0,6
1,0,0,1,0,6
1,0,0,1,1,6
1,0,0,1,1,6
1,0,1,1,1,6
1,0,1,1,1,6
1,0,1,1,2,6
1,0,1,1,2,6
1,1,1,0,2,6
1,1,1,0,2,6
1,1,1,0,3,6
1,1,1,0,3,6
1,1,1,0,3,6
1,1,1,0,3,6
1,1,1,0,3,6
1,1,1,0,3,6
1,1,1,0,3,6
1,1,1,0,3,6
2,1,1,0,3,6
2,1,1,0,3,6
2,1,1,0,3,6
2,1,1,0,4,6
2,1,1,0,4,6
2,1,1,0,4,6
2,1,1,0,4,6
2,2,1,0,4,6
2,2,1,0,4,6
2,2,1,1,4,6
2,2,1,1,4,6
2,2,1,1,4,6
2,2,1,1,4,6
2,2,1,1,4,6
2,2,1,1,4,6
2,2,1,1,4,6
2,3,1,1,4,6
2,3,1,1,4,6
2,3,1,1,4,6
2,3,1,1,4,6
2,3,1,1,4,6
2,3,1,1,4,6
2,3,1,1,4,6
2,3,1,1,4,6
2,3,1,2,4,6
2,3,1,2,4,6
2,3,1,2,4,6
2,3,1,2,4,6
2,3,1,2,4,6
2,3,1,2,4,6
2,3,1,2,4,6
2,3,1,2,4,6
3,3,1,2,4,6
3,3,1,2,4,6
3,3,1,2,4,6
3,3,1,2,4,6
3,3,1,2,4,6
3,3,1,2,4,6
4,3,1,2,4,6
4,3,1,2,4,6
4,3,1,2,4,6
4,3,1,2,4,6
4,3,1,2,4,6
5,3,1,2,4,6
5,3,1,2,4,6
5,3,1,2,4,6
5,3,1,2,4,6
5,3,1,2,4,6
5,3,1,2,5,6
5,3,1,2,5,6
5,3,1,2,5,6
5,3,1,2,5,6
5,3,1,2,5,6
5,3,2,2,5,6
5,3,2,3,5,6
5,3,2,3,5,6
5,3,2,3,5,6
5,4,2,3,5,6
5,4,2,3,5,6
5,5,2,3,5,6
5,5,2,3,5,6
5,5,3,3,5,6
5,5,3,3,5,6
5,5,3,3,5,6
5,5,3,3,5,6
5,5,3,3,5,6
5,5,3,3,6,6
5,5,3,3,6,6
5,5,3,3,6,6
5,5,3,3,6,6
5,5,3,3,6,6
5,5,3,3,6,6
5,5,3,3,6,6
5,5,3,3,6,6
5,5,3,3,6,6
5,5,3,3,6,6
5,5,3,3,6,6
5,5,4,3,6,6
5,5,4,3,6,6
0,0,0,0,0,7
1,0,0,0,0,7
2,0,0,0,0,7
2,1,0,0,0,7
2,1,1,0,0,7
2,2,1,0,0,7
2,2,1,0,1,7
2,3,1,0,1,7
2,3,1,0,1,7
2,3,1,0,1,7
2,3,1,0,1,7
2,3,1,0,2,7
2,3,1,1,2,7
2,3,1,1,2,7
2,3,1,1,2,7
2,3,1,1,2,7
2,3,1,1,3,7
2,3,2,1,3,7
2,3,2,1,3,7
2,3,2,2,3,7
2,3,2,2,3,7
2,3,2,2,3,7
2,3,2,2,3,7
2,3,2,2,3,7
2,3,2,2,3,7
2,3,2,2,3,7
2,2,2,2,3,7
2,2,2,2,3,7
2,2,2,2,3,7
2,2,2,2,3,7
2,3,2,2,3,7
3,3,2,2,3,7
3,3,2,2,3,7
3,3,1,2,4,7
3,3,1,2,4,7
4,3,1,2,4,7
4,4,1,2,4,7
4,4,1,2,5,7
4,4,1,2,6,7
4,4,1,2,6,7
4,4,1,2,7,7
4,4,1,2,7,7
4,4,1,2,7,7
4,4,1,2,7,7
4,4,1,2,7,7
4,5,1,2,7,7
4,5,1,2,7,7
4,5,1,2,7,7
4,5,1,3,7,7
4,5,1,3,8,7
4,5,1,3,8,7
4,5,1,3,8,7
4,5,1,4,8,7
4,5,1,4,8,7
4,5,1,4,8,7
4,5,1,4,8,7
4,5,2,4,8,7
4,5,2,4,8,7
4,5,2,4,8,7
5,5,2,4,7,7
5,5,2,4,7,7
5,6,2,4,7,7
5,5,2,4,7,7
5,5,2,4,8,7
5,6,2,4,8,7
5,6,2,5,8,7
5,6,2,5,8,7
5,6,2,6,8,7
5,6,2,6,7,7
5,6,2,6,7,7
5,6,2,6,7,7
6,6,2,6,7,7
6,6,2,6,7,7
5,7,2,6,7,7
6,7,2,6,7,7
6,7,2,6,7,7
6,7,2,6,7,7
6,7,2,6,8,7
6,7,2,6,9,7
6,7,2,6,9,7
6,7,2,6,9,7
6,7,2,6,9,7
7,7,2,6,8,7
7,8,2,6,8,7
7,8,2,6,9,7
7,8,2,6,9,7
8,8,2,6,9,7
8,8,2,6,9,7
8,8,2,6,9,7
8,8,2,6,9,7
8,8,2,6,9,7
8,8,2,6,9,7
8,8,2,6,9,7
8,8,2,6,9,7
8,8,2,6,9,7
8,8,2,5,10,7
8,8,2,5,10,7
8,8,2,5,10,7
8,8,2,5,10,7
9,8,2,5,10,7
0,0,0,0,0,8
0,0,1,0,0,8
0,1,1,0,0,8
0,2,1,0,0,8
1,2,1,0,0,8
1,2,1,0,1,8
1,3,1,0,1,8
1,3,1,0,1,8
1,3,1,0,1,8
1,4,1,0,1,8
1,4,1,0,1,8
1,4,1,0,2,8
1,4,1,0,2,8
1,4,1,0,2,8
1,4,1,0,2,8
1,4,1,0,2,8
1,4,1,0,2,8
1,4,1,0,2,8
1,4,1,0,2,8
1,4,1,0,2,8
1,4,1,0,2,8
1,4,1,0,2,8
1,4,1,0,2,8
1,4,1,0,2,8
1,4,1,0,2,8
1,4,1,0,2,8
1,4,1,0,2,8
1,4,1,0,2,8
1,4,1,0,2,8
1,4,1,0,2,8
1,4,1,0,2,8
1,4,1,0,2,8
1,4,1,0,2,8
1,4,1,0,2,8
1,4,1,0,2,8
1,4,1,0,2,8
1,4,1,0,2,8
1,4,1,0,2,8
1,4,1,0,2,8
1,4,1,0,2,8
1,4,1,0,2,8
1,4,1,0,2,8
1,4,1,0,2,8
1,4,1,0,2,8
1,4,1,0,2,8
1,4,1,0,2,8
1,4,1,0,2,8
1,4,1,0,2,8
1,4,1,0,2,8
1,4,1,0,2,8
1,4,1,0,2,8
1,4,1,0,2,8
1,4,1,0,2,8
1,4,1,0,2,8
1,4,1,0,2,8
1,4,1,0,2,8
1,4,1,0,2,8
1,4,1,0,2,8
1,4,1,0,2,8
1,4,1,0,2,8
1,4,1,0,2,8
1,4,1,0,2,8
1,4,1,0,2,8
1,4,1,0,2,8
1,4,1,0,2,8
1,4,1,0,2,8
1,4,1,0,2,8
1,4,1,0,2,8
1,4,1,0,2,8
1,4,1,0,2,8
1,4,1,0,2,8
1,4,1,0,2,8
1,4,1,0,2,8
1,4,1,0,2,8
1,4,1,0,2,8
1,4,1,0,2,8
1,4,1,0,2,8
1,4,1,0,2,8
1,4,1,0,2,8
1,4,1,0,2,8
1,4,1,0,2,8
1,4,1,0,2,8
1,4,1,0,2,8
1,4,1,0,2,8
1,4,1,0,2,8
1,4,1,0,2,8
1,4,1,0,2,8
1,4,1,0,2,8
1,4,1,0,2,8
1,4,1,0,2,8
1,4,1,0,2,8
1,4,1,0,2,8
1,4,1,0,2,8
1,4,1,0,2,8
1,4,1,0,2,8
1,4,1,0,2,8
1,4,1,0,2,8
1,4,1,0,2,8
1,4,1,0,2,8
1,4,1,0,2,8
0,0,0,0,0,9
0,0,1,0,0,9
0,0,1,0,0,9
0,0,1,1,0,9
0,0,1,1,0,9
1,0,1,1,0,9
1,0,1,1,1,9
1,1,1,1,1,9
1,1,1,1,1,9
1,2,1,1,1,9
1,2,1,1,1,9
1,2,1,1,2,9
1,2,1,1,3,9
1,2,1,1,4,9
1,3,1,1,4,9
1,3,1,1,4,9
1,3,1,1,4,9
1,3,1,1,4,9
1,3,1,1,4,9
1,3,1,1,4,9
1,3,1,1,4,9
1,3,1,1,4,9
1,3,1,1,4,9
1,3,1,1,5,9
1,3,1,1,5,9
1,3,1,1,5,9
2,3,1,1,5,9
2,3,1,1,5,9
2,3,1,1,5,9
2,3,1,1,5,9
2,3,1,1,5,9
2,3,1,1,5,9
2,3,1,1,5,9
2,3,1,1,5,9
2,3,1,1,5,9
2,3,1,1,5,9
2,3,1,1,5,9
0,0,0,0,0,10
0,1,0,0,0,10
1,1,0,0,0,10
1,1,1,0,0,10
2,1,1,0,0,10
2,1,1,0,0,10
2,2,1,0,0,10
2,2,1,0,1,10
3,2,1,0,1,10
3,2,2,0,1,10
3,2,2,0,1,10
3,2,2,0,1,10
3,2,2,0,1,10
3,2,1,0,1,10
3,2,1,0,1,10
3,2,1,0,1,10
3,2,1,0,1,10
3,2,1,0,1,10
3,2,1,0,1,10
3,2,1,0,1,10
3,2,1,0,1,10
3,2,1,0,1,10
3,2,1,0,1,10
3,2,1,0,1,10
3,2,1,0,1,10
3,2,1,0,1,10
3,2,1,0,1,10
3,2,1,0,1,10
3,2,1,0,1,10
3,2,1,0,1,10
3,2,1,0,0,10
3,2,1,0,0,10
3,2,1,0,0,10
3,2,1,0,0,10
3,2,1,0,0,10
2,2,1,0,0,10
2,2,1,0,0,10
2,2,1,0,0,10
2,2,1,0,0,10
2,2,1,0,0,10
2,2,1,0,0,10
2,2,1,0,0,10
2,2,1,0,1,10
2,2,1,0,1,10
2,2,1,0,1,10
2,2,1,0,1,10
2,2,1,0,1,10
2,2,1,0,1,10
2,2,1,0,1,10
2,1,1,0,1,10
2,1,1,0,1,10
2,1,1,0,1,10
2,1,1,0,1,10
2,1,1,0,1,10
2,1,1,0,1,10
2,1,1,0,1,10
2,1,1,0,1,10
2,1,1,0,1,10
2,1,1,0,1,10
2,1,1,0,1,10
2,1,1,0,1,10
2,1,1,0,1,10
2,1,1,0,1,10
2,1,1,0,1,10
2,1,1,0,1,10
2,1,1,0,1,10
2,1,1,0,1,10
2,1,1,0,1,10
2,1,1,0,1,10
2,1,1,0,1,10
2,1,1,0,1,10
2,1,1,0,1,10
2,1,1,0,1,10
2,1,1,0,1,10
2,1,1,0,1,10
2,1,1,0,1,10
2,1,1,0,1,10
2,1,1,0,1,10
2,1,1,0,1,10
2,1,1,0,1,10
2,1,1,0,1,10
2,1,1,0,1,10
2,1,1,0,1,10
2,1,1,0,1,10
2,1,1,0,1,10
2,1,1,0,1,10
2,1,1,0,1,10
2,1,1,0,1,10
2,1,1,0,1,10
2,1,1,0,1,10
2,1,1,0,1,10
2,1,1,0,1,10
2,1,1,0,1,10
2,1,1,0,1,10
2,1,1,0,1,10
2,1,1,0,1,10
2,1,1,0,1,10
2,1,1,0,1,10
2,1,1,0,1,10
2,1,1,0,1,10
0,0,0,0,0,11
1,0,0,0,0,11
1,0,0,0,1,11
1,0,0,0,2,11
2,0,0,0,1,11
2,0,0,0,1,11
2,0,0,0,2,11
2,1,0,0,2,11
2,1,0,1,2,11
1,2,0,1,2,11
1,2,0,1,2,11
1,3,0,1,2,11
1,3,0,1,2,11
1,3,0,1,2,11
1,3,0,1,2,11
1,3,0,1,2,11
1,3,0,1,2,11
1,3,0,1,2,11
1,3,0,1,2,11
1,3,0,1,2,11
1,3,0,1,2,11
1,3,0,1,2,11
1,3,0,1,2,11
1,3,0,1,2,11
1,3,0,1,2,11
1,3,0,1,2,11
1,3,0,1,2,11
1,3,0,1,2,11
1,3,0,1,2,11
1,3,0,1,2,11
1,3,0,1,2,11
1,3,0,1,2,11
1,3,0,1,2,11
1,3,0,1,2,11
1,3,0,1,2,11
1,3,0,1,2,11
1,3,0,1,2,11
1,3,0,1,2,11
1,3,0,1,2,11
1,3,0,1,2,11
1,3,0,1,2,11
1,3,0,1,2,11
1,3,0,1,2,11
1,3,0,1,2,11
1,3,0,1,2,11
1,3,0,1,2,11
1,3,0,1,2,11
1,3,0,1,2,11
1,3,0,1,2,11
1,3,0,1,2,11
1,3,0,1,2,11
1,3,0,1,2,11
1,3,0,1,2,11
1,3,0,1,2,11
1,3,0,1,2,11
1,3,0,1,2,11
1,3,0,1,2,11
1,3,0,1,2,11
1,3,0,1,2,11
1,3,0,1,2,11
1,3,0,1,2,11
1,3,0,1,2,11
1,3,0,1,2,11
1,3,0,1,2,11
1,3,0,1,2,11
1,3,0,1,1,11
1,3,0,1,1,11
1,3,0,1,2,11
1,3,0,1,2,11
1,3,0,1,2,11
1,3,0,1,2,11
1,3,0,1,2,11
1,3,0,1,2,11
1,3,0,1,2,11
1,3,0,1,2,11
1,3,0,1,2,11
1,3,0,1,2,11
1,3,0,1,2,11
1,3,0,1,2,11
1,3,0,1,2,11
1,3,0,1,2,11
1,3,0,1,2,11
1,3,0,1,2,11
1,3,0,1,2,11
1,3,0,1,2,11
1,3,0,1,2,11
1,3,0,1,2,11
1,3,0,1,2,11
1,3,0,1,2,11
1,3,0,1,2,11
1,3,0,1,2,11
1,3,0,1,2,11
1,3,0,1,2,11
1,3,0,1,2,11
1,3,0,1,2,11
1,3,0,1,2,11
1,3,0,1,2,11
1,3,0,1,2,11
1,3,0,1,2,11
1,3,0,1,2,11
0,0,0,0,0,12
0,0,1,0,0,12
0,0,1,0,0,12
0,0,1,1,0,12
0,0,1,1,0,12
0,0,1,1,0,12
0,1,1,1,0,12
0,1,1,1,0,12
0,1,1,1,1,12
0,1,1,1,1,12
0,2,1,1,1,12
1,2,1,1,1,12
1,3,1,1,1,12
2,3,1,1,1,12
3,3,1,1,1,12
3,3,1,1,1,12
3,3,1,2,1,12
4,3,1,2,1,12
4,3,2,2,1,12
4,3,2,2,1,12
4,3,2,2,1,12
5,3,2,2,1,12
5,3,2,2,1,12
5,3,3,2,1,12
5,4,3,2,1,12
6,4,3,2,1,12
6,4,3,2,1,12
6,5,3,2,1,12
6,5,3,2,2,12
7,5,3,2,2,12
7,5,4,2,2,12
8,5,4,2,2,12
8,5,4,2,2,12
8,6,4,2,2,12
8,6,4,3,2,12
8,6,4,3,2,12
8,6,4,3,3,12
8,6,5,3,3,12
7,7,5,3,3,12
7,8,5,3,3,12
7,9,5,3,3,12
7,9,5,3,3,12
8,9,5,3,3,12
8,9,6,3,2,12
8,9,6,3,2,12
8,8,6,4,2,12
8,9,6,4,2,12
8,9,6,4,2,12
8,9,6,4,2,12
8,10,6,4,2,12
8,10,6,4,2,12
8,10,6,4,2,12
8,10,7,4,2,12
8,9,7,5,2,12
8,9,7,5,2,12
8,10,7,5,2,12
9,9,7,5,2,12
9,9,7,5,2,12
9,9,7,5,3,12
9,9,7,5,3,12
9,9,7,5,4,12
8,9,7,5,5,12
8,9,7,5,5,12
8,9,7,5,5,12
8,9,7,5,6,12
8,9,8,5,6,12
7,9,8,5,6,12
7,9,8,5,6,12
7,9,8,5,7,12
6,9,8,5,7,12
7,9,8,5,7,12
7,10,8,5,7,12
7,10,9,5,7,12
7,11,9,5,7,12
7,11,9,6,7,12
7,11,9,6,8,12
7,11,10,6,7,12
7,11,11,6,7,12
8,11,11,6,7,12
8,12,11,6,7,12
8,12,12,6,7,12
8,12,12,6,7,12
8,12,12,6,8,12
8,12,12,6,8,12
8,13,12,6,8,12
8,12,12,6,8,12
8,12,13,6,8,12
8,12,13,6,8,12
8,12,13,6,9,12
8,12,13,6,9,12
8,12,13,6,9,12
7,12,13,6,9,12
7,12,12,7,9,12
7,12,12,7,9,12
7,12,13,7,9,12
7,12,13,7,9,12
6,12,13,7,9,12
7,12,12,7,9,12
8,12,11,7,9,12
8,12,12,7,9,12
0,0,0,0,0,13
0,1,0,0,0,13
0,2,0,0,0,13
0,2,0,0,1,13
0,2,0,0,2,13
1,2,0,0,2,13
1,3,0,0,2,13
1,4,0,0,2,13
1,4,0,0,2,13
1,4,0,0,2,13
1,4,0,0,2,13
1,4,0,0,2,13
1,3,0,0,2,13
1,3,0,0,2,13
1,3,0,0,2,13
1,3,0,0,2,13
1,3,0,0,2,13
1,2,0,0,2,13
1,2,0,0,2,13
1,2,0,0,2,13
1,2,0,0,2,13
1,1,0,0,2,13
1,1,0,0,2,13
1,1,0,0,2,13
1,1,0,0,2,13
1,1,0,0,2,13
1,1,0,0,2,13
1,1,0,0,2,13
1,1,0,0,2,13
1,1,0,0,2,13
1,1,0,0,2,13
1,1,0,0,2,13
1,1,0,0,2,13
1,1,0,0,2,13
1,1,0,0,2,13
1,1,0,0,2,13
1,1,0,0,2,13
1,1,0,0,2,13
1,1,0,0,2,13
1,1,0,0,2,13
1,1,0,0,2,13
1,1,0,0,2,13
1,1,0,0,2,13
1,1,0,0,2,13
1,1,0,0,2,13
1,1,0,0,2,13
1,1,0,0,2,13
1,1,0,0,2,13
1,1,0,0,2,13
1,1,0,0,2,13
1,1,0,0,2,13
1,1,0,0,2,13
1,1,0,0,2,13
1,1,0,0,2,13
1,1,0,0,2,13
1,1,0,0,2,13
1,1,0,0,2,13
1,1,0,0,2,13
1,1,0,0,2,13
1,1,0,0,2,13
1,1,0,0,2,13
1,1,0,0,2,13
1,1,0,0,2,13
1,1,0,0,2,13
1,1,0,0,2,13
1,1,0,0,2,13
1,1,0,0,2,13
1,1,0,0,2,13
1,1,0,0,2,13
1,1,0,0,2,13
1,1,0,0,2,13
1,1,0,0,2,13
1,1,0,0,2,13
1,1,0,0,2,13
1,1,0,0,2,13
1,1,0,0,2,13
1,1,0,0,2,13
1,1,0,0,2,13
1,1,0,0,2,13
1,1,0,0,2,13
1,1,0,0,2,13
1,1,0,0,2,13
1,1,0,0,2,13
1,1,0,0,2,13
1,1,0,0,2,13
1,1,0,0,2,13
1,1,0,0,2,13
1,1,0,0,2,13
1,1,0,0,2,13
1,1,0,0,2,13
1,1,0,0,2,13
1,1,0,0,2,13
1,1,0,0,2,13
1,1,0,0,2,13
1,1,0,0,2,13
1,1,0,0,2,13
1,1,0,0,2,13
1,1,0,0,2,13
1,1,0,0,2,13
1,1,0,0,2,13
0,0,0,0,0,14
0,0,1,0,0,14
0,0,1,0,0,14
0,0,1,1,0,14
0,0,1,1,0,14
0,0,1,1,0,14
0,0,1,1,0,14
0,0,0,1,1,14
0,0,0,1,2,14
0,0,0,1,3,14
0,0,0,1,3,14
0,0,0,1,3,14
0,0,0,1,3,14
0,0,0,1,3,14
0,1,0,1,3,14
0,1,0,1,3,14
0,1,0,1,3,14
1,1,0,1,3,14
1,1,0,1,3,14
1,1,0,1,3,14
1,1,0,1,3,14
1,1,0,1,3,14
1,1,0,1,3,14
1,1,0,1,3,14
1,1,0,1,3,14
1,1,0,1,3,14
1,1,0,1,3,14
1,1,0,1,3,14
1,1,0,1,3,14
1,1,0,1,3,14
1,1,0,1,3,14
1,1,0,1,3,14
1,1,0,1,3,14
1,1,0,1,3,14
1,1,0,1,3,14
1,1,0,1,3,14
1,1,0,1,3,14
1,1,0,1,3,14
1,1,0,1,3,14
1,1,0,1,3,14
1,1,0,1,3,14
1,1,0,1,3,14
1,1,0,1,3,14
1,1,0,1,3,14
1,1,0,1,3,14
1,1,0,1,3,14
1,1,0,1,3,14
1,1,0,1,3,14
1,1,0,1,3,14
1,1,0,1,3,14
1,1,0,1,3,14
1,1,0,1,3,14
1,1,0,1,3,14
1,1,0,1,3,14
1,1,0,1,3,14
1,1,0,1,3,14
1,1,0,1,3,14
1,1,0,1,3,14
1,1,0,1,3,14
1,1,0,1,3,14
1,1,0,1,3,14
1,1,0,1,3,14
1,1,0,1,3,14
1,1,0,1,3,14
1,1,0,1,3,14
1,1,0,1,3,14
1,1,0,1,3,14
1,1,0,1,3,14
1,1,0,1,3,14
1,1,0,1,3,14
1,1,0,1,3,14
1,1,0,1,3,14
1,1,0,1,3,14
1,1,0,1,3,14
1,1,0,1,3,14
1,1,0,1,3,14
1,1,0,1,3,14
1,1,0,1,3,14
1,1,0,1,3,14
1,1,0,1,3,14
1,1,0,1,3,14
1,1,0,1,3,14
1,1,0,1,3,14
1,1,0,1,3,14
1,1,0,1,3,14
1,1,0,1,3,14
1,1,0,1,3,14
1,1,0,1,3,14
1,1,0,1,3,14
1,1,0,1,3,14
1,1,0,1,3,14
1,1,0,1,3,14
1,1,0,1,3,14
1,1,0,1,3,14
1,1,0,1,3,14
1,1,0,1,3,14
1,1,0,1,3,14
1,1,0,1,3,14
1,1,0,1,3,14
1,1,0,1,3,14
0,0,0,0,0,15
0,0,0,0,0,15
1,0,0,0,0,15
1,0,1,0,0,15
2,0,1,0,0,15
2,0,1,0,1,15
2,0,1,0,1,15
2,0,1,0,1,15
2,1,1,0,1,15
2,1,1,0,1,15
2,1,1,0,1,15
2,1,1,0,2,15
2,1,1,0,3,15
2,1,1,0,4,15
2,1,1,0,4,15
2,1,2,0,4,15
2,1,2,0,4,15
2,1,2,0,4,15
2,1,2,0,4,15
2,1,2,0,4,15
2,1,2,0,4,15
2,1,2,0,4,15
2,1,2,0,4,15
2,1,2,0,4,15
2,1,2,0,4,15
2,1,2,0,4,15
2,1,2,0,4,15
2,1,2,0,4,15
2,1,2,0,4,15
2,1,2,0,4,15
2,1,2,0,4,15
2,1,2,0,4,15
2,1,2,0,4,15
2,1,2,0,4,15
2,1,2,0,4,15
2,1,2,0,4,15
2,1,2,0,4,15
2,1,2,0,4,15
2,1,2,0,4,15
2,1,2,0,4,15
2,1,2,0,4,15
2,1,2,0,4,15
2,1,2,0,4,15
2,1,2,0,4,15
2,1,2,0,4,15
2,1,2,0,4,15
2,1,2,0,4,15
2,1,2,0,4,15
2,1,2,0,4,15
2,1,2,0,4,15
2,1,2,0,4,15
2,1,2,0,4,15
2,1,2,0,4,15
2,1,2,0,4,15
2,1,2,0,4,15
2,1,2,0,4,15
2,1,2,0,4,15
2,1,2,0,4,15
2,1,2,0,4,15
2,1,2,0,4,15
2,1,2,0,4,15
2,1,2,0,4,15
2,1,2,0,4,15
2,1,2,0,4,15
2,1,2,0,4,15
2,1,2,0,4,15
2,1,2,0,4,15
2,1,2,0,4,15
2,1,2,0,4,15
2,1,2,0,4,15
2,1,2,0,4,15
2,1,2,0,4,15
2,1,2,0,4,15
2,1,2,0,4,15
2,1,2,0,4,15
2,1,2,0,4,15
2,1,2,0,3,15
2,1,2,0,3,15
2,1,2,0,3,15
2,1,2,0,3,15
2,1,2,0,3,15
2,1,2,0,3,15
2,1,2,0,3,15
2,1,2,0,3,15
2,1,2,0,3,15
2,1,2,0,3,15
2,1,2,0,3,15
2,1,2,0,3,15
2,1,2,0,3,15
2,1,2,0,3,15
2,1,2,0,3,15
2,1,2,0,3,15
2,1,2,0,3,15
2,1,2,0,3,15
2,1,2,0,3,15
2,1,2,0,3,15
2,1,2,0,3,15
2,1,2,0,3,15
2,1,2,0,3,15
2,1,2,0,3,15
0,0,0,0,0,16
0,0,0,0,1,16
0,0,1,0,1,16
0,0,1,0,1,16
0,0,1,1,1,16
0,1,1,1,1,16
0,1,1,1,1,16
0,2,1,1,1,16
1,2,1,1,1,16
1,2,1,1,1,16
1,2,1,1,1,16
1,2,1,1,1,16
1,2,1,1,1,16
1,2,1,1,1,16
1,2,1,1,1,16
2,2,1,1,1,16
2,2,1,1,1,16
2,2,1,1,1,16
2,3,1,1,1,16
2,3,1,1,1,16
2,3,1,1,1,16
2,3,1,1,1,16
2,3,1,1,1,16
2,3,1,1,1,16
2,3,1,1,2,16
2,3,1,1,2,16
2,3,1,1,2,16
2,3,1,1,2,16
2,3,1,1,2,16
2,3,1,1,2,16
2,3,1,1,2,16
2,3,1,1,1,16
2,3,1,1,1,16
2,3,1,1,1,16
2,3,1,1,1,16
2,3,1,1,1,16
2,3,1,1,1,16
2,3,1,1,1,16
2,3,1,1,1,16
2,3,1,1,1,16
2,3,1,1,1,16
2,3,1,1,1,16
2,3,1,1,1,16
2,3,1,1,1,16
2,3,1,1,1,16
2,3,1,1,1,16
2,3,1,1,1,16
2,3,1,1,1,16
2,3,1,1,1,16
2,3,1,1,1,16
2,3,1,1,1,16
2,3,1,1,1,16
2,2,1,1,1,16
2,2,1,1,1,16
2,2,1,1,1,16
2,2,1,1,1,16
2,2,1,1,1,16
2,2,1,1,1,16
2,2,1,1,1,16
2,2,1,1,1,16
2,2,1,1,1,16
2,2,1,1,1,16
2,2,1,1,1,16
2,2,1,1,1,16
2,2,1,1,1,16
2,2,1,1,1,16
2,2,1,1,1,16
2,2,1,1,1,16
2,2,1,1,1,16
2,2,1,1,1,16
2,2,1,1,1,16
2,2,1,1,1,16
2,2,1,1,1,16
2,2,1,1,1,16
2,2,1,1,1,16
2,2,1,1,1,16
2,2,1,1,1,16
2,2,1,1,1,16
2,2,1,1,1,16
2,2,1,1,1,16
2,2,1,1,1,16
2,2,1,1,1,16
2,2,1,1,1,16
2,2,1,1,1,16
2,2,1,1,1,16
2,2,1,1,1,16
2,2,1,1,1,16
2,2,1,1,1,16
2,2,1,1,1,16
2,2,1,1,1,16
2,2,1,1,1,16
2,2,1,1,1,16
2,2,1,1,1,16
2,2,1,1,1,16
2,2,1,1,1,16
2,2,1,1,1,16
2,2,1,1,1,16
2,2,1,1,1,16
2,2,1,1,1,16
2,2,1,1,1,16
0,0,0,0,0,17
0,0,0,1,0,17
0,0,0,1,0,17
0,1,0,1,0,17
1,1,0,1,0,17
1,1,0,1,0,17
1,1,0,1,0,17
2,1,0,1,0,17
2,2,0,1,0,17
2,2,1,1,0,17
2,2,1,1,1,17
2,2,1,1,1,17
2,2,1,1,1,17
2,2,1,1,1,17
2,2,1,1,1,17
2,2,1,1,1,17
2,2,1,1,1,17
2,2,1,1,2,17
2,2,1,1,2,17
2,2,1,1,2,17
2,2,1,1,2,17
2,2,1,1,2,17
2,2,1,1,2,17
2,2,1,1,3,17
2,2,1,1,3,17
2,2,1,1,3,17
2,2,1,1,3,17
2,2,1,1,3,17
2,2,1,1,3,17
2,2,1,1,3,17
2,2,1,1,2,17
2,2,1,1,2,17
2,2,1,1,2,17
2,2,1,1,2,17
2,2,1,1,2,17
2,2,1,1,2,17
2,2,1,1,2,17
2,2,1,1,2,17
2,2,1,1,2,17
2,2,1,1,2,17
2,2,1,1,2,17
2,2,1,1,2,17
2,2,1,1,2,17
2,2,1,1,2,17
2,2,1,1,2,17
2,2,1,1,2,17
2,2,1,1,2,17
2,2,1,1,2,17
2,2,1,1,2,17
2,2,1,1,2,17
2,2,1,1,2,17
2,2,1,1,2,17
2,2,1,1,2,17
2,2,1,1,2,17
2,2,1,1,2,17
2,2,1,1,2,17
2,2,1,1,2,17
2,2,1,1,2,17
2,2,1,1,2,17
2,2,1,1,2,17
2,2,1,1,2,17
2,2,1,1,2,17
2,2,1,1,2,17
2,2,1,1,2,17
2,2,1,1,2,17
2,2,1,1,2,17
2,2,1,1,2,17
2,2,1,1,2,17
2,2,1,1,2,17
2,2,1,1,2,17
2,2,1,1,2,17
2,2,1,1,2,17
2,2,1,1,2,17
2,2,1,1,2,17
2,2,1,1,2,17
2,2,1,1,2,17
2,2,1,1,2,17
2,2,1,1,2,17
2,2,1,1,2,17
2,2,1,1,2,17
2,2,1,1,2,17
2,2,1,1,2,17
2,2,1,1,2,17
2,2,1,1,2,17
2,2,1,1,2,17
2,2,1,1,2,17
2,2,1,1,2,17
2,2,1,1,2,17
2,2,1,1,2,17
2,2,1,1,2,17
2,2,1,1,2,17
2,2,1,1,2,17
2,2,1,1,2,17
2,2,1,1,2,17
2,2,1,1,2,17
2,2,1,1,2,17
2,2,1,1,2,17
2,2,1,1,2,17
2,2,1,1,2,17
2,2,1,1,2,17
0,0,0,0,0,18
0,0,1,0,0,18
0,0,1,0,0,18
0,0,1,1,0,18
0,0,1,1,0,18
0,0,1,1,0,18
1,0,1,1,0,18
2,0,1,1,0,18
2,0,1,1,0,18
2,0,1,1,0,18
2,1,1,1,0,18
2,1,1,1,1,18
2,1,1,1,1,18
2,1,1,1,2,18
2,1,1,1,2,18
2,1,1,1,2,18
2,1,1,1,2,18
2,1,1,1,2,18
2,1,1,1,2,18
2,1,1,1,2,18
2,1,1,1,2,18
2,1,1,1,2,18
2,1,1,1,2,18
2,1,1,1,2,18
2,1,1,1,2,18
2,1,1,1,2,18
2,1,1,1,2,18
2,1,1,1,2,18
2,1,1,1,2,18
2,1,1,1,2,18
2,1,1,1,2,18
2,1,1,1,2,18
2,1,1,1,2,18
2,1,1,1,2,18
2,1,1,1,2,18
2,1,1,1,2,18
2,1,1,1,2,18
2,1,1,1,2,18
2,1,1,1,2,18
2,0,1,1,2,18
2,0,1,1,2,18
2,0,1,1,2,18
2,1,1,1,2,18
2,1,1,1,2,18
2,1,1,1,2,18
2,1,1,1,2,18
2,1,1,1,2,18
2,1,1,1,2,18
2,1,1,1,2,18
2,1,1,1,2,18
2,1,1,1,2,18
2,1,1,1,2,18
2,1,1,1,2,18
0,0,0,0,0,19
0,0,0,0,1,19
0,0,0,0,1,19
0,0,0,0,2,19
1,0,0,0,2,19
2,0,0,0,2,19
2,1,0,0,2,19
2,2,0,0,2,19
2,2,0,1,2,19
2,2,0,1,2,19
2,2,0,1,2,19
3,2,0,1,2,19
3,2,0,1,2,19
3,2,0,1,2,19
3,2,0,1,2,19
3,2,0,1,2,19
3,2,0,1,2,19
3,2,0,1,2,19
3,2,0,1,2,19
3,2,0,1,2,19
3,2,0,1,1,19
3,2,0,1,1,19
3,2,0,1,1,19
3,2,0,1,1,19
2,2,0,1,1,19
2,2,0,1,1,19
2,2,0,1,2,19
2,2,0,1,2,19
2,2,0,1,2,19
2,2,0,1,2,19
2,2,0,1,2,19
2,2,0,1,2,19
2,2,0,1,2,19
2,2,0,1,2,19
2,2,0,1,2,19
2,2,0,1,2,19
2,2,0,1,2,19
2,2,0,1,2,19
2,2,0,1,2,19
2,2,0,1,2,19
2,2,0,1,2,19
2,2,0,1,2,19
2,2,0,1,2,19
2,2,0,1,2,19
2,2,0,1,2,19
2,2,0,1,2,19
2,2,0,1,2,19
2,2,0,1,2,19
2,2,0,1,2,19
2,2,0,1,2,19
2,2,0,1,2,19
2,2,0,1,2,19
2,2,0,1,2,19
2,2,0,1,2,19
2,2,0,1,2,19
2,2,0,1,2,19
2,2,0,1,2,19
2,2,0,1,2,19
2,2,0,1,2,19
2,2,0,1,2,19
2,2,0,1,2,19
2,2,0,1,2,19
2,2,0,1,2,19
2,2,0,1,2,19
2,2,0,1,2,19
2,2,0,1,2,19
2,2,0,1,2,19
2,2,0,1,2,19
2,2,0,1,2,19
2,2,0,1,2,19
2,2,0,1,2,19
2,2,0,1,2,19
2,2,0,1,2,19
2,2,0,1,2,19
2,2,0,1,2,19
2,2,0,1,2,19
2,2,0,1,2,19
2,2,0,1,2,19
2,2,0,1,2,19
2,2,0,1,2,19
2,2,0,1,2,19
2,2,0,1,2,19
2,2,0,1,2,19
2,2,0,1,2,19
2,2,0,1,2,19
2,2,0,1,2,19
2,2,0,1,2,19
2,2,0,1,2,19
2,1,0,1,2,19
2,1,0,1,2,19
2,1,0,1,2,19
2,1,0,1,2,19
2,1,0,1,2,19
2,1,0,1,2,19
2,1,0,1,2,19
2,1,0,1,2,19
2,1,0,1,2,19
2,1,0,1,2,19
2,1,0,1,2,19
2,1,0,1,2,19
0,0,0,0,0,20
0,0,1,0,0,20
0,0,1,1,0,20
0,0,1,1,0,20
1,0,1,1,0,20
1,0,1,1,0,20
1,0,1,1,1,20
1,1,1,1,1,20
1,1,1,1,1,20
2,1,1,1,1,20
2,1,1,1,1,20
2,1,1,1,2,20
2,1,1,1,2,20
2,1,1,1,2,20
2,1,1,1,2,20
2,1,1,1,2,20
2,1,1,1,2,20
2,1,1,1,2,20
2,1,1,1,2,20
2,1,1,1,2,20
2,1,1,1,2,20
2,1,1,1,2,20
2,1,1,1,2,20
2,1,1,1,2,20
2,1,1,1,2,20
2,1,1,1,2,20
2,1,1,1,2,20
2,1,1,1,2,20
2,1,1,1,2,20
2,1,1,1,2,20
2,1,1,1,2,20
2,1,1,1,2,20
2,1,1,1,2,20
2,1,1,1,2,20
2,1,1,1,2,20
2,1,1,1,2,20
2,1,1,1,2,20
2,1,1,1,2,20
2,1,1,1,2,20
2,1,1,1,2,20
2,1,1,1,2,20
2,1,1,1,2,20
2,1,1,1,2,20
2,1,1,1,2,20
2,1,1,1,2,20
2,1,1,1,2,20
2,1,1,1,2,20
2,1,1,1,2,20
2,1,1,1,2,20
2,1,1,1,2,20
2,1,1,1,2,20
2,1,1,1,2,20
2,1,1,1,2,20
2,1,1,1,2,20
2,1,1,0,2,20
2,1,1,0,2,20
2,1,1,0,2,20
2,1,1,0,2,20
2,1,1,0,2,20
2,1,1,0,2,20
2,1,1,0,2,20
2,1,1,0,2,20
2,1,1,0,2,20
2,1,1,0,2,20
2,1,1,0,2,20
2,1,1,0,2,20
2,1,1,0,2,20
2,1,1,0,2,20
2,1,1,0,2,20
2,1,1,0,2,20
2,1,1,0,2,20
2,1,1,0,2,20
2,1,1,0,2,20
2,1,1,0,2,20
2,1,1,0,2,20
2,1,1,0,2,20
2,1,1,0,2,20
2,1,1,0,2,20
2,1,1,0,2,20
2,1,1,0,2,20
2,1,1,0,2,20
2,1,1,0,2,20
2,1,1,0,2,20
2,1,1,0,2,20
2,1,1,0,2,20
2,1,1,0,2,20
2,1,1,0,2,20
2,1,1,0,2,20
2,1,1,0,2,20
2,1,1,0,2,20
2,1,1,0,2,20
2,1,1,0,2,20
2,1,1,0,2,20
2,1,1,0,2,20
2,1,1,0,2,20
2,1,1,0,2,20
2,1,1,0,2,20
2,1,1,0,2,20
2,1,1,0,2,20
2,1,1,0,2,20
0,0,0,0,0,21
0,0,0,1,0,21
0,0,0,1,0,21
0,1,0,1,0,21
1,1,0,1,0,21
1,1,0,1,0,21
1,1,0,2,0,21
1,1,0,2,1,21
1,1,0,2,1,21
1,2,0,2,1,21
1,2,0,2,1,21
1,2,0,2,1,21
2,2,0,2,1,21
2,2,0,2,1,21
2,2,0,2,1,21
2,2,0,2,1,21
2,2,0,2,1,21
2,2,0,2,1,21
2,2,0,2,1,21
2,2,0,2,1,21
2,2,0,2,1,21
2,2,0,2,2,21
2,2,0,2,2,21
2,2,0,2,2,21
2,2,0,2,2,21
2,2,0,2,2,21
2,2,0,2,2,21
2,2,0,2,2,21
2,2,0,2,2,21
2,2,0,2,2,21
2,2,0,2,2,21
2,2,0,2,2,21
2,2,0,2,2,21
2,2,0,2,2,21
2,1,0,2,2,21
2,1,0,2,3,21
2,1,0,2,3,21
2,1,0,2,3,21
2,1,0,2,3,21
2,1,0,2,3,21
2,1,0,2,2,21
2,1,0,2,2,21
2,1,0,2,2,21
2,1,0,2,2,21
0,0,0,0,0,22
0,0,0,1,0,22
0,1,0,1,0,22
0,1,1,1,0,22
0,2,1,1,0,22
0,2,1,1,0,22
0,2,1,1,0,22
0,3,1,1,0,22
0,3,1,1,0,22
1,3,1,1,0,22
2,3,1,1,0,22
2,4,1,1,0,22
3,4,1,1,0,22
3,4,1,1,0,22
3,4,1,1,0,22
3,5,1,1,0,22
3,5,1,1,0,22
3,6,1,1,0,22
3,6,1,1,0,22
3,6,1,1,0,22
3,6,1,1,0,22
3,6,1,2,0,22
3,6,1,2,0,22
3,6,1,2,0,22
3,6,1,2,0,22
3,6,1,2,1,22
3,6,2,2,1,22
3,6,2,2,1,22
4,6,2,2,1,22
4,6,2,2,1,22
4,7,2,1,1,22
4,7,2,1,1,22
4,7,2,2,1,22
4,7,2,2,2,22
4,8,2,2,2,22
4,8,2,2,2,22
4,8,2,2,3,22
4,8,3,2,3,22
4,8,3,2,3,22
4,8,3,2,4,22
4,9,3,2,4,22
4,9,3,3,4,22
4,9,3,3,4,22
4,9,3,3,4,22
4,9,4,3,4,22
4,8,4,4,4,22
4,8,4,4,4,22
4,9,4,4,4,22
4,9,4,4,4,22
4,9,4,4,4,22
4,9,4,4,4,22
5,9,4,4,4,22
5,9,4,4,5,22
5,9,4,4,5,22
6,8,4,4,5,22
6,8,4,4,5,22
7,8,4,4,4,22
7,8,4,4,4,22
7,8,4,4,4,22
7,9,4,4,4,22
7,10,4,4,4,22
7,10,4,4,4,22
7,10,4,4,4,22
8,10,4,4,4,22
8,10,4,4,5,22
8,10,4,4,5,22
8,10,4,4,5,22
7,10,4,5,5,22
7,10,4,5,5,22
7,9,4,5,6,22
7,9,4,5,6,22
8,9,4,5,6,22
8,8,4,5,7,22
8,8,4,5,7,22
8,7,4,5,8,22
8,7,4,5,8,22
8,7,4,5,8,22
8,7,4,5,8,22
8,6,4,5,8,22
9,6,4,5,8,22
9,6,4,5,8,22
9,6,4,4,9,22
9,7,4,4,9,22
9,7,4,4,9,22
9,7,4,4,9,22
9,8,4,4,8,22
9,8,4,4,8,22
9,8,4,4,8,22
8,8,4,4,8,22
8,8,4,4,8,22
9,8,4,4,8,22
9,8,4,4,7,22
8,9,4,4,7,22
8,9,4,4,7,22
8,9,4,4,7,22
8,8,4,4,7,22
8,8,4,4,7,22
8,8,4,5,7,22
8,8,4,5,7,22
8,8,4,5,8,22
0,0,0,0,0,23
1,0,0,0,0,23
1,0,0,0,1,23
1,1,0,0,1,23
2,1,0,0,1,23
2,1,0,0,1,23
2,2,0,0,1,23
2,2,0,0,2,23
3,2,0,0,2,23
3,2,0,0,3,23
3,2,0,0,3,23
3,2,0,0,3,23
3,2,0,0,3,23
3,2,0,0,3,23
3,2,0,0,3,23
3,2,0,0,3,23
3,2,0,0,3,23
3,2,0,0,3,23
3,2,0,0,3,23
3,2,0,0,3,23
3,2,0,0,3,23
3,2,0,0,3,23
3,2,0,0,3,23
3,2,0,0,3,23
3,2,0,0,3,23
3,2,0,0,3,23
3,2,0,0,3,23
3,2,0,0,3,23
3,2,0,0,3,23
3,2,0,0,3,23
3,2,0,0,3,23
3,2,0,0,3,23
3,2,0,0,3,23
3,2,0,0,3,23
3,2,0,0,3,23
3,2,0,0,3,23
3,2,0,0,3,23
3,2,0,0,3,23
3,2,0,0,3,23
3,2,0,0,3,23
2,2,0,0,3,23
2,2,0,0,3,23
2,2,0,0,3,23
2,2,0,0,3,23
2,2,0,0,3,23
2,2,0,0,3,23
2,2,0,0,3,23
2,2,0,0,3,23
2,2,0,0,3,23
2,2,0,0,3,23
2,2,0,0,3,23
2,2,0,0,3,23
2,2,0,0,3,23
2,1,0,0,3,23
2,1,0,0,3,23
2,1,0,0,3,23
2,1,0,0,3,23
2,1,0,0,3,23
2,1,0,0,3,23
2,1,0,0,2,23
2,1,0,0,2,23
2,1,0,0,2,23
2,1,0,0,2,23
2,1,0,0,2,23
2,1,0,0,2,23
2,1,0,0,2,23
2,1,0,0,2,23
2,1,0,0,2,23
2,1,0,0,2,23
2,1,0,0,2,23
2,1,0,0,2,23
2,1,0,0,2,23
2,1,0,0,2,23
2,1,0,0,2,23
2,1,0,0,2,23
2,1,0,0,2,23
2,1,0,0,2,23
2,1,0,0,2,23
2,1,0,0,2,23
2,1,0,0,2,23
2,1,0,0,2,23
2,1,0,0,2,23
2,1,0,0,2,23
2,1,0,0,2,23
2,1,0,0,2,23
2,1,0,0,2,23
2,1,0,0,2,23
2,1,0,0,2,23
2,1,0,0,2,23
2,1,0,0,2,23
2,1,0,0,2,23
2,1,0,0,2,23
2,1,0,0,2,23
2,1,0,0,2,23
2,1,0,0,2,23
2,1,0,0,2,23
2,1,0,0,2,23
2,1,0,0,2,23
2,1,0,0,2,23
2,1,0,0,2,23
0,0,0,0,0,24
1,0,0,0,0,24
1,0,1,0,0,24
2,0,1,0,0,24
2,0,1,0,0,24
2,0,1,0,0,24
2,0,1,0,0,24
2,1,1,0,0,24
2,1,1,0,0,24
2,2,1,0,0,24
2,2,1,0,0,24
2,2,1,0,0,24
2,2,1,0,0,24
2,2,1,0,0,24
2,2,1,0,0,24
2,2,1,0,0,24
2,2,1,1,0,24
2,2,1,1,0,24
2,2,1,1,0,24
2,2,1,1,0,24
2,2,1,1,1,24
2,2,1,1,1,24
2,2,1,1,1,24
2,2,1,1,1,24
2,2,1,1,1,24
2,2,1,1,1,24
2,2,1,1,1,24
2,2,1,1,1,24
2,2,1,1,1,24
2,2,1,1,1,24
2,2,1,1,1,24
2,2,1,1,1,24
2,2,1,1,1,24
2,2,1,1,1,24
2,2,1,1,1,24
2,2,1,1,1,24
2,2,1,1,1,24
2,2,1,1,1,24
2,2,1,1,1,24
2,2,1,1,1,24
2,2,1,1,1,24
2,2,1,1,1,24
2,2,1,1,1,24
2,2,1,1,1,24
2,2,1,1,1,24
2,2,1,1,1,24
2,2,1,1,1,24
2,2,1,1,1,24
2,2,1,1,1,24
2,2,1,1,1,24
2,2,1,1,1,24
2,2,1,1,1,24
2,2,1,1,1,24
2,2,1,1,1,24
2,2,1,1,1,24
2,2,1,1,1,24
2,2,1,1,1,24
2,2,1,1,1,24
2,2,1,1,1,24
2,2,1,1,1,24
2,2,1,1,1,24
2,2,1,1,1,24
2,2,1,1,1,24
2,2,1,1,1,24
2,2,1,1,1,24
2,2,1,1,1,24
2,2,1,1,1,24
2,2,1,1,1,24
2,2,1,1,1,24
2,2,1,1,1,24
2,2,1,1,1,24
2,2,1,1,1,24
2,2,1,1,1,24
2,2,1,1,1,24
2,2,1,1,1,24
2,2,1,1,1,24
2,2,1,1,1,24
2,2,1,1,1,24
2,2,1,1,1,24
2,2,1,1,1,24
2,2,1,1,1,24
2,2,1,1,1,24
2,2,1,1,1,24
2,2,1,1,1,24
2,2,1,1,1,24
2,2,1,1,1,24
2,2,1,1,1,24
2,2,1,1,1,24
2,2,1,1,1,24
2,2,1,1,1,24
2,2,1,1,1,24
2,2,1,1,1,24
2,2,1,1,1,24
2,2,1,1,1,24
2,2,1,1,1,24
2,2,1,1,1,24
2,2,1,1,1,24
2,2,1,1,1,24
2,2,1,1,1,24
2,2,1,1,1,24
0,0,0,0,0,25
0,0,1,0,0,25
0,0,1,0,0,25
0,0,1,0,1,25
1,0,1,0,1,25
1,0,1,0,1,25
1,0,1,0,1,25
1,0,1,1,1,25
1,0,1,1,1,25
1,0,1,1,1,25
1,0,1,1,1,25
1,0,1,1,1,25
2,0,1,1,1,25
2,0,1,1,2,25
2,0,1,1,2,25
2,0,1,1,2,25
2,0,1,1,2,25
0,0,0,0,0,26
0,0,0,1,0,26
0,0,0,1,0,26
0,0,0,1,0,26
0,1,0,1,0,26
1,1,0,1,0,26
1,1,0,1,1,26
1,1,0,1,1,26
1,1,1,1,1,26
1,1,1,1,1,26
1,1,1,2,1,26
1,1,1,2,1,26
2,1,1,2,1,26
2,1,1,2,1,26
2,1,1,2,2,26
2,2,1,2,2,26
1,2,1,2,3,26
1,2,1,2,3,26
1,2,1,2,4,26
1,2,1,2,4,26
1,2,1,2,5,26
1,2,1,2,5,26
1,3,1,2,5,26
1,3,1,2,6,26
1,4,1,2,6,26
1,5,1,2,6,26
1,5,1,2,6,26
1,5,1,2,6,26
1,5,1,3,6,26
1,5,1,3,6,26
1,5,1,3,6,26
1,5,1,3,6,26
1,5,1,3,6,26
2,5,1,3,6,26
3,5,1,3,5,26
3,5,1,3,5,26
3,5,1,3,5,26
4,5,1,3,5,26
4,5,1,3,5,26
4,5,1,3,5,26
4,5,1,3,5,26
4,5,1,3,5,26
5,5,1,3,5,26
5,5,1,3,5,26
5,5,1,3,5,26
5,6,1,3,5,26
5,6,1,3,5,26
5,6,1,3,5,26
5,6,1,3,5,26
5,6,1,3,5,26
5,6,1,3,5,26
5,6,1,3,5,26
5,6,1,3,5,26
6,6,1,2,5,26
6,6,1,2,5,26
6,6,1,2,5,26
6,7,1,2,5,26
6,7,1,2,5,26
6,7,1,2,5,26
6,6,1,2,5,26
5,6,1,2,6,26
5,6,1,3,6,26
5,6,1,3,6,26
5,6,1,3,6,26
5,6,1,3,5,26
4,6,1,3,5,26
5,6,1,3,4,26
6,6,1,3,4,26
6,6,1,3,4,26
6,7,1,3,4,26
5,7,1,3,5,26
5,7,1,3,5,26
5,7,1,3,5,26
5,7,1,3,5,26
5,7,0,3,6,26
5,7,0,3,6,26
5,7,0,3,6,26
5,7,0,3,6,26
5,7,0,3,6,26
5,7,0,3,6,26
5,7,0,3,6,26
5,7,0,3,6,26
5,7,0,3,6,26
5,7,0,3,6,26
5,7,0,3,6,26
5,7,0,3,6,26
5,7,0,3,6,26
5,7,0,3,6,26
5,7,0,3,6,26
5,7,0,3,6,26
5,6,0,3,6,26
5,6,0,3,6,26
5,6,0,3,6,26
5,6,0,3,6,26
5,6,0,3,6,26
5,6,0,3,6,26
5,6,0,3,6,26
5,6,0,3,6,26
5,6,0,3,6,26
5,6,0,3,6,26
0,0,0,0,0,27
0,0,0,0,0,27
0,1,0,0,0,27
0,1,1,0,0,27
0,1,1,0,0,27
1,1,1,0,0,27
2,1,1,0,0,27
2,1,1,0,0,27
2,1,1,0,0,27
2,1,1,0,0,27
2,1,1,0,1,27
2,1,1,0,1,27
2,1,1,0,1,27
2,1,1,0,1,27
2,1,1,0,1,27
2,1,1,0,1,27
2,1,1,0,1,27
2,1,1,1,1,27
2,1,1,1,1,27
2,1,1,1,1,27
2,1,1,1,2,27
2,1,1,1,2,27
2,1,1,1,2,27
2,1,1,1,2,27
2,1,1,1,2,27
2,1,1,1,2,27
2,1,1,1,2,27
2,1,1,1,2,27
2,1,1,1,2,27
2,1,1,1,2,27
2,1,1,1,2,27
2,1,1,1,2,27
2,1,1,1,2,27
2,1,1,1,2,27
2,1,1,1,2,27
2,1,1,1,2,27
2,1,1,1,2,27
2,1,1,1,2,27
2,1,1,1,2,27
2,1,1,1,2,27
2,1,1,1,2,27
2,1,1,1,2,27
2,1,1,1,2,27
2,1,1,1,2,27
2,1,1,1,2,27
2,1,1,1,2,27
2,1,1,1,2,27
2,1,1,1,1,27
2,1,1,1,1,27
2,1,1,1,1,27
2,1,1,1,1,27
2,1,1,1,1,27
2,1,1,1,1,27
2,1,1,1,1,27
2,1,1,1,1,27
2,1,1,1,1,27
2,1,1,1,1,27
2,1,1,1,1,27
2,1,1,1,1,27
2,1,1,1,1,27
2,1,1,1,1,27
2,1,1,1,1,27
2,1,1,1,1,27
2,1,1,1,1,27
2,1,1,1,1,27
2,1,1,1,1,27
2,1,1,1,1,27
2,1,1,1,1,27
2,1,1,1,1,27
2,1,1,1,1,27
2,1,1,1,1,27
2,1,1,1,1,27
2,1,1,1,1,27
2,1,1,1,1,27
2,1,1,1,1,27
2,1,1,1,1,27
2,1,1,1,1,27
2,1,1,1,1,27
2,1,1,1,1,27
2,1,1,1,1,27
2,1,1,1,1,27
2,1,1,1,1,27
2,1,1,1,1,27
2,1,1,1,1,27
2,1,1,1,1,27
2,1,1,1,1,27
2,1,1,1,1,27
2,1,1,1,1,27
2,1,1,1,1,27
2,1,1,1,1,27
2,1,1,1,1,27
2,1,1,1,1,27
2,1,1,1,1,27
2,1,1,1,1,27
2,1,1,1,1,27
2,1,1,1,1,27
2,1,1,1,1,27
2,1,1,1,1,27
2,1,1,1,1,27
2,1,1,1,1,27
0,0,0,0,0,28
0,1,0,0,0,28
0,1,0,1,0,28
0,1,1,1,0,28
1,1,1,1,0,28
1,1,1,1,0,28
1,1,1,1,0,28
2,1,1,1,0,28
2,1,1,1,1,28
2,2,1,1,1,28
2,2,1,1,1,28
2,3,1,1,1,28
2,3,1,1,1,28
3,3,1,1,1,28
3,3,1,1,1,28
3,3,1,1,1,28
3,3,2,1,1,28
3,2,2,2,1,28
3,2,2,2,1,28
2,2,2,2,1,28
2,2,3,2,1,28
2,2,3,1,2,28
3,2,3,1,2,28
3,2,3,1,2,28
3,2,3,1,3,28
3,3,3,1,3,28
3,3,3,1,3,28
3,3,4,1,3,28
3,2,4,1,4,28
3,2,4,1,4,28
3,2,4,1,4,28
3,2,4,1,4,28
3,2,4,1,4,28
3,2,4,1,4,28
3,3,4,1,4,28
3,3,4,1,4,28
3,3,4,1,4,28
3,3,4,1,4,28
3,3,4,1,4,28
3,3,4,1,4,28
3,3,4,1,4,28
3,3,4,1,4,28
3,3,4,1,4,28
3,3,4,1,4,28
3,3,4,1,4,28
3,3,4,1,5,28
3,3,4,1,5,28
3,3,4,1,5,28
3,3,4,1,5,28
3,3,4,1,5,28
3,3,4,1,5,28
3,3,4,1,5,28
3,3,4,1,5,28
3,4,4,1,5,28
3,4,4,1,5,28
3,4,4,1,5,28
3,4,4,1,5,28
3,4,4,1,5,28
3,4,4,1,5,28
3,4,4,1,5,28
3,4,3,1,5,28
3,4,3,1,5,28
3,4,3,1,5,28
3,4,3,1,5,28
3,4,3,1,5,28
3,4,3,2,5,28
3,4,3,2,5,28
3,4,3,2,5,28
3,4,3,2,5,28
3,4,3,2,5,28
3,4,4,2,5,28
3,4,4,2,5,28
3,4,4,2,5,28
3,4,4,2,6,28
3,4,4,2,6,28
3,4,4,2,6,28
3,4,4,2,7,28
3,4,4,2,7,28
3,4,4,2,7,28
3,4,4,2,7,28
3,4,3,2,8,28
3,4,3,2,8,28
3,4,3,2,8,28
3,4,3,2,8,28
3,4,3,2,8,28
4,4,3,2,8,28
4,4,3,2,8,28
4,4,3,2,8,28
4,4,3,2,8,28
4,4,3,2,8,28
4,4,2,2,8,28
4,4,2,2,9,28
4,4,2,2,9,28
4,4,2,2,9,28
4,4,2,2,9,28
4,4,2,2,9,28
4,4,2,2,9,28
4,4,2,2,9,28
4,4,3,2,9,28
4,4,4,2,9,28
0,0,0,0,0,29
1,0,0,0,0,29
1,0,0,0,0,29
1,0,0,1,0,29
2,0,0,1,0,29
2,0,0,1,0,29
2,0,1,1,0,29
2,0,1,1,1,29
2,0,1,1,1,29
3,0,1,1,1,29
3,0,1,1,1,29
3,0,1,1,2,29
3,0,1,1,2,29
3,0,1,1,2,29
3,0,1,1,2,29
0,0,0,0,0,30
1,0,0,0,0,30
1,0,0,0,0,30
2,0,0,0,0,30
2,0,0,1,0,30
2,0,0,1,0,30
2,0,0,1,0,30
2,0,0,1,0,30
2,0,0,1,0,30
2,0,0,1,0,30
2,0,0,1,1,30
2,0,0,1,2,30
3,0,0,1,2,30
3,0,0,1,2,30
3,1,0,1,2,30
3,1,0,1,2,30
3,1,0,1,2,30
3,1,0,1,2,30
3,1,0,2,2,30
3,1,0,2,2,30
3,1,0,2,2,30
3,1,0,2,2,30
3,1,0,2,2,30
3,1,0,2,2,30
3,1,0,2,2,30
3,1,0,2,2,30
3,1,0,2,2,30
3,1,0,2,2,30
3,1,0,2,2,30
3,1,0,2,2,30
3,1,0,2,2,30
3,1,0,2,2,30
3,1,0,2,2,30
3,1,0,2,2,30
2,1,0,2,2,30
2,1,0,2,2,30
2,1,0,2,2,30
2,1,0,2,2,30
2,1,0,2,2,30
2,1,0,2,2,30
2,1,0,2,2,30
2,1,0,2,2,30
2,1,0,2,2,30
2,1,0,2,2,30
2,1,0,2,2,30
2,1,0,2,2,30
2,1,0,2,2,30
2,1,0,2,2,30
2,1,0,2,2,30
2,1,0,2,2,30
2,1,0,2,2,30
2,1,0,2,2,30
2,1,0,2,2,30
2,1,0,2,2,30
2,1,0,2,2,30
2,1,0,2,2,30
2,1,0,2,2,30
2,1,0,2,2,30
2,1,0,2,2,30
2,1,0,2,2,30
2,1,0,2,2,30
2,1,0,2,2,30
2,1,0,2,2,30
2,1,0,2,2,30
2,1,0,2,2,30
2,1,0,2,2,30
2,1,0,2,2,30
2,1,0,2,2,30
2,1,0,2,2,30
2,1,0,2,2,30
2,1,0,2,2,30
2,1,0,2,2,30
2,1,0,2,2,30
2,1,0,2,2,30
2,1,0,2,2,30
2,1,0,2,2,30
2,1,0,2,2,30
2,1,0,2,2,30
2,1,0,2,2,30
2,1,0,2,2,30
2,1,0,2,2,30
2,1,0,2,2,30
2,1,0,2,2,30
2,1,0,2,2,30
2,1,0,2,2,30
2,1,0,2,2,30
2,1,0,2,2,30
2,1,0,2,2,30
2,1,0,2,2,30
2,1,0,2,2,30
2,1,0,2,2,30
2,1,0,2,2,30
2,1,0,2,2,30
2,1,0,2,2,30
2,1,0,2,2,30
2,1,0,2,2,30
2,1,0,2,2,30
2,1,0,2,2,30
2,1,0,2,2,30
2,1,0,2,2,30
0,0,0,0,0,31
0,0,0,0,0,31
0,0,0,1,0,31
0,0,0,1,1,31
0,0,0,1,1,31
0,0,0,1,2,31
0,0,0,1,2,31
0,0,1,1,2,31
0,1,1,1,2,31
0,1,1,1,3,31
0,1,1,1,3,31
0,1,1,1,3,31
0,1,1,1,4,31
0,1,1,1,4,31
0,1,1,1,4,31
0,1,1,1,4,31
0,1,1,1,4,31
0,2,1,1,4,31
0,2,1,1,4,31
0,2,1,1,4,31
0,2,1,1,4,31
0,2,1,1,4,31
1,2,1,1,4,31
1,2,1,1,4,31
1,2,1,1,4,31
1,2,1,1,4,31
1,2,1,1,4,31
1,2,1,1,4,31
1,2,1,1,4,31
1,2,1,1,4,31
1,2,1,1,4,31
1,2,1,1,4,31
1,2,1,1,4,31
1,2,1,1,4,31
1,2,1,1,4,31
1,2,1,1,4,31
1,2,1,1,4,31
1,2,1,1,4,31
1,2,1,1,4,31
1,2,1,1,4,31
1,2,1,1,4,31
1,2,1,1,4,31
1,2,1,1,4,31
1,2,1,0,4,31
1,2,1,0,4,31
1,2,1,0,4,31
1,2,1,0,4,31
1,2,1,0,4,31
1,2,1,0,4,31
1,2,1,0,4,31
1,2,1,0,4,31
1,2,1,0,4,31
1,2,1,0,4,31
1,2,1,0,4,31
1,2,1,0,4,31
1,2,1,0,4,31
1,2,1,0,4,31
1,2,1,0,4,31
1,2,1,0,4,31
1,2,1,0,4,31
1,2,1,0,4,31
1,2,1,0,4,31
1,2,1,0,4,31
1,2,1,0,4,31
1,2,1,0,4,31
1,1,1,0,4,31
1,1,1,0,4,31
1,1,1,0,4,31
1,1,1,0,4,31
1,1,1,0,4,31
1,1,1,0,4,31
1,1,1,0,4,31
1,1,1,0,4,31
1,1,1,0,4,31
1,1,1,0,4,31
1,1,1,0,4,31
1,1,1,0,4,31
1,1,1,0,4,31
1,1,1,0,4,31
1,1,1,0,4,31
1,1,1,0,4,31
1,1,1,0,4,31
1,1,1,0,4,31
1,1,1,0,4,31
1,1,1,0,4,31
1,1,1,0,4,31
1,1,1,0,4,31
1,1,1,0,4,31
1,1,1,0,4,31
1,1,1,0,4,31
1,1,1,0,4,31
1,1,1,0,4,31
1,1,1,0,4,31
1,1,1,0,4,31
1,1,1,0,4,31
1,1,1,0,4,31
1,1,1,0,4,31
1,1,1,0,4,31
1,1,1,0,4,31
1,1,1,0,4,31
0,0,0,0,0,32
1,0,0,0,0,32
1,1,0,0,0,32
1,1,0,0,0,32
1,1,0,1,0,32
1,1,0,1,0,32
1,2,0,1,0,32
1,2,1,1,0,32
1,2,1,1,0,32
1,2,1,1,0,32
1,2,1,2,0,32
1,2,1,2,0,32
1,2,1,2,0,32
1,2,1,2,0,32
1,2,1,2,0,32
1,2,1,2,0,32
1,2,1,2,0,32
1,2,1,2,0,32
1,2,1,2,0,32
1,2,1,2,0,32
1,2,1,2,0,32
1,2,1,2,0,32
1,2,1,2,0,32
1,2,1,2,0,32
1,2,1,2,0,32
1,2,1,2,0,32
1,2,1,2,0,32
1,2,1,2,0,32
1,2,1,2,0,32
1,2,1,2,0,32
1,2,1,2,0,32
1,2,1,2,0,32
1,2,1,2,0,32
1,2,1,2,0,32
1,2,1,2,0,32
1,2,1,2,0,32
1,2,1,2,0,32
1,2,1,2,0,32
1,2,1,2,0,32
1,2,1,2,0,32
1,2,1,2,0,32
1,2,1,2,0,32
1,2,1,2,0,32
1,2,1,2,0,32
1,2,1,2,0,32
1,2,1,2,0,32
1,2,1,2,0,32
1,2,1,2,0,32
1,2,1,2,0,32
1,2,1,2,0,32
1,2,1,2,0,32
1,2,1,2,0,32
1,2,1,2,0,32
1,2,1,2,0,32
1,2,1,2,0,32
1,2,1,2,0,32
1,2,1,2,0,32
1,2,1,2,0,32
1,2,1,2,0,32
1,2,1,2,0,32
1,2,1,2,0,32
1,2,1,2,0,32
1,2,1,2,0,32
1,2,1,2,0,32
1,2,1,2,0,32
1,2,1,2,0,32
1,2,1,2,0,32
1,2,1,2,0,32
1,2,1,2,0,32
1,2,1,2,0,32
1,2,1,2,0,32
1,2,1,2,0,32
1,2,1,2,0,32
1,2,1,2,0,32
1,2,1,2,0,32
1,2,1,2,0,32
1,2,1,2,0,32
1,2,1,2,0,32
1,2,1,2,0,32
1,2,1,2,0,32
1,2,1,2,0,32
1,2,1,2,0,32
1,2,1,2,0,32
1,2,1,2,0,32
1,2,1,2,0,32
1,2,1,2,0,32
1,2,1,2,0,32
1,2,1,2,0,32
1,2,1,2,0,32
1,2,1,2,0,32
1,2,1,2,0,32
1,2,1,2,0,32
1,2,1,2,0,32
1,2,1,2,0,32
1,2,1,2,0,32
1,2,1,2,0,32
1,2,1,2,0,32
1,2,1,2,0,32
1,2,1,2,0,32
1,2,1,2,0,32
0,0,0,0,0,33
0,0,0,0,0,33
0,0,1,0,0,33
0,0,1,0,1,33
0,0,1,0,2,33
0,0,1,0,2,33
1,0,1,0,2,33
1,0,1,0,3,33
2,0,1,0,3,33
2,1,1,0,3,33
2,1,1,0,3,33
2,2,1,0,2,33
2,2,1,0,2,33
2,2,1,0,2,33
2,2,1,0,2,33
2,2,1,0,2,33
2,2,1,0,2,33
2,2,1,0,3,33
2,2,1,0,3,33
2,2,1,0,3,33
2,2,1,0,3,33
2,2,1,0,3,33
2,2,1,0,3,33
2,2,1,0,3,33
2,2,1,0,3,33
2,2,1,0,3,33
2,2,1,0,3,33
2,2,1,0,3,33
2,2,1,0,3,33
2,2,1,0,3,33
2,2,1,0,3,33
2,2,1,0,3,33
2,2,1,0,3,33
2,2,1,0,3,33
2,2,1,0,3,33
2,2,1,0,3,33
2,2,1,0,3,33
2,2,1,0,3,33
2,2,1,0,3,33
2,2,1,0,3,33
2,2,1,0,3,33
2,2,1,0,3,33
2,2,1,0,3,33
2,2,1,0,3,33
2,2,1,0,3,33
2,2,1,0,3,33
2,2,1,0,3,33
2,2,1,0,3,33
2,2,1,0,3,33
2,2,1,0,3,33
2,2,1,0,3,33
2,2,1,0,3,33
2,2,1,0,3,33
2,2,1,0,3,33
2,2,1,0,3,33
2,2,1,0,3,33
2,2,1,0,3,33
2,2,1,0,3,33
2,2,1,0,3,33
2,2,1,0,3,33
2,2,1,0,3,33
2,2,1,0,3,33
2,2,1,0,3,33
2,2,1,0,3,33
2,2,1,0,3,33
2,2,1,0,3,33
2,2,1,0,3,33
2,2,1,0,3,33
2,2,1,0,3,33
2,2,1,0,3,33
1,2,1,0,3,33
1,2,1,0,3,33
1,2,1,0,3,33
1,2,1,0,3,33
1,2,1,0,3,33
1,2,1,0,3,33
1,2,1,0,3,33
1,2,1,0,3,33
1,2,1,0,3,33
1,2,1,0,3,33
1,2,1,0,3,33
1,2,1,0,3,33
1,2,1,0,3,33
1,2,1,0,3,33
1,2,1,0,3,33
1,2,1,0,3,33
1,2,1,0,3,33
1,2,1,0,3,33
1,2,1,0,3,33
1,2,1,0,3,33
1,2,1,0,2,33
1,2,1,0,2,33
1,2,1,0,2,33
1,2,1,0,2,33
1,2,1,0,2,33
1,2,1,0,2,33
1,2,1,0,2,33
1,2,1,0,2,33
1,2,1,0,2,33
1,2,1,0,2,33
0,0,0,0,0,34
0,0,0,1,0,34
0,0,0,1,0,34
0,0,0,1,1,34
0,1,0,1,1,34
0,2,0,1,1,34
0,3,0,1,1,34
0,3,1,1,1,34
0,3,1,1,1,34
1,3,1,1,1,34
2,3,1,1,1,34
2,3,1,1,1,34
2,3,1,1,1,34
2,3,1,1,1,34
3,3,1,1,1,34
3,4,1,1,1,34
3,4,1,1,2,34
3,4,1,1,3,34
3,4,1,1,3,34
3,5,1,1,3,34
3,5,1,1,3,34
3,5,1,2,2,34
3,5,1,2,2,34
3,5,1,2,2,34
3,6,1,2,2,34
3,6,1,2,2,34
3,6,1,2,2,34
4,5,1,2,2,34
4,5,1,3,2,34
4,5,1,3,2,34
4,5,1,3,2,34
4,5,1,3,2,34
4,5,1,3,2,34
4,6,1,3,2,34
4,6,1,3,2,34
4,6,1,3,2,34
4,6,1,3,2,34
4,6,1,3,2,34
4,6,1,3,3,34
3,7,1,3,3,34
3,7,1,3,3,34
3,6,1,3,3,34
3,6,1,3,3,34
4,6,1,3,3,34
3,6,1,3,4,34
3,6,1,3,4,34
3,6,1,3,4,34
3,6,1,3,4,34
3,7,1,3,4,34
3,7,1,3,4,34
3,7,1,3,3,34
3,7,1,3,3,34
3,7,1,4,3,34
3,7,1,5,3,34
3,7,1,5,3,34
3,7,1,5,3,34
3,8,1,5,3,34
3,8,1,5,3,34
3,8,1,5,3,34
4,7,1,5,3,34
4,7,1,5,3,34
4,7,1,5,3,34
4,8,1,5,3,34
4,8,1,5,3,34
4,8,1,5,4,34
4,8,1,5,4,34
4,8,1,5,5,34
4,8,1,5,5,34
4,8,1,5,6,34
4,8,1,5,6,34
4,8,1,5,7,34
4,8,1,5,7,34
5,7,1,5,7,34
5,7,1,5,7,34
5,7,1,5,7,34
5,7,1,5,7,34
6,7,1,4,7,34
6,7,1,4,7,34
6,7,1,4,7,34
6,7,1,4,7,34
6,7,1,4,8,34
6,7,1,4,8,34
6,7,1,4,8,34
6,7,1,4,8,34
6,7,1,4,8,34
6,7,1,4,8,34
6,7,1,4,8,34
5,8,1,4,8,34
5,8,1,4,8,34
5,8,1,4,8,34
5,8,1,4,8,34
5,8,1,4,9,34
5,8,1,4,9,34
5,8,1,4,9,34
5,8,1,4,9,34
5,8,1,4,9,34
5,9,1,3,9,34
5,9,1,3,9,34
5,9,1,3,9,34
5,9,1,3,9,34
0,0,0,0,0,35
0,1,0,0,0,35
1,1,0,0,0,35
2,1,0,0,0,35
2,2,0,0,0,35
2,2,0,0,0,35
2,2,1,0,0,35
2,2,1,0,1,35
2,2,1,1,1,35
2,2,1,1,2,35
2,2,1,1,3,35
2,2,1,1,4,35
2,2,1,1,4,35
2,2,1,1,4,35
2,2,1,1,4,35
2,2,1,1,4,35
2,3,1,1,4,35
2,3,1,1,4,35
2,3,1,1,4,35
2,3,1,1,4,35
2,3,1,1,4,35
2,3,1,1,4,35
2,3,1,1,4,35
2,3,1,1,4,35
2,3,1,1,4,35
2,3,1,1,4,35
2,3,1,1,4,35
2,3,1,1,4,35
2,3,2,1,4,35
2,3,2,1,4,35
2,3,2,1,4,35
2,3,2,1,4,35
2,3,2,1,4,35
2,3,3,1,4,35
2,3,3,1,4,35
2,3,3,1,4,35
3,3,3,1,4,35
3,3,3,1,4,35
3,3,3,1,4,35
3,3,3,1,5,35
3,3,3,1,5,35
3,3,3,1,5,35
3,3,3,1,5,35
3,3,3,1,5,35
3,3,3,1,5,35
3,3,3,1,6,35
3,3,3,1,6,35
3,3,3,1,6,35
2,3,3,1,6,35
3,3,3,1,6,35
3,3,3,1,6,35
3,3,3,1,6,35
3,3,3,1,6,35
3,3,3,1,6,35
3,3,3,1,6,35
4,3,3,1,6,35
4,3,3,1,6,35
4,3,3,1,6,35
4,3,3,1,6,35
4,3,3,1,6,35
4,2,3,2,6,35
4,2,3,2,7,35
4,3,3,2,7,35
4,4,3,2,7,35
4,5,3,2,7,35
4,5,3,2,7,35
4,5,3,2,7,35
4,5,4,2,7,35
4,5,4,2,7,35
4,5,4,2,7,35
4,6,4,2,7,35
4,6,4,2,7,35
4,6,4,2,7,35
4,6,4,2,7,35
5,6,3,2,7,35
5,6,4,2,7,35
5,6,4,2,7,35
5,6,4,2,7,35
5,6,5,2,7,35
5,6,5,2,7,35
5,6,5,2,7,35
4,6,6,2,7,35
4,6,6,2,7,35
4,6,6,2,7,35
4,6,6,2,7,35
4,6,6,2,8,35
4,6,6,2,8,35
4,7,6,2,8,35
4,7,6,2,8,35
4,7,6,1,8,35
4,7,6,1,8,35
4,7,6,1,8,35
4,7,6,1,8,35
5,7,6,1,8,35
5,7,6,1,8,35
5,7,6,1,8,35
5,7,6,1,8,35
5,7,6,1,8,35
5,7,6,1,8,35
5,7,6,1,8,35
0,0,0,0,0,36
0,0,0,0,1,36
0,0,0,0,1,36
0,0,0,0,2,36
1,0,0,0,2,36
1,0,0,1,2,36
1,0,1,1,2,36
2,0,1,1,2,36
2,0,1,1,2,36
2,1,1,1,2,36
2,1,1,1,2,36
2,1,1,1,2,36
2,2,1,1,2,36
2,2,1,1,3,36
2,2,1,1,3,36
2,2,1,1,3,36
2,3,1,1,3,36
2,3,1,2,3,36
2,3,1,2,3,36
2,3,2,2,3,36
2,3,2,2,3,36
2,3,2,2,3,36
2,4,2,2,3,36
2,4,2,2,3,36
3,4,2,2,3,36
3,4,2,2,3,36
3,4,2,2,4,36
3,4,2,2,4,36
3,4,2,2,4,36
3,4,2,2,4,36
3,4,2,2,4,36
3,4,2,2,5,36
3,4,2,2,5,36
3,4,2,2,5,36
3,4,2,2,5,36
3,5,2,2,5,36
3,5,2,2,5,36
3,5,2,2,6,36
3,5,2,2,6,36
3,5,2,2,6,36
3,6,2,2,6,36
3,6,2,2,6,36
3,6,2,2,6,36
3,6,3,2,6,36
3,6,3,2,6,36
3,6,3,2,7,36
3,6,3,2,7,36
3,6,3,2,7,36
4,6,3,2,6,36
4,6,3,2,6,36
4,6,3,2,6,36
4,6,3,2,6,36
3,7,3,2,6,36
3,7,3,2,6,36
3,7,3,2,6,36
3,7,3,2,6,36
4,7,3,2,5,36
4,8,3,2,4,36
4,8,3,2,4,36
4,8,4,2,4,36
4,8,4,2,4,36
4,8,4,2,4,36
4,8,4,2,4,36
4,8,4,2,4,36
5,8,3,2,4,36
5,8,3,2,4,36
5,8,3,2,4,36
5,8,3,2,4,36
5,8,3,2,4,36
5,8,4,2,4,36
5,8,4,2,4,36
6,8,4,2,4,36
6,8,4,2,4,36
6,8,4,2,4,36
6,8,4,2,4,36
6,8,4,2,5,36
7,8,4,2,5,36
7,8,4,2,5,36
7,8,4,2,5,36
7,8,4,2,5,36
7,8,4,2,6,36
7,8,4,3,6,36
7,8,4,3,6,36
7,8,4,3,6,36
7,8,4,3,6,36
7,8,3,3,6,36
7,9,3,3,6,36
7,9,3,3,6,36
7,8,3,3,6,36
7,7,3,3,7,36
7,7,2,3,8,36
7,7,2,3,8,36
7,7,2,3,8,36
7,7,2,3,9,36
7,7,2,3,9,36
7,7,3,3,9,36
7,7,3,3,9,36
7,7,3,3,9,36
7,7,3,3,9,36
7,8,3,3,8,36
0,0,0,0,0,37
0,0,0,1,0,37
0,0,0,1,0,37
0,0,0,1,1,37
0,1,0,1,1,37
1,1,0,1,1,37
1,2,0,1,1,37
2,2,0,1,1,37
2,2,0,1,1,37
2,2,0,1,1,37
2,2,0,1,1,37
2,2,0,1,1,37
3,2,0,1,1,37
3,2,0,1,1,37
3,2,0,1,1,37
3,2,0,1,1,37
3,2,0,1,1,37
3,2,0,1,1,37
3,2,0,1,1,37
3,2,0,1,1,37
3,2,0,1,1,37
3,2,0,1,2,37
3,2,0,1,2,37
3,2,0,1,2,37
3,2,0,1,2,37
3,2,0,1,2,37
3,2,0,1,2,37
3,2,0,1,2,37
3,2,0,1,2,37
3,2,0,1,2,37
3,2,0,1,2,37
3,2,0,1,2,37
3,2,0,1,2,37
3,2,0,1,2,37
3,2,0,1,2,37
3,2,0,1,2,37
3,2,0,1,2,37
3,2,0,1,2,37
3,2,0,1,2,37
3,2,0,1,2,37
3,2,0,1,2,37
3,2,0,1,2,37
3,2,0,1,2,37
3,2,0,1,2,37
3,2,0,1,2,37
3,2,0,1,2,37
3,2,0,1,2,37
3,2,0,1,2,37
3,2,0,1,2,37
3,2,0,1,2,37
3,2,0,1,2,37
3,2,0,1,2,37
3,2,0,1,2,37
3,2,0,1,2,37
3,2,0,1,2,37
3,2,0,1,2,37
3,2,0,1,2,37
3,2,0,1,2,37
3,2,0,1,2,37
3,2,0,1,2,37
3,2,0,1,2,37
3,2,0,1,2,37
3,2,0,1,2,37
3,2,0,1,2,37
3,2,0,1,2,37
3,2,0,1,2,37
3,2,0,1,2,37
3,2,0,1,2,37
3,2,0,1,2,37
3,2,0,1,2,37
3,2,0,1,2,37
3,2,0,1,2,37
3,2,0,1,2,37
3,2,0,1,2,37
3,2,0,1,2,37
3,2,0,1,2,37
3,2,0,1,2,37
3,2,0,1,2,37
3,2,0,1,2,37
3,2,0,1,2,37
3,2,0,1,2,37
3,2,0,1,2,37
3,2,0,1,2,37
3,2,0,1,2,37
3,2,0,1,2,37
3,2,0,1,2,37
3,2,0,1,2,37
3,2,0,1,2,37
3,2,0,1,2,37
3,2,0,0,2,37
3,2,0,0,2,37
3,2,0,0,2,37
3,2,0,0,2,37
3,2,0,0,2,37
3,2,0,0,2,37
3,2,0,1,2,37
3,2,0,1,2,37
3,2,0,1,2,37
3,2,0,1,2,37
3,2,0,1,2,37
0,0,0,0,0,38
0,1,0,0,0,38
0,1,0,0,0,38
0,1,0,1,0,38
0,1,0,1,1,38
0,1,0,1,2,38
0,1,0,1,2,38
0,1,0,1,2,38
0,1,1,1,2,38
0,2,1,1,2,38
0,3,1,1,2,38
0,3,1,1,2,38
0,3,1,1,2,38
0,4,1,1,2,38
0,4,1,1,2,38
1,4,1,1,1,38
1,4,1,1,1,38
1,4,1,2,1,38
1,4,1,2,2,38
1,4,1,2,3,38
1,4,1,2,3,38
1,4,1,2,3,38
1,3,1,2,3,38
1,4,1,2,3,38
1,4,1,2,3,38
1,4,1,2,3,38
1,4,1,2,3,38
1,4,1,2,3,38
1,4,1,2,3,38
2,4,1,2,3,38
2,4,1,2,3,38
2,4,1,2,3,38
2,4,1,2,3,38
2,4,1,2,2,38
2,4,1,2,2,38
2,4,1,2,2,38
1,4,1,2,3,38
2,4,1,2,3,38
2,4,1,2,3,38
2,4,1,2,3,38
2,4,1,2,3,38
2,4,1,2,3,38
2,4,1,2,4,38
2,4,1,2,4,38
2,4,1,2,4,38
2,4,1,2,5,38
2,4,1,2,5,38
2,4,1,2,5,38
2,4,1,2,5,38
2,4,1,2,6,38
2,4,1,2,6,38
2,4,1,2,6,38
2,4,1,2,6,38
2,4,1,2,6,38
2,4,1,2,6,38
2,4,1,2,6,38
2,4,1,2,6,38
2,4,1,2,6,38
2,4,1,2,6,38
2,4,1,2,7,38
2,4,1,2,7,38
2,4,1,2,6,38
2,4,1,2,6,38
2,4,1,2,6,38
2,4,1,2,6,38
2,4,1,2,6,38
2,4,1,2,6,38
2,4,1,2,6,38
2,4,1,2,6,38
2,4,1,2,6,38
3,4,1,2,6,38
3,4,1,2,6,38
3,4,1,2,6,38
3,4,1,2,6,38
3,4,1,2,6,38
3,4,1,2,6,38
3,4,1,2,6,38
3,4,1,2,6,38
3,4,1,2,6,38
3,4,1,2,6,38
3,4,1,2,7,38
3,4,1,2,6,38
3,4,1,2,6,38
3,4,1,2,6,38
3,4,1,2,6,38
3,4,1,2,6,38
3,4,1,2,6,38
3,4,1,2,6,38
3,4,1,2,6,38
3,4,1,2,6,38
2,4,1,2,7,38
2,4,1,2,7,38
2,4,1,2,7,38
1,4,1,2,7,38
1,4,1,2,7,38
2,4,1,2,7,38
2,4,1,2,7,38
2,4,1,2,7,38
2,4,1,2,7,38
2,4,1,2,7,38
0,0,0,0,0,39
0,0,0,0,1,39
0,0,0,0,1,39
0,0,0,0,1,39
0,1,0,0,1,39
0,1,0,1,1,39
0,1,0,1,1,39
1,1,0,1,1,39
1,1,0,0,2,39
1,1,0,0,2,39
1,1,0,1,2,39
2,1,0,1,2,39
2,1,0,2,2,39
2,1,0,2,2,39
2,1,0,2,2,39
2,1,0,2,2,39
2,1,0,2,2,39
2,1,0,2,3,39
2,1,0,2,3,39
2,1,0,2,3,39
2,1,0,2,3,39
2,1,0,2,3,39
2,1,0,2,3,39
2,1,0,2,3,39
2,1,0,2,3,39
2,1,0,2,3,39
2,1,0,2,3,39
2,1,0,2,3,39
2,1,0,2,3,39
2,1,0,2,3,39
2,1,0,2,3,39
2,1,0,2,3,39
2,1,0,2,3,39
2,1,0,2,3,39
2,1,0,2,3,39
2,1,0,2,3,39
2,1,0,2,3,39
2,1,0,2,3,39
2,1,0,2,3,39
2,1,0,2,3,39
2,1,0,2,3,39
2,1,0,2,3,39
2,1,0,2,3,39
2,1,0,2,3,39
2,1,0,2,3,39
2,1,0,2,3,39
2,1,0,2,3,39
2,1,0,2,3,39
2,1,0,2,3,39
2,1,0,2,3,39
2,1,0,2,3,39
2,1,0,2,3,39
2,1,0,2,3,39
2,1,0,2,3,39
2,1,0,2,3,39
2,1,0,2,3,39
2,1,0,2,3,39
2,1,0,2,3,39
2,1,0,2,3,39
2,1,0,2,3,39
2,1,0,2,3,39
2,1,0,2,3,39
2,1,0,2,3,39
2,1,0,2,3,39
2,1,0,2,3,39
2,1,0,2,3,39
2,1,0,2,3,39
2,1,0,2,3,39
2,1,0,2,3,39
2,1,0,2,3,39
2,1,0,2,3,39
2,1,0,2,3,39
2,1,0,2,3,39
2,1,0,2,3,39
2,1,0,2,3,39
2,1,0,2,3,39
2,1,0,2,3,39
2,1,0,2,3,39
2,1,0,2,3,39
2,1,0,2,3,39
2,1,0,2,3,39
2,1,0,2,3,39
2,1,0,2,3,39
2,1,0,2,3,39
2,1,0,2,3,39
2,1,0,2,3,39
2,1,0,2,3,39
2,1,0,2,3,39
2,1,0,2,3,39
2,1,0,2,3,39
2,1,0,2,3,39
2,1,0,2,3,39
2,1,0,2,3,39
2,1,0,2,3,39
2,1,0,2,3,39
2,1,0,2,3,39
2,1,0,2,3,39
2,1,0,2,3,39
2,1,0,2,3,39
2,1,0,2,3,39
0,0,0,0,0,40
0,0,1,0,0,40
0,0,1,1,0,40
1,0,1,1,0,40
1,0,1,1,0,40
1,1,1,1,0,40
2,1,1,1,0,40
2,1,1,1,0,40
3,1,1,1,0,40
4,1,1,1,0,40
4,1,1,1,0,40
5,1,1,1,0,40
5,1,1,1,1,40
5,1,2,1,1,40
5,1,2,2,1,40
5,1,2,2,2,40
5,1,3,2,2,40
6,1,3,2,2,40
6,2,3,2,2,40
6,2,3,3,2,40
7,2,2,3,2,40
7,2,2,3,2,40
8,2,2,3,2,40
8,3,1,3,2,40
8,4,1,3,2,40
8,4,1,3,3,40
8,4,1,3,4,40
7,5,1,3,4,40
7,6,1,3,4,40
7,7,1,3,4,40
7,7,1,3,5,40
7,7,1,3,6,40
7,8,1,3,6,40
8,8,1,3,6,40
8,8,1,2,6,40
8,8,1,1,6,40
8,8,2,1,5,40
8,8,2,1,6,40
8,8,3,1,6,40
8,8,4,1,6,40
8,9,4,1,6,40
8,9,4,1,6,40
9,9,4,1,6,40
9,8,4,1,6,40
9,9,4,1,6,40
9,10,4,1,6,40
10,10,4,1,6,40
11,10,3,1,6,40
11,9,4,1,6,40
11,9,4,2,6,40
11,9,4,2,6,40
11,9,4,2,6,40
11,9,4,2,7,40
11,10,4,2,7,40
11,10,5,2,7,40
11,10,5,3,7,40
11,11,5,3,7,40
12,11,5,3,7,40
12,11,5,3,7,40
13,11,5,3,7,40
13,12,5,3,7,40
13,12,5,3,8,40
13,12,5,3,9,40
13,12,4,3,10,40
13,12,4,3,10,40
13,12,4,3,10,40
14,12,4,3,10,40
14,12,5,3,9,40
14,12,5,3,9,40
14,13,5,3,9,40
15,13,5,3,9,40
15,13,5,3,9,40
15,13,5,3,10,40
15,13,5,3,11,40
15,13,5,3,12,40
15,13,5,3,13,40
15,12,6,3,13,40
15,12,7,3,13,40
15,12,7,3,13,40
15,12,7,3,14,40
15,12,7,3,14,40
15,12,7,2,14,40
15,11,7,3,14,40
15,11,7,3,14,40
15,11,7,3,14,40
15,12,7,3,13,40
15,12,7,3,13,40
14,13,7,3,13,40
14,13,7,3,13,40
14,13,7,3,13,40
14,13,7,3,13,40
14,13,7,3,13,40
13,13,7,3,14,40
13,13,7,3,14,40
13,13,7,3,15,40
13,13,6,3,15,40
13,12,7,3,15,40
13,12,7,3,15,40
13,13,7,3,15,40
13,12,8,3,15,40
0,0,0,0,0,41
0,0,0,0,1,41
1,0,0,0,1,41
1,0,0,1,1,41
1,1,0,1,1,41
1,1,0,1,1,41
1,1,0,1,1,41
0,1,1,1,1,41
0,1,1,1,1,41
0,1,1,1,1,41
0,1,1,1,1,41
1,1,1,1,1,41
2,1,1,1,1,41
2,1,1,1,1,41
2,1,1,1,1,41
2,1,1,1,1,41
2,1,1,1,1,41
2,1,1,1,1,41
2,1,1,1,1,41
2,1,1,1,2,41
2,1,1,1,2,41
2,2,1,1,1,41
2,2,1,1,2,41
2,2,1,1,2,41
2,2,1,1,3,41
3,2,1,1,3,41
3,2,1,1,3,41
3,2,1,1,4,41
3,2,1,1,4,41
3,2,1,1,4,41
3,2,1,1,4,41
3,2,1,1,4,41
3,2,1,1,4,41
3,2,1,1,4,41
3,2,1,1,4,41
3,2,1,1,4,41
3,2,1,1,4,41
3,2,1,1,4,41
3,2,1,1,4,41
3,2,1,1,4,41
3,2,1,1,4,41
3,2,1,1,4,41
3,2,1,1,4,41
3,2,1,1,4,41
3,2,1,1,4,41
3,2,1,1,4,41
3,2,1,1,4,41
3,2,1,1,4,41
3,2,1,1,4,41
3,2,1,1,4,41
3,2,1,1,4,41
3,2,1,1,4,41
3,2,1,1,4,41
3,2,1,1,4,41
3,2,1,1,4,41
3,2,1,1,4,41
3,2,1,1,4,41
3,2,1,1,4,41
3,2,1,1,4,41
3,2,1,0,4,41
3,2,1,0,4,41
3,2,1,0,4,41
3,3,1,0,4,41
3,3,1,0,4,41
3,3,1,0,4,41
3,3,1,0,5,41
3,3,1,0,5,41
3,4,1,0,5,41
3,4,1,0,5,41
3,4,1,0,5,41
3,4,1,1,5,41
3,4,1,0,5,41
3,5,1,0,5,41
3,5,1,0,5,41
3,5,1,0,6,41
3,5,1,1,6,41
3,5,1,1,6,41
3,5,1,1,6,41
3,5,1,1,6,41
4,5,1,1,6,41
4,5,1,1,6,41
4,5,1,1,6,41
4,5,1,1,6,41
4,5,1,2,6,41
4,5,1,2,6,41
4,5,1,2,6,41
4,4,1,2,6,41
5,4,1,2,6,41
5,4,1,2,6,41
5,4,1,2,6,41
5,4,1,2,6,41
5,4,1,2,6,41
5,4,1,2,6,41
5,5,1,2,6,41
5,5,1,2,6,41
5,5,1,3,6,41
5,5,1,3,6,41
5,5,1,3,6,41
5,5,1,3,6,41
5,5,1,3,6,41
0,0,0,0,0,42
0,0,0,1,0,42
0,0,0,1,1,42
0,0,0,1,1,42
0,0,1,1,1,42
0,0,1,1,1,42
0,1,1,1,1,42
0,2,1,1,1,42
0,2,1,1,1,42
0,2,1,1,1,42
0,2,1,1,1,42
0,2,1,1,1,42
0,2,1,1,1,42
0,2,1,1,1,42
0,3,1,1,1,42
0,3,1,1,1,42
0,3,1,1,1,42
0,3,1,1,1,42
0,3,1,1,1,42
0,3,1,1,1,42
0,3,1,1,1,42
0,3,1,1,1,42
0,3,1,1,1,42
0,3,1,1,1,42
0,3,1,1,1,42
0,3,1,1,1,42
0,3,1,1,1,42
0,3,1,1,1,42
0,3,1,1,1,42
0,3,1,1,1,42
0,3,1,1,1,42
0,3,1,1,1,42
0,3,1,1,1,42
0,3,1,1,1,42
0,3,1,1,1,42
0,3,1,1,1,42
0,3,1,1,1,42
0,3,1,1,1,42
0,3,1,1,1,42
0,3,1,1,1,42
0,3,1,1,1,42
0,3,1,1,1,42
0,3,1,1,1,42
0,3,1,1,1,42
0,3,1,1,1,42
0,3,1,1,1,42
0,3,1,1,1,42
0,3,1,1,1,42
0,3,1,1,1,42
0,3,1,1,1,42
0,3,1,1,1,42
0,3,1,1,1,42
0,3,1,1,1,42
0,3,1,1,1,42
0,3,1,1,1,42
0,3,1,1,1,42
0,3,1,1,1,42
0,3,1,1,1,42
0,3,1,1,1,42
0,3,1,1,1,42
0,3,1,1,1,42
0,3,1,1,1,42
0,3,1,1,1,42
0,3,1,1,1,42
0,3,1,1,1,42
0,3,1,1,1,42
0,3,1,1,1,42
0,3,1,1,1,42
0,3,1,1,1,42
0,3,1,1,1,42
0,3,1,1,1,42
0,3,1,1,1,42
0,3,1,1,1,42
0,3,1,1,1,42
0,3,1,1,1,42
0,3,1,1,1,42
0,3,1,1,1,42
0,3,1,1,1,42
0,3,1,1,1,42
0,3,1,1,1,42
0,3,1,1,1,42
0,3,1,1,1,42
0,3,1,1,1,42
0,3,1,1,1,42
0,3,1,1,1,42
0,3,1,1,1,42
0,3,1,1,1,42
0,3,1,1,1,42
0,3,1,1,1,42
0,3,1,1,1,42
0,3,1,1,1,42
0,3,1,1,1,42
0,3,1,1,1,42
0,3,1,1,1,42
0,3,1,1,1,42
0,3,1,1,1,42
0,3,1,1,1,42
0,3,1,1,1,42
0,3,1,1,1,42
0,3,1,1,1,42
0,0,0,0,0,43
0,0,0,0,1,43
0,1,0,0,1,43
0,1,0,0,1,43
0,1,0,0,1,43
0,1,0,0,2,43
0,1,1,0,2,43
0,1,1,0,2,43
0,1,1,0,3,43
0,2,1,0,3,43
0,2,1,0,3,43
0,2,1,0,3,43
0,2,1,0,3,43
0,2,1,0,3,43
0,2,1,0,3,43
0,2,1,0,3,43
0,2,1,0,3,43
0,2,1,0,3,43
0,2,1,0,3,43
1,2,1,0,3,43
1,2,1,0,3,43
1,2,1,0,3,43
1,2,1,0,3,43
1,2,1,0,3,43
1,2,1,0,3,43
1,2,1,0,3,43
1,2,1,0,3,43
1,2,1,0,3,43
1,2,1,0,3,43
1,2,1,0,3,43
1,2,1,0,3,43
1,2,1,0,3,43
1,2,1,0,3,43
1,2,1,0,3,43
1,2,1,0,3,43
1,2,1,0,3,43
1,2,1,0,3,43
1,2,1,0,3,43
1,2,1,0,3,43
1,2,1,0,3,43
1,2,1,0,3,43
1,2,1,0,3,43
1,2,1,0,3,43
1,2,1,0,3,43
1,2,1,0,3,43
1,2,1,0,3,43
1,2,1,0,3,43
1,2,1,0,3,43
1,2,1,0,3,43
1,2,1,0,3,43
1,2,1,0,3,43
1,2,1,0,3,43
1,2,1,0,3,43
1,2,1,0,3,43
1,2,1,0,3,43
1,2,1,0,3,43
1,2,1,0,3,43
1,2,1,0,3,43
1,2,1,0,3,43
1,2,1,0,3,43
1,2,1,0,3,43
1,2,1,0,3,43
1,2,1,0,3,43
1,2,1,0,3,43
1,2,1,0,3,43
1,2,1,0,3,43
1,2,1,0,3,43
1,2,1,0,3,43
1,2,1,0,3,43
1,2,1,0,3,43
1,2,1,0,3,43
1,2,1,0,3,43
1,2,1,0,3,43
1,2,1,0,3,43
1,2,1,0,3,43
1,2,1,0,3,43
1,2,1,0,3,43
1,2,1,0,3,43
1,2,1,0,3,43
1,2,1,0,3,43
1,2,1,0,3,43
1,2,1,0,3,43
1,2,1,0,3,43
1,2,1,0,3,43
1,2,1,0,3,43
1,2,1,0,3,43
1,2,1,0,3,43
1,2,1,0,3,43
1,2,1,0,3,43
1,2,1,0,3,43
1,2,1,0,3,43
1,2,1,0,3,43
1,2,1,0,3,43
1,2,1,0,3,43
1,2,1,0,3,43
1,2,1,0,3,43
1,2,1,0,3,43
1,2,1,0,3,43
1,2,1,0,3,43
1,2,1,0,3,43
0,0,0,0,0,44
0,0,0,0,0,44
0,0,0,0,0,44
1,0,0,0,0,44
1,0,0,0,0,44
1,0,0,1,0,44
1,0,0,1,0,44
1,0,0,1,1,44
1,0,0,1,1,44
1,1,0,1,1,44
1,1,0,1,1,44
1,1,0,1,1,44
1,1,1,1,1,44
1,1,1,1,1,44
1,2,1,1,1,44
1,2,1,1,2,44
1,2,1,1,2,44
1,2,1,1,2,44
1,2,1,1,2,44
1,2,1,1,2,44
1,3,1,1,2,44
2,3,1,1,2,44
2,3,1,1,2,44
2,4,1,1,2,44
2,3,1,1,3,44
2,4,1,1,3,44
2,4,1,1,3,44
2,4,1,1,4,44
2,4,1,1,4,44
2,4,1,1,4,44
3,4,1,1,4,44
3,4,1,1,4,44
3,4,1,2,4,44
3,4,1,2,4,44
3,4,1,2,4,44
3,4,1,2,4,44
3,5,1,2,4,44
3,5,1,2,4,44
3,5,1,2,4,44
3,5,1,2,4,44
3,5,1,2,4,44
3,5,1,2,4,44
4,5,1,2,4,44
4,5,1,2,3,44
4,5,1,2,3,44
4,5,1,2,3,44
4,5,2,2,3,44
4,5,2,2,3,44
4,4,2,2,4,44
5,4,2,2,4,44
5,4,2,2,4,44
5,4,1,2,4,44
5,4,2,2,3,44
5,5,2,2,3,44
6,5,2,2,3,44
6,5,2,2,3,44
6,5,2,3,3,44
6,5,3,3,3,44
6,5,3,3,3,44
6,5,3,3,4,44
7,5,3,2,4,44
7,5,3,2,4,44
6,5,3,2,5,44
5,5,4,2,5,44
5,5,4,2,5,44
5,5,4,2,5,44
5,5,4,2,6,44
5,5,4,2,7,44
5,4,5,2,7,44
5,4,5,2,7,44
5,5,5,2,7,44
5,5,5,2,7,44
5,5,5,2,7,44
5,5,5,2,7,44
5,5,5,2,7,44
5,5,5,2,7,44
5,5,5,3,7,44
5,5,5,3,7,44
5,5,5,3,7,44
5,5,6,3,7,44
5,5,6,3,7,44
5,5,6,3,7,44
5,5,7,3,7,44
5,5,7,3,7,44
5,5,7,3,8,44
5,5,7,3,8,44
5,5,7,3,8,44
5,6,7,3,8,44
5,6,7,3,8,44
4,6,7,3,8,44
4,6,6,3,9,44
4,6,6,3,9,44
4,6,6,3,9,44
4,6,6,3,9,44
4,7,6,3,9,44
4,7,6,3,9,44
4,7,6,3,9,44
4,7,6,3,9,44
4,7,6,3,9,44
5,7,6,3,9,44
0,0,0,0,0,45
1,0,0,0,0,45
1,0,1,0,0,45
2,0,1,0,0,45
3,0,1,0,0,45
3,0,1,0,0,45
3,0,1,0,0,45
3,0,1,0,1,45
3,1,1,0,1,45
2,1,1,1,1,45
2,1,1,1,1,45
2,1,1,1,1,45
2,1,1,1,1,45
2,1,1,1,1,45
2,1,1,1,2,45
2,1,1,1,2,45
2,1,1,1,2,45
2,1,1,1,2,45
2,1,1,1,2,45
3,1,1,1,2,45
3,1,1,1,2,45
3,1,1,1,2,45
3,1,1,1,3,45
3,1,1,1,3,45
3,1,1,1,3,45
3,1,1,1,3,45
3,2,1,1,3,45
3,2,1,1,3,45
3,2,1,1,3,45
3,2,1,1,3,45
3,2,1,1,3,45
3,2,1,1,3,45
3,2,1,1,3,45
3,2,1,1,4,45
3,2,1,1,4,45
3,2,1,1,4,45
3,2,1,1,4,45
3,2,1,1,4,45
3,3,1,1,4,45
3,3,2,1,4,45
3,3,2,1,4,45
3,3,2,1,4,45
3,3,2,1,4,45
3,3,2,1,4,45
3,2,2,1,5,45
3,2,2,1,5,45
3,2,2,1,5,45
3,2,2,1,5,45
3,3,2,1,4,45
2,3,2,1,5,45
2,3,2,1,5,45
2,3,2,1,5,45
2,4,2,1,5,45
2,4,2,1,5,45
3,4,2,1,5,45
3,4,2,1,5,45
3,4,2,1,5,45
3,4,2,1,5,45
3,4,2,1,5,45
3,4,3,1,4,45
3,5,3,1,4,45
3,5,3,1,4,45
3,5,3,1,4,45
3,5,3,1,4,45
4,5,3,1,4,45
4,5,3,1,4,45
4,5,3,1,4,45
4,5,3,1,4,45
4,5,3,1,5,45
4,5,3,1,5,45
4,5,3,1,6,45
4,5,3,1,6,45
4,5,3,1,6,45
4,5,3,1,6,45
4,5,3,1,6,45
4,5,3,1,6,45
4,4,3,1,6,45
4,4,3,1,6,45
4,4,3,2,6,45
4,4,3,2,6,45
4,4,3,2,6,45
4,4,3,2,7,45
4,4,3,2,7,45
5,4,3,2,7,45
5,4,3,2,8,45
5,4,3,2,8,45
5,4,3,2,9,45
5,4,3,2,9,45
5,4,4,2,9,45
5,4,4,2,9,45
5,5,4,2,9,45
5,5,4,2,9,45
5,5,4,2,9,45
5,5,5,2,9,45
5,5,5,2,9,45
4,5,6,2,9,45
4,5,6,2,9,45
4,5,6,2,9,45
4,5,6,2,9,45
4,6,6,2,9,45
0,0,0,0,0,46
0,0,1,0,0,46
0,0,1,0,0,46
0,0,1,0,0,46
0,0,1,0,0,46
0,0,1,0,0,46
0,0,1,0,0,46
1,0,1,0,0,46
1,0,1,0,0,46
1,0,1,0,1,46
1,0,1,1,1,46
1,0,1,1,1,46
1,0,1,1,1,46
1,0,1,1,2,46
1,0,1,1,2,46
0,0,0,0,0,47
0,0,0,0,0,47
0,0,0,0,0,47
0,0,0,0,0,47
0,0,0,0,1,47
0,0,0,0,1,47
0,0,1,0,1,47
0,0,1,0,1,47
0,0,1,0,1,47
0,0,1,0,2,47
0,0,1,0,2,47
1,0,1,0,2,47
1,0,1,0,2,47
1,0,1,0,2,47
1,0,1,0,2,47
1,1,1,0,2,47
1,1,1,0,2,47
1,1,1,0,2,47
1,1,1,0,2,47
1,1,1,0,2,47
1,1,1,0,2,47
1,1,1,0,2,47
1,1,1,0,2,47
1,1,1,0,2,47
1,1,1,0,2,47
1,1,1,0,2,47
1,1,1,0,2,47
1,1,1,0,2,47
1,1,1,0,2,47
1,1,1,0,2,47
1,1,1,0,2,47
1,1,1,0,2,47
1,1,1,0,2,47
1,1,1,0,2,47
1,1,1,0,2,47
1,1,1,0,2,47
1,1,1,0,2,47
1,1,1,0,2,47
1,1,1,0,2,47
1,1,1,0,2,47
1,1,1,0,2,47
1,1,1,0,2,47
1,1,1,0,2,47
1,1,1,0,2,47
1,1,1,0,2,47
1,1,1,0,2,47
1,1,1,0,2,47
1,1,1,0,2,47
1,1,1,0,2,47
1,1,1,0,2,47
1,1,1,0,2,47
1,1,1,0,2,47
1,1,1,0,2,47
1,1,1,0,2,47
1,1,1,0,2,47
1,1,1,0,2,47
1,1,1,0,2,47
1,1,1,0,2,47
1,1,1,0,2,47
1,1,0,0,2,47
1,1,0,0,2,47
1,1,0,0,2,47
1,1,0,0,2,47
1,1,0,0,2,47
1,1,0,0,2,47
1,1,0,0,2,47
1,1,0,0,2,47
1,1,0,0,2,47
1,1,0,0,2,47
1,1,0,0,2,47
1,1,0,0,2,47
1,1,0,0,2,47
1,1,0,0,2,47
1,1,0,0,2,47
1,1,0,0,2,47
1,1,0,0,2,47
1,1,0,0,2,47
1,1,0,0,2,47
1,1,0,0,2,47
1,1,0,0,2,47
1,1,0,0,2,47
1,1,0,0,2,47
1,1,0,0,2,47
1,1,0,0,2,47
1,1,0,0,2,47
1,1,0,0,2,47
1,1,0,0,2,47
1,1,0,0,2,47
1,1,0,0,2,47
1,1,0,0,2,47
1,1,0,0,2,47
1,1,0,0,2,47
1,1,0,0,2,47
1,1,0,0,2,47
1,1,0,0,2,47
1,1,0,0,2,47
1,1,0,0,2,47
1,1,0,0,2,47
1,1,0,0,2,47
1,1,0,0,2,47
0,0,0,0,0,48
0,0,1,0,0,48
1,0,1,0,0,48
1,1,1,0,0,48
1,1,1,0,1,48
1,1,1,0,2,48
1,1,1,0,3,48
1,1,1,0,3,48
1,1,1,0,3,48
1,1,1,0,3,48
1,1,1,0,3,48
1,1,1,0,3,48
1,1,1,0,3,48
1,1,1,0,3,48
1,1,1,0,3,48
1,2,1,0,3,48
1,2,1,0,3,48
1,2,1,0,3,48
1,2,1,0,3,48
1,2,1,0,3,48
1,2,1,0,3,48
1,2,1,0,3,48
1,2,1,0,3,48
1,2,1,0,3,48
1,2,1,0,3,48
1,2,1,0,3,48
1,2,1,0,3,48
1,2,1,0,3,48
1,2,1,0,3,48
1,2,1,0,3,48
1,2,1,0,3,48
1,2,1,0,3,48
1,2,1,0,3,48
1,2,1,0,3,48
1,2,1,0,3,48
1,2,1,0,3,48
1,2,1,0,3,48
1,2,1,0,3,48
1,2,1,0,3,48
1,2,1,0,3,48
1,2,1,0,3,48
1,2,1,0,3,48
1,2,1,0,3,48
1,2,1,0,3,48
1,2,1,0,3,48
1,2,1,0,3,48
1,2,1,0,3,48
1,2,1,0,3,48
1,2,1,0,3,48
1,2,1,0,3,48
1,2,1,0,3,48
1,2,1,0,3,48
1,2,1,0,3,48
1,2,1,0,3,48
1,2,1,0,3,48
1,2,1,0,3,48
1,2,1,0,3,48
1,2,1,0,3,48
1,2,1,0,3,48
1,2,1,0,3,48
1,2,1,0,3,48
1,2,1,0,3,48
1,2,1,0,3,48
1,2,1,0,3,48
1,2,1,0,3,48
1,2,1,0,3,48
1,2,1,0,3,48
1,2,1,0,3,48
1,2,1,0,3,48
1,2,1,0,3,48
1,2,1,0,3,48
1,2,1,0,3,48
1,2,1,0,3,48
1,2,1,0,3,48
1,2,1,0,3,48
1,2,1,0,3,48
1,2,1,0,3,48
1,2,1,0,3,48
1,2,1,0,3,48
1,2,1,0,3,48
1,2,1,0,3,48
1,2,1,0,3,48
1,2,1,0,3,48
1,2,1,0,3,48
1,2,1,0,3,48
1,2,1,0,3,48
1,2,1,0,3,48
1,2,1,0,3,48
1,2,1,0,3,48
1,2,1,0,3,48
1,2,1,0,3,48
1,2,1,0,3,48
1,2,1,0,3,48
1,2,1,0,3,48
1,2,1,0,3,48
1,2,1,0,3,48
1,2,1,0,3,48
1,2,1,0,3,48
1,2,1,0,3,48
1,2,1,0,3,48
0,0,0,0,0,49
0,0,0,0,0,49
1,0,0,0,0,49
1,0,0,0,0,49
2,0,0,0,0,49
2,0,0,0,1,49
2,0,0,0,1,49
2,0,0,1,1,49
2,0,1,1,1,49
2,0,1,1,1,49
3,0,1,1,1,49
3,0,1,1,2,49
3,0,1,1,3,49
3,0,1,1,3,49
3,0,1,1,3,49
3,0,1,1,3,49
3,0,1,1,3,49
0,0,0,0,0,50
0,0,0,0,1,50
0,1,0,0,1,50
1,1,0,0,1,50
1,1,0,1,1,50
1,2,0,1,1,50
1,3,0,1,1,50
1,3,0,1,1,50
1,3,0,1,1,50
1,3,0,1,1,50
1,3,0,1,1,50
2,3,0,1,1,50
2,3,0,1,1,50
2,3,0,1,2,50
2,3,0,1,3,50
2,3,0,1,3,50
2,3,0,1,3,50
2,3,0,1,3,50
2,3,0,1,3,50
2,3,0,1,3,50
2,3,0,1,3,50
2,3,0,1,3,50
2,3,0,1,3,50
2,3,0,1,3,50
2,3,0,1,3,50
1,3,0,1,3,50
1,3,0,1,3,50
1,3,0,1,3,50
1,3,0,1,3,50
1,3,0,1,3,50
1,3,0,1,3,50
1,3,0,1,3,50
1,3,0,1,3,50
1,3,0,1,3,50
1,3,0,1,3,50
1,3,0,1,3,50
1,3,0,1,3,50
1,3,0,1,3,50
1,3,0,1,3,50
1,3,0,1,3,50
1,3,0,1,3,50
1,3,0,1,3,50
1,3,0,1,3,50
1,3,0,1,3,50
1,3,0,1,3,50
1,3,0,1,3,50
1,3,0,1,3,50
1,3,0,1,3,50
1,3,0,1,3,50
1,3,0,1,3,50
1,3,0,1,3,50
1,3,0,1,3,50
1,3,0,1,3,50
1,3,0,1,3,50
1,3,0,1,3,50
1,3,0,1,3,50
1,3,0,1,3,50
1,3,0,1,3,50
1,3,0,1,3,50
1,3,0,1,3,50
1,3,0,1,3,50
1,3,0,1,3,50
1,3,0,1,3,50
1,3,0,1,3,50
1,3,0,1,3,50
1,3,0,1,3,50
1,3,0,1,3,50
1,3,0,1,3,50
1,3,0,1,3,50
1,3,0,1,3,50
1,3,0,1,3,50
1,3,0,1,3,50
1,3,0,1,3,50
1,3,0,1,3,50
1,3,0,1,3,50
1,3,0,1,3,50
1,3,0,1,3,50
1,3,0,1,3,50
1,3,0,1,3,50
1,3,0,1,3,50
1,3,0,1,3,50
1,3,0,1,3,50
1,3,0,1,3,50
1,3,0,1,3,50
1,3,0,1,3,50
1,3,0,1,3,50
1,3,0,1,3,50
1,3,0,1,3,50
1,3,0,1,3,50
1,3,0,1,3,50
1,3,0,1,3,50
1,3,0,1,3,50
1,3,0,1,3,50
1,3,0,1,3,50
1,3,0,1,3,50
1,3,0,1,3,50
1,3,0,1,3,50
1,3,0,1,3,50
1,3,0,1,3,50
1,3,0,1,3,50
0,0,0,0,0,51
0,1,0,0,0,51
0,1,0,1,0,51
0,1,1,1,0,51
0,2,1,1,0,51
0,2,1,1,0,51
0,2,1,1,0,51
1,2,1,1,0,51
1,3,1,1,0,51
1,3,1,1,0,51
2,3,1,1,0,51
2,3,1,1,0,51
2,3,1,1,0,51
2,3,1,1,1,51
2,3,1,1,1,51
3,3,1,1,1,51
3,2,1,1,2,51
3,2,1,1,2,51
3,2,1,1,2,51
3,2,1,1,2,51
3,3,1,1,2,51
3,3,1,1,1,51
3,3,1,1,1,51
3,3,1,1,2,51
3,3,1,2,2,51
4,3,1,2,2,51
4,3,1,2,2,51
4,3,1,3,2,51
4,3,1,3,2,51
4,4,1,3,2,51
4,4,1,3,2,51
5,4,1,3,2,51
6,4,1,3,2,51
6,4,1,3,3,51
6,5,1,3,3,51
7,5,1,3,3,51
7,5,1,3,3,51
8,5,1,3,3,51
8,5,1,3,3,51
8,5,1,3,4,51
8,5,1,3,4,51
8,6,1,3,4,51
8,6,2,3,4,51
8,6,2,3,4,51
7,6,2,3,5,51
7,7,2,3,4,51
7,7,2,3,5,51
7,8,2,2,5,51
7,8,2,2,6,51
7,8,2,2,6,51
7,8,2,3,6,51
7,8,2,3,6,51
6,9,2,3,6,51
6,9,2,3,6,51
7,9,2,3,6,51
7,9,2,4,6,51
7,10,2,4,6,51
7,9,2,5,6,51
7,9,2,5,7,51
7,9,2,5,7,51
7,9,2,6,7,51
7,9,2,6,8,51
7,10,2,6,8,51
7,10,2,6,8,51
8,10,2,6,8,51
9,10,2,6,8,51
9,10,2,6,8,51
10,10,2,6,8,51
10,10,2,6,8,51
10,10,2,6,8,51
10,10,2,6,9,51
10,10,2,7,8,51
10,10,2,7,8,51
10,10,2,7,8,51
10,10,2,7,8,51
11,10,2,7,8,51
11,10,2,7,8,51
11,10,2,7,8,51
11,10,2,7,8,51
11,10,2,7,8,51
11,10,2,7,8,51
11,11,2,7,8,51
11,11,2,7,9,51
11,11,2,6,9,51
11,11,2,6,9,51
11,12,2,5,9,51
11,12,2,5,9,51
11,12,2,5,9,51
11,12,2,6,9,51
11,12,2,6,9,51
11,12,2,6,9,51
11,12,2,6,9,51
11,12,2,6,9,51
11,12,2,6,9,51
11,12,2,6,9,51
11,13,2,6,9,51
11,13,2,6,9,51
11,13,2,6,9,51
11,13,2,6,9,51
11,13,2,6,10,51
0,0,0,0,0,52
0,0,0,0,1,52
0,0,0,0,2,52
0,0,1,0,1,52
0,0,1,0,1,52
0,0,1,0,2,52
0,0,1,0,3,52
0,0,1,0,3,52
0,0,1,0,3,52
0,0,1,1,3,52
0,0,1,1,3,52
0,0,1,1,3,52
0,0,1,1,3,52
0,0,1,1,3,52
0,0,1,1,3,52
1,0,1,1,3,52
1,0,1,1,3,52
1,0,1,1,3,52
1,0,1,1,3,52
1,0,1,1,3,52
0,0,0,0,0,53
1,0,0,0,0,53
1,0,0,1,0,53
1,1,0,1,0,53
1,1,0,1,0,53
1,2,0,1,0,53
1,2,1,1,0,53
1,2,1,1,1,53
1,2,1,1,1,53
1,2,1,1,2,53
1,2,1,1,2,53
1,2,1,1,2,53
1,2,1,1,2,53
1,2,1,1,2,53
1,2,1,1,2,53
1,2,1,1,2,53
1,2,1,1,2,53
1,2,1,1,2,53
1,2,1,1,2,53
1,2,1,1,2,53
1,2,1,1,2,53
1,2,1,1,2,53
1,2,1,1,2,53
1,2,1,1,2,53
1,2,1,1,2,53
1,2,1,1,2,53
1,2,1,1,2,53
1,2,1,1,2,53
1,2,1,1,2,53
1,2,1,1,2,53
1,2,1,1,2,53
1,2,1,1,2,53
1,2,1,1,2,53
1,2,1,1,2,53
1,2,1,1,2,53
1,2,1,1,2,53
1,2,1,1,2,53
1,2,1,1,2,53
1,2,1,1,2,53
1,2,1,1,2,53
1,2,1,1,2,53
1,2,1,1,2,53
1,2,1,1,2,53
1,2,1,1,2,53
1,2,1,1,2,53
1,2,1,1,2,53
1,2,1,1,2,53
1,2,1,1,2,53
1,2,1,1,2,53
1,2,1,1,2,53
1,2,1,1,2,53
1,2,1,1,2,53
1,2,1,1,2,53
1,2,1,1,2,53
1,2,1,1,2,53
1,2,1,1,1,53
1,2,1,1,2,53
1,2,1,1,2,53
1,2,1,1,2,53
1,2,1,1,2,53
1,2,1,1,2,53
1,2,1,1,2,53
1,2,1,1,2,53
1,2,1,1,2,53
1,2,1,1,2,53
1,2,1,1,2,53
1,2,1,1,2,53
1,2,1,1,2,53
1,2,1,1,2,53
1,2,1,1,2,53
1,2,1,1,2,53
1,2,1,1,2,53
1,2,1,1,2,53
1,2,1,1,2,53
1,2,1,1,2,53
1,2,1,1,2,53
1,2,1,1,2,53
1,2,1,1,2,53
1,2,1,1,2,53
1,2,1,1,2,53
1,2,1,1,2,53
1,2,1,1,2,53
1,2,1,1,2,53
1,2,1,1,2,53
1,2,1,1,2,53
1,2,1,1,2,53
1,2,1,1,2,53
1,2,1,1,2,53
1,2,1,1,2,53
1,2,1,1,2,53
1,2,1,1,2,53
1,2,1,1,2,53
1,2,1,1,2,53
1,2,1,1,2,53
1,2,1,1,2,53
1,2,1,1,2,53
1,2,1,1,2,53
1,2,1,1,2,53
1,2,1,1,2,53
1,2,1,1,2,53
0,0,0,0,0,54
0,0,0,1,0,54
1,0,0,1,0,54
1,1,0,1,0,54
1,1,1,1,0,54
2,1,1,1,0,54
2,2,1,1,0,54
2,2,1,1,0,54
2,2,1,1,0,54
3,2,1,1,0,54
3,2,1,1,0,54
3,3,1,1,0,54
3,3,1,1,0,54
3,3,1,1,0,54
3,3,1,1,1,54
3,3,1,1,1,54
3,3,1,2,1,54
3,3,1,2,1,54
4,3,1,2,1,54
4,3,1,2,1,54
4,3,1,3,1,54
4,3,1,3,1,54
4,2,1,3,1,54
4,2,1,3,1,54
5,2,1,3,1,54
5,2,1,3,1,54
5,2,1,3,2,54
5,2,1,3,2,54
5,2,1,3,2,54
5,2,1,3,3,54
5,2,1,3,2,54
5,2,1,3,2,54
5,2,1,3,3,54
5,2,1,3,4,54
5,2,1,3,4,54
5,2,1,3,4,54
5,3,1,3,4,54
6,3,1,3,4,54
6,3,1,3,4,54
6,3,1,3,4,54
5,3,1,3,4,54
5,3,1,3,5,54
5,3,1,4,5,54
5,3,1,4,5,54
5,3,1,4,5,54
5,3,1,4,5,54
5,3,1,5,4,54
5,3,1,5,4,54
5,3,1,5,4,54
5,3,1,5,4,54
5,3,1,6,4,54
5,3,1,6,4,54
5,3,1,6,4,54
5,4,1,6,4,54
5,4,1,6,4,54
5,4,1,6,4,54
6,4,1,6,4,54
6,4,1,6,4,54
6,4,1,6,5,54
6,4,1,6,5,54
5,4,1,6,6,54
5,4,1,6,6,54
5,5,1,6,6,54
6,5,1,6,6,54
6,5,1,6,6,54
6,5,1,6,7,54
6,5,1,6,7,54
6,5,1,6,7,54
6,5,1,7,7,54
6,5,1,7,7,54
6,5,1,7,7,54
6,5,1,7,7,54
6,6,1,7,7,54
6,6,1,7,7,54
6,6,1,7,7,54
6,6,1,7,7,54
6,6,1,7,8,54
7,6,1,7,8,54
7,6,1,7,8,54
7,6,1,7,8,54
7,5,1,7,9,54
7,5,1,7,9,54
7,5,1,7,9,54
7,5,1,7,9,54
7,5,1,8,9,54
7,5,1,8,9,54
7,5,1,7,9,54
7,5,1,7,10,54
7,5,1,7,10,54
7,5,1,7,10,54
7,5,1,7,10,54
7,5,2,6,10,54
7,5,2,6,10,54
7,5,2,7,10,54
7,5,2,7,11,54
7,5,2,7,11,54
7,5,2,6,11,54
7,5,2,7,11,54
7,6,2,7,11,54
8,6,2,7,11,54
0,0,0,0,0,55
0,0,0,0,1,55
0,1,0,0,1,55
1,1,0,0,1,55
1,1,0,0,2,55
1,1,0,0,3,55
1,1,1,0,3,55
1,1,1,0,3,55
1,1,1,1,3,55
1,1,1,1,3,55
1,1,1,1,3,55
1,1,1,1,3,55
1,1,1,1,3,55
1,1,1,1,3,55
1,1,1,1,3,55
1,1,1,1,3,55
1,1,1,1,3,55
1,1,1,1,3,55
1,1,1,1,3,55
1,1,1,1,3,55
1,1,1,1,3,55
1,1,1,1,3,55
1,1,1,1,3,55
1,1,1,1,3,55
1,1,1,1,3,55
1,1,1,1,3,55
1,1,1,1,3,55
1,1,1,1,3,55
1,1,1,1,3,55
1,1,1,1,3,55
1,1,1,1,3,55
1,1,1,1,3,55
1,1,1,1,3,55
1,1,1,1,3,55
1,1,1,1,3,55
1,1,1,1,3,55
1,1,1,1,3,55
1,1,1,1,3,55
1,1,1,1,3,55
1,1,1,1,3,55
1,1,1,1,3,55
1,1,1,1,3,55
1,1,1,1,3,55
1,1,1,1,3,55
1,1,1,1,3,55
1,1,1,1,3,55
1,1,1,1,3,55
1,1,1,1,3,55
1,1,1,1,3,55
1,1,1,1,3,55
1,1,1,1,3,55
1,1,1,1,3,55
1,1,1,1,3,55
1,1,1,1,3,55
1,1,1,1,3,55
1,1,1,1,3,55
1,1,1,1,3,55
1,1,1,1,3,55
1,1,1,1,3,55
1,1,1,1,3,55
1,1,1,1,3,55
1,1,1,1,3,55
1,1,1,1,3,55
1,1,1,1,3,55
1,1,1,1,3,55
1,1,1,1,3,55
1,1,1,1,3,55
1,1,1,1,3,55
1,1,1,1,3,55
1,1,1,1,3,55
1,1,1,1,3,55
1,1,1,1,3,55
1,1,1,1,3,55
1,1,1,1,3,55
1,1,1,1,3,55
1,1,1,1,3,55
1,1,1,1,3,55
1,1,1,1,3,55
1,1,1,1,3,55
1,1,1,1,3,55
1,1,1,1,3,55
1,1,1,1,3,55
1,1,1,1,3,55
1,1,1,1,3,55
1,1,1,1,3,55
1,1,1,1,3,55
1,1,1,1,3,55
1,1,1,1,3,55
1,1,1,1,3,55
1,1,1,1,3,55
1,1,1,1,3,55
1,1,1,1,3,55
1,1,1,1,3,55
1,1,1,0,3,55
1,1,1,0,3,55
1,1,1,0,3,55
1,1,1,0,3,55
1,1,1,0,3,55
1,1,1,0,3,55
1,1,1,0,3,55
0,0,0,0,0,56
0,0,0,0,1,56
1,0,0,0,1,56
1,0,0,0,2,56
1,0,0,0,2,56
1,1,0,0,2,56
1,1,0,0,2,56
1,1,0,0,3,56
1,1,0,0,3,56
1,1,0,0,3,56
1,1,1,0,3,56
1,1,1,0,3,56
1,1,1,0,3,56
1,1,1,1,3,56
1,2,1,1,3,56
1,2,1,2,3,56
1,2,1,2,3,56
1,2,1,2,3,56
1,2,1,2,3,56
1,2,1,3,3,56
1,2,1,3,3,56
1,2,1,3,3,56
1,2,1,3,3,56
1,3,1,3,3,56
1,3,1,3,3,56
1,4,1,3,3,56
1,4,1,3,3,56
1,4,1,3,3,56
1,4,1,3,3,56
1,5,1,3,3,56
2,5,1,3,3,56
2,5,1,3,3,56
2,5,1,3,3,56
2,5,1,3,4,56
2,5,1,3,4,56
2,5,1,3,4,56
2,5,1,3,4,56
2,5,1,3,4,56
2,6,1,2,4,56
2,6,1,2,4,56
2,6,1,2,4,56
2,6,1,2,4,56
2,6,1,2,4,56
2,6,1,3,4,56
2,6,1,3,4,56
2,6,1,3,5,56
2,6,1,3,5,56
2,6,1,3,5,56
2,6,1,3,5,56
2,6,1,3,6,56
2,6,1,3,6,56
3,6,1,3,6,56
3,6,1,3,5,56
3,6,1,3,5,56
3,6,1,3,5,56
3,6,1,3,5,56
3,7,1,3,5,56
3,7,1,3,5,56
3,7,1,3,5,56
3,7,1,3,5,56
3,7,1,3,5,56
3,7,1,3,5,56
3,7,1,3,5,56
3,7,1,3,5,56
3,7,1,3,6,56
3,7,1,3,6,56
3,7,1,3,6,56
3,7,1,3,6,56
3,7,2,3,6,56
3,7,2,3,6,56
3,7,2,3,6,56
3,7,2,3,6,56
3,7,2,3,6,56
3,7,2,3,6,56
3,7,1,3,7,56
3,7,1,3,7,56
3,7,1,3,7,56
3,7,1,3,7,56
3,7,1,3,7,56
3,7,1,3,7,56
3,7,1,3,7,56
3,7,1,3,7,56
2,7,1,3,7,56
2,7,1,3,7,56
2,7,1,3,7,56
2,7,1,3,7,56
2,7,1,3,7,56
2,7,1,3,7,56
2,7,1,3,7,56
2,7,1,3,7,56
2,7,1,3,7,56
2,7,1,3,7,56
2,7,1,3,7,56
2,7,1,3,7,56
2,7,1,3,7,56
2,7,1,3,7,56
2,7,1,3,7,56
2,7,1,3,7,56
2,7,1,3,7,56
2,7,1,3,7,56
0,0,0,0,0,57
0,0,0,0,0,57
0,0,0,1,0,57
0,0,0,1,0,57
0,1,0,1,0,57
0,1,0,1,1,57
0,1,0,1,2,57
0,1,0,1,2,57
0,1,1,1,2,57
0,1,1,1,2,57
0,1,1,1,3,57
0,1,1,1,3,57
0,2,1,1,3,57
0,2,1,1,4,57
0,2,1,1,4,57
0,2,1,1,3,57
0,2,1,1,3,57
0,2,1,1,3,57
0,2,1,1,3,57
0,2,1,1,3,57
0,2,1,1,3,57
0,2,1,1,3,57
0,2,1,1,3,57
0,2,1,1,4,57
0,2,1,1,4,57
0,2,1,1,4,57
0,2,1,1,4,57
0,2,1,1,4,57
0,2,1,1,4,57
0,2,1,1,4,57
0,2,1,1,4,57
0,2,0,1,5,57
0,2,0,1,5,57
0,2,0,1,5,57
0,2,0,1,5,57
0,2,0,1,5,57
0,2,0,1,5,57
0,2,0,1,5,57
0,2,0,1,5,57
0,2,0,1,5,57
0,2,0,1,5,57
0,2,0,1,5,57
0,2,0,1,5,57
0,2,0,1,5,57
0,2,0,1,5,57
0,2,0,1,5,57
0,2,0,1,5,57
0,2,0,1,5,57
0,2,0,1,5,57
1,2,0,1,5,57
1,2,0,1,5,57
1,2,0,1,5,57
2,2,0,1,5,57
2,2,0,1,5,57
2,2,0,1,5,57
2,2,0,1,5,57
2,2,0,1,5,57
2,2,1,1,5,57
2,2,1,1,5,57
2,2,1,1,5,57
2,3,1,1,5,57
2,3,1,1,5,57
2,3,1,1,5,57
2,3,1,1,5,57
2,3,1,1,5,57
2,3,1,1,5,57
2,3,1,1,5,57
2,3,1,1,5,57
2,3,1,1,5,57
2,3,1,1,5,57
2,3,1,1,5,57
2,3,1,1,5,57
2,3,1,1,5,57
2,3,1,1,5,57
2,3,1,1,5,57
3,3,1,1,5,57
3,3,1,1,5,57
3,3,1,1,5,57
3,3,1,1,5,57
3,3,1,1,5,57
3,3,1,1,5,57
3,3,1,1,5,57
3,3,1,1,4,57
3,3,1,1,4,57
3,3,1,1,4,57
3,3,1,1,5,57
3,3,1,1,5,57
3,3,1,1,5,57
3,3,1,1,5,57
3,3,1,1,5,57
3,3,1,1,5,57
3,3,1,1,5,57
3,3,1,1,5,57
3,3,1,1,5,57
3,3,1,1,5,57
3,3,1,1,5,57
3,3,1,1,5,57
3,3,1,1,5,57
3,3,1,1,5,57
3,3,1,1,5,57
0,0,0,0,0,58
0,0,0,0,1,58
0,0,0,1,1,58
0,0,0,1,2,58
1,0,0,1,2,58
1,0,0,1,2,58
1,0,0,1,2,58
1,1,0,1,2,58
1,1,0,1,2,58
1,1,0,1,3,58
1,1,1,1,3,58
1,1,1,1,3,58
1,1,1,1,3,58
1,1,1,1,3,58
1,1,1,1,3,58
1,1,1,1,3,58
1,1,1,1,3,58
1,1,1,1,3,58
1,1,1,1,3,58
1,1,0,1,3,58
1,1,0,1,3,58
1,1,0,1,3,58
1,1,0,1,3,58
1,1,0,1,3,58
1,1,0,1,3,58
1,1,0,1,3,58
1,1,0,1,3,58
1,1,0,1,3,58
1,1,0,1,3,58
1,1,0,1,3,58
1,1,0,1,3,58
1,1,0,1,3,58
1,1,0,1,3,58
1,1,0,1,3,58
1,1,0,1,3,58
1,1,0,1,3,58
1,1,0,1,3,58
1,1,0,1,3,58
1,1,0,1,3,58
1,1,0,1,3,58
1,1,0,1,3,58
1,1,0,1,3,58
1,1,0,1,3,58
1,1,0,1,3,58
1,1,0,1,3,58
1,1,0,1,3,58
1,1,0,1,3,58
1,1,0,1,3,58
1,1,0,1,3,58
1,1,0,1,3,58
1,1,0,1,3,58
1,1,0,1,3,58
1,1,0,1,3,58
1,1,0,1,3,58
1,1,0,1,3,58
1,1,0,1,3,58
1,1,0,1,3,58
1,1,0,1,3,58
1,1,0,1,3,58
1,1,0,1,3,58
1,1,0,1,3,58
1,1,0,1,3,58
1,1,0,1,3,58
1,1,0,1,3,58
1,1,0,1,3,58
1,1,0,1,3,58
1,1,0,1,3,58
1,1,0,1,2,58
1,1,0,1,2,58
1,1,0,1,2,58
1,1,0,1,2,58
1,1,0,1,2,58
1,1,0,1,2,58
1,1,0,1,2,58
1,1,0,1,2,58
1,1,0,1,2,58
1,1,0,1,2,58
1,1,0,1,2,58
1,1,0,1,2,58
1,1,0,1,2,58
1,1,0,1,2,58
1,1,0,1,2,58
1,1,0,1,2,58
1,1,0,1,2,58
1,1,0,1,2,58
1,1,0,1,2,58
1,1,0,1,2,58
1,1,0,1,2,58
1,1,0,1,2,58
1,1,0,1,2,58
1,1,0,1,2,58
1,1,0,1,2,58
1,1,0,1,2,58
1,1,0,1,2,58
1,1,0,1,2,58
1,1,0,1,2,58
1,1,0,1,2,58
1,1,0,1,2,58
1,1,0,1,2,58
1,1,0,1,2,58
0,0,0,0,0,59
0,1,0,0,0,59
0,2,0,0,0,59
0,2,0,0,0,59
0,2,0,0,0,59
1,2,0,0,0,59
1,2,1,0,0,59
1,2,1,1,0,59
1,2,1,1,0,59
1,2,1,1,0,59
1,2,1,1,0,59
1,2,1,1,1,59
1,2,1,1,1,59
1,2,1,1,1,59
1,2,1,1,1,59
1,2,1,1,2,59
1,2,1,1,2,59
1,2,1,1,2,59
1,2,1,1,2,59
1,2,1,1,2,59
1,2,1,1,2,59
1,2,1,1,2,59
1,2,1,1,2,59
1,2,1,1,2,59
1,2,1,1,2,59
1,2,1,1,2,59
1,2,1,1,2,59
1,2,1,1,2,59
1,2,1,1,2,59
1,2,1,1,2,59
1,2,1,1,2,59
1,2,1,1,2,59
1,2,1,1,2,59
1,2,1,1,2,59
1,2,1,1,2,59
1,2,1,1,2,59
1,2,1,1,2,59
1,2,1,1,2,59
1,2,1,1,2,59
1,2,1,1,2,59
1,2,1,1,2,59
1,2,1,1,2,59
1,2,1,1,2,59
1,2,1,1,2,59
1,2,1,1,2,59
1,2,1,1,2,59
1,2,1,1,2,59
1,2,1,1,2,59
1,2,1,1,2,59
1,2,1,1,2,59
1,2,1,1,2,59
1,2,1,1,2,59
1,2,1,1,2,59
1,2,1,1,2,59
1,2,1,1,2,59
1,2,1,1,2,59
1,2,1,1,2,59
1,2,1,1,2,59
1,2,1,1,2,59
1,2,1,1,2,59
1,2,1,1,2,59
1,2,1,1,2,59
1,2,1,1,2,59
1,2,1,1,2,59
1,2,1,1,2,59
1,2,1,1,2,59
1,2,1,1,2,59
1,2,1,1,2,59
1,2,1,1,2,59
1,2,1,1,2,59
1,2,1,1,2,59
1,2,1,1,2,59
1,2,1,1,2,59
1,2,1,1,2,59
1,2,1,1,2,59
1,2,1,1,2,59
1,2,1,1,2,59
1,2,1,1,2,59
1,2,1,1,2,59
1,2,1,1,2,59
1,2,1,1,2,59
1,2,1,1,2,59
1,2,1,1,2,59
1,2,1,1,2,59
1,2,1,1,2,59
1,2,1,1,2,59
1,2,1,1,2,59
1,2,1,1,2,59
1,2,1,1,2,59
1,2,1,1,2,59
1,2,1,1,2,59
1,2,1,1,2,59
1,2,1,1,2,59
1,2,1,1,2,59
1,2,1,1,2,59
1,2,1,1,2,59
1,2,1,1,2,59
1,2,1,1,2,59
1,2,1,1,2,59
1,2,1,1,2,59
0,0,0,0,0,60
0,0,0,0,1,60
0,0,0,0,1,60
1,0,0,0,1,60
1,0,0,0,1,60
1,0,0,1,1,60
1,0,0,1,1,60
1,0,0,1,1,60
1,0,0,1,1,60
1,0,0,1,2,60
1,0,0,1,2,60
1,0,0,1,2,60
1,0,0,1,2,60
1,0,0,1,2,60
1,0,0,1,2,60
1,0,0,1,2,60
1,0,0,1,2,60
0,0,0,0,0,61
0,0,0,1,0,61
0,0,0,1,0,61
0,0,0,1,1,61
0,0,0,1,1,61
0,0,0,1,1,61
0,0,1,1,1,61
0,0,1,1,2,61
0,0,1,1,3,61
1,0,1,1,3,61
1,0,1,1,4,61
2,0,1,1,4,61
2,0,1,1,4,61
2,1,1,1,4,61
2,1,1,1,4,61
2,1,1,1,4,61
2,1,1,1,4,61
2,1,1,1,4,61
2,1,1,1,4,61
2,1,1,1,4,61
2,1,1,1,4,61
2,1,1,1,4,61
2,1,1,1,4,61
2,1,1,1,4,61
2,1,1,1,4,61
2,1,1,1,4,61
2,1,1,1,4,61
1,2,1,1,4,61
1,2,1,1,4,61
1,2,1,1,4,61
1,2,1,1,4,61
0,2,1,1,4,61
0,2,1,1,4,61
0,2,1,1,4,61
1,2,1,1,4,61
1,2,1,1,4,61
1,2,1,1,4,61
1,2,1,1,4,61
2,2,1,1,4,61
2,2,1,1,4,61
2,2,1,1,4,61
3,2,1,1,4,61
3,2,1,1,4,61
3,3,1,1,4,61
3,3,1,1,4,61
3,3,1,1,4,61
3,3,1,1,4,61
3,3,1,1,4,61
3,3,1,1,4,61
3,3,2,1,4,61
3,3,2,1,4,61
3,3,2,1,4,61
3,3,2,1,4,61
3,3,2,1,4,61
3,3,2,1,4,61
3,3,2,1,4,61
3,3,2,1,4,61
3,3,2,1,4,61
2,4,2,1,4,61
2,4,2,1,4,61
2,4,2,1,4,61
2,4,2,1,4,61
3,4,2,1,4,61
3,4,2,1,4,61
3,4,2,1,4,61
3,4,2,1,4,61
3,4,2,1,5,61
3,4,2,1,5,61
3,4,2,1,5,61
3,4,2,1,5,61
3,4,2,1,5,61
3,4,2,1,5,61
3,4,3,1,5,61
3,4,3,1,5,61
3,4,3,1,5,61
3,4,3,1,5,61
3,4,3,1,5,61
3,4,3,1,5,61
3,4,3,1,6,61
3,4,3,1,6,61
3,4,3,1,6,61
3,4,3,1,6,61
3,4,3,1,6,61
3,4,3,1,6,61
3,4,3,1,7,61
3,4,3,1,7,61
3,4,3,1,7,61
3,4,3,1,7,61
3,4,3,1,7,61
3,4,3,1,7,61
3,4,3,1,7,61
4,4,3,1,7,61
4,4,3,1,7,61
4,4,3,1,7,61
4,4,3,1,7,61
4,4,3,1,7,61
4,4,3,2,7,61
4,4,3,2,7,61
4,4,3,2,7,61
4,5,3,2,7,61
0,0,0,0,0,62
0,0,0,0,1,62
0,1,0,0,1,62
1,1,0,0,1,62
1,1,0,0,2,62
1,1,1,0,2,62
1,1,1,0,3,62
1,2,1,0,3,62
1,2,1,0,3,62
1,2,1,0,3,62
1,2,1,0,3,62
1,2,1,0,3,62
1,2,1,0,3,62
1,2,1,0,3,62
1,2,1,0,3,62
1,2,1,0,3,62
1,2,1,0,3,62
1,2,1,0,3,62
1,2,1,0,3,62
1,2,1,0,3,62
1,2,1,0,3,62
1,2,1,0,3,62
1,2,1,0,3,62
1,2,1,0,3,62
1,2,1,0,3,62
1,2,1,0,3,62
1,2,1,0,3,62
1,2,1,0,3,62
1,2,1,0,3,62
1,2,1,0,3,62
1,2,1,0,3,62
1,2,1,0,3,62
1,2,1,0,3,62
1,2,1,0,3,62
1,2,1,0,3,62
1,2,1,0,3,62
1,2,1,0,3,62
1,2,1,0,3,62
1,2,1,0,3,62
1,2,1,0,3,62
1,2,1,0,3,62
1,2,1,0,3,62
1,2,1,0,3,62
1,2,1,0,3,62
1,2,1,0,3,62
1,2,1,0,3,62
1,2,1,0,3,62
1,2,1,0,3,62
1,2,1,0,3,62
1,2,1,0,3,62
1,2,1,0,3,62
1,2,1,0,3,62
1,2,1,0,3,62
1,2,1,0,3,62
1,2,1,0,3,62
1,2,1,0,3,62
1,2,1,0,3,62
1,2,1,0,3,62
1,2,1,0,3,62
1,2,1,0,3,62
1,2,1,0,3,62
1,2,1,0,3,62
1,2,1,0,3,62
1,2,1,0,3,62
1,2,1,0,3,62
1,2,1,0,3,62
1,2,1,0,3,62
1,2,1,0,3,62
1,2,1,0,3,62
1,2,1,0,3,62
1,2,1,0,3,62
1,2,1,0,3,62
1,2,1,0,3,62
1,2,1,0,3,62
1,2,1,0,3,62
1,2,1,0,3,62
1,2,1,0,3,62
1,2,1,0,3,62
1,2,1,0,3,62
1,2,1,0,3,62
1,2,1,0,3,62
1,2,1,0,3,62
1,2,1,0,3,62
1,2,1,0,3,62
1,2,1,0,3,62
1,2,1,0,3,62
1,2,1,0,3,62
1,2,1,0,3,62
1,2,1,0,3,62
1,2,1,0,3,62
1,2,1,0,3,62
1,2,1,0,3,62
1,2,1,0,3,62
1,2,1,0,3,62
1,2,1,0,3,62
1,2,1,0,3,62
1,2,1,0,3,62
1,2,1,0,3,62
1,2,1,0,3,62
1,2,1,0,3,62
0,0,0,0,0,63
0,0,0,0,0,63
0,1,0,0,0,63
0,0,0,1,0,63
1,0,0,1,0,63
1,0,0,1,1,63
1,0,0,1,1,63
1,0,0,1,1,63
2,0,0,1,1,63
2,0,0,1,1,63
3,0,0,1,1,63
3,1,0,1,1,63
3,1,0,1,1,63
3,1,0,1,1,63
3,1,0,1,1,63
3,1,0,1,1,63
3,2,0,1,1,63
3,2,0,1,1,63
3,2,0,1,1,63
3,2,0,1,1,63
3,2,0,1,1,63
3,2,0,1,1,63
3,2,0,1,1,63
3,2,0,1,1,63
3,2,0,1,1,63
3,2,0,1,1,63
3,2,0,1,1,63
3,2,0,1,1,63
3,2,0,1,1,63
3,2,0,1,1,63
3,2,0,1,1,63
3,2,0,1,1,63
3,2,0,1,1,63
3,2,0,1,1,63
3,2,0,1,1,63
3,2,0,1,1,63
3,2,0,1,1,63
3,2,0,1,1,63
3,2,0,1,1,63
3,2,0,1,1,63
3,2,0,1,1,63
3,2,0,1,1,63
3,2,0,1,1,63
3,2,0,1,1,63
3,2,0,1,1,63
3,2,0,1,1,63
3,2,0,1,1,63
3,2,0,1,1,63
3,2,0,1,1,63
3,2,0,1,1,63
3,2,0,1,1,63
3,2,0,1,1,63
3,2,0,1,1,63
3,2,0,1,1,63
3,2,0,1,1,63
3,2,0,1,1,63
3,2,0,1,1,63
3,2,0,1,1,63
3,2,0,1,1,63
3,2,0,1,1,63
3,2,0,1,1,63
3,2,0,1,1,63
3,2,0,1,1,63
3,2,0,1,1,63
3,2,0,1,1,63
3,2,0,1,1,63
3,2,0,1,1,63
3,2,0,1,1,63
3,2,0,1,1,63
3,2,0,1,1,63
3,2,0,1,1,63
3,2,0,1,1,63
3,2,0,1,1,63
3,2,0,1,1,63
3,2,0,1,1,63
3,2,0,1,1,63
3,2,0,1,1,63
3,2,0,1,1,63
3,2,0,1,1,63
3,2,0,1,1,63
3,2,0,1,1,63
3,2,0,1,1,63
3,2,0,1,1,63
3,2,0,1,1,63
3,2,0,1,1,63
3,2,0,1,1,63
3,2,0,1,1,63
3,2,0,1,1,63
3,2,0,1,1,63
3,2,0,1,1,63
3,2,0,1,1,63
3,2,0,1,1,63
3,2,0,1,1,63
3,2,0,1,1,63
3,2,0,1,1,63
3,2,0,1,1,63
3,2,0,1,1,63
3,2,0,1,1,63
3,2,0,1,1,63
3,2,0,1,1,63
0,0,0,0,0,64
0,0,0,0,0,64
0,0,1,0,0,64
1,0,1,0,0,64
1,0,1,0,0,64
2,0,1,0,0,64
2,0,1,0,0,64
2,0,1,0,0,64
1,1,1,0,0,64
1,1,1,1,0,64
2,1,1,1,0,64
2,1,1,1,0,64
2,1,1,1,0,64
2,1,1,1,0,64
2,1,1,1,0,64
2,1,1,1,0,64
2,1,1,1,0,64
2,1,1,1,0,64
2,1,1,2,0,64
2,1,1,3,0,64
2,1,1,3,0,64
2,2,1,3,0,64
2,2,1,3,1,64
2,2,1,3,1,64
2,2,1,3,1,64
2,2,1,3,1,64
2,3,1,3,1,64
2,4,1,3,1,64
2,4,1,3,1,64
2,4,1,3,1,64
2,4,1,3,1,64
2,4,1,3,1,64
2,4,1,3,2,64
2,4,1,3,2,64
3,4,1,3,2,64
3,4,1,3,2,64
3,4,1,3,2,64
3,4,1,3,2,64
3,4,1,3,2,64
3,5,1,3,2,64
3,5,1,3,2,64
3,5,1,3,2,64
3,5,1,3,3,64
3,5,1,3,3,64
3,5,1,3,3,64
3,5,1,3,3,64
3,5,1,3,3,64
3,5,1,3,4,64
3,5,1,3,4,64
3,5,1,3,4,64
3,5,1,3,4,64
3,5,1,3,4,64
4,5,1,3,4,64
4,5,1,3,4,64
4,5,1,3,4,64
4,4,1,3,5,64
4,4,1,3,5,64
4,4,1,3,5,64
4,4,1,3,5,64
4,4,1,3,5,64
4,4,1,3,5,64
4,4,1,3,5,64
4,4,1,3,6,64
4,4,1,3,6,64
4,4,1,3,6,64
4,4,1,3,6,64
4,4,1,3,6,64
4,4,1,3,6,64
4,4,1,3,6,64
4,4,1,3,5,64
4,4,1,3,5,64
4,4,1,3,5,64
4,4,1,3,5,64
4,4,1,3,5,64
4,4,1,3,5,64
4,4,1,3,5,64
4,4,1,3,5,64
4,4,1,3,5,64
4,4,1,3,5,64
4,4,1,3,5,64
4,4,1,3,5,64
4,4,1,3,5,64
4,4,1,3,5,64
4,4,1,3,5,64
4,4,1,3,5,64
4,4,1,3,5,64
4,4,1,3,5,64
4,4,1,3,5,64
4,4,1,3,5,64
4,4,1,3,5,64
4,4,1,3,5,64
4,4,1,3,5,64
4,4,1,3,5,64
4,4,1,3,5,64
4,4,1,3,5,64
4,4,1,3,5,64
4,4,1,3,5,64
4,4,1,3,5,64
4,4,1,3,5,64
4,4,1,3,5,64
0,0,0,0,0,65
1,0,0,0,0,65
1,0,1,0,0,65
1,0,1,1,0,65
1,0,1,1,0,65
1,0,1,1,1,65
1,0,1,1,1,65
1,0,1,1,2,65
1,1,1,1,2,65
1,1,1,1,2,65
1,1,1,1,2,65
1,1,1,1,3,65
1,1,1,1,3,65
1,1,1,1,3,65
1,1,1,1,3,65
1,1,1,1,3,65
1,1,1,1,3,65
1,1,1,1,3,65
1,1,1,1,3,65
1,1,1,1,3,65
1,1,1,1,3,65
1,1,1,1,3,65
1,1,1,1,3,65
1,1,1,1,3,65
1,1,1,1,3,65
1,1,1,1,3,65
1,1,1,1,3,65
1,1,1,1,3,65
1,1,1,1,3,65
1,1,1,1,3,65
1,1,1,1,3,65
0,1,1,1,3,65
0,1,1,1,3,65
0,1,1,1,3,65
1,1,1,1,3,65
1,1,1,1,2,65
1,1,1,1,2,65
1,1,1,1,2,65
1,1,1,1,2,65
1,1,1,1,2,65
1,1,1,1,2,65
1,1,1,1,2,65
1,1,1,1,2,65
1,1,1,1,2,65
1,1,1,1,2,65
1,1,1,1,2,65
1,1,1,1,2,65
1,1,1,1,2,65
1,1,1,1,2,65
1,1,1,1,2,65
1,1,1,1,2,65
1,1,1,1,2,65
1,1,1,1,2,65
1,1,1,1,2,65
1,1,1,1,2,65
1,1,1,1,2,65
1,1,1,1,2,65
1,1,1,1,2,65
1,1,1,1,2,65
1,1,1,1,2,65
1,1,1,1,2,65
1,1,1,1,2,65
1,1,1,1,2,65
1,1,1,1,2,65
1,1,1,1,2,65
1,1,1,1,2,65
1,1,1,1,2,65
1,1,1,1,2,65
1,1,1,1,2,65
1,1,1,1,2,65
1,1,1,1,2,65
1,1,1,1,2,65
1,1,1,1,2,65
1,1,1,1,2,65
1,1,1,1,2,65
1,1,1,1,2,65
1,1,1,1,2,65
1,1,1,1,2,65
1,1,1,1,2,65
1,1,1,1,2,65
1,1,1,1,2,65
1,1,1,1,2,65
1,1,1,1,2,65
1,1,1,1,2,65
1,1,1,1,2,65
1,1,0,1,2,65
1,1,0,1,2,65
1,1,0,1,2,65
1,1,0,1,2,65
1,1,0,1,2,65
1,1,0,1,2,65
1,1,0,1,2,65
1,1,0,1,2,65
1,1,0,1,2,65
1,1,0,1,2,65
1,1,0,1,2,65
1,1,0,1,2,65
1,1,0,1,2,65
1,1,0,1,2,65
1,1,0,1,2,65
0,0,0,0,0,66
0,0,0,0,0,66
0,0,1,0,0,66
0,0,1,0,0,66
0,0,1,0,0,66
0,1,1,0,0,66
1,1,1,0,0,66
1,1,1,0,1,66
1,1,1,0,1,66
2,1,1,0,0,66
2,2,1,0,0,66
2,2,1,0,0,66
2,2,1,0,1,66
3,2,1,0,1,66
3,2,1,0,1,66
3,2,1,0,1,66
3,2,1,0,1,66
3,2,1,0,2,66
3,2,1,0,2,66
3,2,1,0,2,66
3,2,1,0,2,66
3,2,1,0,2,66
3,2,1,0,2,66
3,2,1,0,2,66
3,2,1,0,2,66
3,2,1,0,2,66
3,2,1,0,2,66
3,2,1,0,2,66
3,2,1,0,2,66
3,2,1,0,2,66
3,2,1,0,2,66
3,2,1,0,2,66
3,2,1,0,2,66
3,2,1,0,2,66
3,2,1,0,2,66
3,2,1,0,2,66
3,2,1,0,2,66
3,2,1,0,2,66
3,2,1,0,2,66
3,2,1,0,2,66
3,2,1,0,2,66
3,2,1,0,2,66
3,2,1,0,2,66
3,2,1,0,2,66
3,2,1,0,2,66
3,2,1,0,2,66
3,2,1,0,2,66
3,2,1,0,2,66
3,2,1,0,2,66
3,2,1,0,2,66
3,2,1,0,2,66
3,2,1,0,2,66
3,2,1,0,2,66
3,2,1,0,2,66
3,2,1,0,2,66
3,2,1,0,2,66
3,2,1,0,2,66
3,2,1,0,2,66
3,2,1,0,2,66
3,2,1,0,2,66
3,2,1,0,2,66
3,2,1,0,2,66
3,2,1,0,2,66
3,2,1,0,2,66
3,2,1,0,2,66
2,2,1,0,2,66
2,2,1,0,2,66
2,2,1,0,2,66
2,2,1,0,2,66
2,2,1,0,2,66
2,2,1,0,2,66
2,2,1,0,2,66
2,2,1,0,2,66
2,2,1,0,2,66
2,2,1,0,2,66
2,2,1,0,2,66
2,2,1,0,2,66
2,2,1,0,2,66
2,2,1,0,2,66
2,2,1,0,2,66
2,2,1,0,2,66
2,2,1,0,2,66
2,2,1,0,2,66
2,2,1,0,2,66
2,2,1,0,2,66
2,2,1,0,2,66
2,2,1,0,2,66
2,2,1,0,2,66
2,2,1,0,2,66
2,2,1,0,2,66
2,2,1,0,2,66
2,2,1,0,2,66
2,2,1,0,2,66
2,2,1,0,2,66
2,2,1,0,2,66
2,2,1,0,2,66
2,2,1,0,2,66
2,2,1,0,2,66
2,2,1,0,2,66
2,2,1,0,2,66
0,0,0,0,0,67
0,0,1,0,0,67
0,0,1,1,0,67
0,0,1,1,0,67
1,0,1,1,0,67
1,0,1,1,0,67
1,0,1,1,0,67
1,0,1,1,0,67
2,0,1,1,0,67
2,0,1,1,0,67
2,1,1,1,0,67
2,1,1,1,0,67
2,2,1,1,0,67
2,2,1,1,0,67
2,2,1,1,0,67
2,2,1,1,0,67
2,3,1,1,0,67
2,3,1,1,0,67
2,3,1,1,0,67
2,3,1,1,0,67
3,3,1,1,0,67
4,3,1,1,0,67
4,3,1,1,1,67
4,4,1,1,1,67
4,4,1,2,1,67
4,4,2,2,1,67
4,4,2,2,1,67
4,4,2,2,1,67
4,5,2,2,1,67
4,5,2,2,1,67
4,5,2,2,1,67
4,5,2,2,1,67
4,5,2,2,1,67
4,5,2,2,1,67
4,5,2,2,1,67
4,5,2,2,2,67
4,4,2,2,2,67
4,4,2,2,2,67
4,4,2,2,2,67
4,4,2,2,3,67
4,4,2,2,4,67
4,4,2,2,4,67
4,4,2,2,4,67
4,4,2,2,4,67
4,4,2,2,4,67
4,4,2,2,4,67
4,4,2,2,5,67
4,4,2,2,5,67
4,4,2,2,5,67
4,4,2,2,5,67
4,4,2,2,5,67
4,4,2,2,5,67
4,4,2,2,5,67
4,4,2,2,5,67
4,4,2,2,5,67
4,4,2,2,5,67
4,4,2,2,5,67
4,4,2,2,6,67
4,4,2,2,6,67
4,4,2,2,6,67
4,4,2,2,6,67
4,4,2,2,6,67
4,4,2,2,6,67
4,4,2,2,6,67
4,4,2,2,6,67
4,4,2,2,6,67
4,4,2,2,6,67
4,4,2,2,6,67
4,4,2,2,6,67
4,4,2,2,6,67
4,4,2,2,6,67
4,4,2,2,6,67
4,4,2,2,6,67
4,4,2,2,6,67
4,3,2,2,7,67
4,3,2,2,7,67
4,3,2,2,7,67
4,3,2,2,7,67
4,3,2,2,7,67
4,3,2,2,7,67
4,3,2,2,7,67
4,3,2,2,7,67
4,3,2,2,6,67
4,3,2,2,6,67
4,3,2,2,6,67
4,3,2,2,6,67
4,3,2,2,6,67
4,3,2,2,6,67
4,3,2,2,6,67
4,3,2,2,6,67
4,3,2,2,6,67
4,3,2,2,6,67
4,3,2,2,6,67
4,3,2,2,6,67
4,3,2,2,6,67
4,3,2,2,6,67
4,3,2,2,6,67
4,3,2,2,6,67
4,3,2,2,6,67
4,3,2,2,7,67
0,0,0,0,0,68
0,0,1,0,0,68
0,0,1,1,0,68
0,0,1,1,0,68
1,0,1,1,0,68
2,0,1,1,0,68
1,0,1,1,0,68
1,0,1,1,1,68
1,0,1,1,1,68
1,0,1,1,1,68
2,0,1,1,1,68
2,0,1,1,1,68
2,0,1,1,1,68
2,0,1,1,1,68
2,0,1,1,2,68
2,0,1,1,2,68
2,0,1,1,2,68
0,0,0,0,0,69
1,0,0,0,0,69
1,0,0,0,0,69
1,0,0,1,0,69
1,0,0,1,0,69
1,0,0,1,1,69
1,0,0,1,2,69
1,1,0,1,2,69
2,1,0,1,2,69
2,1,0,1,2,69
2,1,0,1,2,69
2,1,1,1,2,69
2,1,1,1,2,69
2,1,1,1,2,69
2,1,1,1,3,69
2,1,1,1,3,69
2,2,1,1,3,69
3,2,1,1,3,69
3,2,1,1,3,69
3,2,1,1,3,69
3,3,1,1,3,69
3,3,1,1,3,69
3,3,1,2,3,69
3,3,1,2,3,69
3,4,1,2,3,69
3,4,1,2,3,69
3,4,1,2,4,69
4,4,1,2,4,69
4,5,1,2,4,69
4,5,1,2,4,69
4,5,1,2,4,69
4,6,1,2,4,69
4,6,1,3,4,69
4,6,1,3,4,69
4,7,1,3,4,69
4,7,1,3,4,69
4,7,1,3,5,69
4,7,1,3,5,69
4,7,1,4,5,69
4,7,1,4,5,69
4,8,1,4,5,69
4,8,1,4,5,69
4,8,1,4,5,69
4,9,1,4,5,69
4,9,1,4,4,69
4,9,1,4,4,69
4,9,1,4,5,69
4,9,1,5,5,69
4,9,1,5,5,69
4,9,1,5,5,69
4,9,1,5,5,69
3,9,1,5,6,69
3,9,1,5,6,69
3,9,1,5,6,69
2,9,1,5,6,69
2,8,1,5,7,69
2,8,2,5,7,69
2,8,2,5,7,69
2,8,2,5,7,69
2,9,2,4,7,69
2,9,2,4,7,69
2,9,2,4,7,69
2,9,3,4,7,69
2,9,3,4,7,69
2,9,3,4,7,69
2,9,3,4,7,69
2,9,3,5,7,69
2,9,3,5,7,69
2,9,3,5,8,69
2,9,3,5,9,69
2,8,3,5,9,69
3,8,3,5,9,69
4,8,3,5,9,69
4,8,3,5,9,69
4,8,3,6,9,69
4,8,3,6,9,69
4,8,3,6,9,69
4,9,3,6,9,69
4,8,3,7,9,69
5,8,3,7,8,69
5,8,3,7,9,69
5,8,3,7,9,69
5,8,4,7,9,69
5,8,4,7,9,69
5,8,4,7,9,69
6,8,4,7,9,69
6,8,4,7,9,69
7,8,4,6,9,69
7,8,4,6,10,69
7,8,4,6,11,69
7,8,4,7,11,69
7,8,4,7,11,69
7,8,4,8,11,69
7,8,4,8,10,69
8,8,4,8,10,69
8,8,4,8,10,69
8,8,4,8,10,69
8,7,4,8,11,69
9,7,4,8,11,69
10,7,4,8,11,69
0,0,0,0,0,70
0,0,0,1,0,70
0,0,0,1,1,70
0,0,0,1,2,70
1,0,0,1,2,70
1,0,0,1,2,70
1,0,1,1,2,70
1,0,1,1,2,70
1,0,1,1,2,70
2,0,1,1,2,70
2,1,1,1,2,70
2,1,1,1,2,70
2,1,1,1,2,70
2,2,1,1,2,70
3,2,1,1,2,70
3,2,1,1,3,70
3,2,1,1,3,70
3,2,1,1,3,70
3,2,1,1,3,70
3,2,1,1,4,70
3,2,1,1,4,70
3,2,1,1,5,70
3,2,1,1,5,70
3,2,1,1,5,70
3,2,1,1,5,70
3,2,1,1,5,70
3,3,1,1,5,70
3,3,1,1,5,70
3,3,1,1,5,70
3,3,1,1,5,70
3,3,1,1,5,70
3,3,1,1,5,70
3,3,1,1,6,70
3,3,1,1,6,70
3,3,1,1,6,70
3,3,1,1,6,70
3,3,1,1,6,70
3,3,1,1,6,70
3,3,1,1,6,70
3,3,1,1,6,70
3,3,1,1,6,70
3,3,1,1,6,70
3,3,1,1,6,70
3,3,1,1,6,70
3,3,1,1,6,70
3,3,1,1,6,70
3,3,1,1,6,70
3,3,1,1,6,70
3,3,1,1,6,70
3,3,1,1,6,70
3,3,1,1,6,70
3,3,1,1,6,70
3,3,1,1,6,70
3,3,1,1,6,70
3,3,1,1,6,70
3,3,1,1,6,70
3,3,1,1,6,70
3,3,1,1,6,70
3,3,1,1,5,70
3,3,1,1,5,70
3,3,1,1,5,70
3,3,1,1,5,70
3,3,1,1,5,70
3,3,1,1,5,70
3,3,1,1,5,70
3,3,1,1,5,70
3,3,1,1,5,70
3,3,1,1,5,70
3,3,1,1,5,70
3,3,1,1,5,70
4,3,1,1,5,70
4,3,1,1,5,70
4,3,1,1,5,70
4,3,1,1,5,70
4,3,2,1,5,70
4,3,2,1,5,70
4,3,2,1,5,70
4,3,2,1,5,70
4,3,2,1,5,70
4,3,3,1,5,70
4,3,3,1,5,70
4,3,3,1,5,70
4,3,3,1,6,70
4,3,3,1,6,70
4,3,3,1,6,70
3,3,3,1,6,70
3,3,4,1,6,70
3,3,4,1,6,70
3,3,4,1,6,70
3,3,4,1,6,70
3,3,4,1,6,70
4,3,4,1,6,70
4,3,4,1,6,70
4,3,4,1,6,70
4,3,4,1,6,70
4,3,4,1,6,70
4,3,4,1,7,70
4,3,4,1,7,70
4,3,4,1,7,70
4,3,4,1,7,70
0,0,0,0,0,71
0,1,0,0,0,71
0,2,0,0,0,71
0,2,0,1,0,71
0,1,0,1,0,71
0,1,0,1,0,71
0,2,0,1,0,71
0,2,1,1,0,71
0,2,1,1,0,71
1,2,1,1,0,71
1,2,1,1,0,71
2,2,1,1,0,71
2,2,1,1,0,71
2,1,1,1,1,71
2,2,1,1,1,71
2,2,1,1,1,71
2,2,1,1,1,71
2,3,1,1,1,71
2,3,1,1,1,71
2,3,1,1,1,71
2,4,1,1,1,71
2,4,1,1,1,71
2,4,1,1,1,71
2,4,1,1,2,71
2,4,1,1,2,71
2,4,1,1,2,71
2,4,1,1,2,71
2,4,1,1,2,71
2,4,0,1,3,71
2,4,0,1,3,71
2,4,0,1,3,71
2,4,0,1,3,71
2,4,0,1,3,71
2,4,0,1,3,71
2,4,0,1,3,71
2,4,0,1,3,71
2,4,0,1,3,71
2,4,0,1,3,71
2,4,0,1,3,71
2,4,0,1,3,71
2,4,0,1,3,71
2,4,0,0,3,71
2,4,0,1,3,71
2,4,0,1,3,71
2,4,0,1,3,71
2,4,0,1,3,71
2,4,0,1,3,71
2,4,0,1,3,71
2,4,0,1,3,71
2,4,0,1,3,71
2,4,0,1,3,71
2,3,0,1,3,71
2,3,0,1,3,71
2,3,0,1,3,71
2,3,0,1,3,71
2,3,0,1,3,71
2,3,0,1,3,71
2,3,0,1,3,71
2,3,0,1,3,71
2,3,0,1,3,71
2,3,0,1,3,71
2,3,0,1,3,71
2,3,0,1,3,71
2,3,0,1,3,71
2,3,0,1,2,71
2,3,0,1,2,71
2,3,0,1,2,71
2,3,0,1,2,71
2,3,0,1,2,71
2,3,0,1,2,71
2,3,0,1,2,71
2,3,0,1,2,71
2,3,0,1,2,71
2,3,0,1,2,71
2,3,0,1,2,71
2,3,0,1,2,71
2,3,0,1,2,71
2,3,0,1,2,71
2,3,0,1,2,71
2,3,0,1,2,71
2,3,0,1,2,71
2,3,0,1,2,71
2,3,0,1,2,71
2,3,0,1,2,71
2,3,0,1,2,71
2,3,0,1,2,71
2,3,0,1,2,71
2,3,0,1,2,71
2,3,0,1,2,71
2,3,0,1,2,71
2,3,0,1,2,71
2,3,0,1,2,71
2,3,0,1,2,71
2,3,0,1,2,71
2,3,0,1,2,71
2,3,0,1,2,71
2,3,0,1,2,71
2,3,0,1,2,71
2,3,0,1,2,71
2,3,0,1,2,71
0,0,0,0,0,72
0,0,0,1,0,72
0,1,0,1,0,72
0,1,0,1,0,72
0,1,0,1,0,72
0,1,0,1,0,72
0,2,0,1,0,72
0,3,0,1,0,72
0,3,0,1,1,72
0,3,1,1,1,72
0,3,1,1,1,72
0,3,1,1,1,72
0,3,1,1,1,72
1,3,1,1,1,72
1,3,1,1,1,72
1,3,1,1,1,72
1,3,1,1,1,72
1,3,1,1,2,72
1,3,1,1,3,72
2,3,1,1,3,72
2,3,1,1,3,72
3,3,1,1,3,72
3,3,1,1,3,72
3,3,1,2,3,72
3,3,1,2,3,72
3,3,1,2,3,72
3,3,1,2,3,72
3,3,1,2,3,72
3,3,1,2,4,72
3,4,1,2,4,72
3,4,1,2,4,72
4,4,1,2,4,72
4,4,1,2,4,72
4,4,1,2,4,72
4,5,1,2,4,72
4,5,1,2,4,72
3,5,1,2,4,72
3,5,1,2,4,72
4,4,1,2,4,72
4,4,1,3,4,72
4,4,1,3,4,72
4,4,1,4,4,72
4,4,1,4,4,72
4,5,1,4,4,72
4,5,1,4,4,72
4,5,1,4,4,72
4,5,1,4,4,72
4,5,1,4,4,72
4,5,1,4,5,72
4,5,1,4,6,72
4,5,1,4,6,72
5,5,1,4,6,72
5,5,1,4,6,72
5,5,1,4,6,72
5,5,1,4,6,72
5,5,1,4,6,72
5,5,1,4,6,72
5,6,1,4,6,72
5,5,1,4,7,72
5,5,1,4,7,72
5,5,1,4,7,72
5,5,1,4,7,72
5,5,1,4,7,72
5,4,1,4,7,72
5,4,1,4,7,72
5,4,1,4,7,72
5,4,1,4,7,72
5,5,1,4,7,72
4,5,1,4,7,72
4,5,1,4,7,72
4,6,1,4,7,72
4,6,1,4,7,72
4,6,1,4,7,72
4,6,1,4,7,72
4,7,1,4,7,72
4,7,1,4,7,72
4,7,1,4,7,72
4,7,1,4,7,72
4,7,1,4,7,72
4,7,1,4,7,72
4,7,1,4,8,72
4,7,1,4,8,72
4,7,1,4,8,72
4,7,1,4,8,72
4,7,1,4,8,72
4,7,1,4,8,72
4,7,1,4,8,72
4,7,1,4,8,72
4,7,1,4,8,72
4,7,1,4,8,72
4,7,1,4,8,72
4,7,1,4,8,72
4,7,1,4,8,72
4,7,1,4,8,72
4,7,2,4,8,72
4,8,2,4,8,72
4,8,2,4,8,72
4,8,2,4,8,72
4,8,2,4,8,72
4,8,2,4,8,72
0,0,0,0,0,73
0,0,1,0,0,73
0,1,1,0,0,73
0,2,1,0,0,73
1,2,1,0,0,73
1,1,1,0,1,73
1,1,1,0,1,73
1,1,1,1,1,73
1,1,1,1,2,73
1,1,1,1,2,73
1,1,1,1,2,73
1,1,1,1,2,73
1,1,1,1,2,73
1,1,1,1,2,73
0,0,0,0,0,74
0,0,0,1,0,74
1,0,0,1,0,74
2,0,0,1,0,74
2,0,0,0,0,74
3,0,0,0,0,74
3,0,0,0,0,74
3,1,0,0,0,74
3,1,0,0,1,74
3,2,0,0,1,74
3,2,0,0,1,74
3,2,0,0,1,74
3,2,0,0,2,74
3,2,0,0,2,74
3,2,0,0,2,74
3,2,0,0,2,74
3,2,0,0,2,74
3,2,0,0,2,74
3,2,0,0,2,74
3,2,0,0,2,74
3,2,0,0,2,74
3,2,0,0,2,74
3,2,0,0,2,74
3,2,0,0,2,74
3,2,0,0,2,74
3,2,0,0,2,74
3,2,0,0,2,74
3,2,0,0,2,74
3,2,0,0,2,74
3,2,0,0,2,74
3,2,0,0,2,74
3,2,0,0,2,74
3,2,0,0,2,74
3,2,0,0,2,74
3,2,0,0,2,74
3,2,0,0,2,74
3,2,0,0,2,74
3,2,0,0,2,74
3,2,0,0,2,74
3,2,0,0,2,74
3,2,0,0,2,74
3,2,0,0,2,74
3,2,0,0,2,74
3,2,0,0,2,74
3,2,0,0,2,74
3,2,0,0,2,74
3,2,0,0,2,74
3,2,0,0,2,74
3,2,0,0,2,74
3,2,0,0,2,74
3,2,0,0,2,74
3,2,0,0,2,74
3,2,0,0,2,74
3,2,0,0,2,74
3,2,0,0,2,74
3,2,0,0,2,74
3,2,0,0,2,74
3,2,0,0,2,74
3,2,0,0,2,74
3,2,0,0,2,74
3,2,0,0,2,74
3,2,0,0,2,74
3,2,0,0,2,74
3,2,0,0,2,74
3,2,0,0,2,74
3,2,0,0,2,74
3,2,0,0,2,74
3,2,0,0,2,74
3,2,0,0,2,74
3,2,0,0,2,74
3,2,0,0,2,74
3,2,0,0,2,74
3,2,0,0,2,74
3,2,0,0,2,74
3,2,0,0,2,74
3,2,0,0,2,74
3,2,0,0,2,74
3,2,0,0,2,74
3,2,0,0,2,74
3,2,0,0,2,74
3,2,0,0,2,74
3,2,0,0,2,74
3,2,0,0,2,74
3,2,0,0,2,74
3,2,0,0,2,74
3,2,0,0,2,74
3,2,0,0,2,74
3,2,0,0,2,74
3,2,0,0,2,74
3,2,0,0,2,74
3,2,0,0,2,74
3,2,0,0,2,74
3,2,0,0,2,74
3,2,0,0,2,74
2,2,0,0,2,74
2,2,0,0,2,74
2,2,0,0,2,74
2,2,0,0,2,74
2,2,0,0,2,74
2,2,0,0,2,74
0,0,0,0,0,75
0,0,0,0,1,75
0,0,0,0,1,75
0,0,0,0,2,75
0,0,0,0,2,75
1,0,0,0,2,75
1,0,1,0,2,75
1,0,1,0,2,75
1,0,1,0,2,75
2,0,1,0,2,75
2,0,1,0,3,75
2,0,1,0,3,75
2,0,1,0,3,75
2,0,1,0,3,75
2,0,1,0,3,75
2,0,1,0,3,75
2,0,1,0,3,75
0,0,0,0,0,76
0,0,0,1,0,76
0,0,0,1,0,76
0,1,0,1,0,76
1,1,0,1,0,76
1,1,0,1,0,76
1,1,0,1,0,76
0,1,0,1,0,76
1,1,0,1,0,76
1,1,0,1,1,76
1,2,0,1,1,76
1,2,0,1,1,76
1,2,0,1,1,76
1,2,0,1,1,76
1,2,0,1,2,76
1,2,0,2,2,76
1,2,0,2,2,76
1,2,0,2,2,76
1,2,0,2,2,76
1,2,0,2,3,76
1,2,0,2,3,76
1,2,0,2,3,76
1,2,0,2,3,76
1,2,0,2,3,76
1,2,0,2,3,76
2,2,0,2,3,76
2,2,0,2,3,76
1,2,0,2,3,76
1,2,0,2,3,76
1,2,0,2,3,76
1,2,0,2,3,76
1,2,0,2,3,76
1,2,0,2,3,76
1,2,0,2,3,76
1,2,0,2,3,76
1,2,0,2,3,76
1,2,0,2,3,76
1,2,0,2,3,76
1,2,0,2,3,76
1,2,0,2,3,76
1,2,0,2,3,76
1,2,0,2,3,76
1,2,0,2,3,76
1,2,0,2,3,76
1,2,0,2,3,76
1,2,0,2,3,76
1,2,0,2,3,76
1,2,0,2,3,76
1,2,0,2,3,76
1,2,0,2,3,76
1,2,0,2,3,76
1,2,0,2,3,76
1,2,0,2,3,76
1,2,0,2,3,76
1,2,0,2,3,76
1,2,0,2,3,76
1,2,0,2,3,76
1,2,0,2,3,76
1,2,0,2,3,76
1,2,0,2,3,76
1,2,0,2,3,76
1,2,0,2,3,76
1,2,0,2,3,76
1,2,0,2,3,76
1,2,0,2,3,76
1,2,0,2,3,76
1,2,0,2,3,76
1,2,0,2,3,76
1,2,0,2,3,76
1,2,0,2,3,76
1,2,0,2,3,76
1,2,0,2,3,76
1,2,0,2,3,76
1,2,0,2,3,76
1,2,0,2,3,76
1,2,0,2,3,76
1,2,0,2,3,76
1,2,0,2,3,76
1,2,0,2,3,76
1,2,0,2,3,76
1,2,0,2,3,76
1,2,0,2,3,76
1,2,0,2,3,76
1,2,0,2,3,76
1,2,0,2,3,76
1,2,0,2,3,76
1,2,0,2,3,76
1,2,0,2,3,76
1,2,0,2,3,76
1,2,0,2,2,76
1,2,0,2,2,76
1,2,0,2,2,76
1,2,0,2,2,76
1,2,0,2,2,76
1,2,0,2,2,76
1,2,0,2,2,76
1,2,0,2,2,76
1,2,0,2,2,76
1,2,0,2,2,76
1,2,0,2,2,76
0,0,0,0,0,77
1,0,0,0,0,77
1,0,0,0,1,77
1,0,1,0,1,77
2,0,1,0,1,77
2,0,1,1,1,77
2,0,1,1,1,77
2,1,1,1,1,77
2,1,1,1,2,77
2,1,1,1,2,77
3,1,1,1,2,77
3,1,1,1,2,77
3,1,1,1,2,77
3,2,1,1,2,77
3,3,1,1,2,77
3,3,1,1,2,77
3,3,1,1,2,77
3,3,2,1,2,77
3,3,2,1,2,77
3,3,2,1,2,77
3,3,2,1,2,77
3,3,2,1,2,77
3,3,2,1,2,77
3,3,2,1,2,77
3,3,2,1,2,77
3,3,2,1,3,77
3,3,2,1,3,77
3,3,1,1,3,77
3,3,1,1,3,77
3,3,1,1,4,77
3,3,1,1,5,77
2,3,1,2,5,77
2,3,1,2,4,77
2,4,1,2,4,77
2,4,1,2,4,77
2,4,1,2,4,77
2,4,2,2,4,77
2,4,2,2,4,77
2,4,2,2,4,77
2,4,2,2,4,77
2,4,2,2,4,77
2,4,2,3,4,77
2,4,2,3,4,77
2,4,3,3,4,77
3,4,3,3,4,77
4,4,3,3,4,77
4,4,3,3,4,77
4,4,3,3,4,77
4,4,3,3,5,77
4,5,3,3,5,77
4,5,3,3,4,77
4,5,3,3,4,77
5,5,3,3,4,77
5,5,3,3,4,77
5,5,4,3,4,77
5,5,4,3,4,77
5,5,4,3,4,77
5,5,5,3,4,77
5,6,5,3,3,77
5,6,6,3,3,77
5,6,6,3,3,77
5,7,6,3,3,77
5,7,6,3,3,77
6,7,6,3,3,77
6,7,6,3,3,77
6,7,6,3,3,77
6,8,6,3,3,77
6,8,6,3,3,77
5,8,6,3,4,77
5,8,6,3,4,77
5,8,6,3,5,77
5,9,6,3,5,77
5,9,6,3,5,77
5,9,6,3,5,77
5,8,6,3,5,77
5,8,6,2,5,77
5,8,6,2,6,77
5,8,6,2,6,77
5,8,6,2,6,77
5,8,6,2,6,77
5,8,6,2,5,77
5,8,6,3,5,77
5,8,6,3,5,77
5,8,6,3,6,77
5,8,6,3,6,77
5,8,6,3,6,77
6,8,6,3,6,77
6,8,6,3,6,77
6,8,6,3,6,77
6,8,6,3,6,77
6,8,6,3,6,77
6,8,6,3,6,77
6,8,6,3,6,77
6,8,6,3,6,77
6,7,6,3,7,77
6,7,6,3,7,77
6,7,6,3,7,77
6,7,6,3,7,77
6,7,6,3,7,77
6,7,6,3,7,77
0,0,0,0,0,78
0,0,0,0,0,78
0,0,0,1,0,78
0,0,0,1,0,78
0,0,0,1,0,78
1,0,0,1,0,78
1,0,1,1,0,78
1,0,1,1,1,78
1,1,1,1,1,78
1,1,1,1,1,78
1,1,1,1,2,78
1,1,1,1,2,78
1,2,1,1,2,78
1,2,1,1,2,78
1,2,1,1,2,78
1,2,1,1,3,78
1,2,1,1,3,78
1,2,2,1,3,78
2,2,2,1,2,78
2,2,2,1,2,78
2,3,2,1,2,78
2,3,2,1,2,78
2,3,2,1,2,78
2,3,2,1,2,78
2,4,2,1,2,78
2,4,2,1,3,78
3,4,2,1,3,78
3,4,2,1,3,78
3,4,2,1,3,78
3,4,2,1,3,78
3,4,2,1,3,78
3,4,2,1,3,78
3,4,2,1,3,78
3,4,2,1,3,78
3,4,2,1,3,78
3,4,2,1,3,78
3,4,2,1,3,78
3,4,2,1,3,78
3,4,2,1,4,78
3,4,2,1,4,78
3,4,2,1,4,78
3,4,2,1,4,78
3,4,2,0,4,78
3,4,2,0,4,78
3,4,2,0,4,78
3,4,2,0,4,78
3,4,2,0,4,78
3,4,2,0,4,78
3,4,2,0,4,78
3,4,2,0,4,78
3,4,2,0,4,78
3,4,2,0,4,78
3,4,2,0,4,78
3,4,2,0,4,78
3,4,2,0,4,78
3,4,2,0,4,78
3,4,2,0,4,78
3,4,2,0,4,78
3,4,2,0,4,78
3,4,2,0,4,78
3,4,2,0,4,78
3,4,2,0,4,78
3,4,2,0,4,78
3,3,2,0,4,78
3,3,2,0,4,78
3,3,2,0,4,78
3,3,2,0,4,78
3,3,2,0,4,78
3,3,2,0,4,78
3,3,2,0,4,78
3,3,2,0,4,78
3,3,2,0,4,78
3,3,2,0,4,78
3,3,2,0,4,78
3,3,2,0,4,78
3,3,2,0,4,78
3,3,2,0,4,78
3,3,2,0,4,78
3,3,2,0,4,78
3,3,2,0,4,78
3,3,2,0,4,78
3,3,2,0,4,78
3,3,2,0,4,78
3,3,2,0,4,78
3,3,2,0,4,78
3,3,2,0,4,78
3,3,2,0,4,78
3,2,2,0,4,78
3,2,2,0,4,78
3,2,2,0,4,78
3,2,2,0,4,78
3,2,2,0,4,78
3,2,2,0,4,78
3,2,2,0,4,78
3,2,2,0,4,78
3,2,2,0,4,78
3,2,2,0,4,78
3,2,2,0,4,78
3,2,2,0,4,78
3,2,2,0,4,78
0,0,0,0,0,79
0,0,0,0,0,79
0,1,0,0,0,79
0,2,0,0,0,79
0,2,1,0,0,79
0,2,1,0,1,79
1,2,1,0,1,79
2,2,1,0,1,79
3,2,1,0,1,79
3,2,1,0,1,79
3,2,1,1,1,79
3,2,1,1,1,79
3,3,1,1,1,79
3,3,1,1,1,79
3,3,1,1,2,79
3,3,2,1,2,79
3,3,2,2,2,79
3,3,2,2,2,79
3,3,3,2,2,79
3,3,3,2,2,79
3,3,3,2,3,79
3,3,4,2,3,79
3,3,4,2,4,79
3,3,4,3,4,79
3,3,4,3,4,79
4,3,4,3,4,79
5,3,4,3,4,79
5,3,5,3,4,79
5,3,5,3,4,79
5,3,5,2,4,79
6,3,5,2,4,79
6,4,5,2,4,79
6,5,5,2,4,79
6,6,5,2,3,79
6,6,5,2,3,79
6,6,5,3,3,79
6,7,5,3,3,79
6,7,5,3,3,79
6,7,4,3,3,79
6,7,4,3,4,79
6,6,4,4,4,79
6,6,4,4,5,79
6,6,5,4,4,79
6,6,5,4,5,79
6,7,5,4,5,79
6,7,5,4,5,79
6,7,5,4,5,79
6,7,5,4,5,79
6,7,5,4,5,79
6,7,5,4,5,79
6,7,5,4,5,79
6,7,5,4,6,79
6,7,5,4,6,79
6,7,5,4,5,79
6,7,6,4,5,79
6,7,6,3,6,79
6,7,6,3,6,79
6,7,6,3,6,79
6,7,6,3,6,79
6,7,6,3,6,79
6,7,6,3,6,79
6,7,6,3,6,79
6,7,6,3,6,79
6,7,6,3,6,79
6,7,6,3,6,79
6,7,6,3,6,79
6,7,6,3,6,79
6,7,6,3,6,79
6,7,6,3,6,79
6,8,6,3,6,79
6,8,6,3,6,79
6,8,6,3,6,79
6,8,6,3,6,79
6,8,6,3,6,79
6,8,5,3,6,79
6,8,5,3,6,79
6,8,5,3,6,79
6,8,5,3,6,79
6,8,6,2,6,79
6,8,6,2,6,79
6,8,6,2,6,79
6,8,6,2,6,79
6,8,6,2,6,79
6,8,6,2,6,79
6,8,5,2,6,79
6,8,5,2,7,79
6,8,5,2,7,79
6,8,5,2,7,79
6,8,5,2,7,79
6,8,5,2,7,79
6,8,5,2,8,79
6,8,5,2,8,79
6,8,5,2,8,79
6,8,5,2,8,79
6,8,5,2,8,79
6,8,5,2,8,79
6,8,5,2,8,79
6,8,5,2,8,79
6,7,5,2,8,79
6,7,5,2,8,79
0,0,0,0,0,80
0,0,1,0,0,80
0,0,1,1,0,80
1,0,1,1,0,80
1,0,1,1,0,80
1,0,1,1,0,80
1,0,1,1,0,80
1,0,1,1,0,80
1,0,1,1,0,80
1,0,1,1,0,80
1,0,1,1,0,80
1,0,1,1,0,80
1,0,1,1,0,80
1,0,1,1,0,80
0,0,0,0,0,81
0,0,0,0,1,81
0,0,0,0,2,81
0,0,0,0,3,81
0,0,0,0,3,81
0,0,0,0,3,81
0,0,0,0,4,81
0,0,1,0,4,81
0,0,1,0,4,81
1,0,1,0,4,81
1,0,1,0,4,81
1,0,1,0,4,81
1,0,1,0,4,81
1,0,1,0,4,81
1,0,1,0,4,81
1,1,1,0,4,81
1,1,1,0,4,81
0,0,0,0,0,82
0,1,0,0,0,82
0,2,0,0,0,82
0,2,1,0,0,82
0,3,1,0,0,82
0,3,1,0,1,82
0,4,1,0,1,82
0,4,1,0,1,82
0,4,1,0,2,82
0,4,1,0,2,82
1,4,1,0,2,82
1,4,1,0,2,82
1,4,1,0,2,82
1,4,1,0,2,82
1,4,1,0,2,82
1,4,1,0,2,82
1,4,1,0,2,82
1,4,1,0,2,82
1,4,1,0,2,82
1,4,1,0,2,82
1,4,1,0,2,82
1,4,1,0,2,82
1,4,1,0,2,82
1,4,1,0,2,82
1,4,1,0,2,82
1,4,1,0,2,82
1,4,1,0,2,82
1,4,1,0,2,82
1,4,1,0,2,82
1,4,1,0,2,82
1,4,1,0,2,82
1,4,1,0,2,82
1,4,1,0,2,82
1,4,1,0,2,82
1,4,1,0,2,82
1,4,1,0,2,82
1,4,1,0,2,82
1,4,1,0,2,82
1,4,1,0,2,82
1,4,1,0,2,82
1,4,1,0,2,82
1,4,1,0,2,82
1,4,1,0,2,82
1,4,1,0,2,82
1,4,1,0,2,82
1,4,1,0,2,82
1,4,1,0,2,82
1,4,1,0,2,82
1,4,1,0,2,82
1,4,1,0,2,82
1,4,1,0,2,82
1,4,1,0,2,82
1,4,1,0,2,82
1,4,1,0,2,82
1,4,1,0,2,82
1,4,1,0,2,82
1,4,1,0,2,82
1,4,1,0,2,82
1,4,1,0,2,82
1,4,1,0,2,82
1,4,1,0,2,82
1,4,1,0,2,82
1,4,1,0,2,82
1,4,1,0,2,82
1,4,1,0,2,82
1,4,1,0,2,82
1,4,1,0,2,82
1,4,1,0,2,82
1,4,1,0,2,82
1,4,1,0,2,82
1,4,1,0,2,82
1,4,1,0,2,82
1,4,1,0,2,82
1,4,1,0,2,82
1,4,1,0,2,82
1,4,1,0,2,82
1,4,1,0,2,82
1,4,1,0,2,82
1,4,1,0,2,82
1,4,1,0,2,82
1,4,1,0,2,82
1,4,1,0,2,82
1,4,1,0,2,82
1,4,1,0,2,82
1,4,1,0,2,82
1,4,1,0,2,82
1,4,1,0,2,82
1,4,1,0,2,82
1,4,1,0,2,82
1,4,1,0,2,82
1,4,1,0,2,82
1,4,1,0,2,82
1,4,1,0,2,82
1,4,1,0,2,82
1,4,1,0,2,82
1,4,1,0,2,82
1,4,1,0,2,82
1,4,1,0,2,82
1,4,1,0,2,82
1,4,1,0,2,82
0,0,0,0,0,83
0,0,0,0,0,83
0,0,0,0,0,83
0,0,0,1,0,83
0,0,0,1,0,83
0,0,0,1,1,83
0,0,0,1,1,83
0,1,0,1,1,83
0,1,1,1,1,83
1,1,1,1,1,83
1,1,1,1,1,83
2,1,1,1,1,83
2,1,1,1,1,83
2,1,1,1,1,83
2,1,1,1,1,83
2,1,1,1,1,83
2,1,1,1,1,83
2,1,1,1,1,83
2,2,1,1,1,83
2,2,1,2,1,83
2,2,1,2,2,83
2,2,2,2,2,83
2,2,2,2,3,83
2,2,2,2,3,83
2,2,2,2,3,83
2,2,3,2,3,83
2,2,3,2,3,83
2,3,3,2,3,83
2,3,3,2,4,83
2,4,3,2,4,83
3,3,3,2,4,83
3,3,3,3,4,83
3,3,3,3,4,83
3,4,3,3,4,83
3,4,3,3,5,83
3,5,3,3,5,83
3,5,3,3,5,83
3,6,3,3,5,83
3,6,4,3,5,83
3,6,4,3,6,83
4,6,4,3,6,83
4,6,4,4,6,83
4,6,4,4,6,83
4,6,4,4,6,83
4,7,4,4,5,83
4,7,4,5,5,83
4,7,4,5,5,83
4,7,4,5,5,83
4,7,4,4,5,83
4,7,4,4,5,83
4,7,4,4,6,83
3,7,4,5,6,83
3,7,4,5,6,83
3,7,4,4,6,83
3,7,4,4,5,83
3,7,4,5,5,83
4,7,4,5,5,83
5,7,4,5,4,83
6,7,4,5,4,83
6,7,4,5,4,83
7,7,4,5,4,83
7,7,4,6,4,83
7,7,4,6,5,83
7,8,4,6,5,83
7,8,4,6,5,83
7,8,3,6,6,83
8,7,3,6,6,83
8,7,3,6,6,83
8,7,3,6,6,83
9,7,3,6,6,83
9,7,3,6,6,83
9,7,3,6,5,83
9,7,3,6,6,83
10,6,3,6,6,83
10,7,3,6,6,83
10,8,3,6,6,83
10,8,3,6,6,83
10,8,3,6,5,83
10,8,3,6,4,83
10,8,3,6,4,83
10,9,3,6,4,83
10,9,3,6,4,83
10,9,3,7,4,83
10,9,3,7,4,83
11,9,3,7,4,83
11,9,3,7,4,83
10,10,3,7,4,83
10,10,3,7,4,83
10,10,3,8,4,83
11,10,3,8,4,83
11,10,3,8,4,83
11,10,3,8,4,83
12,9,3,8,4,83
11,9,3,9,4,83
11,9,3,9,4,83
11,9,3,9,4,83
11,10,3,9,4,83
11,11,3,9,3,83
11,11,3,9,3,83
11,11,3,9,3,83
0,0,0,0,0,84
0,0,1,0,0,84
0,1,1,0,0,84
0,1,1,0,0,84
1,1,1,0,0,84
1,1,1,0,0,84
1,1,1,0,1,84
1,1,1,0,1,84
2,1,1,0,1,84
2,1,1,0,1,84
2,1,1,0,1,84
2,2,1,0,1,84
2,2,1,0,1,84
2,2,1,0,2,84
2,2,1,0,2,84
2,2,1,0,2,84
2,2,1,0,2,84
2,2,1,0,2,84
2,2,1,0,2,84
2,2,1,0,2,84
2,2,1,0,2,84
2,2,1,0,2,84
2,2,1,0,2,84
2,2,1,0,2,84
2,2,1,0,2,84
2,2,1,0,2,84
2,2,1,0,2,84
2,2,1,0,2,84
2,2,1,0,2,84
2,2,1,0,2,84
2,2,1,0,2,84
2,2,1,0,2,84
2,2,1,0,2,84
2,2,1,0,2,84
2,2,1,0,2,84
2,2,1,0,2,84
2,2,1,0,2,84
2,2,1,0,2,84
2,2,1,0,2,84
2,2,1,0,2,84
2,2,1,0,2,84
2,2,1,0,2,84
2,2,1,0,2,84
2,2,1,0,2,84
2,2,1,0,2,84
2,2,1,0,2,84
2,2,1,0,2,84
2,2,1,0,2,84
2,2,1,0,2,84
2,2,1,0,2,84
2,2,1,0,2,84
2,2,1,0,2,84
2,2,1,0,2,84
2,2,1,0,2,84
2,2,1,0,2,84
2,2,1,0,2,84
2,2,1,0,2,84
2,2,1,0,2,84
2,2,1,0,2,84
2,2,1,0,2,84
2,2,1,0,2,84
2,2,1,0,2,84
2,2,1,0,2,84
2,2,1,0,2,84
2,2,1,0,2,84
2,2,1,0,2,84
2,2,1,0,2,84
2,2,1,0,2,84
2,2,1,0,2,84
2,2,1,0,2,84
2,2,1,0,2,84
2,2,1,0,2,84
2,2,1,0,2,84
2,2,1,0,2,84
2,2,1,0,2,84
2,2,1,0,2,84
2,2,1,0,2,84
2,2,1,0,2,84
2,2,1,0,2,84
2,2,1,0,2,84
2,2,1,0,2,84
2,2,1,0,2,84
2,2,1,0,2,84
2,2,1,0,2,84
2,2,1,0,2,84
2,2,1,0,2,84
2,2,1,0,2,84
2,2,1,0,2,84
2,2,1,0,2,84
2,2,1,0,2,84
2,2,1,0,2,84
2,2,1,0,2,84
2,2,1,0,2,84
2,2,1,0,2,84
2,2,1,0,2,84
2,2,1,0,2,84
2,2,1,0,2,84
2,2,1,0,2,84
2,2,1,0,2,84
2,2,1,0,2,84
0,0,0,0,0,85
0,0,0,0,1,85
0,0,0,0,1,85
1,0,0,0,1,85
1,1,0,0,1,85
1,1,0,1,1,85
1,1,1,1,1,85
1,1,1,1,1,85
2,1,1,1,1,85
2,1,1,1,1,85
2,1,1,2,1,85
2,2,1,2,1,85
2,2,1,2,2,85
2,2,1,2,2,85
3,2,1,2,2,85
3,2,1,2,2,85
3,2,1,2,2,85
3,3,1,2,2,85
3,3,1,2,2,85
4,3,1,2,2,85
4,3,1,2,2,85
4,3,1,2,3,85
4,3,1,3,2,85
4,3,1,3,2,85
4,3,1,3,2,85
4,3,1,4,2,85
4,3,1,4,2,85
5,3,1,4,2,85
5,3,1,4,2,85
5,3,1,4,3,85
5,3,1,4,4,85
5,3,1,4,4,85
6,3,1,4,4,85
6,3,1,4,4,85
6,3,1,4,4,85
6,3,1,4,4,85
6,3,1,4,4,85
6,3,1,4,4,85
6,3,1,4,4,85
6,3,2,4,4,85
6,3,2,4,4,85
5,4,2,4,4,85
5,4,2,4,4,85
5,4,2,4,5,85
5,4,2,4,5,85
5,4,2,4,5,85
5,4,2,4,5,85
5,4,2,5,5,85
5,4,2,4,6,85
5,4,2,4,6,85
6,4,2,4,6,85
6,4,2,4,6,85
6,4,2,4,6,85
6,4,2,4,7,85
6,5,2,4,7,85
6,5,2,4,7,85
6,5,2,4,7,85
6,5,2,4,7,85
6,5,2,4,7,85
6,5,2,5,7,85
6,6,2,5,6,85
6,6,2,5,6,85
6,6,2,5,6,85
6,6,2,5,6,85
6,6,2,5,6,85
6,6,2,5,6,85
6,6,2,5,6,85
5,6,2,6,6,85
5,6,2,6,6,85
5,6,2,6,6,85
6,6,2,6,6,85
6,6,2,6,6,85
6,6,2,6,7,85
6,6,2,6,7,85
6,6,2,6,7,85
7,6,2,6,7,85
7,6,2,6,7,85
7,6,2,6,7,85
7,6,2,6,7,85
7,6,2,6,7,85
7,6,2,5,8,85
7,7,2,5,8,85
7,7,2,5,8,85
7,7,2,5,8,85
7,7,2,5,9,85
7,6,2,5,9,85
8,6,2,4,9,85
8,6,2,4,9,85
8,6,2,4,10,85
8,6,2,4,10,85
8,6,2,4,10,85
8,6,2,4,10,85
8,7,2,4,10,85
8,7,2,4,10,85
8,7,2,4,10,85
8,8,2,4,9,85
8,8,2,4,9,85
8,8,2,4,9,85
8,8,2,4,9,85
9,8,2,4,9,85
0,0,0,0,0,86
0,0,1,0,0,86
0,0,1,0,0,86
0,1,1,0,0,86
0,2,1,0,0,86
0,2,1,1,0,86
1,2,1,1,0,86
1,2,1,1,0,86
1,2,2,1,0,86
2,2,2,1,0,86
2,2,2,1,0,86
2,2,2,2,0,86
2,2,2,2,1,86
2,2,2,2,2,86
2,2,2,2,2,86
2,3,2,2,2,86
3,3,1,2,2,86
3,3,0,2,2,86
3,3,1,2,2,86
3,3,2,2,2,86
3,3,2,2,2,86
3,3,2,2,2,86
3,3,2,2,2,86
3,4,2,2,2,86
4,4,2,2,2,86
4,4,2,2,2,86
4,4,2,2,2,86
4,4,2,3,2,86
4,4,2,3,2,86
4,4,2,3,2,86
4,4,2,3,2,86
4,4,2,3,3,86
4,5,2,3,3,86
5,4,2,3,3,86
5,4,2,3,4,86
5,4,2,3,4,86
5,5,2,3,4,86
5,5,2,3,4,86
5,5,2,3,4,86
5,5,2,3,4,86
5,5,2,3,4,86
5,5,2,3,4,86
5,5,2,3,4,86
5,5,2,3,4,86
5,5,2,3,4,86
5,5,2,2,4,86
5,4,2,2,4,86
5,4,2,2,5,86
5,4,2,2,5,86
5,4,2,2,5,86
5,4,2,2,5,86
5,4,2,3,5,86
5,4,2,3,5,86
5,4,2,3,5,86
5,4,2,3,5,86
5,4,2,3,5,86
5,4,2,3,5,86
5,4,2,3,5,86
5,4,2,3,5,86
5,4,2,3,5,86
5,4,2,3,5,86
5,4,2,3,5,86
5,4,2,3,5,86
5,4,2,3,5,86
5,4,2,3,5,86
5,5,2,3,5,86
5,5,2,3,5,86
5,5,2,3,5,86
5,5,2,3,5,86
5,5,2,3,5,86
5,5,2,3,5,86
5,5,2,3,5,86
5,4,2,3,5,86
5,4,2,3,5,86
5,5,2,3,5,86
5,5,2,3,5,86
5,5,2,3,5,86
5,5,2,3,5,86
5,5,2,3,5,86
5,5,2,3,6,86
5,5,2,3,6,86
5,5,2,3,6,86
5,5,2,3,6,86
5,5,2,3,6,86
5,5,2,3,6,86
5,5,2,3,7,86
5,5,2,3,7,86
5,5,2,3,7,86
5,5,2,3,7,86
4,5,2,3,7,86
4,5,2,3,7,86
4,5,2,3,7,86
4,5,2,3,7,86
4,5,2,3,7,86
5,5,2,3,7,86
5,5,2,3,7,86
5,5,2,3,7,86
5,5,2,3,7,86
5,5,2,3,7,86
5,5,2,3,7,86
0,0,0,0,0,87
0,0,0,0,1,87
0,0,1,0,1,87
0,0,1,0,2,87
1,0,1,0,2,87
1,0,1,1,2,87
1,0,1,1,2,87
1,0,1,1,2,87
2,0,1,1,2,87
2,0,1,1,2,87
2,1,1,1,2,87
2,1,1,1,2,87
2,1,1,1,2,87
2,1,1,1,2,87
2,1,1,1,2,87
2,1,1,1,2,87
2,1,1,1,2,87
2,1,1,1,2,87
2,1,1,1,2,87
2,1,1,1,2,87
2,1,1,1,2,87
2,1,1,1,2,87
2,1,1,1,2,87
2,1,1,1,2,87
2,1,1,1,2,87
2,1,1,1,2,87
2,1,1,1,2,87
2,1,1,1,2,87
2,1,1,1,2,87
2,1,1,1,2,87
2,1,1,1,2,87
2,1,1,1,2,87
2,1,1,1,2,87
2,1,1,1,2,87
2,1,1,1,2,87
2,1,1,1,2,87
2,1,1,1,2,87
2,1,1,1,2,87
2,1,1,1,2,87
2,1,1,1,2,87
2,1,1,1,2,87
2,1,1,1,2,87
2,1,1,1,2,87
2,1,1,1,2,87
2,1,1,1,2,87
2,1,1,1,2,87
2,1,1,1,2,87
2,1,1,1,2,87
2,1,1,1,2,87
2,1,1,1,2,87
2,1,1,1,2,87
2,1,1,1,2,87
2,1,1,1,2,87
2,1,1,1,2,87
2,1,1,1,2,87
2,1,1,1,2,87
2,1,1,1,2,87
2,1,1,1,2,87
2,1,1,1,2,87
2,1,1,1,2,87
2,1,1,1,2,87
2,1,1,1,2,87
2,1,1,1,2,87
2,1,1,1,2,87
2,1,1,1,2,87
2,1,1,1,2,87
2,1,1,1,2,87
2,1,1,1,2,87
2,1,1,1,2,87
2,1,1,1,2,87
2,1,1,1,2,87
2,1,1,1,2,87
2,1,1,1,2,87
2,1,1,1,2,87
2,1,1,1,2,87
2,1,1,1,2,87
2,1,1,1,2,87
2,1,1,1,2,87
2,1,1,1,2,87
2,1,1,1,2,87
2,1,1,1,2,87
2,1,1,1,2,87
2,1,1,1,2,87
2,1,1,1,2,87
2,1,1,1,2,87
2,1,1,1,2,87
2,1,1,1,2,87
2,1,1,1,2,87
2,1,1,1,2,87
2,1,1,1,2,87
2,1,1,1,2,87
2,1,1,1,2,87
2,1,1,1,2,87
2,1,1,1,2,87
2,1,1,1,2,87
2,1,1,1,2,87
2,1,1,1,2,87
2,1,1,1,2,87
2,1,1,1,2,87
2,1,1,1,2,87
0,0,0,0,0,88
0,0,1,0,0,88
0,1,1,0,0,88
0,1,1,0,0,88
0,1,1,0,0,88
0,2,1,0,0,88
0,2,1,0,0,88
0,2,1,0,1,88
0,2,1,0,1,88
1,2,1,0,1,88
1,2,1,0,1,88
1,2,1,0,1,88
1,2,1,0,1,88
1,2,1,0,2,88
1,2,1,0,2,88
1,2,1,0,2,88
1,2,1,0,3,88
1,2,1,0,3,88
1,2,1,0,3,88
1,2,1,0,3,88
1,2,1,0,3,88
1,2,1,0,3,88
1,2,1,0,3,88
1,2,1,0,3,88
1,2,1,0,3,88
1,2,1,0,3,88
1,2,1,0,3,88
1,2,1,0,3,88
1,2,1,0,3,88
1,2,1,0,3,88
1,2,1,0,3,88
1,2,1,0,3,88
1,2,1,0,3,88
1,2,1,0,3,88
1,2,1,0,3,88
1,2,1,0,3,88
1,2,1,0,3,88
1,2,1,0,3,88
1,2,1,0,3,88
1,2,1,0,3,88
1,2,1,0,3,88
1,2,1,0,3,88
1,2,1,0,3,88
1,2,1,0,3,88
1,2,1,0,3,88
1,2,1,0,3,88
1,2,1,0,3,88
1,1,1,0,3,88
1,1,1,0,3,88
1,1,1,0,3,88
1,1,1,0,3,88
1,1,1,0,3,88
1,1,1,0,3,88
1,1,1,0,3,88
1,1,1,0,3,88
1,1,1,0,3,88
1,1,1,0,3,88
1,1,1,0,3,88
1,1,1,0,3,88
1,1,1,0,3,88
1,1,1,0,3,88
1,1,1,0,3,88
1,1,1,0,3,88
1,1,1,0,3,88
1,1,1,0,3,88
1,1,1,0,3,88
1,1,1,0,3,88
1,1,1,0,3,88
1,1,1,0,3,88
1,1,1,0,3,88
1,1,1,0,3,88
1,1,1,0,3,88
1,1,1,0,3,88
1,1,1,0,3,88
1,1,1,0,3,88
1,1,1,0,3,88
1,1,1,0,3,88
1,1,1,0,3,88
1,1,1,0,3,88
1,1,1,0,3,88
1,1,1,0,3,88
1,1,1,0,3,88
1,1,1,0,3,88
1,1,1,0,3,88
1,1,1,0,3,88
1,1,1,0,3,88
1,1,1,0,3,88
1,1,1,0,3,88
1,1,1,0,3,88
1,1,1,0,3,88
1,1,1,0,3,88
1,1,1,0,3,88
1,1,1,0,3,88
1,1,1,0,3,88
1,1,1,0,3,88
1,1,1,0,3,88
1,1,1,0,3,88
1,1,1,0,3,88
1,1,1,0,3,88
1,1,1,0,3,88
0,0,0,0,0,89
0,0,0,0,1,89
0,0,0,1,1,89
0,1,0,1,1,89
0,1,0,1,2,89
0,1,1,1,2,89
0,1,1,1,2,89
0,2,1,1,2,89
0,3,1,1,2,89
1,3,1,1,1,89
1,3,1,1,1,89
1,3,1,1,1,89
1,3,1,1,1,89
1,3,1,1,2,89
2,3,1,1,2,89
2,3,1,1,2,89
2,3,1,1,2,89
2,3,1,1,2,89
2,3,1,1,3,89
2,3,1,1,3,89
2,3,1,1,3,89
2,3,1,1,3,89
2,3,1,1,4,89
2,3,1,1,4,89
2,3,1,1,4,89
2,3,1,1,4,89
2,3,1,1,4,89
2,3,1,1,4,89
2,3,1,1,4,89
2,3,1,1,4,89
2,3,1,1,4,89
3,2,1,1,4,89
3,2,1,1,4,89
3,2,1,1,4,89
3,2,1,1,4,89
3,2,1,1,4,89
3,2,1,1,4,89
3,3,1,1,4,89
3,3,1,1,4,89
3,3,1,1,4,89
3,3,1,1,4,89
3,3,1,1,4,89
3,3,1,1,4,89
3,3,1,1,5,89
3,3,1,1,5,89
3,3,1,1,5,89
3,3,1,1,5,89
3,3,1,1,5,89
3,2,1,1,6,89
3,2,1,1,6,89
3,2,1,1,6,89
3,3,1,1,6,89
2,4,1,1,6,89
2,5,1,1,5,89
2,5,1,2,5,89
2,5,1,2,5,89
2,5,1,2,5,89
2,5,1,2,5,89
2,5,1,2,6,89
2,5,1,2,7,89
2,6,1,2,7,89
2,6,1,2,7,89
2,6,1,2,8,89
2,6,1,2,8,89
2,6,1,2,8,89
3,6,1,2,8,89
3,5,1,3,8,89
3,5,1,3,8,89
3,5,1,3,8,89
3,5,1,3,8,89
3,5,1,3,8,89
3,5,1,4,8,89
3,5,1,4,8,89
3,5,1,4,8,89
4,5,1,4,7,89
4,5,1,4,7,89
4,5,1,4,7,89
4,5,1,4,7,89
4,5,1,4,7,89
4,5,1,4,7,89
4,5,1,4,7,89
4,5,1,4,7,89
4,5,1,4,7,89
4,5,1,4,7,89
4,5,1,4,7,89
5,5,1,4,6,89
5,5,1,4,6,89
5,5,1,4,6,89
5,5,1,5,6,89
5,5,1,5,6,89
5,5,1,5,6,89
5,5,1,5,6,89
5,5,1,5,6,89
5,5,1,5,6,89
5,5,1,5,7,89
5,5,1,5,7,89
5,5,1,5,7,89
5,5,1,5,7,89
5,5,1,4,7,89
5,5,1,4,7,89
0,0,0,0,0,90
1,0,0,0,0,90
1,0,0,0,0,90
2,0,0,0,0,90
3,0,0,0,0,90
3,0,0,1,0,90
3,1,0,1,0,90
3,1,0,1,0,90
3,1,0,1,0,90
3,1,0,1,0,90
3,1,0,1,0,90
3,1,0,1,1,90
3,1,0,1,1,90
3,1,0,1,2,90
3,1,0,1,2,90
3,1,0,1,2,90
3,1,0,1,2,90
3,1,0,1,2,90
3,1,0,1,2,90
3,2,0,1,2,90
3,2,0,1,2,90
3,2,0,1,2,90
3,2,0,1,2,90
3,2,0,1,2,90
3,2,0,1,2,90
3,2,0,1,2,90
3,2,0,1,2,90
3,2,0,1,2,90
3,2,0,1,2,90
3,2,0,1,2,90
3,2,0,1,2,90
3,2,0,1,2,90
3,2,0,1,2,90
3,2,0,1,2,90
3,2,0,1,2,90
3,2,0,1,2,90
3,2,0,1,2,90
3,2,0,1,2,90
3,2,0,1,2,90
3,2,0,1,2,90
3,2,0,1,2,90
3,2,0,1,2,90
3,2,0,1,2,90
3,2,0,1,2,90
3,2,0,1,2,90
3,2,0,1,2,90
3,2,0,1,2,90
3,2,0,1,2,90
3,2,0,1,2,90
3,2,0,1,2,90
3,2,0,1,2,90
3,2,0,1,2,90
3,2,0,1,2,90
3,2,0,1,2,90
3,2,0,1,2,90
3,2,0,1,2,90
3,2,0,1,2,90
3,2,0,1,2,90
3,2,0,1,2,90
3,2,0,1,2,90
3,2,0,1,2,90
3,2,0,1,2,90
3,2,0,1,2,90
3,2,0,1,2,90
3,2,0,1,2,90
3,2,0,1,2,90
3,2,0,1,2,90
3,2,0,1,2,90
3,2,0,1,2,90
3,2,0,1,2,90
3,2,0,1,2,90
3,2,0,1,2,90
3,2,0,1,2,90
3,2,0,1,2,90
3,2,0,1,2,90
3,2,0,1,2,90
3,2,0,1,2,90
3,2,0,1,2,90
3,2,0,1,2,90
3,2,0,1,2,90
3,2,0,1,2,90
3,2,0,1,2,90
3,2,0,1,2,90
3,2,0,1,2,90
3,2,0,1,2,90
3,2,0,1,2,90
3,2,0,1,2,90
3,2,0,1,2,90
3,2,0,1,2,90
3,2,0,1,2,90
3,2,0,1,2,90
3,2,0,1,2,90
3,2,0,1,2,90
3,2,0,1,2,90
3,2,0,1,2,90
3,2,0,1,2,90
3,2,0,1,2,90
3,2,0,1,2,90
3,2,0,1,2,90
3,2,0,1,2,90
0,0,0,0,0,91
0,0,0,1,0,91
0,0,0,1,1,91
1,0,0,1,1,91
2,0,0,1,1,91
2,0,0,1,1,91
2,0,0,1,1,91
2,0,0,1,2,91
3,0,0,1,2,91
3,0,0,1,2,91
3,0,0,1,2,91
3,0,0,1,3,91
3,1,0,1,3,91
3,1,0,1,3,91
3,1,0,1,3,91
3,1,0,1,3,91
3,1,0,1,3,91
3,1,0,1,3,91
3,1,0,1,3,91
3,1,0,1,3,91
3,1,0,1,3,91
3,1,0,1,3,91
3,1,0,1,3,91
3,1,0,1,3,91
3,1,0,1,3,91
3,1,0,1,3,91
3,1,0,1,3,91
3,1,0,1,3,91
3,1,0,1,3,91
3,1,0,1,3,91
3,1,0,1,3,91
3,1,0,1,3,91
3,1,0,1,3,91
3,1,0,1,3,91
3,1,0,1,3,91
3,1,0,1,3,91
3,1,0,1,3,91
3,1,0,1,3,91
3,1,0,1,3,91
3,1,0,1,3,91
3,1,0,1,3,91
3,1,0,1,3,91
3,1,0,1,3,91
3,1,0,1,3,91
3,1,0,1,3,91
3,1,0,1,3,91
3,1,0,1,3,91
3,1,0,1,3,91
3,1,0,1,3,91
3,1,0,1,3,91
3,1,0,1,3,91
3,1,0,1,3,91
3,1,0,1,3,91
3,1,0,1,3,91
3,1,0,1,3,91
3,1,0,1,3,91
3,1,0,1,3,91
3,1,0,1,3,91
3,1,0,1,3,91
3,1,0,1,3,91
3,1,0,1,3,91
3,1,0,1,3,91
3,1,0,1,3,91
3,1,0,1,3,91
3,1,0,1,3,91
3,1,0,1,3,91
3,1,0,1,3,91
3,1,0,1,3,91
3,1,0,1,3,91
3,1,0,1,3,91
3,1,0,1,3,91
3,1,0,1,3,91
3,1,0,1,3,91
3,1,0,1,3,91
3,1,0,1,3,91
3,1,0,1,3,91
3,1,0,1,3,91
3,1,0,1,3,91
3,1,0,1,3,91
3,1,0,1,3,91
3,1,0,1,3,91
3,1,0,1,3,91
3,1,0,1,3,91
3,1,0,1,3,91
3,1,0,1,3,91
3,1,0,1,3,91
3,1,0,1,3,91
3,1,0,1,3,91
3,1,0,1,3,91
3,1,0,1,3,91
3,1,0,1,3,91
3,1,0,1,3,91
3,1,0,1,3,91
3,1,0,1,3,91
3,1,0,1,3,91
3,1,0,1,3,91
3,1,0,1,3,91
3,1,0,1,3,91
3,1,0,1,3,91
3,1,0,1,3,91
0,0,0,0,0,92
0,0,0,0,1,92
0,0,0,1,1,92
0,1,0,1,1,92
1,1,0,1,1,92
1,2,0,1,0,92
1,3,0,1,0,92
1,3,0,1,1,92
1,3,0,1,1,92
1,3,0,1,1,92
1,3,0,1,1,92
1,3,0,1,2,92
1,3,0,1,2,92
1,3,0,1,3,92
1,3,0,1,3,92
1,3,0,1,3,92
1,3,0,1,3,92
2,2,0,1,3,92
2,2,0,1,3,92
2,2,0,1,3,92
2,2,0,1,3,92
2,2,0,1,3,92
2,2,0,1,3,92
2,2,0,1,3,92
2,2,0,1,3,92
2,2,0,1,3,92
2,2,0,1,3,92
2,2,0,1,3,92
2,2,0,1,3,92
2,2,0,1,3,92
2,2,0,1,3,92
2,2,0,1,3,92
2,2,0,1,3,92
2,2,0,1,3,92
2,2,0,1,3,92
2,2,0,1,3,92
2,2,0,1,3,92
2,2,0,1,3,92
2,2,0,1,3,92
2,2,0,1,3,92
2,2,0,1,3,92
2,2,0,1,3,92
2,2,0,1,3,92
2,2,0,1,3,92
2,2,0,1,3,92
2,2,0,1,3,92
2,2,0,1,3,92
2,2,0,1,3,92
2,2,0,1,3,92
2,2,0,1,3,92
2,2,0,1,3,92
2,2,0,1,3,92
2,2,0,1,3,92
2,2,0,1,3,92
2,2,0,1,3,92
2,2,0,1,3,92
2,2,0,1,3,92
2,2,0,1,3,92
2,2,0,1,3,92
2,2,0,1,3,92
2,2,0,1,3,92
2,2,0,1,3,92
2,2,0,1,3,92
2,2,0,1,3,92
2,2,0,1,3,92
2,2,0,1,3,92
2,2,0,1,3,92
2,2,0,1,3,92
2,2,0,1,3,92
2,2,0,1,3,92
2,2,0,1,3,92
2,2,0,1,3,92
2,2,0,1,3,92
2,2,0,1,3,92
2,2,0,1,3,92
2,2,0,1,3,92
2,2,0,1,3,92
2,2,0,1,3,92
2,2,0,1,3,92
2,2,0,1,3,92
2,2,0,1,3,92
2,2,0,1,3,92
2,2,0,1,3,92
2,2,0,1,3,92
2,2,0,1,3,92
2,2,0,1,3,92
2,2,0,1,3,92
2,2,0,1,3,92
2,2,0,1,3,92
2,2,0,1,3,92
2,2,0,1,3,92
2,2,0,1,3,92
2,2,0,1,3,92
2,2,0,1,3,92
2,2,0,1,3,92
2,2,0,1,3,92
2,2,0,1,3,92
2,2,0,1,3,92
2,2,0,1,3,92
2,2,0,1,3,92
0,0,0,0,0,93
0,1,0,0,0,93
0,1,0,0,1,93
0,1,0,0,2,93
1,1,0,0,2,93
1,1,0,0,3,93
1,1,1,0,3,93
1,1,1,1,3,93
1,1,1,1,4,93
2,1,1,1,4,93
2,1,1,1,4,93
2,2,1,1,4,93
2,2,1,1,4,93
2,2,1,1,4,93
2,2,1,1,4,93
2,2,1,1,4,93
2,2,1,1,4,93
2,2,1,1,4,93
2,2,1,1,4,93
2,2,1,1,4,93
2,3,1,1,4,93
2,3,1,1,4,93
2,3,1,1,4,93
2,3,1,1,4,93
2,3,1,1,4,93
2,3,1,1,4,93
2,3,1,1,4,93
2,4,1,1,4,93
2,4,1,1,4,93
3,4,1,1,4,93
3,4,1,1,4,93
3,4,1,1,4,93
3,4,1,1,5,93
3,4,1,1,5,93
3,4,1,1,5,93
3,4,1,1,5,93
3,4,1,1,5,93
3,4,1,1,5,93
3,4,1,1,5,93
3,4,1,1,5,93
3,4,1,1,5,93
3,4,1,1,5,93
3,4,1,1,5,93
3,4,1,1,5,93
3,4,1,1,5,93
3,4,1,1,6,93
3,4,1,1,6,93
3,4,1,1,6,93
3,4,1,1,6,93
3,4,1,1,6,93
3,4,1,1,6,93
3,4,1,1,6,93
3,4,1,1,6,93
3,4,1,1,5,93
3,4,1,1,5,93
3,4,1,1,5,93
3,4,1,1,6,93
3,4,1,1,6,93
3,4,1,1,6,93
3,4,1,1,6,93
3,4,1,1,6,93
3,4,1,1,6,93
3,4,1,1,6,93
3,4,1,1,6,93
3,4,1,1,6,93
3,4,1,1,6,93
3,4,1,1,6,93
4,4,1,1,6,93
4,4,1,1,6,93
4,4,1,1,6,93
4,4,1,1,6,93
4,4,1,1,6,93
4,4,1,1,6,93
4,4,1,1,6,93
4,4,1,1,6,93
4,4,1,1,6,93
4,4,1,1,6,93
4,4,1,1,6,93
4,4,1,1,6,93
4,4,1,1,6,93
4,4,1,1,6,93
4,4,1,1,7,93
4,4,1,1,7,93
4,4,1,1,7,93
4,4,1,1,7,93
4,4,1,1,7,93
4,4,1,1,7,93
4,4,1,1,7,93
4,4,1,1,7,93
4,4,1,1,7,93
4,3,1,1,7,93
4,3,1,1,6,93
4,3,1,1,6,93
4,4,1,1,6,93
4,4,1,1,6,93
4,4,1,1,6,93
4,5,1,1,5,93
4,5,1,1,5,93
4,5,1,1,5,93
4,5,1,1,5,93
0,0,0,0,0,94
0,0,1,0,0,94
0,0,1,0,0,94
0,0,1,1,0,94
0,0,1,1,0,94
1,0,1,1,0,94
2,0,1,1,0,94
2,0,1,1,0,94
2,0,1,1,1,94
2,0,1,1,1,94
2,0,1,1,1,94
2,0,1,1,1,94
2,0,1,1,1,94
2,0,1,1,1,94
2,0,1,1,1,94
2,0,1,1,1,94
2,0,1,1,1,94
0,0,0,0,0,95
0,1,0,0,0,95
0,1,0,0,1,95
0,0,0,1,1,95
0,0,0,1,1,95
0,0,0,1,2,95
0,0,0,1,2,95
0,1,0,1,2,95
0,2,0,1,2,95
1,2,0,1,2,95
1,2,0,1,2,95
2,1,0,1,2,95
2,1,0,1,2,95
2,1,0,1,2,95
2,1,0,1,2,95
2,2,0,1,2,95
2,2,0,1,2,95
2,2,0,1,2,95
2,2,0,1,2,95
2,2,0,1,2,95
2,2,0,1,2,95
2,2,0,1,2,95
2,2,0,1,3,95
2,2,0,1,3,95
2,2,0,1,3,95
2,2,0,1,3,95
2,2,0,1,3,95
2,2,0,1,3,95
2,2,0,1,3,95
2,2,0,1,3,95
2,2,0,1,3,95
2,2,0,1,3,95
2,2,0,1,3,95
2,2,0,1,3,95
2,2,0,1,3,95
2,2,0,1,3,95
2,2,0,1,3,95
2,2,0,1,3,95
2,2,0,1,3,95
2,2,0,1,3,95
2,2,0,1,3,95
2,2,0,1,3,95
2,2,0,1,3,95
2,2,0,1,3,95
2,2,0,1,3,95
2,2,0,1,3,95
2,2,0,1,3,95
2,2,0,1,3,95
2,2,0,1,3,95
2,2,0,1,3,95
2,2,0,1,3,95
2,2,0,1,3,95
2,2,0,1,3,95
2,2,0,1,3,95
2,2,0,1,3,95
2,2,0,1,3,95
2,2,0,1,3,95
2,2,0,1,3,95
2,2,0,1,3,95
2,2,0,1,3,95
2,2,0,1,3,95
2,2,0,1,3,95
2,2,0,1,3,95
2,2,0,1,3,95
2,2,0,1,3,95
2,2,0,1,3,95
2,2,0,1,3,95
2,2,0,1,3,95
2,2,0,1,3,95
2,2,0,1,3,95
2,2,0,1,3,95
2,2,0,1,3,95
2,2,0,1,3,95
2,2,0,1,3,95
2,2,0,1,3,95
2,2,0,1,3,95
2,2,0,1,3,95
2,1,0,1,3,95
2,1,0,1,3,95
2,1,0,1,3,95
2,1,0,1,3,95
2,1,0,1,3,95
2,1,0,1,3,95
2,1,0,1,3,95
2,1,0,1,3,95
2,1,0,1,3,95
2,1,0,1,3,95
2,1,0,1,3,95
2,1,0,1,3,95
2,1,0,1,3,95
2,1,0,1,3,95
2,1,0,1,3,95
2,1,0,1,3,95
2,1,0,1,3,95
2,1,0,1,3,95
1,1,0,1,3,95
1,1,0,1,3,95
1,1,0,1,3,95
1,1,0,1,3,95
1,1,0,1,3,95
0,0,0,0,0,96
0,0,0,0,1,96
0,0,0,1,1,96
0,0,1,1,1,96
0,0,1,1,1,96
0,0,1,1,1,96
0,0,1,1,1,96
0,0,1,1,1,96
0,0,1,1,1,96
0,1,1,1,1,96
0,1,1,1,1,96
0,1,1,1,1,96
0,1,1,1,1,96
0,1,1,1,2,96
0,1,1,1,3,96
0,1,1,1,3,96
0,1,1,1,4,96
0,1,1,1,4,96
0,1,1,1,4,96
0,1,1,1,4,96
0,1,1,1,4,96
0,1,1,1,4,96
0,1,1,1,4,96
1,1,1,1,4,96
2,1,1,1,4,96
2,1,1,1,4,96
2,1,1,1,4,96
2,1,1,1,4,96
2,1,1,1,4,96
2,1,1,1,4,96
3,1,1,1,3,96
3,1,1,1,3,96
3,1,1,1,3,96
3,1,1,1,3,96
3,1,1,1,3,96
3,2,1,1,3,96
3,2,1,1,3,96
3,2,1,1,3,96
3,2,1,1,3,96
3,2,1,1,3,96
3,2,1,1,3,96
3,2,1,1,3,96
3,2,1,1,3,96
3,2,1,1,3,96
3,2,1,1,3,96
3,2,1,1,3,96
3,2,1,1,3,96
3,2,1,1,3,96
3,2,1,1,3,96
3,2,1,1,3,96
3,2,1,1,3,96
3,2,1,1,3,96
3,2,2,1,3,96
3,2,2,1,3,96
3,2,2,1,3,96
3,2,2,1,4,96
3,2,2,1,4,96
3,2,2,1,4,96
3,2,2,1,4,96
3,2,2,1,5,96
3,2,2,1,5,96
3,2,2,1,5,96
3,2,2,1,5,96
3,2,2,1,5,96
3,2,2,1,5,96
3,2,2,1,6,96
3,2,2,1,6,96
3,2,2,1,6,96
2,2,2,1,6,96
2,3,2,1,6,96
2,3,2,1,6,96
2,3,2,1,6,96
3,3,2,1,6,96
3,3,2,1,6,96
3,3,2,1,6,96
3,3,3,1,6,96
3,3,3,1,6,96
3,3,3,1,6,96
3,3,3,1,6,96
3,4,3,1,6,96
3,4,3,1,6,96
3,4,3,1,6,96
3,4,3,1,6,96
3,4,3,1,6,96
3,4,3,1,6,96
4,4,3,1,6,96
4,4,3,1,6,96
4,4,3,1,6,96
4,4,3,1,6,96
4,4,3,1,6,96
4,5,3,1,6,96
4,5,3,1,6,96
4,5,3,1,6,96
4,5,3,1,6,96
4,5,3,1,6,96
4,5,3,1,6,96
4,5,3,1,6,96
4,5,3,2,6,96
4,5,3,2,6,96
4,5,3,2,6,96
0,0,0,0,0,97
0,0,0,1,0,97
1,0,0,1,0,97
1,0,0,1,1,97
1,0,0,1,2,97
1,1,0,0,2,97
1,1,0,0,2,97
1,1,0,1,2,97
1,1,0,1,2,97
1,1,1,1,2,97
1,2,1,1,2,97
1,2,1,1,2,97
1,2,1,1,2,97
1,2,1,1,2,97
1,2,1,1,2,97
1,2,1,1,3,97
2,2,1,1,3,97
2,2,1,1,3,97
3,2,1,1,3,97
3,2,1,1,3,97
3,2,1,1,3,97
3,2,1,1,3,97
3,2,1,1,3,97
3,2,1,1,4,97
3,2,1,1,4,97
3,2,1,1,4,97
3,2,1,1,4,97
3,2,1,1,4,97
3,2,1,1,4,97
3,2,1,1,4,97
3,2,1,1,4,97
3,2,1,1,4,97
3,2,1,1,4,97
3,2,1,1,4,97
3,2,1,1,4,97
3,2,1,1,4,97
3,2,1,1,4,97
3,2,1,1,4,97
3,2,1,1,4,97
3,2,1,1,4,97
3,2,1,1,4,97
3,2,1,1,4,97
3,2,1,1,5,97
3,2,1,1,5,97
3,2,1,1,5,97
3,2,1,1,5,97
3,2,1,1,5,97
3,2,1,1,5,97
3,2,1,1,5,97
3,2,1,1,5,97
3,2,1,1,5,97
3,2,1,1,5,97
3,2,1,1,5,97
3,2,1,1,5,97
3,2,1,1,5,97
3,2,1,1,5,97
3,2,1,1,5,97
3,2,1,1,5,97
3,2,1,1,5,97
3,2,1,1,5,97
3,2,1,1,5,97
3,2,1,1,5,97
3,2,1,1,5,97
3,2,1,1,5,97
3,2,1,1,5,97
3,2,1,1,5,97
3,2,1,1,5,97
3,2,1,1,5,97
3,2,1,1,5,97
3,2,1,1,5,97
3,2,1,1,5,97
3,2,1,1,5,97
3,2,1,1,5,97
3,2,1,1,5,97
3,2,1,1,5,97
3,2,1,1,5,97
3,2,1,1,5,97
3,2,1,1,5,97
3,2,1,1,5,97
3,2,1,1,5,97
3,2,1,1,5,97
3,2,1,1,5,97
3,2,1,1,5,97
3,2,1,1,5,97
3,2,1,1,5,97
3,2,1,1,5,97
3,2,1,1,5,97
3,2,1,1,5,97
3,2,1,1,5,97
3,2,1,1,5,97
3,2,1,1,5,97
3,2,1,1,5,97
3,2,1,1,5,97
3,2,1,1,5,97
3,2,1,1,5,97
3,2,1,1,5,97
3,2,1,1,5,97
3,2,1,1,5,97
3,2,1,1,5,97
3,2,1,1,5,97
0,0,0,0,0,98
0,0,1,0,0,98
0,0,1,0,0,98
0,0,1,1,0,98
1,0,1,1,0,98
1,0,1,1,1,98
1,0,1,1,1,98
1,0,1,1,1,98
1,0,1,1,1,98
1,0,1,1,1,98
1,0,1,1,2,98
2,0,1,1,2,98
2,0,1,1,2,98
2,0,1,1,2,98
2,1,1,1,2,98
2,1,1,1,2,98
2,1,1,1,2,98
0,0,0,0,0,99
0,0,0,1,0,99
0,0,0,1,0,99
1,0,0,1,0,99
1,0,0,1,0,99
1,0,0,1,0,99
1,0,0,1,0,99
1,1,0,1,0,99
2,1,0,1,0,99
2,2,0,1,0,99
3,2,0,1,0,99
3,2,0,1,0,99
3,2,0,1,1,99
3,2,0,1,2,99
3,2,0,1,2,99
3,2,0,1,2,99
3,2,0,1,2,99
3,2,0,1,2,99
3,2,0,1,2,99
3,2,0,1,2,99
3,2,0,1,2,99
3,1,0,1,2,99
3,1,0,1,2,99
3,1,0,1,2,99
3,1,0,1,2,99
3,1,0,1,2,99
3,1,0,1,2,99
3,1,0,1,2,99
3,1,0,1,2,99
3,1,0,1,2,99
3,1,0,1,2,99
3,1,0,1,2,99
3,1,0,1,2,99
3,1,0,1,2,99
3,1,0,1,2,99
3,1,0,1,2,99
3,1,0,1,2,99
3,1,0,1,2,99
3,1,0,1,2,99
3,1,0,1,2,99
3,1,0,1,2,99
3,1,0,1,2,99
3,1,0,1,2,99
3,1,0,1,2,99
3,1,0,1,2,99
3,1,0,1,2,99
3,1,0,1,2,99
3,1,0,1,2,99
3,1,0,1,2,99
3,1,0,1,2,99
3,1,0,1,2,99
3,1,0,1,2,99
3,1,0,1,2,99
3,1,0,1,2,99
3,1,0,1,2,99
3,1,0,1,2,99
3,1,0,1,2,99
3,1,0,1,2,99
3,1,0,1,2,99
3,1,0,1,2,99
3,1,0,1,2,99
3,1,0,1,2,99
3,1,0,1,2,99
3,1,0,1,2,99
3,1,0,1,2,99
3,1,0,1,2,99
3,1,0,1,2,99
3,1,0,1,2,99
3,1,0,1,2,99
3,1,0,1,2,99
3,1,0,1,2,99
3,1,0,1,2,99
3,1,0,1,2,99
3,1,0,1,2,99
3,1,0,1,2,99
3,1,0,1,2,99
3,1,0,1,2,99
3,1,0,1,2,99
3,1,0,1,2,99
3,1,0,1,2,99
3,1,0,1,2,99
3,1,0,1,2,99
3,1,0,1,2,99
3,1,0,1,2,99
3,1,0,1,2,99
3,1,0,1,2,99
3,1,0,1,2,99
3,1,0,1,2,99
3,1,0,1,2,99
3,1,0,1,2,99
3,1,0,1,2,99
3,1,0,1,2,99
3,1,0,1,2,99
3,1,0,1,2,99
3,1,0,1,2,99
3,1,0,1,2,99
3,1,0,1,2,99
3,1,0,1,2,99
3,1,0,1,2,99
3,1,0,1,2,99
0,0,0,0,0,100
0,0,1,0,0,100
0,0,1,0,0,100
0,0,1,0,0,100
1,0,1,0,0,100
1,1,1,0,0,100
1,1,1,0,0,100
1,1,1,0,0,100
1,1,1,0,1,100
1,1,1,0,1,100
1,2,1,0,1,100
2,2,1,0,1,100
2,2,2,0,1,100
2,2,2,0,1,100
2,2,2,0,1,100
2,2,2,1,1,100
2,2,2,1,1,100
2,2,2,1,2,100
2,2,2,2,2,100
2,2,3,2,2,100
2,2,3,2,2,100
2,2,3,2,2,100
2,3,3,1,2,100
3,3,3,1,2,100
3,3,3,2,2,100
3,3,3,2,2,100
3,4,3,2,2,100
3,4,3,2,2,100
3,5,3,2,1,100
3,5,3,2,1,100
3,5,3,2,1,100
3,5,3,3,1,100
3,5,3,3,1,100
3,5,4,2,1,100
3,5,4,2,1,100
3,5,4,2,1,100
3,5,4,2,1,100
3,5,4,3,1,100
4,5,4,3,1,100
4,5,4,2,1,100
4,5,4,2,2,100
3,5,4,2,2,100
3,5,4,2,2,100
3,5,4,2,2,100
3,5,4,3,2,100
3,5,4,3,2,100
3,5,4,3,2,100
3,4,4,3,3,100
3,4,4,3,4,100
3,4,4,3,5,100
3,5,4,3,5,100
3,5,4,3,5,100
3,5,5,3,5,100
3,5,5,3,5,100
3,5,5,3,5,100
3,5,5,3,5,100
4,5,5,3,5,100
4,5,5,3,5,100
4,5,5,3,6,100
4,5,5,3,6,100
4,5,5,3,6,100
4,5,5,3,6,100
4,4,5,3,6,100
4,4,5,3,6,100
5,4,5,3,6,100
5,4,5,3,6,100
5,4,5,3,6,100
5,4,5,3,6,100
5,4,5,3,7,100
5,4,5,3,7,100
5,4,5,3,7,100
5,5,5,3,7,100
5,5,5,3,7,100
5,5,5,3,7,100
5,5,5,3,7,100
5,5,5,3,8,100
5,5,5,3,8,100
5,5,5,3,9,100
5,5,5,3,9,100
5,5,5,3,9,100
5,6,5,3,9,100
5,6,5,3,9,100
5,6,5,3,9,100
5,6,5,3,9,100
6,6,5,3,9,100
6,6,5,3,9,100
6,6,5,3,8,100
6,6,5,3,8,100
6,6,6,3,7,100
6,6,6,3,7,100
6,6,6,3,7,100
6,6,6,3,7,100
6,6,6,3,7,100
7,6,6,3,7,100
7,6,6,3,7,100
7,6,6,3,7,100
7,6,6,3,8,100
7,6,6,3,8,100
7,7,6,3,8,100
7,7,6,3,8,100
0,0,0,0,0,101
0,0,0,1,0,101
0,0,0,1,1,101
0,1,0,1,1,101
0,1,1,1,1,101
0,1,1,1,2,101
0,2,1,1,2,101
0,2,1,1,2,101
0,2,1,1,3,101
0,3,1,1,3,101
0,3,1,1,3,101
0,3,1,1,3,101
0,3,1,1,3,101
0,3,1,1,3,101
0,3,1,1,3,101
0,3,1,1,3,101
1,3,1,1,3,101
1,3,1,1,3,101
2,3,1,1,3,101
2,3,1,1,3,101
2,3,1,1,3,101
2,3,1,1,3,101
2,3,1,1,3,101
2,3,1,1,4,101
2,3,1,1,4,101
2,3,1,1,4,101
2,3,1,1,4,101
2,3,1,1,4,101
2,3,1,1,4,101
2,3,1,1,5,101
2,3,1,1,5,101
2,3,1,1,5,101
2,3,1,1,5,101
2,3,1,1,5,101
2,4,1,1,5,101
2,4,1,1,5,101
2,4,1,1,5,101
2,4,1,1,5,101
2,4,1,1,5,101
2,4,1,1,5,101
2,4,1,1,5,101
2,4,1,1,5,101
2,4,1,1,5,101
2,5,1,1,5,101
2,5,1,1,5,101
2,5,1,1,5,101
2,5,1,1,5,101
2,5,1,1,5,101
2,5,1,2,4,101
2,5,1,2,4,101
2,5,1,2,4,101
2,5,1,2,4,101
2,5,1,2,4,101
2,5,1,2,4,101
2,5,1,2,4,101
2,5,1,2,4,101
2,5,1,2,5,101
2,5,1,2,5,101
2,5,1,2,5,101
2,5,1,2,5,101
2,5,1,2,5,101
2,5,1,2,5,101
2,5,1,2,5,101
2,5,1,2,5,101
2,5,1,2,5,101
2,5,1,2,5,101
2,5,1,2,6,101
2,5,1,2,6,101
2,5,1,2,6,101
2,5,1,2,6,101
2,5,1,1,6,101
2,5,1,1,6,101
2,5,1,2,6,101
2,5,1,2,6,101
2,5,1,2,6,101
2,5,1,2,6,101
2,5,1,2,6,101
2,5,1,2,6,101
2,5,1,2,6,101
2,5,1,2,6,101
2,5,1,2,6,101
2,5,1,2,6,101
2,5,1,2,6,101
2,5,1,2,6,101
2,5,1,2,6,101
2,5,1,2,7,101
2,5,1,2,7,101
2,5,1,2,7,101
2,5,1,2,7,101
2,5,1,2,7,101
2,5,1,2,7,101
2,5,1,2,7,101
2,5,1,2,7,101
2,5,1,2,7,101
3,5,1,2,7,101
2,5,1,2,7,101
2,5,1,2,7,101
2,5,1,2,7,101
2,5,1,2,7,101
2,5,1,2,7,101
0,0,0,0,0,102
0,0,0,0,0,102
0,0,1,0,0,102
0,0,1,0,1,102
0,0,1,0,2,102
0,1,1,0,2,102
0,1,1,0,3,102
0,2,1,0,3,102
0,2,1,0,3,102
0,3,1,0,3,102
0,3,1,1,3,102
1,3,1,1,3,102
1,3,1,1,3,102
1,3,1,1,3,102
1,3,1,1,3,102
1,3,1,1,3,102
1,3,1,1,3,102
2,3,1,1,3,102
2,3,1,1,3,102
2,3,1,1,3,102
2,3,1,1,3,102
2,3,1,1,3,102
2,3,1,1,3,102
2,3,1,1,3,102
2,3,1,1,3,102
2,3,1,1,2,102
2,3,1,1,2,102
2,3,1,1,2,102
2,3,1,1,2,102
2,3,1,1,2,102
2,3,1,1,2,102
2,3,1,1,2,102
2,3,1,1,2,102
2,3,1,1,2,102
2,3,1,1,2,102
2,3,1,1,2,102
2,3,1,1,2,102
2,3,1,1,2,102
2,3,1,1,3,102
2,3,1,1,3,102
2,3,1,1,3,102
2,3,1,1,3,102
2,3,1,1,3,102
2,3,1,1,3,102
3,2,1,1,3,102
3,2,1,1,3,102
3,2,1,1,3,102
3,2,1,1,3,102
3,2,1,1,3,102
3,2,1,1,3,102
3,2,1,1,3,102
3,2,1,1,3,102
3,2,1,1,3,102
3,2,1,1,3,102
3,2,1,1,3,102
3,2,1,1,3,102
3,2,1,1,3,102
3,2,1,1,3,102
3,2,1,1,3,102
3,2,1,1,3,102
3,2,1,1,3,102
3,2,1,1,3,102
3,2,1,1,3,102
3,2,1,1,3,102
3,2,1,1,3,102
3,2,1,1,3,102
3,2,1,1,3,102
3,2,1,1,3,102
3,2,1,1,3,102
3,2,1,1,3,102
3,2,1,1,3,102
3,2,1,1,3,102
3,2,1,1,3,102
3,2,1,1,3,102
3,2,1,1,3,102
3,2,1,1,3,102
3,2,1,1,4,102
3,2,1,1,4,102
3,2,1,1,4,102
3,2,1,1,4,102
3,2,1,1,4,102
3,2,1,1,4,102
3,2,1,1,4,102
3,2,1,1,4,102
3,2,1,1,4,102
3,2,1,1,4,102
3,2,1,1,4,102
3,2,1,1,4,102
3,2,1,1,4,102
3,2,1,1,4,102
3,2,1,1,4,102
3,2,1,1,4,102
3,2,1,1,4,102
3,2,1,1,4,102
3,2,1,1,4,102
3,2,1,1,4,102
3,2,1,1,4,102
3,2,1,1,4,102
3,2,1,1,4,102
3,2,1,1,4,102
0,0,0,0,0,103
0,0,0,0,0,103
0,0,0,0,0,103
1,0,0,0,0,103
1,0,0,1,0,103
1,1,0,1,0,103
1,1,1,0,0,103
1,1,1,0,0,103
1,1,1,0,0,103
1,1,1,0,0,103
1,1,1,1,0,103
1,2,1,1,0,103
1,2,1,1,0,103
1,2,1,1,0,103
1,2,1,1,0,103
1,2,1,1,0,103
0,2,1,1,0,103
0,2,1,1,0,103
0,2,1,1,1,103
0,2,1,1,2,103
0,2,1,1,2,103
0,2,1,1,2,103
0,2,1,1,2,103
0,2,1,1,2,103
0,2,1,1,2,103
0,2,1,1,2,103
0,2,1,1,2,103
0,2,1,1,2,103
0,2,1,1,2,103
0,2,1,1,2,103
0,2,1,1,2,103
0,2,1,1,2,103
0,2,1,1,2,103
0,2,1,1,2,103
0,2,1,1,2,103
0,2,1,1,2,103
0,2,1,1,2,103
0,2,1,1,2,103
0,2,1,1,2,103
0,2,1,1,2,103
0,2,1,1,2,103
0,2,1,1,2,103
0,2,1,1,2,103
0,2,1,1,2,103
0,2,1,1,2,103
0,2,1,1,2,103
0,2,1,1,2,103
0,2,1,1,2,103
0,2,1,1,2,103
0,2,1,1,2,103
0,2,1,1,2,103
0,2,1,1,2,103
0,2,1,1,2,103
0,2,1,1,2,103
0,2,1,1,2,103
0,2,1,1,2,103
0,2,1,1,2,103
0,2,1,1,2,103
0,2,1,1,2,103
0,2,1,1,2,103
0,2,1,1,2,103
0,2,1,1,2,103
0,2,1,0,2,103
0,2,1,0,2,103
0,2,1,0,2,103
0,2,1,0,2,103
0,2,1,0,2,103
0,2,1,0,2,103
0,2,1,0,2,103
0,2,1,0,2,103
0,2,1,0,2,103
0,2,1,0,2,103
0,2,1,0,2,103
0,2,1,0,2,103
0,2,1,0,2,103
0,2,1,0,2,103
0,2,1,0,2,103
0,2,1,0,2,103
0,2,1,0,2,103
0,2,1,0,2,103
0,2,1,0,2,103
0,2,1,0,2,103
0,2,1,0,2,103
0,2,1,0,2,103
0,2,1,0,2,103
0,2,1,0,2,103
0,2,1,0,2,103
0,2,1,0,2,103
0,2,1,0,2,103
0,2,1,0,2,103
0,2,1,0,2,103
0,2,1,0,2,103
0,2,1,0,2,103
0,2,1,0,2,103
0,2,1,0,2,103
0,2,1,0,2,103
0,2,1,0,2,103
0,2,1,0,2,103
0,2,1,0,2,103
0,2,1,0,2,103
0,0,0,0,0,104
1,0,0,0,0,104
2,0,0,0,0,104
2,0,1,0,0,104
2,0,1,0,0,104
2,1,1,0,0,104
2,1,1,1,0,104
2,1,1,1,0,104
2,1,1,2,0,104
2,1,1,2,0,104
2,1,1,2,0,104
2,1,2,1,0,104
2,1,2,2,0,104
2,1,2,2,0,104
2,1,2,2,0,104
2,1,2,2,0,104
2,2,2,2,0,104
2,2,2,2,0,104
2,2,2,2,0,104
2,2,2,3,0,104
2,2,2,3,1,104
1,2,2,4,1,104
1,2,2,4,1,104
1,2,2,5,1,104
1,2,2,5,1,104
1,2,2,5,2,104
1,2,2,6,2,104
1,2,2,6,2,104
1,2,2,6,2,104
1,2,2,6,2,104
1,2,2,6,2,104
1,2,2,6,2,104
1,3,2,6,2,104
1,4,2,6,2,104
2,4,2,6,2,104
2,4,2,6,2,104
2,5,2,6,2,104
2,5,2,6,2,104
2,5,2,6,2,104
2,5,2,6,2,104
2,5,2,6,3,104
3,5,2,5,3,104
3,6,2,5,3,104
3,6,2,5,3,104
3,5,2,5,3,104
3,5,2,5,3,104
3,5,2,5,3,104
3,6,2,5,3,104
3,6,2,5,3,104
3,6,2,5,3,104
3,6,2,5,3,104
3,5,2,5,3,104
3,5,2,5,4,104
3,6,2,5,4,104
3,6,2,5,4,104
3,6,2,5,4,104
3,6,2,5,5,104
3,6,2,5,5,104
3,6,2,5,5,104
3,6,2,5,5,104
3,6,2,5,5,104
3,6,2,5,5,104
3,6,2,5,5,104
3,6,2,5,5,104
3,7,2,5,5,104
3,7,2,5,5,104
3,7,2,5,5,104
3,7,2,5,5,104
3,7,2,5,5,104
3,7,2,5,5,104
3,7,2,5,5,104
3,7,2,4,6,104
3,7,2,4,6,104
3,7,2,4,6,104
3,7,2,4,6,104
4,6,2,4,6,104
4,6,2,4,6,104
4,6,2,4,6,104
4,6,2,4,6,104
5,6,2,4,6,104
5,6,2,4,6,104
5,6,2,4,6,104
5,6,2,4,6,104
5,6,2,4,6,104
5,6,2,4,6,104
5,6,2,4,7,104
5,6,2,4,7,104
5,6,2,4,7,104
5,6,2,4,7,104
5,6,2,4,7,104
5,6,2,4,8,104
5,6,2,4,8,104
5,6,2,4,8,104
5,6,2,4,8,104
5,6,2,4,8,104
5,6,1,4,8,104
5,6,1,4,8,104
5,6,1,4,8,104
5,6,1,4,8,104
5,6,1,4,8,104
0,0,0,0,0,105
1,0,0,0,0,105
1,0,0,0,0,105
1,0,1,0,0,105
1,0,1,1,0,105
1,0,1,1,0,105
1,0,1,1,1,105
1,0,1,1,1,105
1,0,1,1,1,105
1,1,1,1,1,105
1,1,1,1,1,105
1,1,1,1,1,105
1,1,1,1,1,105
1,1,1,1,2,105
1,2,1,1,2,105
1,2,1,1,3,105
1,2,1,1,3,105
2,2,1,1,3,105
2,2,1,1,3,105
2,2,1,1,3,105
2,3,1,1,3,105
2,3,1,1,3,105
3,3,1,1,3,105
3,3,1,2,3,105
3,3,1,2,4,105
3,3,1,2,4,105
3,3,1,2,4,105
2,3,1,2,5,105
2,3,1,2,5,105
2,3,1,2,5,105
2,3,1,2,5,105
3,3,1,2,5,105
3,3,1,2,6,105
3,3,1,2,6,105
3,3,1,2,6,105
3,3,1,2,6,105
3,3,1,2,6,105
3,4,1,2,6,105
3,4,1,2,6,105
3,4,1,2,6,105
3,4,1,2,6,105
3,4,1,2,6,105
3,4,1,2,7,105
3,4,1,2,7,105
3,4,1,2,7,105
3,4,1,2,7,105
3,5,1,2,7,105
3,5,1,2,7,105
3,5,1,2,7,105
3,5,1,2,7,105
3,5,1,2,7,105
3,5,1,2,7,105
3,5,1,2,7,105
3,5,1,2,7,105
3,5,1,2,7,105
3,5,1,2,7,105
3,5,1,2,7,105
3,5,1,2,7,105
4,5,1,2,7,105
4,5,1,2,7,105
4,5,1,2,7,105
4,5,1,2,7,105
4,5,1,2,7,105
4,5,1,2,7,105
4,5,1,2,7,105
4,5,1,2,7,105
4,4,1,2,7,105
4,4,1,2,7,105
4,4,1,2,7,105
4,4,1,2,7,105
4,4,1,2,7,105
4,4,1,2,7,105
4,4,1,2,7,105
4,4,1,2,7,105
4,4,1,2,7,105
4,4,1,2,7,105
4,4,1,2,7,105
4,4,1,2,7,105
4,4,1,2,7,105
4,4,1,2,7,105
4,4,1,2,7,105
3,4,1,2,7,105
4,4,1,2,7,105
4,4,1,2,7,105
4,4,1,2,7,105
4,4,1,2,7,105
4,4,1,2,7,105
4,4,1,2,7,105
4,4,1,2,7,105
4,4,1,2,7,105
4,4,1,2,7,105
4,4,1,2,7,105
4,4,1,2,7,105
4,4,1,2,7,105
4,4,1,2,7,105
4,4,1,2,7,105
4,4,1,2,7,105
4,4,1,2,7,105
4,4,1,2,7,105
4,4,1,2,7,105
0,0,0,0,0,106
0,0,0,0,1,106
0,0,0,0,1,106
0,0,0,0,2,106
1,0,0,0,2,106
1,0,0,1,2,106
1,0,0,1,2,106
1,0,0,1,2,106
1,1,0,1,2,106
1,1,0,1,2,106
1,1,1,1,2,106
1,1,1,1,2,106
1,1,1,1,3,106
1,1,1,1,3,106
1,2,1,1,3,106
1,2,1,1,3,106
2,2,1,1,3,106
2,3,1,1,3,106
2,3,1,1,3,106
2,3,1,1,3,106
2,3,1,1,4,106
2,3,1,1,4,106
2,3,1,1,4,106
2,3,1,1,4,106
2,3,1,1,4,106
2,3,1,1,4,106
3,3,1,1,4,106
3,3,1,1,4,106
3,3,1,1,5,106
3,3,1,1,5,106
3,3,1,1,5,106
3,3,1,1,5,106
3,3,2,1,5,106
3,3,2,1,5,106
3,3,2,1,5,106
3,3,2,1,6,106
3,3,2,1,6,106
3,3,2,1,6,106
3,3,2,1,7,106
3,3,3,1,7,106
3,4,3,1,7,106
3,4,3,1,8,106
3,4,3,1,9,106
3,4,3,1,9,106
3,5,3,1,9,106
3,5,3,1,9,106
3,5,3,1,9,106
2,5,3,2,9,106
2,4,4,2,9,106
2,4,4,2,9,106
2,4,4,2,9,106
2,4,5,2,9,106
2,4,5,2,9,106
2,5,5,2,8,106
2,5,5,2,8,106
2,5,5,2,7,106
2,6,5,2,6,106
2,6,5,2,6,106
2,6,5,2,6,106
2,6,5,3,6,106
2,6,5,3,6,106
2,6,5,3,6,106
2,6,5,3,7,106
2,6,5,3,7,106
3,6,5,3,7,106
4,6,5,3,6,106
4,6,5,3,6,106
5,6,5,3,6,106
5,6,5,3,6,106
5,6,5,3,6,106
6,6,5,3,6,106
6,6,5,3,6,106
6,6,5,3,6,106
6,6,5,3,6,106
7,6,5,3,6,106
7,6,5,3,6,106
7,6,4,3,7,106
7,6,4,3,8,106
7,6,4,3,8,106
7,6,5,3,8,106
7,6,5,3,8,106
7,6,5,3,8,106
7,6,5,3,8,106
7,6,5,3,9,106
7,6,5,3,9,106
7,6,5,3,9,106
7,6,5,3,9,106
7,6,4,3,9,106
7,6,4,3,9,106
7,6,4,3,9,106
7,6,4,4,9,106
7,6,4,4,9,106
7,6,4,4,9,106
7,6,4,4,9,106
7,7,4,4,9,106
7,7,4,4,9,106
6,7,5,4,9,106
6,7,5,3,9,106
6,7,5,3,9,106
6,7,5,3,9,106
0,0,0,0,0,107
1,0,0,0,0,107
1,0,0,0,0,107
1,0,0,0,1,107
1,0,0,0,1,107
1,0,0,0,2,107
1,1,0,0,2,107
1,2,0,0,2,107
1,2,0,0,3,107
1,2,0,0,3,107
1,2,0,0,3,107
1,2,0,0,4,107
1,2,0,0,4,107
1,2,0,1,4,107
1,2,0,1,4,107
1,2,0,1,4,107
1,2,0,1,4,107
1,2,0,1,4,107
1,2,0,1,4,107
1,2,0,1,4,107
1,2,0,1,4,107
1,2,0,1,4,107
2,2,0,1,4,107
2,2,0,1,4,107
2,2,0,1,4,107
2,2,0,1,4,107
2,2,0,1,4,107
2,2,0,1,4,107
2,2,0,1,4,107
2,2,0,1,4,107
2,2,0,1,4,107
2,2,0,1,4,107
2,2,0,1,4,107
2,2,0,1,4,107
2,2,0,1,4,107
2,2,0,1,4,107
2,2,0,1,4,107
2,2,0,1,4,107
2,2,0,1,4,107
2,2,0,1,4,107
2,2,0,1,4,107
2,2,0,1,4,107
2,2,0,1,4,107
2,2,0,1,4,107
2,2,0,1,4,107
2,2,0,1,4,107
2,2,0,1,4,107
2,2,0,1,4,107
2,2,0,1,4,107
2,2,0,1,4,107
2,2,0,1,4,107
2,2,0,1,4,107
2,2,0,1,4,107
2,2,0,1,4,107
2,2,0,1,4,107
2,2,0,1,4,107
2,2,0,1,4,107
2,2,0,1,4,107
2,2,0,1,4,107
2,2,0,1,4,107
2,2,0,1,4,107
2,2,0,1,4,107
2,2,0,1,4,107
2,2,0,1,4,107
2,2,0,1,4,107
2,2,0,1,4,107
2,2,0,1,4,107
2,2,0,1,4,107
2,2,0,1,4,107
2,2,0,1,4,107
2,2,0,1,4,107
2,2,0,1,4,107
2,2,0,1,4,107
2,2,0,1,4,107
2,2,0,1,4,107
2,2,0,1,4,107
2,2,0,1,4,107
2,2,0,1,3,107
2,2,0,1,3,107
2,2,0,1,3,107
2,2,0,1,3,107
2,2,0,1,3,107
2,2,0,1,3,107
2,2,0,1,3,107
2,2,0,1,3,107
2,2,0,1,3,107
2,2,0,1,3,107
2,2,0,1,3,107
2,2,0,1,3,107
2,2,0,1,3,107
2,2,0,1,3,107
2,2,0,1,3,107
2,2,0,1,3,107
2,2,0,1,3,107
2,2,0,1,3,107
2,2,0,1,3,107
2,2,0,1,3,107
2,2,0,1,3,107
2,2,0,1,3,107
2,2,0,1,3,107
0,0,0,0,0,108
0,0,1,0,0,108
0,1,1,0,0,108
0,2,1,0,0,108
0,2,1,1,0,108
1,2,1,1,0,108
1,3,1,1,0,108
1,3,1,1,1,108
1,4,1,1,1,108
1,4,1,1,1,108
1,4,1,1,1,108
1,4,1,1,1,108
1,4,1,1,1,108
1,4,1,1,1,108
1,4,1,1,1,108
1,4,1,1,1,108
1,4,1,1,1,108
1,4,1,1,1,108
2,4,1,1,1,108
2,4,1,1,1,108
2,4,1,1,1,108
2,4,1,1,1,108
2,4,1,1,1,108
3,4,1,1,1,108
3,4,1,1,1,108
3,4,1,1,1,108
3,4,1,2,1,108
3,4,1,2,1,108
3,4,2,2,1,108
3,4,2,2,2,108
3,4,2,2,2,108
3,3,2,2,2,108
3,3,2,3,2,108
3,3,2,2,2,108
3,3,2,2,3,108
3,3,2,2,3,108
3,3,2,2,4,108
3,3,2,2,5,108
3,3,2,3,5,108
3,3,2,3,5,108
2,3,2,3,5,108
3,3,2,3,5,108
3,3,2,3,5,108
3,3,2,3,5,108
3,3,2,3,5,108
3,3,2,3,5,108
3,3,2,3,5,108
4,3,2,3,5,108
4,3,2,3,5,108
5,3,2,3,5,108
5,3,2,3,5,108
5,3,2,3,5,108
5,3,2,3,5,108
5,3,2,3,5,108
5,3,2,3,5,108
5,4,2,3,5,108
5,4,2,3,5,108
5,4,2,3,5,108
5,4,2,3,5,108
5,4,2,3,6,108
5,4,2,3,6,108
5,4,2,3,6,108
5,4,2,3,6,108
5,4,2,3,6,108
5,4,2,3,6,108
5,4,2,3,6,108
5,4,2,3,6,108
5,4,2,3,6,108
5,4,2,4,6,108
5,4,2,4,6,108
5,4,2,4,6,108
5,4,2,4,6,108
5,4,2,4,6,108
5,4,2,4,6,108
5,4,2,4,6,108
5,4,2,4,6,108
5,4,2,4,6,108
5,4,2,4,7,108
5,4,2,4,7,108
4,4,2,4,7,108
4,4,2,4,7,108
4,4,2,4,7,108
4,4,2,4,8,108
4,4,2,4,8,108
4,4,2,4,8,108
4,4,2,4,8,108
4,4,2,4,8,108
4,4,2,4,8,108
4,4,2,4,8,108
5,4,2,4,8,108
5,4,2,4,8,108
5,4,2,4,8,108
5,4,2,4,8,108
5,4,2,4,8,108
5,4,2,4,8,108
5,4,2,4,9,108
5,4,2,4,9,108
5,4,2,4,9,108
5,4,2,4,8,108
5,4,2,4,8,108
0,0,0,0,0,109
0,0,0,0,1,109
0,1,0,0,1,109
1,1,0,0,1,109
2,1,0,0,1,109
2,1,0,0,1,109
3,1,0,0,1,109
3,1,0,0,1,109
3,1,0,0,1,109
3,2,0,0,1,109
3,2,0,0,2,109
3,2,0,0,2,109
3,2,0,0,2,109
3,2,0,0,2,109
3,2,0,0,2,109
3,2,0,0,2,109
3,2,0,0,2,109
3,2,0,0,2,109
3,2,0,0,2,109
3,2,0,0,2,109
3,2,0,0,2,109
3,2,0,0,2,109
3,2,0,0,2,109
3,2,0,0,2,109
3,2,0,0,2,109
3,2,0,0,2,109
3,2,0,0,3,109
3,2,0,0,3,109
3,2,0,0,3,109
3,2,0,0,3,109
3,2,0,0,3,109
3,2,0,0,3,109
3,2,0,0,3,109
3,2,0,0,3,109
3,2,0,0,3,109
3,2,0,0,3,109
3,2,0,0,3,109
3,2,0,0,3,109
3,2,0,0,3,109
3,2,0,0,3,109
3,2,0,0,3,109
3,2,0,0,3,109
3,2,0,0,3,109
3,2,0,0,3,109
3,2,0,0,3,109
3,2,0,0,3,109
3,2,0,0,3,109
3,2,0,0,3,109
3,2,0,0,3,109
3,2,0,0,3,109
3,2,0,0,3,109
3,2,0,0,3,109
3,2,0,0,3,109
3,2,0,0,3,109
3,2,0,0,3,109
3,2,0,0,3,109
3,2,0,0,3,109
3,2,0,0,3,109
3,2,0,0,3,109
3,2,0,0,3,109
3,2,0,0,3,109
3,2,0,0,3,109
3,2,0,0,3,109
3,2,0,0,3,109
3,2,0,0,3,109
3,2,0,0,3,109
3,2,0,0,3,109
3,2,0,0,3,109
3,2,0,0,3,109
3,2,0,0,3,109
3,2,0,0,3,109
3,2,0,0,3,109
3,2,0,0,3,109
3,2,0,0,3,109
3,2,0,0,3,109
3,2,0,0,3,109
3,2,0,0,3,109
3,2,0,0,3,109
3,2,0,0,3,109
3,2,0,0,3,109
3,2,0,0,3,109
3,2,0,0,3,109
3,2,0,0,3,109
3,2,0,0,3,109
3,2,0,0,3,109
3,2,0,0,3,109
3,2,0,0,3,109
3,2,0,0,3,109
3,2,0,0,3,109
3,2,0,0,3,109
3,2,0,0,2,109
3,2,0,0,2,109
3,2,0,0,2,109
3,2,0,0,2,109
3,2,0,0,2,109
3,2,0,0,2,109
3,2,0,0,2,109
3,2,0,0,2,109
3,2,0,0,2,109
3,2,0,0,2,109
0,0,0,0,0,110
0,0,0,0,0,110
0,0,0,1,0,110
0,0,0,1,0,110
1,0,0,1,0,110
1,0,0,1,1,110
1,0,0,1,2,110
2,0,0,1,2,110
2,0,0,1,3,110
1,1,0,1,3,110
1,2,0,1,3,110
1,2,0,1,4,110
1,2,0,1,4,110
1,2,0,1,4,110
1,2,0,1,4,110
1,2,0,1,4,110
1,2,0,1,4,110
1,2,0,1,4,110
1,2,0,1,4,110
1,2,0,1,4,110
1,2,0,1,4,110
1,2,0,1,4,110
1,2,0,1,4,110
1,2,0,1,4,110
1,2,0,1,4,110
1,2,0,1,4,110
1,2,0,1,4,110
1,2,0,1,4,110
1,2,0,1,4,110
1,2,0,1,4,110
1,2,0,1,4,110
1,2,0,1,4,110
1,2,0,1,4,110
1,2,0,1,4,110
1,2,0,1,4,110
1,2,0,1,4,110
1,2,0,1,4,110
1,2,0,1,4,110
1,2,0,1,4,110
1,2,0,1,4,110
1,2,0,1,4,110
1,2,0,1,4,110
1,2,0,1,4,110
1,2,0,1,4,110
1,2,0,1,4,110
1,2,0,1,4,110
1,2,0,1,4,110
1,2,0,1,4,110
1,2,0,1,4,110
1,2,0,1,4,110
1,2,0,1,4,110
1,2,0,1,4,110
1,2,0,1,4,110
1,2,0,1,4,110
1,2,0,1,4,110
1,2,0,1,4,110
1,2,0,1,4,110
1,2,0,1,4,110
1,2,0,1,4,110
1,2,0,1,4,110
1,2,0,1,4,110
1,2,0,1,4,110
1,2,0,1,4,110
1,2,0,1,4,110
1,2,0,1,4,110
1,2,0,1,4,110
1,2,0,1,4,110
1,2,0,1,4,110
1,2,0,1,4,110
1,2,0,1,4,110
1,2,0,1,4,110
1,2,0,1,4,110
1,2,0,1,4,110
1,2,0,1,4,110
1,2,0,1,4,110
1,2,0,1,4,110
1,2,0,1,4,110
1,2,0,1,4,110
1,2,0,1,4,110
1,2,0,1,4,110
1,2,0,1,4,110
1,2,0,1,4,110
1,2,0,1,4,110
1,2,0,1,4,110
1,2,0,1,4,110
1,2,0,1,4,110
1,2,0,1,4,110
1,2,0,1,4,110
1,2,0,1,4,110
1,2,0,1,4,110
1,2,0,1,4,110
1,2,0,1,4,110
1,2,0,1,4,110
1,2,0,1,4,110
1,2,0,1,4,110
1,2,0,1,4,110
1,2,0,1,4,110
1,2,0,1,4,110
1,2,0,1,4,110
1,2,0,1,4,110
0,0,0,0,0,111
0,0,0,0,0,111
0,1,0,0,0,111
0,1,0,1,0,111
0,1,1,1,0,111
1,1,1,1,0,111
2,1,1,1,0,111
2,1,1,1,0,111
3,1,1,1,0,111
3,1,1,1,0,111
3,1,1,1,0,111
3,1,1,1,0,111
3,1,1,1,0,111
3,1,1,1,0,111
3,1,1,1,0,111
3,1,1,1,0,111
3,1,1,1,0,111
3,1,1,1,0,111
3,1,1,1,0,111
3,1,1,1,1,111
3,1,1,1,1,111
3,1,1,1,1,111
3,1,2,1,1,111
3,1,2,1,1,111
3,1,2,1,1,111
3,1,2,1,1,111
3,1,2,1,1,111
3,1,2,1,1,111
3,1,2,1,1,111
3,1,2,1,1,111
3,1,2,1,2,111
3,1,3,0,2,111
3,1,3,0,2,111
3,1,3,0,2,111
3,1,3,0,2,111
3,1,3,0,2,111
3,1,3,0,2,111
3,1,3,0,2,111
3,1,3,0,2,111
3,1,3,0,2,111
3,1,3,0,2,111
3,1,3,0,2,111
3,1,3,0,2,111
3,1,3,0,2,111
3,1,3,0,2,111
3,1,3,0,2,111
3,1,3,0,2,111
3,1,3,0,2,111
3,1,3,0,2,111
3,1,3,0,2,111
3,1,3,0,2,111
3,1,3,0,2,111
3,1,3,0,2,111
3,1,3,0,2,111
3,1,3,0,2,111
3,1,3,0,2,111
3,1,3,0,2,111
3,1,3,0,2,111
3,1,3,0,2,111
3,1,3,0,2,111
3,1,3,0,2,111
3,1,3,0,2,111
3,1,3,0,2,111
3,1,3,0,2,111
3,1,3,0,2,111
3,1,3,0,2,111
3,1,3,0,2,111
3,1,3,0,2,111
3,1,3,0,2,111
3,1,3,0,2,111
3,1,3,0,2,111
3,1,3,0,2,111
3,1,3,0,2,111
3,1,2,0,2,111
3,1,2,0,2,111
3,1,2,0,2,111
3,1,2,0,2,111
3,1,2,0,2,111
3,1,2,0,2,111
3,1,2,0,2,111
3,1,2,0,2,111
3,1,2,0,2,111
3,1,2,0,2,111
3,1,2,0,2,111
3,1,2,0,2,111
3,1,2,0,2,111
3,1,2,0,2,111
3,1,2,0,2,111
3,1,2,0,2,111
3,1,2,0,2,111
3,1,2,0,2,111
3,1,2,0,2,111
3,1,2,0,2,111
3,1,2,0,2,111
3,1,2,0,2,111
3,1,2,0,2,111
3,1,2,0,2,111
3,1,2,0,2,111
3,1,2,0,2,111
3,1,2,0,2,111
0,0,0,0,0,112
0,0,0,1,0,112
0,1,0,1,0,112
0,1,0,1,0,112
1,1,0,1,0,112
1,2,0,1,0,112
1,2,0,1,1,112
1,3,0,1,1,112
1,3,0,1,1,112
1,3,0,1,1,112
2,3,0,1,1,112
2,3,0,1,1,112
2,3,0,1,1,112
2,3,0,1,1,112
2,3,0,2,1,112
2,3,0,2,1,112
2,3,0,2,1,112
2,3,0,2,1,112
2,3,0,2,1,112
2,3,0,2,1,112
2,3,0,2,1,112
2,3,0,2,1,112
2,3,0,2,1,112
2,3,0,2,1,112
2,3,0,2,1,112
2,3,0,2,1,112
2,3,0,2,1,112
2,3,0,2,1,112
2,3,0,2,1,112
2,3,0,2,1,112
2,3,0,2,1,112
2,3,0,2,1,112
2,3,0,2,1,112
2,3,0,2,1,112
2,3,0,2,1,112
2,3,0,2,1,112
2,3,0,2,1,112
2,3,0,2,1,112
2,3,0,2,1,112
2,3,0,2,1,112
2,3,0,2,1,112
2,3,0,2,1,112
2,3,0,2,1,112
2,3,0,2,1,112
2,3,0,2,1,112
2,3,0,2,1,112
2,3,0,2,1,112
2,3,0,2,1,112
2,3,0,2,1,112
2,3,0,2,1,112
2,3,0,2,1,112
2,3,0,2,1,112
2,3,0,2,1,112
2,3,0,2,1,112
2,3,0,2,1,112
2,3,0,2,1,112
2,3,0,2,1,112
2,3,0,2,1,112
2,3,0,2,1,112
2,3,0,2,1,112
2,3,0,2,1,112
2,3,0,2,1,112
2,3,0,2,1,112
2,3,0,2,1,112
2,3,0,2,1,112
2,3,0,2,1,112
2,3,0,2,1,112
2,3,0,2,1,112
2,3,0,2,1,112
2,3,0,2,1,112
2,3,0,2,1,112
2,3,0,2,1,112
2,3,0,2,1,112
2,3,0,2,1,112
2,3,0,2,1,112
2,3,0,2,1,112
2,3,0,2,1,112
2,3,0,2,1,112
2,3,0,2,1,112
2,3,0,2,1,112
2,3,0,2,1,112
2,3,0,2,1,112
2,3,0,2,1,112
2,3,0,2,1,112
2,3,0,2,1,112
2,3,0,2,1,112
2,3,0,2,1,112
2,3,0,2,1,112
2,3,0,2,1,112
2,3,0,2,1,112
2,3,0,2,1,112
2,3,0,2,1,112
2,3,0,2,1,112
2,3,0,2,1,112
2,3,0,2,1,112
2,3,0,2,1,112
2,3,0,2,1,112
2,2,0,2,1,112
2,2,0,2,1,112
2,2,0,2,1,112
0,0,0,0,0,113
0,0,0,0,1,113
0,0,0,1,1,113
0,0,0,1,1,113
0,0,1,1,1,113
0,1,1,1,1,113
0,1,1,1,2,113
1,1,1,1,2,113
1,1,1,1,2,113
1,2,1,1,2,113
1,2,1,1,2,113
1,3,1,1,2,113
2,3,1,1,2,113
2,3,1,1,2,113
2,3,1,1,3,113
2,3,1,1,4,113
2,3,1,1,4,113
2,3,1,1,4,113
2,3,1,1,4,113
2,3,1,1,4,113
2,3,1,1,4,113
2,3,1,1,4,113
2,3,1,1,4,113
3,3,1,1,4,113
3,3,1,1,4,113
3,3,1,1,4,113
3,3,1,1,4,113
3,3,1,1,4,113
3,3,1,1,4,113
3,3,1,1,4,113
3,3,1,1,4,113
3,3,1,1,4,113
3,3,1,1,4,113
3,3,1,1,4,113
3,3,1,1,4,113
3,3,1,1,4,113
3,3,1,1,4,113
3,3,1,1,4,113
3,3,1,1,4,113
3,3,1,1,4,113
3,3,1,1,4,113
3,3,1,1,4,113
3,3,1,1,4,113
3,3,1,1,4,113
3,3,1,1,5,113
3,3,1,1,5,113
3,3,1,1,4,113
3,3,1,1,4,113
3,3,2,1,4,113
3,3,2,1,4,113
3,3,2,1,4,113
3,3,2,1,4,113
2,3,2,1,4,113
2,3,2,1,4,113
2,3,2,1,4,113
2,3,2,1,4,113
2,4,2,1,4,113
2,4,2,1,4,113
2,4,2,1,4,113
2,4,2,1,4,113
2,4,2,1,4,113
2,4,3,1,4,113
2,4,3,1,4,113
2,4,2,2,4,113
2,4,3,2,4,113
2,4,3,2,4,113
2,5,3,2,4,113
2,5,3,2,4,113
2,5,3,2,5,113
2,5,3,2,5,113
2,5,4,2,5,113
2,5,4,2,5,113
2,5,4,2,6,113
3,5,4,2,6,113
4,5,4,2,6,113
4,6,4,2,6,113
4,6,4,2,6,113
4,6,4,2,6,113
5,6,4,2,6,113
5,6,4,2,6,113
5,6,5,2,6,113
5,6,6,2,6,113
5,6,6,2,6,113
5,6,6,2,6,113
5,6,6,3,6,113
5,5,6,3,6,113
5,5,6,3,6,113
5,5,6,3,6,113
5,5,6,3,6,113
5,5,5,3,6,113
5,5,5,3,6,113
5,5,6,3,6,113
5,6,6,3,6,113
6,6,6,3,6,113
6,6,6,3,6,113
5,6,6,3,6,113
5,6,6,4,5,113
5,6,6,4,6,113
5,6,6,4,6,113
5,6,6,4,6,113
0,0,0,0,0,114
0,0,0,0,1,114
0,0,0,0,1,114
0,0,0,1,1,114
1,0,0,1,1,114
2,0,0,1,1,114
3,0,0,1,1,114
3,1,0,1,1,114
3,1,0,1,1,114
3,1,0,1,2,114
3,1,0,1,2,114
3,2,0,1,2,114
3,2,0,1,2,114
3,2,0,1,2,114
3,2,0,1,2,114
3,2,0,1,2,114
3,2,0,1,2,114
3,2,0,1,2,114
3,2,0,1,2,114
3,2,0,1,2,114
3,2,0,1,2,114
3,2,0,1,2,114
3,2,0,1,2,114
3,2,0,1,2,114
3,2,0,1,2,114
3,2,0,1,2,114
3,2,0,1,2,114
3,2,0,1,2,114
3,2,0,1,2,114
3,2,0,1,2,114
3,2,0,1,2,114
3,2,0,1,2,114
3,2,0,1,2,114
3,2,0,1,2,114
3,2,0,1,2,114
3,2,0,1,2,114
3,2,0,1,2,114
3,2,0,1,2,114
3,2,0,1,2,114
3,2,0,1,2,114
3,2,0,1,2,114
3,2,0,1,2,114
3,2,0,1,2,114
3,2,0,1,2,114
3,2,0,1,2,114
3,2,0,1,2,114
3,2,0,1,2,114
3,2,0,1,2,114
3,2,0,1,2,114
3,2,0,1,2,114
3,2,0,1,2,114
3,2,0,1,2,114
3,2,0,1,2,114
3,2,0,1,2,114
3,2,0,1,2,114
3,2,0,1,2,114
3,2,0,1,2,114
3,2,0,1,2,114
3,2,0,1,2,114
3,2,0,1,2,114
3,2,0,1,2,114
3,2,0,1,2,114
3,2,0,1,2,114
3,2,0,1,2,114
3,2,0,1,2,114
3,2,0,1,2,114
3,2,0,1,2,114
3,2,0,1,2,114
3,2,0,1,2,114
3,2,0,1,2,114
3,2,0,1,2,114
3,2,0,1,2,114
3,2,0,1,2,114
3,2,0,1,2,114
3,2,0,1,2,114
3,2,0,1,2,114
3,2,0,1,2,114
3,2,0,1,2,114
3,2,0,1,2,114
3,2,0,1,2,114
3,2,0,1,2,114
3,2,0,1,2,114
3,2,0,1,2,114
3,2,0,1,2,114
3,2,0,1,2,114
3,2,0,1,2,114
3,2,0,1,2,114
3,2,0,1,2,114
3,2,0,1,2,114
3,2,0,1,2,114
3,2,0,1,2,114
3,2,0,1,2,114
3,2,0,1,2,114
3,2,0,1,2,114
3,2,0,1,2,114
3,2,0,1,2,114
3,2,0,1,2,114
3,2,0,1,2,114
3,2,0,1,2,114
3,2,0,1,2,114
0,0,0,0,0,115
0,0,0,0,1,115
0,1,0,0,1,115
0,1,0,0,1,115
0,1,0,0,2,115
0,1,0,1,2,115
0,1,0,1,2,115
1,1,0,1,2,115
2,1,0,1,2,115
2,1,0,1,2,115
2,2,0,1,2,115
2,2,0,1,2,115
2,2,0,1,3,115
2,2,0,1,3,115
2,2,0,1,3,115
2,3,0,1,3,115
2,3,0,1,3,115
2,3,0,1,3,115
2,3,0,1,3,115
2,3,0,1,3,115
2,3,0,1,3,115
2,3,0,1,3,115
2,3,0,1,3,115
2,3,0,1,3,115
2,3,0,1,3,115
2,3,0,1,3,115
2,3,0,1,3,115
2,3,0,1,3,115
2,3,0,1,3,115
2,3,0,1,3,115
2,3,0,1,3,115
2,3,0,1,3,115
2,3,0,1,3,115
2,3,0,1,3,115
2,3,0,1,3,115
2,3,0,1,3,115
2,3,0,1,3,115
2,3,0,1,3,115
2,3,0,1,3,115
2,3,0,1,3,115
2,3,0,1,3,115
2,3,0,1,3,115
2,3,0,1,3,115
2,3,0,1,3,115
2,3,0,1,3,115
2,3,0,1,3,115
2,3,0,1,3,115
2,3,0,1,3,115
2,3,0,1,3,115
2,3,0,1,3,115
2,3,0,1,3,115
2,3,0,1,3,115
2,3,0,1,3,115
2,3,0,1,3,115
2,3,0,1,3,115
2,3,0,1,2,115
2,3,0,1,2,115
2,3,0,1,2,115
2,3,0,1,2,115
2,3,0,1,2,115
2,3,0,1,2,115
2,3,0,1,2,115
2,3,0,1,2,115
2,3,0,1,2,115
2,3,0,1,2,115
2,3,0,1,2,115
2,3,0,1,2,115
2,3,0,1,2,115
2,3,0,1,2,115
2,3,0,1,2,115
2,3,0,1,2,115
2,3,0,1,2,115
2,3,0,1,2,115
2,3,0,1,2,115
2,3,0,1,2,115
2,3,0,1,2,115
2,3,0,1,2,115
2,3,0,1,2,115
2,3,0,1,2,115
2,3,0,1,2,115
2,3,0,1,2,115
2,3,0,1,2,115
2,3,0,1,2,115
2,3,0,1,2,115
2,3,0,1,2,115
2,3,0,1,2,115
2,3,0,1,2,115
2,3,0,1,2,115
2,3,0,1,2,115
2,3,0,1,2,115
2,3,0,1,2,115
2,3,0,1,2,115
2,3,0,1,2,115
2,3,0,1,2,115
2,3,0,1,2,115
2,3,0,1,2,115
2,3,0,1,2,115
2,3,0,1,2,115
2,3,0,1,2,115
2,3,0,1,2,115
0,0,0,0,0,116
1,0,0,0,0,116
1,1,0,0,0,116
1,1,0,0,1,116
1,1,0,0,2,116
2,1,0,0,2,116
2,1,0,0,3,116
2,1,0,0,3,116
3,1,0,0,3,116
3,1,0,0,3,116
3,1,0,0,3,116
3,1,0,0,3,116
3,1,0,0,3,116
3,1,0,0,3,116
3,1,0,0,3,116
3,1,0,0,3,116
3,1,0,0,3,116
3,1,0,0,3,116
3,1,0,0,3,116
3,2,0,0,3,116
3,2,0,0,3,116
3,2,0,0,3,116
3,2,0,0,3,116
3,2,0,0,3,116
3,2,0,0,3,116
3,2,0,0,3,116
3,2,0,0,3,116
3,2,0,0,3,116
3,2,0,0,3,116
3,2,0,0,3,116
3,2,0,0,3,116
3,2,0,0,3,116
3,2,0,0,3,116
3,2,0,0,3,116
3,2,0,0,3,116
3,2,0,0,3,116
3,2,0,0,3,116
3,2,0,0,3,116
3,2,0,0,3,116
3,2,0,0,3,116
3,2,0,0,3,116
3,2,0,0,3,116
3,2,0,0,3,116
3,2,0,0,3,116
3,2,0,0,3,116
3,2,0,0,3,116
3,2,0,0,3,116
3,2,0,0,3,116
3,2,0,0,3,116
3,2,0,0,3,116
3,2,0,0,3,116
3,2,0,0,3,116
3,2,0,0,3,116
3,2,0,0,3,116
3,2,0,0,3,116
3,2,0,0,3,116
3,2,0,0,3,116
3,2,0,0,3,116
3,2,0,0,3,116
3,2,0,0,3,116
3,2,0,0,3,116
3,2,0,0,3,116
3,2,0,0,3,116
3,2,0,0,3,116
3,2,0,0,3,116
3,2,0,0,3,116
3,2,0,0,3,116
3,2,0,0,3,116
3,2,0,0,3,116
3,2,0,0,3,116
3,2,0,0,3,116
3,2,0,0,3,116
3,2,0,0,3,116
3,2,0,0,3,116
3,2,0,0,3,116
3,2,0,0,3,116
3,2,0,0,3,116
3,2,0,0,3,116
3,2,0,0,3,116
3,2,0,0,3,116
3,2,0,0,3,116
3,2,0,0,3,116
3,2,0,0,3,116
3,2,0,0,3,116
3,2,0,0,3,116
3,2,0,0,3,116
3,2,0,0,3,116
3,2,0,0,3,116
3,2,0,0,3,116
3,2,0,0,3,116
3,2,0,0,3,116
3,2,0,0,3,116
3,2,0,0,3,116
3,2,0,0,3,116
3,2,0,0,2,116
3,2,0,0,2,116
3,2,0,0,2,116
3,2,0,0,2,116
3,2,0,0,2,116
3,2,0,0,2,116
0,0,0,0,0,117
1,0,0,0,0,117
1,0,0,1,0,117
1,0,0,1,1,117
1,0,0,1,1,117
1,1,0,1,1,117
1,1,0,1,2,117
1,1,0,1,3,117
1,1,1,1,3,117
1,1,1,1,3,117
2,1,1,1,3,117
3,1,1,1,3,117
3,2,1,1,3,117
3,2,1,2,3,117
3,2,1,2,3,117
3,2,1,2,3,117
3,2,1,2,3,117
3,3,1,2,3,117
3,3,1,2,3,117
3,2,1,3,3,117
3,2,1,3,3,117
3,2,1,3,3,117
4,2,1,3,3,117
4,2,1,3,3,117
4,3,1,3,3,117
4,3,1,3,4,117
4,3,1,3,5,117
4,3,1,3,5,117
4,3,2,3,5,117
4,4,2,3,5,117
4,4,2,3,5,117
4,4,2,4,5,117
4,4,2,4,5,117
3,4,3,4,5,117
3,4,3,4,5,117
3,4,3,4,5,117
3,4,4,4,5,117
3,4,4,4,5,117
3,5,4,4,5,117
3,5,4,4,5,117
3,5,4,4,5,117
3,4,4,4,5,117
3,4,4,5,5,117
3,4,4,5,5,117
3,4,4,5,5,117
3,3,4,5,6,117
3,3,4,5,6,117
3,3,5,5,5,117
3,3,5,5,6,117
3,3,5,5,6,117
3,3,5,5,6,117
3,3,5,5,6,117
2,3,5,5,6,117
2,3,5,5,6,117
2,3,4,5,7,117
2,3,4,5,6,117
2,3,4,5,5,117
2,3,5,5,5,117
2,3,5,5,6,117
2,3,5,5,6,117
2,3,6,5,6,117
2,3,6,5,6,117
2,3,6,5,6,117
2,3,6,5,6,117
2,3,6,5,6,117
3,3,6,5,6,117
3,3,6,5,6,117
3,3,6,5,7,117
3,3,6,5,7,117
3,3,6,5,7,117
4,3,6,5,7,117
4,3,6,5,7,117
4,3,6,5,7,117
3,4,6,5,7,117
3,4,6,5,7,117
3,5,6,4,7,117
3,5,6,4,8,117
3,5,6,4,8,117
3,6,6,4,8,117
3,6,6,4,8,117
3,6,6,4,8,117
3,6,6,4,8,117
3,6,6,4,8,117
3,7,5,4,8,117
3,7,5,4,8,117
3,7,5,4,8,117
3,7,5,4,9,117
3,7,5,4,9,117
3,7,5,4,9,117
3,7,5,4,9,117
3,7,6,4,9,117
3,7,6,4,9,117
3,7,6,4,9,117
3,7,6,4,9,117
4,7,6,4,9,117
4,7,6,4,9,117
4,7,6,4,9,117
4,7,6,4,10,117
4,7,6,4,10,117
4,7,6,4,10,117
0,0,0,0,0,118
0,1,0,0,0,118
0,1,1,0,0,118
1,1,1,0,0,118
1,1,1,0,0,118
1,1,1,0,0,118
1,1,1,0,0,118
1,1,1,0,1,118
1,2,1,0,1,118
1,2,2,0,1,118
1,2,2,1,1,118
1,2,2,1,1,118
1,3,2,1,1,118
1,3,2,1,2,118
1,3,2,1,3,118
1,4,2,1,3,118
1,4,2,1,3,118
1,4,2,1,3,118
1,4,2,1,3,118
1,4,2,1,4,118
1,4,2,1,4,118
1,4,2,1,4,118
1,4,2,2,4,118
1,4,2,2,4,118
1,4,2,2,4,118
1,4,2,2,5,118
1,4,2,2,5,118
1,4,2,2,5,118
1,4,2,2,5,118
1,4,2,2,5,118
1,4,2,2,5,118
2,3,2,2,5,118
2,3,2,2,5,118
2,3,2,2,5,118
2,2,2,2,6,118
2,2,2,2,6,118
2,3,2,2,6,118
2,3,2,2,7,118
3,3,2,2,7,118
3,3,2,2,7,118
3,3,2,2,7,118
3,3,2,2,7,118
3,3,2,2,8,118
3,3,2,2,8,118
3,3,2,2,8,118
3,3,2,2,8,118
2,4,2,2,8,118
2,4,2,2,8,118
2,4,2,2,8,118
2,4,2,2,8,118
2,4,2,2,8,118
2,4,2,2,8,118
2,4,2,2,8,118
2,4,2,2,9,118
2,4,2,2,9,118
2,4,2,2,9,118
2,4,2,2,9,118
2,4,2,2,9,118
2,4,2,2,9,118
2,4,2,2,9,118
3,4,2,2,9,118
3,4,2,2,9,118
3,4,2,2,9,118
3,4,2,2,9,118
3,4,2,2,9,118
3,4,2,2,9,118
3,4,2,2,9,118
3,4,2,2,9,118
3,4,2,2,9,118
3,4,2,2,9,118
3,4,2,2,9,118
3,4,2,2,9,118
3,4,2,2,9,118
3,4,2,2,9,118
3,4,2,2,9,118
3,4,2,2,9,118
3,4,2,2,9,118
3,4,2,2,9,118
3,4,2,2,9,118
3,4,2,2,9,118
3,4,2,2,8,118
4,4,2,2,8,118
4,4,2,2,8,118
4,4,2,2,8,118
4,4,2,2,8,118
4,4,2,2,8,118
4,4,2,2,8,118
4,4,2,2,9,118
4,4,2,2,9,118
4,4,2,2,9,118
4,4,2,2,9,118
4,4,2,2,9,118
4,4,2,2,9,118
4,4,2,2,9,118
4,4,2,2,9,118
4,4,2,2,9,118
4,4,2,2,9,118
4,4,2,2,9,118
4,4,2,2,9,118
4,4,2,2,9,118
0,0,0,0,0,119
0,0,0,0,0,119
0,0,1,0,0,119
0,0,1,0,0,119
0,0,1,1,0,119
0,1,1,1,0,119
0,1,1,1,1,119
0,1,1,1,1,119
0,2,1,1,1,119
0,2,1,1,1,119
0,2,1,1,1,119
0,2,1,1,1,119
0,2,1,1,1,119
0,2,1,1,1,119
0,2,1,1,2,119
0,2,1,1,2,119
1,2,1,1,2,119
2,2,1,1,2,119
2,2,1,1,2,119
3,2,1,1,2,119
4,2,1,1,2,119
4,3,1,1,2,119
4,2,1,1,2,119
4,2,1,1,2,119
4,2,1,1,2,119
4,1,1,2,2,119
3,1,1,3,2,119
4,1,1,3,2,119
4,1,1,3,3,119
4,1,1,3,3,119
5,1,1,3,3,119
5,1,1,3,3,119
5,2,1,3,3,119
5,3,1,3,3,119
4,3,1,3,4,119
5,3,1,3,4,119
5,3,1,3,4,119
5,3,1,4,4,119
5,3,1,4,4,119
5,3,1,4,4,119
5,3,1,5,4,119
5,3,1,5,4,119
5,3,1,5,5,119
5,3,1,5,5,119
5,3,1,5,5,119
5,3,1,5,6,119
5,3,1,5,6,119
5,3,1,5,6,119
5,3,1,5,6,119
5,3,1,5,6,119
5,3,1,5,6,119
5,4,1,5,6,119
5,4,1,5,6,119
5,4,1,5,6,119
5,4,1,5,6,119
5,4,1,5,6,119
5,4,1,5,7,119
5,4,1,5,7,119
5,4,1,5,7,119
5,4,1,6,7,119
5,4,1,6,7,119
5,4,1,6,7,119
5,4,1,6,7,119
5,4,1,6,7,119
5,4,1,6,7,119
5,4,1,6,7,119
6,4,1,6,7,119
6,4,1,6,7,119
6,4,1,6,7,119
6,4,1,6,7,119
6,4,1,6,8,119
6,4,1,6,8,119
5,4,1,6,8,119
5,5,1,6,8,119
5,5,1,6,8,119
5,5,1,6,8,119
5,5,1,6,8,119
5,6,1,6,8,119
5,6,1,6,8,119
5,6,1,6,8,119
5,6,1,6,8,119
5,6,1,6,8,119
5,6,1,6,8,119
6,6,1,6,8,119
6,6,1,6,8,119
6,6,1,6,8,119
6,6,1,6,8,119
6,6,1,6,9,119
6,6,1,6,9,119
6,6,1,6,9,119
6,6,1,6,9,119
6,6,1,6,9,119
6,6,1,6,10,119
6,6,1,6,10,119
6,6,1,6,10,119
6,6,1,6,10,119
6,6,1,6,10,119
6,6,1,6,10,119
7,5,1,6,10,119
7,5,1,6,10,119
0,0,0,0,0,120
0,0,0,0,0,120
0,0,0,0,0,120
0,0,0,0,0,120
0,0,0,0,0,120
1,0,0,0,0,120
1,0,0,0,0,120
2,0,0,0,0,120
3,0,0,0,0,120
3,0,0,1,0,120
3,0,0,1,0,120
3,0,0,1,0,120
3,0,0,1,0,120
3,0,0,1,0,120
3,0,0,1,1,120
3,0,0,1,1,120
3,0,0,1,1,120
0,0,0,0,0,121
0,1,0,0,0,121
0,1,0,0,0,121
0,2,0,0,0,121
1,2,0,0,0,121
1,2,1,0,0,121
1,2,1,1,0,121
1,2,1,1,0,121
2,2,1,1,0,121
3,2,1,1,0,121
3,2,1,1,0,121
3,2,1,1,0,121
3,2,1,1,0,121
3,2,1,1,0,121
3,2,1,1,0,121
3,2,1,1,0,121
3,1,1,1,1,121
3,1,1,1,1,121
3,1,1,1,2,121
3,2,1,1,2,121
3,2,1,1,2,121
3,2,1,1,2,121
3,2,1,1,3,121
3,2,1,1,4,121
3,2,1,1,4,121
3,2,1,1,4,121
3,2,1,1,4,121
3,2,1,1,4,121
3,2,1,1,4,121
3,2,1,1,4,121
3,2,1,1,5,121
3,2,1,1,5,121
3,2,1,1,5,121
3,2,1,1,5,121
3,3,1,1,5,121
3,3,1,1,5,121
3,3,1,1,5,121
3,3,1,1,5,121
3,3,1,1,5,121
3,3,1,1,5,121
3,3,1,1,5,121
3,3,1,1,5,121
3,3,1,1,5,121
3,3,1,1,5,121
3,3,1,1,5,121
3,3,1,1,5,121
3,3,1,1,5,121
3,3,1,1,6,121
3,3,1,1,6,121
3,3,1,1,6,121
3,3,1,1,6,121
3,3,1,1,6,121
3,3,1,1,6,121
3,3,1,1,6,121
3,3,1,1,6,121
3,3,1,1,6,121
3,3,1,1,6,121
3,3,1,1,6,121
3,3,1,1,6,121
3,3,1,1,6,121
3,3,1,1,6,121
3,3,1,1,6,121
3,3,1,1,6,121
3,3,1,1,6,121
3,3,1,1,6,121
3,3,1,1,6,121
3,3,1,1,6,121
3,3,1,1,6,121
3,3,1,1,6,121
3,3,1,1,6,121
3,3,1,1,6,121
3,3,1,1,6,121
3,3,1,1,6,121
3,3,1,1,6,121
3,3,1,1,6,121
3,3,1,1,6,121
3,3,1,1,7,121
3,3,1,1,7,121
3,3,1,1,7,121
3,3,1,1,7,121
3,3,1,1,7,121
3,3,1,1,7,121
3,3,2,1,7,121
3,3,2,1,7,121
3,3,2,1,7,121
3,3,2,1,7,121
3,3,2,1,7,121
3,3,2,1,7,121
3,3,2,1,7,121
3,3,2,1,7,121
3,3,2,1,7,121
3,3,2,1,7,121
3,3,2,1,7,121
3,3,2,1,7,121
3,3,2,1,7,121
3,3,2,1,7,121
3,3,2,1,7,121
3,3,2,1,7,121
3,3,2,1,7,121
3,3,2,1,7,121
0,0,0,0,0,122
1,0,0,0,0,122
2,0,0,0,0,122
2,0,0,1,0,122
2,0,0,1,0,122
3,0,0,0,0,122
3,0,0,0,0,122
3,0,0,0,0,122
3,0,0,1,0,122
3,0,0,1,0,122
3,0,0,1,0,122
3,0,0,1,0,122
3,1,0,1,0,122
3,1,0,1,0,122
3,2,0,1,0,122
3,2,0,1,0,122
2,2,0,1,1,122
2,2,0,1,1,122
2,2,0,1,1,122
2,2,0,1,1,122
2,2,0,1,1,122
2,2,0,1,1,122
2,2,0,1,2,122
2,2,0,1,2,122
2,2,0,1,2,122
2,2,0,1,2,122
2,2,0,1,2,122
2,2,0,1,2,122
2,2,0,1,2,122
2,2,0,1,2,122
2,2,0,1,2,122
2,2,0,1,2,122
2,2,0,1,2,122
2,2,0,1,2,122
2,2,0,1,2,122
2,2,0,1,2,122
2,2,0,1,2,122
2,2,0,1,2,122
2,2,0,1,2,122
2,2,0,1,2,122
2,2,0,1,2,122
2,2,0,1,2,122
2,2,0,1,2,122
2,2,0,1,2,122
2,2,0,1,2,122
2,2,0,1,2,122
2,2,0,1,2,122
2,2,0,1,2,122
2,2,0,1,2,122
2,2,0,1,2,122
2,2,0,1,2,122
2,2,0,1,2,122
2,2,0,1,2,122
2,2,0,1,2,122
2,2,0,1,2,122
2,2,0,1,2,122
2,2,0,1,2,122
2,2,0,1,2,122
2,2,0,1,2,122
2,2,0,1,2,122
2,2,0,1,2,122
2,2,0,1,2,122
2,2,0,1,2,122
2,2,0,1,2,122
2,2,0,1,2,122
2,2,0,1,2,122
2,2,0,1,2,122
2,2,0,1,2,122
2,2,0,1,2,122
2,2,0,1,2,122
2,2,0,1,2,122
2,2,0,1,2,122
2,2,0,1,2,122
2,2,0,1,2,122
2,2,0,1,2,122
2,2,0,1,2,122
2,2,0,1,2,122
2,2,0,1,2,122
2,2,0,1,2,122
2,2,0,1,2,122
2,2,0,1,2,122
2,2,0,1,2,122
2,2,0,1,2,122
2,2,0,1,2,122
2,2,0,1,2,122
2,2,0,1,2,122
2,2,0,1,2,122
2,2,0,1,2,122
2,2,0,1,2,122
2,2,0,1,2,122
2,2,0,1,2,122
2,2,0,1,2,122
2,2,0,1,2,122
2,2,0,1,2,122
2,2,0,1,2,122
2,2,0,1,2,122
2,2,0,1,2,122
2,2,0,1,2,122
2,2,0,1,2,122
2,2,0,1,2,122
0,0,0,0,0,123
1,0,0,0,0,123
1,0,0,0,1,123
1,0,0,1,1,123
1,1,0,1,1,123
1,1,1,1,1,123
1,1,1,1,1,123
1,1,1,1,1,123
1,1,1,1,1,123
1,1,1,1,1,123
1,1,1,1,1,123
2,1,1,1,1,123
2,1,1,1,1,123
2,1,1,1,1,123
2,1,1,1,1,123
2,1,1,1,1,123
2,1,1,1,1,123
2,1,1,1,1,123
2,1,1,1,1,123
2,1,1,1,1,123
2,1,1,1,1,123
2,1,1,1,1,123
2,1,1,1,1,123
2,1,1,1,1,123
2,1,1,1,1,123
2,1,1,1,1,123
2,1,1,1,1,123
2,1,1,1,1,123
2,1,1,1,1,123
2,1,1,1,1,123
2,1,1,1,1,123
2,1,1,1,1,123
2,1,1,1,1,123
2,1,1,1,1,123
2,1,1,1,1,123
2,1,1,1,1,123
2,1,1,1,1,123
2,1,1,1,1,123
2,1,1,1,1,123
2,1,1,1,1,123
2,1,1,1,1,123
2,1,1,1,1,123
2,1,1,1,1,123
2,1,1,1,1,123
2,1,1,1,1,123
2,1,1,1,1,123
2,1,1,1,1,123
2,1,1,1,1,123
2,1,1,1,1,123
2,1,1,1,1,123
2,1,1,1,1,123
2,1,1,1,1,123
2,1,1,1,1,123
2,1,1,1,1,123
2,1,1,1,1,123
2,1,1,1,1,123
2,1,1,1,1,123
2,1,1,1,1,123
2,1,1,1,1,123
2,1,1,1,1,123
2,1,1,1,1,123
2,1,1,1,1,123
2,1,1,1,1,123
2,1,1,1,1,123
2,1,1,1,1,123
2,1,1,1,1,123
2,1,1,1,1,123
2,1,1,1,1,123
2,1,1,1,1,123
2,1,1,1,1,123
2,1,1,1,1,123
2,1,1,1,1,123
2,1,1,1,1,123
2,1,1,1,1,123
2,1,1,1,1,123
2,1,1,1,1,123
2,1,1,1,1,123
2,1,1,1,1,123
2,1,1,1,1,123
2,1,1,1,1,123
2,1,1,1,1,123
2,1,1,1,1,123
2,1,1,1,1,123
2,1,1,1,1,123
2,1,1,1,1,123
2,1,1,1,1,123
2,1,1,1,1,123
2,1,1,1,1,123
2,1,1,1,1,123
2,1,1,1,1,123
2,1,1,1,1,123
2,1,1,1,1,123
2,1,1,1,1,123
2,1,1,1,1,123
2,1,1,1,1,123
2,1,1,1,1,123
2,1,1,1,1,123
2,1,1,1,1,123
2,1,1,1,1,123
2,1,1,1,1,123
0,0,0,0,0,124
0,0,0,1,0,124
0,0,0,1,0,124
1,0,0,0,0,124
2,0,0,0,0,124
2,0,0,1,0,124
2,1,0,1,0,124
2,1,0,1,0,124
2,1,0,2,0,124
2,1,0,2,0,124
2,1,0,2,0,124
2,1,0,2,1,124
2,1,0,2,1,124
2,1,0,2,1,124
2,1,0,2,1,124
2,1,0,2,1,124
2,1,0,2,1,124
2,1,0,2,1,124
2,1,0,2,1,124
2,1,0,2,1,124
2,1,0,2,1,124
2,1,0,2,1,124
2,1,0,2,1,124
2,1,0,2,1,124
2,1,0,2,1,124
2,1,0,2,1,124
2,1,0,2,1,124
2,1,0,2,1,124
2,1,0,2,1,124
2,1,0,2,1,124
2,1,0,2,1,124
2,1,0,2,1,124
2,1,0,2,1,124
2,1,0,2,1,124
2,1,0,2,1,124
2,1,0,2,1,124
2,1,0,2,1,124
2,1,0,2,1,124
2,1,0,2,1,124
2,1,0,2,1,124
2,1,0,2,1,124
2,1,0,2,1,124
2,1,0,2,1,124
2,1,0,2,1,124
2,1,0,2,1,124
2,1,0,2,1,124
2,1,0,2,1,124
2,1,0,2,1,124
2,1,0,2,1,124
2,1,0,2,1,124
2,1,0,2,1,124
2,1,0,2,1,124
2,1,0,2,1,124
2,1,0,2,1,124
2,1,0,2,1,124
2,1,0,2,1,124
2,1,0,2,1,124
2,1,0,2,1,124
2,1,0,2,1,124
2,1,0,2,1,124
2,1,0,2,1,124
2,1,0,2,1,124
2,1,0,2,1,124
2,1,0,2,1,124
2,1,0,2,1,124
2,1,0,2,1,124
2,1,0,2,1,124
2,1,0,2,1,124
2,1,0,2,1,124
2,1,0,2,1,124
2,1,0,2,1,124
2,1,0,2,0,124
2,1,0,2,0,124
2,1,0,2,0,124
2,1,0,2,0,124
2,1,0,2,0,124
2,1,0,2,0,124
2,1,0,2,0,124
2,1,0,2,0,124
2,1,0,2,0,124
2,1,0,2,0,124
2,1,0,2,0,124
2,1,0,2,1,124
2,1,0,2,1,124
2,1,0,2,1,124
2,1,0,2,1,124
2,1,0,2,1,124
2,1,0,2,1,124
2,1,0,2,1,124
2,1,0,2,1,124
2,1,0,2,1,124
2,1,0,2,1,124
2,1,0,2,1,124
2,1,0,2,1,124
2,1,0,2,1,124
2,1,0,2,1,124
2,1,0,2,1,124
2,1,0,2,1,124
2,1,0,2,1,124
2,1,0,2,1,124
0,0,0,0,0,125
0,0,0,1,0,125
0,1,0,1,0,125
0,1,0,1,0,125
1,1,0,1,0,125
2,1,0,1,0,125
2,2,0,1,0,125
3,2,0,1,0,125
3,2,0,1,1,125
3,2,0,1,1,125
3,2,0,1,1,125
3,2,0,1,1,125
3,2,0,1,1,125
3,2,0,1,1,125
3,2,0,1,1,125
3,2,0,1,2,125
3,2,0,1,2,125
3,2,0,1,2,125
3,2,0,1,2,125
3,2,0,1,2,125
3,2,0,1,2,125
3,2,0,1,2,125
3,2,0,1,2,125
3,2,0,1,2,125
3,2,0,1,2,125
3,2,0,1,2,125
3,2,0,1,2,125
3,2,0,1,2,125
3,2,0,1,2,125
3,2,0,1,2,125
3,2,0,1,2,125
3,2,0,1,2,125
3,2,0,1,2,125
3,2,0,1,2,125
3,2,0,1,2,125
3,2,0,1,2,125
3,2,0,1,2,125
3,2,0,1,2,125
3,2,0,1,2,125
3,2,0,1,2,125
3,2,0,1,2,125
3,2,0,1,2,125
3,2,0,1,2,125
3,2,0,1,2,125
3,2,0,1,2,125
3,2,0,1,2,125
3,2,0,1,2,125
3,2,0,1,2,125
3,2,0,1,2,125
3,2,0,1,2,125
3,2,0,1,2,125
3,2,0,1,2,125
3,2,0,1,2,125
3,2,0,1,2,125
3,2,0,1,2,125
3,2,0,1,2,125
3,2,0,1,2,125
3,2,0,1,2,125
3,2,0,1,2,125
3,2,0,1,2,125
3,2,0,1,2,125
3,2,0,1,2,125
3,2,0,1,2,125
2,2,0,1,2,125
2,2,0,1,2,125
2,2,0,1,2,125
2,2,0,1,2,125
2,2,0,1,2,125
2,2,0,1,2,125
2,2,0,1,2,125
2,2,0,1,2,125
2,2,0,1,2,125
2,2,0,1,2,125
2,2,0,1,2,125
2,2,0,1,2,125
2,2,0,1,2,125
2,2,0,1,2,125
2,2,0,1,2,125
2,2,0,1,2,125
2,2,0,1,2,125
2,2,0,1,2,125
2,2,0,1,2,125
2,2,0,1,2,125
2,2,0,1,2,125
2,2,0,1,2,125
2,2,0,1,2,125
2,2,0,1,2,125
2,2,0,1,2,125
2,2,0,1,2,125
2,2,0,1,2,125
2,2,0,1,2,125
2,2,0,1,2,125
2,2,0,1,2,125
2,2,0,1,2,125
2,2,0,1,2,125
2,2,0,1,2,125
2,2,0,1,2,125
2,2,0,1,2,125
2,2,0,1,2,125
2,2,0,1,2,125
0,0,0,0,0,126
0,0,0,1,0,126
0,0,1,1,0,126
1,0,1,1,0,126
1,0,1,1,0,126
2,0,1,1,0,126
2,0,1,1,0,126
2,0,1,1,1,126
2,0,1,1,1,126
2,0,1,1,1,126
2,0,1,1,2,126
2,0,1,1,2,126
2,0,1,1,2,126
2,0,1,1,2,126
2,0,1,1,2,126
0,0,0,0,0,127
0,0,0,0,0,127
0,0,1,0,0,127
0,0,1,0,0,127
1,0,1,0,0,127
1,0,1,0,1,127
1,0,1,0,2,127
1,1,1,0,2,127
1,1,1,0,2,127
1,1,1,0,2,127
1,2,1,0,2,127
1,2,1,0,2,127
1,2,1,0,2,127
1,2,1,0,2,127
1,2,1,1,2,127
1,2,1,1,2,127
1,2,1,1,2,127
1,2,1,1,2,127
1,2,1,1,2,127
1,2,1,1,2,127
1,2,1,1,2,127
1,2,1,1,2,127
1,2,1,1,2,127
1,2,1,1,2,127
1,2,1,1,2,127
1,2,1,1,2,127
0,2,1,1,2,127
0,2,1,1,2,127
0,2,1,1,2,127
0,2,1,1,2,127
0,2,1,1,2,127
0,2,1,1,2,127
0,2,1,1,2,127
0,2,1,1,2,127
0,2,1,1,2,127
0,2,1,1,2,127
0,2,1,1,2,127
0,2,1,1,2,127
0,2,1,1,2,127
0,2,1,1,2,127
0,2,1,1,2,127
0,2,1,1,2,127
0,2,1,1,2,127
0,2,1,1,2,127
0,2,1,1,2,127
0,2,1,1,2,127
0,2,1,1,2,127
0,2,1,1,2,127
0,2,1,1,2,127
0,2,1,1,2,127
1,2,1,1,2,127
1,2,1,1,2,127
1,2,1,1,2,127
1,2,1,1,2,127
1,2,1,1,2,127
1,2,1,1,2,127
1,2,1,1,2,127
1,2,1,1,2,127
1,2,1,1,2,127
1,2,1,1,2,127
1,2,1,1,2,127
1,2,1,1,2,127
1,2,1,1,2,127
1,2,1,1,2,127
1,2,1,1,2,127
1,2,1,1,2,127
1,2,1,1,2,127
1,2,1,1,2,127
1,2,1,1,2,127
1,2,1,1,2,127
1,2,1,1,2,127
1,2,1,1,2,127
1,2,1,1,2,127
1,2,1,1,2,127
1,2,1,1,2,127
1,2,1,1,2,127
1,2,1,1,2,127
1,2,1,1,2,127
1,2,1,1,2,127
1,2,1,1,2,127
1,2,1,1,2,127
1,2,1,1,2,127
1,2,1,1,2,127
1,2,1,1,2,127
1,2,1,1,2,127
1,2,1,1,2,127
1,2,1,1,2,127
1,2,1,1,2,127
1,2,1,1,2,127
1,2,1,1,2,127
1,2,1,1,2,127
1,2,1,1,2,127
1,2,1,1,2,127
1,2,1,1,2,127
1,2,1,1,2,127
1,2,1,1,2,127
1,2,1,1,2,127
1,2,1,1,2,127
1,2,1,1,2,127
1,2,1,1,2,127
0,0,0,0,0,128
0,0,1,0,0,128
0,1,1,0,0,128
0,1,1,0,1,128
0,2,1,0,1,128
1,2,1,0,1,128
1,2,1,0,2,128
1,2,1,0,2,128
1,3,1,0,2,128
1,3,1,0,2,128
1,3,1,0,3,128
2,3,1,0,3,128
2,3,1,0,3,128
2,3,1,0,3,128
2,3,1,0,3,128
2,3,1,0,3,128
2,3,1,0,3,128
2,3,1,0,3,128
2,3,1,0,3,128
2,3,1,0,3,128
2,3,1,0,3,128
2,3,1,0,3,128
2,3,1,0,3,128
2,3,1,0,3,128
2,3,1,0,3,128
2,3,1,0,3,128
2,3,1,0,3,128
2,3,1,0,3,128
2,3,1,0,3,128
2,3,1,0,3,128
2,3,1,0,3,128
2,3,1,0,3,128
2,3,1,0,3,128
2,3,1,0,3,128
2,3,1,0,3,128
2,3,1,0,3,128
2,3,1,0,3,128
2,3,1,0,3,128
2,3,1,0,3,128
2,3,1,0,3,128
2,3,1,0,3,128
2,3,1,0,3,128
2,3,1,0,3,128
2,3,1,0,3,128
2,3,1,0,3,128
2,3,1,0,3,128
2,3,1,0,3,128
2,3,1,0,3,128
2,3,1,0,3,128
2,3,1,0,3,128
2,3,1,0,3,128
2,3,1,0,3,128
2,3,1,0,3,128
2,3,1,0,3,128
2,3,1,0,3,128
2,3,1,0,3,128
2,3,1,0,3,128
2,3,1,0,3,128
2,3,1,0,3,128
2,3,1,0,3,128
2,3,1,0,3,128
2,3,1,0,3,128
2,3,1,0,3,128
2,3,1,0,3,128
2,3,1,0,3,128
2,3,1,0,3,128
2,3,1,0,3,128
2,3,1,0,3,128
2,3,1,0,3,128
2,3,1,0,3,128
2,3,1,0,3,128
2,3,1,0,3,128
2,3,1,0,3,128
2,3,1,0,3,128
2,3,1,0,3,128
2,3,1,0,3,128
2,3,1,0,3,128
2,3,1,0,3,128
2,3,1,0,3,128
2,3,1,0,3,128
2,3,1,0,3,128
2,3,1,0,2,128
2,3,1,0,2,128
2,3,1,0,2,128
2,3,1,0,2,128
2,3,1,0,2,128
2,3,1,0,2,128
2,3,1,0,2,128
2,3,1,0,2,128
2,3,1,0,2,128
2,3,1,0,2,128
2,3,1,0,2,128
2,3,1,0,2,128
2,3,1,0,2,128
2,3,1,0,2,128
2,3,1,0,2,128
2,3,1,0,2,128
2,3,1,0,2,128
2,3,1,0,2,128
2,3,1,0,2,128
0,0,0,0,0,129
0,0,1,0,0,129
1,0,1,0,0,129
1,0,1,0,1,129
1,0,1,1,1,129
1,0,1,1,1,129
1,0,1,1,2,129
1,0,1,1,2,129
2,0,1,1,2,129
3,0,1,1,2,129
3,0,1,1,2,129
3,0,1,1,2,129
3,0,1,1,3,129
3,0,1,1,3,129
3,0,1,1,3,129
3,0,1,1,3,129
0,0,0,0,0,130
0,0,0,1,0,130
0,0,1,1,0,130
0,0,1,1,0,130
0,1,1,1,0,130
0,1,1,1,0,130
1,1,1,1,0,130
1,1,1,1,1,130
1,1,1,1,2,130
1,1,1,1,3,130
2,1,1,1,3,130
2,1,1,1,3,130
2,2,1,1,3,130
3,2,1,1,3,130
3,2,1,1,3,130
3,2,1,1,3,130
3,2,2,1,3,130
3,2,2,2,3,130
3,2,2,2,3,130
3,2,2,2,3,130
3,2,2,2,3,130
3,3,2,2,3,130
3,4,2,2,3,130
3,4,2,2,3,130
4,4,2,2,3,130
5,4,2,2,3,130
5,4,2,2,3,130
5,4,2,2,3,130
5,5,2,2,3,130
5,5,2,2,3,130
6,5,2,2,3,130
6,5,2,2,3,130
7,5,2,2,3,130
7,5,2,2,3,130
7,5,2,2,3,130
7,5,2,3,3,130
7,5,2,4,3,130
7,5,2,4,3,130
7,5,2,4,3,130
7,5,2,4,3,130
7,4,2,5,3,130
6,4,2,5,4,130
6,3,2,5,4,130
7,3,2,5,4,130
7,3,2,5,5,130
7,4,2,4,5,130
7,4,2,5,5,130
7,5,2,5,5,130
7,5,2,5,5,130
7,5,2,5,6,130
7,5,2,5,6,130
7,6,2,4,6,130
7,6,2,5,6,130
6,6,2,6,6,130
6,6,2,6,6,130
6,6,2,6,6,130
6,6,2,6,7,130
6,6,2,7,7,130
6,6,2,7,7,130
6,6,2,7,7,130
6,6,2,7,7,130
6,6,2,7,7,130
7,6,2,7,7,130
7,7,2,6,7,130
7,7,2,6,7,130
7,6,2,7,7,130
7,6,2,7,7,130
7,6,2,7,7,130
7,6,2,7,7,130
7,6,2,7,7,130
6,7,2,7,7,130
6,7,2,7,7,130
6,7,2,7,7,130
6,7,2,7,7,130
6,7,2,7,7,130
6,7,2,7,7,130
6,7,2,7,7,130
6,7,2,7,7,130
6,7,2,8,7,130
6,7,2,8,7,130
7,7,2,8,7,130
7,7,2,8,7,130
7,7,2,8,7,130
7,8,2,8,7,130
7,8,2,8,7,130
7,9,2,8,7,130
7,9,2,8,8,130
7,9,2,8,8,130
7,9,2,8,8,130
7,9,2,8,8,130
7,10,2,8,7,130
7,10,2,8,8,130
7,10,2,8,8,130
7,10,2,8,8,130
7,11,2,8,8,130
7,11,2,8,8,130
8,10,2,8,8,130
8,10,2,8,8,130
8,10,2,8,8,130
9,10,2,8,8,130
0,0,0,0,0,131
0,0,0,0,0,131
0,0,0,0,0,131
0,0,0,1,0,131
0,0,0,1,0,131
1,0,0,1,0,131
2,0,0,1,0,131
2,0,0,1,0,131
2,0,0,1,0,131
3,0,0,1,0,131
3,0,0,1,0,131
3,0,0,1,0,131
3,0,0,1,0,131
3,0,0,1,0,131
3,1,0,1,0,131
3,1,0,1,0,131
3,1,0,1,1,131
0,0,0,0,0,132
1,0,0,0,0,132
1,1,0,0,0,132
1,1,0,0,1,132
1,1,1,0,1,132
1,1,1,1,1,132
2,1,1,1,1,132
2,2,1,1,1,132
2,2,1,1,2,132
2,2,1,1,2,132
2,3,1,1,2,132
2,3,1,2,2,132
2,2,1,2,2,132
2,2,1,3,1,132
3,2,1,3,1,132
3,2,2,3,1,132
3,2,2,4,1,132
3,2,2,5,1,132
3,2,2,5,2,132
3,2,2,5,2,132
3,2,2,5,3,132
3,2,3,5,3,132
3,2,3,5,3,132
3,2,3,5,3,132
3,2,3,5,3,132
3,2,3,5,3,132
3,2,4,5,3,132
4,2,4,5,3,132
4,2,4,5,3,132
4,3,4,4,3,132
5,3,4,4,3,132
5,3,4,4,3,132
5,3,4,4,3,132
5,3,4,4,4,132
5,3,5,4,4,132
5,3,5,4,4,132
5,3,5,4,5,132
5,3,5,4,6,132
5,3,5,5,6,132
5,3,5,6,6,132
5,4,5,6,6,132
6,4,5,6,6,132
6,4,5,6,6,132
6,4,5,6,7,132
6,4,5,6,7,132
6,4,5,6,7,132
6,4,5,6,8,132
6,4,5,6,8,132
6,4,5,6,8,132
6,4,5,6,8,132
6,4,5,5,8,132
6,4,5,5,8,132
6,4,5,5,8,132
6,4,5,5,9,132
6,4,5,5,9,132
6,4,6,5,9,132
6,4,6,5,9,132
6,4,6,6,8,132
6,5,5,6,8,132
6,5,5,5,9,132
6,6,5,5,9,132
6,6,6,5,8,132
7,6,6,5,8,132
7,7,6,5,8,132
7,7,6,5,8,132
7,8,6,5,8,132
7,8,6,4,9,132
7,9,6,4,9,132
7,9,6,4,10,132
7,10,6,4,10,132
7,10,6,4,11,132
7,10,6,4,11,132
7,10,6,4,11,132
7,10,6,4,11,132
7,11,6,4,11,132
8,11,5,4,11,132
9,11,5,4,11,132
10,11,5,4,11,132
10,11,5,4,11,132
11,11,5,4,10,132
12,11,5,4,10,132
12,10,5,4,10,132
11,10,5,4,11,132
11,10,5,3,12,132
11,10,4,3,13,132
11,10,4,3,13,132
11,10,5,3,13,132
11,11,5,3,12,132
11,11,5,3,12,132
11,12,5,3,12,132
11,12,5,3,12,132
11,12,5,4,11,132
11,12,5,4,11,132
11,12,5,5,11,132
11,12,5,5,11,132
11,12,5,5,11,132
11,12,5,5,11,132
10,12,5,6,11,132
10,12,5,6,11,132
10,12,5,6,11,132
0,0,0,0,0,133
0,1,0,0,0,133
0,1,0,0,1,133
0,1,1,0,1,133
0,1,1,0,1,133
1,1,1,0,1,133
1,1,1,1,1,133
1,1,1,1,2,133
1,1,1,1,3,133
1,1,1,1,3,133
1,1,1,1,3,133
1,1,1,1,3,133
1,1,1,1,3,133
1,1,1,1,3,133
1,1,1,1,3,133
1,2,0,1,3,133
1,3,0,1,3,133
1,3,1,1,3,133
1,4,1,1,3,133
1,4,1,1,3,133
1,4,1,1,4,133
1,4,1,1,5,133
1,4,1,1,5,133
1,4,1,1,5,133
1,4,1,1,5,133
1,4,1,1,5,133
1,4,1,1,5,133
2,4,1,1,5,133
2,4,1,1,5,133
3,4,1,1,5,133
3,4,1,1,5,133
3,4,1,1,5,133
3,4,1,1,5,133
3,4,1,1,5,133
3,4,1,1,5,133
3,4,1,1,5,133
3,4,1,1,5,133
3,4,1,1,5,133
3,4,1,1,5,133
3,4,1,1,6,133
3,4,1,1,6,133
3,4,1,1,6,133
3,4,1,1,6,133
3,4,1,1,6,133
3,4,1,2,6,133
3,4,1,2,6,133
3,4,1,2,6,133
4,4,1,2,6,133
4,4,1,1,6,133
4,5,1,1,6,133
4,5,1,1,6,133
3,5,2,1,6,133
3,5,2,2,6,133
3,5,2,2,6,133
3,5,2,3,6,133
3,5,2,3,6,133
3,5,2,3,7,133
3,6,2,3,7,133
3,5,2,3,7,133
3,5,2,3,8,133
3,6,2,3,8,133
3,6,2,3,8,133
3,6,2,3,8,133
3,7,2,3,8,133
4,7,2,3,8,133
5,7,2,3,8,133
4,7,2,3,8,133
4,7,2,3,8,133
4,6,2,3,9,133
4,6,2,4,9,133
4,6,2,4,9,133
4,6,2,4,9,133
4,6,2,5,9,133
4,6,2,5,9,133
4,6,2,5,9,133
5,6,2,5,9,133
5,6,2,5,9,133
5,6,2,5,9,133
5,6,2,5,9,133
5,6,2,5,9,133
5,6,2,5,9,133
6,6,2,5,9,133
6,6,2,6,9,133
6,6,2,6,9,133
6,6,2,6,9,133
6,6,2,6,9,133
7,6,2,6,9,133
7,6,2,6,9,133
7,6,2,6,9,133
7,6,2,6,9,133
7,6,2,6,9,133
7,7,2,6,9,133
7,7,2,6,9,133
7,7,2,6,9,133
7,7,2,6,9,133
7,7,1,6,10,133
7,7,1,6,10,133
7,7,1,6,11,133
7,7,1,6,11,133
7,7,1,6,11,133
0,0,0,0,0,134
0,0,0,0,0,134
0,0,0,0,1,134
0,0,1,0,1,134
0,0,1,0,2,134
0,0,1,1,2,134
0,0,1,1,2,134
0,0,1,1,2,134
1,0,1,1,2,134
2,0,1,1,2,134
2,0,1,1,2,134
2,0,1,1,2,134
2,0,1,1,2,134
2,1,1,1,2,134
2,1,1,0,2,134
2,1,1,0,2,134
2,1,1,0,2,134
2,1,1,0,2,134
2,1,1,0,2,134
2,1,1,0,2,134
2,1,1,0,2,134
2,1,1,0,2,134
2,1,1,0,2,134
2,1,1,0,2,134
2,1,1,0,2,134
2,1,1,0,2,134
2,1,1,0,2,134
2,1,1,0,2,134
2,1,1,0,2,134
2,1,1,0,2,134
2,1,1,0,2,134
2,1,1,0,2,134
2,1,1,0,2,134
2,1,1,0,2,134
2,1,1,0,2,134
2,1,1,0,2,134
2,1,1,0,2,134
2,1,1,0,2,134
2,1,1,0,2,134
2,1,1,0,2,134
2,1,1,0,2,134
2,1,1,0,2,134
2,1,1,0,2,134
2,1,1,0,2,134
2,1,1,0,2,134
2,1,1,0,2,134
2,1,1,0,2,134
2,1,1,0,2,134
2,1,1,0,2,134
2,1,1,0,2,134
2,1,1,0,2,134
2,1,1,0,2,134
2,1,1,0,2,134
2,1,1,0,2,134
2,1,1,0,2,134
2,1,1,0,2,134
2,1,1,0,2,134
2,1,1,0,2,134
2,1,1,0,2,134
2,1,1,0,2,134
2,1,1,0,2,134
2,1,1,0,2,134
2,1,1,0,2,134
2,1,1,0,2,134
2,1,1,0,2,134
2,1,1,0,2,134
2,1,1,0,2,134
2,1,1,0,2,134
2,1,1,0,2,134
2,1,1,0,2,134
2,1,1,0,2,134
2,1,1,0,2,134
2,1,1,0,2,134
2,1,1,0,2,134
2,1,1,0,2,134
2,1,1,0,2,134
2,1,1,0,2,134
2,1,1,0,2,134
2,1,1,0,2,134
2,1,1,0,2,134
2,1,1,0,2,134
2,1,1,0,2,134
2,1,1,0,2,134
2,1,1,0,2,134
2,1,1,0,2,134
2,1,1,0,2,134
2,1,1,0,2,134
2,1,1,0,2,134
2,1,1,0,2,134
2,1,1,0,2,134
2,1,1,0,2,134
2,1,1,0,2,134
2,1,1,0,2,134
2,1,1,0,2,134
2,1,1,0,2,134
2,1,1,0,2,134
2,1,1,0,2,134
2,1,1,0,2,134
2,1,1,0,2,134
2,1,1,0,2,134
0,0,0,0,0,135
0,0,0,0,0,135
0,0,1,0,0,135
0,0,1,0,0,135
0,1,1,0,0,135
0,1,1,0,0,135
1,1,1,0,0,135
1,2,1,0,0,135
2,2,1,0,0,135
2,2,1,0,0,135
2,3,1,0,0,135
2,3,1,0,0,135
2,3,2,0,0,135
2,3,2,0,0,135
2,3,2,1,0,135
2,3,2,1,0,135
2,3,2,1,0,135
2,3,2,1,0,135
3,3,2,1,0,135
3,3,2,2,0,135
3,3,2,2,0,135
3,3,3,2,0,135
3,3,3,2,0,135
3,3,3,2,0,135
3,4,3,2,0,135
3,4,3,2,0,135
4,4,3,2,0,135
4,4,3,2,0,135
4,5,3,2,0,135
4,5,3,2,0,135
4,5,3,2,0,135
4,5,3,3,0,135
5,5,3,3,0,135
5,5,3,3,0,135
6,5,3,3,0,135
6,5,4,3,0,135
6,5,4,3,0,135
7,4,4,3,0,135
7,4,4,3,0,135
7,4,4,3,1,135
7,4,4,4,1,135
7,5,4,4,1,135
7,6,4,4,1,135
7,6,4,4,1,135
7,6,4,4,2,135
7,6,4,5,2,135
7,7,4,5,2,135
8,7,4,5,2,135
8,7,5,5,2,135
8,7,5,5,2,135
8,7,5,4,3,135
9,7,5,4,3,135
9,7,5,4,4,135
9,7,5,5,4,135
9,6,5,5,5,135
9,6,5,5,6,135
9,6,5,5,6,135
10,6,5,5,6,135
10,6,5,5,6,135
10,6,5,5,6,135
10,6,5,4,7,135
10,7,5,4,7,135
10,7,5,4,7,135
10,8,5,4,7,135
10,8,6,4,7,135
10,9,5,4,7,135
10,9,5,4,8,135
10,9,5,4,8,135
10,9,6,4,8,135
10,9,6,4,9,135
10,8,6,4,10,135
10,9,6,4,10,135
10,9,7,4,10,135
10,9,7,4,10,135
10,9,7,4,10,135
10,9,7,4,10,135
10,9,7,5,10,135
10,9,7,5,10,135
10,9,7,5,10,135
10,9,7,5,11,135
10,9,7,5,11,135
10,9,7,5,11,135
9,9,7,6,11,135
9,9,7,6,11,135
9,9,7,6,11,135
9,9,7,6,12,135
10,9,7,6,12,135
10,9,7,6,11,135
10,9,7,6,11,135
10,9,7,6,11,135
10,9,7,6,11,135
10,10,7,6,11,135
11,9,7,6,11,135
11,9,7,6,12,135
11,9,7,6,12,135
12,9,7,6,12,135
12,9,7,6,12,135
12,9,7,6,12,135
12,9,7,6,12,135
13,9,7,6,12,135
0,0,0,0,0,136
0,0,0,0,1,136
0,0,0,1,1,136
1,0,0,1,1,136
1,0,1,1,1,136
1,1,0,1,1,136
1,1,0,2,1,136
1,1,0,2,1,136
1,1,0,2,1,136
1,1,0,2,2,136
1,1,0,2,2,136
1,1,0,2,2,136
1,1,0,2,2,136
1,1,0,2,2,136
1,1,0,2,2,136
1,1,0,2,2,136
1,1,0,2,2,136
1,1,0,2,2,136
1,1,0,2,2,136
1,1,0,2,2,136
1,1,0,2,2,136
1,1,0,1,2,136
1,1,0,1,2,136
1,1,0,1,2,136
1,1,0,1,2,136
1,1,0,1,2,136
1,1,0,1,2,136
1,1,0,1,2,136
1,1,0,1,2,136
1,1,0,1,2,136
1,1,0,1,2,136
1,1,0,1,2,136
1,1,0,1,2,136
1,1,0,1,2,136
1,1,0,1,2,136
1,1,0,1,2,136
1,1,0,1,2,136
1,1,0,1,2,136
1,1,0,1,2,136
1,1,0,1,2,136
1,1,0,1,2,136
1,1,0,1,2,136
1,1,0,1,2,136
1,1,0,1,2,136
1,1,0,1,2,136
1,1,0,1,2,136
1,1,0,1,2,136
1,1,0,1,2,136
1,1,0,1,2,136
1,1,0,1,2,136
1,1,0,1,2,136
1,1,0,1,2,136
1,1,0,1,2,136
1,1,0,1,2,136
1,1,0,1,2,136
1,1,0,1,2,136
1,1,0,1,2,136
1,1,0,1,2,136
1,1,0,1,2,136
1,1,0,1,2,136
1,1,0,1,2,136
1,1,0,1,2,136
1,1,0,1,2,136
1,1,0,1,2,136
1,1,0,1,2,136
1,1,0,1,2,136
1,1,0,1,2,136
1,1,0,1,2,136
1,1,0,1,2,136
1,1,0,1,2,136
1,1,0,1,2,136
1,1,0,1,2,136
1,1,0,1,2,136
1,1,0,1,2,136
1,1,0,1,2,136
1,1,0,1,2,136
1,1,0,1,2,136
1,1,0,1,2,136
1,1,0,1,2,136
1,1,0,1,2,136
1,1,0,1,2,136
1,1,0,1,2,136
1,1,0,1,2,136
1,1,0,1,2,136
1,1,0,1,2,136
1,1,0,1,2,136
1,1,0,1,2,136
1,1,0,1,2,136
1,1,0,1,2,136
1,1,0,1,2,136
1,1,0,1,2,136
1,1,0,1,2,136
1,1,0,1,2,136
1,1,0,1,2,136
1,1,0,1,2,136
1,1,0,1,2,136
1,1,0,1,2,136
1,1,0,1,2,136
1,1,0,1,2,136
1,1,0,1,2,136
0,0,0,0,0,137
0,0,0,0,0,137
0,0,1,0,0,137
0,0,1,0,0,137
0,0,1,0,0,137
0,0,1,0,0,137
0,0,1,0,0,137
0,0,1,1,0,137
0,0,1,1,1,137
0,1,1,1,1,137
1,1,1,1,1,137
1,1,1,1,1,137
1,2,1,1,1,137
1,2,1,1,1,137
1,2,1,1,1,137
1,2,1,1,1,137
1,2,1,1,1,137
1,2,1,1,1,137
2,2,1,1,1,137
2,2,1,1,1,137
2,2,1,1,1,137
2,2,1,1,1,137
2,2,1,1,1,137
2,2,1,1,1,137
2,2,1,1,1,137
2,2,1,1,1,137
2,2,1,1,1,137
2,2,1,1,1,137
2,2,1,1,1,137
2,2,1,1,1,137
2,2,1,1,1,137
2,2,1,1,1,137
2,2,1,1,1,137
2,2,1,1,1,137
2,2,1,1,1,137
2,2,1,1,1,137
2,2,1,1,1,137
2,2,1,1,1,137
2,2,1,1,1,137
2,2,1,1,1,137
2,2,1,1,1,137
2,2,1,1,1,137
2,2,1,1,1,137
2,1,1,1,1,137
2,1,1,1,1,137
2,1,1,1,1,137
2,1,1,1,1,137
2,1,1,1,1,137
2,1,1,1,1,137
2,1,1,1,1,137
2,1,1,1,1,137
2,1,1,1,1,137
2,1,1,1,1,137
2,1,1,1,1,137
2,1,1,1,1,137
2,1,1,1,1,137
2,1,1,1,1,137
2,1,1,1,1,137
2,1,1,1,1,137
2,1,1,1,1,137
2,1,1,1,1,137
2,1,1,1,1,137
2,1,1,1,1,137
2,1,1,1,1,137
2,1,1,1,1,137
2,1,1,1,1,137
2,1,1,1,1,137
2,1,1,1,1,137
2,1,1,1,1,137
2,1,1,1,1,137
2,1,1,1,1,137
2,1,1,1,1,137
2,1,1,1,1,137
2,1,1,1,1,137
2,1,1,1,1,137
2,1,1,1,1,137
2,1,1,1,1,137
2,1,1,1,1,137
2,1,1,1,1,137
2,1,1,1,1,137
2,1,1,1,1,137
2,1,1,1,1,137
2,1,1,1,1,137
2,1,1,1,1,137
2,1,1,1,1,137
2,1,1,1,1,137
2,1,1,1,1,137
2,1,1,1,1,137
2,1,1,1,1,137
2,1,1,1,1,137
2,1,1,1,1,137
2,1,1,1,1,137
2,1,1,1,1,137
2,1,1,1,1,137
2,1,1,1,1,137
2,1,1,1,1,137
2,1,1,1,1,137
2,1,1,1,1,137
2,1,1,1,1,137
2,1,1,1,1,137
0,0,0,0,0,138
0,0,1,0,0,138
0,1,1,0,0,138
0,2,1,0,0,138
1,2,1,0,0,138
2,2,1,0,0,138
2,2,1,0,0,138
2,2,1,1,0,138
2,2,1,1,0,138
2,3,1,1,0,138
2,3,1,1,0,138
3,3,1,1,0,138
4,2,1,1,0,138
4,1,1,1,1,138
4,2,1,1,1,138
4,2,1,1,2,138
5,2,1,1,2,138
5,2,1,1,3,138
5,2,2,1,3,138
5,2,3,1,3,138
5,2,3,1,3,138
5,2,3,1,4,138
5,2,2,2,4,138
6,2,2,2,4,138
6,2,2,3,4,138
6,3,2,3,4,138
6,3,2,3,4,138
6,3,2,4,3,138
5,3,2,4,3,138
6,3,2,4,3,138
6,3,2,4,4,138
6,4,2,4,4,138
6,4,2,4,5,138
6,4,2,4,5,138
6,4,2,4,5,138
6,5,2,4,5,138
6,5,2,4,5,138
6,5,2,4,5,138
6,5,2,4,5,138
6,5,2,4,5,138
6,5,2,4,5,138
6,5,2,4,5,138
7,5,2,3,5,138
7,5,2,3,5,138
7,5,2,3,5,138
7,5,2,3,5,138
7,5,2,3,5,138
7,6,2,3,5,138
7,6,2,3,5,138
7,6,2,3,5,138
7,6,2,3,6,138
7,6,2,3,6,138
7,6,2,3,6,138
7,6,2,3,6,138
7,6,2,4,6,138
7,6,2,4,6,138
7,6,2,4,6,138
7,6,2,4,6,138
7,6,2,4,6,138
6,6,2,4,6,138
6,7,2,4,6,138
6,7,2,4,6,138
6,8,2,4,6,138
6,8,2,4,6,138
6,8,2,4,6,138
6,8,2,4,7,138
6,8,2,4,7,138
6,8,2,4,7,138
6,8,2,4,7,138
6,7,2,5,7,138
6,7,2,5,7,138
6,7,2,5,7,138
6,7,2,5,7,138
6,7,2,5,7,138
6,7,1,6,7,138
6,7,1,6,7,138
6,7,1,6,7,138
6,7,1,6,7,138
6,7,1,6,7,138
6,7,1,6,7,138
6,7,1,6,7,138
6,7,1,6,7,138
6,7,1,6,7,138
6,7,1,6,7,138
6,7,1,6,7,138
6,7,1,6,7,138
6,7,1,6,7,138
6,7,1,6,7,138
6,7,1,6,7,138
6,7,1,6,7,138
6,7,1,6,7,138
6,7,1,6,7,138
6,7,1,6,7,138
6,7,1,6,7,138
6,7,1,6,7,138
5,7,1,6,7,138
5,7,1,6,7,138
5,7,1,6,7,138
5,7,1,6,7,138
5,7,1,6,7,138
0,0,0,0,0,139
0,0,0,1,0,139
0,1,0,1,0,139
0,1,0,1,0,139
0,1,0,1,0,139
1,1,0,1,0,139
1,1,0,1,0,139
2,1,0,1,0,139
2,1,0,1,0,139
2,1,1,1,0,139
2,1,1,1,0,139
2,1,1,1,0,139
2,2,1,1,0,139
2,2,1,1,0,139
2,2,1,1,0,139
2,2,1,1,1,139
2,2,1,1,1,139
2,2,1,1,1,139
2,2,1,1,1,139
2,3,1,1,1,139
2,4,1,1,1,139
2,4,1,1,1,139
2,3,1,1,2,139
2,3,1,1,2,139
2,4,1,1,2,139
2,4,1,1,2,139
2,4,1,1,2,139
2,4,1,1,2,139
1,4,1,1,2,139
1,4,1,1,3,139
2,4,1,1,3,139
2,4,1,1,4,139
2,4,1,1,4,139
2,4,1,1,4,139
2,4,1,1,4,139
2,4,1,1,5,139
2,4,1,1,5,139
2,4,1,1,5,139
2,4,1,1,5,139
2,4,1,1,5,139
2,4,1,1,6,139
2,4,1,1,6,139
2,5,1,1,6,139
2,5,1,1,6,139
2,5,1,1,6,139
3,5,1,1,6,139
3,5,1,1,6,139
4,5,1,1,6,139
4,5,1,1,6,139
4,5,1,1,6,139
4,5,1,1,6,139
4,5,1,1,6,139
4,5,1,2,6,139
4,5,2,2,6,139
4,5,2,2,6,139
4,5,2,2,6,139
4,5,2,3,6,139
4,5,2,3,6,139
4,5,2,3,6,139
4,5,2,3,7,139
4,5,2,3,7,139
4,5,2,3,7,139
3,6,2,3,7,139
3,6,2,3,7,139
3,6,2,3,7,139
3,6,2,3,7,139
3,6,2,3,8,139
3,6,2,3,8,139
3,6,2,3,8,139
3,6,2,3,9,139
3,6,2,3,9,139
3,6,2,3,9,139
3,6,2,4,9,139
3,6,2,4,9,139
3,6,2,4,9,139
3,6,2,4,9,139
4,6,2,4,9,139
4,6,2,4,9,139
4,6,2,4,9,139
4,7,2,4,9,139
4,7,2,4,9,139
4,7,2,4,9,139
4,7,2,4,9,139
4,7,2,4,9,139
4,7,2,4,9,139
4,7,2,4,9,139
4,7,2,5,9,139
4,7,2,5,9,139
4,7,2,5,9,139
4,7,2,5,9,139
4,7,2,5,9,139
4,7,2,5,9,139
4,7,2,5,9,139
4,7,2,5,9,139
4,7,2,6,8,139
4,7,2,6,8,139
4,7,2,6,8,139
4,7,2,6,8,139
4,7,2,6,8,139
4,7,2,6,8,139
0,0,0,0,0,140
1,0,0,0,0,140
1,1,0,0,0,140
1,1,0,0,0,140
2,1,0,0,0,140
2,1,1,0,0,140
2,1,1,0,0,140
2,1,1,0,0,140
3,1,1,0,0,140
3,1,1,0,0,140
3,2,1,0,0,140
3,2,1,0,0,140
3,2,1,0,0,140
3,2,1,0,0,140
3,2,1,0,1,140
3,2,1,0,1,140
0,0,0,0,0,141
0,0,0,0,1,141
1,0,0,0,1,141
0,0,0,0,2,141
0,0,1,0,2,141
0,0,1,1,2,141
0,1,1,1,1,141
1,1,1,1,1,141
1,1,1,1,1,141
1,2,1,1,1,141
1,2,1,1,1,141
1,2,1,1,2,141
1,2,1,1,2,141
1,2,1,1,2,141
2,2,1,1,2,141
3,2,1,1,2,141
3,3,1,1,2,141
3,3,1,1,2,141
3,3,1,1,2,141
3,3,1,1,3,141
3,3,1,1,3,141
3,3,1,1,3,141
3,3,1,1,3,141
3,3,1,1,3,141
3,3,1,1,4,141
3,3,1,1,4,141
3,3,1,1,4,141
3,3,1,1,5,141
3,3,1,1,5,141
3,3,1,1,5,141
3,3,1,1,5,141
3,3,1,1,5,141
3,3,1,1,5,141
3,3,1,1,5,141
3,3,1,1,5,141
3,3,1,1,5,141
3,3,1,1,5,141
3,3,1,1,5,141
3,3,1,1,5,141
3,2,1,1,5,141
3,2,1,1,5,141
3,2,1,1,6,141
3,2,1,1,6,141
3,1,2,1,6,141
3,1,2,1,6,141
3,1,2,1,6,141
3,1,2,1,5,141
3,1,2,1,5,141
3,1,2,1,5,141
3,1,2,1,5,141
3,1,2,1,5,141
3,1,2,1,5,141
3,1,2,1,6,141
3,2,2,1,6,141
3,2,2,1,6,141
3,2,2,1,6,141
3,2,2,1,6,141
3,2,2,1,6,141
3,3,2,1,6,141
3,3,2,1,6,141
3,3,2,1,6,141
3,3,2,1,6,141
3,3,2,1,6,141
3,3,2,1,6,141
3,3,3,1,6,141
3,3,2,1,6,141
3,3,2,2,6,141
3,3,1,2,7,141
3,3,1,2,7,141
3,3,1,2,7,141
3,3,2,2,6,141
4,3,2,2,6,141
4,3,2,3,6,141
4,4,1,3,6,141
4,4,2,3,6,141
4,4,2,3,6,141
4,5,2,3,6,141
4,6,2,3,6,141
4,6,2,3,6,141
4,6,3,3,6,141
5,6,3,3,6,141
5,6,3,3,6,141
5,6,3,4,6,141
5,6,3,4,6,141
5,6,4,4,6,141
5,6,4,5,6,141
5,6,4,5,6,141
5,5,4,5,6,141
5,5,4,5,7,141
5,5,4,5,8,141
6,5,4,5,8,141
6,5,4,5,8,141
6,5,4,5,9,141
6,5,5,5,9,141
6,5,5,5,9,141
6,5,5,5,9,141
6,5,5,5,9,141
6,5,5,5,9,141
6,5,6,5,9,141
6,5,6,5,9,141
0,0,0,0,0,142
0,0,0,1,0,142
0,1,0,1,0,142
0,1,0,1,0,142
0,1,0,1,1,142
0,1,0,1,1,142
0,1,0,1,1,142
1,1,0,1,1,142
1,1,0,1,1,142
1,2,0,1,1,142
1,2,1,1,1,142
2,2,1,1,1,142
1,2,1,1,2,142
1,2,1,1,2,142
1,2,1,1,3,142
1,2,1,1,3,142
1,2,1,1,3,142
1,2,1,1,3,142
1,2,1,1,3,142
1,2,1,1,3,142
1,2,1,1,3,142
1,2,1,1,3,142
1,2,1,1,3,142
1,2,1,1,3,142
1,2,1,1,3,142
1,2,1,1,3,142
1,2,1,1,3,142
1,2,1,1,3,142
1,2,1,1,3,142
1,2,1,1,3,142
1,1,1,1,3,142
1,1,1,1,3,142
1,1,1,1,3,142
1,1,1,1,3,142
1,1,1,1,3,142
1,2,1,1,3,142
1,2,1,1,3,142
1,2,1,1,3,142
1,2,1,1,3,142
1,2,1,1,3,142
1,2,1,1,3,142
1,2,1,1,3,142
1,2,1,1,3,142
1,2,1,1,3,142
1,2,1,1,3,142
1,2,1,1,3,142
1,2,1,1,3,142
1,2,1,1,3,142
1,2,1,1,3,142
1,2,1,1,3,142
1,2,1,1,3,142
1,2,1,1,3,142
1,2,1,1,3,142
1,2,1,1,3,142
1,2,1,1,3,142
1,2,1,1,3,142
1,2,1,1,3,142
1,2,1,1,3,142
1,2,1,1,3,142
1,2,1,1,3,142
1,2,1,1,3,142
1,2,1,1,3,142
1,2,1,1,3,142
1,2,1,1,3,142
1,2,1,1,3,142
1,2,1,1,3,142
1,2,1,1,3,142
1,2,0,1,3,142
1,2,0,1,3,142
1,2,0,1,3,142
1,2,0,1,3,142
1,2,0,1,3,142
1,2,0,1,3,142
1,2,0,1,3,142
1,2,0,1,3,142
1,2,0,1,3,142
1,2,0,1,3,142
1,2,0,1,3,142
1,2,0,1,3,142
1,2,0,1,3,142
1,2,0,1,3,142
1,2,0,1,3,142
1,2,0,1,3,142
1,2,0,1,3,142
1,2,0,1,3,142
1,2,0,1,3,142
1,2,0,1,3,142
1,2,0,1,3,142
1,2,0,1,3,142
1,2,0,1,3,142
1,2,0,1,3,142
1,2,0,1,3,142
1,2,0,1,3,142
1,2,0,1,3,142
1,2,0,1,3,142
1,2,0,1,3,142
1,2,0,1,3,142
1,2,0,1,3,142
1,2,0,1,3,142
1,2,0,1,3,142
0,0,0,0,0,143
0,0,0,1,0,143
0,0,1,1,0,143
0,0,1,1,0,143
0,0,1,1,1,143
0,1,1,1,1,143
0,1,1,1,2,143
0,1,1,1,2,143
0,1,1,1,3,143
0,1,1,1,3,143
0,1,1,1,3,143
0,1,1,1,3,143
0,1,1,1,3,143
1,1,1,1,3,143
1,1,1,1,3,143
0,0,0,0,0,144
0,1,0,0,0,144
0,2,0,0,0,144
1,2,0,0,0,144
1,2,0,0,0,144
1,3,0,0,0,144
1,3,1,0,0,144
1,3,1,0,0,144
1,3,1,0,0,144
1,3,1,0,0,144
1,3,1,0,1,144
1,3,1,1,1,144
1,3,1,1,1,144
1,3,1,1,1,144
1,3,2,1,1,144
2,3,2,1,1,144
2,3,2,1,1,144
2,4,2,1,1,144
2,4,2,1,1,144
2,4,2,1,1,144
2,4,2,1,1,144
2,4,2,0,2,144
2,3,2,0,3,144
2,3,3,0,3,144
2,3,3,1,3,144
3,2,3,1,3,144
3,2,3,1,3,144
3,2,3,1,4,144
4,2,3,1,4,144
4,2,3,1,4,144
4,2,3,1,4,144
4,2,3,1,4,144
4,3,3,1,4,144
4,3,3,1,4,144
4,3,3,1,4,144
4,3,4,1,4,144
4,3,4,1,4,144
4,4,3,1,4,144
4,4,3,1,4,144
4,4,3,1,4,144
5,4,3,1,4,144
5,3,3,1,4,144
5,3,3,1,4,144
5,4,3,1,4,144
5,4,3,1,5,144
5,4,3,0,6,144
5,4,3,1,6,144
5,4,3,0,6,144
5,4,3,0,6,144
5,4,3,0,6,144
5,4,3,0,6,144
5,4,3,0,6,144
5,4,3,0,6,144
5,4,3,0,6,144
5,4,3,0,6,144
5,4,3,0,6,144
5,4,3,0,6,144
5,4,3,0,6,144
5,4,3,0,6,144
5,4,3,0,6,144
5,4,3,0,6,144
5,4,3,0,6,144
5,4,3,0,6,144
5,4,3,0,6,144
5,4,3,0,6,144
5,4,3,0,6,144
5,4,3,0,6,144
5,4,3,0,6,144
5,4,3,0,6,144
5,4,3,0,6,144
5,4,3,0,6,144
5,3,3,0,6,144
5,3,3,0,6,144
5,3,3,0,6,144
5,3,3,0,6,144
5,3,3,0,6,144
5,3,3,0,6,144
5,3,3,0,6,144
5,3,3,0,6,144
5,3,3,0,6,144
5,3,3,0,6,144
5,3,3,0,6,144
5,3,3,0,6,144
5,3,3,0,6,144
5,3,3,0,6,144
5,3,3,0,6,144
5,3,3,0,6,144
5,3,3,0,6,144
5,3,3,0,6,144
5,3,3,0,6,144
5,3,3,0,6,144
5,3,3,0,6,144
5,3,3,0,6,144
5,3,3,0,6,144
5,3,3,0,6,144
5,3,3,0,6,144
5,3,3,0,6,144
5,3,3,0,6,144
5,3,3,0,6,144
5,3,3,0,6,144
0,0,0,0,0,145
0,1,0,0,0,145
0,2,0,0,0,145
0,2,1,0,0,145
0,2,1,0,0,145
0,2,1,1,0,145
1,2,1,1,0,145
1,3,1,1,0,145
1,3,1,1,1,145
1,3,1,1,1,145
2,3,1,1,1,145
2,3,1,1,1,145
2,3,1,1,2,145
2,3,1,1,2,145
2,3,1,1,2,145
2,3,1,1,2,145
2,3,1,1,2,145
2,3,1,1,2,145
2,3,1,1,2,145
2,3,1,1,2,145
2,3,1,1,2,145
2,3,1,1,2,145
2,3,1,1,2,145
2,3,1,1,2,145
2,3,1,1,2,145
2,3,1,1,2,145
2,3,1,1,2,145
2,3,1,1,2,145
2,3,1,1,2,145
2,3,1,1,2,145
2,3,1,1,2,145
2,3,1,1,2,145
2,3,1,1,2,145
2,3,1,1,2,145
2,3,1,1,2,145
2,3,1,1,2,145
2,3,1,1,2,145
2,3,1,1,2,145
2,3,1,1,2,145
2,3,1,1,2,145
2,3,1,1,2,145
2,3,1,1,2,145
2,3,1,1,2,145
2,3,1,1,2,145
2,3,1,1,2,145
2,3,1,1,2,145
2,3,1,1,2,145
2,3,1,1,2,145
2,3,1,1,2,145
2,3,1,1,2,145
2,3,1,1,2,145
2,3,1,1,2,145
2,3,1,1,2,145
2,3,1,1,2,145
2,3,1,1,2,145
2,3,1,1,2,145
2,3,1,1,2,145
2,3,1,1,2,145
2,3,1,1,2,145
2,3,1,1,2,145
2,3,1,1,2,145
2,3,1,1,2,145
2,3,1,1,2,145
2,3,1,1,2,145
2,3,1,1,2,145
2,3,1,1,2,145
2,3,1,1,2,145
2,3,1,1,2,145
2,3,1,1,2,145
2,3,1,1,2,145
2,3,1,1,2,145
2,3,1,1,2,145
2,3,1,1,2,145
2,3,1,1,2,145
2,3,1,1,2,145
2,3,1,1,2,145
2,3,1,1,2,145
2,3,1,1,2,145
2,3,1,1,2,145
2,3,1,1,2,145
2,3,1,1,2,145
2,3,1,1,2,145
2,3,1,1,2,145
2,3,1,1,2,145
2,3,1,1,2,145
2,3,1,1,2,145
2,3,1,1,2,145
2,3,1,1,2,145
2,3,1,1,2,145
2,3,1,1,2,145
2,3,1,1,2,145
2,3,1,1,2,145
2,3,1,1,2,145
2,3,1,1,2,145
2,3,1,1,2,145
2,3,1,1,2,145
2,3,1,1,2,145
2,3,1,1,2,145
2,3,1,1,2,145
2,3,1,1,2,145
0,0,0,0,0,146
1,0,0,0,0,146
1,0,0,1,0,146
2,0,0,1,0,146
2,0,0,1,1,146
2,1,0,1,1,146
3,1,0,1,1,146
3,1,0,1,1,146
3,1,0,1,1,146
3,1,0,1,1,146
3,1,0,1,1,146
3,1,0,1,1,146
3,1,0,1,2,146
3,1,0,1,2,146
3,1,0,1,2,146
3,1,0,1,2,146
3,1,0,1,2,146
3,1,0,1,2,146
3,1,0,1,3,146
3,1,0,1,3,146
3,1,0,1,3,146
3,1,0,1,3,146
3,1,0,1,3,146
3,1,0,1,3,146
3,1,0,1,3,146
3,1,0,1,3,146
3,1,0,1,3,146
3,1,0,1,3,146
3,1,0,1,3,146
3,1,0,1,3,146
3,1,0,1,3,146
3,1,0,1,3,146
3,1,0,1,3,146
3,1,0,1,3,146
3,1,0,1,3,146
3,1,0,1,3,146
3,1,0,1,3,146
3,1,0,1,3,146
3,1,0,1,3,146
3,1,0,1,3,146
3,1,0,1,3,146
3,1,0,1,3,146
3,1,0,1,3,146
3,1,0,1,3,146
3,1,0,1,3,146
3,1,0,1,3,146
3,1,0,1,3,146
3,1,0,1,3,146
3,1,0,1,3,146
3,1,0,1,3,146
3,1,0,1,3,146
3,1,0,1,3,146
3,1,0,1,3,146
3,1,0,1,3,146
3,1,0,1,3,146
3,1,0,1,3,146
3,1,0,1,3,146
3,1,0,1,3,146
3,1,0,1,3,146
3,1,0,1,3,146
3,1,0,1,3,146
3,1,0,1,3,146
3,1,0,1,3,146
3,1,0,1,3,146
3,1,0,1,3,146
3,1,0,1,3,146
3,1,0,1,3,146
3,1,0,1,3,146
3,1,0,1,3,146
3,1,0,1,3,146
3,1,0,1,3,146
3,1,0,1,3,146
3,1,0,1,3,146
3,1,0,1,3,146
3,1,0,1,3,146
3,1,0,1,3,146
3,1,0,1,3,146
3,1,0,1,3,146
3,1,0,1,3,146
3,1,0,1,3,146
3,1,0,1,3,146
3,1,0,1,3,146
3,1,0,1,3,146
3,1,0,1,3,146
3,1,0,1,3,146
3,1,0,1,3,146
3,1,0,1,3,146
3,1,0,1,3,146
3,1,0,1,3,146
3,1,0,1,3,146
3,1,0,1,3,146
3,1,0,1,3,146
3,1,0,1,3,146
3,1,0,1,3,146
3,1,0,1,3,146
3,1,0,1,3,146
3,1,0,1,3,146
3,1,0,1,3,146
3,1,0,1,3,146
3,1,0,1,3,146
0,0,0,0,0,147
0,1,0,0,0,147
0,1,0,0,1,147
0,1,0,1,1,147
0,1,1,1,1,147
0,1,1,1,2,147
0,2,1,1,2,147
1,2,1,1,2,147
1,2,1,1,2,147
1,2,1,1,2,147
1,2,1,1,3,147
1,2,1,1,4,147
1,2,1,1,4,147
1,3,1,1,4,147
1,3,1,1,4,147
1,3,1,1,4,147
1,3,1,1,4,147
2,3,1,1,4,147
2,3,1,1,4,147
2,3,1,1,4,147
2,3,1,1,4,147
2,3,1,2,4,147
2,3,1,2,4,147
2,3,1,2,4,147
2,3,1,2,4,147
2,3,1,2,4,147
2,3,1,2,4,147
2,3,1,2,4,147
2,3,1,2,4,147
2,3,1,2,4,147
2,3,1,2,4,147
2,3,1,2,4,147
2,3,1,2,4,147
2,3,1,2,5,147
2,3,1,2,5,147
3,3,1,2,5,147
3,3,1,2,5,147
3,3,1,2,5,147
3,3,1,2,5,147
3,3,1,2,5,147
3,3,1,2,5,147
3,3,1,2,5,147
3,3,1,2,5,147
3,3,1,2,5,147
3,3,1,2,5,147
3,3,1,2,5,147
3,3,1,2,5,147
3,3,1,2,5,147
3,3,1,2,6,147
3,3,1,2,6,147
3,3,1,2,6,147
3,3,1,2,6,147
3,3,1,2,6,147
3,3,1,2,6,147
3,3,1,1,6,147
3,3,1,1,6,147
3,3,1,1,6,147
3,3,1,1,6,147
4,3,1,1,6,147
4,3,1,1,6,147
4,3,1,1,6,147
4,3,1,1,6,147
4,3,1,1,6,147
4,3,1,1,6,147
4,3,1,2,6,147
4,3,1,2,6,147
4,3,1,2,6,147
4,4,1,2,6,147
4,4,1,2,6,147
5,4,1,2,6,147
5,4,1,3,6,147
5,4,1,3,6,147
5,4,1,3,6,147
5,4,1,3,6,147
5,4,1,3,6,147
5,4,1,4,6,147
5,4,1,4,6,147
5,5,1,4,6,147
5,5,1,4,6,147
4,5,1,4,7,147
4,5,1,4,7,147
5,5,1,4,7,147
5,5,1,4,7,147
6,5,1,4,7,147
6,5,1,4,7,147
6,5,1,4,7,147
6,6,1,4,7,147
6,6,1,4,7,147
6,6,1,4,7,147
6,5,1,4,8,147
6,5,1,4,8,147
6,5,1,4,8,147
6,6,1,4,8,147
6,6,1,4,8,147
6,6,1,5,8,147
6,6,1,5,8,147
6,6,1,5,8,147
6,7,1,5,8,147
6,7,1,5,8,147
6,7,1,5,8,147
0,0,0,0,0,148
0,0,0,0,1,148
0,0,0,1,1,148
0,1,0,1,1,148
0,2,0,1,1,148
0,2,1,1,1,148
0,2,1,1,1,148
0,2,1,1,1,148
0,2,1,1,1,148
0,3,1,1,1,148
0,3,1,1,1,148
0,3,1,1,1,148
0,3,1,1,1,148
0,3,1,1,1,148
0,3,1,1,2,148
0,3,1,1,2,148
0,3,1,1,2,148
1,3,1,1,2,148
1,3,1,1,2,148
2,3,1,1,2,148
2,3,1,1,2,148
2,3,1,1,2,148
2,3,1,1,2,148
2,3,1,1,2,148
2,3,1,1,2,148
2,3,1,1,2,148
2,3,1,1,2,148
2,3,1,1,2,148
2,3,1,1,2,148
2,3,1,1,2,148
2,3,1,1,2,148
2,3,1,1,2,148
2,3,1,1,2,148
2,3,1,1,2,148
2,3,1,1,2,148
2,3,1,1,2,148
2,3,1,1,2,148
2,3,1,1,2,148
2,3,1,1,2,148
2,3,1,1,2,148
2,3,1,1,2,148
2,3,1,1,2,148
2,3,1,1,2,148
2,3,1,1,2,148
2,3,1,1,2,148
2,3,1,1,2,148
2,3,1,1,2,148
2,3,1,1,2,148
2,3,1,1,2,148
2,3,1,1,2,148
2,3,1,1,2,148
2,3,1,1,2,148
2,3,1,1,2,148
2,3,1,1,2,148
2,3,1,1,2,148
2,3,1,1,2,148
2,3,1,1,2,148
2,3,1,1,2,148
2,3,1,1,2,148
2,3,1,1,2,148
2,3,1,1,2,148
2,3,1,1,2,148
2,3,1,1,2,148
2,3,1,1,2,148
2,3,1,1,2,148
2,3,1,1,2,148
2,3,1,1,2,148
2,3,1,1,2,148
2,3,1,1,2,148
2,3,1,1,2,148
2,3,1,1,2,148
2,3,1,1,2,148
2,3,1,1,2,148
2,3,1,1,2,148
2,3,1,1,2,148
2,3,1,1,2,148
2,3,1,1,2,148
2,3,1,1,2,148
2,3,1,1,2,148
2,3,1,1,2,148
2,3,1,1,2,148
2,3,1,1,2,148
2,3,1,1,2,148
2,3,1,1,2,148
2,3,1,1,2,148
2,3,1,1,2,148
2,3,1,1,2,148
2,3,1,1,2,148
2,3,1,1,2,148
2,3,1,1,2,148
2,3,1,1,2,148
2,3,1,1,2,148
2,3,1,1,2,148
2,3,1,1,2,148
2,3,1,1,2,148
2,3,1,1,2,148
2,3,1,1,2,148
2,3,1,1,2,148
2,3,1,1,2,148
2,3,1,1,2,148
0,0,0,0,0,149
0,1,0,0,0,149
1,1,0,0,0,149
2,1,0,0,0,149
2,1,0,1,0,149
3,1,0,1,0,149
3,1,0,1,0,149
3,1,0,1,0,149
3,1,0,1,1,149
3,1,0,1,1,149
3,1,0,1,1,149
2,1,0,1,1,149
2,1,0,1,1,149
2,2,0,1,1,149
2,2,0,1,1,149
2,2,0,1,1,149
2,2,0,1,1,149
2,2,0,1,1,149
2,2,0,1,1,149
2,2,0,1,1,149
2,2,0,1,1,149
2,2,0,1,1,149
2,2,0,1,1,149
2,2,0,1,1,149
2,2,0,1,2,149
2,2,0,1,2,149
2,2,0,1,2,149
2,2,0,1,2,149
2,2,0,1,2,149
2,2,0,1,2,149
2,2,0,1,2,149
2,2,0,1,2,149
2,2,0,1,2,149
2,2,0,1,2,149
2,2,0,1,2,149
2,2,0,1,2,149
2,2,0,1,2,149
2,2,0,1,2,149
2,2,0,1,2,149
2,2,0,1,2,149
2,2,0,1,2,149
2,2,0,1,2,149
2,2,0,1,2,149
2,2,0,1,2,149
2,2,0,1,2,149
2,2,0,1,2,149
2,2,0,1,2,149
2,2,0,1,2,149
2,2,0,1,2,149
2,2,0,1,2,149
2,2,0,1,2,149
2,2,0,1,2,149
2,2,0,1,2,149
2,2,0,1,2,149
2,2,0,1,2,149
2,2,0,1,2,149
2,2,0,1,2,149
2,2,0,1,2,149
2,2,0,1,2,149
2,2,0,1,2,149
2,2,0,1,2,149
2,2,0,1,2,149
2,2,0,1,2,149
2,2,0,1,2,149
2,2,0,1,2,149
2,2,0,1,2,149
2,2,0,1,2,149
2,2,0,1,2,149
2,2,0,1,2,149
2,2,0,1,2,149
2,2,0,1,2,149
2,2,0,1,2,149
2,2,0,1,2,149
2,2,0,1,2,149
2,2,0,1,2,149
2,2,0,1,2,149
2,2,0,1,2,149
2,2,0,1,2,149
2,2,0,1,2,149
2,2,0,1,2,149
2,2,0,1,2,149
2,2,0,1,2,149
2,2,0,1,2,149
2,2,0,1,2,149
2,2,0,1,2,149
2,2,0,1,2,149
2,2,0,1,2,149
2,2,0,1,2,149
2,2,0,1,2,149
2,2,0,1,2,149
2,2,0,1,2,149
2,2,0,1,2,149
2,2,0,1,2,149
2,2,0,1,2,149
2,2,0,1,2,149
2,2,0,1,2,149
2,2,0,1,2,149
2,2,0,1,2,149
2,2,0,1,2,149
2,2,0,1,2,149
0,0,0,0,0,150
1,0,0,0,0,150
1,0,0,0,0,150
1,0,0,0,0,150
1,0,0,0,0,150
1,0,1,0,0,150
1,1,1,0,0,150
1,1,1,0,1,150
1,1,1,0,2,150
1,1,1,1,2,150
1,1,1,1,2,150
1,1,1,1,3,150
1,1,1,1,3,150
1,1,1,1,3,150
1,1,1,1,3,150
1,1,1,1,3,150
1,1,1,1,3,150
1,1,1,1,3,150
1,1,1,1,3,150
1,1,1,1,3,150
1,1,1,1,3,150
1,1,1,1,3,150
1,1,1,1,3,150
1,1,1,1,3,150
1,1,1,1,3,150
1,1,1,1,3,150
1,1,1,1,3,150
1,1,1,1,3,150
1,1,1,1,3,150
1,1,1,1,3,150
1,1,1,1,3,150
1,1,1,1,3,150
1,1,1,1,3,150
1,1,1,1,3,150
1,1,1,1,3,150
1,1,1,1,3,150
1,1,1,1,3,150
1,1,1,1,3,150
1,1,1,1,3,150
1,1,1,1,3,150
1,1,1,1,2,150
1,1,1,1,2,150
1,1,1,1,2,150
1,1,1,1,2,150
1,1,1,1,2,150
1,1,1,1,2,150
1,1,1,1,2,150
1,1,1,1,2,150
1,1,1,1,2,150
1,1,1,1,2,150
1,1,1,1,2,150
1,1,1,1,2,150
1,1,1,1,2,150
1,1,1,1,2,150
1,1,1,1,2,150
1,1,1,1,2,150
1,1,1,1,2,150
1,1,1,1,2,150
1,1,1,1,2,150
1,1,1,1,2,150
1,1,1,1,2,150
1,1,1,1,2,150
1,1,1,1,2,150
1,1,1,1,1,150
1,1,1,1,1,150
1,1,1,1,1,150
1,1,1,1,1,150
1,1,1,1,1,150
1,1,1,1,1,150
1,1,1,1,1,150
1,1,1,1,1,150
1,1,1,1,1,150
1,1,1,1,1,150
1,1,1,1,1,150
1,1,1,1,1,150
1,1,1,1,1,150
1,1,1,1,1,150
1,1,1,1,1,150
1,1,1,1,1,150
1,1,1,1,1,150
1,1,1,1,1,150
1,1,1,1,1,150
1,1,1,1,1,150
1,1,1,1,1,150
1,1,1,1,1,150
1,1,1,1,1,150
1,1,1,1,1,150
1,1,1,1,1,150
1,1,1,1,1,150
1,1,1,1,1,150
1,1,1,1,1,150
1,1,1,1,1,150
1,1,1,1,1,150
1,1,1,1,1,150
1,1,1,1,1,150
1,1,1,1,1,150
1,1,1,1,1,150
1,1,1,1,1,150
1,1,1,1,1,150
1,1,1,1,1,150
0,0,0,0,0,151
0,0,1,0,0,151
0,0,1,0,1,151
0,0,1,0,1,151
0,0,1,1,1,151
0,1,1,1,1,151
0,1,1,1,2,151
0,1,1,1,2,151
1,1,1,1,2,151
2,1,1,1,2,151
2,1,1,1,2,151
2,1,1,1,2,151
2,1,1,1,2,151
2,1,1,1,2,151
2,1,1,1,3,151
2,1,1,1,3,151
2,2,1,1,3,151
3,2,1,1,3,151
3,2,1,1,3,151
3,2,1,1,3,151
3,2,1,1,3,151
3,2,1,1,3,151
3,2,1,1,3,151
3,2,1,1,3,151
3,3,1,1,3,151
3,3,1,1,3,151
3,3,2,1,3,151
3,3,2,1,4,151
3,3,2,1,4,151
3,3,2,1,5,151
3,3,2,1,5,151
3,3,2,1,5,151
3,3,2,1,5,151
3,3,2,1,5,151
3,4,2,1,5,151
3,4,2,1,5,151
3,4,2,1,5,151
3,4,2,1,5,151
3,4,2,1,5,151
3,4,2,1,5,151
3,4,2,1,5,151
3,4,2,1,5,151
3,4,2,1,5,151
3,4,2,1,5,151
3,4,2,1,5,151
3,4,2,1,5,151
3,4,2,1,5,151
3,4,2,1,5,151
3,4,2,1,5,151
3,4,2,2,5,151
3,4,2,2,5,151
3,4,2,2,5,151
3,4,2,2,5,151
3,4,2,2,5,151
3,4,2,2,6,151
3,4,2,2,6,151
3,3,2,2,6,151
3,3,2,2,6,151
3,3,2,2,6,151
3,3,2,2,6,151
3,3,2,2,6,151
3,2,2,2,7,151
3,2,2,2,7,151
3,3,2,2,7,151
3,3,2,2,7,151
3,3,2,2,7,151
3,3,2,2,7,151
3,4,2,2,7,151
3,4,2,2,7,151
3,4,2,2,7,151
3,4,2,2,7,151
3,4,3,2,7,151
3,4,3,2,7,151
4,4,3,2,7,151
4,4,3,2,7,151
4,3,4,2,7,151
4,3,4,2,7,151
4,3,4,2,7,151
4,3,4,2,7,151
4,3,4,2,8,151
4,3,4,2,8,151
4,2,4,2,9,151
4,2,4,2,9,151
4,2,4,2,9,151
4,2,4,2,10,151
4,2,4,2,10,151
4,3,4,2,10,151
4,3,4,3,10,151
4,3,4,3,10,151
4,3,4,3,10,151
4,4,4,3,9,151
4,5,4,3,9,151
5,5,4,3,9,151
5,5,4,3,9,151
5,5,4,4,9,151
5,5,4,4,9,151
5,5,4,4,8,151
5,5,4,4,8,151
5,5,4,4,8,151
5,5,4,4,8,151
0,0,0,0,0,152
1,0,0,0,0,152
0,0,0,0,0,152
0,0,0,1,0,152
0,0,0,1,0,152
0,0,0,1,1,152
0,1,0,1,1,152
0,2,0,1,1,152
1,2,0,1,1,152
1,2,0,1,1,152
1,2,0,1,2,152
1,2,0,2,2,152
1,2,0,2,2,152
1,2,0,2,2,152
1,2,0,2,2,152
1,2,0,2,3,152
1,2,0,2,3,152
2,2,0,2,3,152
2,2,0,2,3,152
2,2,0,2,3,152
2,2,0,2,3,152
2,2,0,2,3,152
2,1,0,2,3,152
2,1,0,2,3,152
2,1,0,2,3,152
2,1,0,2,3,152
2,1,0,2,3,152
2,1,0,2,3,152
2,1,0,2,3,152
2,1,0,2,3,152
2,1,0,2,3,152
0,0,0,0,0,153
0,0,0,0,0,153
0,0,0,0,0,153
0,0,0,0,0,153
0,0,0,1,0,153
1,0,0,1,0,153
1,0,0,1,1,153
1,0,0,1,2,153
1,0,1,1,2,153
1,0,1,1,2,153
1,0,1,1,3,153
1,0,1,1,3,153
1,0,1,1,3,153
1,1,1,1,3,153
1,1,1,1,3,153
1,1,1,1,3,153
1,1,1,1,3,153
1,1,1,1,3,153
1,1,1,1,3,153
1,1,1,1,3,153
1,1,1,1,3,153
1,1,1,1,3,153
1,1,1,1,3,153
1,1,1,1,3,153
1,1,1,1,3,153
1,1,1,1,3,153
1,1,1,1,3,153
1,1,1,1,3,153
1,1,1,1,3,153
1,1,1,1,3,153
1,1,1,1,3,153
1,1,1,1,3,153
1,1,1,1,3,153
1,1,1,1,3,153
1,1,1,1,3,153
1,1,1,1,3,153
1,1,1,1,3,153
1,1,1,1,3,153
1,1,1,1,3,153
1,1,1,1,3,153
1,1,1,1,3,153
1,1,1,1,3,153
1,1,1,1,3,153
1,1,1,1,3,153
1,1,1,1,3,153
1,1,1,1,3,153
1,1,1,1,3,153
1,1,1,1,3,153
1,1,1,1,3,153
1,1,1,1,3,153
1,1,1,1,3,153
1,1,1,1,3,153
1,1,1,1,3,153
1,1,1,1,3,153
1,1,1,1,3,153
1,1,1,1,3,153
1,1,1,1,3,153
1,1,1,1,3,153
1,1,1,1,3,153
1,1,1,1,3,153
1,1,1,1,3,153
1,1,1,1,3,153
1,1,1,1,3,153
1,1,1,1,3,153
1,1,1,1,3,153
1,1,1,1,3,153
1,1,1,1,3,153
1,1,1,1,3,153
1,1,1,1,3,153
1,1,1,1,3,153
1,1,1,1,3,153
1,1,1,1,3,153
1,1,1,1,3,153
1,1,1,1,3,153
1,1,1,1,3,153
1,1,1,1,3,153
1,1,1,1,3,153
1,1,1,1,3,153
1,1,1,1,3,153
1,1,1,1,3,153
1,1,1,1,3,153
1,1,1,1,3,153
1,1,1,1,3,153
1,1,1,1,3,153
1,1,1,1,3,153
1,1,1,1,3,153
1,1,1,1,3,153
1,1,1,1,3,153
1,1,1,1,3,153
1,1,1,1,3,153
1,1,1,1,3,153
1,1,1,1,3,153
1,1,1,1,3,153
1,1,1,1,3,153
1,1,1,1,3,153
1,1,1,1,3,153
1,1,1,1,3,153
1,1,1,1,3,153
1,1,1,1,3,153
1,1,1,1,3,153
0,0,0,0,0,154
0,0,0,1,0,154
0,0,0,1,1,154
0,0,0,1,1,154
0,0,1,1,1,154
1,0,1,1,1,154
1,0,1,1,1,154
1,0,1,1,2,154
1,0,1,1,3,154
1,0,1,1,3,154
2,0,1,1,3,154
2,1,1,1,3,154
2,1,1,1,3,154
2,1,1,1,3,154
2,1,1,1,3,154
2,1,1,1,3,154
2,1,1,1,3,154
2,1,1,1,3,154
2,1,1,1,3,154
2,1,1,1,3,154
2,1,1,1,3,154
2,1,1,1,3,154
2,1,1,1,3,154
3,1,1,1,3,154
3,1,1,1,3,154
3,1,1,1,3,154
3,1,1,1,3,154
3,1,1,1,3,154
3,1,1,1,3,154
3,2,1,1,3,154
3,2,1,1,3,154
3,2,1,1,3,154
3,2,1,1,3,154
3,2,1,1,3,154
3,2,1,1,3,154
3,2,1,1,3,154
3,3,1,1,3,154
3,3,1,1,3,154
3,3,1,1,3,154
3,3,1,1,3,154
3,3,1,1,3,154
3,3,1,1,3,154
3,3,1,1,3,154
3,3,1,1,3,154
3,3,1,1,4,154
3,3,1,1,4,154
3,3,1,1,5,154
3,3,1,1,5,154
3,3,1,1,5,154
3,3,1,1,5,154
4,3,1,1,5,154
4,3,1,1,5,154
4,3,1,1,5,154
4,3,1,1,5,154
4,3,1,1,5,154
4,3,1,1,6,154
4,3,1,1,6,154
4,4,1,1,6,154
4,4,1,1,6,154
4,4,2,1,6,154
4,4,2,1,7,154
4,4,2,1,7,154
4,4,2,1,7,154
4,4,2,1,7,154
4,5,2,1,7,154
4,5,2,1,7,154
4,5,2,1,7,154
4,5,2,1,7,154
4,5,2,2,7,154
4,5,2,2,7,154
5,5,2,2,7,154
5,5,2,2,7,154
5,5,2,2,7,154
5,6,2,2,7,154
5,6,2,2,7,154
5,6,2,2,7,154
5,6,3,2,7,154
5,6,3,2,7,154
5,6,3,2,7,154
5,6,3,2,8,154
5,6,3,2,8,154
5,6,4,2,8,154
5,6,4,2,8,154
5,6,4,2,9,154
4,6,4,2,9,154
5,6,4,2,8,154
5,6,4,2,8,154
5,7,4,2,8,154
5,7,4,2,9,154
5,7,4,2,9,154
5,7,4,3,9,154
5,7,4,3,9,154
5,7,4,3,9,154
6,7,4,3,9,154
6,7,4,3,9,154
6,7,4,3,9,154
5,7,4,3,10,154
5,7,4,3,10,154
6,7,4,3,10,154
6,7,4,3,10,154
0,0,0,0,0,155
0,1,0,0,0,155
0,1,1,0,0,155
0,1,1,0,1,155
0,1,1,0,2,155
1,1,1,0,2,155
1,1,1,0,2,155
1,1,1,1,2,155
1,1,1,1,3,155
1,2,1,1,3,155
1,3,1,1,3,155
1,3,1,1,3,155
1,3,1,1,3,155
2,3,1,1,3,155
2,3,1,1,3,155
2,3,1,1,3,155
2,3,1,1,3,155
2,3,1,1,3,155
2,3,1,1,3,155
3,3,1,1,3,155
3,3,1,1,3,155
3,3,1,1,3,155
3,3,1,1,3,155
3,3,2,1,3,155
3,3,2,1,3,155
3,3,2,1,3,155
3,3,2,1,3,155
3,3,2,1,4,155
3,3,2,1,4,155
3,3,2,1,4,155
3,3,2,1,4,155
3,3,2,1,4,155
3,3,2,1,4,155
3,3,2,1,4,155
3,3,2,1,4,155
3,3,2,1,4,155
3,3,2,2,4,155
3,3,2,2,4,155
3,3,2,2,4,155
3,4,2,2,4,155
3,4,2,2,4,155
3,4,2,2,5,155
3,4,2,2,5,155
3,4,2,2,5,155
3,5,1,2,5,155
3,5,1,2,5,155
3,5,1,2,6,155
3,5,1,2,6,155
3,5,1,2,6,155
3,6,1,2,6,155
3,6,1,2,6,155
3,6,1,2,6,155
3,7,1,2,6,155
3,7,1,2,6,155
3,8,1,2,6,155
3,8,2,2,6,155
3,8,2,2,6,155
4,8,2,2,6,155
4,8,3,2,6,155
4,8,3,2,6,155
4,8,3,2,6,155
4,8,3,2,6,155
5,8,3,2,6,155
5,8,3,2,6,155
6,8,3,2,6,155
6,8,3,2,6,155
6,8,3,2,6,155
6,8,3,2,6,155
6,8,3,3,6,155
6,8,3,3,6,155
6,8,4,3,6,155
6,8,4,3,6,155
6,8,4,3,6,155
6,8,4,4,5,155
6,8,4,3,5,155
6,8,4,3,5,155
7,8,4,3,5,155
7,8,4,3,5,155
8,8,4,3,5,155
8,8,4,3,5,155
8,8,4,3,6,155
8,8,4,3,6,155
8,8,4,4,6,155
8,8,4,4,6,155
8,8,4,4,6,155
8,8,4,4,7,155
8,8,5,4,7,155
8,8,5,4,7,155
8,8,5,4,7,155
8,8,5,4,8,155
8,7,6,4,8,155
8,7,6,4,8,155
8,7,6,4,8,155
8,7,6,4,9,155
8,6,7,4,9,155
8,6,7,4,9,155
8,6,7,4,10,155
8,6,7,4,10,155
8,6,7,4,11,155
8,6,7,4,11,155
0,0,0,0,0,156
0,0,0,0,0,156
0,0,0,1,0,156
0,0,0,1,0,156
1,0,0,1,0,156
2,0,0,1,0,156
2,0,1,1,0,156
2,0,1,1,1,156
2,1,1,1,1,156
2,2,1,1,1,156
2,2,1,1,1,156
2,2,1,1,1,156
2,2,1,1,1,156
2,2,1,1,1,156
2,2,1,1,1,156
2,2,1,1,1,156
2,2,1,1,1,156
2,2,1,1,1,156
2,2,1,1,1,156
2,2,1,1,1,156
2,2,1,1,1,156
2,2,1,1,1,156
2,2,1,1,1,156
2,2,1,1,1,156
2,2,1,1,1,156
2,2,1,1,1,156
2,2,1,1,1,156
2,2,1,1,1,156
2,2,1,1,1,156
2,2,1,1,1,156
2,2,1,1,1,156
2,2,1,1,1,156
2,2,1,1,1,156
2,2,1,1,1,156
2,2,1,1,1,156
2,2,1,1,1,156
2,2,1,1,1,156
1,2,1,1,1,156
1,2,1,1,1,156
1,2,1,1,1,156
1,2,1,1,1,156
1,2,1,1,1,156
1,2,1,1,1,156
1,2,1,1,1,156
1,2,1,1,1,156
1,2,1,1,1,156
1,2,1,1,1,156
1,2,1,1,1,156
1,2,1,1,1,156
1,2,1,1,1,156
1,2,1,1,1,156
1,2,1,1,1,156
1,2,1,1,1,156
1,2,1,1,1,156
1,2,1,1,1,156
1,2,1,1,1,156
1,2,1,1,1,156
1,2,1,1,1,156
1,2,1,1,1,156
1,2,1,1,1,156
1,2,1,1,1,156
1,2,1,1,1,156
1,2,1,1,1,156
1,2,1,1,1,156
1,2,1,1,1,156
1,2,1,1,1,156
1,2,1,1,1,156
1,2,1,1,1,156
1,2,1,1,1,156
1,2,1,1,1,156
1,2,1,1,1,156
1,2,1,1,1,156
1,2,1,1,1,156
1,2,1,1,1,156
1,2,1,1,1,156
1,2,1,1,1,156
1,2,1,1,1,156
1,2,1,1,1,156
1,2,1,1,1,156
1,2,1,1,1,156
1,2,1,1,1,156
1,2,1,1,1,156
1,2,1,1,1,156
1,2,1,1,1,156
1,2,1,1,1,156
1,2,1,1,1,156
1,2,1,1,1,156
1,2,1,1,1,156
1,2,1,1,1,156
1,2,1,1,1,156
1,2,1,1,1,156
1,2,1,1,1,156
1,2,1,1,1,156
1,2,1,1,1,156
1,2,1,1,1,156
1,2,1,1,1,156
1,2,1,1,1,156
1,2,1,1,1,156
1,2,1,1,1,156
1,2,1,1,1,156
0,0,0,0,0,157
1,0,0,0,0,157
1,0,0,1,0,157
1,1,0,1,0,157
1,1,0,1,0,157
1,1,0,1,0,157
1,1,0,1,1,157
2,1,0,1,1,157
2,1,1,1,1,157
2,1,1,1,1,157
3,1,1,1,1,157
3,1,1,1,2,157
3,1,1,1,2,157
3,1,1,1,2,157
3,1,1,1,2,157
3,1,1,1,2,157
3,1,1,0,2,157
3,1,1,0,2,157
3,1,1,0,2,157
3,1,1,0,2,157
3,1,1,0,2,157
3,1,1,0,2,157
3,1,1,0,2,157
3,1,1,0,2,157
3,1,1,0,2,157
3,1,1,0,2,157
3,1,1,0,2,157
3,1,1,0,2,157
3,1,1,0,1,157
3,1,1,0,1,157
3,1,1,0,1,157
3,1,1,0,1,157
3,1,1,0,1,157
3,1,1,0,1,157
3,1,1,0,1,157
3,1,1,0,2,157
3,1,1,0,2,157
3,1,1,0,2,157
3,1,1,0,2,157
3,1,1,0,2,157
3,1,1,0,2,157
3,1,1,0,2,157
3,1,1,0,2,157
3,1,1,0,2,157
3,1,1,0,2,157
3,1,1,0,2,157
3,1,1,0,2,157
3,1,1,0,2,157
3,1,1,0,2,157
3,1,1,0,2,157
3,1,1,0,2,157
3,1,1,0,2,157
3,1,1,0,2,157
3,1,1,0,2,157
3,1,1,0,2,157
3,1,1,0,2,157
3,1,1,0,2,157
3,1,1,0,2,157
3,1,1,0,2,157
3,1,1,0,2,157
3,1,1,0,2,157
3,1,1,0,2,157
3,1,1,0,2,157
3,1,1,0,2,157
3,1,1,0,2,157
3,1,1,0,2,157
3,1,1,0,2,157
3,1,1,0,2,157
3,1,1,0,2,157
3,1,1,0,2,157
3,1,1,0,2,157
3,1,1,0,2,157
3,1,1,0,2,157
3,1,1,0,2,157
3,1,1,0,2,157
3,1,1,0,2,157
3,1,1,0,2,157
2,1,1,0,2,157
2,1,1,0,2,157
2,1,1,0,2,157
2,1,1,0,2,157
2,1,1,0,2,157
2,1,1,0,2,157
2,1,1,0,2,157
2,1,1,0,2,157
2,1,1,0,2,157
2,1,1,0,2,157
2,1,1,0,2,157
2,1,1,0,2,157
2,1,1,0,2,157
2,1,1,0,2,157
2,1,1,0,2,157
2,1,1,0,2,157
2,1,1,0,2,157
2,1,1,0,2,157
2,1,1,0,2,157
2,1,1,0,2,157
2,1,1,0,2,157
2,1,1,0,2,157
2,1,1,0,2,157
0,0,0,0,0,158
0,1,0,0,0,158
0,1,0,1,0,158
1,1,0,1,0,158
1,1,0,1,1,158
2,1,0,1,1,158
2,1,0,1,2,158
2,1,0,1,2,158
3,1,0,1,2,158
3,1,0,1,2,158
3,1,0,1,2,158
3,1,0,1,2,158
3,1,0,1,2,158
3,2,0,1,2,158
3,2,0,1,2,158
3,2,0,1,2,158
3,2,0,1,2,158
3,2,0,1,2,158
3,2,0,1,2,158
3,2,0,1,2,158
3,2,0,1,2,158
3,2,0,1,2,158
3,2,0,1,2,158
3,2,0,1,2,158
3,2,0,1,2,158
3,2,0,1,2,158
3,2,0,1,2,158
2,2,0,1,2,158
2,2,0,1,2,158
2,2,0,1,2,158
2,2,0,1,2,158
2,2,0,1,2,158
2,2,0,1,2,158
2,2,0,1,2,158
2,2,0,1,2,158
2,2,0,1,2,158
2,2,0,1,2,158
2,2,0,1,2,158
2,2,0,1,2,158
2,2,0,1,2,158
2,2,0,1,2,158
2,2,0,1,2,158
2,2,0,1,2,158
2,2,0,1,2,158
2,2,0,1,2,158
2,2,0,0,2,158
2,2,0,0,2,158
2,2,0,0,2,158
2,2,0,0,2,158
2,2,0,1,2,158
2,2,0,1,2,158
2,2,0,1,2,158
2,2,0,1,2,158
2,2,0,1,2,158
2,2,0,1,2,158
2,2,0,1,2,158
2,2,0,1,2,158
2,2,0,1,2,158
2,2,0,1,2,158
2,2,0,1,2,158
2,2,0,1,2,158
2,2,0,1,2,158
2,2,0,1,2,158
2,2,0,1,2,158
2,2,0,1,2,158
2,2,0,1,2,158
2,2,0,1,2,158
2,2,0,1,2,158
2,2,0,1,2,158
2,2,0,1,2,158
2,2,0,1,2,158
2,2,0,1,2,158
2,2,0,1,2,158
2,2,0,1,2,158
2,2,0,1,2,158
2,2,0,1,2,158
2,2,0,1,2,158
2,2,0,1,2,158
2,2,0,1,2,158
2,2,0,1,2,158
2,2,0,1,2,158
2,2,0,1,2,158
2,2,0,1,2,158
2,2,0,1,2,158
2,2,0,1,2,158
2,2,0,1,2,158
2,2,0,1,2,158
2,2,0,1,2,158
2,2,0,1,2,158
2,2,0,1,2,158
2,2,0,1,2,158
2,2,0,1,2,158
2,2,0,1,2,158
2,2,0,1,2,158
2,2,0,1,2,158
2,2,0,1,2,158
2,2,0,1,2,158
2,2,0,1,2,158
2,2,0,1,2,158
2,2,0,1,2,158
0,0,0,0,0,159
0,0,1,0,0,159
0,0,1,0,0,159
0,1,1,0,0,159
0,1,1,0,1,159
0,1,1,0,2,159
0,1,1,0,3,159
1,1,1,0,3,159
1,1,1,0,3,159
1,1,1,1,3,159
1,1,1,1,3,159
1,1,1,1,3,159
1,1,1,1,3,159
1,1,1,1,3,159
1,1,1,1,3,159
1,1,1,1,3,159
1,1,1,1,3,159
1,1,1,1,3,159
1,1,1,1,3,159
1,1,1,1,3,159
1,1,1,1,3,159
1,1,1,1,3,159
1,1,1,1,3,159
1,1,1,1,3,159
1,1,1,1,3,159
1,1,1,1,3,159
1,1,1,1,3,159
1,1,1,1,3,159
1,1,1,1,3,159
1,1,1,1,3,159
1,1,1,1,3,159
1,1,1,1,3,159
1,1,1,1,3,159
1,1,1,1,3,159
1,1,1,1,3,159
1,1,1,1,3,159
1,1,1,1,3,159
1,1,1,1,3,159
1,1,1,1,3,159
1,1,1,1,3,159
1,1,1,1,3,159
1,1,1,1,3,159
1,1,1,1,3,159
1,1,1,1,3,159
1,1,1,1,3,159
1,1,1,1,3,159
1,1,1,1,3,159
1,1,1,1,3,159
1,1,1,1,3,159
1,1,1,1,3,159
1,1,1,1,3,159
1,1,1,1,3,159
1,1,1,1,3,159
1,1,1,1,3,159
1,1,1,1,3,159
1,1,1,1,3,159
1,1,1,1,3,159
1,1,1,1,3,159
1,1,1,1,3,159
1,1,1,1,3,159
1,1,1,1,3,159
1,1,1,1,3,159
1,1,1,1,3,159
1,1,1,1,3,159
1,1,1,1,3,159
1,1,1,1,3,159
1,1,1,1,3,159
1,1,1,1,3,159
1,1,1,1,3,159
1,1,1,1,3,159
1,1,1,1,3,159
1,1,1,1,3,159
1,1,1,1,3,159
1,1,1,1,3,159
1,1,1,1,3,159
1,1,1,1,3,159
1,1,1,1,3,159
1,1,1,1,3,159
1,1,1,1,3,159
1,1,1,1,3,159
1,1,1,1,3,159
1,1,1,1,3,159
1,1,1,1,3,159
1,1,1,1,3,159
1,1,1,1,3,159
1,1,1,1,3,159
1,1,1,1,3,159
1,1,1,1,3,159
1,1,1,1,3,159
1,1,1,1,3,159
1,1,1,1,3,159
1,1,1,1,3,159
1,1,1,1,3,159
1,1,1,1,3,159
1,1,1,1,3,159
1,1,1,1,3,159
1,1,1,1,3,159
1,1,1,1,3,159
1,1,1,1,3,159
1,1,1,1,3,159
0,0,0,0,0,160
0,0,0,0,1,160
0,0,0,0,2,160
0,0,0,0,3,160
0,0,0,0,3,160
0,1,0,0,3,160
0,2,0,0,3,160
0,2,0,1,3,160
0,2,0,1,3,160
0,3,0,1,3,160
0,3,0,1,4,160
0,3,0,1,4,160
0,3,0,1,4,160
0,3,0,1,4,160
0,3,0,1,4,160
0,3,0,1,4,160
0,3,0,1,4,160
0,3,0,1,4,160
0,3,0,1,4,160
0,3,0,1,4,160
0,3,0,1,4,160
0,3,0,1,4,160
0,3,0,1,4,160
0,3,0,1,4,160
0,3,0,1,4,160
0,3,0,1,4,160
0,3,0,1,4,160
0,3,0,1,4,160
0,3,0,1,4,160
0,3,0,1,4,160
0,3,0,1,4,160
0,3,0,1,4,160
0,3,0,1,4,160
0,3,0,1,4,160
0,3,0,1,4,160
0,3,0,1,4,160
0,3,0,1,4,160
0,3,0,1,4,160
0,3,0,1,4,160
0,3,0,1,4,160
0,3,0,1,4,160
0,3,0,1,4,160
0,3,0,1,4,160
0,3,0,1,4,160
0,3,0,1,4,160
0,3,0,1,4,160
0,3,0,1,4,160
0,3,0,1,4,160
0,3,0,1,4,160
0,3,0,1,4,160
0,3,0,1,4,160
0,3,0,1,4,160
0,3,0,1,4,160
0,3,0,1,4,160
0,3,0,1,4,160
0,3,0,1,4,160
0,3,0,1,4,160
0,3,0,1,4,160
0,3,0,1,4,160
0,3,0,1,4,160
0,3,0,1,4,160
0,3,0,1,4,160
0,3,0,1,4,160
0,3,0,1,4,160
0,3,0,1,4,160
0,3,0,1,4,160
0,3,0,1,4,160
0,3,0,1,4,160
0,3,0,1,4,160
0,3,0,1,4,160
0,3,0,1,4,160
0,3,0,1,3,160
0,3,0,1,3,160
0,3,0,1,3,160
0,3,0,1,3,160
0,3,0,1,3,160
0,3,0,1,3,160
0,3,0,1,3,160
0,3,0,1,3,160
0,3,0,1,3,160
0,3,0,1,3,160
0,3,0,1,3,160
0,3,0,1,3,160
0,3,0,1,3,160
0,3,0,1,3,160
0,3,0,1,3,160
0,3,0,1,3,160
0,3,0,1,3,160
0,3,0,1,3,160
0,3,0,1,3,160
0,3,0,1,3,160
0,3,0,1,3,160
0,3,0,1,3,160
0,3,0,1,3,160
0,3,0,1,3,160
0,3,0,1,3,160
0,3,0,1,3,160
0,3,0,1,3,160
0,3,0,1,3,160
0,3,0,1,3,160
0,0,0,0,0,161
0,0,1,0,0,161
0,0,1,0,1,161
1,0,1,0,1,161
1,0,1,0,2,161
1,0,1,1,2,161
1,0,1,1,2,161
1,0,1,1,2,161
1,1,1,1,2,161
1,1,1,1,2,161
2,1,1,1,2,161
2,1,1,1,3,161
3,1,1,1,3,161
3,1,1,1,3,161
3,2,1,1,3,161
3,2,1,1,3,161
3,2,1,1,2,161
3,2,1,1,2,161
3,2,1,1,3,161
3,2,1,1,3,161
3,3,1,1,3,161
3,3,1,1,3,161
3,3,1,1,3,161
3,3,1,1,3,161
3,3,1,1,3,161
3,3,1,1,3,161
3,3,1,1,4,161
3,3,1,1,4,161
3,3,1,1,4,161
3,3,1,1,4,161
3,3,1,2,4,161
3,3,1,2,4,161
3,3,1,2,4,161
3,3,1,2,4,161
3,3,1,2,4,161
3,3,1,2,5,161
3,3,1,2,6,161
3,3,1,2,6,161
3,3,1,2,6,161
4,3,1,2,6,161
4,3,1,2,6,161
4,3,1,2,6,161
4,3,1,2,6,161
4,2,1,2,7,161
4,2,1,2,7,161
4,2,1,2,8,161
4,3,1,2,8,161
4,3,1,2,8,161
5,3,1,2,7,161
5,3,1,2,7,161
5,3,1,2,7,161
5,3,1,3,7,161
4,3,1,3,7,161
4,3,1,3,7,161
4,3,1,4,7,161
4,3,1,4,7,161
4,3,1,4,7,161
4,2,1,4,7,161
4,2,1,4,6,161
4,2,1,5,6,161
4,3,1,5,6,161
4,3,1,5,6,161
4,3,1,5,7,161
4,3,1,5,7,161
4,3,1,5,7,161
4,3,1,5,8,161
4,3,1,5,8,161
4,4,1,5,8,161
4,4,1,5,8,161
4,4,1,5,8,161
4,4,1,5,9,161
4,4,1,5,9,161
4,4,1,5,9,161
4,3,1,5,9,161
5,2,1,5,9,161
5,2,1,5,9,161
5,2,1,5,9,161
5,2,1,5,9,161
5,2,1,5,9,161
5,2,1,5,9,161
5,2,1,5,9,161
5,2,1,5,9,161
5,3,1,5,9,161
5,4,1,5,9,161
5,4,1,5,9,161
5,4,1,6,9,161
5,4,1,6,9,161
5,4,1,6,9,161
5,4,1,6,9,161
6,4,1,6,9,161
6,4,1,6,9,161
6,4,1,6,9,161
6,5,1,6,9,161
6,5,1,6,9,161
6,5,1,6,9,161
6,5,1,6,9,161
6,5,1,6,9,161
6,5,1,6,9,161
6,5,1,6,9,161
6,5,1,5,9,161
0,0,0,0,0,162
0,0,1,0,0,162
0,0,1,0,0,162
0,0,1,0,1,162
0,1,1,0,1,162
0,1,1,1,1,162
0,2,1,1,1,162
1,2,1,1,1,162
1,2,1,1,1,162
1,2,1,1,1,162
1,2,1,1,1,162
1,2,1,1,1,162
1,2,1,1,1,162
1,2,1,1,2,162
1,2,1,1,2,162
1,2,1,1,2,162
1,2,1,1,3,162
1,2,1,1,3,162
1,2,1,1,3,162
2,2,1,1,3,162
2,2,1,1,3,162
2,2,1,1,3,162
2,2,1,1,3,162
2,2,1,1,3,162
2,2,1,1,3,162
2,2,1,1,3,162
2,2,1,1,3,162
2,2,1,1,3,162
2,2,1,1,3,162
2,2,1,1,3,162
2,2,1,1,3,162
2,1,1,1,3,162
2,1,1,1,3,162
2,1,1,1,3,162
2,1,1,0,3,162
2,2,1,0,2,162
2,2,1,0,2,162
2,2,1,0,2,162
2,2,1,0,2,162
2,2,1,0,2,162
2,2,1,0,2,162
2,2,1,0,2,162
2,2,1,0,2,162
2,2,1,0,2,162
2,2,1,0,2,162
2,2,1,0,2,162
2,2,1,0,2,162
2,2,1,0,2,162
2,2,1,0,2,162
2,2,1,0,2,162
2,2,1,0,2,162
2,2,1,0,2,162
2,2,1,0,2,162
2,2,1,0,2,162
2,2,1,0,2,162
2,2,1,0,2,162
2,2,1,0,2,162
2,2,1,0,2,162
2,2,1,0,2,162
2,2,1,0,2,162
2,2,1,0,2,162
2,2,1,0,2,162
2,2,1,0,2,162
2,2,1,0,2,162
2,2,1,0,2,162
2,2,1,0,2,162
2,2,1,0,2,162
2,2,1,0,2,162
2,2,1,0,2,162
2,2,1,0,2,162
2,2,1,0,2,162
2,2,1,0,2,162
2,2,1,0,2,162
2,2,1,0,2,162
2,2,1,0,2,162
2,2,1,0,2,162
2,2,1,0,2,162
2,2,1,0,2,162
2,2,1,0,2,162
2,2,1,0,2,162
2,2,1,0,2,162
2,2,1,0,2,162
2,2,1,0,2,162
2,2,1,0,2,162
2,2,1,0,2,162
2,2,1,0,2,162
2,2,1,0,2,162
2,2,1,0,2,162
2,2,1,0,2,162
2,2,1,0,2,162
2,2,1,0,2,162
2,2,1,0,2,162
2,2,1,0,2,162
2,2,1,0,2,162
2,2,1,0,2,162
2,2,1,0,2,162
2,2,1,0,2,162
2,2,1,0,2,162
2,2,1,0,2,162
2,2,1,0,2,162
0,0,0,0,0,163
0,0,1,0,0,163
0,1,1,0,0,163
0,1,1,0,0,163
0,1,1,0,1,163
0,1,1,1,1,163
0,1,1,1,1,163
0,1,1,1,1,163
1,1,1,1,0,163
2,1,1,1,0,163
2,1,1,1,0,163
2,1,1,1,0,163
2,1,1,1,0,163
2,1,1,1,0,163
2,1,1,1,0,163
2,1,1,1,1,163
2,1,1,1,1,163
2,1,1,1,2,163
2,1,1,1,2,163
2,1,1,1,2,163
2,1,1,1,2,163
2,1,1,1,2,163
2,1,1,1,2,163
2,1,1,1,2,163
2,1,1,1,2,163
2,1,1,1,2,163
2,1,1,1,2,163
2,1,1,1,2,163
2,1,1,1,2,163
2,1,1,1,2,163
2,1,1,1,2,163
2,1,1,1,2,163
2,1,1,1,2,163
2,1,1,1,2,163
2,1,1,1,2,163
2,1,1,1,2,163
2,1,1,1,2,163
2,1,1,1,2,163
2,1,1,1,2,163
2,1,1,1,2,163
2,1,1,1,2,163
2,1,1,1,2,163
2,1,1,1,2,163
2,1,1,1,2,163
2,1,1,1,2,163
2,1,1,1,2,163
2,1,1,1,2,163
2,1,1,1,2,163
2,1,1,1,2,163
2,1,1,1,2,163
2,1,1,1,2,163
2,1,1,1,2,163
2,1,1,1,2,163
2,1,1,1,2,163
2,1,1,1,2,163
2,0,1,1,2,163
2,0,1,1,2,163
2,1,1,1,2,163
2,1,1,1,2,163
2,1,1,1,2,163
0,0,0,0,0,164
0,0,1,0,0,164
1,0,1,0,0,164
1,0,1,0,0,164
1,0,1,1,0,164
1,1,1,1,0,164
2,1,1,1,0,164
2,1,1,1,1,164
2,1,1,1,2,164
2,1,1,1,3,164
3,1,1,1,3,164
3,2,1,1,2,164
3,3,1,1,2,164
3,3,1,1,2,164
3,3,1,1,2,164
3,3,1,1,2,164
3,3,1,1,2,164
3,4,1,1,2,164
3,4,1,1,3,164
3,4,1,1,3,164
3,4,1,1,3,164
3,5,1,1,3,164
3,5,1,1,3,164
3,5,1,1,3,164
3,5,2,1,3,164
3,5,2,2,3,164
3,5,2,2,3,164
3,5,2,2,3,164
3,6,2,2,3,164
3,6,2,2,4,164
3,6,2,2,4,164
3,6,2,2,5,164
3,6,2,2,5,164
3,7,2,2,5,164
3,7,2,2,5,164
3,7,2,3,5,164
3,7,2,3,5,164
3,7,2,3,5,164
4,7,2,2,5,164
4,7,2,2,5,164
4,7,2,2,5,164
4,7,2,2,5,164
4,7,2,2,5,164
5,7,2,2,5,164
5,7,2,2,5,164
5,7,2,2,5,164
5,7,2,2,5,164
5,7,2,2,5,164
5,7,2,3,5,164
5,7,2,3,5,164
5,7,2,3,6,164
5,7,2,3,6,164
5,7,2,3,6,164
5,7,2,3,6,164
5,7,2,3,6,164
5,7,2,3,7,164
5,7,2,3,7,164
5,7,2,3,7,164
5,7,2,2,7,164
5,7,1,3,7,164
5,7,1,3,7,164
5,7,1,3,7,164
5,7,1,3,7,164
5,7,1,3,7,164
5,7,1,3,7,164
5,7,1,3,7,164
5,7,1,3,7,164
5,7,1,3,7,164
5,7,1,3,7,164
5,7,1,3,7,164
5,7,1,3,7,164
5,7,1,3,7,164
5,7,1,3,7,164
5,7,1,3,7,164
5,7,1,3,7,164
5,7,1,3,7,164
5,7,1,3,7,164
5,7,1,3,7,164
5,7,1,3,7,164
5,7,1,3,7,164
5,7,1,3,7,164
5,7,1,3,7,164
5,7,1,3,7,164
5,7,1,3,7,164
5,7,1,3,7,164
5,7,1,3,7,164
5,7,1,3,7,164
5,7,1,3,7,164
5,7,1,3,7,164
5,7,1,3,7,164
5,7,1,3,7,164
5,7,1,3,7,164
5,7,1,3,7,164
5,7,1,3,7,164
5,7,1,3,7,164
5,7,1,3,7,164
5,7,1,3,7,164
5,7,1,3,7,164
5,7,1,3,7,164
5,7,1,3,7,164
0,0,0,0,0,165
0,1,0,0,0,165
1,1,0,0,0,165
1,1,0,0,0,165
0,1,1,0,0,165
0,1,1,0,0,165
0,1,2,0,0,165
1,1,2,0,0,165
2,1,2,0,0,165
2,2,2,0,0,165
2,3,2,0,0,165
2,3,2,0,0,165
2,3,2,0,0,165
2,3,2,0,0,165
2,3,2,0,0,165
2,3,2,0,0,165
2,3,2,0,0,165
2,3,2,0,1,165
2,3,2,0,1,165
2,3,2,0,1,165
2,3,2,0,1,165
2,3,2,0,1,165
2,3,2,0,1,165
2,3,2,0,1,165
2,3,2,0,1,165
2,3,2,0,1,165
2,3,2,0,2,165
2,3,2,0,2,165
2,3,2,0,2,165
2,3,2,0,2,165
2,3,2,0,2,165
2,3,2,0,2,165
2,3,2,0,2,165
2,3,2,0,2,165
2,3,2,0,2,165
2,3,2,0,2,165
2,3,2,0,2,165
2,3,2,0,2,165
2,3,2,0,2,165
2,3,2,0,2,165
2,3,2,0,2,165
2,3,2,0,2,165
2,3,2,0,2,165
2,3,2,0,2,165
2,3,2,0,2,165
2,3,2,0,2,165
2,3,2,0,2,165
2,3,2,0,2,165
2,3,2,0,2,165
2,3,2,0,2,165
2,3,2,0,2,165
2,3,2,0,2,165
2,3,2,0,2,165
2,3,2,0,2,165
2,3,2,0,2,165
2,3,2,0,2,165
2,3,2,0,2,165
2,3,2,0,2,165
2,3,2,0,2,165
2,3,2,0,2,165
2,3,2,0,2,165
2,3,2,0,2,165
2,3,2,0,2,165
2,3,2,0,2,165
2,3,2,0,2,165
2,3,2,0,2,165
2,3,2,0,2,165
2,3,2,0,2,165
2,3,2,0,2,165
2,3,2,0,2,165
2,3,2,0,2,165
2,3,2,0,2,165
2,3,2,0,2,165
2,3,2,0,2,165
2,3,2,0,2,165
2,3,2,0,2,165
2,3,2,0,2,165
2,3,2,0,2,165
2,3,2,0,2,165
2,3,2,0,2,165
2,3,2,0,2,165
2,3,2,0,2,165
1,3,2,0,2,165
1,3,2,0,2,165
1,3,2,0,2,165
1,3,2,0,2,165
1,3,2,0,2,165
1,3,2,0,2,165
1,3,2,0,2,165
1,3,2,0,2,165
1,3,2,0,2,165
1,3,2,0,2,165
1,3,2,0,2,165
1,3,2,0,2,165
1,3,2,0,2,165
1,3,2,0,2,165
1,3,2,0,2,165
1,3,2,0,2,165
1,3,2,0,2,165
1,3,2,0,2,165
0,0,0,0,0,166
0,0,0,0,1,166
1,0,0,0,1,166
1,0,0,0,2,166
1,0,0,0,3,166
1,0,0,1,3,166
2,0,0,1,3,166
2,0,0,1,4,166
2,1,0,1,4,166
2,1,0,1,4,166
2,1,0,1,4,166
2,1,0,1,4,166
2,1,0,1,4,166
2,1,0,1,4,166
2,1,0,1,4,166
2,1,0,1,4,166
2,1,0,1,4,166
2,1,0,1,4,166
2,1,0,1,4,166
2,1,0,1,4,166
2,1,0,1,4,166
2,1,0,1,4,166
2,1,0,1,4,166
2,1,0,1,4,166
2,1,0,1,4,166
2,1,0,1,4,166
2,1,0,1,4,166
2,1,0,1,4,166
2,1,0,1,4,166
2,1,0,1,4,166
2,1,0,1,4,166
2,1,0,1,4,166
2,1,0,1,4,166
2,1,0,1,4,166
2,1,0,1,4,166
2,1,0,1,4,166
2,1,0,1,4,166
2,1,0,1,4,166
2,1,0,1,4,166
2,1,0,1,4,166
2,1,0,1,4,166
2,1,0,1,4,166
2,1,0,1,4,166
2,1,0,1,4,166
2,1,0,1,4,166
2,1,0,1,4,166
2,1,0,1,4,166
2,1,0,1,4,166
2,1,0,1,4,166
2,1,0,1,4,166
2,1,0,1,4,166
2,1,0,1,4,166
2,1,0,1,4,166
2,1,0,1,4,166
2,1,0,1,4,166
2,1,0,1,4,166
2,1,0,1,4,166
2,1,0,1,4,166
2,1,0,1,4,166
2,1,0,1,4,166
2,1,0,1,4,166
2,1,0,1,4,166
2,1,0,1,4,166
2,1,0,1,4,166
2,1,0,1,4,166
2,1,0,1,4,166
2,1,0,1,4,166
2,1,0,1,4,166
2,1,0,1,4,166
2,1,0,1,4,166
2,1,0,1,4,166
2,1,0,1,4,166
2,1,0,1,4,166
2,1,0,1,4,166
2,1,0,1,4,166
2,1,0,1,4,166
2,1,0,1,4,166
2,1,0,1,4,166
2,1,0,1,4,166
2,1,0,1,4,166
2,1,0,1,3,166
2,1,0,1,3,166
2,1,0,1,3,166
2,1,0,1,3,166
2,1,0,1,3,166
2,1,0,1,3,166
2,1,0,1,3,166
2,1,0,1,3,166
2,1,0,1,3,166
2,1,0,1,3,166
2,1,0,1,3,166
2,1,0,1,3,166
2,1,0,1,3,166
2,1,0,1,3,166
2,1,0,1,3,166
2,1,0,1,3,166
2,1,0,1,3,166
2,1,0,1,3,166
2,1,0,1,3,166
2,1,0,1,3,166
0,0,0,0,0,167
1,0,0,0,0,167
1,0,0,0,1,167
2,0,0,0,1,167
2,0,0,0,1,167
3,0,0,0,1,167
3,0,0,0,1,167
3,0,0,0,1,167
3,0,0,0,1,167
3,1,0,0,1,167
3,1,0,0,1,167
3,1,0,0,1,167
3,1,0,0,1,167
3,1,0,0,1,167
3,1,0,1,1,167
3,2,0,1,1,167
3,2,0,1,1,167
3,1,0,1,1,167
3,1,0,1,1,167
3,2,0,1,1,167
3,2,0,1,1,167
3,2,0,1,1,167
3,2,0,1,1,167
3,2,0,1,1,167
3,2,0,1,1,167
3,2,0,1,1,167
3,2,0,1,1,167
3,2,0,1,1,167
3,2,0,1,1,167
3,2,0,1,1,167
3,2,0,1,1,167
3,2,0,1,1,167
3,2,0,1,1,167
3,2,0,1,1,167
3,2,0,1,1,167
3,2,0,1,1,167
3,2,0,1,1,167
3,2,0,1,1,167
3,2,0,1,1,167
3,2,0,1,1,167
3,2,0,1,1,167
3,2,0,1,1,167
3,2,0,1,1,167
3,2,0,1,1,167
3,2,0,1,1,167
3,2,0,1,1,167
3,2,0,1,1,167
3,2,0,1,1,167
3,2,0,1,1,167
3,2,0,1,1,167
3,2,0,1,1,167
3,2,0,1,1,167
3,2,0,1,1,167
3,2,0,1,1,167
3,2,0,1,1,167
3,2,0,1,1,167
3,2,0,1,1,167
3,2,0,1,1,167
3,2,0,1,1,167
3,2,0,1,1,167
3,2,0,1,1,167
3,2,0,1,1,167
3,2,0,1,1,167
3,2,0,1,1,167
3,2,0,1,1,167
3,2,0,1,1,167
3,2,0,1,1,167
3,2,0,1,1,167
3,2,0,1,1,167
3,2,0,1,1,167
3,2,0,1,1,167
3,2,0,1,1,167
3,2,0,1,1,167
3,2,0,1,1,167
3,2,0,1,1,167
3,2,0,1,1,167
3,2,0,1,1,167
3,2,0,1,1,167
3,2,0,1,1,167
3,2,0,1,1,167
3,2,0,1,1,167
3,2,0,1,1,167
3,2,0,1,1,167
3,2,0,1,1,167
3,2,0,1,1,167
3,2,0,1,1,167
3,2,0,1,1,167
3,2,0,1,1,167
3,2,0,1,1,167
3,2,0,1,1,167
3,2,0,1,1,167
3,2,0,1,1,167
3,2,0,1,1,167
3,2,0,1,1,167
3,2,0,1,1,167
3,2,0,1,1,167
3,2,0,1,1,167
3,2,0,1,1,167
3,2,0,1,1,167
3,2,0,1,1,167
0,0,0,0,0,168
0,0,0,1,0,168
0,0,0,1,1,168
0,0,1,1,1,168
0,0,1,1,1,168
1,0,1,1,1,168
1,1,1,1,1,168
1,2,1,1,1,168
2,2,1,1,1,168
2,2,1,1,1,168
3,2,0,1,1,168
3,2,0,1,1,168
3,2,0,1,1,168
3,2,0,1,1,168
3,2,0,1,1,168
3,2,0,1,1,168
3,2,0,1,1,168
3,2,0,1,1,168
3,2,1,1,1,168
3,2,1,1,1,168
3,3,1,1,1,168
3,3,1,1,1,168
3,4,1,1,1,168
3,4,1,1,1,168
3,4,2,1,1,168
3,4,2,1,1,168
3,4,2,1,1,168
3,4,2,1,2,168
3,4,2,1,2,168
3,4,2,1,2,168
3,4,2,1,3,168
3,4,2,1,3,168
3,4,2,1,3,168
3,4,2,1,3,168
3,4,2,1,3,168
3,4,3,1,3,168
3,4,3,1,3,168
3,4,3,1,3,168
3,4,3,1,3,168
3,4,3,1,3,168
3,4,3,1,3,168
3,4,3,1,3,168
3,4,3,1,3,168
3,4,3,1,3,168
3,4,3,1,3,168
2,4,3,1,3,168
2,4,3,1,3,168
2,4,3,1,3,168
2,4,3,1,3,168
2,4,3,1,3,168
2,4,3,1,3,168
2,4,3,1,3,168
2,4,3,1,3,168
2,4,3,1,3,168
2,4,3,1,3,168
2,4,3,1,3,168
2,4,3,1,3,168
2,4,3,1,3,168
2,4,3,1,3,168
2,4,3,1,3,168
2,4,3,1,3,168
2,4,3,1,3,168
2,4,3,1,3,168
2,4,3,1,3,168
2,4,3,1,3,168
2,4,3,1,3,168
2,4,3,1,3,168
2,4,3,1,3,168
2,4,3,1,3,168
2,4,3,1,3,168
2,4,3,1,3,168
2,4,3,1,3,168
2,4,3,1,3,168
2,4,3,1,3,168
2,4,3,1,3,168
2,4,3,1,3,168
2,4,3,1,3,168
2,4,3,1,3,168
2,4,3,1,3,168
2,4,3,1,3,168
2,4,3,1,3,168
2,4,3,1,3,168
2,4,3,1,3,168
2,4,3,1,3,168
2,4,3,1,3,168
2,4,3,1,3,168
2,4,3,1,3,168
2,4,3,1,3,168
2,4,3,1,3,168
2,4,3,1,3,168
2,4,3,1,3,168
2,4,3,1,3,168
2,4,3,1,3,168
2,4,3,1,3,168
2,4,3,1,3,168
2,4,3,1,3,168
2,4,3,1,3,168
2,4,3,1,3,168
2,4,3,1,3,168
2,4,3,1,3,168
0,0,0,0,0,169
0,0,0,0,1,169
0,1,0,0,1,169
0,1,0,1,1,169
0,2,0,1,1,169
0,2,0,1,2,169
1,2,0,1,2,169
1,2,1,1,2,169
1,2,1,1,2,169
2,2,1,1,2,169
2,2,1,1,3,169
2,2,1,1,4,169
2,2,1,1,4,169
2,2,1,1,4,169
2,3,1,1,4,169
2,3,1,2,4,169
2,3,1,2,4,169
2,3,1,2,4,169
2,4,1,2,4,169
2,4,1,2,4,169
2,4,1,2,4,169
2,4,1,2,4,169
3,4,1,2,4,169
3,4,1,2,4,169
3,4,1,2,4,169
3,4,1,2,4,169
3,3,1,2,5,169
3,3,1,2,5,169
3,3,1,2,5,169
3,3,1,2,5,169
3,4,1,2,5,169
3,4,1,2,5,169
4,4,1,2,5,169
4,4,1,2,5,169
4,4,1,2,5,169
4,4,1,2,5,169
5,4,1,2,5,169
5,4,1,2,5,169
5,4,1,2,5,169
5,4,1,2,6,169
5,5,1,2,6,169
5,5,1,2,6,169
5,5,1,2,6,169
5,5,1,1,7,169
5,5,1,1,8,169
5,5,1,2,7,169
5,5,1,2,7,169
5,5,1,2,7,169
6,5,1,2,7,169
6,5,1,2,8,169
6,5,1,3,8,169
6,5,1,3,8,169
6,5,1,4,8,169
6,5,1,4,8,169
6,5,1,4,8,169
6,5,1,4,8,169
6,6,1,4,8,169
6,6,1,4,8,169
6,6,2,4,8,169
6,6,2,4,8,169
6,6,2,4,8,169
6,6,2,4,9,169
6,6,2,5,9,169
6,7,2,5,8,169
6,8,2,5,8,169
6,8,2,5,8,169
6,8,2,5,8,169
7,8,2,5,8,169
7,8,3,5,8,169
7,8,3,5,8,169
8,8,3,5,8,169
8,9,3,4,8,169
8,8,3,5,8,169
8,8,3,5,8,169
8,8,3,6,8,169
8,8,3,7,8,169
8,8,3,7,8,169
8,8,3,7,8,169
8,8,3,8,8,169
8,8,3,8,9,169
8,9,3,8,9,169
8,9,3,8,10,169
8,9,3,8,10,169
8,9,3,8,10,169
8,9,3,8,10,169
8,9,4,8,9,169
8,9,4,8,9,169
8,9,4,8,9,169
8,10,4,8,9,169
8,11,4,8,9,169
8,10,4,9,9,169
8,10,4,9,9,169
8,10,4,9,9,169
9,10,4,9,9,169
9,11,4,9,9,169
10,11,4,9,9,169
10,11,4,9,9,169
10,11,4,9,10,169
10,11,4,9,11,169
10,11,3,9,11,169
0,0,0,0,0,170
0,0,1,0,0,170
0,0,1,0,0,170
0,1,1,0,0,170
0,1,1,0,1,170
0,2,1,0,1,170
1,2,1,0,1,170
2,2,1,0,1,170
2,2,2,0,1,170
2,2,2,0,2,170
2,2,2,0,3,170
2,2,2,0,3,170
2,2,2,0,3,170
2,2,2,0,3,170
2,2,2,0,3,170
2,2,2,0,3,170
2,2,2,0,3,170
2,2,2,0,3,170
2,2,2,0,3,170
2,2,2,0,3,170
2,2,2,0,3,170
2,2,2,0,3,170
2,2,2,0,3,170
2,2,2,0,3,170
2,2,2,0,3,170
2,2,2,0,3,170
2,2,2,0,3,170
2,2,2,0,3,170
2,2,2,0,3,170
2,2,2,0,3,170
2,2,2,0,3,170
2,2,2,0,3,170
2,2,2,0,3,170
2,2,2,0,3,170
2,2,2,0,3,170
2,2,2,0,3,170
2,2,2,0,3,170
2,2,2,0,3,170
2,2,2,0,3,170
2,2,2,0,3,170
2,2,2,0,3,170
2,2,2,0,3,170
2,2,2,0,3,170
2,2,2,0,3,170
2,2,2,0,3,170
2,2,2,0,3,170
2,2,2,0,3,170
2,2,2,0,3,170
2,2,2,0,3,170
2,2,2,0,3,170
2,2,2,0,3,170
2,2,2,0,3,170
2,2,2,0,3,170
2,2,2,0,3,170
2,2,2,0,3,170
2,2,2,0,3,170
2,2,2,0,3,170
2,2,2,0,3,170
2,2,2,0,3,170
2,2,2,0,3,170
2,2,2,0,3,170
2,2,2,0,3,170
2,2,2,0,3,170
2,2,2,0,3,170
2,2,2,0,3,170
2,2,2,0,3,170
2,2,2,0,3,170
2,2,2,0,3,170
2,2,2,0,3,170
2,2,2,0,3,170
2,2,2,0,3,170
2,2,2,0,3,170
2,2,2,0,3,170
2,2,2,0,3,170
2,2,2,0,3,170
2,2,2,0,3,170
2,2,2,0,3,170
2,2,2,0,3,170
2,2,2,0,3,170
2,2,2,0,3,170
2,2,2,0,3,170
2,2,2,0,3,170
2,2,2,0,3,170
2,2,2,0,3,170
2,2,2,0,3,170
2,2,2,0,3,170
2,2,2,0,3,170
2,2,2,0,3,170
2,2,2,0,3,170
2,2,2,0,3,170
2,2,2,0,3,170
2,2,2,0,3,170
2,2,2,0,3,170
2,2,2,0,3,170
2,2,2,0,3,170
2,2,2,0,3,170
2,2,2,0,3,170
2,2,2,0,3,170
2,2,2,0,3,170
2,2,2,0,3,170
0,0,0,0,0,171
0,0,0,1,0,171
0,1,0,1,0,171
0,1,0,1,0,171
0,1,0,1,0,171
1,1,0,1,0,171
1,1,0,1,1,171
1,1,0,1,1,171
1,2,0,1,1,171
2,2,0,1,1,171
2,2,0,1,1,171
2,2,0,1,2,171
2,2,0,1,2,171
2,2,0,1,2,171
3,2,0,1,2,171
3,2,0,1,2,171
3,2,0,1,2,171
3,2,0,1,2,171
3,2,0,1,2,171
3,2,0,1,2,171
3,2,0,1,2,171
3,2,0,1,2,171
3,2,0,1,2,171
3,2,0,1,2,171
3,2,0,1,2,171
3,2,0,1,2,171
3,2,0,1,2,171
3,2,0,1,2,171
3,2,0,1,2,171
3,2,0,1,2,171
3,2,0,1,2,171
3,2,0,1,2,171
3,2,0,1,2,171
3,2,0,1,2,171
3,2,0,1,2,171
3,2,0,1,2,171
3,2,0,1,2,171
3,2,0,1,2,171
3,2,0,1,2,171
3,2,0,1,2,171
3,2,0,1,2,171
3,2,0,1,2,171
3,2,0,1,2,171
3,2,0,1,2,171
3,2,0,1,2,171
3,2,0,1,2,171
3,2,0,1,2,171
3,2,0,1,2,171
3,2,0,1,2,171
3,2,0,1,2,171
3,2,0,1,2,171
3,1,0,1,2,171
3,1,0,1,2,171
3,1,0,1,2,171
3,1,0,1,2,171
3,1,0,1,2,171
3,1,0,1,2,171
3,1,0,1,2,171
3,1,0,1,2,171
3,1,0,1,2,171
3,1,0,1,2,171
3,1,0,1,2,171
3,1,0,1,2,171
3,1,0,1,2,171
3,1,0,1,2,171
3,1,0,1,2,171
3,1,0,1,2,171
3,1,0,1,2,171
3,1,0,1,2,171
3,1,0,1,2,171
3,1,0,1,2,171
3,1,0,1,2,171
3,1,0,1,2,171
3,1,0,1,2,171
3,1,0,1,2,171
3,1,0,1,2,171
3,1,0,1,2,171
3,1,0,1,2,171
3,1,0,1,2,171
3,1,0,1,2,171
3,1,0,1,2,171
3,1,0,1,2,171
3,1,0,1,2,171
3,1,0,1,2,171
3,0,0,1,2,171
3,0,0,1,2,171
3,0,0,1,2,171
3,0,0,1,2,171
3,0,0,1,2,171
3,0,0,1,2,171
3,0,0,1,2,171
3,0,0,1,2,171
3,0,0,1,2,171
3,0,0,1,2,171
3,0,0,1,2,171
3,0,0,1,2,171
3,0,0,1,2,171
3,0,0,1,2,171
3,0,0,1,2,171
3,0,0,1,2,171
0,0,0,0,0,172
0,0,0,1,0,172
0,0,0,1,0,172
0,0,1,1,0,172
0,0,1,1,0,172
0,0,1,1,0,172
0,1,1,1,0,172
0,1,1,1,0,172
0,2,1,1,0,172
0,3,1,1,0,172
0,3,1,1,0,172
0,4,1,1,0,172
0,4,1,1,0,172
1,4,1,1,0,172
1,4,1,1,0,172
1,4,1,1,0,172
2,4,1,1,0,172
2,4,1,1,0,172
2,4,1,2,0,172
3,4,1,2,0,172
3,4,1,2,0,172
3,4,1,2,0,172
3,4,1,2,0,172
3,4,1,2,0,172
3,4,1,2,0,172
3,4,1,2,1,172
3,4,1,2,1,172
3,4,1,2,1,172
3,4,1,2,2,172
4,4,1,2,2,172
4,4,1,2,3,172
4,4,1,2,3,172
4,4,1,2,3,172
4,4,1,2,4,172
4,4,1,2,4,172
4,4,1,2,4,172
3,4,1,3,4,172
3,4,1,3,4,172
3,4,1,3,4,172
3,4,1,3,4,172
3,4,1,3,4,172
3,4,1,3,4,172
3,4,1,4,4,172
3,4,1,4,4,172
3,4,1,4,4,172
3,5,1,4,4,172
3,5,1,4,5,172
3,5,1,4,5,172
4,5,1,4,5,172
4,5,1,4,5,172
4,5,1,4,6,172
4,5,1,4,6,172
4,5,1,4,6,172
4,5,1,4,6,172
4,5,1,4,6,172
5,5,1,4,6,172
5,5,1,4,7,172
5,5,1,4,7,172
5,5,1,4,7,172
5,5,1,4,7,172
5,5,1,5,7,172
5,5,1,5,7,172
5,5,1,5,7,172
5,5,1,5,7,172
5,5,1,5,7,172
5,5,1,5,7,172
5,5,1,5,7,172
5,5,1,5,7,172
5,6,0,5,7,172
5,6,0,5,6,172
5,6,0,5,6,172
5,6,1,5,6,172
5,6,1,5,6,172
5,6,1,4,6,172
5,6,1,4,6,172
5,6,1,4,6,172
5,6,1,4,6,172
5,6,1,4,6,172
5,6,1,4,6,172
5,6,1,4,6,172
5,6,1,4,6,172
5,6,1,4,6,172
5,6,1,4,6,172
5,6,1,4,6,172
5,6,1,4,6,172
5,6,1,4,6,172
5,6,1,4,6,172
5,6,1,4,6,172
5,6,1,4,6,172
5,6,1,4,6,172
5,6,1,4,6,172
5,6,1,4,6,172
5,6,1,4,6,172
5,6,1,4,6,172
5,6,1,4,6,172
5,6,1,4,6,172
5,6,1,4,6,172
5,6,1,4,6,172
5,6,1,4,6,172
5,6,1,4,6,172
0,0,0,0,0,173
0,0,0,0,0,173
0,0,0,0,0,173
0,1,0,0,0,173
0,2,0,0,0,173
0,3,0,0,0,173
0,4,0,0,0,173
0,4,0,0,0,173
0,4,0,0,1,173
0,4,0,0,2,173
0,4,0,0,2,173
0,4,0,0,2,173
0,4,0,0,2,173
0,4,0,0,2,173
0,4,0,0,2,173
0,4,0,0,2,173
0,4,0,0,2,173
1,4,0,0,2,173
1,4,0,0,2,173
1,4,0,0,2,173
1,4,0,0,2,173
1,4,0,0,2,173
1,4,0,0,2,173
1,4,0,0,2,173
1,4,0,0,2,173
1,4,0,0,2,173
1,4,0,0,2,173
1,4,0,0,2,173
1,4,0,0,2,173
1,4,0,0,2,173
1,4,0,0,2,173
1,4,0,0,2,173
1,4,0,0,2,173
1,4,0,0,2,173
1,4,0,0,2,173
1,4,0,0,2,173
1,4,0,0,2,173
1,4,0,0,2,173
1,4,0,0,2,173
1,4,0,0,2,173
1,4,0,0,2,173
1,4,0,0,2,173
1,4,0,0,2,173
1,4,0,0,2,173
1,4,0,0,2,173
1,4,0,0,2,173
1,4,0,0,2,173
1,4,0,0,2,173
1,4,0,0,2,173
1,4,0,0,2,173
1,4,0,0,2,173
1,4,0,0,2,173
1,4,0,0,2,173
1,4,0,0,2,173
1,4,0,0,2,173
1,4,0,0,2,173
1,4,0,0,2,173
1,4,0,0,2,173
1,4,0,0,2,173
1,4,0,0,2,173
1,4,0,0,2,173
1,4,0,0,2,173
1,4,0,0,2,173
1,4,0,0,2,173
1,4,0,0,2,173
1,4,0,0,2,173
1,4,0,0,2,173
1,4,0,0,2,173
1,4,0,0,2,173
1,4,0,0,2,173
1,4,0,0,2,173
1,4,0,0,2,173
1,4,0,0,2,173
1,4,0,0,2,173
1,4,0,0,2,173
1,4,0,0,2,173
1,4,0,0,2,173
1,4,0,0,2,173
1,4,0,0,2,173
1,4,0,0,2,173
1,4,0,0,2,173
1,4,0,0,2,173
1,4,0,0,2,173
1,4,0,0,2,173
1,4,0,0,2,173
1,4,0,0,2,173
1,4,0,0,2,173
1,4,0,0,2,173
1,4,0,0,2,173
1,4,0,0,2,173
1,4,0,0,2,173
1,4,0,0,2,173
1,4,0,0,2,173
1,4,0,0,2,173
1,4,0,0,2,173
1,4,0,0,2,173
1,4,0,0,2,173
1,4,0,0,2,173
1,4,0,0,2,173
1,4,0,0,2,173
0,0,0,0,0,174
0,0,1,0,0,174
0,1,1,0,0,174
0,2,1,0,0,174
0,1,1,0,1,174
0,1,1,0,1,174
0,1,1,0,1,174
0,1,1,0,2,174
0,2,1,0,2,174
0,2,1,0,2,174
0,2,1,0,2,174
1,2,1,0,2,174
1,2,1,0,2,174
1,2,1,0,2,174
1,2,1,0,2,174
1,1,1,0,2,174
1,1,1,0,2,174
1,1,1,0,2,174
1,1,1,0,2,174
1,1,1,0,2,174
1,1,1,0,2,174
1,1,1,0,2,174
1,1,1,0,2,174
1,1,1,0,2,174
1,1,1,0,2,174
1,1,1,0,2,174
1,1,1,0,2,174
1,1,1,0,2,174
1,1,1,0,2,174
1,1,1,0,2,174
1,1,1,0,2,174
1,1,1,0,2,174
1,1,1,0,2,174
1,1,1,0,2,174
1,1,1,0,2,174
1,1,1,0,2,174
1,1,1,0,2,174
1,1,1,0,2,174
1,1,1,0,2,174
1,1,1,0,2,174
1,1,1,0,2,174
1,1,1,0,2,174
1,1,1,0,2,174
1,1,1,0,2,174
1,1,1,0,2,174
1,1,1,0,2,174
1,1,1,0,2,174
1,1,1,0,2,174
1,1,1,0,2,174
1,1,1,0,2,174
1,1,1,0,2,174
1,1,1,0,2,174
1,1,1,0,2,174
1,1,1,0,2,174
1,1,1,0,2,174
1,1,1,0,2,174
1,1,1,0,2,174
1,1,1,0,2,174
1,1,1,0,2,174
1,1,1,0,2,174
1,1,1,0,2,174
1,1,1,0,2,174
1,1,1,0,2,174
1,1,1,0,2,174
1,1,1,0,2,174
1,1,1,0,2,174
1,1,1,0,2,174
1,1,1,0,2,174
1,1,1,0,2,174
1,1,1,0,2,174
1,1,1,0,2,174
1,1,1,0,2,174
1,1,1,0,2,174
1,1,1,0,2,174
1,1,1,0,2,174
1,1,1,0,2,174
1,1,1,0,2,174
1,1,1,0,2,174
1,1,1,0,2,174
1,1,1,0,2,174
1,1,1,0,2,174
1,1,1,0,2,174
1,1,1,0,2,174
1,1,1,0,2,174
1,1,1,0,2,174
1,1,1,0,2,174
1,1,1,0,2,174
1,1,1,0,2,174
1,1,1,0,2,174
1,1,1,0,2,174
1,1,1,0,2,174
1,1,1,0,2,174
1,1,1,0,2,174
1,1,1,0,2,174
1,1,1,0,2,174
1,1,1,0,2,174
1,1,1,0,2,174
1,1,1,0,2,174
1,1,1,0,2,174
1,1,1,0,2,174
0,0,0,0,0,175
0,0,0,0,0,175
0,0,0,0,1,175
0,1,0,0,1,175
0,1,0,1,0,175
0,1,1,1,0,175
0,1,1,1,0,175
0,1,1,1,0,175
1,1,1,1,0,175
2,1,1,1,0,175
3,1,1,1,0,175
2,1,1,1,1,175
2,1,1,2,1,175
2,2,1,2,1,175
3,2,1,2,1,175
3,2,1,2,1,175
3,2,1,2,1,175
3,2,1,2,1,175
3,2,1,2,2,175
3,2,2,1,2,175
3,2,2,1,3,175
3,2,2,1,3,175
3,2,2,1,4,175
3,2,2,2,4,175
3,2,2,2,4,175
3,3,2,2,3,175
3,3,2,2,3,175
3,3,2,3,3,175
3,3,2,3,3,175
2,3,2,3,4,175
3,3,2,3,4,175
3,3,2,3,4,175
3,4,2,3,4,175
3,4,2,3,4,175
3,4,2,3,4,175
4,4,2,3,4,175
4,4,2,3,5,175
4,4,2,4,5,175
4,4,2,4,5,175
4,4,2,4,6,175
4,4,2,4,6,175
4,5,2,4,6,175
4,5,2,4,7,175
4,5,2,4,7,175
5,5,2,4,7,175
5,5,2,4,7,175
5,4,2,5,7,175
5,4,2,5,7,175
5,4,2,5,7,175
5,4,2,5,7,175
5,5,2,5,7,175
5,6,2,5,7,175
5,6,2,5,7,175
5,6,2,5,7,175
6,6,2,5,7,175
6,6,2,5,7,175
6,6,2,5,7,175
6,6,2,5,8,175
6,7,2,5,8,175
6,7,2,5,8,175
6,7,2,5,8,175
6,7,2,5,9,175
6,7,2,5,10,175
6,7,2,5,10,175
6,7,2,5,10,175
6,7,2,5,10,175
6,7,2,5,11,175
6,7,2,5,11,175
6,7,2,5,11,175
6,7,2,5,10,175
6,7,2,5,10,175
6,7,2,5,9,175
6,7,2,5,9,175
6,7,2,5,10,175
6,7,2,4,10,175
6,7,2,4,10,175
6,7,2,4,10,175
6,7,2,4,11,175
7,7,2,4,11,175
7,6,2,5,11,175
7,6,2,5,11,175
7,6,2,5,11,175
7,7,2,5,11,175
7,7,2,5,11,175
7,7,2,5,11,175
7,7,2,5,11,175
7,7,2,5,11,175
7,8,2,5,11,175
8,8,2,5,11,175
8,8,2,5,11,175
7,8,2,6,11,175
7,8,2,6,11,175
7,8,2,6,11,175
7,9,2,6,11,175
7,9,2,6,11,175
7,9,2,6,11,175
7,9,2,7,11,175
7,9,2,7,11,175
7,9,2,7,11,175
7,9,2,7,11,175
0,0,0,0,0,176
0,1,0,0,0,176
0,1,0,0,1,176
1,1,0,0,1,176
1,0,0,0,1,176
1,1,0,0,1,176
1,1,0,1,1,176
1,2,0,1,1,176
1,2,0,1,2,176
2,2,0,1,2,176
2,3,0,1,2,176
2,3,0,1,2,176
2,3,0,1,2,176
2,3,0,1,2,176
2,3,0,1,2,176
2,3,0,1,2,176
2,3,0,1,2,176
2,3,0,1,2,176
2,3,0,1,2,176
2,3,0,1,2,176
2,3,0,1,2,176
2,3,0,1,2,176
2,3,0,1,2,176
2,3,0,1,2,176
2,3,0,1,2,176
2,3,0,1,2,176
2,3,0,1,2,176
2,3,0,1,2,176
2,3,0,1,2,176
2,3,0,1,2,176
2,3,0,1,2,176
2,3,0,1,2,176
2,3,0,1,2,176
2,3,0,1,2,176
2,3,0,1,2,176
2,3,0,1,2,176
2,3,0,1,2,176
2,3,0,1,2,176
2,3,0,1,2,176
2,3,0,1,2,176
2,3,0,1,2,176
2,3,0,1,2,176
2,3,0,1,2,176
2,3,0,1,2,176
2,3,0,1,2,176
2,3,0,1,2,176
2,3,0,1,2,176
2,3,0,1,2,176
2,3,0,1,2,176
2,3,0,1,2,176
2,3,0,1,2,176
2,3,0,1,2,176
2,3,0,1,2,176
2,3,0,1,2,176
2,3,0,1,2,176
2,3,0,1,2,176
2,3,0,1,2,176
2,3,0,1,2,176
2,3,0,1,2,176
2,3,0,1,2,176
2,3,0,1,2,176
2,3,0,1,2,176
2,3,0,1,2,176
2,3,0,1,2,176
2,3,0,1,2,176
2,3,0,1,2,176
2,3,0,1,2,176
2,3,0,1,2,176
2,3,0,1,2,176
2,3,0,1,2,176
2,3,0,1,2,176
2,3,0,1,2,176
2,3,0,1,2,176
2,3,0,1,2,176
2,3,0,1,2,176
2,3,0,1,2,176
2,3,0,1,2,176
2,3,0,1,2,176
2,3,0,1,2,176
2,3,0,1,2,176
2,3,0,1,2,176
2,3,0,1,2,176
2,3,0,1,2,176
2,3,0,1,2,176
2,3,0,1,2,176
2,3,0,1,2,176
2,3,0,1,2,176
2,3,0,1,2,176
2,3,0,1,2,176
2,3,0,1,2,176
2,3,0,1,2,176
2,3,0,1,2,176
2,3,0,1,2,176
2,3,0,1,2,176
2,3,0,1,2,176
2,3,0,1,2,176
2,3,0,1,2,176
2,3,0,1,2,176
2,3,0,1,2,176
2,3,0,1,2,176
0,0,0,0,0,177
0,0,0,1,0,177
1,0,0,1,0,177
2,0,0,1,0,177
2,1,0,1,0,177
2,1,0,1,0,177
2,1,1,1,0,177
2,1,1,1,0,177
2,2,1,1,0,177
2,2,1,1,0,177
3,2,1,1,0,177
3,3,1,1,0,177
4,3,1,1,0,177
4,3,1,1,1,177
4,3,1,1,1,177
4,3,1,1,1,177
4,4,1,1,1,177
4,4,1,1,2,177
4,4,1,1,2,177
4,4,1,2,2,177
4,4,2,2,2,177
4,5,2,2,2,177
4,5,2,2,2,177
4,5,2,2,3,177
4,5,2,2,4,177
4,6,2,2,4,177
4,7,2,2,4,177
5,6,2,2,4,177
5,6,2,2,5,177
5,6,2,2,5,177
5,6,2,2,5,177
6,6,2,2,5,177
6,7,2,2,5,177
6,8,2,2,5,177
6,8,2,3,4,177
6,8,2,4,4,177
6,8,2,4,4,177
6,8,2,4,4,177
7,8,2,3,4,177
7,8,2,3,4,177
7,8,2,3,4,177
7,8,2,4,4,177
7,8,2,4,3,177
7,9,2,4,3,177
7,9,2,4,3,177
7,9,2,4,4,177
7,9,2,4,4,177
7,9,2,4,5,177
7,9,2,4,5,177
8,9,2,4,5,177
8,9,2,4,5,177
9,9,2,4,5,177
9,9,2,4,5,177
9,10,2,4,5,177
9,10,2,4,5,177
9,10,2,4,5,177
9,10,2,3,6,177
9,10,2,4,6,177
9,10,2,4,6,177
9,10,2,4,6,177
9,10,2,4,6,177
9,10,2,4,6,177
9,10,2,4,7,177
9,11,2,4,7,177
9,11,2,4,7,177
9,11,1,4,8,177
9,11,1,4,8,177
9,11,1,4,8,177
9,11,1,4,9,177
9,10,1,4,10,177
9,10,1,4,10,177
9,10,2,4,9,177
9,10,2,4,9,177
9,10,2,4,9,177
9,9,2,4,10,177
9,9,2,4,10,177
9,9,2,4,10,177
9,9,2,4,11,177
8,9,3,4,11,177
8,9,3,4,11,177
8,9,3,4,11,177
8,9,4,4,10,177
8,9,5,4,10,177
8,9,5,4,10,177
8,9,5,4,10,177
8,9,5,4,11,177
8,9,5,4,11,177
8,9,5,4,11,177
8,9,6,4,11,177
8,9,6,4,11,177
8,9,6,4,11,177
8,9,6,4,11,177
8,9,6,4,11,177
8,9,6,4,11,177
8,9,6,4,11,177
8,9,6,4,11,177
8,9,6,4,11,177
8,9,6,4,12,177
8,9,6,4,12,177
8,9,6,4,12,177
0,0,0,0,0,178
0,0,0,0,1,178
1,0,0,0,1,178
1,0,1,0,1,178
1,0,1,0,2,178
1,0,1,1,2,178
1,1,1,1,2,178
1,1,1,1,2,178
1,1,1,1,2,178
1,1,1,1,3,178
1,1,1,1,3,178
1,1,1,1,3,178
1,1,1,1,3,178
2,1,1,1,3,178
2,1,1,1,3,178
2,1,1,0,4,178
3,1,1,0,4,178
3,1,1,1,4,178
3,1,1,1,4,178
3,1,1,1,4,178
3,1,1,1,4,178
3,1,1,1,4,178
3,1,1,2,4,178
3,1,1,2,4,178
3,1,1,2,4,178
4,1,1,2,4,178
4,1,1,2,4,178
4,1,1,2,4,178
4,1,1,2,4,178
5,1,1,2,4,178
5,1,1,2,4,178
5,1,1,2,4,178
5,1,1,2,4,178
5,2,1,2,4,178
5,2,1,2,5,178
5,2,1,2,5,178
5,2,1,2,6,178
5,2,1,2,6,178
5,2,1,2,7,178
5,2,1,3,6,178
5,2,1,3,6,178
5,2,1,3,6,178
5,2,1,3,7,178
5,2,1,3,7,178
4,2,1,3,8,178
4,2,1,3,8,178
4,3,1,3,8,178
4,3,1,3,8,178
4,3,1,3,8,178
4,4,1,3,8,178
4,4,1,3,8,178
4,5,1,3,8,178
4,5,1,3,8,178
4,5,1,3,8,178
4,5,1,4,8,178
4,5,1,4,8,178
4,5,1,4,8,178
4,5,1,4,8,178
4,5,1,4,8,178
4,5,1,4,8,178
4,5,1,4,8,178
5,5,1,4,8,178
5,5,1,4,8,178
5,5,1,4,8,178
5,5,1,4,8,178
5,6,1,4,8,178
5,6,1,4,8,178
5,6,1,4,8,178
5,6,1,4,8,178
5,6,1,4,8,178
5,6,1,4,8,178
5,6,1,4,8,178
5,6,1,4,8,178
5,6,1,5,8,178
5,6,1,5,8,178
5,6,1,5,8,178
5,6,1,5,8,178
5,6,1,5,8,178
5,6,1,5,8,178
5,6,1,5,8,178
5,6,1,5,9,178
5,6,1,5,9,178
5,6,1,5,9,178
5,6,1,5,9,178
5,6,1,5,10,178
5,6,1,5,10,178
5,6,1,5,10,178
5,6,1,5,10,178
5,6,1,5,10,178
5,6,1,5,10,178
5,6,1,5,10,178
5,6,1,5,10,178
5,6,1,5,10,178
5,6,1,5,10,178
5,6,1,5,10,178
5,7,1,5,9,178
5,7,1,5,9,178
5,7,1,5,10,178
5,7,1,5,10,178
5,7,1,5,10,178
0,0,0,0,0,179
0,1,0,0,0,179
0,1,1,0,0,179
0,1,1,0,0,179
0,1,1,0,1,179
1,1,1,0,1,179
1,2,0,0,1,179
1,2,0,1,1,179
1,2,0,1,2,179
1,2,0,1,3,179
1,2,0,1,3,179
1,2,0,1,3,179
1,2,1,1,3,179
1,3,1,1,3,179
1,3,1,1,3,179
1,3,1,1,3,179
2,3,1,1,3,179
2,3,1,1,3,179
2,3,1,1,3,179
2,3,1,1,3,179
2,3,1,1,3,179
2,3,1,1,3,179
2,3,1,1,3,179
2,3,1,1,3,179
2,3,1,1,3,179
2,3,1,1,3,179
2,3,1,1,3,179
2,3,1,1,3,179
2,3,1,1,3,179
2,3,1,1,3,179
2,3,1,1,3,179
2,3,1,1,3,179
2,3,1,1,3,179
2,3,1,1,3,179
2,3,1,1,3,179
2,3,1,1,3,179
2,3,1,1,3,179
2,3,1,1,3,179
2,3,1,1,3,179
2,3,1,1,3,179
3,3,1,1,3,179
3,3,1,1,3,179
3,3,1,1,3,179
3,3,1,1,3,179
3,3,1,1,3,179
3,3,1,1,3,179
3,3,1,1,3,179
3,3,1,1,3,179
3,3,1,1,3,179
3,3,1,1,3,179
3,3,1,1,3,179
3,3,1,1,3,179
3,3,1,1,3,179
3,3,1,1,3,179
3,3,1,1,3,179
3,3,1,1,3,179
3,3,1,1,3,179
3,3,1,1,3,179
3,3,1,1,3,179
3,3,1,1,3,179
3,3,1,1,3,179
3,3,1,1,3,179
3,3,1,1,3,179
3,3,1,1,3,179
3,3,1,1,3,179
3,3,1,1,3,179
3,3,1,1,3,179
3,3,1,1,3,179
3,3,1,1,3,179
3,3,1,1,3,179
3,3,1,1,3,179
3,3,1,1,3,179
3,3,1,1,3,179
2,3,1,1,4,179
2,3,1,1,4,179
2,3,1,1,4,179
2,3,1,1,4,179
2,3,1,1,4,179
2,3,1,1,4,179
2,3,1,1,4,179
2,3,1,1,4,179
2,3,1,1,4,179
2,3,1,1,4,179
2,3,1,1,4,179
2,3,1,1,4,179
2,3,1,1,4,179
2,3,1,1,4,179
2,3,2,1,4,179
2,3,2,1,4,179
2,3,2,1,4,179
2,3,2,1,4,179
3,3,2,1,4,179
3,3,2,1,4,179
3,3,2,1,4,179
3,3,2,1,4,179
3,3,2,1,5,179
3,3,2,1,5,179
3,3,2,1,5,179
3,2,3,1,5,179
3,3,3,1,5,179
0,0,0,0,0,180
0,0,0,1,0,180
0,0,1,1,0,180
0,0,0,1,0,180
1,0,0,1,0,180
1,0,0,1,0,180
1,0,0,1,0,180
1,1,0,1,0,180
1,1,0,1,0,180
1,1,0,1,1,180
2,1,0,0,1,180
2,1,0,0,2,180
2,1,0,0,2,180
2,1,0,0,2,180
2,1,0,0,2,180
2,1,0,0,2,180
2,1,0,0,2,180
2,1,0,0,2,180
2,1,0,0,2,180
2,1,0,0,2,180
1,1,0,0,2,180
1,1,0,0,2,180
1,1,0,0,2,180
1,1,0,0,2,180
1,1,0,0,2,180
1,1,0,0,2,180
1,1,0,0,2,180
1,1,0,0,2,180
1,1,0,0,2,180
1,1,0,0,2,180
1,1,0,0,2,180
1,1,0,0,2,180
1,1,0,0,2,180
1,1,0,0,2,180
1,1,0,0,2,180
1,1,0,0,2,180
1,1,0,0,2,180
1,1,0,0,2,180
1,1,0,0,2,180
1,1,0,0,2,180
1,1,0,0,2,180
1,1,0,0,2,180
1,1,0,0,2,180
1,1,0,0,2,180
1,1,0,0,2,180
1,1,0,0,2,180
1,1,0,0,2,180
1,1,0,0,2,180
1,1,0,0,2,180
1,1,0,0,2,180
1,1,0,0,2,180
1,1,0,0,2,180
1,1,0,0,2,180
1,1,0,0,2,180
1,1,0,0,2,180
1,1,0,0,2,180
1,1,0,0,2,180
1,1,0,0,2,180
1,1,0,0,2,180
1,1,0,0,2,180
1,1,0,0,2,180
1,1,0,0,2,180
1,1,0,0,2,180
1,1,0,0,2,180
1,1,0,0,2,180
1,1,0,0,2,180
1,1,0,0,2,180
1,1,0,0,2,180
1,1,0,0,2,180
1,1,0,0,2,180
1,1,0,0,2,180
1,1,0,0,2,180
1,1,0,0,2,180
1,1,0,0,2,180
1,1,0,0,2,180
1,1,0,0,2,180
1,1,0,0,2,180
1,1,0,0,2,180
1,1,0,0,2,180
1,1,0,0,2,180
1,1,0,0,2,180
1,1,0,0,2,180
1,1,0,0,2,180
1,1,0,0,2,180
1,1,0,0,2,180
1,1,0,0,2,180
1,1,0,0,2,180
1,1,0,0,2,180
1,1,0,0,2,180
1,1,0,0,2,180
1,1,0,0,2,180
1,1,0,0,2,180
1,1,0,0,2,180
1,1,0,0,2,180
1,1,0,0,2,180
1,1,0,0,2,180
1,1,0,0,2,180
1,1,0,0,2,180
1,1,0,0,2,180
1,1,0,0,2,180
0,0,0,0,0,181
0,0,1,0,0,181
0,0,1,1,0,181
0,0,1,1,1,181
0,1,1,1,1,181
1,1,1,1,1,181
1,2,1,1,1,181
1,2,1,1,1,181
1,2,1,1,1,181
2,2,1,1,1,181
3,2,1,1,1,181
3,2,1,1,1,181
3,2,1,1,1,181
3,2,1,1,1,181
3,2,1,1,1,181
3,2,1,1,1,181
2,2,1,1,1,181
2,2,1,1,1,181
2,2,1,1,1,181
2,2,1,1,2,181
2,2,1,1,2,181
2,2,1,1,3,181
2,2,2,1,3,181
2,2,2,1,3,181
2,2,2,1,3,181
2,2,2,1,3,181
2,2,2,1,3,181
2,2,2,1,3,181
2,2,2,1,4,181
2,2,2,1,4,181
2,2,2,1,4,181
2,2,2,1,4,181
2,2,2,1,4,181
2,2,3,1,4,181
2,2,3,1,4,181
2,2,3,1,4,181
2,2,3,1,4,181
2,2,3,1,4,181
2,2,2,1,4,181
2,2,2,1,4,181
2,2,2,1,4,181
2,2,2,1,4,181
2,2,2,1,4,181
2,2,2,1,4,181
2,2,2,1,4,181
2,2,2,1,4,181
2,1,2,1,5,181
2,1,2,1,5,181
2,1,2,1,5,181
2,1,2,1,5,181
2,1,2,1,5,181
2,1,2,1,5,181
2,1,2,1,5,181
2,1,2,1,5,181
2,2,2,1,5,181
2,2,2,1,5,181
3,2,2,1,5,181
3,2,2,1,5,181
3,2,2,1,5,181
3,2,2,1,5,181
3,2,2,1,5,181
3,2,2,1,5,181
3,3,2,1,5,181
3,3,2,1,5,181
3,3,2,1,5,181
3,3,2,1,5,181
3,3,2,1,5,181
3,3,3,1,5,181
3,3,3,1,5,181
3,3,3,1,5,181
3,3,3,1,5,181
3,3,3,1,5,181
3,3,3,1,5,181
3,3,3,1,5,181
3,3,3,1,5,181
3,3,3,1,5,181
3,3,3,1,5,181
3,3,4,1,5,181
3,3,4,1,5,181
3,3,4,1,5,181
3,3,4,1,5,181
3,3,4,1,5,181
3,3,4,1,5,181
3,3,4,1,5,181
3,3,4,1,5,181
3,3,4,1,5,181
3,3,4,1,5,181
3,3,4,1,5,181
3,3,4,2,5,181
3,3,4,2,5,181
3,3,4,2,5,181
3,3,4,2,5,181
3,3,4,2,5,181
3,3,4,2,5,181
3,3,4,2,5,181
3,3,4,2,5,181
3,3,4,2,5,181
3,3,4,2,5,181
3,3,4,2,5,181
3,3,4,2,5,181
0,0,0,0,0,182
0,0,1,0,0,182
1,0,1,0,0,182
2,0,1,0,0,182
2,0,1,1,0,182
2,0,1,1,0,182
2,1,1,1,0,182
2,1,1,1,0,182
3,1,1,1,0,182
3,2,1,1,0,182
3,2,1,1,0,182
3,2,1,2,0,182
3,2,1,2,0,182
3,2,1,2,0,182
4,2,1,2,0,182
4,3,1,2,0,182
4,3,1,2,0,182
4,3,1,2,1,182
4,3,1,2,1,182
4,3,1,2,2,182
4,4,1,2,2,182
4,5,1,2,2,182
4,5,1,2,2,182
4,5,1,3,2,182
4,5,1,3,3,182
3,5,1,4,3,182
2,5,1,4,3,182
2,6,1,4,3,182
3,6,1,4,3,182
3,6,1,4,3,182
3,6,1,4,3,182
4,6,1,4,3,182
5,5,1,4,3,182
5,5,1,4,3,182
5,5,1,4,4,182
5,5,1,4,4,182
5,5,1,4,4,182
5,5,1,5,4,182
5,5,1,5,4,182
5,5,1,5,4,182
5,5,1,5,5,182
6,5,1,5,5,182
6,5,1,5,5,182
6,5,1,5,5,182
6,5,1,5,6,182
6,5,1,5,6,182
7,4,1,5,6,182
7,4,1,5,6,182
7,4,1,5,6,182
7,4,1,5,7,182
7,5,1,4,7,182
7,5,1,4,7,182
7,5,1,4,7,182
7,5,1,4,7,182
7,5,1,4,7,182
7,5,1,4,7,182
7,5,1,4,7,182
7,5,2,4,7,182
7,5,2,4,7,182
7,5,2,5,7,182
6,5,2,5,8,182
6,5,2,5,8,182
6,5,2,5,8,182
6,5,3,4,8,182
6,6,3,4,7,182
6,6,3,4,7,182
6,6,3,5,7,182
7,6,3,5,7,182
7,7,3,5,7,182
7,7,3,5,7,182
8,7,3,5,7,182
8,7,3,5,7,182
8,7,3,5,7,182
9,7,3,5,7,182
9,7,3,5,7,182
9,7,3,6,6,182
9,7,3,6,6,182
10,7,3,6,6,182
9,7,3,6,6,182
9,8,3,6,6,182
10,8,2,6,6,182
10,8,3,6,6,182
10,8,3,6,6,182
10,8,3,7,6,182
11,8,3,7,6,182
11,8,3,7,7,182
10,8,4,7,7,182
10,8,4,7,7,182
9,8,4,7,7,182
9,8,4,7,8,182
9,8,4,7,8,182
8,8,4,7,9,182
8,8,4,8,9,182
8,8,5,8,9,182
9,7,5,8,9,182
9,7,5,8,10,182
9,7,5,8,11,182
9,7,5,7,11,182
9,7,5,8,11,182
9,7,5,8,10,182
0,0,0,0,0,183
0,1,0,0,0,183
0,1,0,0,1,183
0,1,0,0,2,183
0,1,0,0,2,183
0,2,0,0,2,183
0,2,0,1,2,183
0,2,1,1,2,183
0,2,1,1,2,183
0,2,1,1,2,183
0,2,1,1,2,183
0,2,1,1,2,183
0,2,1,1,3,183
0,2,1,1,3,183
0,2,1,1,3,183
0,2,1,1,3,183
0,2,1,1,3,183
0,2,1,1,3,183
1,2,1,1,3,183
1,2,1,1,4,183
0,2,1,1,5,183
0,2,1,1,5,183
0,2,1,1,5,183
0,2,1,1,5,183
0,2,1,1,5,183
0,2,1,1,5,183
0,2,1,1,5,183
1,2,1,1,5,183
1,2,1,1,5,183
2,2,1,1,5,183
2,3,1,1,5,183
2,3,1,1,5,183
2,3,1,1,5,183
2,3,1,1,5,183
2,4,1,1,5,183
2,4,1,1,5,183
2,4,1,1,5,183
2,4,1,1,5,183
2,4,1,1,5,183
2,4,1,1,5,183
2,4,1,1,5,183
2,4,1,1,5,183
3,4,1,1,5,183
3,4,2,1,5,183
3,4,2,1,5,183
3,4,2,1,5,183
3,4,2,1,5,183
3,4,2,1,5,183
3,4,2,1,5,183
3,4,2,1,5,183
3,4,2,1,5,183
3,4,2,1,5,183
2,4,2,1,5,183
2,4,2,1,5,183
2,4,2,1,6,183
2,4,2,1,6,183
2,4,2,1,6,183
2,4,2,1,6,183
2,4,2,1,6,183
2,4,2,1,6,183
2,3,2,1,6,183
2,3,2,1,6,183
2,3,2,1,6,183
2,3,2,1,7,183
2,3,2,1,7,183
2,3,2,1,7,183
2,3,2,1,7,183
2,3,2,1,7,183
2,3,2,1,7,183
2,3,2,1,7,183
2,4,2,1,7,183
2,4,2,1,7,183
2,4,2,1,7,183
2,4,2,1,7,183
2,4,2,1,7,183
2,4,2,1,7,183
3,4,2,1,7,183
3,4,2,1,7,183
3,4,2,1,7,183
3,4,2,1,7,183
3,4,3,1,7,183
3,4,3,1,7,183
3,4,3,1,7,183
3,4,3,1,7,183
3,4,3,1,7,183
3,4,3,1,7,183
3,4,3,1,7,183
4,4,3,1,7,183
4,4,3,2,7,183
4,4,3,2,7,183
4,4,3,2,7,183
4,4,3,2,7,183
3,4,3,3,7,183
3,4,3,3,7,183
3,5,2,3,7,183
3,5,2,3,7,183
3,6,2,3,7,183
3,6,2,3,7,183
3,6,3,3,7,183
3,6,4,3,7,183
0,0,0,0,0,184
0,0,0,0,0,184
0,1,0,0,0,184
0,1,0,0,0,184
0,1,1,0,0,184
0,2,1,0,0,184
0,2,1,1,0,184
0,2,1,1,1,184
1,1,1,1,1,184
1,2,1,1,1,184
1,2,1,1,1,184
1,2,2,1,1,184
2,2,2,1,1,184
2,2,2,1,1,184
2,2,2,1,1,184
2,2,2,1,1,184
2,2,2,1,1,184
2,2,2,1,1,184
2,2,2,1,1,184
2,2,2,1,1,184
2,2,2,1,2,184
2,2,2,1,2,184
2,2,2,1,2,184
2,2,2,1,2,184
2,2,2,1,2,184
2,2,2,1,2,184
2,2,2,1,2,184
2,2,2,1,2,184
2,2,2,1,2,184
2,2,2,1,2,184
2,2,2,1,2,184
2,2,2,1,2,184
2,2,2,1,2,184
2,2,2,1,2,184
2,2,2,1,2,184
2,2,2,1,2,184
2,2,2,1,2,184
2,2,2,1,2,184
2,2,2,1,2,184
2,2,2,1,2,184
2,2,2,1,2,184
2,2,2,1,2,184
2,2,2,1,2,184
2,2,2,1,2,184
2,2,2,1,2,184
2,2,2,1,2,184
2,2,2,1,2,184
2,2,2,1,2,184
2,2,2,1,2,184
2,2,2,1,2,184
2,2,2,1,2,184
2,2,2,1,2,184
2,2,2,1,2,184
2,2,2,1,2,184
2,2,2,1,2,184
2,2,2,1,2,184
2,2,2,1,2,184
2,2,2,1,2,184
2,2,2,1,2,184
2,2,2,1,2,184
2,2,2,1,2,184
2,2,2,1,2,184
2,2,2,1,2,184
2,2,2,1,2,184
2,2,2,1,2,184
2,2,2,1,2,184
2,2,2,1,2,184
2,2,2,1,2,184
2,2,2,1,2,184
2,2,2,1,2,184
2,2,2,1,2,184
2,2,2,1,2,184
2,2,2,1,2,184
2,2,2,1,2,184
2,2,2,1,2,184
2,2,2,1,2,184
2,2,2,1,2,184
2,2,2,1,2,184
2,2,2,1,2,184
2,2,2,1,2,184
2,2,2,1,2,184
2,2,2,1,2,184
2,2,2,1,2,184
2,2,2,1,2,184
2,2,2,1,2,184
2,2,2,1,2,184
2,2,2,1,2,184
2,2,2,1,2,184
2,2,2,1,2,184
2,2,2,1,2,184
2,2,2,1,2,184
2,2,2,1,2,184
2,2,2,1,2,184
2,2,2,1,2,184
2,2,2,1,2,184
2,2,2,1,2,184
2,2,2,1,2,184
2,2,2,1,2,184
2,2,2,1,2,184
2,2,2,1,2,184
0,0,0,0,0,185
0,0,0,0,0,185
0,0,0,0,1,185
0,1,0,0,1,185
0,1,0,0,1,185
0,1,0,1,1,185
0,1,0,1,1,185
0,1,1,1,1,185
1,1,1,1,1,185
1,1,1,1,2,185
1,1,1,1,2,185
1,1,1,1,3,185
1,1,1,1,3,185
1,1,0,1,3,185
1,1,1,1,3,185
1,1,1,1,3,185
1,1,1,1,4,185
1,1,1,1,4,185
1,1,1,1,4,185
1,1,1,1,4,185
1,1,1,1,4,185
1,1,1,1,4,185
1,1,1,1,4,185
1,1,1,1,4,185
1,1,1,0,4,185
1,1,1,0,4,185
1,1,1,0,4,185
1,1,1,0,4,185
1,1,1,0,4,185
1,1,1,0,4,185
1,1,1,0,4,185
1,1,1,0,4,185
1,1,1,0,4,185
1,1,1,0,4,185
1,1,1,0,4,185
1,1,1,0,4,185
1,1,1,0,4,185
1,1,1,0,4,185
1,1,1,0,4,185
1,1,1,0,4,185
1,1,1,0,4,185
1,1,1,0,4,185
1,1,1,0,4,185
1,1,1,0,4,185
1,1,1,0,4,185
1,1,1,0,4,185
1,1,1,0,4,185
1,1,1,0,4,185
1,1,1,0,4,185
1,1,1,0,4,185
1,1,1,0,4,185
1,1,1,0,4,185
1,1,1,0,4,185
1,1,1,0,4,185
1,1,1,0,4,185
1,1,1,0,4,185
1,1,1,0,4,185
1,1,1,0,4,185
1,1,1,0,4,185
1,1,1,0,4,185
1,1,1,0,4,185
1,1,1,0,4,185
1,1,1,0,4,185
1,1,1,0,4,185
1,1,1,0,4,185
1,1,1,0,4,185
1,1,1,0,4,185
1,1,1,0,4,185
1,1,1,0,4,185
1,1,1,0,4,185
1,1,1,0,4,185
1,1,1,0,4,185
1,1,1,0,4,185
1,1,1,0,4,185
1,1,1,0,4,185
1,1,1,0,4,185
1,1,1,0,4,185
1,1,1,0,4,185
1,1,1,0,4,185
1,1,1,0,4,185
1,1,1,0,4,185
1,1,1,0,4,185
1,1,1,0,4,185
1,1,1,0,4,185
1,1,1,0,4,185
1,1,1,0,4,185
1,1,1,0,4,185
1,1,1,0,4,185
1,1,1,0,4,185
1,1,1,0,4,185
1,1,1,0,4,185
1,1,1,0,4,185
1,1,1,0,4,185
1,1,1,0,4,185
1,1,1,0,4,185
1,1,1,0,4,185
1,1,1,0,4,185
1,1,1,0,4,185
1,1,1,0,4,185
1,1,1,0,4,185
0,0,0,0,0,186
0,0,0,0,1,186
1,0,0,0,1,186
1,0,1,0,1,186
1,0,1,0,2,186
1,1,1,0,2,186
1,1,1,0,3,186
1,1,1,0,3,186
1,1,1,1,3,186
1,1,1,1,2,186
1,2,1,1,2,186
1,2,1,1,3,186
1,2,1,1,3,186
1,2,1,1,3,186
1,2,1,1,3,186
1,2,1,1,3,186
1,2,1,1,3,186
1,2,1,1,3,186
1,2,1,1,3,186
1,2,1,1,3,186
1,2,1,1,3,186
1,2,1,1,3,186
1,2,1,1,3,186
1,2,1,1,3,186
1,2,1,1,3,186
1,2,1,1,3,186
1,2,1,1,3,186
1,2,1,1,3,186
1,2,1,1,3,186
1,2,1,1,3,186
1,2,1,1,3,186
1,2,1,1,3,186
1,2,1,1,3,186
1,2,1,1,3,186
1,2,1,1,3,186
1,2,1,1,3,186
1,2,1,1,3,186
1,2,1,1,3,186
1,2,1,1,3,186
1,2,1,1,3,186
1,2,1,1,3,186
1,2,1,1,3,186
1,2,1,1,3,186
1,2,1,1,3,186
1,2,1,1,3,186
1,2,1,1,3,186
1,2,1,1,3,186
1,2,1,1,3,186
1,2,1,1,3,186
1,2,1,1,3,186
1,2,1,1,3,186
1,2,1,1,3,186
1,2,1,1,3,186
1,2,1,0,3,186
1,2,1,0,3,186
1,2,1,0,3,186
1,2,1,0,3,186
1,2,1,0,3,186
1,2,1,0,3,186
1,2,1,0,3,186
1,2,1,0,3,186
1,2,1,0,3,186
1,2,1,0,3,186
1,2,1,0,3,186
1,2,1,0,3,186
1,2,1,0,3,186
1,2,1,0,3,186
0,2,1,0,3,186
0,2,1,0,3,186
0,2,1,0,3,186
0,2,1,0,3,186
0,2,1,0,3,186
0,2,1,0,3,186
0,2,1,0,3,186
1,2,1,0,3,186
1,2,1,0,3,186
1,2,1,0,3,186
1,2,1,0,3,186
1,2,1,0,3,186
1,2,1,0,3,186
1,2,1,0,3,186
1,2,1,0,3,186
1,2,1,0,3,186
1,2,1,0,3,186
1,2,1,0,3,186
1,2,1,0,3,186
1,2,1,0,3,186
1,2,1,0,3,186
1,2,1,0,3,186
1,2,1,0,3,186
1,2,1,0,3,186
1,2,1,0,3,186
1,2,1,0,3,186
1,2,1,0,3,186
1,2,1,0,3,186
1,2,1,0,3,186
1,2,1,0,3,186
1,2,1,0,3,186
1,2,1,0,3,186
1,2,1,0,3,186
0,0,0,0,0,187
0,1,0,0,0,187
1,1,0,0,0,187
2,1,0,0,0,187
2,1,1,0,0,187
2,1,1,1,0,187
2,1,1,1,0,187
2,1,1,1,0,187
2,1,1,1,1,187
2,2,1,1,1,187
2,2,1,1,1,187
2,2,1,1,1,187
2,2,1,1,1,187
2,3,1,1,1,187
2,3,1,1,2,187
2,4,1,1,2,187
2,4,1,1,2,187
2,4,1,1,2,187
2,4,1,1,2,187
2,4,2,1,2,187
2,4,2,1,2,187
2,4,2,1,3,187
2,4,2,1,3,187
2,4,2,2,3,187
2,4,2,2,3,187
2,4,3,2,3,187
2,4,3,2,3,187
2,4,3,2,3,187
2,4,3,2,3,187
2,4,3,2,3,187
2,4,3,2,3,187
2,4,3,2,3,187
2,4,3,2,3,187
2,4,3,2,3,187
3,4,3,2,3,187
3,4,3,2,3,187
3,4,3,2,3,187
3,4,3,2,3,187
3,4,3,2,3,187
3,4,3,2,3,187
3,4,3,2,3,187
3,4,3,2,3,187
4,4,3,2,3,187
4,4,3,2,3,187
4,4,3,2,3,187
4,4,3,2,3,187
4,4,3,2,4,187
4,4,3,2,4,187
4,4,3,2,4,187
4,4,3,2,4,187
4,4,2,2,4,187
4,4,2,2,4,187
4,4,2,2,4,187
4,4,2,2,5,187
4,4,2,2,5,187
4,4,2,2,5,187
4,4,2,2,5,187
4,4,2,2,5,187
4,4,2,2,5,187
4,4,2,2,5,187
4,4,2,2,5,187
4,4,2,2,5,187
4,4,2,2,5,187
4,4,2,2,5,187
4,4,2,2,5,187
4,4,2,2,5,187
4,4,2,2,5,187
4,4,2,2,5,187
4,4,2,2,5,187
4,5,2,2,5,187
4,5,2,2,5,187
4,5,2,2,5,187
4,5,2,2,5,187
4,5,2,2,5,187
4,5,2,2,5,187
4,5,2,2,5,187
4,5,2,2,5,187
4,5,2,2,6,187
4,5,2,2,6,187
4,5,2,2,6,187
4,5,2,2,6,187
4,5,2,2,6,187
4,5,2,2,6,187
4,5,2,2,6,187
4,5,2,2,6,187
4,5,3,2,6,187
4,5,3,2,6,187
4,5,3,2,6,187
4,5,3,2,6,187
5,5,3,2,6,187
5,5,3,2,6,187
5,5,3,2,6,187
5,5,3,2,6,187
5,5,3,2,6,187
5,5,3,2,6,187
5,5,3,2,5,187
6,5,3,2,5,187
6,5,3,2,5,187
6,5,3,2,5,187
6,6,3,2,5,187
0,0,0,0,0,188
0,0,0,1,0,188
0,0,0,1,0,188
0,0,0,1,0,188
0,0,0,1,0,188
0,0,0,1,0,188
0,0,0,1,0,188
0,0,0,1,1,188
1,0,0,1,1,188
1,1,0,1,1,188
1,1,0,1,2,188
2,1,0,1,2,188
2,1,0,1,3,188
2,1,0,1,3,188
2,1,0,1,3,188
2,2,0,1,3,188
2,2,0,1,3,188
2,2,0,1,3,188
2,2,0,2,3,188
2,2,0,2,3,188
2,2,0,2,3,188
2,2,0,2,3,188
2,2,0,2,3,188
2,2,0,2,3,188
2,2,0,2,3,188
2,2,0,2,3,188
2,2,0,2,3,188
2,2,0,2,3,188
2,2,0,2,3,188
2,2,0,2,3,188
2,2,0,2,3,188
2,2,0,2,3,188
2,2,0,2,3,188
2,2,0,2,3,188
2,2,0,2,3,188
2,2,0,2,3,188
2,2,0,2,3,188
2,2,0,2,3,188
2,2,0,2,3,188
2,2,0,2,3,188
2,2,0,2,3,188
2,2,0,2,3,188
2,2,0,2,3,188
2,2,0,2,3,188
2,2,0,2,3,188
2,2,0,2,3,188
2,2,0,2,3,188
2,2,0,2,3,188
2,2,0,2,3,188
2,2,0,2,3,188
2,2,0,2,3,188
2,2,0,2,3,188
2,2,0,2,3,188
2,2,0,2,3,188
2,2,0,2,3,188
2,2,0,2,3,188
2,2,0,2,3,188
2,2,0,2,3,188
2,2,0,2,3,188
2,2,0,2,3,188
2,2,0,2,3,188
2,2,0,2,3,188
2,2,0,2,3,188
2,2,0,2,3,188
2,2,0,2,3,188
2,2,0,2,3,188
2,2,0,2,3,188
2,2,0,2,3,188
2,2,0,2,3,188
2,2,0,2,3,188
2,2,0,2,3,188
2,2,0,2,3,188
2,2,0,2,3,188
2,2,0,2,3,188
2,2,0,2,3,188
2,2,0,2,3,188
2,2,0,2,3,188
2,2,0,2,3,188
2,2,0,2,3,188
2,2,0,2,3,188
2,2,0,2,3,188
2,2,0,2,3,188
2,2,0,2,3,188
2,2,0,2,3,188
2,2,0,2,3,188
2,2,0,2,3,188
2,2,0,2,3,188
2,2,0,2,3,188
2,2,0,2,3,188
2,2,0,2,3,188
2,2,0,2,3,188
2,2,0,2,3,188
2,2,0,2,3,188
2,2,0,2,3,188
2,2,0,2,3,188
2,2,0,2,3,188
2,2,0,2,3,188
2,2,0,2,3,188
2,2,0,2,3,188
2,2,0,2,3,188
0,0,0,0,0,189
0,0,0,0,0,189
0,1,0,0,0,189
0,1,0,0,0,189
1,1,0,0,0,189
1,2,0,0,0,189
2,2,0,0,0,189
2,2,1,0,0,189
2,2,1,1,0,189
2,3,1,1,0,189
2,3,1,1,1,189
2,3,1,1,1,189
2,3,1,1,1,189
2,3,1,1,1,189
2,3,1,1,1,189
2,3,1,1,2,189
2,3,1,1,2,189
2,3,1,1,2,189
2,3,1,1,2,189
2,3,1,1,2,189
2,3,1,1,2,189
2,3,1,1,2,189
2,3,1,1,2,189
2,3,1,1,2,189
2,3,1,1,2,189
2,3,1,1,2,189
2,3,1,1,2,189
2,3,1,1,2,189
2,3,1,1,2,189
2,3,1,1,2,189
2,3,1,1,2,189
2,3,1,1,2,189
2,3,1,1,2,189
2,3,1,1,2,189
2,3,1,1,2,189
2,3,1,1,2,189
2,3,1,1,2,189
2,3,1,1,2,189
2,3,1,1,2,189
2,3,1,1,2,189
2,3,1,1,2,189
2,3,1,1,2,189
2,3,1,1,2,189
2,3,1,1,2,189
2,3,1,1,2,189
2,3,1,1,2,189
2,3,1,1,2,189
2,3,1,1,2,189
2,3,1,1,2,189
2,3,1,1,2,189
2,3,1,1,2,189
2,3,1,1,2,189
2,3,1,1,2,189
2,3,1,1,2,189
2,3,1,1,2,189
2,3,1,1,2,189
2,3,1,1,2,189
2,3,1,1,2,189
2,3,1,1,2,189
2,3,1,1,2,189
2,3,1,1,2,189
2,3,1,1,2,189
2,3,1,1,2,189
2,3,1,1,2,189
2,3,1,1,2,189
2,3,1,1,2,189
2,3,1,1,2,189
2,3,1,1,2,189
2,3,1,1,2,189
2,3,1,1,2,189
2,3,1,1,2,189
2,3,1,1,2,189
2,3,1,1,2,189
2,3,1,1,2,189
2,3,1,1,2,189
2,3,1,1,2,189
2,3,1,1,2,189
2,3,1,1,2,189
2,3,1,1,2,189
2,3,1,1,2,189
2,3,1,1,2,189
2,3,1,1,2,189
2,3,1,1,2,189
2,3,1,1,2,189
2,3,1,1,2,189
2,3,1,1,2,189
2,3,1,1,2,189
2,3,1,1,2,189
2,3,1,1,2,189
2,3,1,1,2,189
2,3,1,1,2,189
2,3,2,1,2,189
2,3,2,1,2,189
2,3,2,1,2,189
2,3,2,1,2,189
2,3,2,1,2,189
2,3,3,1,1,189
2,3,3,1,2,189
2,3,3,1,2,189
2,3,2,1,2,189
0,0,0,0,0,190
0,0,0,0,0,190
0,0,0,0,1,190
0,0,1,0,1,190
0,0,1,0,1,190
0,0,1,0,1,190
0,0,1,0,2,190
0,0,1,0,3,190
0,0,1,1,3,190
0,0,1,1,4,190
0,0,1,1,4,190
0,0,1,1,4,190
0,0,1,1,4,190
0,0,1,1,4,190
0,0,1,1,4,190
0,0,1,1,4,190
0,0,1,1,4,190
0,0,1,1,4,190
0,0,0,0,0,191
0,0,0,0,0,191
0,0,0,0,1,191
0,1,0,0,1,191
1,1,0,0,1,191
1,1,0,1,1,191
1,1,0,1,1,191
1,1,0,1,1,191
1,2,0,1,1,191
1,2,0,1,1,191
2,1,0,1,1,191
2,2,0,1,1,191
2,2,0,1,1,191
2,2,0,1,1,191
2,2,0,1,1,191
2,3,0,1,1,191
2,3,0,1,1,191
2,3,0,1,1,191
2,3,0,1,1,191
2,3,0,1,1,191
2,3,0,1,1,191
2,3,0,1,1,191
2,3,0,1,1,191
2,3,0,1,1,191
2,3,0,1,1,191
2,3,0,1,1,191
2,3,0,1,1,191
2,3,0,1,1,191
2,3,0,1,1,191
2,3,0,1,1,191
2,3,0,1,1,191
2,3,0,1,1,191
2,3,0,1,1,191
2,3,0,1,1,191
2,3,0,1,1,191
2,3,0,1,1,191
2,3,0,1,1,191
2,3,0,1,1,191
2,3,0,1,1,191
2,3,0,1,1,191
2,3,0,1,1,191
2,3,0,1,1,191
2,3,0,1,1,191
2,3,0,1,1,191
2,3,0,1,1,191
2,3,0,1,1,191
2,3,0,1,1,191
2,3,0,1,1,191
2,3,0,1,1,191
2,3,0,1,1,191
2,3,0,1,1,191
2,3,0,1,1,191
2,3,0,1,1,191
2,3,0,0,1,191
2,3,0,0,1,191
2,3,0,0,1,191
2,3,0,0,1,191
2,3,0,0,1,191
2,3,0,0,1,191
2,3,0,0,1,191
2,3,0,0,1,191
2,3,0,0,1,191
2,3,0,0,1,191
2,3,0,0,1,191
2,3,0,0,1,191
2,3,0,0,1,191
2,3,0,0,1,191
2,3,0,0,1,191
2,3,0,0,1,191
2,3,0,0,1,191
2,3,0,0,1,191
2,3,0,0,1,191
2,3,0,0,1,191
2,3,0,0,1,191
2,3,0,0,1,191
2,3,0,0,1,191
2,3,0,0,1,191
2,3,0,0,1,191
2,3,0,0,1,191
2,3,0,0,1,191
2,3,0,0,1,191
2,3,0,0,1,191
2,3,0,0,1,191
2,3,0,0,1,191
2,2,0,0,1,191
2,2,0,0,1,191
2,2,0,0,1,191
2,2,0,0,1,191
2,2,0,0,1,191
2,2,0,0,1,191
2,2,0,0,1,191
2,2,0,0,1,191
2,2,0,0,1,191
2,2,0,0,1,191
2,2,0,0,1,191
2,2,0,0,1,191
2,2,0,0,1,191
2,2,0,0,1,191
2,2,0,0,1,191
2,2,0,0,1,191
0,0,0,0,0,192
0,0,0,1,0,192
0,0,1,1,0,192
0,0,1,1,0,192
0,0,1,1,1,192
0,0,1,1,1,192
0,0,1,1,1,192
1,0,1,1,1,192
1,0,1,1,1,192
1,0,1,1,1,192
1,0,1,1,1,192
1,0,1,1,1,192
1,0,1,1,1,192
1,0,1,1,2,192
1,0,1,1,3,192
1,0,1,1,3,192
1,0,1,1,3,192
1,0,1,1,3,192
1,0,1,1,3,192
1,0,1,1,3,192
0,0,0,0,0,193
0,0,0,0,1,193
0,0,0,0,2,193
0,0,0,1,2,193
0,0,0,1,2,193
1,0,0,1,2,193
1,0,0,1,2,193
2,0,0,1,2,193
2,1,0,1,2,193
3,1,0,1,2,193
3,1,0,1,2,193
3,1,0,1,2,193
3,1,0,1,2,193
3,1,0,1,2,193
3,1,0,1,2,193
3,2,0,1,2,193
3,2,0,1,2,193
3,2,0,1,2,193
3,2,0,1,2,193
3,2,0,1,2,193
3,2,0,1,2,193
3,2,0,1,2,193
3,2,0,1,2,193
3,2,0,1,2,193
3,2,0,1,2,193
3,2,0,1,2,193
3,2,0,1,2,193
3,2,0,1,2,193
3,2,0,1,2,193
3,2,0,1,2,193
3,2,0,1,2,193
3,2,0,1,2,193
3,2,0,1,2,193
3,2,0,1,2,193
3,2,0,1,2,193
3,2,0,1,2,193
3,2,0,1,2,193
3,2,0,1,2,193
3,2,0,1,2,193
3,2,0,1,2,193
3,2,0,1,2,193
3,2,0,1,2,193
3,2,0,1,2,193
3,2,0,1,2,193
3,2,0,1,2,193
3,2,0,1,2,193
3,2,0,1,2,193
3,2,0,1,2,193
3,2,0,1,2,193
3,2,0,1,2,193
3,2,0,1,2,193
3,2,0,1,2,193
3,2,0,1,2,193
3,2,0,1,2,193
3,2,0,1,2,193
3,2,0,1,2,193
3,2,0,1,2,193
3,2,0,1,2,193
3,2,0,1,2,193
3,2,0,1,2,193
3,2,0,1,2,193
3,2,0,1,2,193
3,2,0,1,2,193
3,2,0,1,2,193
3,2,0,1,2,193
3,2,0,1,2,193
3,2,0,1,2,193
3,2,0,1,2,193
3,2,0,1,2,193
3,2,0,1,2,193
3,2,0,1,2,193
3,2,0,1,2,193
3,2,0,1,2,193
3,2,0,1,2,193
3,2,0,1,2,193
3,2,0,1,2,193
3,2,0,1,2,193
3,2,0,1,2,193
3,2,0,1,2,193
3,2,0,1,2,193
3,2,0,1,2,193
3,2,0,1,2,193
3,2,0,1,2,193
3,2,0,1,2,193
3,2,0,1,2,193
3,2,0,1,2,193
3,2,0,1,2,193
3,2,0,1,2,193
3,2,0,1,2,193
3,2,0,1,2,193
3,2,0,1,2,193
3,2,0,1,2,193
3,2,0,1,2,193
3,2,0,1,2,193
3,2,0,1,2,193
3,2,0,1,2,193
3,2,0,1,2,193
3,2,0,1,2,193
3,2,0,1,2,193
3,2,0,1,2,193
0,0,0,0,0,194
1,0,0,0,0,194
2,0,0,0,0,194
2,0,1,0,0,194
2,0,1,0,1,194
3,0,1,0,1,194
3,0,1,0,1,194
3,0,1,0,1,194
3,0,1,0,1,194
3,0,1,0,1,194
3,0,1,0,1,194
3,0,1,0,1,194
3,0,1,0,1,194
3,0,1,0,2,194
3,1,1,0,2,194
3,1,1,0,2,194
3,1,1,0,2,194
0,0,0,0,0,195
0,0,1,0,0,195
1,0,1,0,0,195
1,0,1,0,0,195
1,0,1,0,0,195
1,0,1,1,0,195
1,0,1,1,0,195
1,0,1,1,0,195
1,0,1,1,0,195
2,0,1,1,0,195
2,0,1,1,0,195
2,0,1,1,0,195
2,0,1,1,0,195
2,0,1,1,0,195
2,0,1,1,1,195
0,0,0,0,0,196
1,0,0,0,0,196
1,0,1,0,0,196
1,0,1,0,0,196
2,0,1,0,0,196
2,1,1,0,0,196
3,1,1,0,0,196
3,1,1,0,0,196
3,1,1,0,0,196
3,1,1,0,0,196
3,1,1,0,0,196
3,1,1,0,0,196
3,2,1,0,0,196
3,2,1,0,0,196
3,3,1,0,0,196
3,3,1,0,0,196
3,3,1,0,0,196
3,3,1,0,0,196
3,3,1,0,0,196
3,3,1,0,0,196
3,3,1,0,0,196
3,3,1,0,0,196
3,3,1,0,0,196
3,3,1,0,0,196
3,3,1,0,0,196
3,3,1,0,0,196
3,3,1,0,0,196
3,3,1,0,0,196
3,3,1,0,0,196
3,3,1,0,0,196
3,3,1,0,0,196
3,3,1,0,0,196
3,3,1,0,0,196
3,3,1,0,0,196
3,3,1,0,0,196
3,3,1,0,0,196
3,3,1,0,0,196
3,3,1,0,0,196
3,3,1,0,0,196
3,3,1,0,0,196
3,3,1,0,0,196
3,3,1,0,0,196
3,3,1,0,0,196
3,3,1,0,0,196
3,3,1,0,0,196
3,3,1,0,0,196
3,3,1,0,0,196
3,3,1,0,0,196
3,3,1,0,0,196
3,3,1,0,0,196
3,3,1,0,0,196
3,3,1,0,0,196
3,3,1,0,0,196
3,3,1,0,0,196
3,3,1,0,0,196
3,3,1,0,0,196
3,3,1,0,0,196
3,3,1,0,0,196
3,3,1,0,0,196
3,3,1,0,0,196
3,3,1,0,0,196
3,3,1,0,0,196
3,3,1,0,0,196
3,3,1,0,0,196
3,3,1,0,0,196
3,3,1,0,0,196
3,3,1,0,0,196
3,3,1,0,0,196
3,3,1,0,0,196
3,3,1,0,0,196
3,3,1,0,0,196
3,3,1,0,0,196
3,3,1,0,0,196
3,3,1,0,0,196
3,3,1,0,0,196
3,3,1,0,0,196
3,3,1,0,0,196
3,3,1,0,0,196
3,3,1,0,0,196
3,3,1,0,0,196
3,3,1,0,0,196
3,3,1,0,0,196
3,3,1,0,0,196
3,3,1,0,0,196
3,3,1,0,0,196
3,3,1,0,0,196
3,3,1,0,0,196
3,3,1,0,0,196
3,3,1,0,0,196
3,3,1,0,0,196
3,3,1,0,0,196
3,3,1,0,0,196
3,3,1,0,0,196
3,3,1,0,0,196
3,3,0,0,0,196
3,3,0,0,0,196
3,3,0,0,0,196
3,3,0,0,0,196
3,3,0,0,0,196
3,3,0,0,0,196
0,0,0,0,0,197
0,1,0,0,0,197
0,1,0,0,0,197
0,2,0,0,0,197
0,2,0,0,1,197
1,2,0,0,1,197
1,2,0,0,1,197
1,3,0,0,1,197
1,3,0,1,1,197
1,3,0,1,2,197
1,3,0,1,2,197
1,3,0,1,2,197
1,3,0,1,2,197
1,3,0,1,3,197
2,3,0,1,3,197
2,3,0,1,3,197
2,3,0,1,3,197
2,3,0,1,3,197
2,3,0,1,3,197
2,3,0,1,3,197
2,3,0,1,3,197
2,2,0,1,3,197
2,2,0,1,3,197
2,2,0,1,3,197
2,2,0,1,3,197
2,2,0,1,3,197
2,2,0,1,3,197
2,2,0,1,3,197
2,2,0,1,3,197
2,2,0,1,3,197
2,2,0,1,3,197
2,2,0,1,3,197
2,2,0,1,3,197
2,2,0,1,3,197
2,2,0,1,3,197
2,2,0,1,3,197
2,2,0,1,3,197
2,2,0,1,3,197
2,2,0,1,3,197
2,2,0,1,3,197
2,2,0,1,3,197
2,2,0,1,3,197
2,2,0,1,3,197
2,2,0,1,3,197
2,2,0,1,3,197
2,2,0,1,3,197
2,2,0,1,3,197
2,2,0,1,3,197
2,2,0,1,3,197
2,2,0,1,3,197
2,2,0,1,3,197
2,2,0,1,3,197
2,2,0,1,3,197
2,2,0,1,3,197
2,2,0,1,3,197
2,2,0,1,3,197
2,2,0,1,3,197
2,2,0,1,3,197
2,2,0,1,3,197
2,2,0,1,3,197
2,2,0,1,3,197
2,2,0,1,3,197
2,2,0,1,3,197
2,2,0,1,3,197
2,2,0,1,3,197
2,2,0,1,3,197
2,2,0,1,3,197
2,2,0,1,3,197
2,2,0,1,3,197
2,2,0,1,3,197
2,2,0,1,3,197
2,2,0,1,3,197
2,2,0,1,3,197
2,2,0,1,3,197
2,2,0,1,3,197
2,2,0,1,3,197
2,2,0,1,3,197
2,2,0,1,3,197
2,2,0,1,3,197
2,2,0,1,3,197
2,2,0,1,3,197
2,2,0,1,3,197
2,2,0,1,3,197
2,2,0,1,3,197
2,2,0,1,3,197
2,2,0,1,3,197
2,2,0,1,3,197
2,2,0,1,3,197
2,2,0,1,3,197
2,2,0,1,3,197
2,2,0,1,3,197
2,2,0,1,3,197
2,2,0,1,3,197
2,2,0,1,3,197
2,2,0,1,3,197
2,2,0,1,3,197
2,2,0,1,3,197
2,2,0,1,3,197
2,2,0,1,3,197
2,2,0,1,3,197
0,0,0,0,0,198
0,0,0,0,0,198
1,0,0,0,0,198
2,0,0,0,0,198
2,0,1,0,0,198
2,0,1,1,0,198
2,1,1,1,0,198
3,1,1,1,0,198
3,1,1,1,0,198
4,1,1,1,0,198
4,1,1,1,1,198
4,1,2,1,1,198
4,1,2,1,1,198
3,1,2,2,1,198
3,1,3,2,1,198
3,1,3,2,2,198
3,1,3,2,3,198
3,1,3,2,4,198
3,1,3,2,4,198
3,1,3,2,5,198
3,1,3,3,5,198
4,1,3,3,5,198
4,1,3,3,6,198
4,1,3,4,6,198
4,1,3,5,6,198
4,1,3,5,7,198
5,1,3,5,7,198
5,1,3,5,7,198
6,1,3,5,7,198
6,1,4,5,7,198
6,2,4,5,7,198
6,3,4,5,7,198
7,3,4,5,7,198
8,3,4,5,7,198
8,3,4,5,7,198
8,3,5,5,7,198
9,3,5,5,6,198
9,4,5,5,6,198
9,4,5,6,6,198
9,5,5,6,6,198
10,5,5,6,6,198
10,5,5,7,6,198
10,5,5,6,7,198
10,6,5,6,7,198
10,6,5,6,7,198
11,6,5,6,7,198
11,6,6,6,7,198
12,6,6,6,7,198
12,6,6,6,7,198
12,6,6,7,7,198
12,6,6,7,7,198
11,6,6,7,8,198
11,6,6,7,8,198
11,6,6,7,8,198
12,6,6,7,7,198
12,6,6,7,7,198
12,6,6,7,8,198
12,6,6,8,8,198
12,6,5,8,8,198
12,6,6,8,8,198
12,6,7,8,8,198
13,6,6,8,8,198
13,6,6,8,8,198
13,6,6,8,8,198
13,6,6,8,8,198
13,6,6,8,9,198
13,6,6,8,9,198
13,6,6,8,10,198
13,5,7,8,10,198
13,6,7,8,10,198
13,6,7,8,11,198
14,5,7,8,11,198
14,5,7,7,11,198
14,5,7,7,11,198
14,4,7,8,11,198
14,4,7,8,11,198
15,4,7,7,11,198
15,4,7,7,11,198
15,5,6,7,11,198
15,5,6,7,12,198
15,6,6,7,11,198
15,6,6,7,12,198
15,5,7,7,12,198
15,5,7,7,12,198
15,5,7,7,12,198
15,5,7,7,12,198
15,5,7,7,12,198
15,5,7,7,12,198
15,5,7,7,12,198
14,5,7,8,12,198
14,5,7,8,12,198
14,5,7,8,12,198
14,5,7,8,12,198
14,5,7,8,12,198
14,5,7,8,13,198
14,5,7,8,13,198
14,5,7,8,13,198
13,6,7,8,13,198
13,7,7,7,13,198
14,7,7,7,13,198
0,0,0,0,0,199
0,0,0,0,0,199
0,0,0,0,0,199
0,1,0,0,0,199
0,1,0,0,1,199
0,1,1,0,1,199
0,1,1,0,1,199
0,1,1,0,1,199
0,1,1,1,1,199
0,1,1,1,1,199
0,1,1,1,1,199
0,1,1,1,1,199
0,1,1,1,1,199
0,1,1,1,1,199
0,2,1,1,1,199
0,2,1,1,1,199
0,2,1,1,1,199
0,3,1,1,1,199
0,3,1,1,1,199
0,3,1,1,1,199
0,4,1,1,1,199
1,4,1,1,1,199
1,4,1,1,1,199
1,4,1,1,1,199
1,4,1,1,1,199
1,4,1,1,1,199
1,4,1,1,1,199
2,4,1,1,1,199
2,4,1,2,1,199
2,4,1,2,1,199
2,4,1,2,1,199
2,4,1,2,1,199
2,4,1,2,1,199
2,4,2,2,1,199
2,4,2,2,1,199
2,4,2,2,1,199
3,4,2,2,1,199
3,4,2,2,2,199
3,4,2,2,2,199
3,4,2,2,2,199
3,4,2,3,2,199
3,5,2,3,2,199
3,5,2,3,2,199
3,5,3,3,2,199
3,5,3,3,2,199
3,6,3,3,2,199
3,6,3,3,2,199
3,7,3,3,2,199
3,7,3,4,2,199
3,7,3,4,2,199
3,8,3,4,2,199
4,7,3,4,2,199
4,7,3,4,2,199
4,7,3,5,2,199
5,7,2,5,2,199
5,8,2,5,2,199
5,8,2,5,2,199
5,8,2,5,3,199
5,8,3,4,3,199
5,9,3,4,3,199
5,9,3,5,3,199
5,9,3,5,3,199
5,10,3,5,3,199
5,10,3,6,3,199
5,10,3,6,4,199
5,10,3,6,5,199
5,10,4,6,5,199
6,10,4,6,5,199
7,9,4,6,5,199
7,9,5,6,5,199
7,9,5,6,5,199
7,10,5,6,5,199
7,11,5,6,5,199
7,11,5,6,5,199
7,12,5,6,5,199
7,12,5,6,5,199
7,12,5,6,5,199
7,12,5,7,5,199
7,12,5,7,5,199
7,12,5,7,6,199
6,13,5,7,6,199
6,14,5,7,6,199
5,14,6,7,6,199
5,14,6,7,6,199
5,14,6,7,6,199
5,14,5,7,6,199
5,14,5,7,7,199
5,14,5,7,7,199
5,14,5,7,6,199
5,14,5,7,6,199
5,15,5,7,6,199
5,15,5,7,6,199
5,15,5,7,6,199
5,15,5,7,6,199
5,15,5,7,6,199
5,15,5,7,6,199
6,15,4,7,6,199
6,15,4,7,7,199
6,14,5,7,7,199
7,14,4,7,7,199
0,0,0,0,0,200
1,0,0,0,0,200
1,0,0,0,1,200
1,0,0,1,1,200
1,0,0,1,2,200
1,0,0,1,2,200
1,0,1,1,2,200
1,0,1,1,2,200
1,1,1,1,2,200
1,2,1,1,2,200
1,2,1,1,2,200
1,3,1,1,1,200
1,3,1,1,1,200
1,3,1,1,1,200
1,3,1,1,1,200
1,2,1,2,1,200
1,2,1,2,1,200
1,2,1,2,1,200
2,2,1,2,1,200
2,2,1,2,1,200
3,2,1,2,1,200
3,2,2,2,1,200
3,2,2,2,1,200
3,2,2,2,2,200
3,2,2,2,2,200
3,2,2,2,2,200
4,2,2,2,2,200
4,2,2,2,3,200
4,2,2,2,3,200
4,2,2,2,3,200
5,2,2,2,3,200
5,3,2,2,3,200
6,3,2,2,3,200
6,3,2,2,3,200
6,3,2,2,3,200
6,4,2,2,3,200
6,4,2,2,3,200
6,4,2,3,3,200
6,4,2,3,3,200
6,4,2,3,3,200
6,5,2,3,3,200
6,5,2,4,3,200
6,5,2,4,3,200
6,6,2,4,3,200
6,6,2,4,3,200
6,6,2,4,4,200
6,6,1,4,5,200
6,7,1,4,4,200
6,7,1,4,5,200
6,7,1,4,6,200
6,7,1,4,6,200
6,7,1,4,6,200
6,7,1,4,6,200
6,7,1,3,7,200
6,7,1,3,7,200
6,7,1,3,6,200
6,7,1,3,6,200
6,7,1,3,6,200
6,7,1,3,6,200
6,7,1,3,6,200
6,7,1,3,6,200
6,7,1,3,6,200
6,7,1,3,6,200
6,7,1,3,6,200
6,6,1,3,6,200
6,6,1,3,6,200
6,6,1,3,6,200
6,6,1,3,6,200
6,6,1,3,6,200
6,6,1,3,6,200
6,6,1,3,6,200
6,6,1,3,6,200
6,6,1,3,6,200
6,6,1,3,6,200
6,6,1,3,6,200
6,6,1,3,6,200
6,6,1,3,6,200
6,6,1,3,6,200
6,6,1,3,6,200
6,6,1,3,6,200
6,6,1,3,6,200
6,6,1,3,6,200
6,6,1,3,6,200
6,6,1,3,6,200
6,6,1,3,6,200
6,6,1,3,6,200
6,6,1,3,6,200
6,6,1,3,6,200
6,6,1,3,6,200
6,6,1,3,6,200
6,6,1,3,6,200
6,6,1,3,6,200
6,6,1,3,6,200
6,6,1,3,6,200
6,6,1,3,6,200
6,6,1,3,6,200
6,6,1,3,6,200
6,6,1,3,6,200
6,6,1,3,6,200
6,6,1,3,6,200
