Time,run_id
0.1000728384154291,1
0.1966799409280585,1
0.2942489029039251,1
0.3912325423536026,1
0.4326408351543562,1
0.5285332067739337,1
0.6234490346319073,1
0.7177580582048595,1
0.8113373122146964,1
0.904617075516628,1
0.9981349790635058,1
1.0915323948524882,1
1.870075569119304,1
3.29158531185612,1
3.3821276655457906,1
3.472406805124133,1
4.203962684240191,1
5.856240153875201,1
8.207514644231647,1
10.45819079932198,1
12.914075971212238,1
15.54700756732664,1
18.45427426297629,1
18.581786107771453,1
21.055044204213253,1
23.96716073243509,1
24.09771798398323,1
25.78202817296271,1
25.90262561477695,1
29.017941738408343,1
29.142078638636537,1
32.48964706783463,1
33.66188961428189,1
33.78948167523715,1
33.91649670058615,1
34.04226511991226,1
35.77762740111457,1
37.51329713651244,1
38.97094289693444,1
39.09717733183867,1
39.22304053879296,1
39.34867643387686,1
41.90604671068589,1
42.03342530164369,1
42.105803892601486,1
42.23318248355928,1
42.36056107451708,1
42.48785605148623,1
42.61506878975933,1
42.73723981920784,1
45.350563493074745,1
45.478452228912005,1
47.749562296621065,1
50.127133322429344,1
52.20375386224704,1
52.33417709276398,1
52.450684079084,1
52.56666824326237,1
55.08180782303532,1
56.99146494373997,1
59.05598244175633,1
59.17439575597962,1
60.67939491674622,1
60.79795998439511,1
60.920951646509344,1
62.93095688218134,1
62.994926777424986,1
63.113774579706366,1
63.23247472638148,1
65.49480621212976,1
67.81291810864465,1
67.92581303113954,1
71.62773449415224,1
73.29637939924257,1
73.41058975154417,1
73.52447720313327,1
75.66412921691196,1
75.77939025008934,1
77.22658601844566,1
78.7294341667916,1
78.8460602357413,1
78.95728842610376,1
81.95637051457422,1
85.10620395535486,1
86.31918136471765,1
86.3786229423608,1
86.4381421476032,1
86.49774019861476,1
86.61241836542146,1
86.72682989084976,1
89.03992736780899,1
91.35434544527786,1
91.40953766623394,1
91.519607514831,1
95.0144588656153,1
95.13037738272804,1
96.5782925791468,1
96.68922408738987,1
100.15170844713109,1
100.2679990536894,1
0.1000728384154291,2
0.1966799409280585,2
0.2887597219239043,2
3.163253559280472,2
3.263300730396347,2
3.362974284697609,2
3.4666895051068325,2
3.570628643529191,2
3.619802199881044,2
3.723975756232897,2
3.773926737098952,2
3.824798680288655,2
3.931800405941813,2
3.985264071412417,2
4.033068341540388,2
4.082837824608907,2
4.135891205359371,2
4.202139872757912,2
4.268388540156453,2
4.3346372075549935,2
4.400885874953534,2
4.467134542352075,2
4.533383209750616,2
4.5996318771491564,2
4.665880544547697,2
4.732129211946238,2
4.798377879344779,2
4.91962654674332,2
4.985875214141861,2
5.0521238815404015,2
5.118372548938942,2
5.184621216337483,2
5.250869883736024,2
5.317118551134564,2
5.383367218533105,2
5.449615885931646,2
5.515864553330187,2
5.637113220728727,2
5.703361888127268,2
5.769610555525809,2
5.835859222924349,2
5.95710789032289,2
6.023356557721431,2
6.089605225119971,2
6.155853892518512,2
6.222102559917053,2
6.343351227315594,2
6.409599894714135,2
6.475848562112676,2
6.542097229511216,2
6.608345896909757,2
6.674594564308298,2
6.740843231706839,2
6.86209189910538,2
6.928340566503921,2
7.049589233902461,2
7.115837901301002,2
7.237086568699542,2
7.303335236098083,2
7.369583903496624,2
7.490832570895165,2
7.557081238293706,2
7.678329905692246,2
7.799578573090788,2
7.865827240489328,2
7.932075907887869,2
7.99832457528641,2
8.06457324268495,2
8.130821910083492,2
8.197070577482034,2
8.263319244880575,2
8.329567912279117,2
8.395816579677659,2
8.5170652470762,2
8.583313914474742,2
8.649562581873283,2
8.770811249271825,2
8.837059916670366,2
8.903308584068908,2
8.96955725146745,2
9.035805918865991,2
9.157054586264533,2
9.223303253663074,2
9.289551921061616,2
9.355800588460156,2
9.4220492558587,2
9.48829792325724,2
9.554546590655782,2
9.620795258054324,2
9.687043925452866,2
9.753292592851407,2
9.874541260249948,2
9.94078992764849,2
10.007038595047032,2
10.073287262445572,2
10.139535929844117,2
10.260784597242656,2
10.382033264641198,2
10.50328193203974,2
10.56953059943828,2
0.1000728384154291,3
0.183703221430108,3
0.2672413290040941,3
0.3483576328056307,3
0.3735623267041893,3
0.4529962670551987,3
0.5341125708567352,3
0.6169477310525627,3
2.655700763736889,3
2.7473376300679893,3
4.988744786058589,3
7.60465030935876,3
7.709947733257934,3
7.759663103197738,3
7.808857167189046,3
7.857579181020185,3
7.905869895641729,3
7.953763576273843,3
8.00128944409363,3
8.103472711567804,3
8.150335354779884,3
11.146363062833473,3
14.04122952976501,3
17.28684915282372,3
21.21278910014877,3
23.851676215984646,3
26.123388884126182,3
28.90742754978445,3
28.973148362937128,3
29.038555396864645,3
29.1036671856479,3
29.16850019543292,3
29.23306915231341,3
29.297387304362392,3
29.36146663355704,3
29.425318029029423,3
29.48895143008154,3
29.600591430797408,3
29.712076821961585,3
29.823412241346418,3
29.87960205657276,3
29.93565038804803,3
30.04656112937884,3
30.10233796559625,3
30.19837870620542,3
30.239344673085743,3
30.28023696117454,3
30.32105663963013,3
30.36180474780851,3
30.40248229898864,3
30.443090272921854,3
30.53862961925917,3
30.57910127736979,3
30.61950614475065,3
30.659845104295545,3
30.70011901282125,3
30.74032870479279,3
30.780474996048746,3
30.820558680075937,3
30.86058053173476,3
30.955541303235822,3
30.99544173278265,3
31.035282542783552,3
31.075064433593088,3
31.11478809066468,3
31.154454188275867,3
31.194063378352457,3
31.23361630164438,3
31.2731135840004,3
31.312555840093427,3
31.351943665969905,3
31.3912776465004,3
31.430558359104925,3
31.469786366302305,3
31.563962211686903,3
31.60308643974715,3
31.69715957142764,3
31.736182132590347,3
31.77342285387569,3
31.81061844699436,3
31.847769318002992,3
31.88487586178237,3
31.92193846948796,3
31.958957521099386,3
34.891002504009535,3
37.98884171409669,3
41.9030188707873,3
44.42169979773754,3
47.05430202162915,3
50.21590781570698,3
53.12157643715661,3
56.0861667759187,3
59.15790800450402,3
59.22886812162671,3
59.29961028656902,3
59.37014360444695,3
59.44047645003887,3
59.51061655228021,3
59.63557106620676,3
59.76034663459405,3
0.1000728384154291,4
0.1971799409280585,4
2.603649373846977,4
2.7055063882313086,4
2.8059249922533813,4
2.9058670453764326,4
3.001729314777983,4
3.042282199118269,4
3.1373585365749723,4
3.178419323269261,4
3.2192279525138265,4
3.2597965352274305,4
3.300136072192324,4
3.3402565956152803,4
3.4351672992147333,4
3.474876632545126,4
3.5143923923410303,4
3.553721794489754,4
3.5928715370632536,4
3.628343479339016,4
3.6636835873164064,4
3.6988952472843057,4
3.788981685046089,4
3.8789459481872446,4
3.912130208317173,4
3.94518200829996,4
4.033104767654073,4
4.065901735428703,4
4.098575999591482,4
4.186130491647852,4
6.581871477518213,4
9.46638859370318,4
12.66137489895304,4
15.946123375370034,4
19.65666875842977,4
22.42567006205044,4
22.556291763515823,4
22.63269767733868,4
22.765034102559703,4
22.84351473564287,4
22.92348162634337,4
23.00557293301371,4
23.091433098695923,4
23.195737661648707,4
23.30004222460149,4
23.404346787554275,4
23.50865135050706,4
23.61295591345984,4
23.772260476412622,4
23.93156503936541,4
24.0358696023182,4
24.140174165270977,4
24.24447872822376,4
24.348783291176545,4
24.45308785412933,4
24.55739241708212,4
24.661696980034897,4
24.82100154298768,4
24.925306105940464,4
25.02961066889325,4
25.133915231846032,4
25.238219794798816,4
25.3425243577516,4
25.446828920704384,4
25.551133483657168,4
25.65543804660995,4
25.759742609562736,4
25.86404717251552,4
25.968351735468303,4
26.072656298421087,4
26.17696086137387,4
26.28126542432665,4
26.38556998727944,4
26.489874550232223,4
26.594179113185007,4
26.69848367613779,4
26.80278823909057,4
26.90709280204336,4
27.011397364996142,4
27.11570192794893,4
27.22000649090171,4
27.32431105385449,4
27.42861561680728,4
27.532920179760065,4
27.63722474271285,4
27.74152930566563,4
27.845833868618413,4
27.9501384315712,4
30.596020832086328,4
33.10131841004114,4
35.83024341471357,4
35.93921906192447,4
36.048194709135366,4
36.15717035634626,4
36.26614600355716,4
36.37512165076806,4
36.48409729797896,4
36.59307294518985,4
36.70204859240075,4
36.81102423961165,4
0.1000728384154291,5
0.1966799409280585,5
0.2930430926198407,5
0.3891736442334484,5
0.4773368390349148,5
0.5102872357642874,5
0.5980335225210586,5
0.6305837057120633,5
0.6557322461443027,5
0.6807873259114813,5
0.7547300600720394,5
0.8236487031691841,5
0.8918405920564086,5
0.9014014050536808,5
0.9062891482809065,5
0.9596734882057788,5
1.0043373007694494,5
-0.0211344220416611,5
0.1000728384154291,6
0.1416799409280584,6
0.236259717900147,6
0.2767511026562053,6
0.3640208385139549,6
0.3963823200650454,6
0.4835619633952815,6
0.5628449326316555,6
0.587219646752878,6
0.6116878209571083,6
0.6302306359569271,6
0.6449159445176561,6
0.7155693905363519,6
0.7834168361435373,6
0.847078672231241,6
0.8516215566481192,6
0.9048761572624284,6
0.949890989431246,6
0.9947272311831552,6
0.9843910435150106,6
0.9738881742517193,6
0.9632239999185044,6
0.952403563627108,6
0.9414316002214989,6
0.9303125670115192,6
0.974050667689248,6
0.962649870284899,6
0.9511139295930704,6
0.939446402334674,6
0.9276506626913984,6
0.9157299162755448,6
0.9586872110078772,6
0.9465254541421968,6
0.9892474111105044,6
0.9768557293276032,6
0.9643529314483243,6
1.0067414339567264,6
0.9940235489914856,6
0.9812014937336286,6
1.0234312504465422,6
1.019267928873255,6
1.0212619855004093,6
1.02813094583626,6
1.0902352455007571,6
1.1012955681356331,6
1.805829979565992,6
1.820521483284488,6
1.8897428383054875,6
2.657198475760474,6
2.731506930750861,6
2.8058808018388888,6
2.826120687735333,6
2.8467555158707043,6
2.8678191770734927,6
2.889351932418599,6
2.911402391356482,6
2.9340304155769488,6
2.9573115409287354,6
2.9813440759601733,6
3.0062612649920126,6
3.032254010525598,6
3.114618942228212,6
3.143881321040048,6
3.176238894549265,6
3.218326021072521,6
3.260413147595777,6
3.302500274119033,6
3.3445874006422898,6
3.4416745231422325,6
3.483761649665489,6
3.580848772165432,6
3.6779358946653744,6
3.720023021188631,6
3.762110147711887,6
3.85919727021183,6
3.901284396735086,6
3.9433715232583424,6
3.985458649781599,6
4.027545776304855,6
4.069632902828111,6
4.111720029351368,6
4.153807155874624,6
4.19589428239788,6
4.2379814089211365,6
4.280068535444393,6
4.322155661967649,6
4.364242788490905,6
4.406329915014162,6
4.448417041537418,6
4.490504168060674,6
4.532591294583931,6
4.574678421107187,6
4.616765547630443,6
4.6588526741537,6
4.700939800676956,6
4.743026927200212,6
4.840114049700155,6
4.937201172200098,6
4.979288298723354,6
5.02137542524661,6
0.1000728384154291,7
0.1966799409280585,7
0.2930430926198407,7
0.3345267320695183,7
0.4307722312742495,7
0.5283411932501162,7
0.6137358218669491,7
0.6942692965507107,7
0.7739906430482464,7
0.8509186849236088,7
1.6262958392738895,7
2.763055597269495,7
2.809250228875835,7
2.90239767807122,7
3.645117030316551,7
3.694689196371992,7
3.7992613658547,7
3.8488335319101408,7
3.8984056979655817,7
3.947977864021023,7
3.997550030076464,7
4.047122196131904,7
4.096694362187345,7
4.146266528242786,7
4.195838694298227,7
4.245410860353668,7
4.349983029836376,7
4.399555195891817,7
4.449127361947258,7
4.553699531429966,7
4.603271697485407,7
4.652843863540848,7
4.7024160295962885,7
4.751988195651729,7
4.80156036170717,7
4.851132527762611,7
4.955704697245319,7
5.00527686330076,7
5.054849029356201,7
5.159421198838909,7
5.20899336489435,7
5.258565530949791,7
5.308137697005232,7
5.3577098630606725,7
5.407282029116113,7
5.456854195171554,7
5.506426361226995,7
5.555998527282436,7
5.605570693337877,7
5.655142859393318,7
5.704715025448759,7
5.7542871915042,7
5.858859360986908,7
5.908431527042349,7
6.013003696525057,7
6.0625758625804975,7
6.112148028635938,7
6.161720194691379,7
6.21129236074682,7
6.260864526802261,7
6.310436692857702,7
6.360008858913143,7
6.464581028395851,7
6.514153194451292,7
6.563725360506733,7
6.613297526562174,7
6.662869692617615,7
6.712441858673055,7
6.817014028155763,7
6.866586194211204,7
6.916158360266645,7
6.965730526322086,7
7.015302692377527,7
7.064874858432968,7
7.114447024488409,7
7.16401919054385,7
7.213591356599291,7
7.318163526081999,7
7.367735692137439,7
7.41730785819288,7
7.521880027675588,7
7.571452193731029,7
7.62102435978647,7
7.670596525841911,7
7.720168691897352,7
7.769740857952793,7
7.819313024008234,7
7.868885190063675,7
7.918457356119116,7
7.9680295221745565,7
8.017601688229998,7
8.06717385428544,7
8.11674602034088,7
8.166318186396321,7
8.215890352451762,7
8.265462518507203,7
8.315034684562644,7
8.364606850618085,7
8.414179016673526,7
8.518751186156234,7
0.1000728384154291,8
0.1966799409280585,8
0.2942489029039251,8
0.3924639235371918,8
0.4920602110535993,8
0.5923890986481812,8
0.6387745317110992,8
0.7396038365984661,8
2.1738684964800576,8
2.276838806035588,8
2.3809248325849275,8
3.831577074291776,8
3.8959349734211663,8
3.960292872550557,8
4.024650771679948,8
4.0890086708093385,8
4.208366569640706,8
4.276224471207817,8
4.344082372774928,8
4.411940274342038,8
4.479798175909149,8
4.54765607747626,8
4.615513979043371,8
4.683371880610482,8
4.751229782177592,8
4.819087683744703,8
4.886945585311814,8
4.954803486878925,8
5.022661388446036,8
5.090519290013146,8
5.158377191580257,8
5.226235093147368,8
5.294092994714479,8
5.36195089628159,8
5.4298087978487,8
5.497666699415811,8
5.565524600982922,8
5.633382502550033,8
5.701240404117144,8
5.769098305684254,8
5.836956207251365,8
5.904814108818476,8
6.0276720103855865,8
6.095529911952697,8
6.163387813519808,8
6.231245715086919,8
6.3541036166540295,8
6.42196151822114,8
6.489819419788251,8
6.557677321355362,8
6.625535222922473,8
6.748393124489583,8
6.816251026056694,8
6.884108927623805,8
6.951966829190916,8
7.019824730758026,8
7.087682632325137,8
7.155540533892248,8
7.2783984354593585,8
7.346256337026469,8
7.41411423859358,8
7.536972140160691,8
7.604830041727801,8
7.672687943294912,8
7.740545844862023,8
7.863403746429133,8
7.931261647996244,8
7.999119549563355,8
8.066977451130466,8
8.189835352697576,8
8.312693254264687,8
8.435551155831797,8
8.503409057398908,8
8.571266958966019,8
8.63912486053313,8
8.70698276210024,8
8.774840663667351,8
8.842698565234462,8
8.965556466801573,8
9.033414368368684,8
9.101272269935794,8
9.169130171502903,8
9.291988073070016,8
9.359845974637128,8
9.427703876204236,8
9.495561777771348,8
9.61841967933846,8
9.68627758090557,8
9.80913548247268,8
9.87699338403979,8
9.944851285606902,8
10.012709187174012,8
10.080567088741123,8
10.148424990308234,8
10.216282891875345,8
10.284140793442456,8
10.351998695009566,8
10.419856596576675,8
10.487714498143788,8
10.5555723997109,8
0.1000728384154291,9
0.2151243381986281,9
0.3301758379818272,9
0.4452273377650263,9
0.5602788375482254,9
0.6753303373314244,9
0.7764024370279031,9
0.8169145741429048,9
0.9083312087621408,9
0.9988002710904794,9
1.0769422658648211,9
1.1037720189358908,9
1.1860019833709914,9
1.2686670021083075,9
1.343976152029248,9
1.42434312858841,9
1.5015569598343093,9
1.5252415751036126,9
2.6556793068464715,9
2.6884163831289727,9
2.715566734683128,9
2.747174045902105,9
2.834897070091577,9
3.5668011595424134,9
3.6110511598106334,9
3.6978116881962735,9
3.731492231499763,9
3.7664293487485367,9
5.417022271912904,9
5.523662007313581,9
5.575301743012281,9
5.626941478710981,9
5.710343501430364,9
7.138492009502263,9
7.2329961274679615,9
8.947006008487554,9
11.14755537257752,9
11.253941080432744,9
13.564568064075322,9
15.92826654658875,9
18.07531144366822,9
18.192421651345107,9
21.399216628533217,9
24.363161302071425,9
24.48796465889773,9
27.97297473768173,9
30.413899344417874,9
32.75443891066682,9
32.895616679505416,9
33.05247191942366,9
33.2093271593419,9
35.852951451919125,9
35.996690433340575,9
37.7531526598904,9
40.3991686898986,9
42.50710128502282,9
42.65134699078428,9
44.76015580315769,9
44.923054466475776,9
45.08595312979386,9
45.22652225251869,9
47.56422007523684,9
50.10193163751837,9
50.24011908996915,9
52.575544918528834,9
52.71195909269997,9
55.41432553915676,9
55.55112681672814,9
55.68737987841227,9
55.81747878755191,9
58.661649391967565,9
58.79721218890885,9
58.866355841824806,9
58.95684432036618,9
61.10033272750119,9
63.56364821440915,9
63.68385154552201,9
63.7944359237645,9
63.850048208454645,9
63.905688555756605,9
64.01625903866628,9
64.12665230951646,9
67.48339445314744,9
69.54641229830125,9
69.66334120354989,9
69.78026606313327,9
71.78938462010959,9
71.90752571992019,9
74.37014740876296,9
76.79373496941665,9
78.4695338623915,9
78.53581792286971,9
79.35037958792785,9
81.36344087294677,9
83.78918969802001,9
83.91226668826678,9
84.03517118267158,9
85.76763323120215,9
87.83653095535377,9
87.95898525587657,9
0.1000728384154291,10
0.1966799409280585,10
0.291259717900147,10
0.3844010845099767,10
0.4214267333632353,10
0.4575407744325241,10
0.4789046620159563,10
0.4941996748699959,10
0.5050263417094167,10
0.5686154452293333,10
0.633947910103124,10
0.6410580415419456,10
0.6443615083723482,10
0.6979170751898702,10
0.69043335394479,10
0.6742979239813205,10
-0.3567078161843899,10
0.1000728384154291,11
0.2151243381986281,11
0.3301758379818272,11
0.4452273377650263,11
0.5602788375482254,11
0.6753303373314244,11
0.7764024370279031,11
0.8756645748862939,11
0.9711648398425348,11
1.0014221314837328,11
1.0305637053683598,11
1.113793671469017,11
1.1952821040983332,11
1.2220736598367314,11
1.2491879081808177,11
1.2766471208823384,11
1.304476873444628,11
1.332706839545285,11
1.3613718625308904,11
1.3905134364155174,11
1.4201818128784334,11
1.5054391045196314,11
1.536364053123952,11
1.568059755127409,11
1.6006670649148356,11
1.6343900924588333,11
1.66955153036509,11
1.7067402938118874,11
1.7473947931614846,11
1.7880492925110818,11
1.828703791860679,11
1.869358291210276,11
1.965012790559873,11
2.0056672899094705,11
2.101321789259068,11
2.196976288608665,11
2.2376307879582624,11
2.27828528730786,11
2.318939786657457,11
2.359594286007054,11
2.455248785356652,11
2.495903284706249,11
2.5365577840558458,11
2.577212283405443,11
2.61786678275504,11
2.6585212821046373,11
2.7541757814542347,11
2.849830280803832,11
2.890484780153429,11
2.9311392795030264,11
2.971793778852624,11
3.012448278202221,11
3.108102777551818,11
3.2037572769014155,11
3.2444117762510127,11
3.34006627560061,11
3.380720774950208,11
3.4213752742998045,11
3.4620297736494017,11
3.502684272998999,11
3.543338772348596,11
3.6389932716981934,11
3.679647771047791,11
3.720302270397388,11
3.760956769746985,11
3.8566112690965824,11
3.89726576844618,11
3.9379202677957768,11
3.978574767145374,11
4.019229266494971,11
4.059883765844568,11
4.1005382651941655,11
4.141192764543763,11
4.18184726389336,11
4.222501763242957,11
4.263156262592554,11
4.303810761942152,11
4.344465261291749,11
4.385119760641346,11
4.425774259990943,11
4.46642875934054,11
4.5070832586901375,11
4.547737758039735,11
4.588392257389332,11
4.629046756738929,11
4.669701256088526,11
4.710355755438124,11
4.751010254787721,11
4.791664754137318,11
4.832319253486915,11
4.872973752836512,11
4.913628252186109,11
5.009282751535706,11
5.049937250885304,11
5.090591750234901,11
5.131246249584498,11
5.171900748934095,11
5.267555248283692,11
5.308209747633289,11
5.348864246982886,11
0.1000728384154291,12
0.2151243381986281,12
0.3301758379818272,12
0.4452273377650263,12
0.5602788375482254,12
0.6753303373314244,12
0.7189024353481633,12
0.8162895703770024,12
0.9102898353792532,12
1.002979133472572,12
2.657667730198036,12
4.791461561069617,12
7.052979801044593,12
9.83731183801664,12
12.814809041548116,12
16.20503208781689,12
19.94431082959163,12
22.12671332690424,12
24.022338662869696,12
26.525666790015787,12
26.620702436655108,12
26.767272347391632,12
26.85681493258761,12
29.51365689339136,12
29.60341227665944,12
29.74667519498473,12
29.83379024110181,12
29.919972357440976,12
30.00536854586253,12
30.09008572657829,12
30.174205181540813,12
30.2577907966262,12
30.34089411038065,12
30.47855758027037,12
30.56081678967694,12
30.6427019930181,12
30.724239229900263,12
30.80545114881569,12
30.88635762927122,12
30.966976260467643,12
31.04732271563129,12
31.127411048967907,12
31.207253934253544,12
31.279900680588646,12
31.40806692489884,12
31.481812968614506,12
31.55621497338153,12
31.631372179435616,12
31.70741930126568,12
31.78454977827979,12
31.918065189210573,12
31.998502658635907,12
32.07693335391611,12
32.168904300201824,12
32.26087524648754,12
32.35284619277325,12
32.44481713905896,12
32.536788085344675,12
32.62875903163039,12
32.7207299779161,12
32.81270092420181,12
32.959671870487526,12
33.05164281677324,12
33.14361376305895,12
33.290584709344664,12
33.38255565563038,12
33.47452660191609,12
33.5664975482018,12
33.658468494487515,12
33.75043944077323,12
33.89741038705894,12
34.04438133334465,12
34.191352279630365,12
34.28332322591608,12
34.37529417220179,12
34.467265118487504,12
34.559236064773216,12
34.65120701105893,12
34.79817795734464,12
34.890148903630354,12
34.98211984991607,12
35.07409079620178,12
35.22106174248749,12
35.313032688773205,12
35.40500363505892,12
35.49697458134463,12
35.64394552763034,12
35.790916473916056,12
35.93788742020177,12
36.02985836648748,12
36.1218293127732,12
36.21380025905891,12
36.36077120534462,12
36.45274215163033,12
36.544713097916045,12
36.69168404420176,12
36.78365499048747,12
36.87562593677318,12
37.022596883058895,12
37.16956782934461,12
0.1000728384154291,13
0.1966799409280585,13
1.9060431309846504,13
2.0042268751358003,13
2.10112147374044,13
2.197581015460132,13
2.293526270252625,13
4.415454246860902,13
4.508268148464124,13
4.54601753578798,13
4.583703228098313,13
4.621326026332538,13
4.658886712801616,13
4.751295407128493,13
4.788918205362718,13
4.826764684927623,13
4.864845321339528,13
4.903171618294875,13
4.994356636715095,13
5.029043541115682,13
5.063074935984771,13
5.09740177245156,13
5.132042613637607,13
5.167018511158387,13
5.257353537541787,13
5.348075502377908,13
5.43921686784641,13
5.475816068065326,13
5.512919292611043,13
5.550583102566163,13
5.643878386181752,13
5.682896573853652,13
5.722760141652982,13
5.763641704631011,13
5.860802938056152,13
5.904688370239894,13
5.95122694299833,13
6.0037853799881145,13
6.06183687673227,13
6.119888373476426,13
6.177939870220582,13
6.235991366964738,13
6.349042870861451,13
6.4620943747581645,13
6.52014587150232,13
6.578197368246476,13
6.6912488721431895,13
6.749300368887345,13
6.807351865631501,13
6.865403362375657,13
6.97845486627237,13
7.036506363016526,13
7.094557859760682,13
7.152609356504838,13
7.210660853248994,13
7.26871234999315,13
7.326763846737306,13
7.384815343481462,13
7.4428668402256175,13
7.555918344122331,13
7.613969840866487,13
7.672021337610642,13
7.730072834354798,13
7.788124331098954,13
7.84617582784311,13
7.904227324587266,13
7.962278821331422,13
8.020330318075578,13
8.078381814819734,13
8.13643331156389,13
8.194484808308045,13
8.252536305052201,13
10.672261723143022,13
12.81797672138826,13
15.456873115849096,13
17.728775704959222,13
20.20500434444827,13
23.121983024765854,13
26.38826820550204,13
27.863555915338,13
29.743143899735795,13
29.82773927908092,13
29.910387334592222,13
29.991637465792444,13
30.07179632916256,13
30.15105995137543,13
30.22956454352396,13
30.30741028928433,13
30.384673983285488,13
30.516416372235017,13
30.592686712762195,13
30.668525751567948,13
30.74396775648568,13
30.874041948567527,13
31.00377354091719,13
31.07818451062601,13
31.15229418437723,13
31.22611969075464,13
31.29967631514814,13
31.372977782141582,13
0.1000728384154291,14
0.1971799409280585,14
0.2940430926198407,14
0.3889589204778143,14
0.4824768240246921,14
0.5749034597414698,14
0.6670908153523594,14
0.704049820779083,14
0.7957904508882933,14
0.887321845447826,14
0.923652409798732,14
0.9597898999689992,14
1.0507414951230578,14
1.1415138596182506,14
1.177113196467556,14
1.2125452936465235,14
1.302815564402981,14
1.338214874579218,14
1.4287466428326898,14
1.464414473903786,14
1.5002221742350943,14
1.5220449676443226,14
1.5439776552547104,14
1.5660227069337256,14
1.58818270617019,14
1.667068946890939,14
2.7935339098502285,14
3.516942370467294,14
4.247565448226232,14
5.387209831162637,14
6.123781766382821,14
7.557453551187413,14
9.218750153134453,14
10.939796898649307,14
13.201128325587517,14
15.284556609117542,14
17.673287369943733,14
20.120125526107365,14
22.569681565387125,14
25.06219039983748,14
27.798817363710643,14
29.33845696739736,14
29.49180220996418,14
29.590147452531006,14
29.68849269509783,14
29.78683793766465,14
29.940183180231475,14
30.0385284227983,14
30.136873665365123,14
30.290218907931948,14
30.388564150498773,14
30.486909393065595,14
30.64025463563242,14
30.73859987819925,14
30.836945120766067,14
30.93529036333289,14
31.03363560589971,14
31.131980848466533,14
31.230326091033355,14
31.328671333600177,14
31.427016576167,14
31.52536181873382,14
31.67870706130065,14
31.77705230386747,14
31.875397546434293,14
32.028742789001114,14
32.127088031567936,14
32.22543327413476,14
32.32377851670158,14
32.4221237592684,14
32.57546900183522,14
32.673814244402045,14
32.82715948696887,14
32.92550472953569,14
33.07884997210251,14
33.17719521466933,14
33.275540457236154,14
33.373885699802976,14
33.4722309423698,14
33.57057618493662,14
33.66892142750344,14
33.76726667007026,14
33.865611912637085,14
34.01895715520391,14
34.11730239777073,14
34.27064764033755,14
34.36899288290437,14
34.467338125471194,14
34.620683368038016,14
34.71902861060484,14
34.81737385317166,14
34.91571909573848,14
35.0690643383053,14
35.167409580872125,14
35.26575482343895,14
35.36410006600577,14
35.46244530857259,14
35.61579055113941,14
37.156179012624605,14
37.25527311298991,14
0.1000728384154291,15
0.2151243381986281,15
0.3301758379818272,15
0.4452273377650263,15
0.5577788406484606,15
2.284488802539635,15
4.486230974780845,15
4.594668728994655,15
6.96291431930271,15
7.075527627054549,15
9.082227148163042,15
11.34393421105423,15
13.81012528436276,15
16.44727780843455,15
19.35684794550832,15
22.4331183331951,15
24.305640111086127,15
26.23417205828157,15
26.31539853978913,15
26.396132820932625,15
26.53141904128267,15
26.611294071141533,15
26.690789171465504,15
26.769931183953407,15
26.84874340660235,15
26.9268993372248,15
27.05521945750272,15
27.182360060796963,15
27.24500799737816,15
27.308552638602627,15
27.37319072583192,15
27.43923032288699,15
27.50722425148549,15
27.57847111791469,15
27.66214251759284,15
27.745813917270983,15
27.82948531694913,15
27.91315671662728,15
27.996828116305423,15
28.08049951598357,15
28.16417091566172,15
28.24784231533986,15
28.331513715018005,15
28.41518511469615,15
28.498856514374296,15
28.58252791405244,15
28.666199313730587,15
28.749870713408733,15
28.83354211308688,15
28.917213512765024,15
29.00088491244317,15
29.084556312121315,15
29.16822771179946,15
29.306899111477605,15
29.44557051115575,15
29.529241910833896,15
29.61291331051204,15
29.696584710190187,15
29.780256109868333,15
29.91892750954648,15
30.002598909224623,15
30.08627030890277,15
30.169941708580915,15
30.30861310825906,15
30.392284507937205,15
30.47595590761535,15
30.559627307293496,15
30.64329870697164,15
30.726970106649787,15
30.810641506327933,15
30.89431290600608,15
30.977984305684224,15
31.06165570536237,15
31.200327105040515,15
31.33899850471866,15
31.422669904396805,15
31.50634130407495,15
31.590012703753096,15
31.67368410343124,15
31.757355503109387,15
31.896026902787533,15
31.97969830246568,15
32.063369702143824,15
32.14704110182197,15
32.230712501500115,15
32.31438390117826,15
32.398055300856406,15
32.48172670053455,15
32.5653981002127,15
32.64906949989084,15
32.73274089956899,15
32.81641229924713,15
32.90008369892528,15
32.983755098603424,15
33.06742649828157,15
33.15109789795972,15
33.23476929763786,15
33.31844069731601,15
33.40211209699415,15
33.4857834966723,15
0.1000728384154291,16
0.1966799409280585,16
0.2930430926198407,16
0.3345267320695183,16
0.4311338345821476,16
0.5265036542962676,16
0.5563941476090389,16
0.5854336732788127,16
0.6646276982981836,16
0.7438946906079302,16
0.8274681213845263,16
0.9079442116965304,16
0.9372677132089386,16
0.9618707131196508,16
0.9803517758448372,16
0.990153276321734,16
-0.0149717694546331,16
0.1000728384154291,17
0.1887874682234385,17
0.268311245603988,17
0.348205562845306,17
0.4233286622229381,17
0.4956456366244121,17
0.5168175976041122,17
0.5926953609350486,17
0.6710256840351386,17
0.7491684089663787,17
1.8769511114123625,17
3.580084217644052,17
4.725564731216744,17
6.580637944794015,17
6.643951615250424,17
6.707265285706834,17
6.770578956163243,17
6.8888926263216295,17
6.952206296778039,17
7.015519967234448,17
7.078833637690858,17
7.142147308147267,17
7.205460978603677,17
7.268774649060086,17
7.332088319516496,17
7.395401989972905,17
7.513715660131291,17
7.577029330587701,17
7.64034300104411,17
7.70365667150052,17
7.766970341956929,17
7.830284012413339,17
7.893597682869748,17
8.011911353028134,17
8.075225023484544,17
8.138538693940953,17
8.201852364397363,17
8.265166034853772,17
8.328479705310182,17
8.391793375766591,17
8.455107046223,17
8.51842071667941,17
8.58173438713582,17
8.645048057592229,17
8.708361728048638,17
8.771675398505048,17
8.834989068961457,17
8.898302739417867,17
8.961616409874276,17
9.079930080032662,17
9.143243750489072,17
9.20655742094548,17
9.324871091103867,17
9.388184761560275,17
9.451498432016686,17
9.514812102473096,17
9.578125772929504,17
9.641439443385917,17
9.704753113842324,17
9.768066784298734,17
9.88638045445712,17
9.94969412491353,17
10.01300779536994,17
10.131321465528323,17
10.194635135984734,17
10.257948806441144,17
10.321262476897552,17
10.384576147353965,17
10.447889817810372,17
10.511203488266782,17
10.574517158723191,17
10.6378308291796,17
10.70114449963601,17
10.76445817009242,17
10.827771840548827,17
10.891085511005238,17
10.954399181461648,17
11.017712851918056,17
11.081026522374469,17
11.144340192830876,17
11.207653863287286,17
11.270967533743695,17
11.38928120390208,17
11.45259487435849,17
11.5159085448149,17
11.57922221527131,17
11.64253588572772,17
11.705849556184129,17
11.769163226640538,17
11.832476897096948,17
11.895790567553355,17
11.959104238009768,17
12.077417908168153,17
12.140731578624562,17
12.204045249080972,17
12.26735891953738,17
12.33067258999379,17
12.3939862604502,17
12.512299930608586,17
12.575613601064996,17
0.1000728384154291,18
0.1966799409280585,18
0.2808827846375326,18
0.3095474315231155,18
0.392352827124065,18
0.4744252053540553,18
0.555858416726496,18
0.580213090648558,18
1.2997732369803452,18
1.3817710264228844,18
2.510118780901339,18
3.636384068300631,18
3.718596576025393,18
3.745602561404612,18
3.8273003308676734,18
3.855910299589541,18
3.8843161577933096,18
3.912525912990477,18
3.940546967332866,18
3.968386182805207,18
3.99604994082978,18
4.078544192259814,18
4.160874493663814,18
4.188046051432993,18
4.215063750987556,18
4.296877339725997,18
4.379150986915137,18
4.461642273014094,18
4.543855257576015,18
4.571154946705009,18
4.653331930061485,18
4.680524088686015,18
4.707731466984059,18
4.734954113384392,18
4.817192072292473,18
4.844445392733123,18
4.871714120974447,18
4.953952079882528,18
5.028635470440294,18
5.04659847753277,18
5.064670354371573,18
5.1376642214708585,18
5.155767644067909,18
5.173983071243073,18
5.192313069721367,18
5.21076032729974,18
5.227285923679974,18
5.243898477648999,18
5.260599529614355,18
5.277390674000289,18
5.294273564835693,18
5.308986947184112,18
6.4266206475549,18
6.445776894932296,18
6.465071764086988,18
6.484509209414627,18
7.892151335498001,18
7.968691790720131,18
7.990432715287115,18
8.067382490506079,18
8.089550214131977,18
8.111945824941303,18
8.13458020823231,18
8.157465340813305,18
8.180614464228656,18
8.204042297100331,18
8.282765303050782,18
8.306801995506193,18
9.022268077602291,18
9.044851148744728,18
9.067713177075293,18
9.144757634272482,18
9.215730725099949,18
10.85153311329117,18
10.878370128815677,18
10.905728943889644,18
10.98867043132117,18
11.01546936134031,18
11.042865025123264,18
11.070938416069056,18
11.099796019738225,18
11.12958413386872,18
11.160516457875874,18
11.192935036739016,18
11.227478029450085,18
11.265789883454945,18
11.369498947878984,18
11.418208008875752,18
11.466917069872524,18
11.570626134296562,18
11.619335195293331,18
11.668044256290104,18
11.716753317286877,18
11.765462378283646,18
11.814171439280416,18
11.862880500277187,18
11.911589561273958,18
12.015298625697996,18
12.064007686694769,18
12.157674322148468,18
0.1000728384154291,19
0.1416799409280584,19
0.2258827846375325,19
0.3060474332300046,19
0.3853528287139753,19
1.567133047792039,19
1.595133313151918,19
1.6778143282857756,19
1.7622180443135125,19
1.846190870913587,19
1.8756529383239369,19
1.9049828398850777,19
1.9237203050282816,19
1.997457769873462,19
2.016195235016666,19
2.0899326998618464,19
2.163541403773151,19
2.1821501061198334,19
2.200758808466516,19
2.2743675123778204,19
2.347976216289125,19
2.4214593928185324,19
2.4947005819407324,19
2.512686298402868,19
2.530794470745049,19
2.5490281723317723,19
2.5673906367150168,19
2.58588526694747,19
2.604515652346335,19
2.6232855815318445,19
2.642199061053715,19
2.661260335880242,19
2.680473906162105,19
2.754844558599315,19
2.8289058331278185,19
2.902175759139381,19
2.9766120362904886,19
2.996357687923036,19
3.0164331301924805,19
3.0368616592017035,19
3.0576701175299505,19
3.0788897678134064,19
3.1005574773875098,19
3.8705311130610327,19
3.892866480338297,19
3.91576849034699,19
3.939309668901288,19
4.018583868804297,19
4.043717314663253,19
4.124888961377463,19
4.152372426527462,19
5.2811995215592,19
6.009981042879543,19
6.098717904823742,19
7.807248688477001,19
9.019745803612194,19
10.235027886169872,19
10.296697612094604,19
10.358367338019333,19
10.420037063944063,19
10.522540721285068,19
11.678303632127962,19
11.742385636257849,19
11.806467640387735,19
11.870549644517622,19
11.934631648647509,19
12.053713652479372,19
12.11779565660926,19
12.236877660441122,19
12.300959664571009,19
12.365041668700895,19
12.48412367253276,19
14.21604629902812,19
16.233278955507004,19
16.304601463663303,19
16.43092398642274,19
18.585170078265392,19
20.860329437243664,19
22.89135917077389,19
24.979711774366063,19
27.46826154651404,19
29.864058764980047,19
30.01227089045201,19
32.67336210914881,19
33.46306875466225,19
33.61462821961575,19
33.711187684569246,19
36.15488313633203,19
37.850239860063,19
39.88116272408647,19
40.01646522291473,19
41.24691803437181,19
43.11568311518823,19
44.80262911441467,19
46.03366178737979,19
46.16436591205877,19
46.98766182947081,19
47.0628942128317,19
47.18489807533648,19
49.81959463590491,19
0.1000728384154291,20
0.2081928663930287,20
0.3183988655258249,20
0.4246048653770518,20
0.5308108652282786,20
0.5820168653775286,20
0.6882228652287554,20
0.7944288650799822,20
0.9026348689843248,20
0.9444663362849784,20
0.9828829752553534,20
1.018824501549108,20
1.113812341009481,20
1.153466841791971,20
1.1931213425744605,20
1.2327758433569502,20
1.27243034413944,20
1.3670848446239066,20
1.4067393454063963,20
1.446393846188886,20
1.486048346971376,20
1.5257028477538657,20
1.5653573485363554,20
1.6050118493188452,20
1.644666350101335,20
1.6843208508838248,20
1.7239753516663143,20
1.818629852150781,20
1.8582843529332709,20
1.8979388537157609,20
1.9375933544982504,20
1.97724785528074,20
2.01690235606323,20
2.1115568565476965,20
2.1512113573301863,20
2.245865857814653,20
2.2845203565705847,20
2.323174855326517,20
2.416829361235006,20
2.4554838599909377,20
2.494138358746869,20
2.5327928575028014,20
2.571447356258733,20
2.610101855014665,20
2.648756353770597,20
2.687410852526529,20
2.7260653512824606,20
2.81971985719095,20
2.913374363099439,20
3.0070288690079283,20
3.04568336776386,20
3.084337866519792,20
3.122992365275724,20
3.216646871184213,20
3.255301369940145,20
3.293955868696077,20
3.3326103674520087,20
3.3712648662079405,20
3.4099193649638724,20
3.448573863719804,20
3.487228362475736,20
3.525882861231668,20
3.619537367140157,20
3.7131918730486464,20
3.751846371804578,20
3.79050087056051,20
3.829155369316442,20
3.867809868072374,20
3.9064643668283057,20
3.9451188655842375,20
3.98377336434017,20
4.022427863096102,20
4.116082369004591,20
4.154736867760523,20
4.193391366516455,20
4.2320458652723865,20
4.270700364028318,20
4.30935486278425,20
4.348009361540182,20
4.386663860296114,20
4.425318359052046,20
4.463972857807978,20
4.502627356563909,20
4.541281855319841,20
4.579936354075773,20
4.618590852831705,20
4.657245351587637,20
4.695899850343569,20
4.734554349099501,20
4.773208847855432,20
4.811863346611364,20
4.850517845367296,20
4.889172344123228,20
4.92782684287916,20
4.966481341635092,20
5.005135840391024,20
5.043790339146955,20
5.082444837902887,20
5.121099336658819,20
5.159753835414751,20
0.1000728384154291,21
0.1966799409280585,21
0.291259717900147,21
0.3819010898059507,21
0.4740434482282301,21
0.5111232220715185,21
0.5898438661879202,21
0.6686631410902639,21
0.7554585679954191,21
1.9448592409080168,21
3.372035120386472,21
5.499355409998287,21
7.153685782808651,21
8.86939225043713,21
11.011669252771725,21
12.879567914835766,21
15.358763354815878,21
18.009858380109556,21
21.20160574039516,21
24.477229205001013,21
25.96186880868773,21
27.853087340218163,21
29.617870753302668,21
31.72030959891828,21
31.821838295478567,21
31.92336699203886,21
32.02489568859915,21
32.126424385159446,21
32.28295308171974,21
32.38448177828003,21
32.48601047484033,21
32.58753917140062,21
32.689067867960915,21
32.79059656452121,21
32.8921252610815,21
32.9936539576418,21
33.09518265420209,21
33.196711350762385,21
33.29824004732268,21
33.39976874388297,21
33.55629744044327,21
33.65782613700356,21
33.814354833563854,21
33.91588353012415,21
34.01741222668444,21
34.118940923244736,21
34.22046961980503,21
34.376998316365324,21
34.47852701292562,21
34.58005570948591,21
34.681584406046206,21
34.7831131026065,21
34.88464179916679,21
34.98617049572709,21
35.08769919228738,21
35.189227888847675,21
35.29075658540797,21
35.39228528196826,21
35.49381397852856,21
35.65034267508885,21
35.751871371649145,21
35.85340006820944,21
35.95492876476973,21
36.05645746133003,21
36.15798615789032,21
36.259514854450615,21
36.36104355101091,21
36.4625722475712,21
36.564100944131496,21
36.66562964069179,21
36.76715833725208,21
36.86868703381238,21
36.97021573037267,21
37.071744426932966,21
37.17327312349326,21
37.274801820053554,21
37.37633051661385,21
37.47785921317414,21
37.63438790973444,21
37.73591660629473,21
37.83744530285502,21
37.93897399941532,21
38.04050269597561,21
38.14203139253591,21
38.2435600890962,21
38.34508878565649,21
38.44661748221679,21
38.54814617877708,21
38.649674875337375,21
38.75120357189767,21
38.85273226845796,21
38.95426096501826,21
39.11078966157855,21
39.26731835813885,21
39.36884705469914,21
39.47037575125943,21
39.571904447819726,21
39.67343314438002,21
39.77496184094032,21
39.87649053750061,21
0.1000728384154291,22
0.1923612428559448,22
0.2833110233958339,22
0.3729194840027496,22
0.4064713991413293,22
1.8852914091144783,22
1.9769054501837675,22
3.865205374697317,22
5.061877624318592,22
5.159132526420722,22
5.195796442907656,22
5.2864588500410825,22
5.322165496326231,22
5.356506671313242,22
5.390477306439484,22
5.479102977208292,22
5.499294149346149,22
6.21491514391402,22
6.232056050218141,22
6.25060055463711,22
6.270407470531261,22
7.735857518977916,22
8.459789982649621,22
8.535475498649415,22
8.61219923815423,22
9.329078307959374,22
9.407700537356671,22
9.488500996145545,22
9.569160929533776,22
9.59550205862814,22
9.621775312933265,22
9.647981601419982,22
9.674121810707389,22
9.755196801039514,22
9.78120741306537,22
11.417693585741455,22
11.444668595331844,22
11.471571364092764,22
11.498402922066983,22
12.911498634728726,22
12.938230189147529,22
13.019892918530044,22
14.145129072132644,22
14.17168550996774,22
14.246979766178068,22
14.963163607406551,22
15.04113429098123,22
16.45490210561746,22
16.48235694749945,22
16.509793202045497,22
16.53721093817347,22
16.618947167533573,22
17.338282306331333,22
18.05961521400803,22
18.08777438162559,22
18.11590716487461,22
18.19901369756752,22
18.22709412372404,22
18.31007145589881,22
18.338460840868887,22
18.366824908766088,22
18.39516378811293,22
18.4234776055693,22
18.45176648406976,22
18.53503054438823,22
18.618220896112856,22
18.646435699078378,22
18.674675072196063,22
18.757939132514533,22
20.172505768600043,22
20.255107479754027,22
22.080050903025207,22
22.103798149737653,22
22.127529496911105,22
22.148667961943087,22
22.169806426975068,22
22.19094489200705,22
22.21208335703903,22
22.288221823635634,22
22.36436029023224,22
22.38549875526422,22
22.461637221860823,22
22.527685866343912,22
23.240512118327555,22
23.260199072423514,22
23.279893944624003,22
23.29959674796753,22
23.31930749362999,22
23.339026194649872,22
23.358752864065703,22
23.4334875071674,22
23.453230150628027,22
23.471442085343536,22
23.54467009438866,22
23.5629142342388,22
23.58117455675,22
23.64428819401854,22
24.35393173678511,22
24.370452041390475,22
24.386996403920588,22
0.1000728384154291,23
0.1966799409280585,23
0.291259717900147,23
0.3844010845099767,23
0.4764267333632352,23
0.5682084313956467,23
0.643558581861612,23
0.6627237662104336,23
0.7324184417155949,23
0.7447630125460593,23
0.7578731128377286,23
0.8226200216812459,23
1.937384354452547,23
1.9558789846850004,23
3.1337256548357573,23
4.774207603688296,23
4.859923635180053,23
6.28082803314453,23
7.928556357080993,23
10.22402301853424,23
12.473390502325266,23
15.015186520028193,23
17.849526817193844,23
20.55357538251295,23
23.512362564082053,23
25.245345845899266,23
26.006856510466537,23
26.12948126680472,23
26.25148375227053,23
26.36725331933039,23
26.42789775955242,23
26.488420127983588,23
26.540551035454182,23
26.64759168776656,23
26.69970441339894,23
26.751890266477417,23
26.859150332421084,23
26.911485729356524,23
27.018897609618843,23
27.067696297293,23
27.116543861211667,23
27.165440783872736,23
27.266050248007502,23
27.31172031894494,23
27.41245174034533,23
27.45824527434572,23
27.50410170225713,23
27.55002182529745,23
27.59600646536193,23
27.64205646583425,23
27.68817269244033,23
27.734356034148064,23
27.78060740411608,23
27.82692774069475,23
27.8733180084833,23
27.919779199446808,23
27.966312334097577,23
28.01291846274545,23
28.05959866682225,23
28.10635406028588,23
28.15318579111015,23
28.19954579709881,23
28.24595788689177,23
28.334282083528446,23
28.36765947388332,23
28.401090627627777,23
28.4345761296324,23
28.461117742674755,23
28.48770084800045,23
28.514325795786785,23
28.54099293621104,23
28.567702630626368,23
28.594455244111227,23
28.621251149194645,23
28.703090718107628,23
28.729974342601704,23
28.75690241353433,23
28.78387532578628,23
28.810893489139485,23
28.83795731337588,23
28.865067219453262,23
28.89222363950532,23
28.919427009391,23
28.946677772419857,23
29.028976379054,23
29.05632329927604,23
29.083718998449253,23
29.10470602856796,23
29.12572606103341,23
29.20177931533973,23
29.973820516931223,23
31.38859243141334,23
31.41369687216203,23
31.4387849458478,23
31.463856706487345,23
31.48143341587703,23
31.499026490467,23
31.516635986136603,23
31.534261955039906,23
31.551904453056263,23
0.1000728384154291,24
0.1966799409280585,24
0.291259717900147,24
0.3844010845099767,24
0.4764267333632352,24
0.567540774432524,24
0.6442368875129969,24
0.7248734186275752,24
0.7513622908725293,24
0.8336050107016117,24
0.861778667835787,24
0.944775833456114,24
1.0298525306268485,24
2.1615138265176563,24
2.2490837785287647,24
2.282538897065714,24
3.471981889276102,24
3.56221803155382,24
3.5980919512792378,24
3.633856932340458,24
3.6695152993186255,24
3.7050692799373417,24
3.7955210047646313,24
3.830872527031496,24
3.9210677805228977,24
4.650788730649546,24
4.683735324709013,24
4.716701334981516,24
4.749686839698151,24
4.782691913364723,24
4.870716633914307,24
4.958586300431088,24
6.093458021698788,24
7.925504888115719,24
9.578043664513425,24
9.675732309637858,24
10.8184582541569,24
11.962486679373576,24
12.007884992925716,24
12.106945126025272,24
13.945443599192693,24
13.99244474869807,24
14.039722646294427,24
14.14198026311238,24
15.983451339124038,24
16.032160210131003,24
16.081306251405074,24
16.185931387065246,24
16.234083494810655,24
16.282789914576604,24
16.329356516419246,24
16.430439467249705,24
17.865004653750255,24
19.30177223187525,24
21.435100192843272,24
21.542908119676905,24
23.20696310949166,24
23.26216423761685,24
23.318026705352857,24
23.37465151649554,24
23.432176182685687,24
23.54274444532235,24
25.80359911785246,24
25.913345246173154,24
25.96841063589574,24
26.02381706476928,24
26.079589510865222,24
26.13575690106273,24
26.19235312432767,24
26.30312557012559,24
27.8022344806862,24
28.965761801537088,24
29.023822447594217,24
29.08361447819691,24
29.141981954064185,24
29.202747294988445,24
29.26829019406061,24
29.38589415916424,24
30.615269402351192,24
31.79082904228192,24
31.867776343908123,24
31.944723645534328,24
32.02167094716053,24
32.098618248786735,24
32.17556555041294,24
32.2890684551857,24
33.042577976670074,24
33.10529032566767,24
33.17258412608128,24
33.3052751220129,24
33.38296613314371,24
33.46065714427452,24
33.53834815540533,24
33.61603916653614,24
33.69373017766695,24
33.77142118879776,24
33.898619139876175,24
34.6683948285244,24
34.7450233421586,24
34.82165185579281,24
0.1000728384154291,25
0.1966799409280585,25
0.291259717900147,25
0.3844010845099767,25
0.4764267333632352,25
0.5650407799368742,25
0.6397172638064268,25
2.5212026067858577,25
2.610480365980232,25
5.3494065382367015,25
8.039717970121467,25
10.988713226400318,25
13.945928613972091,25
17.48654981532112,25
20.782730742485583,25
23.06034409549309,25
23.14184858892094,25
23.22479149271105,25
23.310876039011053,25
23.40978533209836,25
23.508694625185665,25
23.60760391827297,25
23.76151321136028,25
23.91542250444759,25
24.014331797534897,25
24.168241090622207,25
24.26715038370952,25
24.36605967679682,25
24.46496896988413,25
24.563878262971432,25
24.66278755605874,25
24.761696849146045,25
24.86060614223335,25
24.959515435320657,25
25.058424728407964,25
25.15733402149527,25
25.256243314582576,25
25.355152607669883,25
25.45406190075719,25
25.55297119384449,25
25.6518804869318,25
25.750789780019108,25
25.84969907310641,25
25.94860836619372,25
26.047517659281027,25
26.146426952368333,25
26.24533624545564,25
26.344245538542943,25
26.44315483163025,25
26.54206412471756,25
26.69597341780487,25
26.84988271089217,25
26.948792003979484,25
27.04770129706679,25
27.146610590154097,25
27.245519883241403,25
27.34442917632871,25
27.443338469416016,25
27.54224776250332,25
27.64115705559063,25
27.74006634867793,25
27.83897564176524,25
27.937884934852548,25
28.091794227939857,25
28.190703521027164,25
28.28961281411447,25
28.388522107201776,25
28.487431400289083,25
28.641340693376392,25
28.7402499864637,25
28.839159279551005,25
28.93806857263831,25
29.09197786572562,25
29.190887158812927,25
29.34479645190024,25
29.443705744987543,25
29.597615038074853,25
29.69652433116216,25
29.85043362424947,25
29.94934291733677,25
30.04825221042408,25
30.147161503511388,25
30.24607079659869,25
30.344980089686,25
30.443889382773307,25
30.542798675860613,25
30.64170796894792,25
30.740617262035222,25
30.83952655512253,25
30.99343584820984,25
31.092345141297148,25
31.19125443438445,25
31.29016372747176,25
31.389073020559067,25
31.487982313646373,25
31.58689160673368,25
31.685800899820983,25
31.78471019290829,25
31.9386194859956,25
32.03752877908291,25
0.1000728384154291,26
0.1966799409280585,26
0.2783827842365073,26
0.3590474338422583,26
0.4403528259287642,26
0.5209252000938224,26
0.6008584113012122,26
0.6787249804626273,26
0.7010826342891024,26
0.7229784210364388,26
0.7994514261524247,26
0.8205346190522479,26
0.8962562107632922,26
0.9731405922363566,26
0.9947090824286507,26
1.0159804546426106,26
1.0369713795523214,26
2.6702970755438376,26
2.7458321494202185,26
2.766244270388322,26
2.786536386717396,26
2.8067113091389704,26
2.826771723587351,26
2.901720190901594,26
2.921559166644053,26
2.9412909955869484,26
2.960917925942974,26
2.980442112792568,26
2.9998656236718464,26
3.019190447885828,26
3.038418494645791,26
3.1125516002218294,26
3.131684707958536,26
3.150817815695243,26
3.1699509234319496,26
3.187288353700476,26
3.2045947262237835,26
3.2218702347169685,26
3.239115069169836,26
3.256329415846901,26
3.273513457287388,26
3.3456673831830788,26
3.362791365493374,26
3.3798855864594746,26
3.396950221170025,26
3.413985444713669,26
3.43099142845376,26
3.4479683400283623,26
3.464916350800829,26
3.4818356246839333,26
3.4987263293157387,26
3.515588624883728,26
3.532422671575384,26
3.5492286258529,26
3.614466513056593,26
4.3224192508648205,26
4.3922110297869015,26
4.406989015188353,26
4.421753246818023,26
4.436503760066168,26
4.446631449755566,26
5.1544746342266965,26
5.169157119948702,26
5.183826110806601,26
5.196305343430774,26
5.208744523596304,26
5.221143967952864,26
5.233503991287487,26
5.24582490093662,26
5.2581070005114245,26
5.32535059146239,26
5.33643096267833,26
5.347473406713741,26
5.3584782094846535,26
5.369445652250485,26
5.380376011614041,26
5.391269561384158,26
5.457126569483714,26
5.467947302867012,26
5.478732021075027,26
5.489480982084112,26
5.50019444014533,26
5.510872645784454,26
5.57651584457262,26
5.58712428111239,26
5.597698195386963,26
5.608237823952274,26
5.61874340057029,26
5.629215154346364,26
5.6396533134545255,26
5.650058102343516,26
5.660429741736786,26
5.6707684504951406,26
5.681074443754094,26
5.691347933855193,26
5.70158913127734,26
5.711798242774146,26
5.7219754732365775,26
5.732121024761634,26
5.792298838977056,26
0.1000728384154291,27
0.1966799409280585,27
0.236259717900147,27
0.2744010845099767,27
0.3114267333632353,27
0.4025407744325241,27
0.4789046620159563,27
0.4979496742897508,27
0.5117763424356551,27
0.5226154480191509,27
0.5888229192556567,27
0.6515217466995407,27
0.7102088797761085,27
0.7080244026070418,27
0.6998429889714303,27
0.6830551992094102,27
-0.3485598196351943,27
0.1000728384154291,28
0.1966799409280585,28
0.2887597219239043,28
0.3823902742157744,28
0.4338436373661326,28
0.5439494126628207,28
2.8522086613963413,28
5.605711030323343,28
9.044771843767034,28
12.963194451689874,28
15.29620370811098,28
17.460363233076137,28
19.85158866113381,28
22.138806485170367,28
24.090441990440244,28
24.188386554676462,28
24.28286538300989,28
24.37531688580277,28
24.4663299782334,28
24.556771597574983,28
24.70221321691657,28
24.84765483625816,28
24.938096455599744,28
25.02853807494133,28
25.11897969428292,28
25.264421313624503,28
25.35486293296609,28
25.445304552307675,28
25.59074617164926,28
25.681187790990847,28
25.77162941033244,28
25.86207102967402,28
25.95251264901561,28
26.042954268357192,28
26.13339588769878,28
26.223837507040365,28
26.31427912638195,28
26.404720745723537,28
26.550162365065123,28
26.64060398440671,28
26.78604560374829,28
26.87648722308988,28
29.10125438050161,28
31.77190973709595,28
31.86610281076377,28
31.9568301485288,28
32.04553016075329,28
32.13279176261551,28
32.218937646721166,28
32.30417192304285,28
32.3886354459654,28
32.52743131192483,28
32.610638262705976,28
32.69331841090883,28
32.77552200821266,28
32.912290548631546,28
32.99046479630781,28
33.06783469770754,28
33.14602611436373,28
33.22520108249115,28
33.30560166290873,28
33.387629355328485,28
33.47208458682715,28
33.56144396459087,28
33.66178946524128,28
33.76213496589168,28
33.91748046654209,28
34.01782596719249,28
34.1181714678429,28
34.273516968493304,28
34.37386246914371,28
34.474207969794115,28
34.57455347044452,28
34.729898971094926,28
34.83024447174533,28
34.93058997239574,28
35.03093547304614,28
35.13128097369655,28
35.23162647434695,28
35.33197197499736,28
35.432317475647764,28
35.53266297629817,28
35.633008476948575,28
35.73335397759898,28
35.833699478249386,28
35.93404497889979,28
38.78133372145239,28
41.11562340917024,28
41.19500358730285,28
41.27264637618317,28
43.8907471743352,28
43.96872769797591,28
44.04650335124556,28
44.12408219914581,28
44.201471695675785,28
44.278678750739445,28
44.355709787627134,28
44.4875707926749,28
44.56426735838844,28
44.64080472107271,28
0.1000728384154291,29
0.1966799409280585,29
0.291259717900147,29
0.3294010845099767,29
0.4214267333632353,29
0.4550407727843168,29
0.5346611937170866,29
0.602993038821781,29
2.067660001445377,29
2.145743196237648,29
4.313509528863991,29
5.960465853441322,29
8.361682121980751,29
11.1198055198079,29
11.224375677633846,29
14.111542109883018,29
14.225472364976971,29
16.996548167893184,29
19.83569551779218,29
22.795903203145127,29
22.91984362589144,29
24.990195036325048,29
26.906873683420084,29
27.031230252929163,29
28.76523640229209,29
28.88921662453791,29
30.623001675024884,29
30.746918712413272,29
30.87041738742304,29
32.38061274935089,29
33.19756976359484,29
33.32091381644323,29
34.77594469911617,29
36.28634349538022,29
36.39949066129844,29
39.51246129851789,29
39.6293090952322,29
41.301338743960265,29
41.41872542506376,29
41.535834782415954,29
41.59784098076919,29
41.7147284791859,29
42.87567470879806,29
42.992720941229805,29
44.15381183915896,29
44.27113586445482,29
46.12610802910749,29
46.24417234569138,29
46.362092560082594,29
46.47975441442108,29
46.59717060531669,29
47.81356769623697,29
47.93127998841375,29
48.04892080704348,29
48.16631632331837,29
48.28380738236148,29
48.40106584132642,29
49.90521753496483,29
50.023053269177616,29
50.135089014447786,29
51.57459077683792,29
54.523654441043625,29
54.63942061014275,29
55.7946615035067,29
55.90628328569035,29
56.02251742004369,29
57.74892188326013,29
57.86579466587244,29
59.081697063888775,29
59.83745002291039,29
59.95488629361368,29
62.15290579370993,29
62.27140746135728,29
62.389707321197314,29
63.60687386056584,29
64.82437449157717,29
64.8834722957063,29
64.99751226068022,29
65.11147657990935,29
65.91872946382048,29
67.42449588407804,29
67.54389702004075,29
67.66321955176453,29
69.85829911681274,29
69.97856207810645,29
71.98566885911231,29
72.04681647070055,29
72.10791574292188,29
72.22394049041276,29
72.33989181243186,29
74.70945375216418,29
74.83135692040919,29
74.95320388971545,29
76.17397129775452,29
76.29605195799616,29
77.80003116408136,29
79.70944032946375,29
79.82695128896978,29
80.58275457599905,29
80.64538005867746,29
0.1000728384154291,30
0.1966799409280585,30
0.2942489029039251,30
0.3961051160390479,30
0.456156615822247,30
0.571208115605446,30
0.6722802153019247,30
0.7715423531603155,30
0.8629589877795515,30
0.952400510735446,30
0.9887804142903625,30
1.0219379752647215,30
1.106261478341752,30
1.1313644792657431,30
1.913169219694668,30
1.9468267816823064,30
2.035484347097212,30
2.1241419125121173,30
2.157799474499756,30
2.191457036487394,30
2.2251145984750327,30
2.3137721638899382,30
2.402429729304844,30
2.4910872947197493,30
2.524744856707388,30
2.5584024186950263,30
2.5920599806826647,30
2.625717542670303,30
2.6593751046579417,30
2.69303266664558,30
2.726690228633218,30
2.760347790620857,30
2.794005352608496,30
2.827662914596134,30
2.8613204765837725,30
2.949978041998678,30
2.983635603986317,30
3.017293165973955,30
3.050950727961593,30
3.084608289949232,30
3.1182658519368704,30
3.151923413924509,30
3.1855809759121474,30
3.219238537899786,30
3.2528960998874243,30
3.286553661875063,30
3.3202112238627013,30
3.35386878585034,30
3.3875263478379782,30
3.476183913252884,30
3.5648414786677893,30
3.598499040655428,30
3.6321566026430654,30
3.6658141646307048,30
3.6994717266183432,30
3.7331292886059817,30
3.76678685059362,30
3.800444412581258,30
3.834101974568897,30
3.867759536556536,30
3.901417098544174,30
3.935074660531813,30
3.968732222519451,30
4.0023897845070895,30
4.036047346494728,30
4.069704908482366,30
4.158362473897272,30
4.192020035884911,30
4.225677597872549,30
4.259335159860187,30
4.292992721847826,30
4.326650283835464,30
4.360307845823103,30
4.393965407810741,30
4.42762296979838,30
4.461280531786018,30
4.494938093773657,30
4.528595655761295,30
4.562253217748934,30
4.650910783163839,30
4.684568345151478,30
4.718225907139116,30
4.751883469126755,30
4.84054103454166,30
4.874198596529299,30
4.907856158516937,30
4.941513720504576,30
4.975171282492214,30
5.06382884790712,30
5.097486409894758,30
5.131143971882397,30
5.164801533870035,30
5.253459099284941,30
5.287116661272579,30
5.3207742232602175,30
5.354431785247856,30
5.443089350662762,30
5.4767469126504,30
5.510404474638039,30
5.544062036625677,30
0.1000728384154291,31
0.1966799409280585,31
0.291259717900147,31
0.3864597581155855,31
0.4834566683355634,31
0.5825289837887409,31
0.6824030124922942,31
0.783232317379661,31
0.8823046328328384,31
0.9810196534661052,31
1.026848958353472,31
1.0764143352499898,31
1.1369658350331888,31
1.197517334816388,31
1.258068834599587,31
1.373620334382786,31
1.489171834165985,31
1.549723333949184,31
1.6102748337323831,31
1.6708263335155822,31
1.7313778332987813,31
1.7919293330819803,31
1.85248083286518,31
1.9130323326483785,31
1.973583832431577,31
2.0341353322147766,31
2.094686831997976,31
2.1552383317811747,31
2.215789831564374,31
2.276341331347573,31
2.336892831130772,31
2.397444330913971,31
2.45799583069717,31
2.518547330480369,31
2.579098830263568,31
2.6946503300467675,31
2.7552018298299665,31
2.8157533296131656,31
2.8763048293963647,31
2.936856329179564,31
2.997407828962763,31
3.057959328745962,31
3.118510828529161,31
3.17906232831236,31
3.239613828095559,31
3.300165327878758,31
3.360716827661957,31
3.4212683274451563,31
3.481819827228356,31
3.5423713270115544,31
3.6029228267947535,31
3.7184743265779527,31
3.779025826361152,31
3.839577326144351,31
3.90012882592755,31
3.960680325710749,31
4.076231825493948,31
4.136783325277147,31
4.197334825060346,31
4.257886324843545,31
4.373437824626744,31
4.488989324409943,31
4.549540824193142,31
4.610092323976341,31
4.67064382375954,31
4.731195323542739,31
4.791746823325938,31
4.852298323109137,31
4.912849822892336,31
5.028401322675535,31
5.088952822458734,31
5.149504322241933,31
5.210055822025132,31
5.270607321808331,31
5.33115882159153,31
5.391710321374729,31
5.452261821157928,31
5.512813320941127,31
5.573364820724327,31
5.6339163205075256,31
5.694467820290725,31
5.755019320073924,31
5.815570819857123,31
5.876122319640322,31
5.936673819423521,31
6.05222531920672,31
6.112776818989919,31
6.173328318773118,31
6.233879818556317,31
6.294431318339516,31
6.354982818122715,31
6.415534317905914,31
6.476085817689113,31
6.536637317472312,31
6.597188817255511,31
6.65774031703871,31
6.7182918168219095,31
6.7788433166051085,31
6.839394816388308,31
6.954946316171506,31
0.1000728384154291,32
0.1966799409280585,32
0.291259717900147,32
0.3867511026562054,32
0.4829966018609366,32
0.5805655638368032,32
0.6653471808431746,32
0.6964140320534891,32
0.7804334615530779,32
0.8148749848069956,32
0.850379888451319,32
0.8827874516310503,32
0.966485955304127,32
0.9905889542015602,32
1.0086950180294325,32
1.0182465179996898,32
0.0129965408878733,32
0.1000728384154291,33
0.1966799409280585,33
0.236759717900147,33
0.2754010845099767,33
0.3679267333632353,33
0.4595407744325241,33
1.2456008769205331,33
2.0328206378898965,33
2.126202466606911,33
2.218977491038904,33
2.256211447547696,33
2.347957211708668,33
2.4392582384395576,33
2.530150875015376,33
3.666835888619133,33
3.759515397918184,33
3.796948955996281,33
3.8218316097244087,33
3.901549484251386,33
3.981107834397203,33
4.007886595694668,33
4.034515402881748,33
4.06099862386132,33
4.087340376941807,33
4.113544555051572,33
4.194614844067342,33
6.018565253956563,33
6.051368506295926,33
6.833600969655759,33
6.922485852284677,33
9.09621193413282,33
11.83570911888624,33
11.928765931768664,33
12.021839754326589,33
12.114905060870893,33
13.596295775516278,33
15.585594476802594,33
17.71150285158897,33
20.01309687052513,33
22.55055076037193,33
22.658212074680574,33
25.358489608930025,33
25.47445931395396,33
27.894472617823848,33
29.80510133968613,33
29.863851127661363,33
29.976582179820504,33
32.4355276544499,33
35.064958855068646,33
35.18462049287779,33
37.96090493475074,33
39.47173393530368,33
39.59159737115703,33
39.712077227169615,33
39.77826032748417,33
39.84526202845294,33
39.96824310203771,33
40.02516843234877,33
40.08308181395511,33
40.14222781589012,33
40.2030133478878,33
40.266254486942096,33
40.33452323307972,33
40.41633223226051,33
40.4981412314413,33
40.579950230622096,33
40.71675923695545,33
40.79856823613624,33
40.88037723531704,33
40.96218623449783,33
41.04399523367862,33
41.18080424001197,33
41.26261323919277,33
41.39942224552612,33
41.48123124470691,33
41.61804025104026,33
41.69984925022106,33
41.83665825655441,33
41.9184672557352,33
42.000276254916,33
42.08208525409679,33
42.16389425327758,33
42.24570325245838,33
42.38251225879173,33
42.51932126512508,33
42.65613027145843,33
42.73793927063922,33
42.81974826982002,33
42.95655727615337,33
43.03836627533416,33
43.12017527451496,33
43.25698428084831,33
43.3387932800291,33
43.420602279209895,33
43.50241127839069,33
43.58422027757148,33
43.66602927675228,33
43.74783827593307,33
43.82964727511386,33
43.91145627429466,33
0.1000728384154291,34
0.1966799409280585,34
0.29547041516407,34
0.3956992984901236,34
0.4915240393172072,34
0.5849212394247817,34
0.6776029304753112,34
0.7146588103066253,34
0.7511585601757335,34
0.7871578955243396,34
0.8777023726294803,34
0.9138221950422096,34
1.0055922852049637,34
1.0972253740917015,34
1.1877434463392067,34
1.224443456638889,34
1.2626942419598866,34
1.303204952288704,34
1.3445318029413986,34
1.395588206608133,34
1.446644610274868,34
1.4977010139416027,34
1.5487574176083374,34
1.6548138172517586,34
1.7058702209184933,34
1.756926624585228,34
1.8629830242286487,34
1.9690394238720703,34
2.020095827538805,34
2.07115223120554,34
2.1222086348722744,34
2.173265038539009,34
2.224321442205744,34
2.2753778458724785,34
2.326434249539213,34
2.377490653205948,34
2.4285470568726826,34
2.4796034605394173,34
2.530659864206152,34
2.5817162678728867,34
2.6327726715396214,34
2.7388290711830425,34
2.789885474849777,34
2.840941878516512,34
2.946998278159933,34
2.998054681826668,34
3.104111081470089,34
3.21016748111351,34
3.261223884780245,34
3.3122802884469795,34
3.363336692113714,34
3.414393095780449,34
3.465449499447184,34
3.571505899090605,34
3.62256230275734,34
3.673618706424074,34
3.724675110090809,34
3.83073150973423,34
3.880037913579778,34
3.9293443174253273,34
3.978650721270876,34
4.082957121093111,34
4.13226352493866,34
4.181569928784208,34
4.230876332629757,34
4.280182736475306,34
4.329489140320854,34
4.378795544166403,34
4.428101948011952,34
4.532408347834187,34
4.581714751679735,34
4.631021155525284,34
4.735327555347519,34
4.784633959193068,34
4.888940359015303,34
4.938246762860851,34
4.9875531667064,34
5.0368595705519486,34
5.086165974397497,34
5.135472378243046,34
5.239778778065281,34
5.2890851819108295,34
5.338391585756378,34
5.387697989601927,34
5.437004393447475,34
5.486310797293024,34
5.535617201138573,34
5.584923604984121,34
5.63423000882967,34
5.683536412675219,34
5.732842816520767,34
5.782149220366316,34
5.8314556242118645,34
5.880762028057413,34
5.930068431902962,34
5.97937483574851,34
6.0836812355707455,34
6.132987639416294,34
6.237294039238529,34
6.286600443084078,34
0.1000728384154291,35
0.1966799409280585,35
0.236759717900147,35
0.2754010845099767,35
0.3679267333632353,35
0.460353369080013,35
0.5526829143675052,35
0.5902085632207638,35
0.6820790707619904,35
0.7737349530796318,35
0.8653075001348471,35
0.9021780076760736,35
0.9393653632869632,35
0.9768910121402218,35
1.0697795144576543,35
1.108059277759586,35
1.14676353828045,35
1.185931707468569,35
1.2256112709022895,35
1.3208605556327564,35
1.361752927252334,35
1.4033834788659416,35
1.4458803890859195,35
1.4894259019608078,35
1.5342999306643612,35
1.5809884868363613,35
1.6305538637328794,35
1.6876396276132788,35
1.748191127396478,35
1.808742627179677,35
1.869294126962876,35
1.929845626746075,35
1.990397126529274,35
2.105948626312473,35
2.166500126095672,35
2.227051625878872,35
2.3426031256620705,35
2.4031546254452696,35
2.4637061252284687,35
2.524257625011668,35
2.584809124794867,35
2.645360624578066,35
2.705912124361265,35
2.766463624144464,35
2.827015123927663,35
2.887566623710862,35
2.948118123494061,35
3.0086696232772603,35
3.06922112306046,35
3.1297726228436584,35
3.2453241226268577,35
3.3058756224100567,35
3.366427122193256,35
3.426978621976455,35
3.487530121759654,35
3.548081621542853,35
3.608633121326052,35
3.7241846211092513,35
3.7847361208924495,35
3.8452876206756494,35
3.9608391204588487,35
4.021390620242047,35
4.081942120025246,35
4.142493619808445,35
4.2030451195916445,35
4.318596619374843,35
4.379148119158042,35
4.439699618941241,35
4.5002511187244405,35
4.615802618507639,35
4.676354118290838,35
4.791905618074037,35
4.852457117857236,35
4.913008617640435,35
4.973560117423634,35
5.034111617206833,35
5.149663116990032,35
5.210214616773231,35
5.27076611655643,35
5.331317616339629,35
5.3918691161228285,35
5.452420615906028,35
5.512972115689227,35
5.573523615472426,35
5.634075115255625,35
5.694626615038824,35
5.755178114822023,35
5.870729614605222,35
5.931281114388421,35
5.99183261417162,35
6.052384113954819,35
6.112935613738018,35
6.173487113521217,35
6.234038613304416,35
6.294590113087615,35
6.355141612870814,35
6.415693112654013,35
6.476244612437212,35
6.591796112220411,35
6.65234761200361,35
0.1000728384154291,36
0.1966799409280585,36
0.291259717900147,36
0.3844010845099767,36
0.4189267322694142,36
0.5075407788430532,36
0.5264046654378255,36
0.5985746771370252,36
0.6064273469423135,36
0.6693036832188447,36
0.6732826625270029,36
0.7274169084889074,36
0.7753380333346506,36
0.7596098055404802,36
-0.2709839473205427,36
0.1000728384154291,37
0.1966799409280585,37
0.291259717900147,37
0.3844010845099767,37
0.4764267333632352,37
0.513040774432524,37
0.6038840621026766,37
0.6940596928097066,37
0.7840814652234027,37
2.264387056289753,37
3.9718548995567167,37
4.062528935264209,37
5.199550006892507,37
6.338969116628333,37
8.519852693385449,37
10.233658485025146,37
12.366400721433529,37
14.822077227673772,37
17.830385816613934,37
20.660893641020216,37
20.727781929590613,37
20.79415913533517,37
20.86007268865847,37
20.925561959304467,37
21.04566015121824,37
21.110395646410108,37
21.17479298459753,37
21.2388735942253,37
21.30124444010948,37
21.3633667141004,37
21.425252190741126,37
21.486911579351883,37
21.54835466234919,37
21.60959041060758,37
21.670627080437704,37
21.73147229570285,37
21.79213311781609,37
21.85261610577434,37
21.91241431946612,37
21.97203901416785,37
22.031496010224,37
22.09079075015464,37
22.14992833429134,37
22.26391355206762,37
22.32275090960709,37
22.381444654140967,37
22.43999879569785,37
22.4984171264363,37
22.556703237932005,37
22.61486053668306,37
22.672892258057228,37
22.72629503787559,37
22.77959934623994,37
22.83217900897894,37
22.884674192411577,37
22.937086300205163,37
23.04441669014304,37
23.09666667633827,37
23.1488375313072,37
23.20093048791374,37
23.2529467411944,37
23.35988745007293,37
23.41175373897297,37
23.46354669933599,37
23.51526739105156,37
23.56691684380602,37
23.61849605835541,37
23.670006007727864,37
23.776447638360217,37
23.82782187117343,37
23.879129602590705,37
23.92797960452741,37
23.976768803120567,37
24.018778949186576,37
24.11574535739913,37
24.15766840704278,37
24.199548470880444,37
24.2413859153202,37
24.283181100576385,37
24.32493438082538,37
24.362887320378547,37
24.400802750378457,37
24.438680950124446,37
24.476522194787204,37
24.56932675549964,37
24.607094899445123,37
24.64028729650022,37
24.67345806410557,37
24.70660729542495,37
24.73973508282296,37
24.82784151787536,37
24.860926691379053,37
24.89399069336206,37
24.92392972529709,37
24.95385124407936,37
24.98375531083693,37
25.01364198627262,37
25.04351133066843,37
25.073363403889896,37
25.10145672483169,37
0.1000728384154291,38
0.1416799409280584,38
0.1754478379546802,38
0.2630099246972174,38
0.3501012313675499,38
1.07299500587698,38
1.1569565821003531,38
1.240239835114441,38
1.267925879688225,38
2.9693651062664195,38
3.061077322556069,38
3.15220686976444,38
3.243021542977002,38
3.275790001104978,38
3.363278816293386,38
3.398252804896939,38
3.4759847718692902,38
3.4985472253925685,38
3.5209457288898114,38
3.5981854956067685,38
3.6752714003838185,38
5.36914277928244,38
6.499767550400604,38
8.199784645012725,38
9.390655526093353,38
9.482587599328864,38
11.186396264604438,38
13.53434147792231,38
15.245826863817085,38
17.553000782613356,38
17.662867930441696,38
17.761796680003005,38
19.60008880189021,38
21.952783790140945,38
24.626532044916942,38
27.3826288678572,38
27.49921350229117,38
30.203202805821924,38
33.271397651774365,38
34.95044039157379,38
35.07454819607959,38
35.1979735804925,38
38.214414794124295,38
40.07780008146189,38
42.28475592771104,38
42.41165989645411,38
42.53801386072112,38
43.99575695759735,38
44.12183954488608,38
44.24758097681372,38
44.36699998185971,38
44.486057165442965,38
45.99209616953348,38
46.11151351447453,38
47.841133488655885,38
47.96108602741522,38
48.02597809680564,38
48.145810419405976,38
48.26529159488564,38
48.38476585473487,38
49.14271705819856,38
49.26250729749605,38
49.38233206731752,38
49.50219160779372,38
49.61737083901516,38
52.13072956166851,38
53.801687153231015,38
53.91571528320245,38
53.974753181981946,38
54.03380086869279,38
54.14788132092063,38
55.30626253566776,38
55.42107483872888,38
55.480930898380265,38
55.54083110093297,38
55.65577583958006,38
55.77038456889036,38
56.523554105058906,38
58.585843166682864,38
58.63777925863932,38
58.74471212582946,38
60.23433054643035,38
62.77556122786936,38
65.13682544578192,38
65.2504355587603,38
67.44521396125519,38
67.56072330299989,38
67.67624574232903,38
67.79178131364208,38
67.90728738634449,38
69.35489062253868,38
69.47112792840143,38
70.97431296324103,38
71.03619101069141,38
71.15310068380067,38
71.21504218387926,38
71.33201571481692,38
71.44900211577455,38
72.66518757474167,38
73.42129259551733,38
0.1000728384154291,39
0.1966799409280585,39
0.291259717900147,39
0.3867511026562054,39
0.4833582051688347,39
0.5804921102597533,39
0.6608762827589332,39
0.7415597376301108,39
0.7626476933135806,39
0.7812605400457202,39
0.8554495696797191,39
0.9263745968117534,39
0.9385777509658751,39
0.94586487932868,39
0.9469884041817084,39
0.9395445579783216,39
-0.0830212836964832,39
0.1000728384154291,40
0.1416799409280584,40
0.236259717900147,40
0.3294010845099767,40
0.3639267322694142,40
0.4525407788430531,40
3.2042111394082387,40
6.3116376175673246,40
6.423053972916645,40
6.534055582851062,40
6.645183144029621,40
6.757022286319082,40
6.814691354295914,40
6.873356065648298,40
6.987652245627303,40
7.097765300141234,40
10.297246787415403,40
13.874350561798792,40
17.687487220135946,40
19.87137760918044,40
20.0308264565451,40
22.75701800640902,40
22.918260198811403,40
25.14408789368488,40
27.07831399370751,40
29.166562403716952,40
29.308573750874768,40
31.05947374410584,40
31.194304546639074,40
31.317191502377145,40
31.438003739639868,40
34.65789018501793,40
35.47927333048247,40
35.605936452613875,40
36.83132030360832,40
38.51315671278329,40
38.63924808083473,40
40.50285320700978,40
40.62942557189408,40
41.39449184617838,40
41.52127365567158,40
43.728870877060885,40
44.956308605869616,40
45.08517929518784,40
45.159223412296,40
45.98174960808477,40
47.49801084452277,40
47.573086288642,40
47.70288860015646,40
49.77958506694114,40
49.90940134550368,40
51.138466881944574,40
52.82437464248706,40
54.74853224426012,40
54.87982917284684,40
55.64988305627799,40
56.47554964219328,40
56.60809151949656,40
56.68219753421004,40
56.756949607580914,40
56.88699762530874,40
58.57325262773982,40
59.74963882856599,40
59.88267030839631,40
62.04143156716458,40
62.17618217273422,40
63.69859250436579,40
63.834708474877466,40
65.5813315668834,40
67.45678194201935,40
69.15183588153751,40
71.49328395500325,40
71.6339275582006,40
71.77317459228404,40
73.70640596385985,40
75.40592555128705,40
75.55167488324328,40
77.0381297801144,40
77.18510227191864,40
78.90498283817323,40
79.01542549199371,40
79.16614595091836,40
79.27658860473885,40
79.44203125855934,40
79.55247391237982,40
79.71791656620032,40
79.86572741739772,40
80.01018137865503,40
82.04858404440472,40
82.14378818255322,40
82.28610774709809,40
84.3758649398797,40
86.66428573325906,40
86.81061353584379,40
88.51475984253649,40
88.62647396530137,40
88.77404488108381,40
90.663961270284,40
90.81296644874578,40
93.41136487265078,40
0.1000728384154291,41
0.1966799409280585,41
0.291259717900147,41
0.3900207349932387,41
0.5050722347764378,41
0.6201237345596369,41
0.6661958342561156,41
0.7654579721145064,41
0.8048746093224944,41
0.841566134881181,41
0.8788210368818938,41
0.967728599401076,41
1.052677099617877,41
1.0767800985153102,41
1.0948861623431825,41
1.1594376648093845,41
0.1541876876975678,41
0.1000728384154291,42
0.1966799409280585,42
0.2868913472781943,42
0.3765013055096434,42
0.4100484573434161,42
0.4977195882390307,42
0.5296455421636866,42
0.6038819053362178,42
0.6750412308762835,42
0.689407140497403,42
0.6993286335061358,42
0.764791461188631,42
2.6318645202706623,42
5.671544524390535,42
9.107906075675324,42
13.792231279856678,42
17.20161306861814,42
20.57605862737794,42
23.754908968212348,42
27.474041973002105,42
31.350386408777204,42
35.38309688275326,42
38.83700867027635,42
42.508215833790906,42
42.59507630283006,42
42.68122678540033,42
42.76675567582358,42
42.90673177498884,42
43.04652828828699,42
43.13115144291756,42
43.21560704865364,42
43.354900538456185,42
43.43903700398459,42
43.52302122678076,42
43.661857705766266,42
43.74555068158184,42
43.829104158209766,42
43.9125219222482,42
44.050807560147575,42
44.133964473671696,42
44.21699589380617,42
44.29990489330447,42
44.43769439803437,42
44.52036719726485,42
44.60292595301429,42
44.68537320856467,42
44.76771139623269,42
44.84994284447728,42
44.93206978441275,42
45.0140943557884,42
45.09601861248832,42
45.17784452759834,42
45.31186809572496,42
45.39081874657688,42
45.469697528273024,42
45.54850545922727,42
45.68224352939368,42
49.31414007988449,42
52.92243239033154,42
53.00412307840871,42
53.08558376151858,42
53.16682455644155,42
53.30285472735404,42
53.438682789265854,42
53.51931659537393,42
53.64762901769645,42
53.72080998141345,42
53.7938628544387,42
53.866790836418886,42
53.93288792330238,42
54.05389697022497,42
54.11981950060788,42
54.18565698604608,42
54.25141084890875,42
54.31708246476865,42
54.38267316467427,42
54.50318423727712,42
54.56861693082569,42
54.63397245503633,42
54.699251982850285,42
54.76445665208559,42
54.8295875669914,42
54.89069877797317,42
54.95175007400994,42
55.01274216456872,42
55.07367574251098,42
55.13455148466897,42
55.1953700523956,42
55.253206921661416,42
55.310994851857295,42
55.36873431735047,42
55.42642578340031,42
55.4840697064181,42
55.53961421458781,42
55.59511622918532,42
55.70557610831009,42
55.81599420407651,42
55.87137086276265,42
55.926706424954205,42
55.98200122568368,42
0.1000728384154291,43
0.1923612428559448,43
0.2833110233958339,43
0.3729194840027496,43
0.4614713991413293,43
0.5496231007415413,43
0.5825597154163349,43
0.6702901152984582,43
0.7576789189606941,43
0.8444893006279326,43
0.9308962377389204,43
0.962150491230608,43
1.0482565857342636,43
1.0794362109748676,43
1.165690464466555,43
1.248863009303553,43
1.3322977847752404,43
1.3620004873124194,43
2.091888297981575,43
2.129996860889309,43
2.223243681453696,43
2.3125880786409283,43
2.402313885950079,43
2.492360627018442,43
2.527513378970852,43
2.562774440013399,43
2.5981462055077458,43
2.688192946576109,43
2.778783200048437,43
2.814481762908926,43
2.9045630970230008,43
2.979529743753901,43
4.399330263697138,43
6.28494704302453,43
6.3139447250595,43
6.398001229130259,43
6.42711725991272,43
6.511293532066574,43
6.540530780070057,43
6.624829755835762,43
6.654191232957473,43
6.738616004325976,43
6.768104877062669,43
6.797658687197199,43
6.882278283797731,43
6.907543547191253,43
6.932776024304857,43
6.957975927480092,43
6.983143469058504,43
7.008278855793705,43
7.088382290415993,43
9.123376892619362,43
10.7715629802277,43
10.865180359893074,43
10.958306545131435,43
12.79272782217764,43
14.785534972064724,43
14.884980136268368,43
14.929743429385653,43
14.974846476428738,43
15.01549118917488,43
15.11093344699644,43
15.205848904066317,43
16.635172577314606,43
18.067314477377167,43
18.164809481911888,43
19.36260010462307,43
21.35672952394985,43
23.254652039819,43
25.70809723597073,43
25.817775303237667,43
27.483608657233944,43
29.62183015953802,43
29.735257895403137,43
29.84524689029955,43
31.90336237262987,43
34.67260799717211,43
34.78753510277771,43
34.90106494884991,43
37.79606779079937,43
40.69319713696558,43
42.55568739585999,43
44.82519183331468,43
44.95177447077095,43
46.46513324936388,43
48.14741580983934,43
49.60707412474239,43
49.7349334489326,43
51.1945501038065,43
51.96112072616148,43
52.089325686597824,43
52.217164350575175,43
52.34441042155135,43
52.46361251423102,43
54.92796647754712,43
55.68796967296092,43
55.80961966616177,43
55.930906989388056,43
56.74543240655601,43
57.50519718878654,43
0.1000728384154291,44
0.1971799409280585,44
0.2952489029039251,44
0.3976051160390479,44
0.5131566158222469,44
0.6287081156054459,44
0.7407938794858453,44
0.8494139074634449,44
2.355218830668916,44
2.474729392754496,44
3.640409869630555,44
3.7074780578385047,44
3.829546246046454,44
4.997514597450547,44
5.06687066018653,44
5.176774864133033,44
5.218113956089648,44
5.311654967303904,44
6.512426361919229,44
6.615497075650414,44
6.664683507138171,44
6.715308348988185,44
6.8209331908382005,44
6.870960360125405,44
6.972521787241799,44
8.415595179156167,44
9.17243552739988,44
9.236128715530736,44
9.299821903661591,44
9.404974838451247,44
10.556592484668595,44
12.000458022312028,44
13.160953899577958,44
14.677851260264246,44
16.54824862107638,44
16.663442115389888,44
17.87887627726079,44
17.996403543454882,44
19.67250593161334,44
19.792455683582062,44
20.95826733590945,44
21.023966454167034,44
21.09379896529054,44
21.22836102715932,44
21.35743002758476,44
21.471512907902923,44
23.61219131366464,44
25.471293627060163,44
25.593781408912,44
27.863846291495552,44
27.98509955097555,44
28.09919908334135,44
30.36388098041829,44
30.482101810857085,44
32.15657815138055,44
34.16970389380924,44
36.03036297012352,44
36.151197054845305,44
38.856546338561024,44
41.41058325727983,44
43.67874919800967,44
43.80380282001308,44
45.484247590719136,44
46.24881315579967,44
46.32020778730646,44
46.4461065172128,44
46.57155412166118,44
47.79616342256824,44
47.921931387127024,44
48.68640787012767,44
48.75789466590366,44
48.88410902075324,44
50.10963469071477,44
50.18193365852492,44
50.30904626936108,44
51.76887967030283,44
52.53664235812253,44
52.666230765044936,44
54.53394534393728,44
54.66432447504111,44
56.93853473622792,44
57.0683170200065,44
58.52996240757976,44
58.60521138967497,44
58.72182056070788,44
60.987579450146654,44
61.111029726657634,44
62.27877677280196,44
62.40258354386574,44
63.57061873875532,44
63.64002569599995,44
63.76441675498,44
63.88882371222463,44
65.05762334903034,44
65.18143917743541,44
66.34954962732581,44
66.41913929437003,44
66.48882217316829,44
66.61347824225084,44
67.37518365901228,44
0.1000728384154291,45
0.1966799409280585,45
0.291259717900147,45
0.3844010845099767,45
0.4769267333632352,45
0.5660407734995725,45
0.6543840659743192,45
0.7428930295592191,45
0.8314333451872709,45
0.92000520657357,45
1.0086088148837926,45
1.0971491305118444,45
1.1310142321473005,45
1.1652266984766366,45
1.1998124724214914,45
1.234801687855089,45
1.3188361456578614,45
3.018390946645105,45
3.1086832886522653,45
5.0962868338411695,45
7.630667269784773,45
10.633634389001692,45
13.100737512743097,45
16.44275780748812,45
19.759203266614232,45
22.05570519202008,45
24.86561063304053,45
27.53442585723948,45
29.248455949070816,45
29.353048128468053,45
29.45764030786529,45
29.562232487262527,45
29.666824666659764,45
29.771416846057,45
29.87600902545424,45
29.980601204851475,45
32.44069631266985,45
34.80007069552568,45
37.617096543838784,45
40.42684775046588,45
42.48416106626934,45
45.54190133829543,45
45.655202631155085,45
45.82350392401474,45
45.9368052168744,45
46.05010650973405,45
46.1634078025937,45
46.27670909545336,45
46.39001038831301,45
46.50331168117266,45
46.61661297403232,45
46.72991426689197,45
46.84321555975162,45
46.95651685261127,45
47.069818145470926,45
47.18311943833058,45
47.29642073119023,45
47.40972202404989,45
47.52302331690954,45
47.63632460976919,45
47.74962590262884,45
47.9179271954885,45
48.08622848834816,45
48.19952978120781,45
48.31283107406746,45
48.48113236692711,45
48.594433659786766,45
48.70773495264642,45
48.82103624550607,45
48.934337538365725,45
49.04763883122538,45
49.16094012408503,45
49.27424141694468,45
49.44254270980434,45
49.555844002664,45
49.66914529552365,45
49.7824465883833,45
49.95074788124296,45
50.06404917410261,45
50.17735046696227,45
50.34565175982192,45
50.45895305268157,45
50.572254345541225,45
50.68555563840088,45
50.79885693126053,45
50.91215822412018,45
51.02545951697984,45
51.13876080983949,45
51.25206210269914,45
51.3653633955588,45
51.47866468841845,45
51.5919659812781,45
51.70526727413775,45
51.873568566997406,45
51.98686985985706,45
52.10017115271671,45
52.213472445576365,45
52.32677373843602,45
52.44007503129567,45
52.55337632415532,45
0.1000728384154291,46
0.1966799409280585,46
0.2879871306577994,46
0.3187392493347003,46
0.4034574022153689,46
0.4323191893855407,46
0.4604500671485736,46
0.542943379805453,46
0.5703713027397468,46
0.5972913270453288,46
0.6787503277520015,46
2.5044856583336665,46
2.592941856906779,46
2.6809273576001003,46
2.7692818631986453,46
3.551859020219214,46
4.74148583315409,46
6.385963558183081,46
6.475620604083903,46
8.650320864246257,46
11.180447435901533,46
13.774051461180775,46
16.284047838967727,46
16.395634426396484,46
18.300455284901567,46
20.814015599968897,46
20.929181006928182,46
21.043811445618104,46
21.157904412213817,46
23.219250255356,46
25.7668701693908,46
25.88425083022588,46
26.001141457007705,46
28.75480413694704,46
30.95037563625854,46
31.011340969966724,46
31.12652924983532,46
31.21288397985216,46
34.09347227292773,46
36.98199109805944,46
37.034481164796375,46
37.08681797681572,46
37.194006082398914,46
37.30098659245493,46
40.30660257092701,46
43.46991457463078,46
45.19868237352114,46
45.31768763276151,46
46.81281662198117,46
46.92147027166894,46
47.02992539318612,46
48.23731152924111,46
48.33731869073918,46
48.412614153943565,46
51.0958915224891,46
53.97755865963509,46
54.08087977232745,46
56.89515003027728,46
60.04913100065997,46
61.95618544995287,46
63.170472781336855,46
63.28600279081266,46
64.78368571985166,46
64.83995715368192,46
64.95105707484882,46
66.10602283317249,46
67.60403442222278,46
67.66554619248667,46
67.78196511464293,46
67.89827431872268,46
68.00952561333557,46
71.01862099428105,46
71.13718473259625,46
72.99321170945693,46
73.05735909826518,46
73.86978239116952,46
74.68236915052651,46
74.80165359343586,46
74.92077505895395,46
75.03993307805489,46
75.15899795820029,46
75.27798027405046,46
75.36405341324304,46
76.57584815711179,46
76.63416895771466,46
76.7474596547459,46
76.80572042836633,46
76.9189514565932,46
77.03212077269838,46
77.14519129106361,46
77.20339956860857,46
77.31657848402627,46
78.47384453566987,46
78.58746656929509,46
78.69626525198476,46
80.19183495794789,46
81.91622714764236,46
82.72460346797554,46
83.53324895054453,46
83.64871740680964,46
0.1000728384154291,47
0.1966799409280585,47
0.2884871306577994,47
0.3789892512606923,47
0.4684573997970217,47
0.5020691897303143,47
0.5899500671127165,47
0.6179433773556078,47
0.7003713037171686,47
0.7272913280227506,47
0.8087503287294233,47
0.889932175288471,47
0.915992950210842,47
0.9969355213740194,47
2.4702705490687213,47
2.542373922775062,47
2.6246640580990634,47
3.809338559518131,47
4.996646990189823,47
5.085036751935752,47
7.25924229354647,47
7.353989106724533,47
7.448567551682266,47
9.155403894493851,47
11.688303989479811,47
14.193136495659624,47
17.195328516075882,47
19.953989891767712,47
23.122691881041497,47
23.940801802385696,47
26.707759944020573,47
28.78165084604255,47
30.00897955405589,47
30.13804294339948,47
30.258789761654743,47
30.378533226432697,47
32.57932105595811,47
35.28773772782384,47
36.10540419543669,47
36.17467878534438,47
36.29860741596877,47
36.42205822971109,47
38.62598722247414,47
38.75027009956917,47
40.90041843745351,47
43.169758640363725,47
43.29658229110528,47
45.37024827050244,47
45.49780367320891,47
47.96991089812232,47
48.09882266329607,47
49.78265050302356,47
51.2986265147612,47
53.37489632501765,47
55.648278220169146,47
55.77908385979031,47
58.05293614852699,47
60.58349862376504,47
62.10274142315326,47
64.72166035463424,47
64.85544003624905,47
67.38796168128614,47
67.52239723351013,47
67.65656999066987,47
70.27664994423644,47
70.41144905771968,47
70.54594895630686,47
70.68005793024265,47
73.3000589688659,47
73.43480703520163,47
76.13532237878938,47
78.46868644220085,47
78.60445538841532,47
78.73978927774485,47
80.95499186465022,47
83.48931015529932,47
83.6254584675599,47
83.76126740908688,47
83.8930852184254,47
84.0246802584292,47
84.15595134250984,47
84.98036484389085,47
85.11145360765494,47
85.24222899756633,47
85.37266286072784,47
87.11272469703091,47
89.32331186785865,47
89.45418231164476,47
91.8883001064461,47
91.96475165442452,47
92.0959029065487,47
92.2267595759446,47
94.14964975887136,47
95.6672050798486,47
95.79828885806282,47
97.72146892652763,47
97.85273297621757,47
97.98380517585112,47
100.36310288484944,47
100.49470931446726,47
0.1000728384154291,48
0.1966799409280585,48
0.291259717900147,48
0.3819010898059507,48
2.423478428978314,48
2.517950680810799,48
4.000253346521248,48
5.985659030038704,48
6.079661448258747,48
6.118291348922838,48
6.156574574071755,48
6.249533620435585,48
6.342125330824246,48
6.434316825825562,48
7.571731758076538,48
8.304600906330933,48
8.399250906664719,48
8.493673992115845,48
10.48383803363501,48
12.728792381245484,48
15.182771284306996,48
15.283781338656896,48
15.38454518857097,48
17.792351108218185,48
19.924516063357345,48
22.81365887029496,48
25.82471290280679,48
29.086710307869,48
31.006885586948663,48
32.46816730614184,48
32.59913606376035,48
34.67835928057609,48
36.37082763039543,48
38.554861351472496,48
38.71445353086973,48
38.81904571026697,48
38.978637889664206,48
41.44219873338538,48
43.74657311624121,48
43.90872292176081,48
45.62593646758562,48
45.788712100976326,48
47.33827008735138,48
47.50153371260655,48
47.60979733786171,48
47.77306096311687,48
49.54635746197112,48
51.44766859956156,48
51.60123414503727,48
53.503216925573405,48
53.61344023688149,48
53.72366354818957,48
53.83388685949765,48
53.999110170805736,48
55.90174444192945,48
56.06761924382511,48
56.178494045720775,48
56.34436884761644,48
57.14860372122917,48
57.31469141428196,48
58.8124930897074,48
60.022922171421946,48
60.13473896446838,48
60.24655575751482,48
60.358372550561256,48
60.52518934360769,48
62.02370639228513,48
62.13592907984268,48
62.24815176740022,48
62.36037445495777,48
62.47259714251532,48
62.58481983007287,48
62.734410715007336,48
62.84663340256488,48
62.95885609012243,48
63.07107877767998,48
63.18330146523753,48
63.350524152795074,48
63.46274684035262,48
63.62996952791017,48
63.74219221546772,48
63.85441490302527,48
64.02163759058281,48
64.13386027814036,48
64.3010829656979,48
65.10665297093807,48
65.96742128553913,48
66.08004241958024,48
66.19266355362134,48
66.30528468766245,48
66.41790582170356,48
66.53052695574466,48
66.64314808978577,48
66.81076922382688,48
68.0222967556474,48
68.13521199879982,48
68.24812724195223,48
68.36104248510465,48
68.47395772825706,48
68.62904822462217,48
0.1000728384154291,49
0.1966799409280585,49
0.291759717900147,49
0.3854010845099767,49
0.4795002870874337,49
0.5743361132386752,49
0.6697608545681984,49
0.7668679570808279,49
0.8649369190566946,49
0.9088223512404372,49
1.008010909997742,49
1.12189574643306,49
1.180780579441111,49
1.239665412449162,49
1.2985502454572129,49
1.3574350784652638,49
1.4713199149005818,49
1.5302047479086327,49
4.050584768050234,49
4.173069519095938,49
4.240554270439665,49
4.308039021783392,49
4.375523773127119,49
4.443008524470846,49
4.510493275814573,49
4.5779780271583,49
4.700462778204004,49
4.767947529547731,49
4.8354322808914585,49
4.902917032235186,49
5.0254017832808895,49
5.092886534624617,49
5.160371285968344,49
5.282856037014048,49
8.358576824062387,49
12.001538290147671,49
16.380494842688435,49
19.518430759146035,49
22.31738510977644,49
25.452838991436888,49
28.77801355432795,49
31.91516616718022,49
35.56468479103579,49
39.061096506872246,49
42.41575450904982,49
46.01023984723128,49
49.77342627981715,49
49.86431408360113,49
49.95460617410925,49
50.04436603020801,49
50.13364489556729,49
50.22248500718379,49
50.36592177928495,49
50.44717151973178,49
50.5282325585387,49
50.60911175912476,49
50.68981550311177,49
50.7703497393404,49
50.8455518829225,49
50.92046823443541,49
50.995114249841954,49
51.069503798776566,49
51.14364939689033,49
51.21480727672291,49
51.28194339750684,49
51.34901759799477,49
51.41603063564053,49
51.48023720225554,49
51.59933355132911,49
51.6633220601333,49
51.72720500555129,49
51.7909845703051,49
51.85466284867847,49
51.97324185178528,49
52.03672351242763,49
52.100109689582695,49
52.163402172553326,49
52.22660268481318,49
52.344712887574005,49
52.407734383099786,49
52.47066871778972,49
52.53351738504994,49
52.65128182797167,49
52.71396344183193,49
52.77656357643124,49
52.83908353828131,49
52.901524592654695,49
52.963887965507006,49
53.0261748452815,49
53.08838638460493,49
53.15052370188262,49
53.21258788280026,49
53.27457998173909,49
53.33650102311061,49
53.453352002616505,49
53.5106672517929,49
53.62298714565147,49
53.68031168851084,49
53.73764088469768,49
53.7949747385467,49
0.1000728384154291,50
0.1966799409280585,50
0.291259717900147,50
0.3844010845099767,50
2.429353570843299,50
5.020092515550331,50
7.430400252556982,50
10.48898463645629,50
14.076323506803597,50
18.15750688196688,50
21.36841350169957,50
21.442397465233896,50
21.515271702624105,50
21.5872383306312,50
21.658437063198647,50
21.72897028334515,50
21.798916256926766,50
21.868336763221865,50
21.937281811394687,50
22.00579271351233,50
22.07390417292334,50
22.19664575328109,50
22.264042942051887,50
22.33111793944501,50
22.39789025603079,50
22.46437717373732,50
22.530594107165246,50
22.650821506494424,50
22.716133323413253,50
22.781531007700007,50
22.90201605980106,50
22.96759003353438,50
23.05628813471013,50
23.086831066454035,50
23.11409242983656,50
23.1378177594135,50
23.15856829015149,50
23.1713146111889,50
23.1818289003296,50
23.19049507388456,50
23.196500912397934,50
23.200126867830587,50
23.202475488275123,50
23.255768410950733,50
23.254915387458933,50
23.2508751532024,50
23.24303032047657,50
23.230488683651966,50
23.211842955645007,50
23.239529598127884,50
22.197295773397965,50
0.1000728384154291,51
0.1966799409280585,51
0.236259717900147,51
0.2744010845099767,51
0.3664267333632353,51
0.4025407744325241,51
0.4789046620159563,51
0.5629920993841441,51
0.6470795367523319,51
0.7309770778801936,51
0.8147823086938567,51
0.8984078794613894,51
0.9243474203989324,51
2.1066825587198554,51
2.1355463072553693,51
2.2193815663353025,51
2.3053155124083577,51
3.7261657893553792,51
3.815512183298212,51
5.239008072008234,51
5.276135227818829,51
5.367975226779324,51
7.356203428645474,51
7.453498675663811,51
7.550703427930218,51
10.427515885968548,51
13.02524419266074,51
15.219618034304675,51
18.384418593628308,51
21.280627100137448,51
23.603312131033668,51
23.72848289540814,51
25.4639421508483,51
25.589601130610298,51
25.715066345440807,51
28.615263992995374,51
30.823060770618547,51
30.950739450160043,51
33.025158748107174,51
33.153414924761705,51
34.891446023297625,51
35.01943366503632,51
36.53376416662832,51
36.66119491744266,51
36.78808572506668,51
38.46969437548047,51
38.59648416776838,51
38.72291999479633,51
38.84900007772857,51
41.00023522092527,51
42.45849648989324,51
42.58512779714396,51
44.26326136754948,51
45.94185863277589,51
47.80334394447744,51
49.72034282967105,51
51.40039868331216,51
53.6690673426905,51
55.35030618418072,51
57.42361067469634,51
57.5507798062476,51
57.67776685122335,51
57.80467627210734,51
57.931444655217845,51
59.79547720045116,51
59.92266565111333,51
60.04980116968506,51
60.17677724868164,51
60.30358741739522,51
62.51053351369886,51
64.19287870208142,51
64.25805181898772,51
64.3781384682371,51
64.49812809434515,51
64.61809375601156,51
66.88145961359383,51
69.14597061668553,51
69.20055394266763,51
69.31009548549571,51
71.31158631687083,51
71.36616125722446,51
71.42075298373618,51
71.47536154856004,51
71.5849768670372,51
73.03078248821281,51
74.47731031119156,51
76.33035657365954,51
77.08513918213437,51
77.14678833689383,51
77.2084512562869,51
77.27012797831124,51
79.69096515844457,51
80.90830424972437,51
81.02361128006187,51
82.69421807236633,51
84.14233923836736,51
86.05189574565809,51
86.16967038147753,51
88.43105779805862,51
90.44216897172755,51
0.1000728384154291,52
0.1971799409280585,52
0.291759717900147,52
0.3849010845099767,52
0.4769267333632353,52
0.5130407744325242,52
0.5894046620159563,52
0.6734920993841441,52
0.7574836871717934,52
0.8411982810624936,52
0.8697363860427888,52
0.8981040199663691,52
0.9813068037937616,52
1.060600002677295,52
1.1398932015608283,52
1.219186400444362,52
1.2983249476264451,52
1.3791884830306504,52
1.4601264646361802,52
1.540773098738048,52
2.262034778864238,52
2.3451729318212005,52
2.3733348393897744,52
2.399028865070197,52
2.479722892315242,52
2.5054169179956647,52
2.5311109436760875,52
2.611664117694948,52
2.6920131830583545,52
2.7173622431318494,52
2.7427113032053443,52
2.82286426183686,52
4.005963531703803,52
4.090323959858272,52
4.174500313968513,52
5.818204728336188,52
5.907187779815051,52
5.996914205522391,52
7.476309237451407,52
7.569327515930984,52
7.662029480011317,52
8.449191009075495,52
8.54388793316588,52
10.251480420501084,52
12.244621594817492,52
12.346852605612131,52
12.44953868296847,52
14.346248125107142,52
16.94089863208041,52
19.078100656540247,52
21.974015211136194,52
25.13861619724315,52
25.26781600166941,52
25.39706871664232,52
26.16599978153161,52
26.29806889137591,52
26.43311153675894,52
28.4777445852756,52
30.01849800869787,52
30.17295707100025,52
33.091736615771865,52
34.29299964445268,52
35.78256080744582,52
35.88582760931907,52
36.027803928502216,52
36.82451950917391,52
36.92808790928566,52
37.031656309397405,52
37.19022470950915,52
37.33073852005768,52
38.856065436144505,52
40.38085189259503,52
42.12927036217111,52
42.26506694809304,52
43.03900209467725,52
44.218474483529306,52
45.74075517463196,52
46.920261176000416,52
47.0010222549291,52
47.13665412770186,52
47.21716004923048,52
47.29754311445544,52
47.377806269856976,52
47.45795232388747,52
47.53798395644879,52
47.61790372752135,52
47.69771408503765,52
47.83181904956266,52
49.99127099725354,52
51.68135790727616,52
53.1489989682984,52
54.61725773329835,52
56.309302158247554,52
56.44720287326277,52
56.58541619006289,52
56.6657379932083,52
56.745885106096914,52
56.8258634265859,52
56.90276115559154,52
56.98016049820533,52
0.1000728384154291,53
0.2151243381986281,53
0.3301758379818272,53
0.4452273377650263,53
0.5602788375482254,53
0.6753303373314244,53
0.7214024370279031,53
0.8169145738448815,53
0.919861741897078,53
0.9678089102472978,53
1.0707560782994945,53
1.1702375044789033,53
1.2731846725310998,53
1.3761318405832963,53
3.041583367225142,53
3.1416108688082414,53
3.938850768443556,53
5.433608539935561,53
5.539721899267645,53
7.214154653784247,53
8.434524469610663,53
8.543086678322764,53
10.394855768021555,53
12.081467103234637,53
13.54686635725131,53
13.680971250148096,53
13.760076143044882,53
13.894181035941669,53
15.357103847449848,53
17.63873598730525,53
20.29235148777281,53
20.43601763077883,53
23.35657585335085,53
26.34391680013128,53
26.49588598901554,53
26.63287651653204,53
28.103396775585743,53
28.240707712258285,53
29.4774426313046,53
29.61031615106032,53
31.129462136335263,53
32.874539299286795,53
33.01236461883634,53
33.151469605256565,53
33.28693469108572,53
33.41725167982897,53
36.11374084012323,53
37.576979637884335,53
37.65343348524576,53
37.78444060710551,53
37.91503766320695,53
38.04326505477147,53
41.16936636512013,53
41.29809210343039,53
43.67512798322052,53
43.74888258016332,53
45.48711154624456,53
45.56044694329806,53
45.6882055373566,53
47.42560626105688,53
48.59720732962945,53
48.6698318708712,53
48.7968454275752,53
51.12193522786769,53
51.24947471036691,53
53.40225670014086,53
54.862224326641645,53
54.99064649323765,53
57.06557708042383,53
58.238379026896176,53
58.36745253110684,53
58.49614809353088,53
59.95642119027234,53
60.08258013447469,53
60.20855885050289,53
62.35985587571602,53
63.53056717787909,53
64.98930535718668,53
65.11640187238265,53
67.13507285556643,53
68.8727206022532,53
68.94582931820348,53
69.01883892036201,53
69.14667784060043,53
70.82935085120774,53
70.95741359882896,53
73.16560027952862,53
74.3382004339136,53
74.46712694916751,53
74.54099285761876,53
74.66974181410836,53
77.04698261671437,53
79.20177683160202,53
79.3319814509997,53
80.1004553697289,53
80.23071931272429,53
80.36078257906284,53
82.4372617998515,53
82.56770263627371,53
84.58959139560176,53
0.1000728384154291,54
0.1966799409280585,54
0.291259717900147,54
0.3844010845099767,54
0.4214267333632353,54
0.4452369635587576,54
0.468502722088063,54
0.4912775208836439,54
0.5590628584509734,54
0.6263542821293715,54
0.6889888470655325,54
0.75164708249625,54
0.7555018317548576,54
0.7546054991439934,54
0.747587230104303,54
0.731828790205812,54
-0.298886198502684,54
0.1000728384154291,55
0.1966799409280585,55
0.2947254538029468,55
0.3905704287922147,55
0.4905799493961582,55
0.5936435981189316,55
0.7056660441878453,55
0.8176884902567589,55
0.9297109363256726,55
1.0417333823945862,55
2.4896387082511726,55
2.6062496729878686,55
4.057941034541361,55
4.818156403309256,55
4.886014304876367,55
4.953872206443478,55
5.021730108010589,55
6.245410481370412,55
6.357653819274818,55
7.517942846086641,55
7.640153186860815,55
7.755867112714337,55
8.917455655748316,55
10.42442635850142,55
10.492130025675175,55
10.61829942875173,55
10.693352659103054,55
10.82340588945438,55
10.898459119805704,55
11.023019288713687,55
11.79230566210962,55
11.923444854945608,55
13.794309217070449,55
15.54004729668629,55
17.57000004632371,55
19.447905183383902,55
21.73409134670668,55
21.878052932693222,55
24.367919151777308,55
27.02792981302347,55
29.204136647966543,55
30.91134070933997,55
31.064106858279303,55
31.16206775941281,55
31.26002866054632,55
31.41298956167983,55
31.565950462813337,55
32.3574428859401,55
32.510788128506924,55
33.70830971026234,55
33.80721900334965,55
33.96112829643696,55
36.1959153387672,55
36.351260839417606,55
37.60573362656811,55
37.7615941250505,55
39.24941718273068,55
40.79288848926908,55
41.58852962414909,55
41.74602357846915,55
43.64120117230197,55
43.744619296906734,55
43.9030374215115,55
44.04623293392764,55
46.23026665500471,55
46.33485883440195,55
46.49445101379919,55
47.9859016048368,55
48.09105783475452,55
48.19621406467225,55
49.743214424924936,55
49.84892042405773,55
49.954626423190525,55
50.09923804319898,55
51.30395971208729,55
51.41006909230749,55
51.57117847252768,55
51.67728785274788,55
52.937405545818,55
53.09891095022,55
53.26054677377738,55
53.401546925409534,55
54.23712933970961,55
54.38083574414166,55
54.52625089504232,55
54.61928228666181,55
54.76701055517221,55
55.96394046883956,55
56.07121689118494,55
56.17849331353032,55
56.2857697358757,55
56.39304615822108,55
56.55532258056645,55
56.66259900291183,55
56.80942021299042,55
56.90362723149878,55
57.001299985909945,55
57.10870229106639,55
57.21610459622283,55
57.32350690137927,55
0.1000728384154291,56
0.1966799409280585,56
0.291259717900147,56
0.3819010898059507,56
2.6760948344653746,56
2.7729648693984648,56
2.8697378158157965,56
2.96670686896502,56
4.452032086212029,56
7.143152710754265,56
9.594508168060171,56
12.65572360713361,56
15.947602281671172,56
19.79849983422623,56
22.44814940361783,56
22.59285685824896,56
25.262822800619013,56
25.367839385527528,56
25.472855970436044,56
25.57787255534456,56
25.682889140253074,56
25.78790572516159,56
25.947922310070105,56
26.09989170541645,56
26.193395364859995,56
26.284871698763,56
26.374909622303743,56
26.463831828087915,56
28.85795620597477,56
29.003524710795364,56
29.093280620968475,56
29.182337721429707,56
29.27078181028048,56
29.413679902671426,56
29.55608579469831,56
29.643043625931742,56
32.03217642569258,56
34.69170951648346,56
34.78282751391001,56
34.871918185796005,56
34.95957044731975,56
35.10110699108692,56
35.18673192707012,56
35.27158610965419,56
35.35577263527513,56
35.43937024571779,56
35.52244105358216,56
35.605035310547514,56
35.68719451062792,56
35.76895349716995,56
35.87522981547208,56
35.927163914872736,56
35.99302758672826,56
36.11004405393601,56
36.1645889423728,56
36.21680731996298,56
36.26626142039299,56
36.313451743865016,56
36.35767416953445,56
36.3992714799881,56
36.43940384610892,56
36.47534537240267,56
36.512016943836215,56
36.60042450501919,56
36.68495634123087,56
36.70972600690425,56
36.728332069882754,56
36.78975116945208,56
35.83417474962175,56
0.1000728384154291,57
0.1416799409280584,57
0.236259717900147,57
0.3299010845099767,57
0.4224267333632353,57
0.4590407744325241,57
0.5498840621026766,57
0.5850596928097065,57
0.6746464083384545,57
0.7062063189636738,57
0.7372896811406882,57
0.7679379852901966,57
0.798186077777651,57
0.8830636283796103,57
0.9684295496385368,57
1.0534727788012297,57
1.08343848683348,57
1.1133278562169344,57
1.1431420380662949,57
1.2278821478079829,57
1.25754925892165,57
1.3421017555933268,57
1.42662599966338,57
3.5423310129385266,57
5.717987331603077,57
5.81398430005124,57
8.217055941973236,57
10.518189574633148,57
13.523609550025572,57
16.58835415154795,57
20.242586057982432,57
22.675612558741403,57
25.05735202009599,57
26.805936564842018,57
26.965385412206675,57
29.15039681010253,57
31.65531452896981,57
33.60984963158858,57
33.77262526497929,57
33.93540089837,57
34.04317653176071,57
36.15270923530255,57
36.31633178978907,57
36.47446128283225,57
38.42158504492283,57
40.12737279284793,57
40.271092346821455,57
42.20547847843935,57
44.7456361283615,57
44.88601096033106,57
45.024090844358014,57
46.89899924659319,57
46.98158205833971,57
47.118656377755975,57
47.24834969930284,57
47.37712130183882,57
48.89244515452875,57
50.4081047569253,57
52.14729788032454,57
52.27678313937018,57
54.54943765810464,57
56.41721872963945,57
58.1580997235618,57
58.28918682653921,57
58.3573041338233,57
58.4253747117953,57
58.54827384439991,57
59.71522131108433,57
59.78349561397126,57
59.85170977397887,57
59.9748645059503,57
61.653251676939625,57
61.72219017122804,57
61.791117924373765,57
61.86003495940177,57
61.98381992124651,57
63.15166073798152,57
64.83103739419734,57
65.59433389185669,57
65.66439730487237,57
65.73437626481223,57
65.8588943724531,57
67.77587089644892,57
68.53934503182177,57
68.60950572027613,57
68.67950549379718,57
68.74934937004436,57
68.81904206319453,57
68.888588010669,57
69.01286647705918,57
69.77343736239574,57
69.84069786730632,57
69.90200693746951,57
70.01819762204008,57
70.76729449246244,57
70.82316593814807,57
70.87896032247858,57
70.93467881519513,57
71.04523765284733,57
72.48762737948613,57
0.1000728384154291,58
0.1966799409280585,58
0.291259717900147,58
0.3867511026562054,58
0.4829966018609366,58
0.5791920965895963,58
0.6746168379191195,58
0.7664258648160731,58
1.5526606608632838,58
1.590878130913142,58
1.684228936255339,58
1.7688330430988108,58
1.8533020038608348,58
2.633841814518336,58
4.057239355564478,58
4.094903165519598,58
4.1331984457079205,58
4.17221663337982,58
4.21208020117915,58
4.307961767584446,58
4.352622998215906,58
4.399008431278824,58
4.503047005597052,58
4.558105443936911,58
4.61865694372011,58
4.679208443503309,58
4.794759943286508,58
4.855311443069707,58
4.915862942852906,58
4.976414442636105,58
5.036965942419304,58
5.097517442202503,58
5.158068941985702,58
5.218620441768901,58
5.3341719415521,58
5.394723441335299,58
5.455274941118498,58
5.515826440901697,58
5.576377940684896,58
5.691929440468095,58
5.752480940251294,58
5.813032440034493,58
5.873583939817692,58
5.934135439600891,58
5.99468693938409,58
6.055238439167289,58
6.115789938950488,58
6.176341438733688,58
6.236892938516887,58
6.297444438300086,58
6.357995938083285,58
6.418547437866484,58
6.479098937649683,58
6.594650437432882,58
6.655201937216081,58
6.71575343699928,58
6.831304936782479,58
6.946856436565677,58
7.007407936348876,58
7.0679594361320754,58
7.1285109359152745,58
7.189062435698474,58
7.249613935481673,58
7.310165435264872,58
7.370716935048071,58
7.43126843483127,58
7.491819934614469,58
7.552371434397668,58
7.612922934180867,58
7.673474433964066,58
7.734025933747265,58
7.850636898483961,58
8.607370470844785,58
8.670956862645664,58
8.734543254446542,58
8.798129646247421,58
8.8617160380483,58
8.98030242984918,58
9.04388882165006,58
9.16247521345094,58
9.28106160525182,58
9.344647997052698,58
9.408234388853575,58
9.471820780654456,58
9.535407172455336,58
9.598993564256212,58
9.717579956057094,58
9.781166347857972,58
9.844752739658851,58
9.90833913145973,58
9.971925523260609,58
10.035511915061488,58
10.099098306862366,58
10.162684698663243,58
10.281271090464124,58
10.344857482265004,58
10.463443874065884,58
10.527030265866763,58
10.590616657667642,58
10.65420304946852,58
0.1000728384154291,59
0.1971799409280585,59
0.292259717900147,59
2.1283577213533738,59
2.2262891932813544,59
4.27421102971763,59
5.757356453460874,59
5.853834672606739,59
5.895050440839498,59
5.9909364192332974,59
6.086743240301014,59
6.12755006136873,59
6.209087390029218,59
6.290343317711141,59
6.372540909373548,59
6.40058920676389,59
6.483196386644032,59
7.605282792398121,59
7.683625267395165,59
8.808789060959008,59
9.535275652749544,59
9.623571960264917,59
9.708956515425914,59
9.794185413057082,59
10.57525963895964,59
11.990418983632797,59
12.019283959651464,59
12.048148935670133,59
12.131792468959564,59
13.958442373210662,59
15.844562811786409,59
15.93850832247185,59
17.982430985206836,59
18.07918708586144,59
19.22089498304772,59
20.70691995882439,59
20.8062912952249,59
21.94648594968962,59
24.189017010862106,59
24.283250546092265,59
24.322361828768724,59
24.416318515325063,59
26.250052073979848,59
26.34684261866855,59
28.590490432465547,59
28.6339705605154,59
28.67741754093217,59
28.72083158978271,59
28.764212923133844,59
28.807561753327125,59
28.90581431799578,59
30.74216893129992,59
32.86929085665392,59
35.11708214693712,59
35.22253124975609,59
37.91660850309776,59
40.86346142553734,59
40.91789810919212,59
40.97239028849648,59
41.08193858155059,59
41.19111713954257,59
43.787803264344205,59
46.68615114004606,59
50.14378915436309,59
52.41316287695191,59
54.09602423118104,59
54.22457330772646,59
55.68552016566872,59
55.75453126594774,59
55.82398994921429,59
55.94894025624341,59
56.01943585016021,59
56.14554356115308,59
56.27116416158091,59
57.95247550824502,59
59.69023982538012,59
61.37434789042664,59
61.50337448250811,59
63.658493421817376,59
65.5270051116029,59
67.21430824685103,59
67.34528476855984,59
67.47504381136783,59
68.29800799806813,59
70.16544841962536,59
70.29484022640804,59
71.46817425939777,59
71.597690846736,59
71.72701036423153,59
71.85524809526892,59
73.37005511232401,59
73.44325655671483,59
73.57098929334548,59
75.08530221897877,59
75.21261421582685,59
76.38369859967435,59
76.45591884305679,59
77.68194360679824,59
77.80919050382766,59
77.93612183874053,59
0.1000728384154291,60
0.2151243381986281,60
0.3301758379818272,60
0.4452273377650263,60
0.5602788375482254,60
0.6753303373314244,60
0.7764024370279031,60
0.8756645748862939,60
0.915081212094282,60
1.0067727376529685,60
1.0445276396536811,60
1.0822825416543942,60
1.120037443655107,60
1.2127923456558198,60
1.296365776432416,60
2.030475058926007,60
2.126437181008717,60
2.1673993071147413,60
2.208361433220765,60
2.251361430955789,60
2.9909676326045007,60
3.0389148009547204,60
3.088221204800269,60
3.1375276086458177,60
3.1868340124913663,60
3.237388574851414,60
3.2890945722886533,60
3.3418670160302133,60
4.501030804481522,60
4.561582304264721,60
4.623193269001417,60
4.684804233738113,60
4.801415198474809,60
4.863026163211504,60
4.9246371279482,60
4.986248092684896,60
5.047859057421592,60
5.109470022158288,60
5.171080986894983,60
5.232691951631679,60
5.294302916368375,60
5.355913881105071,60
5.417524845841767,60
5.479135810578462,60
5.540746775315158,60
5.602357740051854,60
5.66396870478855,60
5.725579669525246,60
5.7871906342619415,60
5.848801598998637,60
5.910412563735333,60
5.972023528472029,60
6.033634493208725,60
6.0952454579454205,60
6.156856422682116,60
6.218467387418812,60
6.280078352155508,60
6.341689316892204,60
6.4033002816289,60
6.464911246365595,60
6.526522211102291,60
6.588133175838987,60
6.7047441405756825,60
6.766355105312378,60
6.827966070049074,60
6.88957703478577,60
6.951187999522466,60
7.0127989642591615,60
7.129409928995857,60
7.191020893732553,60
7.252631858469249,60
7.314242823205944,60
7.37585378794264,60
7.437464752679336,60
7.499075717416032,60
7.560686682152728,60
7.622297646889423,60
7.738908611626119,60
7.800519576362815,60
7.862130541099511,60
7.923741505836206,60
7.985352470572902,60
8.046963435309598,60
8.108574400046294,60
8.17018536478299,60
8.286796329519685,60
8.348407294256381,60
8.410018258993077,60
8.471629223729773,60
8.533240188466468,60
8.594851153203164,60
8.65646211793986,60
8.718073082676556,60
8.834684047413251,60
8.951295012149947,60
9.012905976886644,60
9.129516941623338,60
9.246127906360034,60
9.30773887109673,60
9.369349835833424,60
0.1000728384154291,61
0.1416799409280584,61
0.236259717900147,61
0.3294010845099767,61
0.4189267394219716,61
3.027239107814916,61
3.1243876156483967,61
3.2183624816213925,61
3.3122827050362904,61
3.40599013241876,61
3.499493451145776,61
3.5927290630613644,61
4.7860183429991086,61
4.880269551006444,61
6.3606742856179554,61
6.454628379372247,61
7.242700846222528,61
7.337386691299565,61
8.765318238464483,61
10.255246053772789,61
10.358934961394674,61
10.46262386901656,61
12.361378256382569,61
14.263199183342495,61
16.112950196446043,61
16.223062247278452,61
16.33392102455362,61
16.390657964672005,61
16.448460870892696,61
16.507620352588322,61
16.56864740182546,61
16.632689431480422,61
16.76052075072315,61
16.841399259528046,61
16.977277768332943,61
17.05815627713784,61
17.139034785942737,61
17.274913294747634,61
17.35579180355253,61
17.43667031235743,61
17.517548821162325,61
17.598427329967222,61
17.67930583877212,61
17.815184347577016,61
17.951062856381913,61
18.03194136518681,61
18.112819873991707,61
18.193698382796605,61
18.2745768916015,61
18.3554554004064,61
18.491333909211296,61
18.5722124180162,61
18.70809092682109,61
18.788969435625987,61
18.869847944430884,61
18.95072645323578,61
19.03160496204068,61
19.11248347084557,61
19.193361979650472,61
19.27424048845537,61
19.355118997260263,61
19.435997506065164,61
19.57187601487006,61
19.65275452367496,61
19.73363303247985,61
19.81451154128475,61
19.95039005008965,61
20.031268558894546,61
20.112147067699443,61
20.19302557650434,61
20.27390408530924,61
21.79771658090384,61
23.828746314434063,61
26.11403380920624,61
28.69039436361304,61
30.86328797490893,61
33.03801127631864,61
35.214422006882735,61
36.05994051233972,61
36.15731183723675,61
36.25468316213378,61
36.35205448703081,61
36.449425811927846,61
36.60179713682488,61
36.69916846172191,61
36.79653978661894,61
36.893911111515976,61
36.99128243641301,61
37.08865376131004,61
37.186025086207074,61
37.28339641110411,61
37.43576773600114,61
37.53313906089817,61
37.630510385795205,61
37.72788171069224,61
37.82525303558927,61
37.9226243604863,61
38.074995685383335,61
38.17236701028037,61
38.2697383351774,61
0.1000728384154291,62
0.1966799409280585,62
0.3117314407112576,62
0.4267829404944566,62
0.5393344433778909,62
0.6518859462613252,62
0.7504580514306215,62
0.842352126705089,62
0.9352687569135812,62
0.9708352805847316,62
1.0552837075466304,62
1.1365098031038432,62
1.861043837832847,62
1.897923738675752,62
1.9348036395186567,62
1.9716835403615625,62
2.008563441204468,62
2.0454433420473723,62
2.127093688564935,62
2.151021701263824,62
2.9290938200229792,62
2.9622221486443667,62
2.995350477265754,62
3.0834788055891185,62
3.163177569376865,62
3.1910986741805463,62
3.223821702393332,62
3.2604157654369263,62
3.2970098284805207,62
3.388603891226092,62
3.425197954269686,62
3.461792017313281,62
3.498386080356875,62
3.5349801434004693,62
3.571574206444064,62
3.608168269487658,62
4.343402589651385,62
4.385489716174641,62
4.427576842697897,62
4.52466396519784,62
4.5667510917210965,62
4.608838218244353,62
4.650925344767609,62
4.693012471290865,62
4.735099597814122,62
4.777186724337378,62
4.819273850860634,62
4.861360977383891,62
4.903448103907147,62
5.00053522640709,62
5.042622352930346,62
5.084709479453602,62
5.126796605976859,62
5.168883732500115,62
5.265970855000058,62
5.308057981523314,62
5.35014510804657,62
5.392232234569827,62
5.434319361093083,62
5.476406487616339,62
5.518493614139596,62
5.560580740662852,62
5.602667867186108,62
5.644754993709364,62
5.686842120232621,62
5.728929246755877,62
5.771016373279133,62
5.81310349980239,62
5.855190626325646,62
5.897277752848902,62
5.939364879372159,62
5.981452005895415,62
6.023539132418671,62
6.065626258941927,62
6.107713385465184,62
6.14980051198844,62
6.191887638511696,62
6.233974765034953,62
6.276061891558209,62
6.318149018081465,62
6.3602361446047215,62
6.402323271127978,62
6.444410397651234,62
6.541497520151177,62
6.583584646674433,62
6.6256717731976895,62
6.667758899720946,62
6.709846026244202,62
6.751933152767458,62
6.794020279290715,62
6.836107405813971,62
6.878194532337227,62
6.920281658860484,62
6.96236878538374,62
7.004455911906996,62
7.0465430384302525,62
7.088630164953509,62
7.130717291476765,62
7.227804413976708,62
7.269891540499964,62
0.1000728384154291,63
0.2151243381986281,63
0.3301758379818272,63
0.4427273408652615,63
0.5557788447619748,63
0.6688303486586881,63
0.7818818525554013,63
0.8949333564521146,63
0.9975876496316266,63
3.0621909783364605,63
5.264960973072178,63
7.421575937530993,63
9.348345210760474,63
12.07286956784841,63
14.358460770006191,63
17.223773625853482,63
20.512033990721964,63
22.402702753037328,63
22.501612046124635,63
22.60052133921194,63
22.699430632299247,63
22.79833992538656,63
22.89724921847386,63
23.05115851156117,63
23.15006780464848,63
23.248977097735786,63
23.40288639082309,63
23.5017956839104,63
23.600704976997704,63
23.69961427008501,63
23.85352356317232,63
24.00743285625963,63
24.106342149346936,63
24.205251442434243,63
24.30416073552155,63
24.40307002860885,63
24.50197932169616,63
24.600888614783468,63
24.69979790787077,63
24.79870720095808,63
24.897616494045387,63
24.996525787132693,63
25.150435080220003,63
25.24934437330731,63
25.348253666394616,63
25.44716295948192,63
25.54607225256923,63
25.64498154565653,63
25.74389083874384,63
25.89780013183115,63
25.996709424918457,63
26.095618718005763,63
26.19452801109307,63
26.293437304180376,63
26.39234659726768,63
26.546255890354992,63
26.6451651834423,63
26.744074476529605,63
26.84298376961691,63
26.941893062704217,63
27.040802355791524,63
27.13971164887883,63
27.238620941966136,63
27.39253023505345,63
27.491439528140752,63
27.59034882122806,63
27.689258114315365,63
27.78816740740267,63
27.94207670048998,63
28.040985993577287,63
28.1398952866646,63
28.293804579751903,63
28.39271387283921,63
28.49162316592652,63
28.590532459013826,63
28.68944175210113,63
28.788351045188435,63
28.942260338275744,63
29.09616963136305,63
29.19507892445036,63
29.293988217537667,63
29.392897510624973,63
29.49180680371228,63
29.590716096799586,63
29.68962538988689,63
29.7885346829742,63
29.887443976061505,63
29.98635326914881,63
30.08526256223612,63
30.184171855323424,63
30.28308114841073,63
30.38199044149804,63
30.480899734585343,63
30.57980902767265,63
30.678718320759955,63
30.77762761384726,63
30.876536906934568,63
30.975446200021874,63
31.07435549310918,63
31.173264786196487,63
0.1000728384154291,64
0.1966799409280585,64
0.291259717900147,64
0.3294010845099767,64
0.4214267333632353,64
0.5136564921890951,64
0.5897854145919539,64
1.7769681986724593,64
4.272415357485936,64
6.677305179492161,64
8.11745576792047,64
8.225609085475783,64
11.46605264634584,64
14.679595849032369,64
14.800688957326193,64
17.48876491522075,64
17.603862394199226,64
17.718210381327257,64
19.72519401941913,64
19.84096676422224,64
22.44436153182113,64
25.05001836147932,64
26.78094826245992,64
26.90212796423175,64
27.02321095118937,64
27.14395152872062,64
30.527241001382592,64
32.59936495497256,64
34.6721741726763,64
36.74569670596448,64
36.87271934713596,64
39.19772909820775,64
39.32504707352544,64
41.8833993410308,64
44.442752011390176,64
44.57175558179148,64
44.70035269132516,64
44.828501289432246,64
46.28805429987614,64
46.357791092626144,64
46.48229034070608,64
46.60656281961229,64
48.811065237461946,64
48.93588163256011,64
50.85297578293467,64
50.91459306970651,64
51.03107275565698,64
53.54724826189708,64
55.55744768868696,64
55.67654292244046,64
58.099610162092624,64
58.16496500953398,64
58.28509694982824,64
60.35200524241951,64
60.41787406840252,64
60.5386168372888,64
60.65223066223981,64
62.31900655594232,64
63.98668290869026,64
64.0448474300232,64
64.15783516959955,64
64.90926087681939,64
65.02244431864659,64
65.08053445017246,64
65.13853298090523,64
65.25143541444567,64
66.40844709254182,64
68.54765354271402,64
70.21762655939095,64
71.72004696236439,64
71.83599919754467,64
73.28078561980718,64
74.4383575182069,64
74.49742120772868,64
74.55641283835715,64
74.67033343385239,64
74.72918398929185,64
74.84294265853131,64
74.8921097774979,64
74.99622815446818,64
77.7558943589207,64
79.60012989835704,64
81.0444649410585,64
82.95027113341662,64
82.99731450163695,64
83.09929341458651,64
85.55114670232088,64
86.7043103007757,64
86.8138161821777,64
86.92327704422904,64
87.01923189454509,64
87.06015713282657,64
87.10105293013883,64
87.19690602042509,64
89.0309507153256,64
91.02570156706066,64
92.9228269838976,64
95.61545747953669,64
97.05611514736034,64
97.11042148257812,64
0.1000728384154291,65
0.1966799409280585,65
0.291259717900147,65
0.3844010845099767,65
1.867180156785507,65
3.5700070794605967,65
3.6640091013120473,65
3.758709932875374,65
3.851896060218717,65
3.890898082070168,65
3.974941085688885,65
4.060773532502468,65
5.193523686044033,65
6.672707717530544,65
7.811549227349575,65
7.906522038988884,65
7.946857709102447,65
8.042584638707455,65
8.083736069165285,65
8.125351406298693,65
8.167478136383112,65
8.265174582265432,65
8.304404329173382,65
8.344247087501104,65
8.384788654409464,65
8.426142815165337,65
8.523467752747353,65
8.566998503767069,65
8.612121525816734,65
8.659594565294798,65
8.766649052165564,65
8.825635015629347,65
8.88462097909313,65
8.943606942556913,65
9.002592906020697,65
9.06157886948448,65
9.120564832948263,65
9.179550796412046,65
10.906987338923033,65
12.58261826600891,65
14.598267584703978,65
16.622338359448058,65
19.007441586916816,65
21.659516390013664,65
24.5847006803556,65
27.725988411342257,65
29.770052482571742,65
29.923397725138567,65
30.0217429677054,65
30.12008821027221,65
30.273623102289896,65
30.37215799430757,65
30.47069288632526,65
30.62422777834294,65
30.722762670360623,65
30.821297562378305,65
30.919832454395987,65
31.01836734641367,65
31.11690223843135,65
31.21543713044904,65
31.313972022466714,65
31.4125069144844,65
31.51104180650208,65
31.60957669851976,65
31.70811159053744,65
31.806646482555124,65
31.905181374572805,65
32.00371626659049,65
32.10225115860817,65
32.25578605062585,65
32.35432094264353,65
32.452855834661214,65
32.606390726678896,65
32.70492561869658,65
32.80346051071426,65
32.90199540273194,65
33.00053029474962,65
33.099065186767305,65
33.19760007878499,65
33.35113497080267,65
33.44966986282035,65
33.54820475483803,65
33.646739646855714,65
33.8002745388734,65
33.95380943089108,65
34.05234432290876,65
34.15087921492644,65
34.24941410694412,65
34.347948998961805,65
34.501483890979486,65
34.60001878299717,65
34.69855367501485,65
34.79708856703253,65
34.89562345905021,65
34.994158351067895,65
35.09269324308558,65
35.19122813510326,65
35.34476302712094,65
35.49829791913862,65
35.596832811156304,65
0.1000728384154291,66
0.1966799409280585,66
0.2884871306577994,66
0.3789892512606923,66
0.4684573997970217,66
0.5572100441151479,66
0.6454645392285298,66
0.6783855774694183,66
0.7109940139254002,66
0.7982022368430144,66
0.8303410141998252,66
0.9173102837982576,66
0.9998656076374453,66
2.643893436807672,66
3.373144165891687,66
3.409155396092216,66
3.445075989979784,66
3.4809075606050888,66
3.5166516651394764,66
3.607309808302204,66
3.6428834435525337,66
3.6783739750268856,66
3.713782758730928,66
3.804111109394113,66
3.83936030538706,66
3.871098351943771,66
3.9027848516586223,66
3.930024327057878,66
3.957164296227972,66
3.9842067019077936,66
4.008551433030049,66
4.087848543468396,66
4.112098484579007,66
4.13143992731301,66
4.150735075864474,66
4.22498435089318,66
4.244188170227687,66
4.263346947077195,66
4.337461083475033,66
4.35653096744744,66
4.375556989851872,66
4.394539534393231,66
4.4684789770278135,66
4.487375683430115,66
4.506230018380562,66
4.525042335781733,66
4.543812985810916,66
4.562542311194817,66
4.581230654660145,66
4.6548783474597135,66
4.719191103521268,66
4.728483741450588,66
4.737756339180748,66
4.747008976805488,66
4.752539274561683,66
4.754255470283794,66
4.7512312051136965,66
4.742085003689396,66
4.724219556361901,66
3.691407914668786,66
0.1000728384154291,67
0.2151243381986281,67
0.3301758379818272,67
0.4452273377650263,67
0.5602788375482254,67
0.6728303404316597,67
0.7164024384483986,67
0.8137895734772377,67
0.9012131439313584,67
0.9367796676025084,67
0.9731595711574248,67
1.0063171321317843,67
1.0356406336441926,67
1.0602436335549048,67
1.1337246941194228,67
1.1435261945963195,67
0.1384011488199523,67
0.1000728384154291,68
0.1966799409280585,68
0.2942489029039251,68
0.3386229316074785,68
0.428698834248298,68
0.5179629216272768,68
1.3011058459360536,68
1.3915441895205911,68
3.223799791403525,68
3.318197783299201,68
5.024780329533332,68
5.121062625416034,68
5.212523099251502,68
5.251551738936137,68
5.290404922021716,68
5.384088597348915,68
5.422608323562001,68
5.460969306283513,68
5.499176430711692,68
5.537234290324122,68
5.575147212252186,68
5.612919279795416,68
5.650554352467705,68
5.688056083904584,68
5.780427937909447,68
5.817673202874388,68
5.854795004776377,68
5.891796318920471,68
5.983679980577514,68
6.0204486946434335,68
6.0571050444300925,68
6.148651499683158,68
6.185090423910118,68
6.22142408109109,68
6.312654641836048,68
6.348784189044418,68
6.384814723116307,68
6.42074816675891,68
7.842904371252531,68
7.933672315153003,68
7.96934809054503,68
8.00493336572884,68
8.040429749682543,68
8.130838795171044,68
8.166162001641434,68
8.201400817922886,68
8.236556644747294,68
8.271630837105265,68
8.361624706450716,68
8.452388496214981,68
9.589220441950152,68
11.016590906751926,68
12.446423662400186,68
13.239091459129108,68
14.95059791174007,68
15.691557926131615,68
17.182295954211053,68
18.331399420360423,68
20.330331115468013,68
21.77077950429087,68
23.61840139303856,68
26.075122645762683,68
28.388183501811188,68
30.52998508146532,68
33.303204694015804,68
34.061514699521794,68
34.12629586787687,68
34.19072245732737,68
34.3098179565826,68
34.373602934785374,68
34.49209555414587,68
34.55531196916781,68
34.618266642190974,68
34.67205188518112,68
34.72567261116573,68
34.83354735779434,68
34.88627551411916,68
34.938861255753324,68
34.980664097978845,68
35.022379585152976,68
35.064009217287484,68
35.105554443747884,68
35.14701666577591,68
35.188397238847244,68
35.22969747487768,68
35.27091864428976,68
35.31206197795065,68
35.34878772199588,68
35.432552394360286,68
35.51628427972196,68
35.59998359167852,68
35.628650541062555,68
35.65728533599494,68
35.68588818193683,68
37.38280901203082,68
38.10974737603294,68
39.53229304210407,68
40.66878727421283,68
42.31861266002563,68
43.97064978184339,68
0.1000728384154291,69
0.1971799409280585,69
0.237259717900147,69
0.3309010845099767,69
0.4240659002207847,69
0.5169544025382176,69
0.6094302997372103,69
0.6441646010062647,69
0.7314535618207407,69
0.8184882343194437,69
0.8502809234342528,69
0.8818428010127497,69
0.9681840554258776,69
0.9993140116713,69
1.03024123761868,69
1.0609736346087408,69
1.0915185079357577,69
1.1218826376280735,69
1.207072330304141,69
1.2920934684953642,69
1.321951551028247,69
1.3516517259559584,69
1.3811988249800158,69
1.4655974001071406,69
1.494851732291932,69
1.5239658706269217,69
1.5480088848999691,69
2.669090713971014,69
4.490722503178473,69
4.520444884561654,69
4.550021722578164,69
4.63445714082634,69
4.663755025380011,69
4.692919056527968,69
4.721952728592511,69
4.750859349631424,69
4.779642071240302,69
4.863303888254519,69
4.946847658269759,69
4.975276101045962,69
5.0035918165377335,69
5.031797291376348,69
5.059894904159661,69
5.0878869329026895,69
5.115775560625549,69
5.143562880941387,69
5.171250907369609,69
5.198841573335882,69
5.226336739622708,69
5.253738194369431,69
5.281047662385459,69
5.308266805150266,69
5.335397226401325,69
5.362440472134109,69
5.389398036190029,69
5.471271363683696,69
5.49806184846973,69
5.579770838507171,69
5.606399645694252,69
5.632949534469004,69
5.659421728589292,69
5.685817418285366,69
5.712137758397217,69
5.738383864649292,69
5.819556822665687,69
5.845657691024895,69
5.87168749202108,69
5.897647222169395,69
5.923537850045319,69
5.949360316284652,69
5.975115539171453,69
6.055804410614725,69
6.081427799203153,69
6.16198655370688,69
6.187481494285818,69
6.212913427167292,69
6.2382831383875565,69
6.263591389768477,69
6.288838930093403,69
6.314026487656589,69
6.339154772125836,69
6.364224478267785,69
6.389236284085269,69
6.414190852679964,69
6.439088832252379,69
6.462889756672736,69
7.173356737606879,69
7.878485764973517,69
9.508053626530524,69
9.528136938475724,69
9.548173952513094,69
9.568165095188377,69
9.58811078373408,69
9.608011426069494,69
9.627867426388615,69
9.647679177709575,69
9.667447069325204,69
9.68717148307776,69
9.706852791496273,69
9.723633970730658,69
0.1000728384154291,70
0.1966799409280585,70
0.3027726433651173,70
1.5095741161257077,70
1.6009626173526097,70
1.6908397161513613,70
2.829175182536249,70
4.954286762431268,70
4.9988410332351965,70
5.042483695700769,70
5.140355602756147,70
5.180281818762426,70
5.220396735623483,70
5.260707751765851,70
5.301222884014253,70
5.39695081199706,70
5.437900998547677,70
5.47908378477395,70
6.616314300253992,70
6.655600239440803,70
6.689486705616121,70
6.72406392256916,70
6.75944285179675,70
6.795777057215576,70
6.833293207839136,70
6.87236013348401,70
8.362736725166444,70
10.37091901238263,70
12.89262940819562,70
15.369629573890776,70
17.938578824260883,70
21.363259297067017,70
25.074348293969354,70
26.95488039756381,70
27.09721462156796,70
27.18343312781553,70
27.26874002627913,70
27.408276171343594,70
27.54714465944494,70
27.630424232368,70
27.76817700271277,70
27.905453222158524,70
27.987294384719327,70
28.068735333741763,70
28.14980574290343,70
28.23053118770766,70
28.305147796910543,70
28.37904420926232,70
28.452133267273584,70
28.517854573037976,70
28.638515271999704,70
28.7041160900062,70
28.769657735724465,70
28.83514090124391,70
28.95556626265135,70
29.02093448057967,70
29.08624620073172,70
29.151502054380785,70
29.21670265884892,70
29.33684861796438,70
29.401940522499327,70
29.46697895058869,70
29.5869644681314,70
29.651897629174773,70
29.77177897628297,70
29.83660904089033,70
29.90138834364037,70
30.021117394711144,70
30.14079669412765,70
30.205426732061945,70
30.32139373005985,70
30.38241047971201,70
30.498477481043448,70
30.6145952442322,70
30.67576428992179,70
30.79198514954656,70
30.853258365670666,70
30.91458449234142,70
30.97596409545776,70
31.029963562511888,70
31.08396302956601,70
31.137962496620148,70
31.19196196367428,70
31.245961430728407,70
31.299960897782537,70
31.353960364836663,70
31.4079598318908,70
31.46195929894493,70
31.515958765999056,70
31.569958233053185,70
31.623957700107315,70
31.677957167161445,70
31.78695663421557,70
31.840956101269704,70
31.89495556832384,70
31.948955035377963,70
32.00295450243209,70
32.056953969486216,70
32.11095343654034,70
32.16495290359447,70
0.1000728384154291,71
0.2151243381986281,71
0.3272101020790275,71
0.4312486763972563,71
0.4782599251749443,71
0.5238327635903735,71
0.6246620684777403,71
2.0610151328937305,71
2.1653030827906936,71
4.758802266445478,71
7.274323247810614,71
9.9054922369927,71
13.12287392340244,71
16.376309716418547,71
18.24300423585017,71
20.16459765412393,71
20.24037455901868,71
20.31731457538977,71
20.39577300382985,71
20.476422706924584,71
20.56106494850041,71
20.715159048865715,71
20.81425314923102,71
20.913347249596328,71
21.06744134996164,71
21.16653545032694,71
21.26562955069225,71
21.364723651057552,71
21.46381775142286,71
21.562911851788165,71
21.66200595215347,71
21.816100052518777,71
21.915194152884084,71
22.01428825324939,71
22.113382353614696,71
22.212476453980003,71
22.36657055434531,71
22.52066465471061,71
22.61975875507592,71
22.718852855441227,71
22.872946955806533,71
23.02704105617184,71
23.181135156537145,71
23.28022925690245,71
23.37932335726776,71
23.478417457633064,71
23.57751155799837,71
23.67660565836368,71
23.775699758728983,71
23.87479385909429,71
23.9738879594596,71
24.072982059824906,71
24.17207616019021,71
24.271170260555515,71
24.37026436092082,71
24.524358461286127,71
24.62345256165144,71
24.72254666201674,71
24.82164076238205,71
24.920734862747352,71
25.01982896311266,71
25.118923063477965,71
25.21801716384327,71
25.372111264208577,71
25.471205364573883,71
25.57029946493919,71
25.724393565304496,71
25.8234876656698,71
25.92258176603511,71
26.02167586640041,71
26.12076996676572,71
26.219864067131027,71
26.318958167496334,71
26.41805226786164,71
26.517146368226943,71
26.61624046859225,71
26.71533456895756,71
26.814428669322865,71
26.96852276968817,71
27.06761687005348,71
27.166710970418784,71
27.26580507078409,71
27.3648991711494,71
27.463993271514703,71
27.56308737188001,71
27.662181472245315,71
27.81627557261062,71
27.915369672975928,71
28.01446377334124,71
28.16855787370654,71
28.26765197407185,71
28.366746074437152,71
28.46584017480246,71
28.619934275167765,71
28.71902837553307,71
28.818122475898377,71
28.917216576263684,71
29.01631067662899,71
29.115404776994296,71
29.2694988773596,71
0.1000728384154291,72
0.1966799409280585,72
0.291259717900147,72
0.3844010845099767,72
2.2743833702066323,72
4.770559136197843,72
4.867642712221421,72
4.963761199639119,72
5.059071082995214,72
5.153685111925878,72
5.242965001986303,72
5.3319048699000255,72
5.366301980243005,72
7.013060178981103,72
7.050093852356948,72
7.141732953862228,72
8.278325580433883,72
9.704241894558944,72
11.69789017223765,72
13.133441323516736,72
14.793925883449871,72
16.455985725660728,72
18.86925012621004,72
20.87256042851597,72
23.4726697710438,72
23.587602915637245,72
23.702382416857084,72
23.81681649523524,72
23.91610776024607,72
25.91345598246301,72
28.165100677837795,72
31.114855428099386,72
31.228972433202937,72
34.12507823275347,72
34.187812502823064,72
34.250393438900694,72
34.31282560367291,72
34.430097498313685,72
35.18572029508624,72
36.34729392709151,72
36.46491688501955,72
39.41502984058597,72
39.47682708982065,72
39.593271451463565,72
41.31999581077334,72
41.38217193008377,72
41.49054754468524,72
44.64874903895858,72
47.59911418072424,72
47.71609000719308,72
49.165012175201824,72
49.28245978240826,72
51.01023701101235,72
51.82204279371177,72
51.94070813894061,72
52.059263369609,72
52.17006768154013,72
53.61275805400717,72
53.66915412860024,72
53.78023883568156,72
55.27821323143351,72
55.38978311287272,72
57.70498216682686,72
57.75445736730112,72
57.80392407783879,72
57.90128835448636,72
60.51271971473111,72
62.86437162169828,72
65.6104775310458,72
68.71066340217007,72
68.76625187480462,72
68.8766273313166,72
70.72457469040168,72
72.78775631328384,72
72.90477773500781,72
75.04749253883472,72
77.05770987763695,72
78.56386014419023,72
78.68358365000779,72
78.80317817188869,72
78.92251219666463,72
80.83437269658671,72
82.50947827441668,72
82.6267029960975,72
84.29907641024813,72
84.41688885110219,72
85.86649601129548,72
85.98468470885864,72
88.1284073159385,72
89.29160701194459,72
89.41106103518774,72
91.2679876258027,72
91.38802641750564,72
91.45298441750462,72
93.51969839326114,72
93.58543561023122,72
93.65110709318792,72
93.77160556781374,72
95.4471033947517,72
95.51309498937144,72
0.1000728384154291,73
0.1971799409280585,73
0.285041422479149,73
0.3179963646953003,73
0.4057661005530498,73
0.4942164972824223,73
0.5792721614641316,73
0.6658694625300534,73
0.6978925533992417,73
0.7853810929161675,73
0.8666166283589967,73
0.8942362826717265,73
0.9223213896555074,73
0.9509197671366104,73
0.9800901964706548,73
1.00990668427471,73
1.0404652703953154,73
1.0718956265998252,73
1.104382527287043,73
1.1382107485485442,73
1.173877594287432,73
1.2124833699715505,73
1.2591363352191811,73
1.3057893004668124,73
1.3524422657144437,73
1.3990952309620746,73
1.4457481962097056,73
1.4924011614573367,73
1.5390541267049678,73
1.5857070919525988,73
1.63236005720023,73
1.679013022447861,73
1.7806659873974688,73
1.8823189523470767,73
1.928971917594708,73
1.9756248828423388,73
2.0222778480899697,73
2.0689308133376008,73
2.115583778585232,73
2.162236743832863,73
2.2638897087824708,73
2.3655426737320786,73
2.4121956389797097,73
2.4588486042273408,73
2.505501569474972,73
2.552154534722603,73
2.598807499970234,73
2.645460465217865,73
2.692113430465496,73
2.738766395713127,73
2.840419360662735,73
2.887072325910366,73
2.933725291157997,73
2.9803782564056283,73
3.02703122165326,73
3.0736841869008904,73
3.120337152148521,73
3.1669901173961525,73
3.213643082643784,73
3.2602960478914147,73
3.3069490131390458,73
3.353601978386677,73
3.4552549433362847,73
3.5569079082858925,73
3.658560873235501,73
3.705213838483132,73
3.7518668037307625,73
3.7985197689783936,73
3.8451727342260247,73
3.891825699473656,73
3.938478664721287,73
3.985131629968918,73
4.031784595216549,73
4.07843756046418,73
4.125090525711811,73
4.171743490959442,73
4.27339645590905,73
4.320049421156681,73
4.421702386106289,73
4.46835535135392,73
4.515008316601551,73
4.616661281551159,73
4.718314246500767,73
4.819967211450375,73
4.866620176698006,73
4.913273141945637,73
5.014926106895245,73
5.061579072142876,73
5.108232037390507,73
5.154885002638138,73
5.201537967885769,73
5.2481909331334,73
5.294843898381031,73
5.341496863628662,73
5.388149828876293,73
5.434802794123924,73
5.481455759371555,73
5.5281087246191865,73
5.5747616898668175,73
5.621414655114449,73
0.1000728384154291,74
0.2151243381986281,74
0.3301758379818272,74
0.4452273377650263,74
0.5458001761804554,74
0.6429072786930847,74
0.7397704303848669,74
0.8357618151409252,74
0.8762766489979619,74
0.9711124751492032,74
1.0112762877128738,74
1.0517911215699105,74
1.135882270840445,74
1.221066733208933,74
1.3052758922255423,74
2.436813329664507,74
4.083850597349444,74
4.816009258238116,74
6.298839782682696,74
8.007552598921098,74
8.105751891938485,74
10.102813294919088,74
10.20839656295576,74
11.698167213819406,74
11.801153147242449,74
11.903617770991705,74
13.56224671157398,74
13.665749193749807,74
15.969125391564749,74
18.48152687560798,74
18.59217157493304,74
20.49650452335922,74
23.1778854345308,74
23.29316955609857,74
25.60789195295394,74
25.725060539644097,74
27.580392162274624,74
29.49210781854056,74
29.611363085716707,74
31.458378502206653,74
31.56849129040517,74
33.760576186278186,74
35.95496995194643,74
36.008754223058,74
36.11740783346818,74
36.22200688464568,74
36.32064440591262,74
37.8070194993727,74
39.23981454713271,74
39.34100313974545,74
40.48642786337064,74
42.19920047117398,74
42.30241961522029,74
42.40554826451466,74
43.14743356896565,74
43.2510897938721,74
43.35445202631877,74
43.43339758111165,74
45.27030699444936,74
45.37016176922248,74
46.56966137630866,74
48.413061435426336,74
50.07584887660838,74
50.17290113784171,74
50.21633863739468,74
50.25978843785621,74
50.35815882600642,74
52.94619893945552,74
55.299707888735306,74
57.83766794122554,74
57.945602140499126,74
60.56688614852525,74
63.39857240684129,74
63.512681870831024,74
63.626678465975296,74
63.740663915051,74
64.95373216189242,74
65.06818246759272,74
65.18706989430096,74
65.25114336435651,74
65.36127552215909,74
65.4711881411538,74
68.42504744998631,74
69.1820665229159,74
69.30092829382461,74
69.41977996371979,74
69.53840959417252,74
70.29548743222732,74
70.35939911436733,74
70.42329189289315,74
70.48716583900499,74
70.54107148252773,74
70.64970056020069,74
70.7580041443591,74
71.91048200480985,74
71.96433502115654,74
72.0668011797254,74
72.1691967067902,74
74.29875431634831,74
76.65384731866764,74
0.1000728384154291,75
0.1966799409280585,75
0.291259717900147,75
0.3299010845099767,75
0.4224267333632353,75
0.514853369080013,75
0.5975937972842091,75
0.6251540258059892,75
0.6525403237473423,75
0.7347585386347004,75
0.812716504068298,75
0.8921738392423817,75
1.6064624315809437,75
2.730913949639721,75
4.147753191621227,75
4.178029344857855,75
4.208050483347101,75
4.237828986228628,75
4.318817214549704,75
5.4468525214802455,75
5.476059684039278,75
5.505059921623392,75
5.588861459375544,75
5.617662997425718,75
5.70146453517787,75
5.730266073228044,75
5.759067611278219,75
5.842869149030371,75
5.871670687080545,75
5.90047222513072,75
5.929273763180895,75
6.013075300933046,75
6.039626838148756,75
6.05719128015749,75
6.076352415115757,75
6.7915080762218665,75
6.814786033214254,75
6.838063990206642,75
6.86134194719903,75
6.884619904191418,75
6.907897861183805,75
6.931175818176193,75
6.954453775168581,75
6.977731732160969,75
7.001009689153356,75
7.024287646145744,75
7.047565603138132,75
7.06328899736814,75
7.080810704709215,75
7.794564762593431,75
8.565905132771654,75
8.589098343135042,75
8.61229155349843,75
8.635484763861818,75
8.713677973927183,75
8.736871184290571,75
8.76006439465396,75
8.783257605017347,75
8.806450815380735,75
8.8846440254461,75
8.911587235030527,75
8.993530444614954,75
9.07172365468032,75
9.094916865043707,75
9.118110075407095,75
9.141303285770483,75
9.164496496133872,75
9.185061346553631,75
9.205605320446558,75
9.227487737127014,75
9.25063910502977,75
9.272521521710225,75
9.989971484803029,75
10.069253500365086,75
10.781415041350192,75
10.800429414771862,75
12.210985135101147,75
12.228318927623697,75
12.239508119225867,75
12.253025555797286,75
12.963547730632492,75
12.97706516720391,75
13.687587342039116,75
14.40119584538079,75
15.17239125706292,75
15.250501132384308,75
15.328673383966454,75
15.351908786967762,75
15.375208156928784,75
15.398572322726617,75
15.422002135590084,75
15.445498467237122,75
15.469062217325336,75
15.492694304138787,75
15.571395681053763,75
15.59516731165386,75
15.674010204896696,75
15.697925387695795,75
15.721913921460876,75
15.745976897701986,75
0.1000728384154291,76
0.1971799409280585,76
0.292259717900147,76
0.3770045883097469,76
0.4590392506756603,76
2.4959094918408216,76
2.5859164989628614,76
4.571405390564424,76
6.559964994255525,76
6.656678343478662,76
6.697603551957828,76
6.792848093722087,76
6.832493635181409,76
6.926604310337526,76
6.965516099993211,76
7.059078285757524,76
7.097424427334291,76
7.135563476298076,76
7.228503665242416,76
7.264681702766639,76
7.300675535861474,76
7.391491713289243,76
7.482136333648187,76
7.517615082029325,76
7.55293328902505,76
7.643095946226341,76
7.678107748095018,76
7.712973116252643,76
9.89086100208921,76
12.560055383831529,76
15.377376615757353,76
15.429076186415994,76
15.48021943378841,76
15.530449059896824,76
15.635507310600692,76
15.685399865668918,76
15.735132040435516,76
15.784708819787284,76
15.834134888052263,76
15.883414655388956,76
15.93255228117386,76
15.981551694802365,76
16.03041661425096,76
16.079150562694103,76
16.18275688342405,76
16.231238753284963,76
16.33462496805462,76
16.437917323412876,76
16.478074107204137,76
16.51816460999166,76
16.613189698927137,76
16.653150218765134,76
16.69304699271978,76
16.72936351125237,76
16.765629347089785,76
16.801845008828057,76
16.83801099495711,76
16.87412779415904,76
16.910195885594746,76
16.938667148323162,76
16.967105188337985,76
16.99551022493265,76
17.023882474524587,76
17.10722215071142,76
17.13552946432572,76
17.16380462348837,76
17.192047833660528,76
17.27525929769429,76
18.4570515045502,76
18.485200074672928,76
18.513317492046905,76
18.54140394956964,76
18.569459637764503,76
18.652484744824285,76
18.68047945665368,76
19.805173515459085,76
20.52625849394299,76
20.609166421217207,76
20.637044655233584,76
20.66489337128952,76
20.69271274262477,76
20.77550294045749,76
20.803264134019376,76
20.830996490590085,76
20.85870017553077,76
20.88637535231696,76
20.91402218257052,76
20.94164082609111,76
21.0242314408868,76
21.051794183203988,76
21.07932920755676,76
21.10683666675548,76
21.13431671193488,76
21.1617694925814,76
21.189195156560075,76
21.21659385014072,76
21.24396571802364,76
21.271310903364725,76
21.298629547800083,76
21.325921791470083,76
0.1000728384154291,77
0.2151243381986281,77
0.3301758379818272,77
0.4457273377650263,77
0.5612788375482254,77
0.6768303373314244,77
0.7373818371146235,77
0.8529333368978225,77
0.9684848366810216,77
1.0840363364642205,77
1.894804651065276,77
1.9840834414084672,77
2.0254225333650826,77
2.121761625023675,77
2.168816452236962,77
2.279830073328805,77
2.335843698443961,77
2.391857323559117,77
2.497377884896588,77
3.998543394120526,77
4.113414523514104,77
5.27429890385468,77
5.336570904912543,77
5.446911433102679,77
6.953200676800799,77
7.073195577921462,77
7.193190479042125,77
9.054736637832711,77
9.16632808870275,77
11.228887693347524,77
13.295994655551503,77
15.162223116817067,77
15.286199116470408,77
15.412202456357074,77
18.06002722060878,77
20.71590082901425,77
23.86234917125737,77
26.849656615678896,77
26.948933963748523,77
27.10321131181815,77
27.2442933732397,77
27.37801635198846,77
28.848015485990214,77
28.981913203036303,77
29.755746756083028,77
29.89153214170629,77
31.418633376152524,77
31.551841120710147,77
32.78334516684499,77
32.915978245939726,77
33.04507331587573,77
33.17418135487222,77
33.30245152536791,77
33.43033689065791,77
33.55615103196912,77
35.41994347988684,77
35.544765268620445,77
36.308345336869486,77
36.43354809544661,77
38.11430696461464,77
40.38453201713433,77
42.30548557275053,77
42.43477637395288,77
42.56155487230781,77
44.63126822641853,77
44.75479249737028,77
47.77579804256733,77
50.24589033916767,77
50.364304323943216,77
51.12104793384846,77
51.18445666626271,77
51.24768443152483,77
51.36555776491936,77
53.038550709636766,77
54.94968387976464,77
55.70745865002449,77
55.82679641738709,77
57.97211182609375,77
58.09194351479586,77
60.10364819809969,77
61.96192504212435,77
62.08344232782896,77
62.20450542614039,77
65.26189730808314,77
65.37815998986538,77
65.4395143885928,77
65.55578665927227,77
65.67197813585575,77
65.73309010014113,77
65.84895349040802,77
65.96417817220266,77
67.9713514719921,77
69.6426902686077,77
71.3146073494869,77
71.43207180991944,77
71.54925883308228,77
74.50163472190674,77
76.35874426856812,77
77.52283871665772,77
77.64303313687618,77
0.1000728384154291,78
0.1966799409280585,78
0.291259717900147,78
0.3906337466037003,78
0.5056852463868995,78
0.6207367461700986,78
0.7183431099637775,78
0.8034580435141353,78
0.8843851994260578,78
0.9132770385130672,78
0.9411980967506198,78
1.021994740842226,78
1.7995000790342122,78
3.276562900422457,78
3.3659378747924595,78
4.557119415281656,78
5.69627325343931,78
5.79080011057699,78
8.0901243846401,78
8.191186034260634,78
11.192817532597426,78
14.69249256807411,78
14.807094046054724,78
14.922394336341265,78
15.035257802484873,78
15.146635011909844,78
17.751776382264694,78
20.922121115917616,78
23.88849796944641,78
27.068236719372983,78
27.2025435748257,78
28.94618064322682,78
29.078410277765304,78
30.76516448702749,78
30.89758248227677,78
31.030104287483297,78
32.4951781947012,78
32.627286730358776,78
34.83962621831899,78
36.70871896729799,78
36.7842276304229,78
36.91457411716904,78
37.04441512333082,78
39.06614613232373,78
39.19556433845744,78
39.32378979767177,78
41.18965806076943,78
41.31834359021239,78
43.18454390579977,78
43.31332493833484,78
45.23452972410787,78
45.30842859168386,78
45.38183489126224,78
45.509592225488056,78
45.63713871270903,78
45.7614050512424,78
45.871490091573285,78
45.95847056642576,78
47.61780701414152,78
47.66766027570172,78
47.717468628887374,78
47.76723246857925,78
47.8719521893601,78
47.92107773036166,78
48.02515280455752,78
49.74431361230066,78
49.7990365076097,78
49.85375940291874,78
49.90848229822778,78
49.96320519353682,78
50.01792808884586,78
50.072650984154905,78
50.18228828536228,78
52.436855053397856,78
52.49428357717731,78
52.60679995094728,78
52.66440574587852,78
52.72210259036666,78
52.83489217321658,78
52.947705211934384,78
54.44809029103273,78
56.3006902591288,78
57.05536543650498,78
57.11711046558271,78
57.17908237668214,78
57.23954388771848,78
57.30026614604894,78
57.41626350125736,78
57.47755197476717,78
57.53914957018702,78
57.65611770546764,78
57.71848605428663,78
57.78128945999057,78
57.838459076384446,78
57.89600862231322,78
57.953969358733175,78
58.01237815594658,78
58.071279153524046,78
58.13072614756134,78
58.190786153209096,78
0.1000728384154291,79
0.1966799409280585,79
0.291259717900147,79
0.3867511026562054,79
0.4283582051688347,79
0.524721356860617,79
0.6065427185485455,79
0.6843697400281521,79
1.4637218685338589,79
3.582732316989669,79
5.066153404254684,79
5.1631286041329,79
5.258797724683055,79
6.742622573811778,79
6.84058302356697,79
8.550632175941239,79
10.67985099269844,79
13.0913447709272,79
15.451113400001296,79
15.56298199756838,79
18.07499471767641,79
21.18395391567445,79
24.898517832138943,79
26.82098772266189,79
29.726456953039087,79
29.794117858459867,79
29.91574834828607,79
33.13640543008163,79
33.261783686198584,79
36.160956615563954,79
36.28154954450768,79
36.334235636020125,79
36.441358072185935,79
38.79818056287807,79
41.95349248240898,79
42.059331585869295,79
42.16511604677151,79
42.270713818475706,79
44.71882225315283,79
47.411745322153074,79
49.92073227207373,79
50.03115308772038,79
52.08835971842717,79
54.84628536006757,79
54.964928352367615,79
55.08335574240451,79
58.46435703416666,79
58.51805834924182,79
58.59980812375745,79
61.35988583867749,79
64.18488755529125,79
66.72467198674877,79
69.60989919011791,79
72.72630177903609,79
74.40211852347196,79
74.52312649956731,79
77.46995105019597,79
77.52624735033898,79
80.53552154126017,79
80.64314982714502,79
80.75067129405586,79
80.85809889110176,79
80.9654238340482,79
83.5851748106107,79
86.58741546841709,79
86.70008042129128,79
88.84346107270444,79
90.29428095468818,79
90.41346281684808,79
91.86450054938126,79
93.31607054640564,79
93.3812305033506,79
93.50127739725312,79
93.61816518629142,79
96.51023837895264,79
98.87874853102068,79
100.55471905319791,79
100.62113596361372,79
102.6893852551284,79
102.811646423298,79
102.87033039982902,79
102.92900954838382,79
102.98768387641296,79
103.10135338361846,79
103.1600180780469,79
103.27367795910226,79
105.12493349518166,79
107.18620730842936,79
107.30153502430306,79
107.36182700003968,79
107.42208348866092,79
107.53730474318849,79
108.98433326091155,79
111.75980777531444,79
114.1311100324656,79
115.86485704179393,79
117.72663432415985,79
117.7966150657655,79
117.866559008677,79
117.93646642174564,79
0.1000728384154291,80
0.1966799409280585,80
0.291259717900147,80
0.3220457942180381,80
0.406965511929559,80
0.4361470496470495,80
0.5103115241124541,80
0.5844759985778587,80
0.6036404730432633,80
0.678171606273257,80
0.6977027395032508,80
0.7172338727332446,80
0.7367650059632384,80
0.8110396727212944,80
0.8301908764163985,80
0.9042215923536074,80
0.9233727960487116,80
0.9426474628067676,80
1.017048718604745,80
1.0365798518347389,80
1.0537319493553738,80
1.0710692532344106,80
1.0885988885175863,80
1.1613285504738309,80
1.2339571988934874,80
1.3067899572857455,80
1.3248355137500976,80
1.3431033290273038,80
1.3616037443826845,80
1.3803481105589124,80
1.3993489432070778,80
1.4186201119615949,80
1.4381770727853114,80
1.4580371567181103,80
1.478219933256597,80
1.4987476741525183,80
1.5196459549092085,80
1.5409444492042663,80
1.617678000384272,80
1.6398881024632996,80
1.6626250071206163,80
1.685950826956215,80
1.7030297099613985,80
1.720108592966582,80
1.7371874759717656,80
1.809266358976949,80
1.8263452419821329,80
1.843424124987316,80
1.8605030079925,80
1.877581890997684,80
1.8861789036557708,80
1.895120880671293,80
1.904433397547584,80
1.914146127962242,80
1.9242939152618488,80
1.9349182534604767,80
1.946069394237394,80
1.957809450192593,80
1.970217163110915,80
1.9833956294283728,80
1.997485703529801,80
2.0126914953878,80
2.0293356976080577,80
2.1030072253688563,80
2.1251444890324547,80
2.1440005517684377,80
2.217856614504421,80
2.236712677240404,80
2.255568739976387,80
2.27442480271237,80
2.293280865448353,80
2.312136928184336,80
2.33099299092032,80
2.3498490536563024,80
2.4237051163922856,80
2.4425611791282686,80
2.461417241864252,80
2.4802733046002348,80
2.499129367336218,80
2.517985430072201,80
2.536841492808184,80
2.555697555544167,80
2.57455361828015,80
2.593409681016133,80
2.612265743752116,80
2.6311218064880992,80
2.6499778692240823,80
2.6688339319600654,80
2.6876899946960484,80
2.7065460574320315,80
2.7254021201680145,80
2.7442581829039976,80
2.7631142456399806,80
2.781970308375964,80
2.8008263711119468,80
2.81968243384793,80
2.838538496583913,80
2.857394559319896,80
2.876250622055879,80
2.895106684791862,80
0.1000728384154291,81
0.1966799409280585,81
0.236259717900147,81
0.3294010845099767,81
0.3639267322694143,81
0.4525407788430532,81
0.527475946870931,81
0.6012261447583517,81
0.6165671798487385,81
0.6847393217583378,81
0.7535891461272916,81
0.7682616666977485,81
2.178995724124201,81
3.5967571691696723,81
4.781137223643549,81
4.813020739061125,81
7.107881817323454,81
9.557688984376677,81
12.10385993431259,81
15.08004069090795,81
18.21653407491709,81
21.867135736748875,81
24.047095805684588,81
24.147614332940467,81
24.248132860196343,81
24.403651387452225,81
24.504169914708104,81
24.659688441963983,81
24.760206969219865,81
24.86072549647574,81
24.96124402373162,81
25.0617625509875,81
25.16228107824337,81
25.317799605499257,81
25.473318132755136,81
25.57383666001101,81
25.67435518726689,81
25.774873714522773,81
25.87539224177865,81
25.97591076903453,81
26.07642929629041,81
26.17694782354629,81
26.277466350802168,81
26.377984878058047,81
26.478503405313926,81
26.579021932569805,81
26.679540459825684,81
26.780058987081564,81
26.880577514337443,81
26.98109604159332,81
27.0816145688492,81
27.23713309610508,81
27.39265162336096,81
27.49317015061684,81
27.64868867787272,81
27.749207205128595,81
27.849725732384474,81
27.95024425964036,81
28.050762786896232,81
28.20628131415211,81
28.30679984140799,81
28.40731836866387,81
28.50783689591975,81
28.608355423175627,81
28.763873950431503,81
28.864392477687385,81
28.964911004943264,81
29.065429532199143,81
29.165948059455022,81
29.2664665867109,81
29.36698511396678,81
29.46750364122266,81
29.56802216847854,81
29.668540695734418,81
29.769059222990297,81
29.869577750246176,81
29.97009627750205,81
30.07061480475793,81
30.171133332013813,81
30.27165185926969,81
30.37217038652557,81
30.47268891378145,81
30.57320744103733,81
30.67372596829321,81
30.774244495549087,81
30.874763022804967,81
31.030281550060845,81
31.185800077316724,81
31.286318604572603,81
31.38683713182848,81
31.48735565908436,81
31.58787418634024,81
31.68839271359612,81
31.788911240852,81
31.88942976810788,81
31.98994829536376,81
32.14546682261963,81
32.30098534987551,81
32.40150387713139,81
32.50202240438727,81
0.1000728384154291,82
0.1966799409280585,82
0.291259717900147,82
0.3723354458397527,82
0.3976404245531459,82
0.4772777434027095,82
0.5563261460101505,82
0.5803477510398527,82
0.6038928038960596,82
0.6820027984267374,82
2.0967538512831827,82
2.179722384322276,82
2.207912840653052,82
2.2906949080115457,82
2.373099439550032,82
2.400152946594944,82
2.481878469470729,82
3.892262528423061,82
5.925369093898524,82
5.997719499055137,82
7.125996920052756,82
9.466642471734277,82
12.07661876339077,82
14.691288086358298,82
14.7953616480863,82
17.793726096633662,82
21.03595151019598,82
24.294535403249817,82
27.85582309571548,82
29.369186671863226,82
29.495546625427625,82
30.716016209666225,82
30.828161487216025,82
30.94014538156362,82
31.052001002843085,82
33.64676523547858,82
33.75643336367101,82
36.43842597921159,82
39.50339312200973,82
41.23418275649025,82
41.35270034167977,82
41.4661689290783,82
41.57937575522872,82
43.58955663917063,82
43.70862219793783,82
43.82737604105216,82
45.27802516162516,82
45.39717500145463,82
46.15348837340049,82
46.27141377752151,82
47.77621229285485,82
48.993751043747565,82
49.11030943871423,82
49.92024988753928,82
51.08113312643607,82
51.14351423590152,82
51.26079203590666,82
52.01653387833442,82
52.1339857806926,82
52.246912623750056,82
55.00161177190432,82
55.75575698044581,82
55.87168918707249,82
55.98743122186527,82
57.14731047609495,82
57.263508444345305,82
57.31197028017671,82
57.4153707117501,82
59.76910639709861,82
59.86822340793045,82
59.91232098049552,82
59.95112566432984,82
60.044917469537566,82
60.08369641534121,82
60.17743699780733,82
60.27112688652308,82
61.92150106064112,82
63.756307026064704,82
65.99934162727625,82
68.2447434865597,82
70.24045981994898,82
70.34523480168612,82
72.88239996663363,82
75.71002929440768,82
75.81985997191698,82
76.97376977435381,82
77.02906131899984,82
77.08434688455493,82
77.19447756714256,82
78.34863985485465,82
79.79105378097923,82
79.90206171727807,82
81.05708362317712,82
81.16846907294423,82
81.24931124008329,82
84.2489197567764,82
84.35813167101772,82
84.4673207119766,82
87.35488560951383,82
87.46419696665437,82
0.1000728384154291,83
0.1966799409280585,83
0.2947254538029468,83
0.3924482740721472,83
0.4898679712322654,83
0.5871016627848162,83
0.683402424559465,83
0.7791977057497569,83
0.8738009318228238,83
0.967832106140002,83
1.0069313087174592,83
1.046099477905578,83
1.0805630008281273,83
1.115171461435043,83
1.149929186857707,83
1.1835180761785336,83
1.2173509163202072,83
1.2514402229338186,83
1.2857998656537812,83
1.3204453004429435,83
1.3553938583411884,83
1.390665108845121,83
1.4262813237064882,83
1.462268078428624,83
1.5536550466891277,83
1.590477071834579,83
1.6277756478790524,83
1.6656010265018149,83
1.7040153203028592,83
1.7974296141039037,83
1.8339129987727305,83
1.9269632551442288,83
2.660346255041232,83
2.7011709924410483,83
4.137856458713742,83
4.189929925049651,83
4.244557519504391,83
4.304678175402471,83
4.368264567203351,83
4.431850959004231,83
4.55043735080511,83
4.61402374260599,83
4.677610134406869,83
4.741196526207749,83
4.804782918008629,83
4.868369309809508,83
4.931955701610388,83
4.995542093411268,83
5.059128485212147,83
5.122714877013027,83
5.1863012688139065,83
5.249887660614786,83
5.313474052415666,83
5.3770604442165455,83
5.440646836017425,83
5.504233227818305,83
5.622819619619184,83
5.686406011420064,83
5.749992403220944,83
5.813578795021823,83
5.877165186822703,83
5.940751578623583,83
6.004337970424462,83
6.067924362225342,83
6.186510754026221,83
6.250097145827101,83
6.3136835376279805,83
6.37726992942886,83
6.44085632122974,83
6.50444271303062,83
6.568029104831499,83
6.631615496632379,83
6.6952018884332585,83
6.758788280234138,83
6.822374672035018,83
6.8859610638358975,83
6.949547455636777,83
7.013133847437657,83
7.076720239238536,83
7.195306631039416,83
7.313893022840295,83
7.377479414641175,83
7.4410658064420545,83
7.504652198242934,83
7.568238590043814,83
7.631824981844693,83
7.695411373645573,83
7.758997765446453,83
7.877584157247332,83
7.941170549048212,83
8.004756940849092,83
8.06834333264997,83
8.131929724450849,83
8.25051611625173,83
8.314102508052608,83
8.377688899853487,83
8.496275291654367,83
8.559861683455246,83
8.623448075256125,83
8.687034467057003,83
0.1000728384154291,84
0.2151243381986281,84
0.3301758379818272,84
0.4452273377650263,84
0.5602788375482254,84
0.6728303404316597,84
0.7714024456009559,84
0.868789580629795,84
0.9617062108382872,84
2.3975728051528624,84
3.838764597640961,84
4.995428373084991,84
5.108479876981704,84
5.16653137372586,84
5.279582877622573,84
5.392634381519287,84
5.450685878263442,84
5.563737382160156,84
5.621788878904312,84
5.734840382801025,84
6.894164075122802,84
6.954875466392963,84
7.015586857663124,84
7.076298248933284,84
7.137009640203445,84
7.1977210314736055,84
7.258432422743766,84
7.319143814013927,84
7.434855204986064,84
7.495566596256225,84
7.556277987526386,84
7.616989378796546,84
7.677700770066707,84
7.738412161336868,84
7.799123552607028,84
7.914834943579166,84
7.9755463348493265,84
8.036257726119487,84
8.096969117389648,84
8.157680508659809,84
8.21839189992997,84
8.334103290902107,84
8.394814682172267,84
8.455526073442428,84
8.571237464414565,84
8.686948855386703,84
8.747660246656864,84
8.808371637927024,84
8.869083029197185,84
8.929794420467346,84
8.990505811737506,84
9.051217203007669,84
9.111928594277828,84
9.172639985547988,84
9.233351376818147,84
9.29406276808831,84
9.35477415935847,84
9.415485550628633,84
9.476196941898792,84
9.536908333168952,84
9.597619724439111,84
9.658331115709274,84
9.719042506979434,84
9.779753898249597,84
9.840465289519756,84
9.901176680789916,84
9.961888072060075,84
10.022599463330238,84
10.083310854600398,84
10.14402224587056,84
10.259733636842697,84
10.320445028112855,84
10.381156419383018,84
10.44186781065318,84
10.50257920192334,84
10.5632905931935,84
10.679001984165636,84
10.739713375435798,84
10.80042476670596,84
10.86113615797612,84
10.92184754924628,84
10.98255894051644,84
11.0432703317866,84
11.103981723056762,84
11.164693114326925,84
11.28040450529906,84
11.34111589656922,84
11.456827287541358,84
11.51753867881152,84
11.57825007008168,84
11.63896146135184,84
11.699672852622,84
11.760384243892162,84
11.821095635162322,84
11.93680702613446,84
11.99751841740462,84
12.05822980867478,84
12.118941199944942,84
12.23465259091708,84
12.29536398218724,84
0.1000728384154291,85
0.2151243381986281,85
0.3301758379818272,85
0.4452273377650263,85
0.5577788406484606,85
0.6153303401046278,85
0.7139024452739241,85
0.8039215223365309,85
0.8348451012247088,85
0.8637935628616097,85
0.899298466505933,85
0.9797745568179372,85
1.0036049967133285,85
1.0282079966240407,85
1.0380094971009377,85
0.0328844513245702,85
0.1000728384154291,86
0.1966799409280585,86
2.784317733829494,86
2.887516507232984,86
2.990337742873932,86
3.088823711880947,86
3.1863980725496064,86
3.2282016784041176,86
3.324337622532154,86
3.4201478719799767,86
3.517079940447117,86
3.55896757022431,86
3.600811148443724,86
3.697611051061655,86
3.7943676658063183,86
3.836081365504768,86
3.932626979806925,86
3.974514609584118,86
4.071769370147491,86
4.168314984449649,86
6.294303706297184,86
8.743884614118839,86
8.850348180541301,86
11.207796043166423,86
14.045503257405668,86
16.948336232577375,86
19.912286683891413,86
21.988321068828785,86
25.339589440118388,86
26.85945151922021,86
26.94012063817161,86
27.07948454070597,86
27.181339780624207,86
28.031663906602663,86
28.82730504148267,86
28.92979899580273,86
29.03229295012279,86
29.13478690444285,86
29.23728085876291,86
29.33977481308297,86
29.442268767403032,86
29.54476272172309,86
29.64725667604316,86
29.749750630363213,86
29.85224458468328,86
29.954738539003333,86
30.0572324933234,86
30.214726447643457,86
30.31722040196352,86
30.419714356283578,86
30.52220831060364,86
30.62470226492369,86
30.72719621924376,86
30.82969017356382,86
30.93218412788388,86
31.03467808220394,86
31.137172036524,86
31.23966599084406,86
31.34215994516412,86
31.44465389948418,86
31.54714785380424,86
31.6496418081243,86
31.75213576244436,86
31.85462971676442,86
31.95712367108448,86
32.05961762540454,86
32.1621115797246,86
32.26460553404466,86
32.36709948836472,86
33.91150826670376,86
34.069622683922915,86
34.17273710114207,86
34.27585151836122,86
34.433965935580375,86
34.59208035279953,86
34.69519477001868,86
34.798309187237834,86
34.90142360445699,86
35.00453802167614,86
35.10765243889529,86
35.21076685611445,86
35.3138812733336,86
35.41699569055275,86
35.520110107771906,86
35.62322452499106,86
35.78133894221021,86
35.884453359429365,86
35.98756777664852,86
36.09068219386767,86
36.193796611086825,86
36.29691102830598,86
36.40002544552513,86
36.50313986274429,86
36.60625427996344,86
36.70936869718259,86
36.81248311440174,86
36.9155975316209,86
37.01871194884005,86
37.1218263660592,86
37.22494078327836,86
0.1000728384154291,87
0.1966799409280585,87
0.2958411715595178,87
0.3946021886526095,87
0.4929926658849325,87
0.5360381787598207,87
0.5647815989423008,87
0.646715057286693,87
0.723354954187234,87
0.7374342641871767,87
0.8067872337144213,87
0.8717973864715891,87
0.9322571790855724,87
1.635768715206941,87
1.6497671500858264,87
1.6667021316554742,87
2.381634215739031,87
3.10042164745595,87
4.284142116930743,87
5.70513675632741,87
7.353567103770037,87
9.53117583217885,87
12.068879918129824,87
14.52309960242327,87
17.277135649529068,87
20.38617579031312,87
23.75096933910736,87
25.95433309586705,87
27.81494931801613,87
30.18707146940313,87
32.25773753911031,87
34.525258265313894,87
34.59485791098428,87
34.71884632001074,87
34.787546256831874,87
34.85597346074726,87
34.97914204205314,87
35.0470647225479,87
35.114753030905746,87
35.18221746303237,87
35.30446761491289,87
35.371512293608646,87
35.43835961071875,87
35.50501706163787,87
35.5714915932101,87
35.692789661827746,87
35.74948519584849,87
35.80071564714969,87
35.851877246956086,87
35.902970930509376,87
35.95399760798372,87
36.05567838302182,87
36.10230948548767,87
36.14173205698828,87
36.18111748266801,87
36.211571192553485,87
36.24199211615905,87
36.27238046582624,87
36.30273645389661,87
36.33306028526112,87
36.36335216853603,87
36.39361230488702,87
37.80770794506952,87
37.83548143338248,87
37.86322734337136,87
40.441723357454414,87
43.43296899955654,87
46.70494859640763,87
50.1985531332006,87
52.39396240010857,87
54.75908539493495,87
57.22112797633585,87
59.365774557004805,87
59.43086903872589,87
59.4958553549702,87
59.61573579622882,87
59.68051255799504,87
59.745187746554514,87
59.80976338431419,87
59.87424141471514,87
59.938623706769015,87
60.00291205925357,87
60.06710820459861,87
60.13121381249051,87
60.19523049322024,87
60.25915980079736,87
60.32300323585003,87
60.44176224832919,87
60.50543824003309,87
60.56903256696688,87
60.63254654155051,87
63.18118615282628,87
63.29985623532663,87
63.36346421978216,87
63.427010867974936,87
63.49049692322313,87
63.55392311104424,87
63.617290139787,87
63.680598701233656,87
63.74384947117444,87
0.1000728384154291,88
0.1966799409280585,88
0.291759717900147,88
0.3862136791574656,88
0.4778797658867503,88
0.5100458520240452,88
0.54221193816134,88
0.6293780240006115,88
0.716621320206609,88
1.8463523792810108,88
1.9321525799817707,88
2.01960683937737,88
3.905319582182851,88
3.99830831165978,88
5.832503091055837,88
8.013669978339163,88
8.11123669471213,88
9.820740464586702,88
9.920525867003883,88
10.019876207668272,88
11.730907883007015,88
14.138859953243225,88
16.49979551934412,88
16.612415282949886,88
18.751875294499133,88
21.01153765452624,88
23.1552491838657,88
26.05628958675649,88
26.1237067668146,88
26.190558947011628,88
26.25690353958676,88
26.377787357701475,88
26.44324930409616,88
26.563448563823208,88
26.628398251593342,88
26.748273588551086,88
27.91237873609625,88
27.97275669765665,88
28.033279038834543,88
28.09395005300716,88
28.15477429674,88
28.215756614754746,88
28.27690216815868,88
28.39321646648629,88
28.441499764054853,88
28.489926269233067,88
28.53850020650013,88
28.587226053654987,88
28.636108571618635,88
28.68058772939428,88
28.725205017208893,88
28.76996436151846,88
28.814869916021664,88
28.85992608401164,88
28.897924939125616,88
28.92592570181175,88
28.954022621691067,88
28.98221758376046,88
29.01051254938527,88
29.038909558161933,88
29.062199888706047,88
29.08550749155863,88
29.10883242446168,88
29.13217474888249,88
29.15553452628835,88
29.1789118162839,88
29.202306680336434,88
29.28071918334051,88
29.30414938363417,88
29.382597351401884,88
29.406063139393765,88
29.42954681622966,88
29.453048447102148,88
29.476568095341165,88
29.50010582613929,88
29.57866170811637,88
29.602235803335745,88
29.68082818570717,88
29.70443891170605,88
29.72806805367752,88
29.751715680539448,88
29.83038186091169,88
29.854066662445504,88
29.877770155623395,88
29.95649240906521,88
29.980233496010143,88
30.0039934869407,88
30.0277724526374,88
30.741498973175723,88
30.818733055099685,88
30.84253106820568,88
30.86634820136412,88
30.94518453064545,88
30.96845679166897,88
30.991748396262366,88
31.013594677626926,88
31.731484761416752,88
31.756287058770496,88
31.781149478584368,88
31.806072751015265,88
0.1000728384154291,89
0.1966799409280585,89
0.291259717900147,89
0.3844010845099767,89
0.4214267333632353,89
0.5125407744325241,89
0.5339046620159563,89
0.6041996755032953,89
0.6131418688549813,89
0.6779384507193383,89
0.739465267057639,89
0.7925757846190747,89
0.8396893596603688,89
0.8231934296294269,89
-0.2081311953858319,89
0.1000728384154291,90
0.2081928663930287,90
0.3232443661762277,90
0.3832958659594268,90
0.4433473657426259,90
0.5033988655258249,90
0.6044709652223036,90
0.699983102039282,90
0.7824409424819395,90
0.8113894041188404,90
0.8921647544511006,90
0.9680593858965084,90
0.988424089507048,90
1.006095618710701,90
1.017645209797506,90
1.0219536481917246,90
0.0168286024153574,90
0.1000728384154291,91
0.1971799409280585,91
0.292259717900147,91
0.3874235304638175,91
1.8737693521787355,91
1.974707251121784,91
3.8722840670330014,91
3.977996146670177,91
4.085009641798669,91
4.188874043377572,91
4.242818545403415,91
4.355573747160369,91
4.419592764081889,91
4.542077515127593,91
4.664562266173297,91
4.732047017517024,91
4.799531768860751,91
4.922016519906455,91
5.044501270952159,91
5.111986022295886,91
5.179470773639613,91
5.24695552498334,91
5.314440276327067,91
5.436925027372771,91
5.504409778716498,91
5.571894530060225,91
5.6393792814039525,91
5.70686403274768,91
5.774348784091407,91
5.841833535435134,91
5.909318286778861,91
5.976803038122588,91
6.044287789466315,91
6.111772540810042,91
6.234257291855746,91
6.301742043199473,91
6.3692267945432,91
6.436711545886928,91
6.504196297230655,91
6.571681048574382,91
6.694165799620086,91
6.8166505506657895,91
6.884135302009517,91
6.951620053353244,91
7.019104804696971,91
7.086589556040698,91
7.154074307384425,91
7.221559058728152,91
7.344043809773856,91
7.411528561117583,91
7.47901331246131,91
7.546498063805037,91
7.6139828151487645,91
7.681467566492492,91
7.748952317836219,91
7.816437069179946,91
7.93892182022565,91
8.006406571569377,91
8.073891322913104,91
8.141376074256831,91
8.208860825600558,91
8.276345576944285,91
8.343830328288012,91
8.41131507963174,91
8.533799830677443,91
8.60128458202117,91
8.668769333364898,91
8.791254084410602,91
8.858738835754329,91
8.926223587098056,91
8.993708338441783,91
9.06119308978551,91
9.128677841129235,91
9.196162592472964,91
9.263647343816691,91
9.331132095160418,91
9.398616846504146,91
9.466101597847873,91
9.5335863491916,91
9.656071100237304,91
9.778555851283008,91
9.844748932721547,91
9.965942013862067,91
10.032135095300609,91
10.09832817673915,91
10.164521258177691,91
10.230714339616233,91
10.296907421054774,91
10.363100502493316,91
10.429293583931855,91
10.495486665370398,91
10.56167974680894,91
10.62787282824748,91
10.694065909686024,91
10.760258991124564,91
10.826452072563104,91
10.892645154001649,91
11.013838235142163,91
11.080031316580708,91
11.146224398019248,91
0.1000728384154291,92
0.1971799409280585,92
3.077612065395093,92
5.136662324780534,92
5.254113552663681,92
5.382821239539861,92
5.51499466231884,92
5.64716808509782,92
7.728526734369934,92
8.963852816518084,92
9.100566609998124,92
9.182280403478163,92
9.263994196958205,92
9.345707990438244,92
9.427421783918282,92
9.509135577398322,92
9.59084937087836,92
9.6725631643584,92
9.80927695783844,92
9.89099075131848,92
9.97270454479852,92
10.05441833827856,92
10.1361321317586,92
10.217845925238638,92
10.299559718718678,92
10.436273512198715,92
10.517987305678757,92
10.599701099158796,92
10.681414892638836,92
10.818128686118875,92
10.954842479598916,92
11.036556273078954,92
11.118270066558994,92
11.254983860039031,92
11.336697653519073,92
11.418411446999112,92
11.500125240479152,92
11.581839033959191,92
11.663552827439233,92
11.74526662091927,92
11.82698041439931,92
11.90869420787935,92
12.04540800135939,92
12.182121794839428,92
12.263835588319468,92
12.345549381799508,92
12.427263175279547,92
12.508976968759589,92
12.590690762239626,92
12.672404555719666,92
12.754118349199706,92
12.835832142679743,92
12.917545936159785,92
12.999259729639824,92
13.080973523119864,92
13.162687316599904,92
13.244401110079943,92
13.326114903559985,92
14.850703007463498,92
16.54526050437251,92
19.031821920176903,92
21.202187712800672,92
23.29582199546349,92
25.788999027991743,92
27.96540975855584,92
28.755928264012816,92
28.85329958890985,92
29.00567091380688,92
29.10304223870392,92
29.200413563600947,92
29.29778488849798,92
29.45015621339501,92
29.602527538292044,92
29.75489886318908,92
29.85227018808611,92
29.949641512983145,92
30.10201283788017,92
30.254384162777207,92
30.35175548767424,92
30.504126812571272,92
30.656498137468304,92
30.808869462365337,92
32.853502510881995,92
34.33925593430427,92
35.53786347854435,92
37.02484802571204,92
38.22465748199549,92
40.27290365940863,92
41.98545598906188,92
44.1692020936945,92
44.273506656647285,92
44.43281121960007,92
44.53711578255285,92
44.64142034550564,92
44.74572490845842,92
44.8500294714112,92
44.95433403436399,92
45.05863859731677,92
45.16294316026956,92
45.32224772322234,92
0.1000728384154291,93
0.1966799409280585,93
0.291259717900147,93
0.3844010845099767,93
0.4764267333632352,93
0.568815235680668,93
0.6498522504034921,93
0.7212426706019327,93
0.791566108054249,93
0.8044696363422558,93
0.8732952388736889,93
0.8754550564836249,93
0.8714929373736963,93
0.8587401399191007,93
-0.168993782085599,93
0.1000728384154291,94
0.1966799409280585,94
0.3027726433651173,94
0.4178241431483163,94
0.5328756429315153,94
0.6484271427147144,94
0.7639786424979134,94
0.8795301422811124,94
0.9950816420643114,94
1.1025859522853398,94
1.164196917022036,94
1.2808078817587318,94
1.342418846495428,94
1.404029811232124,94
1.52064077596882,94
1.582251740705516,94
1.643862705442212,94
1.705473670178908,94
1.767084634915604,94
1.8286955996523,94
1.890306564388996,94
1.951917529125692,94
2.013528493862388,94
2.075139458599084,94
2.1367504233357795,94
2.2533613880724754,94
2.3149723528091712,94
2.376583317545867,94
2.438194282282563,94
2.4998052470192587,94
2.5614162117559545,94
2.6780271764926504,94
2.7396381412293462,94
2.801249105966042,94
2.862860070702738,94
2.9244710354394337,94
2.986082000176129,94
3.0476929649128253,94
3.109303929649521,94
3.170914894386217,94
3.2325258591229127,94
3.2941368238596085,94
3.3557477885963043,94
3.417358753333,94
3.478969718069696,94
3.595580682806392,94
3.657191647543088,94
3.718802612279784,94
3.83541357701648,94
3.8970245417531753,94
3.958635506489871,94
4.020246471226567,94
4.081857435963263,94
4.143468400699959,94
4.205079365436655,94
4.266690330173351,94
4.383301294910046,94
4.499912259646742,94
4.561523224383437,94
4.623134189120133,94
4.684745153856829,94
4.746356118593525,94
4.807967083330221,94
4.869578048066916,94
4.986189012803612,94
5.047799977540308,94
5.109410942277004,94
5.171021907013699,94
5.232632871750395,94
5.294243836487091,94
5.355854801223787,94
5.417465765960483,94
5.479076730697178,94
5.595687695433874,94
5.65729866017057,94
5.7189096249072655,94
5.780520589643961,94
5.842131554380657,94
5.903742519117353,94
5.965353483854049,94
6.0269644485907445,94
6.08857541332744,94
6.150186378064136,94
6.211797342800832,94
6.273408307537528,94
6.390019272274223,94
6.451630237010919,94
6.513241201747615,94
6.574852166484311,94
6.691463131221006,94
6.753074095957702,94
6.814685060694398,94
6.876296025431094,94
6.937906990167789,94
6.999517954904485,94
7.061128919641181,94
7.122739884377877,94
7.184350849114573,94
7.300961813851268,94
7.362572778587964,94
0.1000728384154291,95
0.1966799409280585,95
0.2947254538029468,95
0.3907168385590051,95
0.4300258621319573,95
0.5230783135635051,95
0.6157049759533513,95
0.7031411733353599,95
0.7902546781116806,95
0.8223237381509152,95
0.854348745041739,95
0.8761240843999227,95
0.9527284669343652,95
1.0290470573996078,95
1.0985747118452194,95
1.114930149173008,95
1.1863244972030071,95
1.2008775877604632,95
1.2155946283439545,95
1.2304811770866064,95
1.2455431814143805,95
1.260787024612203,95
1.3309391285131125,95
1.3472764319578556,95
1.363806066552773,95
1.380535728747621,95
1.3974737538794426,95
1.4696291996935753,95
1.4870119630197434,95
1.5046328655282406,95
1.5775038203994185,95
1.5956379934052376,95
1.6140500171879677,95
1.6877562417487053,95
1.706775068754926,95
1.7811273480603842,95
1.8008369277069716,95
1.876240685100332,95
1.952450781578794,95
1.9746227427224068,95
1.9979867595086245,95
2.02291906390585,95
2.050149030501619,95
2.081756341720596,95
2.121410842503085,95
2.216065342987552,95
2.255719843770042,95
2.3503743442545084,95
2.390028845036998,95
2.429683345819488,95
2.5243378463039545,95
2.5639923470864443,95
2.603646847868934,95
2.643301348651424,95
2.6829558494339136,95
2.7226103502164034,95
2.762264850998893,95
2.85691935148336,95
2.896573852265849,95
2.93622835304834,95
2.975882853830829,95
3.015537354613319,95
3.0551918553958086,95
3.0948463561782984,95
3.134500856960788,95
3.174155357743278,95
3.213809858525768,95
3.253464359308257,95
3.293118860090748,95
3.332773360873237,95
3.372427861655727,95
3.4670823621401934,95
3.506736862922683,95
3.546391363705173,95
3.5860458644876627,95
3.625700365270153,95
3.6653548660526414,95
3.705009366835132,95
3.744663867617622,95
3.784318368400112,95
3.823972869182602,95
3.863627369965091,95
3.903281870747581,95
3.942936371530071,95
3.982590872312561,95
4.02224537309505,95
4.06189987387754,95
4.101554374660029,95
4.141208875442519,95
4.180863376225009,95
4.220517877007499,95
4.315172377491965,95
4.354826878274455,95
4.394481379056945,95
4.434135879839435,95
4.473790380621924,95
4.513444881404414,95
4.553099382186904,95
4.6477538826713705,95
4.68740838345386,95
0.1000728384154291,96
0.1971799409280585,96
0.292259717900147,96
0.3859010845099767,96
0.4784267333632353,96
0.5700407744325242,96
0.6608840621026768,96
0.7510596928097067,96
0.7856464083384548,96
0.8742063212889136,96
0.9077896833403508,96
0.94093798850684,96
1.0286860801349615,96
1.0612826450156063,96
1.0937321404702196,96
1.1260387690626126,96
1.1582064998344703,96
1.1902390872443884,96
1.2221400881127196,96
1.2450832234636622,96
1.267916464613445,96
1.2906421752587631,96
1.3132626185134726,96
1.335779964359172,96
1.3581962970957833,96
1.4355136169061735,96
1.4577338466361838,96
1.479858835594423,96
1.556890366034277,96
1.5788301484600382,96
1.6006798384652214,96
1.6224410304740744,96
1.6441152630314904,96
1.6657040243909436,96
1.7422087466285303,96
1.7636308254615145,96
1.7849716016963797,96
1.8062323754594405,96
1.8274144077614625,96
1.8447931645379143,96
1.862127869756587,96
1.879418905259736,96
1.896666651026972,96
1.913871477724679,96
1.9310337504313069,96
1.9481538305000143,96
1.9652320681080893,96
1.9822688115701752,96
1.999264403612979,96
2.0162191776499823,96
2.0881334630713537,96
2.103509494470127,96
3.2215338436827734,96
3.2958870319590643,96
3.3151820762024,96
3.334419648529656,96
3.353600400866635,96
3.372724973963268,96
3.4467939970955923,96
3.465808066906102,96
3.4847677884564474,96
3.503673746617205,96
3.522526513220437,96
4.230395804525979,96
5.347773443342812,96
5.366487070353396,96
5.3851495025620535,96
5.458761261211403,96
5.477322849811681,96
5.495834769116409,96
5.514297507138617,96
5.532711544440754,96
5.548469954536922,96
5.619196460948952,96
5.634891276614435,96
5.65055459681309,96
5.666186617122658,96
5.681787532189556,96
5.752357531705566,96
5.767896813707121,96
5.783405561366744,96
5.853883955994315,96
5.869332188175686,96
5.884750435495444,96
5.955138871812888,96
5.9704976821259335,96
5.985827038431235,96
6.001127112092145,96
6.071398067654736,96
6.08664008452899,96
6.101853325398333,96
6.117037954175539,96
6.132194132910736,96
6.147322023654051,96
6.162421784730323,96
6.177493572601743,96
6.192537543730505,96
6.207553852716155,96
6.222542652295597,96
6.237504091480441,96
0.1000728384154291,97
0.1966799409280585,97
0.291759717900147,97
0.3854010845099767,97
0.4239189880568544,97
0.517316403845837,97
0.5555961671477685,97
0.6484311930196175,97
2.1312605169744154,97
2.2270900868180235,97
2.3219643804778176,97
3.5174926677469145,97
3.559311575918616,97
3.6558500367570623,97
3.697388497595509,97
3.738926958433956,97
3.780465419272402,97
3.877003880110848,97
3.973542340949295,97
4.015080801787741,97
4.056619262626188,97
4.0981577234646345,97
4.194696184303081,97
4.236234645141527,97
4.275307225550946,97
4.314473266625424,97
4.353734548674757,97
4.393092921153375,97
4.432550306768474,97
4.47210870592016,97
4.5117702015078605,97
4.55153696414155,97
4.591411257801345,97
4.631395445994733,97
4.671491998467381,97
4.711703498531153,97
4.807032651081976,97
4.902482291390695,97
4.943055394762364,97
4.983755087173956,97
5.024584657017563,97
5.1205475680965815,97
5.216647474046541,97
5.257888234381333,97
5.299273932400492,97
5.3408088952354,97
5.38249771636364,97
5.424345280983454,97
5.521356794717383,97
5.618537816209691,97
5.660894294301055,97
5.703432610613272,97
5.746159628565405,97
5.789082750083304,97
5.830251586918672,97
5.871559321574575,97
5.90312324714824,97
5.934759116409166,97
5.966467979667198,97
5.998250918354155,97
6.085109046427935,97
6.117043511862368,97
6.149055498229481,97
6.181146226381435,97
6.268564940945819,97
6.297834677205994,97
6.327481953011468,97
6.352741472007349,97
7.074376694442346,97
7.79915749240072,97
7.831144194634273,97
7.918510827751472,97
8.006288650961235,97
8.73487961623223,97
8.770482126207664,97
8.806248582483843,97
8.842184546919182,97
8.878295968802288,97
8.914589229555443,97
10.05107480618508,97
10.08961581769736,97
10.128927584321811,97
11.264554258020237,97
11.3038357231334,97
12.039233658047037,97
12.08101997855456,97
12.12339521530421,97
12.16643810975702,97
12.258938379170017,97
12.35639248001726,97
12.405698883862808,97
12.510005283685045,97
12.559311687530592,97
12.60861809137614,97
12.657924495221687,97
12.707230899067238,97
12.756537302912786,97
12.805843706758337,97
12.91015010658057,97
12.95945651042612,97
0.1000728384154291,98
0.1971799409280585,98
0.292259717900147,98
0.3859010845099767,98
0.4697853386079152,98
0.5528988450442632,98
0.6373446941052755,98
1.823170638052114,98
4.348801588979848,98
6.756186584014564,98
6.86002784927983,98
6.963065037787231,98
7.065409721753832,98
7.167146249657815,98
7.268610971515704,98
7.369743089961885,98
9.419931380819834,98
9.523804807418182,98
11.934058754220162,98
12.036417895595472,98
12.138433992367643,98
14.18916580398474,98
14.293603604648078,98
16.34635516566801,98
16.452770183044123,98
17.89148812555697,98
17.998524103758726,98
18.105200376340136,98
19.822612461538085,98
22.17725201239217,98
22.28399517605568,98
25.22856886387869,98
25.33964435968505,98
28.08796636972533,98
31.201687218153715,98
32.65152161443608,98
32.76981702623751,98
35.72390610070091,98
36.88864193612332,98
37.00954975139389,98
39.15588244688573,98
39.22256690276249,98
39.34398329655226,98
40.564241358878206,98
40.63069897719495,98
40.751934336698845,98
43.016461870540425,98
43.1385675458813,98
43.20562719066911,98
43.32746660545319,98
43.438613866230654,98
43.54959034666128,98
46.24739068631765,98
47.05454717863607,98
47.16846322708882,98
47.27739314430512,98
49.00140360934811,98
49.11609401894941,98
50.61771757615163,98
50.73295714115262,98
50.84810086661292,98
51.60169035963955,98
51.717016777927206,98
51.8276925077384,98
54.01938271426611,98
54.130541316205786,98
55.340619555646704,98
55.44322721564226,98
55.54574430638008,98
58.048418170744704,98
61.04593289547615,98
63.64063084774666,98
64.44378758125953,98
64.55366161369733,98
66.21805778049878,98
66.32794202768258,98
66.43775585197858,98
68.28507235550336,98
69.72737505936078,98
69.83831754230908,98
69.94511361324243,98
70.05183319651536,98
70.79701028668336,98
71.94812546574525,98
73.79331193768434,98
75.23360000454835,98
77.28944788777284,98
77.39931858980111,98
78.89642025434426,98
79.00713828855208,98
80.44963566117934,98
81.60478559785537,98
81.71626470887117,98
81.82761756979875,98
83.2707276781743,98
85.11998288237504,98
85.23238345884732,98
85.98312166237287,98
87.4274184992259,98
88.87210896515302,98
0.1000728384154291,99
0.1966799409280585,99
2.603149373846977,99
6.014780934283279,99
6.12812251413301,99
9.425509995455668,99
12.592699995865845,99
12.714680203599452,99
12.83639249010239,99
13.596337354407073,99
13.662794592547506,99
13.728933095344033,99
13.794771969335905,99
13.860328159358383,99
13.925616795844563,99
14.038435826813158,99
14.151176578296388,99
14.208840256962612,99
14.266428032842953,99
14.323941040974956,99
14.381380382949391,99
14.43874712836721,99
14.49604231621306,99
14.55326695615133,99
14.610422029750014,99
14.667508491637422,99
14.779527270596242,99
14.891479270599156,99
14.948365371789846,99
15.005186431412971,99
15.061943284696357,99
15.116800605337204,99
15.171595327351328,99
15.226328224775598,99
15.276009492674325,99
15.32564530571454,99
15.375236073405048,99
15.424782197941834,99
15.474284074402236,99
15.509460925257583,99
15.59960866639652,99
15.689727462029836,99
15.72481748009362,99
15.758826724386594,99
15.792821682191274,99
15.88180239418783,99
15.9157689019505,99
15.949721246159456,99
16.038659467494867,99
16.072583603805683,99
16.106493695772073,99
16.13923135692515,99
16.171948111749074,99
16.20464404965081,99
16.29231925601401,99
16.32497381339111,99
16.357607807165763,99
16.390221323019645,99
16.422814446634433,99
16.51038725966849,99
16.54293984094896,99
16.630472279286764,99
16.657243047973893,99
16.683987219950936,99
16.710704936778924,99
16.737396338156245,99
16.764061561918638,99
16.7907007440392,99
16.81731401862838,99
16.84390151979663,99
16.870463379791758,99
16.951999724975607,99
16.978510693779967,99
17.05999641226866,99
17.141456999949,99
17.222892590931437,99
17.24930330658593,99
17.275689269549034,99
17.302050600892684,99
17.32838742355146,99
17.40969985643663,99
17.435988017490885,99
17.462252023762844,99
17.488491990736506,99
17.569708035460494,99
17.650900268128893,99
17.677068804523728,99
17.703213756105683,99
17.729335234633467,99
17.7554333481405,99
17.830360506794236,99
17.85028184311726,99
17.87019736985006,99
17.89010709258058,99
17.91001101875939,99
17.929909153974435,99
19.04427997688093,99
19.11503271678724,99
19.1307796902422,99
19.19159747580328,99
0.1000728384154291,100
0.1416799409280584,100
0.236259717900147,100
0.3317511026562053,100
0.4279966018609366,100
0.5260421147358249,100
0.6083237340462039,100
0.6393463982057402,100
0.724715843589289,100
0.7606573698830436,100
0.7973289413165877,100
0.8307365027975867,100
0.8602683374446461,100
0.9400380084079336,100
0.9586440713864396,100
0.9685289047446678,100
-0.0365544177803566,100
0.1000728384154291,101
0.1966799409280585,101
0.2993069074623176,101
0.4118584103457519,101
0.5252432457677909,101
0.6386280811898299,101
3.6553223885171,101
6.7789707935921735,101
10.511875912312725,101
14.62198549763156,101
17.50068360009154,101
17.606792980311738,101
17.712902360531935,101
17.81901174075213,101
17.980121120972328,101
20.284622120653925,101
22.590230626733604,101
25.09779096096716,101
27.77382801148148,101
30.188535027471303,101
32.866881127282866,101
35.74471164206499,101
38.69417365351975,101
41.64501098602919,101
44.59714169660601,101
47.60772118420309,101
50.03119907078193,101
53.197986214507495,101
56.31721381931329,101
59.274916343200346,101
62.2907822547002,101
65.97345471100728,101
66.15577910582495,101
66.28310350064261,101
66.41042789546027,101
66.53775229027794,101
66.7200766850956,101
66.84740107991327,101
66.97472547473093,101
67.1020498695486,101
67.22937426436626,101
67.35669865918392,101
67.48402305400158,101
67.61134744881925,101
67.73867184363691,101
67.86599623845457,101
68.04832063327224,101
68.1756450280899,101
68.30296942290757,101
68.43029381772523,101
68.55761821254289,101
68.68494260736055,101
68.81226700217822,101
68.93959139699588,101
69.06691579181354,101
69.1942401866312,101
69.32156458144887,101
69.44888897626653,101
69.5762133710842,101
69.70353776590186,101
69.83086216071952,101
69.95818655553718,101
70.08551095035484,101
70.21283534517251,101
70.34015973999017,101
70.52248413480784,101
70.6498085296255,101
70.77713292444317,101
70.90445731926083,101
71.03178171407849,101
71.15910610889615,101
71.28643050371382,101
71.41375489853148,101
71.54107929334914,101
71.6684036881668,101
71.79572808298447,101
71.92305247780213,101
72.0503768726198,101
72.17770126743746,101
72.30502566225512,101
72.43235005707278,101
72.55967445189044,101
72.68699884670811,101
72.81432324152577,101
72.94164763634343,101
73.0689720311611,101
73.25129642597877,101
73.43362082079643,101
73.5609452156141,101
73.68826961043176,101
73.81559400524942,101
73.94291840006709,101
74.12524279488476,101
74.25256718970242,101
74.43489158452009,101
74.61721597933776,101
74.74454037415542,101
74.92686476897309,101
75.05418916379075,101
75.18151355860842,101
0.1000728384154291,102
0.1416799409280584,102
0.181259717900147,102
0.2744010845099767,102
0.3664267333632353,102
0.4035026338957614,102
0.4816498961988872,102
0.5578364314730717,102
0.6387930919464909,102
0.6644842032933403,102
0.6899231603720554,102
0.7701220713548386,102
0.8500919346574652,102
0.8751750103438407,102
0.9003739213266239,102
0.9256914149424936,102
0.9511303720212086,102
0.9766938168580322,102
1.0023849282048816,102
1.0282070514137012,102
1.0541637118871203,102
1.135258630017192,102
1.2164957378238666,102
1.2428791975420417,102
1.2694134224510698,102
1.2961031002954484,102
1.3229532197125844,102
1.349969100166305,102
1.3771564259874187,102
1.4045212852508169,102
1.4320702143798287,102
1.5148102495729416,102
1.597748986409302,102
1.6258946493264763,102
1.6542561731029772,102
1.6828432990558804,102
1.711666689433036,102
1.7407380645158887,102
1.7610903488127538,102
1.7815295918231782,102
1.8570573327191,102
1.8776751661425344,102
1.89838474525931,102
1.9128473875456709,102
1.927310029832032,102
1.9967726721183925,102
2.011235314404753,102
2.0256979566911144,102
2.040160598977476,102
2.0546232412638363,102
2.0690858835501973,102
2.0835485258365583,102
2.098011168122919,102
2.11247381040928,102
2.126936452695641,102
2.141399094982002,102
2.155861737268363,102
2.225324379554724,102
2.2397870218410847,102
2.2542496641274457,102
2.3237123064138063,102
2.338174948700168,102
2.407637590986528,102
2.4771002332728886,102
2.4915628755592496,102
2.5610255178456103,102
2.5754881601319712,102
2.644950802418332,102
2.659413444704693,102
2.6649797783449287,102
2.670456019457651,102
2.675843762684877,102
2.6811445471985427,102
2.680198394881794,102
2.679252242565045,102
2.678306090248296,102
2.732359937931547,102
2.722696181375573,102
2.7131209227050967,102
2.7586357565621333,102
2.749242336112511,102
2.7399423763279493,102
2.7857376575182413,102
2.7766300291378188,102
2.822621413893877,102
2.813713812186524,102
2.804909306915183,102
2.796210068689832,102
2.8426183614905853,102
2.8341365488249326,102
2.8257671004385405,102
2.817512599643272,102
2.809375751335054,102
2.8013593907847314,102
2.7934664932973607,102
2.785700184849912,102
2.833063753834479,102
2.825560664054457,102
2.818194569145376,102
2.810969328621128,102
0.1000728384154291,103
0.2081928663930287,103
0.3142855688300875,103
0.4189398609048874,103
0.5211666139007788,103
0.6201778637410383,103
0.6557027721942644,103
0.6980899112464171,103
0.7360065492035132,103
0.7715730728746634,103
0.8079529764295798,103
0.8411105374039393,103
0.8704340389163475,103
0.8950370388270598,103
0.9685180993915776,103
0.9783195998684744,103
-0.0268054459078926,103
0.1000728384154291,104
0.1966799409280585,104
0.291259717900147,104
0.3819010898059507,104
0.4164267375653883,104
0.4500407769864698,104
0.4689046635812421,104
0.5410746752804418,104
0.5534013432970544,104
0.6181154472342034,104
0.6834479121079942,104
0.7455580418518086,104
0.7493615087641676,104
0.7531925237326225,104
0.7523030381471192,104
0.7561065050594782,104
1.4601411315433954,104
2.169355401658294,104
2.1854224930338835,104
2.2564078400664305,104
2.272558035217998,104
2.288878701516268,104
2.3053758571677183,104
2.322055959963081,104
2.338925959431408,104
2.355993352719424,104
2.428266256936667,104
2.4405098910264944,104
2.452938047126708,104
2.465557797700939,104
2.533376774639664,104
2.5464032533400034,104
2.6146462130181765,104
2.6831154542796587,104
2.6968217118464684,104
2.7107767768956994,104
2.7249936814241384,104
2.7394868991159176,104
2.7542725986622547,104
2.769368955754516,104
2.839796559774158,104
2.9105789231889223,104
2.981743151211021,104
2.998320838325498,104
3.0153492799781536,104
3.032873177789924,104
3.050947079324005,104
3.0696390512220835,104
3.089036416151402,104
3.105687992536304,104
3.122866371535537,104
3.140633664914248,104
3.15906861599612,104
3.178274320327518,104
3.198391632997272,104
3.2196246626608347,104
3.2422961032770847,104
3.2669948692254995,104
3.2951593714587664,104
3.328816933446405,104
3.362474495434044,104
3.396132057421682,104
3.4297896194093203,104
3.4634471813969587,104
3.497104743384597,104
3.530762305372236,104
3.619419870787141,104
3.65307743277478,104
3.686734994762418,104
3.775392560177324,104
3.809050122164962,104
3.8427076841526007,104
3.931365249567506,104
3.9650228115551447,104
3.998680373542783,104
4.032337935530421,104
4.06599549751806,104
4.099653059505698,104
4.188310624920604,104
4.221218189113614,104
4.254125753306624,104
4.287033317499635,104
4.319940881692645,104
4.352848445885655,104
4.385756010078666,104
4.418663574271676,104
4.451571138464686,104
4.484478702657697,104
4.517386266850707,104
4.605293827020404,104
4.638201391213414,104
4.6711089554064245,104
4.759016515576121,104
4.791924079769132,104
4.879831639938828,104
4.912739204131839,104
5.000646764301536,104
5.033554328494546,104
5.121461888664243,104
5.154369452857253,104
0.1000728384154291,105
0.2151243381986281,105
0.3301758379818272,105
0.4452273377650263,105
0.5602788375482254,105
0.6753303373314244,105
0.7874161012118238,105
0.8960361291894234,105
1.0006015060859417,105
1.1041635295051486,105
1.1552835574048907,105
1.2133350541490466,105
1.2713865508932023,105
1.380972320367709,105
1.4390238171118648,105
1.5416781102913768,105
1.5937326049107463,105
1.6517841016549022,105
1.709835598399058,105
1.767887095143214,105
1.8259385918873696,105
1.938990095784083,105
2.041644388963596,105
2.1006303524273786,105
3.5491967891949567,105
3.61146879025282,105
3.673740791310683,105
3.7910127957958135,105
3.8532847968536768,105
3.91555679791154,105
4.02000405095996,105
4.127605507304088,105
4.19060417466344,105
4.253602842022792,105
4.357435437073127,105
6.020241709579841,105
6.082969056596175,105
6.149162138034717,105
6.215355219473258,105
6.281548300911799,105
6.347741382350341,105
6.468934463490859,105
7.230757342805282,105
8.911517726411239,105
10.082852589120284,105
10.210575105776206,105
10.323318975200072,105
12.176403777827636,105
14.036501543750182,105
15.907386915912047,105
18.12863219772692,105
20.297326802576343,105
22.58626534421565,105
24.93241406897957,105
27.97555197581508,105
28.114777873748896,105
30.961340615198672,105
32.14206144121216,105
32.27753655740625,105
32.35848747783066,105
32.49398353936403,105
32.57732234656775,105
32.6661542152148,105
32.82097220674854,105
32.96081153691451,105
33.095327313395515,105
35.12232202773297,105
36.590093714562045,105
38.51994380877567,105
38.65329548676656,105
40.677673998574846,105
42.365325638012806,105
42.49745532635234,105
42.62789358184011,105
42.75782453530011,105
43.58068232079288,105
43.65483742866408,105
44.47741991097112,105
44.60663482027343,105
44.73528712121784,105
46.47361512411821,105
46.54717256964194,105
46.62041812700383,105
46.74826687566235,105
46.87606816633746,105
48.3356230430483,105
48.40878480625216,105
48.48184972976013,105
48.6096349034957,105
49.78124546665712,105
51.46412957693403,105
52.69143381958987,105
54.43027713189156,105
54.55961034838444,105
56.4813237517668,105
56.61095770260837,105
58.53315516524196,105
58.66325617846227,105
60.68497814195771,105
60.76069480604784,105
0.1000728384154291,106
0.2151243381986281,106
0.3301758379818272,106
0.4452273377650263,106
0.5602788375482254,106
0.6753303373314244,106
0.7908818371146236,106
0.9064333368978226,106
1.0219848366810216,106
1.0825363364642206,106
1.1430878362474195,106
1.2586393360306187,106
1.3741908358138175,106
1.4358018005505138,106
1.4974127652872098,106
1.5590237300239058,106
1.6206346947606018,106
1.682245659497298,106
1.743856624233994,106
1.80546758897069,106
1.867078553707386,106
1.928689518444082,106
1.990300483180778,106
2.051911447917474,106
2.16852241265417,106
2.2301333773908656,106
2.2917443421275614,106
2.353355306864257,106
2.414966271600953,106
2.531577236337649,106
2.593188201074345,106
2.6547991658110406,106
2.7164101305477364,106
2.778021095284432,106
2.839632060021128,106
2.901243024757824,106
2.96285398949452,106
3.0244649542312154,106
3.0860759189679112,106
3.147686883704607,106
3.209297848441303,106
3.270908813177998,106
3.3325197779146944,106
3.3941307426513903,106
3.510741707388086,106
3.572352672124782,106
3.633963636861478,106
3.6955746015981736,106
3.757185566334869,106
3.818796531071565,106
3.880407495808261,106
3.942018460544957,106
4.058629425281653,106
4.120240390018349,106
4.181851354755045,106
4.243462319491741,106
4.3050732842284365,106
4.421684248965132,106
4.483295213701828,106
4.544906178438524,106
4.606517143175219,106
4.668128107911915,106
4.784739072648611,106
4.846350037385307,106
4.907961002122002,106
4.969571966858698,106
5.031182931595394,106
5.09279389633209,106
5.209404861068785,106
5.271015825805481,106
5.332626790542177,106
5.394237755278873,106
5.4558487200155685,106
5.517459684752264,106
5.57907064948896,106
5.640681614225656,106
5.702292578962352,106
5.763903543699048,106
5.825514508435743,106
5.887125473172439,106
5.948736437909135,106
6.010347402645831,106
6.126958367382526,106
6.188569332119222,106
6.250180296855918,106
6.311791261592614,106
6.3734022263293095,106
6.435013191066005,106
6.496624155802701,106
6.558235120539397,106
6.619846085276093,106
6.681457050012789,106
6.743068014749484,106
6.80467897948618,106
6.866289944222876,106
6.927900908959572,106
6.989511873696268,106
7.051122838432963,106
7.112733803169659,106
7.174344767906355,106
0.1000728384154291,107
0.1966799409280585,107
0.291259717900147,107
0.3786001622265478,107
0.4662675156777998,107
0.5547395243829389,107
0.6447840004748007,107
1.8436887436700224,107
1.9454196085593929,107
2.0448355292341938,107
3.891722402479433,107
6.361421070005678,107
9.147091112043642,107
12.23178497158418,107
15.85531668397469,107
18.35248930484269,107
20.6505743806613,107
20.80643487914369,107
20.907295377626088,107
21.00815587610848,107
21.10901637459088,107
21.20987687307327,107
21.310737371555664,107
21.41159787003805,107
21.51245836852045,107
21.61331886700285,107
21.76917936548524,107
21.87003986396764,107
21.970900362450028,107
22.07176086093242,107
22.22762135941481,107
22.32848185789721,107
22.429342356379603,107
22.530202854862,107
22.63106335334439,107
22.731923851826785,107
22.83278435030918,107
22.933644848791573,107
23.034505347273967,107
23.19036584575636,107
23.346226344238755,107
23.44708684272115,107
23.547947341203542,107
23.648807839685936,107
23.74966833816833,107
23.850528836650724,107
23.95138933513312,107
24.107249833615512,107
24.263110332097902,107
24.3639708305803,107
24.464831329062694,107
24.565691827545088,107
24.66655232602748,107
24.76741282450988,107
24.86827332299227,107
24.969133821474664,107
25.069994319957058,107
25.17085481843945,107
25.27171531692185,107
25.37257581540424,107
25.47343631388664,107
25.629296812369027,107
25.73015731085142,107
25.83101780933381,107
25.98687830781621,107
26.087738806298603,107
26.243599304781,107
26.34445980326339,107
26.445320301745785,107
26.54618080022818,107
26.64704129871057,107
26.747901797192966,107
26.84876229567536,107
26.949622794157754,107
27.05048329264015,107
27.151343791122542,107
27.252204289604936,107
27.35306478808733,107
27.453925286569724,107
27.55478578505212,107
27.655646283534512,107
27.756506782016903,107
27.8573672804993,107
28.01322777898169,107
28.114088277464088,107
28.21494877594648,107
28.31580927442888,107
28.41666977291127,107
28.572530271393664,107
28.673390769876058,107
28.77425126835845,107
28.875111766840845,107
29.03097226532324,107
29.13183276380564,107
29.287693262288027,107
29.38855376077042,107
29.48941425925281,107
29.59027475773521,107
29.691135256217603,107
29.8469957547,107
0.1000728384154291,108
0.1966799409280585,108
0.2958411715595178,108
0.3959140099749469,108
0.4876074709162616,108
0.57777360008811,108
0.6616395555601025,108
0.745664253102293,108
0.8321441255674267,108
0.9186239980325605,108
2.343401744233122,108
2.440594821439733,108
2.4943008192047977,108
2.548006816969862,108
2.601712814734926,108
2.710418819652548,108
2.764124817417612,108
2.8178308151826763,108
2.8715368129477405,108
2.925242810712805,108
2.978948808477869,108
3.0326548062429333,108
3.086360804007997,108
3.1400668017730617,108
3.193772799538126,108
3.2474787973031902,108
3.3011847950682545,108
3.3548907928333187,108
3.408596790598383,108
3.462302788363447,108
3.5160087861285114,108
3.569714783893576,108
3.678420788811197,108
3.7321267865762615,108
3.7858327843413258,108
3.83953878210639,108
3.8932447798714542,108
3.94695077763652,108
4.000656775401582,108
4.054362773166647,108
4.163068778084268,108
4.216774775849332,108
4.270480773614397,108
4.324186771379461,108
4.432892776297082,108
4.486598774062147,108
6.210022612677564,108
8.275290652380933,108
8.380785613523473,108
10.381828933225622,108
12.391576800013524,108
14.538642095122851,108
17.096243796136825,108
19.53020603758844,108
22.556107610006947,108
25.902127318229056,108
27.37486566121669,108
28.56266291125624,108
28.653104444769067,108
28.74927797738209,108
28.90391724589791,108
29.00355651441373,108
29.15819578292956,108
29.25783505144538,108
29.4124743199612,108
29.567113588477024,108
29.666752856992847,108
29.76639212550867,108
29.866031394024493,108
29.965670662540315,108
30.06530993105613,108
30.16494919957196,108
30.264588468087783,108
30.36422773660361,108
30.46386700511943,108
30.56350627363525,108
30.663145542151074,108
30.762784810666897,108
30.86242407918272,108
30.962063347698543,108
31.061702616214365,108
31.161341884730188,108
31.26098115324601,108
31.36062042176184,108
31.460259690277656,108
31.55989895879348,108
31.6595382273093,108
31.759177495825124,108
31.858816764340947,108
32.01345603285677,108
32.1130953013726,108
32.21273456988842,108
32.31237383840424,108
32.412013106920064,108
32.566652375435886,108
32.66629164395171,108
32.76593091246753,108
32.865570180983354,108
32.96520944949918,108
33.064848718015,108
0.1000728384154291,109
0.1966799409280585,109
0.291259717900147,109
0.3819010898059507,109
0.4129520140176912,109
0.4982321865445276,109
0.5265658132320543,109
0.5543412405586143,109
0.6270721468663116,109
0.6402075549176236,109
0.7058678527882596,109
0.7721324001958867,109
1.88789391867428,109
1.905138918902566,109
1.9224816428086065,109
1.939924036856581,109
1.95746812946706,109
2.027572296332409,109
2.042711062129428,109
2.0578846724292537,109
2.0730933693757554,109
2.088337402563383,109
2.158617023151209,109
2.2289324884822865,109
2.2442840521743794,109
2.3146719818523427,109
2.385096546035101,109
3.1534963806679746,109
3.173942113067796,109
3.249588677432229,109
3.270444474886944,109
3.2915186488589545,109
3.31282117195039,109
3.389362975727608,109
3.411156087886383,109
3.4332138130029937,109
3.4555509404799243,109
3.4781840124687453,109
3.501131653558304,109
3.5244149898698827,109
3.60305819265156,109
3.6270891872754594,109
3.6515405976733466,109
3.731451047357013,109
3.756866976391365,109
3.78284529573827,109
3.804645197238614,109
3.827001226838519,109
3.849983071680953,109
3.8736804218551417,109
3.8982130417188894,109
3.923749016370466,109
3.950541563104679,109
3.97901646956413,109
4.065045507397343,109
4.101567605282952,109
4.141555437590768,109
4.23654327705114,109
4.276531109358956,109
4.316518941666772,109
4.356506773974587,109
4.396494606282403,109
4.436482438590218,109
4.531470278050591,109
4.571458110358407,109
4.611445942666222,109
4.651433774974038,109
4.691421607281853,109
4.731409439589669,109
4.771397271897484,109
4.8113851042053,109
4.851372936513116,109
4.891360768820931,109
4.931348601128747,109
4.971336433436562,109
5.011324265744378,109
5.051312098052193,109
5.091299930360009,109
5.131287762667824,109
5.17127559497564,109
5.211263427283456,109
5.251251259591271,109
5.291239091899087,109
5.331226924206902,109
5.371214756514718,109
5.411202588822533,109
5.506190428282906,109
5.601178267743279,109
5.641166100051095,109
5.68115393235891,109
5.721141764666726,109
5.761129596974541,109
5.801117429282357,109
5.841105261590172,109
5.881093093897988,109
5.921080926205804,109
5.961068758513619,109
6.001056590821435,109
6.096044430281808,109
6.136032262589623,109
0.1000728384154291,110
0.1946485328719625,110
0.287785399673452,110
0.3795286994625965,110
0.4633963264846654,110
0.5465676431700668,110
0.6258778666302642,110
0.7047641073510131,110
1.4242448602959594,110
2.1457127724930727,110
2.1748401300206863,110
3.3102143169276124,110
3.4012955542948053,110
4.187233850159558,110
4.279718462835046,110
4.371914281339773,110
4.463984148600358,110
4.50093115955729,110
4.534794968941982,110
4.5686109310715945,110
4.589798808354095,110
5.361717582005218,110
6.542310476559356,110
6.569291169080094,110
6.596271861600831,110
6.623252554121569,110
6.650233246642307,110
6.668293589982346,110
6.686377685773328,110
6.704485649499253,110
6.722617592918828,110
6.742413060995892,110
6.756711592222706,110
6.77101012344952,110
6.785308654676333,110
7.496611888776675,110
7.5164315693780335,110
8.287245809356824,110
9.411942779342786,110
9.435761804948704,110
10.56140219725217,110
10.588430286641374,110
10.61545837603058,110
10.697486459533826,110
10.779514543037072,110
10.806542632426275,110
10.888570715929523,110
10.915598805318728,110
10.942626894707931,110
10.969654984097138,110
10.996683073486343,110
11.023711162875548,110
11.105739246378796,110
11.18776732988204,110
11.269795413385287,110
11.296823502774492,110
11.323851592163695,110
11.350879681552902,110
11.432907765056148,110
11.459935854445352,110
11.486963943834558,110
12.20503421246554,110
13.331527666445032,110
13.359385467390672,110
13.387219955469623,110
13.415031242440596,110
13.44281943633701,110
13.462379011581794,110
13.5369385883912,110
13.556498163635984,110
13.577545845206036,110
13.599929771642342,110
14.317814789037362,110
15.09273483536686,110
15.119507645513073,110
15.146280455659284,110
15.173053265805498,110
15.19982607595171,110
15.226598886097923,110
15.253371696244136,110
15.32930547304,110
15.35157601654078,110
15.37505007653977,110
15.399675573478596,110
15.42185722596492,110
16.13954179293956,110
16.164057395677226,110
16.188551306049483,110
16.21302361718859,110
16.23747442408945,110
16.95710865899469,110
17.67228565856363,110
17.694272901187794,110
17.713412803854006,110
17.732552706520217,110
17.751692609186428,110
17.77083251185264,110
17.79146052084412,110
17.812067388813155,110
18.52840775183882,110
0.1000728384154291,111
0.2151243381986281,111
0.3301758379818272,111
0.4452273377650263,111
0.5607788375482254,111
0.6643408609674326,111
0.7660294171394327,111
0.867129058133151,111
0.9172833502079508,111
1.0231052992458731,111
1.0836567990290724,111
1.1992082988122714,111
1.954976613413327,111
2.0175977474544373,111
2.135218881495548,111
2.197840015536658,111
2.260461149577768,111
2.3230822836188785,111
2.3857034176599887,111
2.448324551701099,111
2.510945685742209,111
2.5735668197833195,111
2.69118795382443,111
2.75380908786554,111
2.8164302219066504,111
2.934051355947761,111
2.996672489988871,111
3.0592936240299813,111
3.176914758071092,111
3.239535892112202,111
3.302157026153312,111
3.3647781601944224,111
3.4273992942355327,111
3.490020428276643,111
3.552641562317753,111
3.615262696358864,111
3.6778838303999737,111
3.740504964441084,111
3.803126098482194,111
3.865747232523304,111
3.928368366564415,111
3.990989500605525,111
4.053610634646636,111
4.116231768687746,111
4.178852902728857,111
4.241474036769968,111
4.304095170811078,111
4.366716304852189,111
4.4293374388933,111
4.4919585729344105,111
4.554579706975521,111
4.617200841016632,111
4.734821975057742,111
4.797443109098853,111
4.860064243139964,111
4.922685377181074,111
4.985306511222185,111
5.047927645263296,111
5.110548779304406,111
5.173169913345517,111
5.290791047386628,111
5.353412181427738,111
5.416033315468849,111
5.533654449509959,111
5.59627558355107,111
5.658896717592181,111
5.776517851633291,111
5.839138985674402,111
5.9017601197155125,111
5.964381253756623,111
6.027002387797734,111
6.089623521838845,111
6.152244655879955,111
6.214865789921066,111
6.277486923962177,111
6.395108058003287,111
6.457729192044398,111
6.575350326085508,111
6.637971460126619,111
6.70059259416773,111
6.76321372820884,111
6.825834862249951,111
6.888455996291062,111
7.006077130332172,111
7.1236982643732825,111
7.186319398414393,111
7.289461132368783,111
7.384692382297257,111
7.42259712540243,111
7.459076524010638,111
7.546210430792311,111
7.578617993972043,111
7.607316494217852,111
7.631419493115286,111
7.649525556943158,111
7.659077056913415,111
6.653827079801599,111
0.1000728384154291,112
0.1966799409280585,112
0.291259717900147,112
0.3288501586854533,112
0.4203630013397419,112
0.5109898117133946,112
0.6014485390330524,112
0.6868760691429348,112
1.4145951972748012,112
3.400227020814535,112
3.433464295550701,112
3.5215297335232467,112
3.554429042472956,112
3.5871675641680927,112
3.6197503128494,112
3.652181989833233,112
3.684467031940338,112
3.771609618648407,112
3.8038658419097633,112
3.836238346382496,112
3.923729910835144,112
3.956343426689026,112
3.989081948384163,112
4.021948683395502,112
4.054947006836054,112
4.1432902993108005,112
4.177004124357817,112
4.211118164792177,112
4.245667263254044,112
4.28069291202676,112
4.316245361551163,112
4.407386727019665,112
4.444195750489351,112
4.481775525345919,112
4.51279526142728,112
5.701948932691929,112
7.40769009976041,112
7.45055524943721,112
7.495704188331482,112
7.545178114756462,112
7.605049244448063,112
7.71992037384164,112
7.779791503533241,112
7.839662633224842,112
7.899533762916443,112
7.959404892608044,112
8.019276022299644,112
8.079147151991245,112
8.194018281384823,112
8.253889411076424,112
8.313760540768024,112
8.373631670459625,112
8.433502800151226,112
8.493373929842827,112
8.553245059534428,112
8.613116189226028,112
8.67298731891763,112
8.73285844860923,112
8.79272957830083,112
8.907600707694408,112
8.96747183738601,112
9.02734296707761,112
9.08721409676921,112
9.147085226460812,112
9.206956356152412,112
9.32182748554599,112
9.38169861523759,112
9.441569744929192,112
9.501440874620792,112
9.561312004312391,112
9.621183134003994,112
9.681054263695597,112
9.740925393387196,112
9.800796523078796,112
9.915667652472374,112
9.975538782163976,112
10.035409911855576,112
10.095281041547176,112
10.155152171238775,112
10.270023300632356,112
10.329894430323955,112
10.389765560015556,112
10.504636689409134,112
10.564507819100736,112
10.624378948792335,112
10.684250078483936,112
10.744121208175535,112
10.803992337867138,112
10.86386346755874,112
10.92373459725034,112
10.98360572694194,112
11.04347685663354,112
11.103347986325142,112
11.163219116016744,112
11.223090245708343,112
11.33796137510192,112
11.397832504793522,112
11.457703634485124,112
11.5725747638787,112
11.6324458935703,112
0.1000728384154291,113
0.2151243381986281,113
0.3306758379818272,113
0.4312486763972563,113
0.4733557789098856,113
0.5621236759365074,113
0.6459357637107841,113
0.728777070635604,113
0.8108057874382011,113
0.8921356919348709,113
0.918873059669184,113
0.9460540684998504,113
1.0185403573453895,113
1.0319311433598868,113
1.04334681677972,113
1.0559268818364016,113
1.0654096064284913,113
1.0712345513642303,113
1.0725681665247777,113
1.1229048441058491,113
1.1097398702880836,113
0.0818808977386451,113
0.1000728384154291,114
0.1897474375762602,114
0.2776978343056326,114
0.311436375756023,114
0.4006881879767138,114
0.4896767815299774,114
0.5792064430064423,114
0.6689582552271331,114
0.7549468513088669,114
0.8406853910046066,114
0.9258485894160712,114
0.9564666423457112,114
1.0425851169484104,114
1.127748315359875,114
1.1587369080143417,114
1.1907146322982751,114
1.2239266570167984,114
1.2587811994808162,114
1.348921534742638,114
2.082949993337914,114
2.123020273770615,114
2.166029487873837,114
2.272085887517258,114
2.3231422911839927,114
2.3741986948507274,114
2.458223191227242,114
3.189429608310982,114
3.92460915180616,114
3.968991526539847,114
4.01795535641484,114
4.070384920712039,114
4.166828365202472,114
4.209469058688208,114
5.416787364657447,114
5.471684810842797,114
5.526582257028148,114
5.581479703213498,114
5.636377149398848,114
5.691274595584199,114
5.801172037746236,114
5.911069479908273,114
5.965966926093623,114
6.020864372278973,114
6.12036461117439,114
6.176378236289546,114
6.927576945300624,114
6.98562844204478,114
7.043679938788936,114
7.156731442685649,114
7.269782946582362,114
7.327834443326518,114
7.432838753934428,114
8.881643728490397,114
10.33346267151408,114
12.53821940826945,114
14.915609077687783,114
17.190768436666055,114
19.67514090624152,114
22.52911535828766,114
24.468350790146648,114
27.70141464033371,114
31.19111310482897,114
33.374272289298034,114
34.864871213370705,114
35.02417577632349,114
35.18348033927627,114
36.95293483661889,114
37.0579514215274,114
37.16296800643591,114
37.32298459134442,114
39.8273852685448,114
42.69881939839046,114
44.88758403027896,114
45.05190712048762,114
47.24157197347554,114
49.29846363090215,114
49.46444513927344,114
49.63042664764474,114
49.79640815601604,114
52.39353749336159,114
52.55180138357299,114
54.51137850152358,114
54.65898089390694,114
56.88697216146149,114
57.028668481881006,114
57.861960140399226,114
60.40004164507282,114
62.15083468220551,114
62.29175202744897,114
62.4322668565982,114
64.51943490895661,114
66.74278744372513,114
66.88673892286498,114
68.82306467867025,114
71.04992493502954,114
72.99454790866622,114
73.14996554119368,114
75.51732496619289,114
75.67200460158908,114
78.02731643040359,114
0.1000728384154291,115
0.1966799409280585,115
0.291259717900147,115
0.3844010845099767,115
0.4214267333632353,115
0.5125407744325241,115
0.5339046620159563,115
0.6079496742897509,115
0.6737763436251162,115
0.6909239237868069,115
0.7627951895558117,115
2.636870125468897,115
4.616708735164332,115
6.261890152629542,115
7.909736970599818,115
10.653605521288942,115
13.105858060350748,115
15.415355547791387,115
17.873530487804928,115
20.93418864198549,115
24.336386829256178,115
25.792756793930533,115
27.809319246377864,115
30.13301914129112,115
31.996659997293783,115
32.067999337575856,115
32.138849689141544,115
32.209254642556964,115
32.27925064880734,115
32.34886864135401,115
32.418135201237035,115
32.487073415602524,115
32.545468632382814,115
32.60370638762421,115
32.66179148913032,115
32.71972845978754,115
32.777521562164736,115
32.89017482036015,115
32.93786585651186,115
33.04047749852046,115
33.0737278378497,115
33.10692095671996,115
33.14005750333175,115
33.17313811098441,115
33.20616339807614,115
33.23913396810397,115
33.32705041681632,115
33.35991331850394,115
33.39272324283823,115
33.42407917891845,115
33.45539227788552,115
33.486662897367324,115
33.51789139871701,115
33.54907813583716,115
33.63522344743117,115
33.666327684272375,115
33.69739117388829,115
33.72841424782976,115
33.75939723019704,115
33.79034044136509,115
33.8212441942583,115
33.85210879435047,115
33.8829345508407,115
33.913721758026924,115
33.94447071393236,115
33.97518170912966,115
34.005855030466165,115
34.03649095733866,115
34.067089769143905,115
34.0976517378281,115
34.12817713533744,115
34.158666226167526,115
34.189119271088686,115
34.21953652714595,115
34.249918251384344,115
34.33526468937501,115
34.36557609503373,115
34.39585271020636,115
34.42609477331146,115
34.446972313423004,115
34.52282786657318,115
34.54366152462765,115
34.564473386008586,115
36.5351911737512,115
36.55997242694005,115
36.5847273963432,115
36.60945621793374,115
36.63415902954742,115
36.658835965294685,115
38.62711938013538,115
38.64946698312863,115
38.67178905670747,115
38.69408573311969,115
38.71635713902518,115
38.73860340108379,115
38.76082464595541,115
38.78036788393959,115
38.79989307102963,115
38.81940027241811,115
38.838889553297605,115
0.1000728384154291,116
0.1966799409280585,116
0.291259717900147,116
0.3844010845099767,116
0.4219267333632353,116
0.5135407744325241,116
0.5406834984547934,116
0.6222700978047689,116
0.6503562758095106,116
0.6779875958688101,116
0.7602020109422049,116
0.8420316184289297,116
0.922249091637834,116
1.0021520013339362,116
1.0819943005568824,116
1.1617175469524703,116
1.2412108684308372,116
1.3218148703105292,116
2.450054263544782,116
2.533906398189768,116
3.953203854931101,116
4.040939090622171,116
4.12885578520368,116
5.6061002815492,116
7.592405399156316,116
9.834428151918155,116
9.934096177888616,116
10.033489135874015,116
10.132955221307975,116
11.620145944727168,116
14.56046858228515,116
17.66834178365539,116
21.40076600201057,116
23.550330894100654,116
23.675273788078087,116
25.53777444509523,116
27.688969246369112,116
27.81544582180118,116
27.94155302273783,116
28.06264553594145,116
30.824137549872724,116
30.946321856255857,116
31.06817917155775,116
32.9873455073336,116
33.10612889189514,116
34.61221893687042,116
34.73193906802925,116
34.85165919918808,116
36.58144035000595,116
36.70183200199398,116
38.61459523994717,116
40.81639701683315,116
40.93873067010435,116
41.0608623232344,116
43.32621981758865,116
43.44902642626556,116
45.51844032664093,116
45.641620738396966,116
47.78287277926,116
47.89925999749693,116
50.21405072320493,116
52.35722489465269,116
54.61936707604917,116
54.73907935429605,116
55.49746662188562,116
55.61750396151336,116
56.83671148676666,116
56.95686281282696,116
59.157177573035085,116
61.169628744910085,116
62.62281752188,116
62.74458706934246,116
64.65869427282604,116
64.7801494504908,116
64.90126312334331,116
66.81471753675731,116
66.93630320389065,116
67.05640820224079,116
67.17648298848661,116
67.93488021005186,116
68.05490977127346,116
69.27382606823238,116
69.33911721963676,116
69.45912615020069,116
70.2724520321587,116
71.94756046492847,116
72.06071476448568,116
74.1992860268453,116
75.41246394623312,116
75.52661188502105,116
76.68478091616424,116
76.79927217770609,116
78.80561983395609,116
78.86359035779032,116
78.92160578999909,116
79.03144448433312,116
79.14119134281071,116
81.19809995029362,116
82.40825674865636,116
82.46447871808203,116
0.1000728384154291,117
0.1966799409280585,117
0.291259717900147,117
0.3844010845099767,117
1.867180156785507,117
1.8980144125255536,117
3.781933100849196,117
4.559714766174361,117
5.695298695308965,117
6.417004787666601,117
7.895270490691679,117
9.087984718613558,117
9.181546714677006,117
11.351634052170905,117
11.441808324827344,117
14.108410881000792,117
14.20982522833136,117
14.310887813206914,117
14.411621764713969,117
14.508642763311112,117
17.007631391698563,117
19.682690325098164,117
19.725153366940148,117
19.822681489305623,117
21.94793707402242,117
22.048628414886124,117
24.349499787109025,117
26.972485228941608,117
29.574061777105488,117
31.638683820830952,117
34.7065624337184,117
37.77838039948494,117
39.79876117623297,117
42.07318915588812,117
44.63905311604431,117
44.7776290715555,117
44.91558990778227,117
47.15283785124602,117
47.310644253029935,117
48.512523343571296,117
48.65395366629462,117
50.14411389415192,117
50.24797976088933,117
50.40684562762674,117
51.89758883611129,117
54.137600234007145,117
55.90828033884363,117
56.069522531246015,117
56.2307647236484,117
58.41748268767361,117
58.52475911001899,117
58.63203553236437,117
58.79431195470975,117
58.939259697541125,117
60.64070600414158,117
60.73964587011353,117
60.902544533431616,117
61.065443196749705,117
62.615121486613056,117
62.72350541535651,117
62.83188934409997,117
62.99527327284343,117
64.8961248223983,117
66.15917479111405,117
66.2686124711617,117
66.37805015120935,117
66.487487831257,117
66.64052657415442,117
68.54250935469055,117
68.65273266599863,117
68.7629559773067,117
68.87317928861478,117
68.98340259992285,117
69.09362591123093,117
69.203849222539,117
69.36907253384709,117
69.47929584515516,117
69.58951915646324,117
69.75474246777132,117
69.8649657790794,117
69.97518909038747,117
70.08541240169555,117
70.19563571300363,117
70.3058590243117,117
70.41608233561978,117
70.52630564692785,117
70.63652895823593,117
70.746752269544,117
70.91197558085209,117
71.02219889216016,117
71.13242220346824,117
71.24264551477631,117
71.35286882608439,117
71.46309213739247,117
71.57331544870054,117
71.68353876000862,117
71.8487620713167,117
72.01398538262478,117
72.12420869393286,117
72.23443200524093,117
0.1000728384154291,118
0.1966799409280585,118
0.291759717900147,118
0.3304010845099767,118
0.4229267333632353,118
0.4595407744325241,118
0.5503840621026767,118
0.6405596928097066,118
0.7301464083384546,118
0.8081393616985353,118
0.8245980239253314,118
0.8976347244124683,118
2.3624478376250537,118
3.831068495545891,118
3.858189031739143,118
3.885111915205029,118
3.9118446598540815,118
3.938394235704449,118
3.96476711358538,118
3.990969326604513,118
4.017006507400778,118
4.042883930985239,118
4.068606542680767,118
4.094178993512299,118
4.874719416723784,118
6.0084957829118055,118
6.738419616698968,118
8.38830433483771,118
10.041265248845026,118
11.87970492214988,118
14.127642577182003,118
15.9722846946418,118
17.973358591346006,118
18.02163639497164,118
18.069738741998204,118
18.1176715812664,118
18.16544047142048,118
18.213050618082985,118
18.2553478780867,118
18.297529782485903,118
18.394598932757503,118
18.436557815625527,118
18.478408810490325,118
18.52015419622997,118
18.561796157438863,118
18.60333679016045,118
18.644778107164544,118
18.68612204281333,118
18.727370457555573,118
18.823525142083707,118
18.919587821184987,118
18.96056015731421,118
19.05644375391282,118
19.09724015849642,118
19.13795086553064,118
19.178577319113096,118
19.219120915477607,118
19.259583005335063,118
19.299964896064115,118
19.391425852251874,118
19.42780910215357,118
19.519115834964584,118
19.55534720402997,118
19.59150432844165,118
19.62758829454199,118
19.663600157340696,118
19.699540941851133,118
19.735411644351704,118
19.771213233577488,118
19.806946651846893,118
19.84261281612768,118
19.878212619046376,118
19.913746929844848,118
19.949216595287325,118
20.03962244052117,118
20.07496526989426,118
20.16524586773159,118
20.200464999073795,118
20.235623410379727,118
20.270721830195324,118
20.36076096979077,118
20.39574152376778,118
20.430664170638742,118
20.520529573379378,118
20.55533837995631,118
20.645091223831084,118
20.67978872444181,118
20.71443148766376,118
20.740579583820583,118
20.76669041272413,118
20.79276425009028,118
20.81880136758513,118
20.844802032913687,118
20.87076650990573,118
20.89669505859948,118
20.922587935322657,118
20.94844539277139,118
20.97426768008684,118
22.09762335852345,118
22.115559517448744,118
0.1000728384154291,119
0.1966799409280585,119
0.291259717900147,119
0.3844010845099767,119
0.4764267333632352,119
0.567540774432524,119
2.4558406989460737,119
2.550707972010173,119
2.644869852082972,119
4.127930922957172,119
6.304171605559101,119
6.345711311848869,119
6.38700428843688,119
6.482905606331339,119
8.931663976437592,119
11.28884981645066,119
14.056094146387569,119
16.603014419725746,119
18.96951784413401,119
22.128497563624112,119
22.94436341820792,119
23.01154079163681,119
23.078229783341875,119
23.14447388048051,119
23.265309454980404,119
23.33076737850722,119
23.39587418288277,119
23.460652915415977,119
23.525123783256053,119
23.589304648057105,119
23.653211412045746,119
23.71685832374888,119
23.77062202185344,119
23.82424334789216,119
23.877726243839632,119
23.9310744392492,119
23.979898443083627,119
24.028621433381467,119
24.077245410542822,119
24.1807722972749,119
24.22920394303212,119
24.27754212812428,119
24.32578856752309,119
24.3739449143944,119
24.42201276338021,119
24.46999365365246,119
24.51788907175791,119
24.56570045427178,119
24.61342919027589,119
24.66107662367565,119
24.76364405536868,119
24.81113274527685,119
24.855146087156168,119
24.954090826376166,119
24.99796789147614,119
25.041778186195057,119
25.08552259045207,119
27.673555418229604,119
27.7110992057981,119
27.748603584295584,119
27.786068861909538,119
27.82349534204464,119
27.86088332343323,119
27.898233100242447,119
27.93554496217804,119
27.972819194585128,119
28.06505607854592,119
28.10225589097451,119
28.139418904708943,119
28.176545388600523,119
28.268649176129937,119
28.305730369856786,119
28.33448901491446,119
28.36322749497576,119
28.39194588827176,119
28.420644276758857,119
28.44932274239344,119
28.47798135968132,119
28.506620210578863,119
28.53523937331719,119
28.56383892240209,119
28.592418936064668,119
28.620979492536016,119
28.64952066259665,119
28.678042524477668,119
28.76154515238685,119
28.790028617700763,119
28.818492994627185,119
28.846938357671924,119
28.93036477359218,119
28.9587723212151,119
28.987161067297883,119
29.015531082621045,119
29.043882437965102,119
29.07221520038528,119
29.100529440662093,119
29.12882522957606,119
29.15710263045711,119
29.185361714085765,119
29.21360254379196,119
0.1000728384154291,120
0.1966799409280585,120
0.3027726433651173,120
0.4178241431483163,120
0.5328756429315153,120
0.5904271423876826,120
0.6889992475569788,120
0.786386382585818,120
0.824803021556193,120
0.9157445475519244,120
0.9521244511068409,120
0.9852820120812004,120
1.0146055135936085,120
1.0392085135043208,120
1.1126895740688387,120
1.122991074627692,120
1.133292575186545,120
1.1435940757453982,120
1.153895576304251,120
1.1641970768631045,120
1.2294985771239344,120
1.2948000773847643,120
1.3051015779436177,120
1.3154030785024706,120
1.3257045790613238,120
1.336006079620177,120
1.34630758017903,120
1.3566090807378832,120
1.3669105812967364,120
1.3772120818555895,120
1.387513582414443,120
1.3978150829732958,120
1.408116583532149,120
1.473418083792979,120
1.5387195840538088,120
1.549021084612662,120
1.5593225851715151,120
1.5696240857303685,120
1.5799255862892214,120
1.5902270868480746,120
1.6005285874069275,120
1.6108300879657809,120
1.621131588524634,120
1.6314330890834872,120
1.696734589344317,120
1.7070360899031702,120
1.7173375904620234,120
1.782639090722853,120
1.7929405912817065,120
1.80324209184056,120
1.8135435923994128,120
1.823845092958266,120
1.834146593517119,120
1.844448094075972,120
1.909749594336802,120
1.9200510948956555,120
1.9853525951564848,120
1.9956540957153384,120
2.0059555962741915,120
2.071257096535021,120
2.0815585970938746,120
2.091860097652728,120
2.102161598211581,120
2.112463098770434,120
2.177764599031264,120
2.188066099590117,120
2.1983676001489703,120
2.2086691007078234,120
2.218970601266677,120
2.2292721018255297,120
2.239573602384383,120
2.249875102943236,120
2.260176603502089,120
2.2704781040609423,120
2.2807796046197955,120
2.3460811048806254,120
2.3563826054394785,120
2.366684105998332,120
2.376985606557185,120
2.387287107116038,120
2.397588607674891,120
2.4078901082337443,120
2.418191608792597,120
2.483493109053428,120
2.4937946096122805,120
2.5040961101711336,120
2.514397610729987,120
2.5796991109908167,120
2.59000061154967,120
2.600302112108523,120
2.665603612369353,120
2.675905112928206,120
2.6862066134870592,120
2.751508113747889,120
2.7618096143067423,120
2.7721111148655955,120
2.7824126154244486,120
2.7927141159833018,120
2.803015616542155,120
2.813317117101008,120
0.1000728384154291,121
0.1966799409280585,121
0.291759717900147,121
0.3854010845099767,121
0.4779267333632352,121
0.5670407734995726,121
0.6511835031395796,121
1.8367390804177168,121
4.179819124210441,121
7.118887441623771,121
7.221528726089561,121
7.327215720149653,121
7.377161200660022,121
7.426461066858692,121
7.475189229600034,121
7.523404401926567,121
7.571154352664061,121
7.618478707257368,121
7.720410867560217,121
7.767255515684816,121
7.814014156997623,121
7.915665432221896,121
7.961441196096215,121
8.007286674500378,121
8.05320285321841,121
8.09919074631324,121
8.200251397361273,121
8.246385880759885,121
8.292595303113325,121
8.338880804702951,121
8.385243561048357,121
8.431684784566492,121
8.478205726336613,121
8.524807677979616,121
8.626491973661185,121
8.673259992229124,121
8.720113159496286,121
8.767052950681734,121
8.814080893024064,121
8.916198568582349,121
8.96340761724185,121
9.010709739943565,121
9.05810670215881,121
9.105600337632591,121
9.1531925524222,121
9.198841373847356,121
12.252075451485403,121
15.411747849682678,121
18.97560826013352,121
21.24153975510229,121
23.390696257037305,121
25.764307909067306,121
28.476097975313216,121
28.5483448932016,121
28.62014904410328,121
28.74654646680769,121
28.81756777240591,121
28.888239285061093,121
28.958583883919964,121
29.08362163804696,121
29.153370294319497,121
29.222845658529355,121
29.34706189739989,121
29.41603178102539,121
29.48476687973545,121
29.553140551705933,121
29.617518011161675,121
29.679485119490867,121
29.74135057247614,121
29.85820346264073,121
29.92004382147045,121
29.974348845525466,121
30.02865074360352,121
30.13794951765772,121
30.186170941369586,121
30.234386130666675,121
30.2825950933129,121
30.33079783705285,121
30.43399436961188,121
30.48218469869616,121
30.530368831992792,121
30.57854677716982,121
30.626718541876343,121
30.674884133742577,121
30.72304356037992,121
30.77119682938101,121
30.81934394831983,121
30.86748492475173,121
30.91561976621354,121
30.9637484802236,121
31.011871074281856,121
31.05998755586992,121
31.108097932451106,121
31.156202211470568,121
31.259300400355293,121
31.30739250651421,121
31.355478537338232,121
31.458558500200347,121
31.50663240245565,121
31.554700251441467,121
0.1000728384154291,122
0.1966799409280585,122
0.3117314407112576,122
0.4267829404944566,122
0.5393344433778909,122
0.6489202128523973,122
0.7078050458604482,122
0.7666898788684992,122
0.8255747118765501,122
0.9359938138896612,122
3.840033912079969,122
7.056469954625501,122
10.723939682359475,122
10.87309607503946,122
10.967252467719446,122
11.06140886039943,122
11.155565253079414,122
11.2497216457594,122
11.343878038439383,122
11.438034431119368,122
11.532190823799352,122
11.681347216479336,122
11.77550360915932,122
11.869660001839303,122
11.96381639451929,122
12.057972787199274,122
12.15212917987926,122
12.246285572559245,122
12.340441965239227,122
12.434598357919212,122
12.528754750599196,122
12.67791114327918,122
12.772067535959165,122
12.86622392863915,122
12.960380321319134,122
13.054536713999118,122
13.148693106679104,122
13.242849499359089,122
13.337005892039071,122
13.431162284719056,122
13.52531867739904,122
13.619475070079025,122
13.71363146275901,122
13.807787855438994,122
13.901944248118978,122
14.051100640798962,122
14.145257033478948,122
14.29441342615893,122
14.388569818838915,122
14.4827262115189,122
14.631882604198884,122
14.781038996878868,122
14.875195389558852,122
14.969351782238835,122
15.06350817491882,122
15.157664567598806,122
15.25182096027879,122
15.400977352958774,122
15.49513374563876,122
15.589290138318743,122
15.683446530998728,122
15.777602923678712,122
15.871759316358697,122
15.96591570903868,122
16.060072101718667,122
16.20922849439865,122
16.358384887078635,122
16.45254127975862,122
16.601697672438604,122
16.750854065118588,122
16.845010457798573,122
16.939166850478557,122
17.03332324315854,122
17.127479635838526,122
17.24890147179816,122
17.311855410806547,122
17.36669622885407,122
17.418918760142933,122
17.469001548014294,122
17.515449082128416,122
17.559671507797848,122
17.6012688182515,122
17.696401184074293,122
17.732342710368048,122
17.769014281801592,122
17.80242184328259,122
17.83195367792965,122
17.856723343603026,122
17.875329406581532,122
17.94021424057306,122
16.935130918048035,122
0.1000728384154291,123
0.2151243381986281,123
0.3301758379818272,123
0.4452273377650263,123
0.5602788375482254,123
0.6723646014286248,123
0.7820522799445359,123
0.891739958460447,123
0.9488026402248112,123
1.0608653179658618,123
1.117927999730226,123
1.2299906774712768,123
2.9019392296029296,123
4.815554694767114,123
6.732629255886193,123
9.373505072231408,123
12.098029429319348,123
15.487078420795642,123
19.083581237834093,123
20.625565785001783,123
23.030486906353648,123
23.13282293471147,123
23.23515896306929,123
23.33749499142712,123
23.439831019784936,123
23.54216704814276,123
23.64450307650058,123
23.7468391048584,123
23.849175133216225,123
23.951511161574047,123
24.05384718993187,123
24.15618321828969,123
24.25851924664752,123
24.41585527500533,123
24.51819130336316,123
24.62052733172098,123
24.7228633600788,123
24.825199388436623,123
24.927535416794445,123
25.029871445152267,123
25.13220747351009,123
25.23454350186791,123
25.391879530225733,123
25.549215558583555,123
25.651551586941377,123
25.7538876152992,123
25.91122364365702,123
26.013559672014843,123
26.115895700372665,123
26.218231728730487,123
26.32056775708831,123
26.42290378544613,123
26.52523981380396,123
26.62757584216177,123
26.7299118705196,123
26.88724789887742,123
26.98958392723524,123
27.091919955593063,123
27.194255983950885,123
27.296592012308707,123
27.39892804066653,123
27.50126406902435,123
27.603600097382174,123
27.70593612574,123
27.808272154097818,123
27.91060818245564,123
28.06794421081346,123
28.170280239171284,123
28.327616267529105,123
28.429952295886928,123
28.53228832424475,123
28.68962435260257,123
28.7919603809604,123
28.894296409318216,123
28.99663243767604,123
29.09896846603386,123
29.20130449439168,123
29.303640522749504,123
29.40597655110733,123
29.508312579465148,123
29.61064860782297,123
29.712984636180792,123
29.81532066453861,123
29.91765669289644,123
30.01999272125426,123
30.17732874961208,123
30.334664777969905,123
30.437000806327724,123
30.539336834685542,123
30.641672863043368,123
30.74400889140119,123
30.84634491975901,123
33.084354861550594,123
33.18792326166234,123
33.29149166177409,123
33.39506006188584,123
33.49862846199758,123
33.65719686210933,123
33.76076526222108,123
33.864333662332825,123
0.1000728384154291,124
0.1966799409280585,124
0.291259717900147,124
0.3227397992795606,124
0.4081816792076727,124
0.4950143143123289,124
3.1017426296657225,124
3.1974669590181013,124
5.861385931033482,124
5.959973563212742,124
8.370623101559131,124
10.825564583508328,124
14.148044321573185,124
17.35244120170535,124
19.03093469093385,124
19.0993981789542,124
19.222130957473443,124
20.388441422901582,124
22.06592547666544,124
23.232568118699348,124
23.300087294499573,124
23.36714273992062,124
23.488773837392063,124
23.555013800681184,124
23.620891019558574,124
23.686430039979427,124
23.80665229547756,124
23.871576664017475,124
23.99121989945237,124
24.1105969710108,124
24.174721334083188,124
24.23860514885272,124
24.3022594587528,124
24.36569433757451,124
24.4839190118197,124
24.60194196329692,124
24.664771015793946,124
24.727413408801063,124
24.7898758606166,124
24.907164622679986,124
24.9692855266056,124
25.031244025103423,124
25.0930452277486,124
25.154693932385552,124
25.216194652813265,124
25.274806672975423,124
25.33330834946857,124
25.39170206495015,124
25.449990101351027,124
25.508174646130826,124
25.562155125427672,124
25.61605057494891,124
25.66986241656059,124
25.723592025356982,124
25.7772407319311,124
25.830809824500573,124
25.884300550900274,124
25.937714120451908,124
25.99105170571996,124
26.04431444416246,124
26.09750343968444,124
26.15061976410094,124
26.20366445851631,124
26.25663853462548,124
26.309542975942765,124
26.36237873896321,124
26.470146754260888,124
26.52284792752853,124
26.575483140562287,124
26.68305325219517,124
26.73555909918255,124
26.788001497042632,124
26.84038124085489,124
26.892699106018902,124
26.94495584897611,124
26.989864106786825,124
27.03473063248256,124
27.079555771496057,124
27.12433986358842,124
27.16908324298765,124
27.210163735346804,124
27.2512091222458,124
27.292219648445805,124
27.33319555531859,124
27.37413708091641,124
27.41504446004006,124
27.510917924304994,124
27.60675770220574,124
27.70256401917855,124
29.18615592488967,124
31.02228181174483,124
33.01474187328871,124
35.142979389894805,124
37.13945977984629,124
39.677691173437374,124
42.03563307110338,124
42.78447281360353,124
44.4504994717423,124
44.50223720012905,124
44.5539232039166,124
0.1000728384154291,125
0.2151243381986281,125
0.3301758379818272,125
0.4452273377650263,125
0.5602788375482254,125
0.6753303373314244,125
0.7764024370279031,125
0.8756645748862939,125
0.9615881497511582,125
1.002550275857182,125
1.0985123979398923,125
1.1405995244631486,125
1.2376866469630914,125
1.2797737734863477,125
1.321860900009604,125
1.3639480265328603,125
1.4060351530561166,125
1.5031222755560594,125
1.5452094020793157,125
1.587296528602572,125
1.6843836511025148,125
1.726470777625771,125
1.7685579041490274,125
1.810645030672284,125
1.85273215719554,125
1.8948192837187965,125
1.9369064102420528,125
1.9789935367653089,125
2.021080663288565,125
2.118167785788508,125
2.160254912311764,125
2.2023420388350203,125
2.2444291653582766,125
2.286516291881533,125
2.328603418404789,125
2.370690544928045,125
2.412777671451302,125
2.454864797974558,125
2.4969519244978144,125
2.5390390510210707,125
2.581126177544327,125
2.623213304067584,125
2.66530043059084,125
2.756894493336411,125
2.798981619859667,125
2.8410687463829234,125
2.88315587290618,125
2.925242999429436,125
2.9673301259526923,125
3.0094172524759486,125
3.051504378999205,125
3.093591505522461,125
3.135678632045717,125
3.2327657545456603,125
3.2748528810689166,125
3.316940007592173,125
3.359027134115429,125
3.401114260638685,125
3.443201387161942,125
3.485288513685198,125
3.5273756402084544,125
3.5694627667317107,125
3.611549893254967,125
3.6536370197782233,125
3.69572414630148,125
3.737811272824736,125
3.779898399347992,125
3.821985525871249,125
3.864072652394505,125
3.945680381591053,125
4.037851946289273,125
4.773461239273281,125
4.815923364693852,125
4.858385490114422,125
4.955847615236969,125
4.99830974065754,125
5.095771865780087,125
5.138233991200657,125
5.180696116621228,125
5.223158242041798,125
5.320620367164345,125
5.363082492584915,125
5.405544618005486,125
5.448006743426056,125
5.4904688688466265,125
5.532930994267197,125
5.575393119687767,125
5.617855245108338,125
5.660317370528908,125
5.702779495949478,125
5.800241621072026,125
5.842703746492596,125
5.885165871913166,125
5.927627997333737,125
6.025090122456284,125
6.067552247876854,125
6.110014373297425,125
6.152476498717995,125
6.194938624138565,125
6.237400749559136,125
0.1000728384154291,126
0.1916006610607661,126
0.2813451089864094,126
0.3697777355897154,126
0.4571721653691301,126
0.4887073438639114,126
0.5745095049877335,126
0.659672499254006,126
0.7446010755907843,126
0.7746454872239702,126
0.8598084814902427,126
0.9411028988715292,126
1.0243908979054572,126
1.0528003547396545,126
1.1360883537735822,126
1.8599914137329936,126
1.9457874495592,126
3.360450406750667,126
4.487431307515132,126
5.617996354779232,126
7.264084716519344,126
7.3007760021891475,126
7.392035645624626,126
8.817386907717216,126
8.856336296727884,126
8.895180416485298,126
8.988921438535678,126
9.02756144963764,126
9.066102446248758,126
9.104546354344118,126
9.142895021667709,126
9.181150225182998,126
9.21931368597411,126
9.257387054344642,126
9.295371924718845,126
9.33326983564161,126
9.371082273503768,126
9.408810676267374,126
10.832696379354228,126
10.92520735525154,126
10.962639176478612,126
10.999993072083225,126
11.037270241608846,126
11.129471839597452,126
11.166598995408046,126
11.203652800252664,126
11.24063431583904,126
11.277544570347295,126
11.314384565880523,126
11.351155278464782,126
11.387857650598514,126
11.479492609580982,126
11.57106104977988,126
11.66256384291314,126
11.69900183864497,126
11.735375867417083,126
11.77168673761748,126
11.80793523528241,126
11.844122131546962,126
11.88024817519449,126
11.91631409638189,126
11.952320610364902,126
12.6748046029415,126
13.805484567960727,126
14.993489180883396,126
15.027806245913732,126
15.062049233546484,126
15.096219227841129,126
15.130317279329526,126
15.164344408741224,126
15.198301607003438,126
15.232189838966358,126
15.266010039677846,126
15.299763125559318,126
15.333449986955154,126
15.367071488132703,126
15.400628471007574,126
15.43412175886892,126
15.46755215265416,126
15.500920434674253,126
15.534227364888418,126
15.56747368835472,126
15.600660131504762,126
15.633787402143705,126
15.666856193175542,126
15.69986717887782,126
15.732821022352208,126
15.820718375226486,126
15.853559856494892,126
15.88634608798288,126
15.919077673187482,126
15.951755204429851,126
15.98437925912999,126
16.016950403532014,126
16.049469188978897,126
16.081936163088308,126
16.11435185485147,126
16.146716782083736,126
16.234031462302433,126
16.269421388346228,126
0.1000728384154291,127
0.1966799409280585,127
0.2930430926198407,127
0.3891736442334484,127
0.4852660425260944,127
0.5808726220764721,127
0.6210364346401425,127
0.6607935190065432,127
0.7551744862667559,127
0.7948540497004768,127
0.8348511801628093,127
0.8751874236068357,127
0.9158874638222742,127
1.011402297679311,127
1.7375657445825397,127
1.77098218343032,127
1.804833680305606,127
1.8391617274917424,127
1.8740165791548549,127
1.9094603433348,127
1.945571765217906,127
1.9824539422131835,127
2.0752477272487937,127
2.114157229576236,127
2.15450514099372,127
3.292685873720771,127
4.029646702025062,127
4.078953411344415,127
4.131725855085975,127
4.239498302254802,127
4.347270749423629,127
4.400043193165189,127
4.452815636906749,127
4.505588080648309,127
4.558360524389869,127
4.611132968131429,127
4.718905415300256,127
4.771677859041816,127
4.824450302783376,127
4.877222746524936,127
4.929995190266496,127
4.982767634008056,127
5.090540081176883,127
5.143312524918443,127
5.196084968660003,127
5.248857412401563,127
5.301629856143123,127
5.354402299884683,127
5.407174743626243,127
5.459947187367803,127
5.512719631109363,127
5.565492074850923,127
5.618264518592483,127
5.72603696576131,127
5.77880940950287,127
5.83158185324443,127
5.939354300413257,127
5.992126744154817,127
6.099899191323644,127
6.152671635065204,127
6.205444078806764,127
6.258216522548324,127
6.365988969717151,127
6.418761413458711,127
6.471533857200271,127
6.524306300941831,127
6.632078748110658,127
6.739851195279485,127
6.792623639021045,127
6.845396082762605,127
6.898168526504165,127
6.950940970245725,127
7.058713417414552,127
7.111485861156112,127
7.164258304897672,127
7.272030752066499,127
7.324803195808059,127
7.432575642976886,127
7.485348086718446,127
7.538120530460006,127
7.590892974201566,127
7.643665417943126,127
7.696437861684686,127
7.804210308853513,127
7.91198275602234,127
7.9647551997639,127
8.01752764350546,127
8.07030008724702,127
8.12307253098858,127
8.17584497473014,127
8.283617421898967,127
8.336389865640527,127
8.389162309382087,127
8.441934753123647,127
8.494707196865207,127
8.547479640606767,127
8.655252087775594,127
8.708024531517154,127
8.760796975258714,127
8.813569419000274,127
0.1000728384154291,128
0.1966799409280585,128
0.2942489029039251,128
0.3924639235371918,128
0.4878454889292092,128
0.5310077118808598,128
0.6172178658778043,128
2.9699214371973843,128
3.0707525658542485,128
5.832627956860718,128
8.190558617108522,128
11.476861687487451,128
15.047873676656536,128
16.913349357020174,128
19.290080537151468,128
21.93038318586604,128
24.20355357040364,128
26.9747197709607,128
27.050746000341523,128
27.12588279492371,128
27.200264734371352,128
27.27399097381653,128
27.34713761775062,128
27.4747649273677,128
27.546540570019843,128
27.673316212671985,128
27.74325201822017,128
27.813319921583528,128
27.878446799509824,128
27.94359746812336,128
28.008772041164885,128
28.07397063346798,128
28.13919336097481,128
28.25944034075232,128
28.379711691008616,128
28.445007531109788,128
28.510327981596987,128
28.575673164203863,128
28.64104320187435,128
28.761438218780803,128
28.881858340342507,128
28.94730369324455,128
29.012774405457083,128
29.07827060625497,128
29.198792426237866,128
29.26433999735064,128
29.329913452904304,128
29.450512927597348,128
29.51613855753748,128
29.58179048026388,128
29.647468834769896,128
29.713173761526228,128
29.83390540250461,128
29.899663901202008,128
29.965449402665303,128
30.03126205351657,128
30.09710200197886,128
30.16296939790257,128
30.22886439279241,128
30.29478713983489,128
30.36073779392657,128
30.42671651170277,128
30.49272345156708,128
30.5587587737214,128
30.62482264019682,128
30.690915214885088,128
30.757036663570823,128
30.878187153964536,128
30.99936685573637,128
31.065575940550648,128
31.13181458210124,128
31.19808295614777,128
31.26438124055269,128
31.330709615319243,128
31.444623727044284,128
31.500974882209515,128
31.557465981924256,128
31.614101056148737,128
31.725884373842828,128
31.768346454559914,128
31.810891575723044,128
31.85352113804137,128
31.896236590652816,128
31.939039438574664,128
31.98193123152768,128
32.02491358628785,128
32.06798816805994,128
32.11115671282923,128
32.15442101991093,128
32.252782959102746,128
32.296244475602265,128
32.339807591944094,128
32.38347441664254,128
32.417807794719096,128
32.452217742412444,128
32.48670545181548,128
32.52127215227401,128
32.555919110386725,128
32.59064763745582,128
32.62545908576166,128
0.1000728384154291,129
0.1882874682234385,129
0.2748414288563349,129
0.3569009091062166,129
0.4395897473497011,129
0.466990324790559,129
0.5486793174696781,129
0.5747455015135624,129
0.6002579286051609,129
0.6802718519521572,129
0.7048325102133371,129
0.7839775915546038,129
0.8637771989507296,129
0.9440419609946824,129
1.024069392244301,129
2.436884009401284,129
2.5184373493594743,129
2.5999249006909944,129
2.6266466035796023,129
2.653613968874297,129
2.6808396942270614,129
2.6990027587217904,129
2.717283475334725,129
2.735684679011784,129
2.754209346259913,129
2.827860607887588,129
2.84664174088367,129
2.920556216622672,129
2.9396076864851333,129
3.013800009275756,129
3.0881372756613112,129
3.107623801688633,129
3.1822641874951936,129
3.202063315669976,129
3.2220263938707925,129
3.242158978368125,129
3.262467020313225,129
3.282956901128373,129
3.3036354827983,129
3.324510167474828,129
3.3455889626694537,129
3.366880555759153,129
3.4433944124085523,129
3.46514086530634,129
3.487131268839321,129
3.509378138120256,129
3.5233407804099537,129
3.5375892148641563,129
3.543399779713682,129
3.604418708599142,129
3.6106550624882496,129
3.617118728003434,129
3.62382053363227,129
3.6307723914561487,129
3.637987468047968,129
3.645480394019714,129
3.6532675219988144,129
3.661367252125374,129
3.724800437345139,129
3.733590919180743,129
3.742766205809049,129
3.752358400850526,129
3.7624054547687686,129
3.772952926001481,129
3.784056525333754,129
3.7957859408398784,129
3.808230859815112,129
3.876511050044528,129
3.890794593497149,129
3.906334709032408,129
3.9785571877201713,129
3.9983337927898086,129
4.023603459476463,129
4.042209522454969,129
4.107094356446496,129
3.102011033921472,129
0.1000728384154291,130
0.1966799409280585,130
0.236259717900147,130
0.3294010845099767,130
0.3669267333632353,130
0.4585407744325241,130
0.5493840621026767,130
0.5845596928097065,130
0.6741464083384545,130
0.7632063212889134,130
2.2390430751341284,130
2.3284509661692083,130
2.3629256705838144,130
2.3974680970507563,130
2.432079173167318,130
2.466759856333107,130
2.501511130024761,130
2.536334003795952,130
2.571229517002672,130
2.606198742528528,130
2.641242783059448,130
2.676362774808973,130
2.711559887518257,130
2.7468353319066465,130
2.7821903522211016,130
2.8176262374120653,130
2.8531443174081743,130
2.8887459631162584,130
2.924432597597212,130
2.960205688615412,130
2.9960667598145903,130
3.0320173832672537,130
3.068059194375843,130
3.104193888147444,130
3.1404232229190767,130
3.1767490240829885,130
3.213173187811941,130
3.249697688509792,130
3.286324582536787,130
3.3230560119348467,130
3.35989420442757,130
3.451841491748661,130
3.4889003108340204,130
3.526073202033609,130
3.5633628289299906,130
3.6007719854908884,130
3.693303599496454,130
3.733960738459706,130
3.77474663990347,130
3.815664707632575,130
3.8567185303070097,130
3.8979118969220297,130
3.939248814066462,130
3.966777524729781,130
3.991799856355004,130
4.016925283526591,130
4.042155978088788,130
4.06749420315545,130
4.092942322423271,130
4.118502807622365,130
4.144178240378908,130
4.224971323092989,130
4.250884895031861,130
4.331921924655847,130
4.358085549255423,130
4.384379050513319,130
4.410805892949513,130
4.4373697310737885,130
4.519074422126225,130
4.549174051215687,130
4.634422945120896,130
4.664825697319439,130
4.695387193009555,130
4.726112637813786,130
4.748853040474642,130
4.771593443135497,130
4.8493338457963535,130
4.924824245991475,130
4.945314650209911,130
4.965805054428346,130
4.986295458646781,130
5.006785862865216,130
5.027276267083652,130
5.042978954287536,130
5.058857098939187,130
5.074917080598242,130
5.09116576497472,130
5.1626105520597765,130
5.179259449960954,130
5.189537002491123,130
5.200291105332143,130
5.211572010787494,130
5.223441831553645,130
5.928458802188105,130
5.940996279726095,130
6.009304513940878,130
6.023524353066749,130
6.038859910117752,130
6.05563387719012,130
6.074435169594652,130
0.1000728384154291,131
0.1966799409280585,131
0.291259717900147,131
0.3849010845099767,131
0.4782393280107242,131
0.5709690868365841,131
0.6632986321240762,131
0.7552576375507998,131
0.7922614863274372,131
0.8841760470170745,131
0.9214103513297132,131
1.0139862518622391,131
1.1061736074731288,131
1.1985514623151796,131
1.2371868278012026,131
1.2649720060751188,131
1.2940690602287996,131
2.018480845831369,131
3.445242256998154,131
4.6424043068375305,131
4.686280981805112,131
4.785507449715728,131
4.830110034732531,131
4.875119347946605,131
4.920571428147385,131
4.966509327090433,131
5.012985379354443,131
5.0600645715573975,131
5.107829769367918,131
5.156390290651588,131
5.2608970219334505,131
5.36657182747122,131
5.418773541256746,131
5.473184418803667,131
5.53164994743167,131
6.290194128425217,131
6.355591128858818,131
6.47598812929242,131
6.541385129726022,131
6.606782130159624,131
6.672179130593225,131
6.792576131026827,131
6.857973131460429,131
6.92337013189403,131
6.988767132327632,131
7.109164132761234,131
7.174561133194835,131
7.239958133628437,131
7.305355134062038,131
7.37075213449564,131
7.4361491349292415,131
7.501546135362843,131
7.621943135796445,131
7.687340136230047,131
7.752737136663648,131
7.81813413709725,131
7.883531137530851,131
7.948928137964453,131
8.014325138398055,131
8.079722138831658,131
8.14511913926526,131
8.210516139698862,131
8.275913140132465,131
8.341310140566067,131
8.46170714099967,131
8.582104141433271,131
8.647501141866874,131
8.712898142300476,131
8.778295142734079,131
8.843692143167681,131
8.909089143601284,131
8.974486144034886,131
9.094883144468488,131
9.16028014490209,131
9.225677145335691,131
9.346074145769297,131
9.466471146202895,131
9.5318681466365,131
9.652265147070102,131
9.717662147503704,131
9.783059147937308,131
9.903456148370909,131
9.968853148804511,131
10.034250149238114,131
10.154647149671716,131
10.220044150105318,131
10.28544115053892,131
10.350838150972525,131
10.416235151406124,131
10.481632151839728,131
10.54702915227333,131
10.612426152706933,131
10.677823153140537,131
10.798220153574135,131
10.91861715400774,131
10.984014154441342,131
11.049411154874944,131
11.114808155308546,131
11.180205155742147,131
11.245602156175751,131
0.1000728384154291,132
0.1966799409280585,132
0.291759717900147,132
0.3808120503315116,132
0.4689091065790627,132
0.5562044495762378,132
0.5878090408810088,132
0.6738068279007585,132
0.7568340943966642,132
0.8361883358870282,132
0.9153753341947332,132
0.9946956755433812,132
1.074153010717465,132
1.152840008011891,132
1.1769616463993329,132
1.256018766186072,132
1.2802057666544453,132
1.359230938351585,132
1.4382880581383244,132
2.855678047037556,132
2.888032517379953,132
2.916086093506648,132
2.9444955503408448,132
2.973288173771336,132
3.0574957830671803,132
3.0871559614156023,132
3.171660692415072,132
4.359014899453952,132
4.448309496960475,132
4.483225581220223,132
4.518851519546344,132
4.555305027386977,132
4.592750792375638,132
4.631435737929179,132
4.671771892330481,132
4.714590230009391,132
4.762556665561034,132
4.81857029067619,132
4.874583915791346,132
4.930597540906502,132
4.9866111660216585,132
5.042624791136815,132
5.098638416251971,132
5.204158977589442,132
5.304936476967169,132
7.159206577560736,132
7.221717142484023,132
7.284227707407309,132
7.346738272330596,132
7.409248837253882,132
7.526759401879145,132
9.202400580963925,132
10.881079093537164,132
10.950319700858428,132
11.074560307881669,132
11.198800914904906,132
11.268041522226168,132
11.33728212954743,132
11.406522736868691,132
11.530763343891932,132
13.684242443165614,132
16.457709268650845,132
19.37502618225558,132
22.464682603237268,132
22.613606750664964,132
25.75647443095521,132
28.803374885411667,132
30.851935774479685,132
33.15317343758565,132
33.3121865233554,132
35.20882202862528,132
35.3136980646671,132
35.47357410070892,132
35.633450136750746,132
35.79332617279257,132
36.99723344408114,132
37.1575284267016,132
39.2096807681593,132
39.315922960561686,132
39.42216515296407,132
39.52840734536645,132
39.68964953776884,132
40.88170236334625,132
43.05162587143798,132
43.19452155527939,132
44.03131666114887,132
44.16864194485642,132
44.99934025365766,132
46.69184297815137,132
48.384495136660334,132
48.46751068109194,132
50.21488239952212,132
50.2940315796546,132
50.37867382123043,132
50.477767921595735,132
50.63186202196104,132
50.78595612232635,132
51.98420767951028,132
53.47084754128057,132
55.36397057529141,132
0.1000728384154291,133
0.1966799409280585,133
0.291259717900147,133
0.3819010898059507,133
0.4164267375653883,133
0.5050407841390272,133
2.335090656537404,133
2.4275293841546675,133
4.314758945960392,133
6.762769411278468,133
6.856256174815398,133
6.949494319928389,133
7.042769919110041,133
7.1359708932764345,133
7.227720926476222,133
8.41960532493661,133
8.513248468709689,133
9.995288873983126,133
11.424271251035432,133
13.924288894010289,133
14.025843623054724,133
15.9209387329943,133
16.024064230693085,133
16.12715142495702,133
17.622395703807275,133
19.93136250555827,133
22.242855556118656,133
23.912884640709475,133
23.972942649982222,133
24.08764779600174,133
26.71546108971561,133
29.72741902955456,133
32.33579605589382,133
34.069446487667186,133
34.19351121299524,133
34.31728520443241,133
34.43506564520459,133
36.108314768881016,133
36.22702682673244,133
36.34551266368492,133
37.56292965028854,133
37.68187167045023,133
37.800702574928,133
38.55800877592332,133
38.66713251091224,133
38.77623232241054,133
38.88529054127447,133
40.60540459994648,133
42.86087652324444,133
42.97395932053574,133
44.97699577346635,133
46.82755086052124,133
49.08583319953299,133
50.94010282660148,133
51.69620557824025,133
51.81383149890931,133
51.87646355831456,133
51.93910176400208,133
52.05673382340732,133
52.81293681337302,133
52.87598647649651,133
52.9390300008838,133
53.05706739406247,133
53.17506815704069,133
54.33728685247976,133
55.09446324687835,133
55.21350468566196,133
55.26376351212637,133
55.31408468132393,133
55.36446898301618,133
55.46978388597744,133
58.28748212625759,133
61.39075861742275,133
62.83645985891597,133
64.04997490217464,133
64.10997584333198,133
64.17007698734777,133
64.28523923327701,133
65.4446699755408,133
65.50567686428802,133
65.5586126880862,133
65.61171118786113,133
65.71997783949153,133
65.8284184919812,133
65.8820394227423,133
65.93584737425225,133
66.0444161320247,133
68.49864071851151,133
71.04245299344437,133
73.93761509900467,133
74.0545828292288,133
75.78200208639281,133
77.64294023717267,133
79.0994456615282,133
79.22395399962497,133
81.08649562636779,133
82.54459090140679,133
83.31021141481682,133
83.38304425811143,133
83.45626447796688,133
0.1000728384154291,134
0.1966799409280585,134
0.291259717900147,134
0.3294010845099767,134
0.4214267333632353,134
0.5125407744325241,134
0.5889046620159563,134
2.0596695374279435,134
3.5358800123959,134
3.624676464083713,134
3.712908213916343,134
5.190054481807273,134
5.281449815216583,134
7.626176139298003,134
9.334557911339324,134
9.433150438550037,134
9.531332550528568,134
12.288948593619388,134
12.393050713422817,134
15.593559307935756,134
18.9912792351629,134
19.11105988015006,134
22.703921812207145,134
25.39209626998528,134
27.594828066357582,134
30.204612420331085,134
30.32913662044742,134
30.45311188275436,134
30.576519227587102,134
32.591423674896674,134
32.71492668356923,134
35.03647447802465,134
35.16036090965042,134
37.07654389088452,134
37.20070102442186,134
37.31819916354087,134
37.43555007282963,134
39.16306373088606,134
39.28101053692388,134
41.34587816240604,134
41.46338217650989,134
43.19109318462577,134
43.30923951295412,134
43.42730764281643,134
43.54529877840372,134
43.66309165013141,134
45.72613185912633,134
46.942280229086606,134
47.059676709969615,134
47.17693156061241,134
47.29400360338439,134
47.410893874716606,134
48.22114730911398,134
48.97661082944783,134
49.09381461330918,134
49.21093146753189,134
49.32796287767731,134
49.44493275854885,134
49.56186416536073,134
49.67872737127381,134
50.8946609322198,134
51.01190120584161,134
53.43313268012932,134
55.16188998858881,134
55.28116754336585,134
55.34039300956165,134
55.454531337235366,134
55.51385278889524,134
55.62814646676641,134
57.07445427918957,134
57.18948681168435,134
57.94304568858394,134
59.1026060816543,134
59.16358714991583,134
59.27960140080292,134
60.43977071061588,134
60.50137847800595,134
60.6180156982792,134
62.121610958666494,134
62.23612940852734,134
62.35066051261829,134
63.79723745318321,134
65.01168828146642,134
65.76604860633782,134
66.52077552421117,134
68.24762910289255,134
68.36493695705694,134
69.1757303628288,134
69.23839938195842,134
69.35600193877049,134
70.86053317478448,134
73.00440184836857,134
73.12383222702618,134
73.88171479833079,134
73.99130487424088,134
75.14503371697617,134
76.58709394913865,134
76.64293463137699,134
76.69885115307522,134
76.75484467652393,134
0.1000728384154291,135
0.1966799409280585,135
0.2930430926198407,135
0.3895267320695182,135
0.4861338345821476,135
0.5824969862739299,135
0.6662404064564099,135
0.7460750762848248,135
0.768325650366961,135
0.8436011087624421,135
0.8675564781306376,135
0.9432895064828982,135
1.0139469385622135,135
1.0299074959484926,135
1.746394307586371,135
1.8282240566341272,135
1.908426695737063,135
1.9910917144743792,135
2.023814742687165,135
2.1184692431716314,135
2.203137410107076,135
2.236794972094714,135
2.2704525340823523,135
2.3041100960699907,135
2.337767658057629,135
2.371425220045268,135
2.405082782032906,135
2.4387403440205446,135
2.472397906008183,135
2.5060554679958216,135
2.53971302998346,135
2.5733705919710985,135
2.607028153958737,135
2.6406857159463755,135
2.729343281361281,135
2.7630008433489195,135
2.796658405336558,135
2.8303159673241964,135
2.863973529311835,135
2.9526310947267405,135
2.986288656714379,135
3.0199462187020174,135
3.053603780689656,135
3.0872613426772944,135
3.120918904664933,135
3.154576466652572,135
3.1882340286402098,135
3.221891590627848,135
3.2555491526154867,135
3.289206714603125,135
3.322864276590764,135
3.356521838578402,135
3.3901794005660406,135
3.423836962553679,135
3.4574945245413176,135
3.546152089956223,135
3.5798096519438616,135
3.668467217358767,135
3.7021247793464056,135
3.735782341334044,135
3.8244399067489496,135
3.858097468736588,135
3.8917550307242266,135
3.925412592711865,135
4.014070158126771,135
4.047727720114409,135
4.081385282102048,135
4.115042844089686,135
4.1487004060773245,135
4.182357968064963,135
4.2710155334798685,135
4.304673095467507,135
4.3383306574551455,135
4.371988219442784,135
4.405645781430422,135
4.439303343418061,135
4.527960908832966,135
4.561618470820605,135
4.595276032808243,135
4.628933594795882,135
4.717591160210787,135
4.751248722198426,135
4.784906284186064,135
4.87356384960097,135
4.907221411588608,135
4.940878973576247,135
4.974536535563885,135
5.063194100978791,135
5.096851662966429,135
5.130509224954068,135
5.164166786941706,135
5.197824348929345,135
5.231481910916983,135
5.265139472904622,135
5.29879703489226,135
5.332454596879899,135
5.366112158867537,135
5.399769720855176,135
5.433427282842814,135
5.4670848448304525,135
0.1000728384154291,136
0.1966799409280585,136
0.236759717900147,136
0.3304010845099767,136
0.4229267333632353,136
0.5145407744325241,136
0.550832122896125,136
0.5868203482506439,136
0.6774196850999492,136
0.7127540592985521,136
0.7478368080777174,136
0.7826799900784032,136
0.8722114564262182,136
0.9616882774213724,136
1.746491807767977,136
1.826884354719748,136
1.9070243269892828,136
1.9869947910996573,136
2.709325718948473,136
2.793371203610529,136
2.823465745219816,136
2.908403675326933,136
2.939441790127982,136
3.025302899325122,136
3.111056474292506,136
4.8104261432530775,136
4.901315828109016,136
6.381822605872382,136
6.475923170590629,136
6.5697232086899175,136
7.709503849292029,136
7.751204108143081,136
7.793499664658536,136
7.836471093142259,136
9.54728401943468,136
9.648296547377338,136
11.1375696186664,136
12.79543097063326,136
14.638876271689169,136
14.745607760989897,136
16.41004016741537,136
16.520353337073555,136
18.7162015636208,136
20.633323808455696,136
20.75210814669155,136
23.39210419847988,136
23.53254805996441,136
26.191186808793223,136
28.827445125546163,136
29.672357599369345,136
29.824122892632584,136
29.95744378862525,136
32.925525629799765,136
34.4480510754769,136
36.1985624722045,136
36.34189588211672,136
36.47631989429337,136
39.60816588421779,136
41.48188108700988,136
41.61767135116308,136
41.75312656176487,136
41.88769336648048,136
42.02011789806441,136
43.251089391036224,136
44.482267641227445,136
44.61341707426129,136
44.743424542759136,136
44.87227977794949,136
45.63923242709067,136
45.76770851979163,136
47.68851141347792,136
47.81703755999491,136
48.63851022899426,136
49.81054759613871,136
49.93813637453769,136
51.10939236760576,136
52.97422512202497,136
53.04696271070194,136
53.174385730251856,136
53.30119088260282,136
55.03778324116564,136
55.16435892770311,136
56.38966761624241,136
56.51612775168935,136
56.60851758735112,136
57.42169687708977,136
57.48662023003882,136
57.55143714207012,136
57.67114983196568,136
57.79076042789129,136
57.91016133466752,136
58.02958922573047,136
58.14881867805208,136
59.65485783655986,136
59.77450387049293,136
59.89405305408698,136
60.01341398957643,136
60.13280569259472,136
60.25201274765256,136
60.36835178953304,136
0.1000728384154291,137
0.1966799409280585,137
0.291259717900147,137
0.3844010845099767,137
0.4764267333632352,137
0.567540774432524,137
2.400840698946073,137
2.496529427402832,137
4.387758918686743,137
4.4869503877075285,137
4.585605211627162,137
5.784455595296083,137
5.879866515975652,137
7.363006984573064,137
7.460984257739244,137
7.556509984415231,137
8.985026610773264,137
9.077680630367457,137
9.17002399055308,137
10.874411774557291,137
12.302341414373576,137
14.544592333715617,137
14.644220893960654,137
17.049319093805014,137
17.151452054958998,137
17.254437697809397,137
17.35776775864905,137
20.45587771920508,137
20.564047043901144,137
23.51074332533425,137
27.15938721509753,137
28.668225636469824,137
28.79035553722479,137
30.85925592393665,137
32.7747661636548,137
32.89825102281758,137
33.02143065010582,137
34.2434931759133,137
35.976941057432406,137
36.10084289534127,137
36.2247565335626,137
36.34854391922909,137
38.26479621233584,137
38.38924425024651,137
38.51345288899801,137
38.637103226043145,137
40.55306780312832,137
40.67704068349938,137
40.800695274611584,137
42.86154912382671,137
42.976378967074446,137
43.09114125746608,137
43.20583689552621,137
43.32046000284938,137
43.43501161655056,137
44.64868057644736,137
44.76350823268408,137
45.92243612480125,137
46.037667795880274,137
47.70816056411906,137
48.9232673805936,137
49.02784062295992,137
51.77389765649873,137
54.77326298624117,137
56.68088333283828,137
58.35198383544433,137
58.4685281737885,137
58.58485956423662,137
59.74522002368654,137
61.19384698924168,137
61.31106853325149,137
61.42833935617272,137
62.93246124706897,137
63.05017602543433,137
64.77339744667609,137
66.62456858257849,137
66.68390856410463,137
66.79814719881017,137
68.52227496828039,137
68.63686032320459,137
70.14313723777512,137
70.2630136647927,137
70.38272718506859,137
71.19578959337666,137
71.3156383749642,137
72.81755502192159,137
74.26958974225371,137
74.39025662475794,137
75.60984845808736,137
76.77476159900887,137
76.8960292679217,137
78.75474333253274,137
78.87654083483731,137
80.03212671988523,137
80.14404604100501,137
81.81098374985969,137
81.92345774435317,137
82.03590609394824,137
83.19229032360828,137
83.24827816971457,137
0.1000728384154291,138
0.1966799409280585,138
0.2942489029039251,138
0.3386229316074785,138
0.4398114877794786,138
0.4998629875626777,138
0.6009350872591563,138
0.6964472240761348,138
0.7804050601080486,138
0.810478522162182,138
0.9018584179684944,138
0.9900159823701212,138
1.0236735443577596,138
1.057331106345398,138
1.1459886717603036,138
1.179646233747942,138
1.2133037957355806,138
1.301961361150486,138
1.3356189231381246,138
1.42427648855303,138
1.5129340539679357,138
1.5465916159555742,138
1.5802491779432126,138
1.6689067433581182,138
1.7025643053457566,138
1.7817630755708047,138
1.8641775759861297,138
1.89708514017914,138
1.9755339051589795,138
1.9956278546706268,138
2.075326618458373,138
2.10349112069164,138
2.1371486826792783,138
2.1708062446669167,138
2.2594638100818223,138
2.2931213720694608,138
2.3267789340570992,138
2.3604364960447377,138
2.394094058032376,138
2.4827516234472817,138
2.51640918543492,138
2.5500667474225587,138
2.583724309410197,138
2.6723818748251027,138
2.706039436812741,138
2.73969699880038,138
2.773354560788018,138
2.862012126202924,138
2.895669688190562,138
2.9293272501782006,138
2.962984812165839,138
2.9966423741534776,138
3.030299936141116,138
3.0639574981287545,138
3.097615060116393,138
3.1312726221040315,138
3.16493018409167,138
3.1985877460793084,138
3.232245308066947,138
3.2659028700545853,138
3.299560432042224,138
3.3332179940298623,138
3.3668755560175008,138
3.4005331180051392,138
3.489190683420045,138
3.522848245407684,138
3.5565058073953217,138
3.59016336938296,138
3.623820931370599,138
3.657478493358237,138
3.691136055345876,138
3.724793617333514,138
3.7584511793211526,138
3.792108741308791,138
3.8807663067236966,138
3.969423872138602,138
4.003081434126241,138
4.036738996113879,138
4.070396558101518,138
4.104054120089156,138
4.1377116820767945,138
4.171369244064433,138
4.205026806052072,138
4.23868436803971,138
4.272341930027348,138
4.305999492014987,138
4.339657054002625,138
4.373314615990264,138
4.406972177977902,138
4.440629739965541,138
4.474287301953179,138
4.507944863940818,138
4.541602425928456,138
4.575259987916095,138
4.608917549903733,138
4.642575111891372,138
4.731232677306277,138
4.764890239293916,138
4.798547801281554,138
4.832205363269193,138
0.1000728384154291,139
0.1966799409280585,139
0.2942489029039251,139
0.3924717231731255,139
0.4899686333931035,139
0.5318317850848857,139
0.6240027715860388,139
0.7154708483340859,139
0.7472950198772073,139
0.8335471429946542,139
0.8648672902109742,139
0.9504856520416856,139
1.035986361754191,139
1.121372123909247,139
1.1516455204310536,139
1.1818090208890557,139
1.2118649908425927,139
1.296661836755526,139
1.3813586809756877,139
2.517805995515646,139
2.556027954705572,139
2.6493077180075035,139
4.075265397756039,139
4.168902409701286,139
5.363653553156792,139
5.454375517992912,139
5.544818078606068,139
6.681928550331532,139
6.7216555713402615,139
6.7619956037687645,139
6.8030344447779045,139
6.844885879634558,139
6.942708091317354,139
6.986736116437851,139
7.083587554721771,139
7.126064804820953,139
7.16925756025189,139
7.213285585372387,139
7.25831696528071,139
7.359604918836294,139
7.462575228391825,139
7.566863178288788,139
7.618949207125429,139
7.677966707767668,139
7.783025411063767,139
7.835997878248429,139
7.894463406876432,139
7.959860407310034,139
8.025257407743636,139
8.090654408177238,139
8.15605140861084,139
8.221448409044443,139
8.332115858732768,139
9.092331227500663,139
9.159399415708611,139
9.281467603916562,139
9.403535792124512,139
9.52560398033246,139
9.64767216854041,139
9.73845471955207,139
9.838593315785849,139
10.580156679307033,139
11.32568958365432,139
11.38297945370672,139
11.449228121105262,139
11.538736292416484,139
12.687072029274274,139
12.739672298188474,139
12.799792954086554,139
12.918379345887434,139
12.981965737688313,139
13.045552129489192,139
13.10913852129007,139
13.22772491309095,139
14.38933587405134,139
15.552942994565257,139
15.61793789598394,139
15.682932797402628,139
16.903302613229044,139
18.07024330231596,139
18.178593042821177,139
20.03497877942025,139
21.21126370191267,139
21.34393633573698,139
21.47314323365849,139
23.5549318915187,139
25.836564031374103,139
25.975971593893284,139
27.16005091003408,139
27.30051793750675,139
27.424505780649408,139
29.50421203435929,139
31.673758306173653,139
31.818863036308176,139
34.396981811568146,139
37.13239080814834,139
37.283742475113286,139
38.76720802400752,139
40.018586461614966,139
40.15781235954879,139
0.1000728384154291,140
0.1966799409280585,140
0.291259717900147,140
0.3844010845099767,140
0.4769267333632352,140
0.5660407734995725,140
0.6543840659743192,140
2.355718184817398,140
2.446888406384552,140
4.568270166028107,140
4.609480556655491,140
4.64948753323015,140
4.743944123942221,140
4.7829049570446855,140
4.821414776701296,140
4.914510928649271,140
5.007225029725397,140
5.044584215242232,140
5.136612013537253,140
7.951046303469504,140
11.049333972146968,140
14.478090594403792,140
18.30839727282764,140
20.776242998822244,140
23.412208458559995,140
23.48248882508896,140
23.552127959782368,140
23.6211988291646,140
23.689759477486906,140
23.757857182627767,140
23.825531199006807,140
23.89281464125794,140
23.95973582081704,140
24.08131922066532,140
24.14758622295365,140
24.213420478496747,140
24.27897550955199,140
24.39926608807914,140
24.464305501280712,140
24.52910576478453,140
24.59367779687169,140
24.65803156226025,140
24.72217619181693,140
24.84112008303275,140
24.90487098497752,140
25.02343607061916,140
25.08682199877297,140
25.1437394383136,140
25.255530424479264,140
25.367198076632555,140
25.423745363936355,140
25.480175115947656,140
25.59149003223792,140
25.64769269114935,140
25.7037855577819,140
25.759770991293752,140
25.81565125158744,140
25.863556299048053,140
25.91139055803347,140
26.014155016770594,140
26.06185063627393,140
26.10947835145438,140
26.15703907216849,140
26.20453368421237,140
26.30696305026358,140
26.35432801077457,140
26.456629384820648,140
26.503867970905343,140
26.55104454772582,140
26.598159874900784,140
26.70021469366316,140
26.74720972751961,140
26.794145682878945,140
26.841023249651087,140
26.94284310181845,140
26.989605897981225,140
27.036312281878008,140
27.13796288288327,140
27.184558316482804,140
27.231099184728457,140
27.3325860766732,140
27.374963398569744,140
27.40780004068605,140
27.44060200407497,140
27.47336953088037,140
27.506102852070253,140
27.59380220576517,140
27.626467816078584,140
27.659099909955184,140
27.691698710912387,140
27.72426444246761,140
27.7567973169624,140
27.7892975504636,140
27.821765355312746,140
27.903859257244985,140
27.93092938280992,140
28.01297585434608,140
28.09499877459697,140
28.11840837776057,140
28.196798707836788,140
0.1000728384154291,141
0.1971799409280585,141
0.2952489029039251,141
0.3945099199970168,141
0.492429617157135,141
0.5896633087096859,141
0.632026877694253,141
0.7291339802068824,141
0.8259971318986645,141
0.869219952167865,141
0.9143162396842724,141
0.9624432062185316,141
1.074528970098931,141
1.19008046988213,141
1.250631969665329,141
1.366183469448528,141
1.426734969231727,141
1.542286469014926,141
1.657837968798125,141
1.718389468581324,141
1.8339409683645231,141
1.949492468147722,141
2.010043967930921,141
2.0705954677141203,141
2.13114696749732,141
2.2466984672805186,141
2.362249967063718,141
2.422801466846917,141
2.538352966630116,141
2.653904466413316,141
2.7694559661965146,141
2.8300074659797136,141
2.8905589657629127,141
3.006110465546112,141
3.121661965329311,141
3.1822134651125102,141
3.297764964895709,141
3.3583164646789085,141
3.418867964462108,141
3.534419464245307,141
3.594970964028506,141
3.655522463811705,141
3.716073963594904,141
3.8316254633781033,141
3.8921769631613023,141
3.952728462944501,141
4.068279962727701,141
4.1288314625109,141
4.189382962294099,141
4.249934462077298,141
4.310485961860497,141
4.371037461643696,141
4.431588961426895,141
4.492140461210094,141
4.607691960993293,141
4.668243460776492,141
4.728794960559691,141
4.78934646034289,141
4.849897960126089,141
4.910449459909288,141
4.971000959692487,141
5.086552459475686,141
5.147103959258885,141
5.207655459042084,141
5.323206958825283,141
5.383758458608482,141
5.444309958391681,141
5.55986145817488,141
5.675412957958079,141
5.735964457741278,141
5.796515957524477,141
5.912067457307676,141
5.972618957090875,141
6.033170456874074,141
6.093721956657273,141
6.154273456440472,141
6.214824956223671,141
6.27537645600687,141
6.335927955790069,141
6.396479455573268,141
6.512030955356467,141
6.572582455139666,141
6.633133954922865,141
6.693685454706064,141
6.754236954489263,141
6.814788454272462,141
6.930339954055661,141
6.99089145383886,141
7.051442953622059,141
7.111994453405258,141
7.227545953188457,141
7.288097452971656,141
7.348648952754855,141
7.464200452538054,141
7.524751952321253,141
7.585303452104452,141
7.645854951887651,141
7.70640645167085,141
7.821957951454049,141
7.882509451237248,141
0.1000728384154291,142
0.1416799409280584,142
0.181259717900147,142
0.2744010845099767,142
0.3577853450452168,142
0.4423988545214017,142
0.526844703582414,142
0.5557016366993268,142
0.6377866798912366,142
3.2410805756126724,142
5.767210775045045,142
5.8626821422849975,142
8.041260042217859,142
8.085108336982616,142
8.18357943463076,142
10.364383210418112,142
12.71629427838076,142
15.547874672648463,142
15.659940397029883,142
15.771299821061325,142
18.37059022958571,142
18.457765281519432,142
19.664695158139352,142
22.078522277892123,142
24.59040276846677,142
24.704180875806657,142
24.817611401673105,142
27.012233293043177,142
29.07462591581045,142
31.39000306829867,142
31.50805898887079,142
31.625913011014603,142
34.04806143993569,142
34.167222414096614,142
34.2311730965409,142
34.29492197596975,142
34.41347688227691,142
35.63104512715983,142
37.13684797761375,142
37.256204026923946,142
38.0689463109401,142
38.18838973441326,142
38.307705323981565,142
38.42669215666206,142
41.18682143018859,142
42.00115464895446,142
43.73238343328757,142
43.85403291457997,142
44.66892779622012,142
45.83455465812424,142
45.90140923739975,142
46.02309471267995,142
46.83804219486129,142
46.95971052729217,142
47.081112359176,142
48.81255602688971,142
48.93443158766954,142
49.00122351448035,142
49.0679331832667,142
49.18956192543095,142
49.31103264089812,142
50.47640963472181,142
50.59801899797788,142
51.81846082699112,142
51.88531333437023,142
52.00706050539801,142
53.17269888929692,142
53.933017439571145,142
54.05508217566582,142
54.17704250488023,142
54.93731797000696,142
55.05926110180189,142
56.91861274173291,142
56.9861189901441,142
57.05354076788142,142
57.12087947832771,142
57.24313647899566,142
58.75207952267218,142
58.87454260129051,142
58.94204097035387,142
59.06445829252358,142
60.28575374898086,142
60.34079008516441,142
60.45072864708076,142
61.19903045114646,142
61.30914409425626,142
62.11261452701459,142
62.16791085120807,142
62.27816482600341,142
62.33351561394105,142
63.0822293457068,142
63.19276634570728,142
63.94669565093639,142
64.06247669088921,142
64.12325664636094,142
64.23896233504915,142
64.99310505052414,142
65.05408251377074,142
65.11504197043077,142
65.17598348511905,142
0.1000728384154291,143
0.1971799409280585,143
0.292259717900147,143
0.3859010845099767,143
0.4784267333632353,143
0.5150407744325242,143
0.6058840621026766,143
0.6960596928097066,143
1.425863223156311,143
1.5169430187104154,143
2.9424278169695715,143
4.370470936236134,143
4.467365072912002,143
5.258238985904946,143
6.91318578941606,143
6.958399609635888,143
7.003334806246526,143
7.048006089359275,143
7.092426693409901,143
7.191608588646101,143
7.2355626540382305,143
7.27929882002684,143
8.013588903319395,143
8.054569848573049,143
8.150393918213865,143
8.191065884871177,143
8.231590239332158,143
8.271971214793256,143
8.312212808406711,143
8.40731880048907,143
9.598195327213482,143
10.736020612043143,143
11.875594028230706,143
11.916417742521688,143
11.957107719270835,143
11.997667442633984,143
12.038100219827106,143
12.078409194271826,143
12.11859735747015,143
12.158667559758392,143
12.198622520069453,143
12.23846483481521,143
12.27819698598597,143
12.317821348551352,143
12.3573401972364,143
12.396755712737402,143
13.122998148600914,143
13.8507090071628,143
15.681039152490586,143
15.719518477312056,143
15.757908089964314,143
15.796209571770898,143
15.834424449272769,143
15.87255419702669,143
15.910600240216208,143
15.948563957090643,143
15.986446681246068,143
16.024249703760773,143
16.805289710273165,143
17.58776854362053,143
17.622744619316897,143
18.3521543755656,143
20.000839535786927,143
20.04000064879978,143
20.079077085783844,143
20.11807025689692,143
20.84273622834945,143
20.874983830508416,143
22.296373202786,143
23.025864406859487,143
23.062145782724954,143
23.098365286184503,143
23.13452367352789,143
23.17062168277912,143
23.20666003435019,143
23.24263943166421,143
23.27856056174928,143
23.3144240958051,143
23.3502306897438,143
23.38598098470625,143
23.421675607555635,143
23.457315171348995,143
23.49290027578845,143
23.52843150765287,143
23.56390944121114,143
23.599334638618046,143
23.63470765029356,143
23.670029015286502,143
23.705299261623324,143
23.79551890664275,143
23.830688457317045,143
24.558952507555727,143
24.594020297085773,143
24.629039483559968,143
24.664010534885023,143
24.69893391004433,143
24.733810059350777,143
24.768639424690168,143
24.80342243975558,143
24.838159530273103,143
0.1000728384154291,144
0.1966799409280585,144
0.291259717900147,144
0.3294010845099767,144
0.4214267333632353,144
0.513040774432524,144
0.5494507055292116,144
0.5856645330601328,144
0.6766896589511397,144
0.7673231256257971,144
0.8575933963822546,144
0.9475250762684374,144
1.0373975838663851,144
1.1271251537799667,144
1.1617959049002966,144
1.196410475654292,144
1.230969490281162,144
1.2654735593001538,144
1.2999232799579612,144
1.3343192366568872,144
1.368662001364788,144
1.457952134007754,144
1.4921901828464286,144
1.526376684836809,144
1.560512165976318,144
1.5945971416358948,144
1.6837073062656212,144
1.7178427874051303,144
1.752003713892177,144
1.786190215882557,144
1.8695644479363136,144
1.8970146238922048,144
1.924464799848097,144
2.0069149736433203,144
2.034365149599212,144
2.0618153255551035,144
2.089265501510995,144
2.1167156774668867,144
2.1441658534227783,144
2.2266160272180016,144
2.254066203173893,144
2.2815163791297848,144
2.3089665550856764,144
2.336416731041568,144
2.36386690699746,144
2.391317082953351,144
2.418767258909243,144
2.4462174348651344,144
2.472702404868501,144
2.499213481706279,144
2.5257508069395,144
2.552314518403905,144
2.578904753935235,144
2.6055216550945217,144
2.6321653671680862,144
2.6588360354422504,144
2.6855338014780457,144
2.712258818012374,144
2.739011230331557,144
2.820791194599765,144
2.847598856699365,144
2.8744343727945263,144
2.901297899347442,144
2.9281895965455944,144
2.9551096208511765,144
2.982058136176961,144
3.0090353064357216,144
3.0360412918149406,144
3.063076263677972,144
3.090140389662879,144
3.117233841133016,144
3.1930139124511654,144
3.268793983769315,144
3.3445740550874645,144
3.365354124840992,144
3.38613419459452,144
3.4069142643480474,144
3.427694334101575,144
3.4484744038551027,144
3.4692544736086304,144
3.490034543362158,144
3.5108146131156857,144
3.5315946828692133,144
3.552374752622741,144
3.5731548223762686,144
3.593934892129796,144
3.614714961883324,144
3.6904950332014734,144
3.709665174049037,144
3.728864988696473,144
3.748094654095071,144
3.7673543490587647,144
3.786644256126779,144
3.860964557540315,144
3.9353154361366207,144
3.9546970896541054,144
3.974109702196616,144
3.9935534674792463,144
4.013028581079739,144
4.087535236415166,144
0.1000728384154291,145
0.1966799409280585,145
0.291259717900147,145
0.3844010845099767,145
0.4764267333632352,145
0.567540774432524,145
0.6439046620159562,145
0.6729920993841441,145
0.7016176701516769,145
0.7298204539790694,145
0.8126334300991133,145
0.840084802911259,145
0.922198969319427,145
1.6406123222857356,145
2.3606054367571714,145
2.392965163193702,145
3.526628292338947,145
4.951087124087826,145
4.988851381178446,145
5.026245098408297,145
5.118293851280714,145
5.155019911547443,145
5.19144284870509,145
5.227579993793537,145
5.318446802775632,145
5.354057145285791,145
5.389423536975102,145
5.424557328586237,145
5.45946886138452,145
5.494167596110708,145
5.528662220864295,145
5.562960742052115,145
5.597070561600021,145
5.630998542927073,145
5.664751067655068,145
5.698334084624685,145
5.786753152480187,145
5.820013476844116,145
5.853119942914711,145
5.886077144169558,145
5.918889407740039,145
5.951560816925686,145
5.984095231240392,145
7.115123234286693,145
7.147408695278885,145
7.179567210101052,145
7.266601922174816,145
7.298515823002185,145
7.330311762919469,145
7.361992460859573,145
7.393560513234376,145
7.42501840203418,145
7.456368502228608,145
7.487613088542698,145
7.518754341672746,145
7.549794353998643,145
7.580735134842681,145
7.611578615318945,145
7.6973266528123965,145
7.727981035122318,145
7.758543484300987,145
7.789015660215098,145
7.819399163854509,145
7.849695540410352,145
7.87990628214223,145
7.910032831052294,145
7.940076581382162,145
8.025038881947134,145
8.054921038320726,145
8.084724314881349,145
8.169449936731816,145
8.199099091501436,145
8.228672931039501,145
8.25735578071187,145
8.273504701814156,145
8.290529263576966,145
8.307503224721652,145
9.079497559597222,145
10.20480181200884,145
11.332601802181784,145
11.36172078282882,145
11.390771974338069,145
11.419756283502524,145
11.448674593175337,145
11.47752776320548,145
11.506316631325353,145
11.53504201399322,145
11.563704707193487,145
11.592305487197262,145
11.62084511128574,145
11.70432431843862,145
11.732743829989644,145
11.761104350251184,145
11.844406567109711,145
11.872651152593804,145
11.900838763416258,145
11.928970041491784,145
11.957045614431609,145
11.98506609601629,145
13.110832889863923,145
0.1000728384154291,146
0.1909427121775598,146
0.2798281759517641,146
0.3686281666653604,146
0.4573441222804041,146
0.5460083410637827,146
1.7325458452599496,146
1.81951845442228,146
3.007457502235696,146
3.73629445587568,146
5.567848511089608,146
8.183917329857405,146
8.234407029118776,146
8.339337486879465,146
8.388765008455628,146
8.492670514433284,146
8.596469406563594,146
8.700163910768797,146
8.748756161921644,146
8.789904340201044,146
8.885935320549631,146
8.926851793223047,146
8.967656320922995,146
9.00835136234107,146
9.048939249509,146
9.144422239654684,146
9.239802486293936,146
9.280082060986183,146
9.375262944989824,146
9.415347053700112,146
9.45269853531661,146
9.48994181960168,146
9.527079201334145,146
9.564112874709988,146
9.601044948243525,146
9.63787744476738,146
9.674612308883097,146
9.711251410686398,146
11.185936602794552,146
11.212275757485056,146
11.239624441632056,146
12.3683807263458,146
13.787180961140418,146
15.43177014685514,146
17.41658836699369,146
17.455421232649112,146
17.49418002463224,146
17.53286582327726,146
17.571479671665454,146
17.610022597976947,146
17.648495593138957,146
17.686899625726962,146
17.725235627063537,146
17.763504513570094,146
19.23920322305801,146
21.06864584333541,146
21.106274821826243,146
21.14385021201613,146
21.181372576423907,146
21.21884247756841,146
21.256260455616736,146
21.293627047010684,146
21.330942773290896,146
21.368208144822145,146
21.40542366451862,146
21.44258982784393,146
21.53470710761192,146
21.571775992431665,146
21.60879693649056,146
21.64577039799931,146
21.73769681624415,146
21.82957663855793,146
21.866410293647075,146
21.90319820589664,146
21.939940785088563,146
21.976638441004777,146
22.013291572251344,146
22.049900573709035,146
22.08646582908275,146
22.122987718352103,146
22.15946661777141,146
22.19590288869384,146
22.23229689619782,146
22.26864899046065,146
22.30495952165964,146
24.012843778250467,146
25.668134975491565,146
28.02074679221294,146
30.37677962326104,146
32.831291618711525,146
32.87949809097568,146
32.927540398789475,146
33.03042376124238,146
33.07815307577457,146
33.123549465198096,146
33.16881189203664,146
33.21394385202904,146
33.25894866310246,146
33.358829478603205,146
33.40358929924666,146
0.1000728384154291,147
0.1966799409280585,147
0.291759717900147,147
0.3854010845099767,147
0.4779267333632352,147
0.569540774432524,147
1.707031242788467,147
1.7460730538700135,147
2.479313358744226,147
3.268511980042736,147
3.3089458969423937,147
3.348830241611496,147
3.443219482484593,147
3.537158258140056,147
3.575900930229752,147
3.614454900679533,147
3.65282703290846,147
4.378960717379663,147
4.466815634749334,147
4.499542339965939,147
4.532144038671516,147
5.949932126563298,147
6.036282645455372,147
7.457574341033387,147
7.492425103553167,147
7.527133468716338,147
7.561703379878782,147
7.59613856786501,147
7.630442567700153,147
7.664618733630436,147
7.698670252645507,147
7.732600156684876,147
7.766411333684742,147
7.800106537599705,147
7.833688397515604,147
7.867159425954217,147
7.900522026457472,147
7.9337785005276515,147
7.966931053990519,147
7.999981802840143,147
8.0772692607235,147
8.099503322456389,147
8.12168455398491,147
8.143813506652027,147
8.165890722487479,147
8.187916730482488,147
8.209892050315052,147
8.286817193914562,147
8.308692653615385,147
8.330518920857816,147
8.35229647434166,147
8.374025785316139,147
8.395707313854604,147
8.472341512281805,147
8.493928826365977,147
8.515469689805418,147
8.536964531008511,147
9.247427816454678,147
9.960070247713832,147
10.035505454007891,147
10.755818717044802,147
10.782934673788668,147
10.810001002333536,147
10.83701819043372,147
10.863986716349316,147
11.979534492571544,147
11.997585399751255,147
13.117188676004004,147
13.131403783079874,147
13.146937165152918,147
14.26451972473849,147
15.444835303305537,147
15.52649287860031,147
15.55310515347196,147
15.579672534663786,147
15.6061954216799,147
15.6876742069768,147
15.71410927614822,147
15.740501008103587,147
15.821849775240343,147
15.848155943610378,147
15.87441987308085,147
15.900641917489631,147
15.926822424795564,147
15.952961737223774,147
16.034060191406237,147
16.060118118517785,147
16.086135844407742,147
16.112113689727348,147
16.13805197005317,147
16.218950996006612,147
16.244811073369725,147
16.27063250319743,147
16.296415581926276,147
16.322160601479926,147
16.347867849371415,147
16.428537608802376,147
16.454170158759286,147
16.47976577410688,147
16.505324725678825,147
0.1000728384154291,148
0.1966799409280585,148
0.291259717900147,148
0.3844010845099767,148
0.4764267333632352,148
0.5680407744325241,148
0.6588840621026766,148
2.832307590773941,148
2.925483285120369,148
5.539695443379472,148
8.69659208515333,148
12.019402162677922,148
15.4912927816603,148
17.76025774418983,148
19.49684969952996,148
21.51557985490236,148
23.786486977557807,148
26.259220460283856,148
26.38851156629111,148
26.462860588003814,148
26.592268204137085,148
26.72158818414181,148
26.795822037615128,148
26.8699712230258,148
26.944037150268503,148
27.013051748551064,148
27.082066346833624,148
27.151080945116185,148
27.220095543398745,148
27.344110141681305,148
27.413124739963862,148
27.478367789215,148
27.598592590270687,148
27.66379920948816,148
27.728987712743788,148
27.794158165438294,148
27.85931063250189,148
27.92444517839936,148
27.989561867134984,148
28.054660762257523,148
28.11974192686503,148
28.184805423609628,148
28.24985131470224,148
28.369879661917192,148
28.434890526596856,148
28.499883969656107,148
28.564860051586805,148
28.629818832462178,148
28.69476037194116,148
28.75968472927264,148
28.82459196329972,148
28.88948213246382,148
28.9543552948088,148
29.019211507985005,148
29.08405082925325,148
29.137950747865418,148
29.246867615646355,148
29.35580149024641,148
29.46475242970945,148
29.518720492476888,148
29.57270573739182,148
29.62670822370315,148
29.680728011069803,148
29.78976515956501,148
29.84131320739173,148
29.89288754800473,148
29.944488320397337,148
29.996115665040264,148
30.047769723905244,148
30.09945064048923,148
30.15115855983912,148
30.202893628576977,148
30.254655994925866,148
30.30644580873617,148
30.3582632215126,148
30.41010838644168,148
30.46198145841995,148
30.513882594082745,148
30.56581195183364,148
30.61776969187456,148
30.669755976236576,148
30.72177096881144,148
30.77381483538376,148
30.825887743664065,148
30.87798986332249,148
30.930121366023364,148
31.03728242546056,148
31.14447321739368,148
31.196693919685192,148
31.30394471233833,148
31.35622577753601,148
31.40853729968067,148
31.51587946543503,148
31.56825246376397,148
31.675656485977346,148
31.726490943106853,148
31.777335806067384,148
31.82558219597712,148
31.873839035211446,148
31.92210634565379,148
0.1000728384154291,149
0.1971799409280585,149
0.292259717900147,149
2.3383279219900404,149
2.43703196602568,149
2.534610955233875,149
2.627897119338813,149
2.666000338460508,149
2.7587565949216515,149
2.852083193327489,149
5.198712097670141,149
7.8872511258378655,149
11.08411966327124,149
14.447534492396247,149
16.713378903135894,149
19.181199447574453,149
21.33132834682803,149
23.60006465784534,149
23.67105468319209,149
23.79657232952157,149
23.86665839819525,149
23.93634719918583,149
24.00566798671658,149
24.07464600047044,149
24.14330323916417,149
24.21165904731172,149
24.27973056837157,149
24.347533100271548,149
24.41508037826173,149
24.537384802764564,149
24.65945762497413,149
24.7263090995658,149
24.79294861149329,149
24.859384782146787,149
24.92562555890736,149
24.99167829122232,149
25.05754979564564,149
25.12324641177442,149
25.178563824864067,149
25.2337734419708,149
25.28887753812776,149
25.330229363126616,149
25.371511096788502,149
25.467723699940304,149
25.56386812282906,149
25.60494528217421,149
25.645956068022112,149
25.686901352090697,149
25.72778198002086,149
25.76859877510176,149
25.809352545721392,149
25.85004407419072,149
25.89067412791953,149
25.93124345196591,149
26.02675277246342,149
26.067202805263857,149
26.16259424267517,149
26.262677763444422,149
26.30352467847192,149
26.344324289456896,149
26.383651781838257,149
26.422939729933475,149
26.51718844404017,149
26.55639822962414,149
26.59556938743135,149
26.634702213596483,149
26.67379699974819,149
26.76785403311117,149
26.80687359660516,149
26.845855968941024,149
26.88480142471396,149
26.923710234494013,149
29.58816594090625,149
32.03436730290083,149
34.97810864792885,149
35.023986176547695,149
35.06983030211955,149
35.11564124631704,149
35.16141922788999,149
35.26216446272289,149
35.30787716389079,149
35.35355754171378,149
35.45420580381015,149
35.49982215514802,149
35.54540679809583,149
35.64595993247148,149
35.6914817555902,149
35.73697246231133,149
35.78243224508387,149
35.827861293990914,149
35.87325979679302,149
35.90947581042765,149
35.94567289898291,149
35.98185113382051,149
36.018010585766,149
36.0541513251148,149
36.09027342163812,149
36.12637694458881,149
36.16246196270714,149
36.198528544226406,149
0.1000728384154291,150
0.1971799409280585,150
2.699671575607032,150
6.033902504292959,150
6.149445765250012,150
6.27199349200977,150
6.408707285489809,150
6.545421078969849,150
6.682134872449888,150
6.818848665929927,150
9.206900786396652,150
12.389914186040684,150
15.820272618390057,150
18.56002013405311,150
21.22777589329856,150
23.12325300531584,150
25.86801633406389,150
28.277623873126853,150
30.582991102012063,150
32.99489928521477,150
35.50334605779634,150
37.81207794943811,150
40.40970421291037,150
43.16281493563922,150
46.22299560063666,150
49.47611380501903,150
52.814489977035095,150
55.879754207821776,150
58.64056377778888,150
61.4713173811086,150
64.86939476936318,150
68.17299724449546,150
71.47786809321217,150
71.60468511158092,150
71.73150212994967,150
71.85831914831843,150
71.98513616668718,150
72.11195318505594,150
72.23877020342469,150
72.36558722179345,150
72.5474042401622,150
72.67422125853095,150
72.8010382768997,150
72.92785529526846,150
73.05467231363721,150
73.18148933200597,150
73.36330635037471,150
73.49012336874347,150
73.67194038711222,150
73.79875740548097,150
73.92557442384972,150
74.05239144221848,150
74.23420846058723,150
74.36102547895598,150
74.48784249732473,150
74.61465951569349,150
74.74147653406224,150
74.92329355243099,150
75.05011057079975,150
75.1769275891685,150
75.35874460753725,150
75.540561625906,150
75.66737864427475,150
75.7941956626435,150
75.92101268101226,150
76.04782969938101,150
76.17464671774977,150
76.30146373611852,150
76.42828075448728,150
76.55509777285603,150
76.68191479122478,150
76.86373180959353,150
76.99054882796229,150
77.11736584633104,150
77.2441828646998,150
77.37099988306855,150
77.4978169014373,150
77.67963391980605,150
77.8064509381748,150
77.98826795654355,150
78.1150849749123,150
78.24190199328106,150
78.36871901164982,150
78.49553603001857,150
78.62235304838732,150
78.74917006675608,150
78.87598708512483,150
79.00280410349359,150
79.12962112186234,150
79.2564381402311,150
79.38325515859985,150
79.5100721769686,150
79.63688919533736,150
79.76370621370612,150
79.89052323207487,150
80.01734025044362,150
80.14415726881238,150
80.27097428718113,150
80.39779130554989,150
80.52460832391864,150
0.1000728384154291,151
0.1966799409280585,151
0.291259717900147,151
0.3309235304638175,151
0.42542066092615,151
0.5184999149359869,151
0.5414964120482593,151
0.613240600714603,151
0.6808892871832042,151
0.7463107119893222,151
0.7609042890017419,151
0.7754172190671353,151
0.7898507818227201,151
0.8592062249427228,151
0.9286005749946028,151
0.9431536655520588,151
0.95787070613555,151
0.972757254878202,151
0.987819259205976,151
1.6985644150172858,151
1.7163045864199786,151
1.7341911095773368,151
1.8002684909497886,151
2.5111080009137776,151
2.528945260832229,151
2.546931785682359,151
2.565072168747106,151
2.583371297607341,151
2.601834376493612,151
2.6204669598137524,151
2.6392750005816605,151
2.658264880219617,151
2.677443460712352,151
2.6968181442116883,151
2.716396940091768,151
2.736188532004276,151
2.7562023821865704,151
2.776448835769811,151
2.7969392399882462,151
2.817686108091989,151
2.83870331306211,151
2.8600063111280587,151
2.8816124323403027,151
2.90354124564878,151
2.9258150245641854,151
3.0034593429063943,151
3.018049096839645,151
3.08763884581826,151
3.102228599751511,151
3.116818353684762,151
3.1314081076180127,151
3.145997861551264,151
3.1605876154845145,151
3.1751773694177654,151
3.1897671233510163,151
3.259356872329631,151
3.273946626262882,151
3.288536380196133,151
3.303126134129384,151
3.3177158880626347,151
3.3323056419958856,151
3.3468953959291365,151
3.3614851498623874,151
3.3760749037956383,151
3.3906646577288893,151
3.460254406707504,151
3.474844160640755,151
3.489433914574006,151
3.5590236635526207,151
3.573613417485872,151
3.5882031714191225,151
3.6027929253523734,151
3.617382679285624,151
3.631972433218875,151
3.646562187152126,151
3.661151941085377,151
3.675741695018628,151
3.690331448951879,151
3.7049212028851297,151
3.7195109568183806,151
3.734100710751632,151
3.7486904646848815,151
4.517174341866889,151
4.537260980496326,151
4.557109478080788,151
4.576730664039173,151
4.593592359835425,151
4.610346523264566,151
4.626995421165743,151
5.341645634884157,151
5.362851540709057,151
5.383776999229708,151
5.404436911607304,151
5.4248446665351775,151
5.445012374932089,151
5.519951037282267,151
5.539670686388531,151
5.559180515969315,151
5.578488974983015,151
5.597603860462227,151
0.1000728384154291,152
0.1966799409280585,152
0.236259717900147,152
0.3294010845099767,152
0.4214267333632353,152
0.5139791847947831,152
0.5381411513178924,152
0.5610898897910767,152
0.6337874998897962,152
0.6487599983392144,152
0.6642313562064792,152
0.7311666729522992,152
0.7282391915548344,152
0.7165716642287651,152
-0.3100157763389165,152
0.1000728384154291,153
0.1966799409280585,153
0.2887597219239043,153
0.379401093829708,153
2.779566413272457,153
2.875834806371765,153
2.917314997423725,153
3.012935942519741,153
3.05355688418849,153
3.149177829284506,153
3.1897987709532547,153
3.285264259685116,153
5.897188669551449,153
9.00059763066012,153
12.501694409832922,153
16.289640013800664,153
19.05928689042966,153
19.1348764374434,153
19.210465984457137,153
19.286055531470875,153
19.361645078484614,153
19.437234625498352,153
19.56782417251209,153
19.643413719525828,153
19.719003266539566,153
19.794592813553304,153
19.870182360567043,153
19.94577190758078,153
20.02136145459452,153
20.151951001608257,153
20.227540548621995,153
20.303130095635733,153
20.37871964264947,153
20.45430918966321,153
22.47371711477,153
25.001895153575887,153
25.077565437389183,153
25.15365581548275,153
25.2302048482542,153
25.30725889707709,153
25.439874760740924,153
25.51812365252611,153
25.59709749586344,153
25.731919521187105,153
25.86776360908381,153
25.94989381130535,153
26.03375999452681,153
26.111670500621106,153
26.18978103338846,153
26.26809992963782,153
26.34663625144688,153
26.42523957888771,153
26.504356177098835,153
26.58404482706585,153
26.719379535690265,153
26.800456344340272,153
26.937404919926003,153
27.02041004098007,153
27.10475648196711,153
27.190941546854777,153
27.28006554506696,153
27.3772367328413,153
27.474407920615647,153
27.57157910839,153
27.66875029616434,153
27.765921483938687,153
27.86309267171304,153
27.96026385948738,153
28.057435047261727,153
28.15460623503608,153
28.25177742281042,153
28.348948610584767,153
28.44611979835912,153
28.54329098613346,153
28.640462173907807,153
28.79263336168216,153
28.9448045494565,153
29.04197573723085,153
29.194146925005192,153
29.29131811277954,153
29.38848930055389,153
29.540660488328232,153
29.63783167610258,153
29.735002863876925,153
29.832174051651272,153
29.92934523942562,153
30.026516427199965,153
30.123687614974312,153
30.22085880274866,153
30.318029990523005,153
30.41520117829735,153
30.5123723660717,153
30.664543553846045,153
30.76171474162039,153
30.85888592939473,153
30.956057117169085,153
31.10822830494343,153
31.205399492717778,153
31.302570680492124,153
31.45474186826647,153
0.1000728384154291,154
0.2151243381986281,154
0.3301758379818272,154
0.4452273377650263,154
0.5602788375482254,154
0.6753303373314244,154
0.7739024425007207,154
0.8162895815528733,154
0.8542062195099694,154
0.9337866233743533,154
0.9632350543595656,154
0.996392615333925,154
1.0257161168463331,154
1.1053191183216673,154
1.1238001810468536,154
1.1336016815237504,154
0.1834767025045853,154
0.1000728384154291,155
0.1966799409280585,155
0.291259717900147,155
0.3819010898059507,155
0.4724189981406828,155
0.5628164156860014,155
0.6398681968039175,155
1.827775177318444,155
4.12350457604586,155
4.222009365219464,155
6.115534369606365,155
8.932537619728436,155
12.45046240534245,155
12.56410176004826,155
16.215893016249353,155
19.380522980659105,155
22.6350521014737,155
25.600945353816392,155
25.73336433333702,155
25.865955743738,155
25.99872574455199,155
26.131712497570348,155
26.2627469286332,155
26.393361952276152,155
28.31636919957788,155
28.44734809566764,155
28.57762022116588,155
30.78780443811916,155
30.91766082211842,155
31.04663529719065,155
32.96760656535289,155
33.09630883288312,155
34.61133662380573,155
34.73962755396568,155
36.25428891191462,155
36.38204682332109,155
37.20284034649342,155
37.329981912994846,155
39.24927778332841,155
40.98651375779369,155
41.11409645492349,155
41.24128997676367,155
42.97600453285187,155
43.10113287102194,155
45.47487632397554,155
45.60083748834837,155
47.673337680387526,155
47.7997607882912,155
47.926084674023926,155
48.052130089098654,155
50.25833146504285,155
50.38494197806092,155
51.61037886748026,155
51.736982161588,155
51.86337353060487,155
53.59954917350024,155
53.72611518597243,155
53.85244760383636,155
55.36529820285868,155
57.38332755888775,155
57.51024198253357,155
59.01478458452774,155
59.13292709113951,155
59.25096605320983,155
60.97417388459258,155
61.08786262919717,155
61.20633930364391,155
61.2648624780192,155
61.37830837094924,155
61.49165532016894,155
61.60484086001059,155
62.81686995947501,155
62.87519660243532,155
62.93343463564059,155
63.04658047133824,155
64.20412770682714,155
64.26297566318652,155
64.32173807943008,155
64.43541640067241,155
64.54902049923083,155
66.04926988506458,155
66.80150631094119,155
66.91551901424072,155
68.41613806808135,155
69.91707278812072,155
71.07553435886047,155
71.12702685618541,155
71.23348349356792,155
71.2849045137479,155
71.39126924821875,155
72.82986645051977,155
72.93713131198427,155
73.04436989525101,155
73.15154338279507,155
76.09357977309963,155
76.1397064665868,155
76.24080612906954,155
76.3418789024069,155
78.87540627667448,155
81.92330576130888,155
0.1000728384154291,156
0.1966799409280585,156
0.291259717900147,156
0.3844010845099767,156
0.4764267333632352,156
0.5650407799368742,156
0.5839046665316465,156
0.6560746782308462,156
0.7239013441687467,156
3.242816520560348,156
6.1785755880957485,156
9.821283096692804,156
13.161138244475048,156
17.10576269717797,156
19.95253517453844,156
20.02543602034175,156
20.09731682459065,156
22.47072155247504,156
22.540817807579486,156
22.61028223283523,156
22.67918578701953,156
22.747585087716367,156
22.81552636271025,156
22.93804807108659,156
23.00536271570176,156
23.072478531725007,156
23.13699034401409,156
23.201373451974263,156
23.265631085597445,156
23.32976631671553,156
23.393782070340013,156
23.45768113494284,156
23.521466171799272,156
23.640139723497327,156
23.758704221704686,156
23.822161994272367,156
23.885515271744467,156
23.948766193334787,156
24.011916812423788,156
24.074969101623097,156
24.129607815661583,156
24.18418121307872,156
24.23869013613579,156
24.29313540564834,156
24.34410296686869,156
24.39501628377909,156
24.500875938558245,156
24.55168250102093,156
24.65743652900776,156
24.70813856875862,156
24.81378915527092,156
24.86438881264308,156
24.914938054404228,156
24.965437383830764,156
25.01588729425034,156
25.066023260118293,156
25.11611217017052,156
25.166154463131285,156
25.21615056961948,156
25.2661009123712,156
25.31600590645421,156
25.36586595947476,156
25.41568147177696,156
25.465452836635155,156
25.51518044043958,156
25.564864662875507,156
25.61450587709631,156
25.664104449890555,156
25.71366074184349,156
25.763175107493083,156
25.812647895480893,156
25.86207944869795,156
25.91147010442587,156
25.96082019447338,156
26.010130045308465,156
26.11439997818628,156
26.163630309273,156
26.21282134976582,156
26.26197340600918,156
26.311086779607365,156
26.41516176753371,156
26.46419866223644,156
26.513197751741306,156
26.61715931975116,156
26.72108364574253,156
26.769971005059418,156
26.81882166900421,156
26.86763590492609,156
26.91641397630673,156
27.02015614284372,156
27.06886266053141,156
27.117533781739624,156
27.166169755290056,156
27.2147708265306,156
27.263337237407583,156
27.31186922653601,156
27.36036702926793,156
27.40883087775886,156
27.457261001032503,156
27.505657625043693,156
0.1000728384154291,157
0.1966799409280585,157
0.236259717900147,157
0.3294010845099767,157
0.3664267333632353,157
0.4025407744325242,157
0.4789046620159563,157
0.5491996755032953,157
0.6150263448386606,157
0.6767549154489454,157
0.6802159431996908,157
0.6836191670178589,157
0.6869652472111549,157
0.7451712652716007,157
0.7991724848422375,157
0.7981467510714348,157
0.7970942075505074,157
0.7960149972374704,157
0.7949092616933551,157
0.7937771408493783,157
0.7926187732397731,157
0.8464342945396122,157
0.9002238431154903,157
0.8989875518624824,157
0.9527255535965008,157
0.9514379798808288,157
0.950124960802604,157
1.003786623887826,157
1.0024230993027952,157
1.001034512012374,157
0.9996209869302032,157
0.9981826479221848,157
0.9967196175736528,157
0.9952320171893728,157
0.9876224803180588,157
0.9800129434467446,157
1.0274034081400525,157
1.0197938712687384,157
1.0671843359620463,157
1.0595747990907325,157
1.10696526378404,157
1.154355728477348,157
1.146746191606034,157
1.13913665473472,157
1.131527117863406,157
1.1789175825567138,157
1.1713080456853997,157
1.1636985088140857,157
1.1560889719427716,157
1.1484794350714576,157
1.1408698982001435,157
1.1332603613288297,157
1.1256508244575154,157
1.1180412875862014,157
1.110431750714887,157
1.1578222154081952,157
1.1502126785368811,157
1.142603141665567,157
1.134993604794253,157
1.127384067922939,157
1.1748486062885417,157
1.167388333883245,157
1.2150043984317374,157
1.2076979847067189,157
1.2554703140073609,157
1.2483226437495245,157
1.2325223651156914,157
1.2167491861061346,157
1.201003255732466,157
1.185284721143652,157
1.1695937350765957,157
1.1539304502681982,157
1.1382950213180076,157
1.1776876043901932,157
1.1621083556116711,157
1.1465574358032238,157
1.1310350060836565,157
1.1155412294344198,157
1.100076271630932,157
1.084640299379934,157
1.0692334821821343,157
1.053855990469564,157
1.0385079974682223,157
1.0781896779687297,157
1.0629012095184218,157
1.04764277063321,157
1.0324145438523185,157
1.0172167117149722,157
1.002049460485686,157
0.9869129792229424,157
1.0268074557558786,157
1.0667330868915808,157
1.051690065711845,157
1.0366785902903568,157
1.021698861792792,157
1.0067510823161494,157
0.9918354567513954,157
0.9769521937147868,157
0.9621015046165478,157
1.0022835996375572,157
0.1000728384154291,158
0.1966799409280585,158
0.291759717900147,158
0.3854010845099767,158
0.4229267333632353,158
0.4595407744325241,158
0.5503840621026767,158
0.6380596931489718,158
0.7251464079531443,158
0.7570156964870703,158
0.7886766220840228,158
0.8751375253709567,158
0.9089060937807956,158
0.942489455832233,158
0.9758942274706598,158
0.9965434687541956,158
1.0170459485011336,158
1.0374058520751237,158
1.0576271338718173,158
1.0777135322200295,158
1.0976685917334792,158
1.1174956726240155,158
1.1371979693280694,158
1.1567785216825244,158
1.1762402223752972,158
1.1955858318464991,158
1.214817983876371,158
1.2308431098567485,158
1.2467899861144065,158
1.2626598196434018,158
1.276649229075217,158
1.2905785775141951,158
1.3044485783534283,158
1.3732599279241795,158
1.3870133048253297,158
1.455709379013085,158
1.4693487899707791,158
1.4829321781503195,158
1.4964601638125417,158
1.5099333541797637,158
1.523352345298433,158
1.5367177164511916,158
1.5500300357448098,158
1.5562947633074755,158
1.5625075416969296,158
1.568668906423652,158
1.6297793805929062,158
1.6358394756311712,158
1.638764777765998,158
1.641652904763275,158
1.699504133626276,158
1.757318731709772,158
1.8150969635093743,158
1.817839094982871,158
1.8205453840414223,158
1.8232160858674136,158
1.8258514514522788,158
1.883451729859614,158
1.8860171642949968,158
1.943547995840588,158
2.0010444653084662,158
2.0035068032661614,158
2.0059352429447856,158
2.00833001251837,158
2.0106913371341464,158
2.0130194389125493,158
2.015314537412876,158
2.017576848934793,158
2.0198065869840023,158
2.077003964069688,158
2.1341691844495174,158
2.136302456572109,158
2.1384039824692693,158
2.140473962608182,158
2.142512594662064,158
2.144520073975825,158
2.1427978297792536,158
2.14105500940738,158
2.1392916972613123,158
2.1375079768108365,158
2.1311185824083325,158
2.124719036124104,158
2.118309357981586,158
2.1059027433725235,158
2.093496128763461,158
2.081089514154398,158
2.0686828995453355,158
2.056276284936273,158
2.04386967032721,158
2.0314630557181474,158
2.0190564411090848,158
2.061649823408031,158
2.0492432087989685,158
2.036836594189906,158
2.024429979580843,158
2.0120233649717805,158
1.9996167503627176,158
1.9872101357536551,158
1.9748035211445925,158
1.9623969065355296,158
0.1000728384154291,159
0.1971799409280585,159
0.2940430926198407,159
0.3900344773758991,159
0.4305493112329357,159
0.5256290882050243,159
0.6196602625222025,159
2.272461579153584,159
2.3702496367019403,159
3.51359496287074,159
3.612351456609826,159
5.268506853924774,159
6.70339832608288,159
6.75142766362336,159
6.798947176530557,159
6.846004072593269,159
6.94763755321983,159
6.993880691979542,159
7.039761767851412,159
7.140305237718905,159
7.185532462434859,159
7.229882519431302,159
7.273965450594378,159
7.372794806294559,159
7.41638282828989,159
7.459740630592715,159
7.502878348468456,159
7.545805262290075,159
7.588529901338232,159
7.631060131448669,159
7.67340322953151,159
7.715565947331981,159
7.812583165050022,159
7.854458997287577,159
7.892265468632428,159
7.929964022118943,159
7.967556937873328,159
8.005046401661426,159
8.042434510627656,159
8.079723278577802,159
8.116914640850089,159
8.154010458813886,159
8.191012524030956,159
8.227922562110313,159
8.264742236284372,159
8.301473150731137,159
8.338116853664587,159
8.374674840213105,159
8.411148555103846,159
8.447539395169118,159
8.538848711689264,159
8.575077812585207,159
8.611227964472487,159
9.338172570639466,159
10.985020491540272,159
11.022342447416936,159
11.05957787455811,159
11.096728244970151,159
11.13379498141317,159
11.170779459831724,159
11.207683011628175,159
11.244506925791145,159
11.281252450890518,159
11.317920796949243,159
11.353122488511996,159
12.485384601364828,159
13.61759357875479,159
13.645900923230643,159
15.064078132578013,159
16.48530612317367,159
16.520178714251543,159
16.60999100309095,159
16.64474370830569,159
16.73443753158381,159
16.769073158278648,159
17.90366975153835,159
17.994616033133013,159
18.030524578699502,159
18.066395670907344,159
18.102229588222748,159
18.193026605001663,159
18.22878699158012,159
18.26451101436193,159
18.30019893590387,159
18.328693318709405,159
18.35716537007988,159
18.38561518931056,159
19.79144736075068,159
21.43022830284892,159
21.45954494722756,159
22.929214269288632,159
22.95756742470027,159
22.985898869265807,159
23.014208696849987,159
23.04249700050941,159
23.07076387250293,159
23.09900940430187,159
23.127233686600064,159
23.155436809323724,159
23.18361886164115,159
0.1000728384154291,160
0.1966799409280585,160
0.2895005331526564,160
0.3988979743014144,160
0.5082954154501723,160
0.6176928565989303,160
0.7270902977476882,160
0.8364877388964461,160
3.202765910435753,160
5.46880575876339,160
8.088274470420169,160
10.946672191359143,160
13.925809786359292,160
17.280875513265038,160
20.965196993513967,160
22.510059754745605,160
22.660580965295186,160
24.41781051521709,160
26.65768491124465,160
26.818117765592373,160
26.97855061994009,160
29.322959162044214,160
31.66223004229188,160
33.88038817671186,160
34.01678690575743,160
34.15121236384297,160
36.231075921484496,160
38.15653925982263,160
38.288929543630815,160
39.51948810159919,160
39.65093323650376,160
41.16848651710836,160
41.299031531351545,160
42.12236330639112,160
42.25201739938346,160
42.32635943803145,160
42.455308325289145,160
42.57853041471139,160
42.7015446219994,160
42.82429751707128,160
44.33364228029891,160
46.06657823374072,160
46.189827035719794,160
46.31279327664755,160
47.07396044580209,160
47.14177182668701,160
47.20938295583686,160
47.33180154551538,160
47.45398792099264,160
47.511826889809306,160
47.6216804285616,160
49.9812377927231,160
51.19236635760219,160
51.30478442795096,160
51.41710618421865,160
51.51854380503727,160
51.56493877903057,160
51.61129147097898,160
51.71260223821236,160
51.813871423755415,160
51.91447437093092,160
52.01500090495182,160
53.671076501761206,160
55.56570574179722,160
57.560791934881934,160
59.919376613290666,160
60.03021104019157,160
61.24022160727798,160
62.68365508997744,160
62.786086797061614,160
65.37643885547226,160
68.37433600360458,160
69.1211563342244,160
69.87322519627118,160
69.98705045801954,160
71.43280414536228,160
72.59131408015702,160
72.69263655225251,160
72.7939111767194,160
72.8951505524895,160
74.88881505558703,160
77.83025849888537,160
77.87286085913394,160
77.91545117924426,160
78.01300952861521,160
79.84895883033488,160
82.09255586097453,160
84.78085647056315,160
87.66617284248088,160
87.77325066457007,160
87.81865572089765,160
87.86406604478572,160
87.90770103315327,160
87.95133866275165,160
87.99497892985556,160
88.03215141127322,160
88.06932917887781,160
88.16144125068996,160
89.58635358417843,160
89.62497147823188,160
0.1000728384154291,161
0.1966799409280585,161
0.291759717900147,161
0.3854010845099767,161
0.4779267333632352,161
0.569540774432524,161
0.6603840621026766,161
2.1408131162319783,161
2.1801354378775355,161
2.2738207670513133,161
3.697833428031538,161
3.734967557585571,161
3.82657868961129,161
3.917810728645657,161
4.008825344837044,161
4.0446315909389,161
4.135237811005448,161
4.170651698357199,161
4.260880382603739,161
4.295930473006104,161
4.330808134621714,161
4.362058253831004,161
4.448169151193236,161
4.479144599160884,161
4.564199861011241,161
4.594136960676645,161
4.62395863222215,161
4.6536674796256765,161
4.73826599108312,161
4.759503930679296,161
4.780683617911075,161
6.1927331498477205,161
6.905572336039279,161
7.675986271223758,161
8.800184946379398,161
8.825734533241723,161
8.851247623434995,161
8.876724481454824,161
8.957165367773507,161
8.982570540032123,161
9.007940251252387,161
9.088274750730728,161
9.11357428493235,161
9.193839099130368,161
9.219069428614114,161
9.244265509641505,161
9.26942757690582,161
9.294555861375068,161
9.374650586268638,161
9.399711979425286,161
9.479740260041092,161
10.601199148094986,161
10.624029299116469,161
10.64684308307502,161
10.669640553987358,161
10.692421764007545,161
10.715186767152284,161
10.737935615575646,161
10.760668361431692,161
12.228720152622794,161
12.255406595638728,161
12.282023107505175,161
12.308570653072332,161
12.3350501692507,161
12.361462570599054,161
12.387808745599123,161
12.41408956038091,161
12.44030585872266,161
12.46645846205089,161
12.492548171303008,161
12.518575766927336,161
12.544542012608384,161
12.570447651541564,161
12.651293409860466,161
12.732079995668268,161
13.85115338662896,161
13.87276077630255,161
15.846840266010496,161
15.874934023118351,161
15.902953244617914,161
15.985899023583864,161
16.01377242604527,161
16.04157448360953,161
16.069306200242373,161
16.09696855196986,161
16.124562486878368,161
16.15208893070254,161
16.17954877937469,161
16.206942910200688,161
16.234272176272007,161
16.26153740646574,161
16.28873941103253,161
16.315878979733917,161
16.342162823176714,161
16.36839074256155,161
16.44956335785124,161
16.475681273138854,161
16.501745080447527,161
16.527755359059903,161
16.55371267708275,161
0.1000728384154291,162
0.1971799409280585,162
0.292259717900147,162
0.3859010845099767,162
0.4647512048159917,162
0.543134665456899,162
0.5586155190740903,162
0.5740002154980978,162
0.5892905708079418,162
0.6044883303021272,162
0.6744618437861284,162
0.7443483940934023,162
0.8140239439581712,162
0.8837409861062845,162
0.898499867287763,162
0.913300942969807,162
0.9828945215468486,162
1.0535289164309585,162
1.069204463032373,162
1.139059899715074,162
1.852081058887132,162
1.8719170488094168,162
1.891715303403624,162
1.91147610392917,162
1.986089839008936,162
2.060888095167764,162
2.134823872116693,162
2.209224803713449,162
2.228591135111936,162
2.302923104134687,162
2.3222209404831013,162
2.341484878552445,162
2.360715145585426,162
2.3799119688247523,162
2.391705471431204,162
3.1018203677286587,162
3.815945047294088,162
3.893622878347822,162
3.917913818140813,162
4.638177597304173,162
4.657020575707145,162
4.675832593222447,162
4.6946138417025285,162
4.71336450927455,162
4.787084785630293,162
4.860774849881716,162
4.879434879278131,162
4.898065057923384,162
4.916665562768765,162
4.99023657419283,162
5.0087782548417525,162
5.0272907813688,162
5.04577432327468,162
5.064229046334811,162
5.082655116324611,162
5.101052695294209,162
5.119421945293732,162
5.137763026510664,162
5.156076097269841,162
5.174361312170811,162
5.247618825515099,162
5.265848790635653,162
5.284051359971352,162
5.302226680671163,162
5.309809564487376,162
5.317392448303588,162
6.024119476196654,162
6.040077867326625,162
7.449735703287013,162
7.529556984422095,162
7.609325910327323,162
7.632293021646626,162
7.655208850619681,162
7.678073916924484,162
7.755888734353073,162
7.833653796804436,162
7.85636959817756,162
7.879036618736871,162
7.901655329731591,162
7.924226194960363,162
8.001773305577524,162
8.024273246866949,162
8.04672645811487,162
8.069133373317607,162
8.091494417158254,162
8.113810005006679,162
8.13608054850746,162
8.213306449693926,162
8.23548810218025,162
8.312625892800577,162
8.334720205855854,162
8.356771415439733,162
8.378779890355952,162
8.400745991957672,162
8.422670076010116,162
9.13319225084532,162
9.146668535997458,162
9.162121595223732,162
9.177554452200718,162
9.192967188884802,162
0.1000728384154291,163
0.1971799409280585,163
0.2952489029039251,163
1.088688537990982,163
1.1872763595832407,163
1.2861065327912131,163
2.999046341737885,163
3.1011098278881977,163
3.842741134834648,163
3.8912252612211526,163
3.9397093876076577,163
3.988193513994162,163
4.091677640380667,163
4.140161766767172,163
4.188645893153677,163
4.237130019540182,163
4.285614145926687,163
4.334098272313192,163
4.3825823986996975,163
4.4310665250862025,163
4.479550651472708,163
4.5280347778592125,163
4.5765189042457175,163
4.625003030632223,163
4.673487157018728,163
4.7219712834052325,163
4.7704554097917375,163
4.8189395361782426,163
4.922907911694697,163
4.97241251486292,163
5.0225178395903525,163
5.073306041992814,163
5.179885364421351,163
5.232404948007401,163
5.286083539663739,163
5.341273535679441,163
5.398640122051432,163
5.459948995225245,163
5.529305057961229,163
5.598661120697212,163
5.668017183433196,163
5.737373246169179,163
5.806729308905163,163
5.931085371641146,163
6.000441434377129,163
6.069797497113113,163
6.139153559849096,163
6.20850962258508,163
6.332865685321063,163
6.402221748057047,163
6.52657781079303,163
6.595933873529013,163
6.665289936264997,163
6.73464599900098,163
6.804002061736964,163
6.873358124472947,163
6.942714187208931,163
7.067070249944914,163
7.136426312680897,163
7.205782375416881,163
7.275138438152864,163
7.344494500888848,163
7.413850563624831,163
7.483206626360815,163
7.552562689096798,163
7.621918751832782,163
7.691274814568765,163
7.760630877304749,163
7.829986940040732,163
7.899343002776716,163
7.968699065512699,163
8.038055128248683,163
8.107411190984665,163
8.176767253720648,163
8.24612331645663,163
8.315479379192613,163
8.384835441928596,163
8.454191504664578,163
8.57854756740056,163
8.702903630136543,163
8.772259692872526,163
8.841615755608508,163
8.91097181834449,163
8.980327881080473,163
9.049683943816456,163
9.174040006552438,163
9.24339606928842,163
9.312752132024404,163
9.382108194760386,163
9.451464257496369,163
9.575820320232353,163
9.700176382968332,163
9.769532445704316,163
9.8388885084403,163
9.90824457117628,163
9.977600633912264,163
10.046956696648246,163
10.116312759384227,163
10.240668822120211,163
10.310024884856194,163
0.1000728384154291,164
0.1966799409280585,164
0.2993069074623176,164
0.4118584103457519,164
2.8362995095126218,164
2.956905574309069,164
6.293245048033435,164
10.239534510978752,164
13.614270834329346,164
16.937881230738427,164
19.817364288208893,164
23.25979210969217,164
26.4633567687925,164
30.34817750289535,164
34.228949750014024,164
38.429922622446405,164
42.59958459142927,164
42.78119529257759,164
42.9078059937259,164
43.03441669487422,164
43.16102739602253,164
43.28763809717085,164
43.41424879831917,164
43.54085949946748,164
43.6674702006158,164
43.84908090176411,164
43.97569160291243,164
44.10230230406074,164
44.22891300520906,164
44.355523706357374,164
44.48213440750569,164
44.608745108654006,164
44.73535580980232,164
44.86196651095064,164
44.98857721209895,164
45.11518791324727,164
45.241798614395584,164
45.4234093155439,164
45.550020016692216,164
45.67663071784053,164
45.80324141898885,164
50.76423297237782,164
55.80149768472151,164
61.20552692727296,164
66.76523006815287,164
72.44116074195064,164
78.32069173157927,164
84.33614704356725,164
84.45365656461878,164
84.57184625587512,164
84.6908234337165,164
84.81073574028265,164
84.98679925478986,164
85.10936089557354,164
85.23407147687348,164
85.36263146304736,164
85.52359167203089,164
85.68455188101441,164
85.90051208999793,164
86.11647229898145,164
86.33243250796497,164
86.49339271694849,164
86.65435292593202,164
86.81531313491554,164
86.97627334389907,164
87.13723355288259,164
87.29819376186612,164
87.45915397084964,164
87.67511417983316,164
87.83607438881668,164
87.99703459780021,164
88.21299480678373,164
88.37395501576725,164
88.53491522475078,164
88.6958754337343,164
88.85683564271783,164
89.01779585170135,164
89.23375606068487,164
89.44971626966839,164
89.61067647865191,164
89.77163668763544,164
89.98759689661895,164
90.14855710560248,164
90.309517314586,164
90.47047752356951,164
90.63143773255304,164
90.79239794153658,164
90.9533581505201,164
91.11431835950364,164
91.27527856848717,164
91.43623877747068,164
91.5971989864542,164
91.75815919543771,164
91.91911940442124,164
92.08007961340478,164
92.2960398223883,164
92.45700003137182,164
92.61796024035534,164
92.77892044933888,164
92.9948806583224,164
0.1000728384154291,165
0.2151243381986281,165
0.3301758379818272,165
0.4427273408652615,165
2.865918411421902,165
2.9755383567096065,165
3.08217181127084,165
5.535783423590786,165
8.429267062354214,165
11.678296328982173,165
15.366644350433688,165
17.052572354883928,165
19.58229955309498,165
21.85668088789573,165
24.70763530856264,165
24.78495753868409,165
24.861416913917147,165
24.93714065260685,165
25.01222323478517,165
25.08673761079277,165
25.16074181340693,165
25.234283112076028,165
25.307400754844263,165
25.38012785140725,165
25.50749270929796,165
25.579519808359542,165
25.651230528182047,165
25.777643702140885,165
25.903776046810087,165
26.029642499933875,165
26.09056172874996,165
26.151315394341644,165
26.21190880368648,165
26.32734693408161,165
26.44263446294131,165
26.50277579410816,165
26.56277508117364,165
26.61972755390047,165
26.6765951850491,165
26.73337939025072,165
26.790081538669543,165
26.846702955253747,165
26.903244922843378,165
26.959708684146342,165
27.016095443592672,165
27.072406369076287,165
27.128642593592648,165
27.184805216780006,165
27.240895306371176,165
27.296913899562288,165
27.352862004304345,165
27.40874060052296,165
27.464550641271163,165
27.520293053819906,165
27.575968740690243,165
27.631578580631263,165
27.68712342954706,165
27.7426041213762,165
27.79802146892655,165
27.85337626466844,165
27.90866928148846,165
27.96390127340663,165
28.015072884600524,165
28.06619257424789,165
28.172260875981465,165
28.223278312576475,165
28.274245396278666,165
28.32516262911926,165
28.376030503217457,165
28.46731803417611,165
28.503576351706265,165
28.539805630598543,165
28.57600603476572,165
28.61217773184585,165
28.648320882026432,165
28.684435649220227,165
28.72052219734001,165
28.756580679122685,165
28.79261125475573,165
28.82861407697606,165
28.864589302245854,165
28.90053707957673,165
28.936457557980297,165
28.97235088646817,165
29.00821721405196,165
29.04405668229269,165
31.3788841053884,165
31.411104115102766,165
31.49830200747061,165
31.530477887396096,165
31.56263184771347,165
31.594763981554983,165
31.626874385778187,165
31.658963153515337,165
31.69103037789869,165
31.778076151762484,165
31.81010056883502,165
31.84210371822524,165
31.87408568934012,165
31.906046575311898,165
0.1000728384154291,166
0.2151243381986281,166
0.3301758379818272,166
0.4452273377650263,166
0.5602788375482254,166
0.6758303373314245,166
0.7913818371146235,166
0.9069333368978224,166
0.9649848336419784,166
1.0745706031164848,166
3.140299029096099,166
5.752009100659819,166
7.906638807996245,166
11.085123715891424,166
14.61461092037657,166
18.58982501705421,166
20.89234457701089,166
20.997639559631352,166
21.102934542251813,166
21.20822952487228,166
21.313524507492733,166
21.4188194901132,166
21.52411447273365,166
21.68440945535412,166
21.78970443797457,166
21.949999420595034,166
22.05529440321549,166
22.215589385835955,166
22.32088436845641,166
22.426179351076875,166
22.58647433369733,166
22.6917693163178,166
22.797064298938256,166
22.90235928155872,166
23.007654264179177,166
23.11294924679964,166
23.218244229420097,166
23.32353921204056,166
23.42883419466101,166
23.53412917728148,166
23.63942415990194,166
23.7447191425224,166
23.85001412514286,166
23.95530910776332,166
24.06060409038378,166
24.16589907300424,166
24.2711940556247,166
24.37648903824516,166
24.48178402086562,166
24.58707900348608,166
24.747373986106545,166
24.907668968727,166
25.067963951347465,166
25.17325893396792,166
25.278553916588383,166
25.438848899208843,166
25.599143881829303,166
25.704438864449763,166
25.809733847070223,166
25.915028829690684,166
26.020323812311144,166
26.180618794931604,166
26.285913777552064,166
26.391208760172525,166
26.496503742792985,166
26.601798725413445,166
26.707093708033906,166
26.81238869065437,166
26.917683673274823,166
27.077978655895286,166
27.183273638515747,166
27.288568621136207,166
27.393863603756667,166
27.499158586377128,166
27.604453568997588,166
27.70974855161805,166
30.173969468169474,166
32.976410726528194,166
35.626095241766585,166
35.790873107216974,166
35.900650972667364,166
36.010428838117754,166
36.120206703568144,166
36.22998456901853,166
36.33976243446892,166
36.44954029991931,166
36.6143181653697,166
36.72409603082009,166
36.83387389627048,166
36.94365176172087,166
37.05342962717126,166
37.16320749262165,166
37.27298535807204,166
37.38276322352243,166
37.49254108897282,166
37.60231895442321,166
37.7670968198736,166
37.93187468532399,166
38.04165255077438,166
38.15143041622477,166
0.1000728384154291,167
0.1966799409280585,167
0.291259717900147,167
0.3819010898059507,167
0.4164267375653883,167
0.5020133152192732,167
0.5326298947966,167
0.6056223015820881,167
2.483738313201656,167
4.9768999915158645,167
7.717911134246577,167
7.819708603206863,167
10.873814123455276,167
14.173101427704868,167
17.558651139500547,167
19.29713958173034,167
19.42836343284004,167
21.86690693806282,167
24.27166897647537,167
24.428845921893885,167
26.666705588178484,167
26.825123712783245,167
26.983541837388007,167
29.85216189470624,167
30.01273175092226,167
30.17330160713828,167
32.58278103536301,167
34.99350877990605,167
35.101651431455046,167
35.20979408300404,167
35.31793673455304,167
35.42607938610203,167
35.53422203765103,167
35.69736468920002,167
35.80550734074902,167
35.91364999229801,167
36.02179264384701,167
36.129935295396,167
36.293077946945,167
36.40122059849399,167
36.50936325004299,167
36.67250590159198,167
36.78064855314098,167
36.88879120468997,167
36.99693385623897,167
37.12670745425824,167
37.19785386388543,167
37.26107507263663,167
37.32161620323899,167
37.37944836979153,167
37.43395982002261,167
37.48544871871712,167
37.53374102776292,167
37.57984584262016,167
37.62348298048022,167
37.66239961673858,167
37.69871614565494,167
37.79067937721851,167
37.82433693920615,167
37.90907710855248,167
37.93401344185117,167
37.95274450508299,167
37.96271267225387,167
36.9576709537709,167
0.1000728384154291,168
0.1971799409280585,168
0.2912299337561713,168
0.3838840696703648,168
0.4204481948254893,168
0.456117923917599,168
0.5460292300730483,168
0.6359036356920095,168
0.6707414111105103,168
0.7603300246602718,168
0.8496813055238386,168
0.9385290165093962,168
1.0270859478941683,168
1.060368084857537,168
1.0933897462614883,168
1.1261638323428032,168
1.1587020256227425,168
1.1910149555829768,168
1.2231123349249426,168
1.2550030732894442,168
1.2866953729126096,168
1.3181968096682497,168
1.3495144021849546,168
1.380654671153798,168
1.411623690507426,168
1.4373595894326632,168
1.5179974460009584,168
1.5985391457596143,168
1.6239865030967484,168
1.6426216504478262,168
1.6611806928288522,168
1.6698649421704397,168
1.7334898436342503,168
1.7420560933991334,168
1.750564371500112,168
1.7590153423834956,168
1.7674096554368313,168
1.8307479454951028,168
1.839030833324492,168
1.847258926084932,168
1.855432817772607,168
1.9112734258911888,168
1.9120872959781376,168
1.9678745702576983,168
2.023635389449088,168
2.0243698927902547,168
2.0250782180611524,168
2.0807605016065143,168
2.081416878358166,168
2.082047481856875,168
2.077781433363927,168
2.073464751526889,168
2.1240979439567544,168
2.11968150818762,168
2.115215931973804,168
2.110701693575397,168
2.106139262032801,168
2.101529097430787,168
2.096871651152563,168
2.085932097910637,168
2.074957620196101,168
2.0639484602615825,168
2.1079048570220875,168
2.096827046123509,168
2.0857152600092665,168
2.0745697279851494,168
2.063390676282421,168
2.0521783281192434,168
2.0409329037604715,168
2.029654620575884,168
2.018343693096884,168
2.007000333071736,168
1.9956247495193744,168
2.039217148781837,168
2.08277773457536,168
2.0713067080401864,168
2.059804267789115,168
2.039476431221785,168
2.019127847736722,168
1.9987586030652336,168
1.97836878223302,168
1.9579584695688443,168
1.9925277487130708,168
1.9720767026260564,168
1.951605413596412,168
1.986113963249128,168
1.9656024325535693,168
1.945070901831344,168
1.9245194507640444,168
1.9589481584008663,168
1.938357103166109,168
1.9177463628665563,168
1.897116014698737,168
1.876466135256082,168
1.8557968005359624,168
1.8901080859466195,168
1.869400066313989,168
1.8486728158884207,168
1.8829264083512955,168
1.8621609168215365,168
0.1000728384154291,169
0.1966799409280585,169
0.291259717900147,169
0.3844010845099767,169
0.4764267333632352,169
0.567540774432524,169
0.6444713054424912,169
0.6630143466997169,169
0.6797643190225402,169
0.7469294706890347,169
0.7600120030240941,169
0.7729526818735074,169
0.7857554209403266,169
0.8534239237569647,169
0.919211701061614,169
0.9857470770739394,169
2.3928602715395764,169
2.413710386063941,169
2.4345920463465527,169
2.510226741936095,169
3.227958038952239,169
3.307162948455699,169
4.723480292167552,169
4.80853132208813,169
4.893610522653945,169
4.978279375042804,169
7.015962623562701,169
7.048317637797482,169
7.073182192202695,169
7.098309966307171,169
7.123715589325912,169
7.204415413122661,169
7.230427839364894,169
7.311281517650969,169
7.391651548948176,169
9.088890471067316,169
9.176465824749355,169
10.599904969837551,169
10.692009538915045,169
12.73591622760523,169
15.183838934209234,169
17.63745316913355,169
17.747814640905744,169
20.58163617601621,169
23.29215865508485,169
26.46388775741164,169
28.353018551536724,169
28.49152693282256,169
30.19931008782348,169
30.297655330390302,169
30.45100057295713,169
30.54934581552396,169
30.69117813262581,169
30.82372895977584,169
33.72515561381513,169
36.57647112655869,169
38.50201572332643,169
38.58060474730035,169
38.71364777481444,169
40.23251591083362,169
40.30889353728757,169
40.43962349348057,169
40.51140285138148,169
40.5830476720178,169
40.70956148079215,169
40.83535404152227,169
43.61714958056216,169
43.74357234781504,169
45.76155462165535,169
45.88793144426983,169
45.95892021387078,169
46.01626051171877,169
46.12823958649494,169
48.82717342629292,169
51.533749508411766,169
51.6485492314409,169
51.708449973465086,169
51.76845380917299,169
51.82856291413415,169
51.94329171508658,169
54.31241813775982,169
56.32615919702132,169
56.44851108658282,169
57.20824615324338,169
59.06761283496493,169
60.28909302543574,169
60.41169687433392,169
62.32685539770525,169
64.18784720728331,169
64.31132469249877,169
65.12806293848125,169
65.19642347980654,169
65.2645636585329,169
65.38740030510202,169
66.14851933987148,169
66.21628783888235,169
66.33878028423335,169
68.35312816571572,169
69.57542963750532,169
69.69889702046645,169
0.1000728384154291,170
0.1966799409280585,170
0.291259717900147,170
0.3861844592296704,170
0.4245927498244866,170
0.5188264415168389,170
0.6126272023224457,170
2.502629095365964,170
2.599912086179219,170
3.796800175359212,170
3.895129853537045,170
5.887807422926389,170
5.9885961726808175,170
8.605340690960848,170
11.85379263912674,170
14.807939624657902,170
18.06834738274464,170
21.24033020864112,170
22.46557097451724,170
24.20146034657596,170
24.327290440369296,170
24.45246436785536,170
24.570260787697208,170
24.687529742752968,170
27.853041020876,170
27.97352256276218,170
29.13788018436176,170
29.258365235483456,170
29.37853439209704,170
29.490897630163065,170
29.590202306218973,170
30.732047055669657,170
33.13601848930918,170
35.80567667336069,170
38.47796723694407,170
38.585018244393694,170
41.33865133330876,170
42.09162470300632,170
42.206233260818685,170
43.364904868756206,170
44.81189521936228,170
44.92740906007824,170
45.04271487955136,170
47.23876069061773,170
47.99370886601271,170
48.11030704780144,170
48.16143572209996,170
48.21245328216475,170
48.31836214541119,170
48.42408629386348,170
51.65689488379878,170
51.76649956284684,170
51.87657181053084,170
53.0305736425392,170
54.69598964481276,170
56.59943417339248,170
56.7109813156597,170
58.84850639729422,170
58.961434951709926,170
59.07416933654469,170
61.4356114256255,170
63.57469981788319,170
63.63422626136464,170
63.74859113125724,170
65.66019718958745,170
67.6717651143637,170
70.19157802642603,170
72.61713098337526,170
72.73994673454246,170
74.65509986073253,170
74.7783416568912,170
75.5398471287605,170
75.66308178419285,170
75.77312300765925,170
75.88348118627482,170
76.6872003492158,170
76.74272130468898,170
76.85313440898472,170
78.29531993011051,170
78.34724736252838,170
78.45413461366707,170
78.56098199674898,170
78.60588393772059,170
78.70571854377204,170
81.51086190009528,170
84.00877669120246,170
86.82017042899543,170
90.2240157392066,170
90.33191971147473,170
91.9949441369813,170
93.14751235807351,170
93.2563550811451,170
94.409166489188,170
96.31085494572336,170
96.4164789211195,170
96.46705685967618,170
96.5725795891326,170
98.23371395135337,170
98.34035799318964,170
99.83389220053368,170
0.1000728384154291,171
0.1971799409280585,171
0.292259717900147,171
0.3309010845099767,171
0.3684267333632353,171
0.4600407744325241,171
0.5508840621026767,171
2.9524493487565366,171
5.542783342703629,171
5.647615927148415,171
5.689776263076617,171
5.73165815590675,171
5.828276294160439,171
5.869643899488999,171
5.965719449210717,171
6.006830586928679,171
6.042349825490071,171
6.077869064051463,171
6.113388302612854,171
6.148907541174246,171
6.23560472472365,171
7.423297247726275,171
7.457413188058688,171
7.54656510694678,171
8.271481445867373,171
8.998019090730502,171
9.086409567732169,171
9.11980004503186,171
9.153190522331547,171
9.18658099963124,171
9.274971476632906,171
9.308361953932597,171
9.341752431232289,171
9.375142908531975,171
9.408533385831667,171
9.441923863131358,171
9.475314340431048,171
9.508704817730738,171
9.542095295030428,171
9.57548577233012,171
9.608876249629809,171
9.6422667269295,171
9.67565720422919,171
9.70904768152888,171
9.797438158530548,171
9.830828635830237,171
9.864219113129929,171
9.897609590429616,171
9.931000067729308,171
9.964390545028998,171
9.997781022328688,171
10.031171499628378,171
10.064561976928069,171
10.09795245422776,171
10.131342931527447,171
10.16473340882714,171
10.19812388612683,171
10.23151436342652,171
10.26490484072621,171
10.2982953180259,171
10.33168579532559,171
10.36507627262528,171
10.398466749924973,171
10.43185722722466,171
10.465247704524351,171
10.498638181824042,171
10.532028659123732,171
10.565419136423422,171
10.598809613723112,171
10.632200091022805,171
11.764202802318884,171
11.852593279320551,171
11.885983756620242,171
11.913841324735236,171
13.043283539701058,171
14.175250369000985,171
14.26360487459953,171
14.296959380496098,171
14.330313886392666,171
14.363668392289236,171
14.45202289788778,171
14.485377403784348,171
15.209390493918017,171
16.62983677058275,171
16.664024914491726,171
16.698249555069758,171
16.732510960537745,171
16.819371498066737,171
18.24063555045779,171
18.275623625952555,171
20.103712028700663,171
20.140022571075512,171
20.176314833450867,171
20.26758887885864,171
20.3038447749501,171
20.340082588482453,171
20.37630238651092,171
20.412504228640152,171
20.44868818192537,171
21.58208957581575,171
0.1000728384154291,172
0.1966799409280585,172
0.236259717900147,172
0.2744010845099767,172
0.3664267333632353,172
0.4030407744325241,172
0.4388840621026766,172
0.4740596928097066,172
0.5636464083384546,172
0.5977063212889134,172
0.6312896833403507,172
0.7194379885068398,172
1.908833260820752,172
1.9963174193962865,172
2.08341088442648,172
2.864849771545773,172
4.904504264877682,172
4.997854921208267,172
7.398607704029922,172
7.495022717104797,172
7.591041046367531,172
8.380787986503487,172
10.560774940238838,172
10.6610381111368,172
13.331157635138874,172
16.436888645575884,172
16.54187494813049,172
16.647158245728853,172
19.320747713731173,172
22.51461468188608,172
25.57534180133188,172
25.691398906694296,172
28.994131611222063,172
31.463058858763283,172
31.588731704833275,172
34.11351371356098,172
34.240069335557244,172
36.31313217779463,172
36.43996246350687,172
38.35899820474055,172
38.48596614653603,172
38.55170400495068,172
38.67220170105234,172
40.34743673408762,172
40.46510227823988,172
40.582158759780086,172
42.72450275773541,172
42.84223225022093,172
42.95968686098591,172
44.631959185547984,172
44.74972071553008,172
44.8672081013991,172
46.37128124440447,172
46.48893588835732,172
46.6058734958841,172
46.72131352926032,172
48.39171724820868,172
50.6557782089902,172
52.669305670186056,172
53.83579585832051,172
53.95853408924521,172
56.56755640675077,172
57.73554938018895,172
57.859664421755234,172
59.7761157908613,172
59.900687724971256,172
61.35690878950331,172
61.4816905552311,172
62.70531960397932,172
62.81932945370647,172
62.93332564651939,172
63.04724513560507,172
63.1552572306988,172
63.2035099846122,172
63.25176868408892,172
63.30003333657953,172
63.34830394953463,172
63.45152707964155,172
66.1371202078459,172
69.32432385355207,172
72.43023534685346,172
74.33305498033735,172
74.44407713234398,172
76.29270076572868,172
78.43007516682121,172
78.5350638982651,172
78.63770502626869,172
81.38249653398964,172
84.73381179392311,172
86.39947563230965,172
87.60974150717232,172
87.66639078602168,172
87.77787132009837,172
88.98837585195872,172
89.09821412906024,172
89.15263441026184,172
89.20704643622014,172
89.2614502218363,172
89.37053981989595,172
89.4795939010379,172
0.1000728384154291,173
0.1966799409280585,173
0.3117314407112576,173
0.4267829404944566,173
0.5418344402776557,173
0.6568859400608548,173
0.7029580397573334,173
0.7895113823977333,173
0.816969223138414,173
0.89745195191773,173
0.9157532433089834,173
0.9288701199037056,173
0.989551649246834,173
1.0409078605514983,173
0.0221176154953461,173
0.1000728384154291,174
0.1416799409280584,174
0.236259717900147,174
0.2744010845099767,174
0.3664267333632353,174
1.848294197854796,174
1.931806496617594,174
2.0150156685088065,174
2.0999609523389724,174
2.1304473292950776,174
2.215677240205207,174
3.915373184991279,174
5.617854693246284,174
6.40534732611219,174
6.4992947963003305,174
6.592950404894748,174
8.940872253191866,174
9.04070734353105,174
11.034188383531966,174
11.136247561586298,174
13.265261576784052,174
15.680289052141434,174
18.226005365590773,174
21.181418286689507,174
21.30078255590434,174
24.547681819341435,174
26.058009277067136,174
27.5685147070213,174
27.69217517504102,174
28.91439377304592,174
29.029334014872635,174
32.58451824150174,174
34.260817964491224,174
36.58117642190052,174
38.49673842125701,174
38.62023479009649,174
40.942174378684186,174
42.80447001190921,174
42.92979229401122,174
42.999947894011896,174
43.06994218970148,174
45.27541280577857,174
45.40131897913165,174
47.67057011683521,174
49.940842519846655,174
51.80629675986511,174
51.93483871740345,174
52.06329364414941,174
53.98417286413421,174
54.05830489488075,174
54.18738798559546,174
55.64822536973534,174
55.722825676524295,174
55.79748393098172,174
55.927076014084605,174
56.05666399041108,174
58.32950923767075,174
60.35178996399736,174
61.81497894585681,174
61.94678469417623,174
63.119230059317694,174
63.248157075360375,174
64.76375014932815,174
64.83048165284441,174
64.95229565931808,174
65.01919355296914,174
65.1409726552871,174
66.59470195683976,174
68.79785950069846,174
70.53183352259305,174
70.60129356794678,174
70.72556195220507,174
72.23661662126963,174
72.36122754050892,174
72.48300848892283,174
73.29814444086004,174
73.36507722061076,174
73.43195462880998,174
73.55367662153391,174
74.7194149740538,174
74.78647805596717,174
74.9016512822875,174
74.961937900187,174
75.02217389328682,174
75.0823597690275,174
75.14249602477777,174
75.20258314813137,174
75.26262161719252,174
75.37761190085024,174
75.4375544590422,174
75.49744974300869,174
75.6122857808813,174
77.52007070006458,174
77.58128917106046,174
77.64250454703922,174
77.7037168299155,174
77.76492602160158,174
77.82613212400736,174
77.8873351390404,174
78.00349512983748,174
0.1000728384154291,175
0.1966799409280585,175
0.291759717900147,175
0.3808120503315116,175
0.4689091065790627,175
0.5548495253595372,175
1.331749041942026,175
1.4148491224321385,175
1.443363468539979,175
1.5272558735730906,175
2.248829345596101,175
2.3312814863446016,175
2.4196643761100294,175
2.5077505686765256,175
3.639387665081555,175
4.366851923752362,175
4.455826518822248,175
4.5454734840875215,175
4.578826358306939,175
4.666938951004083,175
4.754738939691121,175
4.787403048712546,175
4.874895864862735,175
4.907298816133077,175
4.994651136684949,175
5.081733783472116,175
5.113733587551648,175
5.145651897180612,175
5.231789557028348,175
5.26335137127691,175
5.3497440346961564,175
6.482929421353871,175
7.211879683423573,175
7.2475931884234495,175
7.33824787451678,175
8.474334457654292,175
8.51237369118982,175
8.60528779565149,175
9.74416161118799,175
9.839413722742137,175
9.879656364906364,175
9.974889566886956,175
10.069919412720736,175
11.721790974724824,175
13.712990944970183,175
16.119238322365817,175
18.73631734191233,175
18.843141322720584,175
21.442670112132,175
24.06983291726404,175
24.186727686781097,175
27.248399115913067,175
27.36909361837369,175
29.570383599358305,175
31.24737273657207,175
31.36959607643021,175
33.101832646424235,175
33.22443607561532,175
33.985472644418735,175
34.108313409912746,175
34.23096427916644,175
34.35340235034803,175
36.50135183307912,175
36.624612406842026,175
36.74087378365407,175
39.05606878756728,175
39.11922041050774,175
39.18235938055237,175
39.300431403990174,175
39.36349097412142,175
39.426538121886026,175
39.54449510327279,175
40.30096149589772,175
42.90619932952085,175
44.35836653926739,175
46.27182336833648,175
46.39336858285828,175
46.4599218070827,175
46.581328167602194,175
46.64759185539841,175
46.76857552211104,175
47.58288312728146,175
47.70390964248854,175
49.61746387907076,175
49.73892481205862,175
51.4703361095958,175
51.58711029183136,175
53.64635015618072,175
53.75973807614313,175
53.872829313986166,175
55.723380919210776,175
57.39713735669478,175
58.84826753841855,175
58.96798669073127,175
61.56431566450141,175
61.61470748382948,175
61.7200629104986,175
61.76653041589401,175
61.81300862404845,175
61.85290329057119,175
0.1000728384154291,176
0.2151243381986281,176
0.3301758379818272,176
0.4452273377650263,176
0.5543131062262537,176
0.655351681398678,176
0.7403835335247996,176
0.8233188146226885,176
0.9010128357880596,176
0.9756890961401942,176
1.05161378322773,176
1.0693161336206676,176
1.0834170214333416,176
1.093297825890112,176
1.1529159450405122,176
1.149177193871218,176
0.1301892998129905,176
0.1000728384154291,177
0.1966799409280585,177
0.291259717900147,177
0.3294010845099767,177
0.3664267333632353,177
0.4025407744325241,177
0.4789046620159563,177
2.1786769486486595,177
2.9636213333800976,177
4.441498354215974,177
6.327979520101899,177
8.679520759890048,177
10.81094214109267,177
13.487111902127152,177
16.310186047565395,177
16.369822928849693,177
16.42910056971306,177
16.542926549638818,177
19.002151638850787,177
22.20358888492377,177
23.87947489127008,177
23.93481824947821,177
23.98991594424345,177
24.044779482510272,177
24.09941934130789,177
24.208845100119586,177
24.26306555149729,177
24.31708879421475,177
24.370922312274384,177
24.424573042355348,177
24.478047431742127,177
24.531351488356087,177
24.584490824191448,177
24.63747069320793,177
24.690296024537098,177
24.74297145170521,177
24.795501338452524,177
24.84788980163065,177
24.955140731579824,177
25.00725781032368,177
25.054113119406622,177
25.10086246909861,177
25.147508058358657,177
25.19405199672897,177
25.240496309680417,177
25.28684294354021,177
25.33309377004189,177
25.37925059053304,177
25.425315139872367,177
25.4712890900444,177
25.517174053516623,177
25.617971586362,177
25.663683191166644,177
25.764310319741075,177
25.809854375651224,177
25.85531671658399,177
25.90069865656061,177
25.946001468009925,177
25.991226383712405,177
26.03637459862491,177
26.081447271595152,177
26.12644552697408,177
26.15777130310404,177
26.18904937689173,177
26.220280199097274,177
26.25146421303021,177
26.28260185082424,177
26.313693537162425,177
26.34473969300258,177
26.375740728126644,177
26.40669704859125,177
26.49260904525387,177
26.523477113591312,177
27.24316779409516,177
27.269679358945965,177
27.296159219713687,177
27.322607577564,177
27.404024631501912,177
27.430410572113274,177
27.456765594677805,177
27.483089887322663,177
29.298428975762604,177
30.934752308549164,177
30.96160529811847,177
30.98842610490489,177
31.01521493566203,177
31.04197199341821,177
31.06869747933912,177
31.09539159086513,177
31.12144543302226,177
31.147470337124343,177
31.228466470511435,177
31.254433997692345,177
31.28037308041918,177
31.306283880742072,177
31.33216655698585,177
31.358021267475365,177
32.47734452110696,177
34.70158220154214,177
34.728563892440675,177
0.1000728384154291,178
0.1966799409280585,178
0.291259717900147,178
0.3849010845099767,178
0.4774267333632353,178
0.5690407744325241,178
1.9921374312318405,178
2.0778380772746643,178
3.960255636898383,178
4.050583987561568,178
4.140382877615794,178
4.229703045514926,178
6.269300079969272,178
7.056868231920108,178
7.150802313414916,178
7.938611208526,178
10.066479208055274,178
11.2148256707285,178
13.21343902138697,178
13.320764135958113,178
15.039292437757322,178
15.14813310373985,178
15.251829777848355,178
17.501340066086883,178
20.12643112992495,178
20.241042679144066,178
22.43693921037353,178
25.12107326008946,178
26.627077581248702,178
26.74620624225748,178
29.169478820167136,178
29.2897172425864,178
31.301784329643112,178
32.46678039682427,178
32.58774973703829,178
34.09535314763199,178
35.260497020522855,178
36.71369607877059,178
36.83543933451654,178
36.9569100543233,178
38.12231864061155,178
38.24390790828176,178
38.36520360560306,178
39.81826916128264,178
41.49507469080526,178
41.61728089943012,178
41.73521635033223,178
41.85297958248805,178
43.35762413816298,178
45.5017113861208,178
47.51330889106207,178
47.633792136975416,178
49.1410972749651,178
49.26187309136162,178
50.4266565694603,178
50.4927712611146,178
50.61379485713174,178
52.52738600925566,178
52.64911459571551,178
54.1576124320572,178
54.27917848030452,178
54.40050124972883,178
55.62076204264585,178
55.74222070528253,178
57.47370368625485,178
59.15076024696156,178
61.22008563478356,178
61.34340563257539,178
61.45992227484786,178
63.13134940554702,178
65.13989551951491,178
67.33766611506545,178
67.45587976117932,178
68.91069055122254,178
69.03410300503393,178
71.18284413936968,178
72.69382818014041,178
72.81842317854226,178
74.96231808935464,178
75.08133630876601,178
77.63171248560012,178
77.75215385531247,178
79.61447510440034,178
79.74002302317011,178
79.86555711916961,178
79.99107743050729,178
80.11658399508207,178
80.23413626805751,178
81.96158556596248,178
82.07945790097921,178
84.68333473012655,178
84.80224703953473,178
86.30781327889173,178
86.42702228532045,178
88.6896782587549,178
88.75509840951173,178
88.82050722793548,178
88.94090475098102,178
89.06123359457462,178
89.81986589685886,178
0.1000728384154291,179
0.2081928663930287,179
0.3232443661762277,179
0.4382958659594268,179
0.4983473657426259,179
0.6133988655258249,179
0.7144709652223036,179
0.7568581042744562,179
0.84081594030637,179
0.9203963441707536,179
0.945763321027939,179
1.0229771522738382,179
1.0474090384252712,179
1.1282056825168774,179
1.1534563278712675,179
1.224785213724558,179
1.9952582171120088,179
2.0718581279673023,179
2.791337688819353,179
2.8179558863796634,179
2.8448772070862693,179
3.9741198657013816,179
4.005242449597303,179
4.036911030665819,179
4.069192623154108,179
4.102173024223034,179
4.824847990081493,179
4.854931923926656,179
4.887586306215112,179
6.079059671045129,179
7.22105641233999,179
7.266995060623471,179
7.318426772386615,179
7.373324218571965,179
7.428221664757316,179
7.483119110942666,179
7.538016557128016,179
7.647913999290053,179
7.702811445475404,179
7.812708887637441,179
7.922606329799477,179
7.977503775984828,179
8.087401218146866,179
8.142298664332216,179
8.197196110517567,179
8.252093556702917,179
8.306991002888267,179
8.416888445050304,179
8.526785887212341,179
8.581683333397692,179
8.636580779583042,179
8.691478225768392,179
8.746375671953743,179
8.85627311411578,179
8.966170556277817,179
9.076067998439854,179
9.130965444625204,179
9.24086288678724,179
9.350760328949278,179
9.405657775134628,179
9.46055522131998,179
9.570452663482016,179
9.625350109667366,179
9.735247551829405,179
9.84514499399144,179
9.90004244017679,179
9.95493988636214,179
10.009837332547493,179
10.119734774709528,179
10.174632220894878,179
10.229529667080229,179
10.28442711326558,179
10.33932455945093,179
10.39422200563628,179
10.44911945182163,179
10.50401689800698,179
10.558914344192331,179
10.613811790377682,179
10.668709236563032,179
10.723606682748382,179
10.778504128933733,179
10.833401575119083,179
10.94329901728112,179
10.99819646346647,179
11.05309390965182,179
11.162991351813858,179
11.272888793975897,179
11.327786240161243,179
11.382683686346596,179
11.437581132531946,179
11.492478578717297,179
11.547376024902649,179
11.602273471087996,179
11.657170917273348,179
11.712068363458698,179
11.821965805620737,179
11.876863251806084,179
11.986760693968122,179
12.041658140153473,179
12.096555586338823,179
0.1000728384154291,180
0.1966799409280585,180
0.291259717900147,180
0.3844010845099767,180
0.4214267333632353,180
0.5125407744325241,180
0.5339046620159563,180
0.6041996755032953,180
1.3760633148580013,180
2.1499240078359065,180
2.1715318855225263,180
2.247815459626836,180
2.3239327442228017,180
2.399957433003109,180
3.8122177269636808,180
3.838350791144293,180
3.861115853893679,180
3.9389809180378137,180
3.961948029357117,180
3.9850193109690366,180
4.0081969794213,180
4.031483348119181,180
4.05488083291344,180
4.078391957688254,180
4.102019367399734,180
4.125765829938572,180
4.149634251031202,180
4.167258383366388,180
4.184945407915038,180
4.2026961274772106,180
4.220511365342063,180
4.293391968715113,180
4.311338793146533,180
4.329352732407969,180
4.347434699195546,180
4.365585634145063,180
4.383806500244063,180
4.402098288419765,180
4.475462024691623,180
4.493898750874322,180
4.567409554156583,180
4.585995545270961,180
4.60465787317149,180
4.678397722202462,180
4.697216312992495,180
4.716114906254333,180
4.790094805541557,180
4.809157346966785,180
4.828303923490566,180
4.902535972776931,180
4.911806596103233,180
4.97621175426535,180
5.040755172851604,180
5.050440780478638,180
5.060272739860338,180
5.125255459579748,180
5.1903936356633125,180
5.192174894278978,180
5.193904338996035,180
5.195582501134012,180
5.19720990130223,180
5.198787049865459,180
5.20031444671109,180
5.20179258218046,180
5.203221936836016,180
5.204602981926982,180
5.260936181070392,180
5.262221985156756,180
5.263460840573643,180
5.264653183878508,180
5.265799443945397,180
5.266900041732114,180
5.267955390280221,180
5.32401074237201,180
5.380021249419187,180
5.380987309743759,180
5.381909316997152,180
5.382787655932006,180
5.38362270454887,180
5.384414834445451,180
5.440164410984252,180
5.44087179308768,180
5.44153733389463,180
5.442161380672005,180
5.44274427498236,180
5.443286352683899,180
5.443787944396135,180
5.444249375267063,180
5.444670965205987,180
5.500053030680974,180
5.555395880024989,180
5.610699818711836,180
5.610965145994086,180
5.611192158898447,180
5.61138114881247,180
5.611532402699922,180
5.666646206295226,180
5.666722831907791,180
5.66676255700655,180
5.66676565190788,180
0.1000728384154291,181
0.1966799409280585,181
0.291259717900147,181
0.3269010826533933,181
0.4164267375653883,181
0.5050407841390272,181
0.5789046778863569,181
0.5966996892875334,181
0.6645263552254339,181
0.7296154617851873,181
0.7954062789267202,181
0.803105523582389,181
0.8619583637973567,181
1.5633932740947505,181
1.571771109249284,181
1.5802406899219652,181
1.588803731608977,181
1.5974620140677591,181
1.606217386904945,181
1.615071773301651,181
1.6240271728074451,181
1.6330856687909263,181
1.6422494321650167,181
1.642846728738704,181
1.698016493644872,181
1.6921333573463646,181
1.6776805180761305,181
0.6483370322439161,181
0.1000728384154291,182
0.1971799409280585,182
0.292259717900147,182
0.3867136791574656,182
0.4804179396783295,182
0.5734703911098773,182
0.6115787090444157,182
0.7049169525451632,182
0.7984962065550001,182
0.8373286792289307,182
0.9312265123106982,182
1.0251905715262155,182
1.119428671924208,182
2.8251151219287856,182
2.861542131779526,182
3.649016167996262,182
3.7273522056916697,182
4.917003694949482,182
5.007968839285706,182
5.099048096714352,182
6.234674174366329,182
6.325684536276196,182
6.416259843883847,182
6.507309939740036,182
6.542989496169422,182
6.633551400182579,182
6.723998356638287,182
6.813907157657479,182
8.800872098682259,182
9.997239124057623,182
10.09477974104676,182
12.087366115329598,182
14.390540849445198,182
14.49642701077256,182
17.11728997158799,182
17.219695936916207,182
19.21697522330079,182
20.65734339880738,182
20.766068745432232,182
21.919493723688458,182
22.02874408292565,182
23.476228818286582,182
24.92637637260479,182
25.046027716531064,182
27.418735908902743,182
28.5928190539288,182
30.68438370233371,182
30.81320172253337,182
32.501785834465885,182
35.3053360355681,182
35.43739163829753,182
38.29051532920002,182
38.42136467376885,182
40.49808866886138,182
40.57419883134263,182
40.70435018407101,182
41.933700495853024,182
43.802166485760615,182
43.933209574234354,182
44.06258299725758,182
45.578468006310814,182
47.09476838816092,182
48.83495038648624,182
48.96558417378712,182
49.09586693979465,182
50.270341130804574,182
50.40096489290144,182
50.53136134312793,182
50.66161693896958,182
50.7907968692819,182
52.53058173608012,182
52.6615489536876,182
52.79213486137091,182
55.00343692905015,182
55.13420689005893,182
56.651752951516855,182
56.78274179741984,182
56.91305120779124,182
57.03814723798175,182
57.16299877502264,182
57.287484422644894,182
57.40673980148725,182
59.26355060966901,182
59.383273192068856,182
59.50224721463613,182
60.95297896893911,182
61.07208633454732,182
62.52790989569929,182
62.65207315441778,182
64.33135328521621,182
64.45600505932494,182
64.58047337761332,182
64.70469670547173,182
66.16085230549396,182
66.28552309419894,182
67.0484131718482,182
67.17262878282361,182
67.24185461363355,182
67.36576437698784,182
67.43469083851403,182
0.1000728384154291,183
0.1966799409280585,183
0.291259717900147,183
1.4315482651957672,183
3.268753989377622,183
3.367959879659638,183
3.411172757729664,183
3.508557537263809,183
3.6056609126184616,183
3.648234043981085,183
3.745531876457792,183
3.842568780168648,183
3.8846056838795024,183
3.926642587590357,183
3.968679491301213,183
4.061736191029139,183
4.099771838094384,183
4.137786520768328,183
4.17578032658522,183
4.213753342351368,183
4.251705654154187,183
4.289637347371087,183
4.327548506678222,183
4.365439216059101,183
4.40330955881304,183
4.441159617563502,183
4.53398947426628,183
4.5717992102175575,183
4.609588906061848,183
4.647358641799792,183
4.685108496795836,183
4.7228385497858,183
4.760548878884309,183
4.853239561592119,183
4.890910674803323,183
4.9285622948124495,183
5.021194497321443,183
5.113807357446548,183
5.151400949725072,183
5.18897534812206,183
5.2265306260368565,183
5.26406685630957,183
5.30158411122744,183
5.339082462531111,183
5.376561981420804,183
5.414022738562404,183
5.451464804093452,183
5.543888247629044,183
5.581293138267655,183
5.673679544596858,183
5.71104753469898,183
5.748397176156657,183
5.785728536058318,183
5.823041681003588,183
5.915336677108604,183
5.94780432140347,183
5.980290180654729,183
6.012794321462003,183
6.03403508296558,183
6.056542286708442,183
6.07910474023172,183
6.157874498575417,183
6.876886699407784,183
6.903675729467956,183
6.930445928185669,183
6.95719736634144,183
6.983930110990492,183
7.010644232913343,183
7.037339802890507,183
7.0640168879772105,183
7.0906755589539685,183
7.117315879150716,183
7.1439379193479695,183
7.170541742875663,183
7.197127416789023,183
7.223695008143274,183
7.250244583993641,183
7.27677620394477,183
7.358289936616508,183
7.439785847499458,183
7.466263992770997,183
7.492724437325684,183
7.519167246356098,183
8.289606513514606,183
8.31310297740945,183
9.731774890296691,183
9.764170331170783,183
9.852483884828684,183
11.330723449110554,183
11.422502524034394,183
11.514120813400062,183
11.60558332692683,183
11.641894771560615,183
11.678059578118928,183
11.71408192489827,183
11.749965758664866,183
11.785714813381515,183
11.821332626967797,183
11.856822556345124,183
11.947187790980715,183
0.1000728384154291,184
0.1966799409280585,184
0.236259717900147,184
0.3294010845099767,184
0.4189267394219717,184
0.4525407788430532,184
0.4714046654378255,184
0.4885746774350484,184
0.55590134235967,184
0.6206154462968191,184
0.6309479179878911,184
0.6378967452881118,184
0.6958809558388969,184
2.095388478421905,184
2.1629035983321447,184
2.2242076162335653,184
2.9300411705014486,184
4.047701454543807,184
4.8180384997365255,184
4.895023404443004,184
4.971753849470355,184
5.049836694085338,184
5.768679319703319,184
6.896270452820994,184
8.021660028779246,184
10.055871187531688,184
10.144066951060037,184
10.231910808765628,184
11.873297317707278,184
11.96007422246907,184
12.04746858664725,184
13.876000805580356,184
16.22080819197867,184
16.317679158234334,184
18.49719165899728,184
18.596756472074723,184
19.795597567045427,184
21.977484716856218,184
22.075935995959973,184
24.320535576724744,184
24.42256011702988,184
24.524914114558435,184
24.62692315020535,184
24.728590777897573,184
24.82923883088801,184
27.01146072038386,184
27.114698721849656,184
28.95608027168486,184
29.060383892440534,184
31.751743889236188,184
34.904047376313024,184
36.75789412512541,184
36.87461250589706,184
36.936187010548686,184
37.05244277195981,184
37.11339889758832,184
37.22907233303661,184
37.34445720095074,184
39.658472807996624,184
41.722123666211225,184
41.83957530405359,184
43.73612059500055,184
46.24561853296163,184
46.35704048030145,184
49.23930151812799,184
49.34880789421565,184
49.39730955340035,184
49.44570289231904,184
49.541949067787,184
49.63765088148482,184
49.72741871751912,184
49.81713439203865,184
49.90679844893582,184
49.98833062924511,184
50.014845816940735,184
50.0963339270658,184
51.91848070040412,184
54.031022137553165,184
54.119091859609554,184
54.20712671294875,184
55.62836620822616,184
57.51259562984176,184
57.60501968726582,184
60.00403201446004,184
60.10043179854817,184
62.54298245772786,184
64.19835436210103,184
64.29927375778622,184
67.05582263931699,184
69.82022846040086,184
69.93156479395552,184
69.98792041393718,184
70.09926638140618,184
72.72160412341496,184
72.82214257091424,184
75.17248746723077,184
77.52474710315606,184
77.5744708326473,184
77.67729769617459,184
79.67045162588498,184
0.1000728384154291,185
0.2151243381986281,185
0.3301758379818272,185
0.4452273377650263,185
0.5602788375482254,185
0.6753303373314244,185
0.7764024370279031,185
0.8719145738448816,185
0.9083312124874312,185
0.9977727354433256,185
1.0364272341992575,185
1.126116004672261,185
1.1647705034281928,185
1.2034250021841246,185
1.2420795009400565,185
1.9782266662385184,185
2.021226663973542,185
2.0642266617085654,185
2.107226659443589,185
2.1502266571786124,185
2.193226654913636,185
2.2362266526486594,185
2.279226650383683,185
2.3222266481187064,185
2.36522664585373,185
2.4082266435887534,185
2.451226641323777,185
2.4942266390588004,185
2.537226636793824,185
2.580226634528848,185
2.623226632263871,185
2.6662266299988944,185
2.709226627733918,185
2.7522266254689414,185
2.795226623203965,185
2.8382266209389884,185
2.881226618674012,185
2.9792266235615927,185
3.022226621296616,185
3.06522661903164,185
3.1082266167666632,185
3.1512266145016867,185
3.249226619389268,185
3.3472266242768485,185
3.390226622011872,185
3.4332266197468955,185
3.5312266246344763,185
3.5742266223695,185
3.6722266272570807,185
3.715226624992104,185
3.758226622727128,185
3.801226620462151,185
3.844226618197175,185
3.887226615932198,185
3.9302266136672217,185
3.973226611402245,185
4.016226609137268,185
4.059226606872292,185
4.102226604607315,185
4.200226609494896,185
4.24322660722992,185
4.286226604964943,185
4.329226602699967,185
4.37222660043499,185
4.470226605322571,185
4.5132266030575945,185
4.556226600792618,185
4.5992265985276415,185
4.642226596262665,185
4.740226601150246,185
4.783226598885269,185
4.826226596620293,185
4.869226594355316,185
4.91222659209034,185
5.010226596977921,185
5.053226594712944,185
5.096226592447968,185
5.139226590182991,185
5.182226587918015,185
5.225226585653038,185
5.268226583388062,185
5.366226588275643,185
5.409226586010666,185
5.45222658374569,185
5.550226588633271,185
5.593226586368294,185
5.636226584103317,185
5.679226581838341,185
5.7222265795733644,185
5.765226577308388,185
5.808226575043411,185
5.851226572778435,185
5.949226577666016,185
5.992226575401039,185
6.035226573136063,185
6.078226570871086,185
6.12122656860611,185
6.164226566341133,185
6.207226564076157,185
6.25022656181118,185
0.1000728384154291,186
0.1966799409280585,186
0.291259717900147,186
0.3844010845099767,186
0.4219267333632353,186
0.4585407744325241,186
0.5493840621026767,186
0.5772728369745028,186
0.6594921098264468,186
0.7317289457830203,186
2.1465121851476443,186
2.2296884627255213,186
4.809470233431698,186
4.903733429423214,186
7.401841339579464,186
10.22577422570312,186
10.330565062275769,186
13.08370024480367,186
16.19871670764192,186
18.959648500967344,186
22.26368724301832,186
22.38905048322562,186
22.51386086943732,186
24.53047262578176,186
24.65613232819649,186
24.78113193985383,186
24.90547827031821,186
26.97648246135489,186
27.10147664267034,186
27.225935554004963,186
27.349791469611304,186
29.20368638490226,186
30.014249470057493,186
30.13158485761495,186
30.24850653303705,186
32.7653850199537,186
33.577647470097425,186
35.489384105876645,186
35.609163482236966,186
36.827965821119726,186
36.94800951942288,186
39.55479774021568,186
39.671868114956304,186
40.48233977573764,186
40.59930856581988,186
42.66330988220684,186
42.78121414149188,186
42.89875274958816,186
44.11532251769068,186
45.33229265741421,186
45.38955997086344,186
45.5016557776809,186
47.40672555307035,186
47.52011538939269,186
47.63340290120559,186
48.79079338753653,186
50.00366297138656,186
50.117794911813455,186
50.17680456353613,186
50.29058680396112,186
51.503416104670976,186
52.66169750221778,186
54.38657311825111,186
55.88885833203762,186
57.04882053145674,186
57.16503899980823,186
57.28103716821075,186
58.49602806963246,186
58.61227387245322,186
60.33864958351855,186
62.06572684178086,186
62.183255746037005,186
62.29419078585529,186
64.9766893581611,186
65.78758238748905,186
65.90513016293794,186
66.7160398493838,186
66.77871831967815,186
66.89629596162452,186
67.01377476836718,186
67.12648007358588,186
68.28306588615455,186
68.39594973708667,186
68.5087186926154,186
70.00813659365453,186
70.1211811238078,186
70.87306105430402,186
70.98665653999127,186
72.89258753593244,186
74.39385127361096,186
76.06408809955396,186
76.17980472828425,186
76.29127687300719,186
78.60112279738463,186
80.45120161856688,186
80.56448294307269,186
80.6777265601901,186
82.58305292661466,186
82.69656165774144,186
82.8099571623949,186
0.1000728384154291,187
0.1966799409280585,187
0.291259717900147,187
0.3849010845099767,187
0.4224267333632353,187
0.5140407744325242,187
0.6054507055292118,187
0.6420232525844272,187
0.6765622171977762,187
0.7663691030417958,187
0.8560402339404857,187
0.9367746356010508,187
1.0172547451754483,187
1.043121313121354,187
1.0694067304825872,187
1.150048597314408,187
1.2316341047242725,187
1.258706482954263,187
1.2863183059943089,187
1.3145348920864433,187
1.343439585067958,187
1.373142428777432,187
1.4037954905013454,187
1.4882954513131736,187
1.5743101163449853,187
1.6041081565114823,187
1.6367042752596703,187
1.6762318665775626,187
1.7226909304651588,187
1.7691499943527549,187
1.870609057942328,187
1.9185681211444705,187
1.9665271843466128,187
2.014486247548756,187
2.0624453107508987,187
2.1104043739530414,187
2.20737037236422,187
2.9521572905275195,187
3.0383573936912387,187
3.0850103589388698,187
3.131663324186501,187
3.178316289434132,187
3.224969254681763,187
3.271622219929394,187
3.318275185177025,187
3.364928150424656,187
3.411581115672288,187
3.513234080621895,187
3.614887045571503,187
3.661540010819134,187
3.708192976066765,187
3.754845941314396,187
3.8014989065620273,187
3.8481518718096575,187
3.8948048370572894,187
3.941457802304921,187
3.988110767552552,187
4.034763732800183,187
4.081416698047814,187
4.183069662997422,187
4.229722628245053,187
4.276375593492684,187
4.323028558740315,187
4.369681523987946,187
4.416334489235577,187
4.462987454483208,187
4.50964041973084,187
4.556293384978471,187
4.602946350226102,187
4.649599315473733,187
4.696252280721364,187
4.742905245968995,187
4.844558210918603,187
4.891211176166234,187
4.937864141413865,187
4.984517106661496,187
5.031170071909127,187
5.077823037156758,187
5.124476002404389,187
5.17112896765202,187
5.272781932601628,187
5.319434897849259,187
5.36608786309689,187
5.412740828344521,187
5.459393793592152,187
5.506046758839784,187
5.552699724087415,187
5.599352689335046,187
5.646005654582677,187
5.692658619830308,187
5.739311585077939,187
5.78596455032557,187
5.832617515573201,187
5.934270480522809,187
5.98092344577044,187
6.027576411018071,187
6.129229375967679,187
6.17588234121531,187
6.222535306462941,187
6.269188271710572,187
0.1000728384154291,188
0.1966799409280585,188
0.291259717900147,188
0.3849010845099767,188
0.4774267333632353,188
1.6137965636457128,188
1.7067453280211695,188
1.7989594402373574,188
1.89149840127403,188
1.9834454122309613,188
2.063138021839136,188
3.1914516824607784,188
4.322189702404016,188
4.408904774797433,188
6.047976239336007,188
7.928987367761605,188
8.017841300678723,188
9.65689059228944,188
11.63749738664674,188
11.671835853469842,188
11.7608400645976,188
11.850697642875188,188
13.329120999885076,188
13.420933081520074,188
13.457447121602767,188
13.548679890794032,188
13.639646376234763,188
13.731026711625333,188
16.258788409394498,188
18.94329196469235,188
21.990311684769864,188
25.37918097035336,188
28.83285158918032,188
30.90075863513025,188
33.22079963016084,188
35.64710598871315,188
35.71544051898961,188
35.7834160911852,188
35.85105675831233,188
35.918383551343666,188
35.98541501524126,188
36.052167625261816,188
36.11865611520359,188
36.18489373971319,188
36.30589248642147,188
36.37166324935827,188
36.437215972096425,188
36.55755976695479,188
38.979296726808414,188
41.17886179235603,188
41.24379681041274,188
41.30855017209653,188
41.42812824649392,188
41.49253697116324,188
41.55678189455777,188
41.62086821306407,188
41.68480080348368,188
41.80358425163805,188
41.86722287765844,188
41.93072075842738,188
41.99408174756184,188
42.05730949326581,188
42.120407454328834,188
42.18337891450504,188
42.24622699547269,188
42.30895466854508,188
43.810180332780966,188
46.06862804614849,188
48.69655806568721,188
50.42453842857614,188
52.56844577717031,188
55.11916893106067,188
57.58403190066444,188
60.04996874013128,188
61.96526567352706,188
64.57478196466636,188
64.69926928360537,188
64.76863720136247,188
64.83788850289001,188
64.9620258461817,188
65.02386414839671,188
65.14061423784582,188
65.20227764388471,188
65.2638558437422,188
65.3253502651408,188
65.38676228874431,188
65.44326806790751,188
65.49971383239347,188
65.55610029401902,188
65.66742814791344,188
65.72369807309846,188
65.77991073304173,188
65.83050311644496,188
65.93605430429703,188
65.98656463324089,188
66.03347240863653,188
66.08034566586899,188
66.12718464160606,188
66.17398956929227,188
66.2207606792143,188
0.1000728384154291,189
0.1966799409280585,189
0.291259717900147,189
0.3844010845099767,189
0.4219267333632353,189
0.5135407744325241,189
0.6048321228961251,189
0.6959318770382154,189
0.7866343103235344,189
0.8768728349415986,189
0.9117748411501824,189
1.0013615566789302,189
1.035651689321896,189
1.069661850618089,189
1.158406889572741,189
1.2479596240501618,189
1.3373801922422417,189
1.4240469997745522,189
1.510777777991868,189
1.5425733467560776,189
1.6284320494156843,189
1.6597907496613034,189
1.6911494499069222,189
1.722508150152541,189
1.7538668503981598,189
1.7852255506437786,189
1.8165842508893968,189
1.8479429511350165,189
1.879301651380635,189
1.906591792590595,189
1.933901973999716,189
1.9612322757017384,189
1.9885827796530493,189
2.0159535678100355,189
2.0433447221290835,189
2.070756326429225,189
2.098188464529492,189
2.12564122211156,189
2.153114682994462,189
2.18060893472252,189
3.364890403113938,189
3.395580549724079,189
3.4811053918671377,189
4.901403968222118,189
6.548330490477062,189
6.64065844286201,189
8.066726868040538,189
9.549966041929698,189
10.697012720146436,189
12.357620444761714,189
14.610181778715722,189
16.45985722363022,189
19.00694828842564,189
19.12332409973961,189
21.132762413218806,189
23.500606781238744,189
25.76547122671465,189
28.233612513522,189
29.458056699169138,189
31.78292920245244,189
33.466165072984886,189
33.594491477685885,189
34.76705869370824,189
36.45132877596487,189
36.58105941945659,189
38.04300028541942,189
38.17380809457345,189
40.04335423405569,189
40.12160297152491,189
40.20152545691067,189
40.33774772991863,189
42.37260622947281,189
44.47767569194873,189
44.58183500536935,189
44.740994318789966,189
44.84515363221058,189
44.9493129456312,189
45.09114357953781,189
45.1815851988794,189
45.28588976183218,189
47.0553442591748,189
47.9087864223552,189
48.01408140497566,189
48.15382201827526,189
49.849384221868725,189
49.93593348706178,189
50.02268686222744,189
50.16465303546519,189
50.2518414675158,189
50.39309938816824,189
52.42508370958233,189
54.12086012506554,189
54.95429702605833,189
55.09397373488071,189
55.17810444724327,189
56.70414579801306,189
56.84161914691123,189
57.617644375701246,189
57.70056937263307,189
57.83854176328467,189
0.1000728384154291,190
0.1966799409280585,190
0.291259717900147,190
0.3810631368597923,190
0.415369109017356,190
0.5025727063211902,190
0.5897310544474248,190
0.6768445592237455,190
0.7558665424750951,190
0.8347992376394446,190
0.8590516764267956,190
0.9380736596781452,190
1.0168753429805246,190
1.0407203165966197,190
1.0646089586125584,190
1.088541653776908,190
1.167257864912491,190
1.1911465069284295,190
1.215213739357379,190
1.2394661781447298,190
1.2639109483362196,190
1.288555745200778,190
1.3134089055473392,190
1.3384794914535991,190
1.4167662351711476,190
1.4403561019977782,190
1.4642686614300966,190
1.4885261852198497,190
1.5131542488703715,190
1.538182526059261,190
1.5636458601330987,190
1.644585745105958,190
1.6710524326571063,190
1.6981080353865368,190
1.7258312950790895,190
1.754325308170779,190
1.838730929046438,190
1.869252267678668,190
1.956212016673157,190
1.9901990912081864,190
2.027651901646016,190
2.0731519016460163,190
2.1186519016460164,190
2.1641519016460165,190
2.2646519016460163,190
2.365151901646016,190
2.410651901646016,190
2.4561519016460163,190
2.5016519016460164,190
2.5471519016460165,190
2.592651901646017,190
2.6381519016460167,190
2.6836519016460167,190
2.729151901646017,190
2.774651901646017,190
2.820151901646017,190
2.865651901646017,190
2.966151901646017,190
3.011651901646017,190
3.112151901646017,190
3.157651901646017,190
3.203151901646017,190
3.248651901646017,190
3.294151901646017,190
3.3396519016460173,190
3.385151901646017,190
3.430651901646017,190
3.5311519016460173,190
3.576651901646017,190
3.6221519016460175,190
3.6676519016460176,190
3.7131519016460177,190
3.8136519016460175,190
3.8591519016460176,190
3.9046519016460177,190
3.950151901646018,190
3.995651901646018,190
4.041151901646018,190
4.086651901646017,190
4.1871519016460175,190
4.232651901646017,190
4.333151901646017,190
4.378651901646017,190
4.424151901646017,190
4.469651901646016,190
4.515151901646016,190
4.560651901646016,190
4.606151901646015,190
4.651651901646015,190
4.752151901646015,190
4.852651901646016,190
4.953151901646016,190
5.053651901646016,190
5.099151901646016,190
5.144651901646015,190
5.190151901646015,190
5.235651901646015,190
5.281151901646014,190
5.326651901646014,190
5.3721519016460135,190
0.1000728384154291,191
0.1416799409280584,191
0.236259717900147,191
0.2744010845099767,191
0.3664267333632353,191
0.4035026338957614,191
0.4266498961988872,191
0.5028364314730718,191
0.583793091946491,191
0.6644842032933405,191
0.6899231603720555,191
0.7701220713548387,191
1.5430864892892564,191
1.5690777782343353,191
1.5962205022566045,191
2.780031213163587,191
3.510262984568036,191
3.5933272203148965,191
3.678138267034448,191
3.76298253589288,191
3.8475670030058975,191
3.931995693379796,191
4.01689315193311,191
4.101916175121224,191
5.288837414020455,191
5.363207097882188,191
6.836649890774644,191
8.821543928021349,191
11.06431483828441,191
12.905600186222948,191
13.009157869750418,191
13.113093089097896,191
13.164129711473144,191
13.27386111744658,191
13.345921203279651,191
13.4729812888147,191
13.60004137434975,191
15.8736038056852,191
18.256298288488544,191
21.11365364470497,191
24.422518238210834,191
27.712471516442363,191
29.892773556604592,191
31.658904051087045,191
31.8155966331354,191
33.76500684237616,191
35.869634634220695,191
36.028352277009915,191
36.187069919799136,191
36.33192461897716,191
36.47331358225239,191
38.40877496172594,191
41.84623415381324,191
43.7786785645203,191
46.116156959927245,191
47.64219461149813,191
47.78067468087057,191
49.52794003622441,191
51.274846628499816,191
51.41102476867778,191
52.23976012516157,191
53.761090526672845,191
55.50555923410157,191
55.6399944249537,191
58.077604673723386,191
60.35546733643945,191
60.49069064693099,191
62.70582867690701,191
62.84125237028193,191
64.07544455634932,191
64.1559055703546,191
64.29098665482499,191
65.11928092221572,191
65.2543142241109,191
66.48823869128817,191
66.617412954481,191
66.69164066421928,191
66.820807629095,191
66.94980395426501,191
69.10405251221457,191
69.2337737508266,191
70.00182223165203,191
71.51839691361083,191
71.6484718667737,191
72.8224071233199,191
72.9524780998892,191
74.4692317158695,191
74.54466278399694,191
74.67511576139262,191
74.80559074448242,191
74.93608783054474,191
75.06585591382077,191
75.83396298137345,191
75.96362400964968,191
77.19218258882738,191
77.32202508879392,191
79.34344222814464,191
79.41894921844005,191
79.49354643109385,191
79.61917646854225,191
0.1000728384154291,192
0.1971799409280585,192
0.292259717900147,192
0.3882511026562054,192
1.8745969243711231,192
3.587898518107264,192
3.6928300699107934,192
3.797882109472221,192
3.850407630242828,192
3.958612874839578,192
4.070374586377416,192
4.1890677742102485,192
4.307760962043081,192
4.371454150173936,192
4.435147338304792,192
4.498840526435648,192
4.562533714566503,192
4.626226902697359,192
4.689920090828214,192
4.75361327895907,192
4.817306467089925,192
4.880999655220781,192
4.999692843053613,192
5.063386031184469,192
5.127079219315324,192
5.19077240744618,192
5.254465595577035,192
5.318158783707891,192
5.436851971540723,192
5.555545159373556,192
5.674238347206388,192
5.737931535337244,192
5.801624723468099,192
5.865317911598955,192
5.92901109972981,192
5.992704287860666,192
6.056397475991521,192
6.120090664122377,192
6.1837838522532325,192
6.247477040384088,192
6.311170228514944,192
6.374863416645799,192
6.438556604776655,192
6.50224979290751,192
6.565942981038366,192
6.629636169169221,192
6.693329357300077,192
6.7570225454309325,192
6.820715733561788,192
6.884408921692644,192
6.948102109823499,192
7.066795297656332,192
7.130488485787187,192
7.194181673918043,192
7.312874861750875,192
7.37656804988173,192
7.440261238012586,192
7.503954426143442,192
7.567647614274297,192
7.631340802405153,192
7.695033990536008,192
7.758727178666864,192
7.822420366797719,192
7.886113554928575,192
7.949806743059431,192
8.013499931190285,192
8.07719311932114,192
8.140886307451996,192
8.204579495582852,192
8.323272683415684,192
8.38696587154654,192
8.505659059379372,192
8.569352247510228,192
8.68804543534306,192
8.751738623473916,192
8.815431811604771,192
8.879124999735627,192
8.942818187866482,192
9.006511375997338,192
9.12520456383017,192
9.188897751961026,192
9.25259094009188,192
9.316284128222737,192
9.379977316353592,192
9.443670504484448,192
9.507363692615304,192
9.57105688074616,192
9.634750068877016,192
9.69844325700787,192
9.762136445138726,192
9.880829632971558,192
9.944522821102414,192
10.00821600923327,192
10.071909197364125,192
10.13560238549498,192
10.199295573625836,192
10.262988761756692,192
10.326681949887549,192
10.44537513772038,192
10.564068325553212,192
0.1000728384154291,193
0.1928612428559448,193
1.381404920185962,193
3.5616012506885406,193
3.662356039511284,193
3.763788555794008,193
3.866296628974816,193
3.970588076875319,193
4.070030529067625,193
4.113764353112091,193
4.159597445294966,193
4.209118533895125,193
4.270629096791853,193
4.387139659390559,193
4.448650222287287,193
4.510160785184016,193
4.571671348080744,193
4.633181910977473,193
4.694692473874201,193
4.75620303677093,193
4.872713599369635,193
4.934224162266363,193
4.995734725163092,193
5.05724528805982,193
5.118755850956549,193
5.1802664138532775,193
5.241776976750006,193
5.358287539348711,193
5.41979810224544,193
5.481308665142168,193
5.542819228038897,193
5.604329790935625,193
5.665840353832354,193
5.727350916729082,193
5.788861479625811,193
5.850372042522539,193
5.911882605419268,193
6.028393168017973,193
6.089903730914702,193
6.15141429381143,193
6.212924856708159,193
6.274435419604887,193
6.390945982203593,193
6.507456544802298,193
6.568967107699026,193
6.630477670595755,193
6.691988233492483,193
6.753498796389212,193
6.81500935928594,193
6.876519922182669,193
6.9380304850793975,193
6.999541047976126,193
7.116051610574831,193
7.17756217347156,193
7.239072736368288,193
7.355583298966994,193
7.417093861863722,193
7.478604424760451,193
7.540114987657179,193
7.601625550553908,193
7.718136113152613,193
7.782646675238193,193
7.847157237323773,193
7.911667799409353,193
7.976178361494933,193
8.040688923580515,193
8.105199485666095,193
8.169710047751675,193
8.234220609837255,193
8.298731171922835,193
8.363241734008415,193
8.482752296093995,193
8.602262858179575,193
9.416658706138062,193
9.537907373536603,193
9.604156040935145,193
9.670404708333686,193
9.736653375732228,193
9.80290204313077,193
9.869150710529311,193
9.935399377927853,193
10.001648045326396,193
10.067896712724936,193
10.134145380123478,193
10.20039404752202,193
10.26664271492056,193
10.332891382319104,193
10.399140049717644,193
10.465388717116186,193
10.531637384514728,193
10.59788605191327,193
10.66413471931181,193
10.730383386710352,193
10.851632054108894,193
10.917880721507435,193
10.984129388905975,193
11.05037805630452,193
11.11662672370306,193
11.182875391101602,193
11.249124058500144,193
0.1000728384154291,194
0.1966799409280585,194
0.2947254538029468,194
0.3924482740721472,194
0.4353298378329205,194
0.4783753507078088,194
0.5626109712543552,194
0.6450366299628136,194
0.7191245850204346,194
0.7968987818836091,194
0.8763309266446946,194
1.5969038154958604,194
2.374698295819652,194
2.458617008852851,194
2.4876211952446816,194
2.516712341087949,194
2.5458919849275468,194
2.5751617211877225,194
2.6045232038973687,194
2.68897815011729,194
2.7185283336817143,194
2.748175609487188,194
2.777921896058213,194
2.8077691976009724,194
2.837719592827451,194
2.8677752573071835,194
2.897938452291381,194
2.9282115433393834,194
2.958596996593368,194
3.0440974008320687,194
3.0747154537617085,194
3.1054539937554715,194
3.133345195653927,194
3.1612363975523827,194
3.1891275994508383,194
3.272018802913916,194
3.2999100048123715,194
3.327801206710827,194
3.3556924086092828,194
3.3835836105077384,194
3.411474812406194,194
3.4393660143046496,194
3.467257216203105,194
3.495148418101561,194
3.5230396200000165,194
3.550930821898472,194
3.578822023796928,194
3.661713227260005,194
3.689604429158461,194
3.717495631056917,194
3.745386832955372,194
3.773278034853828,194
3.8011692367522834,194
3.829060438650739,194
4.548459414023053,194
4.629834647852075,194
4.656336474794042,194
4.682968178394329,194
4.764733219149601,194
4.791635259616268,194
4.818678153309119,194
4.900865984710944,194
4.92820308134247,194
5.010694032165301,194
5.038343730944288,194
5.066157377886665,194
5.094140532988202,194
5.122299145537507,194
5.150639595094216,194
5.234168747070324,194
5.262894000488412,194
5.291823366287243,194
5.320965528118503,194
5.35032995194484,194
5.379926975446832,194
5.409767949584019,194
5.439865387606513,194
5.470233162495386,194
5.555074130746615,194
5.584438554572952,194
5.613367920371783,194
5.639888736981046,194
5.665718800949943,194
5.690942061695349,194
5.715624253827226,194
5.794818255680692,194
5.8742504004417775,194
5.898932592573654,194
5.92569763735224,194
5.952599677818906,194
5.979642571511757,194
6.006830403211605,194
6.034167499843132,194
6.061658454689276,194
6.089308153468263,194
6.108476576956999,194
6.826106665286314,194
6.850778309258711,194
6.878100838142526,194
6.907697861644518,194
0.1000728384154291,195
0.2081928663930287,195
0.3232443661762277,195
0.4382958659594268,195
0.4983473657426259,195
0.6133988655258249,195
0.7144709652223036,195
0.8137331030806944,195
0.9051497376999303,195
0.9890982009014532,195
1.0254781044563694,195
1.058635665430729,195
1.134911975218956,195
1.1540219135126517,195
1.218544179900591,195
1.220298490115483,195
0.2646804066384627,195
0.1000728384154291,196
0.1966799409280585,196
0.2842371300946044,196
0.3704892532120513,196
0.4557074071059989,196
0.5405042530189322,196
0.6246397630463408,196
0.6534332544694709,196
0.7369066388498114,196
0.8201898918638991,196
1.5459480271826551,196
1.5795103260467815,196
1.6679985546658802,196
1.7564137899468708,196
1.78975707526906,196
1.823029438514548,196
1.856231870610552,196
1.889365336407261,196
1.9224307746778293,196
1.9554290981183813,196
1.9883611933480072,196
2.0212279283593464,196
2.0540301450680065,196
2.141768673915701,196
2.229444304961996,196
2.262057820815878,196
2.2946099885891247,196
2.3271015496145058,196
2.359533226598339,196
2.391905731071072,196
2.424219755936699,196
2.456475979198056,196
2.481679961566167,196
2.506827446181612,196
2.5319190644810963,196
2.556955433000164,196
2.6369371549378204,196
2.6618648232112694,196
2.686739014942484,196
2.7115602963755894,196
2.736329220716195,196
2.7610463318566847,196
2.7857121606509256,196
2.8103272267769146,196
2.834892042462068,196
2.8594071050326395,196
2.8838729062269497,196
2.899369432140426,196
2.914865958053904,196
2.9303624839673805,196
2.945859009880857,196
2.9613555357943344,196
2.976852061707812,196
2.9899405311013627,196
3.0030536917190123,196
3.01619166649534,196
3.029354579296248,196
3.0999003644253182,196
3.115372439395921,196
3.1307718749309945,196
3.201099708225863,196
3.2163569531555343,196
3.2231150288286674,196
3.2298044534551966,196
3.990570303999173,196
4.0031443014892805,196
4.015674050912546,196
4.02815993969916,196
4.095602349393355,196
4.108001655914174,196
4.120358227767335,196
4.129855812542425,196
4.837624848835455,196
4.852185315467702,196
4.866685177214729,196
4.878712411985086,196
4.890699964031862,196
4.902648145348119,196
4.969557264834927,196
4.981427623905526,196
4.993259521216439,196
5.060053246110963,196
5.071809096277045,196
5.083527351744758,196
5.095208293773519,196
5.161852194942819,196
5.173459335245477,196
5.240029974855768,196
5.251564386315929,196
5.263062826372968,196
5.274525552071916,196
5.285952816732513,196
5.2973448699492085,196
5.308701957591163,196
5.3200243236648905,196
5.33131220658897,196
5.342565842919337,196
5.408785463325964,196
5.419971302166866,196
5.431123583592759,196
0.1000728384154291,197
0.1966799409280585,197
0.291259717900147,197
0.3844010845099767,197
0.4764267333632352,197
0.5680407744325241,197
0.6038840621026766,197
0.6390596928097065,197
0.6736464083384546,197
0.7077063212889134,197
0.7962896833403507,197
2.678644658087055,197
2.7141370335801045,197
2.749528397826712,197
2.784820747582476,197
2.874901932684938,197
4.9149924935980245,197
7.042453140582911,197
7.076641284491888,197
7.11086592506992,197
7.145127330537907,197
7.179425772842041,197
7.213761527653805,197
7.248134878095261,197
7.282546107288471,197
7.31699550580608,197
7.406483371373287,197
7.441009991433493,197
7.475575674887768,197
7.510180727209917,197
7.544825461324326,197
7.634510201033226,197
7.66923525985705,197
7.759000972475878,197
7.848807670738569,197
7.883655686493984,197
7.918545369621388,197
7.953477070298067,197
7.988451142426602,197
8.02346795108544,197
8.058527861353031,197
8.091230381842724,197
8.12397676390039,197
8.156767394956223,197
8.244602669592968,197
8.277482990738026,197
8.310408767875305,197
8.334542694132796,197
8.35869960915672,197
8.382879619117848,197
8.407082830186955,197
8.431309352260104,197
8.454098588418237,197
8.531935213696233,197
8.554819690626136,197
8.57775247712063,197
8.600734044428936,197
8.623764873113505,197
8.646845454912654,197
8.66997628715264,197
8.693157882060877,197
8.77139075901734,197
8.794675449471942,197
8.818012497019044,197
8.841402454864255,197
8.919927193414441,197
8.943590444143883,197
8.967396153699628,197
8.991348501857392,197
9.07045191955196,197
9.094711112421027,197
9.11913109068202,197
9.143717198263875,197
9.168475142311326,197
9.19341104161369,197
9.218531463857762,197
9.243843481507174,197
9.324354723658434,197
9.350073468502632,197
9.376008697416657,197
9.457170203890673,197
9.483568726670018,197
9.56521605570244,197
9.592125226374735,197
9.619310711141695,197
10.745223496671787,197
10.772823418121806,197
10.800741918947567,197
10.829000687789192,197
10.857624581646196,197
10.886642380248777,197
10.916087790023555,197
10.935986070524924,197
11.654027192484609,197
12.375990240465873,197
13.508226005923024,197
14.292826204191917,197
14.329806058298818,197
14.367374824922551,197
14.40561124924945,197
0.1000728384154291,198
0.1966799409280585,198
0.2958411715595178,198
0.3967266046224358,198
1.1927727243276594,198
1.294716387289124,198
3.702579765813904,198
3.805769405561047,198
3.909895099001484,198
4.0141700573736,198
6.151885919105836,198
8.517436974509351,198
11.070134529258269,198
12.804206245804982,198
15.57235134721424,198
18.269128417841763,198
21.13032797699332,198
21.22809412593265,198
21.32586027487197,198
21.42362642381131,198
21.52139257275064,198
21.61915872168997,198
21.716924870629303,198
21.81469101956864,198
21.91245716850797,198
22.065223317447305,198
22.21798946638664,198
22.370755615325965,198
22.468521764265297,198
22.56628791320463,198
22.66405406214396,198
22.761820211083293,198
22.859586360022625,198
22.95735250896196,198
23.05511865790129,198
23.15288480684062,198
23.25065095577996,198
23.348417104719285,198
23.446183253658617,198
23.54394940259795,198
23.64171555153728,198
23.739481700476613,198
23.837247849415945,198
23.93501399835528,198
24.03278014729461,198
24.13054629623394,198
24.22831244517328,198
24.326078594112605,198
24.423844743051937,198
24.52161089199127,198
24.6193770409306,198
24.717143189869933,198
24.869909338809265,198
25.0226754877486,198
25.17544163668793,198
25.32820778562726,198
25.425973934566592,198
25.523740083505924,198
25.676506232445256,198
25.774272381384588,198
25.92703853032392,198
26.02480467926325,198
26.122570828202583,198
26.220336977141915,198
26.318103126081247,198
26.41586927502058,198
26.56863542395991,198
26.666401572899243,198
26.76416772183857,198
26.861933870777907,198
26.95970001971724,198
27.05746616865657,198
27.210232317595903,198
27.307998466535235,198
27.405764615474567,198
27.5035307644139,198
27.65629691335323,198
27.754063062292563,198
27.85182921123189,198
27.949595360171227,198
28.04736150911056,198
28.14512765804989,198
28.242893806989223,198
28.340659955928555,198
28.438426104867887,198
28.53619225380722,198
28.63395840274655,198
28.731724551685883,198
28.82949070062521,198
28.927256849564547,198
29.02502299850388,198
29.12278914744321,198
29.220555296382543,198
29.318321445321875,198
29.416087594261207,198
29.51385374320054,198
29.61161989213987,198
29.7643860410792,198
29.86215219001853,198
29.959918338957863,198
0.1000728384154291,199
0.1966799409280585,199
0.2887597219239043,199
0.3252344229410456,199
0.3605934069643782,199
0.4500407860766219,199
0.5275360928068923,199
0.605421467233734,199
3.003942890573578,199
5.621673031259613,199
8.84625927965744,199
8.979803024340706,199
11.706923271391918,199
15.075412657912096,199
18.72794970489354,199
20.43924285724588,199
22.38880872825785,199
24.79569838420468,199
24.90000294715746,199
25.004307510110245,199
25.10861207306303,199
25.26791663601581,199
25.3722211989686,199
25.47652576192138,199
25.580830324874164,199
25.685134887826948,199
25.78943945077973,199
25.893744013732515,199
25.9980485766853,199
26.102353139638083,199
26.261657702590867,199
26.36596226554365,199
26.470266828496435,199
26.57457139144922,199
26.678875954402,199
26.783180517354783,199
26.88748508030757,199
26.991789643260358,199
27.096094206213134,199
27.20039876916592,199
27.304703332118702,199
27.46400789507149,199
27.568312458024277,199
27.672617020977057,199
27.77692158392984,199
27.881226146882625,199
27.98553070983541,199
28.089835272788196,199
28.194139835740977,199
28.29844439869376,199
28.402748961646545,199
28.562053524599328,199
28.666358087552112,199
28.825662650504896,199
28.92996721345768,199
29.034271776410463,199
29.138576339363247,199
29.24288090231603,199
29.34718546526881,199
29.4514900282216,199
29.555794591174383,199
29.660099154127167,199
29.76440371707995,199
29.86870828003273,199
29.97301284298552,199
30.077317405938302,199
30.23662196889109,199
30.34092653184387,199
30.44523109479665,199
30.60453565774944,199
30.70884022070222,199
30.813144783655005,199
30.91744934660779,199
31.076753909560573,199
31.23605847251336,199
31.34036303546614,199
31.444667598418924,199
31.548972161371708,199
31.65327672432449,199
31.75758128727728,199
31.86188585023006,199
31.966190413182844,199
32.07049497613563,199
32.17479953908841,199
32.279104102041195,199
32.38340866499398,199
32.48771322794676,199
32.59201779089955,199
32.69632235385233,199
32.800626916805115,199
32.9049314797579,199
33.00923604271068,199
33.11354060566347,199
33.21784516861625,199
33.322149731569034,199
33.42645429452182,199
33.5307588574746,199
33.690063420427386,199
33.79436798338017,199
33.89867254633295,199
0.1000728384154291,200
0.18503746395282458,200
0.26251449440889074,200
0.3459394500153513,200
0.4390939549105616,200
0.5327484608190508,200
0.6229372248547526,200
0.7115947902696581,200
0.7452523522572966,200
0.8284168579178305,200
0.862074419905469,200
0.9507319853203745,200
0.984389547308013,200
1.0730471127229184,200
1.106704674710557,200
1.1403622366981954,200
1.1740197986858338,200
1.2626773641007394,200
1.351334929515645,200
1.3849924915032834,200
1.4186500534909219,200
1.4523076154785604,200
1.4859651774661988,200
1.5196227394538373,200
1.5532803014414758,200
1.6419378668563813,200
1.6755954288440198,200
1.7642529942589253,200
1.7979105562465638,200
1.8315681182342023,200
1.8652256802218408,200
1.8988832422094792,200
1.9875408076243848,200
2.0211983696120233,200
2.0548559315996617,200
2.0885134935873,200
2.1221710555749387,200
2.155828617562577,200
2.1894861795502156,200
2.223143741537854,200
2.2568013035254926,200
2.290458865513131,200
2.3241164275007695,200
2.357773989488408,200
2.3914315514760465,200
2.480089116890952,200
2.5137466788785905,200
2.547404240866229,200
2.5810618028538674,200
2.669719368268773,200
2.7033769302564115,200
2.792034495671317,200
2.8256920576589555,200
2.859349619646594,200
2.8930071816342324,200
2.926664743621871,200
2.9603223056095094,200
2.993979867597148,200
3.0276374295847863,200
3.061294991572425,200
3.0949525535600633,200
3.1286101155477017,200
3.2172676809626073,200
3.305925246377513,200
3.3395828083651513,200
3.37324037035279,200
3.4068979323404283,200
3.495555497755334,200
3.5292130597429723,200
3.5628706217306108,200
3.5965281837182492,200
3.6301857457058877,200
3.7183433101075143,200
3.751500871081874,200
3.7846584320562333,200
3.817815993030593,200
3.8509735540049523,200
3.939131118406579,200
4.027788683821484,200
4.060696248014494,200
4.093603812207505,200
4.126511376400515,200
4.213918935556933,200
4.247576497544571,200
4.28123405953221,200
4.314891621519848,200
4.348549183507487,200
4.437206748922392,200
4.470864310910031,200
4.559521876324936,200
4.593179438312575,200
4.626837000300213,200
4.660494562287852,200
4.749152127702757,200
4.782809689690396,200
4.816467251678034,200
4.90512481709294,200
4.993782382507845,200
5.027439944495484,200
5.061097506483122,200
