houses,farms,mines,lumber mills,latrines,run_id
0,0,0,0,0,1
0,0,0,0,0,1
0,0,0,0,1,1
1,0,0,0,1,1
2,0,0,0,1,1
2,1,0,0,1,1
2,1,0,0,2,1
2,2,0,0,2,1
2,3,0,0,2,1
2,3,0,0,2,1
2,3,0,0,2,1
2,3,0,0,2,1
2,3,0,1,2,1
2,3,0,1,2,1
2,3,0,1,2,1
2,3,0,1,3,1
2,3,0,1,3,1
2,3,0,1,3,1
2,3,0,1,3,1
2,3,0,1,3,1
2,3,0,1,3,1
2,3,0,1,3,1
2,3,0,1,3,1
2,3,0,1,3,1
2,3,0,1,3,1
2,3,0,1,3,1
2,3,0,1,3,1
2,3,0,1,3,1
2,3,0,1,2,1
2,3,0,1,2,1
2,3,0,1,2,1
2,3,0,1,2,1
2,3,0,1,2,1
2,3,0,1,2,1
2,3,0,1,2,1
2,3,0,1,2,1
2,3,0,1,2,1
2,3,0,1,2,1
2,3,0,1,2,1
2,3,0,1,2,1
2,3,0,1,2,1
2,3,0,1,2,1
2,3,0,1,2,1
2,3,0,1,2,1
2,3,0,1,2,1
2,3,0,1,2,1
2,3,0,1,2,1
2,3,0,1,2,1
2,3,0,1,2,1
2,3,0,1,2,1
2,3,0,1,2,1
2,3,0,1,2,1
2,3,0,1,2,1
2,3,0,1,2,1
2,3,0,1,2,1
2,3,0,1,2,1
2,3,0,1,2,1
2,3,0,1,2,1
2,3,0,1,2,1
2,3,0,1,2,1
2,3,0,1,2,1
2,3,0,1,2,1
2,3,0,1,2,1
2,3,0,1,2,1
2,3,0,1,2,1
2,3,0,1,2,1
2,3,0,1,2,1
2,3,0,1,2,1
2,3,0,1,2,1
2,3,0,1,2,1
2,3,0,1,2,1
2,3,0,1,2,1
2,3,0,1,2,1
2,3,0,1,2,1
2,3,0,1,2,1
2,3,0,1,2,1
2,3,0,1,2,1
2,3,0,1,2,1
2,3,0,1,2,1
2,3,0,1,2,1
2,3,0,1,2,1
2,3,0,1,2,1
2,3,0,1,2,1
2,3,0,1,2,1
2,3,0,1,2,1
2,3,0,1,2,1
2,3,0,1,2,1
2,3,0,1,2,1
2,3,0,1,2,1
2,3,0,1,2,1
2,3,0,1,2,1
2,3,0,1,2,1
2,3,0,1,2,1
2,3,0,1,2,1
2,3,0,1,2,1
2,3,0,1,2,1
2,3,0,1,2,1
2,3,0,1,2,1
2,3,0,1,2,1
2,3,0,1,2,1
0,0,0,0,0,2
0,0,0,0,1,2
0,0,1,0,1,2
0,1,1,0,1,2
1,1,1,0,1,2
2,1,1,0,1,2
2,1,1,0,2,2
2,1,1,1,2,2
2,1,1,1,2,2
2,2,1,1,2,2
2,2,1,1,2,2
2,2,1,1,2,2
2,2,1,1,2,2
2,3,1,1,2,2
2,3,1,1,2,2
2,3,1,1,2,2
2,3,1,1,2,2
2,3,1,1,2,2
2,3,1,1,2,2
2,3,1,1,2,2
2,3,1,1,3,2
3,3,1,1,3,2
3,3,1,1,3,2
3,3,1,1,3,2
3,3,1,1,3,2
3,3,1,1,3,2
3,3,1,1,3,2
3,3,1,1,3,2
3,3,1,1,3,2
3,3,1,1,3,2
3,3,1,1,4,2
3,3,1,1,4,2
3,4,1,1,4,2
3,4,1,1,4,2
3,4,1,1,4,2
3,4,1,1,4,2
3,4,1,1,4,2
3,4,1,1,4,2
3,4,1,1,5,2
3,4,1,1,5,2
3,4,1,1,5,2
3,4,1,1,5,2
3,4,1,1,5,2
3,4,1,1,5,2
3,4,1,1,6,2
3,4,1,1,6,2
3,4,1,1,6,2
3,4,1,1,6,2
3,4,1,1,6,2
3,4,1,1,6,2
3,4,1,1,6,2
3,4,1,1,6,2
3,4,1,1,6,2
3,4,1,1,6,2
3,4,1,1,6,2
3,4,1,1,6,2
3,4,1,1,6,2
3,4,1,1,6,2
3,4,1,1,6,2
3,4,1,1,6,2
3,4,1,1,6,2
3,4,1,1,6,2
3,4,1,1,6,2
3,4,1,1,6,2
3,4,1,1,6,2
3,4,1,1,6,2
3,4,1,1,6,2
4,4,1,1,6,2
4,4,1,1,6,2
4,4,1,1,6,2
4,4,1,1,6,2
4,4,1,1,6,2
4,4,1,1,6,2
4,4,1,1,6,2
4,4,1,1,5,2
4,4,1,1,5,2
4,4,1,1,5,2
4,4,1,1,5,2
4,4,1,1,5,2
4,4,1,1,5,2
4,4,1,1,5,2
4,4,1,1,6,2
4,4,1,1,6,2
4,4,1,1,6,2
4,5,1,1,6,2
4,5,1,1,6,2
4,5,1,1,6,2
4,5,1,1,6,2
4,5,1,1,6,2
4,5,1,1,6,2
4,5,1,2,6,2
4,5,2,2,6,2
4,5,2,2,6,2
4,5,2,2,6,2
4,5,3,2,6,2
4,5,3,2,6,2
4,6,3,2,5,2
4,6,3,2,5,2
4,6,3,2,5,2
5,6,3,2,5,2
0,0,0,0,0,3
0,1,0,0,0,3
0,1,1,0,0,3
0,1,1,1,0,3
0,1,1,1,0,3
0,1,1,1,0,3
0,2,1,1,0,3
1,2,1,1,0,3
1,3,1,1,0,3
1,3,1,1,0,3
1,3,1,1,0,3
2,3,1,1,0,3
2,3,1,1,0,3
2,3,1,1,0,3
2,4,1,1,0,3
2,4,1,2,0,3
2,4,1,2,0,3
2,4,2,2,0,3
2,4,2,2,0,3
2,4,2,2,1,3
2,4,2,2,1,3
3,3,2,2,1,3
3,3,2,2,1,3
3,3,1,2,1,3
3,3,1,2,1,3
3,4,1,2,1,3
3,4,1,2,1,3
3,5,1,2,1,3
3,5,1,2,1,3
3,4,1,2,1,3
3,4,1,2,2,3
3,4,1,2,3,3
3,4,2,2,3,3
3,4,2,3,3,3
3,4,3,3,3,3
3,4,3,3,3,3
4,4,3,3,3,3
4,4,3,3,3,3
4,4,3,3,3,3
4,4,4,3,3,3
4,4,4,4,3,3
4,4,4,4,4,3
5,4,4,4,4,3
5,4,4,4,5,3
5,4,4,4,5,3
6,4,4,4,5,3
6,4,4,4,6,3
6,5,4,4,6,3
7,5,4,4,6,3
7,5,5,4,6,3
7,5,5,4,7,3
8,5,5,4,6,3
8,5,5,4,6,3
8,5,6,4,5,3
8,5,6,4,5,3
8,6,6,4,5,3
9,6,6,4,5,3
10,6,6,3,5,3
10,7,6,3,5,3
10,7,6,3,6,3
10,7,6,3,6,3
11,7,6,3,6,3
11,8,6,3,6,3
12,8,6,3,6,3
12,7,6,4,6,3
12,7,6,4,6,3
13,7,6,4,5,3
13,7,6,4,5,3
13,7,7,4,5,3
13,7,7,4,6,3
13,7,7,4,6,3
13,8,7,4,6,3
13,8,7,4,6,3
13,8,7,4,6,3
14,8,7,4,6,3
14,8,8,4,6,3
14,8,8,4,6,3
14,8,8,4,6,3
14,9,8,4,6,3
14,8,9,4,6,3
14,9,9,4,6,3
14,9,9,4,6,3
14,10,8,4,6,3
14,9,8,4,6,3
14,9,8,4,6,3
14,10,8,4,6,3
13,10,8,4,7,3
13,10,8,5,7,3
13,10,8,5,7,3
13,11,8,5,6,3
12,11,9,5,6,3
12,11,9,5,7,3
12,10,9,5,7,3
13,10,8,5,7,3
13,10,8,5,8,3
12,10,8,5,8,3
12,10,9,5,8,3
11,10,9,5,8,3
11,10,9,5,8,3
11,10,9,5,9,3
0,0,0,0,0,4
0,1,0,0,0,4
0,1,1,0,0,4
1,1,1,0,0,4
1,1,1,1,0,4
1,1,1,1,0,4
2,0,1,1,0,4
2,0,1,1,0,4
2,0,1,1,0,4
2,0,1,1,1,4
2,0,1,1,1,4
2,1,1,1,1,4
2,1,1,1,1,4
2,1,1,1,1,4
3,1,1,1,1,4
3,1,1,1,1,4
3,1,1,1,1,4
3,1,1,1,2,4
3,1,1,1,2,4
3,1,1,1,2,4
3,1,1,1,2,4
3,1,1,1,2,4
3,1,1,1,2,4
3,1,1,1,2,4
3,1,1,1,2,4
3,1,1,1,2,4
3,1,1,1,1,4
3,1,1,1,1,4
3,1,1,1,1,4
3,1,1,1,1,4
3,1,1,1,1,4
3,1,1,1,1,4
3,1,1,1,1,4
3,1,1,1,1,4
3,1,1,1,1,4
3,1,1,1,1,4
3,1,0,1,1,4
3,1,0,1,1,4
3,1,0,1,1,4
3,1,1,1,1,4
3,1,1,1,1,4
3,1,1,1,1,4
3,1,1,1,1,4
3,1,1,1,1,4
3,1,1,1,1,4
3,1,1,1,1,4
3,1,1,1,1,4
3,1,1,1,1,4
3,1,1,1,1,4
3,1,1,1,1,4
3,1,1,1,1,4
3,1,1,1,1,4
3,1,1,1,1,4
3,0,1,1,1,4
3,0,1,1,1,4
3,0,1,1,1,4
3,0,1,1,1,4
3,0,1,1,1,4
3,0,1,1,1,4
3,0,1,1,1,4
3,0,1,1,1,4
3,0,1,1,1,4
3,0,1,1,1,4
3,0,1,1,1,4
0,0,0,0,0,5
1,0,0,0,0,5
1,0,0,0,0,5
1,1,0,0,0,5
1,1,0,0,1,5
1,1,1,0,1,5
1,1,1,0,1,5
1,1,1,0,1,5
1,1,1,0,2,5
1,1,1,1,2,5
1,1,1,1,3,5
1,1,1,1,4,5
1,1,1,1,4,5
1,1,1,1,4,5
1,1,1,1,4,5
1,2,1,1,4,5
1,2,1,1,4,5
1,2,1,1,4,5
1,2,1,1,4,5
1,2,1,1,4,5
1,2,1,1,4,5
1,2,1,1,4,5
1,2,1,1,4,5
1,2,1,1,4,5
1,2,1,1,4,5
1,2,1,1,4,5
1,2,1,1,4,5
1,2,1,1,4,5
1,2,1,1,4,5
1,2,1,1,4,5
1,2,1,1,4,5
1,2,1,1,4,5
1,2,1,1,4,5
1,2,1,1,4,5
1,2,1,1,4,5
1,2,1,1,4,5
1,2,1,1,4,5
1,2,1,1,4,5
1,2,1,1,4,5
1,2,1,1,4,5
1,2,1,1,4,5
1,2,1,1,4,5
1,2,1,1,4,5
1,2,1,1,4,5
1,2,1,1,4,5
1,2,1,1,4,5
1,2,1,1,4,5
1,2,1,1,4,5
1,2,1,1,4,5
1,2,1,1,4,5
1,2,1,1,4,5
1,2,1,1,4,5
1,2,1,1,4,5
1,2,1,1,4,5
1,2,1,1,4,5
1,2,1,1,4,5
1,2,1,1,4,5
1,2,1,1,4,5
1,2,1,1,4,5
1,2,1,1,4,5
1,2,1,1,4,5
1,2,1,1,4,5
1,2,1,1,4,5
1,2,1,1,4,5
1,2,1,1,4,5
1,2,1,1,4,5
1,2,1,1,4,5
1,2,1,1,4,5
1,2,1,1,4,5
1,2,1,1,4,5
1,2,1,1,4,5
1,2,1,1,4,5
1,2,1,1,4,5
1,2,1,1,4,5
1,2,1,1,4,5
1,2,1,1,4,5
1,2,1,1,4,5
1,2,1,1,4,5
1,2,1,1,4,5
1,2,1,1,4,5
1,2,1,1,4,5
1,2,1,1,4,5
1,2,1,1,4,5
1,2,1,1,4,5
1,2,1,1,4,5
1,2,1,1,4,5
1,2,1,1,4,5
1,2,1,1,4,5
1,2,1,1,4,5
1,2,1,1,4,5
1,2,1,1,4,5
1,2,1,1,4,5
1,2,1,1,4,5
1,2,1,1,4,5
1,2,1,1,4,5
1,2,1,1,4,5
1,2,1,1,4,5
1,2,1,1,4,5
1,2,1,1,4,5
1,2,1,1,4,5
0,0,0,0,0,6
0,1,0,0,0,6
0,2,0,0,0,6
0,2,0,1,0,6
0,2,0,1,0,6
0,2,0,1,0,6
0,2,0,1,0,6
0,2,1,1,0,6
0,3,1,1,0,6
0,3,1,1,1,6
0,3,1,1,2,6
1,3,1,1,1,6
1,3,1,1,1,6
1,3,1,1,1,6
2,3,1,1,1,6
3,3,1,1,1,6
3,3,1,1,1,6
3,3,1,1,1,6
3,3,1,1,1,6
3,3,1,1,1,6
3,3,1,2,1,6
3,3,1,2,1,6
3,4,1,2,1,6
4,4,1,2,1,6
4,4,1,2,1,6
4,4,1,2,1,6
4,4,1,2,1,6
4,4,2,2,1,6
4,4,2,2,1,6
4,5,2,2,1,6
4,5,2,2,1,6
4,5,2,2,2,6
4,5,2,2,2,6
4,5,2,2,2,6
4,5,1,2,2,6
4,5,1,3,2,6
4,5,1,3,2,6
4,5,1,3,3,6
4,6,1,3,3,6
4,6,1,3,4,6
4,6,1,3,4,6
4,6,1,3,5,6
4,6,1,3,5,6
4,6,1,3,6,6
4,6,1,3,7,6
5,6,1,3,7,6
5,6,1,3,7,6
5,6,1,3,8,6
5,6,1,3,8,6
5,5,1,3,9,6
5,5,1,3,9,6
5,4,1,4,9,6
5,4,1,4,9,6
5,4,1,4,9,6
5,4,1,4,10,6
5,4,1,4,10,6
5,5,1,4,9,6
5,5,1,4,9,6
5,5,2,4,9,6
5,5,2,4,9,6
6,5,2,4,9,6
6,5,2,4,9,6
6,5,2,4,10,6
6,5,2,4,10,6
6,5,2,4,10,6
6,5,2,4,10,6
6,5,3,4,10,6
6,5,3,4,10,6
6,5,3,4,11,6
5,5,3,5,11,6
5,6,3,5,11,6
5,7,3,5,10,6
5,7,3,5,10,6
5,7,3,5,11,6
5,7,3,5,11,6
5,7,3,5,12,6
5,7,3,5,12,6
5,7,3,6,12,6
5,8,3,6,12,6
5,8,3,7,12,6
5,8,3,7,12,6
5,8,3,7,12,6
4,9,3,7,12,6
4,9,3,7,12,6
4,9,3,7,13,6
4,9,3,7,13,6
4,9,3,7,13,6
4,9,3,7,14,6
4,9,4,7,14,6
4,9,4,7,14,6
4,9,4,7,15,6
5,9,4,7,14,6
5,9,4,7,14,6
5,10,4,7,14,6
5,10,4,7,14,6
5,10,4,7,14,6
5,10,4,7,15,6
5,10,4,7,15,6
5,10,4,7,16,6
5,10,4,7,16,6
0,0,0,0,0,7
0,0,0,0,0,7
0,1,0,0,0,7
0,1,1,0,0,7
0,1,1,0,0,7
0,1,1,1,0,7
1,1,1,1,0,7
1,1,1,1,0,7
1,1,1,1,0,7
1,1,1,1,0,7
1,1,1,1,0,7
1,1,1,1,0,7
2,1,1,1,0,7
2,1,1,1,1,7
2,1,1,1,1,7
2,1,1,1,2,7
2,1,1,1,2,7
2,1,1,1,2,7
2,1,1,1,2,7
2,1,1,1,2,7
2,1,1,1,2,7
2,1,1,1,2,7
2,1,1,1,2,7
2,1,1,1,2,7
2,1,1,1,2,7
2,1,1,1,2,7
2,1,1,1,2,7
2,1,1,1,2,7
2,1,1,1,2,7
2,1,1,1,2,7
2,1,1,1,2,7
2,1,1,1,2,7
2,1,1,1,2,7
2,1,1,1,2,7
2,1,1,1,2,7
2,1,1,1,2,7
2,1,1,1,2,7
2,1,1,1,2,7
2,1,1,1,2,7
2,1,1,1,2,7
2,1,1,1,2,7
2,1,1,1,2,7
2,1,1,1,2,7
2,1,1,1,2,7
2,1,1,1,2,7
2,1,1,1,2,7
2,1,1,1,2,7
2,1,1,1,2,7
2,1,1,1,2,7
2,1,1,1,2,7
2,1,1,1,2,7
2,1,1,1,2,7
2,0,1,1,2,7
2,1,1,1,2,7
2,1,1,1,2,7
2,1,1,1,2,7
2,1,1,1,2,7
2,1,1,1,2,7
2,1,1,1,2,7
2,1,1,1,2,7
2,1,1,1,2,7
2,1,1,1,2,7
2,1,1,1,2,7
2,1,1,1,2,7
2,1,1,1,2,7
2,1,1,1,2,7
2,1,1,1,2,7
2,1,1,1,2,7
2,1,1,1,2,7
2,1,1,1,2,7
2,1,1,1,2,7
2,1,1,1,2,7
2,1,1,1,2,7
2,1,1,1,2,7
2,1,1,1,2,7
2,1,1,1,2,7
2,1,1,1,2,7
2,1,1,1,2,7
2,1,1,1,2,7
2,1,1,1,2,7
2,1,1,1,2,7
2,0,1,1,2,7
2,0,1,1,2,7
2,0,1,1,2,7
2,0,1,1,2,7
2,0,1,1,2,7
2,0,1,1,2,7
2,0,1,1,2,7
0,0,0,0,0,8
0,0,0,0,1,8
0,1,0,0,1,8
0,2,0,0,1,8
0,2,0,0,1,8
0,2,0,1,1,8
0,2,1,1,1,8
1,2,1,1,1,8
2,2,1,1,1,8
2,2,1,1,1,8
2,3,1,1,1,8
2,3,1,1,1,8
2,3,1,1,1,8
2,3,1,1,1,8
2,3,1,1,1,8
3,3,1,1,1,8
3,3,1,1,1,8
3,3,1,1,1,8
3,3,1,1,1,8
3,3,1,1,1,8
3,3,1,1,2,8
4,3,1,1,2,8
5,3,1,1,2,8
6,3,1,1,2,8
6,3,1,1,2,8
6,3,1,1,2,8
6,3,2,1,1,8
6,3,2,1,1,8
6,3,2,1,1,8
6,3,2,1,1,8
7,3,2,1,1,8
7,4,2,1,1,8
7,4,2,1,1,8
7,3,2,2,1,8
8,3,2,2,1,8
9,3,2,2,1,8
9,3,2,2,2,8
9,3,2,2,2,8
8,3,2,2,3,8
9,3,2,2,3,8
9,3,2,2,3,8
9,4,2,2,3,8
9,4,3,2,3,8
9,4,3,3,3,8
9,4,3,3,3,8
9,4,3,3,3,8
9,4,3,3,3,8
9,4,3,3,3,8
9,5,3,3,3,8
9,5,3,3,3,8
9,4,3,4,3,8
10,4,3,4,3,8
10,4,3,4,3,8
10,4,3,4,3,8
10,4,4,4,3,8
10,4,4,5,3,8
10,5,4,5,2,8
11,5,4,5,2,8
11,5,4,5,2,8
11,5,4,5,2,8
11,6,4,5,2,8
11,6,4,5,2,8
11,6,5,5,2,8
12,6,5,5,2,8
12,6,5,5,3,8
12,7,5,5,3,8
12,7,5,5,4,8
12,7,5,5,4,8
12,7,5,5,5,8
12,7,5,5,5,8
12,7,5,5,5,8
13,7,4,5,5,8
13,7,4,5,5,8
14,7,4,5,5,8
14,7,4,5,5,8
14,7,4,6,5,8
14,8,4,6,5,8
15,8,4,5,5,8
14,9,4,5,5,8
14,9,4,5,5,8
15,9,4,5,5,8
15,9,4,5,6,8
15,9,4,5,6,8
14,9,4,5,6,8
14,9,5,5,6,8
14,10,5,5,5,8
14,11,5,5,5,8
14,11,5,5,5,8
15,11,5,5,5,8
15,11,5,5,5,8
16,11,5,5,5,8
16,11,5,5,6,8
16,11,5,5,6,8
17,11,5,5,6,8
17,12,5,5,6,8
16,13,5,5,6,8
16,13,5,5,6,8
15,13,5,6,6,8
14,14,5,6,6,8
14,14,6,6,6,8
0,0,0,0,0,9
0,0,0,0,0,9
0,0,0,0,0,9
0,0,0,0,0,9
0,0,0,0,1,9
0,1,0,0,1,9
0,2,0,0,1,9
0,2,0,0,2,9
0,2,0,0,2,9
0,2,0,0,2,9
0,2,0,0,3,9
0,2,0,0,3,9
1,2,0,0,3,9
1,3,0,0,3,9
2,3,0,0,3,9
2,3,0,0,3,9
2,3,0,0,3,9
2,3,0,0,3,9
2,3,0,0,3,9
2,3,0,0,3,9
1,3,0,0,3,9
1,3,0,0,3,9
1,3,0,0,3,9
1,3,0,0,3,9
1,3,0,0,3,9
1,3,0,0,3,9
1,3,0,0,3,9
1,3,0,0,3,9
1,3,0,0,3,9
1,3,0,0,3,9
1,3,0,0,3,9
1,3,0,0,3,9
1,3,0,0,3,9
1,3,0,0,3,9
1,3,0,0,3,9
1,3,0,0,3,9
1,3,0,0,3,9
1,2,0,0,3,9
1,2,0,0,3,9
1,2,0,0,3,9
1,2,0,0,3,9
1,2,0,0,3,9
1,2,0,0,3,9
1,2,0,0,3,9
1,2,0,0,3,9
1,2,0,0,3,9
1,2,0,0,3,9
1,2,0,0,3,9
1,2,0,0,3,9
1,2,0,0,3,9
1,2,0,0,3,9
1,2,0,0,3,9
1,2,0,0,3,9
1,2,0,0,3,9
1,2,0,0,3,9
1,2,0,0,3,9
1,2,0,0,3,9
1,2,0,0,3,9
1,2,0,0,3,9
1,2,0,0,3,9
1,2,0,0,3,9
1,2,0,0,3,9
1,2,0,0,3,9
1,2,0,0,3,9
1,2,0,0,3,9
1,2,0,0,3,9
1,2,0,0,3,9
1,2,0,0,3,9
1,2,0,0,3,9
1,2,0,0,3,9
1,2,0,0,3,9
1,2,0,0,3,9
1,2,0,0,3,9
1,2,0,0,3,9
1,2,0,0,3,9
1,2,0,0,3,9
1,2,0,0,3,9
1,2,0,0,3,9
1,2,0,0,3,9
1,2,0,0,3,9
1,2,0,0,3,9
1,2,0,0,3,9
1,2,0,0,3,9
1,2,0,0,3,9
1,2,0,0,3,9
1,2,0,0,3,9
1,2,0,0,3,9
1,2,0,0,3,9
1,2,0,0,3,9
1,2,0,0,3,9
1,2,0,0,3,9
1,2,0,0,3,9
1,2,0,0,3,9
1,2,0,0,3,9
1,2,0,0,3,9
1,2,0,0,3,9
1,2,0,0,3,9
1,2,0,0,3,9
1,2,0,0,3,9
1,2,0,0,3,9
0,0,0,0,0,10
1,0,0,0,0,10
1,0,1,0,0,10
2,0,1,0,0,10
3,0,1,0,0,10
3,0,1,1,0,10
3,0,1,1,0,10
3,0,1,1,0,10
3,0,1,1,0,10
3,0,1,1,0,10
3,0,1,0,0,10
3,1,1,0,0,10
3,1,1,0,1,10
3,1,1,0,1,10
3,1,1,1,1,10
3,1,1,1,1,10
3,1,1,1,1,10
3,2,1,1,1,10
3,2,2,1,1,10
3,2,2,1,2,10
3,2,2,1,2,10
3,2,2,1,2,10
3,2,2,1,3,10
3,2,2,1,4,10
3,2,2,1,4,10
3,2,2,2,4,10
3,2,2,2,4,10
3,2,2,2,4,10
3,2,2,2,4,10
3,2,3,2,4,10
3,2,3,3,4,10
3,2,3,3,4,10
3,2,3,3,4,10
2,2,3,3,5,10
2,2,3,3,5,10
2,2,3,3,5,10
2,2,3,3,5,10
2,3,3,3,4,10
2,3,3,3,5,10
2,3,3,3,5,10
2,3,3,3,6,10
2,3,3,3,6,10
2,3,3,3,6,10
2,4,3,3,6,10
2,4,3,3,6,10
2,4,3,3,6,10
2,4,4,3,6,10
2,4,4,3,6,10
2,4,4,3,6,10
2,5,4,3,6,10
3,5,4,3,6,10
3,5,4,3,6,10
3,5,4,3,6,10
3,5,5,3,6,10
3,5,5,3,6,10
3,5,5,3,7,10
3,5,5,3,7,10
3,5,5,3,7,10
2,6,5,3,7,10
2,6,5,3,7,10
2,5,5,3,7,10
2,5,5,3,8,10
2,5,5,3,8,10
2,5,5,3,8,10
2,5,5,3,8,10
2,5,5,3,8,10
3,5,5,3,8,10
3,5,5,3,8,10
4,5,5,3,8,10
4,5,5,3,9,10
4,5,5,3,9,10
4,5,4,3,9,10
4,5,4,3,9,10
4,5,4,3,9,10
4,6,4,3,9,10
4,6,4,3,9,10
4,6,4,3,9,10
4,6,4,3,9,10
4,6,5,3,9,10
4,6,5,3,9,10
4,6,5,3,9,10
4,6,5,3,9,10
4,6,5,3,9,10
4,6,5,3,10,10
4,6,5,3,10,10
4,6,5,3,10,10
4,6,5,3,10,10
4,6,5,3,10,10
5,6,5,3,10,10
5,6,5,3,10,10
5,6,5,3,10,10
5,6,5,3,10,10
4,6,6,3,10,10
4,6,6,3,10,10
4,6,6,3,10,10
4,6,6,3,10,10
4,6,6,3,10,10
4,6,6,3,10,10
4,6,6,3,10,10
4,5,6,3,10,10
0,0,0,0,0,11
0,0,0,0,0,11
0,0,1,0,0,11
0,1,1,0,0,11
0,1,1,1,0,11
0,2,1,1,0,11
0,2,1,1,0,11
0,2,1,1,0,11
0,2,1,1,1,11
0,2,1,1,1,11
0,2,1,1,1,11
0,2,1,1,1,11
0,2,1,1,1,11
0,2,1,1,1,11
0,2,1,1,1,11
1,2,1,1,1,11
1,2,1,1,1,11
1,2,1,1,1,11
1,2,1,1,1,11
1,2,1,1,1,11
1,2,1,1,1,11
2,2,1,1,1,11
2,2,1,1,1,11
2,2,1,1,1,11
2,2,1,1,1,11
2,2,1,1,1,11
2,2,1,1,1,11
2,2,1,1,1,11
2,2,1,1,1,11
2,2,1,1,1,11
2,2,1,1,1,11
2,2,1,1,1,11
2,2,1,1,1,11
2,2,1,1,1,11
2,2,1,1,1,11
2,2,1,1,1,11
2,2,1,1,1,11
2,2,1,1,1,11
2,2,1,1,1,11
2,2,1,1,1,11
2,2,1,1,1,11
2,2,1,1,1,11
2,2,1,1,1,11
2,2,1,1,1,11
2,2,1,1,1,11
2,2,1,1,1,11
2,2,1,1,1,11
2,2,1,1,1,11
2,2,1,1,1,11
2,2,1,1,1,11
2,2,1,1,1,11
2,2,1,1,1,11
2,2,1,1,1,11
2,2,1,1,1,11
2,2,1,1,1,11
2,2,1,1,1,11
2,2,1,1,1,11
2,2,1,1,1,11
2,2,1,1,1,11
2,2,1,1,1,11
2,2,1,1,1,11
2,2,1,1,1,11
2,2,1,1,1,11
2,2,1,1,1,11
2,2,1,1,1,11
2,2,1,1,1,11
2,2,1,1,1,11
2,2,1,1,1,11
2,2,1,1,1,11
2,2,1,1,1,11
2,2,1,1,1,11
2,2,1,1,1,11
2,2,1,1,1,11
2,2,1,1,1,11
2,2,1,1,1,11
2,2,1,1,1,11
2,2,1,1,1,11
2,2,1,1,1,11
2,2,1,1,1,11
2,2,1,1,1,11
2,2,1,1,1,11
2,2,1,1,1,11
2,2,1,1,1,11
2,2,1,1,1,11
2,2,1,1,1,11
2,2,1,1,1,11
2,2,1,1,1,11
2,2,1,1,1,11
2,2,1,1,1,11
2,2,1,1,1,11
2,2,1,1,1,11
2,2,1,1,1,11
2,2,1,1,1,11
2,2,1,1,1,11
2,2,1,1,1,11
2,2,1,1,1,11
2,2,1,1,1,11
2,2,1,1,1,11
2,2,1,1,1,11
2,2,1,1,1,11
0,0,0,0,0,12
1,0,0,0,0,12
1,0,0,0,0,12
1,0,0,1,0,12
1,1,0,1,0,12
1,1,1,1,0,12
1,1,1,1,0,12
1,1,1,2,0,12
1,1,1,2,0,12
1,1,1,2,1,12
1,1,1,2,1,12
1,1,1,2,1,12
1,1,1,2,1,12
0,1,1,2,1,12
1,1,1,2,1,12
1,1,1,2,1,12
1,1,1,2,1,12
1,1,1,2,1,12
1,1,1,2,1,12
1,1,1,2,1,12
1,1,1,2,1,12
1,1,1,2,1,12
1,1,1,2,1,12
1,1,1,2,1,12
1,1,1,2,1,12
1,1,1,2,1,12
1,1,1,2,1,12
1,1,1,2,1,12
1,1,1,2,1,12
1,1,1,2,1,12
1,1,1,2,1,12
1,1,1,2,1,12
1,1,1,2,1,12
1,1,1,2,1,12
1,1,1,2,1,12
1,1,1,2,1,12
1,1,1,2,1,12
1,1,1,2,1,12
1,1,1,2,1,12
1,1,1,2,1,12
1,1,1,2,1,12
1,1,1,2,1,12
1,1,1,2,1,12
1,1,1,2,1,12
1,1,1,2,1,12
1,1,1,2,1,12
1,1,1,2,1,12
1,1,1,2,1,12
1,1,1,2,1,12
1,1,1,2,1,12
1,1,1,2,1,12
1,1,1,2,1,12
1,1,1,2,1,12
1,1,1,2,1,12
1,1,1,2,1,12
1,1,1,2,1,12
1,1,1,2,1,12
1,1,1,2,1,12
1,1,1,2,1,12
1,1,1,2,1,12
1,1,1,2,1,12
1,1,1,2,1,12
1,1,1,2,1,12
1,1,1,2,1,12
1,1,1,2,1,12
1,1,1,2,1,12
1,1,1,2,1,12
1,1,1,2,1,12
1,1,1,2,1,12
1,1,1,2,1,12
1,1,1,2,1,12
1,1,1,2,1,12
1,1,1,2,1,12
1,1,1,2,1,12
1,1,1,2,1,12
1,1,1,2,1,12
1,1,1,2,1,12
1,1,1,2,1,12
1,1,1,2,1,12
1,1,1,2,1,12
1,1,1,2,1,12
1,1,1,2,1,12
1,1,1,2,1,12
1,1,1,2,1,12
1,1,1,2,1,12
1,1,1,2,1,12
1,1,1,2,1,12
1,1,1,2,1,12
1,1,1,2,1,12
1,1,1,2,1,12
1,1,1,2,1,12
1,1,1,2,1,12
1,1,1,2,1,12
1,1,1,2,1,12
1,1,1,2,1,12
1,1,1,2,1,12
1,1,1,2,1,12
1,1,1,2,1,12
1,1,1,2,1,12
1,1,1,2,1,12
0,0,0,0,0,13
0,0,0,0,0,13
1,0,0,0,0,13
1,0,1,0,0,13
1,1,1,0,0,13
2,1,1,0,0,13
2,1,1,0,0,13
3,1,1,0,0,13
3,1,1,0,0,13
3,1,1,0,0,13
3,2,1,0,0,13
3,2,1,0,0,13
3,2,1,0,0,13
3,2,1,0,0,13
3,2,1,1,0,13
3,2,1,1,0,13
3,2,1,2,0,13
3,2,1,2,0,13
3,2,1,2,1,13
3,2,1,2,1,13
3,2,1,2,1,13
3,2,1,2,1,13
3,2,1,2,2,13
3,2,1,2,2,13
3,2,1,3,2,13
3,2,2,3,2,13
3,2,3,3,2,13
3,2,4,3,2,13
3,2,4,4,2,13
3,2,4,4,2,13
2,2,4,5,2,13
2,3,4,5,2,13
2,3,4,5,3,13
3,3,4,5,3,13
3,3,4,6,3,13
3,4,4,5,3,13
4,4,4,5,2,13
4,4,4,5,3,13
5,4,4,5,3,13
5,5,4,4,3,13
5,6,4,4,3,13
5,7,4,4,3,13
5,7,4,4,3,13
5,7,4,4,4,13
5,6,4,4,4,13
5,7,4,4,4,13
5,7,4,4,5,13
5,7,4,4,6,13
5,7,4,4,7,13
5,7,5,4,7,13
5,7,5,4,7,13
5,7,5,4,7,13
5,7,5,5,7,13
5,7,5,5,8,13
4,7,5,6,8,13
4,7,5,6,8,13
4,7,5,6,8,13
4,8,5,6,7,13
4,8,5,6,8,13
4,8,5,6,8,13
4,8,5,5,9,13
5,8,5,5,9,13
5,9,5,5,9,13
5,9,5,4,9,13
6,9,5,4,9,13
6,9,5,5,9,13
6,9,5,5,9,13
6,9,5,5,9,13
7,9,5,5,9,13
7,9,5,5,10,13
8,9,5,5,10,13
8,9,5,5,10,13
9,9,5,5,10,13
9,9,5,5,11,13
9,9,5,5,11,13
8,9,5,5,12,13
8,9,5,5,12,13
8,9,5,5,12,13
8,9,5,5,12,13
8,9,5,5,12,13
8,9,5,5,12,13
8,9,5,5,12,13
8,9,5,5,12,13
8,9,5,5,12,13
8,9,5,5,12,13
8,9,5,5,12,13
8,9,5,5,12,13
8,9,5,5,12,13
8,9,5,5,12,13
8,9,5,5,12,13
8,9,5,5,13,13
8,9,5,5,13,13
8,9,6,4,13,13
8,10,6,4,12,13
8,10,6,4,12,13
8,10,6,4,12,13
8,10,7,4,12,13
8,10,7,4,12,13
8,10,7,4,12,13
8,10,7,4,12,13
0,0,0,0,0,14
0,0,1,0,0,14
0,1,1,0,0,14
0,1,1,0,0,14
0,1,1,0,1,14
0,2,1,0,1,14
0,2,1,0,1,14
0,2,1,0,1,14
1,2,1,0,1,14
1,2,1,0,1,14
2,2,1,0,1,14
2,2,1,0,1,14
1,3,1,0,1,14
1,3,1,0,1,14
1,3,2,0,1,14
1,3,2,0,1,14
1,3,2,0,1,14
1,3,2,0,2,14
1,3,2,0,2,14
1,3,2,0,2,14
1,3,2,0,2,14
1,3,2,0,2,14
1,3,2,0,2,14
1,3,2,0,2,14
1,3,2,0,2,14
1,3,2,0,2,14
1,3,2,0,2,14
1,3,2,0,2,14
1,3,2,0,2,14
1,3,2,0,2,14
1,3,2,0,2,14
1,3,2,0,2,14
1,3,2,0,2,14
1,3,2,0,2,14
1,3,2,0,2,14
1,3,2,0,2,14
1,3,2,0,2,14
1,3,2,0,2,14
1,3,2,0,2,14
1,3,2,0,2,14
1,3,2,0,2,14
1,3,2,0,2,14
1,3,2,0,2,14
1,3,2,0,2,14
1,3,2,0,2,14
1,3,2,0,2,14
1,3,2,0,2,14
1,3,2,0,2,14
1,3,2,0,2,14
1,3,2,0,2,14
1,3,2,0,2,14
1,3,2,0,2,14
1,3,2,0,2,14
1,3,2,0,2,14
1,3,2,0,2,14
1,3,2,0,2,14
1,3,2,0,2,14
1,3,2,0,2,14
1,3,2,0,2,14
1,3,2,0,2,14
1,3,2,0,2,14
1,3,2,0,2,14
1,3,2,0,2,14
1,3,2,0,2,14
1,3,2,0,2,14
1,3,2,0,2,14
1,3,2,0,2,14
1,3,2,0,2,14
1,3,2,0,2,14
1,3,2,0,2,14
1,3,2,0,2,14
1,3,2,0,2,14
1,3,2,0,2,14
1,3,2,0,2,14
1,3,2,0,2,14
1,3,2,0,2,14
0,0,0,0,0,15
0,0,0,0,1,15
0,1,0,0,1,15
0,1,0,1,1,15
0,1,0,1,1,15
0,1,1,1,1,15
0,1,1,1,1,15
0,2,1,1,1,15
0,3,1,1,1,15
0,3,1,1,1,15
0,3,1,1,2,15
0,3,1,1,2,15
0,3,1,1,3,15
0,3,1,1,3,15
1,3,1,1,3,15
1,3,1,1,3,15
1,3,1,1,3,15
1,3,1,1,3,15
1,3,1,1,3,15
1,3,1,1,3,15
1,3,1,1,3,15
1,3,1,1,3,15
1,3,1,1,3,15
1,3,1,1,3,15
1,3,1,1,3,15
1,3,1,1,3,15
1,3,1,1,3,15
1,3,1,1,3,15
1,3,1,1,3,15
1,3,1,1,3,15
1,3,1,1,3,15
1,3,1,1,3,15
1,3,1,1,3,15
1,3,1,1,3,15
1,3,1,1,3,15
1,3,1,1,3,15
1,3,1,1,3,15
1,3,1,1,3,15
1,3,1,1,3,15
1,3,1,1,3,15
1,3,1,1,3,15
1,3,1,1,3,15
1,3,1,1,3,15
1,3,1,1,3,15
1,3,1,1,3,15
1,3,1,1,3,15
1,3,1,1,3,15
1,3,1,1,3,15
1,3,1,1,3,15
1,3,1,1,3,15
1,3,1,1,3,15
1,3,1,1,3,15
1,3,1,1,3,15
1,2,1,1,3,15
1,2,1,1,3,15
1,2,1,1,3,15
1,2,1,1,3,15
1,2,1,1,3,15
1,2,1,1,3,15
1,2,1,1,3,15
1,2,1,1,3,15
1,2,1,1,3,15
1,2,1,1,3,15
1,2,1,1,3,15
1,2,1,1,3,15
1,2,1,1,3,15
1,2,1,1,3,15
1,2,1,1,3,15
1,2,1,1,3,15
1,2,1,1,3,15
1,2,1,1,3,15
1,2,1,1,3,15
1,2,1,1,3,15
1,2,1,1,3,15
0,2,1,1,3,15
0,2,1,1,3,15
0,2,1,1,2,15
0,2,1,1,2,15
0,2,1,1,2,15
0,2,1,1,2,15
0,2,1,1,2,15
0,2,1,1,2,15
0,2,1,1,2,15
0,2,1,1,2,15
0,2,1,1,2,15
0,2,1,1,2,15
0,2,1,1,2,15
0,2,1,1,2,15
0,2,1,1,2,15
0,2,1,1,2,15
0,2,1,1,2,15
0,2,1,1,2,15
0,2,1,1,2,15
0,2,1,1,2,15
0,2,1,1,2,15
0,2,1,1,2,15
0,2,1,1,2,15
0,2,1,1,2,15
0,2,1,1,2,15
0,2,1,1,2,15
0,0,0,0,0,16
1,0,0,0,0,16
1,0,1,0,0,16
1,0,1,1,0,16
1,1,1,1,0,16
2,1,1,1,0,16
2,1,1,2,0,16
2,1,1,2,0,16
2,2,1,2,0,16
2,2,1,2,1,16
3,2,1,2,1,16
3,2,1,2,1,16
3,2,2,2,1,16
3,2,2,2,1,16
3,2,2,2,2,16
4,2,2,2,2,16
5,2,2,2,2,16
5,2,2,2,3,16
5,2,2,2,3,16
6,2,2,2,3,16
6,2,2,2,3,16
6,2,2,2,3,16
6,2,2,2,3,16
6,2,2,2,3,16
6,2,2,2,3,16
7,2,2,2,3,16
7,2,2,2,3,16
7,2,2,2,3,16
7,2,2,2,4,16
7,3,2,2,4,16
7,3,2,2,4,16
7,2,2,2,5,16
7,3,2,2,4,16
7,4,2,2,4,16
8,4,2,2,4,16
8,5,2,2,4,16
8,5,2,2,4,16
8,5,2,3,3,16
8,5,2,3,3,16
8,5,3,3,3,16
8,5,3,3,3,16
9,5,3,3,3,16
8,5,4,3,3,16
8,5,4,4,3,16
8,5,4,4,2,16
8,5,4,4,2,16
8,5,5,4,2,16
8,5,5,4,2,16
8,6,5,4,2,16
8,6,5,4,3,16
8,7,5,4,3,16
8,7,6,4,3,16
8,7,6,3,3,16
8,7,6,3,3,16
8,7,6,3,4,16
8,7,6,3,5,16
9,7,6,3,5,16
8,7,6,4,5,16
8,8,6,4,5,16
9,8,6,4,5,16
9,8,7,4,5,16
9,8,7,5,5,16
8,9,7,5,5,16
7,9,7,5,5,16
7,9,7,5,5,16
6,9,8,5,5,16
7,9,8,5,5,16
7,9,8,5,5,16
7,9,9,5,5,16
6,9,9,5,5,16
6,9,9,5,6,16
6,9,10,5,5,16
6,9,10,6,5,16
6,9,10,6,5,16
6,9,10,6,5,16
6,9,10,6,5,16
6,9,10,5,5,16
6,10,10,5,5,16
6,10,11,5,5,16
7,9,11,5,5,16
7,9,11,6,5,16
7,10,11,6,5,16
7,10,11,6,5,16
8,10,11,6,5,16
8,10,11,6,6,16
9,10,10,6,6,16
9,10,10,6,6,16
9,10,10,7,6,16
9,10,10,8,6,16
9,9,10,8,7,16
9,8,10,8,8,16
9,8,10,9,8,16
8,8,10,9,9,16
8,8,9,9,9,16
8,8,9,9,9,16
8,9,9,9,9,16
8,9,9,9,9,16
8,9,9,9,10,16
8,10,9,9,9,16
7,10,9,9,9,16
0,0,0,0,0,17
0,1,0,0,0,17
0,2,0,0,0,17
0,2,1,0,0,17
1,2,1,0,0,17
1,3,1,0,0,17
1,3,1,0,1,17
1,3,1,0,1,17
1,3,1,1,1,17
1,3,1,1,1,17
2,3,1,1,1,17
2,3,1,1,1,17
1,3,1,1,1,17
1,3,1,1,2,17
1,3,1,1,2,17
1,3,1,1,2,17
1,3,1,1,3,17
1,3,1,1,3,17
1,3,1,1,3,17
1,3,1,1,3,17
1,3,1,1,3,17
1,3,1,1,3,17
1,3,1,1,4,17
1,3,1,1,4,17
1,3,1,1,5,17
1,3,1,1,5,17
1,3,1,1,5,17
1,3,1,1,5,17
1,3,1,1,5,17
1,3,1,1,5,17
1,3,1,1,5,17
1,3,1,1,5,17
1,3,1,1,5,17
1,3,1,1,5,17
1,3,1,1,5,17
2,3,1,1,5,17
2,3,1,1,5,17
2,3,1,1,5,17
2,3,1,1,5,17
2,3,1,1,5,17
2,3,1,1,5,17
2,3,1,1,5,17
3,3,1,1,5,17
3,3,1,1,5,17
3,3,1,1,5,17
3,3,1,1,5,17
3,3,1,1,5,17
3,3,1,1,5,17
3,3,1,1,5,17
3,3,1,1,5,17
3,3,1,1,5,17
3,3,1,1,5,17
3,3,1,1,5,17
3,3,1,1,5,17
3,3,1,1,5,17
3,3,1,1,5,17
3,3,1,1,5,17
3,3,1,1,5,17
3,3,1,1,5,17
3,3,1,1,5,17
3,3,1,1,5,17
3,3,1,1,5,17
3,3,1,1,5,17
3,3,1,1,5,17
3,3,1,1,5,17
3,3,1,1,5,17
3,3,1,1,5,17
3,3,1,1,5,17
3,3,1,1,5,17
3,3,1,1,5,17
3,3,1,1,5,17
3,3,1,1,5,17
3,3,1,1,5,17
3,3,1,1,5,17
3,3,1,1,5,17
3,3,1,1,5,17
3,3,1,1,5,17
3,3,1,1,5,17
3,3,1,1,5,17
3,3,1,1,5,17
3,3,1,1,5,17
3,3,1,1,5,17
3,3,1,1,5,17
3,3,1,1,5,17
3,3,1,1,5,17
3,3,1,1,5,17
3,3,1,1,5,17
3,3,1,1,5,17
3,3,1,1,5,17
3,3,1,1,5,17
3,3,1,1,5,17
3,3,1,1,5,17
3,3,1,1,5,17
3,3,1,1,5,17
3,3,1,1,5,17
3,3,1,1,5,17
3,3,1,1,5,17
3,3,1,1,5,17
3,3,1,1,5,17
3,2,1,1,5,17
0,0,0,0,0,18
0,0,0,0,0,18
0,0,1,0,0,18
0,1,1,0,0,18
0,1,1,0,0,18
0,1,1,0,1,18
1,1,1,0,1,18
2,1,1,0,1,18
2,1,1,1,1,18
3,1,1,1,1,18
3,1,1,1,1,18
3,1,1,1,1,18
3,1,1,1,1,18
3,1,1,1,1,18
3,1,1,1,1,18
3,1,1,1,2,18
3,1,1,1,2,18
0,0,0,0,0,19
0,0,1,0,0,19
0,0,1,0,0,19
0,1,1,0,0,19
0,2,1,0,0,19
0,2,1,0,1,19
0,2,1,0,1,19
0,2,1,0,1,19
0,2,1,1,1,19
0,2,1,1,1,19
0,2,1,1,1,19
0,2,1,1,2,19
1,2,1,1,2,19
2,2,1,1,2,19
2,3,1,1,2,19
2,3,1,1,2,19
2,3,1,1,2,19
2,3,1,1,2,19
2,3,1,1,2,19
3,3,1,1,2,19
3,3,1,1,2,19
3,3,1,1,3,19
3,3,1,1,3,19
3,3,1,1,3,19
3,3,1,1,3,19
3,3,2,1,3,19
3,3,2,1,3,19
3,3,2,1,3,19
3,3,2,1,3,19
3,3,2,1,3,19
3,3,2,1,3,19
3,3,2,1,3,19
3,3,2,1,3,19
3,3,2,1,3,19
3,3,2,1,3,19
3,3,2,1,3,19
3,3,2,1,3,19
3,3,2,1,3,19
3,4,2,1,3,19
3,4,2,1,3,19
3,4,2,1,3,19
3,4,2,1,3,19
3,4,2,1,3,19
3,4,2,1,3,19
3,4,2,1,3,19
3,4,2,1,3,19
3,4,2,1,3,19
3,4,2,1,2,19
3,4,2,1,2,19
3,4,2,1,2,19
3,4,2,1,2,19
3,4,2,1,2,19
3,4,2,1,2,19
3,4,2,1,2,19
3,4,2,1,2,19
4,4,2,1,2,19
4,4,2,1,2,19
4,4,2,1,2,19
4,4,2,1,3,19
4,4,2,1,3,19
4,4,2,1,3,19
4,4,2,1,3,19
4,4,2,1,3,19
4,4,2,1,3,19
4,4,2,1,4,19
4,4,2,1,4,19
4,4,2,1,4,19
4,4,2,1,4,19
4,4,2,1,4,19
4,4,2,1,4,19
4,4,2,1,4,19
4,4,2,1,4,19
4,4,2,1,4,19
4,4,2,1,4,19
4,4,2,1,5,19
4,4,2,1,5,19
4,4,2,1,5,19
4,4,2,1,5,19
4,4,2,1,5,19
4,4,2,1,5,19
4,4,2,1,5,19
4,4,2,1,5,19
4,4,3,1,5,19
4,4,3,1,5,19
4,4,3,1,5,19
4,4,3,1,5,19
4,4,3,1,5,19
4,4,3,2,5,19
4,4,3,2,5,19
4,4,3,2,5,19
4,4,3,2,5,19
4,4,3,2,5,19
4,4,4,2,5,19
4,4,4,2,5,19
4,4,4,2,5,19
4,4,4,2,5,19
4,4,4,2,5,19
4,4,4,2,5,19
4,4,4,2,5,19
4,4,4,2,5,19
0,0,0,0,0,20
0,0,1,0,0,20
1,0,1,0,0,20
1,0,1,0,1,20
2,0,1,0,1,20
2,0,1,0,1,20
2,0,0,0,2,20
2,0,1,0,2,20
2,0,1,1,2,20
2,0,1,1,2,20
3,0,1,1,2,20
3,0,1,1,2,20
3,0,1,1,3,20
3,0,1,1,3,20
3,0,1,1,2,20
3,1,1,1,2,20
3,1,1,1,2,20
0,0,0,0,0,21
0,0,0,0,1,21
1,0,0,0,1,21
1,0,0,0,1,21
1,1,0,0,1,21
1,1,0,0,1,21
1,2,0,0,1,21
1,2,0,0,1,21
1,2,0,0,2,21
1,2,0,0,2,21
1,2,1,0,2,21
1,2,1,0,2,21
1,2,1,0,2,21
1,2,1,1,2,21
1,3,1,1,2,21
1,3,1,1,2,21
2,3,1,1,2,21
2,3,1,1,2,21
2,3,1,1,2,21
2,3,1,1,2,21
2,3,1,1,2,21
2,3,1,1,2,21
2,3,1,1,2,21
2,3,1,1,2,21
2,3,1,1,2,21
2,3,1,1,2,21
2,3,1,1,2,21
2,3,1,1,2,21
2,3,1,1,2,21
2,3,1,1,2,21
2,3,1,1,2,21
2,3,1,1,2,21
2,3,1,1,2,21
2,3,1,1,2,21
2,3,1,0,2,21
2,3,1,0,2,21
2,3,1,0,2,21
2,3,1,0,2,21
2,3,1,0,2,21
2,3,1,0,2,21
2,3,1,0,2,21
2,3,1,0,2,21
2,3,1,0,2,21
2,3,1,0,2,21
2,3,1,0,2,21
2,3,1,0,2,21
2,3,1,0,2,21
2,3,1,0,2,21
2,3,1,0,2,21
2,3,1,0,2,21
2,3,1,0,2,21
2,3,1,0,2,21
2,3,1,0,2,21
2,3,1,0,2,21
2,3,1,0,2,21
2,3,1,0,2,21
2,3,1,0,2,21
2,3,1,0,2,21
2,3,1,0,2,21
2,3,1,0,2,21
2,3,1,0,2,21
2,3,1,0,2,21
2,3,1,0,2,21
2,3,1,0,2,21
2,3,1,0,2,21
2,3,1,0,2,21
2,3,1,0,2,21
2,3,1,0,2,21
2,3,1,0,2,21
2,3,1,0,2,21
2,3,1,0,2,21
2,3,1,0,2,21
2,3,1,0,2,21
2,3,1,0,2,21
2,3,1,0,2,21
2,3,1,0,2,21
2,3,1,0,2,21
2,3,1,0,2,21
2,3,1,0,2,21
2,3,1,0,2,21
2,3,1,0,2,21
2,3,1,0,2,21
2,3,1,0,2,21
2,3,1,0,2,21
2,3,1,0,2,21
2,3,1,0,2,21
2,3,1,0,2,21
2,3,1,0,2,21
2,3,1,0,2,21
2,3,1,0,2,21
2,3,1,0,2,21
2,3,1,0,2,21
2,3,1,0,2,21
2,3,1,0,2,21
2,3,1,0,2,21
2,3,1,0,2,21
2,3,1,0,2,21
2,3,1,0,2,21
2,3,1,0,2,21
2,3,1,0,2,21
0,0,0,0,0,22
0,1,0,0,0,22
0,2,0,0,0,22
0,3,0,0,0,22
1,3,0,0,0,22
1,4,0,0,0,22
1,4,0,0,0,22
1,4,0,0,0,22
1,4,0,0,0,22
1,4,0,0,0,22
2,4,0,0,0,22
2,4,0,0,0,22
2,4,0,0,0,22
2,4,0,0,0,22
2,4,0,0,0,22
2,4,0,0,0,22
2,4,0,0,0,22
2,4,0,0,0,22
2,4,0,0,0,22
2,4,0,0,0,22
2,4,0,0,0,22
2,4,0,0,0,22
2,4,0,0,0,22
2,4,0,0,0,22
2,4,0,0,0,22
2,4,0,0,0,22
2,4,0,0,0,22
2,4,0,0,0,22
2,4,0,0,0,22
2,4,0,0,0,22
2,4,0,0,0,22
2,4,0,0,0,22
2,4,0,0,0,22
2,4,0,0,0,22
2,4,0,0,0,22
2,4,0,0,0,22
2,4,0,0,0,22
2,4,0,0,0,22
2,4,0,0,0,22
2,4,0,0,0,22
2,4,0,0,0,22
2,4,0,0,0,22
2,4,0,0,0,22
2,4,0,0,0,22
2,4,0,0,0,22
2,4,0,0,0,22
2,4,0,0,0,22
2,4,0,0,0,22
2,4,0,0,0,22
2,4,0,0,0,22
2,4,0,0,0,22
2,4,0,0,0,22
2,4,0,0,0,22
2,4,0,0,0,22
2,4,0,0,0,22
2,4,0,0,0,22
2,4,0,0,0,22
2,4,0,0,0,22
2,4,0,0,0,22
2,4,0,0,0,22
2,4,0,0,0,22
2,4,0,0,0,22
2,4,0,0,0,22
2,4,0,0,0,22
2,4,0,0,0,22
2,4,0,0,0,22
2,4,0,0,0,22
2,4,0,0,0,22
2,4,0,0,0,22
2,4,0,0,0,22
2,4,0,0,0,22
2,4,0,0,0,22
2,4,0,0,0,22
2,4,0,0,0,22
2,4,0,0,0,22
2,4,0,0,0,22
2,4,0,0,0,22
2,4,0,0,0,22
2,4,0,0,0,22
2,3,0,0,0,22
2,3,0,0,0,22
2,3,0,0,0,22
2,3,0,0,0,22
2,3,0,0,0,22
2,3,0,0,0,22
2,3,0,0,0,22
2,3,0,0,0,22
2,3,0,0,0,22
2,3,0,0,0,22
2,3,0,0,0,22
2,3,0,0,0,22
2,3,0,0,0,22
2,3,0,0,0,22
2,3,0,0,0,22
2,3,0,0,0,22
2,3,0,0,0,22
2,3,0,0,0,22
2,3,0,0,0,22
2,3,0,0,0,22
2,3,0,0,0,22
0,0,0,0,0,23
1,0,0,0,0,23
2,0,0,0,0,23
2,0,0,0,0,23
2,0,0,0,0,23
2,0,0,1,0,23
2,0,1,1,0,23
2,0,1,1,1,23
2,1,1,1,1,23
2,1,1,1,1,23
2,1,1,1,1,23
2,2,1,1,1,23
2,2,1,1,1,23
2,2,1,1,1,23
2,2,1,1,1,23
2,2,1,1,1,23
2,2,1,1,1,23
2,2,1,1,1,23
2,2,1,1,1,23
2,2,1,1,1,23
2,2,1,1,1,23
2,2,1,1,1,23
2,2,1,1,1,23
2,2,1,1,1,23
2,2,1,1,2,23
2,2,1,1,2,23
2,3,1,1,2,23
2,3,1,1,2,23
2,3,1,1,2,23
2,3,1,1,2,23
2,3,1,1,2,23
2,3,1,1,2,23
2,3,1,1,2,23
2,3,1,1,2,23
2,3,1,1,2,23
2,3,1,1,2,23
2,3,1,1,2,23
2,3,1,1,2,23
2,3,1,1,2,23
2,3,1,1,2,23
2,3,1,1,2,23
2,3,1,1,2,23
2,3,1,1,2,23
2,3,1,1,2,23
2,3,1,1,2,23
2,3,1,1,2,23
2,3,1,1,2,23
2,3,1,1,2,23
2,3,1,1,2,23
2,3,1,1,2,23
2,3,1,1,2,23
2,3,1,1,2,23
2,3,1,1,2,23
2,3,1,1,2,23
2,3,1,1,2,23
2,3,1,1,2,23
2,3,1,1,2,23
2,3,1,1,2,23
2,3,1,1,2,23
2,3,1,1,2,23
2,3,1,1,2,23
2,3,1,1,2,23
2,3,1,1,2,23
2,3,1,1,2,23
2,3,1,1,2,23
2,3,1,1,2,23
2,3,1,1,2,23
2,3,1,1,2,23
2,3,1,1,2,23
2,3,1,1,2,23
2,3,1,1,2,23
2,3,1,1,2,23
2,3,1,1,2,23
2,3,1,1,2,23
2,3,1,1,2,23
2,3,1,1,2,23
2,3,1,1,2,23
2,3,1,1,2,23
2,3,1,1,2,23
2,3,1,1,2,23
2,3,1,1,2,23
2,3,1,1,2,23
2,3,1,1,2,23
2,3,1,1,2,23
2,3,1,1,2,23
2,3,1,1,2,23
2,3,1,1,2,23
2,3,1,1,2,23
2,3,1,1,2,23
2,3,1,1,2,23
2,3,1,1,2,23
2,3,1,1,2,23
2,3,1,1,2,23
2,3,1,1,2,23
2,3,1,1,2,23
2,3,1,1,2,23
2,3,1,1,2,23
2,3,1,1,2,23
2,3,1,1,2,23
2,3,1,1,1,23
0,0,0,0,0,24
0,0,0,1,0,24
0,0,0,1,0,24
0,0,1,1,0,24
0,0,1,1,1,24
1,0,1,1,1,24
1,0,1,1,1,24
1,1,1,1,1,24
1,1,1,1,2,24
1,2,1,1,2,24
1,2,1,1,2,24
1,3,1,1,2,24
2,3,1,1,2,24
2,3,1,1,2,24
2,3,1,1,2,24
2,3,1,1,2,24
2,3,1,1,2,24
2,4,1,1,2,24
2,4,1,1,2,24
2,4,1,1,2,24
2,3,1,1,2,24
2,3,1,2,2,24
2,3,1,2,2,24
2,3,1,2,2,24
2,3,1,2,2,24
2,3,1,2,3,24
2,3,1,2,3,24
2,3,1,2,3,24
2,3,1,2,4,24
2,3,1,2,4,24
2,3,1,2,4,24
2,3,1,2,4,24
2,3,1,2,5,24
2,3,1,2,5,24
2,3,1,2,5,24
2,3,1,2,4,24
3,3,1,2,4,24
3,3,1,2,4,24
3,3,1,2,4,24
3,3,1,2,4,24
3,3,1,2,4,24
3,3,1,2,4,24
4,3,1,2,4,24
4,4,1,2,4,24
5,4,1,2,4,24
5,4,1,2,4,24
5,4,1,2,4,24
5,4,1,2,5,24
5,5,1,2,5,24
5,5,1,3,5,24
5,5,1,3,5,24
5,5,1,3,5,24
5,5,1,3,5,24
5,6,1,3,5,24
5,6,1,3,5,24
5,6,1,3,5,24
5,6,1,3,5,24
5,6,1,3,5,24
5,6,1,3,6,24
5,6,1,3,6,24
5,6,1,3,7,24
5,6,1,3,7,24
5,6,1,3,7,24
5,6,1,4,7,24
5,6,1,4,7,24
5,6,1,4,7,24
5,6,1,4,7,24
5,6,1,4,7,24
5,6,1,4,7,24
5,7,1,4,7,24
5,7,1,4,7,24
5,7,1,4,7,24
5,7,1,4,7,24
5,7,1,4,8,24
5,7,1,4,8,24
5,7,1,4,8,24
5,7,1,4,8,24
5,7,1,5,8,24
5,7,1,5,7,24
5,7,1,5,7,24
5,7,1,5,7,24
5,7,1,5,7,24
5,7,1,5,7,24
6,7,1,5,7,24
6,7,1,5,7,24
6,7,1,5,7,24
6,6,1,5,7,24
6,6,1,5,7,24
6,6,1,5,7,24
6,6,1,5,8,24
6,6,1,5,8,24
6,6,1,5,8,24
6,6,1,5,8,24
6,7,1,5,8,24
6,7,1,5,8,24
6,7,1,5,8,24
6,7,1,5,8,24
6,7,1,5,8,24
6,7,1,5,9,24
6,7,1,5,9,24
0,0,0,0,0,25
0,0,1,0,0,25
0,1,1,0,0,25
0,1,1,1,0,25
0,1,1,1,0,25
0,1,1,1,1,25
0,1,1,1,2,25
0,1,1,1,3,25
0,1,1,1,3,25
0,2,1,1,3,25
1,2,1,1,3,25
1,3,1,1,2,25
1,3,1,1,2,25
1,3,1,1,2,25
1,3,1,1,2,25
1,3,1,1,3,25
2,2,1,1,3,25
2,2,1,1,3,25
3,2,1,1,3,25
3,2,1,1,3,25
3,2,1,1,3,25
3,2,1,1,3,25
3,2,1,1,3,25
3,2,1,1,3,25
3,2,1,1,3,25
3,2,1,1,3,25
3,2,1,1,3,25
3,2,1,1,3,25
3,2,1,1,3,25
3,2,1,1,4,25
3,2,1,1,4,25
3,2,1,1,4,25
3,3,1,1,4,25
3,3,1,1,4,25
3,3,1,1,4,25
3,3,1,1,4,25
3,3,1,1,4,25
3,3,1,1,4,25
3,3,1,1,4,25
3,3,1,1,4,25
3,3,1,1,4,25
3,3,1,1,4,25
3,3,1,1,4,25
3,3,1,1,4,25
3,3,1,1,4,25
3,2,1,1,5,25
3,2,1,1,5,25
3,2,1,1,5,25
3,2,1,1,5,25
3,2,1,1,5,25
3,2,1,1,5,25
3,2,1,1,5,25
3,2,1,1,5,25
3,2,1,1,5,25
3,2,1,1,5,25
3,2,1,1,5,25
3,2,1,1,5,25
3,2,1,1,5,25
3,2,1,1,5,25
3,2,1,1,5,25
3,2,1,1,5,25
3,2,1,1,5,25
3,2,1,1,5,25
3,2,1,1,5,25
3,2,1,1,5,25
3,2,1,1,5,25
3,2,1,1,5,25
3,2,1,1,5,25
3,2,1,1,5,25
3,2,1,1,5,25
3,2,1,1,5,25
3,2,1,1,5,25
3,2,1,1,5,25
3,2,1,1,5,25
3,2,1,1,5,25
3,2,1,1,5,25
3,2,1,1,5,25
3,2,1,1,5,25
3,2,1,1,5,25
3,2,1,1,5,25
3,2,1,1,5,25
3,2,1,1,5,25
3,2,1,1,5,25
3,2,1,1,5,25
2,2,1,1,5,25
2,2,1,1,5,25
2,2,1,1,5,25
2,2,1,1,5,25
2,2,1,1,5,25
2,2,1,1,5,25
2,2,1,1,5,25
2,2,1,1,5,25
2,2,1,1,5,25
2,2,1,1,5,25
2,2,1,1,5,25
2,2,1,1,5,25
2,2,1,1,5,25
2,2,1,1,5,25
2,2,1,1,5,25
2,2,1,1,5,25
0,0,0,0,0,26
0,0,1,0,0,26
0,0,1,1,0,26
0,0,1,1,1,26
0,0,1,1,1,26
0,0,1,1,1,26
0,0,1,1,1,26
0,0,1,1,2,26
0,0,1,1,2,26
0,0,1,1,3,26
0,0,1,1,3,26
0,0,1,1,3,26
0,0,1,1,3,26
0,0,1,1,3,26
0,0,0,1,3,26
0,1,0,1,3,26
1,1,0,1,3,26
0,0,0,0,0,27
1,0,0,0,0,27
2,0,0,0,0,27
2,0,0,0,0,27
3,0,0,0,0,27
3,0,0,0,0,27
3,0,0,0,0,27
3,1,0,0,0,27
3,1,0,0,1,27
3,1,0,0,1,27
3,1,0,0,1,27
3,1,0,0,1,27
3,1,0,0,2,27
3,1,0,0,2,27
3,1,0,1,2,27
3,1,0,1,2,27
3,1,0,1,2,27
3,1,0,1,2,27
3,1,0,1,2,27
3,2,0,1,2,27
3,2,0,1,2,27
3,2,0,1,2,27
3,2,0,1,2,27
3,2,0,1,2,27
3,2,0,1,2,27
3,2,0,1,2,27
3,2,0,1,2,27
3,2,0,1,2,27
3,2,0,1,2,27
3,2,0,1,2,27
3,2,0,1,2,27
3,2,0,1,2,27
3,2,0,1,2,27
3,2,0,1,2,27
3,2,0,1,2,27
3,2,0,1,2,27
3,2,0,1,2,27
3,2,0,1,2,27
3,2,0,1,2,27
3,2,0,1,2,27
3,2,0,1,2,27
3,2,0,1,2,27
3,2,0,1,2,27
3,2,0,1,2,27
3,2,0,1,2,27
3,2,0,1,2,27
3,2,0,1,2,27
3,2,0,1,2,27
3,2,0,1,2,27
3,2,0,1,2,27
3,2,0,1,2,27
3,2,0,1,2,27
3,2,0,1,2,27
3,2,0,1,2,27
3,1,0,1,2,27
3,1,0,1,2,27
3,1,0,1,2,27
3,1,0,1,2,27
3,1,0,1,2,27
3,1,0,1,2,27
3,1,0,1,2,27
3,1,0,1,2,27
3,1,0,1,2,27
3,1,0,1,2,27
3,1,0,1,2,27
3,1,0,1,2,27
3,1,0,1,2,27
3,1,0,1,2,27
3,1,0,1,2,27
3,1,0,1,2,27
3,1,0,1,2,27
3,1,0,1,2,27
3,1,0,1,2,27
3,1,0,1,2,27
3,1,0,1,2,27
3,1,0,1,2,27
3,1,0,1,2,27
3,1,0,1,2,27
3,1,0,1,2,27
3,1,0,1,2,27
3,1,0,1,2,27
3,1,0,1,2,27
3,1,0,1,2,27
3,1,0,1,2,27
3,1,0,1,2,27
3,1,0,1,2,27
3,1,0,1,2,27
3,1,0,1,2,27
3,1,0,1,2,27
2,1,0,1,2,27
2,1,0,1,2,27
2,1,0,1,2,27
2,1,0,1,2,27
2,1,0,1,2,27
2,1,0,1,2,27
2,1,0,1,2,27
2,1,0,1,2,27
2,1,0,1,2,27
2,1,0,1,2,27
2,1,0,1,2,27
0,0,0,0,0,28
0,0,0,1,0,28
0,0,0,1,0,28
0,1,0,1,0,28
0,2,0,1,0,28
0,2,0,1,1,28
0,2,0,1,1,28
0,2,0,1,1,28
0,2,0,1,1,28
0,2,0,1,1,28
0,2,0,1,1,28
0,2,1,1,1,28
0,2,1,1,1,28
0,2,1,1,1,28
0,2,1,1,1,28
0,2,1,1,1,28
0,2,1,1,1,28
0,1,1,1,2,28
0,1,1,1,3,28
0,1,1,1,3,28
0,1,1,1,3,28
0,1,1,1,3,28
0,1,1,1,3,28
0,1,1,1,3,28
0,1,1,1,3,28
0,1,1,1,3,28
0,1,1,1,3,28
0,1,1,1,3,28
0,1,1,1,3,28
0,1,1,1,3,28
0,1,1,1,3,28
0,1,1,1,3,28
0,1,1,1,3,28
0,1,1,1,3,28
0,1,1,1,3,28
0,1,1,1,3,28
0,1,1,1,3,28
0,1,1,1,3,28
0,1,1,1,3,28
0,1,1,1,3,28
0,1,1,1,3,28
0,1,1,1,3,28
0,1,1,1,3,28
0,1,1,1,3,28
0,1,1,1,3,28
0,1,1,1,3,28
0,1,1,1,3,28
0,1,1,1,3,28
0,1,1,1,3,28
0,1,1,1,3,28
0,1,1,1,3,28
0,1,1,1,3,28
0,1,1,1,3,28
0,1,1,1,3,28
0,1,1,1,3,28
0,1,1,1,3,28
0,1,1,1,3,28
0,1,1,1,3,28
0,1,1,1,3,28
0,1,1,1,3,28
0,1,1,1,3,28
0,1,1,1,3,28
0,1,1,1,3,28
0,1,1,1,3,28
0,1,1,1,3,28
0,1,1,1,3,28
0,1,1,1,2,28
0,1,1,1,2,28
0,1,1,1,2,28
0,1,1,1,2,28
0,1,1,1,2,28
0,1,1,1,2,28
0,1,1,1,2,28
0,1,1,1,2,28
0,1,1,1,2,28
0,1,1,1,2,28
0,1,1,1,2,28
0,1,1,1,2,28
0,1,1,1,2,28
0,1,1,1,2,28
0,1,1,1,2,28
0,1,1,1,2,28
0,1,1,1,2,28
0,1,1,1,2,28
0,1,1,1,2,28
0,1,1,1,2,28
0,1,1,1,2,28
0,1,1,1,2,28
0,1,1,1,2,28
0,1,1,1,2,28
0,1,1,1,2,28
0,1,1,1,2,28
0,1,1,1,2,28
0,1,1,1,2,28
0,1,1,1,2,28
0,1,1,1,2,28
0,1,1,1,2,28
0,1,1,1,2,28
0,1,1,1,2,28
0,1,1,1,2,28
0,0,0,0,0,29
0,0,1,0,0,29
0,0,1,1,0,29
1,0,1,1,0,29
1,0,1,1,1,29
2,0,1,1,1,29
2,0,1,1,1,29
2,0,1,1,0,29
2,0,1,1,0,29
2,0,1,1,0,29
2,0,1,1,0,29
2,0,1,1,0,29
2,0,1,1,1,29
2,0,1,1,1,29
2,1,1,1,1,29
2,1,1,1,1,29
2,1,1,1,1,29
2,1,1,1,1,29
2,1,1,1,1,29
2,1,1,1,1,29
2,1,1,1,2,29
2,1,1,1,2,29
2,1,1,1,2,29
2,1,1,1,2,29
2,1,1,1,2,29
2,1,1,1,2,29
2,1,1,1,2,29
2,1,1,1,2,29
2,1,1,1,2,29
2,1,1,1,2,29
2,1,1,1,2,29
2,1,1,1,2,29
2,1,1,1,2,29
2,1,1,1,2,29
2,1,1,1,2,29
2,1,1,1,2,29
2,1,1,1,2,29
2,1,1,1,2,29
2,1,1,1,2,29
2,1,1,1,2,29
2,1,1,1,2,29
2,1,1,1,2,29
2,1,1,1,2,29
2,1,1,1,2,29
2,1,1,1,2,29
2,1,1,1,2,29
2,1,1,1,2,29
2,1,1,1,2,29
2,1,1,1,2,29
2,1,1,1,2,29
2,1,1,1,2,29
2,1,1,1,2,29
2,1,1,1,2,29
2,1,1,1,2,29
2,1,1,1,2,29
2,1,1,1,2,29
1,1,1,1,2,29
1,1,1,1,2,29
1,1,1,1,2,29
1,1,1,1,2,29
1,1,1,1,2,29
1,1,1,1,2,29
1,1,1,1,2,29
1,1,1,1,2,29
1,1,1,1,2,29
1,1,1,1,2,29
1,1,1,1,2,29
1,1,1,1,2,29
1,1,1,1,2,29
1,1,1,1,2,29
1,1,1,1,2,29
1,1,1,1,2,29
1,1,1,1,2,29
1,1,1,1,2,29
1,1,1,1,2,29
1,1,1,1,2,29
1,1,1,1,2,29
1,1,1,1,2,29
1,1,1,1,2,29
1,1,1,1,2,29
1,1,1,1,2,29
1,1,1,1,2,29
1,1,1,1,2,29
1,1,1,1,2,29
1,1,1,1,2,29
1,1,1,1,2,29
1,1,1,1,2,29
1,1,1,1,2,29
1,1,1,1,2,29
1,1,1,1,2,29
1,1,1,1,2,29
1,1,1,1,2,29
0,0,0,0,0,30
0,0,1,0,0,30
0,1,1,0,0,30
0,1,1,0,0,30
0,1,1,0,0,30
0,1,1,0,0,30
0,1,1,1,0,30
0,1,1,1,0,30
0,1,1,1,0,30
1,1,1,1,0,30
1,1,1,1,0,30
2,0,1,1,0,30
2,0,1,1,0,30
2,0,1,1,0,30
2,1,1,1,0,30
2,1,1,1,0,30
2,1,1,1,1,30
3,1,1,0,1,30
3,1,2,0,1,30
3,1,2,0,2,30
3,1,2,0,2,30
3,1,2,1,2,30
3,1,2,1,3,30
4,1,2,1,3,30
4,1,2,1,3,30
4,1,3,1,3,30
5,1,3,1,3,30
5,1,3,2,3,30
5,2,3,2,3,30
5,2,3,2,4,30
6,2,3,2,4,30
6,2,3,1,5,30
6,2,4,1,5,30
6,2,4,1,4,30
7,2,4,1,4,30
7,2,4,1,5,30
7,2,4,1,5,30
7,2,4,1,6,30
7,3,4,1,6,30
7,3,5,1,6,30
7,3,5,1,6,30
7,3,5,1,6,30
7,4,5,1,6,30
7,5,5,1,6,30
7,5,5,1,6,30
7,5,5,1,6,30
6,6,5,1,6,30
6,6,5,1,6,30
6,6,5,1,6,30
6,6,5,2,6,30
6,6,5,2,6,30
6,6,5,2,6,30
6,6,5,2,6,30
6,6,5,2,6,30
6,6,5,2,6,30
6,7,5,2,6,30
6,7,5,2,6,30
6,7,5,2,6,30
6,7,5,2,6,30
6,7,5,2,6,30
6,7,5,2,6,30
6,7,5,2,7,30
6,7,5,2,7,30
6,7,5,2,7,30
6,7,5,2,7,30
6,7,5,3,7,30
6,7,5,3,7,30
6,7,5,3,7,30
6,7,5,4,7,30
6,7,5,4,7,30
6,8,5,4,6,30
6,8,5,4,6,30
7,8,5,4,6,30
7,8,5,4,6,30
7,7,5,4,7,30
6,7,6,4,7,30
6,6,7,4,7,30
6,6,7,4,7,30
6,6,7,4,7,30
6,6,7,4,7,30
6,6,7,5,7,30
6,6,7,5,7,30
6,6,8,5,7,30
6,6,8,5,7,30
6,6,8,5,7,30
7,6,8,5,6,30
7,6,8,5,7,30
7,6,8,5,7,30
7,6,8,5,7,30
8,6,8,5,7,30
8,7,8,5,7,30
7,7,8,5,7,30
7,7,7,5,8,30
7,7,6,5,8,30
7,7,6,5,8,30
8,7,6,5,8,30
9,7,6,5,8,30
9,7,6,5,8,30
9,7,6,5,8,30
9,8,6,5,8,30
0,0,0,0,0,31
0,1,0,0,0,31
0,2,0,0,0,31
0,2,1,0,0,31
0,3,1,0,0,31
0,3,1,0,0,31
0,2,1,0,0,31
0,2,1,0,1,31
0,2,1,0,1,31
0,2,1,0,1,31
1,2,1,0,1,31
1,3,1,0,1,31
1,3,1,0,1,31
1,3,1,0,2,31
1,3,1,0,2,31
1,3,1,0,2,31
1,3,1,0,2,31
1,3,1,0,2,31
1,3,1,0,2,31
1,3,1,0,2,31
1,3,1,0,2,31
1,3,1,0,2,31
1,3,1,0,2,31
1,3,1,0,2,31
1,3,1,0,2,31
1,3,1,0,2,31
1,3,1,0,2,31
1,3,1,0,2,31
1,3,1,0,2,31
1,3,1,0,2,31
1,3,1,0,2,31
1,3,1,0,2,31
1,3,1,0,2,31
1,3,1,0,2,31
1,3,1,0,2,31
1,3,1,0,2,31
1,3,1,0,2,31
1,3,1,0,2,31
1,3,1,0,2,31
1,3,1,0,2,31
1,3,1,0,2,31
1,3,1,0,2,31
1,3,1,0,2,31
1,3,1,0,2,31
1,3,1,0,2,31
1,3,1,0,2,31
1,3,1,0,2,31
1,3,1,0,2,31
1,3,1,0,2,31
1,3,1,0,2,31
1,3,1,0,2,31
1,3,1,0,2,31
1,3,1,0,2,31
1,3,1,0,2,31
1,3,1,0,2,31
1,3,1,0,2,31
1,3,1,0,2,31
1,3,1,0,2,31
1,3,1,0,2,31
1,3,1,0,2,31
1,3,1,0,2,31
1,3,1,0,2,31
1,3,1,0,2,31
1,3,1,0,2,31
1,3,1,0,2,31
1,3,1,0,2,31
1,3,1,0,2,31
1,3,1,0,2,31
1,3,1,0,2,31
1,3,1,0,2,31
1,3,1,0,2,31
1,3,1,0,2,31
1,3,1,0,1,31
1,3,1,0,1,31
1,3,1,0,1,31
1,3,1,0,1,31
1,3,1,0,1,31
1,3,1,0,1,31
1,3,1,0,1,31
1,3,1,0,1,31
1,3,1,0,2,31
1,3,1,0,2,31
1,3,1,0,2,31
1,3,1,0,2,31
1,3,1,0,2,31
1,3,1,0,2,31
1,3,1,0,2,31
1,3,1,0,2,31
1,3,1,0,2,31
1,3,1,0,2,31
1,3,1,0,2,31
1,3,1,0,2,31
1,3,1,0,2,31
1,3,0,0,2,31
1,3,1,0,2,31
1,3,1,0,2,31
1,3,1,0,2,31
1,3,1,0,2,31
1,3,1,0,2,31
1,3,1,0,2,31
0,0,0,0,0,32
0,0,1,0,0,32
0,0,1,0,0,32
0,0,1,0,0,32
0,0,1,1,0,32
1,0,1,1,0,32
1,0,1,1,0,32
1,0,1,1,0,32
1,0,1,1,0,32
1,1,1,1,0,32
1,1,1,1,0,32
1,1,1,1,1,32
1,1,1,1,2,32
1,1,1,1,2,32
1,1,1,1,2,32
1,1,1,1,2,32
1,1,1,1,2,32
1,1,1,1,2,32
1,1,1,1,2,32
0,0,0,0,0,33
0,1,0,0,0,33
0,1,0,1,0,33
0,2,0,1,0,33
0,2,1,1,0,33
0,2,1,1,0,33
1,2,1,1,0,33
1,2,1,1,0,33
2,2,1,1,0,33
2,2,1,1,0,33
2,2,1,1,0,33
2,2,1,1,0,33
2,2,1,1,0,33
2,2,1,1,0,33
2,2,1,1,0,33
2,2,1,1,0,33
2,2,1,1,0,33
2,2,1,1,0,33
2,2,1,1,0,33
2,2,1,1,0,33
2,2,1,1,0,33
2,2,1,1,0,33
2,2,1,1,0,33
2,2,1,1,0,33
2,2,1,1,0,33
2,2,1,1,0,33
2,2,1,1,0,33
2,2,1,1,0,33
2,2,1,1,0,33
2,2,1,1,0,33
2,2,1,1,0,33
2,2,1,1,1,33
2,2,1,1,1,33
2,2,1,1,1,33
2,2,1,1,1,33
2,2,1,1,1,33
2,2,1,1,1,33
2,2,1,1,1,33
2,2,1,1,1,33
2,2,1,1,1,33
2,2,1,1,1,33
2,2,1,1,1,33
2,2,1,1,1,33
2,2,1,1,1,33
2,2,1,1,1,33
2,2,1,1,1,33
2,2,1,1,1,33
2,2,1,0,1,33
2,2,1,0,1,33
2,2,1,0,1,33
2,2,1,0,1,33
2,2,1,0,1,33
2,2,1,0,1,33
2,2,1,0,2,33
3,2,1,0,2,33
3,2,1,0,2,33
3,2,1,0,2,33
3,2,1,0,2,33
3,2,1,0,2,33
3,2,1,0,2,33
3,2,1,0,2,33
4,2,1,0,2,33
4,3,1,0,2,33
4,3,1,0,2,33
4,3,1,0,3,33
4,3,1,0,3,33
4,3,1,0,3,33
4,3,1,1,3,33
4,3,1,1,3,33
4,4,1,1,3,33
4,4,1,1,3,33
4,4,1,1,3,33
4,4,1,2,2,33
4,4,1,2,2,33
4,5,1,2,2,33
4,5,1,2,2,33
4,5,1,2,2,33
4,5,1,2,2,33
4,5,1,2,3,33
4,5,1,2,3,33
4,5,1,2,3,33
4,5,1,2,3,33
4,5,1,2,3,33
4,5,1,2,3,33
4,5,1,2,4,33
4,5,1,2,4,33
4,5,1,2,4,33
4,5,1,2,4,33
4,5,1,2,4,33
4,5,1,2,5,33
4,5,1,2,5,33
4,5,1,2,5,33
4,5,1,2,5,33
4,5,1,2,5,33
4,5,1,2,5,33
4,5,1,2,5,33
4,6,1,2,5,33
4,6,1,1,5,33
4,6,1,1,5,33
4,6,1,1,5,33
0,0,0,0,0,34
0,0,0,0,0,34
0,0,1,0,0,34
0,0,1,0,0,34
0,0,1,0,0,34
0,0,1,0,0,34
0,0,1,0,0,34
1,0,1,0,0,34
1,0,1,1,0,34
1,1,1,1,0,34
1,1,1,1,0,34
1,1,1,1,0,34
1,1,1,1,0,34
1,1,1,1,1,34
1,1,1,2,1,34
1,1,1,2,1,34
1,1,1,2,1,34
1,1,1,2,1,34
1,1,1,2,1,34
1,1,1,2,1,34
1,1,1,2,2,34
1,1,1,2,2,34
1,1,1,2,2,34
1,1,1,2,2,34
1,1,1,2,2,34
1,1,1,2,2,34
1,1,1,2,2,34
1,1,1,2,2,34
1,1,1,2,2,34
1,1,1,2,2,34
1,1,1,2,2,34
1,1,1,2,2,34
1,1,1,2,2,34
1,1,1,2,2,34
1,1,1,2,2,34
1,1,1,2,2,34
1,1,1,2,2,34
1,1,1,2,2,34
1,1,1,2,2,34
1,1,1,2,2,34
1,1,1,2,2,34
1,1,1,2,2,34
1,1,1,2,2,34
1,1,1,2,2,34
1,0,1,2,2,34
1,0,1,2,2,34
1,0,1,2,2,34
1,0,1,2,2,34
1,0,1,2,2,34
1,0,1,2,2,34
1,0,1,2,2,34
1,0,1,2,2,34
1,0,1,2,2,34
0,0,0,0,0,35
1,0,0,0,0,35
1,0,0,0,0,35
1,0,0,0,1,35
1,0,0,1,1,35
2,0,0,1,1,35
2,1,0,1,1,35
2,1,0,1,1,35
2,1,0,1,2,35
3,1,0,1,2,35
3,1,0,2,2,35
3,1,0,2,2,35
3,1,0,2,2,35
3,1,0,2,2,35
3,1,0,2,2,35
3,1,0,2,2,35
3,1,0,2,2,35
3,1,0,2,2,35
3,1,0,2,2,35
3,1,0,2,2,35
3,1,0,2,2,35
3,1,0,2,2,35
3,1,0,2,2,35
3,1,0,2,2,35
3,1,0,2,2,35
3,1,0,2,2,35
3,1,0,2,2,35
3,1,0,2,2,35
3,1,0,2,2,35
3,1,0,2,2,35
3,1,0,2,2,35
3,1,0,2,2,35
3,1,0,2,2,35
3,1,0,2,2,35
3,1,0,2,2,35
3,1,0,2,2,35
3,1,0,2,2,35
3,1,0,2,2,35
3,1,0,2,2,35
3,1,0,2,2,35
3,1,0,2,2,35
3,1,0,2,2,35
3,1,0,2,2,35
3,1,0,2,2,35
3,1,0,2,2,35
3,1,0,2,2,35
3,1,0,2,2,35
3,1,0,2,2,35
3,1,0,2,2,35
3,1,0,2,2,35
3,1,0,2,1,35
3,1,0,2,1,35
3,1,0,2,1,35
3,1,0,2,1,35
3,1,0,2,1,35
3,1,0,2,1,35
3,1,0,2,1,35
3,1,0,2,1,35
3,1,0,2,1,35
3,1,0,2,0,35
3,1,0,2,0,35
3,1,0,2,0,35
3,1,0,2,0,35
3,1,0,2,0,35
3,1,0,2,0,35
3,1,0,2,0,35
3,1,0,2,0,35
3,1,0,2,0,35
3,1,0,2,0,35
3,1,0,2,0,35
3,1,0,2,0,35
3,1,0,2,0,35
3,1,0,2,0,35
3,1,0,2,0,35
3,1,0,2,0,35
3,1,0,2,0,35
3,1,0,2,0,35
3,1,0,2,0,35
3,1,0,2,0,35
3,1,0,2,0,35
3,1,0,2,0,35
3,1,0,2,0,35
3,1,0,2,0,35
3,1,0,2,0,35
3,1,0,2,0,35
3,1,0,2,0,35
3,1,0,2,0,35
3,1,0,2,0,35
3,1,0,2,0,35
3,1,0,2,1,35
3,1,0,2,1,35
3,1,0,2,1,35
3,1,0,2,1,35
3,1,0,2,1,35
3,1,0,2,1,35
3,1,0,2,1,35
3,1,0,2,1,35
3,1,0,2,1,35
3,1,0,2,1,35
3,1,0,2,1,35
0,0,0,0,0,36
0,0,0,0,0,36
0,0,0,0,0,36
0,1,0,0,0,36
0,2,0,0,0,36
0,1,1,0,0,36
0,1,1,0,1,36
0,1,1,1,1,36
1,1,1,1,1,36
1,1,1,1,1,36
2,1,1,1,1,36
2,1,1,1,1,36
2,1,1,1,1,36
2,1,1,1,1,36
2,1,1,1,1,36
2,1,1,1,1,36
2,1,1,1,1,36
2,1,1,1,1,36
2,1,1,1,1,36
2,1,1,1,1,36
2,1,1,1,1,36
2,1,1,1,1,36
2,1,1,1,1,36
2,1,1,1,1,36
2,1,1,0,1,36
2,1,1,0,1,36
2,1,1,0,1,36
2,1,1,0,1,36
2,1,1,0,1,36
2,1,1,0,1,36
2,1,1,0,1,36
2,1,1,0,1,36
2,1,1,0,1,36
2,1,1,0,1,36
2,1,1,0,1,36
2,1,1,0,1,36
2,1,1,0,1,36
2,1,1,0,1,36
2,1,1,0,1,36
2,1,1,0,1,36
2,1,1,0,1,36
2,1,1,0,1,36
2,1,1,0,1,36
2,1,1,0,1,36
2,1,1,0,1,36
2,1,1,0,1,36
2,1,1,0,1,36
2,1,1,0,1,36
2,1,1,0,1,36
2,1,1,0,1,36
2,1,1,0,1,36
2,1,1,0,1,36
2,1,1,0,1,36
2,1,1,0,1,36
2,1,1,0,1,36
2,1,1,0,1,36
2,1,1,0,1,36
2,1,1,0,1,36
2,1,1,0,1,36
2,1,1,0,1,36
2,1,1,0,1,36
2,1,1,0,1,36
2,1,1,0,1,36
2,1,1,0,1,36
2,1,1,0,1,36
2,1,1,0,1,36
2,1,1,0,1,36
2,1,1,0,1,36
2,1,1,0,1,36
2,1,1,0,1,36
2,1,1,0,1,36
2,1,1,0,1,36
2,1,1,0,1,36
2,1,1,0,1,36
2,1,1,0,1,36
2,1,1,0,1,36
2,1,1,0,1,36
2,1,1,0,1,36
2,1,1,0,1,36
2,1,1,0,1,36
2,1,1,0,1,36
2,1,1,0,1,36
2,1,1,0,1,36
2,1,1,0,1,36
2,1,1,0,1,36
2,1,1,0,1,36
2,1,1,0,1,36
2,1,1,0,1,36
2,1,1,0,1,36
2,1,1,0,1,36
2,1,1,0,1,36
2,1,1,0,1,36
2,1,1,0,1,36
2,1,1,0,1,36
2,1,1,0,1,36
2,1,1,0,1,36
2,1,1,0,1,36
2,1,1,0,1,36
2,1,1,0,1,36
2,1,1,0,1,36
0,0,0,0,0,37
0,0,1,0,0,37
0,0,1,0,1,37
0,0,1,0,2,37
0,0,1,1,2,37
0,0,1,1,3,37
0,1,1,1,3,37
0,1,1,1,3,37
0,1,1,1,3,37
0,1,1,1,3,37
0,1,1,1,3,37
1,1,1,1,3,37
1,1,1,1,4,37
1,1,1,1,4,37
1,1,1,1,4,37
1,1,0,1,4,37
1,1,0,1,5,37
1,2,0,1,5,37
1,2,1,1,5,37
2,2,1,1,5,37
2,2,1,1,5,37
2,2,1,1,6,37
2,2,1,2,5,37
2,2,1,2,5,37
2,2,1,2,5,37
2,3,1,2,5,37
2,3,1,2,5,37
2,3,1,2,5,37
2,3,1,2,5,37
2,3,1,2,5,37
2,4,1,2,4,37
2,4,1,2,4,37
2,4,1,2,4,37
2,4,1,2,5,37
2,4,1,2,5,37
2,4,2,2,5,37
2,4,2,2,5,37
2,4,3,2,5,37
2,4,3,2,5,37
2,4,3,2,5,37
2,4,3,3,5,37
2,4,3,3,5,37
2,4,3,3,5,37
3,4,3,3,5,37
3,5,3,3,5,37
3,5,3,3,5,37
3,5,3,3,5,37
3,5,3,3,5,37
3,5,3,3,6,37
3,5,3,3,7,37
3,5,3,3,7,37
3,5,3,3,7,37
3,6,3,3,7,37
3,6,3,3,7,37
3,6,3,3,7,37
3,6,3,3,8,37
3,6,3,3,8,37
3,6,3,3,8,37
3,6,3,3,8,37
3,5,4,3,8,37
3,5,4,3,8,37
3,5,4,3,8,37
3,6,4,3,8,37
3,6,4,3,8,37
3,6,5,3,8,37
3,6,5,3,8,37
3,6,5,3,9,37
3,6,5,3,9,37
4,6,5,3,9,37
4,6,5,3,9,37
4,6,5,3,9,37
4,7,5,2,9,37
4,7,5,2,9,37
4,7,5,2,9,37
3,7,5,3,9,37
3,6,5,3,9,37
4,6,5,3,9,37
4,6,5,3,9,37
4,6,5,3,9,37
4,7,5,3,9,37
4,7,5,3,9,37
4,7,5,3,9,37
4,7,5,3,9,37
4,7,5,3,9,37
5,7,5,3,9,37
5,7,5,3,9,37
5,7,5,3,9,37
5,7,5,3,9,37
5,6,6,3,9,37
5,6,6,3,9,37
5,6,6,3,9,37
4,6,6,3,10,37
4,6,6,3,10,37
4,6,6,3,10,37
4,6,6,3,10,37
4,6,6,3,10,37
4,6,6,3,10,37
4,6,6,4,10,37
4,6,6,4,10,37
4,6,6,4,10,37
0,0,0,0,0,38
0,0,0,0,1,38
0,0,1,0,1,38
1,0,1,0,1,38
2,0,0,0,1,38
2,1,0,0,1,38
2,1,1,0,1,38
2,1,1,0,1,38
3,1,1,0,1,38
3,1,1,1,1,38
3,2,1,1,1,38
3,2,1,1,1,38
3,2,1,1,1,38
3,2,1,1,1,38
3,2,1,1,2,38
3,3,1,1,2,38
3,3,1,1,2,38
3,3,1,1,2,38
4,3,1,1,2,38
4,3,1,1,2,38
4,3,1,2,2,38
4,3,1,2,2,38
4,3,1,2,3,38
4,3,1,2,3,38
3,4,1,2,3,38
3,4,2,2,3,38
3,4,2,2,3,38
3,4,2,2,3,38
3,4,2,2,3,38
3,4,2,2,3,38
3,4,2,2,3,38
3,4,2,2,3,38
3,4,2,2,3,38
3,4,2,2,4,38
3,4,2,2,4,38
3,4,2,2,4,38
4,4,2,2,4,38
4,4,2,2,4,38
4,4,2,2,4,38
4,4,2,2,4,38
4,4,3,2,3,38
3,4,3,2,3,38
3,4,3,2,3,38
3,4,3,2,4,38
3,4,3,2,4,38
3,4,3,2,4,38
3,4,3,2,4,38
3,4,3,2,5,38
3,4,3,2,5,38
3,4,4,2,5,38
3,4,4,2,5,38
3,4,4,2,5,38
3,4,4,2,5,38
3,3,4,2,5,38
3,3,4,2,5,38
3,3,4,2,5,38
3,3,4,2,6,38
3,3,4,2,6,38
3,3,4,2,6,38
3,3,4,2,6,38
3,3,4,1,7,38
3,3,4,1,7,38
3,3,4,1,7,38
3,3,4,1,7,38
3,3,4,1,7,38
3,3,4,1,7,38
3,3,4,1,7,38
3,3,4,1,7,38
3,3,4,1,7,38
3,3,4,1,7,38
3,3,4,1,7,38
3,3,4,1,7,38
3,3,4,1,7,38
3,3,4,1,7,38
3,3,4,1,7,38
3,3,4,1,7,38
3,3,4,1,7,38
3,3,4,1,7,38
3,3,4,1,7,38
3,3,4,1,7,38
2,3,4,1,7,38
2,3,4,1,7,38
2,3,4,1,7,38
2,3,4,1,7,38
2,3,4,1,7,38
2,3,4,1,7,38
2,3,4,1,7,38
2,3,4,1,7,38
2,3,4,1,7,38
2,3,4,1,7,38
2,3,4,1,7,38
2,3,4,1,7,38
2,3,4,1,6,38
2,3,4,1,6,38
2,3,4,1,6,38
2,3,4,1,6,38
2,3,4,1,6,38
2,3,4,1,6,38
2,2,4,1,6,38
2,2,4,1,6,38
0,0,0,0,0,39
0,0,0,1,0,39
0,0,0,1,0,39
0,0,1,1,0,39
0,0,1,1,0,39
0,0,1,1,1,39
0,0,1,1,1,39
0,0,1,1,1,39
0,0,1,1,1,39
0,1,1,1,1,39
0,1,1,1,1,39
0,1,1,1,1,39
0,1,1,1,1,39
0,1,1,1,1,39
0,2,1,1,1,39
0,2,1,1,1,39
0,2,1,1,1,39
0,2,1,1,1,39
1,2,1,1,1,39
1,2,1,1,1,39
1,2,1,1,1,39
1,2,1,1,1,39
1,2,1,1,1,39
1,2,1,1,1,39
2,2,1,1,1,39
2,2,1,1,1,39
2,2,1,1,1,39
2,2,1,1,1,39
2,2,1,1,1,39
2,2,1,1,1,39
2,2,1,1,1,39
2,2,1,1,1,39
2,2,1,1,1,39
2,2,1,1,1,39
2,2,1,1,1,39
2,2,1,1,1,39
2,2,1,1,1,39
2,2,1,1,1,39
2,2,1,1,1,39
2,2,1,1,1,39
2,2,1,1,1,39
2,2,1,1,1,39
2,2,1,1,1,39
2,2,1,1,1,39
2,2,1,1,1,39
2,2,1,1,1,39
2,2,1,1,1,39
2,2,1,1,1,39
2,2,1,1,1,39
2,2,1,1,1,39
2,2,1,1,1,39
2,2,1,1,1,39
2,2,1,1,1,39
2,2,1,1,1,39
1,2,1,1,1,39
1,2,1,1,1,39
1,2,1,1,1,39
1,2,1,1,1,39
1,2,1,1,1,39
1,2,1,1,1,39
1,2,1,1,1,39
1,2,1,1,1,39
1,2,1,1,1,39
1,2,1,1,1,39
1,2,1,1,1,39
1,2,1,1,1,39
1,2,1,1,1,39
1,2,1,1,1,39
1,2,1,1,1,39
1,2,1,1,1,39
1,2,1,1,1,39
1,2,1,1,1,39
1,2,1,1,1,39
1,2,1,1,1,39
1,2,1,1,1,39
1,2,1,1,1,39
1,2,1,1,1,39
1,2,1,1,1,39
1,2,1,1,1,39
1,2,1,1,1,39
1,2,1,1,1,39
1,2,1,1,1,39
1,2,1,1,1,39
1,2,1,1,1,39
1,2,1,1,1,39
1,2,1,1,1,39
1,2,1,1,1,39
1,2,1,1,1,39
1,2,1,1,1,39
1,2,1,1,1,39
1,2,1,1,1,39
1,2,1,1,1,39
1,2,1,1,1,39
1,2,1,1,1,39
1,2,1,1,1,39
1,2,1,1,1,39
1,2,1,1,1,39
1,2,1,1,1,39
1,2,1,1,1,39
1,2,1,1,1,39
0,0,0,0,0,40
0,0,0,1,0,40
0,0,0,1,0,40
0,0,1,1,0,40
0,1,1,1,0,40
0,1,1,1,0,40
0,1,1,1,1,40
1,1,1,1,1,40
1,1,1,1,2,40
1,1,1,1,2,40
1,2,1,1,2,40
1,2,1,1,2,40
1,2,1,1,2,40
1,2,1,1,2,40
1,2,1,1,2,40
1,2,1,1,2,40
1,2,1,1,2,40
1,2,1,1,2,40
1,2,1,1,2,40
0,2,1,1,2,40
0,2,1,1,2,40
0,2,1,1,2,40
1,2,1,1,2,40
1,2,1,1,2,40
1,2,1,1,2,40
1,2,1,1,2,40
1,2,1,1,2,40
1,2,1,1,2,40
1,2,1,1,2,40
1,2,1,1,2,40
1,2,1,1,2,40
1,2,1,1,2,40
1,2,1,1,2,40
1,2,1,1,2,40
1,2,1,1,2,40
1,2,1,1,2,40
1,2,1,1,2,40
1,2,1,1,2,40
1,2,1,1,2,40
1,2,1,1,2,40
1,2,1,1,2,40
1,2,1,1,2,40
1,2,1,1,2,40
1,2,1,1,2,40
1,2,1,1,2,40
1,2,1,1,2,40
1,2,1,1,2,40
1,2,1,1,2,40
1,2,1,1,2,40
1,2,1,1,2,40
1,2,1,1,2,40
1,2,1,1,2,40
1,2,1,1,2,40
1,2,1,1,2,40
1,2,1,1,2,40
1,2,1,1,2,40
1,2,1,1,2,40
1,2,1,1,2,40
1,2,1,1,2,40
1,2,1,1,2,40
1,2,1,1,2,40
1,2,1,1,2,40
1,2,1,1,2,40
1,2,1,1,2,40
1,2,1,1,2,40
1,2,1,1,2,40
1,2,1,1,2,40
1,2,1,1,2,40
1,2,1,1,2,40
1,2,1,1,2,40
1,2,1,1,1,40
1,2,1,1,1,40
1,2,1,1,1,40
1,2,1,1,1,40
1,2,1,1,1,40
1,2,1,1,1,40
1,2,1,1,1,40
1,2,1,1,1,40
1,2,1,1,1,40
1,2,1,1,1,40
1,2,1,1,1,40
1,2,1,1,1,40
1,2,1,1,1,40
1,2,1,1,1,40
1,2,1,1,1,40
1,2,1,1,1,40
1,2,1,1,1,40
1,2,1,1,1,40
1,2,1,1,1,40
1,2,1,1,1,40
1,2,1,1,1,40
1,2,1,1,1,40
1,2,1,1,1,40
1,2,1,1,1,40
1,2,1,1,1,40
1,2,1,1,1,40
1,2,1,1,1,40
1,2,1,1,1,40
1,2,1,1,1,40
1,2,1,1,1,40
0,0,0,0,0,41
0,0,0,0,1,41
0,0,1,0,1,41
0,0,1,0,2,41
0,0,1,0,2,41
1,0,1,0,2,41
1,0,1,0,2,41
1,0,1,0,3,41
1,0,1,0,3,41
1,0,1,1,3,41
2,0,1,1,3,41
2,1,1,1,3,41
2,2,1,1,3,41
2,2,1,1,3,41
2,2,1,1,3,41
2,2,1,1,3,41
2,2,1,1,4,41
2,2,1,1,4,41
2,2,1,1,4,41
2,2,1,1,4,41
2,2,1,1,4,41
2,3,1,1,4,41
2,3,1,1,4,41
2,3,1,1,4,41
2,3,1,1,4,41
2,3,1,1,4,41
2,3,1,1,4,41
2,3,2,1,4,41
2,3,2,1,4,41
2,3,2,2,4,41
2,3,2,2,4,41
2,3,2,2,4,41
2,3,2,2,4,41
2,3,2,2,4,41
2,3,2,2,5,41
2,2,2,2,5,41
2,2,3,2,5,41
2,2,3,1,5,41
2,2,3,1,5,41
2,2,3,1,5,41
2,2,3,1,5,41
2,2,3,2,5,41
2,2,3,2,5,41
2,2,3,2,5,41
2,2,3,2,5,41
2,2,3,2,5,41
2,2,3,2,5,41
2,2,3,2,5,41
2,2,3,2,4,41
2,2,3,2,4,41
2,2,3,2,4,41
2,2,3,2,5,41
2,2,3,2,5,41
1,2,3,2,5,41
1,2,3,2,5,41
2,2,3,2,5,41
2,2,3,2,5,41
2,2,3,2,5,41
2,3,3,2,5,41
2,3,3,2,5,41
2,3,3,2,5,41
3,3,3,2,5,41
3,3,3,2,5,41
3,3,3,2,5,41
3,3,3,2,5,41
3,4,3,2,5,41
3,4,3,2,5,41
3,4,3,2,5,41
3,4,3,2,5,41
3,4,3,2,5,41
3,4,2,2,5,41
4,4,2,2,5,41
4,4,2,2,5,41
4,4,2,3,5,41
4,4,2,3,5,41
5,4,2,3,5,41
5,4,2,3,5,41
5,5,2,3,5,41
4,5,2,3,6,41
5,5,2,3,6,41
5,5,3,3,6,41
5,5,4,3,6,41
5,5,4,3,6,41
5,5,4,4,6,41
5,5,4,4,6,41
5,5,4,4,6,41
6,5,3,4,6,41
6,5,3,4,6,41
7,5,3,4,6,41
7,5,3,5,6,41
7,5,4,5,6,41
7,5,4,5,6,41
7,5,4,5,6,41
8,5,4,5,6,41
8,5,4,5,6,41
9,5,4,5,6,41
9,6,4,5,6,41
9,7,3,5,6,41
9,7,4,5,6,41
9,7,5,5,6,41
0,0,0,0,0,42
0,0,1,0,0,42
0,1,1,0,0,42
0,1,1,0,1,42
1,1,1,0,1,42
1,1,1,1,0,42
1,1,1,1,0,42
1,1,1,1,0,42
1,1,1,1,1,42
1,1,1,1,1,42
1,1,1,1,1,42
2,1,1,1,1,42
2,1,1,1,1,42
2,1,1,1,1,42
2,1,1,1,1,42
2,1,1,1,1,42
2,1,1,1,1,42
0,0,0,0,0,43
1,0,0,0,0,43
1,0,0,0,0,43
1,0,0,0,1,43
1,0,1,0,1,43
1,0,1,1,1,43
1,0,1,1,1,43
1,1,1,1,1,43
1,1,1,1,2,43
1,1,1,1,2,43
1,1,1,1,2,43
2,1,1,1,2,43
2,2,1,1,2,43
2,2,1,1,2,43
2,3,1,1,2,43
2,3,1,1,2,43
2,3,1,1,2,43
2,3,1,1,2,43
2,3,1,1,3,43
2,3,1,2,3,43
2,3,1,2,3,43
2,3,1,2,3,43
2,3,1,2,3,43
2,3,1,2,3,43
2,3,0,2,4,43
2,3,0,2,4,43
2,3,0,2,4,43
2,3,0,2,4,43
2,3,0,2,4,43
2,3,0,2,4,43
2,3,0,2,4,43
2,3,0,2,4,43
2,3,0,2,4,43
2,3,0,2,4,43
2,3,0,2,4,43
2,3,0,2,4,43
2,3,0,2,4,43
2,3,0,2,4,43
2,3,0,2,4,43
2,3,0,2,4,43
2,3,0,2,4,43
2,3,0,2,4,43
2,3,0,2,4,43
2,3,0,2,4,43
2,3,0,2,4,43
2,3,0,2,4,43
2,3,0,2,4,43
2,3,0,2,4,43
2,3,0,2,4,43
2,3,0,2,4,43
2,3,0,2,4,43
2,3,0,2,4,43
2,3,0,2,4,43
2,3,0,2,4,43
2,3,0,2,4,43
2,3,0,2,4,43
2,3,0,2,4,43
2,3,0,2,4,43
2,3,0,2,4,43
2,3,0,2,4,43
2,3,0,2,4,43
2,3,0,2,4,43
2,3,0,2,4,43
2,3,0,2,4,43
2,3,0,2,4,43
2,3,0,2,4,43
2,3,0,2,4,43
2,3,0,2,4,43
2,3,0,2,4,43
2,3,0,2,4,43
2,3,0,2,4,43
2,3,0,2,4,43
2,3,0,2,4,43
2,3,0,2,4,43
2,3,0,2,4,43
2,3,0,2,4,43
2,3,0,2,4,43
2,3,0,2,4,43
2,3,0,2,4,43
2,3,0,2,4,43
2,3,0,2,4,43
2,3,0,2,4,43
2,3,0,2,4,43
2,3,0,2,4,43
2,3,0,2,4,43
2,3,0,2,4,43
2,3,0,2,4,43
2,3,0,2,4,43
2,3,0,2,4,43
2,3,0,2,4,43
2,3,0,2,4,43
2,3,0,2,4,43
2,3,0,2,4,43
2,3,0,2,4,43
2,3,0,2,4,43
2,3,0,2,4,43
2,3,0,2,4,43
2,3,0,2,4,43
2,3,0,2,4,43
2,3,0,2,4,43
0,0,0,0,0,44
0,0,0,1,0,44
0,1,0,1,0,44
1,1,0,1,0,44
1,1,0,1,1,44
1,1,0,1,1,44
1,1,0,1,1,44
1,1,0,1,1,44
2,1,0,1,1,44
2,1,0,1,2,44
2,2,0,1,2,44
2,2,0,1,2,44
2,2,0,1,2,44
2,2,0,1,2,44
2,2,0,1,3,44
2,2,0,1,3,44
2,2,0,1,3,44
2,2,0,1,3,44
2,2,0,1,3,44
2,2,0,1,3,44
2,2,0,1,3,44
2,2,0,1,3,44
2,2,0,1,3,44
2,2,0,1,3,44
2,2,0,1,3,44
2,2,0,1,3,44
2,2,0,1,3,44
2,2,0,1,3,44
2,2,0,1,3,44
2,2,0,1,3,44
2,2,0,1,3,44
2,2,0,1,3,44
2,2,0,1,3,44
2,2,0,1,3,44
2,2,0,1,3,44
2,2,0,1,3,44
2,2,0,1,3,44
2,2,0,1,3,44
2,2,0,1,3,44
2,2,0,1,3,44
2,2,0,1,3,44
2,2,0,1,3,44
2,2,0,1,3,44
2,2,0,1,3,44
2,1,0,1,3,44
2,1,0,1,3,44
2,1,0,1,3,44
2,1,0,1,3,44
2,1,0,1,3,44
2,1,0,1,3,44
2,1,0,1,3,44
2,1,0,1,3,44
2,1,0,1,3,44
2,1,0,1,3,44
2,1,0,1,3,44
2,1,0,1,3,44
2,1,0,1,3,44
2,1,0,1,3,44
2,1,0,1,3,44
2,1,0,1,3,44
2,1,0,1,3,44
2,1,0,1,3,44
2,1,0,1,3,44
2,1,0,1,3,44
2,1,0,1,3,44
2,1,0,1,3,44
2,1,0,1,3,44
2,1,0,1,3,44
2,1,0,1,3,44
2,1,0,1,3,44
2,1,0,1,3,44
2,1,0,1,2,44
2,1,0,1,2,44
2,1,0,1,2,44
2,1,0,1,2,44
2,1,0,1,2,44
2,1,0,1,2,44
2,1,0,1,2,44
2,2,0,1,2,44
2,2,0,1,2,44
2,2,0,1,2,44
2,2,0,1,2,44
2,2,0,1,2,44
2,2,0,1,2,44
2,2,0,1,2,44
2,2,0,1,2,44
2,2,0,1,2,44
2,2,0,1,2,44
2,2,0,1,2,44
2,2,0,1,2,44
2,2,0,1,2,44
2,2,0,1,2,44
2,2,0,1,2,44
2,2,0,1,2,44
2,2,0,1,2,44
2,2,0,1,2,44
2,2,0,1,2,44
2,2,0,1,2,44
2,2,0,1,2,44
2,2,0,1,2,44
0,0,0,0,0,45
0,0,0,0,1,45
0,0,0,1,1,45
0,0,0,1,1,45
0,0,0,1,1,45
0,0,0,1,1,45
0,0,1,1,1,45
0,0,1,1,1,45
0,0,1,1,1,45
1,0,1,1,1,45
1,0,1,1,2,45
2,0,1,1,1,45
2,0,1,1,1,45
2,0,1,1,1,45
2,0,1,1,2,45
2,0,1,1,2,45
2,1,1,1,2,45
2,1,1,1,2,45
0,0,0,0,0,46
1,0,0,0,0,46
2,0,0,0,0,46
3,0,0,0,0,46
3,0,0,0,0,46
3,0,0,0,0,46
3,0,0,0,1,46
3,0,0,0,1,46
3,0,0,0,2,46
3,1,0,0,2,46
3,1,0,1,2,46
3,1,0,1,2,46
3,1,0,1,2,46
3,1,0,1,2,46
3,1,0,1,2,46
3,1,0,1,2,46
3,1,0,1,2,46
3,2,0,1,2,46
3,2,0,1,2,46
3,2,0,1,2,46
3,2,0,1,2,46
3,2,0,1,2,46
3,2,0,1,2,46
3,2,0,1,2,46
3,2,0,1,2,46
3,2,0,1,2,46
3,2,0,1,2,46
3,2,0,1,2,46
3,2,0,1,2,46
3,2,0,1,2,46
3,2,0,1,2,46
3,2,0,1,2,46
3,2,0,1,2,46
3,2,0,1,2,46
3,2,0,1,2,46
3,2,0,1,2,46
3,2,0,1,2,46
3,2,0,1,2,46
3,2,0,1,2,46
3,2,0,1,2,46
3,2,0,1,2,46
3,2,0,1,2,46
3,2,0,1,2,46
3,2,0,1,2,46
3,2,0,1,2,46
3,2,0,1,2,46
3,2,0,1,2,46
3,1,0,1,2,46
3,1,0,1,2,46
3,1,0,1,2,46
3,1,0,1,2,46
3,1,0,1,2,46
3,1,0,1,2,46
3,1,0,1,2,46
3,1,0,1,2,46
3,1,0,1,2,46
3,1,0,1,2,46
3,1,0,1,2,46
2,1,0,1,2,46
2,1,0,1,2,46
2,1,0,1,2,46
2,1,0,1,2,46
2,1,0,1,2,46
2,1,0,1,2,46
2,1,0,1,2,46
2,1,0,1,2,46
2,1,0,1,2,46
2,1,0,1,2,46
2,1,0,1,2,46
2,1,0,1,2,46
2,1,0,1,2,46
2,1,0,1,2,46
2,1,0,1,2,46
2,1,0,1,2,46
2,1,0,1,2,46
2,1,0,1,2,46
2,1,0,1,2,46
2,1,0,1,2,46
2,1,0,1,2,46
2,1,0,1,2,46
2,1,0,1,2,46
2,1,0,1,2,46
2,1,0,1,2,46
2,1,0,1,2,46
2,1,0,1,2,46
2,1,0,1,1,46
2,1,0,1,1,46
2,1,0,1,1,46
2,1,0,1,1,46
2,1,0,1,1,46
2,1,0,1,1,46
2,1,0,1,1,46
2,1,0,1,1,46
2,1,0,1,1,46
2,1,0,1,2,46
2,1,0,1,2,46
2,1,0,1,2,46
2,1,0,1,2,46
2,1,0,1,2,46
2,1,0,1,2,46
0,0,0,0,0,47
0,0,1,0,0,47
0,0,1,1,0,47
0,1,1,1,0,47
0,2,1,1,0,47
1,2,1,1,0,47
1,2,1,1,0,47
1,2,1,1,0,47
1,2,1,1,0,47
1,2,1,1,0,47
1,2,1,1,0,47
1,2,1,2,0,47
1,2,1,2,0,47
1,2,1,2,0,47
1,2,1,2,0,47
1,2,1,2,0,47
1,2,1,2,0,47
1,2,1,2,0,47
1,2,1,2,0,47
1,2,1,2,0,47
1,2,1,2,0,47
1,2,1,2,0,47
1,2,1,2,0,47
1,2,1,2,0,47
1,2,1,2,0,47
1,2,1,2,0,47
1,2,1,2,0,47
1,2,1,2,0,47
1,2,1,2,0,47
1,2,1,2,0,47
1,2,1,2,0,47
1,2,1,2,0,47
1,2,1,2,0,47
1,2,1,2,0,47
1,2,1,2,0,47
1,2,1,2,0,47
1,2,1,2,0,47
1,2,1,2,0,47
1,2,1,2,0,47
1,2,1,2,0,47
1,2,1,2,0,47
1,2,1,2,0,47
1,2,1,2,0,47
1,2,1,2,0,47
1,2,1,2,0,47
1,2,1,2,0,47
1,2,1,2,0,47
1,2,1,2,0,47
1,2,1,2,0,47
1,2,1,2,0,47
1,2,1,2,0,47
1,2,1,2,0,47
1,2,1,2,0,47
1,2,1,2,0,47
1,2,1,2,0,47
1,2,1,2,0,47
1,2,1,2,0,47
1,2,1,2,0,47
1,2,1,2,0,47
1,2,1,2,0,47
1,2,1,2,0,47
1,2,1,2,0,47
1,2,1,2,0,47
1,2,1,2,0,47
1,2,1,2,0,47
1,2,1,2,0,47
1,2,1,2,0,47
1,2,1,2,0,47
1,2,1,2,0,47
1,2,1,2,0,47
1,2,1,2,0,47
1,2,1,2,0,47
1,2,1,2,0,47
1,2,1,2,0,47
1,2,1,2,0,47
1,2,1,2,0,47
1,2,1,2,0,47
1,2,1,2,0,47
1,2,1,2,0,47
1,2,1,2,0,47
1,2,1,2,0,47
1,2,1,2,0,47
1,2,1,2,0,47
1,2,1,2,0,47
1,2,1,2,0,47
1,2,1,2,0,47
1,2,1,2,0,47
1,2,1,2,0,47
1,2,1,2,0,47
1,2,1,2,0,47
1,2,1,2,0,47
1,2,1,2,0,47
1,2,1,2,0,47
1,2,1,2,0,47
1,2,1,2,0,47
1,2,1,2,0,47
1,2,1,2,0,47
1,2,1,2,0,47
1,2,1,2,0,47
1,2,1,2,0,47
0,0,0,0,0,48
0,1,0,0,0,48
0,1,1,0,0,48
0,1,1,0,0,48
0,1,1,0,0,48
0,1,1,1,0,48
0,1,1,1,0,48
0,2,1,1,0,48
1,2,1,1,0,48
1,3,1,1,0,48
1,3,1,1,0,48
1,3,1,1,0,48
1,3,1,1,1,48
1,3,1,1,1,48
1,3,1,1,1,48
1,3,1,1,1,48
1,3,0,1,1,48
1,3,0,1,1,48
1,3,0,1,2,48
1,3,1,1,2,48
1,3,1,1,2,48
1,3,1,1,2,48
1,3,1,1,2,48
1,4,1,1,2,48
2,4,1,1,2,48
2,4,1,1,3,48
2,4,1,1,3,48
2,3,1,1,3,48
2,3,1,1,3,48
2,3,1,1,3,48
1,3,1,1,3,48
2,3,1,1,3,48
2,3,1,1,3,48
2,3,1,1,3,48
2,3,1,1,3,48
2,3,1,1,3,48
2,3,1,1,3,48
2,3,1,1,3,48
2,3,1,1,3,48
2,3,1,1,3,48
2,3,1,1,4,48
2,3,1,1,4,48
2,3,1,1,4,48
2,3,1,1,4,48
2,3,1,1,4,48
2,3,1,1,4,48
2,3,1,1,4,48
2,3,1,1,4,48
2,3,1,1,4,48
2,3,1,1,4,48
2,3,1,1,4,48
2,3,1,1,4,48
2,3,1,1,4,48
2,3,1,1,4,48
3,3,1,1,4,48
3,3,1,1,4,48
3,3,1,1,4,48
3,3,1,1,4,48
3,3,1,1,4,48
3,3,1,1,4,48
3,3,1,1,4,48
3,3,1,1,4,48
3,3,1,1,4,48
3,3,1,1,4,48
3,3,1,1,4,48
3,3,1,1,4,48
3,3,1,1,4,48
3,3,1,1,4,48
3,3,1,1,4,48
3,3,1,1,4,48
3,3,1,1,4,48
3,3,1,1,5,48
3,3,1,1,5,48
3,3,1,1,5,48
3,3,1,1,5,48
3,3,1,1,5,48
3,3,1,1,5,48
3,3,1,1,5,48
3,3,1,1,5,48
3,3,1,1,5,48
3,3,1,1,5,48
3,3,1,1,5,48
3,3,1,1,5,48
3,3,1,1,5,48
3,3,1,1,5,48
3,3,1,1,5,48
3,3,1,1,5,48
3,3,1,1,5,48
3,3,1,1,5,48
3,3,1,1,5,48
3,3,1,1,5,48
3,3,1,1,5,48
3,3,1,1,5,48
3,3,1,1,6,48
3,3,1,1,6,48
3,3,1,1,6,48
3,3,1,1,6,48
3,3,1,1,6,48
3,3,1,1,6,48
3,3,1,1,6,48
0,0,0,0,0,49
0,0,0,0,0,49
0,0,0,0,0,49
0,0,0,0,1,49
0,0,1,0,1,49
0,0,1,1,1,49
0,0,1,1,2,49
0,0,1,1,2,49
1,0,1,1,2,49
1,0,1,1,2,49
1,0,1,1,2,49
1,0,1,1,3,49
1,0,1,1,3,49
1,0,1,1,3,49
1,0,1,1,3,49
0,0,0,0,0,50
0,0,0,0,0,50
0,0,0,0,1,50
0,0,0,0,1,50
0,0,0,0,1,50
0,1,0,0,1,50
1,1,0,0,1,50
1,1,0,0,2,50
1,1,0,0,3,50
1,1,1,0,3,50
1,1,1,0,3,50
1,1,1,1,3,50
1,1,1,1,3,50
1,1,1,1,3,50
1,1,1,1,3,50
1,1,1,1,3,50
1,1,1,1,3,50
1,1,1,1,3,50
1,1,1,1,3,50
1,1,1,1,3,50
1,1,1,1,3,50
1,0,1,1,3,50
1,0,1,1,3,50
1,0,1,1,3,50
1,0,1,1,3,50
1,0,1,1,3,50
1,0,1,1,3,50
1,0,1,1,3,50
1,0,1,1,3,50
1,0,1,1,3,50
1,0,1,1,3,50
1,0,1,1,3,50
0,0,0,0,0,51
1,0,0,0,0,51
1,0,0,1,0,51
1,0,0,1,1,51
1,0,1,1,1,51
1,0,1,1,1,51
1,1,1,1,1,51
1,1,1,1,1,51
2,1,1,1,1,51
2,1,1,1,1,51
2,1,1,1,1,51
2,1,1,1,1,51
2,1,1,1,2,51
2,1,1,1,2,51
2,1,1,1,2,51
2,1,1,1,2,51
2,1,1,1,1,51
2,1,1,1,1,51
2,1,1,1,1,51
2,1,1,1,1,51
2,1,1,1,1,51
2,1,1,1,1,51
2,1,1,1,1,51
2,1,1,1,1,51
2,1,1,1,1,51
2,1,1,1,1,51
2,1,1,1,1,51
2,1,1,1,1,51
2,1,1,1,1,51
2,1,1,1,1,51
2,1,1,1,1,51
2,1,1,1,1,51
2,1,1,1,1,51
2,1,1,1,1,51
2,1,1,1,1,51
2,1,1,1,1,51
2,1,1,1,1,51
2,1,1,1,1,51
2,1,1,1,1,51
2,1,1,1,1,51
2,1,1,1,1,51
2,1,1,1,1,51
2,1,1,1,1,51
2,1,1,1,1,51
2,1,1,1,1,51
2,1,1,1,1,51
2,1,1,1,1,51
2,1,1,1,1,51
2,1,1,1,1,51
2,1,1,1,1,51
2,1,1,1,1,51
2,1,1,1,1,51
2,1,1,1,1,51
2,1,1,1,1,51
2,1,1,1,1,51
2,1,1,1,1,51
2,1,1,1,1,51
2,1,1,1,1,51
2,1,1,1,1,51
2,1,1,1,1,51
2,1,1,1,1,51
2,1,1,1,1,51
2,1,1,1,1,51
2,1,1,1,1,51
2,1,1,1,1,51
2,1,1,1,1,51
2,1,1,1,1,51
2,1,1,1,1,51
2,1,1,1,1,51
2,1,1,1,1,51
2,1,1,1,1,51
2,1,1,1,1,51
2,1,1,1,1,51
2,1,1,1,1,51
2,1,1,1,1,51
2,1,1,1,1,51
2,1,1,1,1,51
2,1,1,1,1,51
2,1,1,1,1,51
2,1,1,1,1,51
2,1,1,1,1,51
2,1,1,1,1,51
2,1,1,1,1,51
2,1,1,1,1,51
2,1,1,1,1,51
2,1,1,1,1,51
2,1,1,1,1,51
2,1,1,1,1,51
2,1,1,1,1,51
2,1,1,1,1,51
2,1,1,1,1,51
2,1,1,1,1,51
2,1,1,1,1,51
2,1,1,1,1,51
2,1,1,1,1,51
2,1,1,1,1,51
2,1,1,1,1,51
2,1,1,1,1,51
2,1,1,1,1,51
2,1,1,1,1,51
0,0,0,0,0,52
1,0,0,0,0,52
1,0,0,0,1,52
2,0,0,0,1,52
2,1,0,0,1,52
2,1,1,0,1,52
2,2,1,0,1,52
2,2,1,0,2,52
2,2,1,0,2,52
2,2,1,0,2,52
2,2,1,0,2,52
2,2,1,0,2,52
2,2,1,0,2,52
2,2,1,0,2,52
2,2,1,0,2,52
2,2,1,0,2,52
2,2,1,0,2,52
2,2,1,0,3,52
2,1,1,1,3,52
2,1,1,2,3,52
2,2,1,2,2,52
2,2,1,2,2,52
2,3,1,2,2,52
2,3,1,2,2,52
2,3,1,3,2,52
2,3,1,3,2,52
2,3,1,3,2,52
2,3,1,3,2,52
2,3,1,3,3,52
2,3,1,3,3,52
2,3,1,4,3,52
2,3,1,4,3,52
2,3,1,4,3,52
2,3,1,4,3,52
2,3,1,4,4,52
2,3,1,4,4,52
2,3,1,4,4,52
2,3,1,4,5,52
2,3,1,4,5,52
2,3,1,4,5,52
2,3,1,4,5,52
2,4,1,4,5,52
2,4,1,4,5,52
2,4,1,4,5,52
2,4,1,4,5,52
2,4,1,4,5,52
2,4,1,4,5,52
2,4,1,4,5,52
2,4,1,4,5,52
2,4,1,4,5,52
2,4,1,4,5,52
2,4,1,4,5,52
2,4,1,4,5,52
2,4,1,4,5,52
2,4,1,4,5,52
2,4,1,4,5,52
2,4,1,4,5,52
2,4,1,4,5,52
2,4,1,4,5,52
2,4,1,4,5,52
2,4,1,4,5,52
2,4,1,3,5,52
2,4,1,3,5,52
2,4,1,3,5,52
2,4,1,3,5,52
2,4,1,3,5,52
2,4,1,3,5,52
2,4,1,3,5,52
2,4,1,3,5,52
2,4,1,3,5,52
2,4,1,3,5,52
2,4,1,3,5,52
2,4,1,3,5,52
2,4,1,3,5,52
2,4,1,3,5,52
2,4,1,3,5,52
2,4,1,3,5,52
2,4,1,3,5,52
2,4,1,3,5,52
2,4,1,3,5,52
2,4,1,3,5,52
2,4,1,3,5,52
2,4,1,3,5,52
2,4,1,3,5,52
2,4,1,3,5,52
2,4,1,3,5,52
2,4,1,3,5,52
2,4,1,3,5,52
2,4,1,3,5,52
2,4,1,3,5,52
2,4,1,3,5,52
2,4,1,3,5,52
2,4,1,3,5,52
2,4,1,3,5,52
2,4,1,3,5,52
2,4,1,3,5,52
2,4,1,3,5,52
2,4,1,3,5,52
2,4,1,3,5,52
2,4,1,3,5,52
0,0,0,0,0,53
0,0,1,0,0,53
0,0,1,1,0,53
0,0,1,1,0,53
1,0,1,1,0,53
1,0,1,1,0,53
1,0,1,1,0,53
1,0,1,0,1,53
1,1,1,0,1,53
1,1,1,0,2,53
1,1,1,0,2,53
1,1,1,0,2,53
1,1,1,1,2,53
1,1,1,1,2,53
1,2,1,1,2,53
1,2,1,1,2,53
1,3,1,1,2,53
1,3,1,1,2,53
1,3,1,1,2,53
1,3,1,1,2,53
1,3,1,1,2,53
1,3,1,1,2,53
1,3,1,1,2,53
1,3,1,1,2,53
1,3,1,1,3,53
1,3,1,1,3,53
1,3,1,1,4,53
1,3,1,1,4,53
1,3,1,1,5,53
1,3,0,1,5,53
2,3,0,1,5,53
2,3,1,1,5,53
2,3,1,1,5,53
1,3,1,1,5,53
1,3,1,1,5,53
1,3,1,1,5,53
2,3,1,1,5,53
2,3,1,1,5,53
2,3,1,1,5,53
2,3,1,1,5,53
2,3,1,1,5,53
2,3,1,1,5,53
2,3,1,1,5,53
2,3,1,1,5,53
2,3,1,1,5,53
2,3,2,1,5,53
2,3,2,1,5,53
2,3,2,1,5,53
2,3,2,1,4,53
2,3,2,1,4,53
2,3,2,1,4,53
2,3,2,1,4,53
3,3,2,1,4,53
3,3,2,1,4,53
3,3,2,1,4,53
3,3,2,1,4,53
3,3,2,1,4,53
3,3,2,1,4,53
3,3,2,1,4,53
3,3,2,1,4,53
3,3,2,1,4,53
3,3,2,1,4,53
3,3,2,1,4,53
3,3,2,1,4,53
3,3,2,1,4,53
3,3,2,1,5,53
3,3,2,1,5,53
3,3,2,1,5,53
3,3,2,1,5,53
3,3,2,1,5,53
3,3,2,1,5,53
2,3,2,1,5,53
2,3,2,1,5,53
2,3,2,1,5,53
2,3,2,1,5,53
2,3,2,1,5,53
2,3,2,1,5,53
3,3,2,1,5,53
3,3,2,1,5,53
3,3,2,1,5,53
3,3,2,1,5,53
3,3,2,1,5,53
3,3,2,1,5,53
3,3,2,1,5,53
3,3,2,1,5,53
3,3,2,1,5,53
3,3,2,1,5,53
3,3,2,2,5,53
3,3,2,2,5,53
3,3,2,2,4,53
3,3,2,2,5,53
3,3,2,2,5,53
3,3,2,2,5,53
3,3,2,3,5,53
3,3,2,3,6,53
3,3,3,3,6,53
3,4,3,3,6,53
3,4,3,3,5,53
3,4,3,3,6,53
3,4,3,3,6,53
0,0,0,0,0,54
0,0,0,1,0,54
0,0,1,1,0,54
0,0,1,1,1,54
0,0,1,1,1,54
0,0,1,1,1,54
0,0,1,1,2,54
0,0,1,1,3,54
1,0,1,1,3,54
1,1,1,1,3,54
1,2,1,1,3,54
1,2,1,1,3,54
1,2,1,1,3,54
1,2,1,1,3,54
1,2,1,1,3,54
1,2,1,1,3,54
1,2,1,1,3,54
2,2,1,1,3,54
2,2,1,1,3,54
2,2,1,1,3,54
2,2,1,1,3,54
2,2,1,1,3,54
2,2,1,1,3,54
2,2,1,1,3,54
2,2,1,1,3,54
2,2,1,1,3,54
2,2,1,1,3,54
2,2,1,1,3,54
2,2,1,1,3,54
2,2,1,1,3,54
2,2,1,1,3,54
2,2,1,1,3,54
2,2,1,1,3,54
2,2,1,1,3,54
2,2,1,1,3,54
2,2,1,1,3,54
2,2,1,1,3,54
2,2,1,1,3,54
2,2,1,1,3,54
2,2,1,1,3,54
2,2,1,1,3,54
2,2,1,1,3,54
2,2,1,1,3,54
2,2,1,1,3,54
2,2,1,1,3,54
2,2,1,1,3,54
2,2,1,1,3,54
2,2,1,1,3,54
2,2,1,1,3,54
2,2,1,1,3,54
2,2,1,1,3,54
2,2,1,1,3,54
2,2,1,1,3,54
2,2,1,1,3,54
2,2,1,1,3,54
2,2,1,1,3,54
2,2,1,1,3,54
2,2,1,1,3,54
2,2,1,1,3,54
2,2,1,1,3,54
2,2,1,1,3,54
2,2,1,1,3,54
2,2,1,1,3,54
2,2,1,1,3,54
2,2,1,1,3,54
2,2,1,1,3,54
2,2,1,1,3,54
2,2,1,1,3,54
2,2,1,1,3,54
2,2,1,1,3,54
2,2,1,1,3,54
2,2,1,1,3,54
2,2,1,1,3,54
2,2,1,1,3,54
2,2,1,1,3,54
2,2,1,1,3,54
2,2,1,1,3,54
2,2,1,1,3,54
2,2,1,1,3,54
2,2,1,1,3,54
2,2,1,1,3,54
2,2,1,1,3,54
2,2,1,1,3,54
2,2,1,1,3,54
2,2,1,1,3,54
2,2,1,1,3,54
2,2,1,1,3,54
2,2,1,1,3,54
2,2,1,1,3,54
2,2,1,1,3,54
2,2,1,1,3,54
2,2,1,1,3,54
2,2,1,1,3,54
2,2,1,1,3,54
2,2,1,1,3,54
2,2,1,1,3,54
2,2,1,1,3,54
2,2,1,1,3,54
2,2,1,1,3,54
2,2,1,1,3,54
0,0,0,0,0,55
0,0,0,0,0,55
0,0,0,0,0,55
0,1,0,0,0,55
1,1,0,0,0,55
2,1,0,0,0,55
2,2,0,0,0,55
2,2,0,0,0,55
2,2,0,1,0,55
2,3,0,1,0,55
2,3,0,1,0,55
2,3,0,1,0,55
2,3,0,2,0,55
2,3,0,2,0,55
2,3,0,2,1,55
2,3,0,2,1,55
2,3,0,2,1,55
2,3,0,2,1,55
2,3,0,2,1,55
2,3,0,2,1,55
2,3,0,2,1,55
2,3,0,2,1,55
2,3,0,2,1,55
2,3,0,2,1,55
2,3,0,2,1,55
2,3,0,2,1,55
2,3,0,2,1,55
2,3,0,2,1,55
2,3,0,2,1,55
2,3,0,2,1,55
2,3,0,2,1,55
2,3,0,2,1,55
2,3,0,2,1,55
2,3,0,2,1,55
2,3,0,2,1,55
2,3,0,2,1,55
2,3,0,2,1,55
2,3,0,2,1,55
2,3,0,2,1,55
2,3,0,2,1,55
2,3,0,2,1,55
2,3,0,2,1,55
2,3,0,2,1,55
2,3,0,2,1,55
2,3,0,2,1,55
2,3,0,2,1,55
2,3,0,2,1,55
2,3,0,2,1,55
2,3,0,2,1,55
2,3,0,2,1,55
2,3,0,2,1,55
2,3,0,2,1,55
2,3,0,2,1,55
2,3,0,2,1,55
2,3,0,2,1,55
2,3,0,2,1,55
2,3,0,2,1,55
2,3,0,2,1,55
2,3,0,2,1,55
2,3,0,2,1,55
2,3,0,2,1,55
2,3,0,2,1,55
2,3,0,2,1,55
2,3,0,2,1,55
2,3,0,2,1,55
2,3,0,2,1,55
2,3,0,2,1,55
2,3,0,2,1,55
2,3,0,2,1,55
2,3,0,2,1,55
2,3,0,2,1,55
2,3,0,2,1,55
2,3,0,2,1,55
2,3,0,2,1,55
2,3,0,2,1,55
2,3,0,2,1,55
2,3,0,2,1,55
2,3,0,2,1,55
2,3,0,2,1,55
2,3,0,2,1,55
2,3,0,2,1,55
2,3,0,2,1,55
2,3,0,2,1,55
2,3,0,2,1,55
2,3,0,2,1,55
2,3,0,2,1,55
2,3,0,2,1,55
2,3,0,2,1,55
2,3,0,2,1,55
2,3,0,2,1,55
2,3,0,2,1,55
2,3,0,2,1,55
2,3,0,2,1,55
2,3,0,2,1,55
2,3,0,2,1,55
2,3,0,2,1,55
2,3,0,2,1,55
2,3,0,2,1,55
2,3,0,2,1,55
2,3,0,2,1,55
0,0,0,0,0,56
1,0,0,0,0,56
1,1,0,0,0,56
1,1,0,0,1,56
2,1,0,0,1,56
2,1,1,0,1,56
2,1,1,0,1,56
2,1,1,1,1,56
3,1,1,1,1,56
3,1,1,1,1,56
3,1,1,1,1,56
3,2,1,1,1,56
3,2,1,1,1,56
3,2,1,1,1,56
3,2,1,1,1,56
3,3,1,1,0,56
3,3,1,1,0,56
3,3,2,1,0,56
3,3,2,2,0,56
3,3,2,2,0,56
3,3,2,3,0,56
3,3,2,3,1,56
3,4,2,3,1,56
4,4,2,3,1,56
4,4,2,3,1,56
4,5,2,3,1,56
4,5,2,4,1,56
4,5,3,4,1,56
5,5,3,4,1,56
6,5,3,4,1,56
7,5,3,4,1,56
7,5,3,5,1,56
7,5,4,5,1,56
7,5,4,5,1,56
7,5,4,5,1,56
7,5,4,5,1,56
7,5,5,5,1,56
7,5,5,5,1,56
7,5,5,5,1,56
7,5,5,5,1,56
7,5,5,5,2,56
7,5,5,6,2,56
7,5,6,6,2,56
7,5,6,6,2,56
6,5,6,6,3,56
6,5,6,6,3,56
6,5,6,6,3,56
6,5,6,6,3,56
6,5,6,6,3,56
6,6,6,6,3,56
6,6,6,6,3,56
6,6,6,6,3,56
6,7,6,5,3,56
7,7,6,5,3,56
7,7,6,5,3,56
8,7,6,5,3,56
8,7,6,5,3,56
8,8,6,5,3,56
8,8,6,5,3,56
9,8,6,5,3,56
9,8,6,5,4,56
10,8,6,4,4,56
10,8,7,4,4,56
10,8,7,5,4,56
10,8,7,5,4,56
10,9,7,5,3,56
10,9,7,6,3,56
10,9,7,6,3,56
10,9,7,6,3,56
10,9,6,6,4,56
10,9,6,6,5,56
10,10,6,6,5,56
9,10,6,6,6,56
9,10,6,6,6,56
9,10,6,6,6,56
9,9,7,6,6,56
9,9,7,6,7,56
9,9,7,6,7,56
8,10,7,6,7,56
8,10,7,6,7,56
8,10,7,6,7,56
9,10,7,6,7,56
9,10,7,6,7,56
9,10,7,6,7,56
9,10,7,6,7,56
9,10,7,6,7,56
10,10,7,6,7,56
10,10,7,6,8,56
10,10,7,6,9,56
10,10,7,6,9,56
10,10,7,6,9,56
10,10,7,6,9,56
10,11,7,6,8,56
10,11,7,6,8,56
10,11,7,6,8,56
10,11,7,6,8,56
10,10,7,7,8,56
10,10,7,7,8,56
10,10,7,7,8,56
10,10,6,7,9,56
0,0,0,0,0,57
0,0,0,0,1,57
0,1,0,0,1,57
0,1,0,1,1,57
0,1,0,1,1,57
0,2,0,1,1,57
0,2,0,1,1,57
0,2,0,1,1,57
0,3,0,1,1,57
0,3,0,1,1,57
0,3,0,1,2,57
0,3,0,1,2,57
0,3,0,1,2,57
0,3,0,1,3,57
0,3,0,1,4,57
0,3,0,1,4,57
0,3,0,1,4,57
0,3,0,1,4,57
0,3,0,1,4,57
0,3,0,1,4,57
0,3,0,1,4,57
0,3,0,1,4,57
0,3,0,1,4,57
0,3,0,1,4,57
0,3,0,1,4,57
0,3,0,1,4,57
0,3,0,1,4,57
0,3,0,1,4,57
0,3,0,1,4,57
0,3,0,1,4,57
0,3,0,1,4,57
0,3,0,1,4,57
0,3,0,1,4,57
0,3,0,1,4,57
0,3,0,1,4,57
0,3,0,0,4,57
0,3,0,0,4,57
0,3,0,0,4,57
0,3,0,0,4,57
0,3,0,0,4,57
0,3,0,0,4,57
0,3,0,0,4,57
0,3,0,0,4,57
0,3,0,0,4,57
0,3,0,0,4,57
0,3,0,0,4,57
0,3,0,0,4,57
0,3,0,0,4,57
0,3,0,0,4,57
0,3,0,0,4,57
0,3,0,0,4,57
0,3,0,0,4,57
0,3,0,0,4,57
0,3,0,0,4,57
0,3,0,0,4,57
0,3,0,0,4,57
0,3,0,0,4,57
0,3,0,0,4,57
0,3,0,0,4,57
0,3,0,0,4,57
0,3,0,0,4,57
0,3,0,0,4,57
0,3,0,0,4,57
0,3,0,0,4,57
0,3,0,0,4,57
0,3,0,0,4,57
0,3,0,0,4,57
0,3,0,0,4,57
0,3,0,0,4,57
0,3,0,0,4,57
0,3,0,0,4,57
0,3,0,0,4,57
0,3,0,0,4,57
0,3,0,0,4,57
0,3,0,0,4,57
0,3,0,0,4,57
0,3,0,0,4,57
0,3,0,0,4,57
0,3,0,0,4,57
0,3,0,0,4,57
0,3,0,0,4,57
0,3,0,0,4,57
0,3,0,0,4,57
0,3,0,0,4,57
0,3,0,0,4,57
0,3,0,0,4,57
0,3,0,0,4,57
0,3,0,0,4,57
0,3,0,0,4,57
0,3,0,0,4,57
0,3,0,0,4,57
0,3,0,0,4,57
0,3,0,0,4,57
0,3,0,0,4,57
0,3,0,0,4,57
0,3,0,0,4,57
0,3,0,0,4,57
0,3,0,0,4,57
0,3,0,0,4,57
0,3,0,0,4,57
0,0,0,0,0,58
0,0,0,0,1,58
0,0,0,0,1,58
1,0,0,0,1,58
2,0,0,0,1,58
2,0,1,0,1,58
2,0,1,0,1,58
2,1,1,0,1,58
2,0,1,0,2,58
2,1,1,0,1,58
2,1,1,0,1,58
2,1,1,0,2,58
3,1,1,0,2,58
3,1,1,0,2,58
3,1,1,0,2,58
3,2,1,0,2,58
3,2,1,0,2,58
3,2,1,0,2,58
3,2,1,0,2,58
3,2,1,0,2,58
3,2,1,0,2,58
3,2,1,0,2,58
3,2,1,0,2,58
3,2,1,0,2,58
3,2,1,0,2,58
3,2,1,0,2,58
3,2,1,0,2,58
3,2,1,0,2,58
3,2,1,0,2,58
3,2,1,0,2,58
3,2,1,0,2,58
3,2,1,0,2,58
3,2,1,0,2,58
3,2,1,0,2,58
3,2,1,0,2,58
3,2,1,0,2,58
3,2,1,0,2,58
3,2,1,0,2,58
3,2,1,0,2,58
3,2,1,0,2,58
3,2,1,0,2,58
3,2,1,0,2,58
3,2,1,0,2,58
3,2,1,0,2,58
3,2,1,0,2,58
3,2,1,0,2,58
3,2,1,0,2,58
3,2,1,0,2,58
3,2,1,0,2,58
3,2,1,0,2,58
3,2,1,0,2,58
3,2,1,0,2,58
3,2,1,0,2,58
3,2,1,0,2,58
3,2,1,0,2,58
3,2,1,0,2,58
3,2,1,0,2,58
3,2,1,0,2,58
3,2,1,0,2,58
3,2,1,0,2,58
3,2,1,0,2,58
3,2,1,0,2,58
3,2,1,0,2,58
3,2,1,0,2,58
3,2,1,0,2,58
3,2,1,0,2,58
3,2,1,0,2,58
3,2,1,0,2,58
3,2,1,0,2,58
3,2,1,0,2,58
3,2,1,0,2,58
3,2,1,0,2,58
3,2,1,0,2,58
3,2,1,0,2,58
3,1,1,0,2,58
3,1,1,0,2,58
3,1,1,0,2,58
3,1,1,0,2,58
3,1,1,0,2,58
3,1,1,0,2,58
3,1,1,0,2,58
3,1,1,0,2,58
3,1,1,0,2,58
3,1,1,0,2,58
3,1,1,0,2,58
3,1,1,0,2,58
3,1,1,0,2,58
3,1,1,0,2,58
3,1,1,0,2,58
3,1,1,0,2,58
3,1,1,0,2,58
3,1,1,0,2,58
3,1,1,0,2,58
3,1,1,0,2,58
3,1,1,0,2,58
3,1,1,0,2,58
3,1,1,0,2,58
3,1,1,0,2,58
3,1,1,0,2,58
3,1,1,0,2,58
0,0,0,0,0,59
0,0,1,0,0,59
0,1,1,0,0,59
0,1,1,0,1,59
0,1,1,0,1,59
0,1,1,1,1,59
0,1,1,1,1,59
0,1,1,1,1,59
0,1,1,1,1,59
0,1,1,1,1,59
0,1,1,1,1,59
0,1,1,1,1,59
0,1,1,1,1,59
0,2,1,1,1,59
0,2,1,1,1,59
0,2,1,1,1,59
0,2,1,1,1,59
0,2,1,1,2,59
0,2,1,1,2,59
0,2,1,1,3,59
1,2,1,1,3,59
1,2,1,1,3,59
1,2,1,1,3,59
2,2,1,1,3,59
2,2,1,1,3,59
2,2,1,1,3,59
2,2,1,1,3,59
2,2,1,1,3,59
2,2,1,1,3,59
2,2,1,1,3,59
2,2,1,1,3,59
2,2,1,1,3,59
2,2,1,1,3,59
2,2,1,1,3,59
2,2,1,1,3,59
2,2,1,1,3,59
2,2,1,1,3,59
2,2,1,1,3,59
2,2,1,1,3,59
2,2,1,1,3,59
2,2,1,1,3,59
2,2,1,1,3,59
2,2,1,1,3,59
2,2,1,1,3,59
2,2,1,1,3,59
2,2,1,1,3,59
2,2,1,1,3,59
2,2,1,1,3,59
2,2,1,1,3,59
2,2,1,1,3,59
2,2,1,1,3,59
2,2,1,1,3,59
2,2,1,1,3,59
2,2,1,1,3,59
2,2,1,1,3,59
2,2,1,1,3,59
2,2,1,1,3,59
2,2,1,1,3,59
2,2,1,1,3,59
2,2,1,1,3,59
2,2,1,1,3,59
2,2,1,1,3,59
2,2,1,1,3,59
2,2,1,1,3,59
2,2,1,1,3,59
2,2,1,1,3,59
2,2,1,1,3,59
2,2,1,1,3,59
2,2,1,1,3,59
2,2,1,1,3,59
2,2,1,1,3,59
2,2,1,1,3,59
2,2,1,1,3,59
2,2,1,1,3,59
2,2,1,1,3,59
2,2,1,1,3,59
2,2,1,1,3,59
2,2,1,1,3,59
2,2,1,1,3,59
2,2,1,1,3,59
2,2,1,1,3,59
2,2,1,1,3,59
2,2,1,1,3,59
2,2,1,1,3,59
2,2,1,1,3,59
2,2,1,1,3,59
2,2,1,1,3,59
2,2,1,1,3,59
2,2,1,1,3,59
2,2,1,1,3,59
2,2,1,1,3,59
2,2,1,1,3,59
2,2,1,1,3,59
2,2,1,1,3,59
2,2,1,1,3,59
2,2,1,1,3,59
2,2,1,1,3,59
2,2,1,1,3,59
2,2,1,1,3,59
2,2,1,1,3,59
0,0,0,0,0,60
0,1,0,0,0,60
0,1,0,1,0,60
0,1,0,1,1,60
0,1,1,1,1,60
1,1,1,1,1,60
1,1,1,1,1,60
1,1,1,1,1,60
1,1,1,1,1,60
2,1,1,1,1,60
2,1,1,1,2,60
2,2,1,1,2,60
2,2,1,1,2,60
2,2,1,1,2,60
3,2,1,1,2,60
3,2,1,1,2,60
3,2,1,2,2,60
3,2,1,2,2,60
3,2,1,2,2,60
3,3,1,2,2,60
3,3,1,2,2,60
3,3,2,2,2,60
3,3,2,2,2,60
3,3,2,2,3,60
3,3,2,2,3,60
3,3,3,2,3,60
3,3,3,2,3,60
3,4,3,2,3,60
3,4,3,2,4,60
3,4,3,2,5,60
3,4,3,2,5,60
3,4,3,2,5,60
4,4,3,2,5,60
4,4,3,2,5,60
4,4,3,2,6,60
4,4,3,2,7,60
4,4,3,2,7,60
5,4,3,2,7,60
5,4,3,2,7,60
5,4,3,2,7,60
5,4,3,2,8,60
6,4,3,1,8,60
6,4,3,2,8,60
6,4,3,2,8,60
6,4,3,2,8,60
6,5,3,2,8,60
6,5,4,2,8,60
6,5,4,2,8,60
6,4,4,2,8,60
6,4,4,2,8,60
6,4,5,2,8,60
6,4,5,2,8,60
6,5,5,2,8,60
6,5,5,2,8,60
6,5,5,2,8,60
6,5,5,2,8,60
6,5,6,2,7,60
6,5,6,2,7,60
5,5,6,2,7,60
5,5,6,2,7,60
5,5,6,2,7,60
5,5,6,3,7,60
5,5,6,3,7,60
5,5,6,3,7,60
5,5,6,3,7,60
6,5,6,3,7,60
6,5,6,3,7,60
6,5,6,3,7,60
5,5,6,3,8,60
5,5,6,3,9,60
5,5,6,3,9,60
5,4,6,3,10,60
5,4,6,3,10,60
5,4,5,3,10,60
6,4,5,3,10,60
6,4,5,3,10,60
6,4,5,3,10,60
6,4,5,3,10,60
6,4,5,3,11,60
5,4,5,3,11,60
5,4,5,3,10,60
5,4,5,4,10,60
5,4,5,4,10,60
5,4,5,4,10,60
6,4,5,4,10,60
6,4,5,4,10,60
6,4,5,4,10,60
6,4,6,4,10,60
6,4,6,4,11,60
6,4,6,4,11,60
6,4,6,4,12,60
6,4,6,4,12,60
6,4,6,4,12,60
6,5,6,4,12,60
7,5,6,4,12,60
7,5,6,4,12,60
7,6,6,4,12,60
7,6,6,4,12,60
7,6,6,4,12,60
7,7,6,4,11,60
0,0,0,0,0,61
0,0,0,1,0,61
0,1,0,1,0,61
1,1,0,1,0,61
2,1,0,1,0,61
2,1,0,1,0,61
2,1,1,1,0,61
2,1,1,1,0,61
2,1,1,1,0,61
2,1,2,1,0,61
2,2,2,1,0,61
2,2,2,1,1,61
2,2,2,1,1,61
1,2,2,1,1,61
1,2,2,1,1,61
1,2,2,1,2,61
1,2,2,1,2,61
1,2,2,1,2,61
1,2,2,1,2,61
1,2,2,1,2,61
1,2,2,1,2,61
1,2,2,1,2,61
1,2,2,1,2,61
1,2,2,1,2,61
1,2,2,1,2,61
1,2,2,1,2,61
1,2,2,1,2,61
1,2,2,1,2,61
1,2,2,1,2,61
1,2,2,1,2,61
1,2,2,1,2,61
1,2,2,1,2,61
1,2,2,1,2,61
1,2,2,1,2,61
1,2,2,1,2,61
1,2,2,1,2,61
1,2,2,1,2,61
1,2,2,1,2,61
1,2,2,1,2,61
1,2,2,1,2,61
1,2,2,1,2,61
1,2,2,1,2,61
1,2,2,1,2,61
1,2,2,1,2,61
1,2,2,1,2,61
1,2,2,1,2,61
1,2,2,1,2,61
1,2,2,1,2,61
1,2,2,1,2,61
1,2,2,1,2,61
1,2,2,1,2,61
1,2,2,1,2,61
1,2,2,1,2,61
1,2,2,1,2,61
1,2,2,1,2,61
1,2,2,1,2,61
1,2,2,1,2,61
1,2,2,1,2,61
1,2,2,1,2,61
1,2,2,1,2,61
1,2,2,1,2,61
1,2,2,1,2,61
1,2,2,1,2,61
1,2,2,1,2,61
1,2,2,1,2,61
1,2,2,1,2,61
1,2,2,1,2,61
1,2,2,1,2,61
1,2,2,1,2,61
1,2,2,1,2,61
1,2,2,1,2,61
1,2,2,1,2,61
1,2,2,1,2,61
1,2,2,1,2,61
1,2,2,1,2,61
1,2,2,1,2,61
1,2,2,1,2,61
1,2,2,1,2,61
1,2,2,1,2,61
1,2,2,1,2,61
1,2,2,1,2,61
1,2,2,1,2,61
1,2,2,1,2,61
1,2,2,1,2,61
1,2,2,1,2,61
1,2,2,1,2,61
1,2,2,1,2,61
1,2,2,1,2,61
1,2,2,1,2,61
1,2,2,1,2,61
1,2,2,1,2,61
1,2,2,1,2,61
1,2,2,1,2,61
1,2,2,1,2,61
1,2,2,1,2,61
1,2,2,1,2,61
1,2,2,1,2,61
1,2,2,1,2,61
1,2,2,1,2,61
1,2,2,1,2,61
0,0,0,0,0,62
0,1,0,0,0,62
0,1,1,0,0,62
0,1,1,1,0,62
1,1,1,0,0,62
1,2,1,0,0,62
1,2,2,0,0,62
2,2,2,0,0,62
2,2,2,0,0,62
2,2,2,0,0,62
2,2,2,0,0,62
2,2,2,0,0,62
2,2,2,0,0,62
2,2,2,0,1,62
2,2,2,0,1,62
2,2,2,0,1,62
2,2,2,1,1,62
2,2,2,1,1,62
1,2,2,1,2,62
1,2,2,1,2,62
1,3,2,1,1,62
1,3,2,1,2,62
1,3,2,1,2,62
1,3,3,1,2,62
1,3,3,1,2,62
1,3,3,1,2,62
2,3,3,1,2,62
2,3,3,1,2,62
2,3,3,1,2,62
2,3,3,1,3,62
2,3,4,1,3,62
2,3,4,1,3,62
2,3,4,1,3,62
3,3,4,1,3,62
3,3,4,1,3,62
3,3,4,1,3,62
3,3,4,1,4,62
3,3,4,1,5,62
3,3,4,1,5,62
3,3,4,1,5,62
3,3,4,2,4,62
3,3,4,2,4,62
3,3,4,2,4,62
3,3,4,2,5,62
3,3,4,2,5,62
3,3,4,2,6,62
3,3,4,2,6,62
3,3,4,2,6,62
4,3,4,2,6,62
4,3,4,2,6,62
4,3,4,2,6,62
4,3,4,2,6,62
5,3,4,2,6,62
5,3,4,2,6,62
5,3,5,2,6,62
5,3,5,2,6,62
5,3,5,2,6,62
5,3,5,2,6,62
5,3,5,2,6,62
4,3,5,2,7,62
4,3,5,2,7,62
4,3,5,2,7,62
4,4,5,2,7,62
4,4,5,2,7,62
4,4,5,2,7,62
4,4,4,2,8,62
4,4,4,2,8,62
4,4,4,2,8,62
5,4,4,2,8,62
5,4,4,2,8,62
5,4,4,2,8,62
5,4,4,2,8,62
5,4,3,2,9,62
5,4,3,2,9,62
5,4,3,2,9,62
5,4,3,2,9,62
5,4,3,2,9,62
6,4,3,2,9,62
6,4,3,2,9,62
6,4,3,2,9,62
6,4,3,2,9,62
6,5,3,2,9,62
6,5,3,2,9,62
6,5,3,2,9,62
6,5,3,2,9,62
6,5,3,2,9,62
6,5,3,2,9,62
6,6,3,2,9,62
6,6,3,2,9,62
6,6,3,2,9,62
6,6,3,2,9,62
6,6,3,2,8,62
6,6,3,2,8,62
6,6,3,2,8,62
6,6,3,2,8,62
6,6,3,2,8,62
6,6,4,2,8,62
6,6,4,2,8,62
6,6,4,3,8,62
6,6,4,3,8,62
0,0,0,0,0,63
0,0,0,0,1,63
0,0,0,0,1,63
0,0,0,0,2,63
0,0,0,1,2,63
0,0,0,1,2,63
0,0,0,1,2,63
0,0,0,1,2,63
0,1,0,0,2,63
0,1,0,1,2,63
1,1,0,1,2,63
1,1,0,1,2,63
1,1,0,1,2,63
1,1,1,1,2,63
1,1,1,1,2,63
1,2,1,1,2,63
1,2,1,1,2,63
1,2,1,1,2,63
1,2,1,1,2,63
1,2,1,1,2,63
1,2,1,1,2,63
1,2,1,1,2,63
1,2,1,1,2,63
1,2,1,1,2,63
1,2,1,1,2,63
1,2,1,1,2,63
1,2,1,1,2,63
1,2,1,1,2,63
1,2,1,1,2,63
1,2,1,1,2,63
1,2,1,1,2,63
1,2,1,1,2,63
1,2,1,1,2,63
1,2,1,1,2,63
1,2,1,1,2,63
1,2,1,1,2,63
1,2,1,1,2,63
1,2,1,1,2,63
1,2,1,1,2,63
1,2,1,1,2,63
1,2,1,1,2,63
1,2,1,1,2,63
1,2,1,1,2,63
1,2,1,1,2,63
1,2,1,1,2,63
1,2,1,1,2,63
1,2,1,1,2,63
1,2,1,1,2,63
1,2,1,1,2,63
1,2,1,1,2,63
1,2,1,1,2,63
1,2,1,1,2,63
1,2,1,1,2,63
1,2,1,1,2,63
1,2,1,1,2,63
1,2,1,1,2,63
1,2,1,1,2,63
1,2,1,1,2,63
1,2,1,1,2,63
1,2,1,1,2,63
1,2,1,1,2,63
1,2,1,1,2,63
1,2,1,1,2,63
1,2,1,1,2,63
1,2,1,1,2,63
1,2,1,1,2,63
1,2,1,1,2,63
1,2,1,1,2,63
1,2,1,1,2,63
1,2,1,1,2,63
1,2,1,1,2,63
1,2,1,1,2,63
1,2,1,1,2,63
1,2,1,1,2,63
1,2,1,1,2,63
1,2,1,1,2,63
1,2,1,1,2,63
1,2,1,1,2,63
1,2,1,1,2,63
1,2,1,1,2,63
1,2,1,1,2,63
1,2,1,1,2,63
1,2,1,1,2,63
1,2,1,1,2,63
1,2,1,1,2,63
1,2,1,1,2,63
1,2,1,1,2,63
1,2,1,1,2,63
1,2,1,1,2,63
1,2,1,1,2,63
1,2,1,1,2,63
1,2,1,1,2,63
1,2,1,1,2,63
1,2,1,1,2,63
1,2,1,1,2,63
1,2,1,1,2,63
1,2,1,1,2,63
1,2,1,1,2,63
1,2,1,1,2,63
1,2,1,1,2,63
0,0,0,0,0,64
0,0,0,0,1,64
0,0,0,1,1,64
0,0,0,1,2,64
0,0,0,1,2,64
1,0,0,1,2,64
1,1,0,1,2,64
1,1,0,1,2,64
1,1,0,1,2,64
1,1,1,1,2,64
1,1,1,1,2,64
1,1,1,1,2,64
1,1,1,2,2,64
1,1,1,2,2,64
1,1,1,2,2,64
1,1,1,2,2,64
1,1,1,2,2,64
1,1,1,2,2,64
1,1,1,2,2,64
1,1,1,2,2,64
1,2,1,2,2,64
1,2,1,2,2,64
1,2,1,2,2,64
1,2,1,2,2,64
1,2,1,2,2,64
2,2,1,2,2,64
2,2,1,2,3,64
2,2,1,2,3,64
2,2,1,2,3,64
2,2,1,2,3,64
2,2,1,2,3,64
3,2,1,2,3,64
3,2,1,2,4,64
3,2,1,2,5,64
3,2,1,2,5,64
3,2,1,2,6,64
3,2,1,2,6,64
4,2,0,2,6,64
4,2,0,2,6,64
4,2,0,2,6,64
4,2,0,2,6,64
4,2,0,2,6,64
4,2,0,2,6,64
4,2,0,2,6,64
4,2,0,2,6,64
4,2,0,2,6,64
4,2,0,2,6,64
4,2,0,2,6,64
4,2,0,2,6,64
4,2,0,2,6,64
4,2,0,2,6,64
4,2,0,2,6,64
4,2,0,2,6,64
4,2,0,2,6,64
4,2,0,2,6,64
4,2,0,2,6,64
4,2,0,2,6,64
4,2,0,2,6,64
4,2,0,2,6,64
4,2,0,2,6,64
4,2,0,2,6,64
4,2,0,2,6,64
4,2,0,2,6,64
4,2,0,2,6,64
4,2,0,2,6,64
4,2,0,2,6,64
4,2,0,2,6,64
4,2,0,2,6,64
4,2,0,2,6,64
4,2,0,2,6,64
4,2,0,2,6,64
4,2,0,2,6,64
4,2,0,2,6,64
4,2,0,2,6,64
4,2,0,2,6,64
4,2,0,2,6,64
4,2,0,2,6,64
4,2,0,2,6,64
4,2,0,2,6,64
4,2,0,2,6,64
4,2,0,2,6,64
4,2,0,2,6,64
4,2,0,2,6,64
4,2,0,2,6,64
4,2,0,2,6,64
4,2,0,2,6,64
4,2,0,2,6,64
4,2,0,2,6,64
4,2,0,2,6,64
4,2,0,2,6,64
4,2,0,2,6,64
4,2,0,2,6,64
4,2,0,2,6,64
4,2,0,2,6,64
4,2,0,2,6,64
4,2,0,2,6,64
4,2,0,2,6,64
4,2,0,2,6,64
4,2,0,2,6,64
4,2,0,2,6,64
0,0,0,0,0,65
0,0,0,0,0,65
1,0,0,0,0,65
1,1,0,0,0,65
1,1,0,0,0,65
1,1,0,0,1,65
1,1,0,0,1,65
1,1,1,0,1,65
1,1,1,0,1,65
1,2,1,0,1,65
1,3,1,0,1,65
1,3,1,0,1,65
1,3,1,0,1,65
1,3,1,0,1,65
0,3,1,0,1,65
0,3,1,0,1,65
0,3,1,0,1,65
0,3,1,0,1,65
0,3,1,0,1,65
0,3,1,0,1,65
0,3,1,0,1,65
0,3,1,0,1,65
0,3,1,0,1,65
0,3,1,0,1,65
0,3,1,0,1,65
0,3,1,0,1,65
0,3,1,0,1,65
0,3,1,0,1,65
0,3,1,0,1,65
0,3,1,0,1,65
0,3,1,0,1,65
0,3,1,0,1,65
0,3,1,0,1,65
0,3,1,0,1,65
0,3,1,0,1,65
0,3,1,0,1,65
0,3,1,0,1,65
0,3,1,0,1,65
0,3,1,0,1,65
0,3,1,0,1,65
0,3,1,0,1,65
0,3,1,0,1,65
0,3,1,0,1,65
0,3,1,0,1,65
0,3,1,0,1,65
0,3,1,0,1,65
0,3,1,0,1,65
0,3,1,0,1,65
0,3,1,0,1,65
0,3,1,0,1,65
0,3,1,0,1,65
0,3,1,0,1,65
0,3,1,0,1,65
0,3,1,0,1,65
0,3,1,0,1,65
0,3,1,0,1,65
0,3,1,0,1,65
0,3,1,0,1,65
0,3,1,0,1,65
0,3,1,0,1,65
0,3,1,0,1,65
0,3,1,0,1,65
0,3,1,0,1,65
0,3,1,0,1,65
0,3,1,0,1,65
0,3,1,0,1,65
0,3,1,0,1,65
0,3,1,0,1,65
0,3,1,0,1,65
0,3,1,0,1,65
0,3,1,0,1,65
0,3,1,0,1,65
0,3,1,0,1,65
0,3,1,0,1,65
0,3,1,0,1,65
0,3,1,0,1,65
0,3,1,0,1,65
0,3,1,0,1,65
0,3,1,0,1,65
0,3,1,0,1,65
0,3,1,0,1,65
0,3,1,0,1,65
0,3,1,0,1,65
0,3,1,0,1,65
0,3,1,0,1,65
0,3,1,0,1,65
0,3,1,0,1,65
0,3,1,0,1,65
0,3,1,0,1,65
0,3,1,0,1,65
0,3,1,0,1,65
0,3,1,0,1,65
0,3,1,0,1,65
0,3,1,0,1,65
0,3,1,0,1,65
0,3,1,0,1,65
0,3,1,0,1,65
0,3,1,0,1,65
0,3,1,0,1,65
0,3,1,0,1,65
0,0,0,0,0,66
0,0,0,0,0,66
0,1,0,0,0,66
0,1,0,1,0,66
0,1,1,1,0,66
0,2,1,1,0,66
0,3,1,1,0,66
0,3,1,1,0,66
0,3,1,1,0,66
0,3,1,1,0,66
0,3,1,1,0,66
0,3,1,1,0,66
0,3,1,1,0,66
0,3,1,1,0,66
0,3,1,1,0,66
0,3,1,1,0,66
0,3,1,1,1,66
0,3,1,1,1,66
0,3,1,1,1,66
0,3,1,1,1,66
1,3,1,1,1,66
2,3,1,1,1,66
2,3,1,1,2,66
2,3,1,1,2,66
2,3,1,1,2,66
2,3,1,1,2,66
2,3,1,1,2,66
2,3,1,1,2,66
2,3,1,1,2,66
2,3,1,1,2,66
2,3,1,1,2,66
2,3,1,1,2,66
2,3,1,1,2,66
2,3,1,1,2,66
2,3,1,1,2,66
2,3,1,1,2,66
2,3,1,1,2,66
2,3,1,1,2,66
2,3,1,1,3,66
2,3,1,1,3,66
2,3,1,1,3,66
2,3,1,1,3,66
2,3,1,1,3,66
2,3,1,1,3,66
2,3,1,1,3,66
2,3,1,1,3,66
2,3,1,1,3,66
2,3,1,1,3,66
2,3,1,1,3,66
2,3,1,1,3,66
2,3,1,1,3,66
2,3,1,1,3,66
1,3,1,1,3,66
1,3,1,1,2,66
1,3,1,1,2,66
1,3,1,1,2,66
1,3,1,1,2,66
1,3,1,1,2,66
1,3,1,1,2,66
1,3,1,1,2,66
1,3,1,0,2,66
1,3,1,0,2,66
1,3,1,0,2,66
1,3,1,0,3,66
1,3,1,0,3,66
1,3,1,0,3,66
1,3,1,0,3,66
1,3,1,0,3,66
1,3,1,0,3,66
1,3,1,0,3,66
1,3,1,0,3,66
1,3,1,0,3,66
1,3,1,0,3,66
1,3,1,0,3,66
1,3,1,0,3,66
2,3,1,0,3,66
2,3,1,0,3,66
2,3,1,0,3,66
2,3,1,0,3,66
2,3,1,0,3,66
2,3,1,0,3,66
2,3,1,0,3,66
2,3,1,0,3,66
2,3,1,0,3,66
2,3,1,0,3,66
2,3,1,0,3,66
2,3,1,0,3,66
2,3,1,0,3,66
2,3,1,0,3,66
2,3,1,0,3,66
2,3,1,0,3,66
2,3,1,0,3,66
2,3,1,0,3,66
2,3,1,0,3,66
2,3,1,0,3,66
2,3,1,0,3,66
2,3,1,0,3,66
2,3,1,0,3,66
2,3,1,0,3,66
2,3,1,0,3,66
0,0,0,0,0,67
0,0,0,0,0,67
0,0,0,0,1,67
0,0,0,0,2,67
0,0,0,0,2,67
0,0,0,1,2,67
0,0,1,1,2,67
0,0,1,1,2,67
0,0,1,1,2,67
0,0,1,1,2,67
0,0,1,1,2,67
1,0,1,1,2,67
1,1,1,1,2,67
2,1,1,1,2,67
2,1,1,1,2,67
2,1,1,1,2,67
2,1,1,1,3,67
2,1,1,1,3,67
2,1,1,1,4,67
2,1,1,1,4,67
2,2,1,1,4,67
2,2,1,1,4,67
2,2,1,1,4,67
2,2,1,1,4,67
2,2,1,2,4,67
2,2,1,2,4,67
2,2,1,2,5,67
2,2,1,2,5,67
2,2,1,2,5,67
3,2,1,2,5,67
3,2,1,2,5,67
3,2,1,2,5,67
3,2,1,2,5,67
3,2,1,3,5,67
3,2,1,3,5,67
3,2,1,3,5,67
3,2,1,3,5,67
4,2,1,3,5,67
5,2,1,3,5,67
5,2,1,3,5,67
5,3,1,3,5,67
6,3,1,3,5,67
6,3,1,3,5,67
6,4,1,3,5,67
6,5,1,3,5,67
6,5,2,3,5,67
6,5,2,3,5,67
6,6,2,3,5,67
6,6,1,4,5,67
6,6,1,4,5,67
5,6,2,4,5,67
5,6,2,4,6,67
5,6,2,4,6,67
5,6,2,4,6,67
6,6,2,4,5,67
6,6,2,5,5,67
6,6,2,5,5,67
6,6,2,5,5,67
6,6,3,5,5,67
6,6,3,5,5,67
7,6,3,5,5,67
7,7,3,4,5,67
7,7,3,4,6,67
7,7,3,4,6,67
7,7,3,5,6,67
7,7,3,5,6,67
7,6,3,6,6,67
7,6,3,6,6,67
7,6,3,6,6,67
8,6,3,5,6,67
8,6,3,5,7,67
8,6,3,5,7,67
8,6,3,5,7,67
8,6,3,5,8,67
8,6,3,5,9,67
8,5,3,5,10,67
8,6,3,5,10,67
8,6,3,6,10,67
8,6,3,7,10,67
8,7,3,7,10,67
8,7,3,6,10,67
8,7,3,6,11,67
8,7,3,6,11,67
8,7,3,6,11,67
8,7,3,6,11,67
8,7,3,6,11,67
8,7,3,6,11,67
8,7,3,6,11,67
8,7,3,6,12,67
8,8,3,6,12,67
8,8,3,6,12,67
8,8,3,6,12,67
8,9,3,6,12,67
8,9,3,6,12,67
8,9,3,6,12,67
8,9,3,6,12,67
8,9,3,6,11,67
8,10,3,5,11,67
8,10,3,5,11,67
8,10,3,5,12,67
0,0,0,0,0,68
0,1,0,0,0,68
0,2,0,0,0,68
0,2,0,0,0,68
1,2,0,0,0,68
1,2,0,1,0,68
2,2,0,1,0,68
2,2,0,1,1,68
2,2,0,1,1,68
2,2,0,2,1,68
2,2,0,2,1,68
2,2,0,2,1,68
2,1,0,2,1,68
2,1,0,2,1,68
2,1,0,2,1,68
2,1,0,2,1,68
2,1,0,2,1,68
2,1,0,2,1,68
2,1,0,2,1,68
2,1,0,2,1,68
2,1,0,2,1,68
2,1,0,2,1,68
2,1,0,1,1,68
2,1,0,1,1,68
2,1,0,1,1,68
2,1,0,1,1,68
2,1,0,1,1,68
2,1,0,1,1,68
2,1,0,1,1,68
2,1,0,1,1,68
2,1,0,1,1,68
2,1,0,1,1,68
2,1,0,1,1,68
2,1,0,1,1,68
2,1,0,1,1,68
2,1,0,1,1,68
2,1,0,1,1,68
2,1,0,1,1,68
2,1,0,1,1,68
2,1,0,1,1,68
2,1,0,1,1,68
2,1,0,1,1,68
2,1,0,1,1,68
2,1,0,1,1,68
2,1,0,1,1,68
2,1,0,1,1,68
2,1,0,1,1,68
2,1,0,1,1,68
2,1,0,1,1,68
2,1,0,1,1,68
2,1,0,1,1,68
2,1,0,1,1,68
2,1,0,1,1,68
2,1,0,1,1,68
2,1,0,1,1,68
2,1,0,1,1,68
2,1,0,1,1,68
2,1,0,1,1,68
2,1,0,1,1,68
2,1,0,1,1,68
2,1,0,1,1,68
2,1,0,1,1,68
2,1,0,1,1,68
2,1,0,1,1,68
2,1,0,1,1,68
2,1,0,1,1,68
2,1,0,1,1,68
2,1,0,1,1,68
2,1,0,1,1,68
2,1,0,1,1,68
2,1,0,1,1,68
2,1,0,1,1,68
2,1,0,1,1,68
2,1,0,1,1,68
2,1,0,1,1,68
2,1,0,1,1,68
2,1,0,1,1,68
2,1,0,1,1,68
2,1,0,1,1,68
2,1,0,1,1,68
2,1,0,1,1,68
2,1,0,1,1,68
2,1,0,1,1,68
2,1,0,1,1,68
2,1,0,1,1,68
2,1,0,1,1,68
2,1,0,1,1,68
2,1,0,1,1,68
2,1,0,1,1,68
2,1,0,1,1,68
2,1,0,1,1,68
2,1,0,1,1,68
2,1,0,1,1,68
2,1,0,1,1,68
2,1,0,1,1,68
2,1,0,1,1,68
2,1,0,1,1,68
2,1,0,1,1,68
2,1,0,1,1,68
2,1,0,1,1,68
0,0,0,0,0,69
1,0,0,0,0,69
1,0,0,0,0,69
1,0,0,0,1,69
1,0,1,0,1,69
1,1,1,0,1,69
1,1,1,1,1,69
1,1,1,1,1,69
2,1,1,1,1,69
3,1,1,1,1,69
3,1,1,1,1,69
3,1,1,1,1,69
3,1,1,1,2,69
3,1,1,1,2,69
3,1,1,1,2,69
0,0,0,0,0,70
0,0,0,0,0,70
0,0,1,0,0,70
1,0,1,0,0,70
1,0,1,1,0,70
1,0,1,1,1,70
2,0,1,1,1,70
2,0,1,1,1,70
2,0,1,1,2,70
2,0,1,1,2,70
2,0,1,1,2,70
2,0,1,1,2,70
2,0,1,1,2,70
2,0,1,1,2,70
2,0,1,1,2,70
2,0,1,1,2,70
2,0,1,1,2,70
0,0,0,0,0,71
1,0,0,0,0,71
1,0,0,0,0,71
1,0,0,0,0,71
1,0,0,0,0,71
2,0,0,0,0,71
2,0,0,1,0,71
2,0,0,1,0,71
3,0,0,1,0,71
3,0,0,1,0,71
3,0,0,1,0,71
3,0,0,1,0,71
3,0,0,1,0,71
3,0,0,1,0,71
3,1,0,0,0,71
3,2,0,0,0,71
3,2,0,0,0,71
3,2,0,0,0,71
3,2,0,0,0,71
3,2,0,0,0,71
3,2,0,1,0,71
3,2,0,1,0,71
3,2,0,1,0,71
3,2,0,1,1,71
3,2,0,1,2,71
3,2,0,1,2,71
3,2,0,1,2,71
3,2,0,1,2,71
3,2,0,1,2,71
3,2,0,1,2,71
3,2,0,1,2,71
3,2,0,1,2,71
3,2,0,1,2,71
3,2,0,1,2,71
3,2,0,1,2,71
3,2,0,1,2,71
3,2,0,1,2,71
3,2,0,1,2,71
3,2,0,1,2,71
3,2,0,1,2,71
3,2,0,1,2,71
3,2,0,1,2,71
3,2,0,1,2,71
3,2,0,1,2,71
3,2,0,1,2,71
3,2,0,1,2,71
3,2,0,1,2,71
3,1,0,1,2,71
3,1,0,1,2,71
3,1,0,1,2,71
3,1,0,1,2,71
3,1,0,1,2,71
3,1,0,1,2,71
3,1,0,1,2,71
3,1,0,1,2,71
3,1,0,1,2,71
3,1,0,1,2,71
3,1,0,1,2,71
3,1,0,1,2,71
3,1,0,1,2,71
3,1,0,1,2,71
3,1,0,1,2,71
3,1,0,1,1,71
3,1,0,1,1,71
3,1,0,1,1,71
3,1,0,1,1,71
3,1,0,1,1,71
3,1,0,1,1,71
3,1,0,1,1,71
3,1,0,1,1,71
3,1,0,1,1,71
3,1,0,1,1,71
3,1,0,1,1,71
3,1,0,1,1,71
3,1,0,1,1,71
3,1,0,1,1,71
3,1,0,1,1,71
3,1,0,1,1,71
3,1,0,1,1,71
3,1,0,1,1,71
3,1,0,1,1,71
3,1,0,1,1,71
3,1,0,1,1,71
3,1,0,1,1,71
3,1,0,1,1,71
3,1,0,1,1,71
3,1,0,1,1,71
3,1,0,1,1,71
3,1,0,1,1,71
3,1,0,1,1,71
3,1,0,1,1,71
3,1,0,1,1,71
3,1,0,1,1,71
3,1,0,1,1,71
3,1,0,1,1,71
3,1,0,1,1,71
3,1,0,1,1,71
3,1,0,1,1,71
3,1,0,1,1,71
3,1,0,1,1,71
0,0,0,0,0,72
0,0,0,1,0,72
0,0,0,1,0,72
1,0,0,1,0,72
1,0,0,1,0,72
1,0,1,1,0,72
2,0,1,1,0,72
2,0,1,1,0,72
2,0,1,1,1,72
2,1,1,1,1,72
2,1,1,1,1,72
2,1,1,1,1,72
2,2,1,1,1,72
2,2,1,1,1,72
2,2,1,1,1,72
2,2,1,1,1,72
2,2,1,1,1,72
2,2,1,1,1,72
2,2,1,1,1,72
2,2,1,1,1,72
2,2,1,1,1,72
2,2,1,1,1,72
3,2,1,1,1,72
3,2,1,1,1,72
3,3,1,1,1,72
3,2,1,1,2,72
3,2,1,1,2,72
4,1,1,1,2,72
4,1,1,1,2,72
4,2,1,1,2,72
4,2,1,1,2,72
4,2,1,1,3,72
4,2,1,1,3,72
4,2,1,2,3,72
4,2,1,2,3,72
4,2,1,2,4,72
3,2,1,2,5,72
3,2,1,2,5,72
3,3,1,2,4,72
3,4,1,1,4,72
3,4,1,1,4,72
3,4,1,1,4,72
3,4,1,1,4,72
3,5,1,1,4,72
3,5,1,2,4,72
3,5,1,2,4,72
3,4,1,2,4,72
3,5,1,2,4,72
3,5,1,2,4,72
3,5,1,2,4,72
3,5,1,2,5,72
3,5,1,2,5,72
3,5,1,2,5,72
3,5,1,2,5,72
3,5,1,2,5,72
3,5,1,2,5,72
3,5,1,2,5,72
3,5,1,2,5,72
3,5,1,2,5,72
3,5,1,2,5,72
4,5,1,2,5,72
4,5,1,2,5,72
4,5,1,2,5,72
4,5,1,2,5,72
4,5,1,2,5,72
4,5,1,3,5,72
4,5,1,3,5,72
4,5,1,3,5,72
4,5,1,3,5,72
4,5,1,3,5,72
4,5,1,3,5,72
4,5,1,3,5,72
4,5,1,3,5,72
4,5,1,3,5,72
4,5,1,3,5,72
4,5,1,3,5,72
4,5,1,3,5,72
4,5,1,3,5,72
4,5,1,3,5,72
4,5,1,3,5,72
4,5,1,3,5,72
4,5,1,3,5,72
4,5,1,3,5,72
4,5,1,3,5,72
4,5,1,3,5,72
4,5,1,3,5,72
4,5,1,3,5,72
4,5,1,3,4,72
4,5,1,3,4,72
4,5,1,3,4,72
4,5,1,3,4,72
4,5,1,3,4,72
4,5,1,3,4,72
4,5,1,3,4,72
4,5,1,3,4,72
4,5,1,3,4,72
4,5,1,3,4,72
4,5,1,3,4,72
4,5,1,3,4,72
4,5,1,3,4,72
0,0,0,0,0,73
0,0,1,0,0,73
0,0,1,0,1,73
0,0,1,1,1,73
0,0,1,1,1,73
0,0,1,1,2,73
0,0,1,1,2,73
1,0,1,1,2,73
1,0,1,1,2,73
1,0,1,1,2,73
1,0,1,1,3,73
1,0,1,1,3,73
1,1,1,1,3,73
1,1,1,1,3,73
1,1,1,1,3,73
1,1,1,1,3,73
1,1,1,1,3,73
0,0,0,0,0,74
0,0,1,0,0,74
0,0,1,0,0,74
1,0,1,0,0,74
1,0,1,0,0,74
1,0,1,0,0,74
1,0,1,0,0,74
1,0,1,0,1,74
1,0,1,0,1,74
1,0,1,0,1,74
1,0,1,1,1,74
2,0,1,1,1,74
2,0,1,1,1,74
2,0,1,1,1,74
2,0,1,1,1,74
2,0,1,1,1,74
0,0,0,0,0,75
0,0,0,0,0,75
0,0,1,0,0,75
0,0,1,0,1,75
1,0,1,0,1,75
2,0,1,0,1,75
2,0,1,0,2,75
2,0,1,1,2,75
2,0,1,1,2,75
2,1,1,1,2,75
2,1,1,1,2,75
2,1,1,1,3,75
3,1,1,1,3,75
3,1,1,1,3,75
3,1,1,1,3,75
3,1,1,1,3,75
3,1,1,1,4,75
3,1,1,1,4,75
3,1,2,1,4,75
3,1,2,1,4,75
3,2,2,1,4,75
3,2,2,1,4,75
3,2,2,1,4,75
3,2,2,1,4,75
3,2,2,1,4,75
3,2,2,1,5,75
3,2,2,1,5,75
3,2,3,1,5,75
3,2,3,1,5,75
3,2,3,1,5,75
3,3,3,1,5,75
3,3,3,1,5,75
3,4,3,1,4,75
3,4,3,1,5,75
3,4,3,1,5,75
3,4,3,1,5,75
3,5,3,1,5,75
3,5,3,1,5,75
3,5,3,1,5,75
3,6,3,1,5,75
3,6,3,1,5,75
3,6,3,1,5,75
3,6,4,1,4,75
3,6,4,1,4,75
3,6,4,1,4,75
3,6,4,1,4,75
3,5,4,2,4,75
3,5,5,2,4,75
3,5,5,2,4,75
3,4,5,2,5,75
3,4,5,2,5,75
3,4,5,2,6,75
4,4,5,2,5,75
5,4,5,2,5,75
5,4,5,2,5,75
5,4,5,2,5,75
5,4,5,2,5,75
5,4,5,2,5,75
5,4,5,2,5,75
5,4,5,2,5,75
5,4,5,3,5,75
5,4,5,3,5,75
5,4,5,3,5,75
5,4,5,3,5,75
5,4,5,3,5,75
5,4,5,3,6,75
5,4,5,3,5,75
5,4,4,4,5,75
5,4,4,4,5,75
5,5,4,4,5,75
6,5,4,4,5,75
6,5,4,4,5,75
6,5,4,4,5,75
7,5,3,4,5,75
7,5,3,4,5,75
7,5,4,4,5,75
7,5,5,4,5,75
7,5,5,4,6,75
8,5,5,4,6,75
8,5,5,4,6,75
8,5,5,4,6,75
7,5,5,4,7,75
7,5,6,4,7,75
7,5,6,4,7,75
7,6,6,4,7,75
7,6,6,4,7,75
7,5,6,4,8,75
7,5,6,4,8,75
7,6,6,4,8,75
7,6,6,4,8,75
7,6,6,4,8,75
7,6,5,4,9,75
7,6,5,4,9,75
7,6,6,4,9,75
7,6,6,4,9,75
7,6,6,4,9,75
7,7,6,4,9,75
7,7,6,4,9,75
7,7,6,4,9,75
7,7,6,4,9,75
0,0,0,0,0,76
0,0,0,0,0,76
0,0,0,0,0,76
0,0,0,1,0,76
0,0,0,1,0,76
0,0,0,1,1,76
0,1,0,1,1,76
0,2,0,1,1,76
0,2,1,1,1,76
0,2,1,1,1,76
0,3,1,1,1,76
1,2,1,1,1,76
1,2,1,1,2,76
1,2,1,1,2,76
1,2,1,1,2,76
1,2,1,1,2,76
1,2,1,1,2,76
1,2,1,1,2,76
1,2,1,1,2,76
1,2,1,1,2,76
1,2,1,1,2,76
1,2,1,1,2,76
1,2,1,1,2,76
1,2,1,1,2,76
1,2,1,1,3,76
1,2,1,1,3,76
1,2,1,1,3,76
1,2,1,1,3,76
1,2,1,1,3,76
1,2,1,1,3,76
1,2,1,1,3,76
1,2,1,1,3,76
1,2,1,1,3,76
1,2,1,1,3,76
1,2,1,1,3,76
1,2,1,1,3,76
1,2,1,1,3,76
1,2,1,1,3,76
1,2,1,1,3,76
1,2,1,1,3,76
1,2,1,1,3,76
1,2,1,1,3,76
1,2,1,1,3,76
1,2,1,1,3,76
1,2,1,1,3,76
1,2,1,1,3,76
1,2,1,1,3,76
1,2,1,1,3,76
1,2,1,1,3,76
1,2,1,1,3,76
1,2,1,1,3,76
1,2,1,1,3,76
1,2,1,1,3,76
1,2,1,1,3,76
1,2,1,1,3,76
1,2,1,1,3,76
1,2,1,1,3,76
1,2,1,1,3,76
1,2,1,1,3,76
1,2,1,1,3,76
1,2,1,1,3,76
1,2,1,1,3,76
1,2,1,1,3,76
1,2,1,1,3,76
1,2,1,1,3,76
1,2,1,1,3,76
1,2,1,1,3,76
1,2,1,1,3,76
1,2,1,1,3,76
1,2,1,1,3,76
1,2,1,1,3,76
1,2,1,1,3,76
1,2,1,1,3,76
1,2,1,1,3,76
1,2,1,1,3,76
1,2,1,1,3,76
1,2,1,1,3,76
1,2,1,1,3,76
1,2,1,1,3,76
1,2,1,1,3,76
1,2,1,1,3,76
1,2,1,1,3,76
1,2,1,1,3,76
1,2,1,1,3,76
1,2,1,1,3,76
1,2,1,1,3,76
1,2,1,1,3,76
1,2,1,1,3,76
1,2,1,1,3,76
1,2,1,1,3,76
1,2,1,1,3,76
1,2,1,1,3,76
1,2,1,1,3,76
1,2,1,1,3,76
1,2,1,1,3,76
1,2,1,1,3,76
1,2,1,1,3,76
1,2,1,1,3,76
1,2,1,1,3,76
1,2,1,1,3,76
0,0,0,0,0,77
0,0,0,0,0,77
0,1,0,0,0,77
0,1,0,0,1,77
0,1,0,0,1,77
0,2,0,0,1,77
1,2,0,0,1,77
1,3,0,0,1,77
2,3,0,0,1,77
2,3,0,0,1,77
2,3,0,0,1,77
2,3,0,0,1,77
2,3,0,0,1,77
2,3,0,1,1,77
2,3,0,1,1,77
2,3,0,1,1,77
2,3,0,1,2,77
2,3,0,1,2,77
2,3,0,1,3,77
2,3,0,1,3,77
2,3,0,1,3,77
2,3,0,1,3,77
2,3,0,1,3,77
2,3,0,1,3,77
2,3,0,1,3,77
2,3,0,1,3,77
2,3,0,1,3,77
2,3,0,1,3,77
2,3,0,1,3,77
2,3,0,1,3,77
2,3,0,1,3,77
2,3,0,1,3,77
2,3,0,1,3,77
2,3,0,1,3,77
2,3,0,1,3,77
2,3,0,1,3,77
2,3,0,1,3,77
2,3,0,1,3,77
2,3,0,1,3,77
2,3,0,1,3,77
2,3,0,1,3,77
2,3,0,1,3,77
2,3,0,1,3,77
2,3,0,1,3,77
2,3,0,1,3,77
2,3,0,1,3,77
2,3,0,1,3,77
2,3,0,1,3,77
2,3,0,1,3,77
2,3,0,1,3,77
2,3,0,1,3,77
2,3,0,1,3,77
2,3,0,1,3,77
2,3,0,1,3,77
2,3,0,1,3,77
2,3,0,1,3,77
2,3,0,1,3,77
2,3,0,1,3,77
2,3,0,1,3,77
2,3,0,1,3,77
2,3,0,1,3,77
2,3,0,1,3,77
2,3,0,1,3,77
2,3,0,1,3,77
2,3,0,1,3,77
2,3,0,1,3,77
2,3,0,1,3,77
2,3,0,1,3,77
2,3,0,1,3,77
2,3,0,1,3,77
2,3,0,1,3,77
2,3,0,1,3,77
2,3,0,1,3,77
2,3,0,1,3,77
2,3,0,1,3,77
2,3,0,1,3,77
2,3,0,1,3,77
2,3,0,1,3,77
2,3,0,1,3,77
2,3,0,1,3,77
2,3,0,1,3,77
2,3,0,1,3,77
2,3,0,1,3,77
2,3,0,1,3,77
2,3,0,1,3,77
2,3,0,1,3,77
2,3,0,1,3,77
2,3,0,1,3,77
2,3,0,1,3,77
2,3,0,1,3,77
2,3,0,1,3,77
2,3,0,1,3,77
2,3,0,1,3,77
2,3,0,1,3,77
2,3,0,1,3,77
2,3,0,1,3,77
2,3,0,1,3,77
2,3,0,1,3,77
2,3,0,1,3,77
2,3,0,1,3,77
0,0,0,0,0,78
0,0,1,0,0,78
0,0,1,0,1,78
1,0,1,0,1,78
1,0,1,0,1,78
1,0,1,0,1,78
1,0,1,0,2,78
1,1,1,0,1,78
1,1,1,1,1,78
1,1,1,1,1,78
1,2,1,1,1,78
1,2,1,1,1,78
1,2,1,1,2,78
1,2,1,1,2,78
1,2,1,1,2,78
1,2,1,1,2,78
1,2,1,1,3,78
1,2,1,1,3,78
1,2,1,1,3,78
1,2,1,1,3,78
1,2,1,1,3,78
1,2,1,1,3,78
1,2,1,1,3,78
1,2,1,1,3,78
1,2,1,1,3,78
1,2,1,1,3,78
1,2,1,1,3,78
1,2,1,1,3,78
2,2,1,1,3,78
2,2,1,1,3,78
2,2,1,1,3,78
2,2,1,1,3,78
2,2,1,1,3,78
2,2,1,1,3,78
2,2,1,1,3,78
2,2,1,1,3,78
2,2,1,1,3,78
2,2,1,1,3,78
2,2,1,1,3,78
2,2,1,1,3,78
2,2,1,1,3,78
2,2,1,1,3,78
2,2,1,1,3,78
2,2,1,1,3,78
2,2,1,1,3,78
2,2,1,1,3,78
2,2,1,1,3,78
2,2,1,1,3,78
2,2,1,1,3,78
2,2,1,1,3,78
2,2,1,1,3,78
2,2,1,1,3,78
2,2,1,1,3,78
2,2,1,1,3,78
2,2,1,1,3,78
2,2,1,1,3,78
2,2,1,1,3,78
2,2,1,1,3,78
2,2,1,1,3,78
2,2,1,1,3,78
2,2,1,1,3,78
2,2,1,1,3,78
2,2,1,1,3,78
2,2,1,1,3,78
2,2,1,1,3,78
2,2,1,1,3,78
2,2,1,1,3,78
2,2,1,1,3,78
2,2,1,1,3,78
2,2,1,1,3,78
2,2,1,1,3,78
2,2,1,1,3,78
2,2,1,1,3,78
2,2,1,1,3,78
2,2,1,1,3,78
2,2,1,1,3,78
2,2,1,1,3,78
2,2,1,1,3,78
2,2,1,1,3,78
1,2,1,1,3,78
1,2,1,1,3,78
1,2,1,1,3,78
1,2,1,1,3,78
1,2,1,1,3,78
1,2,1,1,3,78
1,2,1,1,3,78
1,2,1,1,3,78
1,2,1,1,3,78
1,2,1,1,3,78
1,2,1,1,3,78
1,2,1,1,3,78
1,2,1,1,3,78
1,2,1,1,3,78
1,2,1,1,3,78
1,2,1,1,3,78
1,2,1,1,3,78
1,2,1,1,3,78
1,2,1,1,3,78
1,2,1,1,3,78
1,2,1,1,3,78
0,0,0,0,0,79
0,0,0,0,0,79
0,0,0,0,1,79
1,0,0,0,1,79
1,0,1,0,1,79
1,0,1,0,1,79
1,0,1,0,1,79
1,0,1,1,1,79
1,1,1,1,1,79
2,1,1,1,1,79
2,1,1,1,2,79
2,1,1,1,2,79
2,1,1,1,2,79
1,1,1,1,3,79
1,2,1,1,3,79
2,2,1,1,2,79
2,2,1,1,2,79
2,2,1,1,2,79
2,2,1,1,2,79
2,2,1,1,2,79
2,2,1,1,3,79
2,2,1,1,3,79
2,2,1,1,3,79
2,2,1,1,3,79
2,2,1,1,3,79
2,2,1,1,3,79
2,2,1,1,3,79
2,2,1,1,2,79
2,2,1,1,2,79
2,2,1,1,3,79
2,2,1,1,3,79
2,2,1,1,3,79
2,2,1,1,3,79
2,2,1,1,3,79
2,2,1,1,3,79
2,2,1,1,3,79
2,2,1,1,3,79
2,2,1,1,3,79
2,2,1,1,3,79
3,2,1,1,3,79
3,2,1,1,3,79
3,2,1,1,3,79
3,2,1,1,3,79
3,2,1,1,3,79
3,2,1,1,3,79
3,2,1,1,3,79
3,2,2,1,3,79
3,2,2,1,3,79
3,2,2,1,3,79
3,2,2,1,3,79
3,2,2,1,3,79
3,2,2,1,3,79
3,2,2,1,4,79
3,2,2,1,4,79
3,2,2,1,4,79
3,2,2,1,4,79
3,2,2,1,4,79
3,2,2,1,4,79
3,2,2,1,4,79
3,3,2,1,4,79
3,3,2,1,4,79
3,3,2,1,4,79
3,3,2,1,4,79
3,3,2,1,5,79
3,3,2,1,5,79
3,3,2,1,5,79
3,3,2,1,5,79
3,3,2,1,5,79
3,3,2,1,5,79
3,4,2,1,5,79
3,4,2,1,5,79
3,4,2,1,5,79
3,5,2,1,5,79
3,5,2,1,5,79
3,5,2,1,6,79
3,5,2,1,6,79
3,5,2,1,6,79
3,5,3,1,6,79
3,5,3,1,6,79
3,5,3,1,7,79
3,5,3,1,7,79
3,5,3,1,7,79
3,5,3,2,7,79
3,5,3,2,7,79
3,6,2,2,7,79
4,6,2,2,7,79
4,6,2,2,7,79
4,6,2,2,8,79
4,6,2,3,8,79
4,6,2,3,8,79
4,6,2,3,8,79
4,7,2,3,8,79
4,7,2,4,8,79
4,7,2,4,8,79
4,8,2,4,8,79
5,8,2,4,8,79
5,9,2,4,8,79
5,9,2,4,8,79
6,9,2,4,8,79
6,10,2,4,8,79
0,0,0,0,0,80
0,0,1,0,0,80
0,0,1,1,0,80
1,0,1,1,0,80
1,0,1,1,1,80
1,0,1,1,1,80
0,1,1,1,1,80
0,1,1,1,1,80
0,1,1,1,2,80
0,1,1,1,2,80
0,1,1,1,2,80
0,1,1,1,2,80
0,1,1,1,2,80
0,1,1,1,2,80
0,1,1,1,2,80
0,1,1,1,2,80
1,1,1,1,2,80
1,1,1,1,2,80
1,1,1,1,2,80
1,1,1,1,2,80
1,1,1,1,2,80
1,1,1,1,2,80
1,1,1,1,2,80
1,1,1,1,2,80
1,1,1,1,2,80
1,1,1,1,2,80
1,1,1,1,2,80
1,1,1,1,2,80
1,1,1,1,2,80
1,1,1,1,2,80
1,1,1,1,2,80
1,1,1,1,2,80
1,1,1,1,2,80
1,1,1,1,2,80
1,1,1,1,2,80
1,1,1,1,2,80
1,1,1,1,2,80
1,1,1,1,2,80
1,1,1,1,2,80
1,1,1,1,2,80
1,1,1,1,2,80
1,1,1,1,2,80
1,1,1,1,2,80
1,1,1,1,2,80
1,1,1,1,2,80
1,1,1,1,2,80
1,1,1,1,2,80
1,1,1,1,2,80
1,1,1,1,2,80
1,1,1,1,2,80
1,1,1,1,2,80
1,1,1,1,2,80
1,1,1,1,2,80
1,1,1,1,2,80
1,1,1,1,2,80
1,1,1,1,2,80
1,1,1,1,2,80
1,1,1,1,2,80
1,1,1,1,2,80
1,1,1,1,2,80
1,1,1,1,2,80
1,1,1,1,2,80
1,1,1,1,2,80
1,1,1,1,2,80
1,1,1,1,2,80
1,1,1,1,2,80
1,1,1,1,2,80
1,1,1,1,2,80
1,1,1,1,2,80
1,1,1,1,2,80
1,1,1,1,2,80
1,1,1,1,2,80
1,1,1,1,2,80
1,1,1,1,2,80
1,1,1,1,2,80
1,1,1,1,2,80
1,1,1,1,2,80
1,1,1,1,2,80
1,1,1,1,2,80
1,1,1,1,2,80
1,1,1,1,2,80
1,1,1,1,2,80
1,1,1,1,2,80
1,1,1,1,2,80
1,1,1,1,2,80
1,1,1,1,2,80
1,1,1,1,2,80
1,1,1,1,2,80
1,1,1,1,2,80
1,1,1,1,2,80
1,1,1,1,2,80
1,1,1,1,2,80
1,1,1,1,2,80
1,1,1,1,2,80
1,1,1,1,2,80
1,1,1,1,2,80
1,1,1,1,2,80
1,1,1,1,2,80
1,1,1,1,2,80
1,1,1,1,2,80
0,0,0,0,0,81
0,0,0,0,1,81
0,0,0,1,1,81
0,0,0,1,1,81
0,0,1,1,1,81
0,0,1,1,2,81
0,0,1,1,2,81
0,0,1,1,2,81
0,1,1,1,2,81
0,1,1,1,2,81
0,1,1,1,2,81
0,1,1,1,2,81
0,1,1,1,2,81
0,2,1,1,2,81
0,2,1,1,2,81
1,2,1,1,2,81
1,2,1,1,2,81
1,2,1,1,2,81
1,2,1,1,2,81
1,2,1,1,2,81
1,2,1,1,2,81
1,2,1,1,2,81
1,2,1,1,2,81
1,2,1,1,2,81
1,2,1,1,2,81
1,2,1,1,2,81
1,2,1,1,2,81
1,2,1,1,2,81
1,2,1,1,2,81
1,2,1,1,2,81
1,2,1,1,2,81
1,2,1,1,2,81
1,2,1,1,2,81
1,2,1,1,2,81
1,2,1,1,2,81
1,2,1,1,2,81
1,2,1,1,2,81
1,2,1,1,2,81
1,2,1,1,2,81
1,2,1,1,2,81
1,2,1,1,2,81
1,2,1,1,2,81
1,2,1,1,2,81
1,2,1,1,2,81
1,2,1,1,2,81
1,2,1,1,2,81
1,2,1,1,2,81
1,2,1,1,2,81
1,2,1,1,2,81
1,2,1,1,2,81
1,2,1,1,2,81
1,2,1,1,2,81
1,2,1,1,2,81
1,2,1,1,2,81
1,2,1,1,2,81
1,2,1,1,2,81
1,2,1,1,1,81
1,2,1,1,1,81
1,2,1,1,2,81
1,2,1,1,2,81
1,2,1,1,2,81
1,2,1,1,2,81
1,2,1,1,2,81
1,2,1,1,2,81
1,2,1,1,2,81
1,2,1,1,2,81
1,2,1,1,2,81
1,2,1,1,2,81
1,2,1,1,2,81
1,2,1,1,2,81
1,2,1,1,2,81
1,2,1,1,2,81
1,2,1,1,2,81
1,2,1,1,2,81
1,2,1,1,2,81
1,2,1,1,2,81
1,2,1,1,2,81
1,2,1,1,2,81
1,2,1,1,2,81
1,2,1,1,2,81
1,2,1,1,2,81
1,2,1,1,2,81
1,2,1,1,2,81
1,2,1,1,2,81
1,2,1,1,2,81
1,2,1,1,2,81
1,2,1,1,2,81
1,2,1,1,2,81
1,2,1,1,2,81
1,2,1,1,2,81
1,2,1,1,2,81
1,2,1,1,2,81
1,2,1,1,2,81
1,2,1,1,2,81
1,2,1,1,2,81
1,2,1,1,2,81
1,2,1,1,2,81
1,2,1,1,2,81
1,2,1,1,2,81
1,2,1,1,2,81
0,0,0,0,0,82
0,0,0,1,0,82
0,0,1,1,0,82
0,0,1,1,1,82
0,0,1,1,2,82
0,0,1,1,2,82
0,0,1,1,2,82
0,0,1,1,2,82
0,0,1,1,3,82
0,0,1,1,3,82
0,0,1,1,3,82
0,0,1,1,3,82
0,0,1,1,3,82
0,0,1,0,3,82
0,0,1,0,3,82
1,0,1,0,3,82
1,1,1,0,3,82
1,1,1,0,3,82
1,1,1,0,3,82
1,1,1,0,3,82
1,1,1,0,3,82
1,1,1,0,3,82
1,1,1,0,3,82
1,1,1,0,3,82
1,1,1,0,4,82
1,1,1,0,4,82
1,1,1,0,4,82
1,1,1,0,4,82
2,1,1,0,4,82
2,2,1,0,4,82
2,2,1,0,4,82
2,2,1,0,4,82
2,2,1,0,4,82
3,2,1,0,4,82
3,2,1,0,4,82
3,2,1,0,4,82
3,2,1,0,4,82
3,2,1,0,4,82
3,2,1,0,4,82
3,2,2,0,4,82
3,2,2,0,5,82
3,2,2,0,5,82
3,2,3,0,5,82
3,2,3,0,5,82
3,2,3,0,5,82
3,2,3,0,5,82
3,2,3,0,5,82
3,2,3,0,5,82
3,3,3,0,5,82
3,3,3,0,5,82
3,3,3,0,4,82
3,3,3,0,4,82
3,3,3,0,4,82
3,3,3,0,4,82
3,3,3,0,4,82
3,3,3,0,4,82
3,3,3,0,4,82
3,3,3,0,4,82
3,3,3,0,4,82
3,3,3,0,4,82
3,3,3,0,4,82
3,3,3,0,4,82
3,3,3,0,4,82
3,3,3,0,4,82
3,3,3,0,4,82
3,3,3,0,4,82
3,3,3,0,4,82
3,3,3,0,4,82
3,3,3,0,4,82
3,3,3,0,4,82
3,3,3,0,4,82
3,3,3,0,4,82
3,3,3,0,4,82
3,3,3,0,4,82
3,3,3,0,4,82
3,3,3,0,4,82
3,3,3,0,4,82
3,3,3,0,4,82
3,3,3,0,4,82
3,3,3,0,4,82
3,3,3,0,4,82
3,3,3,0,4,82
3,3,3,0,4,82
3,3,3,0,4,82
3,3,3,0,4,82
3,3,3,0,4,82
3,3,3,0,4,82
3,3,3,0,4,82
3,3,3,0,4,82
3,3,3,0,4,82
3,3,3,0,4,82
3,3,3,0,4,82
3,3,3,0,4,82
3,3,3,0,4,82
3,3,3,0,4,82
3,3,3,0,4,82
3,3,3,0,4,82
3,3,3,0,4,82
3,3,3,0,4,82
3,3,3,0,4,82
0,0,0,0,0,83
1,0,0,0,0,83
1,1,0,0,0,83
1,1,0,0,1,83
2,1,0,0,0,83
2,1,1,0,0,83
2,1,1,1,0,83
2,1,1,2,0,83
2,1,1,2,0,83
2,1,1,2,0,83
3,1,1,2,0,83
3,1,1,2,0,83
3,2,1,2,0,83
3,2,1,3,0,83
3,2,1,3,0,83
4,2,1,3,0,83
4,2,1,3,0,83
5,2,1,3,0,83
5,2,1,3,0,83
5,2,1,4,0,83
5,2,1,4,0,83
5,2,1,5,0,83
5,2,1,5,1,83
5,2,1,6,1,83
5,2,1,7,1,83
5,2,1,7,1,83
6,2,1,7,1,83
7,2,1,7,1,83
7,2,1,6,2,83
7,2,2,6,2,83
7,2,2,6,3,83
7,2,2,6,4,83
7,2,3,6,4,83
7,2,4,6,3,83
8,2,4,6,3,83
8,2,4,6,3,83
9,2,4,6,3,83
8,2,4,6,3,83
8,2,4,6,4,83
8,2,4,7,4,83
8,2,5,7,4,83
8,2,5,8,4,83
8,2,5,8,3,83
8,2,5,8,3,83
8,2,6,8,3,83
8,2,6,8,3,83
8,2,6,9,3,83
8,2,6,9,3,83
8,3,6,9,3,83
7,4,6,9,3,83
7,4,7,9,3,83
7,4,7,9,3,83
7,5,7,9,3,83
7,5,8,9,3,83
7,5,8,10,3,83
6,6,8,10,3,83
6,5,8,11,3,83
6,5,8,11,3,83
6,5,8,11,3,83
6,5,8,11,3,83
6,5,7,11,3,83
6,5,7,11,3,83
7,5,6,11,3,83
7,5,6,11,4,83
7,5,6,10,4,83
7,5,6,10,4,83
7,5,6,10,5,83
7,5,6,10,4,83
7,6,6,10,4,83
7,6,7,10,4,83
7,6,7,10,4,83
8,6,7,10,4,83
7,6,7,10,5,83
7,6,7,10,5,83
7,7,7,10,5,83
7,7,7,10,5,83
7,7,7,10,5,83
7,8,7,10,5,83
7,8,6,10,6,83
7,8,6,10,6,83
7,8,6,10,6,83
7,8,6,10,6,83
7,8,6,10,6,83
6,8,6,10,7,83
7,8,6,10,7,83
7,8,6,10,7,83
7,8,6,10,7,83
7,8,6,10,7,83
7,9,6,10,6,83
8,9,6,10,6,83
9,9,6,9,6,83
9,9,6,9,6,83
8,9,6,9,6,83
9,9,6,9,6,83
9,9,6,9,6,83
9,9,7,9,6,83
9,9,8,9,6,83
10,9,8,9,6,83
10,10,7,9,6,83
10,10,7,9,6,83
0,0,0,0,0,84
0,0,1,0,0,84
1,0,1,0,0,84
1,1,1,0,0,84
1,1,1,1,0,84
1,1,1,1,0,84
2,1,1,1,0,84
2,1,1,1,1,84
2,1,1,1,2,84
2,1,1,1,2,84
3,1,1,1,2,84
3,1,1,1,3,84
3,1,1,1,4,84
3,2,1,1,4,84
4,2,1,1,3,84
4,2,1,2,3,84
4,2,1,2,3,84
4,2,2,2,3,84
4,2,2,2,3,84
4,2,2,2,3,84
4,2,2,3,3,84
4,2,2,3,3,84
4,2,2,3,4,84
5,2,2,3,4,84
5,2,2,3,5,84
5,2,2,3,5,84
5,2,2,3,5,84
5,2,3,3,5,84
5,3,3,3,5,84
5,4,3,3,5,84
5,4,3,3,5,84
5,4,4,3,5,84
5,4,4,4,5,84
5,4,4,5,5,84
5,4,4,5,5,84
5,4,4,5,4,84
5,4,4,5,4,84
5,4,4,5,5,84
6,4,4,5,5,84
6,4,3,6,5,84
6,4,2,6,5,84
6,3,2,7,5,84
6,3,3,7,5,84
6,3,3,7,5,84
6,3,3,7,5,84
6,3,3,8,5,84
6,3,3,8,5,84
7,3,3,8,5,84
7,4,2,8,5,84
7,5,2,8,5,84
7,4,3,8,5,84
7,5,3,8,5,84
8,5,3,8,5,84
8,6,3,8,5,84
8,6,3,8,6,84
8,6,4,8,6,84
8,6,4,9,6,84
8,6,4,9,6,84
8,6,4,9,7,84
8,6,3,9,7,84
8,6,3,9,7,84
9,6,3,8,7,84
9,6,3,8,8,84
9,6,3,8,9,84
9,7,3,8,9,84
9,7,3,8,10,84
10,7,3,8,10,84
10,7,3,8,11,84
10,8,3,8,11,84
10,8,3,8,11,84
10,8,3,9,11,84
10,8,3,8,12,84
10,8,3,8,12,84
10,8,3,9,12,84
11,7,3,9,12,84
11,7,3,9,12,84
11,7,3,9,12,84
11,7,3,9,12,84
12,7,3,9,11,84
12,8,3,9,11,84
12,9,3,9,11,84
12,8,3,9,11,84
13,8,3,9,11,84
13,8,3,9,11,84
13,8,3,9,12,84
13,8,3,9,12,84
13,8,3,9,12,84
14,8,3,9,12,84
14,8,3,9,11,84
14,9,3,9,11,84
15,9,3,9,11,84
15,9,3,9,11,84
15,9,3,9,11,84
15,9,3,9,11,84
15,9,3,9,12,84
15,9,3,9,12,84
15,9,3,9,12,84
14,9,4,9,12,84
14,9,4,9,12,84
14,9,4,9,12,84
0,0,0,0,0,85
0,1,0,0,0,85
0,1,0,0,0,85
0,1,0,1,0,85
0,1,0,1,0,85
0,2,0,1,0,85
0,2,1,1,0,85
1,2,1,1,0,85
1,2,1,1,1,85
1,2,1,1,1,85
1,3,1,1,1,85
1,3,1,1,1,85
1,3,1,1,1,85
1,3,1,1,1,85
1,3,1,1,1,85
2,3,1,1,1,85
2,3,1,1,1,85
2,3,1,1,1,85
2,3,1,1,1,85
2,3,1,1,1,85
2,3,1,1,2,85
2,3,1,1,2,85
2,3,1,1,2,85
2,3,1,1,2,85
2,3,1,1,2,85
2,3,1,1,2,85
2,3,1,1,2,85
2,3,1,1,2,85
2,3,1,1,2,85
2,3,1,1,2,85
2,3,1,1,2,85
2,3,1,1,2,85
2,3,1,1,2,85
2,3,1,1,2,85
2,3,1,1,2,85
2,3,1,1,2,85
2,3,1,1,2,85
2,3,1,1,2,85
2,3,1,1,2,85
2,3,1,1,2,85
2,3,1,1,2,85
2,3,1,1,2,85
2,3,1,1,2,85
2,3,1,1,2,85
2,3,1,1,2,85
2,3,1,1,2,85
2,3,1,1,2,85
2,3,1,1,2,85
2,3,1,1,2,85
2,3,1,1,2,85
2,3,1,1,2,85
2,3,1,1,2,85
2,3,1,1,2,85
2,3,1,1,2,85
2,3,1,1,2,85
2,3,1,1,2,85
2,3,1,1,2,85
2,3,1,1,2,85
2,3,1,1,2,85
2,3,1,1,2,85
2,3,1,1,2,85
2,3,1,1,2,85
2,3,1,1,2,85
2,3,1,1,2,85
2,3,1,1,2,85
2,3,1,1,2,85
2,3,1,1,2,85
2,3,1,1,2,85
2,3,1,1,2,85
2,3,1,1,2,85
2,3,1,1,2,85
2,3,1,1,2,85
2,3,1,1,2,85
2,3,1,1,2,85
2,3,1,1,2,85
2,3,1,1,2,85
2,3,1,1,2,85
2,3,1,1,2,85
2,3,1,1,2,85
2,3,1,1,2,85
2,3,1,1,2,85
2,3,1,1,2,85
2,3,1,1,2,85
2,3,1,1,2,85
2,3,1,1,2,85
2,3,1,1,2,85
2,3,1,1,2,85
2,3,1,1,2,85
2,3,1,1,2,85
2,3,1,1,2,85
2,3,1,1,2,85
2,3,1,1,2,85
2,3,1,1,2,85
2,3,1,1,2,85
2,3,1,1,2,85
2,3,1,1,2,85
2,3,1,1,2,85
2,3,1,1,2,85
2,3,1,1,2,85
2,3,1,1,2,85
0,0,0,0,0,86
0,1,0,0,0,86
0,1,0,0,1,86
0,1,1,0,1,86
0,1,1,0,2,86
0,1,1,1,2,86
0,1,1,1,2,86
0,1,1,1,3,86
1,1,1,1,3,86
1,1,1,1,3,86
1,1,1,1,3,86
1,1,1,1,3,86
1,1,1,1,3,86
1,1,1,1,3,86
1,1,1,1,3,86
1,1,1,1,3,86
1,1,1,1,3,86
1,1,1,1,3,86
1,1,1,1,3,86
1,1,1,1,3,86
1,1,1,1,3,86
1,1,1,1,3,86
1,1,1,1,3,86
1,1,1,1,3,86
1,1,1,1,3,86
1,1,1,1,3,86
1,1,1,1,3,86
1,1,1,1,3,86
1,1,1,1,3,86
1,1,1,1,3,86
1,1,1,1,3,86
1,1,1,1,3,86
1,1,1,1,3,86
1,1,1,1,3,86
1,1,1,1,3,86
1,1,1,1,3,86
1,1,1,1,3,86
1,1,1,1,3,86
1,1,1,1,3,86
1,1,1,1,3,86
1,1,1,1,3,86
1,1,1,1,3,86
1,1,1,1,3,86
1,1,1,1,3,86
1,1,1,1,3,86
1,1,1,1,3,86
1,1,1,1,3,86
1,1,1,1,3,86
1,1,1,1,3,86
1,1,1,1,3,86
1,1,1,1,3,86
1,1,1,1,3,86
1,1,1,1,3,86
1,1,1,1,3,86
1,1,1,1,3,86
1,1,1,1,2,86
1,1,1,1,2,86
1,1,1,1,2,86
1,1,1,1,2,86
1,1,1,1,2,86
1,1,1,1,2,86
1,1,1,1,2,86
1,1,1,1,2,86
1,1,1,1,2,86
1,1,1,1,2,86
1,1,1,1,2,86
1,1,1,1,2,86
1,1,1,1,2,86
1,1,1,1,2,86
1,1,1,1,2,86
1,1,1,1,2,86
1,1,1,1,2,86
1,1,1,1,2,86
1,1,1,1,2,86
1,1,1,1,2,86
1,1,1,1,2,86
1,1,1,1,2,86
1,1,1,1,2,86
1,1,1,1,2,86
1,1,1,1,2,86
1,1,1,1,2,86
1,1,1,1,2,86
1,1,1,1,2,86
1,1,1,1,2,86
1,1,1,1,2,86
1,1,1,1,2,86
1,1,1,1,2,86
1,1,1,1,2,86
1,1,1,1,2,86
1,1,1,1,2,86
1,1,1,1,2,86
1,1,1,1,2,86
1,1,1,1,2,86
1,1,1,1,2,86
1,1,1,1,2,86
1,1,1,1,2,86
1,1,1,1,2,86
1,1,1,1,2,86
1,1,1,1,2,86
1,1,1,1,2,86
0,0,0,0,0,87
0,0,0,0,1,87
0,0,1,0,1,87
0,0,1,0,1,87
0,0,1,0,1,87
0,0,1,1,1,87
0,0,1,1,1,87
0,0,1,1,1,87
0,1,1,1,1,87
0,2,1,1,1,87
0,2,1,1,1,87
0,2,1,1,1,87
0,1,1,1,2,87
1,1,1,1,2,87
1,1,1,1,2,87
1,1,1,1,2,87
1,1,1,1,2,87
1,1,1,1,2,87
1,1,1,1,2,87
1,1,1,1,2,87
1,1,1,1,2,87
1,1,1,1,2,87
1,1,1,1,2,87
1,1,1,1,2,87
1,1,1,1,2,87
1,1,1,1,2,87
1,1,1,1,2,87
1,1,1,1,2,87
1,1,1,1,2,87
1,1,1,1,2,87
1,1,1,1,2,87
1,1,1,1,2,87
1,1,1,1,2,87
1,1,1,1,2,87
1,1,1,1,2,87
1,1,1,1,2,87
1,1,1,1,2,87
1,1,1,1,2,87
1,1,1,1,2,87
1,1,1,1,2,87
1,1,1,1,2,87
1,1,1,1,2,87
1,1,1,1,2,87
1,1,1,1,2,87
1,1,1,1,2,87
1,1,1,1,2,87
1,1,1,1,2,87
1,1,1,1,2,87
1,1,1,1,2,87
1,1,1,1,2,87
1,1,1,1,2,87
1,1,1,1,2,87
1,1,1,1,2,87
1,1,1,1,2,87
1,1,1,1,2,87
1,1,1,1,2,87
1,1,1,1,2,87
1,1,1,1,2,87
1,1,1,1,2,87
1,1,0,1,2,87
1,1,0,1,2,87
1,1,0,1,2,87
1,1,0,1,2,87
1,1,0,1,2,87
1,1,0,1,2,87
1,1,0,1,2,87
1,1,0,1,2,87
1,1,0,1,2,87
1,1,0,1,2,87
1,1,0,1,2,87
1,1,0,1,2,87
1,1,0,1,2,87
1,1,0,1,2,87
1,1,0,1,2,87
1,1,0,1,2,87
1,1,0,1,2,87
1,1,0,1,2,87
1,1,0,1,2,87
1,1,0,1,2,87
1,1,0,1,2,87
1,1,0,1,2,87
1,1,0,1,2,87
1,1,0,1,2,87
1,1,0,1,2,87
1,1,0,1,2,87
1,1,0,1,2,87
1,1,0,1,2,87
1,1,0,1,2,87
1,1,0,1,2,87
1,1,0,1,2,87
1,1,0,1,2,87
1,1,0,1,2,87
1,1,0,1,2,87
1,1,0,1,2,87
1,1,0,1,2,87
1,1,0,1,2,87
1,1,0,1,2,87
1,1,0,1,2,87
1,1,0,1,2,87
1,1,0,1,2,87
0,0,0,0,0,88
0,1,0,0,0,88
0,1,0,1,0,88
0,2,0,1,0,88
0,2,0,1,1,88
0,3,0,1,1,88
0,3,1,1,1,88
0,3,1,1,1,88
0,3,1,1,1,88
0,3,1,1,1,88
0,4,1,1,1,88
0,4,1,1,1,88
1,4,1,1,1,88
1,4,1,1,1,88
2,4,1,1,1,88
2,4,1,1,1,88
2,4,1,1,1,88
2,4,1,1,1,88
2,4,1,1,1,88
2,4,1,1,2,88
2,4,1,1,2,88
2,4,1,1,2,88
2,4,1,1,2,88
2,4,1,1,2,88
2,4,1,1,3,88
2,4,1,1,3,88
2,4,1,1,3,88
2,4,1,1,3,88
2,4,1,1,3,88
2,4,1,1,3,88
2,4,2,1,3,88
2,4,2,1,3,88
2,4,2,1,3,88
2,4,2,1,3,88
2,4,2,1,3,88
2,4,2,1,3,88
2,4,2,1,3,88
2,4,2,1,3,88
2,4,2,1,3,88
2,4,2,1,3,88
2,4,2,1,4,88
2,4,2,1,4,88
2,4,2,1,4,88
2,4,2,0,4,88
2,3,2,0,4,88
2,3,2,0,4,88
2,3,2,0,4,88
2,3,2,0,4,88
2,3,2,0,4,88
2,3,2,0,4,88
2,3,2,0,4,88
2,3,2,0,4,88
2,3,2,0,4,88
2,3,2,0,4,88
2,3,2,0,4,88
2,3,2,0,4,88
2,3,2,0,4,88
2,3,2,0,4,88
2,3,2,0,4,88
2,3,2,0,4,88
2,3,2,0,4,88
2,3,2,0,4,88
2,3,2,0,4,88
2,3,2,0,4,88
2,3,2,0,4,88
2,3,2,0,4,88
2,3,2,0,4,88
2,3,2,0,4,88
2,3,2,0,4,88
2,3,2,0,4,88
2,3,2,0,4,88
2,3,2,0,4,88
2,3,2,0,4,88
2,3,2,0,4,88
1,3,2,0,4,88
1,3,2,0,4,88
1,3,2,0,4,88
1,3,2,0,4,88
1,3,2,0,4,88
1,3,2,0,4,88
1,3,2,0,4,88
1,3,2,0,4,88
1,3,2,0,4,88
1,3,2,0,4,88
1,3,2,0,4,88
1,3,2,0,4,88
1,3,2,0,4,88
1,3,2,0,4,88
1,3,2,0,4,88
1,3,2,0,4,88
1,3,2,0,4,88
1,3,2,0,4,88
1,3,2,0,4,88
1,3,2,0,4,88
1,3,2,0,4,88
1,3,2,0,4,88
1,3,2,0,4,88
1,3,2,0,4,88
1,3,2,0,4,88
1,3,2,0,4,88
0,0,0,0,0,89
0,0,1,0,0,89
0,0,1,0,0,89
0,0,1,0,0,89
0,0,1,0,0,89
0,0,1,0,1,89
0,0,1,0,1,89
0,0,1,1,1,89
0,1,1,1,1,89
0,1,1,1,1,89
0,2,1,1,1,89
1,2,1,1,0,89
1,2,1,1,0,89
2,2,1,1,0,89
2,3,1,1,0,89
2,3,1,1,0,89
2,3,2,1,0,89
2,3,2,1,0,89
2,3,2,1,0,89
2,3,2,1,0,89
3,3,2,1,0,89
3,3,2,1,0,89
3,3,2,1,0,89
3,3,2,1,0,89
3,4,2,1,0,89
3,4,2,1,0,89
3,4,2,1,0,89
3,4,2,1,0,89
3,4,2,1,1,89
4,4,2,1,1,89
4,5,2,1,1,89
4,5,2,1,1,89
4,4,2,1,1,89
4,4,3,1,1,89
4,4,3,1,2,89
5,4,3,1,2,89
5,4,3,1,2,89
5,4,3,1,2,89
5,4,3,1,2,89
5,4,3,1,2,89
5,4,3,1,2,89
5,4,3,1,2,89
4,4,3,2,2,89
4,4,3,2,3,89
4,5,3,2,3,89
4,5,3,2,3,89
4,6,3,2,3,89
4,6,3,2,3,89
4,6,3,2,3,89
5,6,3,2,3,89
5,6,3,2,4,89
5,6,3,2,4,89
5,6,3,2,4,89
5,6,3,2,4,89
5,6,3,3,4,89
5,6,3,3,4,89
5,6,3,3,4,89
5,7,3,3,4,89
5,7,4,3,4,89
5,7,4,3,4,89
5,7,4,3,4,89
5,7,4,3,4,89
5,7,4,3,4,89
5,7,4,3,4,89
6,7,4,3,4,89
6,7,4,3,4,89
6,7,4,3,3,89
6,7,4,3,3,89
6,7,4,3,4,89
5,7,5,3,4,89
5,6,5,3,4,89
5,6,5,3,4,89
6,6,5,3,4,89
5,6,6,3,4,89
5,6,7,3,4,89
5,6,6,3,4,89
5,6,6,4,4,89
5,6,6,4,5,89
5,7,5,4,5,89
5,7,6,4,5,89
5,7,6,4,5,89
5,7,6,4,5,89
5,7,6,4,5,89
6,6,6,4,5,89
6,5,6,5,5,89
6,5,6,5,5,89
6,6,6,5,5,89
6,6,6,5,6,89
6,6,6,5,6,89
7,6,6,5,6,89
7,7,6,5,6,89
8,7,6,5,6,89
8,7,6,5,6,89
8,8,6,5,5,89
8,8,6,5,5,89
8,8,7,5,4,89
8,8,7,5,5,89
8,9,7,5,5,89
8,9,6,5,6,89
8,9,7,5,6,89
0,0,0,0,0,90
0,0,0,0,0,90
0,1,0,0,0,90
0,1,0,0,0,90
0,1,0,1,0,90
1,1,0,1,0,90
2,1,0,1,0,90
2,1,0,1,0,90
3,1,0,1,0,90
3,1,0,1,0,90
3,1,0,1,0,90
3,1,0,1,0,90
3,2,0,1,0,90
3,2,0,1,0,90
3,2,0,1,0,90
3,2,0,1,1,90
3,2,0,1,1,90
3,2,0,1,1,90
3,2,0,1,1,90
3,2,0,1,1,90
3,2,0,1,2,90
3,2,0,1,2,90
3,2,0,1,2,90
3,2,0,1,2,90
3,2,0,1,2,90
3,2,0,1,2,90
3,2,0,1,2,90
3,2,0,1,2,90
3,2,0,1,2,90
3,2,0,1,2,90
3,2,0,1,2,90
3,2,0,1,2,90
3,2,0,1,2,90
3,2,0,1,2,90
3,2,0,1,2,90
3,2,0,1,2,90
3,2,0,1,2,90
3,2,0,1,2,90
3,2,0,1,2,90
3,2,0,1,2,90
3,2,0,1,2,90
3,2,0,1,2,90
3,2,0,1,2,90
3,2,0,1,2,90
3,2,0,1,2,90
3,2,0,1,2,90
3,2,0,1,2,90
3,2,0,1,2,90
3,2,0,1,2,90
3,2,0,1,2,90
3,2,0,1,2,90
3,2,0,1,2,90
3,2,0,1,2,90
3,2,0,1,2,90
3,2,0,1,2,90
3,2,0,1,2,90
3,2,0,1,2,90
3,2,0,1,2,90
3,2,0,1,2,90
3,2,0,1,2,90
3,2,0,0,2,90
3,2,0,1,2,90
3,2,0,1,2,90
3,2,0,1,2,90
3,2,0,1,2,90
3,2,0,1,2,90
3,2,0,1,2,90
3,2,0,1,2,90
3,2,0,1,2,90
3,2,0,1,2,90
3,2,0,1,2,90
3,2,0,1,2,90
3,2,0,1,2,90
3,2,0,1,2,90
3,2,0,1,2,90
3,2,0,1,2,90
3,2,0,1,2,90
3,2,0,1,2,90
3,2,0,1,2,90
3,2,0,1,2,90
3,2,0,1,2,90
3,2,0,1,2,90
3,2,0,1,2,90
3,2,0,1,2,90
3,2,0,1,2,90
3,2,0,1,2,90
3,2,0,1,2,90
3,2,0,1,2,90
3,2,0,1,2,90
3,2,0,1,2,90
3,2,0,1,2,90
3,2,0,1,2,90
3,2,0,1,2,90
3,2,0,1,2,90
3,2,0,1,2,90
3,2,0,1,2,90
3,2,0,1,2,90
3,2,0,1,2,90
3,2,0,1,2,90
3,2,0,1,2,90
0,0,0,0,0,91
0,1,0,0,0,91
0,2,0,0,0,91
0,2,0,1,0,91
1,2,0,1,0,91
1,2,1,1,0,91
1,2,1,1,0,91
1,2,1,1,0,91
2,2,1,1,0,91
2,2,1,1,0,91
3,2,1,1,0,91
3,2,1,1,1,91
3,2,1,1,1,91
3,2,1,1,1,91
3,2,1,1,1,91
3,2,1,1,1,91
3,2,1,1,1,91
3,2,1,1,1,91
3,2,1,1,1,91
3,2,1,1,1,91
3,2,1,1,1,91
3,2,1,1,1,91
3,2,1,1,1,91
3,2,1,1,1,91
3,2,1,1,1,91
3,2,1,1,1,91
3,2,1,1,1,91
3,2,1,1,1,91
3,2,1,1,1,91
3,2,1,1,1,91
3,2,1,1,1,91
3,2,1,1,1,91
3,2,1,1,1,91
3,2,1,1,1,91
3,2,1,1,1,91
3,2,1,1,1,91
3,2,1,1,1,91
3,2,1,1,1,91
3,2,0,1,1,91
3,2,0,1,1,91
2,2,1,1,1,91
2,2,1,1,1,91
2,2,1,1,1,91
2,2,1,1,1,91
2,2,1,1,1,91
2,2,1,1,1,91
2,2,1,1,1,91
2,2,1,1,1,91
2,2,1,1,1,91
2,2,1,1,1,91
2,2,1,1,1,91
2,2,1,1,1,91
2,2,1,1,1,91
2,2,1,1,1,91
2,2,1,1,1,91
2,2,1,1,1,91
2,2,1,1,1,91
2,2,1,1,1,91
2,2,1,1,1,91
2,2,1,1,1,91
2,2,1,1,1,91
2,2,1,1,1,91
2,2,1,1,1,91
2,2,1,1,1,91
2,2,1,1,1,91
2,2,1,1,1,91
2,2,1,1,1,91
2,2,1,1,1,91
2,2,1,1,1,91
2,2,1,1,1,91
2,2,1,1,1,91
2,2,1,1,1,91
2,2,1,1,1,91
2,2,1,1,1,91
2,2,1,1,1,91
2,2,1,1,1,91
2,2,1,1,1,91
2,2,1,1,1,91
2,2,1,1,1,91
2,2,1,1,1,91
2,2,1,1,1,91
2,2,1,1,1,91
2,2,1,1,1,91
2,2,1,1,1,91
2,2,1,1,1,91
2,2,1,1,1,91
2,2,1,1,1,91
2,2,1,1,1,91
2,2,1,1,1,91
2,2,1,1,1,91
2,2,1,1,1,91
2,2,1,1,1,91
2,2,1,1,1,91
2,2,1,1,1,91
2,2,1,1,1,91
2,2,1,1,1,91
2,2,1,1,1,91
2,2,1,1,1,91
2,2,1,1,1,91
2,2,1,1,1,91
0,0,0,0,0,92
0,0,0,1,0,92
0,0,0,1,0,92
0,0,0,1,1,92
0,0,0,1,1,92
0,0,0,1,1,92
1,0,0,1,1,92
1,0,0,1,1,92
1,0,1,1,1,92
1,0,1,1,2,92
1,0,1,0,3,92
1,1,1,0,3,92
1,1,1,0,3,92
1,2,1,0,3,92
2,2,1,0,3,92
2,2,1,0,4,92
2,2,1,0,4,92
2,2,1,0,4,92
2,2,1,0,4,92
2,2,1,0,4,92
2,2,1,0,4,92
2,2,1,0,4,92
1,2,1,0,5,92
1,2,1,1,5,92
1,2,1,1,5,92
1,2,1,1,5,92
1,2,1,1,6,92
1,3,1,1,6,92
1,3,1,1,6,92
1,3,1,1,6,92
1,3,1,1,6,92
1,3,1,1,6,92
2,3,1,1,6,92
2,3,1,1,6,92
2,3,1,0,6,92
3,3,1,0,6,92
3,2,1,0,7,92
3,2,1,0,7,92
3,2,1,0,7,92
3,3,1,0,7,92
3,4,1,0,7,92
3,4,1,0,7,92
3,3,1,0,7,92
3,3,1,0,8,92
3,3,1,0,8,92
3,3,1,0,8,92
3,3,1,0,8,92
3,3,1,0,8,92
3,3,1,0,8,92
3,3,1,0,8,92
3,3,2,0,8,92
3,3,2,0,8,92
3,3,2,0,8,92
3,3,2,0,8,92
3,3,2,0,8,92
3,3,2,0,8,92
3,3,2,0,8,92
3,3,2,0,8,92
3,3,2,0,8,92
3,3,2,0,8,92
3,3,2,0,8,92
3,2,2,0,8,92
3,2,1,0,8,92
3,2,1,0,8,92
3,2,1,0,8,92
3,2,1,0,8,92
3,2,1,0,8,92
3,2,1,0,8,92
3,2,1,0,8,92
3,2,1,0,8,92
3,2,1,0,8,92
3,2,1,0,8,92
3,2,1,0,8,92
3,2,1,0,8,92
3,2,1,0,8,92
3,2,1,0,8,92
3,2,1,0,8,92
3,2,1,0,8,92
3,2,1,0,8,92
3,2,1,0,8,92
3,1,1,0,8,92
3,1,1,0,8,92
3,1,1,0,8,92
3,1,1,0,8,92
3,1,1,0,8,92
3,1,1,0,8,92
3,1,1,0,8,92
3,1,1,0,8,92
3,1,1,0,8,92
3,1,1,0,8,92
3,1,1,0,8,92
3,1,1,0,8,92
3,1,1,0,8,92
3,1,1,0,8,92
3,1,1,0,8,92
3,1,1,0,8,92
3,1,1,0,8,92
3,1,1,0,8,92
3,1,1,0,8,92
3,1,1,0,8,92
0,0,0,0,0,93
0,0,1,0,0,93
0,1,1,0,0,93
0,1,1,0,0,93
0,1,1,0,1,93
0,1,1,0,2,93
0,2,1,0,2,93
0,2,1,0,3,93
0,2,1,1,3,93
0,2,1,1,3,93
0,2,1,1,4,93
0,2,1,1,4,93
0,2,1,1,4,93
0,3,1,1,4,93
0,3,1,1,4,93
1,3,1,1,4,93
1,3,1,1,4,93
1,3,1,1,4,93
1,3,1,1,4,93
1,3,1,1,4,93
2,3,1,1,4,93
2,3,1,1,4,93
2,3,1,1,4,93
2,3,1,1,4,93
2,3,1,1,4,93
2,3,1,1,4,93
2,3,1,1,4,93
2,3,1,1,4,93
2,3,2,1,4,93
2,3,2,1,4,93
2,3,2,1,4,93
2,3,2,1,4,93
2,4,2,1,4,93
2,4,2,1,4,93
1,4,2,1,4,93
1,4,2,1,4,93
1,4,2,1,4,93
1,4,2,1,4,93
1,4,2,1,4,93
1,4,2,1,4,93
2,4,2,1,4,93
2,4,2,1,4,93
2,4,2,1,5,93
2,4,2,1,5,93
2,4,2,1,5,93
2,4,2,1,5,93
2,4,2,1,5,93
3,4,2,1,5,93
3,4,2,1,5,93
3,4,2,1,5,93
3,4,2,1,5,93
3,4,2,1,5,93
3,4,2,1,5,93
3,4,2,1,5,93
3,4,2,1,5,93
3,4,2,1,5,93
3,4,2,1,5,93
3,4,2,1,5,93
3,5,2,1,5,93
3,5,2,1,5,93
3,5,2,1,5,93
3,5,2,1,5,93
3,5,2,1,5,93
3,5,2,1,5,93
3,5,2,1,5,93
3,5,2,1,5,93
3,5,2,1,5,93
3,5,2,1,5,93
3,5,2,1,4,93
3,5,2,1,4,93
2,5,2,1,4,93
2,5,2,1,4,93
2,5,2,1,5,93
2,5,2,1,5,93
3,5,2,1,5,93
3,5,2,1,5,93
3,5,2,1,5,93
3,5,2,1,5,93
3,5,2,1,5,93
3,5,2,1,5,93
3,5,2,1,5,93
3,5,2,1,5,93
3,5,2,1,5,93
3,5,2,1,5,93
3,4,2,2,5,93
3,4,2,2,5,93
3,4,2,2,5,93
3,4,2,2,5,93
3,4,3,2,5,93
3,4,3,2,5,93
3,4,3,2,5,93
3,4,3,2,5,93
3,4,3,2,5,93
3,4,3,2,5,93
3,4,3,2,5,93
3,4,3,2,5,93
3,4,3,2,5,93
3,4,3,2,5,93
3,4,3,2,5,93
2,4,3,2,5,93
0,0,0,0,0,94
0,0,0,0,1,94
0,0,1,0,1,94
0,0,1,0,1,94
0,0,1,0,1,94
0,0,1,0,1,94
0,0,1,0,1,94
0,0,1,0,1,94
0,0,1,0,2,94
1,0,1,0,2,94
1,1,1,0,2,94
1,1,1,0,3,94
2,1,1,0,3,94
2,1,1,0,3,94
2,1,1,0,3,94
2,1,1,0,3,94
2,1,1,0,3,94
2,1,1,0,3,94
0,0,0,0,0,95
0,0,0,0,1,95
0,1,0,0,1,95
0,1,1,0,1,95
0,2,1,0,1,95
0,2,1,0,2,95
0,3,1,0,2,95
0,3,1,0,2,95
0,4,1,0,2,95
0,4,1,0,2,95
0,4,1,0,2,95
0,4,1,0,2,95
0,4,1,0,2,95
0,4,1,0,2,95
0,4,1,0,2,95
0,4,1,0,2,95
0,4,1,0,2,95
1,4,1,0,2,95
1,4,1,0,2,95
1,4,1,0,2,95
1,4,1,0,2,95
1,4,1,0,2,95
1,4,1,0,2,95
1,4,1,0,2,95
1,4,1,0,2,95
1,4,1,0,2,95
1,4,1,0,2,95
1,4,1,0,2,95
1,4,1,0,2,95
1,3,1,0,2,95
1,3,1,0,2,95
1,3,1,0,2,95
1,3,1,0,2,95
1,3,1,0,2,95
1,3,1,0,2,95
1,3,1,0,2,95
1,3,1,0,2,95
1,3,1,0,2,95
1,3,1,0,2,95
1,3,1,0,2,95
1,3,1,0,2,95
1,3,1,0,2,95
1,3,1,0,2,95
1,3,1,0,2,95
1,3,1,0,2,95
1,3,1,0,2,95
1,3,1,0,2,95
1,3,1,0,2,95
1,3,1,0,2,95
1,3,1,0,2,95
1,3,1,0,2,95
1,3,1,0,2,95
1,3,1,0,2,95
1,3,1,0,2,95
1,3,1,0,2,95
1,3,1,0,2,95
1,3,1,0,2,95
1,3,1,0,2,95
1,3,1,0,2,95
1,3,1,0,2,95
1,3,1,0,2,95
1,3,1,0,2,95
1,3,1,0,2,95
1,3,1,0,2,95
1,3,1,0,2,95
1,3,1,0,2,95
1,3,1,0,2,95
1,3,1,0,2,95
1,3,1,0,2,95
1,3,1,0,2,95
1,3,1,0,2,95
1,3,1,0,2,95
1,3,1,0,2,95
1,3,1,0,2,95
1,3,1,0,2,95
1,3,1,0,2,95
1,3,1,0,2,95
1,3,1,0,2,95
1,3,1,0,2,95
1,3,1,0,2,95
1,3,1,0,2,95
1,3,1,0,2,95
1,3,1,0,2,95
1,3,1,0,2,95
1,3,1,0,2,95
1,3,1,0,2,95
1,3,1,0,2,95
1,3,1,0,2,95
1,3,1,0,2,95
1,3,1,0,2,95
1,3,1,0,2,95
1,3,1,0,2,95
1,3,1,0,2,95
1,3,1,0,2,95
1,3,1,0,2,95
1,3,1,0,2,95
1,3,1,0,2,95
1,3,1,0,2,95
1,3,1,0,2,95
1,3,1,0,2,95
0,0,0,0,0,96
0,0,0,0,1,96
0,0,0,0,1,96
0,0,0,0,2,96
0,1,0,0,2,96
0,1,1,0,2,96
1,1,1,0,2,96
2,1,1,0,2,96
2,1,1,1,2,96
2,1,1,1,2,96
2,2,1,0,2,96
2,2,1,0,2,96
2,3,1,0,2,96
2,3,1,0,2,96
2,3,1,0,2,96
2,3,1,0,2,96
2,3,1,0,2,96
2,3,1,0,2,96
2,3,1,0,2,96
2,3,1,0,2,96
2,3,1,0,2,96
2,3,1,0,2,96
2,3,1,0,2,96
2,3,1,0,2,96
2,3,1,0,2,96
2,3,1,0,2,96
2,3,1,0,2,96
2,3,1,0,2,96
2,3,1,0,2,96
2,3,1,0,2,96
2,3,1,0,2,96
2,3,1,0,2,96
2,3,1,0,2,96
2,3,1,0,2,96
2,3,1,0,2,96
2,3,1,0,2,96
2,3,1,0,2,96
2,3,1,0,2,96
2,3,1,0,2,96
2,3,1,0,2,96
2,3,1,0,2,96
2,3,1,0,2,96
2,3,1,0,2,96
2,3,1,0,2,96
2,3,1,0,2,96
2,3,1,0,2,96
2,3,1,0,2,96
2,3,1,0,2,96
2,3,1,0,2,96
2,3,1,0,2,96
1,3,1,0,2,96
1,3,1,0,2,96
1,3,1,0,2,96
1,3,1,0,2,96
1,3,1,0,2,96
1,3,1,0,2,96
1,3,1,0,2,96
1,3,1,0,2,96
1,3,1,0,2,96
1,3,1,0,2,96
1,3,1,0,2,96
1,3,1,0,2,96
1,3,1,0,2,96
1,3,1,0,2,96
1,3,1,0,2,96
1,3,1,0,2,96
1,3,1,0,2,96
1,3,1,0,2,96
1,3,1,0,2,96
1,3,1,0,2,96
1,3,1,0,2,96
1,3,1,0,2,96
1,3,1,0,2,96
1,3,1,0,2,96
1,3,1,0,2,96
1,3,1,0,2,96
1,3,1,0,2,96
1,3,1,0,2,96
1,3,1,0,2,96
1,3,1,0,2,96
1,3,1,0,2,96
1,3,1,0,2,96
1,3,1,0,2,96
1,3,1,0,2,96
1,3,1,0,2,96
1,3,1,0,2,96
1,3,1,0,2,96
1,3,1,0,2,96
1,3,1,0,2,96
1,3,1,0,2,96
1,3,1,0,2,96
1,3,1,0,2,96
1,3,1,0,2,96
1,3,1,0,2,96
1,3,1,0,2,96
1,3,1,0,2,96
1,3,1,0,2,96
1,3,1,0,2,96
1,3,1,0,2,96
1,3,1,0,2,96
0,0,0,0,0,97
0,0,1,0,0,97
0,1,1,0,0,97
0,1,1,0,0,97
0,1,1,0,0,97
0,1,1,1,0,97
0,1,1,1,1,97
1,1,1,1,1,97
1,1,1,1,1,97
1,2,1,1,1,97
1,2,1,1,1,97
1,2,1,1,2,97
1,2,1,1,2,97
1,2,1,1,2,97
1,2,1,1,3,97
2,2,1,1,3,97
2,2,1,1,3,97
3,2,1,1,3,97
3,2,1,1,3,97
2,2,1,1,3,97
2,2,1,1,3,97
2,2,1,1,3,97
2,2,1,1,3,97
2,2,1,1,3,97
2,2,1,1,3,97
2,2,1,1,3,97
2,2,1,1,3,97
2,2,1,1,3,97
2,2,1,1,3,97
2,2,1,1,3,97
2,2,1,1,4,97
2,2,1,1,4,97
2,2,1,1,4,97
2,2,1,1,4,97
2,2,1,1,4,97
2,2,1,1,4,97
2,2,1,1,4,97
2,2,1,1,4,97
2,2,1,1,4,97
2,2,1,1,4,97
2,2,1,1,4,97
2,2,1,1,4,97
2,2,1,1,4,97
2,2,1,1,4,97
2,2,1,1,4,97
2,2,1,1,4,97
3,2,1,1,4,97
3,2,1,1,4,97
3,2,1,1,4,97
3,2,1,1,4,97
3,2,1,1,4,97
3,2,1,1,4,97
3,2,1,1,4,97
3,2,1,1,4,97
3,2,1,1,4,97
3,2,1,1,4,97
3,2,1,1,4,97
3,3,1,1,4,97
3,3,1,1,4,97
3,3,1,1,4,97
3,3,1,1,4,97
3,3,1,1,4,97
3,3,1,1,4,97
3,3,1,1,4,97
3,3,1,1,4,97
3,3,1,1,4,97
3,3,1,1,4,97
3,3,1,1,4,97
3,3,1,1,4,97
3,3,1,1,4,97
3,3,1,1,4,97
3,3,1,1,5,97
3,3,1,1,5,97
3,3,1,1,5,97
3,3,1,1,5,97
3,3,2,1,5,97
3,3,2,1,5,97
3,3,2,1,5,97
3,3,2,1,5,97
3,3,2,1,5,97
3,3,2,1,5,97
3,3,2,1,5,97
3,3,2,1,5,97
3,3,2,1,5,97
3,3,3,1,5,97
3,3,3,1,5,97
3,3,3,1,5,97
3,3,3,1,5,97
3,3,3,2,4,97
3,3,3,2,4,97
3,3,3,2,4,97
3,3,3,2,4,97
3,3,3,2,4,97
3,3,3,3,4,97
3,3,3,3,4,97
3,3,3,3,4,97
3,3,3,3,4,97
4,3,3,3,4,97
4,4,3,3,4,97
4,4,3,3,4,97
0,0,0,0,0,98
0,0,0,0,1,98
0,1,0,0,1,98
0,1,0,0,2,98
0,2,0,0,2,98
0,2,0,0,2,98
0,2,0,0,2,98
0,2,1,0,2,98
0,2,1,0,3,98
0,2,1,0,3,98
0,2,1,0,3,98
0,2,1,0,4,98
0,2,1,0,4,98
0,2,1,0,4,98
0,2,1,0,4,98
0,2,1,0,4,98
0,2,1,0,4,98
0,2,1,0,4,98
0,2,1,0,4,98
0,2,1,0,4,98
0,2,1,0,4,98
0,2,1,0,4,98
0,2,1,0,4,98
0,2,1,0,4,98
0,2,1,0,4,98
0,2,1,0,4,98
0,2,1,0,4,98
0,2,1,0,4,98
0,2,1,0,4,98
0,2,1,0,4,98
0,2,1,0,4,98
0,2,1,0,4,98
0,2,1,0,4,98
0,2,1,0,4,98
0,2,1,0,4,98
0,2,1,0,4,98
0,2,1,0,4,98
0,2,1,0,4,98
0,2,1,0,4,98
0,2,1,0,4,98
0,2,1,0,4,98
0,2,1,0,4,98
0,2,1,0,4,98
0,2,1,0,4,98
0,2,1,0,4,98
0,2,1,0,4,98
0,2,1,0,4,98
0,2,1,0,4,98
0,2,1,0,4,98
0,2,1,0,4,98
0,2,1,0,4,98
0,2,1,0,4,98
0,2,1,0,4,98
0,2,1,0,4,98
0,2,1,0,4,98
0,2,1,0,4,98
0,2,1,0,4,98
0,2,1,0,4,98
0,2,1,0,4,98
0,2,1,0,4,98
0,2,1,0,4,98
0,2,1,0,4,98
0,2,1,0,4,98
0,2,1,0,4,98
0,2,1,0,4,98
0,2,1,0,4,98
0,2,1,0,4,98
0,2,1,0,4,98
0,2,1,0,4,98
0,2,1,0,4,98
0,2,1,0,4,98
0,2,1,0,4,98
0,2,1,0,4,98
0,2,1,0,4,98
0,2,1,0,4,98
0,2,1,0,4,98
0,2,1,0,4,98
0,2,1,0,4,98
0,2,1,0,4,98
0,2,1,0,4,98
0,2,1,0,4,98
0,2,1,0,4,98
0,2,1,0,4,98
0,2,1,0,4,98
0,2,1,0,4,98
0,2,1,0,4,98
0,2,1,0,4,98
0,2,1,0,4,98
0,2,1,0,4,98
0,2,1,0,4,98
0,2,1,0,4,98
0,2,1,0,4,98
0,2,1,0,4,98
0,2,1,0,4,98
0,2,1,0,4,98
0,2,1,0,4,98
0,2,1,0,4,98
0,2,1,0,4,98
0,2,1,0,4,98
0,2,1,0,4,98
0,0,0,0,0,99
0,0,0,0,1,99
0,0,0,0,1,99
0,0,0,0,1,99
0,0,1,0,1,99
0,1,1,0,1,99
0,1,1,1,1,99
0,1,1,1,2,99
0,1,1,1,2,99
0,1,1,1,2,99
0,1,1,1,2,99
0,1,1,1,2,99
1,1,1,1,2,99
1,1,1,1,2,99
1,1,1,1,2,99
1,1,1,2,2,99
1,1,1,2,3,99
2,1,1,2,3,99
2,1,1,2,4,99
3,1,1,2,4,99
3,1,1,2,4,99
3,1,1,2,5,99
3,1,1,2,5,99
3,1,1,2,6,99
3,1,1,2,6,99
3,1,1,2,5,99
3,1,1,2,6,99
4,1,1,2,6,99
4,2,1,2,6,99
4,2,1,2,6,99
4,2,1,2,6,99
4,2,1,2,6,99
4,3,1,2,6,99
4,3,1,2,6,99
4,3,1,2,6,99
4,2,1,2,6,99
5,2,1,2,6,99
5,2,1,2,7,99
5,2,1,3,6,99
5,2,1,3,6,99
5,2,1,3,6,99
5,2,1,3,7,99
5,2,1,4,7,99
5,3,1,4,6,99
5,4,1,4,6,99
5,5,1,4,6,99
5,5,1,4,6,99
6,5,1,4,6,99
6,6,1,4,6,99
6,6,1,4,6,99
7,6,1,4,6,99
7,6,1,5,6,99
7,6,1,5,6,99
7,6,1,5,6,99
8,6,1,5,6,99
8,7,1,5,6,99
8,7,1,5,6,99
8,8,1,5,6,99
8,8,1,5,6,99
8,8,1,5,6,99
8,9,1,5,6,99
8,9,1,5,6,99
8,9,1,5,7,99
8,9,1,5,7,99
8,9,1,5,7,99
8,9,1,5,7,99
8,10,1,4,7,99
8,10,1,4,7,99
8,11,1,4,7,99
8,11,1,4,7,99
8,10,1,5,7,99
8,10,1,5,7,99
8,10,1,5,7,99
8,10,1,5,7,99
8,10,1,5,7,99
8,10,1,6,7,99
8,10,1,6,7,99
7,10,1,6,7,99
7,9,1,6,8,99
7,9,2,6,8,99
7,9,2,5,8,99
7,9,2,6,8,99
7,9,2,6,8,99
7,9,2,6,8,99
7,9,2,6,8,99
7,9,2,6,8,99
7,9,2,6,8,99
7,9,2,6,8,99
7,9,3,6,8,99
7,9,3,6,8,99
7,9,3,6,9,99
7,10,3,6,9,99
7,10,3,6,9,99
7,10,3,7,8,99
7,10,3,7,8,99
7,10,3,7,8,99
7,10,3,7,8,99
8,10,3,7,7,99
8,10,3,8,7,99
8,10,3,8,7,99
0,0,0,0,0,100
0,0,0,0,0,100
0,0,1,0,0,100
0,0,1,1,0,100
1,0,1,1,0,100
1,0,1,1,0,100
1,0,1,1,1,100
1,1,1,1,1,100
1,1,1,1,1,100
1,1,1,1,2,100
1,1,1,1,3,100
1,2,1,1,3,100
2,2,1,1,3,100
2,2,1,1,3,100
2,2,1,1,3,100
2,2,1,1,3,100
2,2,1,1,3,100
0,0,0,0,0,101
0,0,0,0,0,101
1,0,0,0,0,101
1,0,0,0,0,101
1,0,1,0,0,101
1,0,1,1,0,101
1,0,1,1,0,101
1,0,1,1,0,101
1,0,1,1,0,101
2,0,1,1,0,101
3,0,1,1,0,101
3,0,1,1,0,101
3,0,1,1,0,101
3,0,1,1,0,101
3,0,1,1,1,101
3,0,1,1,1,101
3,0,1,1,1,101
0,0,0,0,0,102
0,0,0,0,0,102
0,1,0,0,0,102
1,1,0,0,0,102
1,1,0,0,0,102
2,1,0,0,0,102
2,1,0,0,0,102
2,1,1,0,0,102
2,1,1,1,0,102
2,1,1,1,0,102
2,1,2,1,0,102
2,2,2,1,0,102
2,2,2,1,0,102
2,3,2,1,0,102
2,2,2,1,1,102
2,3,2,1,1,102
2,2,2,1,1,102
2,2,2,1,2,102
2,2,3,1,2,102
2,2,3,1,3,102
2,2,3,1,3,102
2,2,3,1,3,102
2,2,3,1,3,102
2,2,3,1,3,102
2,2,3,2,3,102
2,2,3,2,3,102
2,2,3,2,3,102
2,2,3,2,4,102
2,2,3,2,4,102
2,2,3,2,4,102
2,2,3,2,4,102
2,2,3,2,4,102
2,2,3,2,4,102
2,2,3,2,4,102
3,2,3,2,4,102
3,2,3,2,3,102
4,2,3,2,3,102
4,2,3,2,4,102
4,2,3,2,4,102
4,2,3,2,4,102
4,2,3,2,5,102
4,2,3,2,5,102
4,2,3,2,5,102
4,2,3,2,5,102
4,2,3,2,5,102
4,2,3,3,5,102
4,2,3,3,5,102
4,3,3,3,5,102
4,3,3,3,5,102
4,3,3,3,6,102
4,3,3,3,6,102
4,3,3,3,6,102
4,3,4,3,6,102
4,3,5,3,6,102
4,3,5,3,6,102
4,3,5,3,6,102
4,3,5,3,7,102
4,3,5,3,7,102
4,3,5,3,8,102
4,4,5,2,8,102
4,4,5,2,8,102
4,4,5,2,8,102
5,4,5,2,8,102
5,4,5,2,8,102
5,4,5,2,9,102
5,4,5,2,9,102
5,4,5,2,9,102
5,4,5,2,9,102
5,4,5,2,9,102
5,4,5,3,8,102
5,4,5,3,8,102
5,3,5,3,8,102
5,3,6,3,8,102
5,3,6,3,9,102
5,3,6,3,9,102
5,3,6,3,8,102
5,3,6,3,8,102
6,3,6,3,8,102
6,3,6,3,8,102
6,3,6,3,8,102
6,3,6,3,7,102
6,3,6,3,8,102
6,3,6,3,9,102
6,3,6,3,8,102
6,3,5,3,8,102
6,4,5,3,8,102
7,4,5,3,8,102
7,4,5,3,8,102
7,4,5,2,9,102
7,5,5,2,9,102
7,5,5,2,9,102
7,6,5,2,9,102
7,5,5,2,10,102
7,5,5,2,10,102
7,5,5,2,11,102
7,5,5,2,11,102
7,5,5,2,11,102
7,5,5,2,11,102
7,5,5,2,11,102
7,5,5,2,11,102
0,0,0,0,0,103
1,0,0,0,0,103
2,0,0,0,0,103
2,0,0,1,0,103
2,0,1,1,0,103
2,0,1,1,0,103
2,0,1,1,0,103
2,0,1,1,0,103
2,0,1,1,0,103
3,0,1,1,0,103
3,0,1,1,1,103
3,0,1,1,1,103
3,0,1,1,1,103
3,0,1,1,1,103
3,0,1,1,2,103
3,0,1,1,2,103
0,0,0,0,0,104
0,0,1,0,0,104
0,0,1,0,0,104
1,0,1,0,0,104
1,0,1,0,1,104
1,0,1,1,1,104
1,1,1,1,1,104
1,1,1,1,1,104
1,1,1,1,1,104
1,1,1,1,1,104
1,1,2,1,1,104
1,1,2,1,1,104
1,2,2,1,1,104
1,2,2,1,2,104
1,2,2,1,2,104
1,2,2,1,2,104
1,2,2,2,2,104
1,2,2,2,2,104
1,2,2,2,2,104
1,2,2,2,2,104
1,2,2,2,2,104
1,2,2,2,3,104
1,3,2,2,3,104
1,3,2,2,3,104
1,3,2,2,3,104
1,3,2,2,4,104
1,3,2,2,4,104
1,3,2,2,4,104
1,3,2,2,4,104
1,3,2,2,4,104
1,3,2,2,4,104
1,3,2,2,5,104
1,3,2,2,5,104
1,3,2,2,5,104
1,3,2,2,6,104
1,3,2,2,6,104
1,3,2,2,6,104
1,3,2,2,6,104
1,3,2,2,6,104
1,3,2,2,6,104
1,3,2,2,6,104
1,3,2,2,6,104
1,3,2,2,6,104
1,3,2,2,6,104
2,3,2,2,6,104
2,3,2,2,6,104
2,3,2,2,6,104
2,3,2,2,6,104
2,3,2,2,6,104
2,3,2,2,6,104
2,3,2,2,6,104
2,3,2,2,6,104
2,3,2,2,6,104
2,3,2,2,6,104
2,3,2,2,6,104
2,3,2,2,6,104
2,3,2,2,6,104
2,3,2,2,6,104
2,3,2,2,6,104
3,3,2,2,6,104
3,3,2,2,6,104
3,3,2,2,6,104
3,3,2,2,6,104
3,3,2,2,6,104
3,3,2,2,6,104
3,3,2,2,5,104
3,3,2,2,5,104
3,3,2,2,5,104
3,3,2,2,5,104
3,3,2,2,5,104
3,3,2,2,5,104
3,3,2,2,5,104
3,3,2,2,5,104
3,3,2,2,5,104
3,3,2,2,5,104
3,3,2,2,5,104
3,3,2,2,5,104
3,3,2,2,5,104
3,3,2,2,5,104
3,3,2,2,5,104
3,3,2,2,5,104
3,3,2,2,5,104
3,3,2,2,5,104
3,3,2,2,5,104
3,3,2,2,6,104
3,3,2,2,6,104
3,3,2,2,6,104
3,3,2,2,5,104
3,3,2,2,5,104
3,3,2,2,5,104
3,3,2,2,5,104
3,3,2,2,5,104
3,3,2,2,5,104
3,3,2,2,5,104
3,3,2,2,5,104
3,3,2,2,5,104
3,3,2,2,5,104
3,3,2,2,5,104
4,3,2,2,5,104
4,3,2,2,5,104
0,0,0,0,0,105
0,0,0,0,0,105
0,0,0,0,1,105
0,0,1,0,1,105
1,0,1,0,1,105
1,0,1,1,1,105
1,0,1,1,1,105
2,0,1,1,1,105
2,0,1,1,1,105
2,0,1,1,1,105
2,0,1,1,1,105
2,0,1,1,1,105
2,0,1,1,1,105
2,0,1,1,1,105
2,0,1,1,1,105
2,0,1,1,1,105
2,1,1,1,1,105
2,1,1,1,1,105
0,0,0,0,0,106
0,0,0,1,0,106
0,0,1,1,0,106
0,0,1,1,1,106
0,0,1,1,1,106
0,0,1,1,1,106
0,0,1,1,1,106
0,0,1,1,2,106
0,0,1,1,3,106
0,0,1,1,3,106
0,0,1,1,4,106
1,0,1,1,4,106
1,0,1,1,4,106
1,0,1,1,4,106
1,1,1,1,4,106
1,1,1,1,4,106
1,1,1,1,4,106
1,1,1,1,4,106
1,1,1,1,4,106
1,1,1,1,4,106
1,1,1,1,4,106
1,1,1,1,4,106
1,1,1,1,4,106
1,1,1,1,4,106
1,1,1,1,4,106
1,1,1,1,4,106
1,1,1,1,4,106
1,1,1,1,4,106
1,1,1,1,4,106
1,1,1,1,4,106
1,1,1,1,4,106
1,1,1,1,4,106
1,1,1,1,4,106
1,1,1,1,4,106
1,1,1,1,4,106
1,1,1,1,4,106
1,1,1,1,4,106
1,1,1,1,4,106
1,1,1,1,4,106
1,1,1,1,4,106
1,1,1,1,4,106
1,1,1,1,4,106
1,1,1,1,4,106
1,1,1,1,4,106
1,1,1,1,4,106
1,1,1,1,4,106
1,1,1,1,4,106
1,1,1,1,4,106
1,1,1,1,4,106
1,1,1,1,4,106
1,1,1,1,4,106
1,1,1,1,4,106
1,1,1,1,4,106
1,1,1,1,4,106
1,1,1,1,4,106
1,1,1,1,4,106
1,1,1,1,4,106
1,1,1,1,4,106
1,1,1,1,4,106
1,1,1,1,4,106
1,1,1,1,4,106
1,1,1,1,4,106
1,1,1,1,4,106
1,1,1,1,4,106
1,1,1,1,4,106
1,1,1,1,4,106
1,1,1,1,4,106
1,1,1,1,4,106
1,1,1,1,4,106
1,1,1,1,4,106
1,1,1,1,4,106
1,1,1,1,4,106
1,1,1,1,4,106
1,1,1,1,4,106
1,1,1,1,4,106
1,1,1,1,4,106
1,1,1,1,4,106
1,1,1,1,4,106
1,1,1,1,4,106
1,1,1,1,4,106
1,1,1,1,4,106
1,1,1,1,4,106
1,1,1,1,4,106
1,1,1,1,4,106
1,1,1,1,4,106
1,1,1,1,4,106
1,1,1,1,4,106
1,1,1,1,4,106
1,1,1,1,4,106
1,1,1,1,4,106
1,1,1,1,4,106
1,1,1,1,4,106
1,1,1,1,4,106
1,1,1,1,4,106
1,1,1,1,4,106
1,1,1,1,4,106
1,1,1,1,4,106
1,1,1,1,4,106
1,1,1,1,4,106
1,1,1,1,4,106
0,0,0,0,0,107
0,0,0,0,0,107
1,0,0,0,0,107
2,0,0,0,0,107
2,1,0,0,0,107
2,1,0,1,0,107
2,1,1,1,0,107
2,1,1,1,0,107
3,1,1,1,0,107
3,1,2,1,0,107
3,1,2,1,0,107
3,1,2,1,0,107
3,1,2,1,0,107
3,1,2,1,1,107
3,1,2,1,1,107
3,1,2,1,1,107
3,1,2,1,1,107
3,1,2,1,1,107
3,1,2,1,1,107
3,1,2,1,1,107
3,1,2,1,1,107
3,1,2,1,1,107
3,1,2,1,1,107
3,1,2,1,1,107
3,1,2,1,1,107
3,1,2,1,1,107
2,1,2,1,1,107
2,1,2,1,1,107
2,1,2,1,1,107
2,1,2,1,1,107
2,1,2,1,1,107
2,1,2,1,1,107
2,1,2,1,1,107
2,1,2,1,1,107
2,1,2,1,1,107
2,1,2,1,1,107
2,1,2,1,1,107
2,1,2,1,1,107
2,1,2,1,1,107
2,1,2,1,1,107
2,1,2,1,1,107
2,1,2,1,1,107
2,1,2,1,1,107
2,1,2,1,1,107
2,1,2,1,1,107
2,1,2,1,1,107
2,1,2,1,1,107
2,1,2,1,1,107
2,1,2,1,1,107
2,1,2,1,1,107
2,1,2,1,1,107
2,1,2,1,1,107
2,1,2,1,1,107
2,1,2,1,1,107
2,1,2,1,1,107
2,1,2,1,1,107
2,1,2,1,1,107
2,1,2,1,1,107
2,1,2,1,1,107
2,1,2,1,1,107
2,1,2,1,1,107
2,1,2,1,1,107
2,1,2,1,1,107
2,1,2,1,1,107
2,1,2,1,1,107
2,1,2,1,1,107
2,1,2,1,1,107
2,1,2,1,1,107
2,1,2,1,1,107
2,1,2,1,1,107
2,1,2,1,1,107
2,1,2,1,1,107
2,1,2,1,1,107
2,1,2,1,1,107
2,1,2,1,1,107
2,1,2,1,1,107
2,1,2,1,1,107
2,1,2,1,1,107
2,1,2,1,1,107
2,1,2,1,1,107
2,1,2,1,1,107
2,1,2,1,1,107
2,1,2,1,1,107
2,1,2,1,1,107
2,1,2,1,1,107
2,1,2,1,1,107
2,1,2,1,1,107
2,1,2,1,1,107
2,1,2,1,1,107
2,1,2,1,1,107
2,1,2,1,1,107
2,1,2,1,1,107
2,1,2,1,1,107
2,1,2,1,1,107
2,1,2,1,1,107
2,1,2,1,1,107
2,1,2,1,1,107
2,1,2,1,1,107
2,1,2,1,1,107
2,1,2,1,1,107
0,0,0,0,0,108
0,1,0,0,0,108
0,1,1,0,0,108
0,1,1,0,0,108
0,2,1,0,0,108
1,2,1,0,0,108
1,2,1,0,0,108
1,2,1,1,0,108
1,2,1,1,0,108
1,2,1,1,0,108
1,2,1,1,0,108
1,2,1,1,0,108
1,2,1,1,0,108
1,2,1,1,0,108
1,2,1,1,0,108
1,2,1,1,0,108
1,2,1,1,0,108
2,2,1,1,0,108
2,2,1,1,1,108
2,2,1,1,1,108
2,2,1,1,1,108
2,2,1,1,1,108
2,2,1,1,1,108
2,2,1,1,1,108
2,2,1,1,1,108
2,2,1,1,1,108
2,2,1,1,1,108
2,2,1,1,1,108
2,2,1,1,1,108
2,2,1,1,1,108
2,2,1,1,1,108
2,2,1,1,1,108
2,2,1,1,1,108
2,2,1,1,1,108
2,2,1,1,1,108
2,2,1,1,1,108
2,2,1,1,1,108
2,2,1,1,1,108
2,2,1,1,1,108
2,2,1,1,1,108
2,2,1,1,1,108
2,2,1,1,1,108
2,2,1,1,1,108
2,2,1,1,1,108
2,2,1,1,1,108
2,2,1,1,1,108
2,2,1,1,1,108
2,2,1,1,1,108
2,2,1,1,1,108
2,2,1,1,1,108
2,2,1,1,1,108
2,2,1,1,1,108
2,2,1,1,1,108
2,2,1,1,1,108
2,2,1,1,1,108
2,2,1,1,1,108
2,2,1,1,1,108
2,2,1,1,1,108
2,2,1,1,1,108
2,2,1,1,1,108
2,2,1,1,1,108
2,2,1,1,1,108
2,2,1,1,1,108
2,2,1,1,1,108
2,2,1,1,1,108
2,2,1,1,1,108
2,2,1,1,1,108
2,2,1,1,1,108
2,2,1,1,1,108
2,2,1,1,1,108
2,2,1,1,1,108
2,2,1,1,1,108
2,2,1,1,1,108
2,2,1,1,1,108
2,2,1,1,1,108
2,2,1,1,1,108
2,2,1,1,1,108
2,2,1,1,1,108
2,2,1,1,1,108
2,2,1,1,1,108
2,2,1,1,1,108
2,2,1,1,1,108
2,2,1,1,1,108
2,2,1,1,1,108
2,2,1,1,1,108
2,2,1,1,1,108
2,2,1,1,1,108
2,2,1,1,1,108
2,2,1,1,1,108
2,2,1,1,1,108
2,2,1,1,1,108
2,2,1,1,1,108
2,2,1,1,1,108
2,2,1,1,1,108
2,2,1,1,1,108
2,2,1,1,1,108
2,2,1,1,1,108
2,2,1,1,1,108
2,2,1,1,1,108
2,2,1,1,1,108
0,0,0,0,0,109
1,0,0,0,0,109
2,0,0,0,0,109
2,1,0,0,0,109
2,1,1,0,0,109
2,1,1,0,0,109
2,1,1,0,0,109
2,1,1,0,0,109
2,1,1,0,1,109
2,1,1,0,1,109
2,1,1,0,2,109
2,2,1,0,2,109
2,2,1,0,3,109
2,2,1,0,4,109
2,2,1,0,4,109
2,2,1,0,4,109
2,2,1,0,4,109
2,2,1,0,4,109
2,2,1,0,4,109
2,2,1,0,4,109
2,2,1,0,4,109
2,2,1,0,4,109
2,2,1,0,4,109
2,2,1,0,4,109
2,2,1,0,4,109
2,2,1,0,4,109
2,2,1,0,4,109
2,2,1,0,4,109
2,2,1,0,4,109
2,2,1,0,4,109
2,2,1,0,4,109
2,2,1,0,4,109
2,2,1,0,4,109
2,2,1,0,4,109
2,2,1,0,4,109
2,2,1,0,4,109
2,2,1,0,4,109
2,2,1,0,4,109
2,2,1,0,4,109
2,2,1,0,4,109
2,2,1,0,4,109
2,2,1,0,4,109
2,2,1,0,4,109
2,2,1,0,4,109
2,2,1,0,4,109
2,2,1,0,4,109
2,2,1,0,4,109
2,2,1,0,4,109
2,2,1,0,4,109
2,2,1,0,4,109
2,2,1,0,4,109
2,2,1,0,4,109
2,2,1,0,4,109
2,2,1,0,4,109
2,2,1,0,4,109
2,2,1,0,4,109
2,2,1,0,4,109
2,2,1,0,4,109
2,2,1,0,4,109
2,2,1,0,4,109
2,2,1,0,4,109
2,2,1,0,4,109
2,2,1,0,4,109
2,2,1,0,4,109
2,2,1,0,4,109
2,2,1,0,4,109
2,2,1,0,4,109
2,2,1,0,4,109
2,2,1,0,4,109
2,2,1,0,4,109
2,2,1,0,4,109
2,2,1,0,4,109
2,2,1,0,4,109
2,2,1,0,4,109
2,2,1,0,4,109
2,2,1,0,4,109
2,2,1,0,4,109
2,2,1,0,4,109
2,2,1,0,4,109
2,2,1,0,4,109
2,2,1,0,4,109
2,2,1,0,4,109
2,2,1,0,4,109
2,2,1,0,4,109
2,2,1,0,4,109
2,2,1,0,4,109
2,2,1,0,4,109
2,2,1,0,4,109
2,2,1,0,4,109
2,2,1,0,4,109
2,2,1,0,4,109
2,2,1,0,4,109
2,2,1,0,4,109
2,2,1,0,4,109
2,2,1,0,4,109
2,2,1,0,4,109
2,2,1,0,4,109
2,2,1,0,4,109
1,2,1,0,4,109
1,2,1,0,4,109
0,0,0,0,0,110
0,1,0,0,0,110
0,1,0,1,0,110
0,1,1,1,0,110
0,1,1,1,0,110
1,1,1,1,0,110
1,1,1,1,0,110
2,0,1,1,0,110
2,0,1,1,1,110
2,0,1,1,1,110
2,0,1,1,1,110
2,1,1,1,1,110
2,1,1,1,1,110
2,1,1,1,1,110
2,1,1,1,1,110
2,1,1,1,2,110
1,1,1,1,2,110
2,1,1,1,2,110
2,1,1,1,2,110
2,1,1,1,2,110
2,1,1,1,2,110
3,1,1,1,2,110
3,1,1,1,2,110
3,1,1,1,2,110
4,1,1,1,2,110
5,1,1,1,2,110
5,1,1,1,3,110
5,1,1,1,4,110
5,1,1,1,4,110
5,1,1,1,5,110
5,1,1,1,5,110
5,1,1,2,5,110
5,1,1,2,5,110
5,1,2,2,5,110
5,2,2,2,5,110
4,2,2,2,6,110
4,2,2,3,6,110
4,3,2,3,6,110
4,3,2,3,7,110
4,3,2,3,7,110
4,3,2,3,7,110
4,3,2,3,7,110
4,4,1,3,7,110
4,4,1,3,7,110
5,4,1,3,7,110
6,4,1,3,7,110
6,4,1,3,8,110
6,5,1,3,8,110
6,6,1,3,8,110
6,6,2,3,8,110
6,6,2,4,8,110
6,6,2,4,9,110
6,7,2,4,9,110
6,7,2,4,9,110
7,7,2,4,9,110
7,6,3,4,9,110
7,6,3,4,9,110
8,6,3,4,9,110
8,6,3,5,9,110
8,6,3,5,9,110
8,6,3,5,9,110
8,7,2,5,9,110
8,7,2,5,9,110
8,7,2,6,9,110
8,7,2,6,9,110
8,7,2,6,10,110
8,7,2,6,10,110
8,7,2,6,10,110
8,7,2,6,10,110
8,7,2,6,11,110
7,7,2,6,11,110
7,7,2,6,11,110
7,7,2,6,12,110
7,7,2,6,12,110
7,7,2,6,12,110
7,7,2,6,12,110
7,7,2,6,12,110
7,7,2,6,12,110
7,7,2,6,12,110
7,7,2,6,12,110
7,7,2,6,12,110
7,8,2,6,12,110
7,8,2,6,12,110
7,8,2,6,12,110
7,8,2,6,12,110
7,8,2,6,12,110
7,8,2,6,12,110
7,8,2,6,12,110
7,8,2,6,12,110
7,8,2,6,12,110
7,8,2,6,12,110
7,8,2,6,12,110
7,8,2,6,12,110
7,8,2,6,12,110
7,8,2,6,12,110
7,8,2,6,12,110
7,8,2,6,12,110
7,8,2,6,12,110
7,8,2,6,12,110
8,8,1,6,12,110
0,0,0,0,0,111
0,0,0,0,0,111
0,0,0,0,1,111
0,0,0,0,2,111
0,0,1,0,2,111
0,0,1,0,3,111
0,0,1,1,3,111
0,0,1,1,3,111
0,0,1,1,3,111
0,0,1,1,3,111
0,0,1,1,3,111
0,0,1,1,3,111
0,1,1,1,3,111
0,1,1,1,3,111
0,2,1,1,3,111
0,2,1,1,3,111
0,2,1,1,3,111
0,2,1,1,3,111
0,2,1,1,3,111
0,2,1,1,3,111
0,2,1,1,3,111
0,2,1,1,3,111
0,2,1,1,3,111
0,2,1,1,3,111
0,2,1,1,3,111
0,2,1,1,3,111
0,2,1,1,3,111
0,2,1,1,3,111
0,2,1,1,3,111
0,2,1,1,3,111
0,2,1,1,3,111
0,2,1,1,3,111
0,2,1,1,3,111
0,2,1,1,3,111
0,2,1,1,3,111
0,2,1,1,3,111
0,2,1,1,3,111
0,2,1,1,3,111
0,2,1,1,3,111
0,2,1,1,3,111
0,2,1,1,3,111
0,2,1,1,3,111
0,2,1,1,3,111
0,2,1,1,3,111
0,2,1,1,3,111
0,2,1,1,3,111
0,2,1,1,3,111
0,2,1,1,3,111
0,2,0,1,3,111
0,2,0,1,3,111
0,2,0,1,3,111
0,2,0,1,3,111
0,2,0,1,3,111
0,2,0,1,3,111
0,2,0,1,3,111
0,2,0,1,3,111
0,2,0,1,3,111
0,2,0,1,3,111
0,2,0,1,3,111
0,2,0,1,3,111
0,2,0,1,3,111
0,2,0,1,3,111
0,2,0,1,3,111
0,2,0,1,3,111
0,2,0,1,3,111
0,2,0,1,3,111
0,2,0,1,3,111
0,2,0,1,3,111
0,2,0,1,3,111
0,2,0,1,3,111
0,2,0,1,3,111
0,2,0,1,3,111
0,2,0,1,3,111
0,2,0,1,3,111
0,2,0,1,3,111
0,2,0,1,3,111
0,2,0,1,3,111
0,2,0,1,3,111
0,2,0,1,3,111
0,2,0,1,3,111
0,2,0,1,3,111
0,2,0,1,3,111
0,2,0,1,3,111
0,2,0,1,3,111
0,2,0,1,3,111
0,2,0,1,3,111
0,2,0,1,3,111
0,2,0,1,3,111
0,2,0,1,3,111
0,2,0,1,3,111
0,2,0,1,3,111
0,2,0,1,3,111
0,2,0,1,3,111
0,2,0,1,3,111
0,2,0,1,3,111
0,2,0,1,3,111
0,2,0,1,3,111
0,2,0,1,3,111
0,2,0,1,3,111
0,2,0,1,3,111
0,0,0,0,0,112
1,0,0,0,0,112
1,1,0,0,0,112
1,1,1,0,0,112
1,1,1,0,1,112
1,1,1,0,1,112
2,1,1,0,1,112
2,1,1,0,1,112
3,1,1,0,1,112
3,1,1,0,1,112
3,2,1,0,1,112
3,2,1,1,1,112
3,2,1,1,1,112
3,2,1,1,1,112
3,2,1,1,1,112
3,2,1,1,1,112
3,2,1,1,1,112
3,2,1,1,1,112
3,2,1,1,1,112
3,2,1,1,1,112
3,2,1,1,1,112
3,2,1,1,1,112
3,2,1,1,1,112
3,2,1,1,1,112
3,2,1,1,1,112
3,2,1,1,1,112
3,2,1,1,1,112
3,2,1,1,1,112
3,2,1,1,1,112
3,2,1,1,1,112
3,2,1,1,1,112
3,2,1,1,1,112
3,2,1,1,1,112
3,2,1,1,1,112
3,2,1,1,1,112
3,2,1,1,1,112
3,2,1,1,1,112
3,2,1,1,1,112
3,2,1,1,1,112
3,2,1,1,1,112
3,2,1,1,1,112
3,2,1,1,1,112
3,2,1,1,1,112
3,2,1,1,1,112
3,2,1,1,1,112
3,2,1,1,1,112
3,2,1,1,1,112
3,2,1,1,1,112
3,2,1,1,1,112
3,2,1,1,1,112
3,2,1,1,1,112
3,2,1,1,1,112
3,2,1,0,1,112
3,2,1,0,1,112
3,2,1,0,1,112
3,2,1,0,1,112
3,2,1,0,1,112
3,2,1,0,1,112
3,2,1,0,1,112
3,2,1,0,1,112
3,2,1,0,1,112
3,2,1,0,1,112
3,2,1,0,1,112
3,2,1,0,1,112
3,2,1,0,1,112
3,2,1,0,1,112
3,2,1,0,1,112
3,2,1,0,1,112
3,2,1,0,1,112
3,2,1,0,1,112
3,2,1,0,1,112
3,2,1,0,1,112
3,2,1,0,1,112
3,2,1,0,1,112
3,2,1,0,1,112
3,2,1,0,1,112
3,2,1,0,1,112
3,2,1,0,1,112
3,2,1,0,1,112
3,2,1,0,1,112
3,2,1,0,1,112
3,2,1,0,1,112
3,2,1,0,1,112
3,2,1,0,1,112
3,2,1,0,1,112
3,2,1,0,1,112
2,2,1,0,1,112
2,2,1,0,1,112
2,2,1,0,1,112
2,2,1,0,1,112
2,2,1,0,1,112
2,2,1,0,1,112
2,2,1,0,1,112
2,2,1,0,1,112
2,2,1,0,1,112
2,2,1,0,1,112
2,2,1,0,1,112
2,2,1,0,1,112
2,2,1,0,1,112
2,2,1,0,1,112
0,0,0,0,0,113
0,0,0,0,0,113
0,0,1,0,0,113
0,0,1,0,1,113
0,0,1,1,1,113
0,0,1,1,1,113
1,0,1,1,1,113
2,0,1,1,1,113
2,0,1,1,1,113
2,0,1,1,1,113
2,0,1,1,1,113
2,0,1,1,1,113
2,0,1,1,2,113
2,0,1,1,2,113
2,0,1,1,2,113
2,0,1,1,2,113
2,0,1,1,2,113
0,0,0,0,0,114
1,0,0,0,0,114
1,0,0,0,0,114
1,0,0,0,1,114
1,0,0,0,2,114
1,1,0,0,2,114
1,1,0,1,2,114
1,1,0,1,3,114
1,1,0,1,3,114
1,1,0,1,3,114
1,0,0,1,4,114
1,0,0,1,4,114
2,0,0,1,4,114
2,1,0,1,3,114
2,1,0,1,3,114
2,1,0,1,3,114
2,1,0,1,3,114
2,1,0,1,3,114
2,1,0,1,3,114
2,1,0,1,3,114
2,1,0,1,3,114
2,1,0,1,3,114
2,1,0,1,3,114
2,1,0,1,3,114
2,1,0,1,3,114
2,1,0,1,3,114
2,1,0,1,3,114
2,1,0,1,3,114
2,1,0,1,3,114
2,1,0,1,3,114
2,1,0,1,3,114
2,1,0,1,3,114
2,1,0,1,3,114
2,1,0,1,3,114
2,1,0,1,3,114
2,1,0,1,3,114
2,1,0,1,3,114
2,1,0,1,3,114
2,1,0,1,3,114
2,1,0,1,3,114
2,1,0,1,3,114
2,1,0,1,3,114
2,1,0,1,3,114
2,1,0,1,3,114
2,1,0,1,3,114
2,1,0,1,3,114
2,1,0,1,3,114
2,1,0,1,3,114
2,1,0,1,3,114
2,1,0,1,3,114
2,1,0,1,3,114
2,1,0,1,3,114
2,1,0,1,3,114
2,1,0,1,3,114
2,1,0,1,3,114
2,1,0,1,3,114
2,1,0,1,3,114
2,1,0,1,3,114
2,1,0,1,3,114
2,1,0,1,3,114
2,1,0,1,3,114
2,1,0,1,3,114
2,1,0,1,3,114
2,1,0,1,3,114
2,1,0,1,3,114
2,1,0,1,3,114
2,1,0,1,3,114
2,1,0,1,3,114
2,1,0,1,3,114
2,1,0,1,3,114
2,1,0,1,3,114
2,1,0,1,3,114
2,1,0,1,3,114
2,1,0,1,3,114
2,1,0,1,3,114
2,1,0,1,3,114
2,1,0,1,3,114
2,1,0,1,3,114
2,1,0,1,3,114
2,1,0,1,3,114
2,1,0,1,3,114
2,1,0,1,3,114
2,1,0,1,3,114
2,1,0,1,3,114
2,1,0,1,3,114
2,1,0,1,3,114
2,1,0,1,3,114
2,1,0,1,3,114
2,1,0,1,3,114
2,1,0,1,3,114
2,1,0,1,3,114
2,1,0,1,3,114
2,1,0,1,3,114
2,1,0,1,3,114
2,1,0,1,3,114
2,1,0,1,3,114
2,1,0,1,3,114
2,1,0,1,3,114
2,1,0,1,3,114
2,1,0,1,3,114
0,0,0,0,0,115
0,0,1,0,0,115
0,0,1,1,0,115
0,0,1,1,0,115
1,0,1,1,0,115
1,0,1,1,0,115
1,0,1,1,1,115
1,0,1,1,1,115
1,0,1,1,1,115
1,0,1,1,1,115
1,0,1,1,1,115
1,0,1,1,1,115
0,1,1,1,1,115
0,1,1,1,1,115
1,1,1,1,1,115
0,0,0,0,0,116
0,0,0,1,0,116
0,0,0,1,0,116
0,0,0,1,1,116
0,0,0,1,2,116
1,0,0,1,2,116
1,0,1,1,2,116
1,0,1,1,2,116
1,0,1,1,2,116
1,0,1,1,2,116
2,0,1,1,2,116
2,1,1,1,2,116
2,1,1,1,2,116
2,1,1,1,2,116
3,1,1,1,2,116
3,2,1,1,2,116
3,2,1,1,3,116
3,2,1,1,3,116
4,2,1,1,3,116
4,2,1,1,3,116
4,2,1,1,3,116
4,2,1,2,3,116
4,2,1,2,3,116
4,2,1,2,4,116
4,3,1,2,4,116
4,3,1,2,4,116
4,4,1,2,4,116
4,4,1,2,4,116
4,4,1,2,4,116
3,4,2,2,4,116
3,4,2,2,3,116
4,4,2,2,3,116
4,4,2,3,3,116
4,4,2,3,3,116
4,5,2,3,3,116
4,5,2,3,3,116
4,5,2,3,4,116
4,5,2,3,4,116
4,5,2,3,4,116
4,5,2,3,5,116
4,6,2,3,4,116
4,6,2,3,4,116
4,6,2,4,4,116
4,6,2,4,4,116
4,6,2,5,4,116
4,6,1,5,4,116
4,6,1,6,4,116
4,6,1,6,5,116
4,6,1,6,5,116
4,6,1,6,5,116
4,6,1,6,5,116
4,6,1,6,5,116
4,6,2,6,5,116
4,6,2,6,5,116
4,6,2,6,4,116
4,6,2,6,4,116
4,6,2,6,4,116
5,6,2,5,4,116
5,6,2,5,4,116
5,6,2,5,5,116
4,6,2,5,5,116
3,6,3,5,5,116
3,6,3,5,5,116
3,6,3,6,5,116
3,6,3,6,5,116
3,6,3,7,5,116
3,6,3,7,6,116
3,6,4,7,6,116
3,5,4,7,6,116
3,6,4,7,6,116
3,6,5,7,6,116
3,6,5,7,6,116
3,6,5,7,6,116
3,6,5,7,6,116
3,6,6,7,6,116
3,6,6,8,6,116
3,7,6,8,5,116
3,7,6,8,6,116
3,7,5,8,6,116
3,7,5,8,6,116
4,7,5,8,5,116
4,7,6,8,4,116
4,7,6,8,4,116
4,7,6,8,4,116
4,7,6,8,4,116
5,7,6,8,4,116
5,7,6,8,4,116
5,8,6,8,4,116
5,8,6,8,4,116
5,8,6,8,4,116
5,8,6,8,4,116
5,8,6,8,5,116
5,8,6,8,5,116
6,8,6,8,5,116
6,9,6,8,5,116
6,10,6,7,5,116
6,10,5,7,5,116
6,10,6,7,5,116
6,10,6,7,5,116
6,10,6,7,5,116
0,0,0,0,0,117
1,0,0,0,0,117
1,0,0,0,0,117
1,0,1,0,0,117
1,0,1,0,0,117
0,0,1,0,1,117
0,0,1,0,1,117
1,0,1,0,1,117
1,0,1,0,1,117
1,0,1,0,2,117
1,1,1,0,2,117
1,1,1,0,2,117
1,1,1,0,2,117
1,1,1,0,2,117
1,1,1,0,2,117
1,1,1,0,2,117
1,1,1,0,2,117
1,1,1,0,2,117
1,1,1,0,2,117
1,1,1,0,2,117
1,1,1,1,2,117
1,1,1,1,2,117
1,1,1,1,2,117
1,1,1,1,2,117
1,1,1,1,2,117
1,1,1,1,2,117
1,1,1,1,2,117
1,1,1,1,2,117
1,1,1,1,2,117
1,1,1,1,2,117
1,1,1,1,2,117
1,1,1,1,2,117
1,1,1,1,2,117
1,1,1,1,2,117
1,1,1,1,2,117
1,1,1,1,2,117
1,1,1,1,2,117
1,1,1,1,2,117
1,1,1,1,2,117
1,1,1,1,2,117
1,1,1,1,2,117
1,1,1,1,2,117
1,1,1,1,2,117
1,1,1,1,2,117
1,1,1,1,2,117
1,1,1,1,2,117
1,1,1,1,2,117
1,1,1,1,2,117
1,1,1,1,2,117
1,1,1,1,2,117
1,1,1,1,2,117
1,1,1,1,2,117
1,1,1,1,2,117
1,1,1,1,2,117
1,1,1,1,2,117
1,1,1,1,2,117
1,1,1,1,2,117
1,1,1,1,2,117
1,1,1,1,2,117
1,1,1,1,2,117
1,1,1,1,2,117
1,1,1,1,2,117
1,1,1,1,2,117
1,1,1,1,2,117
1,1,1,1,2,117
1,1,1,1,2,117
1,1,1,1,2,117
1,1,1,1,2,117
1,1,1,1,2,117
1,1,1,1,2,117
1,1,1,1,2,117
1,1,1,1,2,117
1,1,1,1,2,117
1,1,1,1,2,117
1,1,1,1,2,117
1,1,1,1,2,117
1,1,1,1,2,117
1,1,1,1,2,117
1,1,1,1,2,117
1,1,1,1,2,117
1,1,1,1,2,117
1,1,1,1,2,117
1,1,1,1,2,117
1,1,1,1,2,117
1,1,1,1,2,117
1,1,1,1,2,117
1,1,1,1,2,117
1,1,1,1,2,117
1,1,1,1,2,117
1,1,1,1,2,117
1,1,1,1,2,117
1,1,1,1,2,117
1,1,1,1,2,117
1,1,1,1,2,117
1,1,1,1,2,117
1,1,1,1,2,117
1,1,1,1,2,117
1,1,1,1,2,117
1,1,1,1,2,117
1,1,1,1,2,117
0,0,0,0,0,118
0,0,0,1,0,118
0,0,0,1,0,118
0,0,1,1,0,118
0,0,1,1,0,118
0,0,1,1,0,118
0,0,1,1,0,118
1,0,1,1,0,118
1,0,1,1,0,118
1,0,1,1,0,118
1,0,1,1,0,118
2,0,1,1,0,118
2,0,1,1,0,118
2,0,1,1,0,118
3,0,1,1,0,118
3,0,1,1,1,118
3,0,1,1,1,118
3,0,1,1,1,118
3,0,1,1,1,118
2,0,1,1,2,118
2,1,1,1,2,118
2,1,1,1,2,118
2,1,1,1,2,118
2,1,1,1,2,118
2,1,1,1,2,118
2,1,1,1,2,118
2,1,1,1,2,118
2,1,1,1,2,118
2,1,1,1,2,118
2,1,1,1,2,118
2,1,1,1,2,118
2,1,1,1,2,118
2,1,1,1,2,118
2,1,1,1,2,118
2,1,1,1,2,118
2,1,1,1,2,118
2,1,1,1,2,118
2,1,1,1,2,118
2,1,1,1,2,118
2,1,1,1,2,118
2,1,1,1,2,118
2,1,1,1,2,118
2,1,1,1,2,118
1,1,1,1,2,118
1,1,1,1,2,118
1,1,1,1,2,118
1,1,1,1,2,118
1,1,1,1,2,118
1,1,1,1,2,118
1,1,1,1,2,118
1,1,1,1,2,118
1,1,1,1,2,118
1,1,1,1,2,118
1,1,1,1,2,118
1,1,1,1,2,118
1,1,1,1,2,118
1,1,1,1,2,118
1,1,1,1,2,118
1,1,1,1,2,118
1,1,1,1,2,118
1,1,1,1,2,118
1,1,1,1,2,118
1,1,1,1,2,118
1,1,1,1,2,118
1,1,1,1,2,118
1,1,1,1,2,118
1,1,1,1,2,118
1,1,1,1,2,118
1,1,1,1,2,118
1,1,1,1,2,118
1,1,1,1,2,118
1,1,1,1,2,118
1,1,1,1,2,118
1,1,1,1,2,118
1,1,1,1,2,118
1,1,1,1,2,118
1,1,1,1,2,118
1,1,1,1,2,118
1,1,1,1,2,118
1,1,1,1,2,118
1,1,1,1,2,118
1,0,1,1,2,118
1,0,1,1,2,118
1,0,1,1,2,118
1,0,1,1,2,118
1,0,1,1,2,118
0,0,0,0,0,119
0,0,0,1,0,119
0,0,0,1,1,119
0,0,0,1,1,119
0,0,0,1,1,119
0,0,1,1,1,119
0,0,1,1,1,119
0,0,1,1,1,119
0,0,1,1,1,119
0,0,1,1,1,119
0,0,1,1,1,119
0,0,1,1,2,119
1,0,1,1,2,119
1,1,1,1,2,119
1,1,1,1,2,119
1,1,1,1,2,119
1,1,1,1,2,119
1,2,1,1,2,119
1,1,1,1,2,119
2,1,1,1,2,119
2,1,1,1,2,119
2,1,1,1,2,119
2,2,1,1,2,119
2,2,1,1,2,119
2,2,1,1,3,119
2,2,1,1,3,119
2,2,1,1,3,119
2,1,1,1,3,119
2,1,1,1,3,119
2,1,1,1,3,119
2,1,1,1,3,119
2,2,1,1,3,119
2,2,1,1,3,119
2,2,1,1,3,119
2,2,1,1,3,119
2,2,1,1,3,119
2,2,1,1,3,119
2,2,1,1,3,119
2,2,1,1,3,119
2,2,1,1,4,119
2,2,1,1,4,119
2,2,1,1,4,119
2,2,1,1,4,119
2,2,1,1,4,119
2,2,1,1,4,119
2,2,1,1,4,119
2,2,1,1,4,119
2,2,1,1,4,119
2,2,1,1,4,119
2,2,1,1,4,119
2,2,1,1,4,119
2,2,1,1,4,119
2,2,1,1,4,119
2,2,1,1,4,119
2,2,1,1,4,119
2,2,1,1,4,119
2,2,1,1,4,119
2,2,1,1,4,119
2,2,1,1,4,119
2,2,1,1,4,119
2,2,1,1,4,119
2,2,1,1,4,119
2,2,1,1,4,119
2,2,1,1,4,119
2,2,1,1,4,119
2,2,1,1,4,119
2,2,1,1,4,119
2,2,1,1,4,119
2,2,1,1,4,119
2,2,1,1,4,119
2,2,1,1,4,119
2,2,1,1,4,119
2,2,1,1,4,119
2,2,1,1,4,119
2,2,1,1,4,119
2,2,1,1,4,119
2,2,1,1,4,119
2,2,1,1,4,119
2,2,1,1,4,119
2,2,1,1,4,119
2,2,1,1,4,119
2,2,1,1,4,119
2,2,1,1,4,119
2,2,1,1,4,119
2,2,1,1,4,119
2,2,1,1,4,119
2,2,1,1,4,119
2,2,1,1,4,119
2,2,1,1,4,119
2,1,1,1,4,119
2,1,1,1,4,119
2,1,1,1,4,119
2,1,1,1,4,119
2,1,1,1,4,119
2,1,1,1,4,119
2,1,1,1,4,119
1,1,1,1,4,119
2,1,1,1,4,119
2,1,1,1,4,119
2,1,1,1,4,119
0,0,0,0,0,120
0,0,0,0,0,120
0,0,1,0,0,120
0,0,1,0,0,120
0,0,1,0,0,120
0,1,1,0,0,120
0,1,1,0,0,120
0,1,1,0,1,120
0,1,1,1,1,120
0,1,1,1,2,120
0,2,1,1,2,120
0,2,1,1,2,120
0,2,1,1,2,120
0,2,1,1,2,120
0,2,1,1,3,120
0,2,1,1,3,120
0,2,1,1,3,120
0,2,1,1,4,120
0,2,1,1,4,120
1,2,1,1,4,120
1,2,1,1,4,120
1,2,1,1,4,120
1,2,1,1,4,120
1,2,1,1,4,120
1,2,1,1,4,120
1,2,1,1,4,120
1,2,1,1,4,120
1,2,1,1,4,120
1,2,1,1,4,120
1,2,1,1,4,120
1,2,1,1,4,120
1,2,1,1,4,120
1,2,1,1,4,120
1,2,1,1,4,120
1,2,1,1,4,120
1,2,1,1,4,120
1,2,1,1,4,120
1,2,1,1,4,120
1,2,1,1,4,120
1,2,1,1,4,120
1,2,1,1,4,120
1,2,1,1,4,120
1,2,1,1,4,120
1,2,1,1,4,120
1,2,1,1,4,120
1,2,1,1,4,120
1,2,1,1,4,120
1,2,1,1,4,120
1,2,1,1,4,120
1,2,1,1,4,120
1,2,1,1,4,120
1,2,1,1,4,120
1,2,1,1,4,120
1,2,1,1,4,120
0,2,1,1,4,120
0,2,1,1,4,120
0,2,1,1,4,120
0,2,1,1,4,120
0,2,1,1,4,120
0,1,1,1,4,120
0,1,1,1,4,120
0,1,1,1,4,120
0,1,1,1,4,120
0,1,1,1,4,120
0,1,1,1,4,120
0,1,1,1,4,120
0,1,1,1,4,120
0,1,1,1,4,120
0,1,1,1,4,120
0,1,1,1,4,120
0,1,1,1,4,120
0,1,1,1,4,120
0,1,1,1,4,120
0,1,1,1,4,120
0,1,1,1,4,120
0,1,1,1,4,120
0,1,1,1,4,120
0,1,1,1,4,120
0,1,1,1,4,120
0,1,1,1,4,120
0,1,1,1,4,120
0,1,1,1,4,120
0,1,1,1,4,120
0,1,1,1,4,120
0,1,1,1,4,120
0,1,1,1,4,120
0,1,1,1,4,120
0,1,1,1,4,120
0,1,1,1,4,120
0,1,1,1,4,120
0,1,1,1,4,120
0,1,1,1,4,120
0,1,1,1,4,120
0,1,1,1,4,120
0,1,1,1,4,120
0,1,1,1,4,120
0,1,1,1,4,120
0,1,1,1,4,120
0,1,1,1,4,120
0,1,1,1,4,120
0,0,0,0,0,121
1,0,0,0,0,121
1,1,0,0,0,121
2,1,0,0,0,121
2,2,0,0,0,121
3,2,0,0,0,121
3,2,0,0,0,121
3,2,0,0,0,121
3,2,0,0,0,121
3,2,0,0,0,121
3,2,0,0,0,121
3,2,0,0,1,121
3,2,0,1,1,121
3,2,0,1,2,121
3,2,0,1,2,121
3,2,0,1,2,121
3,2,0,1,2,121
3,2,0,1,2,121
2,2,0,1,2,121
2,2,0,1,2,121
2,2,0,1,2,121
2,2,0,1,2,121
2,2,0,1,2,121
2,2,0,1,2,121
2,2,0,1,2,121
2,2,0,1,2,121
2,2,0,1,2,121
2,2,0,1,2,121
2,2,0,1,2,121
2,2,0,1,2,121
2,2,0,1,2,121
2,2,0,1,2,121
2,2,0,1,2,121
2,2,0,1,2,121
2,2,0,1,2,121
2,2,0,1,2,121
2,2,0,1,2,121
2,2,0,1,2,121
2,2,0,1,2,121
2,2,0,1,2,121
2,2,0,1,2,121
2,2,0,1,2,121
2,2,0,1,2,121
2,2,0,1,2,121
2,2,0,1,2,121
2,2,0,1,2,121
2,2,0,1,2,121
2,2,0,1,2,121
2,2,0,1,2,121
2,2,0,1,2,121
2,2,0,1,2,121
2,2,0,1,2,121
2,2,0,1,2,121
2,2,0,1,2,121
2,2,0,1,2,121
2,2,0,1,2,121
2,2,0,1,2,121
2,2,0,1,2,121
2,2,0,1,2,121
2,2,0,1,2,121
2,2,0,1,2,121
2,2,0,1,2,121
2,2,0,1,2,121
2,2,0,1,2,121
2,2,0,1,2,121
2,2,0,1,2,121
2,2,0,1,2,121
2,2,0,1,2,121
2,2,0,1,2,121
2,2,0,1,2,121
2,2,0,1,2,121
2,2,0,1,2,121
2,2,0,1,2,121
2,2,0,1,2,121
2,2,0,1,2,121
2,2,0,1,2,121
2,2,0,1,2,121
2,2,0,1,2,121
2,2,0,1,2,121
2,2,0,1,2,121
2,2,0,1,2,121
2,2,0,1,2,121
2,2,0,1,2,121
2,2,0,1,2,121
2,2,0,1,2,121
2,2,0,1,2,121
2,2,0,1,2,121
2,2,0,1,2,121
2,2,0,1,2,121
2,2,0,1,2,121
2,2,0,1,2,121
2,2,0,1,2,121
2,2,0,1,2,121
2,2,0,1,2,121
2,2,0,1,2,121
2,2,0,1,2,121
2,2,0,1,2,121
2,2,0,1,2,121
2,2,0,1,2,121
2,2,0,1,2,121
0,0,0,0,0,122
1,0,0,0,0,122
1,1,0,0,0,122
1,1,0,1,0,122
2,1,0,1,0,122
2,2,0,1,0,122
2,2,0,2,0,122
2,2,0,2,0,122
2,3,0,2,0,122
2,3,0,2,0,122
2,3,0,2,0,122
2,3,0,2,0,122
2,3,0,2,1,122
2,2,0,2,1,122
2,2,0,2,1,122
2,2,0,2,1,122
2,2,0,2,1,122
2,2,0,2,1,122
2,2,0,2,1,122
2,2,0,2,1,122
2,2,0,2,1,122
2,2,0,2,1,122
2,2,0,2,1,122
2,2,0,2,1,122
2,2,0,2,1,122
2,2,0,2,1,122
2,2,0,2,1,122
2,2,0,2,1,122
2,2,0,2,1,122
2,2,0,2,1,122
2,2,0,2,1,122
2,2,0,2,1,122
2,2,0,2,1,122
2,2,0,2,1,122
2,2,0,2,1,122
2,2,0,2,1,122
2,2,0,2,1,122
2,2,0,2,1,122
2,2,0,2,1,122
2,2,0,2,1,122
2,2,0,2,1,122
2,2,0,2,1,122
2,2,0,2,1,122
2,2,0,2,1,122
2,2,0,2,1,122
2,2,0,2,1,122
2,2,0,2,1,122
2,2,0,2,1,122
2,2,0,2,1,122
2,2,0,2,1,122
2,2,0,2,1,122
2,2,0,2,1,122
2,2,0,2,1,122
2,2,0,2,1,122
2,2,0,2,1,122
2,2,0,2,1,122
2,2,0,2,1,122
2,2,0,2,1,122
2,2,0,2,1,122
2,2,0,2,1,122
2,2,0,2,1,122
2,2,0,2,1,122
2,2,0,2,1,122
2,2,0,2,1,122
2,2,0,2,1,122
2,2,0,2,1,122
2,2,0,2,1,122
2,2,0,2,1,122
2,2,0,2,1,122
2,2,0,2,1,122
2,2,0,2,1,122
2,2,0,2,1,122
2,2,0,2,1,122
2,2,0,2,1,122
2,2,0,2,1,122
2,2,0,2,1,122
2,2,0,2,1,122
2,2,0,2,1,122
2,2,0,2,1,122
2,2,0,2,1,122
2,2,0,2,1,122
2,2,0,2,1,122
2,2,0,2,1,122
2,2,0,2,1,122
2,2,0,2,1,122
2,2,0,2,1,122
2,2,0,2,1,122
2,2,0,2,1,122
2,2,0,2,1,122
2,2,0,2,1,122
2,2,0,2,1,122
2,2,0,2,1,122
2,2,0,2,1,122
2,2,0,2,1,122
2,2,0,2,1,122
2,2,0,2,1,122
2,2,0,2,1,122
2,2,0,2,1,122
2,2,0,2,1,122
2,2,0,2,1,122
0,0,0,0,0,123
1,0,0,0,0,123
1,1,0,0,0,123
1,2,0,0,0,123
1,3,0,0,0,123
1,3,0,0,1,123
1,3,1,0,1,123
1,3,1,0,1,123
1,3,1,0,1,123
1,3,1,0,1,123
2,3,1,0,1,123
2,3,1,0,1,123
2,3,1,0,1,123
2,3,1,1,1,123
2,3,1,1,1,123
2,3,1,1,1,123
2,3,1,1,1,123
2,3,1,1,1,123
2,3,1,1,1,123
2,3,1,1,2,123
2,4,1,1,2,123
2,4,1,1,3,123
2,4,1,1,3,123
2,4,1,1,3,123
2,4,1,1,3,123
2,4,1,1,3,123
2,4,2,1,3,123
2,4,2,1,3,123
2,4,2,1,3,123
2,4,2,1,3,123
2,4,2,1,3,123
2,4,2,1,4,123
2,4,2,1,4,123
2,4,2,1,4,123
2,4,2,1,4,123
2,4,2,1,4,123
2,4,2,1,4,123
2,4,2,1,4,123
1,4,2,1,4,123
1,4,2,1,4,123
2,4,2,1,4,123
2,4,2,1,4,123
2,4,2,1,4,123
2,4,2,1,5,123
2,4,2,1,5,123
2,4,2,1,5,123
2,4,2,1,5,123
2,4,2,1,5,123
1,4,2,1,5,123
1,4,2,1,5,123
1,4,2,1,5,123
1,4,2,1,5,123
2,3,2,1,5,123
2,3,2,1,5,123
2,3,2,1,5,123
2,3,2,1,5,123
2,3,2,1,5,123
2,3,2,1,5,123
2,3,2,1,5,123
2,3,2,1,5,123
2,3,2,1,5,123
2,3,2,1,5,123
2,3,2,1,6,123
2,3,2,1,6,123
2,3,2,1,6,123
2,3,2,1,6,123
2,3,2,1,6,123
2,3,2,1,6,123
2,3,2,1,6,123
2,3,2,1,6,123
2,3,2,1,6,123
2,3,2,1,6,123
2,3,2,1,6,123
2,3,2,1,6,123
2,3,2,1,6,123
2,3,2,1,6,123
2,3,2,1,6,123
2,3,2,1,6,123
2,3,2,1,6,123
2,4,2,1,6,123
2,4,2,1,6,123
2,4,2,1,6,123
2,4,2,1,6,123
2,4,2,1,6,123
2,4,2,1,6,123
2,4,2,1,6,123
2,4,2,1,6,123
2,4,2,1,6,123
2,4,3,1,6,123
2,4,3,1,6,123
2,4,3,1,6,123
2,4,3,1,6,123
2,4,3,1,6,123
2,4,3,1,6,123
2,4,3,1,6,123
2,4,3,2,6,123
2,4,3,2,6,123
2,4,3,2,6,123
3,3,3,2,6,123
3,3,3,2,6,123
0,0,0,0,0,124
0,1,0,0,0,124
0,1,0,0,0,124
1,1,0,0,0,124
1,1,0,1,0,124
1,2,0,1,0,124
1,2,0,2,0,124
1,2,1,2,0,124
1,2,1,2,0,124
1,2,1,2,0,124
1,2,1,2,0,124
1,2,1,2,0,124
1,2,1,2,0,124
1,2,1,2,0,124
1,2,1,2,0,124
1,2,1,2,0,124
1,2,1,2,0,124
1,2,1,2,0,124
1,2,1,2,0,124
1,2,1,2,0,124
1,2,1,2,0,124
1,2,1,2,0,124
1,2,1,2,0,124
1,2,1,2,0,124
1,2,1,2,0,124
1,2,1,2,0,124
1,2,1,2,0,124
1,2,1,2,0,124
1,2,1,2,0,124
1,2,1,2,0,124
1,2,1,2,0,124
1,2,1,2,0,124
1,2,1,2,0,124
1,2,1,2,0,124
1,2,1,2,0,124
1,2,1,2,0,124
1,2,1,2,0,124
1,2,1,2,0,124
1,2,1,2,0,124
1,2,1,2,0,124
1,2,1,2,0,124
1,2,1,2,0,124
1,2,1,2,0,124
1,2,1,2,0,124
1,1,1,2,0,124
1,1,1,2,0,124
1,1,1,2,0,124
1,1,1,2,0,124
1,1,1,2,0,124
1,1,1,1,0,124
1,1,1,1,0,124
1,1,1,1,0,124
1,1,1,1,0,124
1,1,1,1,0,124
1,1,1,1,0,124
1,1,1,1,0,124
1,1,1,1,0,124
1,1,1,1,0,124
1,1,1,1,0,124
1,1,1,1,0,124
1,1,1,1,0,124
1,1,1,1,0,124
1,1,1,1,0,124
1,1,1,1,0,124
1,1,1,1,0,124
1,1,1,1,0,124
1,1,1,0,0,124
1,1,1,0,0,124
1,1,1,0,0,124
1,1,1,0,0,124
1,1,1,0,0,124
1,1,1,0,0,124
1,1,1,0,0,124
1,1,1,0,0,124
1,1,1,0,0,124
1,1,1,0,0,124
1,1,1,0,0,124
1,1,1,0,0,124
1,1,1,0,0,124
1,1,1,0,0,124
1,1,1,0,0,124
1,1,1,0,0,124
1,1,1,0,0,124
1,1,1,0,0,124
1,1,1,0,0,124
1,1,1,0,0,124
1,1,1,0,0,124
1,1,1,0,0,124
1,1,1,0,0,124
1,1,1,0,0,124
1,1,1,0,0,124
1,1,1,0,0,124
1,1,1,0,0,124
1,1,1,0,0,124
1,1,1,0,0,124
1,1,1,0,0,124
1,1,1,0,0,124
1,1,1,0,0,124
1,1,1,0,0,124
1,1,1,0,0,124
0,0,0,0,0,125
0,0,0,0,1,125
1,0,0,0,1,125
2,0,0,0,1,125
2,0,0,0,2,125
2,0,0,1,2,125
2,0,1,1,2,125
2,0,1,1,2,125
3,0,1,1,2,125
3,0,1,1,2,125
3,1,1,1,2,125
3,1,1,1,2,125
3,1,1,1,2,125
3,1,1,1,2,125
3,1,1,1,2,125
3,1,1,1,2,125
3,1,1,1,2,125
3,1,1,1,2,125
3,1,1,1,2,125
3,1,1,1,2,125
3,1,1,1,2,125
3,1,1,1,2,125
3,1,1,1,2,125
3,1,1,1,2,125
3,1,1,1,2,125
3,1,1,1,2,125
3,1,1,1,1,125
3,1,1,1,1,125
3,1,1,1,1,125
3,1,1,1,1,125
3,1,1,1,1,125
3,1,1,1,2,125
3,1,1,1,3,125
3,1,1,1,3,125
3,1,1,1,3,125
3,1,1,1,3,125
3,2,1,1,3,125
3,2,1,1,3,125
3,2,1,1,3,125
3,2,1,1,3,125
3,3,1,1,3,125
3,3,1,1,3,125
3,3,2,1,3,125
3,3,2,1,3,125
3,3,2,1,3,125
3,3,2,1,3,125
3,3,2,1,3,125
3,3,2,1,3,125
3,3,2,1,3,125
3,3,2,1,3,125
3,3,2,1,3,125
3,3,2,1,3,125
3,3,2,1,3,125
3,3,2,1,3,125
3,3,2,1,3,125
3,3,2,1,3,125
3,3,2,1,3,125
3,3,2,1,3,125
3,3,2,1,3,125
3,3,2,1,3,125
3,3,2,1,3,125
3,3,2,1,4,125
3,3,2,1,4,125
3,3,2,1,4,125
3,3,2,1,4,125
3,3,2,1,4,125
3,3,2,1,4,125
3,3,2,1,4,125
3,3,2,1,4,125
3,3,2,1,4,125
3,3,2,1,4,125
3,3,2,1,4,125
3,3,2,1,4,125
3,3,2,1,4,125
3,3,2,1,4,125
3,3,2,1,4,125
3,3,2,1,3,125
3,3,2,1,3,125
3,3,2,1,3,125
3,3,2,1,3,125
3,3,2,1,3,125
3,3,2,1,3,125
3,3,2,1,3,125
3,3,2,1,3,125
3,3,2,1,3,125
3,3,2,1,3,125
3,3,2,1,3,125
3,3,3,1,3,125
3,3,3,1,3,125
3,3,3,1,3,125
3,3,3,1,3,125
3,3,3,1,3,125
3,3,3,1,3,125
3,3,3,1,2,125
3,3,3,1,2,125
3,3,3,1,2,125
3,3,3,1,2,125
3,3,3,1,2,125
3,3,3,1,2,125
3,3,3,1,2,125
0,0,0,0,0,126
0,0,0,1,0,126
1,0,0,1,0,126
1,0,0,1,0,126
1,0,1,1,0,126
1,0,1,1,0,126
1,1,1,1,0,126
1,1,1,1,1,126
1,1,2,1,1,126
1,1,2,1,1,126
1,1,2,1,1,126
1,1,2,1,1,126
1,1,2,1,1,126
2,1,2,1,1,126
2,1,2,1,1,126
2,1,2,1,1,126
2,1,2,1,1,126
2,2,2,1,1,126
2,2,2,1,1,126
2,2,2,1,2,126
2,3,2,1,2,126
2,4,2,1,2,126
2,4,2,1,2,126
2,4,2,1,2,126
2,4,2,1,2,126
2,4,2,1,2,126
3,4,2,1,2,126
3,4,2,1,3,126
3,4,2,1,4,126
3,5,2,1,4,126
3,5,2,1,4,126
3,5,2,1,4,126
4,5,2,1,4,126
4,5,2,1,4,126
4,5,2,1,4,126
4,5,2,1,4,126
4,5,2,1,4,126
4,5,2,1,4,126
4,5,2,1,4,126
5,5,2,1,4,126
5,5,2,1,4,126
5,5,2,1,4,126
5,5,2,1,4,126
5,5,2,1,4,126
5,5,2,1,4,126
5,6,2,1,4,126
5,6,2,1,4,126
5,6,2,1,4,126
5,6,2,1,4,126
5,6,2,1,4,126
5,7,2,1,4,126
5,7,2,1,4,126
5,7,2,1,4,126
5,6,2,1,4,126
5,6,2,1,4,126
5,6,3,1,4,126
5,6,3,1,4,126
5,6,3,1,5,126
5,6,3,2,5,126
5,6,3,2,5,126
5,6,3,2,5,126
5,6,3,2,6,126
5,6,3,2,6,126
5,6,3,2,6,126
5,6,4,2,6,126
5,6,4,2,6,126
5,6,4,2,6,126
5,6,4,2,6,126
5,6,4,2,6,126
5,7,4,2,6,126
5,7,4,2,6,126
5,7,4,2,7,126
5,7,4,2,7,126
5,7,4,2,8,126
5,7,4,2,8,126
5,7,4,2,8,126
5,7,4,2,8,126
4,7,4,2,8,126
4,7,4,2,8,126
4,7,4,2,9,126
4,7,4,2,9,126
4,7,4,2,9,126
4,7,4,2,9,126
4,7,4,2,9,126
4,7,4,2,9,126
4,7,4,2,9,126
4,7,4,2,9,126
4,7,4,2,9,126
4,7,5,2,9,126
4,7,5,2,9,126
4,7,5,2,9,126
4,7,5,2,9,126
4,7,5,2,9,126
4,7,4,2,10,126
4,7,4,2,10,126
4,7,4,2,9,126
4,7,4,2,9,126
3,7,4,2,10,126
3,7,4,2,10,126
3,7,4,2,10,126
0,0,0,0,0,127
0,0,0,0,0,127
0,0,0,0,0,127
1,0,0,0,0,127
2,0,0,0,0,127
2,0,1,0,0,127
2,0,1,0,0,127
2,0,1,0,0,127
2,1,1,0,0,127
1,1,1,0,1,127
1,1,1,0,1,127
1,1,1,0,1,127
2,1,1,0,1,127
2,1,1,0,1,127
2,1,1,0,1,127
2,1,1,0,2,127
2,1,1,0,2,127
0,0,0,0,0,128
0,0,0,0,1,128
0,1,0,0,1,128
1,1,0,0,1,128
1,1,0,0,2,128
1,1,0,1,2,128
2,1,0,1,2,128
2,1,0,2,2,128
2,1,0,2,2,128
2,1,0,2,2,128
2,2,0,2,2,128
2,2,0,2,2,128
2,1,0,2,3,128
2,1,0,2,3,128
2,1,0,2,3,128
2,1,0,2,3,128
2,1,0,2,3,128
2,1,0,2,3,128
2,1,0,2,3,128
2,1,0,2,3,128
2,1,0,2,3,128
2,1,0,2,3,128
2,1,0,2,3,128
2,1,0,2,3,128
2,1,0,2,3,128
2,1,0,2,3,128
2,1,0,2,3,128
2,1,0,2,3,128
2,1,0,2,3,128
2,1,0,2,3,128
1,1,0,2,3,128
1,1,0,2,3,128
1,1,0,2,3,128
1,1,0,2,3,128
1,1,0,2,3,128
1,1,0,2,3,128
1,1,0,2,3,128
1,1,0,2,3,128
1,1,0,2,3,128
1,1,0,2,3,128
1,1,0,2,3,128
1,1,0,2,3,128
1,1,0,2,3,128
1,1,0,2,3,128
1,1,0,2,3,128
1,1,0,2,3,128
1,1,0,2,3,128
1,1,0,2,3,128
1,1,0,2,3,128
1,1,0,2,3,128
1,1,0,2,3,128
0,1,0,2,3,128
0,1,0,2,3,128
0,1,0,2,3,128
0,1,0,2,3,128
0,1,0,2,3,128
0,1,0,2,3,128
0,1,0,2,3,128
0,1,0,2,3,128
0,1,0,2,3,128
0,1,0,2,3,128
0,1,0,2,3,128
0,1,0,2,3,128
0,1,0,2,3,128
0,1,0,2,3,128
0,1,0,2,3,128
0,1,0,2,3,128
0,1,0,2,3,128
0,1,0,2,3,128
1,1,0,2,3,128
1,1,0,2,3,128
1,1,0,2,3,128
1,1,0,2,3,128
1,1,0,2,3,128
1,1,0,2,3,128
1,1,0,2,3,128
1,1,0,2,3,128
1,1,0,2,3,128
1,1,0,2,3,128
1,1,0,2,3,128
1,1,0,2,3,128
1,1,0,2,3,128
1,1,0,2,3,128
1,1,0,2,3,128
1,1,0,2,3,128
1,1,0,2,3,128
1,1,0,2,3,128
1,1,0,2,3,128
1,1,0,2,3,128
1,1,0,2,3,128
1,1,0,2,3,128
1,1,0,2,3,128
1,1,0,2,3,128
1,1,0,2,3,128
1,1,0,2,3,128
1,1,0,2,3,128
1,1,0,2,3,128
1,1,0,2,3,128
1,1,0,2,3,128
1,1,0,2,3,128
0,0,0,0,0,129
0,0,0,1,0,129
0,0,0,1,0,129
0,0,1,1,0,129
0,0,1,1,0,129
1,0,1,1,0,129
1,0,1,1,1,129
1,0,1,1,1,129
2,0,1,1,1,129
2,0,1,1,1,129
2,0,1,1,1,129
2,1,1,1,0,129
2,1,1,1,0,129
2,1,1,1,1,129
2,1,1,1,1,129
2,1,1,1,1,129
2,1,1,1,1,129
2,1,1,1,1,129
2,1,1,1,1,129
2,1,1,1,1,129
2,1,1,1,1,129
2,1,1,1,1,129
2,1,1,1,1,129
2,1,1,1,1,129
2,1,1,1,1,129
2,1,1,1,1,129
2,1,1,1,1,129
2,1,1,1,1,129
2,1,1,1,1,129
2,1,1,1,1,129
2,1,1,1,2,129
2,1,1,1,2,129
0,0,0,0,0,130
0,0,0,1,0,130
0,0,0,1,0,130
0,0,1,1,0,130
1,0,1,1,0,130
1,0,1,1,1,130
1,0,1,1,1,130
1,0,1,1,2,130
1,0,1,1,2,130
1,0,1,1,2,130
1,1,1,1,2,130
1,1,1,1,2,130
1,1,1,1,3,130
1,1,1,1,3,130
1,1,1,1,3,130
1,1,1,1,3,130
1,1,1,1,3,130
1,1,1,1,3,130
1,1,1,1,4,130
1,1,1,1,4,130
1,1,1,1,4,130
1,1,1,1,5,130
1,1,1,1,5,130
1,2,1,1,5,130
2,2,1,1,5,130
2,2,1,1,5,130
2,2,1,1,5,130
2,2,1,1,5,130
2,2,1,1,5,130
2,2,1,1,5,130
2,2,1,1,5,130
2,2,1,1,5,130
2,2,1,1,5,130
2,2,1,1,5,130
2,2,1,1,5,130
2,2,1,1,5,130
2,2,1,1,5,130
2,2,1,1,5,130
2,2,1,1,5,130
2,2,1,1,5,130
2,2,1,1,5,130
2,2,1,1,5,130
2,2,1,1,5,130
2,2,1,1,5,130
2,2,1,1,5,130
2,2,1,1,5,130
2,2,1,1,5,130
2,2,1,1,5,130
2,2,1,1,4,130
2,2,1,1,4,130
2,2,1,1,5,130
2,2,1,1,5,130
2,2,1,1,5,130
2,2,1,1,5,130
2,2,1,1,5,130
2,2,1,1,5,130
2,2,1,1,5,130
2,2,1,1,5,130
2,2,1,1,5,130
2,2,1,1,5,130
3,2,1,1,5,130
3,2,1,1,5,130
3,2,1,1,5,130
3,2,1,1,5,130
3,2,1,1,5,130
3,2,1,1,5,130
3,2,1,1,5,130
3,2,1,1,5,130
3,2,1,1,5,130
3,2,1,1,5,130
3,2,1,1,5,130
3,2,1,1,5,130
3,2,1,1,5,130
3,2,1,1,5,130
3,2,1,1,5,130
3,2,1,1,5,130
3,2,1,1,5,130
3,2,1,1,5,130
3,2,0,1,5,130
3,2,0,1,5,130
3,2,0,1,5,130
3,2,0,1,5,130
3,2,0,1,5,130
3,2,0,1,5,130
3,2,0,1,5,130
3,2,0,1,5,130
3,2,0,1,6,130
2,2,0,1,6,130
2,2,0,1,6,130
2,2,0,1,6,130
2,2,0,1,6,130
2,2,0,1,6,130
2,2,0,1,6,130
2,2,0,1,5,130
2,2,0,1,5,130
2,2,0,1,5,130
2,2,0,1,5,130
2,2,0,1,5,130
2,2,0,1,5,130
2,2,0,1,5,130
0,0,0,0,0,131
0,1,0,0,0,131
0,2,0,0,0,131
0,3,0,0,0,131
0,3,1,0,0,131
0,3,1,0,0,131
0,3,1,0,0,131
0,3,1,0,0,131
1,3,1,0,0,131
1,3,1,0,0,131
1,3,1,0,0,131
1,4,1,0,0,131
1,4,1,0,0,131
1,4,0,0,1,131
1,4,1,0,1,131
1,4,1,0,1,131
1,4,1,0,1,131
1,4,1,0,1,131
1,4,1,0,1,131
1,4,1,0,1,131
1,4,1,0,1,131
1,4,1,0,1,131
1,4,1,0,1,131
1,4,1,0,1,131
1,4,1,0,1,131
1,4,1,0,1,131
1,4,1,0,1,131
1,4,1,0,1,131
1,4,1,0,1,131
1,4,1,0,1,131
1,4,1,0,1,131
1,4,1,0,1,131
1,4,1,0,1,131
1,4,1,0,1,131
1,4,1,0,1,131
1,4,1,0,1,131
1,4,1,0,1,131
1,4,1,0,1,131
1,4,1,0,1,131
1,4,1,0,1,131
1,4,1,0,1,131
1,4,1,0,1,131
1,4,1,0,0,131
1,4,1,0,0,131
1,4,1,0,0,131
1,4,1,0,0,131
1,4,1,0,0,131
1,4,1,0,0,131
1,4,1,0,0,131
1,4,1,0,0,131
1,4,1,0,0,131
1,4,1,0,0,131
1,4,1,0,0,131
1,4,1,0,0,131
1,4,1,0,0,131
1,4,1,0,0,131
1,4,1,0,0,131
1,4,1,0,0,131
1,4,1,0,0,131
1,4,1,0,0,131
1,4,1,0,0,131
1,4,1,0,0,131
1,4,1,0,0,131
1,4,1,0,0,131
1,4,1,0,1,131
1,4,1,0,1,131
1,4,1,0,1,131
1,4,1,0,1,131
1,4,1,0,1,131
1,4,1,0,1,131
1,4,1,0,1,131
1,4,1,0,1,131
1,4,1,0,1,131
1,4,1,0,1,131
1,4,1,0,1,131
1,3,1,0,1,131
1,3,1,0,1,131
1,3,1,0,1,131
1,3,1,0,1,131
1,3,1,0,1,131
1,3,1,0,1,131
1,3,1,0,1,131
1,3,1,0,1,131
1,3,1,0,1,131
1,3,1,0,1,131
1,3,1,0,1,131
1,3,1,0,1,131
1,3,1,0,1,131
1,3,1,0,1,131
1,3,1,0,1,131
1,3,1,0,1,131
1,3,1,0,1,131
1,3,1,0,1,131
1,3,1,0,1,131
1,3,1,0,1,131
1,3,1,0,1,131
1,3,1,0,1,131
1,3,1,0,1,131
1,3,1,0,1,131
1,3,1,0,1,131
0,0,0,0,0,132
1,0,0,0,0,132
1,1,0,0,0,132
1,2,0,0,0,132
1,2,0,0,1,132
1,2,0,1,1,132
1,2,0,1,2,132
1,2,0,2,2,132
1,3,0,2,2,132
1,3,0,2,2,132
1,3,0,2,2,132
1,2,0,2,2,132
1,2,0,2,2,132
1,2,0,2,2,132
1,2,0,2,2,132
1,2,0,2,2,132
1,2,0,2,2,132
1,2,0,2,2,132
1,2,0,2,2,132
1,2,0,2,2,132
1,2,0,2,2,132
1,2,0,2,2,132
1,2,0,2,2,132
1,2,0,2,2,132
1,2,0,2,2,132
1,2,0,2,2,132
1,2,0,2,2,132
1,2,0,2,2,132
1,2,0,2,2,132
1,2,0,2,2,132
1,2,0,2,2,132
1,2,0,2,2,132
1,2,0,2,2,132
1,2,0,2,2,132
1,2,0,1,2,132
1,2,0,1,2,132
1,2,0,1,2,132
1,2,0,1,2,132
1,2,0,1,2,132
1,2,0,1,2,132
1,2,0,1,2,132
1,2,0,1,2,132
1,2,0,1,2,132
1,2,0,1,2,132
1,2,0,1,2,132
1,2,0,1,2,132
1,2,0,1,2,132
1,2,0,1,2,132
1,2,0,1,2,132
1,2,0,1,2,132
1,2,0,1,2,132
1,2,0,1,2,132
1,2,0,1,2,132
1,2,0,1,2,132
1,2,0,1,2,132
1,2,0,1,2,132
1,2,0,1,2,132
1,2,0,1,2,132
1,2,0,1,2,132
1,2,0,1,2,132
1,2,0,1,2,132
1,2,0,1,2,132
1,2,0,1,2,132
1,2,0,1,2,132
1,2,0,1,2,132
1,2,0,1,2,132
1,2,0,1,2,132
1,2,0,1,2,132
1,2,0,1,2,132
1,2,0,1,2,132
1,2,0,1,2,132
1,2,0,1,2,132
1,2,0,1,2,132
1,2,0,1,2,132
1,2,0,1,2,132
1,2,0,1,2,132
1,2,0,1,2,132
1,2,0,1,2,132
1,2,0,1,2,132
1,2,0,1,2,132
1,2,0,1,2,132
1,2,0,1,2,132
1,2,0,1,2,132
1,2,0,1,2,132
1,2,0,1,1,132
1,2,0,1,1,132
1,2,0,1,2,132
1,2,0,1,2,132
1,2,0,1,2,132
1,2,0,1,2,132
1,2,0,1,2,132
1,2,0,1,2,132
1,2,0,1,2,132
1,2,0,1,2,132
1,2,0,1,2,132
1,2,0,1,2,132
1,2,0,1,2,132
1,2,0,1,2,132
1,2,0,1,2,132
1,2,0,1,2,132
0,0,0,0,0,133
0,0,0,0,1,133
0,0,0,1,1,133
0,1,0,1,1,133
0,1,1,1,1,133
0,1,1,1,2,133
0,0,1,1,2,133
1,0,1,1,2,133
2,0,1,1,2,133
2,1,1,1,2,133
2,1,1,1,2,133
2,1,1,1,2,133
2,1,1,1,2,133
3,1,1,1,2,133
3,1,1,1,2,133
3,1,1,1,2,133
3,1,1,1,2,133
3,1,1,1,2,133
3,1,1,1,2,133
3,1,1,1,2,133
3,1,1,1,2,133
3,1,1,1,2,133
3,1,1,1,2,133
3,1,1,1,2,133
3,1,1,1,2,133
3,1,1,1,2,133
3,1,1,1,2,133
3,1,1,1,2,133
3,1,1,1,2,133
3,1,1,1,2,133
3,1,1,1,2,133
3,1,1,1,2,133
2,1,1,1,2,133
2,1,1,1,2,133
2,1,1,1,2,133
2,1,1,1,2,133
2,1,1,1,2,133
2,1,1,1,2,133
2,1,1,1,2,133
2,1,1,1,2,133
2,1,1,1,2,133
2,1,1,1,2,133
2,1,1,1,2,133
2,1,1,1,2,133
2,1,1,1,2,133
2,1,1,1,2,133
2,1,1,1,2,133
2,1,1,1,2,133
2,1,1,1,2,133
2,1,1,1,2,133
2,1,1,1,2,133
2,1,1,1,2,133
2,1,1,1,2,133
2,1,1,1,2,133
2,1,1,1,2,133
2,1,1,1,2,133
2,1,1,1,2,133
2,1,1,1,2,133
2,1,1,1,2,133
2,1,1,1,2,133
2,1,1,1,1,133
2,1,1,1,1,133
2,1,1,1,1,133
2,1,1,1,1,133
2,1,1,1,1,133
2,1,1,1,1,133
2,1,1,1,1,133
2,1,1,1,1,133
2,1,1,1,1,133
2,1,1,1,1,133
2,1,1,1,1,133
2,1,1,1,1,133
2,1,1,1,1,133
2,1,1,1,1,133
2,1,1,1,1,133
2,1,1,1,1,133
2,1,1,1,1,133
2,1,1,1,1,133
2,1,1,1,1,133
2,1,1,1,1,133
2,1,1,1,1,133
2,1,1,1,1,133
2,1,1,1,1,133
2,1,1,1,1,133
2,1,1,1,1,133
2,1,1,1,1,133
2,1,1,1,1,133
2,1,1,1,1,133
2,1,1,1,1,133
2,1,1,1,1,133
2,1,1,1,1,133
2,1,1,1,1,133
2,1,1,1,1,133
2,1,1,1,1,133
2,1,1,1,1,133
2,1,1,1,1,133
2,1,1,1,1,133
2,1,1,1,1,133
2,1,1,1,1,133
2,1,1,1,1,133
0,0,0,0,0,134
0,1,0,0,0,134
0,1,0,0,0,134
0,1,1,0,0,134
0,1,1,0,0,134
0,1,1,1,0,134
0,2,1,1,0,134
0,2,1,1,1,134
0,1,1,1,2,134
0,1,1,1,2,134
0,1,1,1,2,134
0,1,1,1,2,134
0,2,1,1,2,134
0,2,1,1,2,134
0,2,1,1,2,134
0,2,1,1,2,134
0,2,1,1,2,134
0,2,1,1,2,134
0,2,1,1,2,134
0,2,1,1,2,134
0,2,1,1,2,134
0,2,1,1,2,134
0,2,1,1,2,134
0,2,1,1,2,134
0,2,1,1,2,134
0,2,1,1,2,134
0,2,1,1,2,134
0,2,1,1,2,134
0,2,1,1,2,134
0,2,1,1,2,134
0,2,1,1,2,134
0,2,1,1,2,134
0,2,1,1,2,134
0,2,1,1,2,134
0,2,1,1,2,134
0,2,1,1,2,134
0,2,1,1,2,134
0,2,1,1,2,134
0,2,1,1,2,134
0,2,1,1,2,134
0,2,1,1,2,134
0,2,1,1,2,134
0,2,1,1,2,134
0,2,1,1,2,134
0,2,1,1,2,134
0,2,1,1,2,134
0,2,1,1,2,134
0,2,1,1,2,134
0,2,1,1,2,134
0,2,1,1,2,134
0,2,1,1,2,134
0,2,1,1,2,134
0,2,1,1,2,134
0,2,1,1,2,134
0,2,1,1,2,134
0,2,1,1,2,134
0,2,1,1,2,134
0,2,1,1,2,134
0,2,1,1,2,134
0,2,1,1,2,134
0,2,1,1,2,134
0,2,1,1,2,134
0,2,1,1,2,134
0,2,1,1,2,134
0,2,1,1,2,134
0,2,1,1,2,134
0,2,1,1,2,134
0,2,1,1,2,134
0,2,1,1,2,134
0,2,1,1,2,134
0,2,1,1,2,134
0,2,1,1,2,134
0,2,1,1,2,134
0,2,1,1,2,134
0,2,1,1,2,134
0,2,1,1,2,134
0,2,1,1,2,134
0,2,1,1,2,134
0,2,1,1,2,134
0,2,1,1,2,134
0,1,1,1,2,134
0,1,1,1,2,134
0,1,1,1,2,134
0,1,1,1,2,134
0,1,1,1,2,134
0,1,1,1,2,134
0,1,1,1,2,134
0,1,1,1,2,134
0,1,1,1,2,134
0,1,1,1,2,134
0,1,1,1,2,134
0,1,1,1,2,134
0,1,1,1,2,134
0,1,1,1,2,134
0,1,1,1,2,134
0,1,1,1,2,134
0,1,1,1,2,134
0,1,1,1,2,134
0,1,1,1,2,134
0,1,1,1,2,134
0,0,0,0,0,135
0,1,0,0,0,135
0,1,0,0,1,135
0,1,0,1,1,135
0,2,0,1,1,135
0,3,0,1,1,135
0,3,0,1,1,135
0,3,1,1,1,135
0,3,1,1,1,135
0,3,1,1,2,135
1,3,1,1,2,135
1,3,1,1,2,135
1,3,1,1,2,135
1,3,1,1,3,135
1,3,1,1,3,135
1,3,1,1,4,135
1,3,1,1,4,135
1,3,1,1,4,135
1,3,1,1,4,135
2,3,1,1,4,135
2,3,1,1,4,135
2,3,1,1,4,135
2,3,1,1,4,135
2,3,1,1,5,135
2,3,1,1,5,135
2,3,1,1,5,135
2,3,1,1,5,135
2,3,1,1,4,135
2,3,1,1,5,135
2,3,1,1,5,135
2,3,1,1,5,135
2,3,1,1,5,135
2,3,1,1,5,135
2,3,1,1,5,135
2,3,1,1,5,135
2,3,1,1,5,135
2,3,1,1,5,135
2,3,1,1,5,135
2,3,1,1,5,135
2,3,1,1,5,135
2,3,1,1,5,135
2,3,1,1,5,135
2,3,1,1,5,135
2,3,1,1,5,135
2,3,1,1,5,135
3,3,1,1,5,135
3,3,1,1,5,135
3,3,1,1,5,135
3,3,1,1,5,135
4,3,1,1,5,135
4,3,1,1,5,135
4,3,1,1,5,135
4,3,1,1,5,135
4,3,1,1,5,135
4,3,1,1,5,135
4,3,1,1,5,135
4,3,1,1,5,135
4,3,1,1,5,135
4,3,1,1,5,135
4,3,1,1,6,135
4,3,1,1,6,135
4,3,1,1,6,135
4,3,1,1,6,135
4,3,1,1,6,135
4,3,1,1,6,135
4,3,1,1,6,135
4,3,1,1,6,135
4,3,1,1,6,135
4,3,1,1,6,135
4,3,1,1,6,135
4,3,1,1,6,135
4,3,1,1,6,135
4,3,1,1,6,135
4,3,1,1,6,135
4,3,1,1,6,135
4,3,1,1,6,135
4,3,1,1,6,135
4,3,1,1,6,135
4,3,1,1,6,135
4,3,1,1,6,135
4,3,1,1,6,135
4,3,1,1,6,135
4,3,1,1,6,135
4,3,1,1,6,135
4,3,1,1,6,135
4,3,1,1,6,135
4,3,1,1,6,135
4,3,1,1,6,135
4,3,1,1,6,135
4,3,1,1,6,135
4,3,1,1,6,135
4,3,1,1,6,135
4,3,1,1,6,135
4,3,1,1,6,135
4,3,1,1,6,135
4,3,1,1,6,135
4,3,1,1,6,135
4,3,1,1,6,135
4,3,1,1,6,135
4,3,1,1,6,135
0,0,0,0,0,136
0,0,0,0,0,136
0,0,0,0,1,136
0,0,0,0,1,136
0,1,0,0,1,136
0,1,0,1,1,136
0,2,0,1,1,136
0,2,1,1,1,136
0,2,1,1,1,136
1,2,1,1,1,136
2,2,1,1,1,136
2,2,1,1,1,136
2,2,1,1,2,136
2,2,1,1,2,136
2,2,1,1,3,136
2,2,1,1,3,136
2,2,1,1,3,136
2,2,1,1,3,136
2,2,1,1,3,136
2,2,1,1,3,136
2,2,1,1,3,136
2,2,1,1,3,136
2,2,1,1,3,136
2,2,1,1,3,136
2,2,1,1,3,136
2,2,1,1,3,136
2,2,1,1,3,136
2,2,1,1,3,136
2,2,1,1,3,136
2,2,1,1,3,136
2,2,1,1,3,136
2,2,1,1,3,136
2,2,1,1,3,136
2,2,1,1,3,136
2,2,1,1,3,136
2,2,1,1,3,136
2,2,1,1,3,136
2,2,1,1,3,136
2,2,1,1,3,136
2,2,1,1,3,136
2,2,1,1,3,136
2,2,1,1,3,136
2,2,1,1,3,136
2,2,1,1,3,136
2,2,1,1,3,136
2,2,1,1,3,136
2,2,1,1,3,136
2,2,1,1,3,136
2,2,1,1,3,136
2,2,1,1,3,136
2,2,1,1,3,136
2,2,1,1,3,136
2,2,1,1,3,136
2,2,1,1,3,136
2,2,1,1,3,136
2,2,1,1,3,136
2,2,1,1,3,136
2,2,1,1,3,136
2,2,1,1,3,136
2,2,1,1,3,136
2,2,1,1,3,136
2,2,1,1,3,136
2,2,1,1,3,136
2,2,1,1,3,136
2,2,1,1,3,136
2,2,1,1,3,136
2,2,1,1,3,136
2,2,1,1,3,136
2,2,1,1,3,136
2,2,1,1,3,136
2,2,1,1,3,136
2,2,1,1,3,136
2,2,1,1,3,136
2,2,1,1,3,136
2,2,1,1,3,136
2,2,1,1,3,136
2,2,1,1,3,136
2,2,1,1,3,136
2,2,1,1,3,136
2,2,1,1,3,136
2,2,1,1,3,136
2,2,1,1,3,136
2,2,1,1,3,136
2,2,1,1,3,136
2,2,1,1,3,136
2,2,1,1,3,136
2,2,1,1,3,136
2,2,1,1,3,136
2,2,1,1,3,136
2,2,1,1,3,136
2,2,1,1,3,136
2,2,1,1,3,136
2,2,1,1,3,136
2,2,1,1,3,136
2,2,1,1,3,136
2,2,1,1,3,136
2,2,1,1,3,136
2,2,1,1,3,136
2,2,1,1,3,136
2,2,1,1,3,136
0,0,0,0,0,137
0,0,0,0,0,137
0,0,1,0,0,137
0,0,1,0,0,137
1,0,1,0,0,137
1,1,1,0,0,137
1,1,1,1,0,137
2,1,1,1,0,137
2,2,1,1,0,137
2,2,1,1,0,137
2,2,1,1,0,137
2,2,1,1,0,137
2,3,1,1,0,137
2,3,1,1,0,137
2,3,1,1,0,137
2,3,1,1,0,137
2,2,2,1,0,137
2,2,2,1,0,137
2,2,2,1,0,137
2,2,2,1,0,137
2,2,2,1,0,137
2,2,2,1,0,137
2,2,2,1,0,137
2,2,2,1,0,137
2,2,2,1,0,137
2,2,2,1,0,137
2,2,2,1,0,137
2,2,2,1,0,137
2,2,2,1,0,137
2,2,2,1,0,137
2,2,2,1,0,137
2,2,2,1,0,137
2,2,2,1,0,137
2,2,2,1,0,137
2,2,2,1,0,137
2,2,2,1,0,137
2,2,2,1,0,137
2,2,2,1,0,137
2,2,2,1,0,137
2,2,2,1,0,137
2,2,2,1,0,137
2,2,2,1,0,137
2,2,2,1,0,137
2,2,2,1,0,137
2,2,2,1,0,137
2,2,2,1,0,137
2,2,2,1,0,137
2,2,2,1,0,137
2,2,2,1,0,137
2,2,2,1,0,137
2,2,2,1,0,137
2,2,2,1,0,137
2,2,2,1,0,137
2,2,2,1,0,137
2,2,2,1,0,137
2,2,2,1,0,137
2,2,2,1,0,137
2,2,2,1,0,137
2,2,2,1,0,137
2,2,2,1,0,137
2,2,2,1,0,137
2,2,2,0,0,137
2,2,2,0,0,137
2,2,2,0,0,137
2,2,2,0,0,137
2,2,2,0,0,137
2,2,2,0,0,137
2,2,2,0,0,137
2,2,2,0,0,137
2,2,2,0,0,137
2,2,2,0,0,137
2,2,2,0,0,137
2,2,2,0,0,137
2,2,2,0,0,137
2,2,2,0,0,137
2,2,2,0,0,137
2,2,2,0,0,137
2,2,2,0,0,137
2,2,2,0,0,137
2,2,2,0,0,137
2,2,2,0,0,137
2,2,2,0,0,137
2,2,2,0,0,137
2,2,2,0,0,137
2,2,2,0,0,137
2,2,2,0,0,137
2,2,2,0,0,137
2,2,2,0,0,137
2,2,2,0,0,137
2,2,2,0,0,137
2,2,2,0,0,137
2,2,2,0,0,137
2,2,2,0,0,137
2,2,2,0,0,137
2,2,2,0,0,137
2,2,2,0,0,137
2,2,2,0,0,137
2,2,2,0,0,137
2,2,2,0,0,137
2,2,2,0,0,137
0,0,0,0,0,138
0,0,0,1,0,138
0,1,0,1,0,138
0,1,1,1,0,138
0,1,1,1,0,138
0,1,1,1,0,138
0,1,1,1,1,138
0,2,1,1,1,138
0,2,1,1,1,138
1,2,1,1,1,138
1,2,1,1,1,138
2,2,1,1,1,138
2,2,1,1,1,138
2,3,1,1,1,138
2,3,1,1,1,138
2,3,1,1,1,138
2,3,1,1,1,138
2,3,1,1,1,138
2,3,1,1,1,138
2,3,1,1,0,138
2,3,1,1,1,138
2,3,1,1,1,138
2,3,1,1,1,138
2,3,1,1,1,138
2,3,1,1,1,138
2,3,1,1,1,138
2,3,1,1,1,138
2,3,1,1,2,138
2,3,1,1,2,138
2,3,1,1,2,138
2,3,1,1,2,138
2,3,1,1,2,138
2,3,1,1,2,138
2,3,1,1,2,138
2,3,1,1,2,138
2,3,1,1,2,138
2,3,1,1,2,138
2,3,1,1,2,138
2,3,1,1,2,138
2,3,1,1,2,138
2,3,1,1,2,138
2,3,1,1,2,138
2,3,1,1,2,138
2,3,1,1,2,138
2,3,1,1,2,138
2,3,1,1,2,138
2,3,1,1,2,138
2,3,1,1,2,138
2,3,1,1,2,138
2,3,1,1,2,138
2,3,1,1,2,138
2,3,1,1,2,138
2,3,1,1,2,138
2,3,1,1,2,138
2,3,1,1,2,138
2,3,1,1,2,138
2,3,1,1,2,138
2,3,1,1,2,138
2,3,1,1,2,138
2,3,1,1,2,138
2,3,1,1,2,138
2,3,1,1,2,138
2,3,1,1,2,138
2,3,1,1,2,138
2,3,1,1,2,138
2,3,1,1,2,138
2,3,1,1,2,138
2,3,1,1,2,138
2,3,1,1,2,138
2,3,1,1,2,138
2,3,1,1,2,138
2,3,1,1,2,138
2,3,1,1,2,138
2,3,1,1,2,138
2,3,1,1,2,138
2,3,1,1,2,138
2,3,1,1,2,138
2,3,1,1,2,138
2,3,1,1,2,138
2,2,1,1,2,138
2,2,1,1,2,138
2,2,1,1,2,138
2,2,1,1,2,138
2,2,1,1,2,138
2,2,1,1,2,138
2,2,1,1,2,138
2,2,1,1,2,138
2,2,1,1,2,138
2,2,1,1,2,138
2,2,1,1,2,138
2,2,1,1,2,138
2,2,1,1,2,138
2,2,1,1,2,138
2,2,1,1,2,138
2,2,1,1,2,138
2,2,1,1,2,138
2,2,1,1,2,138
2,2,0,1,2,138
2,2,0,1,2,138
2,2,0,1,2,138
0,0,0,0,0,139
0,1,0,0,0,139
1,1,0,0,0,139
0,1,0,0,0,139
0,1,0,1,0,139
1,1,0,1,0,139
1,1,0,1,0,139
1,1,0,2,0,139
1,2,0,2,0,139
1,2,0,2,0,139
2,2,0,2,0,139
2,2,0,2,0,139
2,2,0,2,0,139
2,2,0,2,0,139
2,3,0,2,0,139
2,3,0,2,0,139
2,3,0,2,0,139
2,3,0,2,0,139
2,3,0,2,0,139
2,3,0,2,0,139
2,3,0,2,0,139
2,3,0,2,0,139
2,3,0,2,0,139
2,3,0,2,0,139
2,3,0,2,1,139
2,3,0,2,1,139
2,3,0,2,1,139
2,3,0,2,1,139
2,3,0,2,1,139
2,3,0,2,1,139
2,3,0,2,1,139
2,3,0,2,1,139
2,3,0,2,1,139
2,3,0,2,1,139
2,3,0,2,1,139
2,3,0,2,1,139
2,3,0,2,1,139
2,3,0,2,1,139
2,3,0,2,1,139
2,3,0,2,1,139
2,3,0,2,1,139
2,3,0,2,1,139
2,3,0,2,1,139
2,3,0,2,1,139
2,3,0,2,1,139
2,3,0,2,1,139
2,3,0,2,1,139
2,3,0,2,1,139
2,3,0,2,1,139
2,3,0,2,1,139
2,3,0,2,1,139
2,3,0,2,1,139
2,3,0,2,1,139
2,3,0,2,1,139
2,3,0,2,1,139
2,3,0,2,1,139
2,3,0,2,1,139
2,3,0,2,1,139
2,3,0,2,1,139
2,3,0,2,1,139
2,3,0,2,1,139
2,3,0,2,1,139
2,3,0,2,1,139
2,3,0,2,1,139
2,3,0,2,1,139
1,3,0,2,1,139
1,3,0,2,1,139
1,3,0,2,1,139
1,3,0,2,1,139
1,3,0,2,1,139
1,3,0,2,1,139
1,3,0,2,1,139
1,3,0,2,1,139
1,3,0,2,1,139
1,3,0,2,1,139
1,3,0,2,1,139
1,3,0,2,1,139
1,3,0,2,1,139
1,3,0,2,1,139
1,3,0,2,1,139
1,3,0,2,1,139
1,3,0,2,1,139
1,3,0,2,1,139
1,3,0,2,1,139
1,3,0,2,1,139
1,3,0,2,1,139
1,3,0,2,1,139
1,3,0,2,1,139
1,3,0,2,1,139
1,3,0,2,1,139
1,3,0,2,1,139
1,3,0,2,1,139
1,3,0,2,1,139
1,3,0,2,1,139
1,3,0,2,1,139
1,3,0,2,1,139
1,3,0,2,1,139
1,3,0,2,1,139
1,3,0,2,1,139
1,3,0,2,1,139
0,0,0,0,0,140
0,0,0,0,0,140
0,0,0,0,0,140
0,0,0,0,0,140
0,0,0,0,0,140
0,0,1,0,0,140
1,0,1,0,0,140
1,1,1,0,0,140
1,1,1,0,0,140
1,1,1,1,0,140
1,1,1,1,0,140
1,1,1,1,0,140
1,2,1,1,0,140
1,2,1,1,0,140
1,2,1,1,0,140
1,2,1,1,1,140
1,2,1,1,1,140
1,2,1,1,1,140
1,2,1,1,1,140
1,2,1,1,1,140
1,2,1,1,1,140
1,2,1,1,1,140
1,2,1,1,1,140
1,2,1,1,1,140
1,2,1,1,1,140
1,2,1,1,1,140
1,2,1,1,1,140
1,2,1,1,1,140
1,2,1,1,1,140
1,2,1,1,2,140
1,2,1,1,2,140
1,2,1,1,3,140
2,2,0,1,3,140
2,2,0,1,3,140
2,2,0,1,3,140
2,2,0,1,3,140
2,2,0,1,3,140
2,2,0,1,3,140
2,2,0,1,3,140
2,2,0,1,3,140
2,2,0,1,3,140
2,2,0,1,2,140
2,2,0,1,2,140
2,2,0,1,2,140
2,2,0,1,3,140
2,2,0,1,3,140
2,2,0,1,4,140
2,2,0,1,4,140
2,2,0,1,4,140
2,2,0,1,4,140
2,2,0,1,4,140
2,2,0,1,4,140
2,2,0,1,4,140
2,2,0,1,4,140
2,2,0,1,4,140
2,2,0,1,4,140
2,2,0,1,4,140
2,2,0,1,4,140
2,2,0,1,4,140
2,2,0,1,4,140
2,2,0,1,4,140
2,2,0,1,4,140
2,2,0,1,4,140
2,2,0,1,4,140
2,2,0,1,4,140
2,2,0,1,4,140
2,2,0,1,4,140
2,2,0,1,4,140
2,2,0,1,4,140
2,2,0,1,4,140
2,2,0,1,4,140
2,2,0,1,4,140
2,2,0,1,4,140
2,2,0,1,4,140
2,2,0,1,4,140
2,2,0,1,4,140
2,2,0,1,4,140
2,2,0,1,4,140
2,2,0,1,4,140
2,2,0,1,4,140
2,2,0,1,4,140
2,2,0,1,4,140
2,2,0,1,4,140
2,2,0,1,4,140
2,2,0,1,4,140
2,2,0,1,4,140
2,2,0,1,4,140
2,2,0,1,4,140
2,2,0,1,4,140
2,2,0,1,4,140
2,2,0,1,4,140
2,2,0,1,4,140
2,2,0,1,4,140
2,2,0,1,4,140
2,2,0,1,4,140
2,2,0,1,4,140
2,2,0,1,4,140
2,2,0,1,4,140
2,2,0,1,4,140
2,1,0,1,4,140
0,0,0,0,0,141
0,0,1,0,0,141
1,0,1,0,0,141
1,0,1,0,0,141
1,0,1,1,0,141
1,0,1,1,0,141
1,0,1,1,0,141
1,1,1,1,0,141
1,1,1,1,1,141
2,1,1,1,1,141
2,1,1,1,1,141
3,1,1,1,1,141
3,1,1,1,1,141
4,1,1,1,1,141
4,1,1,1,1,141
4,1,1,2,1,141
4,1,0,2,2,141
4,1,0,2,2,141
4,1,0,2,3,141
4,1,0,3,3,141
4,1,0,3,4,141
4,2,0,3,4,141
4,2,1,3,4,141
4,2,1,3,4,141
5,2,1,3,4,141
5,2,1,3,5,141
5,3,1,3,5,141
5,4,1,3,5,141
6,4,1,3,5,141
6,4,2,3,4,141
6,3,2,3,5,141
6,3,2,3,6,141
6,3,3,3,6,141
6,3,3,4,6,141
6,3,4,4,6,141
5,3,4,5,6,141
5,3,4,5,7,141
5,3,4,5,7,141
5,3,4,5,7,141
5,3,3,6,7,141
5,3,3,6,6,141
5,3,4,6,6,141
5,3,4,7,5,141
6,3,4,7,4,141
6,3,4,8,4,141
6,3,4,9,4,141
6,3,4,9,4,141
6,4,4,9,4,141
6,3,4,9,4,141
6,3,4,9,4,141
7,3,4,9,4,141
7,4,4,9,4,141
7,5,4,9,4,141
7,5,4,9,4,141
7,5,4,9,4,141
7,5,4,9,4,141
7,5,4,9,3,141
7,5,4,9,3,141
8,5,4,9,3,141
8,5,4,9,3,141
8,5,5,9,3,141
7,5,5,9,3,141
7,5,5,9,4,141
7,6,5,9,4,141
7,6,5,9,4,141
7,6,5,9,4,141
7,6,5,9,4,141
7,6,5,9,5,141
7,5,5,9,6,141
7,5,5,9,7,141
7,5,5,8,8,141
7,5,6,8,8,141
7,5,6,8,9,141
8,5,6,8,8,141
8,5,5,8,9,141
9,5,5,8,9,141
9,6,5,8,9,141
9,7,5,8,8,141
9,7,6,8,8,141
10,7,6,8,8,141
10,7,6,8,8,141
10,7,6,8,8,141
10,7,6,8,8,141
10,7,6,8,8,141
10,7,6,8,7,141
10,7,6,8,7,141
10,7,6,8,7,141
10,7,6,8,7,141
10,7,6,8,7,141
9,8,6,8,7,141
9,9,6,8,7,141
9,10,6,8,7,141
9,10,6,8,7,141
9,10,6,8,7,141
9,10,6,7,7,141
9,10,6,7,8,141
10,10,6,7,7,141
10,10,6,7,7,141
10,10,6,8,7,141
10,10,6,8,7,141
0,0,0,0,0,142
0,0,0,0,1,142
0,0,0,0,1,142
1,0,0,0,1,142
1,0,1,0,1,142
1,0,1,0,1,142
1,1,1,0,1,142
1,2,1,0,1,142
1,2,1,0,1,142
1,2,1,0,2,142
1,2,1,1,2,142
1,2,1,1,2,142
1,2,1,1,2,142
1,2,1,1,2,142
1,2,1,1,2,142
1,2,1,1,2,142
1,2,1,1,2,142
1,2,1,1,2,142
1,2,1,1,2,142
1,2,1,1,2,142
1,2,1,1,2,142
1,2,1,1,2,142
1,2,1,1,2,142
1,2,1,1,2,142
1,2,1,1,2,142
1,2,1,1,2,142
1,2,1,1,2,142
1,2,1,1,2,142
1,2,1,1,2,142
1,2,1,1,2,142
1,2,1,1,2,142
1,2,1,1,2,142
1,2,1,1,2,142
1,2,0,1,2,142
1,2,0,1,2,142
1,2,0,1,2,142
1,2,0,1,2,142
1,2,0,1,2,142
1,2,0,1,2,142
1,2,0,1,2,142
1,2,0,1,2,142
1,2,0,1,2,142
1,2,0,1,2,142
1,2,0,1,2,142
1,2,0,1,2,142
1,2,0,1,2,142
1,2,0,1,2,142
1,2,0,1,2,142
1,2,0,1,2,142
1,2,0,1,2,142
1,2,0,1,2,142
1,2,0,1,2,142
1,2,0,1,2,142
1,2,0,1,2,142
1,2,0,1,2,142
1,2,0,1,2,142
1,2,0,1,2,142
1,2,0,1,2,142
1,2,0,1,2,142
1,2,0,1,2,142
1,2,0,1,2,142
1,2,0,1,2,142
1,2,0,1,2,142
1,2,0,1,2,142
1,2,0,1,2,142
1,2,0,1,2,142
1,2,0,1,2,142
1,2,0,1,2,142
1,2,0,1,2,142
1,2,0,1,2,142
1,2,0,1,2,142
1,2,0,1,2,142
1,2,0,1,2,142
1,2,0,1,2,142
1,2,0,1,2,142
1,2,0,1,2,142
1,2,0,1,2,142
1,2,0,1,2,142
1,2,0,1,2,142
1,2,0,1,2,142
1,2,0,1,2,142
1,2,0,1,2,142
1,2,0,1,2,142
1,2,0,1,2,142
1,2,0,1,2,142
1,2,0,1,2,142
1,2,0,1,2,142
1,2,0,1,2,142
1,2,0,1,2,142
1,2,0,1,2,142
1,2,0,1,2,142
1,2,0,1,2,142
0,2,0,1,2,142
0,2,0,1,2,142
0,2,0,1,2,142
0,2,0,1,2,142
0,2,0,1,2,142
0,2,0,1,2,142
0,2,0,1,2,142
0,2,0,1,2,142
0,0,0,0,0,143
0,0,0,1,0,143
0,0,0,1,0,143
0,0,0,1,0,143
0,0,0,1,0,143
0,0,0,1,1,143
0,0,0,1,1,143
0,0,0,1,1,143
1,0,0,1,1,143
1,1,0,1,1,143
1,1,1,1,1,143
1,1,1,1,1,143
2,1,1,1,1,143
2,1,1,1,2,143
2,1,1,1,2,143
2,1,1,1,2,143
2,1,1,1,2,143
2,1,1,1,2,143
2,1,1,1,2,143
2,1,1,1,2,143
2,1,1,1,2,143
2,1,1,1,2,143
2,1,1,1,2,143
2,1,1,1,2,143
2,1,1,1,2,143
2,1,1,1,2,143
2,1,1,1,2,143
2,1,1,1,2,143
2,1,1,1,2,143
2,1,1,1,2,143
2,1,1,1,2,143
2,1,1,1,2,143
2,1,1,1,2,143
2,1,1,1,2,143
2,1,1,1,2,143
2,1,1,1,2,143
2,1,1,1,2,143
2,1,1,1,2,143
2,1,1,1,2,143
2,1,1,1,2,143
2,1,1,1,2,143
2,1,1,1,2,143
2,1,1,1,2,143
2,1,1,1,2,143
2,1,1,1,2,143
2,1,1,1,2,143
2,1,1,1,2,143
2,1,1,1,2,143
2,1,1,1,2,143
2,1,1,1,2,143
2,1,1,1,2,143
2,1,1,1,2,143
2,1,1,1,2,143
2,1,1,1,2,143
2,1,1,1,2,143
2,1,1,1,2,143
2,1,1,1,2,143
2,1,1,1,2,143
2,1,1,1,2,143
2,1,1,1,2,143
2,1,1,1,2,143
2,1,1,1,2,143
2,1,1,1,2,143
2,1,1,1,2,143
2,1,1,1,2,143
2,1,1,1,2,143
2,1,1,1,2,143
2,1,1,1,2,143
2,1,1,1,2,143
2,1,1,1,2,143
2,1,1,1,2,143
2,1,1,1,2,143
2,1,1,1,2,143
2,1,1,1,2,143
2,1,1,1,2,143
2,1,1,1,2,143
2,1,1,1,2,143
2,1,1,1,2,143
2,1,1,1,2,143
2,1,1,1,2,143
2,1,1,1,2,143
2,1,1,1,2,143
2,1,1,1,2,143
2,1,1,1,2,143
2,1,1,1,2,143
2,1,1,1,2,143
2,1,1,1,2,143
2,1,1,1,2,143
2,1,1,1,2,143
2,1,1,1,2,143
2,1,1,1,2,143
2,1,1,1,2,143
2,1,1,1,2,143
2,1,1,1,2,143
2,1,1,1,2,143
2,1,1,1,2,143
2,1,1,1,2,143
2,1,1,1,2,143
2,1,1,1,2,143
2,1,1,1,2,143
0,0,0,0,0,144
0,0,1,0,0,144
0,0,1,0,1,144
0,1,1,0,1,144
0,1,1,0,1,144
0,1,1,0,1,144
0,1,1,0,1,144
0,1,1,0,2,144
0,1,1,1,1,144
0,1,1,1,1,144
0,1,1,1,1,144
0,1,1,1,1,144
1,1,1,1,1,144
1,1,0,1,2,144
1,1,1,1,2,144
1,1,1,1,2,144
2,1,1,1,2,144
2,1,1,1,2,144
2,1,1,1,2,144
2,1,1,1,2,144
2,2,1,1,2,144
2,2,1,1,3,144
2,2,1,1,3,144
2,2,1,1,3,144
3,2,1,1,3,144
3,2,0,1,4,144
3,2,0,1,4,144
3,3,0,1,4,144
3,3,0,1,4,144
3,3,0,1,5,144
3,3,0,1,5,144
3,3,0,1,5,144
3,3,1,1,5,144
3,3,1,1,5,144
3,3,1,1,5,144
3,3,1,1,5,144
3,3,2,1,5,144
3,3,2,1,5,144
3,3,2,1,5,144
3,3,2,1,5,144
3,3,2,1,5,144
3,3,3,1,5,144
3,3,3,1,5,144
3,3,3,1,5,144
3,3,3,1,5,144
3,3,3,2,5,144
3,3,3,2,5,144
3,3,3,2,5,144
4,3,3,2,5,144
4,3,3,2,5,144
4,4,3,2,5,144
4,4,3,2,5,144
4,4,3,2,5,144
5,4,3,2,5,144
5,4,3,2,5,144
5,5,3,2,5,144
5,6,3,2,4,144
5,6,3,2,5,144
5,6,4,2,5,144
5,6,4,2,5,144
6,6,4,2,5,144
6,7,4,2,5,144
6,7,4,2,5,144
7,7,4,2,5,144
7,6,5,2,5,144
7,6,5,2,5,144
7,6,5,3,5,144
7,7,5,3,5,144
7,7,5,3,5,144
8,7,5,3,5,144
8,7,5,3,6,144
8,7,5,3,7,144
8,7,5,3,7,144
9,7,5,2,7,144
9,7,5,3,7,144
9,7,5,4,7,144
9,7,6,4,7,144
9,7,6,4,7,144
9,7,6,4,7,144
9,7,6,4,7,144
9,7,6,5,7,144
9,7,6,5,7,144
10,7,6,5,7,144
10,7,6,5,8,144
10,7,6,5,8,144
11,7,6,5,7,144
11,7,6,5,7,144
11,7,6,5,7,144
11,7,6,5,7,144
11,7,7,5,7,144
11,7,7,5,8,144
11,7,8,5,8,144
11,7,8,5,8,144
11,7,8,5,8,144
11,7,8,5,8,144
11,7,9,5,8,144
11,7,9,5,8,144
11,7,9,5,8,144
11,7,9,5,8,144
11,7,9,5,9,144
0,0,0,0,0,145
0,0,0,0,1,145
0,1,0,0,1,145
0,2,0,0,1,145
0,2,0,0,0,145
0,2,1,0,0,145
0,2,1,0,0,145
0,2,1,0,0,145
0,2,1,0,1,145
0,3,1,0,1,145
0,3,1,0,1,145
0,3,1,0,1,145
0,3,1,0,2,145
0,3,1,0,2,145
0,3,1,0,2,145
0,3,1,0,1,145
0,3,1,1,1,145
0,3,1,1,2,145
0,3,1,1,2,145
1,3,1,1,2,145
1,3,1,1,2,145
1,3,1,1,2,145
1,3,1,1,2,145
1,3,1,1,2,145
1,3,1,1,2,145
1,3,1,1,2,145
1,3,1,1,2,145
1,3,1,1,2,145
1,3,1,1,2,145
1,3,1,1,2,145
1,3,1,1,2,145
1,3,1,1,2,145
1,3,1,1,2,145
1,3,1,1,2,145
1,3,1,1,2,145
1,3,1,1,2,145
1,3,1,1,2,145
1,3,1,1,2,145
1,3,1,1,2,145
1,3,1,1,2,145
1,3,1,1,2,145
1,3,1,1,2,145
1,3,1,1,2,145
1,3,1,1,2,145
1,3,1,1,2,145
1,3,1,1,2,145
1,3,1,1,2,145
1,3,1,1,2,145
1,3,1,1,1,145
1,3,1,1,1,145
1,3,1,1,1,145
1,3,1,1,1,145
1,3,1,1,1,145
1,3,1,1,1,145
1,2,1,1,2,145
1,2,1,1,2,145
1,2,1,1,2,145
1,2,1,1,2,145
1,2,1,1,2,145
1,2,1,1,2,145
1,2,1,1,2,145
1,2,1,1,2,145
1,2,1,1,2,145
1,2,1,1,2,145
1,2,1,1,2,145
1,2,1,1,2,145
1,2,1,1,2,145
1,2,1,1,2,145
1,2,1,1,2,145
1,2,1,1,2,145
1,2,1,1,2,145
1,2,1,1,2,145
1,2,1,1,2,145
1,2,1,1,2,145
1,2,1,1,2,145
1,2,1,1,2,145
1,2,1,1,2,145
1,2,1,1,2,145
1,2,1,1,2,145
1,2,1,1,2,145
1,2,1,1,2,145
1,2,1,1,2,145
1,2,1,1,2,145
1,2,1,1,2,145
1,2,1,1,2,145
1,2,1,1,2,145
1,2,1,1,2,145
1,2,1,1,2,145
1,2,1,1,2,145
1,2,1,1,2,145
1,2,1,1,2,145
1,2,1,1,2,145
1,2,1,1,2,145
1,2,1,1,2,145
1,2,1,1,2,145
1,2,1,1,2,145
1,2,1,1,2,145
1,2,1,1,2,145
1,2,1,1,2,145
1,2,1,1,2,145
0,0,0,0,0,146
0,1,0,0,0,146
0,2,0,0,0,146
1,2,0,0,0,146
1,2,1,0,0,146
2,2,1,0,0,146
2,2,1,0,0,146
2,2,1,0,0,146
3,2,1,0,0,146
2,3,1,0,0,146
2,3,1,0,0,146
2,3,1,0,0,146
2,3,1,0,0,146
2,3,1,0,0,146
2,3,1,0,0,146
2,3,1,0,0,146
2,3,1,0,0,146
2,3,1,0,0,146
2,3,1,0,0,146
2,3,1,0,0,146
2,3,1,0,0,146
2,3,1,0,0,146
2,3,1,0,0,146
2,3,1,0,0,146
2,3,1,0,0,146
2,3,1,0,0,146
2,3,1,0,0,146
2,3,1,0,0,146
2,3,1,0,0,146
2,3,1,0,0,146
2,3,1,0,0,146
2,3,1,0,0,146
2,3,1,0,0,146
2,3,1,0,0,146
2,3,1,0,0,146
2,3,1,0,0,146
2,3,1,0,0,146
2,3,1,0,0,146
2,3,1,0,0,146
2,3,1,0,0,146
2,3,1,0,0,146
2,3,1,0,0,146
2,3,1,0,0,146
2,3,1,0,0,146
2,3,1,0,0,146
2,3,1,0,0,146
2,3,1,0,0,146
2,3,1,0,0,146
2,3,1,0,0,146
2,3,1,0,0,146
2,3,1,0,0,146
2,3,1,0,0,146
2,3,1,0,0,146
2,3,1,0,0,146
2,3,1,0,0,146
2,3,1,0,0,146
2,3,1,0,0,146
2,3,1,0,0,146
2,3,1,0,0,146
2,3,1,0,0,146
2,3,1,0,0,146
2,3,1,0,0,146
2,3,1,0,0,146
2,3,1,0,0,146
2,3,1,0,0,146
2,3,1,0,0,146
2,3,1,0,0,146
2,3,1,0,0,146
2,3,1,0,0,146
2,3,1,0,0,146
2,3,1,0,0,146
2,3,1,0,0,146
2,3,1,0,0,146
2,3,1,0,0,146
2,3,1,0,0,146
2,3,0,0,0,146
2,3,0,0,0,146
2,3,0,0,0,146
2,3,0,0,0,146
2,3,0,0,0,146
2,3,0,0,0,146
2,3,0,0,0,146
2,3,0,0,0,146
2,3,0,0,0,146
2,3,0,0,0,146
2,3,0,0,0,146
2,3,0,0,0,146
2,3,0,0,0,146
2,3,0,0,0,146
2,3,0,0,0,146
2,3,0,0,0,146
2,3,0,0,0,146
2,3,0,0,0,146
2,3,0,0,0,146
2,3,0,0,0,146
2,3,0,0,0,146
2,3,0,0,0,146
2,3,0,0,0,146
2,3,0,0,0,146
2,3,0,0,0,146
0,0,0,0,0,147
1,0,0,0,0,147
1,0,0,1,0,147
1,0,0,1,0,147
1,0,0,1,1,147
1,0,0,1,2,147
1,0,1,1,2,147
1,0,1,1,2,147
1,0,1,0,3,147
2,0,1,0,3,147
2,0,1,0,3,147
2,0,1,0,3,147
2,0,1,0,3,147
2,0,1,0,3,147
2,1,1,0,3,147
2,1,1,0,3,147
2,1,1,0,3,147
2,1,1,0,3,147
2,1,1,0,3,147
2,1,1,0,3,147
2,1,1,0,3,147
2,1,1,0,3,147
2,1,1,0,3,147
2,1,1,0,3,147
2,2,1,0,3,147
2,2,1,0,3,147
2,2,1,0,3,147
2,2,1,0,3,147
2,2,1,0,3,147
2,2,1,0,4,147
3,2,1,0,4,147
3,2,1,1,4,147
3,2,1,1,4,147
3,2,1,1,4,147
3,2,1,1,4,147
3,2,1,1,5,147
3,2,1,1,6,147
3,2,1,1,6,147
3,2,1,1,6,147
4,2,1,1,6,147
4,2,1,1,6,147
4,3,1,1,6,147
4,3,1,1,6,147
4,3,1,2,6,147
4,3,2,2,6,147
4,3,2,2,6,147
4,3,3,2,6,147
4,3,3,2,7,147
4,3,3,2,7,147
4,3,3,3,7,147
4,3,4,3,7,147
4,3,4,3,7,147
4,4,4,3,7,147
5,4,4,3,7,147
5,4,5,3,7,147
5,4,5,3,7,147
6,4,5,3,7,147
6,4,5,3,8,147
7,4,5,3,7,147
8,4,5,3,7,147
8,5,5,3,7,147
8,6,5,3,7,147
8,6,5,4,7,147
8,6,5,4,7,147
8,6,5,5,7,147
8,7,5,5,7,147
8,7,5,6,7,147
8,7,5,6,8,147
8,7,5,6,8,147
8,7,5,6,8,147
8,7,5,6,8,147
8,6,5,6,8,147
8,6,5,6,8,147
8,6,5,6,7,147
8,6,6,6,7,147
8,6,5,7,7,147
8,7,5,7,7,147
8,7,5,7,8,147
8,7,5,7,8,147
8,7,5,7,8,147
7,8,5,7,8,147
7,9,4,7,8,147
7,9,4,7,8,147
7,9,4,6,9,147
7,9,4,6,9,147
7,9,4,7,9,147
7,9,4,7,9,147
6,10,4,7,9,147
6,10,4,7,9,147
6,10,4,7,10,147
6,10,4,7,10,147
5,10,4,7,10,147
6,10,4,7,10,147
7,10,4,7,10,147
7,10,4,7,11,147
7,10,5,7,11,147
7,11,5,7,11,147
7,11,5,7,11,147
7,11,5,7,12,147
7,11,5,7,12,147
0,0,0,0,0,148
0,0,0,0,1,148
0,0,0,1,1,148
0,0,0,1,1,148
0,0,0,1,1,148
0,0,0,1,1,148
0,1,0,1,1,148
0,1,0,1,1,148
0,2,0,1,1,148
0,2,1,1,1,148
0,2,1,1,1,148
0,2,1,1,1,148
0,2,1,1,1,148
1,2,1,1,1,148
1,3,1,1,1,148
1,4,1,1,1,148
1,4,1,1,2,148
1,4,1,1,2,148
1,4,1,2,2,148
1,4,1,2,3,148
1,4,1,2,3,148
1,4,1,2,3,148
1,4,1,2,3,148
1,4,1,2,3,148
1,4,1,2,3,148
1,4,1,2,3,148
1,4,1,2,3,148
1,4,1,2,3,148
1,4,1,2,3,148
1,4,1,2,3,148
2,4,1,2,3,148
2,4,1,2,3,148
2,4,1,2,3,148
2,4,1,2,3,148
2,4,1,2,3,148
2,4,1,2,4,148
2,4,1,2,4,148
2,4,1,2,4,148
2,4,1,2,4,148
2,4,1,2,4,148
2,4,1,2,4,148
2,4,1,2,4,148
2,4,1,2,4,148
2,4,1,2,4,148
2,4,1,2,4,148
2,4,1,2,4,148
2,4,1,2,4,148
2,4,1,2,4,148
2,4,1,2,4,148
2,4,1,2,4,148
2,4,1,2,4,148
2,4,1,2,4,148
2,4,1,2,4,148
2,4,1,2,4,148
2,4,1,2,4,148
2,4,1,2,4,148
2,4,1,2,4,148
2,4,1,2,5,148
2,4,1,2,5,148
2,4,1,2,5,148
2,4,1,2,5,148
2,4,1,2,5,148
2,4,1,2,5,148
2,4,1,2,5,148
2,4,1,2,5,148
2,4,1,2,5,148
2,4,1,2,5,148
2,4,1,2,5,148
2,4,1,2,5,148
2,4,1,2,5,148
2,4,1,2,5,148
3,4,1,2,5,148
3,4,1,2,4,148
3,4,1,2,4,148
3,4,1,2,4,148
3,4,1,2,4,148
3,4,1,2,4,148
3,4,1,2,4,148
3,4,2,2,4,148
3,4,2,2,4,148
3,4,2,2,4,148
3,4,2,2,4,148
3,4,2,2,4,148
3,4,2,2,4,148
3,4,2,2,4,148
3,4,2,2,4,148
3,4,2,2,4,148
3,4,2,2,4,148
3,4,2,2,4,148
3,4,2,2,4,148
3,4,2,2,4,148
3,4,2,2,4,148
3,4,2,2,4,148
3,4,2,2,5,148
3,4,2,2,5,148
3,4,2,2,5,148
3,4,2,1,5,148
3,4,2,1,5,148
3,4,2,1,5,148
3,4,2,1,5,148
0,0,0,0,0,149
0,1,0,0,0,149
1,1,0,0,0,149
1,2,0,0,0,149
2,2,0,0,0,149
2,2,0,0,1,149
3,2,0,0,1,149
3,2,0,0,1,149
3,2,0,1,1,149
3,2,0,1,1,149
3,2,0,1,1,149
3,2,0,1,1,149
3,2,0,1,2,149
3,2,0,1,2,149
3,2,0,1,2,149
3,2,0,1,2,149
3,2,0,1,2,149
3,2,0,1,2,149
3,2,0,1,2,149
3,2,0,1,2,149
3,2,0,1,2,149
3,2,0,1,2,149
3,2,0,1,2,149
3,2,0,1,2,149
3,2,0,1,2,149
3,2,0,1,2,149
3,2,0,1,2,149
3,2,0,1,2,149
3,2,0,1,2,149
3,2,0,1,2,149
3,2,0,1,2,149
3,2,0,1,2,149
3,2,0,1,2,149
3,2,0,1,2,149
3,2,0,1,2,149
3,2,0,1,2,149
3,2,0,1,2,149
3,2,0,1,2,149
3,2,0,1,2,149
3,2,0,1,2,149
3,2,0,1,2,149
3,2,0,1,2,149
3,2,0,1,2,149
3,2,0,1,2,149
3,2,0,1,2,149
3,2,0,1,2,149
3,2,0,1,2,149
3,2,0,1,2,149
3,2,0,1,2,149
3,2,0,1,2,149
3,2,0,1,2,149
3,2,0,1,2,149
3,2,0,1,2,149
3,2,0,1,2,149
3,2,0,1,2,149
3,2,0,1,2,149
3,2,0,1,2,149
3,2,0,1,2,149
3,2,0,1,2,149
3,2,0,1,2,149
3,2,0,1,2,149
3,2,0,1,2,149
3,2,0,1,2,149
3,2,0,1,2,149
3,2,0,1,2,149
3,2,0,1,2,149
3,2,0,1,2,149
3,2,0,1,2,149
3,2,0,1,2,149
3,2,0,1,2,149
3,2,0,1,2,149
3,2,0,1,2,149
3,2,0,1,2,149
3,2,0,1,2,149
3,2,0,1,2,149
3,2,0,1,2,149
3,2,0,1,2,149
3,2,0,1,2,149
3,2,0,1,2,149
3,2,0,1,2,149
3,2,0,1,2,149
3,2,0,1,2,149
3,2,0,1,2,149
3,2,0,1,2,149
3,2,0,1,2,149
3,2,0,1,2,149
3,2,0,1,2,149
3,2,0,1,2,149
3,2,0,1,2,149
3,2,0,1,2,149
3,2,0,1,2,149
3,2,0,1,2,149
3,2,0,1,2,149
3,2,0,1,2,149
3,2,0,1,2,149
3,2,0,1,2,149
3,2,0,1,2,149
3,2,0,1,2,149
3,2,0,1,2,149
3,2,0,1,2,149
0,0,0,0,0,150
0,0,1,0,0,150
0,0,1,0,0,150
0,0,1,0,0,150
0,0,1,1,0,150
0,0,1,1,0,150
0,0,1,1,0,150
1,0,1,1,0,150
2,0,1,1,0,150
2,0,1,1,1,150
2,0,1,1,1,150
2,0,1,1,1,150
2,0,1,1,1,150
2,0,1,1,1,150
2,0,1,1,1,150
2,0,1,1,1,150
2,0,1,1,1,150
0,0,0,0,0,151
0,0,1,0,0,151
1,0,1,0,0,151
1,0,1,0,0,151
1,0,1,0,1,151
1,1,1,0,1,151
1,2,1,0,1,151
1,2,1,0,1,151
1,3,1,0,1,151
1,3,1,0,1,151
1,3,1,0,1,151
1,3,1,0,1,151
1,3,1,0,1,151
1,3,1,0,1,151
1,3,1,0,1,151
1,3,1,0,1,151
1,3,1,0,1,151
1,3,1,0,1,151
1,3,1,0,1,151
1,3,1,0,1,151
1,3,1,0,1,151
1,3,1,0,1,151
1,3,1,0,1,151
1,3,1,0,1,151
1,3,1,0,1,151
1,3,1,0,1,151
1,3,1,0,1,151
1,3,1,0,1,151
1,3,1,0,1,151
1,3,1,0,1,151
1,3,1,0,1,151
1,3,1,0,1,151
1,3,1,0,1,151
1,3,1,0,1,151
1,3,1,0,1,151
1,3,1,0,1,151
1,3,1,0,1,151
1,3,1,0,1,151
1,3,1,0,1,151
1,3,1,0,1,151
1,3,1,0,1,151
1,3,1,0,1,151
1,3,1,0,1,151
1,3,1,0,1,151
1,3,1,0,1,151
1,3,1,0,1,151
1,3,1,0,1,151
1,3,1,0,1,151
1,3,1,0,1,151
1,3,1,0,1,151
1,3,1,0,1,151
1,3,1,0,1,151
1,3,1,0,1,151
1,3,1,0,1,151
1,3,1,0,1,151
1,3,1,0,1,151
1,3,1,0,1,151
1,3,1,0,1,151
1,3,1,0,1,151
1,3,1,0,1,151
1,3,1,0,1,151
1,3,1,0,1,151
1,3,1,0,1,151
1,3,1,0,1,151
1,3,1,0,1,151
1,3,1,0,1,151
1,3,1,0,1,151
1,3,1,0,1,151
1,3,1,0,1,151
1,3,1,0,1,151
1,3,1,0,1,151
1,3,1,0,1,151
1,3,1,0,1,151
1,3,1,0,1,151
1,3,1,0,1,151
1,3,1,0,1,151
1,3,1,0,1,151
1,3,1,0,1,151
1,3,1,0,1,151
1,3,1,0,1,151
1,3,1,0,1,151
1,3,1,0,1,151
1,3,1,0,1,151
1,3,1,0,1,151
1,3,1,0,1,151
1,3,1,0,1,151
1,3,1,0,1,151
1,3,1,0,1,151
1,3,1,0,1,151
1,3,1,0,1,151
1,3,1,0,1,151
1,3,1,0,1,151
1,3,1,0,1,151
1,3,1,0,1,151
1,3,1,0,1,151
0,3,1,0,1,151
0,3,1,0,1,151
0,3,1,0,1,151
0,3,1,0,1,151
0,3,1,0,1,151
0,0,0,0,0,152
0,0,0,0,0,152
0,1,0,0,0,152
0,1,0,0,1,152
0,1,0,0,1,152
0,2,0,0,1,152
0,2,0,1,1,152
0,2,0,1,2,152
0,2,0,1,3,152
1,2,0,1,3,152
2,2,0,1,3,152
2,2,0,1,3,152
2,2,0,1,3,152
2,2,0,1,3,152
2,3,0,1,3,152
2,3,0,1,3,152
2,3,0,1,3,152
2,3,0,1,3,152
2,3,0,1,3,152
2,3,0,1,3,152
2,3,0,1,3,152
2,3,0,1,3,152
2,3,0,1,3,152
2,3,0,1,3,152
2,3,0,1,3,152
2,3,0,1,3,152
2,3,0,1,3,152
2,3,0,1,3,152
2,3,0,1,3,152
2,3,0,1,3,152
2,3,0,1,3,152
2,3,0,1,3,152
2,3,0,1,3,152
2,3,0,1,3,152
2,3,0,1,3,152
2,3,0,1,3,152
2,3,0,1,3,152
2,3,0,1,3,152
2,3,0,1,3,152
2,2,0,1,3,152
2,2,0,1,3,152
2,2,0,1,3,152
2,2,0,1,3,152
2,2,0,1,3,152
2,2,0,1,3,152
2,1,0,1,3,152
2,1,0,1,3,152
2,1,0,1,3,152
2,1,0,1,3,152
2,1,0,1,3,152
2,1,0,1,3,152
2,1,0,1,3,152
2,1,0,1,3,152
2,1,0,1,3,152
2,1,0,1,3,152
2,1,0,1,3,152
2,1,0,1,3,152
2,1,0,1,3,152
2,1,0,1,3,152
2,1,0,1,3,152
2,1,0,1,3,152
2,1,0,1,3,152
2,1,0,1,3,152
2,1,0,1,3,152
2,1,0,1,3,152
2,1,0,1,3,152
2,1,0,1,3,152
2,1,0,1,3,152
2,1,0,1,3,152
2,1,0,1,3,152
2,1,0,1,3,152
2,1,0,1,3,152
2,1,0,1,3,152
2,1,0,1,3,152
1,1,0,1,3,152
1,1,0,1,3,152
1,1,0,1,3,152
1,1,0,1,3,152
1,1,0,1,3,152
1,1,0,1,3,152
1,1,0,1,3,152
1,1,0,1,3,152
1,1,0,1,3,152
1,1,0,1,3,152
1,1,0,1,3,152
1,1,0,1,3,152
1,1,0,1,3,152
1,1,0,1,3,152
1,1,0,1,3,152
1,1,0,1,3,152
1,1,0,1,3,152
1,1,0,1,3,152
1,1,0,1,3,152
1,1,0,1,3,152
1,1,0,1,3,152
1,1,0,1,3,152
1,1,0,1,3,152
1,1,0,1,3,152
1,1,0,1,3,152
1,1,0,1,3,152
0,0,0,0,0,153
0,0,0,0,0,153
0,0,0,1,0,153
0,0,0,1,1,153
0,0,0,1,2,153
0,0,0,1,2,153
0,0,1,1,2,153
0,0,1,1,2,153
0,0,1,1,3,153
0,0,1,1,3,153
1,0,1,1,3,153
2,0,1,1,3,153
2,0,1,1,3,153
2,0,1,1,3,153
2,0,1,1,3,153
2,0,1,1,3,153
2,0,1,1,3,153
0,0,0,0,0,154
0,0,0,0,1,154
0,0,0,0,1,154
0,0,0,0,1,154
0,0,0,0,2,154
0,1,0,0,2,154
0,1,0,0,2,154
1,1,0,0,2,154
1,1,1,0,2,154
1,1,1,0,3,154
1,2,1,0,3,154
1,2,1,0,4,154
1,2,1,0,4,154
1,2,1,0,4,154
1,2,1,0,4,154
1,2,2,0,4,154
1,2,2,0,4,154
1,2,2,0,4,154
1,2,2,0,4,154
1,2,2,0,4,154
1,2,2,0,4,154
1,2,2,0,4,154
1,2,2,0,4,154
1,2,2,0,4,154
1,2,2,0,4,154
1,2,2,0,4,154
1,2,2,0,4,154
1,2,2,0,4,154
1,2,2,0,4,154
1,2,2,0,4,154
1,2,2,0,4,154
1,2,2,0,4,154
1,2,2,0,4,154
1,2,2,0,4,154
1,2,2,0,4,154
1,2,2,0,4,154
1,2,2,0,4,154
1,2,2,0,4,154
1,2,2,0,4,154
1,2,2,0,4,154
1,2,2,0,4,154
1,2,2,0,4,154
1,2,2,0,4,154
1,2,2,0,4,154
1,2,2,0,4,154
1,2,2,0,4,154
1,2,2,0,4,154
1,2,2,0,4,154
1,2,2,0,4,154
1,2,2,0,4,154
1,2,2,0,4,154
1,2,2,0,4,154
1,2,2,0,4,154
1,2,2,0,4,154
1,2,2,0,4,154
1,2,2,0,4,154
1,2,2,0,3,154
1,2,2,0,3,154
1,2,2,0,3,154
1,2,2,0,3,154
1,2,2,0,3,154
1,2,2,0,3,154
1,2,2,0,3,154
1,2,2,0,3,154
1,2,2,0,3,154
1,2,2,0,3,154
1,2,2,0,3,154
1,2,2,0,3,154
1,2,2,0,3,154
1,2,2,0,3,154
1,2,2,0,3,154
1,2,2,0,3,154
1,2,2,0,3,154
1,2,2,0,3,154
1,2,2,0,3,154
1,2,2,0,3,154
1,2,2,0,3,154
1,2,2,0,3,154
1,2,2,0,3,154
1,2,2,0,3,154
1,2,2,0,3,154
1,2,2,0,3,154
1,2,2,0,3,154
1,2,2,0,3,154
1,2,1,0,3,154
1,2,1,0,3,154
1,2,1,0,3,154
1,2,1,0,3,154
1,2,1,0,3,154
1,2,1,0,3,154
1,2,1,0,3,154
1,2,1,0,3,154
1,2,1,0,3,154
1,2,1,0,3,154
1,2,1,0,3,154
1,2,1,0,3,154
1,2,1,0,3,154
1,2,1,0,3,154
1,2,1,0,3,154
1,2,1,0,3,154
0,0,0,0,0,155
0,0,0,0,1,155
0,0,0,1,1,155
0,1,0,1,1,155
0,1,1,1,1,155
0,1,1,1,1,155
0,1,1,1,1,155
0,1,1,1,2,155
1,1,1,1,2,155
2,1,1,1,2,155
2,1,1,1,2,155
2,1,1,1,2,155
2,1,1,1,2,155
2,1,1,1,2,155
2,1,1,1,2,155
2,1,1,1,2,155
2,1,1,1,2,155
2,1,1,1,2,155
2,1,1,1,2,155
2,1,1,1,2,155
2,1,1,1,2,155
2,1,1,1,2,155
2,1,1,1,2,155
2,1,1,1,2,155
2,1,1,1,2,155
2,1,1,1,2,155
2,1,1,1,2,155
2,1,1,1,2,155
2,1,1,1,2,155
2,1,1,1,2,155
2,1,1,1,2,155
2,1,1,1,2,155
2,1,1,1,2,155
2,1,1,1,2,155
2,1,1,1,2,155
2,1,1,1,2,155
2,1,1,1,2,155
2,1,1,1,2,155
2,1,1,1,2,155
2,1,1,1,2,155
2,1,1,1,2,155
2,1,1,1,2,155
2,1,1,1,2,155
2,1,1,1,2,155
2,1,1,1,2,155
2,1,1,1,2,155
2,1,1,1,2,155
2,1,1,1,2,155
2,1,1,1,2,155
2,1,1,1,2,155
2,1,1,1,2,155
2,1,1,1,2,155
2,1,1,1,2,155
2,1,1,1,2,155
2,1,1,1,2,155
2,1,1,1,2,155
2,1,1,1,2,155
2,1,1,1,2,155
2,1,1,1,2,155
2,1,1,1,2,155
2,1,1,1,2,155
2,1,1,1,2,155
2,1,1,1,2,155
2,1,1,1,2,155
2,1,1,1,2,155
2,1,1,1,2,155
2,1,1,1,2,155
2,1,1,1,2,155
2,1,1,1,2,155
2,1,1,1,2,155
2,1,1,1,2,155
2,1,1,1,2,155
2,1,1,1,2,155
2,1,1,1,2,155
2,1,1,1,2,155
2,1,1,1,2,155
2,1,1,1,2,155
2,1,1,1,2,155
2,1,1,1,2,155
2,1,1,1,2,155
2,1,1,1,2,155
2,1,1,1,2,155
2,1,1,1,2,155
2,1,1,1,2,155
2,1,1,1,2,155
2,1,1,1,2,155
2,1,1,1,2,155
2,1,1,1,2,155
2,1,1,1,2,155
2,1,1,1,2,155
2,1,1,1,2,155
2,1,1,1,2,155
2,1,1,1,2,155
2,1,1,1,2,155
2,1,1,1,2,155
2,1,1,1,2,155
2,1,1,1,2,155
2,1,1,1,2,155
2,1,1,1,2,155
2,1,1,1,2,155
0,0,0,0,0,156
0,1,0,0,0,156
0,1,0,0,0,156
0,1,0,0,0,156
1,1,0,0,0,156
2,1,0,0,0,156
2,1,0,0,0,156
2,1,1,0,0,156
2,1,1,0,0,156
2,1,1,0,1,156
2,1,1,0,1,156
2,2,1,0,1,156
2,2,1,0,1,156
2,2,1,0,1,156
2,2,1,0,1,156
2,3,1,0,1,156
2,3,1,1,1,156
2,3,1,1,1,156
2,3,1,1,1,156
2,3,1,1,1,156
2,4,1,1,1,156
2,4,1,1,1,156
2,4,1,1,2,156
2,4,1,1,2,156
2,4,1,1,2,156
2,4,2,1,2,156
2,4,2,1,2,156
2,4,2,1,2,156
2,4,2,1,2,156
2,4,2,1,2,156
2,4,2,1,2,156
2,4,2,1,2,156
2,4,2,1,2,156
2,4,2,2,2,156
2,4,2,2,2,156
2,4,2,2,2,156
2,4,2,2,3,156
2,4,2,3,3,156
2,4,2,3,3,156
2,4,2,3,3,156
2,4,2,3,3,156
2,3,2,3,4,156
2,3,2,3,5,156
2,3,2,4,5,156
2,3,2,4,6,156
3,3,2,4,6,156
3,3,2,4,6,156
3,3,2,4,6,156
3,3,2,4,6,156
3,3,2,4,6,156
4,3,2,4,6,156
4,3,2,4,6,156
4,3,2,4,6,156
4,3,2,4,6,156
4,3,2,4,6,156
4,3,2,4,7,156
4,3,2,4,7,156
4,3,2,4,7,156
4,3,2,4,7,156
4,3,2,4,7,156
4,3,2,4,7,156
4,3,2,4,7,156
4,3,2,4,7,156
4,3,2,4,8,156
4,3,2,4,8,156
4,3,2,4,7,156
4,3,2,4,7,156
4,3,2,4,7,156
4,3,2,4,7,156
4,4,2,4,7,156
4,4,2,4,7,156
4,4,2,4,7,156
4,4,2,5,7,156
4,4,2,5,7,156
4,4,2,5,7,156
4,4,2,5,7,156
4,4,2,5,7,156
4,5,2,5,7,156
4,5,2,5,6,156
4,5,2,5,6,156
4,5,2,5,6,156
5,5,2,5,6,156
5,5,2,5,6,156
5,5,2,5,6,156
5,6,2,5,6,156
5,6,2,5,6,156
5,6,2,5,6,156
5,6,2,5,7,156
5,6,2,5,7,156
5,6,2,5,7,156
5,6,2,5,7,156
5,6,2,5,7,156
5,6,2,5,7,156
5,5,2,5,7,156
5,5,2,5,7,156
5,5,2,5,7,156
5,5,2,5,7,156
5,5,2,5,7,156
5,6,2,5,7,156
5,6,2,5,7,156
0,0,0,0,0,157
0,0,0,1,0,157
0,0,0,1,0,157
0,0,0,1,1,157
0,0,0,1,1,157
0,0,0,1,1,157
0,0,0,1,2,157
0,0,0,1,3,157
0,0,0,1,4,157
0,0,0,1,4,157
0,1,0,1,4,157
0,2,0,1,4,157
0,2,0,1,4,157
1,2,0,1,4,157
1,2,0,1,4,157
1,2,0,1,4,157
1,2,0,1,4,157
2,2,0,1,4,157
2,2,0,1,4,157
2,2,0,1,4,157
2,2,0,1,4,157
2,2,0,1,4,157
2,2,0,1,4,157
2,2,0,1,4,157
2,2,0,1,4,157
2,2,0,1,4,157
2,2,0,1,4,157
2,2,0,1,4,157
2,2,0,1,4,157
2,2,0,1,4,157
2,2,0,1,4,157
2,2,0,1,4,157
2,2,0,1,4,157
2,2,0,1,4,157
2,2,0,1,4,157
2,2,0,1,4,157
2,2,0,1,4,157
2,2,0,1,4,157
2,2,0,1,4,157
2,2,0,1,4,157
2,2,0,1,4,157
2,2,0,1,4,157
2,2,0,1,4,157
2,2,0,1,4,157
2,2,0,1,4,157
2,2,0,1,4,157
2,2,0,1,3,157
2,2,0,1,3,157
2,2,0,1,3,157
2,2,0,1,3,157
2,2,0,1,3,157
2,2,0,1,3,157
2,2,0,1,3,157
2,2,0,1,3,157
2,2,0,1,3,157
2,2,0,1,3,157
2,2,0,1,3,157
2,2,0,1,3,157
2,2,0,1,3,157
2,2,0,1,3,157
2,2,0,1,3,157
2,2,0,1,3,157
2,2,0,1,3,157
2,2,0,1,3,157
2,2,0,1,3,157
2,2,0,1,3,157
2,2,0,1,3,157
2,2,0,1,3,157
2,2,0,1,3,157
2,2,0,1,3,157
2,2,0,1,3,157
2,2,0,1,3,157
2,2,0,1,3,157
2,2,0,1,2,157
2,2,0,1,2,157
2,2,0,1,2,157
2,2,0,1,2,157
2,2,0,1,2,157
2,2,0,1,2,157
2,2,0,1,2,157
2,2,0,1,2,157
2,2,0,1,2,157
2,2,0,1,2,157
2,2,0,1,2,157
2,2,0,1,2,157
2,2,0,1,2,157
2,2,0,1,2,157
2,2,0,1,2,157
2,2,0,1,2,157
2,2,0,1,2,157
2,2,0,1,2,157
2,2,0,1,2,157
2,2,0,1,2,157
2,2,0,1,2,157
2,2,0,1,2,157
2,2,0,1,2,157
2,2,0,1,2,157
2,2,0,1,2,157
2,2,0,1,2,157
2,2,0,1,2,157
0,0,0,0,0,158
0,0,0,0,1,158
0,1,0,0,1,158
0,1,1,0,1,158
0,1,1,0,1,158
0,2,1,0,1,158
0,2,1,1,1,158
0,2,1,1,1,158
0,2,1,1,1,158
0,2,1,1,1,158
1,2,1,1,1,158
1,2,1,1,1,158
1,2,1,1,1,158
1,2,1,1,2,158
1,2,1,1,2,158
2,2,1,1,2,158
2,3,1,1,2,158
2,3,1,1,2,158
2,3,1,1,2,158
2,3,1,1,2,158
2,3,1,1,2,158
2,3,1,1,2,158
2,3,1,1,2,158
2,3,1,1,2,158
2,3,1,1,2,158
2,3,1,1,2,158
2,3,1,1,2,158
2,3,1,1,2,158
2,3,1,1,2,158
2,3,1,1,2,158
2,3,1,1,2,158
2,3,1,1,2,158
2,3,1,1,2,158
2,3,1,1,2,158
2,3,1,1,2,158
2,3,1,1,2,158
2,3,1,1,2,158
2,3,1,1,2,158
2,3,1,1,2,158
2,3,1,1,2,158
2,3,1,1,2,158
2,3,1,1,2,158
2,3,1,1,2,158
2,3,1,1,2,158
2,3,1,1,2,158
2,3,1,1,2,158
2,3,1,1,2,158
2,3,1,1,2,158
2,3,1,1,2,158
2,3,1,1,2,158
2,3,1,1,2,158
2,3,1,1,2,158
2,3,1,1,2,158
2,3,1,1,2,158
2,3,1,1,2,158
2,3,1,1,2,158
2,3,1,1,2,158
2,3,1,1,2,158
2,3,1,1,2,158
2,3,1,1,2,158
2,3,1,1,2,158
2,3,1,1,2,158
2,3,1,1,2,158
2,3,1,1,2,158
2,3,1,1,2,158
2,3,1,1,2,158
2,3,1,1,2,158
2,3,1,1,2,158
2,3,1,1,2,158
2,3,1,1,2,158
2,3,1,1,2,158
2,3,1,1,2,158
2,3,1,1,2,158
2,3,1,1,2,158
2,3,1,1,2,158
2,3,1,1,2,158
2,3,1,1,2,158
2,2,1,1,2,158
2,2,1,1,2,158
2,2,1,1,2,158
2,2,1,1,2,158
2,2,1,1,2,158
2,2,1,1,2,158
2,2,1,1,2,158
2,2,1,1,2,158
2,2,1,1,2,158
2,2,1,1,2,158
2,2,1,1,2,158
2,2,1,1,2,158
2,2,1,1,2,158
2,2,1,1,2,158
2,2,1,1,2,158
2,2,1,1,2,158
2,2,1,1,2,158
2,2,1,1,2,158
2,2,1,1,2,158
2,2,1,1,2,158
2,2,1,1,2,158
2,2,1,1,2,158
2,2,1,1,2,158
0,0,0,0,0,159
1,0,0,0,0,159
1,0,1,0,0,159
1,0,1,1,0,159
1,0,1,1,0,159
1,0,1,1,0,159
2,0,1,1,0,159
2,0,1,1,0,159
3,0,1,1,0,159
3,0,1,1,0,159
3,0,1,1,0,159
3,0,1,1,0,159
3,0,1,1,0,159
3,0,1,1,1,159
3,0,1,1,1,159
0,0,0,0,0,160
0,1,0,0,0,160
1,1,0,0,0,160
1,1,0,0,0,160
1,1,0,0,1,160
1,1,1,0,1,160
1,1,1,1,1,160
1,1,1,1,1,160
1,1,1,1,1,160
1,1,1,1,1,160
1,1,0,1,2,160
1,1,0,1,2,160
1,2,0,1,1,160
1,2,0,1,2,160
2,2,0,1,2,160
3,1,0,1,2,160
3,2,0,1,2,160
3,3,0,1,2,160
3,3,0,1,2,160
3,3,0,1,2,160
3,3,0,1,3,160
3,3,0,1,3,160
3,3,0,1,3,160
3,3,0,1,3,160
3,3,0,1,3,160
3,3,0,1,3,160
3,3,0,1,3,160
3,3,0,1,3,160
3,3,0,1,3,160
3,3,0,1,3,160
3,3,0,1,3,160
3,3,0,1,3,160
3,3,0,1,3,160
3,3,0,1,3,160
3,3,0,1,3,160
3,3,0,1,3,160
3,3,0,1,3,160
3,3,0,1,3,160
3,3,0,1,3,160
3,3,0,1,3,160
3,3,0,1,3,160
3,3,0,1,3,160
3,3,0,1,3,160
3,3,0,0,3,160
3,3,0,0,3,160
3,3,0,0,3,160
3,3,0,0,3,160
3,3,0,0,3,160
3,2,0,0,3,160
3,2,0,0,3,160
3,2,0,0,3,160
3,2,0,0,3,160
3,2,0,0,3,160
3,2,0,0,3,160
3,2,0,1,3,160
3,2,0,1,3,160
3,2,0,1,3,160
3,2,0,1,3,160
3,2,0,1,3,160
3,2,0,1,3,160
3,2,0,1,3,160
3,2,0,1,3,160
3,2,0,1,3,160
3,2,0,1,3,160
3,2,0,1,3,160
3,2,0,1,3,160
3,2,0,1,3,160
3,2,0,1,3,160
3,2,0,1,3,160
3,2,0,1,3,160
3,2,0,1,3,160
3,2,0,1,3,160
3,2,0,1,3,160
3,2,0,1,3,160
3,2,0,1,3,160
3,2,0,1,3,160
3,2,0,1,3,160
3,2,0,1,3,160
3,2,0,1,3,160
3,2,0,1,3,160
3,2,0,1,3,160
3,2,0,1,3,160
3,2,0,1,3,160
3,2,0,1,3,160
3,2,0,1,3,160
3,2,0,1,3,160
3,2,0,1,3,160
3,2,0,1,3,160
3,2,0,1,3,160
3,2,0,1,3,160
3,2,0,1,3,160
3,2,0,1,3,160
3,2,0,1,3,160
3,2,0,1,3,160
3,2,0,1,3,160
3,2,0,1,3,160
3,2,0,1,3,160
3,2,0,1,3,160
3,2,0,1,3,160
3,2,0,1,3,160
0,0,0,0,0,161
0,0,0,1,0,161
0,0,0,1,0,161
0,0,0,1,0,161
0,0,1,1,0,161
0,1,1,1,0,161
0,2,1,1,0,161
0,2,1,1,1,161
0,3,1,1,1,161
0,3,1,1,1,161
0,3,1,1,1,161
0,3,1,1,2,161
0,3,1,1,2,161
0,3,1,1,3,161
0,3,1,1,4,161
0,3,1,1,4,161
0,3,1,1,4,161
1,3,1,1,4,161
1,3,1,1,4,161
1,3,1,1,4,161
1,3,1,1,4,161
2,3,0,1,4,161
2,3,0,1,4,161
2,2,0,1,4,161
2,2,0,1,4,161
2,2,0,1,4,161
2,2,0,1,4,161
2,2,0,1,4,161
2,2,0,1,3,161
2,2,0,1,3,161
2,2,0,1,3,161
2,2,0,1,3,161
2,2,0,1,3,161
2,2,0,1,3,161
2,2,0,1,3,161
2,2,0,1,3,161
2,2,0,1,3,161
2,2,0,1,3,161
2,2,0,1,3,161
2,2,0,1,3,161
2,2,0,1,3,161
2,2,0,1,3,161
2,2,0,1,3,161
2,2,0,1,3,161
2,2,0,1,3,161
2,2,0,1,3,161
2,2,0,1,3,161
2,2,0,1,3,161
2,2,0,1,3,161
2,2,0,1,3,161
2,2,0,1,3,161
2,2,0,1,3,161
2,2,0,1,3,161
2,2,0,1,3,161
2,2,0,1,3,161
2,2,0,1,3,161
2,2,0,1,3,161
2,2,0,1,3,161
2,2,0,1,3,161
2,2,0,1,3,161
2,2,0,1,3,161
2,2,0,1,3,161
2,2,0,1,3,161
2,2,0,1,3,161
2,2,0,1,3,161
2,2,0,1,3,161
2,2,0,1,3,161
2,2,0,1,3,161
2,2,0,1,3,161
2,2,0,1,3,161
2,2,0,1,3,161
2,2,0,1,3,161
2,2,0,1,3,161
2,2,0,1,3,161
2,2,0,1,3,161
2,2,0,1,3,161
2,2,0,1,3,161
2,2,0,1,3,161
2,2,0,1,3,161
2,2,0,1,3,161
2,2,0,1,3,161
2,2,0,1,3,161
2,2,0,1,3,161
2,2,0,1,3,161
2,2,0,1,3,161
2,2,0,1,3,161
2,2,0,1,3,161
2,2,0,1,3,161
2,2,0,1,3,161
2,2,0,1,3,161
2,2,0,1,3,161
2,2,0,1,3,161
2,2,0,1,3,161
2,2,0,1,3,161
2,2,0,1,3,161
2,2,0,1,3,161
2,2,0,1,3,161
2,2,0,1,3,161
2,1,0,1,3,161
2,1,0,1,3,161
0,0,0,0,0,162
0,0,0,0,0,162
0,0,0,1,0,162
0,0,0,1,1,162
0,0,1,1,1,162
0,0,1,1,2,162
0,0,1,1,2,162
0,0,1,1,2,162
0,0,1,1,2,162
0,0,1,1,2,162
0,1,1,1,2,162
1,1,1,1,2,162
1,1,1,1,2,162
1,1,1,1,2,162
1,2,1,1,2,162
1,2,1,1,2,162
2,2,1,1,2,162
2,2,1,1,2,162
2,2,1,1,2,162
3,2,1,1,2,162
4,2,1,1,2,162
4,2,1,1,2,162
4,2,1,1,2,162
4,3,1,1,2,162
4,3,1,1,2,162
4,3,1,1,2,162
4,3,1,1,2,162
4,3,1,1,2,162
4,3,2,1,2,162
4,3,2,1,2,162
3,3,3,1,2,162
3,3,3,1,3,162
3,3,3,1,4,162
3,3,3,1,4,162
3,3,3,1,4,162
3,4,3,1,4,162
3,4,3,1,4,162
3,4,3,1,4,162
3,4,3,1,4,162
3,4,3,2,4,162
3,4,3,2,4,162
3,4,3,2,4,162
3,4,3,2,5,162
3,4,3,2,5,162
3,4,3,2,5,162
4,4,3,2,5,162
4,4,4,2,5,162
5,4,3,2,5,162
5,4,3,2,5,162
5,5,3,2,5,162
6,5,3,2,5,162
6,5,3,2,5,162
6,6,3,2,5,162
7,6,3,1,5,162
7,6,3,1,5,162
7,6,3,1,5,162
7,6,3,1,6,162
7,6,3,1,6,162
7,6,3,1,6,162
7,6,3,1,7,162
7,6,3,1,7,162
7,6,3,1,7,162
7,6,3,1,7,162
7,6,3,1,7,162
7,6,3,1,7,162
7,6,3,1,7,162
7,6,3,1,8,162
7,6,4,0,8,162
7,6,4,1,8,162
7,6,4,1,8,162
7,6,4,2,8,162
7,6,4,2,8,162
7,6,4,2,8,162
7,7,4,2,8,162
7,7,4,3,8,162
7,7,4,3,8,162
7,7,4,3,9,162
7,7,4,3,9,162
8,6,4,3,9,162
8,6,4,3,10,162
8,6,4,3,10,162
8,7,4,3,10,162
8,7,4,3,10,162
8,7,5,3,10,162
8,8,5,3,10,162
8,8,5,3,10,162
9,8,5,3,10,162
9,8,5,3,11,162
9,8,5,3,11,162
9,8,6,3,11,162
10,8,6,3,11,162
10,8,6,3,11,162
10,8,6,3,11,162
11,8,6,3,11,162
11,8,6,3,11,162
11,8,6,4,11,162
11,8,6,4,11,162
11,9,6,4,11,162
11,9,6,4,11,162
11,9,6,4,11,162
0,0,0,0,0,163
1,0,0,0,0,163
1,1,0,0,0,163
2,0,0,0,0,163
2,1,0,0,0,163
2,1,0,0,0,163
2,1,1,0,0,163
2,2,1,0,0,163
2,2,0,0,1,163
2,3,0,0,1,163
2,3,1,0,1,163
2,3,1,0,1,163
2,3,1,1,1,163
2,3,1,1,1,163
2,3,0,1,2,163
2,3,0,2,2,163
2,3,0,2,1,163
2,3,1,2,1,163
2,4,1,2,1,163
2,4,2,2,1,163
2,4,2,2,2,163
2,4,2,2,2,163
2,4,2,2,2,163
2,3,2,2,3,163
2,3,1,2,3,163
2,3,2,2,3,163
2,4,2,2,3,163
2,4,2,3,3,163
2,4,2,4,3,163
2,4,2,4,3,163
2,4,2,4,4,163
2,4,2,4,4,163
2,5,2,4,4,163
2,5,2,4,5,163
2,5,2,5,5,163
3,5,2,4,5,163
3,4,2,4,5,163
4,4,2,4,5,163
4,4,2,4,5,163
4,5,2,4,5,163
4,5,3,4,5,163
4,5,3,4,5,163
4,5,3,4,6,163
4,6,3,4,6,163
4,6,3,4,6,163
5,6,3,4,6,163
4,6,3,4,7,163
4,7,3,4,7,163
5,7,3,4,7,163
5,7,3,4,7,163
5,7,3,4,7,163
5,7,3,4,8,163
6,7,3,4,8,163
6,7,3,4,8,163
6,7,3,4,9,163
6,7,3,4,9,163
6,6,3,5,9,163
6,7,3,5,9,163
6,7,2,6,9,163
6,7,2,6,10,163
6,8,2,6,10,163
6,8,2,6,10,163
6,8,2,6,10,163
6,8,2,6,10,163
6,8,2,6,11,163
6,9,2,6,11,163
6,9,2,6,11,163
6,9,2,6,12,163
6,9,2,6,12,163
6,9,2,6,12,163
6,8,2,7,12,163
6,8,2,7,12,163
6,8,2,7,12,163
6,8,2,7,12,163
6,8,2,7,12,163
6,8,2,7,12,163
5,8,2,7,13,163
5,8,2,7,13,163
5,8,2,7,13,163
5,8,2,7,13,163
5,8,2,7,14,163
5,8,2,7,14,163
5,8,2,7,14,163
5,8,2,7,14,163
5,8,2,7,14,163
5,8,2,7,14,163
5,8,2,7,14,163
5,8,3,7,14,163
5,8,3,7,14,163
5,8,3,7,14,163
4,8,3,7,14,163
4,8,3,7,15,163
4,8,3,7,15,163
4,8,3,7,15,163
4,8,3,7,15,163
4,8,3,7,15,163
4,8,3,7,15,163
5,8,3,6,15,163
5,8,3,6,15,163
6,8,3,6,15,163
0,0,0,0,0,164
0,0,1,0,0,164
0,0,1,1,0,164
1,0,1,1,0,164
1,0,1,1,1,164
1,0,1,1,1,164
1,1,1,1,1,164
1,1,1,1,1,164
1,1,1,1,1,164
1,1,1,1,1,164
1,2,1,1,1,164
1,2,1,1,1,164
1,2,2,1,1,164
2,2,2,1,1,164
2,2,2,1,1,164
2,2,2,1,1,164
2,2,2,1,1,164
2,2,2,1,1,164
2,2,2,1,1,164
2,2,2,1,1,164
2,2,2,1,1,164
2,2,2,1,1,164
2,2,2,1,1,164
2,2,2,1,1,164
2,2,2,1,2,164
2,2,2,1,2,164
2,2,2,1,2,164
2,2,2,1,2,164
2,2,2,1,2,164
2,2,2,1,2,164
2,2,2,1,2,164
2,2,2,1,2,164
2,2,2,1,2,164
2,2,2,1,2,164
2,2,2,1,2,164
2,2,2,1,2,164
2,2,2,1,2,164
2,2,2,1,2,164
2,2,2,1,2,164
2,2,2,1,2,164
2,2,2,1,2,164
2,2,2,1,2,164
2,2,2,1,2,164
2,2,2,1,2,164
2,2,2,1,2,164
2,2,2,1,2,164
2,2,2,1,2,164
2,2,2,1,2,164
2,2,2,1,2,164
2,2,2,1,2,164
2,2,2,1,2,164
2,2,2,1,2,164
2,2,2,1,2,164
2,2,2,1,2,164
2,2,2,1,2,164
2,2,2,1,2,164
2,2,2,1,2,164
2,2,2,1,2,164
2,2,2,1,2,164
2,2,2,1,2,164
2,2,2,1,2,164
2,2,2,1,2,164
2,2,2,1,2,164
2,2,2,1,2,164
2,2,2,1,2,164
2,1,2,1,2,164
2,1,2,1,2,164
2,1,2,1,2,164
2,1,2,1,2,164
2,2,2,1,2,164
2,2,2,1,2,164
2,2,2,1,2,164
2,2,2,1,2,164
2,2,2,0,2,164
2,2,2,0,2,164
2,2,2,0,2,164
2,2,2,0,2,164
2,2,2,0,2,164
2,2,2,0,2,164
2,2,2,0,2,164
2,2,2,0,2,164
2,2,2,0,2,164
2,2,2,0,2,164
2,2,2,0,2,164
2,2,2,0,2,164
2,2,2,0,2,164
2,2,2,0,2,164
2,2,2,0,2,164
2,2,2,0,2,164
2,2,2,0,2,164
2,2,2,0,2,164
2,2,2,0,2,164
2,2,2,0,2,164
2,2,2,0,2,164
2,2,2,0,2,164
2,2,2,0,2,164
2,2,2,0,2,164
2,2,2,0,2,164
2,2,2,0,2,164
2,2,2,0,2,164
0,0,0,0,0,165
1,0,0,0,0,165
1,0,0,1,0,165
1,0,0,1,0,165
1,0,0,1,1,165
2,0,0,1,1,165
2,0,0,1,1,165
2,0,0,1,2,165
2,0,0,1,2,165
2,0,1,1,2,165
2,0,1,1,2,165
2,0,1,1,2,165
2,0,1,1,2,165
2,0,1,1,2,165
2,0,1,1,2,165
2,0,1,1,2,165
2,0,1,1,2,165
0,0,0,0,0,166
0,0,0,1,0,166
1,0,0,1,0,166
1,1,0,1,0,166
1,1,0,1,1,166
1,1,0,2,1,166
1,2,0,2,1,166
2,2,0,2,1,166
2,3,0,2,1,166
2,3,0,2,1,166
2,3,0,2,1,166
2,3,0,2,1,166
2,3,0,2,1,166
2,3,0,2,1,166
2,3,0,2,1,166
2,3,0,2,1,166
2,3,0,2,1,166
2,3,0,2,1,166
2,3,0,2,1,166
2,3,0,2,1,166
2,3,0,2,1,166
2,3,0,2,1,166
2,3,0,1,1,166
2,3,0,1,1,166
2,3,0,1,1,166
2,3,0,1,1,166
2,3,0,1,1,166
2,3,0,1,1,166
2,3,0,1,1,166
2,3,0,1,1,166
2,3,0,1,1,166
2,3,0,1,1,166
2,3,0,1,1,166
2,3,0,1,1,166
2,3,0,1,1,166
2,3,0,1,1,166
2,3,0,1,1,166
2,3,0,1,1,166
2,3,0,1,1,166
2,3,0,1,1,166
2,3,0,1,1,166
2,3,0,1,1,166
2,3,0,1,1,166
2,3,0,1,1,166
2,3,0,1,1,166
2,2,0,1,1,166
2,2,0,1,1,166
2,2,0,1,1,166
2,2,0,1,1,166
2,2,0,1,1,166
2,2,0,1,1,166
2,2,0,1,1,166
2,2,0,1,1,166
2,2,0,1,1,166
2,2,0,1,1,166
2,2,0,1,1,166
2,2,0,1,1,166
2,2,0,1,1,166
2,2,0,1,1,166
2,2,0,1,1,166
2,2,0,1,1,166
2,2,0,1,1,166
2,2,0,1,1,166
2,2,0,1,1,166
2,2,0,1,1,166
2,2,0,1,1,166
2,2,0,1,1,166
2,2,0,1,1,166
2,2,0,1,1,166
2,2,0,1,1,166
2,2,0,1,1,166
2,2,0,1,1,166
2,2,0,1,1,166
2,2,0,1,1,166
2,2,0,1,1,166
2,2,0,1,1,166
2,2,0,1,1,166
2,2,0,1,1,166
2,2,0,1,1,166
2,2,0,1,1,166
2,2,0,1,1,166
2,2,0,1,1,166
2,2,0,1,1,166
2,2,0,1,1,166
2,2,0,1,1,166
2,2,0,1,1,166
2,2,0,1,1,166
2,2,0,1,1,166
1,2,0,1,1,166
1,2,0,1,1,166
1,2,0,1,1,166
1,2,0,1,1,166
1,2,0,1,1,166
1,2,0,1,1,166
1,2,0,1,1,166
1,2,0,1,1,166
1,2,0,1,1,166
1,2,0,1,1,166
1,2,0,1,1,166
1,2,0,1,1,166
0,0,0,0,0,167
0,1,0,0,0,167
0,2,0,0,0,167
0,3,0,0,0,167
0,3,0,0,0,167
0,3,1,0,0,167
0,3,1,1,0,167
0,3,1,1,0,167
0,3,1,1,0,167
0,3,1,1,0,167
0,2,1,1,0,167
0,2,1,1,1,167
0,2,1,1,1,167
0,2,1,1,1,167
1,2,1,1,1,167
1,2,1,1,2,167
1,2,1,1,2,167
1,2,1,1,2,167
1,2,1,1,2,167
2,2,1,1,2,167
2,2,1,1,2,167
2,2,1,1,2,167
2,2,1,1,2,167
2,3,1,1,2,167
2,3,1,1,2,167
2,3,1,1,2,167
2,3,1,1,2,167
2,3,1,1,2,167
2,3,1,1,2,167
2,3,1,1,2,167
2,3,1,1,2,167
2,3,1,1,2,167
2,3,1,1,2,167
1,3,1,1,3,167
1,3,1,1,3,167
1,3,1,1,3,167
2,3,1,1,2,167
2,3,1,1,2,167
2,3,1,1,2,167
2,3,1,1,2,167
2,3,1,1,2,167
2,3,1,1,2,167
2,3,1,1,2,167
2,3,1,1,3,167
2,3,1,1,3,167
2,3,1,1,3,167
2,3,1,1,3,167
2,3,1,1,3,167
2,3,1,1,3,167
2,3,1,1,3,167
2,3,1,1,3,167
2,3,1,1,3,167
2,3,1,1,3,167
2,3,1,1,3,167
2,3,1,1,3,167
2,3,1,1,3,167
2,3,1,1,3,167
2,3,1,1,4,167
2,3,1,1,4,167
2,3,1,1,4,167
2,3,1,1,4,167
2,3,1,1,4,167
2,3,1,1,4,167
2,3,1,1,4,167
2,3,1,1,4,167
2,3,1,1,4,167
2,3,1,1,4,167
2,3,1,1,4,167
2,3,1,1,4,167
2,3,1,1,4,167
2,3,1,1,4,167
2,3,1,1,4,167
2,3,1,1,4,167
2,3,1,1,4,167
2,3,1,1,4,167
2,3,1,1,4,167
2,3,1,1,4,167
2,3,1,1,4,167
1,3,1,1,5,167
1,3,1,1,5,167
1,3,1,1,5,167
1,3,1,1,5,167
1,3,1,1,5,167
1,3,1,1,5,167
1,3,1,1,4,167
1,3,1,1,4,167
1,3,1,1,4,167
1,3,1,1,4,167
1,3,1,1,4,167
1,3,1,1,4,167
1,3,1,1,4,167
1,3,1,1,4,167
1,3,1,1,4,167
1,3,1,1,4,167
1,3,1,1,4,167
1,3,1,1,4,167
1,3,1,1,4,167
1,3,1,1,4,167
1,3,1,1,4,167
1,3,1,1,4,167
0,0,0,0,0,168
1,0,0,0,0,168
1,0,1,0,0,168
1,1,1,0,0,168
1,1,1,1,0,168
2,1,1,1,0,168
2,1,1,1,0,168
2,1,1,1,0,168
2,1,1,1,0,168
2,1,1,1,1,168
2,1,1,1,1,168
2,1,1,1,1,168
2,1,1,1,1,168
3,1,1,1,1,168
3,2,1,1,1,168
3,2,1,1,1,168
3,2,1,1,1,168
3,2,1,1,0,168
3,2,1,1,0,168
3,2,1,1,0,168
3,2,1,1,0,168
3,2,1,1,0,168
3,2,1,1,1,168
3,2,1,1,2,168
3,2,2,1,2,168
3,2,3,1,2,168
3,2,2,1,3,168
3,2,2,1,3,168
3,2,1,1,3,168
3,2,1,1,3,168
3,2,1,1,4,168
3,2,1,1,4,168
3,2,1,1,4,168
3,2,1,1,4,168
3,3,1,1,4,168
3,3,1,1,4,168
3,3,0,1,4,168
3,2,0,1,5,168
3,2,0,1,5,168
3,2,1,1,5,168
3,2,1,1,5,168
3,2,2,1,5,168
3,2,2,1,5,168
3,3,2,1,5,168
3,3,2,1,5,168
3,3,2,1,5,168
3,3,2,1,5,168
3,3,2,1,5,168
3,3,2,1,5,168
3,3,2,1,5,168
3,3,2,1,6,168
3,3,2,1,6,168
3,3,2,1,6,168
3,3,2,1,6,168
3,3,3,1,6,168
3,3,3,1,6,168
3,3,3,1,6,168
3,3,3,1,6,168
3,3,3,1,6,168
3,3,3,1,6,168
3,3,3,1,6,168
3,3,3,1,6,168
3,3,3,2,6,168
3,3,3,2,6,168
4,3,3,2,6,168
4,3,3,2,6,168
4,4,3,2,6,168
4,3,3,3,6,168
4,3,3,3,7,168
4,3,3,4,7,168
4,4,3,4,7,168
5,4,3,4,6,168
6,4,3,4,5,168
6,4,3,4,6,168
6,4,3,4,7,168
6,4,2,4,8,168
5,4,3,4,8,168
5,4,3,4,9,168
5,4,3,5,9,168
5,4,3,6,9,168
5,4,3,6,9,168
5,4,4,6,9,168
5,4,4,6,10,168
5,4,4,6,10,168
5,4,4,7,10,168
5,4,5,7,10,168
5,4,5,7,10,168
6,3,5,7,10,168
6,4,5,7,10,168
6,4,5,7,11,168
6,4,5,7,11,168
6,4,6,7,11,168
7,3,6,7,11,168
7,3,6,7,12,168
7,3,6,7,13,168
8,3,6,7,13,168
8,3,6,6,14,168
8,3,7,6,14,168
9,3,7,6,14,168
9,3,7,6,15,168
0,0,0,0,0,169
0,0,1,0,0,169
0,1,1,0,0,169
0,2,1,0,0,169
0,2,1,1,0,169
0,2,1,1,0,169
0,2,0,1,1,169
0,2,1,1,1,169
0,2,1,1,1,169
0,2,1,1,2,169
0,2,1,1,3,169
1,2,1,1,3,169
1,2,1,1,3,169
2,2,1,1,3,169
3,2,1,1,3,169
3,2,1,1,3,169
3,2,1,1,3,169
3,3,1,1,3,169
3,3,1,2,3,169
3,3,1,2,3,169
3,3,1,2,3,169
3,3,1,2,3,169
4,3,1,2,3,169
4,3,1,2,3,169
4,4,1,2,3,169
4,4,1,2,3,169
4,4,1,2,3,169
4,4,1,2,3,169
4,4,1,2,3,169
4,4,1,2,4,169
4,4,1,2,4,169
4,4,1,2,4,169
4,4,1,2,4,169
4,4,1,2,4,169
4,4,1,2,4,169
4,4,1,3,4,169
4,4,1,3,4,169
4,4,1,3,4,169
4,5,1,3,4,169
4,5,1,3,4,169
4,5,1,3,4,169
4,5,1,3,4,169
4,5,1,3,5,169
5,5,1,3,5,169
5,5,1,3,5,169
5,5,1,3,4,169
5,5,1,3,4,169
5,5,1,3,5,169
5,5,1,3,5,169
5,5,1,3,5,169
5,5,1,3,5,169
5,5,1,3,5,169
5,5,1,3,6,169
5,5,1,3,6,169
5,5,1,4,6,169
5,5,1,4,6,169
5,5,1,4,6,169
5,5,1,4,6,169
5,5,1,4,6,169
5,6,1,4,5,169
5,6,1,4,5,169
5,6,1,4,5,169
5,7,1,4,4,169
5,7,1,4,4,169
5,7,1,4,4,169
5,7,1,4,4,169
5,7,1,4,4,169
5,7,1,4,3,169
5,7,1,4,3,169
5,7,1,4,3,169
5,7,1,4,3,169
5,7,2,4,3,169
5,7,2,4,3,169
5,7,2,4,3,169
5,7,2,4,3,169
5,7,2,4,3,169
5,7,2,4,3,169
5,7,2,4,3,169
6,6,2,4,3,169
6,6,2,4,3,169
6,6,2,4,3,169
6,6,2,4,3,169
6,7,2,4,3,169
6,7,2,4,3,169
6,7,2,4,3,169
6,6,2,5,3,169
6,6,2,5,3,169
6,6,2,5,3,169
6,6,2,5,3,169
6,6,2,5,3,169
6,6,2,5,3,169
6,7,2,5,3,169
6,7,2,5,3,169
6,7,2,5,3,169
6,7,2,5,3,169
6,7,2,5,3,169
7,7,2,5,3,169
7,7,2,5,3,169
7,7,2,5,3,169
7,7,2,5,3,169
0,0,0,0,0,170
0,0,1,0,0,170
0,0,1,0,1,170
1,0,1,0,1,170
1,0,1,1,1,170
2,0,1,1,1,170
2,0,1,1,1,170
3,0,1,1,1,170
3,0,1,1,1,170
3,0,1,1,1,170
3,0,1,1,1,170
3,0,1,1,1,170
3,0,1,1,2,170
3,0,1,1,2,170
3,0,1,1,2,170
3,0,1,1,2,170
0,0,0,0,0,171
1,0,0,0,0,171
2,0,0,0,0,171
2,0,0,1,0,171
2,1,0,1,0,171
2,1,0,1,0,171
2,1,0,1,1,171
2,1,0,1,2,171
2,1,0,2,2,171
2,1,0,2,2,171
2,1,0,2,3,171
2,1,0,2,3,171
2,1,0,2,3,171
2,1,0,2,3,171
2,1,0,2,3,171
2,1,0,2,3,171
2,1,0,2,3,171
2,1,0,2,3,171
2,1,0,2,3,171
2,1,0,2,3,171
2,1,0,2,3,171
2,2,0,2,3,171
2,2,0,2,3,171
2,2,0,2,3,171
2,2,0,2,3,171
2,2,0,2,3,171
2,2,0,2,3,171
2,2,0,2,3,171
2,2,0,2,3,171
2,2,0,2,3,171
2,2,0,2,3,171
2,2,0,2,3,171
2,2,0,2,3,171
2,2,0,2,3,171
2,2,0,2,3,171
2,2,0,2,3,171
2,2,0,2,3,171
2,2,0,2,3,171
2,2,0,2,3,171
2,2,0,2,3,171
2,2,0,2,3,171
2,2,0,2,3,171
2,2,0,2,3,171
2,2,0,2,3,171
2,2,0,2,3,171
2,2,0,2,3,171
2,2,0,2,3,171
2,2,0,2,3,171
1,2,0,2,3,171
1,2,0,2,3,171
1,2,0,2,3,171
1,2,0,2,3,171
1,2,0,2,3,171
1,2,0,2,3,171
1,2,0,2,3,171
1,2,0,2,3,171
1,2,0,2,3,171
1,2,0,2,3,171
1,2,0,2,3,171
1,2,0,2,3,171
1,2,0,2,3,171
1,2,0,2,3,171
1,2,0,2,3,171
1,2,0,2,3,171
1,2,0,2,3,171
1,2,0,2,3,171
1,2,0,2,3,171
1,2,0,2,3,171
1,2,0,2,3,171
1,2,0,2,3,171
1,2,0,2,3,171
1,2,0,2,3,171
1,2,0,2,3,171
1,2,0,2,3,171
1,2,0,2,3,171
1,2,0,2,3,171
1,2,0,2,3,171
1,2,0,2,3,171
1,2,0,2,3,171
1,2,0,2,3,171
1,2,0,2,3,171
1,2,0,2,3,171
1,2,0,2,3,171
1,2,0,2,3,171
1,2,0,2,3,171
1,2,0,2,3,171
1,2,0,2,3,171
1,2,0,2,3,171
1,2,0,2,3,171
1,2,0,2,3,171
1,2,0,2,3,171
1,2,0,2,3,171
1,2,0,2,3,171
1,2,0,2,3,171
1,2,0,2,3,171
1,2,0,2,3,171
1,2,0,2,3,171
1,2,0,2,3,171
1,2,0,2,3,171
1,2,0,2,3,171
0,0,0,0,0,172
0,0,0,1,0,172
1,0,0,1,0,172
1,0,0,1,1,172
1,0,1,1,1,172
1,0,1,1,1,172
2,0,1,1,1,172
2,0,1,1,1,172
2,0,1,1,1,172
2,0,1,1,1,172
2,0,1,1,2,172
2,0,1,1,2,172
2,1,1,1,2,172
2,1,1,1,2,172
2,1,1,1,2,172
2,2,1,1,2,172
2,2,1,1,2,172
2,2,1,1,2,172
3,2,1,1,1,172
3,2,1,1,2,172
3,2,1,2,2,172
3,2,1,2,3,172
3,3,1,2,3,172
3,3,1,2,4,172
3,3,1,2,4,172
3,3,1,2,4,172
3,3,1,2,4,172
3,3,1,2,5,172
3,3,1,2,5,172
3,3,1,2,5,172
3,3,1,2,5,172
3,3,1,3,5,172
3,4,1,3,5,172
3,4,1,3,5,172
3,4,1,3,5,172
3,4,1,4,5,172
3,4,1,4,5,172
3,4,1,4,5,172
3,4,1,4,5,172
3,5,1,4,5,172
3,5,1,4,5,172
3,5,1,4,5,172
3,5,1,4,5,172
3,5,1,4,5,172
3,5,1,4,6,172
3,5,1,4,6,172
3,5,1,4,6,172
3,5,1,4,6,172
3,5,1,4,6,172
3,5,1,4,6,172
3,5,1,4,6,172
3,5,1,4,6,172
3,5,1,3,7,172
3,5,1,3,7,172
3,5,1,3,7,172
3,5,1,3,7,172
3,5,1,3,7,172
4,5,1,3,6,172
4,5,1,3,6,172
4,5,1,3,6,172
4,5,1,3,6,172
4,5,1,3,6,172
4,5,1,3,6,172
4,5,1,3,6,172
4,6,1,3,6,172
4,6,1,3,6,172
4,6,1,3,6,172
4,6,1,4,6,172
4,6,1,4,6,172
4,6,1,4,6,172
4,6,1,4,6,172
4,6,1,4,6,172
4,6,1,4,5,172
4,7,1,4,5,172
4,7,1,4,5,172
4,7,1,4,5,172
4,7,1,4,5,172
4,7,1,4,5,172
5,7,1,4,5,172
5,7,1,4,5,172
5,7,1,4,5,172
5,7,1,4,5,172
5,7,1,4,5,172
5,7,1,4,5,172
5,7,1,4,5,172
5,7,1,4,5,172
5,7,1,4,5,172
5,7,1,4,5,172
6,7,1,4,4,172
6,7,1,4,4,172
6,7,1,4,4,172
6,7,1,4,4,172
6,7,1,4,4,172
6,7,1,4,4,172
6,7,1,5,4,172
6,7,1,5,4,172
6,7,1,5,4,172
6,7,1,5,4,172
6,7,1,5,4,172
6,7,1,6,4,172
0,0,0,0,0,173
0,1,0,0,0,173
1,1,0,0,0,173
2,1,0,0,0,173
3,1,0,0,0,173
3,1,0,0,0,173
3,1,0,0,0,173
3,1,0,0,0,173
3,2,0,0,0,173
3,2,0,0,0,173
3,2,0,0,0,173
3,2,0,0,0,173
3,2,0,0,0,173
3,2,0,0,0,173
3,2,0,1,0,173
3,2,0,1,0,173
3,2,0,1,0,173
3,2,0,1,0,173
3,2,0,1,0,173
3,2,0,1,0,173
3,2,0,1,0,173
3,2,0,1,0,173
3,2,0,1,0,173
3,2,0,1,0,173
3,2,0,1,0,173
3,2,0,1,0,173
3,2,0,1,0,173
3,2,0,1,0,173
3,2,0,1,0,173
3,2,0,1,0,173
3,2,0,1,0,173
3,2,0,1,0,173
3,2,0,1,0,173
3,2,0,1,0,173
3,2,0,1,0,173
3,2,0,1,0,173
3,2,0,1,0,173
3,2,0,1,0,173
3,2,0,1,0,173
3,2,0,1,0,173
3,2,0,1,0,173
3,2,0,1,0,173
3,2,0,1,0,173
3,2,0,1,0,173
3,2,0,1,0,173
3,2,0,1,0,173
3,2,0,1,0,173
3,2,0,1,0,173
3,2,0,1,0,173
3,2,0,1,0,173
3,2,0,1,0,173
3,2,0,1,0,173
3,2,0,1,0,173
3,2,0,1,0,173
3,2,0,1,0,173
3,2,0,1,0,173
3,2,0,1,0,173
3,2,0,1,0,173
3,2,0,1,0,173
3,2,0,1,0,173
3,2,0,1,0,173
3,2,0,1,0,173
3,2,0,1,0,173
3,2,0,1,0,173
3,2,0,1,0,173
3,2,0,1,0,173
2,2,0,1,0,173
2,2,0,1,0,173
2,2,0,1,0,173
2,2,0,1,0,173
2,2,0,1,0,173
2,2,0,1,0,173
2,2,0,1,0,173
2,2,0,1,0,173
2,2,0,1,0,173
2,2,0,1,0,173
2,2,0,1,0,173
2,2,0,1,0,173
2,2,0,1,0,173
2,2,0,1,0,173
2,2,0,1,0,173
2,2,0,1,0,173
2,2,0,1,0,173
2,2,0,1,0,173
2,2,0,1,0,173
2,2,0,1,0,173
2,2,0,1,0,173
2,2,0,1,0,173
2,2,0,1,0,173
2,2,0,1,0,173
2,2,0,1,0,173
2,2,0,1,0,173
2,2,0,1,0,173
2,2,0,1,0,173
2,2,0,1,0,173
2,2,0,1,0,173
2,2,0,1,0,173
2,2,0,1,0,173
2,2,0,1,0,173
2,2,0,1,0,173
0,0,0,0,0,174
0,0,1,0,0,174
0,0,1,0,0,174
0,0,1,0,0,174
1,0,1,0,0,174
1,0,1,1,0,174
1,0,1,1,1,174
1,0,1,1,2,174
1,0,1,1,2,174
1,0,1,1,2,174
1,0,1,1,2,174
1,0,1,1,2,174
1,0,1,1,2,174
1,0,1,1,2,174
1,1,1,1,2,174
1,1,1,1,2,174
0,0,0,0,0,175
0,0,0,0,0,175
0,0,0,1,0,175
0,0,0,1,0,175
1,0,0,1,0,175
1,0,0,1,0,175
1,0,0,1,1,175
1,0,0,1,1,175
1,0,0,1,1,175
2,0,0,1,1,175
2,1,0,1,1,175
2,1,0,1,1,175
2,1,0,1,1,175
2,1,0,1,1,175
2,1,0,1,2,175
2,1,0,1,2,175
2,1,0,1,2,175
2,1,0,1,2,175
2,1,0,1,2,175
2,1,0,1,3,175
2,1,0,1,3,175
2,2,0,1,3,175
2,2,0,1,3,175
2,2,0,1,3,175
2,2,0,1,3,175
2,2,0,1,3,175
2,2,0,1,3,175
2,2,0,1,3,175
2,2,0,1,3,175
2,2,0,1,3,175
2,2,0,1,3,175
2,2,0,1,3,175
2,2,0,1,3,175
2,2,0,1,3,175
2,2,0,1,3,175
2,2,0,1,4,175
2,2,0,1,4,175
2,2,0,1,4,175
2,2,0,1,4,175
2,2,0,1,4,175
2,2,0,1,4,175
2,2,0,1,4,175
2,2,0,1,4,175
2,2,0,1,4,175
2,2,0,1,4,175
2,2,0,1,4,175
2,2,0,1,4,175
2,2,0,1,4,175
2,2,0,1,4,175
2,2,0,1,4,175
2,2,0,1,4,175
2,2,0,1,4,175
2,2,0,1,4,175
2,2,0,1,4,175
2,2,0,1,4,175
2,2,0,1,4,175
2,2,0,1,4,175
2,2,0,1,4,175
2,2,0,1,4,175
2,2,0,1,4,175
2,2,0,1,4,175
2,2,0,1,4,175
2,2,0,1,4,175
2,2,0,1,4,175
2,2,0,1,4,175
2,2,0,1,4,175
2,2,0,1,4,175
2,2,0,1,4,175
2,2,0,1,4,175
2,2,0,1,4,175
2,2,0,1,4,175
2,2,0,1,4,175
2,2,0,1,4,175
2,2,0,1,4,175
2,2,0,1,4,175
2,2,0,1,4,175
2,2,0,1,4,175
2,2,0,1,4,175
2,2,0,1,4,175
2,2,0,1,4,175
2,2,0,1,4,175
2,2,0,1,4,175
2,2,0,1,4,175
2,2,0,1,4,175
2,2,0,1,4,175
2,2,0,1,4,175
2,2,0,1,4,175
2,2,0,1,4,175
2,2,0,1,4,175
2,2,0,1,4,175
2,2,0,1,4,175
2,2,0,1,4,175
2,2,0,1,4,175
2,2,0,1,4,175
2,2,0,1,4,175
2,2,0,1,4,175
2,2,0,1,4,175
2,2,0,1,4,175
2,2,0,1,4,175
2,2,0,1,4,175
0,0,0,0,0,176
0,0,1,0,0,176
1,0,1,0,0,176
1,0,1,0,0,176
1,0,1,0,1,176
1,0,1,0,1,176
1,1,1,0,1,176
2,1,1,0,1,176
2,1,1,0,1,176
2,1,1,0,1,176
2,1,1,0,1,176
2,1,1,0,1,176
2,1,1,0,1,176
2,1,1,0,2,176
2,1,1,0,2,176
2,1,1,0,2,176
2,1,1,0,2,176
2,1,1,0,2,176
2,1,1,0,2,176
2,1,0,1,2,176
2,1,0,1,2,176
2,1,0,1,2,176
2,1,0,1,2,176
2,1,0,1,2,176
2,1,0,1,2,176
2,1,0,1,2,176
2,1,0,1,2,176
2,1,0,1,2,176
2,1,0,1,2,176
2,1,0,1,2,176
2,1,0,1,2,176
2,1,0,1,2,176
2,1,0,1,2,176
2,1,0,1,2,176
2,1,0,1,2,176
2,1,0,1,2,176
2,1,0,1,2,176
2,1,0,0,2,176
2,1,0,0,2,176
2,1,0,0,2,176
2,1,0,0,2,176
2,1,0,0,1,176
2,1,0,0,1,176
2,1,0,0,1,176
2,1,0,0,1,176
2,1,0,0,1,176
2,1,0,0,1,176
2,1,0,0,1,176
2,1,0,0,1,176
2,1,0,0,1,176
2,1,0,0,1,176
2,1,0,0,1,176
2,1,0,0,1,176
2,1,0,0,1,176
2,1,0,0,1,176
2,1,0,0,1,176
2,1,0,0,1,176
2,1,0,0,1,176
2,1,0,0,1,176
2,1,0,0,1,176
2,1,0,0,1,176
2,1,0,0,1,176
2,1,0,0,1,176
2,1,0,0,1,176
2,1,0,0,1,176
2,1,0,0,1,176
2,1,0,0,1,176
2,1,0,0,1,176
2,1,0,0,1,176
2,1,0,0,1,176
2,1,0,0,1,176
2,1,0,0,1,176
2,1,0,0,1,176
2,1,0,0,1,176
2,1,0,0,1,176
2,1,0,0,1,176
2,1,0,0,1,176
2,1,0,0,1,176
2,1,0,0,1,176
2,1,0,0,1,176
2,1,0,0,1,176
2,1,0,0,1,176
2,1,0,0,1,176
2,1,0,0,1,176
2,1,0,0,1,176
2,1,0,0,1,176
2,1,0,0,1,176
2,1,0,0,1,176
2,1,0,0,1,176
2,1,0,0,1,176
2,1,0,0,1,176
2,1,0,0,1,176
2,1,0,0,1,176
2,1,0,0,1,176
2,1,0,0,1,176
2,1,0,0,1,176
2,1,0,0,1,176
2,1,0,0,1,176
2,1,0,0,1,176
2,1,0,0,1,176
0,0,0,0,0,177
0,0,1,0,0,177
0,0,1,1,0,177
1,0,1,1,0,177
1,0,1,1,0,177
1,0,1,1,0,177
1,0,1,1,0,177
2,0,1,1,0,177
2,0,1,1,0,177
2,1,1,1,0,177
2,1,1,1,1,177
2,1,1,1,1,177
2,1,1,1,1,177
2,1,1,1,2,177
2,1,1,1,2,177
2,1,1,1,2,177
2,1,1,1,2,177
2,1,1,1,2,177
2,1,1,1,2,177
2,1,1,1,2,177
2,1,1,1,2,177
2,1,1,1,2,177
2,1,1,1,2,177
2,1,1,1,2,177
2,1,1,1,2,177
2,1,1,1,2,177
2,1,1,1,2,177
2,1,1,1,2,177
2,1,1,1,2,177
2,1,1,1,2,177
2,1,1,1,2,177
2,1,1,1,2,177
2,1,1,1,2,177
2,1,1,1,2,177
2,1,1,1,2,177
2,1,1,1,2,177
2,1,1,1,2,177
2,1,1,1,2,177
2,1,1,1,2,177
2,1,1,1,2,177
2,1,1,1,2,177
2,1,1,1,2,177
2,1,1,1,2,177
2,1,1,1,2,177
2,1,1,1,2,177
2,1,1,1,2,177
2,1,1,1,2,177
2,1,1,1,2,177
2,1,1,1,2,177
2,1,1,1,2,177
2,1,1,1,2,177
2,1,1,1,2,177
2,1,1,1,2,177
2,1,1,1,2,177
2,1,1,1,2,177
2,1,1,1,2,177
2,1,1,1,2,177
2,1,1,1,2,177
2,1,1,1,2,177
2,1,1,1,2,177
2,1,1,1,2,177
2,1,1,1,2,177
2,1,1,1,2,177
2,1,1,1,2,177
2,1,1,1,2,177
2,1,1,1,2,177
2,1,1,1,2,177
2,1,1,1,2,177
2,1,1,1,2,177
2,1,1,1,2,177
2,1,1,1,2,177
2,1,1,1,2,177
2,1,1,1,2,177
2,1,1,1,2,177
2,1,1,1,2,177
2,1,1,1,2,177
2,1,1,1,2,177
2,1,1,1,2,177
2,1,1,1,2,177
2,1,1,1,2,177
2,1,1,1,2,177
2,1,1,1,2,177
2,1,1,1,2,177
2,1,1,1,2,177
2,1,1,1,2,177
2,1,1,1,2,177
2,1,1,1,2,177
2,1,1,1,2,177
2,1,1,1,2,177
2,1,1,1,2,177
2,1,1,1,2,177
2,1,1,1,2,177
2,1,1,1,2,177
2,1,1,1,2,177
2,1,1,1,2,177
2,1,1,1,2,177
2,1,1,1,2,177
2,1,1,1,2,177
2,1,1,1,2,177
2,1,1,1,2,177
0,0,0,0,0,178
1,0,0,0,0,178
1,0,0,0,0,178
1,0,0,0,0,178
1,1,0,0,0,178
2,1,0,0,0,178
2,1,1,0,0,178
2,1,1,0,0,178
2,1,1,1,0,178
2,2,1,1,0,178
2,2,1,1,0,178
2,2,1,2,0,178
2,2,1,3,0,178
2,2,1,3,1,178
2,2,1,3,1,178
3,2,1,3,1,178
3,2,1,3,2,178
3,2,2,3,2,178
3,3,2,3,2,178
3,3,2,3,2,178
3,4,2,3,1,178
3,4,3,3,1,178
3,4,3,3,1,178
3,4,3,3,2,178
3,4,3,4,2,178
3,4,3,4,2,178
3,4,3,4,3,178
3,4,3,4,3,178
3,4,2,4,4,178
4,4,2,4,4,178
4,4,3,4,4,178
4,4,3,5,4,178
5,4,3,5,4,178
5,4,2,5,5,178
5,4,2,4,6,178
5,4,3,4,6,178
5,4,3,3,6,178
5,4,3,3,6,178
5,4,3,3,6,178
5,4,4,3,6,178
5,4,4,3,6,178
6,4,4,3,6,178
7,4,4,3,6,178
6,4,4,3,6,178
6,3,4,3,6,178
6,3,4,3,6,178
6,4,4,2,6,178
6,4,4,2,7,178
6,4,4,2,7,178
6,4,4,2,8,178
6,4,4,2,8,178
6,4,4,2,8,178
6,3,4,2,9,178
6,3,4,3,9,178
6,3,4,3,9,178
6,3,5,3,9,178
6,4,5,3,9,178
6,4,5,4,9,178
7,4,5,4,9,178
7,4,5,4,9,178
7,4,5,4,10,178
8,4,5,4,9,178
8,4,5,4,9,178
8,4,5,4,9,178
9,4,5,3,9,178
10,4,5,3,9,178
10,5,5,3,9,178
10,5,5,3,10,178
10,4,5,3,10,178
11,4,5,3,10,178
11,4,5,3,10,178
11,4,5,3,10,178
11,4,5,3,10,178
11,5,5,3,10,178
11,5,5,3,10,178
11,5,5,4,10,178
11,5,5,4,10,178
11,5,5,4,10,178
12,5,5,4,10,178
11,6,5,4,10,178
11,7,5,4,10,178
11,7,5,5,10,178
11,7,5,5,10,178
12,7,5,5,9,178
12,8,5,5,9,178
12,9,5,4,9,178
12,9,5,4,10,178
13,8,5,4,10,178
13,8,5,4,10,178
13,8,5,4,10,178
13,8,5,4,10,178
13,8,5,4,10,178
13,9,5,4,9,178
13,8,5,5,9,178
13,8,5,5,9,178
14,8,5,5,9,178
14,8,5,5,9,178
14,8,5,6,9,178
14,8,5,6,9,178
14,8,5,6,9,178
0,0,0,0,0,179
0,1,0,0,0,179
0,1,0,0,1,179
0,2,0,0,1,179
0,2,0,0,1,179
0,2,0,0,2,179
0,2,1,0,2,179
0,2,1,1,2,179
0,2,1,1,2,179
0,2,1,1,2,179
0,2,1,1,3,179
0,2,1,1,3,179
0,2,1,1,3,179
0,2,1,1,3,179
0,2,1,1,3,179
0,2,1,1,3,179
1,2,1,1,3,179
0,0,0,0,0,180
0,0,1,0,0,180
0,1,1,0,0,180
0,1,1,0,0,180
0,2,1,0,0,180
0,2,1,0,0,180
1,2,1,0,0,180
1,2,1,1,0,180
1,3,1,1,0,180
1,3,1,1,0,180
1,3,1,1,1,180
1,3,2,1,1,180
1,3,2,1,1,180
2,3,2,1,1,180
3,3,2,1,1,180
3,3,2,1,1,180
3,3,2,1,1,180
3,3,2,1,1,180
3,3,2,1,1,180
3,3,2,1,1,180
3,3,2,1,1,180
3,3,3,1,1,180
3,3,3,1,1,180
3,3,3,1,2,180
3,3,3,2,2,180
3,3,3,2,3,180
3,3,3,2,3,180
4,3,3,2,3,180
4,3,3,2,3,180
5,3,3,2,3,180
5,3,3,2,3,180
5,3,4,2,3,180
5,3,4,2,4,180
5,3,4,2,5,180
5,3,4,2,5,180
6,3,4,2,5,180
6,3,4,2,5,180
6,3,4,2,5,180
6,3,4,2,6,180
6,3,4,2,6,180
5,3,4,2,6,180
5,3,4,3,6,180
5,3,5,3,6,180
5,3,5,3,6,180
5,3,5,3,7,180
5,3,5,3,7,180
5,4,5,3,7,180
5,4,5,3,7,180
5,4,5,3,7,180
5,4,5,3,7,180
5,4,5,3,7,180
5,4,5,3,8,180
5,4,5,3,8,180
5,4,5,4,8,180
5,4,5,4,8,180
5,4,5,4,9,180
5,4,5,4,9,180
5,4,5,4,9,180
5,4,5,4,9,180
5,4,6,3,9,180
5,4,6,3,8,180
5,4,6,3,8,180
5,4,6,3,8,180
5,4,6,3,8,180
5,4,6,3,8,180
5,5,6,3,8,180
5,5,6,3,8,180
5,5,6,3,8,180
5,5,6,3,8,180
5,5,6,3,8,180
5,5,6,3,8,180
5,5,5,3,8,180
5,5,5,3,8,180
5,5,5,3,8,180
5,5,5,3,8,180
5,5,5,3,8,180
5,5,5,3,9,180
5,5,5,3,9,180
5,5,5,3,9,180
5,5,5,3,9,180
5,5,5,3,9,180
5,5,5,3,10,180
5,5,5,3,10,180
5,5,5,3,10,180
5,5,5,3,10,180
5,5,4,3,10,180
5,4,5,3,10,180
5,4,5,3,10,180
5,4,5,3,10,180
5,4,5,3,10,180
5,4,5,3,10,180
5,4,5,3,10,180
5,4,5,3,10,180
5,4,5,3,10,180
5,5,5,3,10,180
5,5,5,3,10,180
5,5,5,3,10,180
5,6,5,3,10,180
5,6,5,3,10,180
5,6,5,3,10,180
0,0,0,0,0,181
0,0,0,0,1,181
0,0,0,0,1,181
0,0,0,0,1,181
0,0,0,0,2,181
0,0,0,0,3,181
1,0,0,0,3,181
2,0,0,0,3,181
2,0,0,0,3,181
2,0,0,1,3,181
2,1,0,1,3,181
2,1,0,1,3,181
2,1,0,1,3,181
2,1,0,1,3,181
2,2,0,1,3,181
2,2,0,1,3,181
2,2,0,1,3,181
2,2,0,1,3,181
2,2,0,1,3,181
2,2,0,1,3,181
2,2,0,1,3,181
2,2,0,1,3,181
2,2,0,1,3,181
2,2,0,1,3,181
2,2,0,1,3,181
2,2,0,1,3,181
2,2,0,1,3,181
2,2,0,1,3,181
2,2,0,1,3,181
2,2,0,1,3,181
2,2,0,1,3,181
2,2,0,1,3,181
2,2,0,1,3,181
2,2,0,1,3,181
2,2,0,1,3,181
2,2,0,1,3,181
2,2,0,1,3,181
2,2,0,1,3,181
2,2,0,1,3,181
2,2,0,1,3,181
2,2,0,1,3,181
2,2,0,1,3,181
2,2,0,1,3,181
2,2,0,1,3,181
2,2,0,1,3,181
2,2,0,1,3,181
2,2,0,1,3,181
2,2,0,1,3,181
2,2,0,1,3,181
2,2,0,1,3,181
2,2,0,1,3,181
2,2,0,1,3,181
2,2,0,1,3,181
2,2,0,1,3,181
2,2,0,1,3,181
2,2,0,1,3,181
2,2,0,1,3,181
2,2,0,1,3,181
2,2,0,1,3,181
2,2,0,1,3,181
2,2,0,1,3,181
2,2,0,1,3,181
2,2,0,1,3,181
2,2,0,1,3,181
2,2,0,1,3,181
2,2,0,1,3,181
2,2,0,1,3,181
2,2,0,1,3,181
2,2,0,1,3,181
2,2,0,1,3,181
2,2,0,1,3,181
2,2,0,1,3,181
2,2,0,1,3,181
2,2,0,1,3,181
2,2,0,1,3,181
2,2,0,1,3,181
2,2,0,1,3,181
2,2,0,1,3,181
2,2,0,1,3,181
2,2,0,1,3,181
2,2,0,1,3,181
2,2,0,1,3,181
2,2,0,1,3,181
2,2,0,1,3,181
2,2,0,1,3,181
2,2,0,1,3,181
2,2,0,1,3,181
2,2,0,1,3,181
2,2,0,1,3,181
2,2,0,1,3,181
2,2,0,1,3,181
2,2,0,1,3,181
2,2,0,1,3,181
2,2,0,1,3,181
2,2,0,1,3,181
2,2,0,1,3,181
2,2,0,1,3,181
2,2,0,1,3,181
2,2,0,1,3,181
2,2,0,1,3,181
0,0,0,0,0,182
0,0,1,0,0,182
0,0,1,0,0,182
0,0,1,0,0,182
0,0,1,0,0,182
0,1,1,0,0,182
0,1,1,0,0,182
0,1,1,1,0,182
0,1,1,1,0,182
1,1,1,1,0,182
2,1,1,1,0,182
2,1,1,1,1,182
2,1,1,1,1,182
3,1,1,1,1,182
3,1,1,1,1,182
3,1,1,1,1,182
3,1,2,1,1,182
3,2,2,1,1,182
3,1,2,1,2,182
3,1,2,1,3,182
3,2,2,1,3,182
3,2,2,1,3,182
3,2,2,1,3,182
3,2,2,1,3,182
3,2,2,1,4,182
3,2,2,1,4,182
3,2,2,1,4,182
3,2,2,1,4,182
3,2,2,1,4,182
3,3,2,1,4,182
3,3,2,1,4,182
3,3,2,0,4,182
3,3,2,0,4,182
3,2,2,1,4,182
3,2,2,2,4,182
3,2,2,2,4,182
3,2,3,2,4,182
3,2,3,2,5,182
4,2,3,2,5,182
4,2,3,2,5,182
4,2,4,2,5,182
5,2,4,2,5,182
5,2,5,2,5,182
6,2,5,2,5,182
7,2,5,2,4,182
7,2,5,2,4,182
7,2,6,2,4,182
7,2,6,2,5,182
7,2,6,2,5,182
7,2,6,2,6,182
8,2,6,2,6,182
8,2,6,2,6,182
8,2,6,2,6,182
8,2,6,2,7,182
8,2,6,3,6,182
8,3,6,3,6,182
7,3,6,4,6,182
7,3,7,4,6,182
7,3,7,4,6,182
7,3,8,4,6,182
7,3,8,4,7,182
8,3,8,3,7,182
8,3,8,3,7,182
8,4,8,3,7,182
8,5,8,3,7,182
8,5,8,3,7,182
8,4,8,3,8,182
8,4,8,3,8,182
8,4,8,3,8,182
9,4,8,3,7,182
9,4,8,3,7,182
9,4,8,3,8,182
9,4,8,3,8,182
9,4,8,3,8,182
9,4,8,3,8,182
9,4,8,3,9,182
9,4,9,3,9,182
9,4,9,3,9,182
9,4,9,3,9,182
9,4,9,3,9,182
9,4,9,3,9,182
8,4,9,3,10,182
8,4,9,3,10,182
8,4,9,3,10,182
9,4,9,3,10,182
9,4,9,3,10,182
9,4,9,3,10,182
9,4,9,3,10,182
9,4,9,3,10,182
9,5,9,3,9,182
9,5,9,3,10,182
9,5,9,3,9,182
9,5,9,3,9,182
10,5,9,3,9,182
10,5,9,3,9,182
10,5,8,3,9,182
10,5,8,3,9,182
10,5,8,3,9,182
10,6,8,3,8,182
10,6,8,3,8,182
0,0,0,0,0,183
0,1,0,0,0,183
1,1,0,0,0,183
1,1,0,1,0,183
1,1,0,1,0,183
1,2,0,1,0,183
1,2,0,1,0,183
2,2,0,1,0,183
2,3,0,1,0,183
2,3,0,1,0,183
2,3,0,2,0,183
2,3,0,1,1,183
2,3,0,1,1,183
2,3,0,1,1,183
2,3,0,1,1,183
2,3,0,1,1,183
2,3,0,1,1,183
2,3,0,1,1,183
2,3,0,1,1,183
2,3,0,1,1,183
2,3,0,1,1,183
2,3,0,1,1,183
2,3,0,1,1,183
2,3,0,1,1,183
2,3,0,1,1,183
2,3,0,1,1,183
2,3,0,1,1,183
2,3,0,1,1,183
2,3,0,1,1,183
2,3,0,1,1,183
2,3,0,1,1,183
2,3,0,1,1,183
2,3,0,1,1,183
2,3,0,1,1,183
2,3,0,1,1,183
2,3,0,1,1,183
2,3,0,1,1,183
2,3,0,1,1,183
2,3,0,1,1,183
2,3,0,1,1,183
2,3,0,1,1,183
2,3,0,1,1,183
2,3,0,1,1,183
2,3,0,1,1,183
2,3,0,1,1,183
2,3,0,1,1,183
2,3,0,1,1,183
2,3,0,1,1,183
2,3,0,1,1,183
2,3,0,1,1,183
2,3,0,1,1,183
2,3,0,1,1,183
2,3,0,1,1,183
2,3,0,1,1,183
2,3,0,1,1,183
2,3,0,1,1,183
2,3,0,1,1,183
2,3,0,1,1,183
2,3,0,1,1,183
2,3,0,1,1,183
1,3,0,1,1,183
1,3,0,1,1,183
1,3,0,1,1,183
1,3,0,1,1,183
1,3,0,1,1,183
1,3,0,1,1,183
1,3,0,1,1,183
1,3,0,1,1,183
1,3,0,1,1,183
1,3,0,1,1,183
1,3,0,1,1,183
1,3,0,1,1,183
1,3,0,1,1,183
1,3,0,1,1,183
1,3,0,1,1,183
1,3,0,1,1,183
1,3,0,1,1,183
1,3,0,1,1,183
1,3,0,1,1,183
1,3,0,1,1,183
1,3,0,1,1,183
1,3,0,1,1,183
1,3,0,1,1,183
1,3,0,1,1,183
1,3,0,1,1,183
1,3,0,1,1,183
1,3,0,1,1,183
1,3,0,1,1,183
1,3,0,1,1,183
1,3,0,1,1,183
1,3,0,1,1,183
1,3,0,1,1,183
1,3,0,1,1,183
1,3,0,1,1,183
1,3,0,1,1,183
1,3,0,1,1,183
1,3,0,1,1,183
1,3,0,1,1,183
1,3,0,1,1,183
1,3,0,1,1,183
0,0,0,0,0,184
1,0,0,0,0,184
1,0,0,0,1,184
2,0,0,0,1,184
3,0,0,0,1,184
3,1,0,0,1,184
3,1,0,0,1,184
3,0,0,0,2,184
3,0,0,0,2,184
3,0,0,0,2,184
3,0,0,0,2,184
3,1,0,0,2,184
3,1,0,0,2,184
3,1,0,1,2,184
3,1,0,1,2,184
3,1,0,1,3,184
3,1,0,1,3,184
3,1,0,1,3,184
3,1,0,1,3,184
3,1,0,1,3,184
3,1,0,1,3,184
3,1,0,1,3,184
3,1,0,1,3,184
3,1,0,1,3,184
3,1,0,1,3,184
3,1,0,1,3,184
3,1,0,1,3,184
3,1,0,1,3,184
3,1,0,1,3,184
3,1,0,1,3,184
3,1,0,1,3,184
3,1,0,1,3,184
2,1,0,1,3,184
2,1,0,1,3,184
2,1,0,1,3,184
2,1,0,1,3,184
2,1,0,1,3,184
2,1,0,1,3,184
2,1,0,1,3,184
2,1,0,1,3,184
2,1,0,1,3,184
2,1,0,1,3,184
2,1,0,1,3,184
2,1,0,1,3,184
2,1,0,1,3,184
2,1,0,1,3,184
2,1,0,1,3,184
2,1,0,1,3,184
2,1,0,1,3,184
2,1,0,1,3,184
2,1,0,1,3,184
2,1,0,1,3,184
2,1,0,1,3,184
2,1,0,1,3,184
2,1,0,1,3,184
2,1,0,1,3,184
2,1,0,1,3,184
2,1,0,1,3,184
2,1,0,1,3,184
2,1,0,1,3,184
2,1,0,1,3,184
2,1,0,1,3,184
2,1,0,1,3,184
2,1,0,1,3,184
2,1,0,1,3,184
2,1,0,1,3,184
2,1,0,1,3,184
2,1,0,1,3,184
2,1,0,1,3,184
2,1,0,1,3,184
2,1,0,1,3,184
2,1,0,1,3,184
2,1,0,1,3,184
2,1,0,1,3,184
2,1,0,1,3,184
2,1,0,1,3,184
2,1,0,1,3,184
2,1,0,1,3,184
2,1,0,1,3,184
2,1,0,1,3,184
2,1,0,1,3,184
2,1,0,1,3,184
2,1,0,1,3,184
2,1,0,1,3,184
2,1,0,1,3,184
2,1,0,1,3,184
2,1,0,1,3,184
2,1,0,1,3,184
2,1,0,1,3,184
2,1,0,1,3,184
2,1,0,1,3,184
2,1,0,1,3,184
2,1,0,1,3,184
2,1,0,1,3,184
2,1,0,1,3,184
2,1,0,1,3,184
2,1,0,1,3,184
2,1,0,1,3,184
2,1,0,1,3,184
2,1,0,1,3,184
0,0,0,0,0,185
0,0,0,0,1,185
0,0,0,1,1,185
0,0,1,1,1,185
0,1,1,1,1,185
0,1,1,1,1,185
0,1,1,1,1,185
0,1,1,1,1,185
0,1,1,1,2,185
0,1,1,1,2,185
0,1,1,1,3,185
0,1,1,1,3,185
0,1,1,1,3,185
0,1,1,1,3,185
0,1,1,1,3,185
0,0,0,0,0,186
0,0,1,0,0,186
0,0,1,0,0,186
0,0,1,0,0,186
0,0,0,0,1,186
0,0,0,1,1,186
0,0,1,1,1,186
0,0,1,1,2,186
0,0,1,1,2,186
1,0,1,1,2,186
1,0,1,1,3,186
1,0,1,1,4,186
1,0,1,1,4,186
1,0,1,1,4,186
1,1,1,1,4,186
1,1,1,1,4,186
1,1,1,1,3,186
1,1,1,1,3,186
1,1,1,1,3,186
1,1,1,1,3,186
1,1,1,1,3,186
1,1,1,1,3,186
1,1,1,1,3,186
1,1,1,1,3,186
2,1,1,1,3,186
2,1,1,1,3,186
2,1,1,1,3,186
2,1,1,1,3,186
2,1,1,1,3,186
2,1,1,1,3,186
2,1,1,1,3,186
2,1,1,1,3,186
2,1,1,1,3,186
2,1,1,1,3,186
2,1,1,1,3,186
2,1,1,1,3,186
2,1,1,1,3,186
2,1,1,1,3,186
2,1,1,1,3,186
2,1,1,1,3,186
2,1,1,1,3,186
2,1,1,1,3,186
2,1,1,1,3,186
2,1,1,1,3,186
2,1,1,1,3,186
2,1,1,1,3,186
2,1,1,1,3,186
2,1,1,1,3,186
2,1,1,1,3,186
2,1,1,1,3,186
2,1,1,1,3,186
2,1,1,1,3,186
2,1,1,1,3,186
2,1,1,1,3,186
2,1,1,1,3,186
2,1,1,1,3,186
2,1,1,1,3,186
2,1,1,1,3,186
2,1,1,1,3,186
2,1,1,1,3,186
2,1,1,1,3,186
2,1,1,1,3,186
2,1,1,1,3,186
2,1,1,1,3,186
2,1,1,1,3,186
2,1,1,1,3,186
2,1,1,1,3,186
2,1,1,1,3,186
2,1,1,1,3,186
2,1,1,1,3,186
2,1,1,1,3,186
2,1,1,1,3,186
2,1,1,1,3,186
2,1,1,1,3,186
2,1,1,1,3,186
2,1,1,1,3,186
2,1,1,1,3,186
2,1,1,1,3,186
2,1,1,1,3,186
2,1,1,1,3,186
2,1,1,1,3,186
2,1,1,1,3,186
2,1,1,1,3,186
2,1,1,1,3,186
2,1,1,1,3,186
2,1,1,1,3,186
2,1,1,1,3,186
2,1,1,1,3,186
2,1,1,1,3,186
2,1,1,1,3,186
2,1,1,1,3,186
2,1,1,1,3,186
2,1,1,1,3,186
2,1,1,1,3,186
2,1,1,1,3,186
2,1,1,1,3,186
2,1,1,1,3,186
2,1,1,1,3,186
2,1,1,1,3,186
2,1,1,1,3,186
0,0,0,0,0,187
0,0,0,0,1,187
1,0,0,0,1,187
1,0,0,0,2,187
1,0,0,1,2,187
1,0,0,1,2,187
2,0,0,1,2,187
2,0,0,1,2,187
2,0,1,1,2,187
2,0,1,1,2,187
2,0,1,1,2,187
2,0,1,1,2,187
2,0,1,1,3,187
2,0,1,1,3,187
2,1,1,1,3,187
2,1,1,1,3,187
2,1,1,1,3,187
0,0,0,0,0,188
0,0,0,0,1,188
0,0,1,0,1,188
0,1,1,0,1,188
0,1,1,0,1,188
1,1,1,0,1,188
1,2,1,0,1,188
1,2,1,1,1,188
1,2,1,1,1,188
1,2,1,1,1,188
1,2,1,1,2,188
2,2,1,1,2,188
2,2,1,1,2,188
2,2,1,1,2,188
2,2,1,1,2,188
2,2,1,1,2,188
2,2,1,1,2,188
2,2,1,1,2,188
2,2,1,1,3,188
2,2,1,1,3,188
2,2,1,1,3,188
2,2,1,1,3,188
2,2,1,1,3,188
2,2,1,1,3,188
2,2,1,1,3,188
2,2,1,1,3,188
2,2,1,1,3,188
2,2,1,1,3,188
2,2,1,1,3,188
2,2,1,1,3,188
2,2,1,1,3,188
2,2,1,1,3,188
2,2,1,1,3,188
2,2,1,1,3,188
2,2,1,1,3,188
2,2,1,1,3,188
2,2,1,1,3,188
2,2,1,1,3,188
2,2,1,1,3,188
2,2,1,1,3,188
2,2,1,1,3,188
2,2,1,1,3,188
2,2,1,1,3,188
2,2,1,1,3,188
2,2,1,1,3,188
2,2,1,1,3,188
2,2,1,1,3,188
2,2,1,1,3,188
2,2,1,1,3,188
2,2,1,1,3,188
2,2,1,1,3,188
2,2,1,1,3,188
2,2,1,1,3,188
2,2,1,1,3,188
2,2,1,1,3,188
2,2,1,1,3,188
2,2,1,1,3,188
2,2,1,1,3,188
2,2,1,1,3,188
2,2,1,1,3,188
2,2,1,1,3,188
2,2,1,1,3,188
2,2,1,1,3,188
2,2,1,1,3,188
2,2,1,1,3,188
2,2,1,1,3,188
2,2,1,1,3,188
2,2,1,1,3,188
2,2,1,1,3,188
2,2,1,1,3,188
2,2,1,1,3,188
2,2,1,1,3,188
2,2,1,1,3,188
2,2,1,1,3,188
2,2,1,1,3,188
2,2,1,1,3,188
2,2,1,1,3,188
2,2,1,1,3,188
2,2,1,1,3,188
2,2,1,1,3,188
2,2,1,1,3,188
2,2,1,1,3,188
2,2,1,1,3,188
2,2,1,1,3,188
2,2,1,1,3,188
2,2,1,1,3,188
2,2,1,1,3,188
2,2,1,1,3,188
2,2,1,1,3,188
2,2,1,1,3,188
2,2,1,1,3,188
2,2,1,1,3,188
2,2,1,1,3,188
2,2,1,1,3,188
2,2,1,1,3,188
2,2,1,1,3,188
2,2,1,1,3,188
2,2,1,1,3,188
2,2,1,1,3,188
2,2,1,1,3,188
0,0,0,0,0,189
0,0,0,1,0,189
0,0,0,1,0,189
1,0,0,1,0,189
1,0,0,1,0,189
1,0,1,1,0,189
1,0,1,1,1,189
2,0,1,1,1,189
3,0,1,1,1,189
3,0,1,1,1,189
3,1,1,1,1,189
3,1,1,1,1,189
3,1,1,1,2,189
3,1,1,1,2,189
3,1,1,1,2,189
3,1,1,1,2,189
3,1,1,1,3,189
3,1,1,1,3,189
3,1,1,1,4,189
3,1,1,1,4,189
3,1,1,1,5,189
3,1,2,1,5,189
3,1,2,1,5,189
4,1,2,1,5,189
4,1,2,1,6,189
4,1,2,1,6,189
4,1,2,2,6,189
4,1,2,3,6,189
3,2,2,3,6,189
3,2,2,3,6,189
3,2,2,3,6,189
3,2,3,3,6,189
3,3,3,3,6,189
3,4,3,3,5,189
4,4,3,3,5,189
4,4,3,3,5,189
4,4,3,3,5,189
4,4,3,3,6,189
4,4,3,3,6,189
4,4,3,3,7,189
4,4,3,3,8,189
4,4,3,4,8,189
4,4,3,4,8,189
4,5,3,4,8,189
4,5,3,4,8,189
4,6,3,4,8,189
5,5,3,4,8,189
4,5,3,4,9,189
4,5,3,4,9,189
5,5,3,4,9,189
5,5,3,4,8,189
5,5,3,5,8,189
5,5,4,5,8,189
6,5,4,5,8,189
6,5,5,5,8,189
6,5,6,5,7,189
6,5,6,5,8,189
7,5,6,5,8,189
7,5,6,5,8,189
7,5,6,5,8,189
7,5,6,5,9,189
7,5,6,5,8,189
7,5,6,5,8,189
6,5,6,5,8,189
6,5,6,5,9,189
6,5,5,6,9,189
6,5,5,6,10,189
7,5,5,6,10,189
7,5,5,6,10,189
7,5,5,6,10,189
7,5,5,6,11,189
7,5,5,6,11,189
7,5,6,6,11,189
7,5,6,6,11,189
7,5,6,6,11,189
7,5,6,6,11,189
7,5,6,6,12,189
7,5,6,6,12,189
7,6,6,6,12,189
7,6,6,6,12,189
7,6,6,6,12,189
7,6,6,7,12,189
7,6,6,7,11,189
7,6,6,7,11,189
7,6,6,7,11,189
7,6,6,7,11,189
8,6,6,7,11,189
8,6,6,7,11,189
8,6,6,7,11,189
8,6,6,7,12,189
8,6,6,7,12,189
9,6,6,7,12,189
9,6,6,7,12,189
9,6,6,7,12,189
9,6,6,7,12,189
9,6,6,7,12,189
9,5,6,7,12,189
9,5,6,7,12,189
9,5,6,7,12,189
9,6,6,7,12,189
0,0,0,0,0,190
0,0,0,1,0,190
0,0,0,1,1,190
1,0,0,1,1,190
1,0,0,1,2,190
1,1,0,1,2,190
2,1,0,1,2,190
2,1,0,1,3,190
2,1,0,1,3,190
2,1,0,1,4,190
2,1,0,1,4,190
2,1,0,1,4,190
2,1,0,1,4,190
2,1,0,1,4,190
2,1,0,1,4,190
2,1,0,1,4,190
2,1,0,1,4,190
2,1,0,1,4,190
2,1,0,1,4,190
2,1,0,1,4,190
2,1,0,1,4,190
2,1,0,1,4,190
2,1,0,1,4,190
2,2,0,1,4,190
2,2,0,1,4,190
2,2,0,1,4,190
2,2,0,1,4,190
2,2,0,1,4,190
2,2,0,1,3,190
2,2,0,1,3,190
2,2,0,1,3,190
2,2,0,1,3,190
2,2,0,1,3,190
2,2,0,1,3,190
2,2,0,1,3,190
2,2,0,1,3,190
2,2,0,1,3,190
2,2,0,1,3,190
2,2,0,1,3,190
2,2,0,1,3,190
1,2,0,1,3,190
1,2,0,1,2,190
1,2,0,1,2,190
1,2,0,1,2,190
1,2,0,1,2,190
1,2,0,1,2,190
1,2,0,1,2,190
1,2,0,1,2,190
1,2,0,1,2,190
1,2,0,1,2,190
1,2,0,1,2,190
1,2,0,1,2,190
1,2,0,1,2,190
1,2,0,1,2,190
1,2,0,1,2,190
1,2,0,1,2,190
1,2,0,1,2,190
1,2,0,1,2,190
1,2,0,1,2,190
1,2,0,1,2,190
1,2,0,1,2,190
1,2,0,1,2,190
1,2,0,1,2,190
1,2,0,1,2,190
1,2,0,1,2,190
1,2,0,1,2,190
1,2,0,1,2,190
1,2,0,1,2,190
1,2,0,1,2,190
1,2,0,1,2,190
1,2,0,1,2,190
1,2,0,1,2,190
1,2,0,1,2,190
1,2,0,1,2,190
1,2,0,1,2,190
1,2,0,1,2,190
1,2,0,1,2,190
1,2,0,1,2,190
1,2,0,1,2,190
1,2,0,1,2,190
1,2,0,1,2,190
1,2,0,1,2,190
1,2,0,1,2,190
1,2,0,1,2,190
1,2,0,1,2,190
1,2,0,1,2,190
1,2,0,1,2,190
1,2,0,1,2,190
1,2,0,0,2,190
1,2,0,0,2,190
1,2,0,0,2,190
1,2,0,0,2,190
1,2,0,0,2,190
1,2,0,0,2,190
1,2,0,0,2,190
1,2,0,0,2,190
1,2,0,0,2,190
1,2,0,0,2,190
1,2,0,0,2,190
1,2,0,0,2,190
0,0,0,0,0,191
1,0,0,0,0,191
1,0,0,0,1,191
1,0,0,0,1,191
1,0,0,0,1,191
1,1,0,0,1,191
1,1,0,0,1,191
1,1,0,1,1,191
1,1,0,1,1,191
1,2,0,0,1,191
1,3,0,0,1,191
1,4,0,0,1,191
1,4,0,0,1,191
1,4,0,0,1,191
1,4,0,0,1,191
1,4,0,0,1,191
1,4,0,0,1,191
1,4,0,0,1,191
1,4,0,0,1,191
1,4,0,0,1,191
1,4,0,0,1,191
1,4,0,0,1,191
1,4,0,0,1,191
1,4,0,0,1,191
1,4,0,0,1,191
1,4,0,0,1,191
1,4,0,0,1,191
1,4,0,0,1,191
1,4,0,0,1,191
1,4,0,0,1,191
1,4,0,0,1,191
1,4,0,0,1,191
1,4,0,0,1,191
1,4,0,0,1,191
1,4,0,0,1,191
1,4,0,0,1,191
1,4,0,0,1,191
1,4,0,0,1,191
1,4,0,0,1,191
1,4,0,0,1,191
1,4,0,0,1,191
1,4,0,0,1,191
1,4,0,0,1,191
1,4,0,0,1,191
1,4,0,0,1,191
1,4,0,0,1,191
1,4,0,0,1,191
1,4,0,0,1,191
1,4,0,0,1,191
1,4,0,0,1,191
1,4,0,0,1,191
1,4,0,0,1,191
1,4,0,0,1,191
1,4,0,0,1,191
1,4,0,0,1,191
1,4,0,0,1,191
1,4,0,0,1,191
1,4,0,0,1,191
1,4,0,0,1,191
1,4,0,0,1,191
1,4,0,0,1,191
1,4,0,0,1,191
1,4,0,0,1,191
1,4,0,0,1,191
1,4,0,0,1,191
1,4,0,0,1,191
1,4,0,0,1,191
1,4,0,0,1,191
1,4,0,0,1,191
1,4,0,0,1,191
1,4,0,0,1,191
1,4,0,0,1,191
1,4,0,0,1,191
1,4,0,0,1,191
1,4,0,0,1,191
1,4,0,0,1,191
1,4,0,0,1,191
1,4,0,0,1,191
1,4,0,0,1,191
1,4,0,0,1,191
1,4,0,0,1,191
1,4,0,0,1,191
1,4,0,0,1,191
1,4,0,0,1,191
1,4,0,0,1,191
1,4,0,0,1,191
1,3,0,0,1,191
1,3,0,0,1,191
1,3,0,0,1,191
1,3,0,0,1,191
1,3,0,0,1,191
1,3,0,0,1,191
1,3,0,0,1,191
1,3,0,0,1,191
1,3,0,0,1,191
1,3,0,0,1,191
1,3,0,0,1,191
1,3,0,0,1,191
1,3,0,0,1,191
1,3,0,0,1,191
0,0,0,0,0,192
0,0,0,1,0,192
1,0,0,1,0,192
1,0,0,1,0,192
1,0,0,1,1,192
1,0,1,1,1,192
1,0,1,1,1,192
2,0,1,1,1,192
2,0,1,1,2,192
2,0,1,1,2,192
2,0,1,1,2,192
2,0,1,1,2,192
2,0,1,1,2,192
2,1,1,1,2,192
2,1,1,1,2,192
2,1,1,1,2,192
2,1,1,1,2,192
2,1,1,1,2,192
2,1,1,1,2,192
2,1,1,1,2,192
2,1,1,1,2,192
2,1,1,1,2,192
2,1,1,1,2,192
2,1,1,1,2,192
2,1,1,1,2,192
2,1,1,1,2,192
2,1,1,1,2,192
2,1,1,1,2,192
2,1,1,1,2,192
2,1,1,1,2,192
2,1,1,1,2,192
2,1,1,1,2,192
2,1,1,1,2,192
2,1,1,1,2,192
2,1,1,1,2,192
2,1,1,1,2,192
2,1,1,1,2,192
2,1,1,1,1,192
2,1,1,1,1,192
2,1,1,1,1,192
2,1,1,1,1,192
2,1,1,1,1,192
2,1,1,1,1,192
2,1,1,1,1,192
2,1,1,1,1,192
2,1,1,1,1,192
2,1,1,1,1,192
2,1,1,1,1,192
2,1,1,1,1,192
2,1,1,1,1,192
2,1,1,1,1,192
2,1,1,1,1,192
2,1,1,1,1,192
2,1,1,1,1,192
2,1,1,1,1,192
2,1,1,1,1,192
2,1,1,1,1,192
2,1,1,1,1,192
2,1,1,1,1,192
2,1,1,1,1,192
2,1,1,1,1,192
2,1,1,1,1,192
2,1,1,1,1,192
2,1,1,1,1,192
2,1,1,1,1,192
2,1,1,1,1,192
2,1,1,1,1,192
2,1,1,1,1,192
2,1,1,1,1,192
2,1,1,1,1,192
2,1,1,1,1,192
2,1,1,1,1,192
2,1,1,1,1,192
2,1,1,1,1,192
2,1,1,1,1,192
2,1,1,1,1,192
2,1,1,1,1,192
2,1,1,1,1,192
2,1,1,1,1,192
2,1,1,1,1,192
2,1,1,1,1,192
2,1,1,1,1,192
2,1,0,1,1,192
2,1,0,1,1,192
2,1,0,1,1,192
2,1,0,1,1,192
2,1,0,1,1,192
2,1,0,1,1,192
2,1,0,1,1,192
2,1,0,1,1,192
2,1,0,1,1,192
2,1,0,1,1,192
2,1,0,1,1,192
2,1,0,1,1,192
2,1,0,1,1,192
2,1,0,1,1,192
2,1,0,1,1,192
2,1,0,1,1,192
2,1,0,1,1,192
2,1,0,1,1,192
0,0,0,0,0,193
0,0,0,1,0,193
0,0,0,1,0,193
0,0,0,1,0,193
0,0,0,1,0,193
0,0,0,1,0,193
0,0,0,1,1,193
0,0,0,1,1,193
0,0,1,1,1,193
0,0,1,1,1,193
0,1,1,1,1,193
0,1,1,1,1,193
1,1,1,1,1,193
1,1,1,1,2,193
1,1,1,1,1,193
1,1,1,1,1,193
1,1,1,1,1,193
1,2,1,1,1,193
1,2,1,1,1,193
1,2,1,1,1,193
1,2,1,1,1,193
1,2,1,1,1,193
1,3,1,1,1,193
1,3,1,1,2,193
1,3,1,1,2,193
1,3,1,1,2,193
1,3,1,2,2,193
2,3,1,2,2,193
2,3,1,2,2,193
2,3,1,2,2,193
2,3,1,2,2,193
2,3,1,2,3,193
3,3,1,2,3,193
3,3,1,2,3,193
3,3,1,2,4,193
3,3,1,2,4,193
3,3,1,2,4,193
3,3,1,2,3,193
3,3,1,2,3,193
3,3,1,2,3,193
3,3,1,2,3,193
3,3,1,3,3,193
3,3,1,3,3,193
3,3,1,3,3,193
3,3,1,3,3,193
3,3,1,3,3,193
3,3,1,3,3,193
3,4,1,3,3,193
2,4,1,3,4,193
2,4,1,3,4,193
2,4,1,3,5,193
2,4,1,3,6,193
2,4,1,3,6,193
2,3,1,3,6,193
2,3,2,3,6,193
2,3,2,4,6,193
2,3,2,4,6,193
2,3,2,4,5,193
2,3,2,4,5,193
2,4,2,4,5,193
2,4,2,5,5,193
2,4,2,5,5,193
2,4,2,5,5,193
1,5,2,5,5,193
1,5,2,5,5,193
1,5,2,5,5,193
1,5,2,5,5,193
1,5,2,5,5,193
1,5,2,5,5,193
1,5,2,6,5,193
1,5,2,6,5,193
1,5,2,6,5,193
1,5,2,6,6,193
1,5,2,6,6,193
1,5,2,6,6,193
1,5,2,6,6,193
1,5,2,6,7,193
1,5,2,6,7,193
1,5,2,6,7,193
2,5,2,6,7,193
2,5,2,6,7,193
2,5,2,6,7,193
3,5,2,6,7,193
3,5,2,6,8,193
3,5,2,6,8,193
3,5,2,6,8,193
3,5,2,6,8,193
3,5,2,6,8,193
3,5,2,6,8,193
3,5,2,6,8,193
3,5,2,6,8,193
3,5,2,6,8,193
3,5,2,6,8,193
3,6,2,6,8,193
3,6,2,6,8,193
3,6,2,6,8,193
3,6,2,6,8,193
3,6,2,5,8,193
3,6,2,5,9,193
3,6,2,5,9,193
0,0,0,0,0,194
0,0,0,0,0,194
0,1,0,0,0,194
1,1,0,0,0,194
1,1,0,0,0,194
2,1,0,0,0,194
2,2,0,0,0,194
2,2,0,1,0,194
2,2,0,1,1,194
2,2,0,1,1,194
2,2,0,2,1,194
2,2,0,2,1,194
2,3,0,2,1,194
2,3,0,2,1,194
2,3,0,2,1,194
2,3,0,2,1,194
2,3,0,2,1,194
2,3,0,2,1,194
2,3,0,2,1,194
2,3,0,2,1,194
2,3,0,2,1,194
2,3,0,2,1,194
2,3,0,2,1,194
2,3,0,2,1,194
2,3,0,2,1,194
2,3,0,2,1,194
2,3,0,2,1,194
2,3,0,2,1,194
2,3,0,2,1,194
2,3,0,2,1,194
2,2,0,2,1,194
2,2,0,2,1,194
2,2,0,2,1,194
2,2,0,2,1,194
2,2,0,2,1,194
2,2,0,2,1,194
2,2,0,2,1,194
2,2,0,2,1,194
2,2,0,2,1,194
2,2,0,2,1,194
2,2,0,2,1,194
2,2,0,2,1,194
2,2,0,2,1,194
2,2,0,2,1,194
2,2,0,2,1,194
2,2,0,2,1,194
2,2,0,2,1,194
2,2,0,2,1,194
2,2,0,2,1,194
2,2,0,2,1,194
2,2,0,2,1,194
2,2,0,2,1,194
2,2,0,2,1,194
2,2,0,2,1,194
2,2,0,2,1,194
2,2,0,2,1,194
2,2,0,2,1,194
2,2,0,2,1,194
2,2,0,2,1,194
2,2,0,2,1,194
2,1,0,2,1,194
2,1,0,2,1,194
2,1,0,2,1,194
2,1,0,2,1,194
2,1,0,2,1,194
2,1,0,2,1,194
2,1,0,2,1,194
2,1,0,2,1,194
2,1,0,2,1,194
2,1,0,2,1,194
2,1,0,2,1,194
2,1,0,2,1,194
2,1,0,2,1,194
2,1,0,2,1,194
2,1,0,2,1,194
2,1,0,2,1,194
2,1,0,2,1,194
2,1,0,2,1,194
2,1,0,2,1,194
2,1,0,2,1,194
2,1,0,2,1,194
2,1,0,2,1,194
2,1,0,2,1,194
2,1,0,2,1,194
2,1,0,2,1,194
2,1,0,2,1,194
2,1,0,2,1,194
2,1,0,2,1,194
2,1,0,2,1,194
2,1,0,2,1,194
2,1,0,2,1,194
2,1,0,2,1,194
2,1,0,2,1,194
2,1,0,2,1,194
2,1,0,2,1,194
2,1,0,2,1,194
2,1,0,2,1,194
2,1,0,2,1,194
2,1,0,2,1,194
2,1,0,2,1,194
0,0,0,0,0,195
0,1,0,0,0,195
0,1,0,1,0,195
0,2,0,1,0,195
0,2,0,1,0,195
0,3,0,1,0,195
0,3,1,1,0,195
0,3,1,1,0,195
0,3,1,1,0,195
0,3,1,1,0,195
0,3,1,1,1,195
0,3,1,1,1,195
0,3,1,1,1,195
1,3,1,1,1,195
2,3,1,1,1,195
2,3,1,1,1,195
2,3,1,1,2,195
3,3,1,1,2,195
3,3,1,1,2,195
3,3,1,1,2,195
3,3,1,1,2,195
3,3,1,1,2,195
4,3,1,1,2,195
4,3,1,1,2,195
5,3,1,1,2,195
5,3,1,1,2,195
5,3,1,1,2,195
5,3,1,1,3,195
5,3,1,1,3,195
5,3,1,2,3,195
5,4,1,2,3,195
5,4,1,2,3,195
5,5,1,1,3,195
5,5,1,2,3,195
6,5,1,2,3,195
6,5,1,2,3,195
6,5,1,1,4,195
6,6,1,1,4,195
6,7,1,1,4,195
6,7,1,1,4,195
6,6,1,1,4,195
6,6,1,1,4,195
6,6,1,1,4,195
7,6,1,1,4,195
7,7,1,1,4,195
7,7,1,2,4,195
7,7,1,2,4,195
7,7,1,2,4,195
7,7,1,3,4,195
7,7,1,2,4,195
7,7,1,2,5,195
6,7,2,2,5,195
6,8,2,2,5,195
7,8,2,2,5,195
7,8,3,2,5,195
7,8,3,2,5,195
7,8,3,2,5,195
7,8,3,2,5,195
7,9,3,2,5,195
7,9,3,2,5,195
7,9,3,2,5,195
7,9,4,2,5,195
7,9,4,2,5,195
7,9,4,2,5,195
7,9,4,2,5,195
7,9,4,2,5,195
8,9,4,2,5,195
8,9,4,2,5,195
8,8,4,2,6,195
8,8,4,2,6,195
8,8,4,2,7,195
8,8,4,2,7,195
8,8,4,2,7,195
8,8,4,2,8,195
8,8,4,2,8,195
8,8,4,2,8,195
8,8,4,2,8,195
8,8,4,2,8,195
8,8,4,2,8,195
8,8,4,2,8,195
8,8,4,2,8,195
8,8,4,2,8,195
8,8,4,2,8,195
8,8,4,2,9,195
8,8,4,2,9,195
8,8,4,2,9,195
8,8,4,2,9,195
8,8,4,3,9,195
8,8,4,3,9,195
8,8,4,3,9,195
8,7,4,3,9,195
7,7,4,3,9,195
7,7,4,4,9,195
7,7,4,4,9,195
7,7,4,4,9,195
7,7,4,4,9,195
8,7,4,4,9,195
8,7,4,4,9,195
8,7,4,4,9,195
8,8,4,4,9,195
0,0,0,0,0,196
0,0,0,1,0,196
0,0,0,1,0,196
1,0,0,1,0,196
1,0,0,1,0,196
1,1,0,1,0,196
1,1,0,1,1,196
2,1,0,1,1,196
2,1,0,1,2,196
3,1,0,1,1,196
3,1,0,1,1,196
3,1,0,1,2,196
3,1,0,1,2,196
3,1,0,1,2,196
3,1,0,1,2,196
3,1,0,1,2,196
3,1,0,1,2,196
3,1,0,1,2,196
3,1,0,1,2,196
3,1,0,1,2,196
3,1,0,1,2,196
3,1,0,1,2,196
3,1,0,1,2,196
3,1,0,1,2,196
3,1,0,1,2,196
3,1,0,1,2,196
3,1,0,1,2,196
3,1,0,1,2,196
3,1,0,1,2,196
3,1,0,1,2,196
3,1,0,1,2,196
3,1,0,1,2,196
3,1,0,1,2,196
3,1,0,1,2,196
3,1,0,1,2,196
3,1,0,1,2,196
3,2,0,1,2,196
3,2,0,1,2,196
3,2,0,1,2,196
3,2,0,1,2,196
3,2,0,1,2,196
3,2,0,1,2,196
3,2,0,1,2,196
3,2,0,1,2,196
3,2,0,1,2,196
3,2,0,1,2,196
3,2,0,1,2,196
3,2,0,1,2,196
3,2,0,1,2,196
3,2,0,1,2,196
3,2,0,1,2,196
3,2,0,1,2,196
3,2,0,1,2,196
3,2,0,1,2,196
3,2,0,1,2,196
3,2,0,1,2,196
3,2,0,1,2,196
3,2,0,1,2,196
3,2,0,1,2,196
3,2,0,1,2,196
3,2,0,1,2,196
3,2,0,1,2,196
3,2,0,1,2,196
3,2,0,1,2,196
3,2,0,1,2,196
3,2,0,1,2,196
3,2,0,1,2,196
3,2,0,1,2,196
3,2,0,1,2,196
3,2,0,1,2,196
3,2,0,1,2,196
3,2,0,1,2,196
3,2,0,1,2,196
3,2,0,1,2,196
3,2,0,1,2,196
3,2,0,1,2,196
3,2,0,1,2,196
3,2,0,1,2,196
3,2,0,1,2,196
3,2,0,1,2,196
3,2,0,1,2,196
3,2,0,1,2,196
3,2,0,1,2,196
3,2,0,1,2,196
3,2,0,1,2,196
3,2,0,1,2,196
3,2,0,1,2,196
3,2,0,1,2,196
3,2,0,1,2,196
3,2,0,1,2,196
3,2,0,1,2,196
3,2,0,1,2,196
3,2,0,1,2,196
3,2,0,1,2,196
3,2,0,1,2,196
3,2,0,1,2,196
3,2,0,1,2,196
3,2,0,1,2,196
3,2,0,1,2,196
3,2,0,1,2,196
0,0,0,0,0,197
0,0,0,1,0,197
1,0,0,1,0,197
1,1,0,1,0,197
1,1,0,1,0,197
1,1,0,2,0,197
1,1,0,2,0,197
2,1,0,2,0,197
2,1,0,2,0,197
2,1,0,2,1,197
2,1,0,2,1,197
2,1,0,2,1,197
2,2,0,2,1,197
2,2,0,2,1,197
2,2,0,2,1,197
2,2,0,2,1,197
2,3,0,2,1,197
2,3,0,2,1,197
2,3,0,2,1,197
2,3,0,2,1,197
2,3,0,2,1,197
2,3,0,2,1,197
2,3,0,2,1,197
2,3,0,2,1,197
2,3,0,2,1,197
2,3,0,2,1,197
2,3,0,2,1,197
2,3,0,2,1,197
2,3,0,2,1,197
2,3,0,2,1,197
2,3,0,2,1,197
2,3,0,2,1,197
2,3,0,2,1,197
2,3,0,2,1,197
2,3,0,2,1,197
2,3,0,2,1,197
2,3,0,2,1,197
2,3,0,2,1,197
2,3,0,2,1,197
2,3,0,2,1,197
2,3,0,2,1,197
2,3,0,2,1,197
2,3,0,2,1,197
2,3,0,2,1,197
1,3,0,2,1,197
1,3,0,2,1,197
1,3,0,2,1,197
1,3,0,2,1,197
1,3,0,2,1,197
1,3,0,2,1,197
1,3,0,2,1,197
1,3,0,2,1,197
1,3,0,2,1,197
1,3,0,2,1,197
1,3,0,2,1,197
1,3,0,2,1,197
1,3,0,2,1,197
1,3,0,2,1,197
1,3,0,2,1,197
1,3,0,2,1,197
1,3,0,2,1,197
1,3,0,2,1,197
1,3,0,2,1,197
1,3,0,2,1,197
1,3,0,2,1,197
1,3,0,2,1,197
1,3,0,2,1,197
1,3,0,2,1,197
1,3,0,2,1,197
1,3,0,2,1,197
1,3,0,2,1,197
1,3,0,2,1,197
1,3,0,2,1,197
1,3,0,2,1,197
1,3,0,2,1,197
1,3,0,2,1,197
1,3,0,2,1,197
1,3,0,2,1,197
1,3,0,2,1,197
1,3,0,2,1,197
1,3,0,2,1,197
1,3,0,2,1,197
1,3,0,2,1,197
1,3,0,2,1,197
1,3,0,2,1,197
1,3,0,2,1,197
1,3,0,2,1,197
1,3,0,2,1,197
1,3,0,2,1,197
1,3,0,2,1,197
1,3,0,2,1,197
1,3,0,2,1,197
1,3,0,2,1,197
1,3,0,2,1,197
1,3,0,2,1,197
1,3,0,2,1,197
1,3,0,2,1,197
1,3,0,2,1,197
1,3,0,2,1,197
1,3,0,2,1,197
0,0,0,0,0,198
0,0,0,1,0,198
1,0,0,1,0,198
1,0,0,1,0,198
1,1,0,1,0,198
1,1,0,1,0,198
2,1,0,1,0,198
3,1,0,1,0,198
3,1,0,1,1,198
3,1,0,2,1,198
3,1,0,2,1,198
3,1,0,2,1,198
3,1,0,2,1,198
3,1,0,2,1,198
3,1,0,2,1,198
3,1,0,2,1,198
3,1,0,2,1,198
3,1,0,2,1,198
3,1,0,2,2,198
3,1,0,2,2,198
3,1,0,2,2,198
3,1,0,2,2,198
3,1,0,2,2,198
3,1,0,2,2,198
3,1,0,2,2,198
3,1,0,2,2,198
3,1,0,2,2,198
3,1,0,2,2,198
3,1,0,2,2,198
3,1,0,2,2,198
3,1,0,2,2,198
3,1,0,2,2,198
3,1,0,2,2,198
3,1,0,2,2,198
3,1,0,2,2,198
3,1,0,2,2,198
3,1,0,2,2,198
3,1,0,2,2,198
3,1,0,2,2,198
3,1,0,2,2,198
3,1,0,2,2,198
3,1,0,2,2,198
3,1,0,2,2,198
3,1,0,2,2,198
3,1,0,2,2,198
3,1,0,2,2,198
3,1,0,2,2,198
3,1,0,2,2,198
3,1,0,2,2,198
3,1,0,2,2,198
3,1,0,2,2,198
3,1,0,2,2,198
3,1,0,2,2,198
3,1,0,2,2,198
3,1,0,2,2,198
3,1,0,2,2,198
3,1,0,2,1,198
3,1,0,2,1,198
3,1,0,2,1,198
3,1,0,2,1,198
3,1,0,2,1,198
3,1,0,2,1,198
3,1,0,2,1,198
3,1,0,2,1,198
3,1,0,2,1,198
3,1,0,2,1,198
3,1,0,2,1,198
3,1,0,2,1,198
3,1,0,2,1,198
3,1,0,2,1,198
3,1,0,2,1,198
3,1,0,2,1,198
3,1,0,2,1,198
3,1,0,2,1,198
3,1,0,2,1,198
3,1,0,2,1,198
3,1,0,2,1,198
3,1,0,2,1,198
3,1,0,2,1,198
3,1,0,2,1,198
3,1,0,2,1,198
3,1,0,2,1,198
3,1,0,2,1,198
3,1,0,2,1,198
3,1,0,2,1,198
3,1,0,2,1,198
3,1,0,2,1,198
3,1,0,2,1,198
3,1,0,2,1,198
3,1,0,2,1,198
3,1,0,2,1,198
3,1,0,2,1,198
3,1,0,2,1,198
3,1,0,2,1,198
3,1,0,2,1,198
3,1,0,2,1,198
3,1,0,2,1,198
3,1,0,2,1,198
3,1,0,2,1,198
3,1,0,2,1,198
0,0,0,0,0,199
0,1,0,0,0,199
0,1,1,0,0,199
0,1,1,0,1,199
0,2,1,0,1,199
0,3,1,0,1,199
1,3,1,0,1,199
1,3,1,0,1,199
1,3,2,0,1,199
1,3,2,1,1,199
1,3,2,1,1,199
1,3,2,1,2,199
1,3,2,1,2,199
2,3,2,1,2,199
2,3,2,1,2,199
2,3,2,1,2,199
2,3,2,1,3,199
2,3,2,1,3,199
2,3,2,1,3,199
2,3,2,1,3,199
2,3,2,1,3,199
2,3,2,1,3,199
2,3,2,1,3,199
2,3,2,1,3,199
2,3,2,1,3,199
2,3,2,1,3,199
2,3,2,1,3,199
2,3,2,1,3,199
2,3,2,1,3,199
2,3,2,1,4,199
2,3,2,1,4,199
2,3,2,1,4,199
2,3,2,1,4,199
2,3,2,1,4,199
2,3,2,1,4,199
2,3,2,1,4,199
2,3,2,1,4,199
3,3,2,1,3,199
3,3,2,1,3,199
3,3,2,1,3,199
3,3,2,1,3,199
3,3,2,1,3,199
3,3,2,1,4,199
3,3,2,1,4,199
3,3,2,1,4,199
3,3,2,1,4,199
3,3,2,1,4,199
3,3,2,1,4,199
3,3,2,1,4,199
3,3,2,1,4,199
3,3,2,1,4,199
3,3,2,1,4,199
4,3,2,0,4,199
4,3,2,0,4,199
4,3,2,0,4,199
4,3,2,0,4,199
4,3,2,0,4,199
4,3,2,0,4,199
4,3,2,0,4,199
4,3,2,0,4,199
4,3,2,0,4,199
4,3,2,0,4,199
4,3,2,0,4,199
4,3,2,0,4,199
4,3,2,0,4,199
4,3,2,0,4,199
4,3,2,0,4,199
4,3,2,0,4,199
4,3,2,0,4,199
4,3,2,0,4,199
4,3,2,0,4,199
4,3,2,0,4,199
4,3,2,0,4,199
4,3,2,0,4,199
4,3,2,0,4,199
4,3,2,0,4,199
4,3,2,0,4,199
4,3,2,0,4,199
4,3,2,0,4,199
4,3,2,0,4,199
4,3,2,0,4,199
4,3,2,0,4,199
4,3,2,0,4,199
4,3,2,0,4,199
4,3,2,0,4,199
4,3,2,0,4,199
4,3,2,0,4,199
4,3,2,0,4,199
4,3,2,0,4,199
4,3,2,0,4,199
4,3,2,0,4,199
4,3,2,0,4,199
4,3,2,0,4,199
4,3,2,0,4,199
4,3,2,0,4,199
4,3,2,0,4,199
4,3,2,0,4,199
4,3,2,0,4,199
4,3,2,0,4,199
4,3,2,0,4,199
0,0,0,0,0,200
0,1,0,0,0,200
0,2,0,0,0,200
0,2,1,0,0,200
0,2,1,1,0,200
0,2,1,1,1,200
0,2,1,1,1,200
0,2,1,1,1,200
0,2,1,1,1,200
0,3,1,1,1,200
0,3,1,1,1,200
0,3,1,1,1,200
0,3,1,1,1,200
0,3,1,1,1,200
0,3,1,1,1,200
0,3,1,1,2,200
0,3,1,1,2,200
1,3,1,1,2,200
2,3,1,1,2,200
2,3,1,1,2,200
2,3,1,1,2,200
3,3,1,1,2,200
3,3,1,1,3,200
3,3,1,1,4,200
3,4,1,1,4,200
4,4,1,1,4,200
4,4,1,1,4,200
4,4,1,1,4,200
4,4,1,1,4,200
4,4,1,1,4,200
4,4,1,1,4,200
3,4,1,1,5,200
3,4,1,1,5,200
3,4,1,1,5,200
3,4,1,1,5,200
3,4,1,1,5,200
3,4,1,1,5,200
3,4,1,1,5,200
3,4,1,1,5,200
3,4,1,1,5,200
3,4,1,1,5,200
3,4,1,1,5,200
4,4,1,1,5,200
4,4,1,1,5,200
4,4,1,1,5,200
4,4,1,1,5,200
4,4,1,1,6,200
4,4,1,1,6,200
4,4,1,1,6,200
4,4,1,1,6,200
4,4,1,1,6,200
4,4,1,1,6,200
4,4,1,1,6,200
4,4,1,1,6,200
4,4,1,1,6,200
4,4,1,1,6,200
4,4,1,1,6,200
4,4,1,1,6,200
4,4,1,1,6,200
4,4,1,1,6,200
4,4,1,1,5,200
4,4,1,1,5,200
4,4,1,1,5,200
4,4,1,1,6,200
4,4,1,1,6,200
4,4,1,1,6,200
4,4,1,1,6,200
4,4,1,1,6,200
4,4,1,1,6,200
4,4,1,1,6,200
4,4,1,1,6,200
4,4,1,1,6,200
4,4,1,1,6,200
4,4,1,1,6,200
4,4,1,1,6,200
4,4,1,1,6,200
4,4,1,1,6,200
4,4,1,1,6,200
4,4,1,1,6,200
4,4,1,1,6,200
4,4,1,1,6,200
4,4,1,1,6,200
4,4,1,1,6,200
4,4,1,1,6,200
4,4,1,1,6,200
4,4,1,1,6,200
4,4,1,1,6,200
4,4,1,1,6,200
4,4,1,1,6,200
4,4,1,1,6,200
4,4,1,1,6,200
4,4,1,1,6,200
4,4,1,1,6,200
4,4,1,1,6,200
4,4,1,1,6,200
4,4,1,1,6,200
4,4,1,1,6,200
4,4,1,1,6,200
4,4,1,1,6,200
4,4,1,1,6,200
