houses,farms,mines,lumber mills,latrines,run_id
0,0,0,0,0,1
0,0,0,0,0,1
1,0,0,0,0,1
1,0,0,0,1,1
2,0,0,0,1,1
2,0,0,1,1,1
2,0,0,1,1,1
2,1,0,1,1,1
3,1,0,1,1,1
3,1,0,1,1,1
3,1,0,1,1,1
3,1,0,1,2,1
3,1,0,1,3,1
3,1,0,1,3,1
3,1,0,1,3,1
3,1,0,1,3,1
3,1,0,1,3,1
3,1,0,1,3,1
3,1,0,1,3,1
3,1,0,1,3,1
3,1,0,1,3,1
3,1,0,1,3,1
3,1,0,1,3,1
3,1,0,1,3,1
3,1,0,1,3,1
3,1,0,1,3,1
3,1,0,1,3,1
3,1,0,1,3,1
3,1,0,1,3,1
3,1,0,1,3,1
3,1,0,1,3,1
3,1,0,1,3,1
3,1,0,1,3,1
3,1,0,1,3,1
3,1,0,1,3,1
3,1,0,1,3,1
3,1,0,1,3,1
3,1,0,1,3,1
3,1,0,1,3,1
3,1,0,1,3,1
3,1,0,1,3,1
3,1,0,1,3,1
3,1,0,1,3,1
3,1,0,1,3,1
3,1,0,1,3,1
3,1,0,1,3,1
3,1,0,1,3,1
3,1,0,1,3,1
3,1,0,1,3,1
2,1,0,1,3,1
2,1,0,1,3,1
2,1,0,1,3,1
2,1,0,1,3,1
2,1,0,1,3,1
2,1,0,1,3,1
2,1,0,1,3,1
2,1,0,1,3,1
2,1,0,1,3,1
2,1,0,1,3,1
2,1,0,1,3,1
2,1,0,1,3,1
2,1,0,1,3,1
2,1,0,1,3,1
2,1,0,1,3,1
2,1,0,1,3,1
2,1,0,1,3,1
2,1,0,1,3,1
2,1,0,1,3,1
2,1,0,1,3,1
2,1,0,1,3,1
2,1,0,1,3,1
2,1,0,1,3,1
2,1,0,1,3,1
2,1,0,1,3,1
2,1,0,1,3,1
2,1,0,1,3,1
2,1,0,1,3,1
2,1,0,1,3,1
2,1,0,1,3,1
2,1,0,1,3,1
2,1,0,1,3,1
2,1,0,1,3,1
2,1,0,1,3,1
2,1,0,1,3,1
2,1,0,1,3,1
2,1,0,1,3,1
2,1,0,1,3,1
2,1,0,1,3,1
2,1,0,1,3,1
2,1,0,1,3,1
2,1,0,1,3,1
2,1,0,1,3,1
2,1,0,1,3,1
2,1,0,1,3,1
2,1,0,1,3,1
2,1,0,1,3,1
2,1,0,1,3,1
2,1,0,1,3,1
2,1,0,1,3,1
2,1,0,1,3,1
0,0,0,0,0,2
0,0,0,0,0,2
0,0,0,1,0,2
0,0,0,0,1,2
0,1,0,0,1,2
1,1,0,0,1,2
1,1,0,1,1,2
2,1,0,1,1,2
2,1,0,1,2,2
3,1,0,1,2,2
3,1,0,1,2,2
3,1,0,1,2,2
3,1,0,1,2,2
3,1,0,1,2,2
3,1,0,1,2,2
3,2,0,1,2,2
3,2,0,1,2,2
3,2,0,1,2,2
3,2,0,1,2,2
3,2,0,1,2,2
3,2,0,1,2,2
3,2,0,1,2,2
3,2,0,1,2,2
3,2,0,1,2,2
3,2,0,1,2,2
3,2,0,1,2,2
3,2,0,1,2,2
3,2,0,1,2,2
3,2,0,1,2,2
3,2,0,1,2,2
3,2,0,1,2,2
3,2,0,1,2,2
2,2,0,1,2,2
2,2,0,1,2,2
2,2,0,1,2,2
2,2,0,1,2,2
2,2,0,1,2,2
2,2,0,1,2,2
2,2,0,1,2,2
2,2,0,1,2,2
2,2,0,1,2,2
2,2,0,1,2,2
2,2,0,1,2,2
2,2,0,1,2,2
2,2,0,1,2,2
2,2,0,1,2,2
2,2,0,1,2,2
2,2,0,1,2,2
2,2,0,1,2,2
2,2,0,1,2,2
2,2,0,1,2,2
2,2,0,1,2,2
2,2,0,1,2,2
2,2,0,1,2,2
1,2,0,1,2,2
1,2,0,1,2,2
1,2,0,1,2,2
1,2,0,1,2,2
1,2,0,1,2,2
1,2,0,1,2,2
1,2,0,1,2,2
1,2,0,1,2,2
1,2,0,1,2,2
1,2,0,1,2,2
1,2,0,1,2,2
1,2,0,1,2,2
1,2,0,1,2,2
1,2,0,1,2,2
1,2,0,1,2,2
1,2,0,1,2,2
1,2,0,1,2,2
1,2,0,1,2,2
1,2,0,1,2,2
1,2,0,1,2,2
1,2,0,1,2,2
1,2,0,1,2,2
1,2,0,1,2,2
1,2,0,1,2,2
1,2,0,1,2,2
1,2,0,1,2,2
1,2,0,1,2,2
1,2,0,1,2,2
1,2,0,1,2,2
1,2,0,1,2,2
1,2,0,1,2,2
1,2,0,1,2,2
1,2,0,1,2,2
1,2,0,1,2,2
1,2,0,1,2,2
1,2,0,1,2,2
1,2,0,1,2,2
1,2,0,1,2,2
1,2,0,1,2,2
1,2,0,1,2,2
1,2,0,1,2,2
1,2,0,1,2,2
1,2,0,1,2,2
1,2,0,1,2,2
1,2,0,1,2,2
1,2,0,1,2,2
0,0,0,0,0,3
0,0,0,1,0,3
0,0,1,1,0,3
0,0,1,1,0,3
0,0,1,1,1,3
0,1,1,1,1,3
0,1,1,1,1,3
0,1,1,1,1,3
0,1,1,1,1,3
0,1,1,1,1,3
0,1,1,1,1,3
0,1,1,1,1,3
0,1,1,1,1,3
0,1,1,1,2,3
0,2,1,1,2,3
0,2,1,1,2,3
0,2,1,1,2,3
0,2,1,1,2,3
0,2,1,1,2,3
0,2,1,1,2,3
0,2,1,1,2,3
0,2,1,1,2,3
0,2,1,1,2,3
0,2,1,1,2,3
1,1,1,1,2,3
1,1,1,1,2,3
1,1,1,1,2,3
1,1,1,1,2,3
1,1,1,1,2,3
1,1,1,1,2,3
1,1,1,1,2,3
1,1,1,1,2,3
1,1,1,1,2,3
1,1,1,1,2,3
1,1,1,1,2,3
1,1,1,1,2,3
1,1,1,1,2,3
1,1,1,1,2,3
1,1,1,1,2,3
1,1,1,1,2,3
1,1,1,1,2,3
1,1,1,1,2,3
1,1,1,1,2,3
1,1,1,1,2,3
1,1,1,1,2,3
1,1,1,1,2,3
1,1,1,1,2,3
1,1,1,1,2,3
1,1,1,1,2,3
1,1,1,1,2,3
1,1,1,1,2,3
1,1,1,1,2,3
1,1,1,1,2,3
1,1,1,1,2,3
1,1,1,1,2,3
1,1,1,1,2,3
1,1,1,1,2,3
1,1,1,1,2,3
1,1,1,1,2,3
1,1,1,1,2,3
1,1,1,1,2,3
1,1,1,1,2,3
1,1,1,1,2,3
1,1,1,1,2,3
1,1,1,1,2,3
1,1,1,1,2,3
0,0,0,0,0,4
0,0,0,0,0,4
0,0,0,0,0,4
0,0,0,1,0,4
0,0,0,1,1,4
1,0,0,1,1,4
1,0,0,1,1,4
1,0,0,1,1,4
1,0,0,1,2,4
1,0,0,1,3,4
1,0,0,1,3,4
1,0,0,1,4,4
1,0,0,1,4,4
1,0,0,1,4,4
1,1,0,1,4,4
1,1,0,1,4,4
2,1,0,1,4,4
2,1,0,1,4,4
2,1,0,1,4,4
2,1,0,1,4,4
2,1,0,1,4,4
2,1,0,1,4,4
2,1,0,1,4,4
2,1,0,1,4,4
2,1,0,1,4,4
2,1,0,1,4,4
2,1,0,1,4,4
2,1,0,1,4,4
2,1,0,1,4,4
2,1,0,1,4,4
2,1,0,1,4,4
2,1,0,1,3,4
1,1,0,1,3,4
1,1,0,1,3,4
1,1,0,1,3,4
1,1,0,1,3,4
1,1,0,1,3,4
1,1,0,1,3,4
1,1,0,1,3,4
1,1,0,1,3,4
1,1,0,1,3,4
1,1,0,1,3,4
1,1,0,1,3,4
1,1,0,1,3,4
0,1,0,1,3,4
0,1,0,1,3,4
0,1,0,1,3,4
0,1,0,1,3,4
0,1,0,1,3,4
0,1,0,1,3,4
0,1,0,1,3,4
1,1,0,1,3,4
1,1,0,1,3,4
1,1,0,1,3,4
1,1,0,1,3,4
1,1,0,1,3,4
1,1,0,1,3,4
1,1,0,1,3,4
1,1,0,1,3,4
1,1,0,1,3,4
1,1,0,1,3,4
1,1,0,1,3,4
1,1,0,1,3,4
1,1,0,1,3,4
1,1,0,1,3,4
1,1,0,1,3,4
1,1,0,1,3,4
1,1,0,1,3,4
1,1,0,1,3,4
1,1,0,1,3,4
1,1,0,1,3,4
1,1,0,1,3,4
1,1,0,1,3,4
1,1,0,1,3,4
1,1,0,1,3,4
1,1,0,1,3,4
1,1,0,1,3,4
1,1,0,1,3,4
1,1,0,1,3,4
1,1,0,1,3,4
1,1,0,1,3,4
1,1,0,1,3,4
1,1,0,1,3,4
1,1,0,1,3,4
1,1,0,1,3,4
1,1,0,1,3,4
1,1,0,1,3,4
1,1,0,1,3,4
1,1,0,1,3,4
1,1,0,1,3,4
1,1,0,1,3,4
1,1,0,1,3,4
1,1,0,1,3,4
1,1,0,1,3,4
1,1,0,1,3,4
1,1,0,1,3,4
1,1,0,1,3,4
1,1,0,1,3,4
1,1,0,1,3,4
1,1,0,1,3,4
0,0,0,0,0,5
1,0,0,0,0,5
1,0,1,0,0,5
1,0,1,1,0,5
1,0,1,1,0,5
1,0,1,1,0,5
1,0,1,1,0,5
2,0,1,1,0,5
2,0,1,1,0,5
2,0,1,1,1,5
2,0,1,1,1,5
2,1,1,1,1,5
2,1,1,1,1,5
2,2,1,1,1,5
2,2,1,1,1,5
2,2,1,1,1,5
2,2,0,1,1,5
2,2,0,1,1,5
2,2,0,1,1,5
2,2,0,1,1,5
2,2,0,1,1,5
2,2,0,1,1,5
2,2,0,1,1,5
2,2,0,1,1,5
2,2,0,1,1,5
2,2,0,1,1,5
2,2,0,1,1,5
2,2,0,1,1,5
2,2,0,1,1,5
2,2,0,1,1,5
2,2,0,1,1,5
2,2,0,1,1,5
2,2,0,1,1,5
2,2,0,1,1,5
2,2,0,1,1,5
2,2,0,1,1,5
2,2,0,1,1,5
2,2,0,1,1,5
2,2,0,1,1,5
2,2,0,1,1,5
2,2,0,1,1,5
2,2,0,1,1,5
2,2,0,1,1,5
2,2,0,1,1,5
2,2,0,1,1,5
2,2,0,1,1,5
2,2,0,1,1,5
2,2,0,1,1,5
2,2,0,1,1,5
2,2,0,1,1,5
2,2,0,1,1,5
2,2,0,1,1,5
2,2,0,1,1,5
2,2,0,1,1,5
2,2,0,1,1,5
2,2,0,1,1,5
2,2,0,1,1,5
2,2,0,1,1,5
2,2,0,1,1,5
2,2,0,1,1,5
2,2,0,1,1,5
2,2,0,1,1,5
2,2,0,1,1,5
2,2,0,1,1,5
2,2,0,1,1,5
2,2,0,1,1,5
2,2,0,1,1,5
2,2,0,1,1,5
2,2,0,1,1,5
2,2,0,1,1,5
2,2,0,1,1,5
2,2,0,1,1,5
2,2,0,1,1,5
2,2,0,1,1,5
2,2,0,1,1,5
2,2,0,1,1,5
2,2,0,1,1,5
2,2,0,1,1,5
2,2,0,1,1,5
2,2,0,1,1,5
2,2,0,1,1,5
2,2,0,1,1,5
2,2,0,1,1,5
2,2,0,1,1,5
2,2,0,1,1,5
2,2,0,1,1,5
2,2,0,1,1,5
2,2,0,1,1,5
2,2,0,1,1,5
2,2,0,1,1,5
2,2,0,1,1,5
2,2,0,1,1,5
2,2,0,1,1,5
2,2,0,1,1,5
2,2,0,1,1,5
2,2,0,1,1,5
2,2,0,1,1,5
2,2,0,1,1,5
2,2,0,1,1,5
2,2,0,1,1,5
0,0,0,0,0,6
0,0,1,0,0,6
0,0,1,1,0,6
0,0,1,1,0,6
0,0,1,1,0,6
1,0,1,1,0,6
2,0,1,1,0,6
2,0,1,1,1,6
2,0,1,1,1,6
2,0,1,1,2,6
3,0,1,1,2,6
3,1,1,1,2,6
3,1,1,1,3,6
3,1,1,1,3,6
3,1,1,1,3,6
3,1,1,1,3,6
3,2,1,1,3,6
3,2,1,1,3,6
3,2,2,1,3,6
3,2,2,1,3,6
3,2,2,1,3,6
3,3,2,1,3,6
3,3,2,1,3,6
3,3,2,1,3,6
3,3,2,1,4,6
3,3,2,1,4,6
3,3,2,1,4,6
3,3,2,1,4,6
3,3,3,1,4,6
3,3,3,1,4,6
3,3,3,1,4,6
3,3,3,1,4,6
3,3,2,2,4,6
3,3,2,2,5,6
3,3,2,2,5,6
3,3,2,2,6,6
3,3,2,2,7,6
3,3,2,2,8,6
3,3,2,2,8,6
3,3,2,2,8,6
3,3,2,2,8,6
3,3,3,2,8,6
3,3,4,2,7,6
3,3,4,2,7,6
3,4,4,2,7,6
4,4,4,2,7,6
4,4,4,2,7,6
4,4,4,2,7,6
4,5,4,2,7,6
4,5,4,2,7,6
4,5,4,2,7,6
4,5,4,2,7,6
4,5,4,2,7,6
4,5,5,2,7,6
4,5,5,3,7,6
4,5,5,3,7,6
4,5,5,3,7,6
4,5,5,3,7,6
4,5,5,3,7,6
4,5,5,3,7,6
5,5,5,3,7,6
5,6,5,3,7,6
5,6,5,4,7,6
5,6,5,4,7,6
5,7,5,4,7,6
5,7,5,4,7,6
5,7,5,4,7,6
5,8,5,4,7,6
5,7,5,4,7,6
5,6,5,4,8,6
4,6,5,5,8,6
4,6,5,5,8,6
4,6,5,4,8,6
4,6,6,4,8,6
4,6,6,4,8,6
5,6,6,4,8,6
6,6,6,4,8,6
6,6,6,4,8,6
6,6,6,5,8,6
6,6,6,5,8,6
6,6,7,5,8,6
6,6,8,4,8,6
6,6,8,4,8,6
6,6,8,4,8,6
6,6,8,4,8,6
6,7,8,4,8,6
6,6,8,4,8,6
5,6,9,4,8,6
6,6,8,4,8,6
6,7,8,4,8,6
7,7,7,4,8,6
7,7,7,4,8,6
8,7,7,4,8,6
8,7,7,4,8,6
8,7,7,4,9,6
8,7,7,5,9,6
8,7,7,5,9,6
8,7,6,5,9,6
8,8,6,5,9,6
8,8,6,5,9,6
0,0,0,0,0,7
0,1,0,0,0,7
0,1,0,0,0,7
0,1,1,0,0,7
0,1,1,0,1,7
0,2,1,0,1,7
0,3,1,0,1,7
0,3,1,0,1,7
0,3,1,1,1,7
0,3,1,1,1,7
1,3,1,1,1,7
1,3,1,1,1,7
1,3,1,1,1,7
1,3,1,1,2,7
1,3,1,1,2,7
1,3,1,1,2,7
1,4,1,1,2,7
1,4,1,1,3,7
1,4,1,1,3,7
1,4,1,1,3,7
1,4,1,1,3,7
1,4,1,1,3,7
1,4,1,1,3,7
1,4,1,1,3,7
1,4,1,1,3,7
1,4,1,1,3,7
1,4,1,1,3,7
1,4,1,1,3,7
1,4,1,1,4,7
2,4,1,1,4,7
2,4,1,1,4,7
2,4,1,1,4,7
2,4,1,1,4,7
2,4,1,1,4,7
2,4,1,1,4,7
2,4,1,1,4,7
2,4,1,1,4,7
3,4,1,1,4,7
3,4,1,1,4,7
3,4,1,1,4,7
3,4,1,1,4,7
3,4,1,1,4,7
3,4,1,1,4,7
3,4,1,1,4,7
3,4,1,1,4,7
3,4,1,1,4,7
3,4,1,1,4,7
3,4,1,1,4,7
3,4,1,1,5,7
3,4,1,1,5,7
3,4,1,1,5,7
3,4,1,1,5,7
3,4,1,1,5,7
3,4,1,1,6,7
3,4,1,1,6,7
3,4,1,1,6,7
3,4,1,1,6,7
3,4,1,1,6,7
3,4,1,1,6,7
3,4,1,1,6,7
3,4,1,1,6,7
3,4,1,1,6,7
3,4,1,1,6,7
3,4,1,1,6,7
3,4,1,1,6,7
3,4,1,1,6,7
3,4,1,1,6,7
3,4,1,1,6,7
3,4,1,1,6,7
3,4,1,1,6,7
3,4,1,1,6,7
3,4,1,1,6,7
3,4,1,1,6,7
3,4,1,1,6,7
3,4,1,1,6,7
3,4,1,1,6,7
3,4,1,1,6,7
3,4,1,1,6,7
3,4,1,1,6,7
3,4,1,1,6,7
3,4,1,1,6,7
3,4,1,1,6,7
3,4,1,1,6,7
3,4,1,1,6,7
3,4,1,1,6,7
2,4,1,1,6,7
2,4,1,1,6,7
2,4,1,1,6,7
2,4,1,1,6,7
2,4,1,1,6,7
2,4,1,1,6,7
2,4,1,1,6,7
2,4,1,1,6,7
2,4,1,1,6,7
2,4,1,1,6,7
2,4,1,1,6,7
2,4,1,1,6,7
2,4,1,1,6,7
2,4,1,1,6,7
2,4,1,1,6,7
0,0,0,0,0,8
1,0,0,0,0,8
1,0,0,0,0,8
1,0,0,0,0,8
1,1,0,0,0,8
1,1,0,1,0,8
1,1,0,1,0,8
1,1,1,1,0,8
1,1,1,1,0,8
1,1,1,1,0,8
1,1,1,1,0,8
1,2,1,1,0,8
1,2,1,1,0,8
1,2,1,1,0,8
1,2,1,1,0,8
2,2,1,1,0,8
2,2,1,1,0,8
2,3,1,1,0,8
2,3,0,1,0,8
2,3,0,1,1,8
2,3,0,1,1,8
3,3,0,1,1,8
3,4,0,1,1,8
3,4,0,1,1,8
3,4,0,2,1,8
3,4,0,2,2,8
3,4,0,2,2,8
3,4,0,2,2,8
3,4,0,2,2,8
3,4,0,2,2,8
3,4,0,2,2,8
3,4,0,2,2,8
3,4,0,2,2,8
3,4,0,2,2,8
3,4,0,2,2,8
3,4,0,2,2,8
3,4,0,2,2,8
3,4,0,2,2,8
3,4,0,2,2,8
3,4,0,2,2,8
3,4,0,2,2,8
3,4,0,2,2,8
3,4,0,2,2,8
3,4,0,2,2,8
3,4,0,2,2,8
3,4,0,2,2,8
3,4,0,2,2,8
3,4,0,2,2,8
3,4,0,2,2,8
3,4,0,2,2,8
3,4,0,2,2,8
3,4,0,2,2,8
3,4,0,2,2,8
3,4,0,2,2,8
3,4,0,2,2,8
3,4,0,2,2,8
3,3,0,2,2,8
3,3,0,2,2,8
3,3,0,2,2,8
3,3,0,2,2,8
3,3,0,2,2,8
3,3,0,2,2,8
3,3,0,2,2,8
3,3,0,2,2,8
3,3,0,2,2,8
3,3,0,2,2,8
3,3,0,2,2,8
3,3,0,2,2,8
3,3,0,2,2,8
3,3,0,2,2,8
3,3,0,2,2,8
3,2,0,2,2,8
3,2,0,2,2,8
3,2,0,2,2,8
3,2,0,2,2,8
3,2,0,2,2,8
3,2,0,2,2,8
3,2,0,2,2,8
3,2,0,2,2,8
3,2,0,2,2,8
3,2,0,2,2,8
3,2,0,2,2,8
3,2,0,2,2,8
3,2,0,2,2,8
3,2,0,2,2,8
3,2,0,2,2,8
3,2,0,2,2,8
3,2,0,2,2,8
3,1,0,2,2,8
3,1,0,2,2,8
3,1,0,2,2,8
3,1,0,2,2,8
3,1,0,2,2,8
3,1,0,2,2,8
3,1,0,2,2,8
3,1,0,2,2,8
3,1,0,2,2,8
3,1,0,2,2,8
3,1,0,2,2,8
3,1,0,2,2,8
0,0,0,0,0,9
0,0,0,0,1,9
0,0,0,1,1,9
1,0,0,1,1,9
1,0,0,1,1,9
1,1,0,1,1,9
1,1,1,1,1,9
2,1,1,1,1,9
2,1,1,1,1,9
2,1,1,1,1,9
2,2,1,1,1,9
2,2,1,1,1,9
2,2,1,1,1,9
2,2,1,1,2,9
2,2,2,1,2,9
2,2,2,2,1,9
2,2,1,2,2,9
2,2,1,2,2,9
2,2,1,3,2,9
2,2,2,3,2,9
3,2,2,3,2,9
3,2,2,4,2,9
3,3,2,4,2,9
3,4,2,4,1,9
4,4,2,4,1,9
4,5,2,3,1,9
4,4,3,3,1,9
5,3,3,3,1,9
5,3,3,3,1,9
5,3,3,4,1,9
5,3,3,5,1,9
5,3,3,5,1,9
5,3,3,5,1,9
5,3,3,6,1,9
5,4,3,6,1,9
4,4,3,6,1,9
5,4,3,5,1,9
5,4,3,5,2,9
5,4,3,5,3,9
5,4,4,5,3,9
5,3,4,5,3,9
5,3,5,5,3,9
6,3,5,5,3,9
6,3,5,5,3,9
6,3,6,5,3,9
6,3,5,6,3,9
6,3,5,7,3,9
6,3,5,7,3,9
7,3,5,7,3,9
7,3,5,7,3,9
7,3,5,7,4,9
7,3,5,7,5,9
7,4,5,7,5,9
7,4,5,8,5,9
7,4,6,8,5,9
7,4,6,8,5,9
6,4,6,8,6,9
6,4,6,8,6,9
6,4,6,8,6,9
6,4,6,8,7,9
6,4,6,8,7,9
7,4,6,8,6,9
7,5,6,8,5,9
7,5,6,8,6,9
7,5,6,8,6,9
7,5,6,8,6,9
8,5,6,8,6,9
8,5,6,8,6,9
7,6,6,8,6,9
7,6,6,8,6,9
8,6,6,8,6,9
8,6,7,8,6,9
8,7,7,8,6,9
8,7,7,8,6,9
8,6,7,8,6,9
8,6,7,8,6,9
8,6,7,8,6,9
8,7,6,8,6,9
8,7,6,8,6,9
8,7,6,8,6,9
8,7,6,8,6,9
8,7,6,8,6,9
8,7,6,8,7,9
9,7,6,8,7,9
9,6,6,8,7,9
9,6,7,8,7,9
9,6,7,8,7,9
9,7,7,8,6,9
9,7,7,7,7,9
9,7,7,7,8,9
9,7,7,7,8,9
9,7,7,7,8,9
9,7,7,7,8,9
10,7,7,6,8,9
10,6,7,6,9,9
10,6,7,7,8,9
10,5,7,8,8,9
9,5,7,8,8,9
10,5,7,8,8,9
10,4,8,8,8,9
0,0,0,0,0,10
0,1,0,0,0,10
0,2,0,0,0,10
0,2,0,0,1,10
0,2,0,0,1,10
0,2,0,1,1,10
0,2,0,1,1,10
1,1,0,1,1,10
1,1,1,1,1,10
1,1,1,1,2,10
1,2,1,1,2,10
2,2,1,1,2,10
2,2,1,1,2,10
2,2,1,1,2,10
2,2,1,1,2,10
2,2,1,1,2,10
2,2,1,1,2,10
2,2,1,1,2,10
2,2,1,0,3,10
2,2,1,0,3,10
2,2,1,0,3,10
2,2,1,0,3,10
2,2,1,0,3,10
2,2,1,0,3,10
2,2,1,0,3,10
2,2,1,0,3,10
2,2,1,0,3,10
2,2,1,0,3,10
2,2,1,0,3,10
2,2,1,0,3,10
2,2,1,0,3,10
2,2,1,0,3,10
2,2,1,0,3,10
2,2,1,0,3,10
2,2,1,0,3,10
2,2,1,0,3,10
2,2,1,0,3,10
2,2,1,0,3,10
2,2,1,0,3,10
2,2,1,0,3,10
2,2,1,0,3,10
2,2,1,0,3,10
2,2,1,0,3,10
2,2,1,0,3,10
2,2,1,0,3,10
2,2,1,0,3,10
2,2,1,0,3,10
2,2,1,0,3,10
2,2,1,0,3,10
2,2,1,0,3,10
2,2,1,0,3,10
2,2,1,0,3,10
2,2,1,0,3,10
2,2,1,0,3,10
2,2,1,0,3,10
2,2,1,0,3,10
2,2,1,0,3,10
2,2,1,0,3,10
2,2,1,0,3,10
2,2,1,0,3,10
2,2,1,0,3,10
2,2,1,0,3,10
2,2,1,0,3,10
2,2,1,0,3,10
2,2,1,0,3,10
2,2,1,0,3,10
2,2,1,0,3,10
2,2,1,0,3,10
2,2,1,0,3,10
2,2,1,0,3,10
2,2,1,0,3,10
2,2,1,0,3,10
2,2,1,0,3,10
2,2,1,0,3,10
2,2,1,0,3,10
2,2,1,0,3,10
2,2,1,0,3,10
2,2,1,0,3,10
2,2,1,0,3,10
2,2,1,0,3,10
2,2,1,0,3,10
2,2,1,0,3,10
2,2,1,0,3,10
2,2,1,0,3,10
2,2,1,0,3,10
2,2,1,0,3,10
2,2,1,0,3,10
2,2,1,0,3,10
2,2,1,0,3,10
2,2,1,0,3,10
2,2,1,0,3,10
2,2,1,0,3,10
2,2,1,0,3,10
2,2,1,0,3,10
2,2,1,0,3,10
2,2,1,0,3,10
2,2,1,0,3,10
2,2,1,0,3,10
2,2,1,0,3,10
2,2,1,0,3,10
0,0,0,0,0,11
1,0,0,0,0,11
1,0,0,0,1,11
1,0,0,0,2,11
2,0,0,0,2,11
2,1,0,0,2,11
2,1,0,0,3,11
2,1,0,1,3,11
2,1,0,1,3,11
2,1,0,1,3,11
2,1,0,1,3,11
3,1,0,1,3,11
3,1,0,1,3,11
3,1,0,1,3,11
3,1,0,1,3,11
3,1,0,1,3,11
3,1,0,1,3,11
3,1,0,1,3,11
3,1,0,1,3,11
3,1,0,1,3,11
3,1,0,1,3,11
3,1,0,1,3,11
3,1,0,1,3,11
3,1,0,1,3,11
3,1,0,1,3,11
3,1,0,1,3,11
3,1,0,1,3,11
3,1,0,1,3,11
3,1,0,1,3,11
3,1,0,1,3,11
3,1,0,1,3,11
3,1,0,1,3,11
3,1,0,1,3,11
3,1,0,1,3,11
3,1,0,1,3,11
3,1,0,1,3,11
3,1,0,1,3,11
3,1,0,1,3,11
3,1,0,1,3,11
3,1,0,1,3,11
3,1,0,1,3,11
3,1,0,1,3,11
3,1,0,1,3,11
3,1,0,1,3,11
3,1,0,1,3,11
3,1,0,1,3,11
3,1,0,1,3,11
3,1,0,1,3,11
3,1,0,1,3,11
3,1,0,1,3,11
3,1,0,1,3,11
3,1,0,1,3,11
3,1,0,1,3,11
3,1,0,1,3,11
3,1,0,1,3,11
3,1,0,1,3,11
3,1,0,1,3,11
3,1,0,1,3,11
3,1,0,1,3,11
3,1,0,1,3,11
3,1,0,1,3,11
3,1,0,1,3,11
3,1,0,1,2,11
3,1,0,1,2,11
3,1,0,1,2,11
3,1,0,1,2,11
3,1,0,1,2,11
3,1,0,1,2,11
3,1,0,1,2,11
3,1,0,1,2,11
3,1,0,1,2,11
3,1,0,1,2,11
3,1,0,1,2,11
3,1,0,1,2,11
3,1,0,1,2,11
3,1,0,1,2,11
3,1,0,1,2,11
3,1,0,1,2,11
3,1,0,1,2,11
3,1,0,1,2,11
3,1,0,1,2,11
3,1,0,1,2,11
3,1,0,1,2,11
3,1,0,1,2,11
3,1,0,1,2,11
3,1,0,1,2,11
3,1,0,1,2,11
3,1,0,1,2,11
3,1,0,1,2,11
3,1,0,1,2,11
3,1,0,1,2,11
3,1,0,1,2,11
3,1,0,1,2,11
3,1,0,1,2,11
3,1,0,1,2,11
3,1,0,1,2,11
3,1,0,1,2,11
3,1,0,1,2,11
3,1,0,1,2,11
3,1,0,1,2,11
0,0,0,0,0,12
0,0,1,0,0,12
0,0,0,0,1,12
0,0,0,0,2,12
0,0,0,0,2,12
0,0,0,1,2,12
0,0,0,1,2,12
0,1,0,1,2,12
0,1,0,1,2,12
1,1,0,1,2,12
1,2,0,1,2,12
1,2,0,1,2,12
1,2,0,1,2,12
1,2,0,1,2,12
1,2,0,1,2,12
1,2,0,1,2,12
1,2,0,1,2,12
1,2,0,1,2,12
1,2,0,1,2,12
1,2,0,1,2,12
1,2,0,1,2,12
1,2,0,1,2,12
1,2,0,1,2,12
1,2,0,1,2,12
1,2,0,1,2,12
1,2,0,1,2,12
1,2,0,1,2,12
1,2,0,1,2,12
1,2,0,1,2,12
1,2,0,1,2,12
1,2,0,1,2,12
1,2,0,1,2,12
1,2,0,1,2,12
1,2,0,1,2,12
1,2,0,1,2,12
1,2,0,1,2,12
1,2,0,1,2,12
1,2,0,1,2,12
1,2,0,1,2,12
1,2,0,1,2,12
1,2,0,1,2,12
1,2,0,1,2,12
1,2,0,1,2,12
1,2,0,1,2,12
1,2,0,1,2,12
1,2,0,1,2,12
1,2,0,1,2,12
1,2,0,1,2,12
1,2,0,1,2,12
1,2,0,1,2,12
1,2,0,1,2,12
1,2,0,1,2,12
1,2,0,1,2,12
1,2,0,1,2,12
1,2,0,1,2,12
1,2,0,1,2,12
1,2,0,1,2,12
1,2,0,1,2,12
1,2,0,1,2,12
1,2,0,1,2,12
1,2,0,1,2,12
1,2,0,1,2,12
1,2,0,1,2,12
1,2,0,1,2,12
1,2,0,1,2,12
1,2,0,1,2,12
1,2,0,1,2,12
1,2,0,1,2,12
1,2,0,1,2,12
1,2,0,1,2,12
1,2,0,1,2,12
1,2,0,1,2,12
1,2,0,1,2,12
1,2,0,1,2,12
1,2,0,1,2,12
1,2,0,1,2,12
1,2,0,1,2,12
1,2,0,1,2,12
1,2,0,1,2,12
1,2,0,1,2,12
1,2,0,1,2,12
1,2,0,1,2,12
1,2,0,1,2,12
1,2,0,1,2,12
1,2,0,1,2,12
1,2,0,1,2,12
1,2,0,1,2,12
1,2,0,1,2,12
1,2,0,1,2,12
1,2,0,1,2,12
1,2,0,1,2,12
1,2,0,1,2,12
1,2,0,1,2,12
1,2,0,1,2,12
1,2,0,1,2,12
1,2,0,1,2,12
1,2,0,1,2,12
1,2,0,1,2,12
1,2,0,1,2,12
1,2,0,1,2,12
0,0,0,0,0,13
1,0,0,0,0,13
2,0,0,0,0,13
2,0,0,1,0,13
2,0,1,1,0,13
2,0,1,1,1,13
2,0,1,1,1,13
2,0,1,1,1,13
2,0,1,1,1,13
2,0,1,1,1,13
2,0,1,1,1,13
2,0,1,1,1,13
2,0,1,1,1,13
2,0,1,1,2,13
2,0,1,1,2,13
2,0,1,1,2,13
2,1,1,1,2,13
2,1,1,1,2,13
0,0,0,0,0,14
0,0,1,0,0,14
0,0,1,0,0,14
0,1,1,0,0,14
0,1,1,1,0,14
0,1,1,1,1,14
0,1,1,1,2,14
0,1,1,1,2,14
0,1,1,1,2,14
0,1,1,1,3,14
0,1,1,1,3,14
1,1,1,1,3,14
1,1,1,1,3,14
1,1,1,1,3,14
1,1,1,1,3,14
1,1,1,1,3,14
1,1,1,1,3,14
0,0,0,0,0,15
1,0,0,0,0,15
1,0,0,0,0,15
1,0,0,1,0,15
1,0,1,1,0,15
2,0,1,1,0,15
2,0,1,1,0,15
2,0,1,1,0,15
2,0,1,1,1,15
2,0,1,1,1,15
2,0,1,1,1,15
2,0,1,1,1,15
2,0,1,1,2,15
2,0,1,1,2,15
2,0,1,1,2,15
2,0,1,1,2,15
0,0,0,0,0,16
1,0,0,0,0,16
1,0,1,0,0,16
1,0,1,0,0,16
1,1,1,0,0,16
1,0,1,1,0,16
1,0,1,1,0,16
1,0,1,1,0,16
1,0,1,1,0,16
1,0,1,1,0,16
1,0,1,1,0,16
1,0,1,1,0,16
2,0,0,1,0,16
2,0,0,1,0,16
2,0,0,1,1,16
2,0,0,1,1,16
0,0,0,0,0,17
0,0,0,0,0,17
0,0,0,1,0,17
1,0,0,1,0,17
2,0,0,1,0,17
3,0,0,1,0,17
3,0,0,1,0,17
3,0,0,1,1,17
3,0,0,1,1,17
3,0,0,1,1,17
3,0,0,1,1,17
3,0,0,1,1,17
3,0,0,1,1,17
3,0,0,1,1,17
3,0,0,1,2,17
3,0,0,1,2,17
3,0,0,1,2,17
3,0,0,1,2,17
0,0,0,0,0,18
0,0,0,0,0,18
0,0,1,0,0,18
0,1,1,0,0,18
0,1,1,0,0,18
1,1,1,0,0,18
1,2,1,0,0,18
1,2,1,1,0,18
1,2,1,1,0,18
1,2,1,1,1,18
1,2,1,1,1,18
1,2,1,1,1,18
2,2,1,1,1,18
2,2,1,1,1,18
2,2,1,1,1,18
2,2,1,1,1,18
2,2,1,1,1,18
2,2,1,1,1,18
2,2,1,1,1,18
2,2,1,1,1,18
2,2,1,1,1,18
2,2,1,1,1,18
2,2,1,1,1,18
2,2,1,1,1,18
2,2,1,1,1,18
2,2,1,1,1,18
2,2,1,1,1,18
2,1,1,1,1,18
2,1,1,1,1,18
2,1,1,1,1,18
1,1,1,1,1,18
1,1,1,1,1,18
1,1,1,1,1,18
1,1,1,1,1,18
1,1,1,1,1,18
1,1,1,1,1,18
1,1,1,1,1,18
1,1,1,1,1,18
1,1,1,1,1,18
1,1,1,1,1,18
1,1,1,1,1,18
1,1,1,1,1,18
1,1,1,1,1,18
1,1,1,1,1,18
1,1,1,1,1,18
1,1,1,1,1,18
1,1,1,1,1,18
1,1,1,1,1,18
1,1,1,1,1,18
1,1,1,1,1,18
1,1,1,1,1,18
1,1,1,1,1,18
1,1,1,1,1,18
1,1,1,1,1,18
1,1,1,1,1,18
1,1,0,1,1,18
1,1,0,1,1,18
1,1,0,1,1,18
1,1,0,1,1,18
1,1,0,1,1,18
1,1,0,1,1,18
1,1,0,1,1,18
1,1,0,1,1,18
1,1,0,1,1,18
1,1,0,1,1,18
1,1,0,1,1,18
1,1,0,1,1,18
1,1,0,1,1,18
1,1,0,1,1,18
1,1,0,1,1,18
1,1,0,1,1,18
1,1,0,1,1,18
1,1,0,1,1,18
1,1,0,1,1,18
1,1,0,1,1,18
1,1,0,1,1,18
1,1,0,1,1,18
1,1,0,1,1,18
1,1,0,1,1,18
1,1,0,1,1,18
1,1,0,1,1,18
1,1,0,1,1,18
1,1,0,1,1,18
1,1,0,1,1,18
1,1,0,1,1,18
1,1,0,1,1,18
1,1,0,1,1,18
1,1,0,1,1,18
1,1,0,1,1,18
1,1,0,1,1,18
1,1,0,1,1,18
1,1,0,1,1,18
1,1,0,1,1,18
1,1,0,1,1,18
1,1,0,1,1,18
1,1,0,1,1,18
1,1,0,1,1,18
1,1,0,1,1,18
1,1,0,1,1,18
1,1,0,1,1,18
0,0,0,0,0,19
0,1,0,0,0,19
0,1,0,0,0,19
1,1,0,0,0,19
1,1,1,0,0,19
2,1,1,0,0,19
2,2,1,0,0,19
2,2,1,0,1,19
2,2,1,0,1,19
2,2,1,1,1,19
2,2,1,1,2,19
3,2,1,1,2,19
3,2,1,1,2,19
3,2,1,1,3,19
3,2,2,1,3,19
3,2,2,1,3,19
3,2,2,1,3,19
3,2,2,1,4,19
3,2,2,1,4,19
3,2,2,1,4,19
3,2,2,1,5,19
3,2,3,1,5,19
3,2,3,1,5,19
3,2,3,1,5,19
3,2,3,1,5,19
4,2,3,1,5,19
4,2,3,1,5,19
4,2,3,1,6,19
4,2,3,1,6,19
4,2,3,1,6,19
4,2,3,2,6,19
4,2,3,2,6,19
5,2,3,2,6,19
5,2,3,3,6,19
6,2,3,3,6,19
6,3,3,3,6,19
6,3,3,3,6,19
6,2,3,3,6,19
6,3,3,3,6,19
6,3,3,3,6,19
6,3,3,4,6,19
6,3,3,5,6,19
6,3,4,5,6,19
6,3,5,5,6,19
6,2,5,5,7,19
6,2,5,6,7,19
6,2,6,6,6,19
6,2,6,6,6,19
6,3,6,6,6,19
6,3,6,7,6,19
6,3,6,7,6,19
6,3,6,7,6,19
5,3,7,7,6,19
6,3,7,7,6,19
7,3,7,7,6,19
7,3,8,7,5,19
8,3,8,7,5,19
8,3,7,8,5,19
8,3,8,8,5,19
8,3,8,8,5,19
8,3,8,7,5,19
8,3,8,7,5,19
8,3,8,7,5,19
8,3,8,7,6,19
8,3,8,7,7,19
8,4,8,7,7,19
8,4,8,7,7,19
8,4,8,7,8,19
8,4,8,7,9,19
7,4,8,7,10,19
8,4,8,7,10,19
8,4,8,7,10,19
8,4,8,7,10,19
9,4,8,7,10,19
9,5,8,7,9,19
9,6,8,7,9,19
10,6,8,7,9,19
10,6,8,7,9,19
10,6,8,8,9,19
11,6,7,8,9,19
12,6,6,8,9,19
12,6,6,8,10,19
12,6,7,8,9,19
12,6,8,8,9,19
12,6,8,8,9,19
13,6,7,8,9,19
13,6,7,8,9,19
13,6,7,8,9,19
14,6,7,8,8,19
14,7,7,8,7,19
14,7,7,8,7,19
13,8,7,8,7,19
14,8,7,8,7,19
14,8,7,8,7,19
15,8,7,8,7,19
15,8,7,7,7,19
14,8,7,7,7,19
14,9,6,7,7,19
14,9,7,7,7,19
14,9,7,7,8,19
0,0,0,0,0,20
1,0,0,0,0,20
1,0,0,0,0,20
1,1,0,0,0,20
1,1,0,1,0,20
2,1,0,1,0,20
2,2,0,1,0,20
2,2,1,1,0,20
2,2,1,1,1,20
2,2,1,1,1,20
2,2,1,1,1,20
3,2,1,1,1,20
3,2,1,1,1,20
3,2,1,1,1,20
3,2,1,1,1,20
3,2,1,1,1,20
3,2,1,1,1,20
3,2,1,1,1,20
3,2,1,1,1,20
3,2,1,1,1,20
3,2,1,1,1,20
3,2,1,1,1,20
3,2,1,1,2,20
3,2,1,1,2,20
3,2,1,1,2,20
3,2,1,1,2,20
3,2,1,1,2,20
3,2,1,1,2,20
3,2,1,1,2,20
3,2,1,1,2,20
3,2,1,1,2,20
3,2,1,1,2,20
3,2,1,1,2,20
3,2,1,1,2,20
3,2,1,1,2,20
3,2,1,1,2,20
3,2,1,1,2,20
3,2,1,1,2,20
3,2,1,1,2,20
3,2,1,1,2,20
3,2,1,1,2,20
3,2,1,1,2,20
3,2,1,1,2,20
3,2,1,1,2,20
3,2,1,1,2,20
3,2,1,1,2,20
3,2,1,1,2,20
3,2,1,1,2,20
3,2,1,1,2,20
3,2,1,1,2,20
3,2,1,1,2,20
3,2,1,1,2,20
3,2,1,1,2,20
3,2,1,1,2,20
3,2,1,1,2,20
3,2,1,1,2,20
3,2,1,1,2,20
3,2,1,1,2,20
3,2,1,1,2,20
3,2,1,1,2,20
3,2,1,1,2,20
3,2,1,1,2,20
3,2,1,1,2,20
3,2,1,1,2,20
3,2,1,1,2,20
3,2,1,1,2,20
3,2,1,1,2,20
3,2,1,1,2,20
3,2,1,1,2,20
3,2,1,1,2,20
3,2,1,1,2,20
3,2,1,1,2,20
3,2,1,1,2,20
3,2,1,1,2,20
3,2,1,1,2,20
3,2,1,1,2,20
3,2,1,1,2,20
3,2,1,1,2,20
3,2,1,1,2,20
3,2,1,1,2,20
3,2,1,1,2,20
3,2,1,1,2,20
3,2,1,1,2,20
3,2,1,1,2,20
3,2,1,1,2,20
3,2,1,1,2,20
3,2,1,1,2,20
3,2,1,1,2,20
3,2,1,1,2,20
3,2,1,1,2,20
3,2,1,1,2,20
3,2,1,1,2,20
3,2,1,1,2,20
3,2,1,1,2,20
3,2,1,1,2,20
3,2,1,1,2,20
3,2,1,1,2,20
3,2,1,1,2,20
3,2,1,1,2,20
3,2,1,1,2,20
0,0,0,0,0,21
0,0,0,1,0,21
0,0,0,1,0,21
0,0,0,1,1,21
0,0,0,1,1,21
0,0,0,1,1,21
0,0,1,1,1,21
0,0,1,1,1,21
0,0,1,1,1,21
0,0,1,1,1,21
1,0,1,1,1,21
1,0,1,1,2,21
1,0,1,1,2,21
1,0,1,1,2,21
1,0,1,1,2,21
0,0,0,0,0,22
1,0,0,0,0,22
1,0,0,0,0,22
1,0,0,1,0,22
1,0,0,1,1,22
1,0,1,1,1,22
2,0,1,1,1,22
2,0,1,1,1,22
2,0,1,1,1,22
2,1,1,1,1,22
2,1,1,1,1,22
1,1,1,1,2,22
1,1,1,1,2,22
1,1,1,1,2,22
1,1,1,1,2,22
1,1,1,1,2,22
1,1,1,1,2,22
1,1,1,1,2,22
1,1,1,1,2,22
1,1,1,1,2,22
1,1,1,1,2,22
1,1,1,1,2,22
1,1,1,1,2,22
1,1,1,1,2,22
1,1,1,1,2,22
1,1,1,1,2,22
1,1,1,1,2,22
1,1,1,1,2,22
1,1,1,1,2,22
1,1,1,1,2,22
1,1,1,1,2,22
1,1,1,1,2,22
1,1,1,1,2,22
1,1,1,1,2,22
1,1,1,1,2,22
1,1,1,1,2,22
1,1,1,1,2,22
1,1,1,1,2,22
1,1,1,1,2,22
1,1,1,1,2,22
1,1,1,1,2,22
1,1,1,1,2,22
1,1,1,1,2,22
1,1,1,1,2,22
1,1,1,1,2,22
1,1,1,1,2,22
1,1,1,1,2,22
1,1,1,1,2,22
1,1,1,1,2,22
1,1,1,1,2,22
1,1,1,1,2,22
1,1,1,1,2,22
1,1,1,1,2,22
1,1,1,1,2,22
1,1,1,1,2,22
1,1,1,1,2,22
1,1,1,1,2,22
1,1,1,1,2,22
1,1,1,1,2,22
1,1,1,1,2,22
1,1,1,1,2,22
1,1,1,1,2,22
1,1,1,1,2,22
1,1,1,1,2,22
1,1,1,1,2,22
1,1,1,1,2,22
1,1,1,1,2,22
1,1,1,1,2,22
1,1,1,1,2,22
1,1,1,1,2,22
1,1,1,1,2,22
1,1,1,1,2,22
1,1,1,1,2,22
1,1,1,1,2,22
1,1,1,1,2,22
1,1,1,1,2,22
1,1,1,1,2,22
1,1,1,1,2,22
1,1,1,1,2,22
1,1,1,1,2,22
1,1,1,1,2,22
1,1,1,1,2,22
1,1,1,1,2,22
1,1,1,1,2,22
1,1,1,1,2,22
1,1,1,1,2,22
1,1,1,1,2,22
1,1,1,1,2,22
1,1,1,1,2,22
1,1,1,1,2,22
1,1,1,1,2,22
1,1,1,1,2,22
1,1,1,1,2,22
1,1,1,1,2,22
1,1,1,1,2,22
1,1,1,1,2,22
1,1,1,1,2,22
1,1,1,1,2,22
1,1,1,1,2,22
1,1,1,1,2,22
0,0,0,0,0,23
0,1,0,0,0,23
0,1,0,0,0,23
0,1,0,0,1,23
0,1,0,0,2,23
1,1,0,0,2,23
2,1,0,0,2,23
2,1,0,1,2,23
2,1,1,1,2,23
2,1,1,1,2,23
2,1,1,1,2,23
2,1,1,1,2,23
2,1,1,1,2,23
2,1,1,1,2,23
2,1,1,1,2,23
2,1,1,1,2,23
2,1,1,1,2,23
2,1,1,1,2,23
2,1,1,1,2,23
2,1,1,1,2,23
2,1,1,1,2,23
2,1,1,1,2,23
2,1,1,1,2,23
2,1,1,1,2,23
2,1,1,1,2,23
2,1,1,1,2,23
2,1,1,1,2,23
2,1,1,1,2,23
2,1,1,1,2,23
2,1,1,1,2,23
2,1,1,1,2,23
2,1,1,1,2,23
2,1,1,1,2,23
2,1,1,1,2,23
2,1,1,1,2,23
2,1,1,1,2,23
2,1,1,1,2,23
2,1,1,1,2,23
2,1,1,1,2,23
2,1,1,1,2,23
2,1,1,1,2,23
2,1,1,1,2,23
2,1,1,1,2,23
2,1,1,1,2,23
2,1,1,1,2,23
2,1,1,1,2,23
2,1,1,1,2,23
2,1,1,1,2,23
2,1,1,1,2,23
2,1,1,1,2,23
2,1,1,1,2,23
2,1,1,1,2,23
2,1,1,1,2,23
2,1,1,1,2,23
2,1,1,1,2,23
2,1,1,1,2,23
2,1,1,1,2,23
2,1,1,1,2,23
2,1,1,1,2,23
2,1,1,1,2,23
2,1,1,1,2,23
2,1,1,1,2,23
2,1,1,1,2,23
2,1,1,1,2,23
2,1,1,1,2,23
2,1,1,1,2,23
2,1,1,1,2,23
2,1,1,1,2,23
2,1,1,1,2,23
2,1,1,1,2,23
2,1,1,1,2,23
2,1,1,1,2,23
2,1,1,1,2,23
2,1,1,1,2,23
2,1,1,1,2,23
2,1,1,1,2,23
2,1,1,1,2,23
2,1,1,1,2,23
2,1,1,1,2,23
2,1,1,1,2,23
2,1,1,1,2,23
2,1,1,1,2,23
2,1,1,1,2,23
2,1,1,1,2,23
2,1,1,1,2,23
2,1,1,1,2,23
2,1,1,1,2,23
2,1,1,1,2,23
2,1,1,1,2,23
2,1,1,1,2,23
2,1,1,1,2,23
2,1,1,1,2,23
2,1,1,1,2,23
2,1,1,1,2,23
2,1,1,0,2,23
2,1,1,0,2,23
2,1,1,0,2,23
2,1,1,0,2,23
2,1,1,0,2,23
2,1,1,0,2,23
0,0,0,0,0,24
0,0,0,1,0,24
0,1,0,1,0,24
0,1,0,1,0,24
0,1,1,1,0,24
1,1,1,1,0,24
1,2,1,1,0,24
2,2,1,1,0,24
2,3,1,1,0,24
2,3,1,1,0,24
2,3,1,1,0,24
2,3,1,1,0,24
2,3,1,1,0,24
2,3,1,1,0,24
2,3,1,2,0,24
2,3,1,3,0,24
3,3,1,3,0,24
3,3,1,3,0,24
4,3,1,3,0,24
4,4,1,3,0,24
5,4,1,3,0,24
5,4,1,3,1,24
5,4,1,3,2,24
5,4,1,3,2,24
5,4,2,3,2,24
6,4,2,3,2,24
6,4,2,3,3,24
6,5,2,3,2,24
6,5,2,3,2,24
6,6,2,3,2,24
6,6,3,3,2,24
6,6,3,3,3,24
6,6,3,3,3,24
7,6,3,3,3,24
7,6,3,3,3,24
7,6,3,3,3,24
7,5,3,3,4,24
7,5,3,3,4,24
7,5,3,3,5,24
7,5,3,3,5,24
7,6,3,3,5,24
7,6,4,3,5,24
7,6,4,3,5,24
7,6,4,3,5,24
7,6,4,3,5,24
7,6,4,3,6,24
7,6,4,3,6,24
7,6,5,3,6,24
7,6,5,3,6,24
7,6,5,3,7,24
7,6,5,3,7,24
7,6,5,3,8,24
7,6,5,3,8,24
7,6,5,3,8,24
7,6,5,3,8,24
7,6,5,3,8,24
7,7,5,3,7,24
7,7,5,3,7,24
7,7,5,3,7,24
7,7,5,3,7,24
7,7,5,3,7,24
7,7,5,3,7,24
8,7,5,3,7,24
8,7,5,3,7,24
8,7,5,3,7,24
8,7,5,3,7,24
8,7,5,3,7,24
8,7,5,3,7,24
8,7,5,3,7,24
8,7,5,3,7,24
8,7,5,3,7,24
8,8,5,3,7,24
8,8,5,3,7,24
8,8,5,3,7,24
8,8,5,3,7,24
8,8,5,3,7,24
8,8,5,3,7,24
8,7,5,3,8,24
8,7,5,3,8,24
8,7,5,3,9,24
8,7,5,3,9,24
8,7,5,3,9,24
8,7,5,3,9,24
8,7,5,3,9,24
8,7,5,3,9,24
8,6,5,3,10,24
8,6,5,3,10,24
8,6,5,3,10,24
8,7,5,3,10,24
8,7,5,3,10,24
8,7,5,3,10,24
8,7,5,3,10,24
8,7,5,3,11,24
8,7,5,3,11,24
8,7,5,3,11,24
8,7,5,3,11,24
8,7,5,3,11,24
8,8,5,3,11,24
8,8,5,3,11,24
8,8,5,3,11,24
0,0,0,0,0,25
0,0,0,1,0,25
0,0,0,1,0,25
1,0,0,1,0,25
2,0,0,1,0,25
2,0,0,1,0,25
2,0,0,1,1,25
2,0,0,1,1,25
2,0,0,1,2,25
2,0,0,1,2,25
2,1,0,1,2,25
2,1,0,1,2,25
3,1,0,1,2,25
3,1,0,1,2,25
3,1,0,1,2,25
3,1,0,1,2,25
3,1,0,1,2,25
3,1,0,1,2,25
3,1,0,1,2,25
3,1,0,1,2,25
3,2,0,1,2,25
3,2,0,1,2,25
3,2,0,1,2,25
3,2,0,1,2,25
3,2,0,1,2,25
3,2,0,1,2,25
3,2,0,1,2,25
3,2,0,1,2,25
3,2,0,1,2,25
3,2,0,1,2,25
3,2,0,1,2,25
3,2,0,1,2,25
3,2,0,1,2,25
3,2,0,1,2,25
3,2,0,1,2,25
3,2,0,1,2,25
3,2,0,1,2,25
3,2,0,1,2,25
3,2,0,1,2,25
3,2,0,1,2,25
3,2,0,1,2,25
3,2,0,1,2,25
2,2,0,1,2,25
2,2,0,1,2,25
2,2,0,1,2,25
2,2,0,1,2,25
2,2,0,1,2,25
2,2,0,1,2,25
2,2,0,1,2,25
2,2,0,1,2,25
2,2,0,1,2,25
2,2,0,1,2,25
2,2,0,1,2,25
2,2,0,1,2,25
2,2,0,1,2,25
2,2,0,1,2,25
2,2,0,1,2,25
2,2,0,1,2,25
2,2,0,1,2,25
2,2,0,1,2,25
2,2,0,1,2,25
2,2,0,1,2,25
2,2,0,1,2,25
2,2,0,1,2,25
2,2,0,1,2,25
2,2,0,1,2,25
2,2,0,1,2,25
2,2,0,1,2,25
2,2,0,1,2,25
2,2,0,1,2,25
2,2,0,1,2,25
2,2,0,1,2,25
2,2,0,1,2,25
2,2,0,1,2,25
2,2,0,1,2,25
2,2,0,1,2,25
2,2,0,1,2,25
2,2,0,1,2,25
2,2,0,1,2,25
2,2,0,1,2,25
2,2,0,1,2,25
2,2,0,1,2,25
2,2,0,1,2,25
2,2,0,1,2,25
2,2,0,1,2,25
2,2,0,1,2,25
2,2,0,1,2,25
2,2,0,1,2,25
2,2,0,1,2,25
2,2,0,1,2,25
2,2,0,1,2,25
2,2,0,1,2,25
2,2,0,1,2,25
2,2,0,1,2,25
2,2,0,1,2,25
2,2,0,1,2,25
2,2,0,1,2,25
2,2,0,1,2,25
2,2,0,1,2,25
2,2,0,1,2,25
0,0,0,0,0,26
0,0,0,0,0,26
0,0,0,0,1,26
1,0,0,0,1,26
1,0,0,0,1,26
2,0,0,0,0,26
2,0,0,0,0,26
2,0,1,0,0,26
2,0,1,0,0,26
2,0,1,0,0,26
2,0,1,0,0,26
2,0,1,0,0,26
2,0,1,0,0,26
2,0,1,0,0,26
2,0,1,0,0,26
2,0,1,1,0,26
2,1,1,1,0,26
2,1,1,1,0,26
2,1,1,1,0,26
2,1,1,1,1,26
2,1,1,1,1,26
2,1,1,1,2,26
2,1,1,1,2,26
2,1,1,1,2,26
2,1,1,1,2,26
2,1,1,1,2,26
2,1,1,1,2,26
2,1,1,1,2,26
2,1,1,1,2,26
2,1,1,1,2,26
2,1,1,1,2,26
2,1,1,1,2,26
2,1,1,1,2,26
2,1,1,1,2,26
2,1,1,1,2,26
2,1,1,1,2,26
2,1,1,1,2,26
2,1,1,1,2,26
2,1,1,1,2,26
2,1,1,1,2,26
2,1,1,1,2,26
2,1,1,1,2,26
2,1,1,1,2,26
2,1,1,1,2,26
2,1,1,1,2,26
2,1,1,1,2,26
2,1,1,1,2,26
2,1,1,1,2,26
2,1,1,1,2,26
2,1,1,1,2,26
2,1,1,1,2,26
2,1,1,1,2,26
2,1,1,1,2,26
2,1,1,1,2,26
2,1,1,1,2,26
2,1,1,1,2,26
2,1,1,1,2,26
2,1,1,1,2,26
2,1,1,1,2,26
2,1,1,1,2,26
2,1,1,1,2,26
2,1,1,1,2,26
2,1,1,1,2,26
2,1,1,1,2,26
2,1,1,1,2,26
2,1,1,1,2,26
2,1,1,1,2,26
2,1,1,1,2,26
2,1,1,1,2,26
2,1,1,1,2,26
2,1,1,1,2,26
2,1,1,1,2,26
2,1,1,1,2,26
2,1,1,1,2,26
2,1,1,1,2,26
2,1,1,1,2,26
2,1,1,1,2,26
2,1,1,1,2,26
2,1,1,1,2,26
2,1,1,1,2,26
2,1,1,1,2,26
2,1,1,1,2,26
2,1,1,1,2,26
2,1,1,1,2,26
2,1,1,1,2,26
2,1,1,1,2,26
2,1,1,1,2,26
2,1,1,1,2,26
2,1,1,1,2,26
2,1,1,1,2,26
2,1,1,1,2,26
2,1,1,1,2,26
2,1,1,1,2,26
2,1,1,1,2,26
2,1,1,1,2,26
2,1,1,1,2,26
2,1,1,1,2,26
2,1,1,1,2,26
2,1,1,1,2,26
2,1,1,1,2,26
0,0,0,0,0,27
1,0,0,0,0,27
1,0,1,0,0,27
1,0,1,0,1,27
1,0,1,1,1,27
1,1,1,1,1,27
1,1,1,1,1,27
1,1,1,1,2,27
1,1,1,1,2,27
1,1,1,1,2,27
1,2,1,1,2,27
1,2,1,1,3,27
1,2,1,1,3,27
1,2,1,1,4,27
2,2,1,1,4,27
2,2,1,1,4,27
2,2,1,1,4,27
2,2,1,1,4,27
2,2,1,1,4,27
2,2,1,1,4,27
0,0,0,0,0,28
1,0,0,0,0,28
1,0,0,0,0,28
1,1,0,0,0,28
2,1,0,0,0,28
2,1,0,0,0,28
2,2,0,0,0,28
2,2,0,0,0,28
2,2,0,0,0,28
2,2,1,0,0,28
2,2,1,1,0,28
3,2,1,1,0,28
3,2,1,1,0,28
3,2,1,1,1,28
3,2,1,1,1,28
3,2,1,1,1,28
3,2,1,1,1,28
3,2,1,1,1,28
3,2,1,1,1,28
3,2,1,1,1,28
3,2,1,1,1,28
3,2,1,1,1,28
3,2,1,1,1,28
3,2,1,1,1,28
3,2,1,1,1,28
3,2,1,1,1,28
3,2,1,1,1,28
3,2,1,1,1,28
3,2,1,1,1,28
3,2,1,1,1,28
3,2,1,1,1,28
3,2,1,1,1,28
3,2,1,1,1,28
3,2,1,1,1,28
3,2,1,1,1,28
3,2,1,1,1,28
3,2,1,1,1,28
3,2,1,1,1,28
3,2,1,1,1,28
3,2,1,1,1,28
3,2,1,1,1,28
3,2,1,1,1,28
3,2,1,1,1,28
3,2,1,1,1,28
3,2,1,1,1,28
3,2,1,1,1,28
3,2,1,1,1,28
3,2,1,1,1,28
3,2,1,1,1,28
3,2,1,1,1,28
3,2,1,1,1,28
3,2,1,1,1,28
3,2,1,1,1,28
3,2,1,1,1,28
3,2,1,1,1,28
3,2,1,1,1,28
3,2,1,1,1,28
3,2,1,1,1,28
3,2,1,1,1,28
3,2,1,1,1,28
3,2,1,1,1,28
3,2,1,1,1,28
3,2,1,1,1,28
3,2,1,1,1,28
3,2,1,1,1,28
3,2,1,1,1,28
3,2,1,1,1,28
3,2,1,1,1,28
3,2,1,1,1,28
3,2,1,1,1,28
3,2,1,1,1,28
3,2,1,1,1,28
3,2,1,1,1,28
3,1,1,1,1,28
3,1,1,1,1,28
3,1,1,1,1,28
3,1,1,1,1,28
3,1,1,1,1,28
3,1,1,1,1,28
3,1,1,1,1,28
3,1,1,1,1,28
3,1,1,1,1,28
3,1,1,1,1,28
3,1,1,1,1,28
3,1,1,1,1,28
3,1,1,1,1,28
3,1,1,1,1,28
3,1,1,1,1,28
3,1,1,1,1,28
3,1,1,1,1,28
3,1,1,1,1,28
3,1,1,1,1,28
3,1,1,1,1,28
3,1,1,1,1,28
3,1,1,1,1,28
3,1,1,1,1,28
3,1,1,1,1,28
3,1,1,1,1,28
3,1,1,1,1,28
3,1,1,1,1,28
0,0,0,0,0,29
0,0,0,1,0,29
0,0,0,1,0,29
0,0,0,1,0,29
0,0,0,1,0,29
0,0,0,1,0,29
0,0,0,1,1,29
0,0,0,1,1,29
1,0,0,1,1,29
1,1,0,1,1,29
1,1,0,1,2,29
1,1,0,1,3,29
1,1,0,1,3,29
1,1,1,1,3,29
1,1,1,1,3,29
1,1,1,1,3,29
1,1,1,0,4,29
1,1,1,0,4,29
0,2,1,0,4,29
0,2,1,0,4,29
0,2,1,0,4,29
0,2,1,0,5,29
0,2,1,1,5,29
1,2,1,1,5,29
1,2,1,1,5,29
1,2,1,1,5,29
1,2,1,1,5,29
1,2,1,1,5,29
1,2,1,1,5,29
1,2,1,1,6,29
1,2,1,1,6,29
1,2,1,1,6,29
1,2,1,1,6,29
1,2,1,1,6,29
1,2,1,1,6,29
1,2,1,1,6,29
1,2,1,1,6,29
1,2,1,1,6,29
2,2,1,1,6,29
2,2,1,1,6,29
3,2,1,1,6,29
3,2,1,1,6,29
3,2,1,1,7,29
3,2,1,1,7,29
3,3,1,1,7,29
3,3,1,1,7,29
3,3,1,2,7,29
3,3,1,2,7,29
3,3,1,2,7,29
3,3,1,2,7,29
4,3,1,2,7,29
4,3,1,2,7,29
4,3,1,2,7,29
5,3,1,2,7,29
5,3,1,2,7,29
5,3,1,2,7,29
5,3,1,2,6,29
5,3,1,2,7,29
5,4,1,2,7,29
5,4,1,2,7,29
5,4,1,2,7,29
5,5,1,2,6,29
5,5,2,2,6,29
5,5,2,2,6,29
6,5,2,2,6,29
6,5,2,2,6,29
6,5,2,2,6,29
6,5,2,2,6,29
6,5,2,3,6,29
6,5,2,4,6,29
6,5,2,4,7,29
6,5,2,4,7,29
6,4,2,4,8,29
7,4,2,4,8,29
7,4,2,4,7,29
7,4,2,5,7,29
7,4,3,5,7,29
7,4,4,5,7,29
7,4,4,5,7,29
8,4,4,5,7,29
8,4,5,5,7,29
8,4,5,5,7,29
9,4,5,5,7,29
9,4,5,5,7,29
9,4,5,5,7,29
9,4,5,5,7,29
9,4,5,5,7,29
9,4,5,5,7,29
9,4,5,5,8,29
9,4,5,5,8,29
10,4,5,5,8,29
10,4,5,5,9,29
11,4,5,4,9,29
12,4,5,4,9,29
12,5,5,4,9,29
12,5,5,5,9,29
12,5,5,5,9,29
12,5,5,5,10,29
12,5,5,5,10,29
12,5,5,5,10,29
0,0,0,0,0,30
0,0,1,0,0,30
1,0,1,0,0,30
1,0,1,0,1,30
1,0,1,0,1,30
1,0,1,1,1,30
2,0,1,1,1,30
2,0,1,1,2,30
2,0,1,1,2,30
2,0,1,1,2,30
2,0,1,1,2,30
2,0,1,1,2,30
2,0,1,1,2,30
2,0,1,1,2,30
2,1,1,1,2,30
2,1,1,1,2,30
2,1,1,1,2,30
0,0,0,0,0,31
0,0,0,0,1,31
0,0,0,0,1,31
1,0,0,0,1,31
1,0,0,0,1,31
1,1,0,0,1,31
1,1,0,0,1,31
1,1,0,0,2,31
1,2,0,0,2,31
1,2,0,0,2,31
1,2,0,0,3,31
1,2,0,0,4,31
2,2,0,0,4,31
2,2,0,0,4,31
2,2,0,0,4,31
2,2,0,0,4,31
2,2,0,0,4,31
2,2,0,0,4,31
2,2,0,0,4,31
2,2,0,0,4,31
2,2,0,0,4,31
2,2,0,0,4,31
2,2,0,0,4,31
2,2,0,0,4,31
2,2,0,0,4,31
2,2,0,0,4,31
2,2,0,0,4,31
2,2,0,0,4,31
2,2,0,0,4,31
2,2,0,0,4,31
2,2,0,0,4,31
2,2,0,0,4,31
2,2,0,0,4,31
2,2,0,0,4,31
2,2,0,0,4,31
2,2,0,0,4,31
2,2,0,0,4,31
2,2,0,0,4,31
2,2,0,0,4,31
2,2,0,0,4,31
2,2,0,0,4,31
2,2,0,0,4,31
2,2,0,0,4,31
2,2,0,0,4,31
2,2,0,0,4,31
2,2,0,0,4,31
2,2,0,0,4,31
2,2,0,0,4,31
2,2,0,0,4,31
2,2,0,0,4,31
2,2,0,0,4,31
2,2,0,0,4,31
2,2,0,0,4,31
2,2,0,0,4,31
2,2,0,0,4,31
2,2,0,0,4,31
2,2,0,0,4,31
2,2,0,0,4,31
2,2,0,0,4,31
2,2,0,0,4,31
2,2,0,0,4,31
2,2,0,0,4,31
2,1,0,0,4,31
2,1,0,0,4,31
2,1,0,0,4,31
2,1,0,0,4,31
2,1,0,0,4,31
2,1,0,0,4,31
2,1,0,0,3,31
2,1,0,0,3,31
2,1,0,0,3,31
2,1,0,0,3,31
2,1,0,0,3,31
2,1,0,0,3,31
2,1,0,0,3,31
2,1,0,0,3,31
2,1,0,0,3,31
2,1,0,0,3,31
2,1,0,0,3,31
2,1,0,0,3,31
2,1,0,0,3,31
2,1,0,0,3,31
2,1,0,0,3,31
2,1,0,0,3,31
2,1,0,0,3,31
2,1,0,0,3,31
2,1,0,0,3,31
2,1,0,0,3,31
2,1,0,0,3,31
2,1,0,0,3,31
2,1,0,0,3,31
2,1,0,0,3,31
2,1,0,0,3,31
2,1,0,0,3,31
2,1,0,0,3,31
2,1,0,0,3,31
2,1,0,0,3,31
2,1,0,0,3,31
2,1,0,0,3,31
2,1,0,0,3,31
0,0,0,0,0,32
1,0,0,0,0,32
1,0,0,0,1,32
1,0,0,1,1,32
1,0,0,1,1,32
1,0,0,1,1,32
1,0,0,1,1,32
1,1,0,1,1,32
2,1,0,1,1,32
2,2,0,1,1,32
2,2,0,1,2,32
2,2,0,1,2,32
3,2,0,1,2,32
3,2,0,1,2,32
3,2,0,1,2,32
3,2,0,1,2,32
3,2,0,1,2,32
3,2,0,1,2,32
3,2,0,1,2,32
3,2,0,1,2,32
3,2,0,1,2,32
3,2,0,1,2,32
3,2,0,1,2,32
3,2,0,1,2,32
3,2,0,1,2,32
3,2,0,1,2,32
3,2,0,1,2,32
3,2,0,1,2,32
3,2,0,1,2,32
3,2,0,1,2,32
3,2,0,1,2,32
3,2,0,1,2,32
3,2,0,1,2,32
3,2,0,1,2,32
3,2,0,1,2,32
3,2,0,1,2,32
3,2,0,1,2,32
3,2,0,1,2,32
3,1,0,1,2,32
3,1,0,1,2,32
3,1,0,1,2,32
3,1,0,1,2,32
3,1,0,1,2,32
3,1,0,1,2,32
3,1,0,1,2,32
3,1,0,1,2,32
3,1,0,1,2,32
3,1,0,1,2,32
3,1,0,1,2,32
3,1,0,1,2,32
3,1,0,1,2,32
3,1,0,1,2,32
3,1,0,1,2,32
3,1,0,1,2,32
3,0,0,1,2,32
3,0,0,1,2,32
3,0,0,1,2,32
3,1,0,1,2,32
3,1,0,1,2,32
3,1,0,1,2,32
3,1,0,1,2,32
3,1,0,1,2,32
3,1,0,1,2,32
3,1,0,1,2,32
3,1,0,1,2,32
3,1,0,1,2,32
3,1,0,1,2,32
3,1,0,1,2,32
3,1,0,1,2,32
3,1,0,1,2,32
3,1,0,1,2,32
3,1,0,1,2,32
3,1,0,1,2,32
3,1,0,1,2,32
3,1,0,1,2,32
3,1,0,1,2,32
3,1,0,1,2,32
3,1,0,1,2,32
3,1,0,1,2,32
3,1,0,1,2,32
3,1,0,1,2,32
3,1,0,1,2,32
3,1,0,1,2,32
3,1,0,1,2,32
3,1,0,1,2,32
3,1,0,1,2,32
3,1,0,1,2,32
3,1,0,1,2,32
3,1,0,1,2,32
3,1,0,1,2,32
3,1,0,1,2,32
2,1,0,1,2,32
2,1,0,1,2,32
2,1,0,1,2,32
2,1,0,1,2,32
2,1,0,1,2,32
2,1,0,1,2,32
2,1,0,1,2,32
2,1,0,1,2,32
2,1,0,1,2,32
0,0,0,0,0,33
0,0,0,0,1,33
0,0,0,0,2,33
0,1,0,0,2,33
0,1,0,0,2,33
0,1,0,1,2,33
0,1,0,1,3,33
0,1,0,1,4,33
0,1,0,1,4,33
0,1,0,1,4,33
1,1,0,1,4,33
1,1,0,1,4,33
1,1,0,1,4,33
1,1,0,1,4,33
1,1,0,1,4,33
1,1,0,1,4,33
1,1,0,1,4,33
2,1,0,1,4,33
2,1,0,1,4,33
2,1,0,1,4,33
2,1,0,1,4,33
2,2,0,1,4,33
2,2,0,1,4,33
2,2,0,1,4,33
2,2,0,1,4,33
2,2,0,1,4,33
2,2,0,1,4,33
2,2,0,1,4,33
2,2,0,1,4,33
2,2,0,1,4,33
2,2,0,1,4,33
2,2,0,1,4,33
2,2,0,1,4,33
2,2,0,1,4,33
2,2,0,1,4,33
2,2,0,1,4,33
2,2,0,1,4,33
2,2,0,1,4,33
2,2,0,1,4,33
2,2,0,1,4,33
2,2,0,1,4,33
2,2,0,1,4,33
2,2,0,1,4,33
2,2,0,1,4,33
2,2,0,1,4,33
2,2,0,1,4,33
2,2,0,1,4,33
2,2,0,1,4,33
2,2,0,1,4,33
2,2,0,1,4,33
2,2,0,1,4,33
2,2,0,1,4,33
2,2,0,1,4,33
2,2,0,1,4,33
2,2,0,1,4,33
2,2,0,1,4,33
2,2,0,1,4,33
2,2,0,1,4,33
2,2,0,1,4,33
2,2,0,1,4,33
2,2,0,1,4,33
2,2,0,1,4,33
2,2,0,0,4,33
2,2,0,0,4,33
2,2,0,0,4,33
2,2,0,0,4,33
2,2,0,0,4,33
2,2,0,0,4,33
2,2,0,0,4,33
2,2,0,0,4,33
2,2,0,0,4,33
2,2,0,0,4,33
2,2,0,0,4,33
2,2,0,0,4,33
2,2,0,0,4,33
2,2,0,0,4,33
2,2,0,0,4,33
2,2,0,0,4,33
2,2,0,0,4,33
2,2,0,0,4,33
2,2,0,0,4,33
2,2,0,0,4,33
2,2,0,0,4,33
2,2,0,0,4,33
2,2,0,0,4,33
2,2,0,0,4,33
2,2,0,0,4,33
2,2,0,0,4,33
2,2,0,0,4,33
2,2,0,0,4,33
2,2,0,0,4,33
2,2,0,0,4,33
2,2,0,0,4,33
2,2,0,0,4,33
2,2,0,0,4,33
2,2,0,0,4,33
2,2,0,0,4,33
2,2,0,0,4,33
2,2,0,0,4,33
2,2,0,0,4,33
0,0,0,0,0,34
0,0,0,0,1,34
0,1,0,0,1,34
0,1,0,0,2,34
1,1,0,0,2,34
1,1,0,0,3,34
1,1,0,0,3,34
1,1,0,0,4,34
2,1,0,0,4,34
2,1,0,0,4,34
2,1,0,0,3,34
2,1,0,0,3,34
2,1,0,0,3,34
2,1,0,0,3,34
2,1,0,0,3,34
2,1,0,0,3,34
2,1,0,1,3,34
2,1,0,1,3,34
2,1,0,1,3,34
2,1,0,1,3,34
2,1,0,1,3,34
2,1,0,1,3,34
2,1,0,1,3,34
2,1,0,1,3,34
2,1,0,1,3,34
2,1,0,1,3,34
2,1,0,1,3,34
2,1,0,1,3,34
2,1,0,1,3,34
2,1,0,1,3,34
2,1,0,1,3,34
2,2,0,1,3,34
2,2,0,1,3,34
2,2,0,1,3,34
2,2,0,1,3,34
2,2,0,1,3,34
2,2,0,1,3,34
2,2,0,1,3,34
2,2,0,1,3,34
2,2,0,1,3,34
2,2,0,1,3,34
2,2,0,1,3,34
2,2,0,1,3,34
2,2,0,1,3,34
2,2,0,1,3,34
2,2,0,1,3,34
2,2,0,1,3,34
2,2,0,1,3,34
2,2,0,1,3,34
2,2,0,1,3,34
2,2,0,1,3,34
2,2,0,1,3,34
2,2,0,1,3,34
2,2,0,1,3,34
2,2,0,1,3,34
2,2,0,1,3,34
2,2,0,1,3,34
2,2,0,1,3,34
2,2,0,1,3,34
2,2,0,1,3,34
2,2,0,1,3,34
2,2,0,1,3,34
2,2,0,1,3,34
2,2,0,1,3,34
2,2,0,1,3,34
2,2,0,1,3,34
2,2,0,1,3,34
2,2,0,1,3,34
2,2,0,1,3,34
2,2,0,1,3,34
2,2,0,1,3,34
2,2,0,1,3,34
2,2,0,1,3,34
2,2,0,1,3,34
2,2,0,1,3,34
2,2,0,1,3,34
2,2,0,1,3,34
2,2,0,1,3,34
2,2,0,1,3,34
2,2,0,1,3,34
2,2,0,1,3,34
2,2,0,1,3,34
2,2,0,1,3,34
2,2,0,1,3,34
2,2,0,1,3,34
2,2,0,1,3,34
2,2,0,1,3,34
2,2,0,1,3,34
2,2,0,1,3,34
2,2,0,1,3,34
2,2,0,1,3,34
2,2,0,1,3,34
2,2,0,1,3,34
2,2,0,1,3,34
2,2,0,1,3,34
2,2,0,1,3,34
2,2,0,1,3,34
2,2,0,1,3,34
2,2,0,1,3,34
2,2,0,1,3,34
0,0,0,0,0,35
0,0,1,0,0,35
0,0,1,0,0,35
0,0,1,0,0,35
0,0,1,0,0,35
0,0,1,0,0,35
0,0,1,0,1,35
0,0,1,0,1,35
0,0,1,0,1,35
0,0,1,0,2,35
0,0,1,0,2,35
1,0,1,0,2,35
2,0,1,0,2,35
2,0,1,0,2,35
2,0,1,0,3,35
2,0,1,0,3,35
2,1,1,0,3,35
2,1,1,0,3,35
2,1,1,0,3,35
2,1,1,0,3,35
2,1,1,0,4,35
2,2,1,0,4,35
2,2,1,0,4,35
2,2,1,0,4,35
2,2,1,0,4,35
2,2,1,0,4,35
2,2,1,0,4,35
2,2,1,0,4,35
2,2,1,0,4,35
2,2,1,0,4,35
2,2,1,0,4,35
2,2,1,0,4,35
2,2,1,0,4,35
2,2,1,0,4,35
2,2,1,0,4,35
2,2,1,0,4,35
2,2,1,0,4,35
2,2,1,0,4,35
2,2,1,0,4,35
2,2,1,0,4,35
2,2,1,0,4,35
2,2,1,0,4,35
2,2,1,0,4,35
2,2,1,0,4,35
2,2,1,0,4,35
2,2,1,0,4,35
2,2,1,0,4,35
2,2,1,0,4,35
2,2,1,0,4,35
2,2,1,0,4,35
2,2,1,0,4,35
2,2,1,0,4,35
2,2,1,0,4,35
2,2,1,0,4,35
2,2,1,0,4,35
2,2,1,0,4,35
2,2,1,0,4,35
2,2,1,0,4,35
2,2,1,0,4,35
2,2,1,0,4,35
2,2,1,0,4,35
2,2,1,0,4,35
2,2,1,0,4,35
2,2,1,0,4,35
2,2,1,0,4,35
2,2,1,0,4,35
2,2,1,0,4,35
2,2,1,0,4,35
2,2,1,0,4,35
2,2,1,0,4,35
2,2,1,0,4,35
2,2,1,0,4,35
2,2,1,0,4,35
2,2,1,0,4,35
2,2,1,0,4,35
2,2,1,0,4,35
2,2,1,0,4,35
2,2,1,0,4,35
2,2,1,0,4,35
2,2,1,0,4,35
2,2,1,0,4,35
2,2,1,0,4,35
2,2,1,0,4,35
2,2,1,0,4,35
2,2,1,0,4,35
2,2,1,0,4,35
2,2,1,0,4,35
2,2,1,0,4,35
2,2,1,0,4,35
2,2,1,0,4,35
2,2,1,0,4,35
2,2,1,0,4,35
2,2,1,0,3,35
2,2,1,0,3,35
2,2,1,0,3,35
2,2,1,0,3,35
2,2,1,0,3,35
2,2,1,0,3,35
2,2,1,0,3,35
2,2,1,0,3,35
0,0,0,0,0,36
0,0,0,0,0,36
0,0,0,0,1,36
0,0,0,0,2,36
0,0,1,0,2,36
0,0,1,0,2,36
1,0,1,0,2,36
1,0,1,0,2,36
1,0,1,1,2,36
1,0,1,1,3,36
1,1,1,1,3,36
1,1,1,1,3,36
1,1,1,1,3,36
1,1,1,1,3,36
1,1,1,1,3,36
1,1,1,1,3,36
1,1,1,1,3,36
1,1,1,1,4,36
2,1,1,1,4,36
2,1,1,1,4,36
2,1,1,1,4,36
2,1,1,1,4,36
2,2,1,1,4,36
2,2,1,1,4,36
2,2,1,1,4,36
2,2,1,1,4,36
2,2,1,1,4,36
2,2,1,1,4,36
2,1,1,1,4,36
2,1,1,1,4,36
2,1,1,1,4,36
2,1,1,1,4,36
2,1,1,1,4,36
2,1,1,1,4,36
2,1,1,1,4,36
2,1,1,1,4,36
2,2,1,1,4,36
2,2,1,1,4,36
2,2,1,0,4,36
2,2,1,0,4,36
2,2,1,0,4,36
2,2,1,0,4,36
2,2,1,0,4,36
2,2,1,0,4,36
2,2,1,0,4,36
2,2,1,0,4,36
2,2,1,0,4,36
2,2,1,0,4,36
2,2,1,0,4,36
2,2,1,0,4,36
2,2,1,0,4,36
2,2,1,0,4,36
2,2,1,0,4,36
2,2,1,0,4,36
2,2,1,0,4,36
2,2,1,0,4,36
2,2,1,0,4,36
2,2,1,0,4,36
2,2,1,0,4,36
2,2,1,0,4,36
2,2,1,0,4,36
2,2,1,0,4,36
2,2,1,0,4,36
2,2,1,0,4,36
2,2,1,1,4,36
2,2,1,1,4,36
2,2,1,1,4,36
2,2,1,1,4,36
2,2,1,1,4,36
2,2,1,1,4,36
2,2,1,1,4,36
2,2,1,1,4,36
2,2,1,1,4,36
2,2,1,1,4,36
2,2,1,1,4,36
2,2,1,1,4,36
2,2,1,1,4,36
2,2,1,1,4,36
2,2,1,1,4,36
2,2,1,1,4,36
2,2,1,1,4,36
2,2,1,1,4,36
2,2,1,1,4,36
2,2,1,1,4,36
2,2,1,1,4,36
2,2,1,1,4,36
2,2,1,1,4,36
2,2,1,1,4,36
2,2,1,1,4,36
2,2,1,1,4,36
2,2,1,1,4,36
2,2,1,1,4,36
2,2,1,1,4,36
2,2,1,1,4,36
2,2,1,1,4,36
2,2,1,1,4,36
2,2,1,1,4,36
2,2,1,1,4,36
2,2,1,1,4,36
2,2,1,1,4,36
0,0,0,0,0,37
1,0,0,0,0,37
1,1,0,0,0,37
1,1,0,1,0,37
1,1,0,2,0,37
2,1,0,2,0,37
2,1,0,2,0,37
1,2,0,2,0,37
1,2,0,2,1,37
1,2,0,2,1,37
1,2,0,2,1,37
1,2,0,2,2,37
2,2,0,2,2,37
2,2,0,2,2,37
2,2,0,2,1,37
2,2,0,2,1,37
2,2,0,2,1,37
2,2,0,2,1,37
2,2,0,2,1,37
2,2,0,2,1,37
2,2,0,2,1,37
2,2,0,2,1,37
2,2,0,2,1,37
2,2,0,2,1,37
2,2,0,2,1,37
2,2,0,2,1,37
2,2,0,2,1,37
2,2,0,2,1,37
2,2,0,2,1,37
2,2,0,2,1,37
2,2,0,2,1,37
2,2,0,2,1,37
2,2,0,2,1,37
2,2,0,2,1,37
2,2,0,2,1,37
2,2,0,2,1,37
2,2,0,2,1,37
2,2,0,2,1,37
2,2,0,2,1,37
2,2,0,2,1,37
2,2,0,2,1,37
2,2,0,2,1,37
2,2,0,2,1,37
2,2,0,2,1,37
2,2,0,2,1,37
2,2,0,2,1,37
2,2,0,2,1,37
2,2,0,2,1,37
2,2,0,2,1,37
2,2,0,2,1,37
2,2,0,2,1,37
2,2,0,2,1,37
2,2,0,2,1,37
2,2,0,2,1,37
2,2,0,2,1,37
2,2,0,2,1,37
2,2,0,2,1,37
2,2,0,2,1,37
2,2,0,2,1,37
2,2,0,2,1,37
2,2,0,2,1,37
2,2,0,2,1,37
2,2,0,2,1,37
2,2,0,2,1,37
2,2,0,2,1,37
2,2,0,2,1,37
2,2,0,2,1,37
2,2,0,2,1,37
2,2,0,2,1,37
2,2,0,2,1,37
2,2,0,2,1,37
2,2,0,2,1,37
2,2,0,2,1,37
2,2,0,2,1,37
2,2,0,2,1,37
2,2,0,2,1,37
2,2,0,2,1,37
2,2,0,2,1,37
2,2,0,2,1,37
2,2,0,2,1,37
2,2,0,2,1,37
2,2,0,2,1,37
2,2,0,2,1,37
2,2,0,2,1,37
2,2,0,2,1,37
2,2,0,2,1,37
2,2,0,2,1,37
2,2,0,2,1,37
2,2,0,2,1,37
2,2,0,2,1,37
2,2,0,2,1,37
2,2,0,2,1,37
2,2,0,2,1,37
2,2,0,2,1,37
2,2,0,2,1,37
2,2,0,2,1,37
2,2,0,2,1,37
2,2,0,2,1,37
2,2,0,2,1,37
2,2,0,2,1,37
0,0,0,0,0,38
0,1,0,0,0,38
0,1,0,1,0,38
0,2,0,1,0,38
0,2,1,1,0,38
0,2,1,1,0,38
0,2,1,1,0,38
1,2,1,1,0,38
1,3,1,1,0,38
2,3,1,1,0,38
2,3,1,1,0,38
3,3,1,1,0,38
3,3,1,1,0,38
4,3,1,1,0,38
4,3,2,1,0,38
4,3,2,1,0,38
4,3,2,1,0,38
4,3,2,1,1,38
4,3,2,1,1,38
4,3,2,2,1,38
4,3,2,2,1,38
4,3,3,2,1,38
4,3,3,2,1,38
4,3,3,2,1,38
4,3,3,2,1,38
5,3,3,1,1,38
5,3,4,1,1,38
5,3,4,1,1,38
5,4,4,1,1,38
5,4,4,1,2,38
6,4,4,1,2,38
6,4,4,1,2,38
6,4,4,1,2,38
6,4,5,1,2,38
6,4,5,2,2,38
6,4,5,2,2,38
6,4,5,2,2,38
6,4,5,3,2,38
6,5,5,3,2,38
7,5,5,2,2,38
7,5,5,2,3,38
7,5,5,2,3,38
7,5,6,2,3,38
7,5,6,2,3,38
7,5,6,2,3,38
7,5,6,2,3,38
7,5,7,2,3,38
7,5,7,2,3,38
7,4,7,2,4,38
7,4,6,3,4,38
7,4,5,3,4,38
7,4,5,3,4,38
7,4,5,3,4,38
7,4,5,3,5,38
7,4,5,4,5,38
7,4,5,4,6,38
7,4,6,4,6,38
7,4,6,4,6,38
6,4,6,4,7,38
6,4,6,5,7,38
6,4,6,5,7,38
6,5,6,5,7,38
6,5,7,5,7,38
6,5,7,5,7,38
6,6,7,5,7,38
6,6,7,5,8,38
7,6,7,5,7,38
7,6,7,6,7,38
6,6,8,6,7,38
7,6,8,6,7,38
7,6,8,7,7,38
7,7,8,7,7,38
7,7,9,7,7,38
7,7,9,7,7,38
7,7,9,7,8,38
7,7,9,7,8,38
7,7,9,7,8,38
8,7,9,7,8,38
8,7,10,7,8,38
8,7,10,7,8,38
7,8,10,7,8,38
7,8,10,7,8,38
8,8,10,7,8,38
8,9,10,7,8,38
9,9,10,7,8,38
8,9,10,7,9,38
8,9,10,7,9,38
9,9,10,7,9,38
9,9,10,7,9,38
9,9,10,7,9,38
10,9,9,7,9,38
10,10,9,7,9,38
10,10,9,7,9,38
10,10,9,7,10,38
11,10,9,7,10,38
11,10,9,7,10,38
11,9,10,7,10,38
11,8,10,7,11,38
11,9,10,7,11,38
11,9,10,7,11,38
0,0,0,0,0,39
0,0,1,0,0,39
0,0,1,0,1,39
0,0,1,0,1,39
0,0,1,0,1,39
0,0,1,1,1,39
0,1,1,1,1,39
0,1,1,1,1,39
0,1,1,1,1,39
0,1,1,1,1,39
1,1,1,1,1,39
1,1,1,1,1,39
1,2,1,1,1,39
1,2,1,1,1,39
1,2,2,1,1,39
2,2,2,1,1,39
2,2,2,2,1,39
2,2,2,2,1,39
2,2,2,2,1,39
2,2,2,2,1,39
2,2,2,2,1,39
2,2,2,2,2,39
3,2,2,2,2,39
3,3,2,2,2,39
3,4,2,2,2,39
3,4,2,2,2,39
3,4,2,2,2,39
3,4,2,2,2,39
3,3,2,2,3,39
3,3,2,2,2,39
3,3,2,2,3,39
3,3,2,2,3,39
3,2,2,3,3,39
3,2,2,3,4,39
3,2,2,3,4,39
3,2,2,4,4,39
3,2,2,4,4,39
3,2,2,4,4,39
3,2,2,4,4,39
4,2,2,4,4,39
4,2,2,5,4,39
4,2,2,5,4,39
4,2,2,5,5,39
5,2,2,5,5,39
4,3,2,5,5,39
4,3,2,5,5,39
4,4,2,5,4,39
4,4,2,5,4,39
4,4,2,5,4,39
4,4,2,5,4,39
4,4,2,5,4,39
5,4,2,5,4,39
5,5,2,5,4,39
5,5,2,5,4,39
6,5,2,4,4,39
6,5,2,4,4,39
6,5,2,4,4,39
6,5,2,4,5,39
6,5,2,4,5,39
6,4,2,4,6,39
7,4,2,4,6,39
7,4,2,4,6,39
7,3,2,4,6,39
7,3,2,5,6,39
7,4,2,5,6,39
7,4,2,5,6,39
7,4,2,5,6,39
7,4,2,5,6,39
7,4,2,5,6,39
7,4,2,5,6,39
7,4,2,6,6,39
7,5,2,6,6,39
7,5,2,6,6,39
7,5,2,6,6,39
6,5,2,6,7,39
7,5,2,6,7,39
7,5,2,6,7,39
7,5,2,6,7,39
7,5,2,6,7,39
7,5,2,6,8,39
7,5,2,6,8,39
7,5,2,6,9,39
7,5,2,6,9,39
7,4,2,7,9,39
7,4,2,7,9,39
7,5,2,7,9,39
7,5,2,7,9,39
7,5,2,7,9,39
7,6,2,7,9,39
7,6,2,7,9,39
7,6,2,7,10,39
7,6,2,7,10,39
7,6,2,7,10,39
7,6,2,7,10,39
7,6,2,7,10,39
7,6,2,7,10,39
7,6,2,7,10,39
7,6,2,7,10,39
7,6,2,6,10,39
7,6,2,6,10,39
0,0,0,0,0,40
1,0,0,0,0,40
1,0,0,1,0,40
1,0,1,1,0,40
1,0,1,1,1,40
1,1,1,1,1,40
1,1,1,1,1,40
1,2,1,1,1,40
1,2,1,1,2,40
1,2,1,1,2,40
1,3,1,1,2,40
1,3,1,1,3,40
1,3,1,1,3,40
1,3,1,1,3,40
1,3,1,1,3,40
1,3,1,1,4,40
1,3,1,1,4,40
1,3,1,1,4,40
2,3,1,1,4,40
2,3,1,1,4,40
2,3,1,1,4,40
3,3,1,1,4,40
3,3,1,1,4,40
3,3,1,1,5,40
3,3,1,1,5,40
3,3,1,1,5,40
3,3,1,1,6,40
3,3,1,1,6,40
3,3,1,1,6,40
3,3,1,1,7,40
3,3,1,1,7,40
3,3,1,1,7,40
3,3,1,1,7,40
3,3,1,1,7,40
3,3,1,1,7,40
3,3,1,1,7,40
3,3,1,1,7,40
3,3,1,1,7,40
3,3,1,1,7,40
3,3,1,1,7,40
3,3,1,1,7,40
3,3,1,1,7,40
3,3,1,1,7,40
3,3,1,1,7,40
3,3,1,1,7,40
3,3,1,1,7,40
3,3,1,1,7,40
3,3,1,1,7,40
3,3,1,1,7,40
3,3,1,1,7,40
3,3,1,1,7,40
3,3,1,1,7,40
3,3,1,1,7,40
3,3,1,1,7,40
3,3,1,1,7,40
3,3,1,1,7,40
3,3,1,1,7,40
3,3,1,1,7,40
3,3,1,1,7,40
3,3,1,1,7,40
3,3,1,1,7,40
3,3,1,1,7,40
3,3,1,1,7,40
3,3,1,1,7,40
3,3,1,1,7,40
3,3,1,1,7,40
3,3,1,1,7,40
3,3,1,1,7,40
3,3,1,1,7,40
3,3,1,1,7,40
3,3,1,1,7,40
3,3,1,1,7,40
3,3,1,1,7,40
3,3,1,1,7,40
3,3,1,1,7,40
3,3,1,1,7,40
3,3,1,1,7,40
3,3,1,1,7,40
3,3,1,1,7,40
3,3,1,1,7,40
3,3,1,1,7,40
3,3,1,1,7,40
3,3,1,1,7,40
3,3,1,1,7,40
3,3,1,1,6,40
3,3,1,1,6,40
3,3,1,1,6,40
3,3,1,1,6,40
3,3,1,1,6,40
3,3,1,1,6,40
3,3,1,1,6,40
3,3,1,1,6,40
3,3,1,1,6,40
3,3,1,1,6,40
3,3,1,1,6,40
3,3,1,1,6,40
3,3,1,1,6,40
3,3,1,1,6,40
3,3,1,1,6,40
3,3,1,1,6,40
0,0,0,0,0,41
1,0,0,0,0,41
1,0,0,0,1,41
1,0,0,0,1,41
1,0,1,0,1,41
1,1,1,0,1,41
1,2,1,0,1,41
1,2,1,1,1,41
1,2,1,1,2,41
2,2,1,1,2,41
2,2,1,1,2,41
2,2,1,1,2,41
2,2,1,2,2,41
2,2,1,2,2,41
2,2,1,2,2,41
3,2,1,2,2,41
3,3,1,2,2,41
3,3,1,2,2,41
3,3,1,2,2,41
3,3,1,2,3,41
3,3,1,2,3,41
3,3,1,2,3,41
3,3,2,2,3,41
3,4,2,2,3,41
3,4,2,2,3,41
3,4,2,3,3,41
3,4,2,3,3,41
4,4,2,3,3,41
4,5,2,3,3,41
5,5,2,3,3,41
5,5,3,3,3,41
5,5,3,3,4,41
4,6,3,3,4,41
4,6,3,3,4,41
4,6,3,3,5,41
4,6,3,4,5,41
4,6,3,4,5,41
4,7,3,4,5,41
4,7,3,4,5,41
4,7,3,4,5,41
4,7,4,4,5,41
4,7,4,4,6,41
4,7,4,4,6,41
4,7,5,4,6,41
4,7,5,4,6,41
4,8,5,4,6,41
5,7,5,4,6,41
6,7,5,4,6,41
6,7,5,4,6,41
6,7,5,4,6,41
6,7,5,4,7,41
6,7,5,4,7,41
6,6,5,5,7,41
5,6,6,5,7,41
5,6,6,5,7,41
5,5,6,5,8,41
5,5,6,5,8,41
5,5,7,5,8,41
5,5,7,5,8,41
5,5,7,5,8,41
5,5,7,5,9,41
5,5,7,5,9,41
6,5,7,5,9,41
6,5,7,5,10,41
6,6,7,5,10,41
6,6,7,5,10,41
6,6,7,5,10,41
7,6,7,5,10,41
7,7,7,5,10,41
7,7,7,5,10,41
7,7,7,5,10,41
7,6,7,5,11,41
7,6,7,5,11,41
7,6,7,5,11,41
7,6,7,5,12,41
7,6,7,5,12,41
7,6,7,5,11,41
7,6,7,5,11,41
8,6,7,5,11,41
8,6,7,5,11,41
9,6,7,5,11,41
9,6,7,5,11,41
9,6,7,5,11,41
9,6,7,5,11,41
9,6,7,5,11,41
9,7,7,5,11,41
9,7,7,5,11,41
9,7,7,5,11,41
9,8,7,4,11,41
9,8,7,4,11,41
9,8,7,4,11,41
9,8,6,4,11,41
9,8,6,4,11,41
9,8,6,4,11,41
9,8,6,4,11,41
9,8,6,4,11,41
10,8,6,4,11,41
10,8,6,4,11,41
10,8,6,4,11,41
10,8,6,4,11,41
0,0,0,0,0,42
0,0,1,0,0,42
1,0,1,0,0,42
1,0,1,1,0,42
1,1,1,1,0,42
1,1,1,1,0,42
2,1,1,1,0,42
3,1,1,1,0,42
3,1,1,1,0,42
3,1,1,1,0,42
2,1,1,1,0,42
2,1,1,1,1,42
2,2,1,1,1,42
2,2,1,1,1,42
2,2,1,1,1,42
2,2,1,1,1,42
2,2,1,1,1,42
2,2,1,1,1,42
2,2,1,1,1,42
2,2,1,1,1,42
2,2,1,1,1,42
2,2,1,1,1,42
2,2,1,1,1,42
2,2,1,1,1,42
2,2,1,1,1,42
2,2,1,1,1,42
2,2,1,1,1,42
2,2,1,1,1,42
2,2,1,1,1,42
2,2,1,1,1,42
2,2,1,1,1,42
2,2,1,1,1,42
2,2,1,1,1,42
2,2,1,1,1,42
2,2,1,1,1,42
2,2,1,1,1,42
2,1,1,1,1,42
2,1,1,1,1,42
2,1,1,1,1,42
2,1,1,1,1,42
2,1,1,1,1,42
2,1,1,1,1,42
2,1,1,1,1,42
2,1,1,1,1,42
2,1,1,1,1,42
2,1,1,1,1,42
2,1,1,1,1,42
2,1,1,1,1,42
2,1,1,1,1,42
2,1,1,1,1,42
2,1,1,1,1,42
2,1,1,1,1,42
2,1,1,1,1,42
2,1,1,1,1,42
2,1,1,1,1,42
2,1,1,1,1,42
2,1,1,1,1,42
2,1,1,1,1,42
2,1,1,1,1,42
2,1,1,1,1,42
2,1,1,1,1,42
2,1,1,1,1,42
2,1,1,1,1,42
2,1,1,1,1,42
2,1,1,1,1,42
2,1,1,1,1,42
2,1,1,1,1,42
2,1,1,1,1,42
2,1,1,1,1,42
2,1,1,1,1,42
2,1,1,1,1,42
1,1,1,1,1,42
1,1,1,1,1,42
1,1,1,1,1,42
1,1,1,1,1,42
1,1,1,1,1,42
1,1,1,1,1,42
1,1,1,1,1,42
1,1,1,1,1,42
1,1,1,1,1,42
1,1,1,1,1,42
1,1,1,1,1,42
1,1,1,1,1,42
1,1,1,1,1,42
1,1,1,1,1,42
1,1,1,1,1,42
1,1,1,1,1,42
1,1,1,1,1,42
1,1,1,1,1,42
1,1,1,1,1,42
1,1,1,1,1,42
1,1,1,1,1,42
1,1,1,1,1,42
1,1,1,1,1,42
1,1,1,1,1,42
1,1,1,1,1,42
1,1,1,1,1,42
1,1,1,1,1,42
1,1,1,1,1,42
1,1,1,1,1,42
0,0,0,0,0,43
0,0,1,0,0,43
0,0,1,1,0,43
0,0,1,1,0,43
0,0,1,1,0,43
1,0,1,1,0,43
2,0,1,1,0,43
2,0,1,1,0,43
2,0,1,1,0,43
2,1,1,1,0,43
3,1,1,1,0,43
3,2,1,1,0,43
3,2,1,1,0,43
3,2,1,1,0,43
2,2,1,1,1,43
2,2,1,1,1,43
2,2,1,1,1,43
2,2,1,1,1,43
2,2,1,1,2,43
2,2,1,1,2,43
2,2,1,1,3,43
2,2,1,1,3,43
2,2,1,1,3,43
2,2,1,1,3,43
2,2,1,1,3,43
2,2,1,1,3,43
2,2,1,1,3,43
2,2,1,1,4,43
2,2,1,1,4,43
2,2,1,1,5,43
2,2,1,1,5,43
2,2,1,1,5,43
2,2,1,1,5,43
2,2,1,1,5,43
2,2,1,1,5,43
3,2,1,1,4,43
3,2,1,1,3,43
2,2,1,1,4,43
2,2,1,1,4,43
2,2,1,1,4,43
2,2,1,1,4,43
2,2,1,1,4,43
2,2,1,1,4,43
2,2,1,1,4,43
2,2,1,1,4,43
2,2,1,1,4,43
2,2,1,1,4,43
2,2,1,1,4,43
2,2,1,1,4,43
2,2,1,1,4,43
2,2,1,1,4,43
2,2,1,1,4,43
2,2,1,1,4,43
2,2,1,1,4,43
2,2,1,1,4,43
2,2,1,1,4,43
2,2,1,1,4,43
2,2,1,1,4,43
2,2,1,1,4,43
2,2,1,1,4,43
2,2,1,1,4,43
2,2,1,1,4,43
2,2,1,1,4,43
2,2,1,1,4,43
2,2,1,1,4,43
2,2,1,1,4,43
2,2,1,1,4,43
2,2,1,1,4,43
2,2,1,1,4,43
2,2,1,1,4,43
2,2,1,1,4,43
2,2,1,1,4,43
2,2,1,1,4,43
2,2,1,1,4,43
2,2,1,1,4,43
2,2,1,1,4,43
2,2,1,1,4,43
2,2,1,1,4,43
2,2,1,1,4,43
2,2,1,1,4,43
2,2,1,1,4,43
2,2,1,1,4,43
2,2,1,1,4,43
2,2,1,1,4,43
2,2,1,1,4,43
2,2,1,1,4,43
2,2,1,1,4,43
2,2,1,1,4,43
2,2,1,1,4,43
2,2,1,1,4,43
2,2,1,1,4,43
2,2,1,1,4,43
2,2,1,1,4,43
2,2,1,1,4,43
2,2,1,1,4,43
2,2,1,1,4,43
2,2,1,1,4,43
2,2,1,1,4,43
2,2,1,1,4,43
2,2,1,1,4,43
0,0,0,0,0,44
0,0,0,0,1,44
0,0,0,0,2,44
1,0,0,0,2,44
1,0,0,0,3,44
1,0,1,0,3,44
1,0,1,0,3,44
1,0,1,0,4,44
2,0,1,0,4,44
2,0,1,0,4,44
2,0,1,0,4,44
2,0,1,0,4,44
2,0,1,0,4,44
2,0,1,0,4,44
2,1,1,0,4,44
2,1,1,0,4,44
2,1,1,0,4,44
2,1,1,0,4,44
2,1,1,0,4,44
2,1,1,0,4,44
2,1,1,0,4,44
2,1,1,0,4,44
2,1,1,0,4,44
2,1,1,0,4,44
2,1,1,0,4,44
2,1,1,0,4,44
2,1,1,0,4,44
2,1,1,0,4,44
2,1,1,0,4,44
2,1,1,0,4,44
2,1,1,0,4,44
2,1,1,0,4,44
2,1,1,0,4,44
2,1,1,0,4,44
2,1,1,0,4,44
2,1,1,0,4,44
2,1,1,0,4,44
2,1,1,0,4,44
2,1,1,0,4,44
2,1,1,0,4,44
2,1,1,0,4,44
2,1,1,0,4,44
2,1,1,0,4,44
2,1,1,0,4,44
2,1,1,0,4,44
2,1,1,0,4,44
2,1,1,0,4,44
2,1,1,0,4,44
2,1,1,0,4,44
2,1,1,0,4,44
2,1,1,0,4,44
2,1,1,0,4,44
2,1,1,0,4,44
2,1,1,0,4,44
2,1,1,0,4,44
2,1,1,0,4,44
2,1,1,0,4,44
2,1,1,0,4,44
2,1,1,0,4,44
2,1,1,0,4,44
2,1,1,0,4,44
2,1,1,0,4,44
2,1,1,0,4,44
2,1,1,0,4,44
2,1,1,0,4,44
2,1,1,0,4,44
2,1,1,0,4,44
2,1,1,0,4,44
2,1,1,0,4,44
2,1,1,0,4,44
2,1,1,0,4,44
2,1,1,0,4,44
2,1,1,0,4,44
2,1,1,0,4,44
2,1,1,0,4,44
2,1,1,0,4,44
2,1,1,0,4,44
2,1,1,0,4,44
2,1,1,0,4,44
2,1,1,0,4,44
2,1,1,0,4,44
2,1,1,0,4,44
2,1,1,0,4,44
2,1,1,0,4,44
2,1,1,0,4,44
2,1,1,0,4,44
2,1,1,0,4,44
2,1,1,0,4,44
2,1,1,0,4,44
2,1,1,0,4,44
2,1,1,0,4,44
2,1,1,0,4,44
2,1,1,0,4,44
2,1,1,0,4,44
2,1,1,0,4,44
2,1,1,0,4,44
2,1,1,0,4,44
2,1,1,0,4,44
2,1,1,0,4,44
2,1,1,0,4,44
0,0,0,0,0,45
0,0,1,0,0,45
0,0,1,0,1,45
1,0,1,0,1,45
1,0,0,0,1,45
1,0,0,0,1,45
1,0,0,0,2,45
1,0,0,0,2,45
1,1,0,0,2,45
1,2,0,0,2,45
1,2,0,0,3,45
1,2,1,0,3,45
2,2,1,0,3,45
2,2,1,0,3,45
2,2,1,0,3,45
1,2,1,0,4,45
1,2,1,0,4,45
1,2,1,0,4,45
1,2,1,0,4,45
1,2,1,0,4,45
1,2,1,0,4,45
1,2,1,0,4,45
1,2,1,0,4,45
1,2,1,0,4,45
1,2,1,0,4,45
1,2,1,0,4,45
1,2,1,0,4,45
1,2,1,0,4,45
1,2,1,0,4,45
1,2,1,0,4,45
1,2,1,0,4,45
1,2,1,0,4,45
1,2,1,0,4,45
1,2,1,0,4,45
1,2,1,0,4,45
1,2,1,0,4,45
1,2,1,0,4,45
1,2,1,0,4,45
1,2,1,0,4,45
1,2,1,0,4,45
1,2,1,0,4,45
1,2,1,0,4,45
1,2,1,0,4,45
1,2,1,0,4,45
1,2,1,0,4,45
1,2,1,0,4,45
1,2,1,0,4,45
1,2,1,0,4,45
1,2,1,0,4,45
1,2,1,0,4,45
1,2,1,0,4,45
1,2,1,0,4,45
1,2,1,0,4,45
1,2,1,0,4,45
1,2,1,0,4,45
1,2,1,0,4,45
1,2,1,0,4,45
1,2,1,0,4,45
1,2,1,0,4,45
1,2,1,0,4,45
1,2,1,0,4,45
1,2,1,0,4,45
1,2,1,0,4,45
1,2,1,0,4,45
1,2,1,0,4,45
1,2,1,0,4,45
1,2,1,0,4,45
1,2,1,0,4,45
1,2,1,0,4,45
1,2,1,0,4,45
0,2,1,0,4,45
0,2,1,0,4,45
0,2,1,0,4,45
0,2,1,0,4,45
0,2,1,0,4,45
0,2,1,0,4,45
0,2,1,0,4,45
0,2,1,0,4,45
0,2,1,0,4,45
0,2,1,0,4,45
0,2,1,0,4,45
0,2,1,0,4,45
0,2,1,0,4,45
0,2,1,0,4,45
0,2,1,0,4,45
0,2,1,0,4,45
0,2,1,0,4,45
0,2,1,0,4,45
0,2,1,0,4,45
0,2,1,0,4,45
0,2,1,0,4,45
0,2,1,0,4,45
0,2,1,0,4,45
0,2,1,0,4,45
0,2,1,0,4,45
0,2,1,0,4,45
0,2,1,0,4,45
0,2,1,0,4,45
0,2,1,0,4,45
0,2,1,0,4,45
0,0,0,0,0,46
0,1,0,0,0,46
0,1,1,0,0,46
1,1,1,0,0,46
1,1,1,0,0,46
2,1,1,0,0,46
2,2,1,0,0,46
3,2,1,0,0,46
3,2,1,1,0,46
3,2,1,1,0,46
3,2,1,1,0,46
3,3,1,1,0,46
3,3,1,1,0,46
3,3,2,1,0,46
3,4,2,1,0,46
3,4,2,1,1,46
3,4,3,1,1,46
3,4,3,1,1,46
3,4,3,1,1,46
3,4,3,2,1,46
3,4,3,2,1,46
3,4,3,3,1,46
3,4,3,3,1,46
3,3,3,3,1,46
3,3,3,3,1,46
3,4,2,3,1,46
4,4,2,3,1,46
4,4,3,3,1,46
4,4,3,3,1,46
4,4,3,4,1,46
4,4,4,4,1,46
3,4,5,4,1,46
3,4,5,4,1,46
3,5,5,4,1,46
4,5,5,4,1,46
5,5,5,4,1,46
5,5,6,4,1,46
5,4,6,4,1,46
5,3,7,4,1,46
5,3,7,4,1,46
5,3,7,4,1,46
6,3,7,4,1,46
6,4,7,4,1,46
6,4,7,4,1,46
6,5,7,4,1,46
6,6,7,4,1,46
6,7,7,4,1,46
7,7,7,4,1,46
7,7,7,4,1,46
8,7,7,4,1,46
8,7,7,4,1,46
9,7,6,4,1,46
9,7,6,4,2,46
9,7,6,4,2,46
9,7,6,4,3,46
9,7,6,4,4,46
9,7,6,4,4,46
9,7,7,4,4,46
9,8,6,4,4,46
9,8,6,4,5,46
9,8,6,4,6,46
9,8,5,5,6,46
9,7,5,5,6,46
9,7,4,5,7,46
9,7,5,5,7,46
10,7,5,5,7,46
10,8,5,5,7,46
11,8,5,5,7,46
12,7,5,5,7,46
12,7,6,5,7,46
12,7,6,5,8,46
12,7,6,5,8,46
11,7,6,5,9,46
11,7,7,5,9,46
11,7,7,5,10,46
11,7,8,5,10,46
11,7,8,5,10,46
11,7,9,5,9,46
10,8,9,5,9,46
10,8,9,5,9,46
10,8,9,5,9,46
10,8,9,5,9,46
10,8,10,5,9,46
10,8,10,5,9,46
10,8,10,5,9,46
10,8,10,5,9,46
10,9,10,5,9,46
10,9,10,5,9,46
10,9,10,5,9,46
9,10,10,5,9,46
9,10,10,5,10,46
9,10,10,5,10,46
9,10,10,5,10,46
9,10,10,5,10,46
9,10,10,5,10,46
9,9,10,5,11,46
9,9,10,5,12,46
8,9,10,5,12,46
8,9,10,5,12,46
8,9,10,4,12,46
0,0,0,0,0,47
0,0,1,0,0,47
1,0,1,0,0,47
2,0,1,0,0,47
3,0,1,0,0,47
3,1,1,0,0,47
3,1,1,0,0,47
3,1,1,1,0,47
3,1,1,1,0,47
3,1,2,1,0,47
3,1,2,1,0,47
3,1,2,1,0,47
3,1,3,1,0,47
3,2,3,1,0,47
3,2,3,1,0,47
4,2,3,1,0,47
4,3,3,1,0,47
4,4,3,1,0,47
3,4,3,1,1,47
3,4,3,1,1,47
3,4,3,1,2,47
3,4,4,1,2,47
2,4,4,1,3,47
3,4,4,1,3,47
3,4,5,1,3,47
3,5,5,1,3,47
3,6,5,1,3,47
3,7,5,1,3,47
3,7,6,1,3,47
3,7,6,1,3,47
3,7,6,1,3,47
3,7,6,0,4,47
3,7,7,0,4,47
3,7,7,0,4,47
3,7,7,0,4,47
3,7,7,0,4,47
3,7,7,0,4,47
3,7,7,0,4,47
3,7,7,1,4,47
3,7,7,1,4,47
3,7,7,1,4,47
3,7,7,1,4,47
3,7,7,1,4,47
3,7,7,1,4,47
3,7,7,1,4,47
3,7,7,1,4,47
4,7,7,1,4,47
4,7,7,1,4,47
4,7,7,1,4,47
4,7,6,1,5,47
4,7,6,1,5,47
4,7,6,1,5,47
4,7,6,2,5,47
4,7,6,2,5,47
4,7,6,2,5,47
4,7,6,3,5,47
4,7,6,3,5,47
4,7,6,3,5,47
4,8,6,3,5,47
4,8,6,3,5,47
4,8,6,3,5,47
4,8,6,3,6,47
4,8,6,4,6,47
4,8,6,4,6,47
5,8,6,3,6,47
5,8,6,3,6,47
5,8,6,3,6,47
5,8,6,3,7,47
5,8,6,3,7,47
5,8,6,3,8,47
5,8,6,3,8,47
4,8,6,3,9,47
4,8,6,3,9,47
4,8,7,3,9,47
4,8,7,3,9,47
4,8,7,3,9,47
4,8,7,3,9,47
5,8,7,3,9,47
5,8,7,3,9,47
5,8,7,3,9,47
5,8,7,3,9,47
5,9,7,3,9,47
5,9,7,3,9,47
5,9,7,3,9,47
6,9,7,3,9,47
6,9,7,3,9,47
7,9,7,3,9,47
7,9,7,3,9,47
7,9,7,3,9,47
7,9,7,3,9,47
7,9,7,3,10,47
7,8,7,3,10,47
7,8,7,3,10,47
7,8,8,3,10,47
7,8,8,3,9,47
7,8,8,3,9,47
7,8,8,3,9,47
7,8,7,3,9,47
7,8,7,4,9,47
7,8,7,4,9,47
0,0,0,0,0,48
0,1,0,0,0,48
0,1,0,1,0,48
0,2,0,1,0,48
0,2,0,1,0,48
0,2,1,1,0,48
0,3,1,1,0,48
0,3,1,1,1,48
0,3,1,1,1,48
0,3,1,1,1,48
0,3,1,1,1,48
0,3,1,1,1,48
0,3,1,1,1,48
0,3,1,1,1,48
0,3,1,1,1,48
0,3,1,1,1,48
0,3,1,1,1,48
0,3,1,1,1,48
0,3,1,1,1,48
0,3,1,1,1,48
0,3,1,1,1,48
0,3,1,1,1,48
0,3,1,1,1,48
0,3,1,1,1,48
0,3,1,1,1,48
0,3,1,1,1,48
0,3,1,1,1,48
0,3,1,1,1,48
0,3,1,1,1,48
0,3,1,1,1,48
0,3,1,1,1,48
0,3,1,1,1,48
0,3,1,1,1,48
0,3,1,1,1,48
0,3,1,1,1,48
0,3,1,1,1,48
0,2,1,1,1,48
0,2,1,1,1,48
0,2,1,1,1,48
0,2,1,1,1,48
0,2,1,1,1,48
0,2,1,1,1,48
0,2,1,1,1,48
0,2,1,1,1,48
0,2,1,1,1,48
0,2,1,1,1,48
0,2,1,1,1,48
0,2,1,1,1,48
0,2,1,1,1,48
0,2,1,1,1,48
0,2,1,1,1,48
0,2,1,1,1,48
0,2,1,1,1,48
0,2,1,1,1,48
0,2,1,1,1,48
0,2,1,1,1,48
0,2,1,1,1,48
0,2,1,1,1,48
0,2,1,1,1,48
0,2,1,1,1,48
0,2,1,1,1,48
0,2,1,1,1,48
0,2,1,1,1,48
0,2,1,1,1,48
0,2,1,1,1,48
0,2,1,1,1,48
0,2,1,1,1,48
0,2,1,1,1,48
0,2,1,1,1,48
0,2,1,1,1,48
0,2,1,1,1,48
0,2,1,1,1,48
0,2,1,1,1,48
0,2,1,1,1,48
0,2,1,1,1,48
0,2,1,1,1,48
0,2,1,1,1,48
0,2,1,1,1,48
0,2,1,1,1,48
0,2,1,1,1,48
0,2,1,1,1,48
0,2,1,1,1,48
0,2,1,1,1,48
0,2,1,1,1,48
0,2,1,1,1,48
0,2,1,1,1,48
0,2,1,1,1,48
0,2,1,1,1,48
0,2,1,1,1,48
0,2,1,1,1,48
0,2,1,1,1,48
0,2,1,1,1,48
0,2,1,1,1,48
0,2,1,1,1,48
0,2,1,1,1,48
0,2,1,1,1,48
0,2,1,1,1,48
0,2,1,1,1,48
0,2,1,1,1,48
0,2,1,1,1,48
0,0,0,0,0,49
0,0,0,1,0,49
0,0,0,1,0,49
1,0,0,1,0,49
1,0,1,1,0,49
1,1,1,1,0,49
1,1,1,1,1,49
1,1,1,1,1,49
1,1,1,1,2,49
1,1,1,1,2,49
1,1,1,1,2,49
1,1,1,1,2,49
1,1,1,1,2,49
1,2,1,1,2,49
1,2,1,1,2,49
1,2,1,1,2,49
1,2,1,1,2,49
1,2,1,1,2,49
1,2,1,1,2,49
1,2,1,1,2,49
1,2,1,1,2,49
1,2,1,1,2,49
1,2,1,1,2,49
1,2,1,1,2,49
1,2,1,1,2,49
1,2,1,1,2,49
1,2,1,1,2,49
1,2,1,1,2,49
1,2,1,1,2,49
1,2,1,1,2,49
1,2,1,1,2,49
1,1,1,1,2,49
1,1,1,1,2,49
1,1,1,1,2,49
1,1,1,1,2,49
1,1,1,1,2,49
1,1,1,1,2,49
1,1,1,1,2,49
1,1,1,1,2,49
1,1,1,1,2,49
1,1,1,1,2,49
1,1,1,1,2,49
1,1,1,1,2,49
1,1,1,1,2,49
1,1,1,1,2,49
1,1,1,1,2,49
1,1,1,1,2,49
1,1,1,1,2,49
1,1,1,1,2,49
1,1,1,1,2,49
1,1,1,1,2,49
1,1,1,1,2,49
1,1,1,1,2,49
1,1,1,1,2,49
1,1,1,1,2,49
1,1,1,1,2,49
1,1,1,1,2,49
1,1,1,1,2,49
1,1,1,1,2,49
1,1,1,1,2,49
1,1,1,1,2,49
1,1,1,1,2,49
1,1,1,1,2,49
1,1,1,1,2,49
1,1,1,1,2,49
1,1,1,1,2,49
1,1,1,1,2,49
1,1,1,1,2,49
1,1,1,1,2,49
1,1,1,1,2,49
1,1,1,1,2,49
1,1,1,1,2,49
1,1,1,1,2,49
1,1,1,1,2,49
1,1,1,1,2,49
1,1,1,1,2,49
1,1,1,1,2,49
1,1,1,1,2,49
1,1,1,1,2,49
1,1,1,1,2,49
1,1,1,1,2,49
1,1,1,1,2,49
1,1,1,1,2,49
1,1,1,1,2,49
1,1,1,1,2,49
1,1,1,1,2,49
1,1,1,1,2,49
1,1,1,1,2,49
1,1,1,1,2,49
1,1,1,1,2,49
1,1,1,1,2,49
1,1,1,1,2,49
1,1,1,1,2,49
1,1,1,1,2,49
1,1,1,1,2,49
1,1,1,1,2,49
1,1,1,1,2,49
1,1,1,1,2,49
1,1,1,1,2,49
1,1,1,1,2,49
0,0,0,0,0,50
1,0,0,0,0,50
1,0,0,1,0,50
1,0,0,1,0,50
1,0,1,1,0,50
2,0,1,1,0,50
2,1,1,1,0,50
2,1,1,1,0,50
3,1,1,1,0,50
3,1,1,1,1,50
3,1,1,1,1,50
3,2,1,1,1,50
3,2,1,1,1,50
3,2,1,1,1,50
3,2,1,1,1,50
3,2,1,1,1,50
3,2,1,1,1,50
3,2,1,1,1,50
3,2,1,1,1,50
3,2,1,1,1,50
3,2,1,1,1,50
3,2,1,1,1,50
3,2,1,1,1,50
3,2,1,1,1,50
3,2,1,1,1,50
3,2,1,1,1,50
3,2,1,1,1,50
3,2,1,1,1,50
3,2,1,1,1,50
3,2,1,1,1,50
3,2,1,1,1,50
3,2,1,1,1,50
3,2,1,1,1,50
3,2,1,1,1,50
3,2,1,1,1,50
3,2,1,1,1,50
3,2,1,1,1,50
3,2,1,1,1,50
3,2,1,1,1,50
3,2,1,1,1,50
3,2,1,1,1,50
3,2,1,1,1,50
3,2,1,1,1,50
3,2,1,1,1,50
3,2,1,1,1,50
3,2,1,1,1,50
3,2,1,1,1,50
3,2,1,1,1,50
3,2,1,1,1,50
3,2,1,1,1,50
3,2,1,1,1,50
3,2,1,1,1,50
3,2,1,1,1,50
3,2,1,1,1,50
3,2,1,1,1,50
3,2,1,1,1,50
3,2,1,1,1,50
3,2,1,1,1,50
3,2,1,1,1,50
3,2,1,1,1,50
3,2,1,1,1,50
3,2,1,1,1,50
3,2,1,1,1,50
3,2,1,1,1,50
3,2,1,1,1,50
3,2,1,1,1,50
3,2,1,1,1,50
3,2,1,1,1,50
3,2,1,1,1,50
3,2,1,1,1,50
3,2,1,1,1,50
3,2,1,1,1,50
3,2,1,1,1,50
3,2,1,1,1,50
3,2,1,1,1,50
3,2,1,1,1,50
3,2,1,1,1,50
3,2,1,1,1,50
3,2,1,1,1,50
3,2,1,1,1,50
3,2,1,1,1,50
3,2,1,1,1,50
3,2,1,1,1,50
3,2,1,1,1,50
3,2,1,1,1,50
3,2,1,1,1,50
3,2,1,1,1,50
3,2,1,1,1,50
3,2,1,1,1,50
3,2,1,1,1,50
3,2,1,1,1,50
3,2,1,1,1,50
3,2,1,1,1,50
3,2,1,1,1,50
3,2,1,1,1,50
3,2,1,1,1,50
3,2,1,1,1,50
3,2,1,1,1,50
3,2,1,1,1,50
3,2,1,1,1,50
0,0,0,0,0,51
1,0,0,0,0,51
1,0,0,0,0,51
1,0,0,1,0,51
1,1,0,1,0,51
2,1,0,1,0,51
3,1,0,1,0,51
3,2,0,1,0,51
3,2,0,1,1,51
3,2,0,1,1,51
3,2,0,1,0,51
3,2,0,1,0,51
3,2,0,1,0,51
3,2,0,1,0,51
3,2,0,1,0,51
3,2,0,1,0,51
3,2,0,1,0,51
3,2,0,1,0,51
3,2,0,1,0,51
3,2,0,1,0,51
3,2,0,1,0,51
3,2,0,1,0,51
3,2,0,1,0,51
3,2,0,1,0,51
3,2,0,1,0,51
3,2,0,1,1,51
3,2,0,1,1,51
3,2,0,1,1,51
3,2,0,1,1,51
3,2,0,1,1,51
3,2,0,1,1,51
3,2,0,1,1,51
3,2,0,1,1,51
3,2,0,1,1,51
3,2,0,1,1,51
3,2,0,1,1,51
3,2,0,1,1,51
3,2,0,1,1,51
3,2,0,1,1,51
3,2,0,1,1,51
3,2,0,1,2,51
3,2,0,1,2,51
3,2,0,1,2,51
3,2,0,1,2,51
3,2,0,1,2,51
3,2,0,1,2,51
3,2,0,1,2,51
3,2,0,1,2,51
3,2,0,1,2,51
3,2,0,1,2,51
3,2,0,1,2,51
3,2,0,1,2,51
3,2,0,1,2,51
3,2,0,1,2,51
3,2,0,1,2,51
3,2,0,1,2,51
3,2,0,1,2,51
3,2,0,1,2,51
3,2,0,1,2,51
3,2,0,1,2,51
3,2,0,1,2,51
3,2,0,1,2,51
3,2,0,1,2,51
3,2,0,1,2,51
3,2,0,1,2,51
3,2,0,1,2,51
3,2,0,1,2,51
3,2,0,1,2,51
3,2,0,1,2,51
3,2,0,1,2,51
3,2,0,1,2,51
3,2,0,1,2,51
3,2,0,1,2,51
3,2,0,1,2,51
3,2,0,1,2,51
3,2,0,1,2,51
3,2,0,1,2,51
3,2,0,1,2,51
3,2,0,1,2,51
3,2,0,1,2,51
2,2,0,1,2,51
2,2,0,1,2,51
2,2,0,1,2,51
2,2,0,1,2,51
2,2,0,1,2,51
2,2,0,1,2,51
2,2,0,1,2,51
2,2,0,1,2,51
2,2,0,1,2,51
2,2,0,1,2,51
2,2,0,1,2,51
2,2,0,1,2,51
2,2,0,1,2,51
2,2,0,1,2,51
2,2,0,1,2,51
2,2,0,1,2,51
2,2,0,1,2,51
2,2,0,1,2,51
2,2,0,1,2,51
2,2,0,1,2,51
0,0,0,0,0,52
0,1,0,0,0,52
0,1,1,0,0,52
0,2,1,0,0,52
0,2,1,0,0,52
0,2,1,1,0,52
1,2,1,1,0,52
1,2,1,1,0,52
1,2,1,1,0,52
1,2,1,1,0,52
2,2,1,1,0,52
2,2,1,2,0,52
2,2,1,2,1,52
2,3,1,2,1,52
2,3,1,2,1,52
2,3,1,2,1,52
2,4,1,2,1,52
2,4,1,2,2,52
2,4,2,2,2,52
2,4,2,2,2,52
3,4,2,2,2,52
3,5,2,2,2,52
3,5,2,2,2,52
3,5,2,2,2,52
3,5,2,2,3,52
3,5,2,2,3,52
3,5,3,2,3,52
3,5,3,2,3,52
3,5,3,2,3,52
3,5,3,2,3,52
4,5,3,2,3,52
3,5,3,2,4,52
3,5,3,2,4,52
4,4,3,2,4,52
4,4,3,2,3,52
4,4,3,2,3,52
4,5,3,2,3,52
4,6,3,2,2,52
5,6,3,2,2,52
5,6,3,3,2,52
6,6,3,3,2,52
6,6,3,3,3,52
7,6,3,3,3,52
7,6,3,4,3,52
7,6,2,4,3,52
7,6,2,5,3,52
7,6,2,5,3,52
8,6,2,5,3,52
8,6,3,5,3,52
8,6,3,5,3,52
8,6,4,5,3,52
8,6,4,5,4,52
8,6,5,5,4,52
8,6,5,5,5,52
8,6,5,5,5,52
7,6,5,5,5,52
7,6,5,5,5,52
7,6,5,5,5,52
7,7,5,5,5,52
7,7,5,5,5,52
8,7,5,5,5,52
8,7,5,5,5,52
8,7,5,5,5,52
8,7,5,5,5,52
8,7,5,5,5,52
8,7,5,5,5,52
7,7,5,5,5,52
7,7,5,5,5,52
7,7,5,5,5,52
7,7,5,5,5,52
7,7,5,5,5,52
7,7,5,5,6,52
7,7,5,5,6,52
7,7,5,5,6,52
8,7,4,5,6,52
8,7,4,5,6,52
8,7,4,5,6,52
8,7,4,5,6,52
8,7,5,5,6,52
8,7,5,5,6,52
8,7,5,5,6,52
8,7,5,5,7,52
8,7,6,5,7,52
8,7,6,5,8,52
8,7,6,5,8,52
7,7,6,5,8,52
7,7,6,4,9,52
7,7,7,4,9,52
7,7,7,4,9,52
7,7,7,4,9,52
7,7,7,4,9,52
7,8,7,4,9,52
7,8,7,4,9,52
7,8,7,4,9,52
7,8,7,4,9,52
7,8,6,4,10,52
7,8,6,4,10,52
7,8,6,4,10,52
7,8,6,4,11,52
7,8,6,4,11,52
0,0,0,0,0,53
0,0,0,1,0,53
0,0,0,1,0,53
1,0,0,1,0,53
1,0,0,1,0,53
1,0,1,1,0,53
1,0,1,1,0,53
1,0,1,1,1,53
1,0,1,1,2,53
1,0,1,1,2,53
1,0,1,1,2,53
2,0,1,1,2,53
2,0,1,1,2,53
2,0,1,1,2,53
2,0,1,1,3,53
2,0,1,1,3,53
2,1,1,1,3,53
2,1,1,1,3,53
2,1,1,1,3,53
2,1,1,1,3,53
2,1,1,1,3,53
2,1,1,1,3,53
2,1,1,1,3,53
2,1,1,1,3,53
2,1,1,1,3,53
2,1,1,1,3,53
2,1,1,1,3,53
2,1,1,1,3,53
2,1,1,1,3,53
2,1,1,1,3,53
2,1,1,1,3,53
2,1,1,1,3,53
2,1,1,1,3,53
2,1,1,1,3,53
2,1,1,1,3,53
2,1,1,1,3,53
2,1,1,1,3,53
2,1,1,1,3,53
2,1,1,1,3,53
2,1,1,1,3,53
2,1,1,1,3,53
2,1,1,1,3,53
2,1,1,1,3,53
2,1,1,1,3,53
2,1,1,1,3,53
2,1,1,1,3,53
2,1,1,1,3,53
2,1,1,1,3,53
2,1,1,1,3,53
2,1,1,1,3,53
2,1,1,1,3,53
2,1,1,1,3,53
2,1,1,1,3,53
2,1,1,1,3,53
2,1,1,1,3,53
2,1,1,1,3,53
2,1,1,1,3,53
2,1,1,1,3,53
2,1,1,1,3,53
2,1,1,1,3,53
2,1,1,1,3,53
2,1,1,1,3,53
2,1,1,1,3,53
2,1,1,1,3,53
2,1,1,1,3,53
2,1,1,1,3,53
2,1,1,1,3,53
2,1,1,1,3,53
2,1,1,1,3,53
2,1,1,1,3,53
2,1,1,1,3,53
2,1,1,1,3,53
2,1,1,1,2,53
2,1,1,1,2,53
2,1,1,1,2,53
2,1,1,1,2,53
2,1,1,1,2,53
2,1,1,1,2,53
2,1,1,1,2,53
2,1,1,1,2,53
2,1,1,1,2,53
2,1,1,1,2,53
2,1,1,1,2,53
2,1,1,1,2,53
2,1,1,1,2,53
2,1,1,1,2,53
2,1,1,1,2,53
2,1,1,1,2,53
2,1,1,1,2,53
2,1,1,1,2,53
2,1,1,1,2,53
2,1,1,1,2,53
2,1,1,1,2,53
2,1,1,1,2,53
2,1,1,1,2,53
2,1,1,1,2,53
2,1,1,1,2,53
2,1,1,1,2,53
2,1,1,1,2,53
2,1,1,1,2,53
0,0,0,0,0,54
0,0,0,0,1,54
1,0,0,0,1,54
1,0,1,0,1,54
1,0,1,0,2,54
2,0,1,0,2,54
2,0,1,0,2,54
2,0,1,1,2,54
2,0,1,1,2,54
2,0,1,1,2,54
2,1,1,1,2,54
2,1,1,1,2,54
2,2,1,1,2,54
2,2,1,1,2,54
2,2,1,1,1,54
2,2,1,1,1,54
2,2,1,1,1,54
2,2,1,1,1,54
2,2,1,1,2,54
2,2,1,1,2,54
2,2,1,1,2,54
2,2,1,1,2,54
2,2,1,1,2,54
3,2,1,1,2,54
3,2,1,1,2,54
3,2,1,1,2,54
3,2,1,1,2,54
3,2,1,1,2,54
3,2,1,1,3,54
3,2,1,1,3,54
3,2,1,1,3,54
3,2,1,1,3,54
3,2,1,1,3,54
3,1,1,1,4,54
3,2,1,1,4,54
3,2,2,1,4,54
3,2,2,1,4,54
3,2,2,1,4,54
3,2,2,2,4,54
3,2,2,2,4,54
3,3,2,2,4,54
3,3,2,2,4,54
3,3,3,2,4,54
3,3,3,2,4,54
3,3,3,2,4,54
3,3,3,2,4,54
3,3,3,2,4,54
3,3,3,2,4,54
3,3,3,2,4,54
4,3,3,2,4,54
4,3,3,2,4,54
4,3,3,2,4,54
4,3,3,2,4,54
4,3,3,2,5,54
4,3,3,2,5,54
4,3,3,2,5,54
4,3,3,2,5,54
4,3,3,2,6,54
4,3,3,2,6,54
4,3,3,2,6,54
4,3,3,2,6,54
4,3,3,2,6,54
4,3,3,2,6,54
4,4,3,2,5,54
4,4,3,2,5,54
4,4,3,2,5,54
4,4,3,2,5,54
4,4,3,2,5,54
4,4,3,2,5,54
4,4,3,2,5,54
4,4,3,2,6,54
4,4,3,2,6,54
4,4,3,2,6,54
4,4,3,2,6,54
4,4,3,2,6,54
4,4,3,2,6,54
4,4,3,2,6,54
4,4,3,2,6,54
4,4,3,2,6,54
4,4,3,2,5,54
4,5,3,2,5,54
4,5,3,2,5,54
4,5,3,2,5,54
4,5,3,2,5,54
4,5,3,2,5,54
4,4,3,2,6,54
4,4,3,2,6,54
4,4,3,2,6,54
4,4,3,2,6,54
4,4,3,2,6,54
3,4,3,2,6,54
3,4,3,2,6,54
3,4,3,2,6,54
3,4,3,2,6,54
3,4,3,2,6,54
3,4,4,2,6,54
3,4,4,2,6,54
3,4,4,2,6,54
3,4,4,2,6,54
3,4,4,2,6,54
0,0,0,0,0,55
1,0,0,0,0,55
2,0,0,0,0,55
2,0,0,0,1,55
2,0,0,0,1,55
2,1,0,0,1,55
2,2,0,0,1,55
2,2,0,1,1,55
3,2,0,1,1,55
3,2,0,1,1,55
3,2,0,1,1,55
3,2,0,1,1,55
3,2,0,1,1,55
3,2,0,1,1,55
3,2,0,1,1,55
3,2,0,1,2,55
3,2,0,1,2,55
3,2,0,1,2,55
3,2,0,1,2,55
3,2,0,1,2,55
3,2,0,1,2,55
3,2,0,1,2,55
3,2,0,1,2,55
3,2,0,1,2,55
3,2,0,1,2,55
3,2,0,1,2,55
3,2,0,1,2,55
3,2,0,1,2,55
3,2,0,1,2,55
3,2,0,1,2,55
3,2,0,1,2,55
3,1,0,1,2,55
3,1,0,1,2,55
3,1,0,1,2,55
3,1,0,1,2,55
3,1,0,1,2,55
3,1,0,1,2,55
3,1,0,1,2,55
3,1,0,1,2,55
3,1,0,1,2,55
3,1,0,1,2,55
3,1,0,1,2,55
3,1,0,1,2,55
3,1,0,1,2,55
3,1,0,1,2,55
3,1,0,1,2,55
3,1,0,1,2,55
3,1,0,1,2,55
3,1,0,1,2,55
3,1,0,1,2,55
3,1,0,1,2,55
3,1,0,1,2,55
3,1,0,1,2,55
3,1,0,1,2,55
3,1,0,1,2,55
3,1,0,1,2,55
3,1,0,1,2,55
3,1,0,1,2,55
3,1,0,1,2,55
3,1,0,1,2,55
3,1,0,1,2,55
3,1,0,1,2,55
3,1,0,1,2,55
3,1,0,1,2,55
3,1,0,1,2,55
3,1,0,1,2,55
2,1,0,1,2,55
2,1,0,1,2,55
2,1,0,1,2,55
2,1,0,1,2,55
2,1,0,1,2,55
2,1,0,1,2,55
2,1,0,1,2,55
2,1,0,1,2,55
2,1,0,1,2,55
2,1,0,1,2,55
2,1,0,1,2,55
2,1,0,1,2,55
2,1,0,1,2,55
2,1,0,1,2,55
2,1,0,1,2,55
2,1,0,1,2,55
2,1,0,1,2,55
2,1,0,1,2,55
2,1,0,1,2,55
2,1,0,1,2,55
2,1,0,1,2,55
2,1,0,1,2,55
2,1,0,1,2,55
2,1,0,1,2,55
2,1,0,1,2,55
2,1,0,1,2,55
2,1,0,1,2,55
2,1,0,1,2,55
2,1,0,1,2,55
2,1,0,1,2,55
2,1,0,1,2,55
1,1,0,1,2,55
1,1,0,1,2,55
1,1,0,1,2,55
0,0,0,0,0,56
1,0,0,0,0,56
1,0,0,0,1,56
1,0,0,1,1,56
1,0,0,1,2,56
1,0,0,1,2,56
1,1,0,1,2,56
1,1,0,1,2,56
1,1,0,1,3,56
1,2,0,1,3,56
1,2,0,1,4,56
1,2,0,1,4,56
1,2,0,1,4,56
1,2,0,1,3,56
1,2,0,1,3,56
1,2,0,1,3,56
1,2,0,1,3,56
1,2,0,1,3,56
1,2,0,1,3,56
1,2,0,1,3,56
1,2,0,1,3,56
1,2,0,1,3,56
1,2,0,1,3,56
1,2,0,1,3,56
1,2,0,1,3,56
1,2,0,1,3,56
1,2,0,1,3,56
1,2,0,1,3,56
1,2,0,1,3,56
1,2,0,1,3,56
1,2,0,1,3,56
1,2,0,1,3,56
1,2,0,1,3,56
1,2,0,1,3,56
1,2,0,1,3,56
1,2,0,1,3,56
1,2,0,1,3,56
1,2,0,1,3,56
1,2,0,1,3,56
1,2,0,1,3,56
1,2,0,1,3,56
1,2,0,1,3,56
1,2,0,1,3,56
1,2,0,1,3,56
1,2,0,1,3,56
1,2,0,1,3,56
1,2,0,1,3,56
1,2,0,1,3,56
1,2,0,1,3,56
1,2,0,1,3,56
1,2,0,1,3,56
1,2,0,1,3,56
1,2,0,1,3,56
1,2,0,1,3,56
1,2,0,1,3,56
1,2,0,1,3,56
1,2,0,1,3,56
1,2,0,1,3,56
1,2,0,1,3,56
1,2,0,1,3,56
1,2,0,1,3,56
1,2,0,1,3,56
1,2,0,1,3,56
1,2,0,1,3,56
1,2,0,1,3,56
1,2,0,1,3,56
1,2,0,1,3,56
1,2,0,1,3,56
1,2,0,1,3,56
1,2,0,1,3,56
1,2,0,1,3,56
1,2,0,1,3,56
1,2,0,1,3,56
1,2,0,1,3,56
1,2,0,1,3,56
1,2,0,1,3,56
1,2,0,1,3,56
1,2,0,1,3,56
1,2,0,1,3,56
1,1,0,1,3,56
1,1,0,1,3,56
1,1,0,1,3,56
1,1,0,1,3,56
1,1,0,1,3,56
1,1,0,1,3,56
1,1,0,1,3,56
1,1,0,1,3,56
1,1,0,1,3,56
1,1,0,1,3,56
1,1,0,1,3,56
1,1,0,1,3,56
1,1,0,1,3,56
1,1,0,1,3,56
1,1,0,1,3,56
1,1,0,1,3,56
1,1,0,1,3,56
1,1,0,1,3,56
1,1,0,1,3,56
1,1,0,1,3,56
1,1,0,1,3,56
0,0,0,0,0,57
1,0,0,0,0,57
1,1,0,0,0,57
1,1,1,0,0,57
1,1,1,0,0,57
1,1,1,1,0,57
1,1,1,1,0,57
1,1,1,2,0,57
1,1,1,2,0,57
2,1,1,2,0,57
2,1,1,2,0,57
2,1,1,2,0,57
2,0,1,2,0,57
2,0,1,2,0,57
2,0,1,2,1,57
2,1,1,2,1,57
2,1,1,2,2,57
3,1,1,2,2,57
3,1,1,2,2,57
3,1,1,2,1,57
3,2,1,2,1,57
3,2,1,2,1,57
3,2,1,2,1,57
3,3,1,2,1,57
3,3,1,2,1,57
3,3,1,2,1,57
3,3,1,2,1,57
3,4,1,2,1,57
3,4,1,2,1,57
3,4,1,2,1,57
3,4,2,1,1,57
3,4,2,1,1,57
3,4,2,1,1,57
3,4,2,1,1,57
3,4,2,1,1,57
3,4,2,2,1,57
3,4,2,2,1,57
3,4,2,2,1,57
3,4,2,2,1,57
3,4,2,2,2,57
3,4,2,2,2,57
4,4,2,2,2,57
5,4,2,2,2,57
5,4,2,2,3,57
5,4,2,2,3,57
5,4,3,2,3,57
5,4,3,2,3,57
5,4,4,2,3,57
5,4,4,2,4,57
5,4,5,2,4,57
5,4,5,2,4,57
5,4,5,2,4,57
5,5,5,2,4,57
5,5,5,2,4,57
5,5,5,2,4,57
5,5,5,2,5,57
5,5,5,2,5,57
5,5,5,2,5,57
6,5,5,2,5,57
6,5,5,2,5,57
6,5,5,2,5,57
6,5,5,2,5,57
6,5,5,2,5,57
6,6,5,2,5,57
6,6,5,2,5,57
6,6,5,2,6,57
6,6,5,2,6,57
6,6,5,2,6,57
6,6,5,2,5,57
6,6,5,2,5,57
6,6,5,3,5,57
6,6,5,3,5,57
6,6,5,3,5,57
6,6,5,3,5,57
5,7,5,3,5,57
5,7,5,3,5,57
5,7,5,3,5,57
5,7,5,3,5,57
5,6,6,3,5,57
5,6,6,3,5,57
5,6,6,3,5,57
5,6,6,3,5,57
5,7,6,3,5,57
5,7,5,3,5,57
5,7,5,3,5,57
5,7,6,3,5,57
5,7,6,3,5,57
5,7,6,3,5,57
5,7,6,3,5,57
5,7,6,3,5,57
5,8,6,3,5,57
5,8,6,3,5,57
5,8,6,3,4,57
5,8,5,3,5,57
5,8,6,3,5,57
5,8,6,3,5,57
5,8,6,3,5,57
5,8,5,3,6,57
5,8,5,3,6,57
5,8,5,3,7,57
0,0,0,0,0,58
0,0,1,0,0,58
1,0,1,0,0,58
1,0,1,1,0,58
1,1,1,1,0,58
2,1,1,1,0,58
3,1,1,1,0,58
3,1,1,1,0,58
3,1,1,1,1,58
4,1,1,1,1,58
4,1,1,1,1,58
4,1,1,1,1,58
4,1,1,2,1,58
4,1,1,2,2,58
4,2,1,2,2,58
4,3,1,2,2,58
4,3,1,3,2,58
4,3,1,3,3,58
4,3,1,3,4,58
4,3,1,4,4,58
4,3,1,4,4,58
4,3,1,5,4,58
5,3,1,5,4,58
5,3,1,5,4,58
5,3,1,5,4,58
5,3,2,5,4,58
5,4,2,5,4,58
5,4,3,5,4,58
5,3,3,5,4,58
4,4,3,5,4,58
4,4,3,5,4,58
4,4,3,6,4,58
4,4,3,7,4,58
4,4,3,7,4,58
5,4,3,7,4,58
5,5,3,7,4,58
5,6,3,7,4,58
5,7,3,7,3,58
5,8,3,7,3,58
5,8,4,7,3,58
5,8,4,7,3,58
5,8,4,7,4,58
5,8,3,7,5,58
6,8,3,7,5,58
5,8,3,8,5,58
5,8,3,8,6,58
5,8,4,8,6,58
5,8,5,8,6,58
5,8,5,8,6,58
5,8,5,8,7,58
5,8,6,8,7,58
6,8,6,8,7,58
6,9,6,8,7,58
6,10,6,8,7,58
6,10,6,8,7,58
6,10,6,8,8,58
7,10,6,8,8,58
7,10,6,8,8,58
7,10,5,8,9,58
7,9,5,8,10,58
7,9,5,9,10,58
7,9,6,9,10,58
7,9,6,9,10,58
8,9,6,9,10,58
8,9,5,9,11,58
8,10,5,9,10,58
8,10,5,9,11,58
8,10,5,9,12,58
9,10,5,9,11,58
8,10,6,9,11,58
8,10,6,9,10,58
8,10,6,9,10,58
9,9,6,9,10,58
10,9,6,8,10,58
10,9,6,8,10,58
10,9,6,8,11,58
10,9,6,8,12,58
10,9,5,8,12,58
10,9,5,8,12,58
10,9,5,8,11,58
10,9,6,7,11,58
10,8,6,7,11,58
10,8,6,7,11,58
10,8,6,7,11,58
10,8,6,7,12,58
11,8,6,7,12,58
12,8,6,7,12,58
12,8,6,7,12,58
12,8,6,7,12,58
12,8,6,7,12,58
12,8,6,7,12,58
12,8,6,7,12,58
12,8,6,7,12,58
12,8,6,7,12,58
12,8,7,7,12,58
12,8,7,7,12,58
12,8,7,7,12,58
12,8,7,7,12,58
12,9,7,7,12,58
11,9,7,7,13,58
0,0,0,0,0,59
0,0,1,0,0,59
1,0,1,0,0,59
1,0,1,0,0,59
1,0,1,0,0,59
1,0,1,0,1,59
2,0,1,0,1,59
2,1,1,0,1,59
2,1,1,1,1,59
2,2,1,1,1,59
2,2,1,1,1,59
2,2,1,2,1,59
2,2,1,2,1,59
2,2,1,2,1,59
2,2,1,2,2,59
3,2,1,2,2,59
3,2,1,2,2,59
3,2,1,2,3,59
3,2,1,3,3,59
3,2,1,3,3,59
3,3,1,3,3,59
3,2,1,3,4,59
3,2,2,2,4,59
3,2,2,2,4,59
3,2,3,2,4,59
3,2,2,2,4,59
3,2,2,2,4,59
3,2,2,2,4,59
3,3,2,2,4,59
2,3,2,2,4,59
2,3,2,3,4,59
2,4,2,3,4,59
3,4,2,3,4,59
3,4,2,3,4,59
3,4,2,4,4,59
3,4,3,4,4,59
3,4,3,4,4,59
3,4,3,4,5,59
3,4,3,4,5,59
3,3,3,4,6,59
3,3,3,4,6,59
3,3,3,5,6,59
3,4,3,5,6,59
3,4,3,5,7,59
3,4,3,5,7,59
3,4,3,5,7,59
4,4,3,5,7,59
4,4,3,5,7,59
4,4,3,5,8,59
4,5,2,5,8,59
4,5,2,5,8,59
4,6,2,5,8,59
4,6,2,5,7,59
4,6,2,5,7,59
5,6,2,5,7,59
5,6,2,5,7,59
5,6,2,5,7,59
5,7,2,5,7,59
5,7,2,5,7,59
5,7,2,5,7,59
5,8,2,5,7,59
5,8,2,5,7,59
5,8,2,5,7,59
5,9,2,5,7,59
5,9,2,5,7,59
4,9,2,5,7,59
4,9,2,5,7,59
4,9,2,5,7,59
4,9,2,5,7,59
4,9,2,5,7,59
4,9,2,5,7,59
4,9,2,5,8,59
4,9,2,5,8,59
4,9,2,5,8,59
4,9,2,5,8,59
5,9,2,5,8,59
5,9,2,5,8,59
5,9,2,5,9,59
5,9,2,5,9,59
5,8,2,5,9,59
6,8,2,5,9,59
6,8,2,5,9,59
6,8,2,5,9,59
6,8,2,5,9,59
6,8,2,6,9,59
5,8,2,6,9,59
5,7,2,6,9,59
5,7,2,6,9,59
5,7,2,6,9,59
5,7,2,6,9,59
5,8,2,6,9,59
5,8,2,6,9,59
5,8,2,6,9,59
5,9,2,6,9,59
5,9,2,6,9,59
5,9,2,6,9,59
5,9,2,6,9,59
5,9,2,6,10,59
5,9,2,6,10,59
5,9,2,6,10,59
0,0,0,0,0,60
0,0,0,1,0,60
1,0,0,1,0,60
1,0,0,1,1,60
1,1,0,1,1,60
1,1,0,1,1,60
1,1,1,1,1,60
2,1,1,1,1,60
2,1,1,1,0,60
2,1,1,1,1,60
2,2,1,1,1,60
2,2,1,1,1,60
2,2,1,1,1,60
2,2,1,1,1,60
2,2,1,1,1,60
2,2,1,1,1,60
2,2,1,1,1,60
2,2,1,1,1,60
2,2,1,1,1,60
2,2,1,1,1,60
2,2,1,1,1,60
2,2,1,1,1,60
2,2,1,1,1,60
2,2,1,1,1,60
2,2,1,1,1,60
2,2,1,1,1,60
2,2,1,1,1,60
2,2,1,1,1,60
2,2,1,1,1,60
2,2,1,1,1,60
2,2,1,1,1,60
2,2,1,1,1,60
2,2,1,1,1,60
2,2,1,1,1,60
2,2,1,1,1,60
2,2,1,1,1,60
2,2,1,1,1,60
2,2,1,1,1,60
2,2,1,1,1,60
2,2,1,1,1,60
2,2,1,1,1,60
2,2,1,1,1,60
2,2,1,1,1,60
2,2,1,1,1,60
2,2,1,1,1,60
2,2,1,1,1,60
2,2,1,1,1,60
2,2,1,1,1,60
2,2,1,1,1,60
2,2,1,1,1,60
2,2,1,1,1,60
2,2,1,1,1,60
2,2,1,1,1,60
2,2,1,1,1,60
2,2,1,1,1,60
2,2,1,1,1,60
2,2,1,1,1,60
2,2,1,1,1,60
2,2,1,1,1,60
2,2,1,1,1,60
2,2,1,1,1,60
2,2,1,1,1,60
2,2,1,1,1,60
2,2,1,1,1,60
2,2,1,1,1,60
2,2,1,1,1,60
2,2,1,1,1,60
2,2,1,1,1,60
2,2,1,1,1,60
2,2,1,1,1,60
2,2,1,1,1,60
2,2,1,1,1,60
2,2,1,1,1,60
2,2,1,1,1,60
2,2,1,1,1,60
2,2,1,1,1,60
2,2,1,1,1,60
2,2,1,1,1,60
2,2,1,1,1,60
2,2,1,1,1,60
2,2,1,1,1,60
2,2,1,1,1,60
2,2,1,1,1,60
2,2,1,1,1,60
2,2,1,1,1,60
2,2,1,1,1,60
2,2,1,1,1,60
2,2,1,1,1,60
2,2,1,1,1,60
2,2,1,1,1,60
2,2,1,1,1,60
2,2,1,1,1,60
2,2,1,1,1,60
2,2,1,1,1,60
2,2,1,1,1,60
2,2,1,1,1,60
2,2,1,1,1,60
2,2,1,1,1,60
2,2,1,1,1,60
2,2,1,1,1,60
0,0,0,0,0,61
0,0,0,0,0,61
0,0,0,0,0,61
0,1,0,0,0,61
1,1,0,0,0,61
1,1,0,0,1,61
1,1,0,0,2,61
1,1,0,0,2,61
1,1,0,1,2,61
1,1,0,1,2,61
2,1,0,1,2,61
2,1,0,1,2,61
2,1,0,1,2,61
2,1,0,1,2,61
2,1,0,1,2,61
2,1,0,1,2,61
2,1,0,1,2,61
0,0,0,0,0,62
0,0,0,1,0,62
0,1,0,1,0,62
0,1,1,1,0,62
0,1,1,1,0,62
0,1,1,1,1,62
0,1,1,1,1,62
1,1,1,1,1,62
2,1,1,1,1,62
2,1,1,1,1,62
2,1,1,1,1,62
2,1,1,1,1,62
2,1,1,1,2,62
2,1,1,1,2,62
3,1,1,1,2,62
4,1,1,1,2,62
4,2,1,1,2,62
4,2,1,1,2,62
4,2,1,1,2,62
4,2,1,1,2,62
4,2,2,1,2,62
4,3,2,1,2,62
4,3,2,1,2,62
4,3,2,1,2,62
4,3,2,1,2,62
4,3,3,1,2,62
4,3,3,1,2,62
4,3,3,1,2,62
4,3,3,1,2,62
4,3,3,1,3,62
4,3,3,1,3,62
3,3,4,1,3,62
3,3,4,1,3,62
3,4,3,1,3,62
3,4,3,1,3,62
3,4,3,1,3,62
3,5,3,1,3,62
3,5,3,1,3,62
4,5,3,1,3,62
4,5,3,1,4,62
4,5,3,1,4,62
4,5,3,2,4,62
4,5,3,2,4,62
4,5,4,2,4,62
4,5,4,2,4,62
4,5,4,2,4,62
4,5,4,2,4,62
4,5,4,2,5,62
4,5,4,2,5,62
4,5,4,2,5,62
3,5,4,3,5,62
3,5,4,3,5,62
3,5,4,3,6,62
3,5,4,3,6,62
3,6,4,3,6,62
3,6,4,3,6,62
4,6,4,3,6,62
4,6,4,3,6,62
4,6,4,3,6,62
4,7,4,3,6,62
4,7,4,3,6,62
4,7,4,3,6,62
5,7,4,3,5,62
5,7,4,3,6,62
5,7,4,3,6,62
5,7,4,3,6,62
4,8,4,3,6,62
4,8,4,3,6,62
4,8,4,3,6,62
4,8,4,3,6,62
4,8,4,3,6,62
4,8,4,4,6,62
4,8,4,4,6,62
4,8,4,4,6,62
4,8,5,4,6,62
4,8,5,4,6,62
4,8,6,4,6,62
4,8,6,4,6,62
4,8,6,4,6,62
4,8,6,4,6,62
4,8,6,4,6,62
4,8,6,4,7,62
4,8,6,4,7,62
4,9,6,4,7,62
4,9,6,4,7,62
4,9,6,3,7,62
4,9,6,3,7,62
4,9,6,3,7,62
4,9,6,3,7,62
4,9,6,3,7,62
3,9,6,3,7,62
3,9,6,3,7,62
3,10,6,3,7,62
3,10,6,3,7,62
3,10,6,3,6,62
3,10,5,3,6,62
3,10,5,3,6,62
3,10,5,3,6,62
3,9,5,4,6,62
3,9,5,4,6,62
0,0,0,0,0,63
0,0,0,0,1,63
0,0,0,0,1,63
0,0,0,0,1,63
1,0,0,0,1,63
1,0,0,1,1,63
1,0,0,1,1,63
1,0,1,1,1,63
1,1,1,1,1,63
1,1,1,1,1,63
1,1,1,1,2,63
1,1,1,1,3,63
1,1,1,1,3,63
1,1,1,1,4,63
1,1,1,1,4,63
1,1,1,1,4,63
1,2,1,1,4,63
1,2,1,1,4,63
1,1,1,1,4,63
1,1,1,1,4,63
2,1,1,1,4,63
2,1,1,1,4,63
2,1,1,1,4,63
2,1,1,1,4,63
2,1,1,1,4,63
2,1,1,1,4,63
2,1,1,1,4,63
0,0,0,0,0,64
0,0,1,0,0,64
0,0,1,0,0,64
0,0,1,0,0,64
0,0,1,0,1,64
0,0,1,1,1,64
0,0,1,1,1,64
0,0,1,1,1,64
0,0,1,1,1,64
0,0,1,1,1,64
1,0,1,1,1,64
1,0,1,1,1,64
1,0,1,1,1,64
1,0,1,1,2,64
1,1,1,1,2,64
1,1,1,1,2,64
1,1,1,1,2,64
1,1,1,1,2,64
1,1,1,1,2,64
1,1,1,1,2,64
1,1,1,1,2,64
1,1,1,1,3,64
1,1,1,1,3,64
1,1,1,1,3,64
1,1,1,1,3,64
1,1,1,1,3,64
1,1,1,1,3,64
1,1,1,1,3,64
1,1,1,1,3,64
1,1,1,1,3,64
1,1,1,1,3,64
1,1,1,1,3,64
1,1,1,1,3,64
1,1,1,1,3,64
1,1,1,1,3,64
1,1,1,1,3,64
1,1,1,1,3,64
1,1,1,1,3,64
1,1,1,1,3,64
1,1,1,1,3,64
1,1,1,1,3,64
1,1,1,1,3,64
1,1,1,1,3,64
1,1,1,1,3,64
1,1,1,1,3,64
1,1,1,1,3,64
1,1,1,1,3,64
1,1,1,1,3,64
1,1,1,1,3,64
1,1,1,1,3,64
1,1,1,1,3,64
1,1,1,1,3,64
1,1,1,1,3,64
1,1,1,1,3,64
1,1,1,1,3,64
1,1,1,1,3,64
1,1,1,1,3,64
1,1,1,1,3,64
1,1,1,1,3,64
1,1,1,1,3,64
1,1,1,1,3,64
1,1,1,1,3,64
1,1,1,1,3,64
1,1,1,1,3,64
1,1,1,1,3,64
1,1,1,1,3,64
1,1,1,1,3,64
1,1,1,1,3,64
1,1,1,1,3,64
1,1,1,1,2,64
1,1,1,1,2,64
1,1,1,1,2,64
1,1,1,1,2,64
1,1,1,1,2,64
1,1,1,1,2,64
1,1,1,1,2,64
1,1,1,1,2,64
1,1,1,1,2,64
1,1,1,1,2,64
1,1,1,1,2,64
1,1,1,1,2,64
1,1,1,1,2,64
1,1,1,1,2,64
1,1,1,1,2,64
1,1,1,1,2,64
1,1,1,1,2,64
1,1,1,1,2,64
1,1,1,1,2,64
1,1,1,1,2,64
1,1,1,1,2,64
1,1,1,1,2,64
1,1,1,1,2,64
1,1,1,1,2,64
1,1,1,1,2,64
1,1,1,1,2,64
1,1,1,1,2,64
1,1,1,1,2,64
1,0,1,1,2,64
1,0,1,1,2,64
1,0,1,1,2,64
0,0,0,0,0,65
0,0,0,1,0,65
0,0,0,1,0,65
0,0,0,1,0,65
0,0,1,1,0,65
0,0,1,1,0,65
1,0,1,1,0,65
1,0,1,1,0,65
2,0,1,1,0,65
2,0,1,1,1,65
2,1,1,1,1,65
2,1,1,0,2,65
2,1,1,0,2,65
3,1,1,0,2,65
3,1,1,0,3,65
3,2,1,0,3,65
3,2,1,0,3,65
3,2,1,0,3,65
3,2,1,0,3,65
3,2,1,0,4,65
3,2,1,1,4,65
3,2,1,1,3,65
3,2,1,1,3,65
3,2,1,1,3,65
3,2,1,1,3,65
3,2,1,1,3,65
3,2,1,1,3,65
3,3,1,1,3,65
3,3,1,1,3,65
3,3,1,1,3,65
3,3,1,1,3,65
3,3,1,1,3,65
3,3,1,1,3,65
3,3,0,2,3,65
3,3,0,2,3,65
3,3,0,2,3,65
3,3,0,2,3,65
3,3,0,2,3,65
3,3,0,2,3,65
3,3,0,2,3,65
3,3,0,2,3,65
3,3,0,2,3,65
3,3,0,2,3,65
3,3,0,2,3,65
3,3,0,2,3,65
3,3,0,2,3,65
3,3,0,2,3,65
3,3,0,2,3,65
3,3,0,2,3,65
3,3,0,2,3,65
3,3,0,2,3,65
3,3,0,2,3,65
3,3,0,2,3,65
3,3,0,2,3,65
3,3,0,2,3,65
3,3,0,2,3,65
3,3,0,2,3,65
3,3,0,2,3,65
3,3,0,2,3,65
3,3,0,2,3,65
3,3,0,2,3,65
3,3,0,2,3,65
3,3,0,2,3,65
3,3,0,2,3,65
3,3,0,2,3,65
3,3,0,2,3,65
3,3,0,2,3,65
3,3,0,2,3,65
3,3,0,2,3,65
3,3,0,2,3,65
3,3,0,2,3,65
3,3,0,2,3,65
3,3,0,2,3,65
3,3,0,2,3,65
3,3,0,2,3,65
3,3,0,2,3,65
3,3,0,2,3,65
3,3,0,2,3,65
3,3,0,2,3,65
3,3,0,2,3,65
3,3,0,2,3,65
3,3,0,2,3,65
3,3,0,2,3,65
3,3,0,2,3,65
3,3,0,2,3,65
3,3,0,2,3,65
3,3,0,2,3,65
3,3,0,2,3,65
3,3,0,2,3,65
3,3,0,2,3,65
3,3,0,2,3,65
3,3,0,2,3,65
3,3,0,2,3,65
3,3,0,2,3,65
3,3,0,2,3,65
3,3,0,2,3,65
3,3,0,2,3,65
3,3,0,2,3,65
3,3,0,2,3,65
3,3,0,2,3,65
0,0,0,0,0,66
1,0,0,0,0,66
2,0,0,0,0,66
2,0,0,0,0,66
2,0,0,1,0,66
2,0,0,1,0,66
2,0,0,1,0,66
2,0,0,1,1,66
3,0,0,1,1,66
3,0,0,1,1,66
3,0,0,1,1,66
3,0,0,1,1,66
3,0,0,1,2,66
3,0,0,1,2,66
3,1,0,1,2,66
3,1,0,1,2,66
3,1,0,1,2,66
3,2,0,1,1,66
3,2,0,1,1,66
3,2,0,1,1,66
3,2,0,1,1,66
3,2,0,1,1,66
3,2,0,1,1,66
3,2,0,1,1,66
3,2,0,1,1,66
3,2,0,1,1,66
3,2,0,0,1,66
3,2,0,0,1,66
3,2,0,0,1,66
3,2,0,0,1,66
3,2,0,0,1,66
3,2,0,0,1,66
3,2,0,0,1,66
3,2,0,0,1,66
3,2,0,0,1,66
3,2,0,0,1,66
3,2,0,0,1,66
3,2,0,0,1,66
3,2,0,0,1,66
3,2,0,0,1,66
3,1,0,0,1,66
3,1,0,0,1,66
3,1,0,0,1,66
3,1,0,0,1,66
3,1,0,0,1,66
3,1,0,0,1,66
3,1,0,0,1,66
3,1,0,0,1,66
3,1,0,0,1,66
3,1,0,0,1,66
3,1,0,0,1,66
3,1,0,0,1,66
3,1,0,0,1,66
3,1,0,0,1,66
3,1,0,0,1,66
3,1,0,0,1,66
3,1,0,0,1,66
3,1,0,0,1,66
3,1,0,0,1,66
3,1,0,0,1,66
3,1,0,0,1,66
3,1,0,0,1,66
3,1,0,0,1,66
3,1,0,0,1,66
3,1,0,0,1,66
3,1,0,0,1,66
3,1,0,0,1,66
3,1,0,0,1,66
3,1,0,0,1,66
3,1,0,0,1,66
3,1,0,0,1,66
3,1,0,0,1,66
3,1,0,0,1,66
3,1,0,0,1,66
3,1,0,0,1,66
3,1,0,0,1,66
3,1,0,0,1,66
3,1,0,0,1,66
3,1,0,0,1,66
3,1,0,0,1,66
3,1,0,0,1,66
3,1,0,0,1,66
3,1,0,0,1,66
3,1,0,0,1,66
3,1,0,0,1,66
3,1,0,0,1,66
3,1,0,0,1,66
3,1,0,0,1,66
3,1,0,0,1,66
3,1,0,0,1,66
3,1,0,0,1,66
3,1,0,0,1,66
3,1,0,0,1,66
3,1,0,0,1,66
3,1,0,0,1,66
3,1,0,0,1,66
3,1,0,0,1,66
3,1,0,0,1,66
3,1,0,0,1,66
3,1,0,0,1,66
0,0,0,0,0,67
0,0,0,1,0,67
0,0,0,1,0,67
0,0,1,1,0,67
0,0,1,1,0,67
0,0,1,1,1,67
0,1,1,1,1,67
1,1,1,1,1,67
1,1,1,1,1,67
1,1,1,1,1,67
1,2,1,1,1,67
1,2,1,1,1,67
1,2,1,1,2,67
1,3,1,1,2,67
1,3,1,2,2,67
1,4,1,2,1,67
1,4,1,2,2,67
1,4,1,2,2,67
1,4,1,2,2,67
1,4,1,2,2,67
1,4,1,2,2,67
1,4,1,2,2,67
1,4,1,2,2,67
1,4,1,2,2,67
1,4,1,2,3,67
1,4,1,2,3,67
1,4,1,2,3,67
1,4,1,2,4,67
2,4,1,2,4,67
2,4,1,2,4,67
2,4,1,2,4,67
2,4,1,2,4,67
2,4,1,2,4,67
2,4,1,2,4,67
2,4,1,2,4,67
3,4,0,2,4,67
3,4,0,2,4,67
3,4,0,2,4,67
3,4,0,2,4,67
3,4,0,2,4,67
3,4,0,2,4,67
3,4,0,2,4,67
3,4,0,2,4,67
3,4,0,2,4,67
3,4,0,2,4,67
3,4,0,2,4,67
3,4,0,2,4,67
3,4,0,2,4,67
3,4,0,2,4,67
3,4,0,2,4,67
3,4,0,2,4,67
3,4,0,2,4,67
3,4,0,2,4,67
3,4,0,2,4,67
3,4,0,2,4,67
3,4,0,2,4,67
3,4,0,2,4,67
3,4,0,2,4,67
3,4,0,2,4,67
3,4,0,2,4,67
3,4,0,2,4,67
3,4,0,2,4,67
3,4,0,2,4,67
3,4,0,2,4,67
3,4,0,2,4,67
3,4,0,2,4,67
3,4,0,2,4,67
3,4,0,2,4,67
3,4,0,2,4,67
3,4,0,2,4,67
3,4,0,2,4,67
3,4,0,2,4,67
3,4,0,2,4,67
3,4,0,2,4,67
3,4,0,2,4,67
3,4,0,2,4,67
3,4,0,2,4,67
3,4,0,2,4,67
3,4,0,2,4,67
3,4,0,2,4,67
3,4,0,2,4,67
3,4,0,2,4,67
3,4,0,2,4,67
3,4,0,2,4,67
3,4,0,2,4,67
3,4,0,2,4,67
3,4,0,2,4,67
3,4,0,2,4,67
3,4,0,2,4,67
3,4,0,2,4,67
3,4,0,2,4,67
3,4,0,2,4,67
3,4,0,2,4,67
3,4,0,2,4,67
3,4,0,2,4,67
3,4,0,2,4,67
3,4,0,2,4,67
3,4,0,2,4,67
3,4,0,2,4,67
3,4,0,2,4,67
0,0,0,0,0,68
0,0,0,1,0,68
0,0,0,1,0,68
0,0,0,1,1,68
0,0,1,1,1,68
0,1,1,0,1,68
0,1,1,1,1,68
0,1,1,1,1,68
0,1,1,1,2,68
0,2,1,1,2,68
1,2,1,1,2,68
1,2,1,1,2,68
1,2,2,1,2,68
1,2,2,1,2,68
2,2,2,1,2,68
2,2,2,1,2,68
3,2,2,1,2,68
3,2,2,1,3,68
3,2,2,2,3,68
4,2,2,2,3,68
4,2,2,2,3,68
4,2,2,2,3,68
4,2,2,2,4,68
4,2,2,2,4,68
4,2,2,2,4,68
4,2,2,2,4,68
4,2,2,3,4,68
4,2,2,3,5,68
5,2,2,3,5,68
5,2,3,3,5,68
5,3,3,3,5,68
5,4,3,3,5,68
5,4,4,3,5,68
5,4,4,3,5,68
5,4,4,3,5,68
5,5,4,3,5,68
5,5,4,3,5,68
6,5,4,3,5,68
6,5,4,3,5,68
6,5,4,3,5,68
6,5,5,2,5,68
6,5,5,2,5,68
6,6,5,2,5,68
6,6,5,2,5,68
6,5,5,3,5,68
6,5,5,3,5,68
6,5,5,3,5,68
5,5,5,3,5,68
5,5,5,3,6,68
5,5,5,4,6,68
5,5,6,4,6,68
5,5,6,4,6,68
5,5,6,5,6,68
5,5,6,5,6,68
5,5,6,5,6,68
5,5,7,5,6,68
5,6,7,5,6,68
5,6,7,5,6,68
5,6,7,5,6,68
5,7,7,5,6,68
6,7,7,5,6,68
6,6,7,5,6,68
6,6,7,5,7,68
6,5,7,5,7,68
6,6,7,5,6,68
6,6,8,5,6,68
6,6,8,5,6,68
6,6,8,5,7,68
6,6,8,5,7,68
6,7,8,5,7,68
7,7,8,5,7,68
6,7,8,5,8,68
6,7,9,5,8,68
6,7,9,6,8,68
6,8,8,6,8,68
6,8,8,6,8,68
6,8,8,6,8,68
7,8,8,6,8,68
7,7,8,6,8,68
7,7,8,6,8,68
8,6,8,6,8,68
8,6,8,6,8,68
8,6,9,6,8,68
8,6,9,6,8,68
8,6,9,6,8,68
7,7,9,6,8,68
7,8,9,6,7,68
7,8,9,6,8,68
8,7,9,6,8,68
8,7,9,6,8,68
8,7,10,6,8,68
8,7,10,7,8,68
8,8,10,7,8,68
8,9,10,7,8,68
8,9,10,7,9,68
8,9,10,7,9,68
8,9,10,8,9,68
8,9,10,8,9,68
8,9,10,8,9,68
8,9,10,9,9,68
0,0,0,0,0,69
0,0,0,0,1,69
0,0,0,0,2,69
1,0,0,0,2,69
0,0,0,0,3,69
0,0,1,0,3,69
0,0,1,1,2,69
0,0,1,1,2,69
0,0,1,1,2,69
0,1,1,1,2,69
0,1,1,1,2,69
0,2,1,1,2,69
0,2,1,1,2,69
0,2,1,1,2,69
0,2,1,1,2,69
0,2,1,1,2,69
0,2,1,1,2,69
0,2,1,1,2,69
0,2,1,1,2,69
0,2,1,1,2,69
0,2,1,1,2,69
0,2,1,1,2,69
0,2,1,1,2,69
0,2,1,1,2,69
0,2,1,1,2,69
0,2,1,1,3,69
0,2,1,1,3,69
0,2,1,1,3,69
0,2,1,1,3,69
0,2,1,1,3,69
0,2,1,1,3,69
0,2,1,1,3,69
0,2,1,1,3,69
0,2,1,1,3,69
1,2,1,1,3,69
1,2,1,1,3,69
1,2,1,1,3,69
1,2,1,1,3,69
1,2,1,1,3,69
1,2,1,1,3,69
1,2,1,1,3,69
1,2,1,1,3,69
1,2,1,1,3,69
1,2,1,1,3,69
1,2,1,1,3,69
1,2,1,1,2,69
1,2,1,1,2,69
1,2,1,1,2,69
1,2,1,1,2,69
1,1,1,1,2,69
1,1,1,1,2,69
1,1,1,1,2,69
1,1,1,1,2,69
1,1,1,1,2,69
1,1,1,1,2,69
1,1,1,1,2,69
1,1,1,1,2,69
1,1,1,1,2,69
1,1,1,1,2,69
1,1,1,1,2,69
1,1,1,1,2,69
1,1,1,1,2,69
1,1,1,1,2,69
1,1,1,1,2,69
1,1,1,1,2,69
1,1,1,1,2,69
1,1,1,1,2,69
1,1,1,1,2,69
1,1,1,1,2,69
1,1,1,1,2,69
1,1,1,1,2,69
1,1,1,1,2,69
1,1,1,1,2,69
1,1,1,1,2,69
1,1,1,1,2,69
1,1,1,1,2,69
1,1,1,1,2,69
1,1,1,1,2,69
1,1,1,1,2,69
1,1,1,1,2,69
1,1,1,1,2,69
1,1,1,1,2,69
1,1,1,1,2,69
1,1,1,1,2,69
1,1,1,1,2,69
1,1,1,1,2,69
1,1,1,1,2,69
1,1,1,1,2,69
1,1,1,1,2,69
1,1,1,1,2,69
1,1,1,1,2,69
1,1,1,1,2,69
1,1,1,1,2,69
1,1,1,1,2,69
1,1,1,1,2,69
1,1,1,1,2,69
1,1,1,1,2,69
1,1,1,1,2,69
1,1,1,1,2,69
1,1,1,1,2,69
0,0,0,0,0,70
0,0,1,0,0,70
0,0,1,0,1,70
0,0,0,1,1,70
0,0,0,1,1,70
0,0,1,1,1,70
0,0,1,1,2,70
0,0,1,1,3,70
0,1,1,1,3,70
0,2,1,1,3,70
0,2,1,1,3,70
0,2,1,1,3,70
0,2,1,1,3,70
0,2,1,1,3,70
0,2,1,1,4,70
1,2,1,1,4,70
1,2,1,1,4,70
2,2,1,1,4,70
3,2,1,1,4,70
3,2,1,1,4,70
4,2,1,1,4,70
4,2,1,1,4,70
4,2,1,1,4,70
4,2,1,1,4,70
4,2,2,1,4,70
4,2,2,1,4,70
4,2,2,1,4,70
4,2,2,1,4,70
4,3,2,1,4,70
4,3,2,1,4,70
4,3,2,1,4,70
4,3,2,1,4,70
4,3,2,1,4,70
4,3,2,1,5,70
4,4,2,1,5,70
4,4,2,1,5,70
4,4,2,1,5,70
4,4,2,1,5,70
4,4,2,2,5,70
4,4,2,2,5,70
4,4,2,2,6,70
5,4,2,2,6,70
5,4,2,2,6,70
5,5,2,2,6,70
5,5,2,2,6,70
6,5,2,2,6,70
5,5,2,2,6,70
5,5,2,2,6,70
5,5,2,3,6,70
5,5,2,3,6,70
5,5,2,3,6,70
5,5,2,4,6,70
5,5,2,4,6,70
5,5,2,4,6,70
5,6,2,4,6,70
5,6,2,4,6,70
6,6,2,4,6,70
5,6,3,4,6,70
5,6,3,5,6,70
5,6,3,5,6,70
5,6,3,5,6,70
5,6,3,5,7,70
6,6,3,5,7,70
6,6,4,5,7,70
6,7,4,4,7,70
6,7,4,5,7,70
6,7,4,5,7,70
7,7,4,5,7,70
7,7,5,5,7,70
7,7,5,5,7,70
7,7,5,5,7,70
7,7,5,5,7,70
7,7,5,5,7,70
7,6,6,5,7,70
7,6,6,5,7,70
7,6,6,5,7,70
7,6,6,5,7,70
7,7,6,5,7,70
7,7,6,5,8,70
8,7,6,5,7,70
8,7,6,5,7,70
7,7,6,5,8,70
7,7,6,5,8,70
7,6,7,5,8,70
7,6,6,5,8,70
7,7,6,5,8,70
7,7,6,5,8,70
7,8,6,5,8,70
7,8,6,5,8,70
7,8,6,5,8,70
7,8,7,5,7,70
6,8,7,5,7,70
6,9,7,5,6,70
6,9,7,5,6,70
6,9,7,5,7,70
6,9,7,5,7,70
6,9,7,5,7,70
7,9,7,5,7,70
7,9,6,5,7,70
7,9,6,5,7,70
0,0,0,0,0,71
0,0,1,0,0,71
0,1,1,0,0,71
0,1,1,0,0,71
0,1,1,1,0,71
0,1,1,1,1,71
0,1,1,1,1,71
0,1,1,1,2,71
0,1,1,1,2,71
0,1,1,1,3,71
0,1,1,1,3,71
1,1,1,1,3,71
1,1,1,1,3,71
1,1,1,1,3,71
1,1,1,1,3,71
1,1,1,1,3,71
1,1,1,1,3,71
0,0,0,0,0,72
0,0,0,0,1,72
1,0,0,0,1,72
1,0,0,0,2,72
1,0,0,0,2,72
1,1,0,0,2,72
2,1,0,0,2,72
2,1,1,0,2,72
2,2,1,0,2,72
2,2,1,0,2,72
2,2,1,0,2,72
2,2,1,0,2,72
2,2,1,0,2,72
2,2,1,0,2,72
2,2,1,0,2,72
2,2,1,0,2,72
2,2,1,0,2,72
2,2,1,0,2,72
2,2,1,0,2,72
2,2,1,0,2,72
2,2,1,0,2,72
2,2,1,0,2,72
2,2,1,0,2,72
2,2,1,0,2,72
2,2,1,0,2,72
2,2,1,0,2,72
2,2,1,0,2,72
2,2,1,0,2,72
2,2,1,0,2,72
2,2,1,0,2,72
2,2,1,0,2,72
2,2,1,0,2,72
2,2,1,0,2,72
2,2,1,0,2,72
2,2,1,0,2,72
2,2,1,0,2,72
2,2,1,0,2,72
2,2,1,0,2,72
2,2,1,0,2,72
2,2,1,0,2,72
2,2,1,0,2,72
2,2,1,0,2,72
2,2,1,0,2,72
2,2,1,0,2,72
2,2,1,0,2,72
2,2,1,0,2,72
2,2,1,0,2,72
2,2,1,0,2,72
2,2,1,0,2,72
2,2,1,0,2,72
2,2,1,0,2,72
2,2,1,0,2,72
2,2,1,0,2,72
2,2,1,0,2,72
2,2,1,0,2,72
2,2,1,0,2,72
2,2,1,0,2,72
2,2,1,0,2,72
2,2,1,0,2,72
2,2,1,0,2,72
2,2,1,0,2,72
2,2,1,0,2,72
2,2,1,0,2,72
2,2,1,0,2,72
2,2,1,0,2,72
2,2,1,0,2,72
2,2,1,0,2,72
2,2,1,0,2,72
2,2,1,0,2,72
2,2,1,0,2,72
2,2,1,0,2,72
2,2,1,0,2,72
2,2,1,0,2,72
2,2,1,0,2,72
2,2,1,0,2,72
2,2,1,0,2,72
2,2,1,0,2,72
2,2,1,0,2,72
2,2,1,0,2,72
1,2,1,0,2,72
1,2,1,0,2,72
1,2,1,0,2,72
1,2,1,0,2,72
1,2,1,0,2,72
1,2,1,0,2,72
1,2,1,0,2,72
1,2,1,0,2,72
1,2,1,0,2,72
1,2,1,0,2,72
1,2,1,0,2,72
1,2,1,0,2,72
1,2,1,0,2,72
1,2,1,0,2,72
1,2,1,0,2,72
1,2,1,0,2,72
1,2,1,0,2,72
1,2,1,0,2,72
1,2,1,0,2,72
1,2,1,0,2,72
1,2,1,0,2,72
0,0,0,0,0,73
1,0,0,0,0,73
1,0,0,0,0,73
1,0,0,0,1,73
1,0,0,0,2,73
1,0,1,0,2,73
1,0,1,0,2,73
1,0,1,0,2,73
1,0,1,0,3,73
1,1,1,0,3,73
1,1,1,0,3,73
1,1,1,1,3,73
1,1,1,1,3,73
1,1,1,1,4,73
2,1,1,1,4,73
2,1,1,1,4,73
2,1,1,1,4,73
2,1,1,1,4,73
2,2,1,1,4,73
2,2,1,1,4,73
2,2,1,1,4,73
2,2,1,1,3,73
2,2,1,1,3,73
2,2,1,1,3,73
2,2,1,2,3,73
2,2,1,2,3,73
2,2,1,2,3,73
2,2,1,2,3,73
2,2,1,2,3,73
2,2,1,2,3,73
2,2,1,2,3,73
2,2,1,2,3,73
2,2,1,2,4,73
2,2,1,2,4,73
2,2,1,2,4,73
2,2,1,2,4,73
3,2,1,2,4,73
3,2,1,2,4,73
3,3,1,1,4,73
3,3,1,1,4,73
3,3,1,1,4,73
3,3,1,1,4,73
3,3,1,1,3,73
3,3,1,1,3,73
3,3,1,1,4,73
3,3,1,1,5,73
4,3,1,1,5,73
4,4,1,1,5,73
4,4,1,1,5,73
4,4,1,1,5,73
4,4,1,1,5,73
4,4,1,1,5,73
4,4,1,1,5,73
4,5,1,1,5,73
4,5,1,1,6,73
4,5,1,1,6,73
4,6,1,1,6,73
4,6,1,1,6,73
4,6,1,1,6,73
4,6,1,1,6,73
4,6,1,1,6,73
4,6,1,2,6,73
4,6,1,2,6,73
4,6,1,2,6,73
4,6,1,2,6,73
4,6,1,3,6,73
4,6,1,3,6,73
4,6,1,3,6,73
4,6,1,3,7,73
4,6,1,3,7,73
4,6,1,3,7,73
4,6,1,3,7,73
4,6,1,3,7,73
4,6,1,3,7,73
4,6,1,3,7,73
4,6,1,4,7,73
4,6,1,4,7,73
4,6,1,4,7,73
4,6,1,4,7,73
4,6,1,4,7,73
4,6,1,4,7,73
4,6,1,4,7,73
4,6,1,4,7,73
4,6,1,3,8,73
4,6,1,3,8,73
4,6,1,3,8,73
4,6,1,3,8,73
4,6,1,3,8,73
4,6,1,3,8,73
4,6,1,3,8,73
4,6,1,4,8,73
4,6,1,4,8,73
4,6,1,4,8,73
4,6,1,4,8,73
4,6,1,4,8,73
4,6,1,4,8,73
4,6,1,4,8,73
4,6,1,4,8,73
4,6,1,4,9,73
4,6,1,4,9,73
0,0,0,0,0,74
1,0,0,0,0,74
1,0,0,0,1,74
1,0,0,1,1,74
1,0,0,1,1,74
2,0,0,1,1,74
2,0,0,1,2,74
2,1,0,1,2,74
2,1,1,1,2,74
2,1,1,1,2,74
2,1,1,1,2,74
2,1,1,1,2,74
2,1,1,1,2,74
2,1,1,1,2,74
2,1,1,1,2,74
2,1,1,1,3,74
2,1,1,1,4,74
2,1,1,1,4,74
2,1,1,1,4,74
3,1,1,1,4,74
4,1,1,1,4,74
4,1,1,1,4,74
4,1,1,1,4,74
4,1,1,1,5,74
5,1,1,1,5,74
5,1,1,1,5,74
5,1,1,1,5,74
5,1,1,1,5,74
5,2,1,1,5,74
5,2,1,1,4,74
5,2,1,1,5,74
5,2,1,2,5,74
5,2,1,2,5,74
5,2,2,1,5,74
5,2,2,1,5,74
5,2,2,2,5,74
5,3,2,2,5,74
5,4,2,2,5,74
6,4,2,2,5,74
6,5,2,2,5,74
6,5,2,3,5,74
6,5,2,4,4,74
6,5,2,5,4,74
6,5,2,5,4,74
7,5,2,4,4,74
7,5,2,4,4,74
7,5,2,4,4,74
7,5,3,4,3,74
7,5,3,5,3,74
7,5,3,5,3,74
7,6,3,5,3,74
7,6,3,5,3,74
7,6,3,6,3,74
7,6,3,6,3,74
7,6,3,6,3,74
7,6,3,6,4,74
7,7,3,6,4,74
8,7,3,6,4,74
8,7,3,6,5,74
8,7,3,7,5,74
8,7,4,7,5,74
8,7,4,7,5,74
8,7,4,7,6,74
8,8,4,7,6,74
8,8,4,7,6,74
8,8,4,6,7,74
9,7,4,6,7,74
10,7,4,6,7,74
10,7,4,6,8,74
10,7,4,6,8,74
10,7,4,6,9,74
10,7,5,6,9,74
10,7,5,6,9,74
10,7,5,6,9,74
10,7,5,6,9,74
9,8,5,6,9,74
10,8,5,5,9,74
10,9,5,5,9,74
10,9,5,5,9,74
10,10,5,5,8,74
10,10,5,5,8,74
10,10,5,5,8,74
10,11,5,5,8,74
10,10,5,5,8,74
10,10,5,5,8,74
9,10,5,5,9,74
9,10,5,5,9,74
9,10,6,5,9,74
9,10,6,5,9,74
9,10,6,5,9,74
9,10,6,5,9,74
9,11,6,5,9,74
9,11,6,5,9,74
9,11,6,5,9,74
9,11,6,5,10,74
9,11,7,5,10,74
9,11,7,5,10,74
9,11,7,5,10,74
9,11,7,5,10,74
9,11,7,5,10,74
0,0,0,0,0,75
0,0,0,0,1,75
0,0,0,0,2,75
0,1,0,0,2,75
0,1,1,0,2,75
0,2,1,0,2,75
0,3,1,0,2,75
0,3,1,0,2,75
0,3,1,0,2,75
1,3,1,0,2,75
1,3,1,0,3,75
1,3,1,0,3,75
1,3,1,1,3,75
1,3,1,1,3,75
1,3,1,1,3,75
1,3,1,1,3,75
1,3,1,1,3,75
1,3,1,1,3,75
1,3,1,1,3,75
1,3,1,1,3,75
1,3,1,1,3,75
1,3,1,1,3,75
1,3,1,1,3,75
1,3,1,1,3,75
1,3,1,1,3,75
1,3,1,1,3,75
1,3,1,1,3,75
1,3,1,1,3,75
1,3,1,1,3,75
1,3,1,1,3,75
1,3,1,1,3,75
1,3,1,1,3,75
1,3,1,1,3,75
1,3,1,1,3,75
1,3,1,1,3,75
0,3,1,1,3,75
0,3,1,1,3,75
0,3,1,1,3,75
0,3,1,1,3,75
0,3,1,1,3,75
0,3,1,1,3,75
0,3,1,1,3,75
0,3,1,1,3,75
0,3,1,1,3,75
0,3,1,1,3,75
0,3,1,1,3,75
0,3,1,1,3,75
0,3,1,1,3,75
0,3,1,1,3,75
0,3,1,1,3,75
0,3,1,1,3,75
0,3,1,1,3,75
0,3,1,1,3,75
0,3,1,1,3,75
0,3,1,1,3,75
0,3,1,1,3,75
0,3,1,1,3,75
0,3,1,1,3,75
0,3,1,1,3,75
0,3,1,1,3,75
0,3,1,1,3,75
0,3,1,1,3,75
0,3,1,1,3,75
0,3,1,1,3,75
0,3,1,1,3,75
0,3,1,1,3,75
0,2,1,1,3,75
0,2,1,1,3,75
0,2,1,1,3,75
0,2,1,1,3,75
0,2,1,1,3,75
0,2,1,1,3,75
0,2,1,1,3,75
0,2,1,1,3,75
0,2,1,1,3,75
0,2,1,1,3,75
0,2,1,1,3,75
0,2,1,1,3,75
0,2,1,1,3,75
0,2,1,1,3,75
0,2,1,1,3,75
0,2,1,1,3,75
0,2,1,1,3,75
0,2,1,1,3,75
0,2,1,1,3,75
0,2,1,1,3,75
0,2,1,1,3,75
0,2,1,1,3,75
0,2,1,1,3,75
0,2,1,1,3,75
0,2,1,1,3,75
0,2,1,1,3,75
0,2,1,1,3,75
0,2,1,1,3,75
0,2,1,1,3,75
0,2,1,1,3,75
0,2,1,1,3,75
0,2,1,1,3,75
0,2,1,1,3,75
0,2,1,1,3,75
0,0,0,0,0,76
0,1,0,0,0,76
0,1,0,0,0,76
0,1,1,0,0,76
0,1,1,0,0,76
0,1,1,0,1,76
0,2,1,0,1,76
0,2,1,0,1,76
0,2,1,0,1,76
0,2,1,0,1,76
0,3,1,0,1,76
0,3,1,0,2,76
0,3,1,0,2,76
0,3,1,0,2,76
0,3,1,0,2,76
0,3,1,0,2,76
0,3,1,0,2,76
0,3,1,0,2,76
0,3,1,0,2,76
0,3,1,0,2,76
0,3,1,0,2,76
0,3,1,0,2,76
0,3,1,0,2,76
0,3,1,0,2,76
0,3,1,0,2,76
0,3,1,0,2,76
0,3,1,0,2,76
0,3,1,0,2,76
0,3,1,0,2,76
0,3,1,0,2,76
0,3,1,0,2,76
0,3,1,0,2,76
0,3,1,0,2,76
0,3,1,0,2,76
0,3,1,0,2,76
0,3,1,0,2,76
0,3,1,0,2,76
0,3,1,0,2,76
0,3,1,0,2,76
0,3,1,0,2,76
0,3,1,0,2,76
0,3,1,0,2,76
0,3,1,0,2,76
0,3,1,0,2,76
0,3,1,0,2,76
0,3,1,0,2,76
0,3,1,0,2,76
0,3,1,0,2,76
0,3,1,0,2,76
0,3,1,0,2,76
0,3,1,0,2,76
0,3,1,0,2,76
0,3,1,0,2,76
0,3,1,0,2,76
0,3,1,0,2,76
0,3,1,0,2,76
0,3,1,0,2,76
0,3,1,0,2,76
0,3,1,0,2,76
0,3,1,0,2,76
0,3,1,0,2,76
0,3,1,0,2,76
0,3,1,0,2,76
0,3,1,0,2,76
0,3,1,0,2,76
0,3,1,0,2,76
0,3,1,0,2,76
0,3,1,0,2,76
0,3,1,0,2,76
0,3,1,0,2,76
0,3,1,0,2,76
0,3,1,0,2,76
0,3,1,0,2,76
0,3,1,0,2,76
0,3,1,0,2,76
0,3,1,0,2,76
0,3,1,0,2,76
0,3,1,0,2,76
0,3,1,0,2,76
0,3,1,0,2,76
0,3,1,0,2,76
0,3,1,0,2,76
0,3,1,0,2,76
0,3,1,0,2,76
0,3,1,0,2,76
0,3,1,0,2,76
0,3,1,0,2,76
0,3,1,0,2,76
0,3,1,0,2,76
0,3,1,0,2,76
0,3,1,0,2,76
0,3,1,0,2,76
0,3,1,0,2,76
0,3,1,0,2,76
0,3,1,0,2,76
0,3,1,0,2,76
0,3,1,0,2,76
0,3,1,0,2,76
0,3,1,0,2,76
0,3,1,0,2,76
0,0,0,0,0,77
0,0,0,0,0,77
0,0,1,0,0,77
0,0,1,0,1,77
1,0,1,0,1,77
1,0,1,1,1,77
1,0,1,1,1,77
1,0,1,1,1,77
1,0,1,1,1,77
1,0,1,1,1,77
2,0,1,1,1,77
2,0,1,1,1,77
2,0,1,1,1,77
2,0,1,1,1,77
2,1,1,1,1,77
2,1,1,1,1,77
2,1,1,1,1,77
2,1,1,1,1,77
2,1,1,1,1,77
2,1,1,1,1,77
2,1,1,1,1,77
2,1,1,1,1,77
2,1,1,1,1,77
2,1,1,1,1,77
2,1,1,1,1,77
2,1,1,1,1,77
2,1,1,1,1,77
2,1,1,1,1,77
2,1,1,1,1,77
2,1,1,1,1,77
2,1,1,1,1,77
2,1,1,1,1,77
2,1,1,1,1,77
2,1,1,1,1,77
2,1,1,1,1,77
2,1,1,1,1,77
2,0,1,1,1,77
2,0,1,1,1,77
2,0,1,1,1,77
2,0,1,1,1,77
2,0,1,1,1,77
2,0,1,1,1,77
2,0,1,1,1,77
2,0,1,1,1,77
2,0,1,1,1,77
2,0,1,1,1,77
2,0,1,1,1,77
2,0,1,1,1,77
2,0,1,1,1,77
2,0,1,1,1,77
2,0,1,1,1,77
2,0,1,1,1,77
2,0,1,1,1,77
2,0,1,1,1,77
2,0,1,1,1,77
2,0,1,1,1,77
2,0,1,1,1,77
2,0,1,1,1,77
2,0,1,1,1,77
2,0,1,1,1,77
2,0,1,1,1,77
2,0,1,1,1,77
2,0,1,1,1,77
2,0,1,1,1,77
2,0,1,1,1,77
2,0,1,1,1,77
2,0,1,1,1,77
2,0,0,1,1,77
2,0,0,1,1,77
2,0,0,1,1,77
2,0,0,1,1,77
2,0,0,1,1,77
2,0,0,1,1,77
2,0,0,1,1,77
2,0,0,1,1,77
2,0,0,1,1,77
2,0,0,1,1,77
2,0,0,1,1,77
2,0,0,1,1,77
2,0,0,1,1,77
2,0,0,1,1,77
2,0,0,1,1,77
2,0,0,1,1,77
2,0,0,1,1,77
2,0,0,1,1,77
2,0,0,1,1,77
2,0,0,1,1,77
2,0,0,1,1,77
2,0,0,1,1,77
2,0,0,1,1,77
2,0,0,1,1,77
2,0,0,1,1,77
2,0,0,1,1,77
2,0,0,1,1,77
2,0,0,1,1,77
2,0,0,1,1,77
2,0,0,1,1,77
2,0,0,1,1,77
2,0,0,1,1,77
2,0,0,1,1,77
0,0,0,0,0,78
0,0,0,0,0,78
0,0,0,0,0,78
0,1,0,0,0,78
0,1,0,0,1,78
0,1,0,0,2,78
0,1,0,0,3,78
0,1,0,1,3,78
1,1,0,1,3,78
1,1,0,1,4,78
1,1,0,1,4,78
1,1,0,1,4,78
1,1,0,1,4,78
1,1,0,1,4,78
0,0,0,0,0,79
0,0,0,0,0,79
0,0,0,0,1,79
0,1,0,0,1,79
0,1,0,0,2,79
1,1,0,0,2,79
1,1,0,1,2,79
1,2,0,1,2,79
2,2,0,1,2,79
2,2,0,1,3,79
2,2,0,1,3,79
2,2,0,1,3,79
2,2,0,1,3,79
2,2,0,1,3,79
2,2,0,1,4,79
2,2,0,1,4,79
2,2,0,1,4,79
2,2,0,1,4,79
2,2,0,1,4,79
2,2,0,1,4,79
2,2,0,1,4,79
2,1,0,1,4,79
2,1,0,1,4,79
2,1,0,1,4,79
2,1,0,1,4,79
2,1,0,1,4,79
2,1,0,1,4,79
2,1,0,1,4,79
2,1,0,1,4,79
2,1,0,1,4,79
2,1,0,1,4,79
2,1,0,1,4,79
2,1,0,1,4,79
2,1,0,1,4,79
2,1,0,1,4,79
2,1,0,1,4,79
2,1,0,1,4,79
2,1,0,1,4,79
2,1,0,1,4,79
2,1,0,1,4,79
2,1,0,1,4,79
2,1,0,1,4,79
2,1,0,1,4,79
2,1,0,1,4,79
2,1,0,1,4,79
2,1,0,1,4,79
2,1,0,1,4,79
2,1,0,1,4,79
2,1,0,1,4,79
2,1,0,1,4,79
2,1,0,1,4,79
2,1,0,1,4,79
2,1,0,1,4,79
2,1,0,1,4,79
2,1,0,1,4,79
2,1,0,1,4,79
2,1,0,1,3,79
2,1,0,1,3,79
2,1,0,1,3,79
2,1,0,1,3,79
2,1,0,1,3,79
2,1,0,1,3,79
2,1,0,1,2,79
2,1,0,1,2,79
2,1,0,1,2,79
2,1,0,1,2,79
2,1,0,1,2,79
2,1,0,1,2,79
2,1,0,1,2,79
2,1,0,1,2,79
2,1,0,1,2,79
2,1,0,1,2,79
2,1,0,1,2,79
2,1,0,1,2,79
2,1,0,1,2,79
2,1,0,1,2,79
2,1,0,1,2,79
2,1,0,1,2,79
2,1,0,1,2,79
2,1,0,1,2,79
2,1,0,1,2,79
2,1,0,1,2,79
2,1,0,1,2,79
2,1,0,1,2,79
2,1,0,1,2,79
2,1,0,1,2,79
2,1,0,1,2,79
2,1,0,1,2,79
2,1,0,1,2,79
2,1,0,1,2,79
2,1,0,1,2,79
2,1,0,1,2,79
2,1,0,1,2,79
2,1,0,1,2,79
2,1,0,1,2,79
2,1,0,1,2,79
2,1,0,1,2,79
2,1,0,1,2,79
2,1,0,1,2,79
2,1,0,1,2,79
0,0,0,0,0,80
1,0,0,0,0,80
1,1,0,0,0,80
2,1,0,0,0,80
2,1,1,0,0,80
2,1,1,0,0,80
2,1,1,0,1,80
2,2,1,0,1,80
2,2,1,0,1,80
2,2,2,0,1,80
2,2,2,0,2,80
2,2,2,0,3,80
2,2,2,0,3,80
2,2,2,0,3,80
2,2,2,0,3,80
2,2,2,0,3,80
2,2,2,0,3,80
2,2,2,0,3,80
2,2,2,0,3,80
2,2,2,0,3,80
2,2,2,0,3,80
2,2,1,0,3,80
2,2,1,0,3,80
2,2,1,0,3,80
2,2,1,0,3,80
2,2,1,0,3,80
2,2,1,0,3,80
2,2,1,0,3,80
2,2,1,0,3,80
2,2,1,0,3,80
2,2,1,0,3,80
2,2,1,0,3,80
2,2,1,0,3,80
2,2,1,0,3,80
2,2,1,0,3,80
2,2,1,0,3,80
2,2,1,0,3,80
2,2,1,0,3,80
2,2,1,0,3,80
2,2,1,0,3,80
2,2,2,0,3,80
2,2,2,0,3,80
2,2,2,0,3,80
2,2,2,0,3,80
2,2,2,0,3,80
2,2,2,0,3,80
2,2,2,0,3,80
2,2,2,0,3,80
2,2,2,0,3,80
2,2,2,0,3,80
2,2,2,0,3,80
2,2,2,0,3,80
2,2,2,0,3,80
2,2,2,0,3,80
2,2,2,0,3,80
2,2,2,0,3,80
2,2,2,0,3,80
2,2,2,0,3,80
2,2,2,0,3,80
2,2,2,0,2,80
2,2,2,0,2,80
2,2,2,0,2,80
2,2,2,0,2,80
2,2,2,0,2,80
2,2,2,0,2,80
2,2,2,0,2,80
2,2,2,0,2,80
2,2,2,0,2,80
2,2,2,0,2,80
2,2,2,0,2,80
2,2,2,0,2,80
2,2,2,0,2,80
2,2,2,0,2,80
2,2,2,0,2,80
2,2,2,0,2,80
2,2,2,0,2,80
2,2,2,0,2,80
2,2,2,0,2,80
2,2,2,0,2,80
2,2,2,0,2,80
2,2,2,0,2,80
2,2,2,0,2,80
2,2,2,0,2,80
2,2,2,0,2,80
2,2,2,0,2,80
2,2,2,0,2,80
2,2,1,0,2,80
2,2,1,0,2,80
2,2,1,0,2,80
2,2,1,0,2,80
2,2,1,0,2,80
2,2,1,0,2,80
2,2,1,0,2,80
2,2,1,0,2,80
2,2,1,0,2,80
2,2,1,0,2,80
2,2,1,0,2,80
2,2,1,0,2,80
2,2,1,0,2,80
2,2,1,0,2,80
0,0,0,0,0,81
0,0,0,0,0,81
0,0,1,0,0,81
0,0,1,0,0,81
0,0,1,0,0,81
1,0,1,0,0,81
1,0,1,1,0,81
1,0,1,1,0,81
1,0,1,1,0,81
1,0,1,1,0,81
1,0,1,1,1,81
2,0,1,1,1,81
2,0,1,1,1,81
2,0,1,1,2,81
2,0,1,1,2,81
2,0,1,1,2,81
2,0,1,1,2,81
0,0,0,0,0,82
0,0,1,0,0,82
0,1,1,0,0,82
1,1,1,0,0,82
1,1,1,1,0,82
2,1,1,1,0,82
2,1,1,1,1,82
2,1,1,1,1,82
2,1,1,1,2,82
3,1,1,1,2,82
3,1,1,1,2,82
4,1,1,1,2,82
4,1,1,1,2,82
4,1,1,2,2,82
4,1,2,2,2,82
4,1,2,2,3,82
4,1,2,2,3,82
4,1,2,2,4,82
4,2,2,2,4,82
4,2,2,2,5,82
4,1,2,2,6,82
4,1,2,2,7,82
5,1,2,2,7,82
5,1,2,2,8,82
5,1,2,2,8,82
5,1,2,3,8,82
5,1,2,3,8,82
6,1,2,3,8,82
6,2,2,3,8,82
6,2,2,3,8,82
7,2,2,3,8,82
7,3,2,3,8,82
7,3,2,3,8,82
7,3,2,3,8,82
7,3,2,3,8,82
7,4,2,3,8,82
7,3,2,4,8,82
7,4,2,4,8,82
6,4,2,5,8,82
6,4,2,5,9,82
6,4,2,6,9,82
6,5,2,6,9,82
6,5,2,6,10,82
6,5,2,6,11,82
6,5,2,6,11,82
6,5,2,6,11,82
6,6,2,6,11,82
5,6,2,7,11,82
5,6,2,7,11,82
5,6,2,7,11,82
5,6,2,7,11,82
5,6,2,7,11,82
6,6,2,7,11,82
6,6,2,7,11,82
6,6,2,7,11,82
6,6,2,7,11,82
6,6,2,7,11,82
7,6,2,7,11,82
7,6,2,7,11,82
7,6,2,7,11,82
7,5,2,8,11,82
7,5,2,8,11,82
7,5,2,8,11,82
7,5,2,8,11,82
7,5,2,8,11,82
7,5,2,8,11,82
7,6,2,8,11,82
7,7,2,8,11,82
7,7,2,8,11,82
8,7,2,8,11,82
8,7,2,8,11,82
8,7,2,8,11,82
8,7,2,8,11,82
8,7,2,8,11,82
7,8,2,8,11,82
7,8,2,8,11,82
7,8,2,8,11,82
6,8,2,8,12,82
6,8,2,8,12,82
6,8,2,8,12,82
6,9,2,8,12,82
6,9,2,8,12,82
6,9,2,8,12,82
6,9,2,8,12,82
6,9,2,8,12,82
6,9,2,8,12,82
6,9,2,8,12,82
7,8,2,8,12,82
7,8,2,7,12,82
7,8,2,7,12,82
7,8,2,7,12,82
7,8,2,7,12,82
7,8,2,6,12,82
7,8,2,6,12,82
7,8,2,6,12,82
8,8,2,6,12,82
9,8,2,6,12,82
9,8,2,6,12,82
9,8,2,6,12,82
9,8,2,6,12,82
0,0,0,0,0,83
0,0,1,0,0,83
0,0,1,0,0,83
0,0,1,0,0,83
1,0,1,0,0,83
1,0,1,0,1,83
2,0,1,0,1,83
2,0,1,0,1,83
2,0,1,0,1,83
2,0,1,0,1,83
2,0,1,0,2,83
2,0,1,0,2,83
2,0,1,0,2,83
2,0,1,0,2,83
2,0,1,0,2,83
2,0,1,0,2,83
0,0,0,0,0,84
0,0,0,0,1,84
0,0,0,0,1,84
1,0,0,0,1,84
1,0,0,0,1,84
1,0,0,1,0,84
1,0,0,1,0,84
1,0,0,1,0,84
2,0,0,1,0,84
2,0,1,1,0,84
2,0,1,1,0,84
1,1,1,1,0,84
1,2,1,1,0,84
1,2,1,1,0,84
1,2,1,1,0,84
1,2,1,1,0,84
1,2,1,1,1,84
1,3,1,1,1,84
1,3,1,1,1,84
1,3,1,1,1,84
2,3,1,1,1,84
2,3,1,1,2,84
2,4,1,1,2,84
2,4,1,1,2,84
2,4,2,1,2,84
2,4,2,1,2,84
2,4,2,1,2,84
2,4,2,1,2,84
2,4,2,1,2,84
2,4,2,1,2,84
2,4,2,1,2,84
2,4,3,1,2,84
2,4,3,1,2,84
2,4,3,1,2,84
2,4,3,1,2,84
2,4,3,1,2,84
3,4,3,1,2,84
3,4,3,1,2,84
3,4,3,1,2,84
3,4,3,1,2,84
3,4,3,1,2,84
3,5,3,1,2,84
3,5,3,1,2,84
3,5,3,1,2,84
3,5,3,1,3,84
3,5,3,1,3,84
3,5,3,2,3,84
3,5,3,2,3,84
3,5,3,2,4,84
3,5,4,2,4,84
3,5,4,2,4,84
3,5,4,2,4,84
4,5,4,1,4,84
4,5,4,1,4,84
5,5,4,1,4,84
5,5,4,1,4,84
6,4,4,1,4,84
6,4,4,1,4,84
6,4,4,1,4,84
6,4,4,2,4,84
6,4,4,2,4,84
6,4,4,2,4,84
6,3,4,3,4,84
6,3,5,3,4,84
6,3,5,3,4,84
7,3,5,3,4,84
7,3,5,3,4,84
6,3,5,3,4,84
6,3,5,4,4,84
6,4,5,4,4,84
6,4,5,4,5,84
6,4,5,5,4,84
6,4,5,5,4,84
7,4,5,5,4,84
7,5,5,5,4,84
8,5,5,5,4,84
8,5,5,5,4,84
8,5,5,5,5,84
8,5,6,5,5,84
7,5,6,5,5,84
7,5,6,6,5,84
7,5,6,6,5,84
8,5,6,6,5,84
8,5,6,6,5,84
8,6,6,6,5,84
8,6,6,6,5,84
8,6,6,5,6,84
8,6,6,5,6,84
9,6,6,5,6,84
9,7,6,5,6,84
9,7,6,5,7,84
9,7,6,5,7,84
9,7,6,6,7,84
9,7,6,6,7,84
9,6,6,6,8,84
9,6,6,6,8,84
9,6,6,6,9,84
9,7,6,6,9,84
9,7,6,6,10,84
9,8,6,6,10,84
0,0,0,0,0,85
1,0,0,0,0,85
1,0,0,1,0,85
2,0,0,1,0,85
3,0,0,1,0,85
3,0,0,1,0,85
3,0,0,1,0,85
3,0,0,1,0,85
3,1,0,1,0,85
3,1,0,1,0,85
3,1,0,1,0,85
3,1,0,1,0,85
3,1,0,1,0,85
3,1,0,2,0,85
3,2,0,2,0,85
3,2,0,2,0,85
3,2,0,2,0,85
3,2,0,2,0,85
3,2,0,2,0,85
3,2,0,2,0,85
3,2,0,2,0,85
3,2,0,2,0,85
3,2,0,2,0,85
3,2,0,2,0,85
3,2,0,2,0,85
3,2,0,2,0,85
3,2,0,2,0,85
3,2,0,2,0,85
3,2,0,2,0,85
3,2,0,2,0,85
3,2,0,2,0,85
3,2,0,2,0,85
3,2,0,2,0,85
3,2,0,2,0,85
3,2,0,2,0,85
3,2,0,2,0,85
3,2,0,2,0,85
3,2,0,2,0,85
3,2,0,2,0,85
3,2,0,2,0,85
3,2,0,2,0,85
3,2,0,2,0,85
3,2,0,2,0,85
3,2,0,2,0,85
3,2,0,2,0,85
3,2,0,2,0,85
3,2,0,2,0,85
3,2,0,2,0,85
3,2,0,2,0,85
3,2,0,2,0,85
3,2,0,2,0,85
3,2,0,2,0,85
3,2,0,2,0,85
3,1,0,2,0,85
3,1,0,2,0,85
3,1,0,2,0,85
3,1,0,2,0,85
3,1,0,2,0,85
3,1,0,2,0,85
3,1,0,2,0,85
3,1,0,2,0,85
3,1,0,2,0,85
3,1,0,2,0,85
3,1,0,2,0,85
3,1,0,2,0,85
3,1,0,2,0,85
3,1,0,2,0,85
3,1,0,2,0,85
3,1,0,2,0,85
3,1,0,2,0,85
3,1,0,2,0,85
3,1,0,2,0,85
3,1,0,2,0,85
3,1,0,2,0,85
3,1,0,2,0,85
3,1,0,2,0,85
3,1,0,2,0,85
3,1,0,2,0,85
3,1,0,2,0,85
3,1,0,2,0,85
3,1,0,2,0,85
3,1,0,2,0,85
3,1,0,2,0,85
3,1,0,2,0,85
3,1,0,2,0,85
3,1,0,2,0,85
3,1,0,2,0,85
3,1,0,2,0,85
3,1,0,2,0,85
3,1,0,2,0,85
3,1,0,2,0,85
3,1,0,2,0,85
3,1,0,2,0,85
3,1,0,2,0,85
3,1,0,2,0,85
3,1,0,2,0,85
3,1,0,2,0,85
3,1,0,2,0,85
3,1,0,2,0,85
3,1,0,2,0,85
0,0,0,0,0,86
0,0,1,0,0,86
0,0,1,1,0,86
0,0,1,1,0,86
0,0,1,1,1,86
0,1,1,1,1,86
0,1,1,1,1,86
0,1,1,1,1,86
0,1,1,1,1,86
0,1,1,1,1,86
0,1,1,1,1,86
0,1,1,1,1,86
1,1,1,1,1,86
1,1,1,1,1,86
1,1,2,1,1,86
1,1,2,1,2,86
1,1,2,1,2,86
1,1,2,1,3,86
1,1,2,1,3,86
2,1,2,1,3,86
2,1,2,1,3,86
2,1,2,1,4,86
2,1,2,1,4,86
2,2,2,1,4,86
2,3,2,1,4,86
2,3,2,1,4,86
3,3,2,1,4,86
3,3,2,1,4,86
3,3,2,1,4,86
3,3,2,1,4,86
3,3,2,1,4,86
3,3,2,1,4,86
4,3,2,1,4,86
4,4,2,1,4,86
4,4,2,2,4,86
4,4,2,2,4,86
4,4,2,2,4,86
4,4,2,2,4,86
4,4,2,2,4,86
4,4,2,2,4,86
4,4,2,2,4,86
4,4,2,2,4,86
4,4,2,2,4,86
4,4,2,2,4,86
4,4,2,2,3,86
5,4,2,2,3,86
5,4,2,2,3,86
5,4,2,2,3,86
5,4,2,2,3,86
5,4,2,2,3,86
5,4,2,2,3,86
5,5,2,2,3,86
5,5,2,2,3,86
5,5,2,2,3,86
5,6,2,2,3,86
5,6,2,2,3,86
5,6,2,2,4,86
5,6,2,2,4,86
5,6,3,2,4,86
5,6,3,2,4,86
5,6,3,2,4,86
5,6,3,2,4,86
5,6,3,2,4,86
5,6,3,2,4,86
5,6,3,2,4,86
6,5,3,2,4,86
6,5,3,2,4,86
6,5,3,2,5,86
6,5,3,2,5,86
6,5,3,2,5,86
6,6,3,2,5,86
6,6,3,2,5,86
6,6,3,2,5,86
6,6,3,2,6,86
6,6,3,2,6,86
6,6,4,2,6,86
6,6,4,2,6,86
6,6,4,2,6,86
6,6,4,2,6,86
6,6,4,2,7,86
6,6,4,2,7,86
6,7,4,2,7,86
6,7,4,2,7,86
6,7,4,2,7,86
6,7,4,2,7,86
6,8,4,2,7,86
6,8,4,2,7,86
6,8,4,2,7,86
6,8,4,2,7,86
6,8,4,2,7,86
6,8,4,3,7,86
6,8,4,3,7,86
6,8,4,3,7,86
7,8,4,3,7,86
7,8,4,3,7,86
7,8,4,3,7,86
7,8,5,3,7,86
7,8,5,3,7,86
7,8,5,3,7,86
7,8,5,3,7,86
0,0,0,0,0,87
0,0,1,0,0,87
0,0,1,0,0,87
0,1,1,0,0,87
0,2,1,0,0,87
0,2,1,0,0,87
0,2,1,0,1,87
0,2,1,0,1,87
0,2,1,0,1,87
0,2,1,0,1,87
0,2,1,0,1,87
1,2,1,0,1,87
1,2,1,0,1,87
2,2,1,0,1,87
2,2,1,1,1,87
2,2,1,1,1,87
2,2,1,1,2,87
2,2,1,2,2,87
2,2,1,2,2,87
2,2,1,2,2,87
2,2,1,2,2,87
2,2,1,2,2,87
2,2,1,2,2,87
2,2,1,2,2,87
2,2,1,2,2,87
2,2,1,2,2,87
3,2,1,2,2,87
3,2,2,2,2,87
3,2,2,2,2,87
3,2,1,2,3,87
4,2,1,2,3,87
4,2,1,2,2,87
4,3,1,2,2,87
4,3,1,2,3,87
4,3,1,2,3,87
4,3,1,3,3,87
4,3,1,3,3,87
4,3,1,3,3,87
4,3,1,3,4,87
4,3,1,3,4,87
5,3,1,3,4,87
6,3,1,3,4,87
6,4,1,3,4,87
6,4,1,3,4,87
6,4,1,3,4,87
6,4,1,4,4,87
6,4,1,4,4,87
6,4,1,4,4,87
6,4,1,4,4,87
6,4,1,4,4,87
6,4,1,4,4,87
6,4,1,4,4,87
6,4,1,4,4,87
6,4,1,4,4,87
6,4,1,4,4,87
6,4,1,4,4,87
6,4,1,4,4,87
6,4,1,4,4,87
6,4,1,4,4,87
6,4,1,4,4,87
6,4,1,4,4,87
6,4,1,4,4,87
6,4,1,4,4,87
6,4,1,4,4,87
6,4,1,4,4,87
6,4,1,4,4,87
6,4,1,4,4,87
6,4,1,4,4,87
6,4,1,4,4,87
6,4,1,4,4,87
6,4,1,3,4,87
6,4,1,3,4,87
6,4,1,3,4,87
6,4,1,3,4,87
6,4,1,3,4,87
6,4,1,3,4,87
6,4,1,3,4,87
6,4,1,3,4,87
6,4,1,3,4,87
6,4,1,3,4,87
6,4,1,3,4,87
6,4,1,3,4,87
6,4,1,3,4,87
6,4,1,3,4,87
6,4,1,3,4,87
6,4,1,3,4,87
6,4,1,3,4,87
6,4,1,3,4,87
6,4,1,3,4,87
6,4,1,3,4,87
6,4,1,3,4,87
6,4,1,3,4,87
6,4,1,3,4,87
6,4,1,3,4,87
6,4,1,3,4,87
6,4,1,3,4,87
6,4,1,3,4,87
6,4,1,3,4,87
6,4,1,3,4,87
6,4,1,3,4,87
0,0,0,0,0,88
0,0,0,0,0,88
0,0,0,0,1,88
0,0,1,0,1,88
0,0,1,0,2,88
0,0,1,0,3,88
0,0,1,0,3,88
0,0,1,0,3,88
0,0,1,1,3,88
0,0,1,1,4,88
0,0,1,1,4,88
0,0,1,1,5,88
0,0,1,1,5,88
1,0,1,1,5,88
1,0,1,1,5,88
1,0,1,1,5,88
0,0,1,1,5,88
0,0,1,1,5,88
0,0,1,1,5,88
0,0,1,1,5,88
1,0,1,1,5,88
0,0,0,0,0,89
0,0,0,0,1,89
0,0,0,0,2,89
0,0,0,1,2,89
0,0,1,1,2,89
1,0,1,1,2,89
2,0,1,1,2,89
2,1,1,1,2,89
2,1,1,1,2,89
2,1,1,1,2,89
2,1,1,2,2,89
2,1,1,2,2,89
2,1,1,2,2,89
2,1,1,2,2,89
2,1,1,2,2,89
2,1,1,2,2,89
2,1,1,2,2,89
2,1,1,2,2,89
2,1,1,2,2,89
2,1,1,2,2,89
2,1,1,2,2,89
2,1,1,2,2,89
2,1,1,2,2,89
2,1,1,2,2,89
2,1,1,2,2,89
2,1,1,2,2,89
2,1,1,2,2,89
2,1,1,2,2,89
2,1,1,2,2,89
2,1,1,2,2,89
2,1,1,2,2,89
2,1,1,2,2,89
2,1,1,2,2,89
2,1,1,2,2,89
2,1,1,2,2,89
2,1,1,2,2,89
2,1,1,2,2,89
2,1,1,2,2,89
2,1,1,2,2,89
2,1,1,2,2,89
2,1,1,2,2,89
2,1,1,2,2,89
2,1,1,2,2,89
2,1,1,2,2,89
2,1,1,2,2,89
2,1,1,2,2,89
2,1,1,2,2,89
2,1,1,2,2,89
2,1,1,2,2,89
2,1,1,2,2,89
2,1,1,2,2,89
2,1,1,2,2,89
2,1,1,2,2,89
2,1,1,2,2,89
2,1,1,2,2,89
2,1,1,2,2,89
2,1,1,2,2,89
2,1,1,2,2,89
2,1,1,2,2,89
2,1,1,2,2,89
2,1,1,2,2,89
2,1,1,2,2,89
2,1,1,2,2,89
2,1,1,2,2,89
2,1,1,2,2,89
2,1,1,2,2,89
2,1,1,2,2,89
2,1,1,2,2,89
2,1,1,2,2,89
2,1,1,2,2,89
2,1,1,2,2,89
2,1,1,2,2,89
2,1,1,2,2,89
2,1,1,2,2,89
2,1,1,2,2,89
2,1,1,2,2,89
2,1,1,2,2,89
2,1,1,2,2,89
2,1,1,2,2,89
2,1,1,2,2,89
2,1,1,2,2,89
2,1,1,2,2,89
2,1,1,2,2,89
2,1,1,2,2,89
2,1,1,2,2,89
2,1,1,2,2,89
2,1,1,2,2,89
2,1,1,2,2,89
2,1,1,2,2,89
2,1,1,2,2,89
2,1,1,2,2,89
2,1,1,2,2,89
2,1,1,2,2,89
2,1,1,2,2,89
2,1,1,2,2,89
2,1,1,2,2,89
2,1,1,2,2,89
2,1,1,2,2,89
2,1,1,2,2,89
2,1,1,2,2,89
0,0,0,0,0,90
0,0,0,0,1,90
0,0,1,0,1,90
0,0,1,1,1,90
0,0,1,1,1,90
0,0,1,1,1,90
0,0,1,1,2,90
1,0,1,1,2,90
2,0,1,1,2,90
2,0,1,1,2,90
2,0,1,1,2,90
2,0,1,1,2,90
2,0,1,1,2,90
2,1,1,1,2,90
2,1,1,1,2,90
2,1,1,1,2,90
2,1,1,1,2,90
2,1,1,1,2,90
2,1,1,1,2,90
2,1,1,1,2,90
2,1,1,1,2,90
2,1,1,1,2,90
2,1,1,1,2,90
2,1,1,1,2,90
2,1,1,1,2,90
2,1,1,1,2,90
2,1,1,1,2,90
2,1,1,1,2,90
2,1,1,1,2,90
2,1,1,1,2,90
2,1,1,1,2,90
2,1,1,1,2,90
2,1,1,1,2,90
2,1,1,1,2,90
2,1,1,1,2,90
2,1,1,1,2,90
2,1,1,1,2,90
2,1,1,1,2,90
2,1,1,1,2,90
2,1,1,1,2,90
2,1,1,1,2,90
2,1,1,1,2,90
2,1,1,1,2,90
2,1,1,1,2,90
2,1,1,1,2,90
2,1,1,1,2,90
2,1,1,1,2,90
2,1,1,1,2,90
2,1,1,1,2,90
2,1,1,1,2,90
2,1,1,1,2,90
2,1,1,1,2,90
2,1,1,1,2,90
2,1,1,1,2,90
2,1,1,1,2,90
2,1,1,1,2,90
2,1,1,1,2,90
2,1,1,1,2,90
2,1,1,1,2,90
2,1,1,1,2,90
2,1,1,1,2,90
2,1,1,1,2,90
2,1,1,1,2,90
2,1,1,1,2,90
2,1,1,1,2,90
2,1,1,1,2,90
2,1,1,1,2,90
2,1,1,1,2,90
2,1,1,1,2,90
2,1,1,1,2,90
2,1,1,1,2,90
2,1,1,1,2,90
2,1,1,1,2,90
2,1,1,1,2,90
2,1,1,1,2,90
2,1,1,1,2,90
2,1,1,1,2,90
2,1,1,1,2,90
2,1,1,1,2,90
2,1,1,1,2,90
2,1,1,1,2,90
2,1,1,1,2,90
2,1,1,1,2,90
2,1,1,1,2,90
2,1,1,1,2,90
2,1,1,1,2,90
2,1,1,1,2,90
2,1,1,1,2,90
2,1,1,1,2,90
2,1,1,1,2,90
2,1,1,1,2,90
2,1,1,1,2,90
2,1,1,1,2,90
2,1,1,1,2,90
2,1,1,1,2,90
2,1,1,1,2,90
2,1,1,1,2,90
2,1,1,1,2,90
2,1,1,1,2,90
2,1,1,1,2,90
0,0,0,0,0,91
0,0,1,0,0,91
0,0,1,0,1,91
0,0,1,1,1,91
0,1,1,1,1,91
0,1,1,1,1,91
0,2,1,1,1,91
0,2,1,1,1,91
0,2,1,1,2,91
0,2,1,1,2,91
0,2,1,1,2,91
0,2,1,1,2,91
0,2,1,1,2,91
0,2,1,1,2,91
1,2,1,1,2,91
1,2,1,1,2,91
1,2,1,1,3,91
2,2,1,1,3,91
3,1,1,1,3,91
3,2,1,1,3,91
3,2,1,1,3,91
3,2,1,1,4,91
4,2,1,1,4,91
4,3,1,1,4,91
4,3,1,1,4,91
4,3,1,1,4,91
4,3,1,1,4,91
3,3,1,2,4,91
3,3,1,2,4,91
3,3,1,2,5,91
3,3,1,2,5,91
3,3,2,2,5,91
3,3,2,2,5,91
3,3,2,2,5,91
4,3,2,2,5,91
4,3,2,2,5,91
4,4,2,2,5,91
4,4,2,2,5,91
4,4,2,2,5,91
4,4,2,2,5,91
4,5,2,2,5,91
4,5,2,2,5,91
4,5,2,3,5,91
4,5,2,3,5,91
4,6,2,3,5,91
4,6,2,3,5,91
4,7,2,3,5,91
4,7,2,3,5,91
4,7,2,4,5,91
4,7,2,4,5,91
5,6,2,4,5,91
5,6,3,4,5,91
5,6,4,4,5,91
5,6,4,4,5,91
6,6,4,4,5,91
6,6,4,4,5,91
6,6,4,4,6,91
6,7,4,4,6,91
6,7,4,4,6,91
6,8,4,4,5,91
6,8,4,4,5,91
6,8,4,4,6,91
6,8,4,4,6,91
6,8,5,4,6,91
6,9,5,4,6,91
5,9,6,4,6,91
5,9,6,4,6,91
6,9,6,4,6,91
6,9,6,4,6,91
6,9,6,5,5,91
6,9,6,5,5,91
6,9,6,5,5,91
6,9,6,5,5,91
6,9,6,6,5,91
6,9,6,6,5,91
5,9,6,6,5,91
6,9,6,6,5,91
7,9,6,6,5,91
7,9,6,6,5,91
8,9,6,6,5,91
8,9,6,6,5,91
8,10,6,6,4,91
8,10,7,6,4,91
8,10,7,6,4,91
8,10,7,6,4,91
8,10,8,6,4,91
8,10,8,6,4,91
8,9,8,6,4,91
8,9,8,6,4,91
8,9,9,5,4,91
9,9,9,5,4,91
9,9,9,5,4,91
9,8,9,5,5,91
9,8,9,6,5,91
9,8,9,6,5,91
9,8,9,6,5,91
9,8,9,6,5,91
9,9,9,6,5,91
9,9,9,5,6,91
9,9,10,5,6,91
0,0,0,0,0,92
0,0,0,0,1,92
0,0,0,0,2,92
0,0,0,0,3,92
1,0,0,0,3,92
1,0,0,1,3,92
2,0,0,1,3,92
3,0,0,1,3,92
3,1,0,1,3,92
3,1,0,1,3,92
3,1,0,1,3,92
3,1,0,1,3,92
3,1,0,1,3,92
3,1,0,1,3,92
3,1,0,1,3,92
3,1,0,1,3,92
3,1,0,1,3,92
3,1,0,1,3,92
3,1,0,1,3,92
3,1,0,1,3,92
3,1,0,1,3,92
3,1,0,1,3,92
3,1,0,1,3,92
3,1,0,1,3,92
3,1,0,1,3,92
3,1,0,1,3,92
3,1,0,1,3,92
3,1,0,1,3,92
3,1,0,1,3,92
3,1,0,1,3,92
3,1,0,1,3,92
3,1,0,1,3,92
3,1,0,1,3,92
3,1,0,1,3,92
3,1,0,1,3,92
3,1,0,1,3,92
3,1,0,1,3,92
3,1,0,1,3,92
3,1,0,1,3,92
3,1,0,1,3,92
3,1,0,1,3,92
3,1,0,1,3,92
3,1,0,1,3,92
3,1,0,1,3,92
3,1,0,1,3,92
3,1,0,1,3,92
3,1,0,1,3,92
3,1,0,1,3,92
3,1,0,1,3,92
3,1,0,1,3,92
3,1,0,1,3,92
3,1,0,1,3,92
3,1,0,1,3,92
3,1,0,1,3,92
3,1,0,1,3,92
3,1,0,1,3,92
3,1,0,1,3,92
3,1,0,1,3,92
3,1,0,1,3,92
3,1,0,1,3,92
3,1,0,1,3,92
3,1,0,1,3,92
3,1,0,1,3,92
3,0,0,1,3,92
3,1,0,1,3,92
3,1,0,1,3,92
3,1,0,1,3,92
3,1,0,1,3,92
3,1,0,1,3,92
3,1,0,1,3,92
3,1,0,1,3,92
3,1,0,1,3,92
3,1,0,1,3,92
3,1,0,1,3,92
3,1,0,1,3,92
3,1,0,1,3,92
3,1,0,1,3,92
3,1,0,1,3,92
3,1,0,1,3,92
3,1,0,1,3,92
3,1,0,1,3,92
3,1,0,1,3,92
3,1,0,1,3,92
3,1,0,1,3,92
3,1,0,1,3,92
3,1,0,1,3,92
3,1,0,1,3,92
3,1,0,1,3,92
3,1,0,1,3,92
3,1,0,1,3,92
3,1,0,1,3,92
3,1,0,1,3,92
3,1,0,1,3,92
3,1,0,1,3,92
3,1,0,1,3,92
3,1,0,1,3,92
3,1,0,1,3,92
3,1,0,1,3,92
3,1,0,1,3,92
3,1,0,1,3,92
0,0,0,0,0,93
0,0,0,0,0,93
0,0,1,0,0,93
0,0,1,0,1,93
1,0,1,0,1,93
2,0,1,0,1,93
2,1,1,0,1,93
2,2,1,0,1,93
2,2,1,1,1,93
2,2,1,1,1,93
2,2,1,2,1,93
2,2,1,2,1,93
3,2,1,2,1,93
3,2,1,2,2,93
3,2,1,2,3,93
4,2,1,2,3,93
4,2,1,2,3,93
4,2,2,1,3,93
4,2,2,1,3,93
4,2,2,1,4,93
4,2,2,1,4,93
4,2,2,2,4,93
4,3,2,2,4,93
4,3,2,2,4,93
4,3,3,2,4,93
4,4,3,2,4,93
5,4,3,2,4,93
5,3,4,2,4,93
6,3,4,2,4,93
6,3,4,2,5,93
6,4,4,2,5,93
6,4,5,2,5,93
6,4,5,3,5,93
6,5,5,3,5,93
6,5,5,3,5,93
6,5,5,3,5,93
6,4,5,3,6,93
6,5,5,3,6,93
6,5,5,4,6,93
6,5,5,4,6,93
7,4,5,4,6,93
7,4,6,4,6,93
7,3,6,4,6,93
8,3,6,4,6,93
8,3,6,4,7,93
8,3,6,4,8,93
8,4,6,4,8,93
8,4,6,3,9,93
8,5,6,3,9,93
8,5,6,3,10,93
8,5,7,3,10,93
8,5,8,3,10,93
8,5,8,4,10,93
8,5,8,4,10,93
8,5,8,5,10,93
8,5,8,5,11,93
8,5,8,5,10,93
9,5,8,5,10,93
10,5,8,5,10,93
10,5,8,5,10,93
10,5,9,5,10,93
10,5,9,5,9,93
9,5,9,6,9,93
9,6,9,6,8,93
9,6,9,6,9,93
9,6,9,6,9,93
9,6,9,6,9,93
9,7,9,6,9,93
9,7,9,6,9,93
9,7,9,6,9,93
9,8,9,6,9,93
9,7,9,6,9,93
9,7,9,7,8,93
9,7,9,7,8,93
9,7,9,7,9,93
9,7,9,7,9,93
9,7,9,7,10,93
9,7,9,7,10,93
9,8,8,7,10,93
9,8,8,8,10,93
8,8,9,8,10,93
8,9,9,8,9,93
8,9,9,7,9,93
8,9,10,7,9,93
8,9,10,7,9,93
8,9,10,7,9,93
8,9,10,8,9,93
7,9,10,8,9,93
7,9,11,8,8,93
7,9,10,8,8,93
7,9,10,7,8,93
6,10,10,7,8,93
6,10,10,7,9,93
6,10,10,7,8,93
6,9,10,7,8,93
6,10,10,7,8,93
6,10,10,7,8,93
6,11,10,7,8,93
6,12,9,7,8,93
6,12,9,7,9,93
0,0,0,0,0,94
0,0,0,1,0,94
0,0,0,1,0,94
0,1,0,1,0,94
0,1,0,1,0,94
0,1,0,1,0,94
0,2,0,1,0,94
0,2,1,1,0,94
0,2,1,1,1,94
0,2,1,1,1,94
0,2,1,1,1,94
1,2,1,1,1,94
1,2,1,1,1,94
1,2,2,1,1,94
1,2,2,1,1,94
1,2,1,1,1,94
1,3,1,1,1,94
2,3,1,1,1,94
2,3,1,1,1,94
2,3,2,1,1,94
2,3,2,1,1,94
2,3,2,1,1,94
2,3,2,1,1,94
3,2,2,1,1,94
3,2,2,1,1,94
4,1,2,1,1,94
4,1,2,1,1,94
4,2,2,1,1,94
4,3,2,1,1,94
5,3,2,1,1,94
5,2,2,1,2,94
5,2,2,1,2,94
5,3,2,1,2,94
5,3,2,2,2,94
5,3,2,3,2,94
5,3,2,4,2,94
6,3,1,4,2,94
6,3,1,4,2,94
6,3,1,5,2,94
6,3,1,5,2,94
7,3,1,5,2,94
7,3,2,5,2,94
7,3,3,5,2,94
7,3,4,5,2,94
7,3,4,6,2,94
7,3,4,6,3,94
7,3,4,6,3,94
7,3,4,6,3,94
7,3,4,6,3,94
6,3,4,6,4,94
6,3,4,6,4,94
6,3,5,6,4,94
7,3,5,6,4,94
7,3,5,6,4,94
7,3,5,6,4,94
7,3,5,6,4,94
7,3,5,7,4,94
7,3,5,7,4,94
8,3,5,7,4,94
8,4,5,7,4,94
8,4,5,7,5,94
8,4,5,7,5,94
8,4,5,8,5,94
8,4,5,8,5,94
8,5,5,8,5,94
8,5,6,8,5,94
8,5,6,8,5,94
8,5,6,8,5,94
8,5,6,8,5,94
8,5,6,8,5,94
7,6,6,8,5,94
7,6,6,8,5,94
7,6,6,8,6,94
6,6,6,8,7,94
6,6,6,8,7,94
6,5,6,8,8,94
6,5,6,8,9,94
7,5,6,7,9,94
7,5,6,7,10,94
8,5,6,7,10,94
8,5,6,7,10,94
8,5,6,7,11,94
8,4,7,7,11,94
8,4,7,7,11,94
8,4,7,7,11,94
8,4,7,7,10,94
8,4,8,7,10,94
8,4,9,7,10,94
8,4,9,7,10,94
8,5,9,7,10,94
8,5,9,7,10,94
8,5,9,7,10,94
8,5,9,7,10,94
9,5,9,7,10,94
9,5,9,7,10,94
9,5,8,7,10,94
9,5,8,7,10,94
9,6,8,7,10,94
9,6,8,7,10,94
9,6,8,7,11,94
0,0,0,0,0,95
0,0,1,0,0,95
0,0,1,0,0,95
0,1,1,0,0,95
0,1,1,0,0,95
0,1,1,0,1,95
0,1,1,1,1,95
1,1,1,1,1,95
1,1,1,1,1,95
1,1,1,1,1,95
1,1,1,1,1,95
1,1,1,1,1,95
2,1,1,1,1,95
2,1,1,1,1,95
2,1,1,1,1,95
2,2,1,1,1,95
2,2,1,1,1,95
2,2,1,1,1,95
2,2,1,1,1,95
2,2,1,1,1,95
2,2,1,1,1,95
2,2,1,1,1,95
2,2,1,1,1,95
2,2,1,1,1,95
2,2,1,1,1,95
2,2,1,1,1,95
2,2,1,1,1,95
2,2,1,1,1,95
2,2,1,1,1,95
2,2,1,1,1,95
2,2,1,1,1,95
1,2,1,1,1,95
1,2,1,1,1,95
1,2,1,1,1,95
1,2,1,1,1,95
1,2,1,1,1,95
1,2,1,1,1,95
1,2,1,1,1,95
1,2,1,1,1,95
1,2,1,1,1,95
1,2,1,1,1,95
1,2,1,1,1,95
1,2,1,1,1,95
1,2,1,1,1,95
1,2,1,1,1,95
1,2,1,1,1,95
1,2,1,1,1,95
1,2,1,1,1,95
1,2,1,1,1,95
1,2,1,1,1,95
1,2,1,1,1,95
1,2,1,1,1,95
1,2,1,1,1,95
1,2,1,1,1,95
1,2,1,1,1,95
1,2,1,1,1,95
1,2,1,1,1,95
1,2,1,1,1,95
1,2,1,1,1,95
1,2,1,1,1,95
1,2,1,1,1,95
1,2,1,1,1,95
1,2,1,1,1,95
1,2,1,1,1,95
1,2,1,1,1,95
1,2,1,1,1,95
1,2,1,1,1,95
1,2,1,1,1,95
1,2,1,1,1,95
1,2,1,1,1,95
1,2,1,1,1,95
1,2,1,1,1,95
1,2,1,1,1,95
1,2,1,1,1,95
1,2,1,1,1,95
1,2,1,1,1,95
1,2,1,1,1,95
1,2,1,1,1,95
1,2,1,1,1,95
1,2,1,1,1,95
1,2,1,1,1,95
1,2,1,1,1,95
1,2,1,1,1,95
1,2,1,1,1,95
1,2,1,1,1,95
1,2,1,1,1,95
1,2,1,1,1,95
1,2,1,1,1,95
1,2,1,1,1,95
1,2,1,1,1,95
1,2,1,1,1,95
1,2,1,1,1,95
1,2,1,1,1,95
1,2,1,1,1,95
1,2,1,1,1,95
1,2,1,1,1,95
1,2,1,1,1,95
1,2,1,1,1,95
1,2,1,1,1,95
1,2,1,1,1,95
0,0,0,0,0,96
0,0,0,1,0,96
0,0,0,1,0,96
0,1,0,1,0,96
0,1,0,1,1,96
1,1,0,1,1,96
1,1,1,1,1,96
1,1,1,1,1,96
2,1,1,1,1,96
3,1,1,1,1,96
3,1,1,1,1,96
3,2,1,1,1,96
3,2,1,2,1,96
3,2,1,2,1,96
3,2,1,2,1,96
3,2,1,2,1,96
3,2,1,2,1,96
3,2,1,2,1,96
3,3,1,2,1,96
3,3,1,2,1,96
3,3,1,2,1,96
3,3,1,2,1,96
3,3,1,2,2,96
3,3,1,2,2,96
3,3,1,2,2,96
3,3,1,2,3,96
3,3,1,2,3,96
3,4,1,2,3,96
3,4,1,2,3,96
3,4,1,2,3,96
3,4,1,2,3,96
3,4,1,3,3,96
3,4,1,3,3,96
3,5,1,3,3,96
3,5,1,3,4,96
3,5,1,3,3,96
3,6,1,3,3,96
2,6,1,3,4,96
2,6,1,3,4,96
2,6,1,3,4,96
2,6,1,4,3,96
2,6,1,4,3,96
2,6,1,4,4,96
2,6,1,4,4,96
2,6,1,4,4,96
2,6,1,4,4,96
2,6,1,4,4,96
2,6,1,4,5,96
3,6,1,3,5,96
4,6,1,3,5,96
4,6,1,3,5,96
4,6,1,3,5,96
4,6,1,3,5,96
4,6,1,3,5,96
4,7,1,3,5,96
4,7,1,3,5,96
4,7,1,3,5,96
4,7,1,3,5,96
4,7,1,3,5,96
4,7,1,3,5,96
4,7,1,4,5,96
4,7,1,4,5,96
4,7,1,4,5,96
4,7,1,4,6,96
4,7,1,4,6,96
4,7,1,4,6,96
4,7,1,4,6,96
4,7,1,4,6,96
4,7,1,4,6,96
4,7,1,4,6,96
4,7,1,4,6,96
4,7,1,4,6,96
4,7,1,4,6,96
5,7,1,4,6,96
5,7,1,4,6,96
5,7,1,4,6,96
5,7,1,4,6,96
5,7,1,4,6,96
5,7,1,4,6,96
5,7,1,4,7,96
5,7,1,4,7,96
5,7,1,4,7,96
5,7,1,4,7,96
5,7,1,4,7,96
5,7,1,4,8,96
5,7,1,4,8,96
6,7,1,4,8,96
6,7,1,4,8,96
6,7,1,4,8,96
6,7,1,4,8,96
6,7,1,5,7,96
6,7,1,5,7,96
6,7,1,5,7,96
6,7,1,5,7,96
6,7,1,5,7,96
6,7,1,5,7,96
6,7,1,5,7,96
6,7,1,6,7,96
6,7,1,6,7,96
6,7,1,6,7,96
0,0,0,0,0,97
0,0,1,0,0,97
0,0,1,0,0,97
0,0,1,0,1,97
1,0,0,0,1,97
0,0,0,1,1,97
0,1,0,1,1,97
0,1,1,1,1,97
1,1,1,1,1,97
1,2,1,1,1,97
1,3,1,1,1,97
1,3,1,1,1,97
1,4,1,1,1,97
1,4,1,1,1,97
1,4,2,1,1,97
1,4,2,1,1,97
1,4,2,1,1,97
1,4,2,1,1,97
1,4,2,1,2,97
1,4,2,1,2,97
1,4,2,1,2,97
1,4,2,1,2,97
1,4,2,1,2,97
1,4,2,1,2,97
1,4,2,1,2,97
2,4,2,1,2,97
2,4,2,1,2,97
2,4,2,1,2,97
2,4,2,1,2,97
2,4,2,1,2,97
2,4,2,1,2,97
2,4,2,1,2,97
2,4,2,1,2,97
2,4,2,1,2,97
2,4,2,1,2,97
2,4,2,1,2,97
2,4,2,1,2,97
2,4,2,1,2,97
2,4,2,1,2,97
2,4,2,1,2,97
2,4,2,1,2,97
2,4,2,1,2,97
2,4,2,1,2,97
2,4,2,1,2,97
2,4,2,1,2,97
3,3,2,1,2,97
3,3,2,1,2,97
3,3,2,1,3,97
3,3,2,1,3,97
3,3,2,1,3,97
3,3,2,1,3,97
3,3,2,1,3,97
3,3,2,1,3,97
3,3,2,1,3,97
3,3,2,1,3,97
3,3,2,1,3,97
3,3,2,1,3,97
3,3,2,1,4,97
3,3,2,1,4,97
3,3,2,1,4,97
3,3,2,1,4,97
3,3,2,1,4,97
3,3,2,1,4,97
3,3,2,1,4,97
3,3,2,1,4,97
3,3,2,1,5,97
3,3,2,1,5,97
3,3,2,1,5,97
3,3,2,1,5,97
3,3,2,1,5,97
3,3,2,1,5,97
3,3,2,1,5,97
3,3,2,1,5,97
3,3,2,1,5,97
3,3,2,1,5,97
3,3,3,1,5,97
3,3,4,1,5,97
3,3,4,1,5,97
3,3,4,1,5,97
3,3,4,1,5,97
3,3,4,1,5,97
3,3,4,1,5,97
3,3,4,1,5,97
3,3,4,1,5,97
4,3,4,1,5,97
4,3,4,1,5,97
4,3,4,1,5,97
4,3,4,1,5,97
4,3,4,1,5,97
4,4,4,1,5,97
4,4,4,1,5,97
4,4,4,1,5,97
4,4,4,1,5,97
4,4,4,1,5,97
4,4,4,1,6,97
4,4,4,1,6,97
4,4,4,1,6,97
4,4,4,1,6,97
4,4,4,1,6,97
4,4,4,1,6,97
0,0,0,0,0,98
0,0,0,0,0,98
0,1,0,0,0,98
0,2,0,0,0,98
0,2,0,0,1,98
0,2,0,0,2,98
0,2,0,1,2,98
0,3,0,1,2,98
1,3,0,1,2,98
2,3,0,1,2,98
2,3,0,1,2,98
2,3,0,1,2,98
2,3,0,1,2,98
2,3,0,1,2,98
2,3,0,1,2,98
2,3,0,1,2,98
2,3,0,1,2,98
2,3,0,1,2,98
2,3,0,1,2,98
2,3,0,1,2,98
2,3,0,1,2,98
2,3,0,1,2,98
2,3,0,1,2,98
2,3,0,1,2,98
2,3,0,1,2,98
2,3,0,1,2,98
2,3,0,1,3,98
2,3,0,1,3,98
2,3,0,1,3,98
2,3,0,1,3,98
2,3,0,1,3,98
2,3,0,1,3,98
2,3,0,1,3,98
2,3,0,1,3,98
2,3,0,1,3,98
2,3,0,1,3,98
2,3,0,1,3,98
2,3,0,1,3,98
2,3,0,1,3,98
2,3,0,1,3,98
2,3,0,1,3,98
2,3,0,1,3,98
2,3,0,1,3,98
2,3,0,1,3,98
2,3,0,1,3,98
2,3,0,1,3,98
2,2,0,1,3,98
2,2,0,1,3,98
2,2,0,1,3,98
2,2,0,1,3,98
2,2,0,1,3,98
2,2,0,1,3,98
2,2,0,1,3,98
2,2,0,1,3,98
2,2,0,1,3,98
2,2,0,1,3,98
2,2,0,1,3,98
2,2,0,1,3,98
2,2,0,1,3,98
2,2,0,1,3,98
2,2,0,1,3,98
2,2,0,1,3,98
2,2,0,1,3,98
2,2,0,1,3,98
2,2,0,1,3,98
2,2,0,1,3,98
2,2,0,1,3,98
2,2,0,1,3,98
2,2,0,1,3,98
2,2,0,1,3,98
2,2,0,1,3,98
2,2,0,1,3,98
2,2,0,1,3,98
2,2,0,1,3,98
2,2,0,1,3,98
2,2,0,1,3,98
2,2,0,1,3,98
2,2,0,1,3,98
2,2,0,1,3,98
2,2,0,1,3,98
2,2,0,1,3,98
2,2,0,1,3,98
2,2,0,1,3,98
2,2,0,1,3,98
2,2,0,1,3,98
2,2,0,1,3,98
2,2,0,1,3,98
2,2,0,1,3,98
2,2,0,1,3,98
2,2,0,1,3,98
2,2,0,1,3,98
2,2,0,1,3,98
2,2,0,1,3,98
2,2,0,1,3,98
2,2,0,1,3,98
2,2,0,1,3,98
2,2,0,1,3,98
2,2,0,1,3,98
2,2,0,1,3,98
2,2,0,1,3,98
0,0,0,0,0,99
0,0,0,0,1,99
0,0,1,0,1,99
0,0,1,0,1,99
0,1,1,0,1,99
0,1,1,0,1,99
0,1,1,0,1,99
0,1,1,0,1,99
0,1,1,0,1,99
0,1,1,1,1,99
0,1,1,1,2,99
0,1,1,1,3,99
0,1,1,1,3,99
0,2,1,1,3,99
0,2,1,1,3,99
0,2,1,1,3,99
0,2,1,1,3,99
0,2,1,1,3,99
0,2,1,1,3,99
0,2,1,1,3,99
0,2,1,1,3,99
0,2,1,1,3,99
0,2,1,1,3,99
0,2,1,1,3,99
0,2,1,1,3,99
0,2,1,1,3,99
0,2,1,1,3,99
0,2,1,1,3,99
0,2,1,1,3,99
0,2,1,1,3,99
0,2,1,1,3,99
0,2,1,1,3,99
0,2,1,1,3,99
0,2,1,1,3,99
0,2,1,1,3,99
0,2,1,1,3,99
0,2,1,1,3,99
0,2,1,1,3,99
0,2,1,1,3,99
0,2,1,1,3,99
0,2,1,1,3,99
0,2,1,1,3,99
0,2,1,1,3,99
0,2,1,1,3,99
0,2,1,1,3,99
0,2,1,1,3,99
0,2,1,1,3,99
0,2,1,1,3,99
0,2,1,1,3,99
0,2,1,1,3,99
0,2,1,1,3,99
0,2,1,1,3,99
0,2,1,1,3,99
0,2,1,1,3,99
0,2,1,1,3,99
0,2,1,1,3,99
0,2,1,1,3,99
0,2,1,1,3,99
0,2,1,1,3,99
0,2,1,1,3,99
0,2,1,1,3,99
0,2,1,1,3,99
0,2,1,1,3,99
0,2,1,1,3,99
0,2,1,1,3,99
0,2,1,1,3,99
0,2,1,1,3,99
0,2,1,1,3,99
0,2,1,1,3,99
0,2,1,1,3,99
0,2,1,1,3,99
0,2,1,1,3,99
0,2,1,1,3,99
0,2,1,1,3,99
0,2,1,1,3,99
0,2,1,1,3,99
0,2,1,1,3,99
0,2,1,1,3,99
0,2,1,1,3,99
0,2,1,1,3,99
0,2,1,1,3,99
0,2,1,1,3,99
0,2,1,1,3,99
0,2,1,1,3,99
0,2,1,1,3,99
0,2,1,1,3,99
0,2,1,1,3,99
0,2,1,1,3,99
0,2,1,1,3,99
0,2,1,1,3,99
0,2,1,1,3,99
0,2,1,1,3,99
0,2,1,1,3,99
0,2,1,1,3,99
0,2,1,1,3,99
0,2,1,1,3,99
0,2,1,1,3,99
0,2,1,1,3,99
0,2,1,1,3,99
0,2,1,1,3,99
0,0,0,0,0,100
1,0,0,0,0,100
1,0,1,0,0,100
1,0,0,0,1,100
1,0,0,1,1,100
1,0,0,1,1,100
1,0,0,1,2,100
2,0,0,1,2,100
2,1,0,1,2,100
2,1,0,1,2,100
2,1,0,1,2,100
2,1,0,1,2,100
2,1,0,1,2,100
2,1,0,1,2,100
2,1,0,1,2,100
2,1,0,1,2,100
2,1,0,1,2,100
0,0,0,0,0,101
0,0,0,1,0,101
0,0,0,1,0,101
1,0,0,1,0,101
1,0,0,1,1,101
1,0,0,1,2,101
1,0,0,1,2,101
1,0,0,1,2,101
1,1,0,1,2,101
1,1,0,1,3,101
1,1,0,1,4,101
2,1,0,1,4,101
2,1,0,1,4,101
2,1,0,1,4,101
2,1,0,1,4,101
2,1,0,1,4,101
0,0,0,0,0,102
0,0,1,0,0,102
0,0,1,0,0,102
0,0,1,0,1,102
0,0,1,1,1,102
0,0,1,1,1,102
0,0,1,1,1,102
0,1,1,1,1,102
0,1,1,1,2,102
0,1,1,1,3,102
0,1,1,1,3,102
0,1,1,1,3,102
0,1,1,1,4,102
1,1,1,1,4,102
1,1,1,1,5,102
1,2,1,1,5,102
1,2,1,1,5,102
1,3,1,1,5,102
1,3,1,1,5,102
1,3,1,1,5,102
1,3,1,1,5,102
1,3,1,1,5,102
1,3,1,1,5,102
1,3,1,1,5,102
1,3,1,1,5,102
1,3,1,1,5,102
2,3,1,1,5,102
2,3,1,1,5,102
2,3,1,1,5,102
2,3,1,1,5,102
2,3,1,1,5,102
2,3,1,1,5,102
2,3,1,1,5,102
2,3,1,1,5,102
2,3,1,1,5,102
2,3,1,1,5,102
2,3,1,1,5,102
2,3,1,1,5,102
3,2,1,1,5,102
3,2,1,1,5,102
3,2,1,1,5,102
3,2,1,1,5,102
3,2,1,1,5,102
3,2,1,1,5,102
3,3,1,1,5,102
3,3,1,1,5,102
3,3,1,1,5,102
3,3,1,1,5,102
3,3,1,1,5,102
3,2,1,1,5,102
3,2,1,1,5,102
3,2,1,1,5,102
3,2,1,1,5,102
3,2,1,1,6,102
3,2,1,1,6,102
3,2,1,1,6,102
3,2,2,1,6,102
3,2,2,1,6,102
3,2,2,1,6,102
3,2,2,1,6,102
3,2,2,1,6,102
3,2,2,1,6,102
3,2,2,1,6,102
3,2,2,2,6,102
3,2,2,2,6,102
3,2,2,2,7,102
3,2,2,2,7,102
3,2,2,2,8,102
3,2,2,2,8,102
3,2,2,3,8,102
3,2,2,3,8,102
3,2,2,3,8,102
3,2,2,3,9,102
3,2,2,3,10,102
3,2,3,3,10,102
3,2,3,3,11,102
3,2,4,3,11,102
3,2,4,3,11,102
3,3,4,3,11,102
3,3,4,3,11,102
3,3,4,3,11,102
3,3,3,3,12,102
4,3,3,3,12,102
5,3,3,3,12,102
5,3,4,3,12,102
5,3,4,3,12,102
5,3,4,3,12,102
5,4,4,3,12,102
5,4,4,3,13,102
5,4,4,3,13,102
5,5,4,3,13,102
5,5,5,3,13,102
5,5,5,3,13,102
5,6,5,3,13,102
5,6,5,3,13,102
5,6,5,3,13,102
5,6,5,3,13,102
6,6,5,3,13,102
7,6,5,3,13,102
7,6,5,3,13,102
0,0,0,0,0,103
0,0,1,0,0,103
0,0,1,1,0,103
0,0,1,1,0,103
0,0,1,1,0,103
0,1,1,1,0,103
0,1,1,1,1,103
0,1,1,1,2,103
0,1,1,1,2,103
0,1,1,1,2,103
1,1,1,1,2,103
2,1,1,1,2,103
3,1,1,1,2,103
3,1,1,1,2,103
2,1,1,1,3,103
2,2,1,0,3,103
2,3,1,0,3,103
2,3,1,0,3,103
2,3,1,0,3,103
2,3,1,1,3,103
2,3,1,1,3,103
2,3,2,1,3,103
2,3,2,1,3,103
2,3,2,1,3,103
2,3,2,1,4,103
2,3,2,1,4,103
3,3,2,1,4,103
3,3,2,1,4,103
3,3,2,1,5,103
3,3,2,1,5,103
3,4,1,1,5,103
3,4,1,1,5,103
3,4,2,1,4,103
3,4,2,1,4,103
3,4,2,2,4,103
3,4,2,2,4,103
3,4,2,2,4,103
3,4,2,2,5,103
3,4,2,2,5,103
3,4,2,2,5,103
3,4,3,2,5,103
3,4,3,2,6,103
3,5,3,2,6,103
3,5,3,2,6,103
3,5,3,2,6,103
3,5,3,2,7,103
3,6,3,2,7,103
3,6,3,2,7,103
3,6,3,2,8,103
3,6,3,2,8,103
3,6,4,2,8,103
3,6,4,2,8,103
3,6,4,2,8,103
3,6,4,2,8,103
3,6,4,3,8,103
3,6,4,3,8,103
3,6,4,3,8,103
3,6,4,3,8,103
3,6,4,4,8,103
3,6,4,4,9,103
4,6,4,4,9,103
4,6,4,4,9,103
4,6,4,4,9,103
4,6,4,4,10,103
4,6,4,4,9,103
4,6,5,4,9,103
4,6,5,4,9,103
4,6,5,5,9,103
4,6,5,5,9,103
5,5,5,5,9,103
5,5,5,5,9,103
5,5,5,5,9,103
6,5,5,5,9,103
5,6,5,5,9,103
5,6,5,5,9,103
5,7,5,5,9,103
5,7,5,5,10,103
5,7,5,5,10,103
5,7,5,5,11,103
5,7,5,5,11,103
5,8,5,5,11,103
5,8,5,5,11,103
5,8,5,5,11,103
5,8,5,4,11,103
6,8,5,4,11,103
6,8,5,4,11,103
6,8,5,4,11,103
6,8,6,4,11,103
6,8,6,4,11,103
6,8,6,4,11,103
6,8,6,4,11,103
6,8,6,4,11,103
6,8,6,4,11,103
6,8,6,4,11,103
6,8,6,4,11,103
6,9,6,4,11,103
6,10,6,4,11,103
6,10,6,4,11,103
6,10,6,3,12,103
6,10,6,3,12,103
0,0,0,0,0,104
0,0,1,0,0,104
0,0,1,0,0,104
0,0,1,1,0,104
0,0,1,1,0,104
1,0,1,1,0,104
1,0,1,1,1,104
1,1,1,1,1,104
1,2,1,1,1,104
1,2,1,1,1,104
0,2,1,1,2,104
0,2,1,1,2,104
1,1,1,1,2,104
1,2,1,0,2,104
1,2,2,0,2,104
1,3,2,0,2,104
1,3,2,1,2,104
1,4,2,1,2,104
1,4,2,1,2,104
2,4,2,1,2,104
2,4,2,1,2,104
2,4,2,1,2,104
3,4,2,1,2,104
3,4,2,2,2,104
3,4,2,2,2,104
3,4,2,2,2,104
3,4,2,2,2,104
3,4,2,2,2,104
3,4,2,3,2,104
3,4,2,3,2,104
3,4,2,3,2,104
3,4,2,2,3,104
3,4,2,2,3,104
3,4,2,2,4,104
3,4,2,2,5,104
3,4,2,3,5,104
3,4,2,3,5,104
3,4,2,3,5,104
3,4,2,3,5,104
3,4,2,4,5,104
2,4,2,4,6,104
2,4,2,4,6,104
2,4,2,4,6,104
3,4,2,4,6,104
3,4,2,4,6,104
3,5,2,4,6,104
3,5,2,4,6,104
3,5,2,4,6,104
3,5,2,4,6,104
4,5,2,4,6,104
4,5,2,4,7,104
4,6,1,4,7,104
4,6,0,4,7,104
4,5,0,4,7,104
4,5,0,4,7,104
4,5,0,4,7,104
4,5,0,4,7,104
4,5,1,4,7,104
4,5,1,4,7,104
4,5,1,4,7,104
4,5,1,4,7,104
5,5,1,4,7,104
5,5,1,4,7,104
5,5,1,4,7,104
5,5,1,4,7,104
6,5,1,4,7,104
6,5,1,4,8,104
6,5,1,4,8,104
6,6,1,4,8,104
6,6,1,4,8,104
6,5,1,4,9,104
6,5,1,4,9,104
6,5,1,4,9,104
6,5,1,4,9,104
6,5,1,4,9,104
6,6,1,4,9,104
6,6,1,4,9,104
5,7,1,4,9,104
5,7,1,4,9,104
6,7,1,4,9,104
6,7,1,4,9,104
6,7,1,4,9,104
6,8,1,4,9,104
6,8,1,4,9,104
6,8,1,4,10,104
6,8,1,4,10,104
6,8,1,4,10,104
6,8,1,4,10,104
6,8,1,4,10,104
6,8,1,4,10,104
6,8,1,4,11,104
6,8,1,4,11,104
6,8,1,5,11,104
6,8,1,5,11,104
7,8,1,5,11,104
7,8,1,5,11,104
7,8,1,5,11,104
7,8,1,5,11,104
7,8,1,5,11,104
7,8,1,5,11,104
0,0,0,0,0,105
0,1,0,0,0,105
0,1,1,0,0,105
0,1,1,0,1,105
0,1,1,0,1,105
0,1,1,1,1,105
0,1,1,1,2,105
0,1,1,1,3,105
0,1,1,1,3,105
0,1,1,1,4,105
0,1,1,1,4,105
0,1,1,1,4,105
0,1,1,1,4,105
0,1,1,1,5,105
0,1,1,1,5,105
0,2,1,1,5,105
0,2,1,1,5,105
0,3,1,1,5,105
1,3,1,1,5,105
2,3,1,1,5,105
2,3,1,1,5,105
2,3,1,1,5,105
2,3,1,1,5,105
2,3,1,1,5,105
2,3,1,2,5,105
2,3,1,2,5,105
2,3,1,2,5,105
2,3,1,2,5,105
2,3,1,2,5,105
2,3,1,2,5,105
2,3,1,2,5,105
2,3,1,2,5,105
2,3,1,2,5,105
2,3,1,2,5,105
2,3,1,2,4,105
2,3,1,2,5,105
2,3,1,2,5,105
2,3,1,2,5,105
2,3,1,2,4,105
2,3,1,2,4,105
2,3,1,2,4,105
2,3,1,2,4,105
2,3,1,2,4,105
2,3,1,2,4,105
2,3,1,2,4,105
2,3,1,2,4,105
2,3,1,2,4,105
2,3,1,2,4,105
3,3,1,2,4,105
3,3,1,2,4,105
3,3,1,2,4,105
3,3,1,2,4,105
3,4,1,2,4,105
3,4,1,2,4,105
3,4,1,2,4,105
3,4,1,2,4,105
3,4,1,2,4,105
3,4,1,2,4,105
3,4,1,2,4,105
3,5,1,2,4,105
3,5,1,2,4,105
3,4,1,2,5,105
3,4,1,2,5,105
3,4,1,2,5,105
3,4,1,2,5,105
3,4,1,2,5,105
3,4,1,2,5,105
3,4,1,2,5,105
3,4,0,2,5,105
3,5,0,2,5,105
3,5,0,2,5,105
3,5,0,2,5,105
3,4,0,3,5,105
3,4,0,3,5,105
3,4,0,3,5,105
3,4,0,3,5,105
3,4,0,3,5,105
3,4,0,3,5,105
3,4,0,3,5,105
3,4,0,3,5,105
3,4,0,3,5,105
3,4,0,3,5,105
3,4,0,3,5,105
3,4,0,3,5,105
3,4,0,3,5,105
3,4,0,3,5,105
3,4,0,3,5,105
3,4,0,3,5,105
3,4,0,3,5,105
3,4,0,3,5,105
3,4,0,3,5,105
3,4,0,3,5,105
3,4,0,3,5,105
3,4,0,3,5,105
3,4,0,3,5,105
3,4,0,3,5,105
3,4,0,3,5,105
3,4,0,3,5,105
3,4,0,3,5,105
3,4,0,3,5,105
0,0,0,0,0,106
0,1,0,0,0,106
0,2,0,0,0,106
0,3,0,0,0,106
0,3,0,0,0,106
0,4,0,0,0,106
0,4,0,0,0,106
0,4,0,0,0,106
0,4,0,1,0,106
0,4,0,1,0,106
0,4,0,1,1,106
1,4,0,1,1,106
1,4,0,1,1,106
1,4,0,1,1,106
1,4,0,1,1,106
1,4,0,1,1,106
1,4,0,1,1,106
1,4,0,1,1,106
1,4,0,1,1,106
1,4,0,1,1,106
1,4,0,1,1,106
1,4,0,1,1,106
1,4,0,1,1,106
0,4,0,1,1,106
0,4,0,1,1,106
0,4,0,1,1,106
1,4,0,1,1,106
1,4,0,1,1,106
1,4,0,1,1,106
1,4,0,1,1,106
1,4,0,1,1,106
1,4,0,1,1,106
1,4,0,1,1,106
1,4,0,1,1,106
1,4,0,1,1,106
1,4,0,1,1,106
1,4,0,1,1,106
1,4,0,1,1,106
1,4,0,1,1,106
1,4,0,1,1,106
1,4,0,1,1,106
1,4,0,1,1,106
1,4,0,1,1,106
1,4,0,1,1,106
1,4,0,1,1,106
1,4,0,1,1,106
1,4,0,1,1,106
1,4,0,1,1,106
1,4,0,1,1,106
1,4,0,1,1,106
1,4,0,1,1,106
1,4,0,1,1,106
1,4,0,1,1,106
1,4,0,1,1,106
1,4,0,1,1,106
1,4,0,1,1,106
1,4,0,1,1,106
1,4,0,1,1,106
1,4,0,1,1,106
1,4,0,1,1,106
1,4,0,1,1,106
1,4,0,1,1,106
1,4,0,1,1,106
1,4,0,1,1,106
1,4,0,1,1,106
1,4,0,1,1,106
1,4,0,1,1,106
1,4,0,1,1,106
1,4,0,1,1,106
1,4,0,1,1,106
1,4,0,1,1,106
1,4,0,1,1,106
1,4,0,1,1,106
1,4,0,1,1,106
1,4,0,1,1,106
1,4,0,1,1,106
1,4,0,1,1,106
1,4,0,1,1,106
1,4,0,1,1,106
1,4,0,1,1,106
1,4,0,1,1,106
1,4,0,1,1,106
1,4,0,1,1,106
1,4,0,1,1,106
1,4,0,1,1,106
1,4,0,1,1,106
1,4,0,1,1,106
1,4,0,1,1,106
1,4,0,1,1,106
1,4,0,1,1,106
1,4,0,1,1,106
1,4,0,1,1,106
1,4,0,1,1,106
1,4,0,1,1,106
1,4,0,1,1,106
1,4,0,1,1,106
1,4,0,1,1,106
1,4,0,1,1,106
1,4,0,1,1,106
1,4,0,1,1,106
0,0,0,0,0,107
0,0,0,0,1,107
0,1,0,0,1,107
0,1,0,0,2,107
0,2,0,0,2,107
0,2,1,0,2,107
0,2,1,0,2,107
0,2,1,0,2,107
0,2,1,0,3,107
0,2,1,0,4,107
0,2,1,0,4,107
1,2,1,0,4,107
1,2,1,0,4,107
1,2,1,1,4,107
1,2,1,1,4,107
1,2,1,1,4,107
1,2,1,1,4,107
1,2,1,1,4,107
1,2,1,1,4,107
1,2,1,1,4,107
1,2,1,1,4,107
1,2,1,1,4,107
1,2,1,1,4,107
1,2,1,1,4,107
1,2,1,1,4,107
1,2,1,1,4,107
1,2,1,1,4,107
1,2,1,1,4,107
1,2,1,1,4,107
1,2,1,1,4,107
1,2,1,1,4,107
1,2,1,1,4,107
1,2,1,1,4,107
1,2,1,1,4,107
1,2,1,1,4,107
1,2,1,1,4,107
1,2,1,1,4,107
1,2,1,1,4,107
1,2,1,1,4,107
1,2,1,1,4,107
1,2,1,1,4,107
1,2,1,1,4,107
1,2,1,1,4,107
1,2,1,1,4,107
1,2,1,1,4,107
1,2,1,1,4,107
1,2,1,1,4,107
1,2,1,1,4,107
1,2,1,1,4,107
1,2,1,1,4,107
1,2,1,1,4,107
1,2,1,1,4,107
1,2,1,1,4,107
1,2,1,1,4,107
1,2,1,1,4,107
1,2,1,1,4,107
1,2,1,1,4,107
1,2,1,1,4,107
1,2,1,1,4,107
1,2,1,1,4,107
1,2,1,1,4,107
1,2,1,1,4,107
1,2,1,1,4,107
1,2,1,1,4,107
1,2,1,1,4,107
1,2,1,1,4,107
1,2,1,1,4,107
1,2,1,1,4,107
1,2,1,1,4,107
1,2,1,1,4,107
1,2,1,1,4,107
1,2,1,1,4,107
1,2,1,1,4,107
1,2,1,1,4,107
1,2,1,1,4,107
1,2,1,1,4,107
1,2,1,1,4,107
1,2,1,1,4,107
1,2,1,1,4,107
1,2,1,1,4,107
1,2,1,1,4,107
1,2,1,1,4,107
1,2,1,1,4,107
1,2,1,1,4,107
1,2,1,1,4,107
1,2,1,1,4,107
1,2,1,1,4,107
1,2,1,1,4,107
1,2,1,1,4,107
1,2,1,1,4,107
1,2,1,1,4,107
1,2,1,1,4,107
1,2,1,1,4,107
1,2,1,1,4,107
1,2,1,1,4,107
1,2,1,1,4,107
1,2,1,1,4,107
1,2,1,1,4,107
1,2,1,1,4,107
1,2,1,1,4,107
0,0,0,0,0,108
0,1,0,0,0,108
0,1,1,0,0,108
1,1,1,0,0,108
1,1,1,0,1,108
1,1,1,1,1,108
1,1,2,1,1,108
2,1,2,1,1,108
2,1,2,1,1,108
2,1,2,2,1,108
2,1,2,2,2,108
2,1,2,2,2,108
2,1,2,2,2,108
2,2,2,2,2,108
2,2,2,2,2,108
2,2,2,2,2,108
2,2,2,2,2,108
2,2,2,2,3,108
2,2,2,2,3,108
2,2,2,2,3,108
2,2,2,2,3,108
2,2,2,2,3,108
3,2,2,2,3,108
3,2,2,2,4,108
3,3,2,2,4,108
3,3,2,2,5,108
2,3,2,2,5,108
2,3,2,2,5,108
3,3,2,2,5,108
3,3,2,2,5,108
3,3,2,2,5,108
3,3,2,2,5,108
3,3,2,2,5,108
3,3,2,2,5,108
3,3,2,2,5,108
3,3,2,2,6,108
3,3,2,2,6,108
3,3,2,2,6,108
3,3,2,2,6,108
3,3,2,2,6,108
3,3,2,2,6,108
3,3,2,1,6,108
3,3,2,1,6,108
3,3,2,1,6,108
3,3,2,1,6,108
3,3,2,1,6,108
3,3,2,1,6,108
3,3,2,1,6,108
3,3,2,1,6,108
3,3,2,1,6,108
3,2,2,1,6,108
3,2,2,1,6,108
3,2,2,1,6,108
3,2,2,1,6,108
3,2,2,1,6,108
3,2,2,1,6,108
3,2,2,1,6,108
3,2,2,1,6,108
3,2,2,1,6,108
3,2,2,1,6,108
3,2,2,1,6,108
3,2,2,1,6,108
3,2,2,1,6,108
3,2,2,1,6,108
3,2,2,1,6,108
3,2,2,1,6,108
3,2,2,1,6,108
3,2,2,1,6,108
3,2,2,1,6,108
3,2,2,1,6,108
3,2,2,1,6,108
3,2,2,1,6,108
3,2,2,1,6,108
3,2,2,1,6,108
3,2,2,1,6,108
3,2,2,1,6,108
3,2,2,1,6,108
3,2,2,1,6,108
3,2,2,1,6,108
3,2,2,1,6,108
3,2,2,1,6,108
3,2,2,1,6,108
3,2,2,1,6,108
3,2,2,1,6,108
3,2,2,1,6,108
2,2,2,1,6,108
2,2,2,1,6,108
2,2,2,1,6,108
2,2,2,1,6,108
2,2,2,1,6,108
2,2,2,1,6,108
2,2,2,1,6,108
2,2,2,1,6,108
2,2,2,1,6,108
2,2,2,1,6,108
2,2,2,1,6,108
2,2,2,1,6,108
2,2,2,1,6,108
2,2,2,1,6,108
2,2,2,1,6,108
0,0,0,0,0,109
1,0,0,0,0,109
1,0,1,0,0,109
1,0,1,1,0,109
1,1,1,1,0,109
1,1,1,1,0,109
2,1,1,1,0,109
3,1,1,1,0,109
3,1,1,1,0,109
3,1,1,1,0,109
3,1,1,1,0,109
3,1,1,1,0,109
3,1,1,1,0,109
3,1,1,1,0,109
3,1,1,1,1,109
3,1,1,1,1,109
3,1,1,1,1,109
4,1,1,1,1,109
4,1,1,1,2,109
4,1,1,1,2,109
4,2,1,1,2,109
5,2,1,1,2,109
5,2,1,1,2,109
5,3,1,1,2,109
6,3,1,1,2,109
6,3,1,1,2,109
6,3,1,1,2,109
6,3,1,1,2,109
6,3,1,1,2,109
6,3,1,1,2,109
6,3,1,2,2,109
6,3,1,2,2,109
6,3,1,2,3,109
6,3,1,3,3,109
7,3,1,3,3,109
7,3,1,3,3,109
7,4,1,3,3,109
8,4,1,3,3,109
9,4,1,3,3,109
9,4,1,3,3,109
9,5,1,3,3,109
9,5,1,3,3,109
8,5,1,3,3,109
8,5,1,3,3,109
8,5,1,4,3,109
9,5,1,4,3,109
9,6,1,4,3,109
9,6,1,3,4,109
9,6,1,3,4,109
9,6,1,3,5,109
8,6,1,3,5,109
8,7,1,3,5,109
8,7,1,3,4,109
9,7,1,3,4,109
8,7,2,3,4,109
8,7,2,4,4,109
8,7,2,4,5,109
8,7,2,4,6,109
8,7,2,4,7,109
8,7,2,4,7,109
9,7,2,4,7,109
9,7,3,4,7,109
9,7,3,4,7,109
9,8,3,4,7,109
9,8,3,4,6,109
9,8,3,4,6,109
9,8,3,5,6,109
9,8,3,6,6,109
9,9,3,6,6,109
9,9,3,6,7,109
10,9,3,6,7,109
10,10,3,6,7,109
10,10,3,6,8,109
10,10,3,6,9,109
10,10,3,6,9,109
10,11,3,6,9,109
10,10,3,7,9,109
10,10,3,7,9,109
11,10,3,7,8,109
11,10,3,7,7,109
10,10,3,7,8,109
10,11,3,6,8,109
11,11,3,6,8,109
11,11,3,7,8,109
11,11,4,6,8,109
11,11,4,6,8,109
11,11,4,7,7,109
11,12,4,7,7,109
11,12,4,7,7,109
12,12,4,7,7,109
13,12,4,7,7,109
13,13,4,7,7,109
12,13,4,7,7,109
12,13,4,7,7,109
13,13,4,7,7,109
13,12,4,7,8,109
13,12,4,7,9,109
12,13,4,7,9,109
12,12,5,7,9,109
12,12,5,7,9,109
0,0,0,0,0,110
0,0,0,1,0,110
0,0,0,1,0,110
1,0,0,1,0,110
2,0,0,1,0,110
2,0,0,1,0,110
2,0,1,1,0,110
1,0,1,1,0,110
2,0,1,1,0,110
2,0,1,1,0,110
3,0,1,1,0,110
3,0,1,1,0,110
3,0,1,1,0,110
3,0,1,1,0,110
3,0,1,1,0,110
3,0,1,1,1,110
0,0,0,0,0,111
1,0,0,0,0,111
1,0,0,0,1,111
1,0,1,0,1,111
1,1,1,0,0,111
2,1,1,0,0,111
2,1,1,0,1,111
2,1,1,0,1,111
2,1,1,0,1,111
2,1,1,0,1,111
2,1,1,0,1,111
2,1,1,0,1,111
2,1,1,0,1,111
2,1,1,0,1,111
2,1,1,0,2,111
2,1,1,0,2,111
2,1,1,0,2,111
2,1,1,0,2,111
2,1,1,0,2,111
2,1,1,0,2,111
2,1,1,0,2,111
2,1,1,0,2,111
2,1,1,0,2,111
2,1,1,0,2,111
2,1,1,0,2,111
2,1,1,0,2,111
2,1,1,0,2,111
2,1,1,0,2,111
2,1,1,0,2,111
2,1,1,0,2,111
2,1,1,0,2,111
2,1,1,0,2,111
2,1,1,0,2,111
2,1,1,0,2,111
2,1,1,0,2,111
2,1,1,0,2,111
2,1,1,0,2,111
2,1,1,0,2,111
2,1,1,0,2,111
2,1,1,0,2,111
2,1,1,0,2,111
2,1,1,0,2,111
2,1,1,0,2,111
2,1,1,0,2,111
2,1,1,0,2,111
2,1,1,0,2,111
2,1,1,0,2,111
2,1,1,0,2,111
2,1,1,0,2,111
2,1,1,0,2,111
2,1,1,0,2,111
2,1,1,0,2,111
2,1,1,0,2,111
2,1,1,0,2,111
2,1,1,0,2,111
2,1,1,0,2,111
2,1,1,0,2,111
2,1,1,0,2,111
2,1,1,0,2,111
2,1,1,0,2,111
2,1,1,0,2,111
2,1,1,0,2,111
2,1,1,0,2,111
2,1,1,0,2,111
2,1,1,0,2,111
2,1,1,0,2,111
2,1,1,0,2,111
2,1,1,0,2,111
2,1,1,0,2,111
2,1,1,0,2,111
2,1,1,0,2,111
2,1,1,0,2,111
2,1,1,0,2,111
2,1,1,0,2,111
2,1,1,0,2,111
2,1,1,0,2,111
2,1,1,0,2,111
2,1,1,0,2,111
2,1,1,0,2,111
2,1,1,0,2,111
2,1,1,0,2,111
2,1,1,0,2,111
2,1,1,0,2,111
2,1,1,0,2,111
2,1,1,0,2,111
2,1,1,0,2,111
2,1,1,0,2,111
2,1,1,0,2,111
2,1,1,0,2,111
2,1,1,0,2,111
2,1,1,0,2,111
2,1,1,0,2,111
2,1,1,0,2,111
2,1,1,0,2,111
2,1,1,0,2,111
2,1,1,0,2,111
2,1,1,0,2,111
2,1,1,0,2,111
2,1,1,0,2,111
2,1,1,0,2,111
0,0,0,0,0,112
0,0,0,1,0,112
0,0,0,1,0,112
0,0,0,1,0,112
0,1,0,1,0,112
1,1,0,1,0,112
1,1,0,1,0,112
1,1,1,1,0,112
1,1,1,2,0,112
1,2,1,2,0,112
1,2,1,2,1,112
1,2,1,2,1,112
1,2,1,2,2,112
1,2,1,2,2,112
1,2,1,2,3,112
1,2,1,2,4,112
1,2,1,2,4,112
1,2,1,2,4,112
1,2,1,2,4,112
1,2,1,2,3,112
1,2,1,2,4,112
1,2,1,2,4,112
1,2,1,2,4,112
1,2,1,2,4,112
1,2,1,2,5,112
1,2,0,2,5,112
1,2,0,2,5,112
1,2,0,2,6,112
1,2,0,2,6,112
2,2,0,2,6,112
2,2,0,2,6,112
2,2,0,2,6,112
2,2,0,2,6,112
2,2,0,2,6,112
2,2,0,2,6,112
2,2,0,2,6,112
2,2,0,2,6,112
2,2,0,2,6,112
2,2,0,2,6,112
2,2,0,2,6,112
2,2,0,2,6,112
2,2,0,2,6,112
2,2,0,2,6,112
2,2,0,2,6,112
2,2,0,2,5,112
2,2,0,2,5,112
2,2,0,2,5,112
2,2,0,2,5,112
2,2,0,2,5,112
2,2,0,2,5,112
2,2,0,2,5,112
2,2,0,2,5,112
2,2,0,2,5,112
2,2,0,2,5,112
2,2,0,2,5,112
2,2,0,2,5,112
2,2,0,2,5,112
2,2,0,2,5,112
2,2,0,2,5,112
2,2,0,2,5,112
2,2,0,2,5,112
2,2,0,2,5,112
2,2,0,2,5,112
2,2,0,2,5,112
2,2,0,2,5,112
2,2,0,2,5,112
2,2,0,2,5,112
2,2,0,2,5,112
2,2,0,2,5,112
2,2,0,2,5,112
2,2,0,2,5,112
2,2,0,2,5,112
2,2,0,2,5,112
1,2,0,2,5,112
1,2,0,2,5,112
1,2,0,2,5,112
1,2,0,2,5,112
1,2,0,2,5,112
1,2,0,2,5,112
1,2,0,2,5,112
1,2,0,2,5,112
1,2,0,2,5,112
1,2,0,2,5,112
1,2,0,2,5,112
1,2,0,2,4,112
1,2,0,2,4,112
1,2,0,2,4,112
1,2,0,2,4,112
1,2,0,2,4,112
1,2,0,2,4,112
1,2,0,2,4,112
1,2,0,2,4,112
1,2,0,2,4,112
1,2,0,2,4,112
1,2,0,2,4,112
1,2,0,2,4,112
1,2,0,2,4,112
1,2,0,2,4,112
1,2,0,2,4,112
1,2,0,2,4,112
0,0,0,0,0,113
0,0,0,0,1,113
0,1,0,0,1,113
0,1,0,0,1,113
0,1,0,0,2,113
0,1,0,1,2,113
0,2,0,1,2,113
0,2,0,1,2,113
0,3,0,1,2,113
0,3,0,1,2,113
0,3,0,1,2,113
0,3,0,1,2,113
0,3,0,1,2,113
0,3,0,1,2,113
0,3,0,1,2,113
0,3,0,1,2,113
0,3,0,1,3,113
0,3,0,1,3,113
0,3,0,1,3,113
0,3,0,1,3,113
0,3,0,1,3,113
0,3,0,1,3,113
1,3,0,1,3,113
1,3,0,1,3,113
1,3,0,1,3,113
1,3,0,1,3,113
1,3,0,1,3,113
1,3,0,1,3,113
1,3,0,1,3,113
1,3,0,1,3,113
1,3,0,1,3,113
1,3,0,1,3,113
1,3,0,1,3,113
1,3,0,1,3,113
1,3,0,1,3,113
1,3,0,1,3,113
1,3,0,1,3,113
1,3,0,1,3,113
1,3,0,1,3,113
1,3,0,1,3,113
1,3,0,1,3,113
1,3,0,1,3,113
1,3,0,1,3,113
1,3,0,1,3,113
1,3,0,1,3,113
1,3,0,1,3,113
1,3,0,1,3,113
1,3,0,1,3,113
1,3,0,1,3,113
1,3,0,1,3,113
1,3,0,1,3,113
1,3,0,1,3,113
1,3,0,1,3,113
1,3,0,1,3,113
1,3,0,1,3,113
1,3,0,1,3,113
1,3,0,1,3,113
1,3,0,1,3,113
1,3,0,1,3,113
1,3,0,1,3,113
1,3,0,1,3,113
1,3,0,1,3,113
1,3,0,1,3,113
1,3,0,1,3,113
1,3,0,1,3,113
1,3,0,1,3,113
1,3,0,1,3,113
1,3,0,1,3,113
1,3,0,1,3,113
1,3,0,1,3,113
1,3,0,1,3,113
1,3,0,1,3,113
1,3,0,1,3,113
1,3,0,1,3,113
1,3,0,1,3,113
1,3,0,1,3,113
1,3,0,1,3,113
1,3,0,1,3,113
1,3,0,1,3,113
1,3,0,1,3,113
1,3,0,1,3,113
1,3,0,1,3,113
1,3,0,1,3,113
1,3,0,1,3,113
1,3,0,1,3,113
1,3,0,1,3,113
1,2,0,1,3,113
1,2,0,1,3,113
1,2,0,1,3,113
1,2,0,1,3,113
1,2,0,1,3,113
1,2,0,1,3,113
1,2,0,1,3,113
1,2,0,1,3,113
1,2,0,1,3,113
1,2,0,1,3,113
1,2,0,1,3,113
1,2,0,1,3,113
1,2,0,1,3,113
1,2,0,1,3,113
0,0,0,0,0,114
0,0,0,0,1,114
1,0,0,0,1,114
2,0,0,0,1,114
2,0,1,0,1,114
2,0,1,1,1,114
2,0,1,1,1,114
2,1,1,1,1,114
2,1,1,1,2,114
2,1,1,1,2,114
2,1,1,1,3,114
2,1,1,2,3,114
2,1,1,2,3,114
2,1,1,2,3,114
2,1,1,2,3,114
2,1,2,2,3,114
2,1,2,2,3,114
2,2,2,2,3,114
2,2,2,2,3,114
2,3,2,2,3,114
2,4,2,2,3,114
2,4,2,2,3,114
2,4,2,2,3,114
2,4,2,2,3,114
2,4,2,2,3,114
2,4,2,2,3,114
2,4,2,2,3,114
2,4,2,2,3,114
2,4,2,2,3,114
2,4,2,2,3,114
2,4,2,2,3,114
2,4,2,2,3,114
2,4,2,2,3,114
3,4,2,2,3,114
3,4,2,2,4,114
3,4,2,2,4,114
3,5,2,2,4,114
3,5,2,2,4,114
3,5,2,2,4,114
3,6,2,2,4,114
3,6,2,2,5,114
3,6,2,2,5,114
2,6,3,2,5,114
2,6,3,2,5,114
2,6,3,2,5,114
2,6,3,2,5,114
2,6,3,2,6,114
2,6,3,2,6,114
2,6,3,2,6,114
2,5,3,2,7,114
2,5,3,2,7,114
2,5,3,2,7,114
2,5,3,2,8,114
2,5,3,2,8,114
2,5,3,2,8,114
2,5,3,2,8,114
2,5,3,2,8,114
3,5,3,2,8,114
3,5,3,2,8,114
3,5,3,2,8,114
4,5,3,2,8,114
4,5,3,2,8,114
4,5,3,2,8,114
4,5,3,2,8,114
4,5,3,2,8,114
4,5,3,2,8,114
4,5,3,2,8,114
4,4,3,2,8,114
4,4,3,2,8,114
4,4,3,2,8,114
4,4,3,2,8,114
3,4,3,2,9,114
3,4,3,2,9,114
3,4,3,2,9,114
3,4,3,2,9,114
3,4,3,2,9,114
3,4,3,2,9,114
3,4,3,2,9,114
3,4,3,2,9,114
3,4,3,2,9,114
3,4,3,2,9,114
3,4,3,2,9,114
3,4,3,2,9,114
3,4,3,2,9,114
4,4,3,2,9,114
3,4,3,2,9,114
3,4,3,2,9,114
3,4,3,2,9,114
3,4,3,2,9,114
3,5,3,2,9,114
3,5,3,2,9,114
3,5,3,2,9,114
3,5,3,2,9,114
3,5,3,2,9,114
3,5,3,2,9,114
3,5,3,2,9,114
3,5,3,2,9,114
3,5,3,2,9,114
3,5,3,2,9,114
3,5,3,2,9,114
0,0,0,0,0,115
0,0,0,0,1,115
0,0,0,0,2,115
0,0,0,0,3,115
0,0,0,0,3,115
0,1,0,0,3,115
0,1,0,0,4,115
0,1,0,1,4,115
0,1,0,1,4,115
0,1,0,1,4,115
0,1,0,1,4,115
1,1,0,1,4,115
1,1,0,1,4,115
1,1,0,1,4,115
1,1,0,1,4,115
1,1,0,1,4,115
1,1,0,1,4,115
1,1,0,1,4,115
2,1,0,1,4,115
2,1,0,1,4,115
2,1,0,1,4,115
2,1,0,1,4,115
2,1,0,1,4,115
2,1,0,1,4,115
2,1,0,1,4,115
2,1,0,1,4,115
2,1,0,1,4,115
2,1,0,1,4,115
2,1,0,1,4,115
2,1,0,1,4,115
2,1,0,1,4,115
2,1,0,1,4,115
2,1,0,1,4,115
2,1,0,1,4,115
2,1,0,1,4,115
2,1,0,1,4,115
2,1,0,1,4,115
2,1,0,1,4,115
2,1,0,1,4,115
2,1,0,1,4,115
2,1,0,1,4,115
2,1,0,1,4,115
2,1,0,1,4,115
2,1,0,1,4,115
2,1,0,1,4,115
2,1,0,1,4,115
2,1,0,1,4,115
2,1,0,1,4,115
2,1,0,1,4,115
2,1,0,1,4,115
2,1,0,1,4,115
2,1,0,1,4,115
2,1,0,1,4,115
2,1,0,1,4,115
2,1,0,1,4,115
2,1,0,1,4,115
2,1,0,1,4,115
2,1,0,1,4,115
2,1,0,1,4,115
2,1,0,1,4,115
2,1,0,1,4,115
2,1,0,1,4,115
2,1,0,1,4,115
2,1,0,1,4,115
2,1,0,1,4,115
2,1,0,1,4,115
2,1,0,1,4,115
2,1,0,1,4,115
2,1,0,1,4,115
2,1,0,1,4,115
2,1,0,1,4,115
2,1,0,1,4,115
2,1,0,1,4,115
2,1,0,1,4,115
2,1,0,1,4,115
2,1,0,1,4,115
2,1,0,1,4,115
2,1,0,1,4,115
2,1,0,1,4,115
2,1,0,1,4,115
2,1,0,1,4,115
2,1,0,1,4,115
2,1,0,1,4,115
2,1,0,1,4,115
2,1,0,1,4,115
2,1,0,1,4,115
2,1,0,1,4,115
2,1,0,1,4,115
2,1,0,1,4,115
2,1,0,1,4,115
2,1,0,1,4,115
2,1,0,1,4,115
1,1,0,1,4,115
1,1,0,1,4,115
1,1,0,1,4,115
1,1,0,1,4,115
1,1,0,1,4,115
1,1,0,1,4,115
1,1,0,1,4,115
1,1,0,1,4,115
0,0,0,0,0,116
0,0,0,0,0,116
0,0,1,0,0,116
0,0,1,0,0,116
1,0,1,0,0,116
1,0,1,1,0,116
1,0,1,1,0,116
1,0,1,1,0,116
1,0,1,1,1,116
1,1,1,1,1,116
1,1,1,1,1,116
1,1,1,1,1,116
1,1,0,1,1,116
1,1,0,1,2,116
1,1,0,1,2,116
1,1,0,1,2,116
1,1,1,1,2,116
1,1,1,1,2,116
1,1,1,1,2,116
2,1,1,1,2,116
2,1,1,1,2,116
2,1,1,1,2,116
2,1,1,1,2,116
2,2,1,1,2,116
2,2,1,1,2,116
2,2,1,2,2,116
1,2,1,2,2,116
1,2,1,2,2,116
1,2,1,2,3,116
1,2,2,2,3,116
1,2,2,2,3,116
1,2,2,2,3,116
1,2,2,2,3,116
2,2,2,2,3,116
2,2,2,2,3,116
3,2,2,2,2,116
4,2,2,2,2,116
4,2,2,1,2,116
4,2,2,2,2,116
4,2,2,2,2,116
4,2,2,3,2,116
4,2,2,3,2,116
4,3,2,3,2,116
4,3,3,3,2,116
4,3,3,3,2,116
4,4,3,3,2,116
4,5,3,3,2,116
4,5,3,3,2,116
4,5,3,3,2,116
5,5,3,3,2,116
5,5,3,3,3,116
5,5,3,3,3,116
5,5,4,3,3,116
5,5,4,3,3,116
5,5,4,3,3,116
5,5,4,4,3,116
5,6,4,4,3,116
5,6,4,4,4,116
5,6,4,4,4,116
5,6,4,4,4,116
5,6,4,4,4,116
5,6,4,4,4,116
5,7,4,4,4,116
5,7,4,4,4,116
5,7,4,4,5,116
5,7,4,4,6,116
5,7,4,4,6,116
5,7,4,4,6,116
6,7,4,4,6,116
6,7,4,4,6,116
6,7,4,4,6,116
6,7,4,4,6,116
7,7,4,4,6,116
7,7,4,4,6,116
7,8,4,4,6,116
7,8,4,4,6,116
7,8,3,4,7,116
7,8,3,4,7,116
8,8,3,4,7,116
8,8,3,4,7,116
8,8,3,4,7,116
8,8,3,4,7,116
8,8,3,4,7,116
8,8,3,3,8,116
8,8,3,4,8,116
8,8,3,4,8,116
8,8,4,4,8,116
8,8,4,4,8,116
7,9,4,4,8,116
7,9,4,4,8,116
7,10,4,4,8,116
7,10,4,4,8,116
7,10,4,4,8,116
7,11,4,3,8,116
7,11,4,3,8,116
7,11,4,3,8,116
7,11,4,3,8,116
7,11,4,3,8,116
8,11,4,3,8,116
8,11,4,3,8,116
0,0,0,0,0,117
0,0,1,0,0,117
0,0,1,0,1,117
1,0,1,0,1,117
1,0,1,0,1,117
1,0,1,1,1,117
1,0,1,1,2,117
1,0,1,1,2,117
1,0,1,1,3,117
1,0,1,1,3,117
1,0,1,1,3,117
1,0,1,1,3,117
2,0,0,1,3,117
2,1,0,1,3,117
2,1,0,1,3,117
2,1,0,1,3,117
2,1,0,1,3,117
2,1,0,1,3,117
2,1,0,1,3,117
2,1,0,1,3,117
2,1,0,1,3,117
2,1,0,1,4,117
2,2,0,1,4,117
2,2,1,1,4,117
3,2,1,1,4,117
3,2,1,1,4,117
3,2,1,1,4,117
3,2,1,1,4,117
3,2,1,1,4,117
3,2,1,1,4,117
3,2,1,1,5,117
3,2,1,1,5,117
3,2,1,1,6,117
3,3,1,1,6,117
3,3,1,1,6,117
3,3,1,1,6,117
3,3,1,1,6,117
3,3,1,1,6,117
3,3,1,1,6,117
3,3,1,1,7,117
3,3,1,1,7,117
3,3,1,1,7,117
3,3,1,1,7,117
3,3,1,1,7,117
3,3,1,1,7,117
3,3,1,1,7,117
3,3,2,1,7,117
2,4,2,1,7,117
2,4,2,1,7,117
2,4,2,1,7,117
2,4,2,1,7,117
2,4,2,1,7,117
3,4,1,1,7,117
3,4,1,1,7,117
3,4,1,1,7,117
3,4,1,1,6,117
3,4,1,1,6,117
3,4,1,2,6,117
3,4,1,2,6,117
3,4,1,2,6,117
4,4,1,2,6,117
4,4,1,2,6,117
4,4,2,2,6,117
4,4,2,2,6,117
4,4,2,3,6,117
4,4,2,3,6,117
4,5,2,3,6,117
4,5,2,3,6,117
4,5,2,3,6,117
4,6,2,3,6,117
5,6,2,3,6,117
5,6,2,3,6,117
5,7,2,3,6,117
5,8,2,3,6,117
5,8,2,3,6,117
5,8,2,3,7,117
5,8,2,3,7,117
5,8,2,4,7,117
5,8,2,4,7,117
5,8,2,4,8,117
5,8,2,4,8,117
6,8,2,4,8,117
7,8,1,4,8,117
7,8,1,4,8,117
8,8,1,4,8,117
8,8,2,4,8,117
8,8,2,4,8,117
8,8,3,4,8,117
8,8,3,4,8,117
8,9,3,4,8,117
8,9,3,4,8,117
8,9,3,4,8,117
8,9,3,4,8,117
8,9,2,4,8,117
8,10,2,4,7,117
8,10,2,4,7,117
8,11,2,4,7,117
8,11,2,4,8,117
8,11,2,4,8,117
8,11,2,4,8,117
0,0,0,0,0,118
0,1,0,0,0,118
0,1,1,0,0,118
0,1,1,0,0,118
0,1,1,0,1,118
0,1,1,0,2,118
1,1,1,0,2,118
1,2,1,0,2,118
1,2,1,0,2,118
1,2,1,0,2,118
1,2,1,0,2,118
1,2,1,0,2,118
2,2,1,0,2,118
2,2,1,1,2,118
2,2,1,1,2,118
2,2,1,1,2,118
2,2,1,1,2,118
2,2,1,2,2,118
2,2,1,2,2,118
2,2,2,2,2,118
2,2,2,2,2,118
2,2,2,2,2,118
2,2,2,2,2,118
2,2,2,2,2,118
3,2,2,2,2,118
3,2,2,2,2,118
3,2,1,2,2,118
3,2,2,2,2,118
3,2,2,2,2,118
3,2,2,2,2,118
3,2,2,2,2,118
3,2,2,2,2,118
3,2,2,2,2,118
3,3,2,2,2,118
3,3,2,2,2,118
3,3,2,2,3,118
3,3,2,2,3,118
3,3,2,2,3,118
3,3,2,2,3,118
3,3,2,2,3,118
3,3,2,2,3,118
3,3,2,2,3,118
3,4,2,2,3,118
3,4,2,2,3,118
3,4,2,2,3,118
3,4,2,2,3,118
3,4,2,2,3,118
3,4,2,2,3,118
3,4,2,2,3,118
2,4,2,2,3,118
2,4,2,2,3,118
2,4,2,2,3,118
2,4,2,2,3,118
3,4,2,2,3,118
3,4,2,2,3,118
3,4,2,2,3,118
3,4,2,2,3,118
3,4,2,2,3,118
3,4,2,2,3,118
3,4,2,2,3,118
3,4,2,2,3,118
3,4,2,2,3,118
3,4,2,2,3,118
3,4,2,2,3,118
3,4,2,2,3,118
3,4,2,2,3,118
3,4,2,2,4,118
3,4,2,2,5,118
3,4,2,2,5,118
3,4,2,2,5,118
3,4,2,2,5,118
3,4,2,2,5,118
3,4,2,2,5,118
3,4,2,2,5,118
3,4,2,2,5,118
3,4,2,2,5,118
3,4,2,2,5,118
3,4,2,2,5,118
3,4,2,2,5,118
3,4,2,2,5,118
4,4,2,2,5,118
4,4,2,2,5,118
4,4,2,2,5,118
4,4,2,2,5,118
4,4,2,2,5,118
4,4,2,2,5,118
4,4,2,2,5,118
4,4,2,2,5,118
4,4,2,2,5,118
4,4,2,2,5,118
4,4,2,2,5,118
4,4,2,2,5,118
4,4,2,2,5,118
4,4,2,2,5,118
4,4,2,2,5,118
4,4,2,2,5,118
4,4,2,2,6,118
4,4,2,2,6,118
4,4,2,2,6,118
4,4,2,2,6,118
0,0,0,0,0,119
0,0,0,0,0,119
0,1,0,0,0,119
0,1,0,0,1,119
1,1,0,0,1,119
1,2,0,0,1,119
1,2,0,0,2,119
2,2,0,0,2,119
2,2,0,1,2,119
2,2,0,1,3,119
2,2,0,1,3,119
2,2,0,1,3,119
2,2,0,1,3,119
2,3,0,1,3,119
2,3,0,1,3,119
2,3,0,1,3,119
2,3,0,1,3,119
2,3,0,1,3,119
2,3,0,1,3,119
2,3,0,1,3,119
2,3,0,1,3,119
2,3,0,1,3,119
2,3,0,1,3,119
2,3,0,1,3,119
2,3,0,1,3,119
2,3,0,1,3,119
2,3,0,1,3,119
2,3,0,1,3,119
2,3,0,1,3,119
2,3,0,1,3,119
2,3,0,1,3,119
2,3,0,1,3,119
2,3,0,1,3,119
2,3,0,1,3,119
2,3,0,1,3,119
2,3,0,1,3,119
2,3,0,1,3,119
2,3,0,1,3,119
2,3,0,1,3,119
2,3,0,1,3,119
2,3,0,1,3,119
2,3,0,1,3,119
2,3,0,1,3,119
2,3,0,1,3,119
2,3,0,1,3,119
2,3,0,1,2,119
2,3,0,1,2,119
2,3,0,1,2,119
2,3,0,1,2,119
2,3,0,1,2,119
2,3,0,1,2,119
2,3,0,1,2,119
2,3,0,1,2,119
2,3,0,1,2,119
2,3,0,1,2,119
2,3,0,1,2,119
2,3,0,1,2,119
2,3,0,1,2,119
2,3,0,1,2,119
2,3,0,1,2,119
2,3,0,1,2,119
2,3,0,1,2,119
2,3,0,1,2,119
2,3,0,1,2,119
2,3,0,1,2,119
2,3,0,1,2,119
2,3,0,1,2,119
2,3,0,1,2,119
2,3,0,1,2,119
2,3,0,1,2,119
2,3,0,1,2,119
2,3,0,1,2,119
2,3,0,1,2,119
2,3,0,1,2,119
2,3,0,1,2,119
2,3,0,1,2,119
2,3,0,1,2,119
2,3,0,1,2,119
2,3,0,1,2,119
2,3,0,1,2,119
2,3,0,1,2,119
2,3,0,1,2,119
2,3,0,1,2,119
2,3,0,1,2,119
2,3,0,1,2,119
2,3,0,1,2,119
2,3,0,1,2,119
2,3,0,1,2,119
2,3,0,1,2,119
2,3,0,1,2,119
2,3,0,1,2,119
2,3,0,1,2,119
2,3,0,1,2,119
2,3,0,1,2,119
2,3,0,1,2,119
2,3,0,1,2,119
2,3,0,1,2,119
2,3,0,1,2,119
2,3,0,1,2,119
2,3,0,1,2,119
0,0,0,0,0,120
0,0,0,0,0,120
0,1,0,0,0,120
0,1,0,0,0,120
0,1,0,0,0,120
0,1,0,0,1,120
0,2,0,0,1,120
0,2,0,0,1,120
0,2,0,0,1,120
0,2,0,0,1,120
1,2,0,0,1,120
0,2,0,1,1,120
0,3,0,1,1,120
0,3,0,1,1,120
0,3,0,1,1,120
0,3,0,1,1,120
1,3,0,1,1,120
1,3,0,1,2,120
1,3,0,1,2,120
1,3,0,1,2,120
1,3,0,1,2,120
1,3,0,1,2,120
1,2,0,1,2,120
2,2,0,1,2,120
2,2,0,1,2,120
2,2,0,1,2,120
2,2,0,1,2,120
2,2,0,1,2,120
2,2,0,1,2,120
2,2,0,1,2,120
2,2,0,1,2,120
2,2,0,1,2,120
2,2,0,1,2,120
2,2,0,1,2,120
2,2,0,1,2,120
2,2,0,1,2,120
2,2,0,1,2,120
2,2,0,1,2,120
2,2,0,1,2,120
2,2,0,1,2,120
2,2,0,1,2,120
2,2,0,1,2,120
2,2,0,1,2,120
2,2,0,1,2,120
2,2,0,1,2,120
2,2,0,1,2,120
2,2,0,1,2,120
2,2,0,1,2,120
2,2,0,1,2,120
2,2,0,1,2,120
2,2,0,1,2,120
2,2,0,1,2,120
2,2,0,1,2,120
2,2,0,1,2,120
2,2,0,1,2,120
2,2,0,1,2,120
2,2,0,1,2,120
2,2,0,1,2,120
2,2,0,1,2,120
2,2,0,1,2,120
2,2,0,1,2,120
2,2,0,1,2,120
2,2,0,1,2,120
2,2,0,1,2,120
2,2,0,1,2,120
2,2,0,1,2,120
2,2,0,1,2,120
2,2,0,1,2,120
2,2,0,1,2,120
2,2,0,1,2,120
2,2,0,1,2,120
2,2,0,1,2,120
2,2,0,1,2,120
2,2,0,1,2,120
2,2,0,1,2,120
2,2,0,1,2,120
2,2,0,1,2,120
2,2,0,1,2,120
2,2,0,1,2,120
2,2,0,1,2,120
2,2,0,1,2,120
2,2,0,1,2,120
2,2,0,1,2,120
2,2,0,1,2,120
2,2,0,1,2,120
2,2,0,1,2,120
2,2,0,1,2,120
2,2,0,1,2,120
2,2,0,1,2,120
2,2,0,1,2,120
2,2,0,1,2,120
2,2,0,1,2,120
2,2,0,1,2,120
2,2,0,1,2,120
2,2,0,1,2,120
2,2,0,1,2,120
2,2,0,1,2,120
2,2,0,1,2,120
2,2,0,1,2,120
2,2,0,1,2,120
0,0,0,0,0,121
1,0,0,0,0,121
1,0,0,1,0,121
1,0,1,1,0,121
1,0,1,1,0,121
1,0,1,1,0,121
2,0,1,0,0,121
2,1,1,0,0,121
2,1,1,0,0,121
2,1,2,0,0,121
2,1,2,0,0,121
3,1,2,0,0,121
3,1,2,0,0,121
3,1,2,0,1,121
3,1,2,0,1,121
3,1,2,0,1,121
3,1,2,0,1,121
3,1,2,0,1,121
3,1,2,0,1,121
3,1,2,0,1,121
3,1,2,0,1,121
3,1,2,0,1,121
3,1,2,0,1,121
3,1,2,0,1,121
3,1,2,0,1,121
3,1,2,0,1,121
3,1,2,0,1,121
3,1,2,0,1,121
3,1,2,0,1,121
3,1,2,0,1,121
3,1,2,0,1,121
3,1,2,0,1,121
3,1,2,0,1,121
3,1,2,0,1,121
3,1,2,0,1,121
3,1,2,0,1,121
3,1,2,0,1,121
3,1,2,0,1,121
3,1,2,0,1,121
3,1,2,0,1,121
3,1,2,0,1,121
3,1,2,0,1,121
3,1,2,0,1,121
3,1,2,0,1,121
3,1,2,0,1,121
3,1,2,0,1,121
3,1,2,0,1,121
3,1,2,0,1,121
3,1,2,0,1,121
3,1,2,0,1,121
3,1,2,0,1,121
3,1,2,0,1,121
3,1,2,0,1,121
3,1,2,0,1,121
3,1,2,0,1,121
3,1,2,0,1,121
3,1,2,0,1,121
3,1,2,0,1,121
3,1,2,0,1,121
3,1,2,0,1,121
3,1,2,0,1,121
3,1,2,0,1,121
3,1,2,0,1,121
3,1,2,0,1,121
3,1,2,0,1,121
3,1,2,0,1,121
3,1,2,0,1,121
3,1,2,0,1,121
3,1,2,0,1,121
3,1,2,0,1,121
3,1,2,0,1,121
3,1,2,0,1,121
3,1,2,0,1,121
3,1,2,0,1,121
3,1,2,0,1,121
3,1,2,0,1,121
3,1,1,0,1,121
3,1,1,0,1,121
3,1,1,0,1,121
3,1,1,0,1,121
3,1,1,0,1,121
3,1,1,0,1,121
3,1,1,0,1,121
3,1,1,0,1,121
3,1,1,0,1,121
3,1,1,0,1,121
3,1,1,0,1,121
3,1,1,0,1,121
3,1,1,0,1,121
3,1,1,0,0,121
3,1,1,0,0,121
3,1,1,0,0,121
3,1,1,0,0,121
3,1,1,0,0,121
3,1,1,0,0,121
3,1,1,0,0,121
3,1,1,0,1,121
3,1,1,0,1,121
3,1,1,0,1,121
3,1,1,0,1,121
0,0,0,0,0,122
0,0,0,0,1,122
0,0,0,1,1,122
1,0,0,1,1,122
2,0,0,1,1,122
3,0,0,1,1,122
3,0,0,1,1,122
3,0,0,1,2,122
3,0,0,1,2,122
3,0,0,1,2,122
3,1,0,1,2,122
3,1,0,1,2,122
3,1,0,1,2,122
3,1,0,1,2,122
3,1,0,1,3,122
3,1,0,1,3,122
3,1,0,1,3,122
3,1,0,1,3,122
3,1,0,1,3,122
3,1,0,1,3,122
3,1,0,1,3,122
3,1,0,1,3,122
3,1,0,1,3,122
3,1,0,1,3,122
3,1,0,1,3,122
3,1,0,1,3,122
3,1,0,1,3,122
3,1,0,1,3,122
3,1,0,1,3,122
3,1,0,1,3,122
3,1,0,1,3,122
3,1,0,1,3,122
3,1,0,1,3,122
3,1,0,1,3,122
3,1,0,1,3,122
3,1,0,1,3,122
3,1,0,1,3,122
3,1,0,1,3,122
3,1,0,1,3,122
3,1,0,1,3,122
3,1,0,1,3,122
3,1,0,1,3,122
3,1,0,1,3,122
3,1,0,1,3,122
3,1,0,1,3,122
3,1,0,1,3,122
3,1,0,1,3,122
3,1,0,1,3,122
3,1,0,1,3,122
3,1,0,1,3,122
3,1,0,1,3,122
3,1,0,1,3,122
3,1,0,1,3,122
3,1,0,0,3,122
3,1,0,0,3,122
3,1,0,0,3,122
3,1,0,0,3,122
3,1,0,0,3,122
3,1,0,0,3,122
3,1,0,0,3,122
3,1,0,0,2,122
3,1,0,0,2,122
3,1,0,0,2,122
3,1,0,0,2,122
3,1,0,0,2,122
3,1,0,0,2,122
3,1,0,0,2,122
3,1,0,0,2,122
3,1,0,0,2,122
3,1,0,0,2,122
3,1,0,0,2,122
3,1,0,0,2,122
3,1,0,0,2,122
3,1,0,0,2,122
3,1,0,0,2,122
3,1,0,0,2,122
3,1,0,0,2,122
3,1,0,0,2,122
3,1,0,0,2,122
3,1,0,0,2,122
3,1,0,0,2,122
3,1,0,0,2,122
3,1,0,0,2,122
3,1,0,0,2,122
3,1,0,0,2,122
3,1,0,0,2,122
3,1,0,0,2,122
3,1,0,0,2,122
3,1,0,0,2,122
3,1,0,0,2,122
3,1,0,0,2,122
3,1,0,0,2,122
3,1,0,0,2,122
3,1,0,0,2,122
3,1,0,0,2,122
3,1,0,0,2,122
3,1,0,0,2,122
3,1,0,0,2,122
3,1,0,0,2,122
3,1,0,0,2,122
0,0,0,0,0,123
0,0,0,1,0,123
1,0,0,1,0,123
1,0,0,1,0,123
1,1,0,1,0,123
1,1,0,1,1,123
1,1,0,1,1,123
2,1,0,1,1,123
2,1,0,1,1,123
2,1,0,2,1,123
2,1,0,2,1,123
2,0,0,2,2,123
3,0,0,2,2,123
3,0,0,2,2,123
3,0,0,2,2,123
3,0,0,2,2,123
3,0,0,2,2,123
3,0,0,2,2,123
3,0,0,2,2,123
3,0,0,2,2,123
3,0,0,2,2,123
0,0,0,0,0,124
0,0,0,0,1,124
0,0,1,0,1,124
0,0,1,0,1,124
0,0,1,0,1,124
1,0,1,0,1,124
2,0,1,0,1,124
2,0,1,0,2,124
2,0,1,0,2,124
2,0,1,0,2,124
2,0,1,0,1,124
2,0,1,0,1,124
2,0,1,0,1,124
2,1,1,0,1,124
2,1,1,0,1,124
2,1,1,0,1,124
2,1,1,0,1,124
2,1,1,0,1,124
2,1,1,0,1,124
2,1,1,0,1,124
2,1,1,0,2,124
2,1,1,0,2,124
2,1,1,0,2,124
2,1,1,0,2,124
2,1,1,0,2,124
2,1,1,0,2,124
2,1,1,0,2,124
2,1,1,0,2,124
2,1,1,0,2,124
2,1,1,0,2,124
2,1,1,0,2,124
2,1,1,0,2,124
2,1,1,0,2,124
2,1,1,0,2,124
2,1,1,0,2,124
2,1,1,0,2,124
2,1,1,0,2,124
2,1,1,0,2,124
2,1,1,0,2,124
2,1,1,0,2,124
2,1,1,0,2,124
2,1,1,0,2,124
2,1,1,0,2,124
2,1,1,0,2,124
2,1,1,0,2,124
2,1,1,0,2,124
1,1,1,0,2,124
1,1,1,0,2,124
1,1,1,0,2,124
1,1,1,0,2,124
1,1,1,0,2,124
1,1,1,0,2,124
1,1,1,0,2,124
1,1,1,0,2,124
1,1,1,0,2,124
1,1,1,0,2,124
1,1,1,0,2,124
1,0,1,0,2,124
1,0,1,0,2,124
1,0,1,0,2,124
1,0,1,0,2,124
1,0,1,0,2,124
1,0,1,0,2,124
1,0,1,0,2,124
1,0,1,0,2,124
1,0,1,0,2,124
1,1,1,0,2,124
1,1,1,0,2,124
0,0,0,0,0,125
0,0,1,0,0,125
0,0,1,0,0,125
0,1,1,0,0,125
0,1,1,1,0,125
0,1,1,1,1,125
0,1,1,1,1,125
0,1,1,1,1,125
0,2,1,1,1,125
0,2,1,1,2,125
0,2,1,1,3,125
1,2,1,1,3,125
1,2,1,1,3,125
1,2,1,0,3,125
1,2,1,0,3,125
1,2,1,0,3,125
1,2,1,0,3,125
1,3,1,0,3,125
1,3,1,0,3,125
1,3,1,0,4,125
1,3,1,0,4,125
1,3,1,0,4,125
1,3,1,0,4,125
1,3,1,0,4,125
1,3,1,0,4,125
1,3,1,0,4,125
1,3,1,0,4,125
1,3,1,0,4,125
1,3,1,0,4,125
1,3,1,0,4,125
1,3,1,0,4,125
1,3,1,0,4,125
1,3,1,0,4,125
1,3,1,0,4,125
1,3,1,0,4,125
1,3,1,0,4,125
1,3,1,0,4,125
1,3,1,0,4,125
1,3,1,0,4,125
1,3,1,0,4,125
1,3,1,0,4,125
1,3,1,0,4,125
1,3,1,0,4,125
1,3,1,0,4,125
1,3,1,0,4,125
1,3,1,0,4,125
1,3,1,0,4,125
1,3,1,0,4,125
1,3,1,0,4,125
1,3,1,0,4,125
1,3,1,0,4,125
1,3,1,0,4,125
1,3,1,0,4,125
1,3,1,0,4,125
1,3,1,0,4,125
1,3,1,0,4,125
1,3,1,0,4,125
1,3,1,0,4,125
1,3,1,0,4,125
1,3,1,0,4,125
1,3,1,0,4,125
1,3,1,0,4,125
1,3,1,0,4,125
1,3,1,0,4,125
1,3,1,0,4,125
1,3,1,0,4,125
1,3,1,0,4,125
1,3,1,0,4,125
1,3,1,0,4,125
1,3,1,0,4,125
1,3,1,0,4,125
1,3,1,0,4,125
1,3,1,0,4,125
1,3,1,0,4,125
1,3,1,0,4,125
1,3,1,0,4,125
1,3,1,0,4,125
1,3,1,0,4,125
1,3,1,0,4,125
1,3,1,0,4,125
1,3,1,0,4,125
1,3,1,0,4,125
1,3,1,0,4,125
1,3,1,0,4,125
1,3,1,0,4,125
1,3,1,0,4,125
1,3,1,0,4,125
1,3,1,0,4,125
1,3,1,0,4,125
1,3,1,0,4,125
1,3,1,0,4,125
1,3,1,0,4,125
1,3,1,0,4,125
1,3,1,0,4,125
1,3,1,0,4,125
1,3,1,0,4,125
1,3,1,0,4,125
1,3,1,0,4,125
1,3,1,0,4,125
1,3,1,0,4,125
0,0,0,0,0,126
0,0,0,1,0,126
0,0,1,1,0,126
1,0,1,1,0,126
1,0,1,1,0,126
1,1,1,1,0,126
2,1,1,1,0,126
2,1,1,1,0,126
2,1,1,1,0,126
2,1,1,1,0,126
2,1,1,1,0,126
2,1,1,1,0,126
2,1,1,1,0,126
2,1,1,1,0,126
2,2,1,1,0,126
2,2,1,1,0,126
2,2,1,1,1,126
2,2,1,1,1,126
2,2,1,1,1,126
2,2,1,1,1,126
2,2,1,1,1,126
2,2,1,1,1,126
2,2,1,1,1,126
2,2,1,1,1,126
2,2,1,1,1,126
2,2,1,1,1,126
2,2,1,1,1,126
2,2,1,1,1,126
2,2,1,1,1,126
2,2,1,1,1,126
2,2,1,1,1,126
2,2,1,1,1,126
2,2,1,1,1,126
2,2,1,1,1,126
2,2,1,1,1,126
2,2,1,1,1,126
2,2,1,1,1,126
2,2,1,1,1,126
2,2,1,1,1,126
2,2,1,1,1,126
2,2,1,1,1,126
2,2,1,1,1,126
2,2,1,1,1,126
2,2,1,1,1,126
2,2,1,1,1,126
2,2,1,1,1,126
2,2,1,1,1,126
2,2,1,1,1,126
2,2,1,1,1,126
2,2,1,1,1,126
2,2,1,1,1,126
2,2,1,1,1,126
2,2,1,1,1,126
2,2,1,1,1,126
2,2,1,1,1,126
2,2,1,1,1,126
2,2,1,1,1,126
2,2,1,1,1,126
2,2,1,1,1,126
2,2,1,1,1,126
2,2,1,1,1,126
2,2,1,1,1,126
2,2,1,1,1,126
2,2,1,1,1,126
2,2,1,1,1,126
2,2,1,1,1,126
2,2,1,1,1,126
2,2,1,1,1,126
2,2,1,1,1,126
2,2,1,1,1,126
2,2,1,1,1,126
2,2,1,1,1,126
2,2,1,1,1,126
2,2,1,1,1,126
2,2,1,1,1,126
2,2,1,1,1,126
2,2,1,1,1,126
2,2,1,1,1,126
2,2,1,1,1,126
2,2,1,1,1,126
2,2,1,1,1,126
2,2,1,1,1,126
1,2,1,1,1,126
1,2,1,1,1,126
1,2,1,1,1,126
1,2,1,1,1,126
1,2,1,1,1,126
1,2,1,1,1,126
1,2,1,1,1,126
1,2,1,1,1,126
1,2,1,1,1,126
1,2,1,1,1,126
1,2,1,1,1,126
1,2,1,1,1,126
1,2,1,1,1,126
1,2,1,1,1,126
1,2,1,1,1,126
1,2,1,1,1,126
1,2,1,1,1,126
1,2,1,1,1,126
0,0,0,0,0,127
0,1,0,0,0,127
0,1,0,0,0,127
0,1,0,0,0,127
0,1,0,0,1,127
0,2,0,0,1,127
0,2,1,0,1,127
0,2,1,0,1,127
0,2,1,1,1,127
0,2,1,1,2,127
0,2,1,1,2,127
0,2,1,1,2,127
0,2,1,1,2,127
0,2,1,1,2,127
0,2,1,1,2,127
1,2,1,1,2,127
1,2,1,1,2,127
1,2,1,1,2,127
1,2,1,1,2,127
1,2,1,1,2,127
1,2,1,1,2,127
1,2,1,1,2,127
1,2,1,1,2,127
1,2,1,1,2,127
1,2,1,1,2,127
1,2,1,1,2,127
1,2,1,1,2,127
1,2,1,1,2,127
1,2,1,1,2,127
1,2,1,1,2,127
1,2,1,1,2,127
1,2,1,1,2,127
1,2,1,1,2,127
1,2,1,1,2,127
1,2,1,1,2,127
1,2,1,1,2,127
1,2,1,1,2,127
1,2,1,1,2,127
1,2,1,1,2,127
1,2,1,1,2,127
1,2,1,1,2,127
1,2,1,1,2,127
1,2,1,1,2,127
1,2,1,1,2,127
1,2,1,1,2,127
1,2,1,1,2,127
1,2,1,1,2,127
1,2,1,1,2,127
1,2,1,1,2,127
1,2,1,1,2,127
1,2,1,1,2,127
1,2,1,1,2,127
1,2,1,1,2,127
1,2,1,1,2,127
1,2,1,1,2,127
1,2,1,1,2,127
1,2,1,1,2,127
1,2,1,1,2,127
1,2,1,1,2,127
1,2,1,1,2,127
1,2,1,1,2,127
1,2,1,1,2,127
1,2,1,1,2,127
1,2,1,1,2,127
1,2,1,1,2,127
1,2,1,1,2,127
1,2,1,1,2,127
1,2,1,1,2,127
1,2,1,1,2,127
1,2,1,1,2,127
1,2,1,1,2,127
1,2,1,1,2,127
1,2,1,1,2,127
1,2,1,1,2,127
1,2,1,1,2,127
1,2,1,1,2,127
1,2,1,1,2,127
1,2,1,1,2,127
1,2,1,1,2,127
1,2,1,1,2,127
1,2,1,1,2,127
1,2,1,1,2,127
1,2,1,1,2,127
1,2,1,1,2,127
1,2,1,1,2,127
1,2,1,1,2,127
1,2,1,1,2,127
1,2,1,1,2,127
1,2,1,1,2,127
1,2,1,1,2,127
1,2,1,1,2,127
1,2,1,1,2,127
1,2,1,1,2,127
1,2,1,1,2,127
1,2,1,1,2,127
1,2,1,1,2,127
1,2,1,1,2,127
1,2,1,1,2,127
1,2,1,1,2,127
1,2,1,1,2,127
0,0,0,0,0,128
0,0,0,1,0,128
0,1,0,1,0,128
0,1,0,1,0,128
0,1,1,1,0,128
0,1,1,1,1,128
0,1,1,1,1,128
0,1,1,1,1,128
0,1,1,1,2,128
1,1,1,1,2,128
1,1,1,1,3,128
1,1,1,1,3,128
1,1,1,1,3,128
1,1,1,1,3,128
1,1,1,1,3,128
1,1,1,1,3,128
1,1,1,1,3,128
1,1,1,1,3,128
1,1,1,1,3,128
1,1,1,1,3,128
1,1,1,1,3,128
1,1,1,1,3,128
1,1,1,1,3,128
1,1,1,1,3,128
1,1,1,1,3,128
1,1,1,1,3,128
1,1,1,1,3,128
1,1,1,1,3,128
1,1,1,1,3,128
1,1,1,1,3,128
1,1,1,1,3,128
1,1,1,1,3,128
1,1,1,1,3,128
1,1,1,1,3,128
1,1,1,0,3,128
1,1,1,0,3,128
1,1,1,0,3,128
1,1,1,0,3,128
1,1,1,0,3,128
1,1,1,0,3,128
1,1,1,0,3,128
1,1,1,0,3,128
1,1,1,0,3,128
1,1,1,0,3,128
1,1,1,0,3,128
1,1,1,0,3,128
1,1,1,0,3,128
1,1,1,0,3,128
1,1,1,0,3,128
1,1,1,0,3,128
1,1,1,0,3,128
1,1,1,0,2,128
1,1,1,0,2,128
1,1,1,0,2,128
1,1,1,0,2,128
1,1,1,0,2,128
1,1,1,0,2,128
1,1,1,0,2,128
1,1,1,0,2,128
1,1,1,0,2,128
1,1,1,0,2,128
1,1,1,0,2,128
1,1,1,0,2,128
1,1,1,0,2,128
1,1,1,0,2,128
1,1,1,0,2,128
1,1,1,0,2,128
1,1,1,0,2,128
1,1,1,0,2,128
1,1,1,0,2,128
1,1,1,0,2,128
1,1,1,0,2,128
1,1,1,0,2,128
1,1,1,0,2,128
1,1,1,0,2,128
1,1,1,0,2,128
1,1,1,0,2,128
1,1,1,0,2,128
1,1,1,0,2,128
1,1,1,0,2,128
1,1,1,0,2,128
1,1,1,0,2,128
1,1,1,0,2,128
1,1,1,0,2,128
1,1,1,0,2,128
1,1,1,0,2,128
1,1,1,0,2,128
1,1,1,0,2,128
1,1,1,0,2,128
1,1,1,0,2,128
1,1,1,0,2,128
1,1,1,0,2,128
1,1,1,0,2,128
1,1,1,0,2,128
1,1,1,0,2,128
1,1,1,0,2,128
1,1,1,0,2,128
1,1,1,0,2,128
1,1,1,0,2,128
1,1,1,0,2,128
0,0,0,0,0,129
0,0,0,0,0,129
0,0,0,1,0,129
0,0,0,1,0,129
0,1,0,1,0,129
0,1,0,1,0,129
0,2,0,1,0,129
0,2,0,1,0,129
0,2,0,1,0,129
1,2,0,1,0,129
1,2,0,1,1,129
1,2,0,1,2,129
1,2,0,1,2,129
1,2,0,1,3,129
1,2,0,1,4,129
1,2,0,1,4,129
1,2,0,1,4,129
1,2,0,1,4,129
1,2,0,1,4,129
1,2,0,1,4,129
1,2,0,1,4,129
1,2,0,1,4,129
1,2,0,1,4,129
1,2,0,1,4,129
1,2,0,1,4,129
1,2,0,1,4,129
1,2,0,1,4,129
1,2,0,1,4,129
1,2,0,1,4,129
1,2,0,1,4,129
1,2,0,1,4,129
1,2,0,1,4,129
1,2,0,1,4,129
2,2,0,1,4,129
2,2,0,1,4,129
2,2,0,1,4,129
2,2,0,1,4,129
2,2,0,1,4,129
2,2,0,1,4,129
2,2,0,1,4,129
2,2,0,1,4,129
2,2,0,1,4,129
2,2,0,1,4,129
2,2,0,1,4,129
2,2,0,1,4,129
2,2,0,1,4,129
2,2,0,1,4,129
2,2,0,1,4,129
2,2,0,1,4,129
2,2,0,1,4,129
2,2,0,1,4,129
2,2,0,1,4,129
2,2,0,1,4,129
2,2,0,1,4,129
2,2,0,1,4,129
2,2,0,1,4,129
2,2,0,1,4,129
2,2,0,1,4,129
2,2,0,1,4,129
2,2,0,1,4,129
2,2,0,1,4,129
2,2,0,1,4,129
2,2,0,1,4,129
2,2,0,1,4,129
2,2,0,1,4,129
2,2,0,1,4,129
2,2,0,1,4,129
2,2,0,1,4,129
2,2,0,1,4,129
2,2,0,1,4,129
2,2,0,1,4,129
2,2,0,1,4,129
2,2,0,1,4,129
2,2,0,1,4,129
2,2,0,1,4,129
2,2,0,1,4,129
2,2,0,1,4,129
2,2,0,1,4,129
2,2,0,1,4,129
2,2,0,1,4,129
2,2,0,1,4,129
2,2,0,1,4,129
2,2,0,1,4,129
2,2,0,1,4,129
2,2,0,1,4,129
2,2,0,1,4,129
2,2,0,1,4,129
2,2,0,1,4,129
2,2,0,1,4,129
2,2,0,1,4,129
2,2,0,1,4,129
2,2,0,1,4,129
2,2,0,1,4,129
2,2,0,1,4,129
2,2,0,1,4,129
2,2,0,1,4,129
2,2,0,1,4,129
2,2,0,1,4,129
2,2,0,1,4,129
2,2,0,1,4,129
0,0,0,0,0,130
1,0,0,0,0,130
1,0,0,0,1,130
1,0,1,0,1,130
2,0,1,0,1,130
2,0,1,0,2,130
2,0,1,0,2,130
2,0,1,1,2,130
2,0,1,1,2,130
2,1,1,1,2,130
2,1,1,1,2,130
2,1,1,1,2,130
2,1,1,1,2,130
2,1,1,1,2,130
2,1,1,1,2,130
2,1,1,1,2,130
2,1,1,1,2,130
2,1,1,1,2,130
2,1,1,1,2,130
2,1,1,1,2,130
2,1,1,1,2,130
2,1,1,1,2,130
2,1,1,1,2,130
2,1,1,1,2,130
2,1,1,1,2,130
2,1,1,1,2,130
2,1,1,1,2,130
2,1,1,1,2,130
2,1,1,1,2,130
2,1,1,1,2,130
2,1,1,1,2,130
2,1,1,0,2,130
2,1,1,0,2,130
2,1,1,0,2,130
2,1,1,0,2,130
2,1,1,0,2,130
2,1,1,0,2,130
2,1,1,0,2,130
2,1,1,0,2,130
2,1,1,0,2,130
2,1,1,0,2,130
2,1,1,0,2,130
2,1,1,0,2,130
2,1,1,0,2,130
2,1,1,0,2,130
2,1,1,0,2,130
2,1,1,0,2,130
2,1,1,0,2,130
2,1,1,0,2,130
2,1,1,0,2,130
2,1,1,0,2,130
2,1,1,0,2,130
2,1,1,0,2,130
2,1,1,0,2,130
2,1,1,0,2,130
2,1,1,0,2,130
2,1,1,0,2,130
2,1,1,0,2,130
2,1,1,0,2,130
2,1,1,0,2,130
2,1,1,0,2,130
2,1,1,0,2,130
2,1,1,0,2,130
2,1,1,0,2,130
2,1,1,0,2,130
2,1,1,0,2,130
2,1,1,0,2,130
2,1,1,0,2,130
2,1,1,0,2,130
2,1,1,0,2,130
2,1,1,0,2,130
2,1,1,0,2,130
2,1,1,0,2,130
2,1,1,0,2,130
2,1,1,0,2,130
2,1,1,0,2,130
2,1,1,0,2,130
2,1,1,0,2,130
2,1,1,0,2,130
2,1,1,0,2,130
2,1,1,0,2,130
2,1,1,0,2,130
2,1,1,0,2,130
2,1,1,0,2,130
2,1,1,0,2,130
2,1,1,0,2,130
2,1,1,0,2,130
2,1,1,0,2,130
2,1,1,0,2,130
2,1,1,0,2,130
2,1,1,0,2,130
2,1,1,0,2,130
2,1,1,0,2,130
2,1,1,0,2,130
2,1,1,0,2,130
2,1,1,0,2,130
2,1,1,0,2,130
2,1,1,0,2,130
2,1,1,0,2,130
2,1,1,0,2,130
0,0,0,0,0,131
1,0,0,0,0,131
1,0,0,1,0,131
1,0,0,1,1,131
1,0,0,1,1,131
2,0,0,1,1,131
3,0,0,1,1,131
3,0,0,1,1,131
3,0,0,1,2,131
3,0,0,1,2,131
3,0,0,1,2,131
3,0,0,1,2,131
3,0,0,1,2,131
3,0,0,1,2,131
3,0,0,1,2,131
3,0,0,1,2,131
3,0,0,1,2,131
0,0,0,0,0,132
0,0,0,0,0,132
0,0,0,0,0,132
0,1,0,0,0,132
0,0,0,0,1,132
1,0,0,0,1,132
2,0,0,0,1,132
2,1,0,0,1,132
2,2,0,0,1,132
2,2,0,1,1,132
2,2,0,1,2,132
2,2,0,1,2,132
2,2,0,1,2,132
2,2,0,1,2,132
2,2,0,1,2,132
2,2,0,1,2,132
2,2,0,1,2,132
2,2,0,1,2,132
2,2,0,1,2,132
2,2,0,1,2,132
2,2,0,1,2,132
2,2,0,1,2,132
2,2,0,1,2,132
2,2,0,1,2,132
2,2,0,1,2,132
2,2,0,1,2,132
2,2,0,1,2,132
2,2,0,1,2,132
2,2,0,1,2,132
2,2,0,1,2,132
2,2,0,1,2,132
2,2,0,1,2,132
2,2,0,1,2,132
2,2,0,1,2,132
2,2,0,1,2,132
2,2,0,1,2,132
2,2,0,1,2,132
2,2,0,1,2,132
2,2,0,1,2,132
2,2,0,1,2,132
2,2,0,1,2,132
2,2,0,1,2,132
2,2,0,1,2,132
2,2,0,1,2,132
2,2,0,1,2,132
2,2,0,1,2,132
2,2,0,1,2,132
2,2,0,1,1,132
2,2,0,1,1,132
2,2,0,1,1,132
2,1,0,1,1,132
2,1,0,1,1,132
2,1,0,1,1,132
2,1,0,1,1,132
2,1,0,1,1,132
2,1,0,1,1,132
2,1,0,1,1,132
2,1,0,1,1,132
2,1,0,1,1,132
2,1,0,1,1,132
2,1,0,1,1,132
2,1,0,1,1,132
2,1,0,1,1,132
2,1,0,1,1,132
2,1,0,1,1,132
2,1,0,1,1,132
2,1,0,1,1,132
2,1,0,1,1,132
2,1,0,1,1,132
2,1,0,1,1,132
2,1,0,1,1,132
2,1,0,1,1,132
2,1,0,1,1,132
2,1,0,1,1,132
2,1,0,1,1,132
2,1,0,1,1,132
2,1,0,1,1,132
2,1,0,1,1,132
2,1,0,1,1,132
2,1,0,1,1,132
2,1,0,1,1,132
2,1,0,1,1,132
2,1,0,1,1,132
2,1,0,1,1,132
2,1,0,1,1,132
2,1,0,1,1,132
2,1,0,1,1,132
2,1,0,1,1,132
2,1,0,1,1,132
2,1,0,1,1,132
2,1,0,1,1,132
2,1,0,1,1,132
2,1,0,1,1,132
2,1,0,1,1,132
2,1,0,1,1,132
2,1,0,1,1,132
2,1,0,1,1,132
2,1,0,1,1,132
2,1,0,1,1,132
2,1,0,1,1,132
0,0,0,0,0,133
0,0,0,1,0,133
0,0,0,1,0,133
0,0,0,1,0,133
1,0,0,1,0,133
1,0,0,1,0,133
1,0,1,1,0,133
1,0,1,1,0,133
1,0,1,1,0,133
1,0,1,1,0,133
2,0,1,1,0,133
2,0,1,1,0,133
2,1,1,1,0,133
2,1,1,1,0,133
2,1,1,1,0,133
2,1,1,1,0,133
2,1,1,1,0,133
2,1,1,1,0,133
2,1,1,1,1,133
2,2,1,1,1,133
2,2,1,1,1,133
2,2,1,1,1,133
2,2,1,1,1,133
2,2,1,1,1,133
2,2,1,1,1,133
2,2,1,1,1,133
2,2,1,1,1,133
2,2,1,1,1,133
2,2,1,1,1,133
2,2,1,1,1,133
2,2,1,1,1,133
2,2,1,1,1,133
2,2,1,1,1,133
2,2,1,1,1,133
2,2,1,1,1,133
2,2,1,1,1,133
2,2,1,1,1,133
2,2,1,1,1,133
2,2,1,1,1,133
2,2,1,1,1,133
2,2,1,1,1,133
2,2,1,1,1,133
2,2,1,1,1,133
2,2,1,1,1,133
2,2,1,1,1,133
2,2,1,1,1,133
2,2,1,1,1,133
2,2,1,1,1,133
2,2,1,1,1,133
2,2,1,1,1,133
2,2,1,1,0,133
2,2,1,1,0,133
2,2,1,1,0,133
2,2,1,1,0,133
2,2,1,1,0,133
2,2,1,1,0,133
2,2,1,1,0,133
2,2,1,1,0,133
2,2,1,1,0,133
2,2,1,1,0,133
2,2,1,1,0,133
2,2,1,1,0,133
2,2,1,1,0,133
2,2,1,1,0,133
2,2,1,1,0,133
2,2,1,1,0,133
2,2,1,1,0,133
2,2,1,1,0,133
2,2,1,1,0,133
2,2,1,1,0,133
2,2,1,1,0,133
2,2,1,1,0,133
2,2,1,1,0,133
2,2,1,1,0,133
2,2,1,1,0,133
2,2,1,1,1,133
2,2,1,1,1,133
2,2,1,1,1,133
2,2,1,1,1,133
2,2,1,1,1,133
2,2,1,1,1,133
2,2,1,1,1,133
2,2,1,1,1,133
2,2,1,1,1,133
2,2,1,1,1,133
2,2,1,1,1,133
2,2,1,1,1,133
2,2,1,1,1,133
2,2,1,1,1,133
2,2,1,1,1,133
2,2,1,1,1,133
2,2,1,1,1,133
2,2,1,1,1,133
2,2,1,1,1,133
2,2,1,1,1,133
2,2,1,1,1,133
2,2,1,1,1,133
1,2,1,1,1,133
1,2,1,1,1,133
1,2,1,1,1,133
0,0,0,0,0,134
0,0,0,0,1,134
0,0,0,0,1,134
0,0,0,1,1,134
1,0,0,1,1,134
2,0,0,1,1,134
2,0,1,1,0,134
2,1,1,1,0,134
3,1,1,1,0,134
3,1,1,1,1,134
3,1,1,1,1,134
3,1,1,1,1,134
3,1,1,1,1,134
3,1,1,1,2,134
3,1,1,1,2,134
3,1,1,1,2,134
3,1,1,1,2,134
3,1,1,1,2,134
3,1,1,1,2,134
3,1,1,1,2,134
3,1,1,1,2,134
3,1,1,1,2,134
3,1,1,1,2,134
3,1,1,1,2,134
3,1,1,1,2,134
3,1,1,1,2,134
3,1,1,1,2,134
3,1,1,1,2,134
3,1,1,1,2,134
3,1,1,1,2,134
3,1,1,1,2,134
3,1,1,1,2,134
3,1,1,1,2,134
3,1,1,1,2,134
3,1,1,1,2,134
3,1,1,1,2,134
3,1,1,1,2,134
3,1,1,1,2,134
3,1,1,1,2,134
3,1,1,1,2,134
3,1,1,1,2,134
3,1,1,1,2,134
3,1,1,1,2,134
3,1,1,1,2,134
3,1,1,1,2,134
3,1,1,1,2,134
3,1,1,1,2,134
3,1,1,1,2,134
3,1,1,1,2,134
3,1,1,1,2,134
3,1,1,1,2,134
3,1,1,1,2,134
3,1,1,1,2,134
3,1,1,1,2,134
3,1,1,0,2,134
3,1,1,0,2,134
3,1,1,0,2,134
3,1,1,0,2,134
3,1,1,0,2,134
3,1,1,0,2,134
3,1,1,0,2,134
3,1,1,0,2,134
3,1,1,0,2,134
3,1,1,0,2,134
3,1,1,0,2,134
3,1,1,0,2,134
3,1,1,0,2,134
3,1,1,0,2,134
3,1,1,0,2,134
3,1,1,0,2,134
3,1,1,0,2,134
3,1,1,0,2,134
3,1,1,0,2,134
3,1,1,0,2,134
3,1,1,0,2,134
3,1,1,0,2,134
3,1,1,0,2,134
3,1,1,0,2,134
3,1,1,0,2,134
3,1,1,0,2,134
3,1,1,0,2,134
3,1,1,0,2,134
3,1,1,0,2,134
3,1,1,0,2,134
3,1,1,0,2,134
3,1,1,0,2,134
3,1,1,0,2,134
3,1,1,0,2,134
3,1,1,0,2,134
3,1,1,0,2,134
3,1,1,0,2,134
3,1,1,0,2,134
3,1,1,0,2,134
3,1,1,0,2,134
3,1,1,0,2,134
3,1,1,0,2,134
3,1,1,0,2,134
3,1,1,0,2,134
3,1,1,0,2,134
3,1,1,0,2,134
0,0,0,0,0,135
0,0,0,0,1,135
0,0,0,0,2,135
0,1,0,0,2,135
0,1,0,0,3,135
0,1,0,0,3,135
0,1,0,1,3,135
0,1,0,1,4,135
0,2,0,1,4,135
0,2,0,1,4,135
0,2,0,1,4,135
0,2,0,1,4,135
1,2,0,1,4,135
1,2,0,1,4,135
1,2,0,1,4,135
1,2,0,1,4,135
1,2,0,1,4,135
1,2,0,1,4,135
1,2,0,1,4,135
1,2,0,1,4,135
1,2,0,1,4,135
1,2,0,1,4,135
1,2,0,1,4,135
1,2,0,1,4,135
1,2,0,1,4,135
1,2,0,1,4,135
1,2,0,1,4,135
1,2,0,1,4,135
1,2,0,1,4,135
1,2,0,1,4,135
1,2,0,1,4,135
1,2,0,1,4,135
1,2,0,1,4,135
1,2,0,1,4,135
1,2,0,1,4,135
1,2,0,1,4,135
1,2,0,1,4,135
1,2,0,1,4,135
1,2,0,1,4,135
1,2,0,1,4,135
1,2,0,1,4,135
1,2,0,1,4,135
1,2,0,1,4,135
1,2,0,1,4,135
1,2,0,1,4,135
1,2,0,1,4,135
1,2,0,1,4,135
1,2,0,1,4,135
1,2,0,1,4,135
1,2,0,1,4,135
1,2,0,1,4,135
1,2,0,1,4,135
1,2,0,1,4,135
1,2,0,1,4,135
1,2,0,1,4,135
1,2,0,1,4,135
1,2,0,1,4,135
1,2,0,1,4,135
1,2,0,1,3,135
1,2,0,1,3,135
1,2,0,1,3,135
1,2,0,1,3,135
1,2,0,1,3,135
1,2,0,1,3,135
1,2,0,1,3,135
1,2,0,1,3,135
1,2,0,1,3,135
1,2,0,1,3,135
1,2,0,1,3,135
1,2,0,1,3,135
1,2,0,1,3,135
1,2,0,1,3,135
1,2,0,1,3,135
1,2,0,1,3,135
1,2,0,1,3,135
1,2,0,1,3,135
1,2,0,1,3,135
1,2,0,1,3,135
1,2,0,1,3,135
1,2,0,1,3,135
1,2,0,1,3,135
1,2,0,1,3,135
1,2,0,1,3,135
1,2,0,1,3,135
1,2,0,1,3,135
1,2,0,1,3,135
1,2,0,1,3,135
1,2,0,1,3,135
1,2,0,1,3,135
1,2,0,1,3,135
1,2,0,1,3,135
1,1,0,1,3,135
1,1,0,1,2,135
1,1,0,1,2,135
1,1,0,1,2,135
1,1,0,1,2,135
1,1,0,1,2,135
1,1,0,1,2,135
1,1,0,1,2,135
1,1,0,1,2,135
0,0,0,0,0,136
0,1,0,0,0,136
0,1,0,0,0,136
1,1,0,0,0,136
1,2,0,0,0,136
1,2,0,1,0,136
1,2,1,1,0,136
1,2,1,1,0,136
1,2,1,1,1,136
1,2,1,1,1,136
2,2,1,1,1,136
2,2,1,1,1,136
2,2,1,1,1,136
2,2,1,1,1,136
2,2,1,1,1,136
2,2,1,1,1,136
2,2,1,1,1,136
2,2,1,1,1,136
2,2,1,1,1,136
2,2,1,1,1,136
2,2,1,1,1,136
2,2,1,1,1,136
2,2,1,1,1,136
2,2,1,1,1,136
2,2,1,1,1,136
2,2,1,1,1,136
2,2,1,1,1,136
2,2,1,1,1,136
2,2,1,1,1,136
2,2,1,1,1,136
2,2,1,1,1,136
2,2,1,1,1,136
2,2,1,1,1,136
2,2,1,1,1,136
2,2,1,1,1,136
2,2,1,1,1,136
2,2,1,1,1,136
2,2,0,1,1,136
2,2,0,1,1,136
2,2,0,1,1,136
2,2,0,1,1,136
2,2,0,1,1,136
2,2,0,1,1,136
2,2,0,1,1,136
2,2,0,1,1,136
2,2,0,1,1,136
2,2,0,1,1,136
2,2,0,1,1,136
2,2,0,1,1,136
2,2,0,1,1,136
2,2,0,1,1,136
2,2,0,1,1,136
2,2,0,1,1,136
2,2,0,1,1,136
2,2,0,1,1,136
2,2,0,1,1,136
2,2,0,1,1,136
2,2,0,1,1,136
2,2,0,1,1,136
2,2,0,1,1,136
2,2,0,1,1,136
2,2,0,1,1,136
2,2,0,1,1,136
2,2,0,1,1,136
2,2,0,1,1,136
2,2,0,1,1,136
2,2,0,1,1,136
2,2,0,1,1,136
2,2,0,1,1,136
2,2,0,1,1,136
2,2,0,1,1,136
2,2,0,1,1,136
2,2,0,1,1,136
2,2,0,1,0,136
2,2,0,1,1,136
2,2,0,1,1,136
2,2,0,1,1,136
2,2,0,1,1,136
2,2,0,1,1,136
2,2,0,1,1,136
2,2,0,1,1,136
2,2,0,1,1,136
2,2,0,1,1,136
2,2,0,1,1,136
2,2,0,1,1,136
2,2,0,1,1,136
2,2,0,1,1,136
2,2,0,1,1,136
2,2,0,1,1,136
2,2,0,1,1,136
2,2,0,1,1,136
2,2,0,1,1,136
2,2,0,1,1,136
2,2,0,1,1,136
2,2,0,1,1,136
2,2,0,1,1,136
2,2,0,1,1,136
2,2,0,1,1,136
2,2,0,1,1,136
2,2,0,1,1,136
0,0,0,0,0,137
0,0,0,1,0,137
0,0,0,1,1,137
0,0,0,1,1,137
0,0,1,1,1,137
0,1,1,1,1,137
0,1,1,1,1,137
1,1,1,1,1,137
2,1,1,1,1,137
3,1,1,1,1,137
3,1,1,1,1,137
3,1,1,1,1,137
4,1,1,1,1,137
4,1,1,1,1,137
4,1,1,1,2,137
4,1,1,1,2,137
4,1,1,1,2,137
4,1,1,1,2,137
4,1,1,1,2,137
4,2,1,1,2,137
4,3,1,1,2,137
4,3,1,1,2,137
4,3,1,1,2,137
4,3,1,1,2,137
4,3,1,1,2,137
4,3,1,1,2,137
4,3,1,1,2,137
4,3,1,1,2,137
4,3,1,1,2,137
4,3,1,1,2,137
4,3,1,1,3,137
4,3,1,1,3,137
4,3,1,2,3,137
5,3,1,2,3,137
5,4,1,2,3,137
4,4,1,2,3,137
3,4,1,3,3,137
3,4,2,3,3,137
3,4,2,3,3,137
3,4,3,3,3,137
3,4,3,4,3,137
4,4,3,4,3,137
4,4,3,5,3,137
4,4,3,5,4,137
4,4,3,5,4,137
4,4,3,6,4,137
4,4,3,6,4,137
4,4,4,6,4,137
4,4,4,6,5,137
4,4,5,6,5,137
4,4,5,6,5,137
5,4,5,6,5,137
5,4,5,6,5,137
6,4,5,6,5,137
6,3,5,6,6,137
6,4,5,6,6,137
6,5,5,6,6,137
6,6,5,6,6,137
6,6,5,6,6,137
6,6,5,6,6,137
6,6,5,6,6,137
6,6,5,6,6,137
7,6,5,6,6,137
7,7,5,6,6,137
7,7,5,6,7,137
7,8,5,6,7,137
7,8,5,6,8,137
7,9,5,6,8,137
7,9,5,6,8,137
7,9,5,6,8,137
7,9,5,6,8,137
7,9,6,6,7,137
7,9,6,6,7,137
7,9,6,6,8,137
7,9,6,6,8,137
8,9,6,6,8,137
8,9,6,6,9,137
8,9,6,6,9,137
8,9,6,6,9,137
8,9,6,6,9,137
8,9,6,6,9,137
8,9,6,6,9,137
9,9,6,6,9,137
8,10,6,6,9,137
8,10,6,6,9,137
8,10,6,6,9,137
8,10,7,6,9,137
8,10,7,6,9,137
8,10,7,6,9,137
8,10,7,6,9,137
8,10,7,6,9,137
8,10,7,6,9,137
8,9,7,6,10,137
8,9,7,6,10,137
8,10,7,5,10,137
8,10,7,5,10,137
8,10,7,5,10,137
8,10,7,5,11,137
8,10,7,5,11,137
9,10,7,5,11,137
0,0,0,0,0,138
0,0,0,0,1,138
0,1,0,0,1,138
0,1,0,1,1,138
0,1,0,1,1,138
0,1,1,1,1,138
0,1,1,1,1,138
1,1,1,1,1,138
1,1,1,1,1,138
1,1,1,1,1,138
1,1,1,1,1,138
1,2,1,0,1,138
1,2,1,1,1,138
2,2,1,1,1,138
2,2,1,1,2,138
2,2,1,1,2,138
2,2,1,1,2,138
1,3,1,1,2,138
1,4,0,1,2,138
1,4,0,1,2,138
1,4,0,1,2,138
1,4,0,1,2,138
1,4,0,1,2,138
1,4,0,1,2,138
1,4,0,1,2,138
1,4,0,1,2,138
1,4,0,1,2,138
1,4,0,1,2,138
1,4,0,1,2,138
1,4,0,1,2,138
1,4,0,1,2,138
1,4,0,1,2,138
1,4,0,1,2,138
1,4,0,1,2,138
1,4,0,1,2,138
1,4,0,1,2,138
1,4,0,1,2,138
1,4,0,1,2,138
1,4,0,1,2,138
1,4,0,1,2,138
1,4,0,1,2,138
1,4,0,1,2,138
1,4,0,1,2,138
1,4,0,1,2,138
1,4,0,1,2,138
1,4,0,1,2,138
1,4,0,1,2,138
1,4,0,1,2,138
1,4,0,1,2,138
1,4,0,1,2,138
1,4,0,1,2,138
1,4,0,1,2,138
1,4,0,1,2,138
1,4,0,1,2,138
1,4,0,1,2,138
1,4,0,1,2,138
1,4,0,1,2,138
1,4,0,1,2,138
1,4,0,1,2,138
1,4,0,1,1,138
1,4,0,1,1,138
1,4,0,1,1,138
1,4,0,1,1,138
1,4,0,1,1,138
1,4,0,1,2,138
1,4,0,1,2,138
1,4,0,1,2,138
1,4,0,1,2,138
1,4,0,1,2,138
1,4,0,1,2,138
1,4,0,1,2,138
1,4,0,1,2,138
1,4,0,1,2,138
1,4,0,1,2,138
1,4,0,1,2,138
1,4,0,1,2,138
1,4,0,1,2,138
1,4,0,1,2,138
1,4,0,1,2,138
1,4,0,1,2,138
1,4,0,1,2,138
1,4,0,1,2,138
1,4,0,1,2,138
1,4,0,1,2,138
1,4,0,1,2,138
1,4,0,1,2,138
1,4,0,1,2,138
1,4,0,1,2,138
1,4,0,1,2,138
1,4,0,1,2,138
1,4,0,1,2,138
1,4,0,1,2,138
1,4,0,1,2,138
1,4,0,1,2,138
1,4,0,1,2,138
1,4,0,1,2,138
1,4,0,1,2,138
1,4,0,1,2,138
1,4,0,1,2,138
1,4,0,1,2,138
0,0,0,0,0,139
0,1,0,0,0,139
1,1,0,0,0,139
2,1,0,0,0,139
2,1,0,0,1,139
2,1,0,1,1,139
2,1,0,1,1,139
2,2,0,1,1,139
2,2,1,1,1,139
2,2,1,1,1,139
2,2,1,1,1,139
2,2,1,1,1,139
3,2,1,1,1,139
3,2,1,1,1,139
3,2,1,1,1,139
3,2,1,1,1,139
3,2,1,1,1,139
3,2,1,1,1,139
3,2,1,1,1,139
3,2,1,1,1,139
3,2,1,1,1,139
3,2,1,1,1,139
3,2,1,1,1,139
3,2,1,1,1,139
3,2,1,1,1,139
3,2,1,1,1,139
3,2,1,1,1,139
3,2,1,1,1,139
3,2,1,1,1,139
3,2,1,1,1,139
3,2,1,1,1,139
3,2,1,1,1,139
3,2,1,1,1,139
3,2,1,1,1,139
3,2,1,1,1,139
3,2,1,1,1,139
3,2,1,1,1,139
3,2,1,1,1,139
3,2,1,1,1,139
3,2,1,1,1,139
3,2,1,1,1,139
3,2,1,1,1,139
3,2,1,1,1,139
3,2,1,1,2,139
3,2,1,1,2,139
3,2,1,1,3,139
3,2,1,1,3,139
3,2,1,1,3,139
3,2,1,1,4,139
3,2,1,1,4,139
3,2,1,1,4,139
3,2,1,1,4,139
3,2,1,1,4,139
3,2,1,1,4,139
0,0,0,0,0,140
0,0,0,0,1,140
1,0,0,0,1,140
1,0,0,0,2,140
1,0,0,0,2,140
2,0,0,0,2,140
3,0,0,0,2,140
3,0,0,0,2,140
3,0,0,0,2,140
3,0,0,0,2,140
3,0,0,0,2,140
3,0,0,0,2,140
3,0,0,0,2,140
3,0,0,0,2,140
3,1,0,0,2,140
3,1,0,0,2,140
3,1,0,0,2,140
3,1,0,0,2,140
3,1,0,0,2,140
3,2,0,0,2,140
3,2,0,0,2,140
3,2,0,0,2,140
3,2,0,0,2,140
3,2,0,0,3,140
3,2,0,0,3,140
3,2,0,0,3,140
3,2,0,0,3,140
3,2,0,0,3,140
3,2,0,0,3,140
3,2,0,0,3,140
3,2,0,0,3,140
3,2,0,0,3,140
3,2,0,0,3,140
3,2,0,0,3,140
3,2,0,0,3,140
3,2,0,0,3,140
3,2,0,0,3,140
3,2,0,0,3,140
3,2,0,0,3,140
3,2,0,0,3,140
3,2,0,0,3,140
3,2,0,0,3,140
3,2,0,0,3,140
3,2,0,0,3,140
3,2,0,0,3,140
3,2,0,0,3,140
3,2,0,0,3,140
3,2,0,0,3,140
3,2,0,0,3,140
3,2,0,0,3,140
3,2,0,0,3,140
3,2,0,0,3,140
3,2,0,0,3,140
3,2,0,0,3,140
3,2,0,0,3,140
3,2,0,0,3,140
3,2,0,0,3,140
3,2,0,0,3,140
3,2,0,0,3,140
3,2,0,0,3,140
3,2,0,0,3,140
3,2,0,0,3,140
3,2,0,0,3,140
3,2,0,0,3,140
3,2,0,0,3,140
3,2,0,0,3,140
3,2,0,0,3,140
3,2,0,0,3,140
3,2,0,0,3,140
3,2,0,0,3,140
3,2,0,0,3,140
3,2,0,0,3,140
3,2,0,0,3,140
3,2,0,0,3,140
3,2,0,0,3,140
3,2,0,0,3,140
3,2,0,0,3,140
3,2,0,0,3,140
3,2,0,0,3,140
3,2,0,0,3,140
3,2,0,0,3,140
3,2,0,0,3,140
3,2,0,0,3,140
3,2,0,0,3,140
3,2,0,0,3,140
3,2,0,0,3,140
3,2,0,0,3,140
3,2,0,0,3,140
3,2,0,0,3,140
3,2,0,0,3,140
3,2,0,0,3,140
3,2,0,0,3,140
3,2,0,0,3,140
3,2,0,0,3,140
3,2,0,0,3,140
3,2,0,0,3,140
3,2,0,0,3,140
3,2,0,0,3,140
3,2,0,0,3,140
3,2,0,0,3,140
0,0,0,0,0,141
0,0,1,0,0,141
0,1,1,0,0,141
0,1,1,0,0,141
0,1,1,0,1,141
1,1,1,0,1,141
1,1,1,0,1,141
1,1,1,1,1,141
1,2,1,1,1,141
2,2,1,1,1,141
2,2,1,1,1,141
2,3,1,1,1,141
2,3,1,1,1,141
2,3,1,1,1,141
2,3,1,1,2,141
2,3,1,1,2,141
2,3,1,1,2,141
2,3,1,1,2,141
2,3,1,1,2,141
2,3,1,1,2,141
2,3,1,1,2,141
2,3,1,1,2,141
2,3,1,1,2,141
2,3,1,1,2,141
2,3,1,1,2,141
2,3,1,1,2,141
2,3,1,1,2,141
2,3,1,1,2,141
2,3,1,1,2,141
2,3,1,1,2,141
2,3,1,1,2,141
2,3,1,1,2,141
2,3,1,1,2,141
2,3,1,1,2,141
2,3,1,1,2,141
2,3,1,1,2,141
2,3,1,1,2,141
2,3,1,1,2,141
2,3,1,1,2,141
2,3,1,1,2,141
2,3,1,1,2,141
2,3,1,1,2,141
2,3,1,1,2,141
2,3,1,1,2,141
2,3,1,1,2,141
2,3,1,1,2,141
2,3,1,0,2,141
2,3,1,0,2,141
2,3,1,0,2,141
2,3,1,0,2,141
2,3,1,0,2,141
2,3,1,0,2,141
2,3,1,0,2,141
2,3,1,0,2,141
2,3,1,0,2,141
2,3,1,0,2,141
2,3,1,0,2,141
2,3,1,0,2,141
2,3,1,0,2,141
2,3,1,0,2,141
2,3,1,0,2,141
2,3,1,0,2,141
2,3,1,0,2,141
2,3,1,0,2,141
2,3,1,0,2,141
2,3,1,0,2,141
2,3,1,0,2,141
2,3,1,0,2,141
2,3,1,0,2,141
2,3,1,0,2,141
2,3,1,0,2,141
2,3,1,0,2,141
2,3,1,0,2,141
2,3,1,0,2,141
2,3,1,0,2,141
2,3,1,0,2,141
2,3,1,0,2,141
2,3,1,0,2,141
2,3,1,0,2,141
2,3,1,0,2,141
2,3,1,0,1,141
2,3,1,0,1,141
2,3,1,0,1,141
2,3,1,0,1,141
2,3,1,0,1,141
2,3,1,0,1,141
2,3,1,0,1,141
2,3,1,0,1,141
2,3,1,0,1,141
2,3,1,0,1,141
2,3,1,0,1,141
2,3,1,0,1,141
2,3,1,0,1,141
2,3,1,0,1,141
2,3,1,0,1,141
2,3,1,0,1,141
2,3,1,0,1,141
2,3,1,0,1,141
2,3,1,0,1,141
2,3,1,0,1,141
0,0,0,0,0,142
0,0,1,0,0,142
0,0,1,1,0,142
0,0,1,1,1,142
0,0,1,1,1,142
0,0,1,1,1,142
0,0,1,1,1,142
1,0,1,1,1,142
1,0,1,1,1,142
1,0,1,1,1,142
2,0,1,1,1,142
2,1,1,1,1,142
2,1,1,1,1,142
2,1,1,1,1,142
2,2,1,1,1,142
2,2,1,1,1,142
2,2,1,1,1,142
2,2,1,1,1,142
2,2,1,1,2,142
2,2,1,1,3,142
2,2,1,1,3,142
2,2,1,1,3,142
2,2,1,1,3,142
2,2,1,1,3,142
2,2,1,1,3,142
2,2,1,1,3,142
2,2,1,1,3,142
2,2,1,1,3,142
2,2,1,1,3,142
2,2,1,1,3,142
2,2,1,1,3,142
2,2,1,1,3,142
2,2,1,1,3,142
2,2,1,1,3,142
2,2,1,1,3,142
2,2,1,1,3,142
2,2,1,1,3,142
2,2,1,1,3,142
2,2,1,1,3,142
2,2,1,1,3,142
2,2,1,1,3,142
2,2,1,1,3,142
2,2,1,1,3,142
2,2,1,1,3,142
2,2,1,1,3,142
2,2,1,1,3,142
2,2,1,1,3,142
2,2,1,1,3,142
2,2,1,1,3,142
2,2,1,1,3,142
2,2,1,1,3,142
2,2,1,1,3,142
2,2,1,1,3,142
2,2,1,1,3,142
2,2,1,1,3,142
2,2,1,1,3,142
2,2,1,1,3,142
2,2,1,1,3,142
2,2,1,1,3,142
2,2,1,1,3,142
2,2,1,1,3,142
2,2,1,1,3,142
2,2,1,1,3,142
2,2,1,1,3,142
2,2,1,1,3,142
2,2,1,1,3,142
2,2,1,1,3,142
2,2,1,1,3,142
2,2,1,1,3,142
2,2,1,1,3,142
2,2,1,1,3,142
2,2,1,1,3,142
2,2,1,1,3,142
2,2,1,1,3,142
2,2,1,1,3,142
2,2,1,1,3,142
2,2,1,1,3,142
2,2,1,1,3,142
2,2,1,1,3,142
2,2,1,1,3,142
2,2,1,1,3,142
2,2,1,1,3,142
2,2,1,1,3,142
2,2,1,1,3,142
2,2,1,1,3,142
2,2,1,1,3,142
2,2,1,1,3,142
1,2,1,1,3,142
1,2,1,1,3,142
1,2,1,1,3,142
1,2,1,1,3,142
1,2,1,1,3,142
1,2,1,1,3,142
1,2,1,1,3,142
1,2,1,1,3,142
1,2,1,1,3,142
1,2,1,1,3,142
1,2,1,1,3,142
1,2,1,1,3,142
1,2,1,1,3,142
0,0,0,0,0,143
1,0,0,0,0,143
1,0,0,1,0,143
1,0,0,1,0,143
1,1,0,1,0,143
2,1,0,1,0,143
2,2,0,1,0,143
3,2,0,1,0,143
3,2,0,1,0,143
3,1,0,1,1,143
3,1,0,1,1,143
2,1,0,1,2,143
2,1,0,1,2,143
2,1,0,1,2,143
2,1,0,1,2,143
2,1,0,1,2,143
2,1,0,1,2,143
2,1,0,1,2,143
2,1,0,1,2,143
2,1,0,1,2,143
2,1,0,1,2,143
2,1,0,1,2,143
2,1,0,1,2,143
2,1,0,1,2,143
2,1,0,1,2,143
2,1,0,1,2,143
2,1,0,1,2,143
2,1,0,1,2,143
2,1,0,1,2,143
2,1,0,1,2,143
2,1,0,1,2,143
2,1,0,1,2,143
2,1,0,1,2,143
2,1,0,1,2,143
2,1,0,1,2,143
2,1,0,1,2,143
2,1,0,1,2,143
2,1,0,1,2,143
2,1,0,1,2,143
2,1,0,1,2,143
2,1,0,1,2,143
2,1,0,1,2,143
2,1,0,1,2,143
2,1,0,1,2,143
2,1,0,1,2,143
2,1,0,1,2,143
2,1,0,1,2,143
2,1,0,1,2,143
2,1,0,1,2,143
2,1,0,1,2,143
2,1,0,1,2,143
2,1,0,1,2,143
2,1,0,1,2,143
2,1,0,1,2,143
2,1,0,1,2,143
2,1,0,1,2,143
2,1,0,1,2,143
2,1,0,1,2,143
2,1,0,1,2,143
2,1,0,1,2,143
2,1,0,1,2,143
2,1,0,1,2,143
2,1,0,1,2,143
2,1,0,1,2,143
2,1,0,1,2,143
2,1,0,1,2,143
2,1,0,1,2,143
2,1,0,1,2,143
2,1,0,1,2,143
2,1,0,1,2,143
2,1,0,1,2,143
2,1,0,1,2,143
2,1,0,1,2,143
2,1,0,1,2,143
2,1,0,1,2,143
2,1,0,1,2,143
2,1,0,1,2,143
2,1,0,1,2,143
2,1,0,1,2,143
2,1,0,1,2,143
2,1,0,1,2,143
2,1,0,1,2,143
2,1,0,1,2,143
2,1,0,1,2,143
2,1,0,1,2,143
2,1,0,1,2,143
2,1,0,1,2,143
2,1,0,1,2,143
2,1,0,1,2,143
2,1,0,1,2,143
2,1,0,1,2,143
2,1,0,1,2,143
2,1,0,1,2,143
2,1,0,1,2,143
2,1,0,1,2,143
2,1,0,1,2,143
2,1,0,1,2,143
2,1,0,1,2,143
2,1,0,1,2,143
2,1,0,1,2,143
0,0,0,0,0,144
0,0,1,0,0,144
0,1,1,0,0,144
0,1,1,0,0,144
0,2,1,0,0,144
0,2,1,1,0,144
0,2,0,1,1,144
0,2,1,1,1,144
0,2,1,1,1,144
0,2,1,1,1,144
0,2,1,1,1,144
0,2,1,1,1,144
0,2,0,1,2,144
0,2,0,1,2,144
0,2,0,1,3,144
1,2,0,1,3,144
1,2,0,1,3,144
1,3,0,1,3,144
1,3,0,1,3,144
1,3,0,1,3,144
1,3,0,1,3,144
1,3,0,1,3,144
1,3,0,1,3,144
1,3,0,1,3,144
1,3,0,1,3,144
1,3,0,1,3,144
1,3,0,1,3,144
1,3,0,1,3,144
1,3,0,1,3,144
1,3,0,1,3,144
1,3,0,1,3,144
1,3,0,1,3,144
1,3,0,1,3,144
1,3,0,1,3,144
1,3,0,1,3,144
1,3,0,1,3,144
1,3,0,1,3,144
1,3,0,1,3,144
1,3,0,1,3,144
1,3,0,1,3,144
1,3,0,1,3,144
1,3,0,1,3,144
1,3,0,1,3,144
1,3,0,1,3,144
1,3,0,1,3,144
1,3,0,1,3,144
1,3,0,1,3,144
1,3,0,1,3,144
1,3,0,1,3,144
1,3,0,1,3,144
1,3,0,1,3,144
1,3,0,1,3,144
1,3,0,1,3,144
1,3,0,1,3,144
1,3,0,1,3,144
1,3,0,1,3,144
1,3,0,1,3,144
1,3,0,1,3,144
1,3,0,1,3,144
1,3,0,1,3,144
1,3,0,1,3,144
1,3,0,1,3,144
1,3,0,1,3,144
1,3,0,1,3,144
1,3,0,1,3,144
1,3,0,1,3,144
1,3,0,1,3,144
1,3,0,1,3,144
1,3,0,1,3,144
1,3,0,1,3,144
1,3,0,1,3,144
1,3,0,1,3,144
1,3,0,1,3,144
1,3,0,1,3,144
1,3,0,1,3,144
1,3,0,1,3,144
1,3,0,1,3,144
1,3,0,1,3,144
1,3,0,1,3,144
1,3,0,1,3,144
1,3,0,1,3,144
1,3,0,1,3,144
1,3,0,1,3,144
1,3,0,1,3,144
1,3,0,1,3,144
1,3,0,1,3,144
1,3,0,1,3,144
1,3,0,1,3,144
1,3,0,1,3,144
1,3,0,1,3,144
1,3,0,1,3,144
1,3,0,1,3,144
1,3,0,1,3,144
1,3,0,1,3,144
1,3,0,1,3,144
1,3,0,1,3,144
1,3,0,1,3,144
1,3,0,1,3,144
1,3,0,1,3,144
1,3,0,1,3,144
0,0,0,0,0,145
1,0,0,0,0,145
1,1,0,0,0,145
1,2,0,0,0,145
1,2,0,0,1,145
1,2,0,0,1,145
1,2,0,0,2,145
1,2,0,1,2,145
1,2,0,1,3,145
1,2,0,1,4,145
2,2,0,1,4,145
2,2,0,1,4,145
2,2,0,1,4,145
2,2,0,1,4,145
2,2,0,1,4,145
2,2,0,1,4,145
2,2,0,1,4,145
2,2,0,1,4,145
2,2,0,1,4,145
2,2,0,1,4,145
2,2,0,1,4,145
2,2,0,1,4,145
2,2,0,1,4,145
2,2,0,1,4,145
2,2,0,1,4,145
2,2,0,1,4,145
2,2,0,1,4,145
2,2,0,1,4,145
2,2,0,1,4,145
2,2,0,1,4,145
2,2,0,1,4,145
2,2,0,1,4,145
2,2,0,1,4,145
2,2,0,1,4,145
2,2,0,1,4,145
2,2,0,1,4,145
2,2,0,1,4,145
2,2,0,1,4,145
2,2,0,1,4,145
2,2,0,1,4,145
2,2,0,1,4,145
2,2,0,1,4,145
2,2,0,1,4,145
2,2,0,1,4,145
2,2,0,1,4,145
2,2,0,1,4,145
2,2,0,1,4,145
2,2,0,1,4,145
2,2,0,1,4,145
2,2,0,1,4,145
2,2,0,1,4,145
2,2,0,1,4,145
2,2,0,1,4,145
2,2,0,1,4,145
2,2,0,1,4,145
2,2,0,1,4,145
2,2,0,1,4,145
2,2,0,1,4,145
2,2,0,1,4,145
2,2,0,1,4,145
2,2,0,1,4,145
2,2,0,1,4,145
2,2,0,1,4,145
2,2,0,1,4,145
2,2,0,1,4,145
2,2,0,1,4,145
2,2,0,1,4,145
2,2,0,1,4,145
2,2,0,1,4,145
2,2,0,1,4,145
2,2,0,1,4,145
2,2,0,1,4,145
2,2,0,1,4,145
2,2,0,1,4,145
2,2,0,1,4,145
2,2,0,1,4,145
2,2,0,1,4,145
2,2,0,1,4,145
2,2,0,1,4,145
2,2,0,1,4,145
2,2,0,1,4,145
2,2,0,1,4,145
2,2,0,1,4,145
2,2,0,1,4,145
2,2,0,1,4,145
2,2,0,1,4,145
2,2,0,1,4,145
2,2,0,1,4,145
2,2,0,1,4,145
2,2,0,1,4,145
2,2,0,1,4,145
2,2,0,1,4,145
2,2,0,1,4,145
2,2,0,1,4,145
2,2,0,1,4,145
2,2,0,1,4,145
2,2,0,1,4,145
2,2,0,1,4,145
2,2,0,1,3,145
2,2,0,1,3,145
0,0,0,0,0,146
0,0,1,0,0,146
1,0,1,0,0,146
1,0,1,0,0,146
1,0,1,1,0,146
1,0,1,1,0,146
1,1,1,1,0,146
1,1,1,1,0,146
2,1,1,1,0,146
2,1,1,1,0,146
2,2,1,1,0,146
2,2,1,1,0,146
2,2,1,1,0,146
2,2,1,1,0,146
2,2,1,1,0,146
2,2,1,1,1,146
2,2,1,1,1,146
2,2,1,2,1,146
2,2,1,2,1,146
2,2,1,2,1,146
2,2,1,2,1,146
2,2,1,2,1,146
2,2,1,2,1,146
2,2,1,2,1,146
2,2,1,2,2,146
2,2,1,2,2,146
2,2,1,2,2,146
2,2,1,2,3,146
2,2,1,3,3,146
2,3,1,3,3,146
2,3,1,3,3,146
2,3,1,3,3,146
2,3,1,3,3,146
2,3,1,3,3,146
2,3,1,3,4,146
2,3,1,3,4,146
2,3,1,3,4,146
2,3,1,3,4,146
2,4,1,3,4,146
2,4,1,3,4,146
3,4,1,3,4,146
3,4,1,3,4,146
3,4,1,3,4,146
3,4,1,3,4,146
3,4,1,3,4,146
3,4,1,3,4,146
3,4,1,3,4,146
2,4,1,3,5,146
2,4,1,3,5,146
2,4,1,3,5,146
2,4,1,3,5,146
2,4,1,3,5,146
2,4,1,3,5,146
2,4,1,3,5,146
2,4,1,3,5,146
2,4,1,3,5,146
2,4,1,3,5,146
1,4,1,3,5,146
1,4,1,3,5,146
1,4,1,3,5,146
1,4,1,3,5,146
1,4,1,3,5,146
1,4,1,3,5,146
1,4,1,3,5,146
1,4,1,3,5,146
1,4,1,3,5,146
1,4,1,3,5,146
1,4,1,3,5,146
1,4,1,3,5,146
1,4,1,3,5,146
1,4,1,3,5,146
1,4,1,3,5,146
2,4,1,3,5,146
2,4,1,3,5,146
2,4,1,3,5,146
2,4,1,3,5,146
2,4,1,3,5,146
2,4,1,3,5,146
2,4,1,3,5,146
2,4,1,3,5,146
2,3,1,3,5,146
2,3,1,3,5,146
2,3,1,3,5,146
2,3,1,3,5,146
2,3,1,3,5,146
2,3,1,3,5,146
2,3,1,3,5,146
2,3,1,3,5,146
2,3,1,3,5,146
2,3,1,3,5,146
2,3,1,3,5,146
2,3,1,3,5,146
2,3,1,3,5,146
2,3,1,3,5,146
2,3,1,3,5,146
2,3,1,3,5,146
2,3,1,3,5,146
2,3,1,3,5,146
2,3,1,3,5,146
2,3,1,3,5,146
0,0,0,0,0,147
1,0,0,0,0,147
2,0,0,0,0,147
2,0,0,0,1,147
3,0,0,0,1,147
3,0,0,0,2,147
3,1,0,0,2,147
3,1,0,0,2,147
3,2,0,0,2,147
2,2,0,0,3,147
2,2,0,0,3,147
2,2,0,0,3,147
2,2,0,0,3,147
2,2,0,0,3,147
2,2,0,0,3,147
2,2,0,0,3,147
2,2,0,0,3,147
2,2,0,0,3,147
2,2,0,0,3,147
2,2,0,0,3,147
2,2,0,0,3,147
2,2,0,0,3,147
2,2,0,0,3,147
2,2,0,0,3,147
2,2,0,0,3,147
2,2,0,0,3,147
2,2,0,0,3,147
2,2,0,0,3,147
2,2,0,0,3,147
2,2,0,0,3,147
2,2,0,0,3,147
2,2,0,0,3,147
2,2,0,0,3,147
2,2,0,0,3,147
2,2,0,0,3,147
2,2,0,0,3,147
2,2,0,0,3,147
2,2,0,0,3,147
2,2,0,0,3,147
2,2,0,0,3,147
2,2,0,0,3,147
2,2,0,0,3,147
2,2,0,0,3,147
2,2,0,0,3,147
2,2,0,0,3,147
2,2,0,0,3,147
2,2,0,0,3,147
2,2,0,0,3,147
2,2,0,0,3,147
2,2,0,0,3,147
2,2,0,0,3,147
2,2,0,0,3,147
2,2,0,0,3,147
2,2,0,0,3,147
2,2,0,0,3,147
2,2,0,0,3,147
2,2,0,0,3,147
2,2,0,0,3,147
2,2,0,0,3,147
2,2,0,0,3,147
2,2,0,0,3,147
2,2,0,0,3,147
2,2,0,0,3,147
2,2,0,0,3,147
2,2,0,0,3,147
2,2,0,0,3,147
2,2,0,0,3,147
2,2,0,0,3,147
2,2,0,0,3,147
2,2,0,0,3,147
2,2,0,0,3,147
2,2,0,0,3,147
2,2,0,0,3,147
2,2,0,0,3,147
2,2,0,0,3,147
2,2,0,0,3,147
2,2,0,0,3,147
2,2,0,0,3,147
2,2,0,0,3,147
2,2,0,0,3,147
2,2,0,0,3,147
2,2,0,0,3,147
2,2,0,0,3,147
2,2,0,0,3,147
2,2,0,0,3,147
2,2,0,0,3,147
2,2,0,0,3,147
2,1,0,0,3,147
2,1,0,0,3,147
2,1,0,0,3,147
2,1,0,0,3,147
2,1,0,0,3,147
2,1,0,0,3,147
2,1,0,0,3,147
2,1,0,0,3,147
2,1,0,0,3,147
2,1,0,0,3,147
2,1,0,0,3,147
2,1,0,0,3,147
2,1,0,0,3,147
0,0,0,0,0,148
0,1,0,0,0,148
1,1,0,0,0,148
2,1,0,0,0,148
2,1,1,0,0,148
2,1,1,0,0,148
2,1,1,1,0,148
2,1,2,1,0,148
2,1,2,2,0,148
1,2,2,2,0,148
1,2,2,2,0,148
1,2,2,2,0,148
1,3,2,2,0,148
1,3,2,2,0,148
1,3,2,2,0,148
1,4,2,2,0,148
1,4,2,2,0,148
1,4,2,2,0,148
1,5,2,2,0,148
2,5,2,2,0,148
3,5,2,2,0,148
3,4,2,2,0,148
3,5,2,2,0,148
3,5,3,2,0,148
3,5,2,2,1,148
3,6,2,2,1,148
3,6,2,3,1,148
3,6,2,3,1,148
3,6,2,3,1,148
3,6,2,2,2,148
3,6,2,2,2,148
3,6,2,2,3,148
2,6,2,3,3,148
2,6,2,3,3,148
2,6,2,4,3,148
2,6,2,4,3,148
2,6,2,4,3,148
2,7,2,4,3,148
2,7,3,4,3,148
2,7,3,4,3,148
2,8,2,4,3,148
2,8,2,4,3,148
2,8,2,4,3,148
2,8,2,4,3,148
2,8,3,4,3,148
2,8,3,4,3,148
2,9,3,4,3,148
2,9,3,4,3,148
2,10,3,3,3,148
3,10,3,3,3,148
3,11,3,3,3,148
3,11,3,3,3,148
4,11,3,3,3,148
4,10,3,3,4,148
4,10,3,3,4,148
4,10,3,3,5,148
4,10,3,2,5,148
4,10,4,2,5,148
4,10,4,2,6,148
4,10,4,2,6,148
4,10,4,2,6,148
4,10,4,2,6,148
4,10,4,2,7,148
4,10,4,2,7,148
4,10,4,2,7,148
4,10,4,2,7,148
4,10,4,2,7,148
4,10,4,2,7,148
4,10,4,2,7,148
4,10,4,2,7,148
4,10,4,2,7,148
4,9,4,2,7,148
4,9,4,2,7,148
4,9,4,2,7,148
4,9,4,2,8,148
4,9,5,2,8,148
4,9,5,2,8,148
4,9,5,2,8,148
4,9,5,2,8,148
4,9,5,2,8,148
4,9,5,2,8,148
4,9,5,2,8,148
4,9,5,2,8,148
4,9,5,2,8,148
4,9,5,2,8,148
5,9,5,2,8,148
5,9,5,2,8,148
5,9,5,2,8,148
5,9,5,2,8,148
5,9,5,2,8,148
5,9,5,2,8,148
5,9,5,2,8,148
5,9,5,2,8,148
5,9,6,2,8,148
5,9,6,2,8,148
5,9,6,2,8,148
5,9,6,2,8,148
5,9,6,2,8,148
5,9,6,2,8,148
5,9,6,1,8,148
0,0,0,0,0,149
0,0,0,0,1,149
0,1,0,0,1,149
0,1,0,0,1,149
0,1,0,1,1,149
1,1,0,1,1,149
1,2,0,1,1,149
1,2,0,1,1,149
1,2,0,2,1,149
1,2,0,2,1,149
1,2,0,2,1,149
1,2,0,2,1,149
1,2,0,2,1,149
1,2,0,2,1,149
1,2,0,2,2,149
1,2,0,2,2,149
2,2,0,2,2,149
2,2,0,2,2,149
2,2,0,2,2,149
2,2,0,2,2,149
2,2,0,2,2,149
2,2,0,2,2,149
2,2,0,2,2,149
2,2,0,2,3,149
2,2,0,2,3,149
2,2,0,2,3,149
2,2,0,2,3,149
2,2,0,2,3,149
2,2,0,2,3,149
2,2,0,2,3,149
1,2,0,2,3,149
1,2,0,2,3,149
1,2,0,2,3,149
1,2,0,2,3,149
1,2,0,2,3,149
1,2,0,2,3,149
1,2,0,2,3,149
1,2,0,2,3,149
1,2,0,2,3,149
1,2,0,2,3,149
1,2,0,2,3,149
1,2,0,2,3,149
1,2,0,2,3,149
1,2,0,2,3,149
1,2,0,2,3,149
1,2,0,2,3,149
1,2,0,2,3,149
1,2,0,2,3,149
1,2,0,2,3,149
1,2,0,2,3,149
1,2,0,2,3,149
1,2,0,2,3,149
1,2,0,2,3,149
1,2,0,2,3,149
1,2,0,2,3,149
1,2,0,2,3,149
1,2,0,2,3,149
1,2,0,2,3,149
1,2,0,2,3,149
1,2,0,2,3,149
1,2,0,2,3,149
1,2,0,2,3,149
1,2,0,2,3,149
1,2,0,2,3,149
1,2,0,2,3,149
1,2,0,2,3,149
1,2,0,2,3,149
1,2,0,2,3,149
1,2,0,2,3,149
1,2,0,2,3,149
1,2,0,2,3,149
1,2,0,2,3,149
1,2,0,2,3,149
1,2,0,2,3,149
1,2,0,2,3,149
1,2,0,2,3,149
1,2,0,2,3,149
1,2,0,2,3,149
1,2,0,2,3,149
1,2,0,2,3,149
1,2,0,2,3,149
1,2,0,2,3,149
1,2,0,2,3,149
1,2,0,2,3,149
1,2,0,2,3,149
1,2,0,2,3,149
1,2,0,2,3,149
1,2,0,2,3,149
1,2,0,2,3,149
1,2,0,2,3,149
1,2,0,2,3,149
1,2,0,2,3,149
1,2,0,2,3,149
1,2,0,2,3,149
1,2,0,2,3,149
1,2,0,2,3,149
1,2,0,2,3,149
1,2,0,2,3,149
1,2,0,2,3,149
1,2,0,2,3,149
0,0,0,0,0,150
0,0,0,0,1,150
0,0,0,0,1,150
1,0,0,0,1,150
1,0,0,1,1,150
2,0,0,1,1,150
2,0,0,1,1,150
2,1,0,1,1,150
2,2,0,0,1,150
2,2,0,1,1,150
2,3,0,1,1,150
2,3,0,1,1,150
2,3,0,1,1,150
2,3,0,1,1,150
2,3,0,1,1,150
2,3,0,1,1,150
2,3,0,1,1,150
2,3,0,1,1,150
2,3,0,1,1,150
2,3,0,1,1,150
2,3,0,1,1,150
2,3,0,1,2,150
2,3,0,1,2,150
2,3,0,1,2,150
2,3,0,1,2,150
2,3,0,1,2,150
2,3,0,1,2,150
2,3,0,1,2,150
2,3,0,1,2,150
2,3,0,1,2,150
2,3,0,1,2,150
2,3,0,1,2,150
2,3,0,1,2,150
2,3,0,1,2,150
2,3,0,1,2,150
2,3,0,1,2,150
2,3,0,1,2,150
2,3,0,1,2,150
2,3,0,1,2,150
2,3,0,1,2,150
2,3,0,1,2,150
2,3,0,1,2,150
2,3,0,1,2,150
2,3,0,1,2,150
2,3,0,1,2,150
2,2,0,1,2,150
2,2,0,1,2,150
2,2,0,1,2,150
2,2,0,1,2,150
2,2,0,1,2,150
2,2,0,1,2,150
2,2,0,1,2,150
2,2,0,1,2,150
2,2,0,1,2,150
2,2,0,1,2,150
2,2,0,1,2,150
2,2,0,1,2,150
2,2,0,1,2,150
2,2,0,1,2,150
2,2,0,1,2,150
2,2,0,1,2,150
2,2,0,1,2,150
2,2,0,1,2,150
2,2,0,1,2,150
2,2,0,1,2,150
2,2,0,1,2,150
2,2,0,1,2,150
2,2,0,1,2,150
2,2,0,1,2,150
2,2,0,1,2,150
2,2,0,1,2,150
2,2,0,1,2,150
2,2,0,1,2,150
2,2,0,1,2,150
2,2,0,1,2,150
2,2,0,1,2,150
2,2,0,1,2,150
2,2,0,1,2,150
2,2,0,1,2,150
2,2,0,1,2,150
2,2,0,1,2,150
2,2,0,1,2,150
2,2,0,1,2,150
2,2,0,1,2,150
2,2,0,1,2,150
2,2,0,1,2,150
2,2,0,1,2,150
2,2,0,1,2,150
2,2,0,1,2,150
2,2,0,1,2,150
2,2,0,1,2,150
2,2,0,1,2,150
2,2,0,1,2,150
2,2,0,1,2,150
2,2,0,1,2,150
2,2,0,1,2,150
2,2,0,1,2,150
2,2,0,1,2,150
2,2,0,1,2,150
2,2,0,1,2,150
0,0,0,0,0,151
0,0,0,1,0,151
0,0,1,1,0,151
0,0,1,1,0,151
1,0,1,1,0,151
1,0,1,1,0,151
1,0,1,1,0,151
1,1,1,1,0,151
1,1,1,1,0,151
1,2,1,1,0,151
1,3,1,1,0,151
2,3,1,1,0,151
2,2,1,1,0,151
2,1,1,1,1,151
2,1,2,1,1,151
2,1,2,1,2,151
2,1,2,2,2,151
2,1,2,2,2,151
2,1,2,2,2,151
2,1,2,3,2,151
2,1,2,3,2,151
2,2,2,3,2,151
2,2,2,3,3,151
3,2,2,3,3,151
4,2,2,3,3,151
5,2,2,3,3,151
4,2,2,3,4,151
4,2,2,3,4,151
4,2,2,3,4,151
4,2,2,3,4,151
5,2,2,3,4,151
5,2,2,3,4,151
6,2,2,3,4,151
6,3,2,3,4,151
6,3,2,4,4,151
6,3,2,4,5,151
6,3,2,5,5,151
6,3,3,5,5,151
6,3,4,5,5,151
6,3,4,5,5,151
6,3,4,5,5,151
6,4,4,5,5,151
6,4,4,5,5,151
6,5,4,5,4,151
6,5,4,5,4,151
6,5,4,5,4,151
6,4,4,6,4,151
6,4,4,6,4,151
6,5,4,5,4,151
6,5,5,5,4,151
6,6,5,4,4,151
6,6,5,4,4,151
6,7,5,4,4,151
6,7,5,4,4,151
7,7,5,4,4,151
8,7,5,4,4,151
8,7,5,4,4,151
8,7,5,4,4,151
8,7,5,4,4,151
9,7,5,4,4,151
9,7,5,4,4,151
8,8,5,4,4,151
8,8,5,4,4,151
8,8,5,4,4,151
8,8,5,4,4,151
8,8,5,4,4,151
7,9,5,4,4,151
7,9,5,4,4,151
7,9,4,4,4,151
7,9,5,4,4,151
7,9,5,4,4,151
7,9,5,5,4,151
7,9,5,5,5,151
7,9,5,4,5,151
7,8,5,4,5,151
7,8,5,4,5,151
7,8,5,4,6,151
7,8,5,4,6,151
8,8,5,4,6,151
7,8,6,4,6,151
7,8,6,4,6,151
7,8,6,4,6,151
7,8,6,4,6,151
7,8,6,4,6,151
7,8,6,4,7,151
8,7,6,4,7,151
8,7,6,4,7,151
8,7,6,4,6,151
8,7,6,4,6,151
9,7,6,4,6,151
9,7,6,4,6,151
9,7,7,4,6,151
9,7,7,4,6,151
9,7,7,4,6,151
8,7,7,4,6,151
8,7,6,4,7,151
8,7,6,4,7,151
8,7,6,4,7,151
8,7,6,5,7,151
8,7,6,5,7,151
0,0,0,0,0,152
0,1,0,0,0,152
0,1,0,0,1,152
0,1,0,0,1,152
0,1,0,0,2,152
1,1,0,0,2,152
1,1,0,1,2,152
1,1,0,1,2,152
1,2,0,1,2,152
1,3,0,1,2,152
1,3,0,1,2,152
1,3,0,1,2,152
1,3,0,1,2,152
1,3,0,1,2,152
1,3,0,2,2,152
1,3,0,2,2,152
1,3,0,2,2,152
1,3,0,2,2,152
1,3,0,2,2,152
1,3,0,2,2,152
1,3,0,2,2,152
1,3,0,2,2,152
1,3,0,2,2,152
1,3,0,2,2,152
1,3,0,2,1,152
1,3,0,2,1,152
1,3,0,2,1,152
1,3,0,2,1,152
1,3,0,2,1,152
1,3,0,2,2,152
1,3,0,2,2,152
1,3,0,2,2,152
1,3,0,2,2,152
1,3,0,2,2,152
1,3,0,2,2,152
1,3,0,2,2,152
1,3,0,2,2,152
1,3,0,2,2,152
1,3,0,2,2,152
1,3,0,2,2,152
1,3,0,2,2,152
1,3,0,2,2,152
1,3,0,2,2,152
1,3,0,2,2,152
1,3,0,2,2,152
1,3,0,2,2,152
1,3,0,2,2,152
1,3,0,2,2,152
1,3,0,2,2,152
1,3,0,2,2,152
1,3,0,2,2,152
1,3,0,2,2,152
1,3,0,2,2,152
1,3,0,2,2,152
1,3,0,2,2,152
1,3,0,2,2,152
1,3,0,2,2,152
1,3,0,2,2,152
1,3,0,2,2,152
1,3,0,2,2,152
1,3,0,2,2,152
1,3,0,2,2,152
1,3,0,2,2,152
1,3,0,2,2,152
1,3,0,2,2,152
1,3,0,2,2,152
1,3,0,2,2,152
1,3,0,2,2,152
1,3,0,2,2,152
1,3,0,2,2,152
1,3,0,2,2,152
1,3,0,2,2,152
1,3,0,2,2,152
1,3,0,2,2,152
1,3,0,2,2,152
1,3,0,2,2,152
1,3,0,2,2,152
1,3,0,2,2,152
1,3,0,2,2,152
1,3,0,2,2,152
1,3,0,2,2,152
1,3,0,2,2,152
1,3,0,2,2,152
1,3,0,2,2,152
1,3,0,2,2,152
1,3,0,2,2,152
1,3,0,2,2,152
1,3,0,2,2,152
1,3,0,2,2,152
1,3,0,2,2,152
1,3,0,2,2,152
1,3,0,2,2,152
1,3,0,2,2,152
1,3,0,2,2,152
1,3,0,2,2,152
1,3,0,2,2,152
1,3,0,2,2,152
1,3,0,2,2,152
1,3,0,2,2,152
1,3,0,2,2,152
0,0,0,0,0,153
0,0,0,0,1,153
0,0,0,0,1,153
0,0,0,1,1,153
0,0,0,1,1,153
0,0,1,1,1,153
0,1,1,1,1,153
0,1,1,1,2,153
0,1,1,1,2,153
0,1,1,1,2,153
0,1,1,1,2,153
0,1,1,1,3,153
0,2,1,1,3,153
0,2,1,1,3,153
0,2,1,1,3,153
0,2,1,1,3,153
0,2,1,1,3,153
0,2,1,1,3,153
0,2,1,1,3,153
0,2,1,1,3,153
0,2,1,1,3,153
0,2,1,1,3,153
0,2,1,1,3,153
0,2,1,1,3,153
0,2,1,1,3,153
0,2,1,1,3,153
0,2,1,1,3,153
0,2,1,1,3,153
0,2,1,1,3,153
0,2,1,1,3,153
0,2,1,1,3,153
0,2,1,1,3,153
0,2,1,1,3,153
0,2,1,1,3,153
0,2,1,1,3,153
0,2,1,1,3,153
0,2,1,1,3,153
0,2,1,1,3,153
0,2,1,1,3,153
0,2,1,1,3,153
0,2,1,1,3,153
0,2,1,1,3,153
0,2,1,1,3,153
0,2,1,1,3,153
0,2,1,1,3,153
0,2,1,1,3,153
0,2,1,1,3,153
0,2,1,1,3,153
0,2,1,1,3,153
0,2,1,1,3,153
0,2,1,1,3,153
0,2,1,1,3,153
0,2,1,1,3,153
0,2,1,1,3,153
0,2,1,1,3,153
0,2,1,1,3,153
0,2,1,1,3,153
0,2,1,1,3,153
0,2,1,1,3,153
0,2,1,1,3,153
0,2,1,1,3,153
0,2,1,1,3,153
0,2,1,1,3,153
0,2,1,1,3,153
0,2,1,1,3,153
0,2,1,1,3,153
0,2,1,1,3,153
0,2,1,1,3,153
0,2,1,1,2,153
0,2,1,1,2,153
0,2,1,1,2,153
0,2,1,1,2,153
0,2,1,1,2,153
0,2,1,1,2,153
0,2,1,1,2,153
0,2,1,1,2,153
0,2,1,1,2,153
0,2,1,1,2,153
0,2,1,1,2,153
0,2,1,1,2,153
0,2,1,1,2,153
0,2,1,1,2,153
0,2,1,1,2,153
0,2,1,1,2,153
0,2,1,1,2,153
0,2,1,1,2,153
0,2,1,1,2,153
0,2,1,1,2,153
0,2,1,1,2,153
0,2,1,1,2,153
0,2,1,1,2,153
0,2,1,1,2,153
0,2,1,1,2,153
0,2,1,1,2,153
0,2,1,1,2,153
0,2,1,1,2,153
0,2,1,1,2,153
0,2,1,1,2,153
0,2,1,1,2,153
0,2,1,1,2,153
0,0,0,0,0,154
0,0,0,0,1,154
0,1,0,0,1,154
0,1,0,0,2,154
1,1,0,0,2,154
1,1,0,1,2,154
1,1,1,1,2,154
1,1,1,1,2,154
1,1,1,1,2,154
1,1,1,1,2,154
1,2,1,1,2,154
1,3,1,1,2,154
2,3,1,1,2,154
2,3,1,1,2,154
2,3,1,1,2,154
2,3,1,1,2,154
2,3,1,1,2,154
2,3,1,1,2,154
2,3,1,1,2,154
2,3,1,1,2,154
2,3,1,1,2,154
2,3,1,1,2,154
2,3,1,1,2,154
2,3,1,1,2,154
2,3,1,1,2,154
2,3,1,1,2,154
2,3,1,1,2,154
2,3,1,1,2,154
2,3,1,1,2,154
2,3,1,1,2,154
2,3,1,1,2,154
2,3,1,0,2,154
2,3,1,0,2,154
2,3,1,0,2,154
2,3,1,0,2,154
2,3,1,0,2,154
2,3,1,0,2,154
2,3,1,0,2,154
2,3,1,0,2,154
2,3,1,0,2,154
2,3,1,0,2,154
2,3,1,0,2,154
2,3,1,0,2,154
2,3,1,0,2,154
2,3,1,0,2,154
2,3,1,0,2,154
2,3,1,0,2,154
2,3,1,0,2,154
2,3,1,0,2,154
2,3,1,0,2,154
2,3,1,0,2,154
2,3,1,0,2,154
2,3,1,0,2,154
2,3,1,0,2,154
2,3,1,0,2,154
2,3,1,0,2,154
2,3,1,0,2,154
2,3,1,0,2,154
2,3,1,0,2,154
2,3,1,0,2,154
2,3,1,0,2,154
2,3,1,0,2,154
2,3,1,0,2,154
2,3,1,0,2,154
2,3,1,0,2,154
2,3,1,0,2,154
2,3,1,0,2,154
1,3,1,0,2,154
1,3,1,0,2,154
1,3,1,0,2,154
1,3,1,0,2,154
1,3,1,0,2,154
1,3,1,0,2,154
1,3,1,0,2,154
1,3,1,0,2,154
1,3,1,0,2,154
1,3,1,0,1,154
1,3,1,0,1,154
1,3,1,0,1,154
1,3,1,0,1,154
1,3,1,0,1,154
1,3,1,0,1,154
1,3,1,0,1,154
1,3,1,0,1,154
1,3,1,0,1,154
1,3,1,0,1,154
1,3,1,0,1,154
1,3,1,0,1,154
1,3,1,0,1,154
1,3,1,0,1,154
1,3,1,0,1,154
1,3,1,0,1,154
1,3,1,0,1,154
1,3,1,0,1,154
1,3,1,0,1,154
1,3,1,0,1,154
1,3,1,0,1,154
1,3,1,0,1,154
1,3,1,0,1,154
1,2,1,0,1,154
0,0,0,0,0,155
1,0,0,0,0,155
2,0,0,0,0,155
2,0,1,0,0,155
2,0,1,0,1,155
3,0,1,0,1,155
3,0,1,0,2,155
3,0,1,0,2,155
3,0,1,1,2,155
3,0,1,1,2,155
3,1,1,1,2,155
3,1,1,1,2,155
3,1,1,1,2,155
3,1,1,1,2,155
3,2,1,1,2,155
3,2,1,1,2,155
3,2,1,1,2,155
3,2,1,1,1,155
3,2,1,1,0,155
3,3,1,1,0,155
3,3,2,1,0,155
3,3,1,1,0,155
3,3,2,1,0,155
3,3,2,1,0,155
3,4,2,1,0,155
3,4,2,1,0,155
3,4,2,1,0,155
3,4,3,1,0,155
3,4,3,1,0,155
3,4,3,1,1,155
3,5,3,1,1,155
3,5,3,1,1,155
3,5,3,1,1,155
3,5,3,1,1,155
3,5,3,1,1,155
3,5,3,1,1,155
3,5,3,1,2,155
3,5,3,1,3,155
3,5,4,1,3,155
3,5,4,1,3,155
3,5,4,1,3,155
3,5,4,1,3,155
3,5,4,2,3,155
3,5,4,2,3,155
3,5,4,2,4,155
4,5,4,2,4,155
4,5,4,2,4,155
5,5,4,2,4,155
5,4,5,2,4,155
5,4,5,2,4,155
5,4,5,2,4,155
5,4,6,2,4,155
5,4,6,2,4,155
5,4,6,2,4,155
5,4,6,2,4,155
5,4,6,2,4,155
5,4,6,3,4,155
5,4,6,3,4,155
5,4,6,3,4,155
5,5,6,3,4,155
5,5,6,3,4,155
5,5,6,3,4,155
5,5,6,3,4,155
5,6,6,3,4,155
5,6,6,3,4,155
6,6,6,3,4,155
6,6,6,3,4,155
6,6,6,3,4,155
6,6,6,3,4,155
6,6,6,3,4,155
6,6,6,3,4,155
6,7,6,3,4,155
7,7,6,3,4,155
7,7,6,3,4,155
7,7,6,3,3,155
7,7,6,3,3,155
7,7,6,3,4,155
7,7,6,3,4,155
7,7,6,3,4,155
8,7,6,3,4,155
8,7,6,3,4,155
8,7,6,3,4,155
8,7,6,3,4,155
8,7,6,3,4,155
8,7,6,4,4,155
8,7,6,4,4,155
8,7,6,4,4,155
8,7,6,4,4,155
8,7,6,4,4,155
8,7,6,3,5,155
8,6,6,3,5,155
9,6,6,3,5,155
9,6,6,3,5,155
9,6,5,3,6,155
9,6,5,3,6,155
9,6,5,3,6,155
9,6,5,3,7,155
8,6,5,3,7,155
9,6,5,2,7,155
8,6,5,2,7,155
0,0,0,0,0,156
1,0,0,0,0,156
1,0,0,0,0,156
2,0,0,0,0,156
2,0,1,0,0,156
2,1,1,0,0,156
3,1,0,0,0,156
3,1,0,0,1,156
3,1,0,0,1,156
3,1,0,0,1,156
3,1,0,0,1,156
3,1,0,1,1,156
3,2,0,1,1,156
3,2,0,1,1,156
3,2,0,2,1,156
4,2,0,2,1,156
4,2,0,2,1,156
4,2,0,2,1,156
4,2,0,2,1,156
3,2,0,2,1,156
3,2,0,2,1,156
3,2,0,2,1,156
3,2,0,2,1,156
3,2,0,2,1,156
3,2,0,2,1,156
3,2,0,2,1,156
3,2,0,2,1,156
3,2,0,2,1,156
3,2,0,2,1,156
3,2,0,2,1,156
3,2,0,2,1,156
3,2,0,2,1,156
3,2,0,2,1,156
3,2,0,2,1,156
3,2,0,2,1,156
3,2,0,2,1,156
3,2,0,2,1,156
3,2,0,2,1,156
3,2,0,2,1,156
3,2,0,2,1,156
3,2,0,2,1,156
3,2,0,2,1,156
3,2,0,2,1,156
3,2,0,2,1,156
3,2,0,2,1,156
3,2,0,2,1,156
3,2,0,2,1,156
3,2,0,2,1,156
3,2,0,2,1,156
3,2,0,2,1,156
3,2,0,2,1,156
3,2,0,2,1,156
3,2,0,2,1,156
3,2,0,2,1,156
3,2,0,2,1,156
3,2,0,2,1,156
3,2,0,2,1,156
3,2,0,2,1,156
3,2,0,2,1,156
3,2,0,2,1,156
3,2,0,2,1,156
3,2,0,2,1,156
3,2,0,2,1,156
3,2,0,2,1,156
3,2,0,2,1,156
3,2,0,2,1,156
3,2,0,2,1,156
3,2,0,2,1,156
3,2,0,2,1,156
3,2,0,2,1,156
3,2,0,2,1,156
3,2,0,2,1,156
3,2,0,2,1,156
3,2,0,2,1,156
3,2,0,2,1,156
3,2,0,2,1,156
3,2,0,2,1,156
3,2,0,2,1,156
3,2,0,2,1,156
3,2,0,2,1,156
3,2,0,2,1,156
3,2,0,2,1,156
3,2,0,2,1,156
3,2,0,2,1,156
3,2,0,2,1,156
3,2,0,2,1,156
3,2,0,2,1,156
3,2,0,2,1,156
3,2,0,2,1,156
3,2,0,2,1,156
3,2,0,2,1,156
3,2,0,2,1,156
3,2,0,2,1,156
3,2,0,2,1,156
3,2,0,2,1,156
3,2,0,2,1,156
3,2,0,2,1,156
3,2,0,2,1,156
3,2,0,2,1,156
3,2,0,2,1,156
0,0,0,0,0,157
0,0,1,0,0,157
0,0,1,0,1,157
0,0,1,0,2,157
0,0,1,0,2,157
0,0,1,0,2,157
0,0,1,0,2,157
0,0,1,0,3,157
0,1,1,0,3,157
0,1,1,0,3,157
0,1,1,1,3,157
0,1,1,1,3,157
1,1,1,1,3,157
1,1,1,1,4,157
2,1,1,1,4,157
2,2,1,1,4,157
2,2,1,1,4,157
2,2,1,1,4,157
2,3,1,1,4,157
2,3,1,1,4,157
2,3,1,1,4,157
2,3,1,1,4,157
2,4,1,1,4,157
2,4,1,1,4,157
2,4,1,1,4,157
2,4,1,1,3,157
2,4,1,1,3,157
2,4,1,1,4,157
3,4,1,1,4,157
3,4,1,1,4,157
3,4,1,1,5,157
3,4,1,2,5,157
3,4,1,2,5,157
3,4,1,1,5,157
2,4,1,1,6,157
2,4,1,1,6,157
2,4,1,2,6,157
2,4,1,2,6,157
2,4,1,2,6,157
2,4,1,2,6,157
2,4,1,2,6,157
2,4,1,3,6,157
2,4,1,3,6,157
2,5,1,3,6,157
2,5,1,3,6,157
3,5,1,3,6,157
3,5,1,3,6,157
3,6,1,3,6,157
3,6,1,3,6,157
3,6,1,3,6,157
3,6,1,3,6,157
3,6,1,3,6,157
3,6,1,3,6,157
4,6,1,3,5,157
4,7,1,3,5,157
4,7,1,3,5,157
4,7,1,3,5,157
4,7,1,3,5,157
4,7,1,4,5,157
4,7,1,4,5,157
4,7,1,4,5,157
4,7,1,4,5,157
4,7,1,4,6,157
4,7,1,4,6,157
4,7,1,4,6,157
4,7,1,4,7,157
4,7,1,4,7,157
4,7,1,4,7,157
4,7,1,4,7,157
4,7,1,4,7,157
4,7,1,4,7,157
4,7,1,4,7,157
4,7,1,4,7,157
4,7,1,4,7,157
4,7,1,4,7,157
4,7,1,4,7,157
4,7,1,4,7,157
4,8,1,4,7,157
4,8,1,4,7,157
4,8,1,4,7,157
4,8,1,4,7,157
4,8,1,4,7,157
4,8,1,4,7,157
5,8,1,4,7,157
5,8,1,4,7,157
5,8,1,4,7,157
5,8,1,4,7,157
5,8,1,4,7,157
5,8,1,4,7,157
5,8,1,4,7,157
5,8,1,4,7,157
6,8,1,4,7,157
6,8,1,4,7,157
6,8,1,4,7,157
6,8,1,4,7,157
6,8,1,4,7,157
6,8,1,4,7,157
6,8,1,4,7,157
6,8,1,4,7,157
6,8,1,4,7,157
0,0,0,0,0,158
1,0,0,0,0,158
2,0,0,0,0,158
1,0,0,1,0,158
1,1,0,1,0,158
1,1,0,1,0,158
2,1,0,1,0,158
2,1,0,1,1,158
2,2,0,1,1,158
2,2,0,1,1,158
2,2,0,1,1,158
2,2,0,1,1,158
2,2,0,1,2,158
2,2,0,1,2,158
2,3,0,1,2,158
2,3,0,1,2,158
2,3,0,1,2,158
2,3,0,1,2,158
2,3,0,1,2,158
2,3,0,1,2,158
2,3,0,1,2,158
2,3,0,1,2,158
2,3,0,1,2,158
2,3,0,1,2,158
2,3,0,1,2,158
2,3,0,1,2,158
2,3,0,1,2,158
2,3,0,1,2,158
2,3,0,1,2,158
2,3,0,1,2,158
2,3,0,1,2,158
2,3,0,1,2,158
2,3,0,1,2,158
2,3,0,1,2,158
2,3,0,1,2,158
2,3,0,1,2,158
2,3,0,1,2,158
2,3,0,1,2,158
2,3,0,1,2,158
2,3,0,1,2,158
2,3,0,1,2,158
2,3,0,1,2,158
2,3,0,1,2,158
2,3,0,1,2,158
2,3,0,1,2,158
2,3,0,1,2,158
2,3,0,1,2,158
2,3,0,1,2,158
2,3,0,1,2,158
2,3,0,1,2,158
2,3,0,1,2,158
2,3,0,1,2,158
2,3,0,1,2,158
2,3,0,1,2,158
2,3,0,1,2,158
2,3,0,1,2,158
2,3,0,1,2,158
2,3,0,1,2,158
2,3,0,1,2,158
2,3,0,1,2,158
2,3,0,1,2,158
2,3,0,1,2,158
2,3,0,1,2,158
2,3,0,1,2,158
2,3,0,1,2,158
2,3,0,1,2,158
2,3,0,1,2,158
2,3,0,1,2,158
2,3,0,1,2,158
2,3,0,1,2,158
2,3,0,1,2,158
2,3,0,1,2,158
2,3,0,1,2,158
2,3,0,1,2,158
2,3,0,1,2,158
2,3,0,1,2,158
2,3,0,1,2,158
2,3,0,1,2,158
2,3,0,1,2,158
2,3,0,1,2,158
2,3,0,1,2,158
2,3,0,1,2,158
2,3,0,1,2,158
2,3,0,1,2,158
2,3,0,1,2,158
2,3,0,1,2,158
2,3,0,1,2,158
2,3,0,1,2,158
2,3,0,1,2,158
2,3,0,1,2,158
2,3,0,1,2,158
2,3,0,1,2,158
2,3,0,1,2,158
2,3,0,1,2,158
2,3,0,1,2,158
2,3,0,1,2,158
2,3,0,1,2,158
2,3,0,1,2,158
2,3,0,1,2,158
2,3,0,1,2,158
0,0,0,0,0,159
0,0,0,0,0,159
0,0,0,0,0,159
0,0,0,0,1,159
0,0,0,0,2,159
0,0,0,1,2,159
0,0,1,1,2,159
0,0,1,1,3,159
0,0,1,1,3,159
1,0,1,1,3,159
1,0,1,0,3,159
2,0,1,0,3,159
2,0,1,0,3,159
2,0,1,0,3,159
2,0,1,0,3,159
2,0,1,0,3,159
2,0,1,0,3,159
0,0,0,0,0,160
0,0,0,1,0,160
1,0,0,1,0,160
1,0,0,1,0,160
0,0,1,1,0,160
0,1,1,1,0,160
1,1,1,1,0,160
1,1,1,1,0,160
1,2,1,1,0,160
1,2,1,1,0,160
1,2,1,1,0,160
1,2,1,1,1,160
1,2,1,1,1,160
1,2,1,1,1,160
1,2,1,1,1,160
1,2,1,1,1,160
1,3,1,1,1,160
2,3,1,1,1,160
2,4,1,1,1,160
2,4,1,1,1,160
2,4,1,1,1,160
2,4,1,1,1,160
2,4,1,1,1,160
2,4,1,1,2,160
2,4,1,1,2,160
2,4,1,1,2,160
2,4,1,1,2,160
3,4,1,1,2,160
3,4,1,1,2,160
3,4,1,2,2,160
3,4,1,2,2,160
3,4,1,2,2,160
3,4,1,2,2,160
3,4,1,2,2,160
3,4,1,2,2,160
3,4,1,2,2,160
3,4,1,2,2,160
3,4,1,2,3,160
4,4,1,2,3,160
4,4,1,2,3,160
4,4,1,2,3,160
4,4,1,2,3,160
4,4,1,2,4,160
4,4,1,2,5,160
4,4,1,2,5,160
4,4,1,2,5,160
4,4,1,2,6,160
4,4,1,2,6,160
4,4,1,2,6,160
4,4,1,3,6,160
4,4,1,3,6,160
4,4,1,3,6,160
4,4,1,3,6,160
4,4,1,3,6,160
5,4,1,3,6,160
5,4,1,3,6,160
5,4,1,3,7,160
5,4,1,3,7,160
5,4,1,3,8,160
5,4,1,3,8,160
5,4,1,3,8,160
5,4,1,3,8,160
5,4,1,3,8,160
6,4,1,3,8,160
6,4,1,3,7,160
6,4,1,3,7,160
6,5,1,3,7,160
6,5,1,3,7,160
6,5,1,3,7,160
6,5,1,3,7,160
6,6,1,3,7,160
6,6,1,3,7,160
6,6,1,3,7,160
6,6,1,3,7,160
7,6,1,3,7,160
7,6,1,3,7,160
7,6,1,3,7,160
7,6,1,3,7,160
7,6,1,3,7,160
7,6,1,3,7,160
7,5,1,4,7,160
7,5,1,4,8,160
7,5,1,4,8,160
7,5,1,4,8,160
7,5,1,4,8,160
7,5,1,4,7,160
7,5,1,4,7,160
7,5,1,5,7,160
7,6,1,5,7,160
7,6,1,5,7,160
7,6,1,5,7,160
7,6,1,5,7,160
7,6,1,5,7,160
7,6,1,6,7,160
7,6,1,6,7,160
7,6,1,6,7,160
7,6,1,6,7,160
7,7,1,6,7,160
7,7,1,6,7,160
7,7,1,6,7,160
0,0,0,0,0,161
0,0,0,1,0,161
0,0,0,1,0,161
0,0,0,1,1,161
0,0,1,1,1,161
0,0,1,1,1,161
0,0,1,1,1,161
0,1,1,1,1,161
0,1,1,1,1,161
0,1,1,1,1,161
0,1,1,1,1,161
0,1,1,1,2,161
0,1,1,1,2,161
0,2,1,1,2,161
0,2,1,1,2,161
0,2,1,1,2,161
0,2,1,1,2,161
0,2,1,1,2,161
0,2,1,1,2,161
0,2,1,1,2,161
0,2,1,1,2,161
0,2,1,1,2,161
0,2,1,1,2,161
1,2,1,1,2,161
1,2,1,1,2,161
0,3,1,1,2,161
0,3,1,1,2,161
0,3,1,1,2,161
0,3,1,1,2,161
1,3,1,1,2,161
1,3,1,1,2,161
1,3,1,1,2,161
1,3,1,1,2,161
1,3,1,1,2,161
1,3,1,1,2,161
2,3,1,1,2,161
2,3,1,1,2,161
2,3,1,1,2,161
2,3,1,1,2,161
2,3,1,1,2,161
2,3,1,1,2,161
3,3,1,1,2,161
3,3,1,1,2,161
3,4,1,1,2,161
3,4,0,1,3,161
3,4,1,1,3,161
3,4,1,1,4,161
4,4,1,1,4,161
5,4,1,1,4,161
5,4,1,1,4,161
5,4,1,2,4,161
5,4,1,2,5,161
5,4,1,2,4,161
5,4,1,2,4,161
5,4,1,2,4,161
5,4,1,2,4,161
5,4,1,2,5,161
5,4,2,2,5,161
5,4,2,2,5,161
5,5,2,2,5,161
5,5,2,2,5,161
5,5,2,2,6,161
5,5,2,2,6,161
5,5,2,2,6,161
5,5,2,2,6,161
5,5,2,2,6,161
6,5,2,2,6,161
6,5,2,2,6,161
6,5,2,2,6,161
6,5,2,2,6,161
6,5,2,2,7,161
6,5,2,2,7,161
6,5,3,2,6,161
6,4,4,2,6,161
6,4,4,2,6,161
6,4,4,2,6,161
6,4,4,2,7,161
6,4,4,2,7,161
6,4,4,2,7,161
6,4,5,2,7,161
6,4,5,2,7,161
6,4,5,2,7,161
6,4,5,2,7,161
6,4,5,2,7,161
6,4,5,2,7,161
6,5,5,2,7,161
6,5,5,3,7,161
6,5,5,3,7,161
6,5,5,3,7,161
6,5,5,3,6,161
6,5,5,3,7,161
5,5,5,4,7,161
5,5,5,4,7,161
5,6,5,4,7,161
5,6,6,4,7,161
5,6,6,4,7,161
5,6,6,4,7,161
6,6,6,4,7,161
5,6,6,4,7,161
5,6,6,4,8,161
0,0,0,0,0,162
0,0,1,0,0,162
0,0,1,0,1,162
0,0,1,0,1,162
0,1,1,0,1,162
0,2,1,0,1,162
0,2,1,0,2,162
0,2,1,0,2,162
0,2,1,0,2,162
0,3,1,0,2,162
0,3,1,0,2,162
0,3,1,0,2,162
0,3,1,0,2,162
0,3,1,0,2,162
0,3,1,0,2,162
0,3,1,0,2,162
0,3,1,0,2,162
0,3,1,0,2,162
0,3,1,0,2,162
0,3,1,0,2,162
0,3,1,0,2,162
0,3,1,0,2,162
0,3,1,0,2,162
0,3,1,0,2,162
0,3,1,0,2,162
0,3,1,0,2,162
0,3,1,0,2,162
0,3,1,0,2,162
0,3,1,0,2,162
0,3,1,0,2,162
0,3,1,0,2,162
0,3,1,0,2,162
0,3,1,0,2,162
0,3,1,0,2,162
0,3,1,0,2,162
0,3,1,0,2,162
0,3,1,0,2,162
0,3,1,0,2,162
0,3,1,0,2,162
0,3,1,0,2,162
0,3,1,0,2,162
0,3,1,0,2,162
0,3,1,0,2,162
0,3,1,0,2,162
0,3,1,0,2,162
0,3,1,0,2,162
0,3,1,0,2,162
0,3,1,0,2,162
0,3,1,0,2,162
0,3,1,0,2,162
0,3,1,0,2,162
0,3,1,0,2,162
0,3,1,0,2,162
0,3,1,0,2,162
0,3,1,0,2,162
0,3,1,0,2,162
0,3,1,0,2,162
0,3,1,0,2,162
0,3,1,0,2,162
0,3,1,0,2,162
0,3,1,0,2,162
0,3,1,0,2,162
0,2,1,0,2,162
0,2,1,0,2,162
0,2,1,0,2,162
0,2,1,0,2,162
0,2,1,0,2,162
0,2,1,0,2,162
0,2,1,0,2,162
0,2,1,0,2,162
0,2,1,0,2,162
0,2,1,0,2,162
0,2,1,0,2,162
0,2,1,0,2,162
0,2,1,0,2,162
0,2,1,0,2,162
0,2,1,0,2,162
0,2,1,0,2,162
0,2,1,0,2,162
0,2,1,0,2,162
0,2,1,0,2,162
0,2,1,0,2,162
0,2,1,0,2,162
0,2,1,0,2,162
0,2,1,0,2,162
0,2,1,0,2,162
0,2,1,0,2,162
0,2,1,0,2,162
0,2,1,0,2,162
0,2,1,0,2,162
0,2,1,0,2,162
0,2,1,0,2,162
0,2,1,0,2,162
0,2,1,0,2,162
0,2,1,0,2,162
0,2,1,0,2,162
0,2,1,0,2,162
0,2,1,0,2,162
0,2,1,0,2,162
0,2,1,0,2,162
0,0,0,0,0,163
1,0,0,0,0,163
2,0,0,0,0,163
2,1,0,0,0,163
2,1,0,0,1,163
2,1,0,0,1,163
2,1,0,1,1,163
2,1,0,1,2,163
3,1,0,1,2,163
3,1,0,1,2,163
3,1,0,1,2,163
3,1,0,2,2,163
3,1,0,2,2,163
3,1,0,2,2,163
3,1,0,2,2,163
3,1,0,2,2,163
3,1,0,2,2,163
3,1,0,2,2,163
3,1,0,2,2,163
3,1,0,2,2,163
3,1,0,2,2,163
3,1,0,2,2,163
3,1,0,2,2,163
3,1,0,2,2,163
3,1,0,2,2,163
3,1,0,2,2,163
3,1,0,2,2,163
3,1,0,2,2,163
3,1,0,2,2,163
3,1,0,2,2,163
3,1,0,2,2,163
3,1,0,2,2,163
3,1,0,2,2,163
3,1,0,2,2,163
3,1,0,2,2,163
3,1,0,2,2,163
3,1,0,2,2,163
3,1,0,2,2,163
3,1,0,2,2,163
3,1,0,2,2,163
3,1,0,2,2,163
3,1,0,2,2,163
3,1,0,2,2,163
3,1,0,2,2,163
3,1,0,2,2,163
3,1,0,2,2,163
3,1,0,2,2,163
3,1,0,2,2,163
3,1,0,2,2,163
3,1,0,2,2,163
3,1,0,2,2,163
3,1,0,2,2,163
3,1,0,2,2,163
3,1,0,2,2,163
3,1,0,2,2,163
3,1,0,2,2,163
3,1,0,2,2,163
3,1,0,2,2,163
3,1,0,2,2,163
3,1,0,2,2,163
3,1,0,2,2,163
3,1,0,2,2,163
3,1,0,2,2,163
3,1,0,2,2,163
3,1,0,2,2,163
3,1,0,2,2,163
3,1,0,2,2,163
3,1,0,2,2,163
3,1,0,2,2,163
3,1,0,2,2,163
3,1,0,2,2,163
3,1,0,2,2,163
3,1,0,2,2,163
3,1,0,2,2,163
3,1,0,2,2,163
3,1,0,2,2,163
3,1,0,2,2,163
3,1,0,2,2,163
3,1,0,2,2,163
3,1,0,2,2,163
3,1,0,2,2,163
3,1,0,2,2,163
3,1,0,2,2,163
3,1,0,2,2,163
3,1,0,2,2,163
3,1,0,2,2,163
3,1,0,2,2,163
3,1,0,2,2,163
3,1,0,2,2,163
3,1,0,2,2,163
3,1,0,2,2,163
3,1,0,2,2,163
3,1,0,2,2,163
3,1,0,2,2,163
3,1,0,2,2,163
3,1,0,2,2,163
3,1,0,2,2,163
3,1,0,2,2,163
3,1,0,2,2,163
3,1,0,2,2,163
0,0,0,0,0,164
1,0,0,0,0,164
1,0,0,1,0,164
2,0,0,1,0,164
2,0,1,1,0,164
2,0,1,1,0,164
3,0,1,1,0,164
3,0,1,1,0,164
3,0,1,1,0,164
3,0,1,1,0,164
3,1,1,1,0,164
3,1,1,1,0,164
3,1,1,1,0,164
3,1,1,1,0,164
4,1,1,1,0,164
4,1,1,1,0,164
4,1,1,1,1,164
4,1,1,1,2,164
4,1,1,1,2,164
4,1,1,1,3,164
4,1,1,2,3,164
5,1,1,2,3,164
5,1,1,2,3,164
5,1,1,2,3,164
5,1,1,2,4,164
5,1,1,2,5,164
5,1,1,2,5,164
4,1,1,2,5,164
4,1,1,2,5,164
4,1,2,2,5,164
4,1,2,3,5,164
4,1,2,3,5,164
3,2,2,3,5,164
3,2,3,3,5,164
3,2,2,4,5,164
2,3,2,4,5,164
2,3,2,4,5,164
2,4,2,4,5,164
2,4,2,4,6,164
2,4,2,4,6,164
2,4,3,4,5,164
2,5,3,4,5,164
2,5,3,4,6,164
2,5,3,4,6,164
2,5,4,4,6,164
2,5,4,4,6,164
2,5,4,4,7,164
2,5,5,4,7,164
2,5,5,4,7,164
2,5,5,5,6,164
2,5,4,5,7,164
2,5,4,5,8,164
2,5,4,5,8,164
3,5,4,5,7,164
3,5,4,5,7,164
3,6,4,5,7,164
3,6,4,5,8,164
4,6,4,5,8,164
4,7,4,5,8,164
5,7,4,5,8,164
5,6,4,5,8,164
5,5,5,5,8,164
4,5,5,6,8,164
4,5,5,7,8,164
4,5,5,7,8,164
4,4,5,7,8,164
4,5,5,7,7,164
4,6,5,7,7,164
4,6,5,7,8,164
4,7,5,7,8,164
4,7,5,7,8,164
4,8,5,7,8,164
4,8,5,7,8,164
4,8,5,7,8,164
4,8,5,7,8,164
4,8,5,7,8,164
4,9,5,7,8,164
4,8,5,7,9,164
4,9,5,7,9,164
4,9,5,7,9,164
4,9,5,7,9,164
5,9,5,7,9,164
6,9,5,7,9,164
6,10,5,7,9,164
6,10,6,7,9,164
6,10,6,7,9,164
6,10,6,7,9,164
5,10,6,7,10,164
5,10,6,7,9,164
5,10,6,7,9,164
5,10,6,6,9,164
5,10,6,6,9,164
5,11,6,5,9,164
5,11,6,5,9,164
5,11,6,5,9,164
5,12,5,5,9,164
5,13,5,5,9,164
5,13,5,5,9,164
5,14,5,5,9,164
5,13,5,5,9,164
0,0,0,0,0,165
0,0,1,0,0,165
1,0,1,0,0,165
1,0,1,0,0,165
1,0,1,0,1,165
1,0,1,0,1,165
1,0,1,0,1,165
1,0,1,0,2,165
1,0,1,0,2,165
2,0,1,0,2,165
2,0,1,0,3,165
2,0,1,0,3,165
2,0,1,0,3,165
2,1,1,0,3,165
2,1,1,0,3,165
2,1,1,0,3,165
2,1,1,0,3,165
2,1,1,0,3,165
2,1,1,0,3,165
2,1,1,0,3,165
2,1,1,0,3,165
2,1,1,0,3,165
2,1,1,0,3,165
2,1,1,0,3,165
2,1,1,0,3,165
2,1,1,0,3,165
2,1,1,0,3,165
2,1,1,0,3,165
2,1,1,0,3,165
2,1,1,0,3,165
2,1,1,0,3,165
2,1,1,0,3,165
2,1,1,0,3,165
2,1,1,0,3,165
2,1,1,0,3,165
2,1,1,0,3,165
2,1,1,0,3,165
2,1,1,0,3,165
2,1,1,0,3,165
2,1,1,0,3,165
2,1,1,0,3,165
2,1,1,0,3,165
2,1,1,0,3,165
2,1,1,0,3,165
2,1,1,0,3,165
2,1,1,0,3,165
2,1,1,0,3,165
2,1,1,0,3,165
2,1,1,0,3,165
2,1,1,0,3,165
2,1,1,0,3,165
2,1,1,0,3,165
2,1,1,0,3,165
2,1,1,0,3,165
2,1,1,0,3,165
2,1,1,0,3,165
2,1,1,0,3,165
2,1,1,0,3,165
2,1,1,0,3,165
2,1,1,0,3,165
2,1,1,0,3,165
2,1,1,0,3,165
2,1,1,0,3,165
2,1,1,0,3,165
2,1,1,0,3,165
2,1,1,0,3,165
2,1,1,0,3,165
2,1,1,0,3,165
2,1,1,0,3,165
2,1,1,0,3,165
2,1,1,0,3,165
2,1,1,0,3,165
2,1,1,0,3,165
2,1,1,0,3,165
2,1,1,0,3,165
2,1,1,0,3,165
2,1,1,0,3,165
2,1,1,0,3,165
2,1,1,0,3,165
2,1,1,0,3,165
2,1,1,0,3,165
2,1,1,0,3,165
2,1,1,0,3,165
2,1,1,0,3,165
2,1,1,0,3,165
2,1,1,0,3,165
2,1,1,0,3,165
2,1,1,0,3,165
2,1,1,0,3,165
2,1,1,0,3,165
2,1,1,0,3,165
2,1,1,0,3,165
2,1,1,0,3,165
2,1,1,0,3,165
2,1,1,0,3,165
2,1,1,0,3,165
2,1,1,0,3,165
2,1,1,0,3,165
2,1,1,0,3,165
2,1,1,0,3,165
0,0,0,0,0,166
0,0,0,1,0,166
0,0,1,1,0,166
0,0,1,1,0,166
0,0,1,1,1,166
1,0,1,1,1,166
1,0,1,1,2,166
2,0,1,1,2,166
2,0,1,1,2,166
2,0,1,1,2,166
2,0,1,1,2,166
2,0,1,1,2,166
2,0,1,1,2,166
2,0,1,1,2,166
0,0,0,0,0,167
0,0,1,0,0,167
0,1,1,0,0,167
1,1,1,0,0,167
1,1,1,0,1,167
1,1,1,0,1,167
1,1,1,0,1,167
2,1,1,0,1,167
3,1,1,0,1,167
3,1,2,0,1,167
3,2,2,0,1,167
3,2,2,0,1,167
3,2,2,0,1,167
3,2,2,0,1,167
3,2,2,0,1,167
3,2,2,0,1,167
3,2,2,0,1,167
3,2,2,0,1,167
3,2,2,0,1,167
3,2,2,0,1,167
3,2,2,0,1,167
3,2,2,0,1,167
3,2,2,0,1,167
3,2,2,0,1,167
3,2,2,0,1,167
3,2,2,0,1,167
3,2,2,0,1,167
3,2,2,0,1,167
3,2,2,0,1,167
3,2,2,0,1,167
3,2,2,0,1,167
3,2,2,0,1,167
3,2,2,0,1,167
3,2,2,0,1,167
3,2,2,0,1,167
3,2,2,0,1,167
3,2,2,0,1,167
3,2,2,0,1,167
3,2,2,0,1,167
3,2,2,0,1,167
3,2,2,0,1,167
3,2,2,0,1,167
3,2,2,0,1,167
3,2,2,0,1,167
3,2,2,0,1,167
3,2,2,0,1,167
3,2,2,0,1,167
3,2,2,0,1,167
3,2,2,0,1,167
3,2,2,0,1,167
3,2,2,0,1,167
3,2,2,0,1,167
3,2,2,0,1,167
3,2,2,0,1,167
3,2,2,0,1,167
3,2,2,0,1,167
3,2,2,0,1,167
3,2,2,0,1,167
3,2,2,0,1,167
3,2,2,0,1,167
3,2,2,0,1,167
3,2,2,0,1,167
3,2,2,0,1,167
3,2,2,0,1,167
3,2,2,0,1,167
3,2,2,0,1,167
3,2,2,0,1,167
3,2,2,0,1,167
3,2,2,0,1,167
3,2,2,0,1,167
3,2,2,0,1,167
3,1,2,0,1,167
3,1,2,0,1,167
3,1,2,0,1,167
3,1,2,0,1,167
3,1,2,0,1,167
3,1,2,0,1,167
3,1,2,0,1,167
3,1,2,0,1,167
3,1,2,0,1,167
3,1,2,0,1,167
3,1,2,0,1,167
3,1,2,0,1,167
3,1,2,0,1,167
3,1,2,0,1,167
3,1,2,0,1,167
3,1,2,0,1,167
3,1,2,0,1,167
3,1,2,0,1,167
3,1,2,0,1,167
3,1,2,0,1,167
3,1,2,0,1,167
3,1,2,0,1,167
3,1,2,0,1,167
3,1,2,0,1,167
3,1,2,0,1,167
3,1,2,0,1,167
3,1,2,0,1,167
3,1,2,0,1,167
3,1,2,0,1,167
0,0,0,0,0,168
0,1,0,0,0,168
0,1,1,0,0,168
0,1,1,0,1,168
0,1,1,1,1,168
0,2,1,1,1,168
0,2,1,1,1,168
0,2,1,1,1,168
0,2,1,1,1,168
1,2,1,1,1,168
1,2,1,1,2,168
1,2,1,1,2,168
1,2,1,1,2,168
1,2,1,1,2,168
1,2,1,1,2,168
1,2,1,1,2,168
1,2,1,1,2,168
1,2,1,1,2,168
1,2,1,1,2,168
1,2,1,1,2,168
1,2,1,1,2,168
1,2,1,1,2,168
1,2,1,1,2,168
1,2,1,1,2,168
1,2,1,1,2,168
1,2,1,1,2,168
1,2,1,1,2,168
1,2,1,1,2,168
1,2,1,1,2,168
1,2,1,1,2,168
1,2,1,1,2,168
1,2,1,1,2,168
1,2,1,1,2,168
1,2,1,1,2,168
1,2,1,1,2,168
1,2,1,1,2,168
1,2,1,1,2,168
1,2,1,1,2,168
1,2,1,1,2,168
1,2,1,1,2,168
1,2,1,1,2,168
1,2,1,1,2,168
1,2,1,1,2,168
1,2,1,1,2,168
1,2,1,1,2,168
1,2,1,1,2,168
1,2,1,1,2,168
1,2,1,1,2,168
1,2,1,1,2,168
1,2,1,1,2,168
1,2,1,1,2,168
1,2,1,1,2,168
1,2,1,1,2,168
1,2,1,1,2,168
1,2,1,1,2,168
1,2,1,1,2,168
1,2,1,1,2,168
1,2,1,1,2,168
1,2,1,1,2,168
1,2,1,1,2,168
1,2,1,1,2,168
1,2,1,1,2,168
1,2,1,1,2,168
1,2,1,1,2,168
1,2,1,1,2,168
1,2,1,1,2,168
1,2,1,1,2,168
1,2,1,1,2,168
1,2,1,1,2,168
1,2,1,1,2,168
1,2,1,1,2,168
1,2,1,1,2,168
1,2,1,1,2,168
1,2,1,1,2,168
1,2,1,1,2,168
1,2,1,1,2,168
1,2,1,1,2,168
1,2,1,1,2,168
1,2,1,1,2,168
1,2,1,1,2,168
1,2,1,1,2,168
1,2,1,1,2,168
1,2,1,1,2,168
1,2,1,1,2,168
1,2,1,1,2,168
1,2,1,1,2,168
1,2,1,1,2,168
1,2,1,1,2,168
1,2,1,1,2,168
1,2,1,1,2,168
1,2,1,1,2,168
1,2,1,1,2,168
1,2,1,1,2,168
1,2,1,1,2,168
1,2,1,1,2,168
1,2,1,1,2,168
1,2,1,1,2,168
1,2,1,1,2,168
1,2,1,1,2,168
1,2,1,1,2,168
0,0,0,0,0,169
0,0,1,0,0,169
0,0,1,1,0,169
0,1,1,1,0,169
0,1,1,1,0,169
0,1,1,1,0,169
0,1,1,1,0,169
0,1,1,1,0,169
0,1,1,1,0,169
0,2,1,1,0,169
0,2,1,1,0,169
0,2,1,1,0,169
0,2,1,1,0,169
0,2,1,1,0,169
0,2,1,1,0,169
0,2,1,1,0,169
0,2,1,1,0,169
0,2,1,1,0,169
0,2,1,1,1,169
0,2,1,1,1,169
0,2,1,1,1,169
1,2,1,1,1,169
1,2,1,1,1,169
1,2,1,1,2,169
2,2,1,1,2,169
2,2,1,1,2,169
2,2,1,1,3,169
2,2,1,1,3,169
2,2,1,1,3,169
2,2,1,1,3,169
2,2,1,1,3,169
2,2,1,1,3,169
2,2,1,1,3,169
2,2,1,1,3,169
2,2,1,1,4,169
2,2,1,1,4,169
2,2,1,1,4,169
2,2,1,1,4,169
2,2,1,1,4,169
2,2,1,1,4,169
2,2,1,1,4,169
2,2,1,1,4,169
2,2,1,1,4,169
2,2,1,1,4,169
2,2,1,1,4,169
2,2,1,1,4,169
1,2,1,1,4,169
1,2,1,1,4,169
1,2,1,1,4,169
1,2,1,1,4,169
1,2,1,1,4,169
1,2,1,1,4,169
1,2,1,1,4,169
1,2,1,1,4,169
1,1,1,1,4,169
2,0,1,1,4,169
2,0,1,1,4,169
2,0,1,1,4,169
2,0,1,1,4,169
2,0,1,1,4,169
2,0,1,1,4,169
2,0,1,1,4,169
0,0,0,0,0,170
0,1,0,0,0,170
0,1,0,0,0,170
1,1,0,0,0,170
1,1,0,1,0,170
1,1,0,1,1,170
1,1,0,1,2,170
2,1,0,1,2,170
2,1,0,1,2,170
2,1,0,1,2,170
2,1,0,1,2,170
2,1,1,1,2,170
2,1,1,1,2,170
2,1,1,1,2,170
2,2,1,1,2,170
2,2,1,1,2,170
2,3,1,1,2,170
2,3,1,2,2,170
2,3,1,2,2,170
1,3,1,2,2,170
2,3,1,2,2,170
2,3,1,2,3,170
2,3,1,2,3,170
2,3,1,2,3,170
2,4,1,2,3,170
2,4,1,2,3,170
2,4,1,2,3,170
2,4,1,2,4,170
2,4,1,2,4,170
2,4,1,2,4,170
2,4,1,2,4,170
2,4,1,2,4,170
3,4,1,2,4,170
3,4,1,2,4,170
3,4,1,2,4,170
4,4,1,2,4,170
3,4,1,3,4,170
4,4,1,3,4,170
4,4,1,3,4,170
4,4,1,3,4,170
5,3,1,3,4,170
5,3,1,3,4,170
5,3,1,3,5,170
5,3,1,4,5,170
5,3,1,4,6,170
5,3,1,4,6,170
5,3,1,4,6,170
5,3,1,4,6,170
5,3,1,4,6,170
5,3,1,4,7,170
5,3,1,4,7,170
6,3,1,4,7,170
6,3,1,4,7,170
6,3,1,4,7,170
6,3,1,4,7,170
6,4,1,4,7,170
6,4,1,4,8,170
6,4,1,4,8,170
6,4,1,4,8,170
6,4,1,4,8,170
6,4,1,4,8,170
7,4,1,4,8,170
7,4,1,4,8,170
7,4,1,4,8,170
7,4,1,4,8,170
7,4,1,4,8,170
7,4,1,5,8,170
7,4,1,5,8,170
7,4,1,5,8,170
7,5,1,5,8,170
7,4,1,6,8,170
7,4,1,6,8,170
7,4,1,6,8,170
7,4,1,6,8,170
7,4,1,7,8,170
7,4,1,7,8,170
7,4,1,7,8,170
7,4,1,7,8,170
7,4,0,7,8,170
7,4,0,7,8,170
7,5,0,7,8,170
7,5,0,7,8,170
7,5,0,7,8,170
7,5,0,7,8,170
7,5,0,7,8,170
7,5,0,7,8,170
7,5,0,7,8,170
7,5,0,7,8,170
7,5,0,7,8,170
7,4,0,7,8,170
7,4,0,7,8,170
7,4,0,7,8,170
7,4,0,7,8,170
7,4,0,7,8,170
7,4,0,7,8,170
7,4,0,7,8,170
7,4,0,7,8,170
7,4,0,7,8,170
7,4,0,7,8,170
7,4,0,7,8,170
0,0,0,0,0,171
0,0,0,0,1,171
0,1,0,0,1,171
0,1,0,1,1,171
0,1,0,1,1,171
0,1,0,1,1,171
0,1,0,1,1,171
1,1,0,1,1,171
1,1,0,1,2,171
2,1,0,1,2,171
2,1,0,1,2,171
3,1,0,1,2,171
3,1,0,1,2,171
3,1,0,1,2,171
3,2,0,1,2,171
3,2,0,1,2,171
3,2,0,1,2,171
3,2,0,1,2,171
3,2,0,1,2,171
3,2,0,1,2,171
3,2,0,1,2,171
3,2,0,1,2,171
3,2,0,1,2,171
3,2,0,1,2,171
3,2,0,1,2,171
3,2,0,1,2,171
3,2,0,1,2,171
3,2,0,1,2,171
3,2,0,1,2,171
3,2,0,1,2,171
3,2,0,1,2,171
3,2,0,1,2,171
3,2,0,1,2,171
3,2,0,1,2,171
3,2,0,1,2,171
3,2,0,1,2,171
3,2,0,1,2,171
3,2,0,1,2,171
3,2,0,0,2,171
3,2,0,0,2,171
3,2,0,0,2,171
3,1,0,0,2,171
3,1,0,0,2,171
3,1,0,1,2,171
3,1,0,1,2,171
3,1,0,1,2,171
3,1,0,1,2,171
3,1,0,1,2,171
3,1,0,1,2,171
3,1,0,1,2,171
3,1,0,1,2,171
3,1,0,1,2,171
3,1,0,1,2,171
3,1,0,1,2,171
3,1,0,1,2,171
3,1,0,1,2,171
3,1,0,1,2,171
3,1,0,1,2,171
3,1,0,1,2,171
3,1,0,1,2,171
3,1,0,1,2,171
3,1,0,1,2,171
3,1,0,1,2,171
3,1,0,1,2,171
3,1,0,1,2,171
3,1,0,1,2,171
3,1,0,1,2,171
3,1,0,1,2,171
3,1,0,1,2,171
3,1,0,1,2,171
3,1,0,1,2,171
3,1,0,1,2,171
3,1,0,1,2,171
3,1,0,1,2,171
3,1,0,1,2,171
3,1,0,1,2,171
3,1,0,1,2,171
3,1,0,1,2,171
3,1,0,1,2,171
3,1,0,1,2,171
3,1,0,1,2,171
3,1,0,1,2,171
3,1,0,1,2,171
3,1,0,1,2,171
3,1,0,1,2,171
3,1,0,1,2,171
3,1,0,1,2,171
3,1,0,1,2,171
3,1,0,1,2,171
3,1,0,1,2,171
3,1,0,1,2,171
3,1,0,1,2,171
3,1,0,1,2,171
3,1,0,1,2,171
3,1,0,1,2,171
3,1,0,1,2,171
3,1,0,1,2,171
3,1,0,1,2,171
3,1,0,1,2,171
3,1,0,1,2,171
0,0,0,0,0,172
0,1,0,0,0,172
0,1,0,0,0,172
0,1,0,0,1,172
0,1,0,0,2,172
0,1,0,1,2,172
0,1,0,1,2,172
0,2,0,1,2,172
1,2,0,1,2,172
1,2,0,1,3,172
1,2,0,1,3,172
1,2,0,1,3,172
2,2,0,1,3,172
2,2,0,1,3,172
2,2,0,1,3,172
2,2,0,1,3,172
2,2,0,1,3,172
2,2,0,1,4,172
2,2,0,1,4,172
2,2,0,1,4,172
2,2,0,1,4,172
2,2,0,1,4,172
2,2,0,1,4,172
2,2,0,1,4,172
2,2,0,1,4,172
2,2,0,1,4,172
2,2,0,1,4,172
2,2,0,1,4,172
2,2,0,1,4,172
2,2,0,1,4,172
2,2,0,1,4,172
2,2,0,1,4,172
2,2,0,1,4,172
2,2,0,1,4,172
2,2,0,1,4,172
2,2,0,1,4,172
2,2,0,1,4,172
2,2,0,1,4,172
2,2,0,1,4,172
2,2,0,1,4,172
2,2,0,1,4,172
2,2,0,1,4,172
2,2,0,1,4,172
2,2,0,1,4,172
2,2,0,1,4,172
2,2,0,1,4,172
2,2,0,1,4,172
2,2,0,1,4,172
2,2,0,1,4,172
2,2,0,1,4,172
2,2,0,1,4,172
2,2,0,1,4,172
2,2,0,1,4,172
2,2,0,1,4,172
2,2,0,1,4,172
2,2,0,1,4,172
2,2,0,1,4,172
2,2,0,1,4,172
2,2,0,1,4,172
2,2,0,1,4,172
2,2,0,1,4,172
2,2,0,1,4,172
2,2,0,1,4,172
2,2,0,1,4,172
2,2,0,1,4,172
2,2,0,1,4,172
2,2,0,1,4,172
2,2,0,1,4,172
2,2,0,1,4,172
2,2,0,1,4,172
2,2,0,1,4,172
2,2,0,1,4,172
2,2,0,1,4,172
2,2,0,1,4,172
2,2,0,1,4,172
2,2,0,1,4,172
2,2,0,1,4,172
2,2,0,1,4,172
2,2,0,1,4,172
2,2,0,1,4,172
2,2,0,1,4,172
2,2,0,1,4,172
2,2,0,1,4,172
2,2,0,1,4,172
2,2,0,1,4,172
2,2,0,1,4,172
2,2,0,1,4,172
2,2,0,1,4,172
2,2,0,1,4,172
2,2,0,1,4,172
2,2,0,1,4,172
2,2,0,1,4,172
2,2,0,1,4,172
2,2,0,1,4,172
2,2,0,1,4,172
2,2,0,1,4,172
2,2,0,1,4,172
2,2,0,1,4,172
2,2,0,1,4,172
2,2,0,1,4,172
0,0,0,0,0,173
0,0,0,1,0,173
0,0,0,1,0,173
0,0,0,1,0,173
0,0,0,1,0,173
0,0,0,1,1,173
1,0,0,1,1,173
1,0,1,1,1,173
1,0,1,1,1,173
1,0,1,1,1,173
2,0,1,1,1,173
2,0,1,1,1,173
2,0,1,1,1,173
2,1,1,1,1,173
2,1,1,1,1,173
2,1,1,1,1,173
2,1,0,1,1,173
2,1,0,1,1,173
2,1,0,1,1,173
2,1,0,1,1,173
2,1,0,1,1,173
2,1,0,1,1,173
2,1,0,1,1,173
3,1,0,1,1,173
3,1,0,1,1,173
3,1,1,1,1,173
3,1,1,1,1,173
3,1,1,1,1,173
3,1,1,1,1,173
3,1,1,1,1,173
4,1,1,1,1,173
4,2,1,1,1,173
4,2,1,1,1,173
4,3,1,1,1,173
4,4,1,1,1,173
4,4,1,1,1,173
4,4,1,1,1,173
4,4,1,1,1,173
5,4,1,1,1,173
5,4,2,1,1,173
5,4,2,1,1,173
5,4,3,1,1,173
5,4,3,1,1,173
5,4,3,1,1,173
5,4,4,1,1,173
5,4,4,1,2,173
5,4,4,1,2,173
5,4,4,1,2,173
5,4,4,2,2,173
5,4,4,2,2,173
5,4,4,3,2,173
5,4,4,3,3,173
5,4,4,3,3,173
5,4,4,4,3,173
6,4,4,4,3,173
6,4,5,4,3,173
7,4,5,4,3,173
8,4,5,4,3,173
8,4,5,4,4,173
8,4,5,4,3,173
8,4,5,4,4,173
7,4,5,4,4,173
7,4,4,4,4,173
7,4,5,4,4,173
7,4,6,4,4,173
7,5,6,4,4,173
7,5,6,4,5,173
7,5,5,4,6,173
7,6,5,4,6,173
7,6,5,4,6,173
7,6,6,4,6,173
7,6,6,4,7,173
7,6,6,5,7,173
7,6,7,5,7,173
7,7,7,5,7,173
7,7,7,5,8,173
7,7,7,6,8,173
7,8,7,6,8,173
7,8,7,6,8,173
7,9,7,6,8,173
7,9,8,6,8,173
7,9,8,5,9,173
7,9,8,6,9,173
6,9,8,6,9,173
6,9,7,7,9,173
7,8,7,7,9,173
7,8,8,7,9,173
7,8,8,8,9,173
7,8,9,8,9,173
7,8,9,8,9,173
7,8,9,9,9,173
6,9,9,9,9,173
6,9,9,9,9,173
6,9,9,10,9,173
6,9,9,10,9,173
7,9,9,10,9,173
7,9,9,10,9,173
7,9,9,10,10,173
7,10,9,9,10,173
7,10,9,9,10,173
0,0,0,0,0,174
1,0,0,0,0,174
1,0,1,0,0,174
1,0,1,0,0,174
1,0,1,0,0,174
1,1,1,0,0,174
1,1,1,0,0,174
1,1,1,1,0,174
0,1,1,1,1,174
1,1,1,1,1,174
1,2,1,1,0,174
1,2,1,2,0,174
1,2,1,2,1,174
1,2,1,2,2,174
1,2,1,2,2,174
2,2,1,2,2,174
2,2,1,2,2,174
2,2,1,2,2,174
2,2,1,2,2,174
2,2,1,2,2,174
2,2,1,2,2,174
3,2,1,2,2,174
3,2,1,2,2,174
4,2,0,2,2,174
4,2,0,2,2,174
4,2,0,2,2,174
4,2,1,2,2,174
4,2,1,2,2,174
4,2,1,2,2,174
4,2,2,2,2,174
4,2,2,2,2,174
4,2,2,2,3,174
4,2,3,2,3,174
4,2,3,2,3,174
4,2,3,2,4,174
5,2,3,2,4,174
5,2,3,2,4,174
5,2,4,2,4,174
5,2,4,2,4,174
5,2,4,2,4,174
5,3,4,2,4,174
5,3,4,2,4,174
5,3,4,2,4,174
5,3,4,2,4,174
5,3,4,2,5,174
5,3,5,2,5,174
5,3,5,2,5,174
4,3,5,2,6,174
4,3,4,2,6,174
4,3,5,2,6,174
4,3,5,2,7,174
4,3,5,2,7,174
4,3,5,2,7,174
4,3,5,2,8,174
4,3,5,2,8,174
4,3,5,2,8,174
4,3,6,1,8,174
4,3,6,1,8,174
4,3,6,1,8,174
4,3,6,1,8,174
4,4,6,1,8,174
4,4,6,1,8,174
4,4,6,1,8,174
4,4,6,1,8,174
5,4,5,1,8,174
4,4,5,1,8,174
4,4,5,1,8,174
4,4,5,1,8,174
4,4,5,1,8,174
4,5,5,1,8,174
4,5,5,1,8,174
4,5,5,1,8,174
4,4,5,2,8,174
4,4,4,2,8,174
4,4,4,2,9,174
4,4,4,2,9,174
4,5,4,2,9,174
4,5,4,2,9,174
4,5,4,3,9,174
4,5,4,3,9,174
4,5,4,3,9,174
4,5,5,3,9,174
4,5,5,3,9,174
4,5,5,3,8,174
4,5,5,3,8,174
4,5,5,4,8,174
4,5,5,4,8,174
4,5,5,4,8,174
4,5,5,4,8,174
4,4,6,4,8,174
4,4,6,4,8,174
4,4,6,4,8,174
4,4,6,4,9,174
5,4,6,4,9,174
5,3,7,4,9,174
5,3,7,4,9,174
5,3,7,4,9,174
5,3,7,4,9,174
5,4,7,4,9,174
5,4,7,4,10,174
0,0,0,0,0,175
0,1,0,0,0,175
0,2,0,0,0,175
0,2,0,1,0,175
0,2,0,1,0,175
0,2,0,0,1,175
0,2,0,0,2,175
0,2,0,0,2,175
0,2,0,0,2,175
0,2,0,0,2,175
0,2,0,0,3,175
1,2,0,0,3,175
2,2,0,0,3,175
2,2,0,0,3,175
2,2,0,0,3,175
2,2,0,0,3,175
2,2,0,0,3,175
2,2,0,0,3,175
2,2,0,0,3,175
2,2,0,0,3,175
2,2,0,0,3,175
2,2,0,0,3,175
2,2,0,0,3,175
2,2,0,0,3,175
2,2,0,0,3,175
2,2,0,1,3,175
2,2,0,1,3,175
2,2,0,1,3,175
2,2,0,1,3,175
2,2,0,1,3,175
2,2,0,1,3,175
2,2,0,1,3,175
2,2,0,1,3,175
2,2,0,1,3,175
2,2,0,1,3,175
2,2,0,1,3,175
2,2,0,1,3,175
2,2,0,1,3,175
2,2,0,1,3,175
2,2,0,1,3,175
2,2,0,1,3,175
2,2,0,1,3,175
2,2,0,1,3,175
2,2,0,1,3,175
2,2,0,1,3,175
2,2,0,1,3,175
2,2,0,1,3,175
2,2,0,1,3,175
2,2,0,1,3,175
2,2,0,1,3,175
2,2,0,1,3,175
2,2,0,1,3,175
2,2,0,1,3,175
2,2,0,1,3,175
2,2,0,1,3,175
2,1,0,1,3,175
2,1,0,1,3,175
2,1,0,1,3,175
2,2,0,1,3,175
2,2,0,1,3,175
2,2,0,1,3,175
2,2,0,1,3,175
2,2,0,1,3,175
2,2,0,1,3,175
2,2,0,1,3,175
2,2,0,1,3,175
2,2,0,1,3,175
2,2,0,1,3,175
2,2,0,1,3,175
2,2,0,1,3,175
2,2,0,1,3,175
2,2,0,1,3,175
2,2,0,1,3,175
2,2,0,1,3,175
2,2,0,1,3,175
2,2,0,1,3,175
2,2,0,1,3,175
2,2,0,1,3,175
2,2,0,1,3,175
2,2,0,1,3,175
2,2,0,1,3,175
2,2,0,1,3,175
2,2,0,1,3,175
2,2,0,1,3,175
2,2,0,1,3,175
2,2,0,1,3,175
2,2,0,1,3,175
2,2,0,1,3,175
2,2,0,1,3,175
2,2,0,1,3,175
2,2,0,1,3,175
2,2,0,1,3,175
2,2,0,1,3,175
2,2,0,1,3,175
2,2,0,1,3,175
2,2,0,1,3,175
1,2,0,1,3,175
1,2,0,1,3,175
1,2,0,1,3,175
1,2,0,1,3,175
0,0,0,0,0,176
0,1,0,0,0,176
0,1,0,0,0,176
0,1,1,0,0,176
0,1,1,1,0,176
1,1,1,1,0,176
2,1,1,1,0,176
2,1,1,1,0,176
2,1,1,1,1,176
2,1,1,1,1,176
2,1,1,1,1,176
2,1,1,1,1,176
1,1,1,1,1,176
1,1,1,1,1,176
1,1,1,1,2,176
1,1,1,1,2,176
1,1,1,1,2,176
1,2,1,1,2,176
1,2,1,1,2,176
2,2,1,1,2,176
2,2,1,1,2,176
2,2,1,1,2,176
2,3,1,1,2,176
2,4,1,1,2,176
2,5,1,1,2,176
2,5,2,1,2,176
2,5,2,1,3,176
2,5,2,2,3,176
2,5,2,2,3,176
2,5,2,2,2,176
2,5,2,2,2,176
2,5,2,2,2,176
2,5,2,2,2,176
2,5,2,2,2,176
2,5,2,2,2,176
2,5,2,3,2,176
2,6,2,3,2,176
2,6,2,3,3,176
2,6,2,3,3,176
2,7,2,3,3,176
2,7,1,3,4,176
2,7,2,3,4,176
2,7,2,3,4,176
2,7,2,3,5,176
2,7,2,3,5,176
2,6,2,3,5,176
2,6,2,3,5,176
3,6,2,3,4,176
3,6,2,4,4,176
3,6,2,4,5,176
3,6,2,5,5,176
3,7,2,5,5,176
3,7,2,5,5,176
4,7,2,5,5,176
4,7,2,5,5,176
3,8,2,5,5,176
3,8,2,5,6,176
4,8,2,5,6,176
4,9,2,5,5,176
4,10,2,5,5,176
4,10,2,5,5,176
5,10,2,5,5,176
5,10,2,5,5,176
5,10,2,6,5,176
5,10,2,6,5,176
6,10,2,6,4,176
6,10,2,6,4,176
6,10,2,5,4,176
6,11,2,5,4,176
6,11,2,5,4,176
5,11,2,5,4,176
5,12,2,5,4,176
5,11,2,5,5,176
5,11,2,5,5,176
5,11,2,5,5,176
5,11,2,6,5,176
5,11,2,6,5,176
5,11,2,6,5,176
5,11,2,6,6,176
5,12,2,6,5,176
5,12,2,6,5,176
5,13,2,6,5,176
5,13,2,6,5,176
5,13,2,6,5,176
5,13,2,6,5,176
5,14,2,6,5,176
5,14,2,6,5,176
5,14,2,6,5,176
5,14,2,6,5,176
5,14,2,5,5,176
5,15,2,5,5,176
5,15,2,5,5,176
5,16,2,5,5,176
5,15,2,5,5,176
5,15,2,5,5,176
5,15,2,5,5,176
6,15,2,5,5,176
6,15,2,5,5,176
6,15,2,5,5,176
6,15,2,5,5,176
0,0,0,0,0,177
0,0,0,0,0,177
0,1,0,0,0,177
0,2,0,0,0,177
0,2,0,0,0,177
0,2,0,0,1,177
0,2,0,0,1,177
0,2,1,0,1,177
0,2,1,0,1,177
0,2,1,0,1,177
0,2,1,0,1,177
0,2,1,0,1,177
0,2,1,0,1,177
0,2,1,0,2,177
0,2,1,0,2,177
0,2,1,0,2,177
0,2,1,0,3,177
0,2,1,0,3,177
1,2,1,0,3,177
1,2,1,0,3,177
1,2,1,0,3,177
1,2,1,0,3,177
1,2,1,0,3,177
1,2,1,0,3,177
1,2,1,0,3,177
1,2,1,0,3,177
1,2,1,0,3,177
1,2,1,0,3,177
1,2,1,0,3,177
1,2,1,0,3,177
1,2,1,0,3,177
1,2,1,0,3,177
1,2,1,0,3,177
1,2,1,0,3,177
1,2,1,0,3,177
1,2,1,0,3,177
1,2,1,0,3,177
1,2,1,0,3,177
1,2,1,0,3,177
1,2,1,0,3,177
1,2,1,0,3,177
1,2,1,0,3,177
1,2,1,0,3,177
1,2,1,0,3,177
1,2,1,0,3,177
1,2,1,0,3,177
1,2,1,0,3,177
1,2,1,0,3,177
1,2,1,0,3,177
1,2,1,0,3,177
1,2,1,0,3,177
1,2,1,0,3,177
1,2,1,0,3,177
1,2,1,0,3,177
1,2,1,0,3,177
1,2,1,0,3,177
1,2,1,0,3,177
1,2,1,0,3,177
1,2,1,0,3,177
1,2,1,0,3,177
1,2,1,0,3,177
1,2,1,0,3,177
1,2,1,0,3,177
1,2,1,0,3,177
1,2,1,0,3,177
1,2,1,0,3,177
1,2,1,0,3,177
1,2,1,0,3,177
1,2,1,0,3,177
1,2,1,0,3,177
1,2,1,0,3,177
1,2,1,0,3,177
1,2,1,0,3,177
1,2,1,0,3,177
1,2,1,0,3,177
1,2,1,0,3,177
1,2,1,0,3,177
1,2,1,0,3,177
1,2,1,0,3,177
1,2,1,0,3,177
1,2,1,0,3,177
1,2,1,0,3,177
1,2,1,0,3,177
1,2,1,0,3,177
1,2,1,0,3,177
1,2,1,0,3,177
1,2,1,0,3,177
1,2,1,0,3,177
1,2,1,0,3,177
1,2,1,0,3,177
1,2,1,0,3,177
1,2,1,0,3,177
1,2,1,0,3,177
1,2,1,0,3,177
1,2,1,0,3,177
1,2,1,0,3,177
1,2,1,0,3,177
1,2,1,0,3,177
1,2,1,0,3,177
1,2,1,0,3,177
0,0,0,0,0,178
0,0,0,1,0,178
0,0,0,1,1,178
1,0,0,1,1,178
1,0,0,1,2,178
1,0,1,1,2,178
2,0,1,1,2,178
2,0,1,1,3,178
2,0,1,1,3,178
2,0,1,1,4,178
2,0,1,1,4,178
2,0,1,1,4,178
2,0,1,1,4,178
2,0,1,1,4,178
2,0,1,1,4,178
2,0,1,1,4,178
2,0,1,1,4,178
0,0,0,0,0,179
0,0,1,0,0,179
1,0,1,0,0,179
1,0,1,0,0,179
1,0,1,1,0,179
1,0,1,1,0,179
1,0,1,1,0,179
1,0,1,1,0,179
1,1,1,1,0,179
1,1,1,1,0,179
2,1,1,1,0,179
2,1,1,1,0,179
2,1,1,1,0,179
2,1,2,1,0,179
2,2,2,1,0,179
2,2,2,2,0,179
2,3,2,2,0,179
2,4,1,2,0,179
2,5,1,2,0,179
3,4,1,2,0,179
3,4,1,2,0,179
3,4,1,2,1,179
3,4,1,3,1,179
3,4,2,3,1,179
4,4,2,3,1,179
4,4,2,3,1,179
4,4,2,3,1,179
4,4,3,3,1,179
4,4,2,3,2,179
4,3,2,3,3,179
4,3,2,3,4,179
4,3,2,2,4,179
4,3,2,3,4,179
3,3,2,3,5,179
3,3,2,3,5,179
3,3,2,3,6,179
4,3,2,3,6,179
5,3,2,3,6,179
6,3,2,3,6,179
6,3,2,3,6,179
6,4,2,3,6,179
6,5,2,3,6,179
6,5,2,4,5,179
6,5,2,4,6,179
6,5,3,4,6,179
6,5,3,4,7,179
6,5,3,4,8,179
6,5,3,4,9,179
6,5,3,4,10,179
6,5,4,4,10,179
6,5,4,4,10,179
6,5,4,4,10,179
6,5,4,4,10,179
6,6,4,4,10,179
6,6,4,4,10,179
6,6,4,4,10,179
6,6,4,4,10,179
6,6,4,4,10,179
6,6,4,4,11,179
6,6,4,4,11,179
6,6,4,4,11,179
7,6,4,4,11,179
7,6,4,4,11,179
7,6,4,4,11,179
7,6,4,4,11,179
7,6,4,4,11,179
7,6,4,4,11,179
7,6,4,4,11,179
7,6,4,4,11,179
8,6,4,4,11,179
8,6,4,4,11,179
8,6,4,4,11,179
8,6,5,4,11,179
8,6,5,4,11,179
8,6,5,4,11,179
8,6,5,4,11,179
8,7,5,4,11,179
8,7,5,4,11,179
8,7,5,4,11,179
8,7,5,4,11,179
8,7,5,4,11,179
8,7,5,4,11,179
8,8,4,4,11,179
8,8,4,4,11,179
8,8,5,4,11,179
8,8,5,4,11,179
8,8,5,4,11,179
8,8,5,4,11,179
8,8,5,4,11,179
7,8,6,4,11,179
7,8,6,4,11,179
7,8,6,4,11,179
8,8,6,4,11,179
7,8,6,4,11,179
7,8,6,4,11,179
7,8,6,4,11,179
7,8,6,4,11,179
8,8,6,4,11,179
8,8,6,4,11,179
8,8,6,4,11,179
0,0,0,0,0,180
0,0,1,0,0,180
0,1,1,0,0,180
0,1,1,0,0,180
0,1,1,1,0,180
0,1,1,1,0,180
1,1,1,1,0,180
1,1,1,1,1,180
2,1,1,1,1,180
2,1,1,1,2,180
2,1,1,1,2,180
2,2,1,1,2,180
2,2,1,1,3,180
2,2,1,1,3,180
2,3,1,1,3,180
2,3,1,1,3,180
2,3,1,1,4,180
2,3,1,1,4,180
2,3,1,1,5,180
2,3,1,1,5,180
2,3,1,1,5,180
2,3,1,1,5,180
2,3,1,1,5,180
2,3,1,1,5,180
2,3,1,1,5,180
2,3,1,1,5,180
2,3,1,1,5,180
2,3,1,1,5,180
2,3,1,1,5,180
2,3,1,1,6,180
2,3,1,1,6,180
2,3,1,1,6,180
2,3,1,1,6,180
2,3,1,1,6,180
2,3,1,1,6,180
2,3,1,1,6,180
2,3,1,1,6,180
2,3,1,1,6,180
2,3,1,1,6,180
2,3,1,1,6,180
2,3,1,1,6,180
2,3,1,1,6,180
2,3,1,1,6,180
2,3,1,1,6,180
2,3,1,1,6,180
2,3,1,1,6,180
2,3,1,1,6,180
2,3,1,1,6,180
2,3,1,1,6,180
2,3,1,1,6,180
2,3,1,1,6,180
2,3,1,1,6,180
2,3,1,1,6,180
2,3,1,1,6,180
2,3,1,1,6,180
2,3,1,1,6,180
2,3,1,1,6,180
2,3,1,1,7,180
2,3,1,1,7,180
2,3,1,1,7,180
2,3,1,1,7,180
2,3,1,1,7,180
2,3,1,1,7,180
2,3,1,1,7,180
2,3,1,1,6,180
2,3,1,1,6,180
2,3,1,1,6,180
2,3,1,1,6,180
2,3,1,1,6,180
3,3,1,1,6,180
3,3,1,1,6,180
3,3,1,1,6,180
3,3,1,1,6,180
3,3,1,1,6,180
3,3,1,1,6,180
3,3,1,1,6,180
3,3,1,1,6,180
3,3,1,1,6,180
3,3,1,1,6,180
3,3,1,1,6,180
3,3,1,1,6,180
3,3,1,1,6,180
3,3,1,1,6,180
3,3,1,1,6,180
3,3,1,1,6,180
3,3,1,1,6,180
3,3,1,1,6,180
3,3,1,1,6,180
3,3,1,1,6,180
3,3,1,1,6,180
3,3,1,1,6,180
3,3,1,1,6,180
3,3,1,1,6,180
3,3,1,1,6,180
3,3,1,1,6,180
3,3,1,1,6,180
3,3,1,1,6,180
3,3,1,1,6,180
3,3,1,1,6,180
3,3,1,1,6,180
0,0,0,0,0,181
0,1,0,0,0,181
0,1,1,0,0,181
0,1,1,0,1,181
0,1,1,1,1,181
0,1,1,1,2,181
0,1,1,1,2,181
0,1,1,1,3,181
1,1,1,1,3,181
1,1,1,1,3,181
1,1,1,1,3,181
1,2,1,1,3,181
2,2,1,1,3,181
2,2,1,1,3,181
2,2,1,1,3,181
2,2,1,1,3,181
2,2,1,1,4,181
3,2,1,1,4,181
3,2,1,1,4,181
3,2,1,1,4,181
3,2,1,1,3,181
3,2,1,1,3,181
3,2,1,1,4,181
3,2,1,1,4,181
3,2,1,1,4,181
3,2,1,1,4,181
3,2,1,1,4,181
3,2,1,1,4,181
3,2,1,1,4,181
3,2,1,1,4,181
3,2,1,1,4,181
3,2,1,1,4,181
3,2,1,1,4,181
3,2,1,1,4,181
3,2,1,1,4,181
3,2,1,1,4,181
3,2,1,1,4,181
3,2,1,1,4,181
3,2,1,1,5,181
3,2,1,1,5,181
3,2,1,1,5,181
3,2,1,1,5,181
3,2,1,1,5,181
3,2,1,1,5,181
3,2,1,1,5,181
3,2,1,1,5,181
3,2,1,1,5,181
3,2,1,1,5,181
3,2,1,1,5,181
3,2,1,1,5,181
3,2,1,1,5,181
3,2,1,1,5,181
3,2,1,1,5,181
3,2,1,1,5,181
3,2,1,1,5,181
3,2,1,1,5,181
3,2,1,1,5,181
3,2,1,1,5,181
3,2,1,1,5,181
3,2,1,1,5,181
3,2,1,1,5,181
3,2,1,1,5,181
3,2,1,1,5,181
3,2,1,1,5,181
3,2,1,1,5,181
3,2,1,1,5,181
3,2,1,1,5,181
3,2,1,1,5,181
3,2,1,1,5,181
3,2,1,1,5,181
3,2,1,1,5,181
3,2,1,1,5,181
3,2,1,1,5,181
3,2,1,1,5,181
3,2,1,1,5,181
3,2,1,1,5,181
3,2,1,1,5,181
3,2,1,1,5,181
3,2,1,1,5,181
3,2,1,1,5,181
3,2,1,1,5,181
3,2,1,1,5,181
3,2,1,1,5,181
3,2,1,1,5,181
3,2,1,1,5,181
3,2,1,1,5,181
3,2,1,1,5,181
3,2,1,1,5,181
3,2,1,1,5,181
3,2,1,1,5,181
3,2,1,1,5,181
2,2,1,1,5,181
2,2,1,1,5,181
2,2,1,1,5,181
2,2,1,1,5,181
2,2,1,1,5,181
2,2,1,1,5,181
2,2,1,1,5,181
2,2,1,1,5,181
2,2,1,1,5,181
0,0,0,0,0,182
1,0,0,0,0,182
1,0,0,0,0,182
2,0,0,0,0,182
2,0,1,0,0,182
2,0,1,0,0,182
2,0,1,0,0,182
3,0,1,0,0,182
3,0,1,0,1,182
3,0,1,0,1,182
3,0,1,0,1,182
3,0,1,0,1,182
3,0,1,0,2,182
3,0,1,0,2,182
3,0,1,0,2,182
3,0,1,0,2,182
3,0,1,0,2,182
0,0,0,0,0,183
0,1,0,0,0,183
0,1,0,1,0,183
0,1,1,1,0,183
0,1,1,1,0,183
0,1,1,1,0,183
0,2,1,1,0,183
1,2,1,1,0,183
1,2,1,1,1,183
2,2,1,1,1,183
2,2,1,1,2,183
2,2,2,1,2,183
2,2,2,1,2,183
2,2,2,1,2,183
2,2,2,1,2,183
2,2,2,1,2,183
2,2,2,1,2,183
2,2,2,1,2,183
2,2,2,1,2,183
2,2,2,1,2,183
2,2,2,1,2,183
2,2,2,1,2,183
2,2,2,1,2,183
2,2,2,1,2,183
2,2,2,1,2,183
2,2,2,1,2,183
2,2,2,1,2,183
2,2,2,1,2,183
2,2,2,1,2,183
2,2,2,1,2,183
2,2,2,1,2,183
2,2,2,1,2,183
2,2,2,1,2,183
2,2,2,1,2,183
2,2,2,1,2,183
2,2,2,1,2,183
2,2,2,1,2,183
2,2,2,1,2,183
2,2,2,1,2,183
2,2,2,1,2,183
2,2,2,1,2,183
2,2,2,1,2,183
2,2,2,1,2,183
2,2,2,1,2,183
2,2,2,1,2,183
2,2,2,1,2,183
2,2,2,1,2,183
2,2,2,1,2,183
2,2,2,1,2,183
2,2,2,1,2,183
2,2,2,1,2,183
2,2,2,1,2,183
2,2,2,1,2,183
2,2,2,1,2,183
2,2,2,1,2,183
2,2,2,1,2,183
2,2,2,1,2,183
2,2,2,1,2,183
2,2,2,1,2,183
2,2,2,1,2,183
2,2,2,1,2,183
2,2,2,1,2,183
2,2,2,1,2,183
2,2,2,1,2,183
2,2,2,1,2,183
2,2,2,1,2,183
2,2,2,1,2,183
2,2,2,1,2,183
2,2,2,1,2,183
2,2,2,1,2,183
2,2,2,1,2,183
2,2,2,1,2,183
2,2,2,1,2,183
2,2,2,1,2,183
2,2,2,1,2,183
2,2,2,1,2,183
2,2,2,1,2,183
2,2,2,1,2,183
2,2,2,1,2,183
2,2,2,1,2,183
2,2,2,1,2,183
2,2,2,1,2,183
2,2,2,1,2,183
2,2,2,1,2,183
2,2,2,1,2,183
2,2,2,1,2,183
2,2,2,1,2,183
2,2,2,1,2,183
2,2,2,1,2,183
2,2,2,1,2,183
2,2,2,1,2,183
2,2,2,1,2,183
2,2,2,1,2,183
2,2,2,1,2,183
2,2,2,1,2,183
2,2,2,1,2,183
2,2,2,1,2,183
2,2,2,1,2,183
2,2,2,1,2,183
2,2,2,1,2,183
0,0,0,0,0,184
0,0,0,0,0,184
0,1,0,0,0,184
0,1,1,0,0,184
0,1,1,0,1,184
0,1,1,0,1,184
0,1,1,0,1,184
0,1,1,0,1,184
0,1,1,0,2,184
0,2,1,0,2,184
1,2,1,0,2,184
0,2,1,1,2,184
0,2,1,1,2,184
0,2,1,1,2,184
0,2,1,1,2,184
0,2,1,1,2,184
0,2,1,1,2,184
1,2,1,1,2,184
1,2,1,1,2,184
1,2,1,1,2,184
1,2,1,1,2,184
1,2,1,1,2,184
1,2,1,1,2,184
1,2,1,1,2,184
1,2,1,1,2,184
1,2,1,1,2,184
1,2,1,1,2,184
1,1,1,1,2,184
1,1,1,1,2,184
1,1,1,1,2,184
1,1,1,1,2,184
1,1,1,1,2,184
1,1,1,1,2,184
1,1,1,1,2,184
1,1,1,1,2,184
1,1,1,1,2,184
1,1,1,1,2,184
1,1,1,1,2,184
1,1,1,1,2,184
1,1,1,1,2,184
1,1,1,1,2,184
1,1,1,1,2,184
1,1,1,1,2,184
1,1,1,1,2,184
1,1,1,1,2,184
1,1,1,1,2,184
1,1,1,1,2,184
1,1,1,1,2,184
1,1,1,1,2,184
1,1,1,1,2,184
1,1,1,1,2,184
1,1,1,1,2,184
1,1,1,1,2,184
1,1,1,1,2,184
1,1,1,1,2,184
1,1,1,1,2,184
1,1,1,1,2,184
1,1,1,1,2,184
1,1,1,1,2,184
1,1,1,1,2,184
1,1,1,1,2,184
1,1,0,1,2,184
1,1,0,1,2,184
1,1,0,1,2,184
1,1,0,1,2,184
1,1,0,1,2,184
1,1,0,1,2,184
1,1,0,1,2,184
1,1,0,1,2,184
1,1,0,1,2,184
1,1,0,1,2,184
1,1,0,1,2,184
1,1,0,1,2,184
1,1,0,1,2,184
1,1,0,1,2,184
1,1,0,1,2,184
1,1,0,1,2,184
1,1,0,1,2,184
1,1,0,1,2,184
1,1,0,1,2,184
1,1,0,1,2,184
1,1,0,1,2,184
1,1,0,1,2,184
1,1,0,1,2,184
1,1,0,1,2,184
1,1,0,1,2,184
1,1,0,1,2,184
1,1,0,1,2,184
1,1,0,1,2,184
1,1,0,1,2,184
1,1,0,1,2,184
1,1,0,1,2,184
1,1,0,1,2,184
1,1,0,1,2,184
1,1,0,1,2,184
1,1,0,1,2,184
1,1,0,1,2,184
1,1,0,1,2,184
1,1,0,1,2,184
1,1,0,1,2,184
0,0,0,0,0,185
0,0,0,0,1,185
0,0,0,0,1,185
0,1,0,0,1,185
0,1,0,1,1,185
0,1,0,1,1,185
0,2,0,1,1,185
0,2,0,1,1,185
0,3,0,1,1,185
0,4,0,1,1,185
0,4,0,1,2,185
0,4,0,1,2,185
0,4,0,1,2,185
0,4,0,1,2,185
0,4,0,1,2,185
0,4,0,1,2,185
0,4,0,1,2,185
0,4,0,1,2,185
0,4,0,1,2,185
0,4,0,1,2,185
0,4,0,1,2,185
0,4,0,1,2,185
0,4,0,1,2,185
0,4,0,1,2,185
0,4,0,1,2,185
0,4,0,1,2,185
0,4,0,1,2,185
0,4,0,1,2,185
0,4,0,1,2,185
0,4,0,1,2,185
0,4,0,1,2,185
0,4,0,1,2,185
0,4,0,1,2,185
0,4,0,1,2,185
0,4,0,1,2,185
0,4,0,1,2,185
0,4,0,1,2,185
0,4,0,1,2,185
0,4,0,1,2,185
0,4,0,1,2,185
0,4,0,1,2,185
0,4,0,1,2,185
0,4,0,1,2,185
0,4,0,1,2,185
0,4,0,1,2,185
0,4,0,1,2,185
0,4,0,1,2,185
0,4,0,1,2,185
0,4,0,1,2,185
0,4,0,1,2,185
0,4,0,1,2,185
0,4,0,1,2,185
0,4,0,1,2,185
0,4,0,1,2,185
0,4,0,1,2,185
0,4,0,1,2,185
0,4,0,1,2,185
0,4,0,1,2,185
0,4,0,1,2,185
0,4,0,1,2,185
0,4,0,1,2,185
0,4,0,1,2,185
0,4,0,1,2,185
0,4,0,1,2,185
0,4,0,1,2,185
0,4,0,1,2,185
0,4,0,1,2,185
0,4,0,1,2,185
0,4,0,1,2,185
0,4,0,1,2,185
0,4,0,1,2,185
0,4,0,1,2,185
0,4,0,1,2,185
0,4,0,1,2,185
0,4,0,1,2,185
0,4,0,1,2,185
0,4,0,1,2,185
0,4,0,1,2,185
0,4,0,1,2,185
0,4,0,1,2,185
0,4,0,1,2,185
0,4,0,1,2,185
0,4,0,1,2,185
0,4,0,1,2,185
0,4,0,1,2,185
0,4,0,1,2,185
0,4,0,1,2,185
0,4,0,1,2,185
0,4,0,1,2,185
0,4,0,1,2,185
0,4,0,1,2,185
0,4,0,1,2,185
0,4,0,1,2,185
0,4,0,1,2,185
0,4,0,1,2,185
0,4,0,1,2,185
0,4,0,1,2,185
0,4,0,1,2,185
0,4,0,1,2,185
0,4,0,1,2,185
0,0,0,0,0,186
0,0,1,0,0,186
0,0,1,0,0,186
0,0,1,0,0,186
0,0,1,1,0,186
0,1,1,1,0,186
0,1,1,1,1,186
0,1,1,1,1,186
0,2,1,1,1,186
1,2,1,1,1,186
1,2,1,1,1,186
1,2,1,1,1,186
1,2,1,1,1,186
1,2,1,1,1,186
1,2,1,1,1,186
1,2,1,1,1,186
1,2,1,1,2,186
2,2,1,1,2,186
3,2,1,1,2,186
3,2,1,1,2,186
3,2,1,1,2,186
3,2,1,1,2,186
4,2,1,1,2,186
4,3,1,1,2,186
4,3,1,1,3,186
4,4,1,1,3,186
4,4,1,1,3,186
4,4,1,1,3,186
4,4,1,1,3,186
5,4,1,1,3,186
5,5,1,1,3,186
5,5,1,1,4,186
5,5,1,1,4,186
5,5,1,1,5,186
5,5,1,1,5,186
5,5,1,1,5,186
5,5,1,1,6,186
5,5,2,1,6,186
5,5,2,1,6,186
5,5,2,1,6,186
5,5,2,1,6,186
5,5,2,1,6,186
5,5,2,2,6,186
5,5,2,2,6,186
5,6,2,2,6,186
5,6,2,2,6,186
5,6,2,2,6,186
5,6,3,2,6,186
5,6,3,2,6,186
5,6,4,2,6,186
5,6,4,2,6,186
5,7,4,2,6,186
5,7,4,2,6,186
5,7,4,2,6,186
5,7,4,3,6,186
5,8,4,3,6,186
5,8,4,3,6,186
5,9,4,3,6,186
5,9,4,3,6,186
5,9,4,3,6,186
5,9,4,3,6,186
5,9,4,4,5,186
5,9,4,4,6,186
5,10,4,4,6,186
5,10,4,4,6,186
5,10,4,4,6,186
5,10,4,4,6,186
5,10,4,4,7,186
5,11,4,4,7,186
6,11,4,4,7,186
6,11,4,4,7,186
6,11,4,4,7,186
6,11,4,4,7,186
6,10,4,4,7,186
7,10,4,4,6,186
7,10,4,4,6,186
7,10,4,5,6,186
7,10,4,5,6,186
7,10,4,5,6,186
7,9,4,5,6,186
7,9,4,5,6,186
8,9,4,5,6,186
9,9,4,5,5,186
9,9,4,5,5,186
9,9,4,5,5,186
9,10,4,5,5,186
9,10,4,5,5,186
9,10,4,6,4,186
9,10,4,6,4,186
9,10,4,6,4,186
10,10,4,6,4,186
10,10,4,6,4,186
10,10,4,6,4,186
10,11,4,6,4,186
10,11,4,6,4,186
10,12,4,6,4,186
10,12,4,6,4,186
10,12,4,6,4,186
10,12,4,6,4,186
9,12,4,6,4,186
0,0,0,0,0,187
0,1,0,0,0,187
0,1,0,1,0,187
0,2,0,1,0,187
0,2,0,1,0,187
0,2,0,1,0,187
0,2,1,1,0,187
0,2,1,1,0,187
0,2,1,1,0,187
0,2,1,1,0,187
0,2,1,1,0,187
0,3,1,1,0,187
0,3,1,1,0,187
1,3,0,1,0,187
1,3,0,1,1,187
1,3,0,1,1,187
1,3,0,1,1,187
1,3,0,1,2,187
2,3,0,1,2,187
2,3,0,1,2,187
2,3,0,1,2,187
2,3,0,1,2,187
2,3,0,1,2,187
2,3,1,1,2,187
2,3,1,1,2,187
2,3,1,1,2,187
2,3,1,1,2,187
2,3,1,1,2,187
2,3,1,1,2,187
2,3,1,1,2,187
2,3,1,1,2,187
2,3,1,1,2,187
2,3,1,1,2,187
2,3,1,1,2,187
2,3,1,1,2,187
2,3,1,1,2,187
2,3,1,1,2,187
2,3,1,1,2,187
2,3,1,1,2,187
2,3,1,1,2,187
2,3,1,1,2,187
2,3,1,1,2,187
2,3,1,1,2,187
2,3,1,1,2,187
2,3,1,1,2,187
2,3,1,1,2,187
2,3,1,1,2,187
2,3,1,1,2,187
2,3,1,1,2,187
2,3,1,1,2,187
2,3,1,1,2,187
2,3,1,1,2,187
2,3,1,1,2,187
2,3,1,1,2,187
2,3,1,1,2,187
2,3,1,1,2,187
2,3,1,1,2,187
2,3,1,1,2,187
2,3,1,1,2,187
2,3,1,1,2,187
2,3,1,1,2,187
2,3,1,1,2,187
2,3,1,1,2,187
2,3,1,1,2,187
2,3,1,1,2,187
2,3,1,1,2,187
2,3,1,1,2,187
2,3,1,1,2,187
2,3,1,1,2,187
2,3,1,1,2,187
2,3,1,1,2,187
2,3,1,1,2,187
2,3,1,1,2,187
2,3,1,1,2,187
2,3,1,1,2,187
2,3,1,1,2,187
2,3,1,1,2,187
2,3,1,1,2,187
2,3,1,1,2,187
2,3,1,1,2,187
2,3,1,1,2,187
2,3,1,1,2,187
2,3,1,1,2,187
2,3,1,1,2,187
2,3,1,1,2,187
2,3,1,1,2,187
2,3,1,1,2,187
2,3,1,1,2,187
2,3,1,1,2,187
2,3,1,1,2,187
2,3,1,1,2,187
2,3,1,1,2,187
2,3,1,1,2,187
2,3,1,1,2,187
2,3,1,1,2,187
2,3,1,1,2,187
2,3,1,1,2,187
2,3,1,1,2,187
2,3,1,1,2,187
2,3,1,1,2,187
0,0,0,0,0,188
0,0,0,1,0,188
0,0,0,1,0,188
1,0,0,1,0,188
1,0,1,1,0,188
1,0,1,1,1,188
1,0,1,1,1,188
1,0,1,1,1,188
1,0,1,1,1,188
1,1,1,1,1,188
1,2,1,1,1,188
2,2,1,1,1,188
2,2,1,1,1,188
2,2,1,1,1,188
2,2,1,1,0,188
2,2,1,1,0,188
0,0,0,0,0,189
0,0,0,1,0,189
0,0,0,1,1,189
0,0,0,1,1,189
0,0,0,1,1,189
0,0,0,1,2,189
0,0,0,1,2,189
0,0,0,1,2,189
0,0,0,1,2,189
1,0,0,1,2,189
1,1,0,1,2,189
2,1,0,1,2,189
2,2,0,1,2,189
2,2,0,1,2,189
2,2,0,1,2,189
2,2,0,1,2,189
2,2,0,1,2,189
2,2,0,1,2,189
2,2,0,1,2,189
2,2,0,1,2,189
2,2,0,2,2,189
2,2,0,2,2,189
2,2,0,2,2,189
2,2,0,2,3,189
2,2,0,2,3,189
2,2,0,2,3,189
2,2,0,2,3,189
2,2,0,2,3,189
2,2,0,2,3,189
2,2,0,2,3,189
2,2,0,2,3,189
2,2,0,2,3,189
2,2,0,2,3,189
2,2,0,2,3,189
2,2,0,2,3,189
2,2,0,2,3,189
2,2,0,2,3,189
2,2,0,2,3,189
2,2,0,2,3,189
2,2,0,2,3,189
2,2,0,2,3,189
2,2,0,2,3,189
2,2,0,2,3,189
2,2,0,2,3,189
2,2,0,2,3,189
2,2,0,2,3,189
2,2,0,2,3,189
2,2,0,2,3,189
2,2,0,2,3,189
2,2,0,2,3,189
2,2,0,2,3,189
2,2,0,2,3,189
2,2,0,2,3,189
2,2,0,2,3,189
2,2,0,2,3,189
2,2,0,2,3,189
2,2,0,2,3,189
2,2,0,2,3,189
2,2,0,2,3,189
2,2,0,2,3,189
2,2,0,2,3,189
2,2,0,2,3,189
2,2,0,2,3,189
2,2,0,2,3,189
2,2,0,2,3,189
2,2,0,2,3,189
2,2,0,2,3,189
2,2,0,2,3,189
2,2,0,2,3,189
2,2,0,2,3,189
2,2,0,2,3,189
2,2,0,2,3,189
2,2,0,2,3,189
2,2,0,2,3,189
2,2,0,2,3,189
2,2,0,2,3,189
2,2,0,2,3,189
2,2,0,2,3,189
2,2,0,2,3,189
2,2,0,2,3,189
2,2,0,2,3,189
2,2,0,2,3,189
2,2,0,2,3,189
2,2,0,2,3,189
2,2,0,2,3,189
2,2,0,2,3,189
2,2,0,2,3,189
2,2,0,2,3,189
2,2,0,2,3,189
2,2,0,2,3,189
2,2,0,2,3,189
2,2,0,2,3,189
2,2,0,2,3,189
2,2,0,2,3,189
2,2,0,2,3,189
2,2,0,2,3,189
2,2,0,2,3,189
2,2,0,2,3,189
2,2,0,2,3,189
2,2,0,2,3,189
0,0,0,0,0,190
0,0,0,0,1,190
1,0,0,0,1,190
1,0,0,0,1,190
2,0,0,0,1,190
2,0,0,0,2,190
2,0,0,0,3,190
2,0,0,0,4,190
2,0,0,0,4,190
2,0,0,0,4,190
2,0,0,0,4,190
2,0,0,0,4,190
2,0,0,0,4,190
2,1,0,0,4,190
2,1,0,0,4,190
2,1,0,0,4,190
2,1,0,0,4,190
0,0,0,0,0,191
0,0,0,0,1,191
0,1,0,0,1,191
0,1,0,0,2,191
0,1,0,1,2,191
0,1,0,1,2,191
0,1,0,1,3,191
0,1,1,1,3,191
1,1,1,1,3,191
1,1,1,1,3,191
1,1,1,1,4,191
1,1,1,1,4,191
1,1,1,1,4,191
1,1,1,1,4,191
1,1,1,1,4,191
1,1,1,1,4,191
1,1,1,1,4,191
0,0,0,0,0,192
0,1,0,0,0,192
0,2,0,0,0,192
0,2,0,0,0,192
0,3,0,0,0,192
1,3,0,0,0,192
1,2,0,0,1,192
1,2,0,1,1,192
1,3,0,1,1,192
1,3,0,1,1,192
1,3,0,1,1,192
1,3,0,1,1,192
1,2,0,1,2,192
1,2,0,1,2,192
1,2,0,1,2,192
1,2,0,1,2,192
1,2,0,1,2,192
1,2,0,1,2,192
1,2,0,1,2,192
1,2,0,1,2,192
1,2,0,1,2,192
1,2,0,1,2,192
1,2,0,1,2,192
1,2,0,1,2,192
1,2,0,1,2,192
1,2,0,1,2,192
1,2,0,1,2,192
1,2,0,1,2,192
1,2,0,1,2,192
1,2,0,1,2,192
1,2,0,1,2,192
1,2,0,1,2,192
1,2,0,1,2,192
1,2,0,1,2,192
1,2,0,1,2,192
1,2,0,1,2,192
1,2,0,1,2,192
1,2,0,1,2,192
1,2,0,1,2,192
1,2,0,1,2,192
1,2,0,1,2,192
1,2,0,1,2,192
1,2,0,1,2,192
1,2,0,1,2,192
1,2,0,1,2,192
1,2,0,1,2,192
1,2,0,1,2,192
1,2,0,1,2,192
1,2,0,1,2,192
1,2,0,1,2,192
1,2,0,1,2,192
1,2,0,1,2,192
1,2,0,1,2,192
1,2,0,1,2,192
1,2,0,1,2,192
1,2,0,1,2,192
1,2,0,1,2,192
1,2,0,1,2,192
1,2,0,1,2,192
1,2,0,1,2,192
1,2,0,1,2,192
1,2,0,1,2,192
1,2,0,1,2,192
1,2,0,1,2,192
1,2,0,1,2,192
1,2,0,1,2,192
1,2,0,1,2,192
1,2,0,1,2,192
1,2,0,1,2,192
1,2,0,1,2,192
1,2,0,1,2,192
1,2,0,1,2,192
1,2,0,1,2,192
1,2,0,1,2,192
1,2,0,1,2,192
1,2,0,1,2,192
1,2,0,1,2,192
1,2,0,1,2,192
1,2,0,1,2,192
1,2,0,1,2,192
1,2,0,1,2,192
1,2,0,1,2,192
1,2,0,1,2,192
1,2,0,1,2,192
1,2,0,1,2,192
1,2,0,1,2,192
1,2,0,1,2,192
1,2,0,1,2,192
1,2,0,1,2,192
1,2,0,1,2,192
1,2,0,1,2,192
1,2,0,1,2,192
1,2,0,1,2,192
1,2,0,1,2,192
1,2,0,1,2,192
1,2,0,1,2,192
1,2,0,1,2,192
1,2,0,1,2,192
1,2,0,1,2,192
1,2,0,1,2,192
0,0,0,0,0,193
0,0,0,0,0,193
0,1,0,0,0,193
0,1,0,0,1,193
0,1,0,0,1,193
0,2,0,0,1,193
0,2,0,1,1,193
0,3,0,1,1,193
0,3,0,1,1,193
0,3,0,1,2,193
0,3,0,1,2,193
0,3,0,1,2,193
1,3,0,1,2,193
1,3,0,1,2,193
1,3,0,1,3,193
1,3,0,1,3,193
1,3,0,1,3,193
1,3,0,1,3,193
1,3,0,1,3,193
1,3,0,1,3,193
1,3,0,1,3,193
2,3,0,1,3,193
2,3,0,1,3,193
2,3,0,1,3,193
2,3,0,1,3,193
2,3,0,1,3,193
2,3,0,1,3,193
2,3,0,1,3,193
2,3,0,1,3,193
2,3,0,1,3,193
2,3,0,1,3,193
2,3,0,1,3,193
2,3,0,1,3,193
2,3,0,1,3,193
2,3,0,1,3,193
2,3,0,1,3,193
2,3,0,1,3,193
2,3,0,1,3,193
2,3,0,1,3,193
2,3,0,1,3,193
2,3,0,1,3,193
2,3,0,1,3,193
2,3,0,1,3,193
2,3,0,1,3,193
2,3,0,1,3,193
2,3,0,1,3,193
2,3,0,1,3,193
2,3,0,1,3,193
2,3,0,1,3,193
2,3,0,1,3,193
2,3,0,1,3,193
2,3,0,1,3,193
2,3,0,1,3,193
2,3,0,1,2,193
2,3,0,1,2,193
2,3,0,1,2,193
2,3,0,1,2,193
2,3,0,1,2,193
2,3,0,1,2,193
2,3,0,1,2,193
2,3,0,1,2,193
2,3,0,1,2,193
2,3,0,1,2,193
2,3,0,1,2,193
2,3,0,1,2,193
2,3,0,1,2,193
2,3,0,1,2,193
2,3,0,1,2,193
2,3,0,1,2,193
2,3,0,1,2,193
2,3,0,1,2,193
2,3,0,1,2,193
2,3,0,1,2,193
2,3,0,1,2,193
2,3,0,1,2,193
2,3,0,1,2,193
2,3,0,1,2,193
2,3,0,1,2,193
2,3,0,1,2,193
2,3,0,1,2,193
2,3,0,1,2,193
2,3,0,1,2,193
2,3,0,1,2,193
2,3,0,1,2,193
2,3,0,1,2,193
2,3,0,1,2,193
2,3,0,1,2,193
2,3,0,1,2,193
2,3,0,1,2,193
2,3,0,1,2,193
2,3,0,1,2,193
2,3,0,1,2,193
2,3,0,1,2,193
2,3,0,1,2,193
2,3,0,1,2,193
2,3,0,1,2,193
2,3,0,1,2,193
2,3,0,1,2,193
2,3,0,1,2,193
2,3,0,1,2,193
0,0,0,0,0,194
0,0,0,0,0,194
0,0,0,0,0,194
0,0,0,1,0,194
1,0,0,1,0,194
1,0,0,1,0,194
1,0,1,1,0,194
1,0,1,1,1,194
1,0,1,1,2,194
1,0,1,1,3,194
1,0,1,1,3,194
2,0,1,1,3,194
2,1,1,1,3,194
2,1,1,1,3,194
2,1,1,1,3,194
2,1,1,1,3,194
2,1,1,1,3,194
2,1,1,1,3,194
2,1,1,1,3,194
2,1,1,1,3,194
2,1,1,1,3,194
2,1,1,1,3,194
2,1,1,1,3,194
2,1,1,1,3,194
2,1,1,1,3,194
2,1,1,1,3,194
2,1,1,1,3,194
2,1,1,1,3,194
2,1,1,1,3,194
2,1,1,1,3,194
2,1,1,1,3,194
2,1,1,1,3,194
2,1,1,1,3,194
2,1,1,1,3,194
2,1,1,1,3,194
2,1,1,1,3,194
2,1,1,1,3,194
2,1,1,1,3,194
2,1,1,1,3,194
2,1,1,1,3,194
2,1,1,1,3,194
2,1,1,1,3,194
2,1,1,1,3,194
2,1,1,1,3,194
2,1,1,1,3,194
2,1,1,1,3,194
2,1,1,1,3,194
2,1,1,1,3,194
2,1,1,1,3,194
2,1,1,1,3,194
2,1,1,1,3,194
2,1,1,1,3,194
2,1,1,1,3,194
2,1,1,1,3,194
2,1,1,1,3,194
2,1,1,1,3,194
2,1,1,1,3,194
2,1,1,1,3,194
2,1,1,1,3,194
2,1,1,1,3,194
2,1,1,1,3,194
2,1,1,1,3,194
2,1,1,1,3,194
2,1,1,1,3,194
2,1,1,1,3,194
2,1,1,1,3,194
2,1,1,1,3,194
2,1,1,1,3,194
2,1,1,1,3,194
2,1,1,1,3,194
2,1,1,1,3,194
2,1,1,1,3,194
2,1,1,1,3,194
2,1,1,1,3,194
2,1,1,1,3,194
2,1,1,1,3,194
2,1,1,1,3,194
2,1,1,1,3,194
2,1,1,1,3,194
2,1,1,1,3,194
2,1,1,1,3,194
2,1,1,1,3,194
2,1,1,1,3,194
2,1,1,1,3,194
2,1,1,1,3,194
2,1,1,1,3,194
2,1,1,1,3,194
2,1,1,1,3,194
2,1,1,1,3,194
2,1,1,1,3,194
2,1,1,1,3,194
2,1,1,1,3,194
2,1,1,1,3,194
2,1,1,1,3,194
2,1,1,1,3,194
2,1,1,1,3,194
2,1,1,1,3,194
2,1,1,1,3,194
2,1,1,1,3,194
2,1,1,1,3,194
0,0,0,0,0,195
1,0,0,0,0,195
1,1,0,0,0,195
1,1,0,1,0,195
1,1,0,1,0,195
1,1,0,1,0,195
1,1,0,1,0,195
1,1,0,2,0,195
2,1,0,2,0,195
2,2,0,2,0,195
2,2,0,2,0,195
2,2,0,2,1,195
2,2,0,2,1,195
2,2,0,2,2,195
2,2,0,2,2,195
2,2,0,2,2,195
2,2,0,2,3,195
2,2,0,2,3,195
2,2,0,2,3,195
2,2,0,2,3,195
2,2,0,2,3,195
2,2,0,2,3,195
2,2,0,2,3,195
2,2,0,2,3,195
2,2,0,2,3,195
2,2,0,2,3,195
2,2,0,2,3,195
2,2,0,2,3,195
2,2,0,2,3,195
2,2,0,2,3,195
2,2,0,2,3,195
2,2,0,2,3,195
2,2,0,2,3,195
2,2,0,2,3,195
2,2,0,2,3,195
2,2,0,2,3,195
2,2,0,2,3,195
2,2,0,2,3,195
2,2,0,2,3,195
2,2,0,2,3,195
2,2,0,2,3,195
2,2,0,2,3,195
2,2,0,2,3,195
2,2,0,2,3,195
2,2,0,2,3,195
2,2,0,2,3,195
2,2,0,2,3,195
2,2,0,2,3,195
2,2,0,2,3,195
2,2,0,2,3,195
2,2,0,2,3,195
2,2,0,2,3,195
2,2,0,2,3,195
2,2,0,2,3,195
2,2,0,2,3,195
2,2,0,2,3,195
2,2,0,2,3,195
2,2,0,2,3,195
2,2,0,2,3,195
2,2,0,2,3,195
2,2,0,2,3,195
2,2,0,2,3,195
2,2,0,2,3,195
2,2,0,2,3,195
2,2,0,2,3,195
2,2,0,2,3,195
2,2,0,2,3,195
2,2,0,2,3,195
2,2,0,2,3,195
2,2,0,2,3,195
2,2,0,2,3,195
2,2,0,2,3,195
2,2,0,2,3,195
2,2,0,2,3,195
2,1,0,2,3,195
2,1,0,2,3,195
2,1,0,2,3,195
2,1,0,2,3,195
2,1,0,2,3,195
2,1,0,2,3,195
2,1,0,2,3,195
2,1,0,2,3,195
2,1,0,2,3,195
2,1,0,2,3,195
2,1,0,2,3,195
2,1,0,2,3,195
2,1,0,2,3,195
2,1,0,2,3,195
2,1,0,2,3,195
2,1,0,2,3,195
2,1,0,2,3,195
2,1,0,2,3,195
2,1,0,2,3,195
2,1,0,2,3,195
2,1,0,2,3,195
2,1,0,2,3,195
2,1,0,2,3,195
2,1,0,2,3,195
2,1,0,2,3,195
2,1,0,2,3,195
0,0,0,0,0,196
0,0,0,0,0,196
0,0,0,1,0,196
0,0,0,1,1,196
0,0,1,1,1,196
0,0,1,1,2,196
0,1,1,1,2,196
0,1,1,1,2,196
0,1,1,1,3,196
0,1,1,1,3,196
0,2,1,1,3,196
0,1,1,1,4,196
0,1,1,1,4,196
0,1,1,1,4,196
0,1,1,1,4,196
1,1,1,1,4,196
1,1,1,1,4,196
1,1,1,1,4,196
1,1,1,1,4,196
1,1,1,1,4,196
0,0,0,0,0,197
0,1,0,0,0,197
0,1,1,0,0,197
0,1,1,0,0,197
1,1,1,0,0,197
1,1,1,0,1,197
1,1,1,0,1,197
1,1,1,0,1,197
1,1,1,0,2,197
1,1,1,0,2,197
1,1,1,0,3,197
1,1,1,0,4,197
2,1,1,0,4,197
2,1,1,0,4,197
2,1,1,0,4,197
2,1,1,0,4,197
2,1,1,1,3,197
2,1,1,1,3,197
2,1,1,1,3,197
2,1,1,1,3,197
2,1,1,1,3,197
2,1,1,1,3,197
2,1,1,1,3,197
2,1,1,1,2,197
2,2,0,1,2,197
2,2,0,1,2,197
2,2,0,1,2,197
2,2,0,1,2,197
2,2,0,1,2,197
2,2,0,1,2,197
2,2,1,1,2,197
2,2,1,1,2,197
2,2,1,1,2,197
2,2,2,1,2,197
2,2,2,1,2,197
2,2,2,1,2,197
2,2,2,1,2,197
2,3,2,1,2,197
2,3,2,1,2,197
2,3,2,1,2,197
2,3,2,1,2,197
2,3,2,1,2,197
2,3,2,1,2,197
2,3,2,1,3,197
2,3,2,1,3,197
2,3,2,1,3,197
2,3,2,1,3,197
2,3,2,1,3,197
2,4,2,1,3,197
2,4,2,1,3,197
2,4,2,1,3,197
2,4,2,1,3,197
2,4,2,1,3,197
2,4,2,1,3,197
2,4,2,1,3,197
2,4,2,1,4,197
2,4,2,1,4,197
2,4,2,1,4,197
2,4,2,1,4,197
2,4,2,1,4,197
2,4,2,1,4,197
2,4,2,1,4,197
2,4,2,1,4,197
2,4,2,1,4,197
2,4,2,1,4,197
2,4,2,1,4,197
2,4,2,1,4,197
2,4,2,1,4,197
2,4,2,1,4,197
2,4,2,1,4,197
2,4,2,1,4,197
2,4,2,1,4,197
2,4,2,1,5,197
2,4,2,1,5,197
2,4,2,1,5,197
2,4,2,1,5,197
2,4,2,1,5,197
2,4,2,1,5,197
2,4,2,1,5,197
2,4,2,1,5,197
2,4,2,1,5,197
2,4,2,1,5,197
2,4,2,1,5,197
2,4,2,1,5,197
2,4,2,1,5,197
2,4,2,1,5,197
2,4,2,1,5,197
2,4,2,1,5,197
2,4,2,1,5,197
2,4,2,1,5,197
3,4,2,1,5,197
3,4,2,1,5,197
3,4,2,1,5,197
3,4,2,1,5,197
3,4,2,1,5,197
3,4,2,1,5,197
3,4,2,1,5,197
3,4,2,1,5,197
3,4,2,1,5,197
3,4,2,1,5,197
0,0,0,0,0,198
0,0,1,0,0,198
0,0,1,1,0,198
0,0,1,1,1,198
0,1,1,1,1,198
0,2,1,1,1,198
0,3,1,1,1,198
1,3,1,1,1,198
1,3,1,0,2,198
1,3,1,0,3,198
1,4,1,0,3,198
1,4,1,1,3,198
1,4,1,1,3,198
1,4,1,1,3,198
1,4,1,1,3,198
1,4,1,1,3,198
1,4,1,1,3,198
1,4,1,1,3,198
1,4,1,1,3,198
1,4,1,1,3,198
1,4,2,1,3,198
1,4,2,1,3,198
1,4,2,1,3,198
1,4,2,1,3,198
2,4,2,1,3,198
2,4,2,1,3,198
2,4,2,1,3,198
2,4,2,1,3,198
2,4,2,1,3,198
2,4,2,1,3,198
2,4,2,1,3,198
2,4,2,1,4,198
2,4,2,1,4,198
2,4,2,1,4,198
2,4,2,1,4,198
2,4,2,1,4,198
2,4,2,1,4,198
2,4,2,1,4,198
2,4,2,1,4,198
2,4,2,1,4,198
2,4,2,1,4,198
2,4,2,1,4,198
2,4,2,1,4,198
2,4,2,1,4,198
2,4,2,1,4,198
2,4,2,1,4,198
2,4,2,1,4,198
2,4,2,1,4,198
2,4,2,1,4,198
2,4,2,1,4,198
2,4,2,1,4,198
2,4,2,1,5,198
2,4,2,1,5,198
2,4,2,1,5,198
2,4,2,1,5,198
2,4,2,1,5,198
2,4,2,1,5,198
2,4,2,1,5,198
2,4,2,1,5,198
2,4,2,1,5,198
2,4,2,1,5,198
3,4,2,1,5,198
3,4,2,1,5,198
3,4,2,1,5,198
3,4,2,1,5,198
3,4,2,1,5,198
3,4,2,1,5,198
3,4,2,1,5,198
3,4,2,1,5,198
3,4,2,1,5,198
3,4,2,1,5,198
3,4,2,1,5,198
3,4,2,1,5,198
3,4,2,1,5,198
3,4,1,1,5,198
3,4,1,1,5,198
3,4,1,1,5,198
3,4,1,1,5,198
3,4,1,1,5,198
3,4,1,1,5,198
3,4,1,1,5,198
3,4,1,1,5,198
3,4,1,1,5,198
3,4,1,2,5,198
3,4,1,2,5,198
3,4,1,2,5,198
3,4,1,2,5,198
3,4,2,2,5,198
3,3,3,2,5,198
3,3,3,2,5,198
3,3,3,2,5,198
3,3,3,2,5,198
3,3,3,2,5,198
3,3,4,2,4,198
3,3,4,2,4,198
3,3,4,2,4,198
3,3,4,2,4,198
4,3,4,2,4,198
4,3,4,2,4,198
4,3,4,2,4,198
0,0,0,0,0,199
0,0,0,1,0,199
1,0,0,1,0,199
1,0,0,1,1,199
1,0,1,1,1,199
1,0,1,1,1,199
1,0,1,1,1,199
1,0,1,1,2,199
1,1,1,1,2,199
2,1,1,1,2,199
2,1,1,1,2,199
2,1,1,1,3,199
3,1,1,1,3,199
3,2,1,1,3,199
3,2,1,1,3,199
3,2,1,1,3,199
4,2,1,1,3,199
4,2,1,1,3,199
4,2,1,1,3,199
4,2,1,1,4,199
4,3,1,1,4,199
4,4,1,1,4,199
4,4,1,1,4,199
4,4,1,1,4,199
4,4,1,1,4,199
4,4,1,1,4,199
4,4,1,1,4,199
4,4,2,1,4,199
4,4,2,2,4,199
4,4,2,2,4,199
4,5,2,2,4,199
5,5,2,2,4,199
5,5,2,2,4,199
5,5,2,3,3,199
5,5,2,3,3,199
5,5,2,3,3,199
5,5,2,4,3,199
5,5,3,4,3,199
6,5,3,4,3,199
6,5,3,4,3,199
6,5,3,4,3,199
6,5,3,5,3,199
5,6,3,5,3,199
5,6,3,4,4,199
5,7,3,4,4,199
5,8,3,4,4,199
5,8,3,4,4,199
5,8,3,4,4,199
5,8,3,5,4,199
5,8,3,6,4,199
5,8,3,6,4,199
5,8,3,6,5,199
6,7,3,6,5,199
6,7,4,6,5,199
6,7,4,6,5,199
5,7,4,6,5,199
5,7,4,6,6,199
5,7,4,6,7,199
5,7,4,6,7,199
6,7,4,6,7,199
6,7,4,6,7,199
6,6,4,7,7,199
6,6,5,7,7,199
6,7,5,7,7,199
6,7,5,7,7,199
6,7,5,7,7,199
6,8,5,7,7,199
6,8,5,7,7,199
6,9,5,7,7,199
6,10,5,7,7,199
6,10,5,7,7,199
6,10,5,7,7,199
6,10,5,7,7,199
6,10,5,7,8,199
6,10,5,7,8,199
6,10,5,7,8,199
6,11,5,7,7,199
5,12,5,7,7,199
5,12,5,7,8,199
5,12,5,7,8,199
5,12,4,7,8,199
5,13,4,6,8,199
5,14,4,6,8,199
5,14,4,6,8,199
5,14,4,6,8,199
5,14,4,6,8,199
5,14,4,6,8,199
5,14,4,6,8,199
5,13,4,6,9,199
5,14,4,6,9,199
5,14,4,6,9,199
5,14,4,6,9,199
5,13,4,6,9,199
5,13,4,6,10,199
5,13,4,6,10,199
5,12,4,6,11,199
5,12,4,6,11,199
5,12,4,6,11,199
5,12,5,6,11,199
5,12,5,6,11,199
0,0,0,0,0,200
0,0,1,0,0,200
0,0,1,1,0,200
0,0,1,1,0,200
0,0,1,1,0,200
1,0,1,1,0,200
1,0,1,1,0,200
1,0,1,1,1,200
2,0,1,1,1,200
2,1,1,1,1,200
2,1,1,1,2,200
2,2,1,1,2,200
2,2,1,1,2,200
2,2,1,1,3,200
2,2,1,1,3,200
2,2,1,1,3,200
2,2,1,1,3,200
3,2,1,1,3,200
3,2,1,1,3,200
3,2,1,1,3,200
3,2,1,1,3,200
3,2,1,1,3,200
3,2,1,1,3,200
3,2,1,1,4,200
3,3,1,1,4,200
3,4,1,1,4,200
3,4,1,1,4,200
3,4,1,1,4,200
3,4,1,1,4,200
3,4,1,2,4,200
3,4,1,2,4,200
3,5,1,2,4,200
4,5,1,2,4,200
4,5,1,2,4,200
4,4,1,2,5,200
4,4,1,2,6,200
4,4,1,2,7,200
5,4,1,2,7,200
5,4,1,2,7,200
5,4,1,2,7,200
5,4,2,2,7,200
5,4,2,2,7,200
5,4,2,2,7,200
5,4,2,2,8,200
5,4,2,2,9,200
5,4,2,3,8,200
5,4,2,3,8,200
5,4,3,3,7,200
5,4,3,3,7,200
4,5,3,3,7,200
4,5,3,3,7,200
4,5,4,3,7,200
4,5,4,4,6,200
4,5,4,4,6,200
4,5,4,4,6,200
4,5,4,4,6,200
4,4,4,4,6,200
4,4,5,4,6,200
4,4,5,3,7,200
4,5,5,3,7,200
4,5,5,3,6,200
4,6,5,3,6,200
5,6,5,3,6,200
5,7,5,3,6,200
4,7,5,4,6,200
5,7,5,4,6,200
5,7,5,5,6,200
5,7,5,5,6,200
6,7,5,5,6,200
6,8,5,5,6,200
6,8,5,5,6,200
7,8,5,5,6,200
7,9,5,5,6,200
7,9,4,6,6,200
7,9,4,6,6,200
7,9,4,6,6,200
7,10,4,6,6,200
7,10,4,6,6,200
6,10,4,6,7,200
6,10,4,6,7,200
6,10,4,6,7,200
7,10,4,6,7,200
7,10,4,6,7,200
7,11,4,6,6,200
8,11,4,6,6,200
8,11,4,7,6,200
8,11,4,6,7,200
8,11,4,6,7,200
9,11,4,6,7,200
9,11,5,6,7,200
9,11,6,6,7,200
9,12,6,6,7,200
9,12,6,6,7,200
9,11,6,6,7,200
9,11,6,6,7,200
9,11,6,7,7,200
9,10,6,7,8,200
9,10,7,7,7,200
9,10,7,7,7,200
8,10,7,7,8,200
