Time,run_id
0.1000728384154291,1
0.2151243381986281,1
0.3301758379818272,1
0.4452273377650263,1
0.5602788375482254,1
0.6208303373314245,1
0.7363818371146236,1
0.8519333368978226,1
0.9674848366810216,1
1.0830363364642206,1
2.530841264290149,1
2.592351827186877,1
2.7088623897855824,1
3.871167864066893,1
3.934861052197749,1
3.998554240328605,1
4.06224742845946,1
4.125940616590316,1
4.189633804721171,1
4.253326992852027,1
4.372020180684859,1
4.435713368815715,1
4.49940655694657,1
4.563099745077426,1
4.626792933208281,1
4.690486121339137,1
4.809179309171969,1
4.872872497302825,1
4.93656568543368,1
5.000258873564536,1
5.063952061695392,1
5.182645249528224,1
5.246338437659079,1
5.310031625789935,1
5.373724813920791,1
5.492418001753623,1
5.556111189884478,1
5.674804377717311,1
5.738497565848166,1
5.857190753680999,1
5.920883941811854,1
6.039577129644687,1
6.158270317477519,1
6.221963505608374,1
6.28565669373923,1
6.3493498818700855,1
6.413043070000941,1
6.476736258131797,1
6.595429445964629,1
6.6591226340954845,1
6.72281582222634,1
6.786509010357196,1
6.850202198488051,1
6.913895386618907,1
6.977588574749762,1
7.041281762880618,1
7.1049749510114735,1
7.168668139142329,1
7.232361327273185,1
7.29605451540404,1
7.359747703534896,1
7.423440891665751,1
7.487134079796607,1
7.605827267629439,1
7.669520455760295,1
7.788213643593127,1
7.851906831723983,1
7.915600019854838,1
7.979293207985694,1
8.04298639611655,1
8.106679584247406,1
8.170372772378261,1
8.234065960509117,1
8.297759148639972,1
8.416452336472805,1
8.535145524305637,1
8.598838712436493,1
8.662531900567348,1
8.726225088698204,1
8.844918276531036,1
8.908611464661892,1
8.972304652792747,1
9.035997840923605,1
9.154691028756435,1
11.67732553498202,1
14.059472689844846,1
16.541410563225323,1
19.338422350314083,1
21.82828856939817,1
24.92407921552955,1
25.020430882494487,1
25.116782549459423,1
25.213134216424365,1
25.309485883389303,1
25.46083755035424,1
25.55718921731918,1
25.65354088428412,1
25.74989255124905,1
25.846244218214,1
25.94259588517893,1
0.1000728384154291,2
0.1935406949211217,2
0.2808682199407674,2
0.3668272670198537,2
0.3967130284596539,2
0.4807156722832776,2
0.5660930078316785,2
0.6515115003872968,2
0.724568675069914,2
0.7396466730002619,2
0.8076678661469675,2
0.8165112061266161,2
1.5243948621515488,2
1.5940632967118478,2
1.663565605676577,2
1.7331006971959328,2
1.7476687969480014,2
1.8172701166782832,2
1.8863052146349408,2
1.949157887867496,2
1.9572290515367248,2
1.9616003891293263,2
1.961319719966578,2
1.954917114287692,2
1.939869548253792,2
0.9098608745858844,2
0.1000728384154291,3
0.2151243381986281,3
0.3301758379818272,3
0.4452273377650263,3
0.5052788375482253,3
0.6203303373314244,3
0.7324161012118238,3
0.8364546755300526,3
0.9375543165237707,3
1.0381271549392,3
1.0832234424556075,3
1.1828846730870668,3
1.2737663560194437,3
2.009273763307535,3
2.05132461301709,3
2.14662217836858,3
3.3430260020130014,3
3.3854423610595985,3
3.427509741296518,3
3.524250918924096,3
3.6206858784254696,3
3.716694038682088,3
3.754436649702891,3
3.846687063895568,3
3.9391779008735264,3
4.03137549044977,3
4.123033635639056,3
5.772737853549822,3
5.812948603503807,3
5.908104408853157,3
6.002668265574082,3
7.430879000895127,3
7.52765521066676,3
7.624295045011147,3
7.658818044089182,3
7.693232577614887,3
7.782604370586975,3
8.918022070400818,3
10.39891723202954,3
10.493328605167967,3
10.587948900036915,3
12.477799993329151,3
14.47033534603606,3
16.599645477109057,3
16.70407403665076,3
18.8356083746482,3
21.28863872247229,3
21.398549963109595,3
24.165886093251807,3
27.060540385265853,3
27.181895865007608,3
27.248151402617605,3
27.368952081336573,3
27.47907842023571,3
27.534204751982287,3
27.644331090881423,3
27.754028119875983,3
27.857048966719702,3
30.60396597607334,3
33.368687131239966,3
36.817794778182105,3
38.26662132961948,3
38.38391866607864,3
40.057066940500334,3
40.17550847007234,3
42.54344317389925,3
43.99534985496004,3
44.11561008615692,3
47.534511529638365,3
49.68785537008241,3
49.81637504597498,3
51.49976992498286,3
51.6192236010278,3
53.293588883086514,3
53.3519748214925,3
53.46520672629721,3
53.578192001983,3
57.075483090087246,3
57.19341667632706,3
60.492140612408,3
61.94432898501999,3
63.80239602069504,3
63.92346026639588,3
64.04415599147923,3
65.7196410063947,3
67.22720495502598,3
67.34821896146185,3
69.07892970631964,3
71.1517598955997,3
72.61028644281461,3
72.73735913517423,3
74.60041288233813,3
74.72642343566773,3
76.64476585025477,3
78.32629084337154,3
78.45323931148137,3
80.66043391932251,3
80.78800087193137,3
82.80716511253506,3
82.93528079505808,3
0.1000728384154291,4
0.1966799409280585,4
0.2854478379546802,4
0.3142599260269801,4
0.3971012329518001,4
0.4803085570990245,4
0.5638295283376377,4
0.6492254977881114,4
0.734100768512408,4
0.7638138571589391,4
0.8480697760193746,4
0.931774679741184,4
1.7044853010981482,4
3.4003874102442664,4
3.4863208198755187,4
5.314797844907562,4
6.448916759511749,4
6.538938101550857,4
8.980149086734574,4
12.027841147205155,4
14.972376164218703,4
15.087138956424424,4
18.298187939662625,4
21.12861286037773,4
21.24054895141343,4
21.34770346977929,4
24.75703383782128,4
28.43683337196914,4
30.641187902588825,4
32.71242152900576,4
32.83703944293994,4
32.95162578134078,4
36.631665642524624,4
38.70269943202082,4
40.43741486575123,4
42.64268819130383,4
42.76034955568038,4
42.87764308489285,4
44.78702328241788,4
47.208511090645416,4
49.12419337689594,4
49.2477854375174,4
49.37106727070021,4
51.28656930217333,4
51.41002441787052,4
53.1432540885155,4
53.26677943989331,4
53.390048661737765,4
53.51307118977877,4
54.96765568116136,4
55.09071992967596,4
55.906944810551664,4
57.584842636273066,4
57.70809431757599,4
57.83126069030042,4
59.05318141103013,4
59.17631564860103,4
59.29927195461747,4
59.42205026864032,4
61.15465680046044,4
62.37661817019908,4
62.499842723760345,4
62.6216083240339,4
62.74322376830553,4
62.861423570906425,4
64.36464022083608,4
66.09160740375724,4
66.20904408672925,4
68.06395856353166,4
69.91955983711493,4
70.03833467618347,4
70.1425289149654,4
70.19183575466991,4
70.24109992862464,4
70.29032179818273,4
70.39450931654096,4
70.4986695285213,4
71.30095877058717,4
71.34380764447066,4
71.44162959538313,4
73.09492678128096,4
74.80418617211195,4
77.25391460494833,4
79.25206333624186,4
79.35927619636853,4
79.46213013530571,4
80.2584332287391,4
80.36157316566307,4
80.46469506473143,4
80.51279684007962,4
80.6158529132684,4
81.41685886372025,4
81.46990080719016,4
81.57792936188453,4
81.68136513901227,4
82.47820687962049,4
83.27533454370969,4
83.37926037532561,4
86.12946847591896,4
87.56790772591133,4
0.1000728384154291,5
0.1966799409280585,5
0.2891413511304917,5
0.3757513107328477,5
0.4621676968007149,5
0.5487180666594567,5
0.5713836175917448,5
0.6487600652097525,5
0.7270811495899023,5
0.8059123752235235,5
0.8844897372244658,5
0.9631168542026344,5
0.986794221919662,5
1.0655223538695635,5
1.0893017666010918,5
1.1131329925327362,5
1.1370165755568804,5
1.215643692535049,5
1.936083007377273,5
2.018170986097938,5
3.716603073996192,5
5.365267548483497,5
5.460090029758102,5
5.555589217466003,5
5.596871256601697,5
5.691693737876302,5
7.528273179900533,5
9.1860796955942,5
9.22820257000316,5
9.325861673575528,5
9.369121499132998,5
9.4130642002045,5
9.457798022550232,5
9.503472104442007,5
9.55030519492615,5
9.598649691563732,5
9.700482789200432,5
11.701888266724236,5
11.769373018067965,5
11.83685776941169,5
11.959342520457394,5
12.081827271503098,5
12.149312022846823,5
12.216796774190552,5
12.339281525236256,5
12.406766276579985,5
12.47425102792371,5
12.596735778969414,5
12.66422053031314,5
12.779773812514431,5
14.986018758040554,5
17.006733517867215,5
18.69279990695108,5
18.76942842058528,5
18.846056934219487,5
18.92268544785369,5
18.999313961487896,5
19.11302487902034,5
21.36592929415096,5
23.42687552027095,5
25.5720359569012,5
27.95449331822469,5
30.34690294747736,5
30.491727483735986,5
32.78117698363438,5
35.58494325342572,5
35.680659322114856,5
35.83137539080399,5
35.92709145949313,5
36.05855679017371,5
36.83067589594649,5
36.912651690461466,5
37.00511596314677,5
37.10104597173486,5
39.33305714767261,5
39.48562678193052,5
39.58319641618843,5
39.73576605044634,5
39.833335684704245,5
42.38587022601844,5
42.48550949453426,5
42.633217291244485,5
43.83200066417071,5
43.93217174842882,5
44.087342832686936,5
45.98029946953033,5
47.69175407038918,5
47.82829903600282,5
49.524064165890806,5
51.01377665161546,5
51.117194776220224,5
51.27561290082499,5
51.434181300936736,5
51.53774970104848,5
51.64131810116023,5
51.79988650127198,5
51.936421305147405,5
53.17501336713641,5
53.267036976542165,5
53.42605006231192,5
0.1000728384154291,6
0.1966799409280585,6
0.236259717900147,6
0.2744010845099767,6
0.3114267333632353,6
0.3475407744325241,6
0.4239046620159563,6
0.4986776008745925,6
0.565386024071862,6
0.6300133287450569,6
0.640881962842335,6
0.7035457191532748,6
0.708269315074225,6
0.708345940744997,6
0.7573006324828873,6
0.7426129341484318,6
-0.2869260549186458,6
0.1000728384154291,7
0.1966799409280585,7
0.291259717900147,7
0.3849010845099767,7
0.4780659002207847,7
0.5704925359375624,7
0.6075416338917994,7
0.6442397105526702,7
0.7354921483140608,7
0.7715544490975054,7
0.8624335792150509,7
0.9515582840975576,7
1.040651443134098,7
1.77003371935457,7
1.8062688150150967,7
2.944015796692618,7
2.9830576077741644,7
3.022008230917962,7
3.115869299428927,7
3.151642390447127,7
4.2867602788977495,7
4.323237002747523,7
4.3596850716643205,7
4.396104649560916,7
4.432495900350081,7
4.5233013787441125,7
4.559734017508494,7
4.651044987993704,7
4.686534055428969,7
4.721929662781226,7
4.812233530836569,7
4.847447299318778,7
4.882572569804656,7
4.917610880839097,7
4.95256372253822,7
5.042432528840767,7
5.077218686150776,7
5.111923542725312,7
5.201430749999749,7
6.336675119506585,7
7.473793816673028,7
7.512339756744372,7
7.550925538795458,7
7.589551479475962,7
7.62821790661143,7
7.6669251517526975,7
7.705673550175892,7
7.744463440882431,7
7.83810957978891,7
7.876920347022282,7
7.913358342754113,7
8.00492678295301,7
8.041629155086742,7
8.07846915061997,7
8.115450666206346,7
8.207652264194952,7
8.245084085422025,7
8.282757238405214,7
8.320683968173729,7
8.358877823608385,7
8.452353888111578,7
8.491129041569696,7
8.5852223270707,7
8.624655363070236,7
8.664452933626638,7
8.704643719749914,7
8.745261304932104,7
8.786345549779401,7
8.881536335604654,7
9.61645647968577,7
9.658425525682436,7
9.700598684059845,7
9.79798464189695,7
9.895105992364154,7
11.038594041871296,7
11.138103191661106,7
12.283569400119053,7
12.384335127579437,7
12.430871606724724,7
12.531509117143615,7
13.678264454858766,7
15.115409568803774,7
15.167171967136133,7
15.273738262163864,7
16.43057214897568,7
16.5467326804439,7
16.670940401474287,7
16.74111863456135,7
16.85184500596886,7
18.309819728424387,7
19.0811275346731,7
20.771013947324,7
22.23942799643504,7
22.37654768442619,7
24.65923928923509,7
27.05049052523516,7
29.275856317858928,7
31.16009174971792,7
33.55751542942527,7
35.73351643605861,7
0.1000728384154291,8
0.1966799409280585,8
0.291259717900147,8
0.3844010845099767,8
1.867180156785507,8
1.962589311043062,8
2.05411381516818,8
2.144886905888357,8
2.2360068956411263,8
2.271549320409336,8
2.306574041584768,8
4.541462356785574,8
7.225315506199636,8
10.373126245807244,8
14.022225502859918,8
17.731262666775883,8
20.10559272054521,8
22.74306770832839,8
22.814658371299256,8
22.94046166203109,8
23.000276398631623,8
23.05969603547588,8
23.11874951986778,8
23.17746184543949,8
23.23585481062823,8
23.288555538077738,8
23.3410318034717,8
23.448293252006952,8
23.50034873400553,8
23.55220639929855,8
23.60387377723429,8
23.651033169300177,8
23.698046480955146,8
23.744917859223293,8
23.791651222157203,8
23.89325027729308,8
23.93971853817433,8
23.97581260392993,8
24.066813056567604,8
24.1027216214928,8
24.138539956161672,8
24.22926966215104,8
24.26491227860182,8
24.30046929905742,8
24.335942161479885,8
24.42342594752639,8
24.45584018270105,8
24.488185831556017,8
24.520463821688587,8
24.60767505804628,8
24.63982041294306,8
24.72690075005024,8
24.75891689697832,8
24.79086967299312,8
24.82275987158149,8
24.85458826387852,8
24.93242241556376,8
24.955218610564167,8
24.97797713915437,8
25.000698280731136,8
25.078382318118507,8
25.10102951640814,8
25.123640149110848,8
25.146214480722243,8
25.16875277387529,8
25.246255285317,8
25.2687222708258,8
25.346153979400093,8
28.071097617248,8
31.10498476515144,8
34.55809966587032,8
38.78054582259239,8
41.7366968759967,8
44.34364213463586,8
47.50396958414012,8
50.71082365079224,8
54.135202433476366,8
54.20389657672942,8
54.27196350438826,8
54.33983681000158,8
54.407523712777554,8
54.47503091288184,8
54.54236464547723,8
54.6095307275126,8
54.67653459843769,8
54.74338135579867,8
54.86507578649445,8
54.92416435375503,8
54.98314998784756,8
55.04203476514578,8
55.09514615384044,8
55.1481824660495,8
55.20114481241267,8
55.25403427118776,8
55.3618518896465,8
55.41459868539141,8
55.467275647598896,8
55.51988373819407,8
55.57242389296151,8
55.624897022596606,8
0.1000728384154291,9
0.1971799409280585,9
3.138831648376513,9
3.244868179687346,9
3.3492890668909414,9
3.452490835311778,9
3.5547132311166214,9
3.646087534364892,9
3.737291608406114,9
3.817456748736905,9
3.8435140572766535,9
3.869455080879735,9
3.895282462639617,9
3.975998729867744,9
4.056552820308017,9
5.753387384517001,9
7.229923062426852,9
7.319965750379371,9
7.3550573777685635,9
7.390198428584146,9
7.480290059400605,9
7.515481029106187,9
7.550773352784919,9
7.585492063714074,9
7.620334674073266,9
7.655304331732797,9
7.690404352201032,9
7.780638222051667,9
7.816009626192855,9
7.851522453529643,9
7.887180820507812,9
7.92298909316759,9
7.95895190204482,9
7.995074179423856,9
8.086361173940706,9
8.122818503929185,9
8.159452174259233,9
8.196268633408355,9
8.288274810118484,9
8.325478200269746,9
8.362886898619937,9
8.400509696854161,9
8.438356176419067,9
8.476436812830972,9
8.514763109786319,9
8.553347766799735,9
8.592204865468549,9
8.686350103868055,9
8.725801121843862,9
8.765577834499883,9
8.799664915008353,9
8.834011122984695,9
8.868630621982621,9
8.90353921840887,9
8.938754659546422,9
8.974297013534116,9
9.010189161104964,9
9.046457425160217,9
9.083132420135543,9
9.120250180764009,9
9.15785376022558,9
9.250995494825649,9
9.28974036912422,9
9.329171248180677,9
9.369397450638818,9
9.41056986193161,9
9.448547568572568,9
9.488552600545692,9
9.532023366941022,9
9.58445293123822,9
9.63688249553542,9
9.68931205983262,9
9.74174162412982,9
9.849171188128995,9
9.901600752426194,9
11.399957809997606,9
11.45702049176197,9
11.514083173526334,9
11.571145855290698,9
11.628208537055064,9
11.685271218819429,9
11.742333900583793,9
11.799396582348155,9
11.85645926411252,9
11.913521945876884,9
11.970584627641248,9
12.027647309405612,9
12.084709991169976,9
12.196772668911027,9
12.253835350675391,9
12.310898032439756,9
12.36796071420412,9
12.425023395968484,9
12.482086077732848,9
12.539148759497213,9
12.596211441261577,9
12.65327412302594,9
12.765336800766992,9
12.822399482531356,9
12.87946216429572,9
0.1000728384154291,10
0.1966799409280585,10
0.291259717900147,10
0.3861844592296704,10
0.4784337483846768,10
0.5724625789129361,10
0.5986800805234536,10
0.6248557396733387,10
0.64759490792986,10
0.669370367800556,10
0.748617402886711,10
0.7710388429963215,10
0.8451734684908017,10
0.919219178756438,10
0.9388538055622204,10
1.7126596026622876,10
1.7944339640938862,10
3.273422492345534,10
3.3646782540285214,10
5.028488864799701,10
5.082861529340707,10
5.137234193881713,10
5.191606858422719,10
5.300979526390992,10
5.355352190931998,10
5.409724855473004,10
5.46409752001401,10
5.518470184555016,10
5.572842849096023,10
5.6272155136370285,10
5.681588178178035,10
5.790960846146308,10
5.845333510687314,10
5.89970617522832,10
5.954078839769326,10
6.008451504310332,10
6.062824168851338,10
6.117196833392344,10
6.17156949793335,10
6.2259421624743565,10
6.280314827015363,10
6.389687494983636,10
6.499060162951909,10
6.553432827492915,10
6.607805492033921,10
6.662178156574927,10
6.716550821115933,10
6.770923485656939,10
6.825296150197945,10
6.879668814738952,10
6.934041479279958,10
6.988414143820964,10
7.04278680836197,10
7.097159472902976,10
7.151532137443982,10
7.205904801984988,10
7.260277466525994,10
7.314650131067,10
7.369022795608006,10
7.478395463576279,10
7.532768128117286,10
7.587140792658292,10
7.641513457199298,10
7.695886121740304,10
7.75025878628131,10
7.804631450822316,10
7.859004115363322,10
7.913376779904328,10
7.967749444445334,10
8.022122108986341,10
8.076494773527347,10
8.130867438068353,10
8.18524010260936,10
8.294612770577633,10
8.348985435118639,10
8.403358099659645,10
8.457730764200651,10
8.512103428741657,10
8.566476093282663,10
8.62084875782367,10
8.675221422364675,10
8.729594086905681,10
8.783966751446687,10
8.838339415987694,10
8.947712083955967,10
9.002084748496973,10
9.05645741303798,10
9.110830077578983,10
9.165202742119993,10
9.219575406660995,10
9.32894807462927,10
9.383320739170276,10
9.437693403711284,10
9.492066068252289,10
9.546438732793296,10
9.6008113973343,10
9.655184061875309,10
9.709556726416311,10
9.76392939095732,10
9.818302055498323,10
0.1000728384154291,11
0.2081928663930287,11
0.3232443661762277,11
0.4382958659594268,11
0.5508473688428611,11
0.6633988717262954,11
0.7585052424733848,11
0.801517380929491,11
0.8949340121512622,11
0.9855005355243892,11
1.720734855688116,11
2.515076658285162,11
3.6647453518276425,11
5.107053420103094,11
7.473996541059515,11
8.693801900899908,11
8.75999498233845,11
8.881188063478968,11
10.742232708788416,11
13.769581089305166,11
16.421972901303565,11
19.286532569829063,11
22.427820300815725,11
24.19002436218916,11
26.08069312450452,11
27.78994902847236,11
29.682568996182805,11
31.6311837053291,11
33.81373966422809,11
35.70951221922589,11
36.506963962738624,11
36.61126852569141,11
36.77057308864419,11
36.874877651596975,11
36.97918221454976,11
37.08348677750254,11
37.18779134045533,11
37.29209590340811,11
37.396400466360895,11
37.50070502931368,11
37.60500959226646,11
37.709314155219246,11
37.86861871817203,11
38.027923281124814,11
38.1322278440776,11
38.23653240703038,11
38.340836969983165,11
38.44514153293595,11
38.60444609588873,11
38.70875065884152,11
38.8130552217943,11
38.917359784747084,11
39.07666434769987,11
39.18096891065265,11
39.28527347360544,11
39.44457803655822,11
39.548882599511,11
39.70818716246379,11
39.81249172541657,11
39.91679628836936,11
40.02110085132214,11
40.18040541427492,11
40.284709977227706,11
40.38901454018049,11
40.54831910313328,11
40.65262366608606,11
40.75692822903884,11
40.861232791991625,11
41.02053735494441,11
41.12484191789719,11
41.22914648084998,11
41.38845104380276,11
41.49275560675554,11
41.59706016970833,11
41.75636473266111,11
41.860669295613896,11
41.96497385856668,11
42.06927842151946,11
42.17358298447225,11
42.27788754742503,11
42.382192110377815,11
42.4864966733306,11
42.59080123628338,11
42.75010579923617,11
42.85441036218895,11
42.95871492514173,11
43.11801948809452,11
43.2223240510473,11
43.326628614000086,11
43.43093317695287,11
43.53523773990565,11
43.63954230285844,11
43.74384686581122,11
43.848151428764005,11
44.00745599171679,11
44.11176055466957,11
44.21606511762236,11
44.32036968057514,11
44.47967424352792,11
44.58397880648071,11
0.1000728384154291,12
0.1966799409280585,12
0.291259717900147,12
0.3913325563155762,12
0.5063840560987752,12
0.6189355589822095,12
0.7319870628789228,12
2.793124500699357,12
2.9083519541099827,12
3.023579407520608,12
3.1422725953534405,12
3.260965783186273,12
3.379658971019105,12
3.444016870148496,12
3.5083747692778866,12
3.5727326684072773,12
3.637090567536668,12
3.756448466368036,12
3.820806365497426,12
3.885164264626817,12
3.949522163756208,12
4.013880062885598,12
4.078237962014989,12
4.14259586114438,12
5.362401220984773,12
6.817023966498689,12
8.557064878499187,12
10.716068482047802,12
12.589947639267006,12
15.241700736863583,12
17.410395341713006,12
20.06806883278205,12
23.11020588394145,12
23.20717507282572,12
25.097088464227937,12
26.58229211843513,12
26.68120141152244,12
26.780110704609747,12
26.879019997697053,12
26.97792929078436,12
27.13183858387167,12
27.230747876958976,12
27.384657170046285,12
27.48356646313359,12
27.6374757562209,12
27.736385049308208,12
27.83529434239552,12
27.93420363548282,12
28.033112928570127,12
28.13202222165744,12
28.23093151474474,12
28.32984080783205,12
28.428750100919352,12
28.52765939400666,12
28.626568687093965,12
28.780477980181274,12
28.934387273268584,12
29.088296566355893,12
29.1872058594432,12
29.286115152530503,12
29.38502444561781,12
29.48393373870512,12
29.582843031792425,12
29.73675232487973,12
29.83566161796704,12
29.98957091105435,12
30.088480204141657,12
30.187389497228963,12
30.34129879031628,12
30.495208083403583,12
30.64911737649089,12
30.7480266695782,12
30.846935962665505,12
31.00084525575281,12
31.154754548840124,12
31.25366384192743,12
31.352573135014737,12
31.451482428102043,12
31.55039172118935,12
31.70430101427666,12
31.85821030736397,12
31.957119600451275,12
32.05602889353858,12
32.20993818662589,12
32.3088474797132,12
32.40775677280051,12
32.50666606588782,12
32.60557535897513,12
32.70448465206244,12
32.80339394514975,12
32.90230323823706,12
33.00121253132437,12
33.10012182441168,12
33.25403111749899,12
33.4079404105863,12
33.50684970367361,12
33.60575899676092,12
33.70466828984823,12
33.80357758293554,12
33.90248687602285,12
0.1000728384154291,13
0.2151243381986281,13
0.3301758379818272,13
0.4452273377650263,13
0.5503816298398262,13
0.651210934727193,13
0.7502832501803705,13
0.8469138017939782,13
1.5826454504688714,13
1.6785475574007134,13
2.875057798150774,13
2.917581243691859,13
3.013918160836291,13
3.1098362285653955,13
3.2018950436274416,13
3.98826174475354,13
4.0806405920545465,13
5.785251535848797,13
6.925558962301434,13
7.021695219353855,13
7.06266597323221,13
7.158476535604418,13
7.254131872580469,13
7.35033552013439,13
7.391561247781933,13
7.432809148357332,13
7.528882358596743,13
9.183356259391726,13
10.38330349736017,13
10.483846228943287,13
12.323412102089346,13
13.758865397797049,13
13.86272764615816,13
15.52369296960634,13
18.03108394555849,13
18.13968708776039,13
19.57403781674904,13
19.668418754265726,13
21.65737556330961,13
23.49475656859678,13
25.15162502639097,13
25.253882158921183,13
25.35607157312435,13
27.709176641331137,13
27.81448538266224,13
27.91952895037932,13
29.762983907387675,13
29.869457591698588,13
32.12121187560362,13
32.23036673329872,13
34.9264610078196,13
37.6106685917769,13
40.21711715890991,13
41.67067099710975,13
41.79270389820864,13
41.85036886255672,13
41.89908117200663,13
42.00288462038567,13
42.10394948865702,13
42.14524620543649,13
42.18662125389507,13
42.28269008319309,13
43.71204820792606,13
43.80993110458782,13
44.95311600487163,13
44.99772912036112,13
45.04238305013111,13
45.08707813318303,13
45.18681470449498,13
45.22745268191626,13
45.26812432851126,13
45.36382987494996,13
45.40456955279639,13
45.44534359272053,13
45.54099837090304,13
47.719928176658655,13
49.55858138348391,13
49.60554460580876,13
49.647481208252216,13
49.689489366071726,13
49.73157012234857,13
49.77372454251578,13
49.81595373298457,13
49.85825882624319,13
49.90064099203279,13
49.998101440774704,13
50.04064140986135,13
50.08326218794515,13
50.180722636687065,13
52.36038677166631,13
52.46017765026024,13
54.81152199726036,13
57.166123618888165,13
59.78657292346885,13
62.55337428073814,13
65.75154708843162,13
68.58467251637721,13
70.32008599500396,13
71.83316396909493,13
73.57029094529025,13
0.1000728384154291,14
0.1966799409280585,14
0.291259717900147,14
3.170253432004923,14
6.116412618585647,14
6.230572114533103,14
6.348252595564291,14
6.480426018343271,14
6.61259944112225,14
6.74477286390123,14
6.87694628668021,14
6.954119709459189,14
7.031293132238168,14
7.163466555017148,14
7.240639977796127,14
7.372813400575106,14
9.58813345105984,14
11.975485035804423,14
14.629395979252507,14
17.495196826964257,14
20.58849873477616,14
21.37960681646961,14
21.53256771760312,14
21.63052861873663,14
21.728489519870138,14
21.82645042100365,14
21.92441132213716,14
22.02237222327066,14
22.12033312440417,14
22.21829402553768,14
22.316254926671185,14
22.414215827804693,14
22.5671767289382,14
22.66513763007171,14
22.763098531205216,14
22.861059432338724,14
22.959020333472232,14
23.11198123460574,14
23.209942135739247,14
23.307903036872755,14
23.405863938006263,14
23.55882483913977,14
23.65678574027328,14
23.754746641406783,14
23.85270754254029,14
24.0056684436738,14
24.10362934480731,14
24.256590245940817,14
24.354551147074325,14
24.50751204820784,14
24.60547294934134,14
24.70343385047485,14
24.80139475160836,14
24.899355652741864,14
25.05231655387537,14
25.15027745500888,14
25.248238356142387,14
25.34619925727589,14
25.444160158409403,14
25.54212105954291,14
25.64008196067642,14
25.738042861809927,14
25.836003762943434,14
25.933964664076942,14
26.03192556521045,14
26.12988646634396,14
26.227847367477462,14
26.32580826861097,14
26.42376916974448,14
26.57673007087799,14
26.674690972011497,14
26.772651873145005,14
26.87061277427852,14
26.96857367541202,14
28.50859093599325,14
29.706480572731,14
29.805757920800623,14
29.96003526887025,14
30.11431261693988,14
30.213589965009504,14
30.31286731307913,14
30.41214466114876,14
30.511422009218386,14
30.610699357288013,14
30.70997670535764,14
30.809254053427267,14
30.90853140149689,14
31.06280874956652,14
31.217086097636148,14
31.31636344570577,14
31.415640793775403,14
31.51491814184503,14
31.614195489914657,14
31.713472837984284,14
31.81275018605391,14
31.91202753412354,14
32.011304882193166,14
32.16558223026279,14
32.26485957833242,14
32.41913692640205,14
0.1000728384154291,15
0.1966799409280585,15
0.2895005331526564,15
0.3885007710347937,15
0.4978982121835517,15
0.6072956533323096,15
0.7166930944810675,15
0.7710905433784293,15
0.8684467883001136,15
0.9629765288124846,15
2.111161066700058,15
3.552352859188156,15
3.662250301350193,15
5.51472117613657,15
7.426475545872288,15
9.2865634174238,15
11.443178381882618,15
13.923193342672135,15
16.205884947481035,15
18.546476149638817,15
21.12309676372991,15
23.615378216792724,15
26.351806871305016,15
28.39643991982168,15
30.576052545759623,15
30.73122363001773,15
32.62418026686113,15
32.71861235983832,15
32.86398980173443,15
32.95232321164664,15
33.03887324683917,15
33.12411146070935,15
33.26331147775564,15
34.73359485349541,15
36.42663771650774,15
36.56388299850856,15
36.64515626543061,15
36.727617890612045,15
36.8116413892187,15
36.89794867983783,15
37.03895369737566,15
37.12265576076035,15
37.26083102156675,15
38.95414042217754,15
40.42377359050114,15
41.607053908740006,15
41.689502901618525,15
41.77313383838736,15
41.91331554979772,15
42.04729880677343,15
43.51392226640375,15
43.590818962543,15
43.66662221267742,15
43.74152875816856,15
43.870675222623206,15
43.99910618285965,15
44.76552942780032,15
44.83820010252329,15
46.35244471598524,15
47.867639056461776,15
49.55192534020632,15
50.725736539857216,15
51.89978080966861,15
53.58512705765121,15
55.27078880112963,15
56.7333445118193,15
56.80184994342087,15
56.87055713150006,15
56.93947456076047,15
57.00861146098866,15
57.07797790972337,15
57.14758495469981,15
57.21744476107206,15
57.3425707900169,15
57.41297801755336,15
57.48368320557583,15
57.55470524166796,15
57.626065571002464,15
57.69778875380114,15
57.76990319758432,15
57.84244213858643,15
57.91544498825579,15
58.04395923217076,15
58.17304319738247,15
58.24777024948329,15
58.32323548157814,15
58.39956707227936,15
58.476947265635495,15
58.55565597482029,15
58.63396587073094,15
58.71445235699788,15
58.79888113006664,15
58.89135709269757,15
58.983833055328496,15
59.076309017959424,15
59.16878498059035,15
59.26126094322128,15
59.35373690585221,15
59.44621286848314,15
59.53868883111407,15
0.1000728384154291,16
0.1966799409280585,16
2.3785076613638947,16
2.48222235594856,16
2.586892326717039,16
2.6897710462852915,16
2.7952660074278315,16
2.911158171836992,16
3.034016073404103,16
4.2576964467639264,16
4.3758330596500405,16
5.8348308229874455,16
5.90753422520496,16
5.980237627422474,16
6.052941029639988,16
6.125644431857502,16
6.198347834075016,16
6.27105123629253,16
6.3437546385100445,16
6.416458040727559,16
6.489161442945073,16
6.561864845162587,16
6.634568247380101,16
6.707271649597615,16
6.779975051815129,16
6.852678454032644,16
6.925381856250158,16
7.053085258467672,16
7.125788660685186,16
7.1984920629027,16
7.326195465120214,16
7.398898867337728,16
7.471602269555242,16
7.544305671772756,16
7.67200907399027,16
8.490600604850766,16
9.947541097363302,16
11.115778830293552,16
12.28376646111317,16
12.351885231123276,16
12.41900064765607,16
12.485280793765549,16
12.60584543565682,16
12.670784261833326,16
12.73516695983428,16
12.854049240542448,16
12.972476662359588,16
13.035487176132031,16
13.098112884698798,16
13.160381298445651,16
13.222316255320012,16
13.338938610409466,16
13.400266762998804,16
13.461317066332368,16
13.522104150998508,16
13.63764118356177,16
13.697940075880089,16
13.813011656328024,16
13.872865811216258,16
13.93251160262249,16
13.991957367355656,16
14.10621080068468,16
14.165279027655304,16
14.279168664212916,16
14.337885869890174,16
14.396436393466091,16
14.454825612730922,16
14.513058569278227,16
14.57113999907806,16
14.62907435945186,16
14.68686585296344,16
14.744518448654484,16
14.802035900983588,16
14.859421766771106,16
14.971679420405556,16
15.028812067528982,16
15.085822757386785,16
15.14271439400112,16
15.254489746304632,16
15.311151457352755,16
15.36770205271696,16
15.42414394814798,16
15.480479456586762,16
15.53671079459103,16
15.592840088237145,16
15.648869378549724,16
15.69721947295941,16
15.7455695673691,16
15.793919661778787,16
15.897269756188477,16
15.945619850598163,16
15.993969945007851,16
16.04232003941754,16
16.090670133827228,16
16.139020228236916,16
16.187370322646604,16
16.23495417662145,16
16.281800306817455,16
16.328598589758382,16
16.375349478979537,16
0.1000728384154291,17
0.1956927102324223,17
0.292460454257638,17
0.3944086579412876,17
0.508346337988929,17
0.6222840180365705,17
0.681221698084212,17
0.7281181783052941,17
0.8273803161636849,17
0.9187969507829208,17
0.9597590768889448,17
1.0557211989716548,17
1.0966833250776786,17
1.139683322812702,17
1.1826833205477256,17
1.227502951230194,17
1.2739620151177902,17
1.3204210790053863,17
1.3668801428929824,17
1.4683392064825551,17
1.5147982703701517,17
1.5612573342577476,17
1.6077163981453435,17
1.65417546203294,17
1.700634525920536,17
1.747093589808132,17
1.848552653397705,17
1.8950117172853007,17
1.9414707811728973,17
1.9879298450604928,17
2.034388908948089,17
2.0808479728356857,17
2.127307036723282,17
2.173766100610878,17
2.220225164498474,17
2.26668422838607,17
2.3131432922736663,17
2.3596023561612625,17
2.4060614200488586,17
2.4525204839364547,17
2.498979547824051,17
2.545438611711647,17
2.591897675599243,17
2.6383567394868392,17
2.684815803374436,17
2.7312748672620315,17
2.777733931149628,17
2.824192995037224,17
2.87065205892482,17
2.917111122812416,17
2.963570186700012,17
3.0100292505876083,17
3.111488314177181,17
3.212947377766754,17
3.2594064416543502,17
3.3058655055419464,17
3.3523245694295425,17
3.3987836333171386,17
3.4452426972047347,17
3.491701761092331,17
3.593160824681904,17
3.6396198885695,17
3.686078952457096,17
3.732538016344692,17
3.833997079934265,17
3.880456143821861,17
3.926915207709457,17
3.9733742715970535,17
4.01983333548465,17
4.066292399372246,17
4.112751463259842,17
4.159210527147438,17
4.260669590737011,17
4.363616758789208,17
4.467923158611443,17
5.212776357139733,17
5.2644823545769714,17
5.31618835201421,17
5.367894349451449,17
5.474600350315955,17
5.526306347753193,17
5.578012345190432,17
5.684718346054938,17
5.736424343492176,17
5.843130344356682,17
5.894836341793921,17
5.94654233923116,17
5.998248336668398,17
6.049954334105637,17
6.156660334970143,17
6.2633663358346485,17
6.315072333271887,17
6.366778330709126,17
6.418484328146365,17
6.470190325583603,17
6.521896323020842,17
6.573602320458081,17
6.625308317895319,17
6.677014315332558,17
6.728720312769797,17
0.1000728384154291,18
0.1966799409280585,18
0.291259717900147,18
0.3768131404703756,18
0.4033862601554294,18
0.4842847834861179,18
0.5651349972522159,18
0.5912315666264196,18
0.6719865396207472,18
0.6985247719621559,18
0.7157744418418308,18
0.7313662122523685,18
0.797503913525333,18
0.8087573915308615,18
0.816195021621724,18
0.8189924419911851,18
0.8706262582036008,18
0.9136009574922076,18
-0.1134546636549482,18
0.1000728384154291,19
0.1416799409280584,19
0.2341413511304916,19
0.3252513096842253,19
0.4152984610280406,19
0.5053456123718559,19
0.5403927637156712,19
0.6182416342517604,19
0.7029231719692509,19
0.7793786607702534,19
0.8556057967265408,19
0.9316145561655323,19
1.0074140809496206,19
1.030148482697205,19
1.1076285902430576,19
1.8811032239367529,19
1.9035299073924583,19
1.9278964761664432,19
2.0091514501740497,19
2.090086675064758,19
2.8128777507712406,19
2.896994857864575,19
3.621936945991711,19
3.655063631760077,19
3.7426856856813,19
5.728534708546595,19
7.212300072239833,19
7.255283108728127,19
7.298836714403825,19
7.343034482376771,19
7.387971850859122,19
7.487837279962497,19
9.32915803306003,19
9.432723644005256,19
11.885664823280768,19
14.248886230217414,19
16.51294124387403,19
19.60038748173112,19
19.74710144603421,19
22.67603085877956,19
23.46531990057476,19
23.561461761810023,19
23.69650924392094,19
23.82635340392879,19
27.14051236066519,19
27.967457458344768,19
28.796362790614943,19
28.927398634280976,19
30.390307346004725,19
30.52155884314441,19
30.652155198972064,19
31.88160652644593,19
33.56735863831182,19
33.69767295528345,19
35.38323254245292,19
35.5133962412204,19
37.38113314022822,19
39.06703139370703,19
39.14310779903566,19
39.27382765922577,19
40.50355028609379,19
40.579542041660616,19
40.709910279834936,19
42.63281013118861,19
42.70867129463315,19
44.63194449229728,19
44.7083366341951,19
44.784610076156405,19
44.86076757089312,19
44.93681174633194,19
45.06698415483504,19
46.75217775884933,19
47.52119754185987,19
47.59690474885558,19
47.67245185679512,19
47.80274302350038,19
47.8680116599599,19
47.92319360284005,19
47.97843652127181,19
48.03104220611845,19
48.083764298836336,19
48.19147570339833,19
50.44391710964833,19
53.210573746840105,19
55.84185533593105,19
55.89527932176994,19
55.94898450369643,19
58.54592168326186,19
60.80246198172377,19
63.16666924948501,19
63.21973283956455,19
63.2731584906082,19
63.32697448501991,19
63.38121389220165,19
63.43591591710853,19
63.54556718463706,19
65.68260994548606,19
68.22899571056175,19
70.37270990009117,19
73.15484287051913,19
0.1000728384154291,20
0.1966799409280585,20
0.236259717900147,20
0.3294010845099767,20
0.4224189880568545,20
0.515316403845837,20
0.6084247217803753,20
0.7017629652811228,20
0.7315588317407309,20
0.816110747267121,20
1.53905381481778,20
2.6705702714217843,20
2.7036042868686856,20
2.73677164163124,20
2.77007599394452,20
2.803521199483985,20
2.8371113411678017,20
2.8708507477832974,20
2.90474401261341,20
2.9387960232390107,20
2.9730119801653565,20
3.0556569270385445,20
3.0834773372454585,20
3.111479584459776,20
3.1396705325288714,20
3.168057587329858,20
3.1966487507862986,20
3.2254527140004576,20
3.2544789354844035,20
3.2837377566440047,20
3.3132405284388007,20
3.3429997678441943,20
3.428029340092653,20
3.4583447057349623,20
3.488963194523567,20
3.519904375408405,20
3.6061905178768576,20
3.6378472040934495,20
3.669904101972097,20
3.70239605787825,20
3.730417397205347,20
3.758965539146775,20
3.788102597330326,20
3.817907309491748,20
3.8484827767653407,20
3.879969850514645,20
3.912572641257757,20
3.946613841090912,20
3.982682366256231,20
4.022216629569048,20
4.065216627304071,20
4.108216625039095,20
4.151216622774118,20
4.194216620509142,20
4.237216618244165,20
4.280216615979189,20
4.323216613714212,20
4.366216611449236,20
4.409216609184259,20
4.50721661407184,20
4.550216611806864,20
4.593216609541887,20
4.636216607276911,20
4.734216612164492,20
4.777216609899515,20
4.8202166076345385,20
4.863216605369562,20
4.9062166031045855,20
4.949216600839609,20
4.9922165985746325,20
5.035216596309656,20
5.07821659404468,20
5.121216591779703,20
5.164216589514727,20
5.262216594402307,20
5.305216592137331,20
5.348216589872354,20
5.391216587607378,20
5.434216585342401,20
5.477216583077425,20
5.520216580812448,20
5.618216585700029,20
5.661216583435053,20
5.704216581170076,20
5.802216586057657,20
5.900216590945238,20
5.9432165886802615,20
5.986216586415285,20
6.0292165841503085,20
6.127216589037889,20
6.22521659392547,20
6.268216591660494,20
6.311216589395517,20
6.354216587130541,20
6.397216584865564,20
6.495216589753145,20
6.538216587488169,20
6.6362165923757495,20
6.679216590110773,20
6.7222165878457965,20
0.1000728384154291,21
0.1966799409280585,21
0.291759717900147,21
2.1828577213533737,21
3.8390465230086273,21
3.9395147030712,21
5.596647920646649,21
5.698372445715792,21
5.7947843742503,21
5.891997493518717,21
5.934347603185303,21
6.031151715381272,21
9.076540175540574,21
12.39539353254668,21
15.951246321266584,21
18.15305900646777,21
18.274558068102703,21
20.34244618067855,21
20.46374296505848,21
22.377194552899635,21
24.10856116944484,21
24.224896900060827,21
27.379458246901063,21
28.82714074499285,21
28.94015976419913,21
32.235807180843295,21
34.09101807971891,21
34.20923611469155,21
36.06498505832467,21
37.92149176880431,21
38.041066017117885,21
39.20454902406037,21
39.31455881689367,21
41.50573557663645,21
44.04976849765326,21
44.10880530544363,21
44.22274360897748,21
45.66868809009844,21
45.78324474943445,21
45.84276655113492,21
45.95725373652934,21
46.01670654362856,21
46.07612520719281,21
46.13550995879782,21
46.194861026899176,21
46.30915710622949,21
48.16128393792011,21
48.27663386863927,21
49.94728359935125,21
50.06346851518145,21
51.734936380972655,21
51.7969836121354,21
51.914048181015374,21
51.97613014794113,21
52.09314479321127,21
53.94785520131903,21
54.005820615204925,21
54.06376529390559,21
54.1216893230556,21
57.233968318616334,21
58.73746692103094,21
58.785072990625565,21
58.8326827817852,21
58.88029629450983,21
58.92791353252477,21
58.96786535990185,21
59.062800426899855,21
60.8957495884294,21
62.5466866688127,21
64.72481824916548,21
66.15579332870192,21
68.60600043408192,21
71.28140898245928,21
71.39186627476109,21
73.84758381582115,21
73.89535240865563,21
73.94314796886657,21
73.99097063801501,21
74.03882056511257,21
74.08669790289615,21
74.18960279635404,21
74.23753540254448,21
74.34049586988304,21
74.44344836510037,21
76.97871929443691,21
79.48911618974205,21
79.54682161585718,21
79.60452299502754,21
79.66222033052601,21
79.77492778134253,21
79.83286145377616,21
79.89103592455943,21
80.00424743254909,21
80.06249625414476,21
80.17571396176324,21
80.23416916657858,21
80.29265991409012,21
80.33831960518548,21
80.38400679637381,21
80.42866459672042,21
0.1000728384154291,22
0.1966799409280585,22
0.2930430926198407,22
0.3891736442334484,22
0.485081937034202,22
0.5259743086537795,22
0.6213990499833028,22
0.7161561343497035,22
0.808037104052901,22
0.899178469521403,22
0.9862215909785028,22
3.104669848424792,22
3.1977026331847904,22
5.086327778143287,22
7.532476888937354,22
9.718394027990698,22
9.82272096906364,22
12.445895479788708,22
12.558603741279972,22
15.504643656364811,22
18.39874162584702,22
18.51750833379875,22
18.63644383415011,22
18.756118002229,22
18.87464174740455,22
21.767059286837704,22
24.781343364249807,22
27.680984090523086,22
29.60094790467248,22
29.72877732055938,22
31.24323521004741,22
31.37043992866268,22
31.49654910439744,22
33.00961256102875,22
33.13613258801161,22
33.261534340347026,22
34.77355705195225,22
36.79120780812051,22
36.91779998132756,22
37.04424800040601,22
37.17055590523729,22
39.37712927727598,22
41.29668324494925,22
41.4239086165927,22
42.937868973718906,22
43.06556882225806,22
43.192703968741306,22
46.1431195800084,22
48.20776034043015,22
48.31889839366854,22
48.43009082869471,22
48.54119295523346,22
51.4280676309842,22
51.54234760151089,22
53.6039108549136,22
53.71946001694382,22
53.83487185732306,22
53.94973750308932,22
55.67477662757815,22
57.1224215765375,22
57.87733216480196,22
57.93927921996296,22
58.02555603430451,22
60.69916123793305,22
62.95214147017182,22
65.89942616865815,22
66.65211362288179,22
66.76648226276816,22
67.92513075367393,22
68.04032261566104,22
68.09209956125201,22
68.1987356458682,22
70.73862021312894,22
73.28115790233792,22
76.39313619480313,22
77.60853069172086,22
79.46302705154599,22
80.21929316864194,22
80.33678794548692,22
81.0918706719655,22
81.15382642195405,22
81.27053508804025,22
81.38741256938161,22
81.44930458710374,22
81.51121119306268,22
81.56569242746414,22
81.67519319326462,22
81.78472832859339,22
81.89403713763537,22
84.59008110583605,22
87.53828013957323,22
87.65313929588379,22
88.40691942245545,22
88.46381776303829,22
88.5207349349636,22
88.63267100498857,22
88.68929619238557,22
88.80066206202687,22
91.95188357577504,22
94.70803000674428,22
0.1000728384154291,23
0.1971799409280585,23
0.292259717900147,23
0.3859010845099767,23
0.4792393280107242,23
0.517291779442272,23
0.5550738947674684,23
0.592599543620727,23
0.6847403872683049,23
0.7191549468710423,23
0.7999162454082966,23
0.8805094588472844,23
0.960821472473383,23
2.143840752907038,23
2.227983482547045,23
4.211074121661425,23
4.288079686827898,23
4.374283373720885,23
5.8513551358058455,23
7.501054346926451,23
9.905637085802796,23
12.443553507693052,23
15.650347769625428,23
19.246509860028453,23
21.81427393075449,23
23.99371072800629,23
24.093705983578264,23
24.19370123915024,23
24.3486964947222,23
24.44869175029417,23
24.54868700586614,23
24.648682261438108,23
24.74867751701008,23
24.848672772582045,23
24.94866802815401,23
25.048663283725983,23
25.14865853929795,23
25.24865379486992,23
25.34864905044189,23
25.448644306013858,23
25.548639561585823,23
25.703634817157795,23
25.858630072729763,23
25.95862532830173,23
26.0586205838737,23
26.15861583944567,23
26.25861109501764,23
26.358606350589607,23
26.458601606161576,23
26.558596861733545,23
26.71359211730552,23
26.81358737287748,23
26.96858262844945,23
27.06857788402142,23
27.223573139593388,23
27.32356839516536,23
30.189112550587627,23
30.34660650490769,23
30.44910045922775,23
30.55159441354781,23
30.65408836786787,23
30.75658232218793,23
30.85907627650799,23
30.96157023082805,23
31.064064185148112,23
31.16655813946817,23
31.26905209378824,23
31.426546048108296,23
31.52904000242836,23
31.631533956748417,23
31.73402791106848,23
31.836521865388537,23
31.9390158197086,23
32.04150977402866,23
32.14400372834872,23
32.30149768266878,23
32.40399163698884,23
32.5614855913089,23
32.71897954562896,23
32.87647349994902,23
32.97896745426908,23
33.13646140858914,23
33.2939553629092,23
33.39644931722926,23
33.49894327154932,23
33.60143722586938,23
33.70393118018944,23
33.8064251345095,23
33.90891908882956,23
34.01141304314962,23
34.113906997469684,23
34.216400951789744,23
34.318894906109804,23
34.421388860429865,23
34.523882814749925,23
34.626376769069985,23
34.728870723390045,23
34.831364677710106,23
34.933858632030166,23
35.036352586350226,23
0.1000728384154291,24
0.1966799409280585,24
0.2887597219239043,24
0.379401093829708,24
0.4689267487417029,24
0.5598125369439887,24
0.6357756988297271,24
0.6565160998295115,24
0.6730226040969657,24
0.6872451030801104,24
0.7023292309756445,24
0.7143534631620215,24
0.7225718978012966,24
0.7261710316094624,24
0.7236065617914366,24
0.7123938561569022,24
-0.313859963308735,24
0.1000728384154291,25
0.1966799409280585,25
0.2854799316416548,25
0.3728840709815787,25
0.406573197353916,25
0.4899102659116553,25
0.5731188939104842,25
3.2338137314806747,25
3.329524076093273,25
3.425522266436653,25
3.467454342652397,25
3.510535730529861,25
3.5551120252500343,25
3.656830592561798,25
3.76237650077446,25
3.827901063967781,25
3.8934256271611023,25
4.0139501900564,25
4.0794747532497215,25
4.144999316443043,25
4.210523879636364,25
4.276048442829685,25
4.396573005724983,25
4.462097568918304,25
4.527622132111626,25
4.593146695304947,25
4.658671258498268,25
4.724195821691589,25
4.789720384884911,25
4.855244948078232,25
4.920769511271553,25
4.986294074464874,25
5.051818637658196,25
5.117343200851517,25
5.182867764044838,25
5.248392327238159,25
5.31391689043148,25
5.434441453326778,25
5.4999660165201,25
5.565490579713421,25
5.631015142906742,25
5.696539706100063,25
5.7620642692933846,25
5.827588832486706,25
5.893113395680027,25
5.958637958873348,25
6.0241625220666695,25
8.860802641619282,25
11.835940891265984,25
15.36361748711841,25
19.294752837927568,25
21.75635101669136,25
24.635181931333527,25
27.045294486741703,25
27.152821949155832,25
27.26034941156996,25
27.42287687398409,25
27.53040433639822,25
27.63793179881235,25
27.80045926122648,25
27.907986723640608,25
28.015514186054737,25
28.123041648468867,25
28.230569110883,25
31.339785955499824,25
34.28461026429274,25
37.39392892964761,25
40.342277121366806,25
43.717681791740326,25
47.11076842981234,25
47.28497924301615,25
47.40419005621997,25
47.52340086942378,25
47.6426116826276,25
47.81682249583141,25
47.99103330903522,25
48.11024412223904,25
48.22945493544285,25
48.34866574864667,25
48.52287656185048,25
48.642087375054295,25
48.81629818825811,25
48.93550900146192,25
49.05471981466574,25
49.22893062786955,25
49.348141441073366,25
49.52235225427718,25
49.641563067481,25
49.76077388068481,25
49.87998469388862,25
49.99919550709244,25
50.11840632029625,25
50.29261713350007,25
50.46682794670388,25
50.586038759907694,25
50.70524957311151,25
50.87946038631532,25
50.99867119951914,25
51.11788201272295,25
51.237092825926766,25
0.1000728384154291,26
0.1966799409280585,26
0.236759717900147,26
0.3304010845099767,26
0.4229267333632353,26
0.4595407744325241,26
0.4953840621026767,26
0.5855596928097067,26
0.6751464083384546,26
0.7642063212889135,26
0.7977896833403508,26
0.8241919556243817,26
0.850229693351547,26
0.9309276768548886,26
0.9563075339032808,26
0.9813882985694806,26
0.9973507279141348,26
1.0131446865929763,26
1.0837756691111724,26
1.0992488188280265,26
1.1145689671470325,26
1.127934338299791,26
1.196168126313249,26
1.20935022994713,26
1.2224811816199224,26
1.2355615010096233,26
1.30359169445769,26
1.3165722598864238,26
1.3295036850108306,26
1.3423864466680686,26
1.3552210161073606,26
1.3680078515394132,26
1.3807474055869975,26
1.386480110937963,26
1.3922010932660205,26
1.3979103795795242,26
1.4036079973524909,26
1.4092939735932748,26
1.4149683353102307,26
1.4206311095117132,26
1.426282323206077,26
1.4319220029360156,26
1.4344298993314155,26
1.491903588649119,26
1.4943433024531705,26
1.4967492702493916,26
1.4991217183491687,26
1.5014608700370888,26
1.5037669453381102,26
1.5060401619488846,26
1.5082807343064348,26
1.510488874053816,26
1.5126647902729462,26
1.5111102766899864,26
1.509534486460733,26
1.5116465719260748,26
1.5137270452764358,26
1.5157761048835243,26
1.5177939467907424,26
1.5747807667434688,26
1.5767367523007567,26
1.5786620940857108,26
1.580556979061338,26
1.582421591396677,26
1.5842561133981223,26
1.5860607250437613,26
1.5878356042162056,26
1.589580926702591,26
1.5912968661945786,26
1.5929835942883517,26
1.5946412804846193,26
1.596270092887106,26
1.5978701970383995,26
1.6544417588815563,26
1.7109849377379294,26
1.7124998931617017,26
1.7139867848095025,26
1.715445769376355,26
1.7168770019274675,26
1.7182806354325737,26
1.719656821464422,26
1.7122193287436391,26
1.704772736535641,26
1.6973170620698954,26
1.6898523211788858,26
1.6763906438213314,26
1.7093834687334026,26
0.6725656796556438,26
0.1000728384154291,27
0.1966799409280585,27
0.291259717900147,27
0.3861844592296704,27
0.4784337483846768,27
0.5713468619191273,27
0.6501166277134045,27
0.6732773088419064,27
0.7474432044231518,27
0.764816870590411,27
0.7835708443575724,27
0.7994958699249848,27
0.8121912243345006,27
0.820481706088148,27
0.878197498297058,27
0.872404860475771,27
-0.1479011306970195,27
0.1000728384154291,28
0.1971799409280585,28
0.292259717900147,28
0.3869605494634736,28
2.68546558695147,28
2.7816956691653485,28
4.826483791342472,28
7.519978294609155,28
10.524584911293983,28
10.583513857780774,28
10.641450863063396,28
10.698560514013806,28
10.754960473855228,28
10.865739067865364,28
10.975965049565437,28
11.028112566741598,28
11.079853035108336,28
11.131217112238565,28
11.182231159352195,28
13.870986017296232,28
13.920385928787516,28
13.969504947769032,28
14.018358018533904,28
16.258871116811907,28
19.00179478824769,28
19.05042146757947,28
19.153819448511,28
19.201998735692204,28
22.080925118788915,28
22.132027994730407,28
22.18290661784107,28
22.288570615728148,28
22.33902882325276,28
22.389289376583587,28
22.439359792936468,28
22.48924703862345,28
22.593957587478208,28
22.64349747130112,28
22.692872323641687,28
22.74208741798322,28
22.79114770119673,28
22.84005782297476,28
22.88882216183132,28
22.937444848154755,28
23.040929784719346,28
23.08928066499669,28
23.13750098955401,28
23.24059408078302,28
23.288563096166435,28
23.336411040259247,28
23.38414077553677,28
23.43175503224033,28
23.47925641733369,28
23.52664742266856,28
23.573930432444406,28
23.676107730037387,28
23.72318150426356,28
23.77015385513387,28
23.872026799151413,28
23.91880227419556,28
23.965482144032457,28
24.01206820248708,28
24.058562177307778,28
24.10234066738236,28
24.146040255336025,28
24.18966216695928,28
24.233207590537766,28
24.2766776785477,28
24.320073549250523,28
24.363396288194323,28
24.40664694962863,28
24.44982655783882,28
24.492936108405697,28
24.53597656939547,28
24.63394888248484,28
24.676853964025582,28
24.7746927060526,28
24.81746597723922,28
24.860174623803044,28
24.90281947036561,28
24.945401320768703,28
27.98779369643063,28
31.42847276702169,28
33.4841849247316,28
35.1492851378932,28
36.59187682522352,28
38.65021669030302,28
40.31781669057715,28
42.735046756776285,28
44.875211244567794,28
44.93581004866983,28
44.99628771848378,28
45.05664711942951,28
45.11689098449114,28
45.17702192319156,28
45.2920424297739,28
45.35195489067574,28
45.41176159137083,28
45.471464722643866,28
45.5310663863558,28
0.1000728384154291,29
0.1966799409280585,29
0.291259717900147,29
1.7751545079322486,29
3.957131594032373,29
7.205580670007555,29
10.911290310939483,29
11.02461546753655,29
11.137840620800082,29
14.146403336716151,29
17.743095181469872,29
19.759879254320538,29
22.02878683260605,29
24.101929119995425,29
26.47767451908118,29
28.80371430210006,29
28.876933017665213,29
28.94961887895254,29
29.021823243392586,29
29.09358843305816,29
29.164949927464267,29
29.23081181168437,29
29.296389776845228,29
29.361699082345684,29
29.426048696599423,29
29.48887739430376,29
29.55152029809081,29
29.61398406520016,29
29.67627489225305,29
29.738398561463985,29
29.85536048087,29
29.917165719515765,29
29.97881903836099,29
30.040324917541056,29
30.101687580503462,29
30.1629110154551,29
30.2239989944848,29
30.284955090667832,29
30.34578269341176,29
30.40648502226396,29
30.467065139368938,29
30.527525960736497,29
30.5878702664594,29
30.648100710000097,29
30.708219826650247,29
30.823230041253098,29
30.883133675267327,29
30.94293295324105,29
31.002630008756345,29
31.062226889897268,29
31.12172556428829,29
31.181127923744413,29
31.234144134532208,29
31.34208751745076,29
31.44995911806868,29
31.557759952357166,29
31.6104910079292,29
31.663153245210548,29
31.71574759854717,29
31.76827497725328,29
31.87573626660396,29
31.92813232877604,29
31.98046400374045,29
32.03220640588166,29
32.08388989139459,29
32.135515146435715,29
32.18708284136303,29
32.29359363127551,29
32.345048156528264,29
32.396447043224704,29
32.44779090368712,29
32.49908033690674,29
32.55031592897437,29
32.65649825349274,29
32.707627871971425,29
32.758705334205274,29
32.80973117863727,29
32.86070593270649,29
32.91163011318203,29
32.96250422648355,29
33.0133287689891,29
33.11684937672202,29
33.16532457382818,29
33.21375476902335,29
33.31714036373165,29
33.36548175227893,29
33.41377932207941,29
33.5170334538158,29
33.565244521613266,29
33.61341289320741,29
33.6517198968843,29
33.7449938271359,29
33.78323490062509,29
33.87644333282266,29
33.914619336666206,29
33.95276312047396,29
33.99087488913689,29
34.02836239972864,29
34.06582114735399,29
34.103251299651006,29
0.1000728384154291,30
0.1966799409280585,30
0.236259717900147,30
0.3294010845099767,30
0.4226053450308407,30
0.5158733006805918,30
0.595035267203701,30
0.6272456271175021,30
0.7142784535890186,30
0.7423898331826294,30
0.8251750148838127,30
0.9078047476714218,30
0.9917413644497955,30
1.0757843680685126,30
1.1596168108289802,30
1.243397971243199,30
1.9678097568457689,30
1.999601138383683,30
2.03198143616372,30
2.0589051410561168,30
2.0862166374927127,30
2.1139485497032964,30
2.142139497772392,30
2.170835926756796,30
2.200094747916397,30
2.28213764317387,30
2.3102962557231748,30
2.339893279225167,30
2.426517625898656,30
2.458531500399645,30
2.494600025564965,30
2.5376000232999885,30
2.580600021035012,30
2.6236000187700355,30
2.666600016505059,30
2.76460002139264,30
2.807600019127664,30
2.850600016862687,30
2.948600021750268,30
2.991600019485291,30
3.0346000172203147,30
3.077600014955338,30
3.1206000126903617,30
3.2186000175779426,30
3.261600015312966,30
3.3046000130479896,30
3.347600010783013,30
3.390600008518037,30
3.43360000625306,30
3.476600003988084,30
3.519600001723107,30
3.5625999994581306,30
3.605599997193154,30
3.6485999949281775,30
3.691599992663201,30
3.734599990398225,30
3.777599988133248,30
3.875599993020829,30
3.918599990755853,30
3.961599988490876,30
4.0045999862259,30
4.047599983960923,30
4.090599981695947,30
4.188599986583528,30
4.231599984318551,30
4.274599982053575,30
4.317599979788598,30
4.360599977523622,30
4.403599975258645,30
4.446599972993669,30
4.54459997788125,30
4.587599975616273,30
4.630599973351297,30
4.67359997108632,30
4.716599968821344,30
4.759599966556367,30
4.802599964291391,30
4.845599962026414,30
4.888599959761438,30
4.986599964649018,30
5.029599962384042,30
5.072599960119065,30
5.115599957854089,30
5.158599955589112,30
5.201599953324136,30
5.244599951059159,30
5.287599948794183,30
5.385599953681764,30
5.428599951416787,30
5.471599949151811,30
5.569599954039392,30
5.612599951774415,30
5.655599949509439,30
5.75359995439702,30
5.8515999592846,30
5.894599957019624,30
5.937599954754647,30
5.980599952489671,30
6.023599950224694,30
6.121599955112275,30
0.1000728384154291,31
0.1971799409280585,31
0.2864478379546802,31
0.3715474670441415,31
0.4525223886282709,31
2.333628050020483,31
3.9816516553671626,31
4.073252982428816,31
4.110098264148977,31
4.14339541547611,31
4.174658234200027,31
4.261210153779533,31
4.348068918070343,31
4.435254591486004,31
4.512532348713425,31
4.527440004950908,31
4.542347661188391,31
4.557380323267129,31
4.575315794876364,31
5.291059276989248,31
5.370733587971476,31
5.397240354648378,31
6.526829912296083,31
6.558016997730878,31
6.589423098570254,31
6.621058248883632,31
6.648301637700346,31
6.677158131233004,31
6.7061759298355845,31
6.735360410964635,31
6.764717322743085,31
6.794252824938443,31
6.8239735318036345,31
6.853886571681645,31
6.883999637296942,31
6.969321063688543,31
7.054859920373705,31
7.0840010894151,31
7.113380397638824,31
7.143009758523252,31
7.172902337244299,31
7.203072766742256,31
7.233537397316244,31
7.264314628175047,31
7.295425317219045,31
7.32689330258086,31
7.358746091804054,31
7.39101578944042,31
7.423740345022228,31
7.456965318849829,31
7.490746418914345,31
7.52515333794668,31
7.56027575858548,31
8.288945580801514,31
8.325379825166014,31
8.362929786524322,31
8.45691815294936,31
8.497933848729875,31
8.542415282657888,31
8.590362451008108,31
8.638309619358328,31
8.686256787708547,31
8.789203955760744,31
8.837151124110964,31
8.885098292461183,31
8.98804546051338,31
9.0359926288636,31
9.138939796915796,31
9.186886965266016,31
9.289834133318212,31
9.337781301668432,31
9.385728470018652,31
9.488675638070848,31
9.591622806123045,31
9.639569974473265,31
9.687517142823484,31
9.735464311173704,31
9.783411479523924,31
9.831358647874143,31
9.879305816224363,31
9.927252984574585,31
9.975200152924804,31
10.023147321275022,31
10.071094489625242,31
10.119041657975462,31
10.166988826325682,31
10.269935994377878,31
10.317883162728098,31
10.420830330780294,31
10.468777499130514,31
10.57172466718271,31
10.674671835234909,31
10.722619003585129,31
10.770566171935346,31
10.873513339987545,31
10.921460508337764,31
10.969407676687982,31
11.07235484474018,31
11.1203020130904,31
11.168249181440618,31
0.1000728384154291,32
0.1966799409280585,32
0.2887597219239043,32
0.3802344263683127,32
3.819975084174709,32
8.38596142089585,32
12.349962925970123,32
12.48796566055963,32
12.57692908688253,32
12.74055164136905,32
12.849174195855571,32
13.012796750342092,32
13.176419304828611,32
15.643782263273048,32
16.907507355508983,32
17.017620159076806,32
19.48639861308931,32
21.54422774231656,32
23.602759025412983,32
26.20144007444553,32
28.6187159357386,32
31.13226723459576,32
33.551350115014294,32
36.153723399493806,32
38.98039350049096,32
42.1916436835502,32
45.14621682250391,32
48.21323476386768,32
50.9757275220096,32
54.23599477441417,32
57.13424071528496,32
60.51935864705769,32
60.64638004080894,32
60.82840143456019,32
60.95542282831144,32
61.08244422206269,32
61.20946561581394,32
61.33648700956519,32
61.46350840331644,32
61.59052979706769,32
61.71755119081894,32
61.84457258457019,32
61.97159397832144,32
62.098615372072686,32
62.225636765823936,32
62.35265815957519,32
62.534679553326434,32
62.66170094707768,32
62.78872234082893,32
62.97074373458018,32
63.09776512833143,32
63.22478652208268,32
63.35180791583393,32
63.47882930958518,32
63.66085070333643,32
63.78787209708768,32
63.91489349083893,32
64.04191488459018,32
64.16893627834143,32
64.35095767209269,32
64.47797906584394,32
64.60500045959519,32
64.73202185334644,32
64.85904324709769,32
64.98606464084894,32
65.11308603460019,32
65.24010742835144,32
65.36712882210269,32
65.49415021585394,32
65.67617160960519,32
65.80319300335644,32
65.93021439710769,32
66.05723579085894,32
66.18425718461019,32
66.36627857836145,32
66.5482999721127,32
66.73032136586396,32
66.85734275961521,32
66.98436415336646,32
67.16638554711771,32
67.29340694086896,32
67.42042833462021,32
67.54744972837146,32
67.67447112212271,32
67.80149251587396,32
67.92851390962521,32
68.05553530337646,32
68.18255669712771,32
68.30957809087896,32
68.43659948463021,32
68.61862087838146,32
68.74564227213271,32
68.87266366588396,32
69.05468505963522,32
69.18170645338647,32
69.30872784713772,32
69.43574924088897,32
69.61777063464022,32
69.74479202839147,32
69.87181342214272,32
0.1000728384154291,33
0.1940406949211217,33
2.084441635717235,33
3.5710851579358063,33
3.614931391648049,33
3.712623593239992,33
3.754378806282807,33
3.850345215365365,33
3.9456304721999538,33
4.040316342648246,33
4.134467049312287,33
4.173134374475151,33
4.266360957704131,33
4.359182522012346,33
4.439357035173528,33
4.519278496815317,33
4.60482292220871,33
4.636185219669246,33
4.722305812995111,33
4.808195849561178,33
4.8912404977316495,33
6.309696098470175,33
6.396617157065355,33
6.483309028350794,33
6.5148334816629525,33
6.60119594787904,33
6.687401504867756,33
6.718526415207469,33
6.804524935462558,33
6.890898234822833,33
9.007579095342242,33
11.128462798574054,33
11.224655739643657,33
13.627556435444438,33
16.21660696683177,33
19.0423563641096,33
19.15013860134133,33
22.34768029089672,33
25.64707135211416,33
27.378470908920114,33
27.50000907197489,33
29.008134983446105,33
30.516155905805626,33
30.63757542390461,33
31.857828870997768,33
31.979162962923088,33
33.19340372537785,33
33.30879670763733,33
35.37121123180414,33
35.48507949329258,33
38.16628794871085,33
40.99302790131066,33
41.74521157707665,33
43.414082026142815,33
45.48019911303173,33
45.60023444857366,33
45.72016517313303,33
45.83999343062262,33
48.03554768706183,33
48.15154546345095,33
48.2678858622394,33
49.764520345576805,33
49.87472193533997,33
51.87692921454529,33
52.68164985472779,33
52.79318372751097,33
52.904216965981526,33
53.01506730759959,33
54.86352059090952,33
56.530300228246254,33
57.74162456239085,33
57.854276201077504,33
59.913721105404896,33
60.027051149257225,33
62.08710902775149,33
62.2011772974811,33
62.3156178131185,33
64.16748703862052,33
64.28251194799762,33
66.4782478793941,33
66.59437865609746,33
69.05450505609136,33
71.19691199655156,33
71.31480070049386,33
73.324614962884,33
73.4433255180202,33
75.5084962829433,33
77.18255686605792,33
77.30209736371856,33
77.42151962066512,33
77.48094176346879,33
77.5952851235352,33
79.73503679627996,33
81.74200267190557,33
83.93834013337712,33
84.0551575928412,33
84.17181517029624,33
86.79970146561485,33
86.91755764777284,33
89.33922951514344,33
0.1000728384154291,34
0.1966799409280585,34
2.6991715756070325,34
6.456645892337697,34
10.808113756795455,34
13.935672352275894,34
14.067220369966815,34
14.19800218592027,34
14.32794347990072,34
14.402317718066492,34
14.476182710214411,34
14.604585561916616,34
14.733056790752816,34
14.861597344789706,34
14.932329531676274,34
15.003216982179548,34
15.074264672597955,34
15.1454779088094,34
15.268873940633023,34
15.33733045706519,34
15.405848198752158,34
15.474427924704012,34
15.59807041298622,34
15.66677646144637,34
15.73554688847832,34
15.85938253382623,34
15.928284259431097,34
16.04707542944058,34
16.10398771090748,34
16.16105682067077,34
16.273287837481575,34
16.375137162482815,34
16.426354445350473,34
16.477692539464524,34
16.52915443632698,34
16.58074327935946,34
16.63246237577794,34
16.684315209738255,34
16.736305456927038,34
16.788437000802393,34
16.840713950724254,34
16.89314066225753,34
16.945721759983627,34
16.998462163220072,34
17.05136711512696,34
17.104442215776782,34
17.15769345988602,34
17.211127280060133,34
17.319750596597203,34
17.373570875142825,34
17.482596193807083,34
17.53683532176803,34
17.591297811929238,34
17.645994110919986,34
17.70093569069568,34
17.756135207315324,34
17.8116066942953,34
17.854181360735787,34
17.896918908043993,34
17.93982481984724,34
17.982904963477743,34
18.02616563467611,34
18.069613591118944,34
18.105303317590845,34
18.141195498689303,34
18.17729868023028,34
18.21362216053833,34
18.25017610220541,34
18.286971636398924,34
18.32402102677454,34
18.41633786289324,34
18.448905770018,34
18.481709014906777,34
18.514759224190605,34
18.54806923149456,34
18.581653278603447,34
18.61552726133097,34
18.649709034993545,34
18.684218794389857,34
18.719079576715124,34
18.7543178948604,34
18.84496460138191,34
18.88105604825844,34
18.917635686977995,34
19.00975639401306,34
19.047483906432284,34
19.08590216962923,34
19.125122145100725,34
19.165297396763457,34
19.206654593630923,34
19.30456256149639,34
19.34973045839299,34
19.39913484482397,34
19.50903228698601,34
19.56392973317136,34
19.618827179356707,34
19.673724625542057,34
19.728622071727408,34
19.78351951791276,34
19.83841696409811,34
0.1000728384154291,35
0.1966799409280585,35
0.236259717900147,35
0.318835449607448,35
0.4006404279156127,35
0.4822777492606548,35
0.5633261554274149,35
0.5891042254878237,35
0.6696258290762948,35
0.6951474326647658,35
0.76929863635987,35
0.7861998388597364,35
0.8601389164158697,35
0.9341599652597304,35
1.0082643488475675,35
1.0824534827896948,35
1.1564745316335554,35
1.2303329641053076,35
1.249272041959464,35
1.3230511108466978,35
1.343729176563918,35
1.3645698586532469,35
1.4397080848047132,35
1.4607597673365469,35
1.482262206269204,35
1.504260099498331,35
1.526807996449768,35
1.60497395974189,35
1.6288453200885649,35
1.6535381963530178,35
1.6792146237620706,35
1.7061166642287369,35
1.787659558472931,35
1.815818171022236,35
1.90041519236356,35
1.9870395390370483,35
2.022129620430767,35
2.0669492511132352,35
2.111768881795704,35
2.156588512478172,35
2.2014081431606405,35
2.246227773843109,35
2.2910474045255773,35
2.3908670349100225,35
2.435686665592491,35
2.48050629627496,35
2.5738053275325887,35
2.6608086554387205,35
2.6962777180650823,35
2.737239844171106,35
2.8332019662538164,35
2.87416409235984,35
2.915126218465864,35
2.956088344571888,35
2.9970504706779115,35
3.093012592760622,35
3.188974714843332,35
3.2849368369260423,35
3.325898963032066,35
3.36686108913809,35
3.4628232112208,35
3.503785337326824,35
3.5997474594095342,35
3.684723461983501,35
3.716726790187656,35
3.752195852814018,35
3.793157978920042,35
3.8341201050260656,35
3.8750822311320894,35
3.964523754087984,35
4.0009036576429,35
4.03406121861726,35
4.063384720129668,35
4.08798772004038,35
4.106468782765567,35
4.116270283242463,35
3.1661453042232983,35
0.1000728384154291,36
0.1416799409280584,36
0.236259717900147,36
0.324116007142799,36
0.4119722963854509,36
0.4998285856281028,36
0.5828393742203519,36
0.6626279026031301,36
0.6878712910920188,36
0.7136150959640548,36
0.7949150342255638,36
0.86697566395102,36
0.9367580625921296,36
1.7058307144552276,36
2.8323654148489044,36
2.914770102849584,36
2.9443295679747865,36
3.0303336314618394,36
4.676831477111559,36
4.767966800159197,36
6.249147348827105,36
6.3430476866423895,36
6.437532403296213,36
8.089856364554148,36
8.876746156042795,36
10.07153973800538,36
10.80604491454957,36
10.8473151519656,36
10.942783680534344,36
12.595445600128157,36
14.59285867359367,36
16.256120254460548,36
18.258895130498026,36
20.453083432398667,36
20.566562447289066,36
22.23593621801325,36
24.37750946560453,36
26.8402951826776,36
28.907347781417045,36
31.86505270485456,36
33.376168854708055,36
33.500512519968325,36
33.624521714054445,36
35.304103925999364,36
35.37297459569638,36
35.44210935317259,36
35.50958034284111,36
35.577493078358785,36
35.64589040336242,36
35.714824373467216,36
35.78435958921276,36
35.85457836018602,36
35.92558916118627,36
35.99754151017971,36
36.07065482610732,36
36.14528288975784,36
36.22209454166642,36
36.30287234677059,36
36.39837234677059,36
36.493872346770594,36
36.5893723467706,36
36.6848723467706,36
36.7803723467706,36
36.8758723467706,36
36.9713723467706,36
37.0668723467706,36
37.1623723467706,36
37.25787234677061,36
37.353372346770605,36
37.44887234677061,36
37.54437234677061,36
37.63987234677061,36
37.73537234677061,36
37.83087234677061,36
37.98137234677061,36
38.07687234677061,36
38.172372346770615,36
38.267872346770616,36
41.31233820503208,36
43.01281257569202,36
43.09864176454371,36
43.1819759975648,36
43.26365344490612,36
43.34408858545095,36
43.42248937155732,36
43.50089015766369,36
43.57929094377006,36
43.65769172987643,36
43.7360925159828,36
43.814493302089176,36
43.89289408819555,36
43.97129487430192,36
44.04969566040829,36
44.1178873769366,36
44.18640888330387,36
44.25528347750721,36
44.37953800124544,36
44.44920371547486,36
44.57596869893207,36
44.70642167710494,36
0.1000728384154291,37
0.2081928663930287,37
0.2682443661762277,37
0.3282958659594268,37
0.4433473657426259,37
0.558398865525825,37
0.6594709652223036,37
0.7587331030806944,37
0.8501497376999304,37
1.995221124990885,37
2.096680188580458,37
2.198139252170031,37
2.3010864202222274,37
2.349033588572447,37
2.396980756922667,37
2.4449279252728866,37
2.547875093325083,37
2.595822261675303,37
2.700128661497538,37
2.7494350653430866,37
2.799989627703135,37
2.850544190063183,37
2.9560987558504985,37
3.0628047567150043,37
3.172702198877041,37
4.329365974321072,37
4.387417471065228,37
4.445468967809384,37
4.50352046455354,37
4.616571968450253,37
4.674623465194409,37
4.732674961938565,37
4.845726465835278,37
4.903777962579434,37
4.96182945932359,37
5.0198809560677455,37
5.077932452811901,37
5.190983956708615,37
5.249035453452771,37
5.3070869501969264,37
5.365138446941082,37
5.423189943685238,37
5.481241440429394,37
5.53929293717355,37
5.597344433917706,37
5.655395930661862,37
5.713447427406018,37
5.7714989241501735,37
5.829550420894329,37
5.887601917638485,37
5.945653414382641,37
6.003704911126797,37
6.061756407870953,37
6.119807904615109,37
6.177859401359265,37
6.235910898103421,37
7.738715773477261,37
9.805818920983974,37
9.872012002422515,37
9.993205083563032,37
10.114398164703552,37
10.184466249395266,37
10.25453433408698,37
10.324602418778694,37
10.394670503470408,37
10.464738588162122,37
10.589806672853836,37
10.71487475754555,37
10.784942842237264,37
10.855010926928978,37
10.925079011620692,37
10.995147096312406,37
11.06521518100412,37
11.135283265695834,37
11.205351350387549,37
11.275419435079264,37
11.345487519770977,37
11.415555604462693,37
11.485623689154403,37
11.55569177384612,37
11.625759858537831,37
11.695827943229547,37
11.76589602792126,37
11.835964112612976,37
11.90603219730469,37
12.031100281996403,37
12.101168366688118,37
12.171236451379832,37
12.241304536071546,37
12.31137262076326,37
12.381440705454974,37
12.451508790146688,37
12.521576874838402,37
12.591644959530116,37
12.66171304422183,37
12.731781128913545,37
12.80184921360526,37
12.871917298296973,37
12.941985382988689,37
13.0120534676804,37
0.1000728384154291,38
0.1966799409280585,38
0.291759717900147,38
0.3854010845099767,38
0.4779267333632352,38
0.569540774432524,38
0.6603840621026766,38
2.5480163296531035,38
4.439404564428588,38
4.538239588030637,38
7.030510057696165,38
7.124600608834089,38
7.1648688400173794,38
7.204986114987196,38
7.244956859388412,38
7.284785245546163,38
7.379475210794271,38
7.419030492194952,38
7.458454617300094,38
7.547202319839061,38
7.580855675973953,38
7.669416443445743,38
7.75788629893309,38
7.791266859510006,38
7.824559700676263,38
7.857766331174434,38
7.890888215043605,38
7.9239267641688,38
7.956883342006267,38
7.989759274759353,38
8.022555840202632,38
8.05527427885777,38
8.087915793993535,38
8.1204815479005,38
8.152972673066916,38
8.185390268453421,38
8.21773539949304,38
9.913641800173584,38
9.945051078685584,38
9.97640187759048,38
10.007694874891104,38
11.829819713720145,38
11.860139667057457,38
11.890414674767316,38
11.975645137020411,38
12.005831453018846,38
12.035974004306857,38
12.066073170864048,38
12.096129325219454,38
12.126142836176816,38
12.156114065089287,38
12.18604336213416,38
12.215931081214013,38
12.24577756133026,38
12.275583141484322,38
12.305348153227031,38
14.592034096830549,38
17.083057160490217,38
20.432478670294067,38
23.89579211882957,38
27.91387832651656,38
30.87777385867341,38
30.95086821939061,38
31.07856714668453,38
31.1508996349996,38
31.222890715777588,38
31.2945622182446,38
31.35987784417687,38
31.48000082107327,38
31.59993829709804,38
31.664696908879744,38
31.72928283452929,38
31.793701839575284,38
31.8579593169613,38
31.97706032203452,38
32.04100960328616,38
32.104811629469346,38
32.168470613612946,38
32.23199053436305,38
32.35037515501386,38
32.41362804053246,38
32.47675257283504,38
32.594751964533394,38
32.6576292713386,38
32.77538740328184,38
32.83076565182471,38
32.88607148303849,38
32.94130593082049,38
32.98182165911534,38
33.022292885092284,38
33.11772000333407,38
33.213103394118335,38
33.25344344517329,38
33.29374052500465,38
33.33399499869087,38
33.3742072275851,38
33.41437756558993,38
33.45450635915735,38
33.549593954441335,38
33.58964068358877,38
0.1000728384154291,39
0.1966799409280585,39
0.236259717900147,39
0.2744010845099767,39
0.3664267333632353,39
0.4575407744325241,39
0.5314046681798539,39
0.6040835917867264,39
0.6722920105732522,39
2.308078067091807,39
3.725606934813365,39
3.811534160462721,39
6.39311193832527,39
6.489318506506785,39
6.58564403065811,39
9.871804022876129,39
13.88815113232632,39
18.242302351969307,39
21.085302525437832,39
21.218810323798504,39
24.060934504338,39
24.193983843218174,39
24.32609103054193,39
24.45748433794703,39
24.5882530721049,39
24.718404495117827,39
27.3341723414112,39
30.17403986734088,39
30.30528307427817,39
30.436003333115973,39
33.13241825562116,39
33.26343457707341,39
33.39403871221108,39
36.661766115920834,39
36.79359732618352,39
36.920778185889496,39
37.0476824102757,39
40.50918030190503,39
40.63437495807039,39
40.75935639820081,39
43.37033151772536,39
46.33110115312394,39
49.2325146169731,39
52.0704726566458,39
52.20018277588059,39
52.32965845956859,39
55.50518821381058,39
55.63599678689135,39
58.85930319796187,39
58.99136076940725,39
62.55939672623329,39
66.22176295835222,39
69.53702844495497,39
69.67407222392649,39
73.17982672844646,39
76.57753060712487,39
79.89618633118134,39
83.50379334037375,39
87.01404232067716,39
87.15685150141601,39
90.29606133643308,39
90.43938856344728,39
94.04955730157596,39
94.19386180477012,39
94.33804118739916,39
98.19717206331212,39
98.33666205594577,39
98.47605756724052,39
98.61533891832508,39
98.74688102077084,39
102.17589127144451,39
105.305889733939,39
108.80897376680016,39
108.94468373830692,39
112.30047062773532,39
112.4303492796922,39
112.55012124454024,39
112.6698297304416,39
115.42984116499665,39
118.59669053976776,39
121.71596014921906,39
124.73088849013092,39
124.85539891993048,39
127.98185606161825,39
131.05822844145666,39
131.19013713292568,39
134.45892578043217,39
134.5921756351912,39
137.81769673188094,39
141.17240026237295,39
141.30819228996566,39
141.43990688423432,39
144.1371962483949,39
147.31531424657882,39
147.4487756602829,39
147.5822172940758,39
147.7156392258983,39
150.9413263489233,39
151.07593186569443,39
151.21044965656947,39
0.1000728384154291,40
0.1966799409280585,40
0.291759717900147,40
0.3854010845099767,40
0.4789189880568544,40
2.3689812546795284,40
4.072450341430807,40
4.166549544008264,40
4.260128798018101,40
5.400233275448108,40
6.5430606352784375,40
8.383423519428272,40
8.431909281863,40
8.480280096706604,40
8.528538547270948,40
9.317609122166006,40
10.053544360274309,40
11.197351553043765,40
11.297492980699523,40
11.342581497808633,40
11.387617658418405,40
11.432602005093,40
11.532535069266755,40
11.632417371583196,40
11.677249422220363,40
11.722031721203267,40
11.76676475870396,40
13.423690368303266,40
13.526083723046952,40
13.573384482551802,40
13.620594330461236,40
13.66771489028367,40
13.769747728557848,40
13.816694357799854,40
13.863556239250292,40
13.910334785438303,40
13.956382764906351,40
14.002389927821202,40
14.04835660468489,40
14.094283120690092,40
14.19516979584705,40
14.9257070057114,40
16.40806069501261,40
18.30051226231637,40
18.34616633739516,40
18.39110839051821,40
18.43605044364126,40
18.480992496764312,40
18.525934549887364,40
18.57087660301041,40
18.670818656133463,40
18.71576070925652,40
19.44703982485781,40
20.18017119361115,40
21.60979708240596,40
21.65309170954439,40
21.69634970648236,40
21.739571339623687,40
21.837756871525144,40
21.88090656097921,40
21.924020663094428,40
22.022099429373533,40
22.06268220665584,40
22.104081807556497,40
23.534814198303827,40
23.57925222793127,40
23.62369025755872,40
23.72312828718616,40
23.8225663168136,40
23.867004346441043,40
23.91144237606849,40
25.053688503262723,40
25.09735624022377,40
25.141058107010185,40
25.18479433819303,40
25.2285651715901,40
25.272370848333747,40
25.316211612940688,40
25.415087713383745,40
25.458999401165645,40
25.502946931394938,40
25.60193056286409,40
25.645950558129904,40
25.690007183596173,40
27.39520582803809,40
29.04932743354252,40
29.09401112661285,40
29.138694819683177,40
29.874201976338025,40
31.58458316453682,40
33.019308981982974,40
34.45632267395716,40
35.89537163579282,40
37.74259354386886,40
39.59220923797674,40
41.73234037575154,40
43.58670255737334,40
45.904123726262014,40
47.91704167229491,40
50.12035837762799,40
0.1000728384154291,41
0.2151243381986281,41
0.3301758379818272,41
0.4452273377650263,41
0.5602788375482254,41
0.6753303373314244,41
0.7764024370279031,41
0.8629557796683031,41
0.8904136204089838,41
0.9688690238561348,41
0.9937359997000412,41
1.070380636390658,41
1.1422796034183222,41
1.2038361326720437,41
1.210392662223788,41
1.2703334734704217,41
1.275774285562696,41
1.3362150978226084,41
1.3416559099148828,41
1.3470967220071572,41
1.3525375340994317,41
1.357978346191706,41
1.3634191582839803,41
1.368859970376255,41
1.3743007824685294,41
1.3797415945608038,41
1.3851824066530782,41
1.3906232187453529,41
1.396064030837627,41
1.4015048429299015,41
1.406945655022176,41
1.4123864671144504,41
1.4178272792067248,41
1.4782680914666373,41
1.4837089035589115,41
1.489149715651186,41
1.485755928691836,41
1.4827326816901434,41
1.48010964821315,41
1.4779216715995092,41
1.4762102458787951,41
1.4750256227724123,41
1.4744299148604143,41
1.474501863894878,41
1.4753445662370752,41
1.4770988764519672,41
1.47996890435916,41
1.4842773427533786,41
1.5456131075787227,41
1.5554146080556197,41
1.5652161085325162,41
1.575017609009413,41
1.6398191157075446,41
1.6496206161844411,41
1.714422122882573,41
1.7242236233594697,41
1.7340251238363664,41
1.7438266243132632,41
1.75362812479016,41
1.7634296252670567,41
1.8282311319651885,41
1.838032632442085,41
1.8478341329189816,41
1.8576356333958783,41
1.8674371338727755,41
1.877238634349672,41
1.8870401348265688,41
1.8968416353034656,41
1.9066431357803624,41
1.9164446362572591,41
1.926246136734156,41
1.9360476372110529,41
1.9458491376879488,41
1.9556506381648464,41
1.965452138641743,41
1.97525363911864,41
1.9850551395955365,41
1.9948566400724328,41
2.00465814054933,41
2.0144596410262268,41
2.0792611477243583,41
2.089062648201255,41
2.098864148678152,41
2.1636656553762834,41
2.228467162074415,41
2.238268662551312,41
2.2480701630282085,41
2.2578716635051053,41
2.267673163982002,41
2.3324746706801336,41
2.3422761711570304,41
2.407077677855162,41
2.4168791783320587,41
2.4266806788089554,41
2.436482179285852,41
2.446283679762749,41
2.4560851802396457,41
2.4658866807165425,41
2.47568818119344,41
2.485489681670336,41
0.1000728384154291,42
0.1971799409280585,42
0.2952489029039251,42
0.3958217413193542,42
0.4985484943152456,42
0.5590999940984447,42
0.6746514938816437,42
0.7902029936648427,42
0.8507544934480418,42
0.9113059932312408,42
0.97185749301444,42
1.087408992797639,42
1.1925632848724388,42
1.2983852339103612,42
1.351037401300917,42
1.456662243150932,42
1.5127801464442874,42
1.6224678249601985,42
1.677155507499423,42
1.7868431860153342,42
1.8965308645312453,42
2.006218543047156,42
2.060906225586381,42
2.115593908125605,42
2.2252815866415165,42
3.3837649726812504,42
3.469434512550082,42
4.260192526275363,42
4.359430460030284,42
4.406095934802737,42
4.457665553087439,42
4.514728234851804,42
4.571790916616168,42
4.628853598380532,42
4.685916280144896,42
4.742978961909261,42
4.800041643673625,42
4.857104325437989,42
4.96916700317904,42
5.026229684943404,42
5.083292366707768,42
5.195355044448819,42
5.252417726213183,42
5.35754893510982,42
6.110557062322345,42
7.784077031308856,42
8.597748799020495,42
8.718273361915793,42
8.783797925109115,42
8.904322488004413,42
8.969847051197734,42
9.035371614391057,42
9.100896177584376,42
9.166420740777696,42
9.23194530397102,42
9.29746986716434,42
9.36299443035766,42
9.428518993550982,42
9.535180618757453,42
11.03137045144483,42
11.142948357159344,42
11.20208039298102,42
11.321705491984334,42
11.388462992155995,42
11.455220492327657,42
11.521977992499318,42
11.58873549267098,42
11.710492992544618,42
11.824203299129453,42
12.99260227545544,42
14.857084320629086,42
17.01245217188641,42
19.17043738230511,42
21.74278648662997,42
24.668224753248367,42
27.402782082863627,42
30.446498410099693,42
30.58344707865532,42
32.45723424030313,42
32.5943918101549,42
32.67393119530617,42
32.807296382502045,42
32.94134989916843,42
33.02080362937318,42
33.15569241646288,42
33.2910577544516,42
33.42498468207806,42
34.9447738372085,42
35.02317154078977,42
35.096645675817875,42
35.169699395259926,42
35.24236532353025,42
35.36839171743176,42
38.48770393315705,42
39.25536590051101,42
39.38374860292173,42
39.510453614864296,42
41.87652057565517,42
41.99471153367507,42
44.005569999715775,42
0.1000728384154291,43
0.1966799409280585,43
0.291759717900147,43
0.3874597581155855,43
0.4824745919726222,43
0.5784927793069696,43
0.6753563482915368,43
0.7756856531789036,43
0.8771969019565916,43
0.9802589253757988,43
1.0953104251589978,43
1.2103619249421969,43
1.270413424725396,43
1.3164855244218747,43
1.4119976612388532,43
1.4994212316929738,43
1.5899877550661008,43
1.6263676586210172,43
1.659525219595377,43
1.7438487226724069,43
1.7684517225831191,43
1.841932783147637,43
1.8517342836245336,43
0.9016093046053688,43
0.1000728384154291,44
0.1966799409280585,44
0.2887597219239043,44
0.3823902742157744,44
0.4834288493881987,44
0.595980352271633,44
0.6970524519681117,44
0.7375645890831134,44
0.7739812277256629,44
0.8084227509795806,44
0.843927654623904,44
0.8763352178036353,44
0.9050337180494448,44
0.9291367169468782,44
0.9472427807747504,44
0.9567942807450076,44
-0.0484556963668086,44
0.1000728384154291,45
0.1966799409280585,45
0.2887597219239043,45
0.379401093829708,45
0.4119898812065886,45
0.4987355531345175,45
0.5854812250624465,45
0.6600580350647735,45
0.731970599402027,45
0.7482920964400338,45
0.8155526374618577,45
0.8834995408694314,45
0.9483146076242494,45
2.3536605243722963,45
3.0701909070055056,45
3.093919037390785,45
3.1725461543689537,45
3.1980296173284817,45
3.2236669385026264,45
3.2494630036096144,45
3.3304230165819693,45
3.4115525377134848,45
3.4378575165907908,45
3.509490602199273,45
3.5238446877489853,45
3.539063959863322,45
3.5512290462072063,45
3.559812606793182,45
3.5637878575514126,45
3.5615995049162823,45
3.5507686648204047,45
2.5248909506633,45
0.1000728384154291,46
0.1966799409280585,46
0.2841484458337592,46
0.3865956128726767,46
1.1852973164211082,46
1.2903518811951449,46
1.395406445969181,46
1.5009610117564964,46
1.5515155741165447,46
1.65707013990386,46
1.7076247022639084,46
1.813179268051224,46
1.8648852654884625,46
1.9176577092300224,46
1.971421337236004,46
2.7251200175791483,46
3.887318698048138,46
3.9509050898490177,46
4.014491481649897,46
4.078077873450777,46
4.141664265251657,46
4.205250657052536,46
4.323837048853416,46
4.442423440654295,46
4.506009832455175,46
4.569596224256054,46
4.688182616056934,46
4.751769007857813,46
4.815355399658693,46
4.878941791459573,46
4.942528183260452,46
5.061114575061332,46
5.819658756054879,46
6.9861289462901,46
7.7486321895860275,46
7.817988252322011,46
7.887344315057994,46
7.956700377793978,46
8.081056440529961,46
8.150412503265944,46
10.225232738524609,46
10.993433149435877,46
13.017981190075268,46
14.48472405141196,46
16.414392921990324,46
18.697763167158687,46
20.3949559815935,46
22.682561913494244,46
25.07811650682053,46
27.475983359544458,46
30.05865615827179,46
30.84995726100591,46
30.94811118318008,46
31.046265105354248,46
31.199419027528418,46
31.297572949702587,46
31.39572687187676,46
31.493880794050927,46
31.592034716225097,46
31.690188638399267,46
31.78834256057344,46
31.886496482747607,46
31.984650404921776,46
32.08280432709595,46
32.18095824927012,46
32.27911217144429,46
32.37726609361846,46
32.47542001579263,46
32.5735739379668,46
32.67172786014097,46
32.76988178231514,46
32.86803570448931,46
32.96618962666348,46
33.06434354883765,46
33.16249747101182,46
33.26065139318599,46
33.35880531536016,46
33.45695923753433,46
33.5551131597085,46
33.65326708188267,46
33.75142100405684,46
33.84957492623101,46
34.00272884840518,46
34.10088277057935,46
34.19903669275352,46
34.352190614927686,46
34.450344537101856,46
34.548498459276026,46
34.701652381450195,46
34.799806303624365,46
34.952960225798535,46
35.051114147972704,46
35.149268070146874,46
35.247421992321044,46
35.345575914495214,46
35.443729836669384,46
35.59688375884355,46
35.75003768101772,46
35.84819160319189,46
35.94634552536606,46
0.1000728384154291,47
0.2081928663930287,47
0.3232443661762277,47
0.4348301300566271,47
0.4890178115825727,47
0.5432054931085184,47
0.5853519746821001,47
0.6808641114990786,47
0.7752807487070665,47
0.8119722742657531,47
0.8492271762664659,47
0.8831347387856481,47
0.968083239002449,47
0.9921862378998824,47
1.0102923017277543,47
1.0198438016980118,47
0.0145938245861954,47
0.1000728384154291,48
0.1966799409280585,48
0.291259717900147,48
0.373835449607448,48
0.4006404279156127,48
0.4267777492606548,48
0.4523261554274149,48
0.5323477590158859,48
0.5538928115442673,48
0.5750028060451428,48
0.6507125885859409,48
0.7275518269911686,48
0.7493910694197098,48
0.7616878866851607,48
0.8265460923016349,48
0.8921885162294189,48
0.903330946125118,48
0.969531850673286,48
0.9807919326871912,48
0.9921118959486762,48
1.0034924659580269,48
1.014934385910658,48
1.0264384185597577,48
1.0380053452849665,48
1.7427511743903437,48
1.7544139509722867,48
1.821141656272141,48
1.8329351588785925,48
1.89979532805088,48
1.908466829702285,48
1.917138331353692,48
1.9258098330050983,48
1.9344813346565048,48
1.943152836307911,48
2.006824343249229,48
2.015495844900636,48
2.024167346552042,48
2.0328388482034483,48
2.0415103498548546,48
2.050181851506261,48
2.058853353157667,48
2.067524854809073,48
2.07619635646048,48
2.084867858111886,48
2.0935393597632923,48
2.157210866704611,48
2.211895833507208,48
2.2116497665578776,48
2.266473630809253,48
2.2663684182502606,48
2.260141269087819,48
2.300270397931365,48
1.3254372074902334,48
0.1000728384154291,49
0.1966799409280585,49
0.291259717900147,49
0.3844010845099767,49
0.4786581688763773,49
0.5727613949494443,49
0.6527359561200425,49
0.6728604064460084,49
0.6894255840356633,49
0.7587403544361875,49
0.7745861281777904,49
0.7876376855324194,49
0.8524152386139319,49
0.8582004295799122,49
0.9133888954433784,49
0.9601636553320274,49
-0.0630039548364296,49
0.1000728384154291,50
0.1966799409280585,50
0.291259717900147,50
0.3844010845099767,50
0.4780002870874338,50
0.5728365305314601,50
0.6691372923061089,50
0.7652296905987548,50
1.5569646927509586,50
1.6554426198096237,50
1.7002870135432868,50
1.747017878432657,50
1.79681426568646,50
1.8559696638247705,50
1.9735907978658809,50
2.036211931906992,50
2.1538330659481018,50
2.271454199989212,50
2.3340753340303224,50
2.3966964680714327,50
2.459317602112543,50
2.521938736153653,50
2.5845598701947634,50
2.6471810042358737,50
2.709802138276984,50
2.772423272318094,50
2.8350444063592044,50
2.8976655404003147,50
2.960286674441425,50
3.077907808482536,50
3.1405289425236456,50
3.203150076564756,50
3.265771210605866,50
3.3833923446469765,50
3.4460134786880867,50
3.508634612729197,50
3.571255746770307,50
3.6338768808114175,50
3.751498014852528,50
3.814119148893638,50
3.876740282934749,50
3.9393614169758586,50
4.001982551016969,50
4.06460368505808,50
4.12722481909919,50
4.189845953140301,50
4.252467087181412,50
4.370088221222522,50
4.432709355263633,50
4.495330489304743,50
4.557951623345854,50
4.620572757386965,50
4.683193891428076,50
4.745815025469186,50
4.863436159510297,50
4.926057293551407,50
5.043678427592518,50
5.161299561633628,50
5.2789206956747385,50
5.341541829715849,50
5.40416296375696,50
5.466784097798071,50
5.584405231839181,50
5.702026365880291,50
5.764647499921402,50
5.827268633962513,50
5.944889768003623,50
6.007510902044734,50
6.070132036085845,50
6.187753170126955,50
6.250374304168066,50
6.312995438209176,50
6.375616572250287,50
6.4932377062913975,50
6.555858840332508,50
6.618479974373619,50
6.68110110841473,50
6.74372224245584,50
6.861343376496951,50
6.923964510538061,50
7.041585644579172,50
7.1042067786202825,50
7.166827912661393,50
7.229449046702504,50
7.292070180743615,50
7.354691314784725,50
7.417312448825836,50
7.479933582866947,50
7.542554716908057,50
7.605175850949168,50
7.667796984990279,50
7.730418119031389,50
7.7930392530725,50
7.855660387113611,50
7.9182815211547215,50
8.035902655195832,50
8.153523789236942,50
8.216144923278053,50
8.278766057319164,50
8.341387191360274,50
0.1000728384154291,51
0.2151243381986281,51
0.3272101020790275,51
0.4427616018622266,51
0.5043725665989225,51
0.6060316725461377,51
0.7002641423432721,51
0.7942743538706196,51
0.8864794983355893,51
0.9235353781669032,51
0.959667199739684,51
0.9957990213124646,51
2.128340677806605,51
2.217564137169589,51
2.252100200840701,51
2.286969718971718,51
2.377196533122529,51
2.412808151432742,51
2.448836678156127,51
2.485320062824954,51
2.57730386544155,51
2.669843794295062,51
3.403214396425952,51
3.4443618259220017,51
3.4862247607498063,51
3.5289229652671708,51
4.666100432613362,51
4.70740922305869,51
4.74775682900237,51
6.1843490502624405,51
7.396106567764447,51
7.457717532501142,51
7.519328497237838,51
7.580939461974534,51
7.64255042671123,51
7.704161391447926,51
7.765772356184621,51
7.882383320921317,51
7.943994285658013,51
8.005605250394709,51
8.067216215131404,51
8.1288271798681,51
8.190438144604796,51
8.252049109341492,51
8.313660074078188,51
8.375271038814883,51
8.491882003551579,51
8.553492968288275,51
8.67010393302497,51
8.731714897761666,51
8.793325862498362,51
8.854936827235058,51
8.971547791971753,51
9.033158756708447,51
9.094769721445145,51
9.15638068618184,51
9.217991650918536,51
9.279602615655232,51
9.341213580391928,51
9.402824545128624,51
9.46443550986532,51
9.581046474602015,51
9.642657439338713,51
9.759268404075408,51
9.875879368812102,51
10.632612941172926,51
11.391157122166474,51
11.456554122600076,51
11.52195112303368,51
11.58734812346728,51
11.652745123900884,51
11.718142124334486,51
11.783539124768089,51
11.90393612520169,51
11.969333125635291,51
12.034730126068895,51
12.100127126502498,51
12.1655241269361,51
12.230921127369704,51
12.296318127803303,51
12.361715128236908,51
12.42711212867051,51
12.492509129104112,51
12.612906129537716,51
12.678303129971315,51
12.74370013040492,51
12.809097130838522,51
12.874494131272124,51
12.939891131705728,51
13.005288132139327,51
13.070685132572931,51
13.191933799971473,51
13.313182467370014,51
13.379431134768556,51
13.445679802167096,51
13.51192846956564,51
13.57817713696418,51
13.644425804362722,51
13.710674471761264,51
13.776923139159804,51
0.1000728384154291,52
0.1971799409280585,52
2.603649373846977,52
2.7055063882313086,52
2.8059249922533813,52
2.850227878518884,52
2.949239420243765,52
3.047975663082732,52
3.091893744142553,52
3.1360005268422886,52
3.1803034131077905,52
3.224810409345894,52
3.268722097127795,52
3.3127787225940626,52
3.3569846128760785,52
3.4013443614514283,52
3.445862853518351,52
3.5455452946993886,52
3.6453972436388047,52
3.690424649177277,52
3.790633892936604,52
3.891031838335844,52
3.936625887300852,52
4.037424046238461,52
4.083435003248163,52
4.12966821907072,52
4.176134034971452,52
4.22284380169303,52
4.324810034886546,52
4.372046604186414,52
4.419568965555481,52
4.52239445003363,52
4.625542627117468,52
4.72903576855874,52
4.832899449860781,52
4.88216334470119,52
4.931862296426546,52
4.982037799050924,52
5.032740104253591,52
5.08403132463454,52
5.135990201978612,52
5.24371983272182,52
5.352361071248998,52
5.407118027532747,52
5.463313394178755,52
5.521536086365304,52
5.583224514454652,52
5.6518444143496,52
5.720464314244548,52
5.789084214139495,52
5.857704114034443,52
5.926324013929391,52
6.049943913824339,52
6.118563813719287,52
6.1871837136142345,52
6.255803613509182,52
8.164869277246352,52
9.37824855084947,52
11.743389718803986,52
13.598580527931771,52
16.062406212223113,52
18.528321839169504,52
18.643340925292563,52
18.70254186429672,52
18.76103989354776,52
18.818921759596687,52
18.87625513105933,52
18.9330942733488,52
18.98948367445493,52
19.045460470442645,52
19.14635741183161,52
19.19200258378985,52
19.23740805843664,52
19.28258480297449,52
19.32754282476753,52
19.37229129208249,52
19.416838635390896,52
19.461192632993505,52
19.50536048388728,52
19.54934887016574,52
19.58214957798853,52
19.66985682514627,52
19.70142803617564,52
19.73292383099396,52
19.764345330240253,52
19.844815288724423,52
21.265377885767204,52
21.299533757410835,52
21.33357973452087,52
21.3675181806048,52
21.401351359642742,52
21.43508144224467,52
21.46871051131001,52
21.50224056723887,52
21.535673532738446,52
21.624011257263167,52
21.712255521122827,52
22.84101964359866,52
22.87111459397147,52
22.9561533007816,52
0.1000728384154291,53
0.1966799409280585,53
0.291259717900147,53
0.3269010826533933,53
0.3614267304128309,53
0.4500407769864698,53
0.4689046635812421,53
0.5410746752804418,53
0.6084013402050634,53
0.6181154444402357,53
0.6284479161313077,53
0.6903967408051987,53
0.7483809513559838,53
0.8015426134279271,53
1.9072960352113744,53
3.0763318275621434,53
5.049071643274118,53
5.130543958168317,53
7.16459823749571,53
8.80864120624571,53
10.927579890709213,53
13.055187068327024,53
15.593633563579218,53
18.48618391079945,53
21.810162994520216,53
25.058575472518783,53
26.227575124660643,53
28.656747682956293,53
28.726350356315244,53
28.788996389322826,53
28.85141557930525,53
28.91361777271001,53
28.97561199662828,53
29.03740655699486,53
29.09900912169677,53
29.16042679138248,53
29.2766661601662,53
29.3927333679678,53
29.45363414588124,53
29.51437385569476,53
29.57495752447601,53
29.635389874969064,53
29.69567535241872,53
29.755818148332047,53
29.814341098271868,53
29.927729070689978,53
29.98598561379673,53
30.0441140940242,53
30.10211770964702,53
30.21499950307546,53
30.32776237197879,53
30.44040907937465,53
30.49794226280204,53
30.555364442679533,53
30.61267802993725,53
30.66988533299984,53
30.726988564187955,53
30.78398984559756,53
30.840891214509217,53
30.897694628373493,53
30.954401969413045,53
31.011015048877702,53
31.12175535731801,53
31.177404829238537,53
31.232965085491227,53
31.28843769009689,53
31.343824153182755,53
31.399125933720963,53
31.454344442084647,53
31.50948104243648,53
31.5581347040929,53
31.60241953862881,53
31.646654049231643,53
31.745838737358177,53
31.789974094570105,53
31.834060602824056,53
31.93309873475039,53
31.97708895392132,53
32.02103171510884,53
32.11992746453297,53
32.21877664010073,53
32.248347273646246,53
32.27789488862301,53
32.30741958933915,53
32.33692148382808,53
32.41592545862342,53
32.43991325478102,53
32.463884927882205,53
32.4878405282184,53
32.56678010764564,53
32.59070371891404,53
32.66961140985633,53
32.693503233222614,53
32.77237923684562,53
32.79623947533811,53
32.820083994968186,53
32.843912846027266,53
32.86772607694412,53
34.894724358423005,53
37.492916573388825,53
0.1000728384154291,54
0.1966799409280585,54
0.236259717900147,54
0.3294010845099767,54
2.0362101464477385,54
2.1333851923856333,54
2.2306573287528138,54
2.3278806842452675,54
2.4213847331291825,54
4.072617929387727,54
5.72435323517386,54
7.1550385169274,54
8.58749107639853,54
8.633527737069764,54
8.734445821452775,54
8.780248064506688,54
8.825937095988431,54
8.871515419293084,54
8.91698543723289,54
9.649081990081706,54
10.788451358634868,54
12.778797551948466,54
12.878198966342843,54
12.922566018957534,54
12.966898940462508,54
14.955579780001084,54
17.204793017104215,54
17.255682929903955,54
18.39455674544045,54
20.04697857752511,54
22.044144169275395,54
22.095399611970368,54
22.14665505466534,54
22.197910497360315,54
22.24916594005529,54
22.30042138275026,54
22.351676825445235,54
22.40293226814021,54
22.454187710835185,54
22.505443153530155,54
22.55669859622513,54
22.662954038920105,54
22.714209481615075,54
22.76546492431005,54
25.30162701679302,54
25.352882459488,54
25.404137902182967,54
25.45539334487794,54
25.50664878757292,54
25.557904230267887,54
25.60915967296286,54
25.66041511565784,54
25.711670558352807,54
25.76292600104778,54
25.81418144374276,54
25.920436886437727,54
25.9716923291327,54
26.07794777182768,54
26.129203214522647,54
26.23545865721762,54
26.2867140999126,54
26.337969542607567,54
26.38922498530254,54
26.44048042799752,54
26.546735870692487,54
26.59799131338746,54
26.64924675608244,54
26.700502198777407,54
29.00457548006832,54
31.458623889548583,54
33.87545516360707,54
36.88481551890533,54
39.89776523992218,54
41.06419364423149,54
41.13159551034194,54
41.19861483702221,54
41.26527882296174,54
41.33161105459114,54
41.44552857465048,54
41.559421584856814,54
41.61829020477088,54
41.67713455279262,54
41.73595474617802,54
41.79475090105557,54
41.85352313244251,54
41.91227155426065,54
41.966813019441005,54
42.02134265029631,54
42.07586047477069,54
42.13036652067661,54
42.1848608156958,54
42.2393433873802,54
42.293814263152825,54
42.348273470308726,54
42.40272103601583,54
42.45715698731585,54
42.56267027345024,54
42.66828833641052,54
42.71901341891411,54
42.7698478617918,54
0.1000728384154291,55
0.1966799409280585,55
0.291259717900147,55
0.3844010845099767,55
0.4214267333632353,55
0.5125407744325241,55
2.690132005566424,55
2.787551925457373,55
4.49759160501575,55
5.931560931978188,55
5.97883163733759,55
6.080661221529918,55
6.181964003143957,55
6.228424172643318,55
7.02379058375832,55
9.020058660780878,55
10.919476218524087,55
13.373791811112756,55
15.735572273421912,55
17.87603907661194,55
20.01813540706623,55
22.33470042351692,55
25.109740925026657,55
26.78658106143124,55
26.90847354768642,55
27.02990348865397,55
27.095910074122685,55
27.16152636865997,55
27.22678064412929,55
27.29169735169222,55
27.35629784753177,55
27.42060094567223,55
27.48462334650652,55
27.548379974111207,55
27.605675020185625,55
27.662820918624007,55
27.719821989864275,55
27.77668231107008,55
27.833405736116752,55
27.889995913446267,55
27.946456302067823,55
28.00279018593877,55
28.059000686925728,55
28.115090776516897,55
28.171063286432485,55
28.2269209182598,55
28.282666252222583,55
28.33600393634458,55
28.384758755705924,55
28.42942021632905,55
28.47401519397821,55
28.5185445610632,55
28.56300916739396,55
28.6074098410476,55
28.651747389191545,55
28.696022598865657,55
28.795236237725824,55
28.839389054751365,55
28.88348178091844,55
28.982515129841445,55
29.02648979838433,55
29.070406467243508,55
29.114265801504075,55
29.15806845117076,55
29.195316976580344,55
29.23252834436421,55
29.269702828624435,55
29.306840699448745,55
29.34394222299804,55
29.38100766159144,55
29.41803727378884,55
29.443947746172253,55
29.524831658068248,55
29.605689149823508,55
29.631520360309327,55
29.65732542694473,55
29.738104485719152,55
29.763857671214623,55
29.778844603492303,55
29.7938122909203,55
29.8637608077064,55
29.878690230815096,55
29.893600630728884,55
29.90849207822828,55
29.92336464595644,55
29.938218404693885,55
29.95305342522113,55
29.967869778318686,55
29.98266753290443,55
29.997446756033582,55
30.01220751848666,55
30.02694988731889,55
30.0416739295855,55
30.05637971234171,55
30.071067302642746,55
30.08573676568119,55
30.100388166649623,55
30.11502157260327,55
30.129637046872062,55
30.14423465278594,55
0.1000728384154291,56
0.1966799409280585,56
0.291259717900147,56
0.3849010845099767,56
0.4786053450308407,56
0.5711328919051127,56
0.6634164879585376,56
0.7558205717698577,56
2.1837911915172588,56
2.2788818307879337,56
2.3739724700586087,56
2.4662394021884686,56
3.65891904581945,56
3.7520654668347126,56
4.484708892299343,56
4.578369887663532,56
6.00574401219051,56
7.435013206793476,56
9.089543016745258,56
10.52763493156796,56
10.612816767514198,56
10.70885778379485,56
10.801750013351889,56
10.839598184198588,56
10.87740268719241,56
10.915163898587672,56
10.952882190913408,56
11.03940284785673,56
12.460566049188822,56
13.884493952364176,56
15.022523527712076,56
15.116836337119787,56
17.241186169654576,56
17.279391580939738,56
17.316239895046202,56
17.40817516458079,56
17.44519893613502,56
17.537047249943463,56
17.622776848942486,56
17.70861781176969,56
17.739572671920506,56
17.770644085228888,56
17.80183483821198,56
17.8331478440468,56
17.864586172372547,56
17.896153041840044,56
17.92785184618875,56
18.001598959535805,56
18.08455560889885,56
18.112640797839013,56
18.195857919499723,56
18.223543883979765,56
18.251369133338777,56
18.27933765922532,56
18.30745368984386,56
18.390364413828102,56
18.420320700601188,56
18.50548849602088,56
18.53587715116188,56
18.566496871158925,56
18.597358850509373,56
18.62847543109998,56
18.659860271707625,56
18.691528592005817,56
18.72349743147239,56
18.81078601230725,56
18.897002462044803,56
19.62463981260404,56
19.65936929334745,56
19.69435008589968,56
19.78459548924908,56
19.820120293394176,56
19.855941042051164,56
19.88859467928156,56
19.921584013596625,56
19.954933214679805,56
19.988670207307187,56
20.064118347809163,56
20.09333248224899,56
20.17792273101255,56
20.20791971099421,56
20.23835945662901,56
20.26928502109692,56
20.355748740703312,56
20.387815600008217,56
20.420568464071003,56
20.45411665153548,56
20.54361105126187,56
20.579273523509947,56
20.612615408122984,56
20.64466566008374,56
20.677551185459343,56
20.711440061897484,56
20.801585508257595,56
20.838413318366257,56
20.87779525828406,56
20.922670257956234,56
20.96754525762841,56
21.06742026072785,56
21.112295260400025,56
0.1000728384154291,57
0.1966799409280585,57
0.291259717900147,57
0.3844010845099767,57
0.4764267333632352,57
0.5650407799368742,57
2.267042470801437,57
4.309180332053268,57
7.069919407408575,57
9.835603351859232,57
13.28740206199664,57
16.941532456652357,57
19.315006157125502,57
19.439737077887383,57
21.86765439636442,57
21.934279601083265,57
22.055590954931706,57
22.121830918220827,57
22.188000495940493,57
22.254100665177727,57
22.375132376262872,57
22.44109655385382,57
22.50699409796245,57
22.57282588492706,57
22.638592768334306,57
22.704295579893884,57
22.769935130268944,57
22.890512209865,57
22.949895408220574,57
23.009273837858576,57
23.068647503322804,57
23.128016409148405,57
23.1873805598619,57
23.246739959981216,57
23.30609461401569,57
23.420444526466127,57
23.47978970182478,57
23.539130144575417,57
23.65346585919331,57
23.71279685014529,57
23.77212312188974,57
23.831444678876657,57
23.88101740570277,57
23.930590132528884,57
23.980162859355,57
24.02973558618111,57
24.079308313007225,57
24.12888103983333,57
24.17845376665945,57
24.228026493485565,57
24.270854875418166,57
24.31367385885176,57
24.41148346141956,57
24.50928370068874,57
24.55207459416081,57
24.594856159271966,57
24.637628413393468,57
24.735391373831995,57
24.778145057830013,57
24.875889482566127,57
24.918130073048072,57
24.96036604459205,57
25.002597401461028,57
25.04482414791013,57
25.087046288186645,57
25.117701068753338,57
25.14835584932003,57
25.2340106295887,57
25.319665409857368,57
25.35032019042406,57
25.38097497099076,57
25.466629751259426,57
25.55228453152809,57
25.63793931179676,57
25.72359409206543,57
25.75424887263212,57
25.78490365319881,57
25.815558433765503,57
25.8462132143322,57
25.87686799489889,57
25.907522775465583,57
25.93817755603228,57
26.023832336300945,57
26.05448711686764,57
26.08514189743433,57
26.115796678001026,57
26.146451458567714,57
26.177106239134407,57
28.286577798658943,57
30.1116914527956,57
30.14503644802604,57
30.17837230139408,57
30.211699031526184,57
30.245016653323507,57
30.278325185412506,57
30.31162464269433,57
32.008848425233694,57
32.04587984517539,57
32.13790674636396,57
32.174929132879534,57
0.1000728384154291,58
0.1966799409280585,58
0.236259717900147,58
0.3294010845099767,58
0.4179881674324354,58
0.5056974229489645,58
0.5815819588576635,58
0.655893490937837,58
0.7357769471680006,58
0.8156604033981641,58
0.8955438596283277,58
1.6171384913002331,58
1.6461612966929753,58
1.6758343664084752,58
1.706255098161586,58
1.7375552815471966,58
1.7699233342980225,58
1.8586510543798287,58
1.8942522456024964,58
1.987884116647132,58
2.0354747821663697,58
2.0865311858331044,58
2.137587589499839,58
2.1886439931665738,58
2.2397003968333085,58
2.290756800500043,58
2.341813204166778,58
2.3928696078335125,58
2.4439260115002472,58
2.494982415166982,58
2.5460388188337166,58
2.652095218477138,58
2.7031516221438725,58
2.754208025810607,58
2.805264429477342,58
2.8563208331440766,58
2.907377236810812,58
2.958433640477546,58
3.064490040120967,58
3.115546443787702,58
3.1666028474544365,58
3.2726592470978577,58
3.3237156507645924,58
3.374772054431327,58
3.425828458098062,58
3.4768848617647965,58
3.527941265431531,58
3.578997669098266,58
3.6300540727650006,58
3.6811104764317353,58
3.73216688009847,58
3.7832232837652047,58
3.889279683408626,58
3.940336087075361,58
3.9913924907420952,58
4.04244889440883,58
4.093505298075565,58
4.144561701742299,58
4.195618105409034,58
4.246674509075769,58
4.297730912742503,58
4.403787312385925,58
4.454843716052659,58
4.505900119719394,58
4.556956523386129,58
4.608012927052863,58
4.659069330719598,58
4.710125734386333,58
4.7611821380530674,58
4.812238541719802,58
4.863294945386537,58
4.914351349053272,58
4.965407752720006,58
5.016464156386741,58
5.122520556030162,58
5.173576959696897,58
5.279633359340318,58
5.330689763007053,58
5.381746166673787,58
5.4878025663172085,58
5.538858969983943,58
5.589915373650678,58
5.640971777317413,58
5.747028176960834,58
5.7980845806275685,58
5.849140984294303,58
5.900197387961038,58
5.951253791627773,58
6.002310195294507,58
6.053366598961242,58
6.104423002627977,58
6.155479406294711,58
6.206535809961446,58
6.312592209604867,58
6.363648613271602,58
6.414705016938337,58
6.465761420605071,58
6.516817824271806,58
6.567874227938541,58
6.618930631605275,58
0.1000728384154291,59
0.1966799409280585,59
0.2397254538029467,59
0.3397982922183759,59
0.440986848390376,59
0.5425522243144865,59
2.5417582904460785,59
4.0388485108974335,59
4.147617063439166,59
6.336142501747882,59
9.224034271157064,59
12.34241991741488,59
15.260598611552652,59
18.91680717152446,59
21.639717484618767,59
24.309542878122127,59
24.41441891416395,59
24.51929495020577,59
24.624170986247595,59
24.72904702228941,59
24.88892305833124,59
24.993799094373063,59
25.09867513041489,59
25.20355116645671,59
25.30842720249853,59
25.413303238540355,59
27.634261429456767,59
30.28354549388206,59
32.85213720217196,59
35.64380824360173,59
38.29244464727735,59
41.37633125264729,59
44.0008507841559,59
46.91938986200801,59
49.95073735033247,59
53.21585178450912,59
56.56220776964515,59
59.870354020956576,59
63.25649536918628,59
66.1804113331061,59
66.32341610912039,59
66.41169946022032,59
66.50027782775493,59
66.5891697161921,59
66.67839610759982,59
66.82298099517297,59
66.9129520818743,59
67.05105215466698,59
67.1343306998103,59
67.27279432434241,59
67.35395697039776,59
67.43528837788713,59
67.50606430147576,59
67.57704627640763,59
67.64824316045237,59
67.7196646072805,59
67.79132117880187,59
67.86322447969374,59
67.93538731988363,59
68.00782391264738,59
68.0805501186498,59
68.15358375007045,59
68.28194495452667,59
68.35565670681382,59
68.4847454491884,59
68.61424194089778,59
68.74418241010109,59
68.81961015598515,59
68.89557784505952,59
69.02715092379167,59
69.10441292103563,59
69.1824741617843,59
69.26148717117543,59
69.34167675100123,59
69.4234078376253,59
69.50345216342974,59
69.64017885041729,59
69.72445966552365,59
69.81423354207337,59
69.91440462633147,59
70.01457571058958,59
70.11474679484769,59
70.2149178791058,59
70.37008896336391,59
70.47026004762202,59
70.57043113188013,59
70.72560221613824,59
70.82577330039635,59
70.92594438465446,59
71.02611546891256,59
71.12628655317067,59
71.22645763742878,59
71.32662872168689,59
71.426799805945,59
71.5269708902031,59
71.62714197446121,59
71.72731305871932,59
71.82748414297743,59
71.98265522723554,59
72.08282631149365,59
0.1000728384154291,60
0.1966799409280585,60
0.291259717900147,60
0.3844010845099767,60
0.4214267333632353,60
0.5125407744325241,60
0.5864046681798538,60
0.6041996795810303,60
0.6720263455189308,60
2.1375821326054174,60
4.250675985602244,60
6.987784693030222,60
7.085065143195494,60
7.182407097903593,60
10.278276162234649,60
13.802755074588164,60
18.357222271406773,60
21.668559476543454,60
25.021907268692967,60
25.15518627366301,60
28.75612626264265,60
32.41947725893749,60
36.14165503878742,60
36.2713325318753,60
36.40069875049445,60
39.17017017694705,60
39.30042262635893,60
39.43045400005604,60
41.95914284918979,60
44.98161295467934,60
45.11346665429628,60
47.730955464685934,60
47.86327044176647,60
50.76913990620656,60
53.38791203472511,60
53.51552708023173,60
56.20910066763935,60
58.73638782433359,60
58.86557620252298,60
58.98833336782326,60
61.00263111378491,60
61.81922968772973,60
61.92887612728204,60
62.03843526838149,60
63.53470938203658,60
63.64520472584094,60
64.44901585874881,60
66.1701765090021,60
66.27805932162131,60
66.33089663384284,60
66.43866452125634,60
68.15616973785485,60
68.26417882291402,60
71.87072665540303,60
71.92533032519545,60
72.03488849026884,60
72.14441439432825,60
72.25390825344051,60
72.363333217034,60
73.85952698362793,60
75.52445184362854,60
75.63488765729393,60
77.94409914983238,60
78.05600999219145,60
78.16463111264433,60
78.2731939099523,60
78.3817015506121,60
79.87704785836662,60
81.59619196427788,60
83.78633721841301,60
83.89700426084723,60
84.00763489974464,60
85.2176259971949,60
85.32892677856411,60
87.232678509483,60
90.48259911609615,60
90.59696210099186,60
90.71124672813144,60
92.90570664329256,60
94.91267132682528,60
96.63858449382508,60
98.36490070743288,60
98.48171471727814,60
100.33575760496582,60
100.45295177323544,60
102.30735300404751,60
104.99601830367747,60
105.11967193542998,60
105.243225434417,60
106.46560320625996,60
108.53587409018546,60
110.90868626435108,60
113.11400788196708,60
114.97710694432214,60
115.10335849920028,60
117.02178957832167,60
117.1483814612713,60
118.66153916733212,60
118.78832250101232,60
118.91500091319416,60
0.1000728384154291,61
0.1966799409280585,61
0.291259717900147,61
0.3844010845099767,61
0.4764267333632352,61
0.5680407744325241,61
0.6593321228961251,61
0.7503203482506439,61
0.7870822464894598,61
0.824551190923608,61
0.9167035739606844,61
3.209442250031852,61
5.333014599580191,61
6.993683810685129,61
8.9936192784047,61
11.535678298444054,61
14.216548418487138,61
14.27014212443624,61
14.323387257222269,61
14.37630654183292,61
14.428919920661198,61
14.48124503523234,61
14.53329760277514,61
14.57178246671204,61
14.61009143361692,61
14.70323047855739,61
14.74120519379024,61
14.779020801874442,61
14.81668221274261,61
14.854194042029423,61
14.89156063342337,61
14.92878608474378,61
14.964865949692769,61
14.991619542928976,61
15.018297233375351,61
15.044900155382797,61
16.74011538060252,61
19.079470134096784,61
21.90130661777569,61
24.439943348988088,61
27.271046826844508,61
30.73758939111354,61
32.18980907531068,61
32.25550937981234,61
32.37599435779684,61
32.49614212937737,61
32.606674683637145,61
32.71698699503894,61
36.091818771089,61
39.15328187101133,61
40.829301844228425,61
40.9508118749542,61
43.09805005255146,61
43.22062264179812,61
45.08080884234868,61
45.14909471928635,61
45.27224360135309,61
45.39518878926493,61
45.46307445266424,61
45.58590129185565,61
45.677677139785686,61
45.7657055859414,61
45.79316772485272,61
45.86798460746304,61
48.26301248336331,61
48.355408653264206,61
50.88363026047246,61
53.694687351231735,61
56.642474998912725,61
59.979439838754985,61
61.14189659794482,61
61.260839972790286,61
62.711918008459975,61
62.83175837295946,61
64.50717450037705,61
64.5734409619338,61
64.64001330935773,61
64.70691148235974,61
64.82733599493133,61
64.94797395454638,61
65.06883488103915,61
65.18992918322478,61
65.31062195936383,61
66.8183710949506,61
68.2719357601242,61
68.33925429606315,61
68.46150862566236,61
69.62807352594714,61
69.69616816883462,61
69.81940899582301,61
69.94280040992373,61
70.06609386897706,61
71.23367509350992,61
73.15081085206037,61
73.21647023374561,61
73.33739535277854,61
73.45860112909203,61
73.5801042581735,61
73.7019235481811,61
73.76908034820259,61
0.1000728384154291,62
0.1971799409280585,62
0.2957254538029468,62
0.3939482740721472,62
0.4910553765847766,62
0.532573563919124,62
0.5725521424762123,62
0.666863064070178,62
0.7560790206985006,62
0.7899722855286131,62
0.8783465649680624,62
0.9684370036916266,62
1.0032864276067743,62
1.092579721261693,62
1.1812317434446344,62
3.420256144155694,62
3.516072495629025,62
5.223748071839047,62
6.878543718506528,62
9.006223781754208,62
11.678087099243832,62
14.62792364137018,62
14.743654064070318,62
17.635364662649184,62
21.0001715921285,62
22.510172870880947,62
25.21955664287039,62
27.36982548914816,62
27.49496458452457,62
30.131312649531868,62
30.2571077143482,62
30.32737744739078,62
30.452171833241763,62
30.57664377729592,62
30.700795145445184,62
30.75611365746768,62
30.86624054770978,62
34.799957798533754,62
37.31630878310712,62
39.95112278564265,62
43.114388215691285,62
43.17621008992239,62
43.2378026799862,62
43.29917604416652,62
43.36033939138098,62
43.42130119293972,62
43.53706924557729,62
43.5976507918541,62
43.65805253326936,62
43.71094347849532,62
43.81875399068041,62
43.92648534789725,62
43.97913877978964,62
44.03171548560305,62
44.08421662390276,62
44.136643316001134,62
44.1842443005745,62
44.23178992360874,62
44.27928078860088,62
44.38171749502464,62
44.42910060972019,62
44.4764307098095,62
44.52370835036083,62
44.57093407526656,62
44.61810842096849,62
44.720231912434535,62
44.76730505317493,62
44.81432834580584,62
44.916302289218144,62
44.963227360845046,62
45.01010403350039,62
45.05693277284546,62
45.103714037090974,62
45.15044826954647,62
45.197135906070905,62
45.243777382523255,62
45.34537738874598,62
45.38864087626381,62
45.48656791761561,62
45.58446412101432,62
45.62732967302247,62
45.667869638056,62
45.70838068738623,62
45.74886298865123,62
45.782164006829696,62
45.87044332861944,62
45.903522475958304,62
45.9365801097457,62
45.969616326839166,62
46.002631212920384,62
46.0356248648469,62
46.0685973683004,62
46.15654881238981,62
46.18947928711816,62
46.22238888159438,62
46.25527767777486,62
46.28814576506658,62
46.320993229151206,62
46.34575860329016,62
48.215674684718685,62
0.1000728384154291,63
0.1966799409280585,63
0.2993069074623176,63
0.4118584103457519,63
0.5252432457677909,63
0.5836280814878532,63
0.6280335157684871,63
0.6710456542245933,63
0.7094622931949683,63
0.7454038194887229,63
0.8370753831736633,63
2.4931662387721127,63
2.5838330842129773,63
4.009986744033534,63
6.1361194707028455,63
8.439773902999598,63
11.388509855376917,63
14.59311009928495,63
18.383856876033096,63
20.76297611419169,63
22.91879416282486,63
25.56079539585785,63
25.627639041274527,63
25.748916043264668,63
25.815563585115576,63
29.774090923692768,63
32.41513024268459,63
32.54527803229016,63
32.61963335079217,63
32.693304785734725,63
32.76637472111985,63
35.290878808463006,63
35.36256357383526,63
35.43432546155914,63
35.50616567986675,63
35.578085475450884,63
35.70508613533125,63
35.77716898884333,63
35.84933540976028,63
35.92158681855907,63
35.993924684843414,63
36.0663505299372,63
36.13886592966383,63
36.21147251732821,63
36.28417198692044,63
36.35696609656211,63
36.42985667221845,63
36.50284561170278,63
36.57593488900237,63
39.00884888587952,63
39.084735470251125,63
39.16124983729269,63
41.87871523847002,63
41.95792965077008,63
42.03810592253337,63
42.17447424941389,63
42.25741086408868,63
42.34264514041037,63
42.43225676041882,63
42.53796275955162,63
42.64366875868441,63
42.74937475781721,63
42.85508075695,63
43.0157867560828,63
43.12149275521559,63
43.22719875434839,63
43.38790475348118,63
43.493610752613975,63
43.59931675174677,63
43.70502275087957,63
43.81072875001236,63
43.97143474914515,63
44.07714074827795,63
44.18284674741074,63
44.28855274654354,63
44.39425874567633,63
44.49996474480913,63
44.60567074394192,63
44.71137674307472,63
44.81708274220751,63
44.92278874134031,63
45.0284947404731,63
45.18920073960589,63
45.34990673873869,63
45.51061273787148,63
45.61631873700428,63
45.72202473613707,63
45.82773073526987,63
45.93343673440266,63
46.039142733535456,63
46.19984873266825,63
46.360554731801045,63
46.46626073093384,63
46.57196673006664,63
46.73267272919943,63
46.83837872833222,63
46.94408472746502,63
47.10479072659781,63
47.26549672573061,63
47.3712027248634,63
0.1000728384154291,64
0.1966799409280585,64
0.291259717900147,64
3.1685551100245544,64
3.263255941587881,64
3.356420757298689,64
3.449150516124549,64
3.541480061412041,64
3.63371436572468,64
3.726141001441457,64
3.818767663831304,64
3.911293312684562,64
3.9493457641161096,64
3.9879871307259394,64
4.027296154298892,64
4.0673759312709805,64
4.108367316027039,64
4.205474418539668,64
4.249019931414557,64
4.294592769829986,64
4.343631344148215,64
4.404182843931414,64
4.464734343714613,64
4.525285843497812,64
4.585837343281011,64
4.64638884306421,64
4.7069403428474095,64
4.7674918426306085,64
4.828043342413808,64
4.888594842197007,64
4.949146341980206,64
5.009697841763405,64
5.820466156364461,64
5.883087290405571,64
5.945708424446682,64
6.008329558487793,64
6.070950692528903,64
6.133571826570014,64
6.196192960611125,64
6.258814094652236,64
6.321435228693346,64
6.384056362734457,64
6.501677496775567,64
6.564298630816678,64
6.626919764857789,64
6.689540898898899,64
6.75216203294001,64
6.814783166981121,64
6.877404301022231,64
6.940025435063342,64
7.002646569104453,64
7.065267703145564,64
7.127888837186674,64
7.190509971227785,64
7.253131105268896,64
7.315752239310006,64
7.378373373351117,64
7.495994507392227,64
7.558615641433338,64
7.621236775474449,64
7.738857909515559,64
7.80147904355667,64
7.864100177597781,64
7.926721311638891,64
8.044342445680002,64
8.106963579721112,64
8.169584713762223,64
8.232205847803334,64
8.294826981844444,64
8.412448115885555,64
8.475069249926666,64
8.537690383967776,64
8.600311518008887,64
8.662932652049998,64
8.725553786091108,64
8.843174920132219,64
8.96079605417333,64
9.02341718821444,64
9.08603832225555,64
9.14865945629666,64
9.266280590337772,64
9.328901724378882,64
9.391522858419991,64
9.454143992461104,64
9.516765126502214,64
9.579386260543323,64
9.642007394584436,64
9.704628528625546,64
9.767249662666655,64
9.884870796707768,64
9.947491930748878,64
10.065113064789989,64
10.1827341988311,64
10.24535533287221,64
10.30797646691332,64
10.370597600954431,64
10.433218734995542,64
10.495839869036653,64
10.558461003077763,64
10.676082137118874,64
0.1000728384154291,65
0.1966799409280585,65
0.291259717900147,65
0.3844010845099767,65
0.4739267394219716,65
2.359747366634496,65
2.452827999023088,65
2.4900891945039114,65
2.58164652588714,65
2.672586956647524,65
2.7629783168708166,65
2.8528749734436354,65
4.738094547418244,65
6.780697563317903,65
9.0837531865702,65
9.189304656562095,65
11.642142115290811,65
11.75183823130725,65
13.941465254424587,65
14.051401012479507,65
16.24336532729277,65
19.13300531441483,65
21.961548441127235,65
22.08199210525521,65
22.14293409575605,65
22.20395127564371,65
22.265044792892024,65
22.32621583107301,65
22.442347958551803,65
22.558558212620103,65
25.803740987764293,65
27.48148752205743,65
27.60476749054293,65
28.77227268898633,65
28.84135595850137,65
28.910637122947826,65
29.03488732754304,65
30.897225180279825,65
31.0225834024378,65
32.88587811540236,65
33.01189127576809,65
35.03001196550571,65
37.183056700682585,65
38.69856597812037,65
38.82697702833533,65
40.054066972524105,65
42.20805725026223,65
42.28238519990031,65
42.356501701540566,65
42.484825316058064,65
45.09942498237572,65
47.37234153169008,65
49.98940519953143,65
50.12162011732194,65
50.19537491311941,65
50.26917183216518,65
50.333813763944256,65
50.39844725690276,65
50.518072325259446,65
50.637688983185214,65
50.70229724480338,65
50.76689712418992,65
50.83148863537366,65
50.89607179233658,65
50.96064660901399,65
51.02521309929481,65
51.08000953795901,65
51.134944635653405,65
51.19002234491101,65
51.24524685295811,65
51.35562260004273,65
51.41115430670372,65
51.46684699433437,65
54.21947102921596,65
57.2827425087283,65
58.96077994477662,65
60.63978745437407,65
61.863667432024606,65
63.88132770425141,65
65.90034249974055,65
67.76646834893809,65
69.78805132574836,65
69.86388664934027,65
69.93988992765438,65
70.0160669991353,65
70.09242412280385,65
70.1689680254051,65
70.24570595587848,65
70.31697270984371,65
70.37795894558151,65
70.43924708629568,65
70.55585653300007,65
70.61780936981161,65
70.68013092095573,65
70.74285055662115,65
70.8060027431937,65
70.86962846631725,65
70.93377731705625,65
70.99851048702915,65
71.11890541727264,65
0.1000728384154291,66
0.1897474375762602,66
0.2226978343056326,66
0.2543685641643191,66
0.3400212992467993,66
0.4255441568972633,66
0.5109404255078058,66
0.5925335739181261,66
0.6754269753024797,66
0.7587973256037455,66
0.7873827632889967,66
0.8702527027950506,66
0.942150462828658,66
2.920590747557662,66
3.000827853046439,66
3.722689930759452,66
3.806775372885249,66
3.8362610251084783,66
3.866181733496569,66
3.950974228270433,66
5.138604881651781,66
5.868292989619158,66
5.959559897370718,66
5.996619826592586,66
6.034622712470672,66
6.128788715638302,66
6.224473132230423,66
6.267348817028187,66
6.314217040725134,66
6.372071387656114,66
6.473412814028642,66
7.624765696413896,66
7.6855534933880785,66
7.746341290362261,66
7.807129087336443,66
7.867916884310625,66
7.928704681284807,66
8.029770287163636,66
8.07824472565212,66
8.1301849022881,66
8.246854624189517,66
8.308524350114247,66
8.370194076038977,66
8.431863801963708,66
8.548533523865125,66
8.665203245766541,66
8.781872967667958,66
8.898542689569375,66
8.960212415494105,66
9.064892663098952,66
9.80419237766423,66
9.84860064316549,66
9.896474646814248,66
9.949841710217378,66
10.003208773620509,66
10.056575837023637,66
10.109942900426766,66
10.163309963829896,66
10.216677027233024,66
10.270044090636157,66
10.37841115374126,66
10.475792097337624,66
10.530498097129248,66
10.585204096920869,66
10.694910096414468,66
10.74961609620609,66
10.804322095997712,66
10.859028095789334,66
10.913734095580956,66
10.968440095372578,66
11.0231460951642,66
11.077852094955825,66
11.132558094747443,66
11.187264094539067,66
11.24197009433069,66
11.296676094122311,66
11.351382093913934,66
11.461088093407533,66
11.570794092901131,66
11.625500092692754,66
11.680206092484376,66
11.789912091977977,66
11.844618091769595,66
11.89932409156122,66
11.95403009135284,66
12.06373609084644,66
12.163712533600709,66
12.274672480709931,66
12.385632427819154,66
12.441592371501107,66
12.497552315183064,66
12.608512262292288,66
12.664472205974242,66
12.720432149656196,66
12.776392093338153,66
12.887352040447375,66
12.94331198412933,66
13.054271931238551,66
13.110231874920508,66
13.166191818602464,66
0.1000728384154291,67
0.2151243381986281,67
0.3306758379818272,67
0.4462273377650262,67
0.5593725665989225,67
0.667936341773448,67
0.7682568238200365,67
0.8685773058666251,67
0.9060504480136892,67
0.9435235901607536,67
0.9809967323078176,67
1.0715724273456595,67
1.1067681952251456,67
1.1416108726395628,67
1.176123757554438,67
1.2103272645606062,67
1.244239431513693,67
1.3328762992157004,67
1.366252240432646,67
1.3993801965250037,67
1.4322718872560525,67
1.464937974406626,67
1.5523881955875418,67
1.5846314920915625,67
1.6166760890616438,67
1.648529578639414,67
1.6801990016235373,67
1.711690892173197,67
1.743011337412741,67
1.8291660218371413,67
1.9151602580083869,67
1.9459990474267264,67
1.9766870706213973,67
2.0072287420614026,67
2.037628222896006,67
2.0678894470317624,67
2.09801613230839,67
2.128011806575801,67
2.157879815144684,67
2.187623335687664,67
2.217245393140461,67
2.2467488671524785,67
2.276136506987956,67
2.305410935251262,67
2.3895746531768105,67
2.41863006789818,67
2.4475794720335267,67
2.476425063504126,67
2.560168956114199,67
2.588813180743005,67
2.617359679831412,67
2.645810330925729,67
2.6741669333411715,67
2.757523537321236,67
2.7858801397366784,67
2.8069321798963807,67
2.829472326381352,67
2.8519815138412974,67
2.8758191658987067,67
3.5952343537344,67
3.621471601246145,67
3.647678267849829,67
3.673854539809968,67
4.387900839267518,67
5.104794512210633,67
5.824117968498017,67
5.903017352042939,67
5.927042525900747,67
5.951196738226559,67
5.975483408836867,67
7.15341602888539,67
7.177873364357497,67
7.202471554918434,67
7.227214683486368,67
7.252107075123336,67
7.277153326837565,67
7.302358320621993,67
7.327727264432456,67
7.353265716402079,67
7.433593167631175,67
7.512561379639651,67
7.536488442389514,67
7.561733922628905,67
7.5870202190114515,67
8.307894409341957,67
9.492174208803322,67
9.577800967438366,67
9.61425105939354,67
9.650741637399875,67
9.68727303195941,67
9.723845579014624,67
9.760459620083914,67
9.797115502401557,67
9.833813579062426,67
9.870554209171637,67
9.907337757999304,67
9.944164597140688,67
9.981035104681917,67
10.017949665371551,67
10.054908670798277,67
0.1000728384154291,68
0.1966799409280585,68
0.291759717900147,68
0.3854010845099767,68
1.5795739140490257,68
1.663535490272399,68
2.7982100797239533,68
4.278830239917356,68
4.372516872133319,68
6.207476861013085,68
6.250291585262062,68
6.292748161230342,68
6.334870537107994,68
6.376679658160837,68
6.473193998378015,68
7.610808834722134,68
7.649597063875984,68
7.688179784651406,68
7.72656511137196,68
7.764760541852187,68
7.802773025095253,68
7.840609019427914,68
7.93327454270386,68
7.970775215883617,68
8.008116301048533,68
8.100302734709993,68
8.137339157119934,68
8.17422993816526,68
8.21097920032977,68
8.247590839127332,68
8.284068541345075,68
8.320415801382396,68
8.356635935927887,68
8.447732097180314,68
8.538707284789805,68
8.574564356670479,68
8.61030603881474,68
8.64593493422188,68
8.736453531038698,68
8.82686420999718,68
8.86216925122353,68
8.952370840483596,68
8.987471074921793,68
9.022471968343906,68
9.0565398839006,68
9.145520426304676,68
9.179415096184304,68
9.21322534349042,68
9.246952570021278,68
9.335598131782026,68
9.36916334119261,68
9.457649469155978,68
9.49105774699746,68
9.524389368285206,68
9.546111824725536,68
10.266804354475036,68
10.294295649084068,68
10.32173346724752,68
10.349118374864316,68
10.376450925981777,68
10.40373166316406,68
10.430961117845506,68
10.458139810669632,68
10.540268251814492,68
10.559574080773242,68
11.685221928658349,68
11.71220864743816,68
11.739146998247085,68
11.766037444497949,68
11.78029977707893,68
11.785257593642475,68
12.487696246157888,68
12.49696418541253,68
12.5630283122021,68
12.57570271278501,68
13.284336910496954,68
13.301043263550405,68
13.313619791443948,68
14.717703520234233,68
15.485658227379922,68
16.90058402047605,68
16.929159957986943,68
16.957681010204684,68
16.986147773072563,68
17.014560829731284,68
17.042920750927134,68
17.071228095402986,68
17.099483410273034,68
17.18268723138208,68
17.210840083650176,68
17.238942481403363,68
17.266994928691176,68
17.28615026337245,68
17.99261175257304,68
18.70166097742656,68
19.412898884836224,68
20.17689947945216,68
20.193875407550124,68
20.21081776333192,68
20.22879321661928,68
0.1000728384154291,69
0.1416799409280584,69
0.236259717900147,69
0.3299010845099767,69
0.4230659002207847,69
0.4609544025382175,69
0.5532839478257097,69
0.6452429532524333,69
0.736495391013824,69
0.7723386786839765,69
0.8628037792831009,69
0.897917297390138,69
0.9327023392008482,69
0.9671791601960024,69
1.751659997936919,69
1.8426660820823373,69
2.5734013494139174,69
2.665656719231669,69
2.702848122292121,69
2.794976366618044,69
2.887042240072841,69
2.978985658427596,69
3.0705226636151672,69
3.162890653717289,69
3.1971152942953207,69
3.2313216548738577,69
3.2569437973526814,69
3.282547792079816,69
3.3039998725382187,69
3.325433935630093,69
3.346850044685373,69
3.368248264896641,69
3.444471027362118,69
3.4662182458070614,69
3.4879483111528256,69
3.509661283004055,69
3.53135721910275,69
3.5530361771909096,69
3.574698215010533,69
3.5963433884409763,69
3.6179717552242376,69
3.636156061324249,69
3.654357231813441,69
3.672575322571168,69
3.690810391339431,69
3.7090624958602287,69
3.782179908486972,69
4.496972279283176,69
4.518651237371335,69
4.540364209222565,69
5.313148025083313,69
5.337784688579808,69
5.417421351778279,69
5.442058015274773,69
5.466694678771267,69
5.482977578076492,69
5.499294841322074,69
5.515646706926594,69
5.532033415171275,69
5.548455211925278,69
5.557364334943662,69
5.566255945372353,69
5.575130103747318,69
5.583986870604525,69
5.647826306181917,69
5.656648470680187,69
5.665453423405955,69
5.674241223032544,69
5.683011929164598,69
5.691765599544118,69
5.700502291913102,69
5.709222064013551,69
5.7179249726561405,69
5.726611074651549,69
5.789730508471797,69
5.79833341355897,69
5.799813111904035,69
5.801309394077356,69
5.802822315259794,69
5.804351930865044,69
5.805898297005291,69
5.807461469792719,69
5.809041506038005,69
5.810638462784658,69
5.867252396079669,69
5.868883366589392,69
5.86573513400271,69
5.862569923405493,69
5.85938779230691,69
5.856188797750468,69
5.852972996546844,69
5.849740444808225,69
5.846491198646794,69
5.898225314575205,69
5.8949428455764,69
5.891643847697372,69
5.943328376286621,69
5.939996483628596,69
5.936648224373306,69
5.933283651838968,69
0.1000728384154291,70
0.1971799409280585,70
0.2940430926198407,70
0.3910267320695182,70
0.4877722312742495,70
0.5858411932501162,70
0.6836159527258682,70
0.7269975164866415,70
0.7710698319398188,70
0.8159438606433721,70
0.91540098130223,70
1.0150622119336894,70
1.0599362406372428,70
1.1050325281536502,70
1.150361415748232,70
1.195934254163661,70
1.296763559051028,70
1.3953090719259162,70
2.1337487070129733,70
2.233052032823436,70
2.3287799608062425,70
2.422515424723498,70
2.46191483252751,70
2.555762502188556,70
2.594997967417113,70
2.688920828337542,70
4.341749640936724,70
5.08074853085982,70
7.07755622529494,70
7.1834537562082925,70
7.287323961789481,70
8.490899334485404,70
10.154987226064078,70
12.214337955052724,70
12.326406354839676,70
13.827067608768813,70
13.939530680711142,70
15.851019975763574,70
18.54037080418452,70
20.69185983150109,70
22.76717162055513,70
22.894117657790424,70
25.10244951247344,70
25.23083580198101,70
25.358955361585057,70
28.20948274965984,70
29.73268041695873,70
31.43220677018129,70
32.6311645594998,70
33.830637346650306,70
36.012255833748654,70
37.21351886242947,70
37.316325264213376,70
37.41913166599728,70
37.52193806778119,70
37.6247444695651,70
37.78255087134902,70
37.885357273132925,70
37.988163674916834,70
38.09097007670074,70
38.19377647848465,70
38.351582880268566,70
38.45438928205248,70
38.55719568383638,70
38.66000208562029,70
38.7628084874042,70
38.86561488918811,70
38.96842129097202,70
39.071227692755926,70
39.22903409453984,70
39.33184049632375,70
39.43464689810766,70
39.53745329989157,70
39.64025970167548,70
39.74306610345938,70
39.9008725052433,70
40.058678907027215,70
40.16148530881112,70
40.26429171059503,70
40.36709811237894,70
40.46990451416285,70
40.57271091594676,70
40.73051731773067,70
40.83332371951458,70
40.9911301212985,70
41.093936523082405,70
41.19674292486632,70
41.29954932665022,70
41.45735572843414,70
41.560162130218046,70
41.66296853200196,70
41.76577493378586,70
41.86858133556977,70
41.97138773735368,70
42.07419413913759,70
42.1770005409215,70
42.279806942705406,70
42.382613344489314,70
42.54041974627323,70
42.64322614805714,70
0.1000728384154291,71
0.1966799409280585,71
2.867583272572379,71
5.925659421454792,71
8.75062969397994,71
8.865650502741621,71
12.421542952102286,71
15.806111609820984,71
15.931595013053682,71
16.056066674550664,71
17.278856054387848,71
17.40265410951739,71
17.52644368288069,71
17.649881516817768,71
17.772275816616826,71
18.993524811109147,71
19.113039564805543,71
19.232308212044067,71
21.838390692861225,71
24.790937305667644,71
24.90235708931932,71
27.500086741258563,71
30.013316947450026,71
30.06583903556409,71
30.173321792108577,71
30.280678816689537,71
30.38781628240994,71
32.27648195852689,71
32.373224268156804,71
34.08088637371711,71
35.79112268467597,71
35.86842213799409,71
37.85799847771577,71
39.849801527756966,71
42.20099161793641,71
42.30448750634841,71
42.40788759519509,71
42.511055911380566,71
44.64054581006221,71
44.745447861451424,71
47.57584999979403,71
50.17608693577418,71
50.29113307274256,71
50.40591034397659,71
50.52038241640789,71
50.63456685243209,71
50.74885755350332,71
50.8080518048834,71
50.921951900343615,71
51.0357373286657,71
51.14943904300165,71
51.901635815298135,71
51.96062709053502,71
52.074560721601046,71
52.133437365499006,71
52.24725766442388,71
52.36097591899059,71
54.08504489421436,71
54.19945322664877,71
54.25879970262415,71
54.31808507804286,71
54.43231609415829,71
54.546501265822585,71
55.70483113100022,71
55.8194491531766,71
55.87903058747549,71
55.9912106566315,71
56.04833971457612,71
56.16042386203916,71
56.2176637910549,71
56.32984687001753,71
56.38720656684667,71
56.49946572168848,71
56.611543355723406,71
59.21072560610441,71
60.01845196398438,71
60.1329245624208,71
60.24728486868174,71
60.349467800879786,71
61.83943705441983,71
61.94300890895159,71
64.39154172869951,71
64.49706737878353,71
66.80126159074337,71
68.24074010732204,71
68.3488036039713,71
69.15024932655126,71
69.25846844347745,71
70.97680073412687,71
71.08034116956026,71
73.61606867047578,71
73.7218403461817,71
73.82756348135501,71
73.93324988516599,71
74.03883262159854,71
76.79864855291873,71
76.90528304311067,71
77.70528150531084,71
77.75723063009411,71
77.85639767157465,71
0.1000728384154291,72
0.1971799409280585,72
0.292259717900147,72
0.3309010845099767,72
0.4234267333632353,72
0.515040774432524,72
0.6033840669072708,72
0.6365518947816928,72
0.7245502179242214,72
0.8123845910407146,72
0.8998761554933628,72
2.728838958380326,72
4.715948023436173,72
6.8451127393083055,72
9.297478299213306,72
12.06501308142543,72
14.962060644269007,72
18.208014344310275,72
21.22019294189537,72
22.89761781642148,72
24.06429142759027,72
24.13186237968701,72
24.19898678775052,72
24.25941724182868,72
24.319547252182645,72
24.37939385334884,72
24.438972251423504,72
24.55329610351791,72
24.612377743015017,72
24.67122836316173,72
24.72985816820536,72
24.78827649894381,72
24.84649193788484,72
24.904512397992985,72
24.962345198106185,72
25.019997127434635,72
25.0774745010487,72
25.134783207876552,72
25.19192875243425,72
25.24891629127909,72
25.30575066499461,72
25.36243642637184,72
25.41897786533572,72
25.475379031073604,72
25.531643751747566,72
25.5877756521117,72
25.64377816930544,72
25.69965456705306,72
25.748585260568355,72
25.797423358844814,72
25.84617054552585,72
25.894828444119906,72
25.94339862116569,72
25.97697752737397,72
26.06552672409409,72
26.09904637956017,72
26.13253667228812,72
26.165997769916,72
26.25442985095972,72
26.342833075904785,72
26.376207605236708,72
26.40955361002081,72
26.44287125044459,72
26.476160686695515,72
26.509422075235783,72
26.54265557625288,72
26.575861338758408,72
26.60903951921457,72
26.69719027378553,72
26.73031374462837,72
26.76341008045668,72
26.79647943028205,72
26.884521942818104,72
26.91753775277132,72
26.95052700512999,72
26.98348984145516,72
27.01642640330785,72
27.049336824798523,72
27.08222124003762,72
27.11507978686088,72
27.14791259565348,72
27.178872812771736,72
27.209810365223824,72
27.240725357317864,72
27.271617893361984,72
27.30248807021373,72
27.33333598473066,72
27.36416174122089,72
27.394965432816683,72
27.42574716010088,72
27.456507016205727,72
27.487245097988783,72
27.57296149455899,72
27.60365631082052,72
27.68469977774614,72
27.71072717220479,72
27.73673854046458,72
27.81773393624419,72
27.89871340268248,72
27.92467700154477,72
0.1000728384154291,73
0.1966799409280585,73
0.291259717900147,73
0.3299010845099767,73
0.4224267333632353,73
0.4598533690800129,73
0.5521829143675051,73
0.6441419197942286,73
0.7356324978005656,73
0.8264757854707181,73
1.963588066755633,73
2.056644731187009,73
2.146173910223627,73
2.180343964122915,73
2.2691789651147363,73
2.3576999613873,73
2.440194212817335,73
2.522464388035917,73
3.940893881940031,73
4.027913124286318,73
4.113944158875132,73
4.199864477836275,73
4.925768167697573,73
6.34793308468976,73
6.380137273096228,73
6.412502118372107,73
6.500032947384501,73
6.58748009147563,73
8.010601305388594,73
9.715488099478865,73
9.8105905363194,73
9.90531049015441,73
9.94573437514224,73
9.986298550837422,73
10.08170271384039,73
11.511515264385128,73
12.655319337718868,73
14.367381934993649,73
14.46959824579277,73
16.599403333835983,73
16.64986623915353,73
16.70043056549945,73
16.80609840991416,73
16.911621914230967,73
18.628493175827646,73
18.733971276306296,73
20.21902147772231,73
20.262888465993782,73
20.30311852785268,73
20.39777448120036,73
21.82596602382579,73
23.817048334502363,73
23.917358466409823,73
24.017810449921274,73
24.11778261604228,73
25.262714051627302,73
25.36386811079898,73
25.41025476994433,73
25.456885379724884,73
25.55877245681801,73
25.605929867350245,73
25.653373070978308,73
25.75573293956437,73
27.752897785030985,73
27.858612411641264,73
29.575549715184355,73
31.476735942982817,73
31.53146443980255,73
31.64110482948341,73
33.4893909813694,73
35.85603997374382,73
38.7579096946992,73
38.88094182058396,73
41.64593541906345,73
43.103639922113615,73
43.2291827043363,73
44.398353542045975,73
44.51796400668306,73
44.58270106036007,73
44.70223400406447,73
44.8117853965601,73
47.32274478338567,73
47.43528049103824,73
49.89315192811099,73
50.00796611271706,73
52.90416343174783,73
53.021437425537975,73
53.77723683826533,73
53.8945198100051,73
56.03819942884055,73
56.156646784766586,73
57.318405922873886,73
57.38148472867814,73
57.49907556585875,73
59.23189535121843,73
59.35534872095057,73
59.42369293437443,73
59.5469303236858,73
59.66989096252176,73
60.89198658608874,73
0.1000728384154291,74
0.1416799409280584,74
0.236259717900147,74
0.3283501586854533,74
0.4198630013397419,74
0.4507398110708678,74
0.5358642217597449,74
0.5644430824449742,74
0.5924692367097819,74
0.6749977384588206,74
0.7570736695906604,74
0.8387346182844126,74
0.920200317063042,74
2.1079377293413817,74
2.182170644861426,74
2.205959162202444,74
2.229728917118873,74
2.2534799803912304,74
2.2772124228000306,74
2.300926311400499,74
2.379512219217386,74
2.450570447829332,74
2.4686090224355124,74
3.5886734002202414,74
3.610161712852087,74
3.686577817884054,74
3.7630843431621455,74
3.784682954189148,74
3.861375371453133,74
3.8831633985906495,74
3.9050488960861824,74
3.982033800792661,74
4.004120126825537,74
4.026309976813163,74
4.093252452549304,74
4.806811722454395,74
5.523529442486133,74
5.54718264983293,74
5.57091989227828,74
5.649678362992372,74
5.673458159428801,74
5.6972593688338655,74
5.721082084339823,74
5.799926400643553,74
5.878792405587401,74
5.902680198189582,74
5.926589871284332,74
5.950521523591842,74
5.974475250107016,74
5.993589383077588,74
6.069490213406052,74
6.143016238224472,74
7.610218424808945,74
7.637444362503256,74
7.664714353617992,74
7.746896619436111,74
7.774188783478703,74
7.801593311589922,74
7.829112787258591,74
7.856749915045466,74
7.884507529896464,74
7.954485811752047,74
8.669535615009035,74
8.6931847450256,74
9.468083929729428,74
9.54969170362946,74
9.56572627880868,74
9.581909379449453,74
11.047197780099475,74
12.687434992280568,74
13.820163568940725,74
15.468205174890128,74
17.710036715951528,74
19.143238505807485,74
21.497333011117544,74
24.173440417733755,74
26.798319062676992,74
26.91314082452353,74
27.02869172998961,74
30.089423856225576,74
33.46081856244405,74
35.20184525309792,74
36.94426421108575,74
37.07761926270489,74
38.2572247767008,74
38.39488546007101,74
39.63745145205367,74
39.739144034102026,74
39.89583661615038,74
41.439467005628096,74
41.59680303398592,74
41.75413906234373,74
43.937149004135314,74
44.09571740424706,74
46.59876890696316,74
46.70392513688088,74
46.86061563089581,74
47.00185091264394,74
49.09154176240545,74
49.239110891620136,74
0.1000728384154291,75
0.1416799409280584,75
0.236259717900147,75
0.2744010845099767,75
0.3664267333632353,75
0.4025407744325241,75
0.4789046620159563,75
0.4948672971765133,75
0.5611829536590308,75
0.6260978879961699,75
0.6884889940354556,75
0.7469885649714202,75
0.7457391445148319,75
0.7382832781966359,75
0.7220922929789454,75
-0.3090526836369603,75
0.1000728384154291,76
0.1416799409280584,76
0.236259717900147,76
0.3294010845099767,76
0.4214267333632353,76
0.513353369080013,76
0.5362035142807847,76
0.5534936966924554,76
0.5666883797003514,76
0.6329079554034954,76
0.700002199466396,76
0.7646121144844776,76
0.7704332130579835,76
0.8266255552499181,76
0.8765589664308912,76
0.9177235248117334,76
-0.1110824463338965,76
0.1000728384154291,77
0.2081928663930287,77
0.3232443661762277,77
0.4382958659594268,77
0.5533473657426259,77
0.668898865525825,77
0.784450365309024,77
0.900001865092223,77
1.7073044437904787,77
2.8713137328921903,77
2.936710733325792,77
3.057107733759394,77
3.177504734192996,77
5.035457328950075,77
5.14971894124618,77
6.604341686760096,77
8.472240348824137,77
8.603379541660123,77
10.881052619213143,77
11.008453929867771,77
12.700409976776584,77
14.63193593775518,77
16.962185866346836,77
19.93723456828834,77
22.640475461190068,77
23.82445329393644,77
23.97580496090137,77
24.11299056114603,77
24.202618554293927,77
24.354178019247424,77
24.50573748420092,77
24.65729694915441,77
25.502413318598624,77
26.3479318240556,77
26.500303148952632,77
29.41541262505551,77
30.93848573368181,77
34.07128311761743,77
35.758776673006324,77
37.91668997131917,77
39.60437677553846,77
39.736013916316665,77
39.86617942401901,77
41.94273858881539,77
42.01771994759333,77
43.93962677597203,77
44.06875733938725,77
44.89082828057437,77
44.9643001208942,77
45.037357522915,77
45.164934501569824,77
45.29203786273727,77
47.21129500935019,77
48.893546135923806,77
49.02110212222804,77
49.14834506843923,77
49.27510488047197,77
51.29331478158996,77
52.46431051561589,77
52.59136944654254,77
54.45568478217455,77
56.37546432860237,77
57.54720302566397,77
57.6750185584625,77
60.23381241548002,77
61.91743687418553,77
62.046386002120734,77
63.56182386783277,77
63.69074069160872,77
66.2505982607737,77
68.72430699186789,77
71.56434474475742,77
71.69613651296874,77
73.43759781538063,77
75.64958717437759,77
75.7819925740771,77
78.313025060987,77
81.08620862116126,77
81.22021390594773,77
82.96393195387547,77
83.09814052881995,77
83.23222668864068,77
85.31265665325233,77
87.39360487239767,77
87.52852755883106,77
87.66328881694695,77
87.79787029042984,77
89.87866865112728,77
91.95980337383055,77
92.09479073295556,77
94.62821816136682,77
96.37342435026856,77
96.50908438142628,77
96.6445149108793,77
98.57198022892496,77
98.70752801054958,77
101.2415422501366,77
101.3775310345822,77
101.51331347656442,77
103.84670537360331,77
0.1000728384154291,78
0.1966799409280585,78
0.236259717900147,78
0.3294010845099767,78
0.4214267333632353,78
0.5125407744325241,78
0.5339046620159563,78
0.6041996755032953,78
0.6715263404279169,78
0.736240444365066,78
0.8020312615065989,78
0.8100580755948242,78
2.2151382748364625,78
2.9858356301068483,78
4.624970394778174,78
6.60477669875614,78
6.693428929555338,78
6.72692489590041,78
6.80043007399432,78
7.578372731465023,78
8.2940786626517,78
8.371614969926995,78
8.448996737259549,78
8.526292301374596,78
9.299635387617272,78
9.379518009382409,78
10.506658173757714,78
11.925337768751303,78
13.113777376371544,78
13.203462116080445,78
13.23831013183586,78
13.327778730201643,78
13.363071079957408,78
13.45298588614456,78
15.338437322187346,78
16.76555466990463,78
16.86126778613321,78
18.852666001427096,78
18.952430132436675,78
20.09401965479843,78
20.19148496131889,78
20.288736823606413,78
21.7747080359935,78
23.768204930829924,78
23.87045137922756,78
26.27852265875332,78
27.017500508236807,78
27.118281136858386,78
27.1640122641205,78
27.264694366264266,78
27.310327928173464,78
27.41084215383522,78
27.511239822614115,78
27.55355993996851,78
27.650674070823115,78
29.48734780739538,78
30.92022427510016,78
33.167188014495295,78
35.98405775021307,78
38.402836301981296,78
41.00688046475758,78
41.12530483257465,78
43.54834643967169,78
43.66874366454243,78
44.833355087356296,78
46.0536008416173,78
46.11457939432056,78
46.22981339455799,78
48.5445279664335,78
50.455219695430166,78
52.12974997642353,78
52.24900210049526,78
53.00670293318218,78
53.07149695737301,78
55.39018480313991,78
56.84363455782469,78
56.9657225346379,78
58.69827108868149,78
60.15357385916804,78
60.27750290178892,78
60.40167770832303,78
60.47103998587927,78
60.595360906706766,78
61.763978930378975,78
61.83415889903973,78
61.95858333501325,78
62.028053713117046,78
62.15257045940477,78
62.27702547651337,78
63.44561979602039,78
63.56872876735809,78
64.38544989914817,78
64.50899148780577,78
66.52471423282402,78
66.64946136140323,78
68.3296072068223,78
68.40056497644399,78
68.47178572598415,78
68.59828405875896,78
68.72457041373893,78
0.1000728384154291,79
0.1416799409280584,79
0.236259717900147,79
0.3294010845099767,79
0.4214267333632353,79
0.513815235680668,79
0.5929772022037773,79
0.6684542062549857,79
0.7407732966213493,79
0.8112743335633544,79
0.8242101731567649,79
0.8888905483155517,79
0.9490010875134736,79
1.0037511463134554,79
1.0586688618033198,79
1.0593573297929957,79
1.115045796669741,79
1.1076538893950176,79
1.8634389374029827,79
1.876634291894455,79
1.949447474963684,79
1.9718968472999523,79
3.101980408243556,79
3.1376882768792105,79
3.1823549434167338,79
3.227021609954257,79
3.2716882764917803,79
3.316354943029304,79
3.361021609566827,79
3.40568827610435,79
3.4503549426418734,79
3.4950216091793966,79
3.53968827571692,79
3.584354942254443,79
3.6290216087919664,79
3.6736882753294897,79
3.718354941867013,79
3.763021608404536,79
3.80768827494206,79
3.90735494490685,79
3.952021611444373,79
4.051688281409163,79
4.096354947946686,79
4.14102161448421,79
4.185688281021733,79
4.230354947559256,79
4.275021614096779,79
4.319688280634303,79
4.364354947171826,79
4.409021613709349,79
4.4536882802468725,79
4.498354946784396,79
4.543021613321919,79
4.642688283286709,79
4.687354949824233,79
4.732021616361756,79
4.776688282899279,79
4.821354949436802,79
4.921021619401593,79
4.965688285939116,79
5.065354955903906,79
5.11002162244143,79
5.154688288978953,79
5.199354955516476,79
5.244021622054,79
5.288688288591523,79
5.388354958556313,79
5.433021625093836,79
5.47768829163136,79
5.522354958168883,79
5.567021624706406,79
5.611688291243929,79
5.656354957781453,79
5.701021624318976,79
5.745688290856499,79
5.84535496082129,79
5.890021627358813,79
5.934688293896336,79
5.979354960433859,79
6.07902163039865,79
6.123688296936173,79
6.168354963473696,79
6.21302163001122,79
6.257688296548743,79
6.302354963086266,79
6.347021629623789,79
6.391688296161313,79
6.436354962698836,79
6.481021629236359,79
6.525688295773882,79
6.570354962311406,79
6.615021628848929,79
6.659688295386452,79
6.704354961923976,79
6.749021628461499,79
6.848688298426289,79
6.893354964963812,79
6.938021631501336,79
6.982688298038859,79
7.027354964576382,79
0.1000728384154291,80
0.1971799409280585,80
0.292259717900147,80
1.487548265195767,80
1.5829610120554984,80
1.6773659943216206,80
1.7705343530139586,80
1.86393598180277,80
1.956227097107577,80
1.9939610689332656,80
2.031638542982685,80
2.124177504019358,80
2.1595862877234,80
2.249835483418324,80
2.3401638340815087,80
2.4305726212128183,80
2.520900971876004,80
3.248577363477566,80
3.283133212165453,80
3.372715871469595,80
3.4620879699154874,80
3.5521426458521863,80
5.0315916795893685,80
5.122021745578863,80
5.9069106091424,80
8.147206496135809,80
8.244767468111135,80
9.954206268922904,80
10.05362640662632,80
11.251848566965675,80
11.352204490141489,80
11.452246021167852,80
13.69858987225733,80
16.23635227574549,80
18.83196790112696,80
18.942519228593923,80
19.052582088546373,80
22.05662542922936,80
25.438260285098533,80
25.56129867659556,80
28.94639345523564,80
30.17204071220483,80
30.29867858475776,80
30.424948591389768,80
30.49592161465396,80
30.621413918615385,80
31.790696101367544,80
34.05958067611897,80
34.1859486197234,80
34.25711306129492,80
34.32808196054138,80
34.44120985524096,80
36.11004811779894,80
36.16938577101864,80
36.28357442722954,80
38.13540812836327,80
38.195397789341584,80
38.255304249686375,80
38.36987180517353,80
38.428983590317145,80
38.48801628009714,80
38.54697110385932,80
38.66084925712384,80
38.71965189532675,80
38.8333207245294,80
40.50267194466032,80
40.61754392342009,80
42.93088744835295,80
44.83951269344725,80
44.91995632903017,80
47.503222825688496,80
50.324095370930806,80
53.26476776854433,80
56.36574685828127,80
58.62087667242922,80
58.733700926167145,80
60.73848980174698,80
60.79737830044069,80
60.85627652214207,80
60.969872767788544,80
61.72190421329178,80
61.78079149754085,80
61.83968184397854,80
61.89857525260486,80
62.010490468454734,80
63.91565339894332,80
66.0541350159172,80
68.31161921353377,80
70.16941969110471,80
70.29017111309722,80
71.96611420470657,80
73.18665579930368,80
73.29663475081745,80
73.3515821903986,80
73.4064983189148,80
73.46138333008113,80
73.51623741388741,80
73.57106076404872,80
73.68085079864088,80
75.12263315394941,80
0.1000728384154291,81
0.1966799409280585,81
0.291759717900147,81
0.3304010845099767,81
0.4229267333632353,81
0.5145407744325241,81
0.5949515604055962,81
0.6752790116346916,81
0.701037762371405,81
0.7817072250522217,81
0.8625568874753555,81
0.930399356094702,81
1.6430898286975464,81
1.7175874315775477,81
1.7392822016603788,81
1.7613324519820055,81
1.83876539735268,81
1.8616127852923712,81
1.935987468493684,81
1.955779060406192,81
1.9760255139894327,81
2.0517723855204424,81
2.073075383586391,81
2.0950041968948683,81
2.1176485155351004,81
2.1411281038648924,81
2.1656110432572206,81
2.191350556594833,81
2.218772429657682,81
2.248748432529672,81
2.284217495156034,81
2.3251796212620577,81
2.421141743344768,81
2.462103869450792,81
2.5030659955568155,81
2.54402812166284,81
2.584990247768863,81
2.6809523698515734,81
2.721914495957597,81
2.762876622063621,81
2.8038387481696447,81
2.8448008742756685,81
2.8857630003816923,81
2.926725126487716,81
2.96768725259374,81
3.008649378699764,81
3.0496115048057875,81
3.090573630911812,81
3.131535757017835,81
3.172497883123859,81
3.268460005206569,81
3.309422131312593,81
3.3503842574186167,81
3.3913463835246405,81
3.4323085096306643,81
3.473270635736688,81
3.514232761842712,81
3.555194887948736,81
3.5961570140547594,81
3.637119140160783,81
3.678081266266807,81
3.719043392372831,81
3.815005514455541,81
3.855967640561565,81
3.8969297666675886,81
3.937891892773613,81
3.978854018879636,81
4.01981614498566,81
4.060778271091683,81
4.156740393174394,81
4.197702519280417,81
4.238664645386441,81
4.279626771492465,81
4.320588897598489,81
4.3615510237045125,81
4.402513149810536,81
4.498475271893247,81
4.53943739799927,81
4.635399520081981,81
4.676361646188004,81
4.772323768270715,81
4.8132858943767385,81
4.854248020482762,81
4.9502101425654725,81
4.991172268671496,81
5.03213439477752,81
5.073096520883544,81
5.169058642966254,81
5.210020769072278,81
5.250982895178302,81
5.2919450212843255,81
5.332907147390349,81
5.373869273496373,81
5.469831395579083,81
5.510793521685107,81
5.551755647791131,81
5.592717773897155,81
5.6336799000031785,81
5.674642026109202,81
5.715604152215226,81
0.1000728384154291,82
0.1966799409280585,82
0.291259717900147,82
0.3755045883097469,82
0.4556800178923427,82
0.5351515836753666,82
0.6147251926102459,82
0.6394029758610547,82
0.719028396133405,82
0.7987590856590092,82
0.8785973094143689,82
0.9486803017296612,82
1.0182360611595929,82
1.0285784300156653,82
1.0388611281030595,82
1.1001710058861196,82
1.1566708707921922,82
1.207027068894428,82
1.1937529664226592,82
0.1656523566433012,82
0.1000728384154291,83
0.1416799409280584,83
0.181259717900147,83
0.2744010845099767,83
0.3664267333632353,83
0.4575407744325241,83
0.5403579772166814,83
0.6135586794775199,83
0.6850813399299593,83
0.7501088599904986,83
0.761276090075037,83
0.7693459796949835,83
0.7737454180836292,83
0.7736274821448685,83
0.7675126095067324,83
0.7527650476198258,83
-0.2768225788373886,83
0.1000728384154291,84
0.1966799409280585,84
0.291759717900147,84
0.3304010845099767,84
0.4229267333632353,84
2.073824187517028,84
2.1693375192385265,84
2.264055527486877,84
2.35816505106034,84
2.4518743610954354,84
2.545016169261209,84
3.33264427354678,84
5.570747901705349,84
7.565516671138963,84
7.668864138404018,84
10.262042298766996,84
10.36972969954609,84
10.476791284610414,84
12.728935140075574,84
14.920397825158442,84
17.281289778943652,84
19.79488642707981,84
22.552330216255108,84
22.670182022261013,84
24.52555146450539,84
24.64362471488415,84
25.39983209410809,84
25.517569297951155,84
25.580063198599824,84
25.697267710315604,84
25.81423739973095,84
25.876297951492944,84
25.9932306767444,84
26.055060532827405,84
26.1167895935604,84
26.23341985079613,84
26.34989191051698,84
26.45578495762472,84
28.90773540512364,84
28.947381620860508,84
29.041962517059257,84
30.469169152534416,84
32.71514362619758,84
32.81870314419773,84
34.81543274407547,84
37.06608159980284,84
39.201002113696944,84
41.45581581480706,84
41.56551895173456,84
44.162924476574446,84
46.91732049708888,84
48.07673683445042,84
48.137421636299536,84
48.252801265868506,84
48.36806957838829,84
48.48318162819056,84
49.69733546830312,84
49.812722576487865,84
52.1267934424375,84
52.18851670985974,84
52.305002659227966,84
52.42137404411747,84
52.53763343084033,84
52.6536529917198,84
53.46303370453923,84
54.62328104521532,84
54.73977351401902,84
54.85632674225804,84
54.97276288525716,84
56.18820024294977,84
57.691852807855554,84
57.80906621387789,84
57.92632971814394,84
59.375418988912216,84
59.49312465099372,84
59.60818964155468,84
59.72312171936763,84
60.934262394020266,84
61.04672849154352,84
61.15911088175458,84
61.96495760263112,84
62.07761359340729,84
62.19019027078496,84
64.86996455105302,84
66.37168796083843,84
66.48705357823252,84
67.64647102728536,84
69.49992491721132,84
69.61653544962621,84
69.73300519663559,84
70.89348838090042,84
71.0101890123061,84
72.51372095045619,84
72.63088483836212,84
72.7479827666754,84
72.86499371712658,84
72.92706979413082,84
74.6542254118707,84
74.77188311013978,84
76.27632087926368,84
0.1000728384154291,85
0.1966799409280585,85
0.2860344858060645,85
1.0717215747724342,85
2.9673660011182594,85
3.072507581223088,85
3.172400048483448,85
5.221825888861256,85
7.1206232817064095,85
7.177438760657148,85
7.245767156143026,85
7.369095551330881,85
7.437423946816759,85
7.505752342302637,85
7.574080737788515,85
7.69740913297637,85
7.765737528462248,85
7.834065923948126,85
7.902394319434004,85
7.970722714919882,85
8.03905111040576,85
8.107379505891638,85
8.175707901377516,85
8.244036296863394,85
8.312364692349272,85
8.38069308783515,85
8.449021483321028,85
8.517349878806906,85
8.64067827399476,85
8.709006669480639,85
8.777335064966516,85
8.845663460452394,85
8.96899185564025,85
9.037320251126127,85
9.105648646612003,85
9.173977042097883,85
9.24230543758376,85
9.31063383306964,85
9.378962228555515,85
9.447290624041395,85
9.515619019527271,85
9.583947415013151,85
9.707275810201006,85
9.775604205686884,85
9.843932601172762,85
9.91226099665864,85
9.980589392144518,85
10.048917787630396,85
10.117246183116274,85
10.240574578304129,85
10.363902973491983,85
10.43223136897786,85
10.50055976446374,85
10.568888159949616,85
10.637216555435495,85
10.76054495062335,85
10.828873346109228,85
10.897201741595106,85
10.965530137080984,85
11.033858532566862,85
11.10218692805274,85
11.170515323538618,85
11.293843718726473,85
11.417172113914328,85
11.485500509400206,85
11.553828904886084,85
11.622157300371962,85
11.69048569585784,85
11.758814091343718,85
11.882142486531572,85
11.95047088201745,85
12.018799277503328,85
12.087127672989206,85
12.155456068475084,85
12.223784463960962,85
12.29211285944684,85
12.360441254932718,85
12.483769650120571,85
12.607098045308428,85
12.675426440794306,85
12.743754836280184,85
12.812083231766062,85
12.88041162725194,85
13.003740022439796,85
13.072068417925673,85
13.14039681341155,85
13.263725208599404,85
13.332053604085283,85
13.455381999273138,85
13.523710394759016,85
13.64703878994687,85
13.715367185432749,85
13.783695580918629,85
13.852023976404505,85
13.920352371890385,85
14.043680767078238,85
14.112009162564116,85
14.180337558049994,85
14.248665953535872,85
14.31699434902175,85
0.1000728384154291,86
0.1902474375762602,86
0.2786978343056326,86
0.3658685641643191,86
0.4485212968942309,86
1.634532015239873,86
3.618588607227483,86
5.858737866794744,86
6.992975156223455,86
8.878934185421148,86
10.529629986202398,86
13.03334558398386,86
13.083799891946834,86
13.188913158659677,86
13.238707168012589,86
13.288201087316866,86
13.337411912151149,86
13.431580895551017,86
13.4705487098475,86
13.509323129423429,86
13.54791135899024,86
13.586320081718732,86
13.6245555188437,86
13.662623474367429,86
13.700529379763177,86
15.529577655710746,86
17.71000383745507,86
17.755828719520522,86
17.801498790457956,86
17.847018699959893,86
17.892392826540373,86
17.937625300587722,86
17.982720024876233,86
18.02768069287749,86
18.07251080515873,86
18.11721368411166,86
18.161792487219,86
18.206250219035727,86
18.25058974203717,86
18.349813786464644,86
18.39392495928192,86
18.49290396581386,86
18.5368829723458,86
18.58086197887773,86
18.62484098540968,86
18.66881999194161,86
18.71279899847355,86
18.756778005005486,86
18.800757011537424,86
18.84473601806936,86
18.8887150246013,86
18.92434549660572,86
18.9599615405608,86
18.995563193719462,86
19.03115050078519,86
19.06672350273617,86
19.102282236825307,86
19.137826747756083,86
19.173357072781403,86
19.207859694521503,86
19.29736231968888,86
20.717609040002905,86
20.751568462263425,86
20.84053497345336,86
20.929508577596028,86
20.963489289890607,86
20.997477121214946,86
21.031472079019625,86
21.06547417448052,86
21.09948341877349,86
21.13349982307442,86
21.16752339483388,86
21.20155414522775,86
21.235592085431893,86
21.269637222896893,86
21.358689572225888,86
21.44774914116748,86
21.481815941195567,86
21.515889983188,86
21.54997127459534,86
21.58405983031877,86
21.61815565780886,86
21.652258768241484,86
21.74136917249449,86
21.775486882339795,86
21.809611904929955,86
21.89878844053634,86
21.933017018746217,86
21.967298190604527,86
22.00163251117953,86
22.029118783335765,86
22.0566436662633,86
22.08420745984801,86
22.11181046956368,86
22.139453004609425,86
22.167135379772265,86
22.194857917289813,86
22.22262093939968,86
22.250424779515345,86
22.278269771050294,86
0.1000728384154291,87
0.1966799409280585,87
0.291259717900147,87
0.3913325563155762,87
0.4994525842931758,87
0.6145040840763749,87
0.6580761820931138,87
0.7554633171219529,87
0.8483799473304452,87
0.9299876765269935,87
0.9631452375013532,87
0.9924687390137614,87
1.0170717389244737,87
1.0905527994889916,87
1.1003542999658884,87
0.1502293209467233,87
0.1000728384154291,88
0.2151243381986281,88
0.3301758379818272,88
0.3902273377650263,88
0.4502788375482254,88
0.5653303373314245,88
0.6114024370279032,88
0.710664574886294,88
0.7601236371886753,88
1.5610772195325324,88
1.6619178849325609,88
1.7112242887781093,88
1.7617788511381576,88
2.9141547876463365,88
3.667853467989481,88
3.72840496777268,88
3.788956467555879,88
3.849507967339078,88
3.910059467122277,88
3.970610966905476,88
4.031162466688675,88
4.0917139664718745,88
4.1522654662550735,88
4.212816966038273,88
4.273368465821472,88
4.333919965604671,88
4.39447146538787,88
4.455022965171069,88
4.515574464954268,88
4.576125964737467,88
4.636677464520666,88
4.697228964303865,88
4.757780464087064,88
4.818331963870263,88
4.933883463653462,88
4.994434963436661,88
5.10998646321986,88
5.170537963003059,88
5.231089462786258,88
5.291640962569457,88
5.352192462352656,88
5.412743962135855,88
5.473295461919054,88
5.533846961702253,88
5.649398461485452,88
5.709949961268651,88
5.77050146105185,88
5.831052960835049,88
5.8916044606182485,88
5.952155960401448,88
6.012707460184647,88
6.073258959967846,88
6.133810459751045,88
6.194361959534244,88
6.254913459317443,88
6.315464959100642,88
6.376016458883841,88
6.43656795866704,88
6.497119458450239,88
6.612670958233438,88
6.728222458016637,88
6.788773957799836,88
6.849325457583035,88
6.909876957366234,88
6.970428457149433,88
7.030979956932632,88
7.091531456715831,88
7.15208295649903,88
7.212634456282229,88
7.273185956065428,88
7.3337374558486275,88
7.394288955631826,88
7.454840455415026,88
7.515391955198225,88
7.575943454981424,88
7.636494954764623,88
7.697046454547822,88
7.757597954331021,88
7.81814945411422,88
7.878700953897419,88
7.939252453680618,88
7.999803953463817,88
8.060355453247016,88
8.120906953030214,88
8.181458452813413,88
8.297009952596612,88
8.35756145237981,88
8.47311295216301,88
8.533664451946208,88
8.594215951729407,88
8.654767451512605,88
8.715318951295803,88
8.775870451079001,88
8.8364219508622,88
8.896973450645397,88
8.957524950428596,88
9.018076450211794,88
9.078627949994992,88
9.13917944977819,88
9.199730949561388,88
0.1000728384154291,89
0.1971799409280585,89
0.292259717900147,89
0.3859010845099767,89
0.4784267333632353,89
0.5700407744325242,89
0.6058840621026768,89
0.6960596928097067,89
0.7306464083384547,89
0.8197063212889136,89
0.9082896833403508,89
0.9865676437600056,89
1.7600219522698324,89
2.891558476025482,89
4.538551666374379,89
4.575864811319648,89
5.71402019915419,89
5.8083425493975565,89
5.847453486035126,89
5.886361586747751,89
5.925074760226811,89
5.963600321509255,89
6.001945056409359,89
6.040115276951058,89
6.133116869319217,89
6.170955335550795,89
6.208635829955282,89
6.246163191071875,89
6.283541969826825,89
6.320776454439464,89
6.357870692533055,89
6.394828510831903,89
6.43165353276539,89
6.523349194249748,89
6.559918757877446,89
6.596365325710077,89
6.632691850842448,89
6.668901147881946,89
6.704995902467459,89
6.74097867993543,89
6.77685193322646,89
6.86761801011389,89
6.9582791598255005,89
6.993837539120724,89
7.084295217878202,89
7.1746541842420335,89
7.209916349369442,89
7.245083551817715,89
7.280157561604036,89
7.315140083968149,89
7.405032762864548,89
7.49483718420807,89
7.529554878894283,89
7.564187325613865,89
7.59873595347825,89
7.633202144472089,89
7.722587235746595,89
7.756892521766443,89
7.79111925632176,89
7.825268654415611,89
7.859341894036483,89
7.948340117824397,89
7.982264434638483,89
8.071115921033236,89
8.104895622649975,89
8.13132525408296,89
8.852928410020084,89
9.563589582886904,89
10.68266011282465,89
12.559653100145235,89
13.272250172269716,89
13.29165315679945,89
13.366009720188751,89
13.440320298594608,89
13.460509362218156,89
14.180733733621556,89
15.309277967132088,89
15.339165467237423,89
15.369008914194351,89
15.398808692751434,89
15.4285651809948,89
15.51327875051971,89
15.542949766596282,89
15.572578588329623,89
16.284575084053348,89
16.303382824935387,89
16.322149338029693,89
16.34179901500828,89
16.367280937417426,89
17.087943832197038,89
18.271803256740217,89
18.302006339466875,89
18.33216575379369,89
18.41728187780679,89
18.443577601726545,89
18.47084511523136,89
19.18915208767671,89
19.909495080808004,89
19.93761444947954,89
21.06696290876732,89
0.1000728384154291,90
0.1971799409280585,90
0.292259717900147,90
0.3859010845099767,90
0.4784267333632353,90
2.8776803401595,90
2.9743489486461523,90
3.0703187448268774,90
3.165972651291454,90
3.2617296514397505,90
3.303036653745735,90
3.344961722690428,90
3.387592186529005,90
3.43104416628536,90
3.475479697186316,90
3.516775005806053,90
3.559252255905235,90
3.603280281025732,90
3.702784856159056,90
5.544927795726622,90
7.394516189891661,90
9.26293812363961,90
10.72787037634358,90
13.376862334387225,90
15.5431076162021,90
18.031107619135,90
20.521972392265614,90
23.182851758315245,90
25.07178241531765,90
26.556037677571044,90
26.653998578704552,90
26.80695947983806,90
26.959920380971568,90
27.057881282105075,90
27.155842183238583,90
27.25380308437209,90
27.3517639855056,90
27.449724886639107,90
27.60268578777261,90
27.70064668890612,90
27.79860759003963,90
27.89656849117313,90
27.99452939230665,90
28.09249029344016,90
28.19045119457366,90
28.28841209570717,90
28.44137299684068,90
28.594333897974185,90
28.69229479910769,90
28.7902557002412,90
28.888216601374708,90
28.986177502508216,90
29.084138403641724,90
29.18209930477523,90
29.28006020590874,90
29.433021107042247,90
29.530982008175755,90
29.628942909309263,90
29.72690381044277,90
29.82486471157628,90
29.922825612709783,90
30.02078651384329,90
30.1187474149768,90
30.21670831611031,90
30.31466921724381,90
30.41263011837733,90
30.51059101951084,90
30.66355192064434,90
30.76151282177785,90
30.85947372291136,90
30.957434624044865,90
31.055395525178373,90
31.15335642631188,90
31.306317327445388,90
31.459278228578896,90
31.557239129712404,90
31.65520003084591,90
31.75316093197942,90
31.851121833112927,90
31.949082734246435,90
32.04704363537994,90
32.145004536513454,90
32.297965437646965,90
32.39592633878048,90
32.49388723991399,90
32.5918481410475,90
32.68980904218101,90
32.84276994331452,90
32.940730844448034,90
33.038691745581545,90
33.136652646715056,90
33.23461354784857,90
33.33257444898208,90
33.43053535011559,90
33.5284962512491,90
33.62645715238261,90
33.724418053516125,90
33.82237895464964,90
33.92033985578315,90
34.01830075691666,90
0.1000728384154291,91
0.1966799409280585,91
0.291811763560143,91
0.3907124452041094,91
0.4937465197139982,91
0.5515101449691635,91
0.6642737702243289,91
0.764996195652935,91
0.8592944364396539,91
0.9553434707842856,91
0.9985555962562518,91
1.041767721728218,91
1.084979847200184,91
1.1831919726721505,91
1.2264040981441169,91
1.324616223616083,91
1.3676162213511065,91
1.41061621908613,91
1.4536162168211535,91
1.496616214556177,91
1.5396162122912005,91
1.582616210026224,91
1.6256162077612475,91
1.668616205496271,91
1.7116162032312945,91
1.754616200966318,91
1.7976161987013417,91
1.840616196436365,91
1.8836161941713885,91
1.926616191906412,91
1.969616189641436,91
2.067616194529016,91
2.11061619226404,91
2.153616189999063,91
2.196616187734086,91
2.23961618546911,91
2.2826161832041336,91
2.3806161880917145,91
2.423616185826738,91
2.466616183561761,91
2.509616181296785,91
2.5526161790318085,91
2.595616176766832,91
2.6386161745018555,91
2.681616172236879,91
2.77961617712446,91
2.822616174859484,91
2.865616172594507,91
2.963616177482088,91
3.006616175217111,91
3.0496161729521347,91
3.092616170687158,91
3.1356161684221817,91
3.178616166157205,91
3.2216161638922287,91
3.264616161627252,91
3.307616159362276,91
3.350616157097299,91
3.3936161548323227,91
3.436616152567346,91
3.534616157454927,91
3.5776161551899506,91
3.620616152924974,91
3.718616157812555,91
3.7616161555475776,91
3.804616153282602,91
3.8476161510176254,91
3.890616148752649,91
3.933616146487672,91
3.976616144222696,91
4.074616149110277,91
4.1176161468453,91
4.160616144580324,91
4.203616142315347,91
4.246616140050371,91
4.289616137785394,91
4.332616135520418,91
4.375616133255441,91
4.418616130990465,91
4.461616128725488,91
4.504616126460512,91
4.547616124195535,91
4.590616121930559,91
4.633616119665582,91
4.676616117400606,91
4.719616115135629,91
4.762616112870653,91
4.805616110605676,91
4.8486161083407,91
4.891616106075723,91
4.934616103810747,91
4.97761610154577,91
5.020616099280794,91
5.063616097015817,91
5.106616094750841,91
5.149616092485864,91
5.192616090220888,91
5.235616087955911,91
5.333616092843492,91
5.376616090578516,91
0.1000728384154291,92
0.1971799409280585,92
0.292259717900147,92
0.3859010845099767,92
1.580073914049026,92
2.369557173265711,92
4.078365087066974,92
4.176812232051496,92
5.887265856304603,92
7.599841461088399,92
7.702217226166581,92
7.803931964116866,92
7.901729618686015,92
7.999004607575709,92
8.095978660064514,92
8.192668867784317,92
9.900764418321426,92
9.999022637980756,92
12.498834287303264,92
15.31840691363388,92
18.571259652899656,92
21.582657915332515,92
21.695324225374616,92
24.45054202605651,92
26.51401437561388,92
29.77145818224196,92
29.893011858628928,92
31.113641229358528,92
31.235385629233253,92
33.09482976317288,92
33.217402855433534,92
33.33954767047129,92
34.84853970305867,92
36.708967302745535,92
36.83230028239275,92
38.56582295244996,92
38.6895571877983,92
39.506706674355975,92
39.562014025408736,92
39.6173077828772,92
39.72753412346911,92
42.4988510050357,92
42.61705080978178,92
45.51065156156347,92
45.61867092842386,92
47.33699547046945,92
50.22780047649668,92
50.34035560036228,92
50.4528864502363,92
50.56505541796015,92
51.72134737963007,92
51.8340728312187,92
51.94684447640703,92
52.05966273987816,92
52.17252806121633,92
52.28545283818767,92
53.78535890126751,92
53.89901561582611,92
54.013106751387575,92
56.26311867231653,92
56.37088625425623,92
56.47857552314327,92
59.307160671000936,92
61.7630184247546,92
61.87597309345529,92
61.98201471114681,92
64.65590816283748,92
66.96416312003657,92
69.56215887809321,92
72.242581184154,92
74.09610217357204,92
74.21295704985187,92
76.06750371599719,92
77.74046721602008,92
77.8563673450999,92
77.97225168639943,92
79.98028114730641,92
80.09730719322488,92
81.95204292530343,92
82.06975949103162,92
83.74266302878186,92
83.86118827307746,92
85.31124422991797,92
85.42297563249394,92
88.48224887544438,92
88.59698466504142,92
90.2670823737435,92
92.12051181042716,92
92.2371501951866,92
93.68620872790144,92
95.35925829703136,92
95.47795635009334,92
97.5436876370959,92
98.99549287105128,92
99.11626898789928,92
99.2365984722428,92
100.40107677424476,92
102.41380975688026,92
102.48095411354824,92
102.60315560842082,92
0.1000728384154291,93
0.1966799409280585,93
0.291259717900147,93
0.3844010845099767,93
0.4764267333632352,93
0.5650407799368742,93
0.6397380062228086,93
0.6575330176239851,93
0.6703596847912314,93
0.7354487913509848,93
0.8010729241034034,93
0.8637717502972129,93
0.874734583947623,93
1.584108773324454,93
2.9942035113310457,93
3.017978055108154,93
3.0967268847709537,93
3.175299374092185,93
3.198921622413957,93
3.267186561304891,93
3.2870096486842275,93
3.3067862239515424,93
3.32651671551522,93
3.3462015443330646,93
3.3658411239122987,93
3.4402388964628816,93
3.514406021389925,93
4.981351669583285,93
5.061759087893927,93
6.189669701907599,93
6.274221237454379,93
6.304039504084551,93
6.388857770416701,93
7.809133458588088,93
7.89795311883446,93
7.9321015362476945,93
7.966601859483683,93
8.055630366954768,93
10.04125217691418,93
10.775728564414942,93
10.817534323487246,93
10.859866887036526,93
10.956442720893586,93
11.69267565727588,93
11.736134230796065,93
11.779995701912606,93
11.82429540872928,93
11.86907549172994,93
11.91438704699632,93
11.96029335976001,93
12.006874851587977,93
12.054237149361336,93
12.102525159422123,93
12.15195012063142,93
12.20284907490369,93
12.25584729731437,93
12.312533519867625,93
12.436209216419424,93
12.504884913269246,93
12.628560609821044,93
12.752236306372843,93
12.820912003222668,93
12.889587700072491,93
12.958263396922314,93
13.026939093772135,93
13.09561479062196,93
13.164290487471783,93
13.232966184321606,93
13.30164188117143,93
13.370317578021252,93
13.438993274871075,93
13.562668971422877,93
13.631344668272698,93
13.70002036512252,93
13.768696061972344,93
13.837371758822169,93
13.90604745567199,93
13.974723152521811,93
14.043398849371636,93
14.11207454622146,93
14.180750243071282,93
14.249425939921103,93
14.373101636472905,93
14.441777333322728,93
14.51045303017255,93
14.579128727022374,93
14.647804423872197,93
14.71648012072202,93
14.785155817571844,93
14.853831514421666,93
14.977507210973464,93
15.046182907823288,93
15.114858604673111,93
15.183534301522934,93
15.252209998372756,93
15.32088569522258,93
15.44456139177438,93
15.513237088624203,93
15.636912785176005,93
15.760588481727805,93
0.1000728384154291,94
0.1966799409280585,94
0.2275256489756397,94
0.3106127749285428,94
0.3865253399214474,94
0.4618120859465329,94
0.5365427057347028,94
0.6112729082903592,94
0.6867982517084805,94
0.7619066829881398,94
0.7819752725860802,94
0.8570043402812211,94
0.8769941884181229,94
0.9517178121111124,94
1.6681516948244302,94
1.691331622665259,94
1.714407016997668,94
1.7921813107183902,94
1.8153591430834264,94
1.838442336311075,94
3.2508770334622588,94
3.331867280890676,94
3.4120422336361136,94
3.4928718539974417,94
3.518436911990377,94
3.544029216756555,94
3.569648919170233,94
3.5952961701056685,94
3.620971122299763,94
3.6466739284894194,94
3.672404746999475,94
3.6981637342921214,94
3.778951050256821,94
3.8047668556771006,94
3.830611314167711,94
3.911484594931337,94
3.9923004019162383,94
5.175810109367105,94
5.198739444380137,94
5.221853985925647,94
5.245160858621332,94
5.268667757054302,94
5.29238302028689,94
5.316315708225104,94
5.340475707789394,94
5.419873848100635,94
5.440270423432323,94
5.460883482833835,94
5.4817228256813015,94
5.502799180810782,94
5.579124344055983,94
5.60071134521577,94
5.677574663897487,94
5.699730461006495,94
5.770305780237051,94
6.948202637498709,94
6.97315479583058,94
6.998877705549332,94
7.02551222360644,94
7.048678401400777,94
7.072577595253917,94
7.097336040352913,94
7.17813268444452,94
7.205241148834559,94
7.234132987921568,94
7.265822903727623,94
7.359444291805359,94
7.401531418328616,94
7.498618540828558,94
7.540705667351815,94
7.582792793875071,94
7.624879920398327,94
7.72196704289827,94
7.764054169421526,94
7.806141295944783,94
7.848228422468039,94
7.890315548991295,94
7.987402671491238,94
8.029489798014495,94
8.071576924537752,94
8.1531846537343,94
8.189564557289216,94
8.277722121690843,94
8.307045623203251,94
8.331648623113963,94
8.35012968583915,94
8.359931186316047,94
7.354806140539679,94
0.1000728384154291,95
0.1966799409280585,95
0.291259717900147,95
0.3849010845099767,95
0.4774267333632353,95
0.5690407744325241,95
0.6604507055292117,95
0.751550459671302,95
0.8425755855623089,95
0.8788669340259099,95
0.9154394810811252,95
0.9523099886223518,95
1.044093537450019,95
1.08147139229207,95
1.1195238437236177,95
1.1583563163975483,95
1.1981134007639491,95
1.2940057723835263,95
1.3363693413680937,95
1.3808264620269517,95
1.4289534285612109,95
1.4895049283444095,95
1.5500564281276088,95
1.610607927910808,95
1.671159427694007,95
1.731710927477206,95
1.792262427260405,95
1.852813927043604,95
1.9683654268268032,95
2.0289169266100022,95
2.144468426393201,95
2.2050199261764005,95
2.3205714259596,95
2.381122925742799,95
2.441674425525998,95
2.502225925309197,95
2.562777425092396,95
2.678328924875596,95
2.7388804246587943,95
2.7994319244419934,95
2.9149834242251926,95
3.030534924008392,95
3.091086423791591,95
3.15163792357479,95
3.212189423357989,95
3.272740923141188,95
3.333292422924387,95
3.3938439227075863,95
3.4543954224907854,95
3.5699469222739846,95
3.630498422057184,95
3.691049921840383,95
3.751601421623582,95
3.812152921406781,95
3.87270442118998,95
3.933255920973179,95
3.993807420756378,95
4.054358920539577,95
4.169910420322776,95
4.285461920105974,95
4.346013419889173,95
4.406564919672372,95
4.467116419455572,95
4.5276679192387705,95
4.58821941902197,95
4.648770918805169,95
4.764322418588368,95
4.824873918371567,95
4.885425418154766,95
4.945976917937965,95
5.006528417721164,95
5.067079917504363,95
5.127631417287562,95
5.188182917070761,95
5.24873441685396,95
5.309285916637159,95
5.369837416420358,95
5.430388916203557,95
5.490940415986756,95
5.551491915769955,95
5.612043415553154,95
5.6725949153363535,95
5.733146415119553,95
5.793697914902752,95
5.90924941468595,95
5.9698009144691495,95
6.030352414252349,95
6.090903914035548,95
6.151455413818747,95
6.212006913601946,95
6.272558413385145,95
6.333109913168344,95
6.393661412951543,95
6.454212912734742,95
6.514764412517941,95
6.57531591230114,95
6.635867412084339,95
6.696418911867538,95
6.756970411650737,95
6.8175219114339365,95
0.1000728384154291,96
0.1966799409280585,96
0.236259717900147,96
0.3294010845099767,96
0.3669267333632353,96
0.4585407744325241,96
0.5493840621026767,96
0.6395596928097066,96
0.7291464083384546,96
0.818358617326337,96
0.90736877862253,96
0.9961847407521416,96
1.0299533091619808,96
1.1186053221774777,96
1.204711466069289,96
1.2357721524042566,96
1.2667877925289353,96
1.2977587924999674,96
2.0198169098896464,96
2.048727859715887,96
2.0776388095421274,96
2.106549759368368,96
2.1354607091946085,96
2.219176408807703,96
3.345409509698816,96
4.474818107644984,96
4.5057009970498765,96
5.222801915342876,96
5.997574618990489,96
7.467824391062328,96
7.496779787327119,96
7.580735179568597,96
7.609690575833389,96
7.63864597209818,96
7.667601368362972,96
7.696556764627763,96
7.780445638085672,96
7.809268868501254,96
7.892900175387927,96
7.921531482572623,96
7.95016278975732,96
8.03367012643344,96
8.06223906480796,96
8.090870371992656,96
8.119564837749072,96
8.148323270465204,96
8.177146500880786,96
8.206035374636718,96
8.23499077090151,96
8.264013580019542,96
8.2931047295881,96
8.322265162105628,96
8.351495853598186,96
8.380797806168863,96
9.510773840333291,96
9.542234740192958,96
9.573794650818176,96
9.660231101299592,96
11.306466209675142,96
12.44421254375107,96
14.56770788409836,96
17.102074968601535,96
19.1000674841655,96
21.23944632594852,96
23.86878417341713,96
26.63106756713553,96
29.5925254394342,96
30.76667376612389,96
30.8444871817889,96
30.971862842104816,96
31.11552898511084,96
31.25919512811686,96
31.347861271122884,96
31.436527414128907,96
31.52519355713493,96
31.61385970014096,96
34.46963403485067,96
37.45440684386038,96
39.1614143905524,96
40.35818060139468,96
40.51133452356885,96
41.70866971169831,96
41.86239261115965,96
42.01611551062099,96
42.863356791546245,96
42.96245089191155,96
43.11654499227686,96
44.602657344930485,96
44.70247533646423,96
44.802293327997965,96
44.902111319531706,96
45.056929311065446,96
46.76705740954734,96
48.71550946082375,96
50.204139850301466,96
50.36147587865928,96
51.850731195411946,96
52.00869215104471,96
53.553554912276354,96
55.26729738766324,96
0.1000728384154291,97
0.2151243381986281,97
0.3306758379818272,97
1.836480761187298,97
2.645383547702444,97
5.251563738742483,97
7.773034950522952,97
7.837374400203114,97
7.954453924264561,97
8.01498267368449,97
8.11908618674649,97
8.221271070996654,97
10.355802853254009,97
13.109815999747338,97
15.812366164345113,97
18.3307158588889,97
21.39552175626992,97
22.562622371224982,97
22.619910915766248,97
22.67674016682639,97
22.73314878782327,97
22.789169435189976,97
22.899830057946897,97
22.9551548474861,97
23.01016494786896,97
23.119878997664458,97
23.174489595493664,97
23.22899883850101,97
23.338408740492262,97
23.44772123680566,97
23.501938188810566,97
23.55606138806875,97
23.66509256018921,97
23.719033368404386,97
26.54023103599147,97
29.598612457142696,97
31.453874496913663,97
33.31001486781845,97
33.374074169666244,97
33.49283131281811,97
33.55630352131311,97
33.61950616098481,97
33.68245302484001,97
33.7451565628353,97
33.862628068966515,97
33.924877835145466,97
33.98691527892183,97
34.0487490503815,97
34.11038712229949,97
34.171836866703046,97
34.23310512031305,97
34.29419824081249,97
34.41012215549504,97
34.47100247792239,97
34.53183958486896,97
34.59263384665191,97
34.653385627295705,97
34.71409528469121,97
34.77476317074937,97
34.83538963154985,97
34.95097500748482,97
35.01151963339798,97
35.12702383871915,97
35.23605598333022,97
35.29005622990647,97
35.3440247806555,97
35.4529618352374,97
35.50686759081255,97
35.560742242088324,97
35.61458598136456,97
35.66839899857793,97
35.72218148134526,97
35.775933615005755,97
35.87699425406754,97
35.923034842977145,97
35.96905546181527,97
36.01505619002548,97
36.06103710642174,97
36.10699828919595,97
36.19272461739009,97
36.282943575347325,97
36.3181551749515,97
36.408359427015775,97
36.49855634232158,97
36.533745931618746,97
36.56892820562566,97
36.65910317502937,97
36.694270850485765,97
36.7825418145752,97
36.81580550593609,97
36.84026221245023,97
36.86471649824294,97
36.88916836448564,97
36.96861781234861,97
37.048064843000994,97
37.072509457610806,97
37.09695165734494,97
37.12139144336915,97
37.14582881684808,97
37.853564712958615,97
0.1000728384154291,98
0.1966799409280585,98
0.291259717900147,98
2.696290740456807,98
2.7989277760835214,98
2.901373705646136,98
3.002804930988765,98
3.104552050839504,98
3.206138729117484,98
3.2527254073954643,98
3.299312085673445,98
3.385000102982157,98
4.113123171791666,98
4.148001027122372,98
4.1827827252598935,98
4.217470080420607,98
4.307064839467638,98
4.396568693980806,98
4.430983253583544,98
4.520055801436537,98
4.554296430960529,98
4.635143940165871,98
4.661079169079893,98
4.687103685751789,98
4.713219114408129,98
4.739427138880127,98
4.765729504466289,98
4.792128027245634,98
4.818624592215055,98
4.845221160739892,98
4.926919772118562,98
4.953722555950516,98
5.035631728187435,98
5.062649599105352,98
5.089778586119645,98
5.117021213114493,98
5.144380125046008,98
5.171858089804881,98
5.1994580112549,98
5.921689339742296,98
5.951026714235776,98
5.9806308176519805,98
6.010516687125199,98
6.040701153517001,98
6.071203186005586,98
6.102044331670039,98
6.133249274283879,98
6.164846575647824,98
6.196869666517013,98
6.219923478380077,98
6.242977290243142,98
6.266031102106207,98
6.344084911808603,98
6.367138723671668,98
6.390192535534733,98
6.413246347397798,98
6.436300159260862,98
6.514353968963259,98
6.537407780826324,98
6.560461592689388,98
6.583515404552453,98
6.606569216415518,98
6.629623028278583,98
6.707676837980979,98
6.730730649844044,98
6.7537844617071086,98
6.776838273570173,98
6.85489208327257,98
6.932945892974966,98
6.955999704838031,98
6.979053516701096,98
7.00210732856416,98
7.025161140427225,98
7.04821495229029,98
7.071268764153355,98
7.09432257601642,98
7.117376387879484,98
7.140430199742549,98
7.163484011605614,98
7.181330601513618,98
7.257179098963969,98
7.280577876433962,98
7.303976653903955,98
7.327375431373947,98
7.348585533738368,98
7.3723548509331875,98
7.396124168128007,98
8.115333362311357,98
8.196265554815763,98
8.222071156665915,98
8.247753294944996,98
8.273314946159953,98
8.298758945256704,98
8.324087996796006,98
8.34930468426668,98
8.374411477536196,98
8.3994107384386,98
8.424304731950397,98
8.447141119107837,98
8.469977506265277,98
0.1000728384154291,99
0.1966799409280585,99
0.291259717900147,99
0.3849010845099767,99
0.4236053450308407,99
0.5168273042207668,99
0.6096094195459631,99
0.702606621796578,99
0.7954951241140107,99
0.8876824797249002,99
0.9797772400969536,99
1.0710296778583444,99
1.1081514435952855,99
1.1461726730072554,99
1.239050007596475,99
1.277752730685252,99
2.7610621035426104,99
2.8535310479767584,99
4.280792847468448,99
4.375994084102782,99
6.212249685106599,99
7.005855761622965,99
8.658618770694314,99
8.756352313017427,99
9.903881685780956,99
10.007460294812518,99
10.11098465376396,99
11.546904289732234,99
11.651176060511458,99
13.088648714488787,99
14.93414410269665,99
15.042931657247236,99
16.890978601463537,99
17.00232052345078,99
18.446816578680554,99
18.55988019695528,99
20.0059597030048,99
22.01420043991575,99
23.519384568767425,99
25.19465569684175,99
25.31583993377534,99
27.68783761999748,99
30.45547364303061,99
30.58036902499952,99
30.70568381438833,99
30.83235436762964,99
30.959364033852644,99
33.676592683953906,99
33.75908805577081,99
33.85131297833299,99
33.94353790089517,99
36.73309523051043,99
36.88359523051043,99
39.546698510146136,99
39.68665714567223,99
41.17186079987943,99
41.325770092966735,99
42.52384144393723,99
42.65864137807599,99
42.79424733414296,99
42.93044220538821,99
43.07003758473333,99
43.21203082947976,99
43.35880163145133,99
44.845614519827095,99
45.00113304708297,99
45.15665157433885,99
45.25734176038665,99
45.41303194643445,99
46.26220861250936,99
47.75019555567761,99
47.88609372230916,99
50.9686667319054,99
51.74646117162976,99
51.8878554294312,99
53.3687691677512,99
53.52878575265972,99
55.02064996999563,99
55.15924758043829,99
56.63117959896727,99
56.718482978609,99
56.8543752332446,99
56.93598115722119,99
57.01266024616883,99
57.08983975240925,99
57.22155868220513,99
58.90971357743691,99
59.68309390228816,99
59.81865829350716,99
61.00132013922477,99
61.138511878492096,99
62.32139677470156,99
62.41081747932882,99
62.55491549135039,99
63.35132947378359,99
63.45459627565685,99
63.60737001608676,99
65.09753024394406,99
65.94983673792463,99
66.10899605134524,99
0.1000728384154291,100
0.2151243381986281,100
0.3301758379818272,100
0.4452273377650263,100
0.5602788375482254,100
0.6758303373314245,100
0.7879161012118239,100
0.9034676009950228,100
0.964019100778222,100
1.079570600561421,100
1.14012210034462,100
1.200673600127819,100
1.2612250999110182,100
1.3217765996942172,100
1.3823280994774163,100
1.4428795992606154,100
1.5584310990438144,100
1.6189825988270137,100
1.6795340986102123,100
1.7400855983934116,100
1.8006370981766109,100
1.8611885979598093,100
1.9217400977430088,100
1.982291597526208,100
2.097843097309407,100
2.158394597092606,100
2.218946096875805,100
2.279497596659004,100
2.395049096442204,100
2.4556005962254024,100
2.516152096008601,100
2.5767035957918005,100
2.637255095575,100
2.6978065953581987,100
2.7583580951413977,100
2.873909594924597,100
2.934461094707796,100
2.995012594490995,100
3.055564094274194,100
3.116115594057393,100
3.2316670938405925,100
3.2922185936237915,100
3.3527700934069906,100
3.4133215931901897,100
3.4738730929733888,100
3.534424592756588,100
3.594976092539787,100
3.655527592322986,100
3.771079092106185,100
3.886630591889384,100
3.947182091672584,100
4.007733591455782,100
4.068285091238981,100
4.12883659102218,100
4.189388090805379,100
4.249939590588578,100
4.351011690285057,100
4.446523827102036,100
4.482940465744585,100
4.517381988998503,100
4.607886888619513,100
4.640294451799244,100
4.668992952045054,100
4.693095950942487,100
4.711202014770359,100
4.7207535147406166,100
3.7155035376288,100
0.1000728384154291,101
0.1966799409280585,101
0.2958411715595178,101
0.3361659079460554,101
0.3799563824800901,101
0.4891440674333028,101
0.5983317523865156,101
0.6909217565922193,101
0.788933891025012,101
2.692456978526538,101
5.115566509929126,101
7.632217901912158,101
7.759021136131709,101
7.830824363198703,101
10.854739892449802,101
14.12371797374168,101
17.77778893469244,101
20.51804343192304,101
23.01889966035418,101
25.832106091374115,101
28.19070486592103,101
30.78351017902712,101
33.60122544156451,101
36.79397851136845,101
39.986746068330426,101
42.91299991661204,101
45.95073913303089,101
49.47923662918719,101
52.90748795909476,101
56.40594757802951,101
59.97030073186628,101
63.87753805933233,101
63.97692852830743,101
64.07536214032095,101
64.17299292698445,101
64.26993213700916,101
64.36626390645463,101
64.46205410226233,101
64.55735569413181,101
64.65138568435385,101
64.74490449531612,101
64.89304650467604,101
65.0408381291718,101
65.13330232293417,101
65.28045921661199,101
65.42732660828065,101
65.51892034675474,101
65.61025463525785,101
65.75634227511698,101
65.90219486359398,101
65.99282295616011,101
66.0832362008599,101
66.17344345051826,101
66.2634528571779,101
66.3532719521509,101
66.44290771432377,101
66.53236662879421,101
66.62165473749222,101
66.71077768310991,101
66.79974074741031,101
66.88854888478662,101
66.97720675178564,101
67.06571873318462,101
67.15408896511005,101
67.24232135560645,101
67.33041960299722,101
67.47338721232617,101
67.56122751012406,101
67.64894365770817,101
67.73653866319285,101
67.82401539236314,101
71.14320185200657,101
71.22428932430377,101
71.30532968200029,101
71.38632336491213,101
71.46727080471979,101
71.5479007397426,101
71.62849275270271,101
71.70904712905305,101
71.78956414998122,101
71.87004409250439,101
71.9504872295614,101
72.07879116742204,101
72.14575800660535,101
72.21266782450067,101
72.27952126406787,101
72.36869493263632,101
72.45425501839965,101
72.48127182421942,101
72.5043981812146,101
72.52410418443529,101
72.5951049520432,101
72.6042558482646,101
72.61006315581342,101
72.61389535449287,101
72.61526549950084,101
72.6152921013332,101
72.61121119435718,101
72.66294186439207,101
72.65645019447273,101
0.1000728384154291,102
0.2024392559621952,102
0.3117371453145608,102
0.4245007705697262,102
0.5372643958248915,102
0.6505280210800568,102
0.7592916413374344,102
0.868055261594812,102
0.9218188896007936,102
0.975582517606775,102
1.0843461378641526,102
2.2445693912689584,102
2.306180356005654,102
2.36779132074235,102
2.429402285479046,102
2.4910132502157416,102
2.5526242149524374,102
2.614235179689133,102
2.675846144425829,102
2.737457109162525,102
2.7990680738992206,102
2.8606790386359164,102
2.922290003372612,102
2.983900968109308,102
3.100511932846004,102
3.2171228975827,102
3.278733862319396,102
3.340344827056092,102
3.4019557917927874,102
3.463566756529483,102
3.525177721266179,102
3.586788686002875,102
3.6483996507395706,102
3.7100106154762655,102
3.771621580212962,102
3.833232544949658,102
3.949843509686354,102
4.06645447442305,102
4.128065439159746,102
4.244676403896442,102
4.3062873686331375,102
4.367898333369833,102
4.429509298106529,102
4.491120262843225,102
4.552731227579921,102
4.614342192316617,102
4.675953157053312,102
4.792564121790008,102
4.854175086526704,102
4.9157860512634,102
4.977397016000095,102
5.039007980736791,102
5.100618945473487,102
5.217229910210183,102
5.278840874946878,102
5.340451839683574,102
5.40206280442027,102
5.463673769156966,102
5.5252847338936615,102
5.586895698630357,102
5.648506663367053,102
5.710117628103749,102
5.771728592840445,102
5.8333395575771405,102
5.894950522313836,102
5.956561487050532,102
6.018172451787228,102
6.079783416523924,102
6.14139438126062,102
6.203005345997315,102
6.264616310734011,102
6.326227275470707,102
6.387838240207403,102
6.449449204944099,102
6.511060169680794,102
6.57267113441749,102
6.634282099154186,102
6.7508930638908815,102
6.812504028627577,102
6.874114993364273,102
6.935725958100969,102
6.997336922837665,102
7.0589478875743605,102
7.120558852311056,102
7.182169817047752,102
7.298780781784448,102
7.360391746521143,102
7.422002711257839,102
7.483613675994535,102
7.545224640731231,102
7.661835605467926,102
7.723446570204622,102
7.785057534941318,102
7.846668499678014,102
7.90827946441471,102
7.969890429151405,102
8.031501393888101,102
8.093112358624797,102
8.154723323361493,102
8.216334288098189,102
0.1000728384154291,103
0.1966799409280585,103
0.291259717900147,103
0.3747268437927862,103
0.4572823613470693,103
0.4840671222245594,103
0.5651842306888004,103
0.6457124229109188,103
0.7257138143813511,103
0.7975712220704456,103
0.8646071057355305,103
0.929378355625858,103
0.9401983188053866,103
1.002795943762948,103
1.0067749230711065,103
1.0611931590883334,103
1.109489461645325,103
1.1033183347953757,103
1.8012357961906391,103
1.8564551260842284,103
1.8615704143939813,103
1.86683064024507,103
1.867481894156271,103
1.8683247424250744,103
1.8693668202085687,103
1.8753368973320623,103
1.8814794055706163,103
1.942800503928056,103
1.949306808650335,103
1.9560054449884487,103
1.9629041079951723,103
1.9652377229703863,103
1.9725621750166915,103
2.030335634719421,103
3.143794268142273,103
3.2167297375908395,103
3.2351417613735696,103
3.3090805856099625,103
3.3286083263865014,103
3.345636768039157,103
4.983677668269564,103
5.01331892214327,103
5.044271997880031,103
5.077008448313762,103
5.164077237021019,103
5.199611767899086,103
5.247570831101228,103
5.3505298902800575,103
5.453488949458887,103
5.5014480126610295,103
5.549407075863172,103
5.597366139065315,103
5.645325202267458,103
5.6932842654696,103
5.7962433246484295,103
5.844202387850572,103
5.892161451052715,103
5.940120514254858,103
5.988079577457,103
6.036038640659143,103
6.083997703861286,103
6.186956763040115,103
6.234915826242258,103
6.2828748894444,103
6.330833952646543,103
6.433793011825372,103
6.481752075027515,103
6.529711138229658,103
6.5776702014318005,103
6.68062926061063,103
6.728588323812772,103
6.776547387014915,103
6.824506450217058,103
6.8724655134192005,103
6.920424576621343,103
7.023383635800172,103
7.071342699002315,103
7.119301762204458,103
7.167260825406601,103
7.215219888608743,103
7.263178951810886,103
7.311138015013029,103
7.3590970782151715,103
7.407056141417314,103
7.455015204619457,103
7.557974263798286,103
7.605933327000429,103
7.6538923902025715,103
7.701851453404714,103
7.749810516606857,103
7.797769579809,103
7.845728643011142,103
7.893687706213285,103
7.941646769415428,103
7.98960583261757,103
8.037564895819713,103
8.085523959021856,103
8.133483022223999,103
8.236442081402828,103
8.28440114460497,103
0.1000728384154291,104
0.1971799409280585,104
0.2957254538029468,104
0.3939482740721472,104
0.4918679712322654,104
0.5345018763231839,104
0.631865445307751,104
0.6739725478203804,104
0.77016804254904,104
0.8108680827644785,104
0.9061173674949456,104
0.9872445469586028,104
1.0665617645841723,104
1.0866223967376207,104
1.1596255742048904,104
1.23242137471505,104
1.301869835743679,104
1.3674623309059406,104
1.3724221232703293,104
1.3713849790517578,104
1.416903164995123,104
0.3925099641207943,104
0.1000728384154291,105
0.1966799409280585,105
0.291259717900147,105
0.3769202195893265,105
0.4619817152794429,105
0.4919632092628271,105
0.5766369137812142,105
0.6616984094713305,105
0.7471803207474996,105
0.8295908202010442,105
2.014782451518183,105
2.1010167304951004,105
2.1879947636801056,105
2.273983665235644,105
2.305037081666594,105
3.497547203416471,105
3.536511262631989,105
3.6299685593762048,105
3.668866392457972,105
3.763247359718185,105
3.857926923151906,105
3.950944826698784,105
4.045226250842207,105
4.140875139109955,105
4.182807864209403,105
4.97496871460787,105
6.120415441746136,105
6.859995138588805,105
6.959969123757771,105
7.005916892151513,105
7.051991249585176,105
7.098195484450855,105
7.198959182978983,105
8.34585601220536,105
9.49508994951984,105
10.64651478586542,105
10.754476598358638,105
10.80372501806069,105
10.854089154756553,105
12.915665950727863,105
13.032048101862069,105
14.195902339815763,105
14.26604843536641,105
14.345153328263194,105
14.461070290361349,105
16.471930191385386,105
18.1499554921348,105
19.831662152262584,105
19.95860820735058,105
20.08258072689984,105
22.102101934601627,105
24.67041529944626,105
26.76453757397354,105
26.898297840656028,105
29.285396810763395,105
29.42616726001812,105
31.921828681755823,105
33.461657934893395,105
33.595156160984914,105
35.46625268367606,105
35.59850526811949,105
36.82941508615319,105
36.96044460172479,105
37.09119019774605,105
37.22071176852684,105
39.087293464050674,105
39.21437651879973,105
40.44013429001119,105
41.20530458450117,105
41.27688047312943,105
41.402805444013424,105
42.22184697521309,105
42.34738327819092,105
42.4719775781544,105
43.28988002399184,105
44.746392346615096,105
44.86808133832016,105
46.32173116542391,105
46.44385802016107,105
49.74420755556413,105
51.47671658485315,105
51.59915100459619,105
54.296931852145626,105
55.74249802951379,105
55.8565169987516,105
55.91554715905948,105
55.97450700823827,105
56.033397529764606,105
56.14661567334695,105
57.6472973120646,105
57.761547428114845,105
57.875649985416366,105
57.98637965743108,105
60.52913836066289,105
61.68597844664617,105
63.53680780951543,105
63.650723066671326,105
63.70150876466794,105
63.75227401082082,105
63.85780406419797,105
0.1000728384154291,106
0.1966799409280585,106
0.291259717900147,106
0.3844010845099767,106
0.4764267333632352,106
0.567540774432524,106
0.6583840621026766,106
0.7486543328591342,106
0.838586012745317,106
0.9282850925533253,106
1.0177619135484794,106
2.4393580830202204,106
2.5291331088647944,106
2.618367066095839,106
3.401986231516372,106
3.4922395175800425,106
3.527283252637158,106
3.56212586299635,106
3.5967751270637613,106
3.6312382458255392,106
3.720474050800572,106
3.7546311146125895,106
3.788710655133496,106
3.8227138607308966,106
3.856641875068913,106
3.890495815734635,106
3.924276763062249,106
4.0127350105450255,106
4.050195306654755,106
4.087575813837293,106
4.124877785373803,106
4.162102435781826,106
4.199250942586339,106
4.291324447984555,106
4.38332406041229,106
6.2672428226193215,106
7.459492835970762,106
9.704629371719587,106
11.364196858327052,106
11.41426862838841,106
11.518890039334051,106
12.95636276782968,106
13.00741942534207,106
13.1133572653822,106
13.164179046053023,106
13.214887400309692,106
13.26548484428873,106
13.3708675862316,106
14.808966748081753,106
14.860612005469743,106
14.912102653306045,106
14.963443329363002,106
15.014638401261465,106
15.120691989408863,106
17.477647126363003,106
19.7317999838978,106
22.276642883087053,106
25.11260478012391,106
26.274866184791545,106
27.94862706082652,106
28.012708268514384,106
28.131558872331315,106
28.25003594227541,106
29.06177133852316,106
29.17998243540188,106
29.243250785752828,106
29.30638765769835,106
29.36939642015389,106
29.487280273693653,106
29.55004226286143,106
29.66757627136316,106
29.784996557834056,106
29.902305651397374,106
29.96455326877641,106
30.081683470494912,106
30.198940737523,106
30.261136134663648,106
30.37827041814543,106
30.49519803476373,106
31.250582941780507,106
31.36775739532308,106
31.48491093458359,106
31.602043646679203,106
32.81830855013656,106
32.87832620249817,106
32.938355724301566,106
33.05315021589308,106
34.49996121336781,106
34.56043885231048,106
34.675872292070295,106
36.12332373492536,106
36.184469911530805,106
36.245605206739135,106
36.36163829290164,106
37.864691264723184,106
39.31343504956092,106
39.4308897670855,106
39.54810288281027,106
40.358821271415415,106
40.47631713378961,106
0.1000728384154291,107
0.1966799409280585,107
0.2887597219239043,107
0.3823902742157744,107
0.4888436407933997,107
0.547228476513462,107
0.646633914221363,107
0.6896460526774691,107
0.7280626916478442,107
0.8190042176435756,107
0.8556757890771197,107
0.9385902905057238,107
0.9681221251527832,107
0.9928917908261584,107
1.0664978572319317,107
1.07638269059016,107
0.0712993680651354,107
0.1000728384154291,108
0.1966799409280585,108
0.291259717900147,108
0.3844010845099767,108
0.4764267333632352,108
0.5680407744325241,108
0.6010431152777715,108
0.68896415351866,108
0.7766875375657654,108
0.8643339970186733,108
0.9522550352595618,108
0.9813464865766336,108
1.052557630904751,108
1.8273218706928065,108
3.013400180705624,108
3.741474016078549,108
3.771240581267314,108
3.8565160599283743,108
3.887358183481531,108
3.918839475580292,108
3.9510537856005,108
3.98412734500392,108
4.018239101835327,108
4.053662678667145,108
4.090869630195932,108
4.130874662169056,108
4.177811166711884,108
4.225770229914026,108
4.273729293116169,108
4.321688356318312,108
4.369647419520454,108
4.417606482722597,108
4.46556554592474,108
4.513524609126883,108
4.561483672329025,108
4.609442735531168,108
4.657401798733311,108
4.705360861935453,108
4.753319925137596,108
4.856278984316425,108
4.904238047518568,108
4.952197110720711,108
5.0001561739228535,108
5.103115233101683,108
5.151074296303825,108
5.199033359505968,108
5.246992422708111,108
5.2949514859102536,108
5.397910545089083,108
5.500869604267912,108
5.603828663446741,108
5.651787726648884,108
5.699746789851027,108
5.747705853053169,108
5.795664916255312,108
5.843623979457455,108
5.891583042659597,108
5.93954210586174,108
5.987501169063883,108
6.090460228242712,108
6.138419291444855,108
6.1863783546469975,108
6.23433741784914,108
6.282296481051283,108
6.330255544253426,108
6.378214607455568,108
6.426173670657711,108
6.52913272983654,108
6.577091793038683,108
6.625050856240826,108
6.673009919442968,108
6.720968982645111,108
6.768928045847254,108
6.8168871090493965,108
6.864846172251539,108
6.9678052314303685,108
7.015764294632511,108
7.063723357834654,108
7.111682421036797,108
7.159641484238939,108
7.207600547441082,108
7.255559610643225,108
7.303518673845367,108
7.35147773704751,108
7.399436800249653,108
7.447395863451796,108
7.495354926653938,108
7.543313989856081,108
7.591273053058224,108
7.6392321162603665,108
7.687191179462509,108
7.735150242664652,108
7.783109305866795,108
7.831068369068937,108
7.87902743227108,108
7.981986491449909,108
8.029945554652052,108
8.132904613830881,108
8.180863677033024,108
8.228822740235167,108
0.1000728384154291,109
0.1940406949211217,109
0.286118220757214,109
0.374474509999866,109
0.4626085404296637,109
0.5509648296723157,109
0.5845537189931421,109
0.6733865591348157,109
0.7579928489984021,109
0.8425991388619886,109
0.927205428725575,109
1.0118117185891613,109
1.096195750182961,109
1.1274547840119349,109
1.1587138178409084,109
1.242262520140503,109
1.2709627526463017,109
1.354364387935494,109
2.5406591820181355,109
2.573493246233557,109
2.606483571475838,109
2.6396352017880425,109
2.7279535199166283,109
2.7614442634047016,109
2.7951135973096832,109
2.828968137747143,109
2.863015007472132,109
2.8972619029344067,109
2.931717165058945,109
3.0213898571790203,109
3.05628985563526,109
3.1464280004263863,109
3.181816190725659,109
3.2174675988615498,109
3.2533968577743515,109
3.289620317763184,109
3.3261563817621216,109
3.363025900220965,109
3.400252714997624,109
3.4378643336356625,109
3.475892860686873,109
3.561632287001704,109
3.5926043095649227,109
3.623820282763337,109
3.6552927198470577,109
3.6870354937971577,109
3.7190640608430847,109
3.7513957510353073,109
3.7840501333237633,109
3.817049481219147,109
3.8504193688393578,109
3.884189468121624,109
3.97339462885866,109
4.00331957662711,109
4.037481017655228,109
4.077135518437718,109
4.116790019220208,109
4.211444519704674,109
4.251099020487164,109
4.290753521269654,109
4.330408022052144,109
4.42506252253661,109
4.519717023021077,109
4.559371523803566,109
4.599026024586056,109
4.638680525368546,109
4.7333350258530125,109
4.772989526635502,109
4.812644027417992,109
4.852298528200482,109
4.891953028982972,109
4.931607529765461,109
4.971262030547951,109
5.065916531032418,109
5.105571031814908,109
5.145225532597397,109
5.184880033379887,109
5.224534534162377,109
5.264189034944867,109
5.303843535727356,109
5.343498036509846,109
5.383152537292336,109
5.477807037776802,109
5.517461538559292,109
5.557116039341782,109
5.6517705398262486,109
5.691425040608738,109
5.731079541391228,109
5.770734042173718,109
5.810388542956208,109
5.850043043738697,109
5.889697544521187,109
5.929352045303677,109
5.969006546086167,109
6.0086610468686565,109
6.048315547651146,109
6.142970048135613,109
6.182624548918103,109
6.222279049700592,109
6.261933550483082,109
0.1000728384154291,110
0.1966799409280585,110
0.2958411715595178,110
0.3426973846946406,110
0.4438859408666408,110
0.489485581860359,110
0.5755790201890678,110
1.3596621481645317,110
3.6022537676561086,110
5.849118324922344,110
7.697165527418625,110
10.242991555269867,110
13.07138365787394,110
13.184223215205495,110
13.297638119185978,110
13.3567032888077,110
13.416516117099274,110
13.477208398723167,110
13.538968550848551,110
13.602088371551352,110
13.667081659501363,110
13.732417538402824,110
13.85864669228599,110
13.936807317974758,110
14.014967943663525,110
14.093128569352292,110
14.226289195041058,110
14.304449820729824,110
14.382610446418592,110
14.46077107210736,110
14.538931697796126,110
14.617092323484894,110
14.69525294917366,110
14.773413574862428,110
14.851574200551196,110
14.929734826239962,110
15.007895451928729,110
15.086056077617496,110
15.164216703306264,110
15.24237732899503,110
15.320537954683797,110
15.398698580372564,110
15.47685920606133,110
15.555019831750098,110
15.688180457438865,110
15.766341083127632,110
15.899501708816398,110
15.977662334505164,110
16.110822960193932,110
16.1889835858827,110
16.267144211571466,110
16.345304837260233,110
16.423465462949,110
16.501626088637767,110
16.579786714326534,110
16.6579473400153,110
16.73610796570407,110
16.814268591392835,110
16.892429217081602,110
17.004261989067206,110
17.057774135179482,110
17.10795977757035,110
17.154031877266828,110
17.19454401438183,110
17.285960649001066,110
17.37540217195696,110
17.411407072889272,110
17.446595837222997,110
17.480626490759317,110
17.516695015924636,110
17.556229279237453,110
17.656048909621898,110
18.39714326043672,110
19.60246159215516,110
19.65523403589672,110
20.81439782434803,110
21.97659650481702,110
22.0401828966179,110
22.10376928841878,110
22.167355680219657,110
22.230942072020536,110
22.29452846382141,110
22.358114855622294,110
22.42170124742317,110
22.48528763922405,110
22.54887403102493,110
22.61246042282581,110
22.676046814626687,110
22.73963320642757,110
22.858219598228445,110
22.921805990029323,110
22.9853923818302,110
23.04897877363108,110
23.16756516543196,110
23.23115155723284,110
23.29473794903372,110
23.3583243408346,110
23.421910732635475,110
23.54049712443636,110
23.604083516237232,110
0.1000728384154291,111
0.1966799409280585,111
0.291759717900147,111
0.3854010845099767,111
0.4789189880568544,111
0.5735222141299214,111
0.6686860266935919,111
0.7656829369135698,111
0.8655118245081518,111
0.9572187784509276,111
0.9981622185008142,111
1.0405493575529667,111
1.0784659955100628,111
1.114032519181213,111
1.1504124227361294,111
1.183569983710489,111
1.2678934867875191,111
1.2929964877115103,111
1.3228199883745524,111
1.3526434890375945,111
1.3824669897006363,111
1.4672904937909457,111
1.4971139944539875,111
1.5269374951170298,111
1.556760995780072,111
1.586584496443114,111
1.671408000533423,111
1.7012315011964652,111
1.7310550018595072,111
1.7608785025225493,111
1.8457020066128584,111
1.8755255072759005,111
1.9053490079389424,111
1.9351725086019849,111
1.9649960092650267,111
2.049819513355336,111
2.134643017445645,111
2.219466521535954,111
2.249290022198996,111
2.2791135228620383,111
2.3089370235250803,111
2.393760527615389,111
2.423584028278432,111
2.4534075289414736,111
2.483231029604516,111
2.5130545302675578,111
2.5428780309306,111
2.572701531593642,111
2.602525032256684,111
2.632348532919726,111
2.662172033582768,111
2.69199553424581,111
2.721819034908852,111
2.7516425355718943,111
2.7814660362349364,111
2.8112895368979784,111
2.8411130375610205,111
2.8709365382240626,111
2.955760042314372,111
2.985583542977414,111
3.015407043640456,111
3.045230544303498,111
3.07505404496654,111
3.159877549056849,111
3.2447010531471583,111
3.2745245538102004,111
3.3043480544732424,111
3.3341715551362845,111
3.3639950557993266,111
3.3938185564623686,111
3.4236420571254107,111
3.4534655577884528,111
3.483289058451495,111
3.513112559114537,111
3.597936063204846,111
3.627759563867888,111
3.65758306453093,111
3.687406565193972,111
3.7172300658570143,111
3.802053569947324,111
3.8318770706103655,111
3.861700571273408,111
3.8915240719364497,111
3.921347572599492,111
3.951171073262534,111
3.980994573925576,111
4.0658180780158855,111
4.095641578678928,111
4.12546507934197,111
4.155288580005012,111
4.240112084095321,111
4.269935584758363,111
4.299759085421405,111
4.384582589511714,111
4.414406090174756,111
4.444229590837798,111
4.47405309150084,111
4.503876592163882,111
4.533700092826924,111
4.618523596917234,111
0.1000728384154291,112
0.1971799409280585,112
0.292259717900147,112
0.3879597581155855,112
0.4774128615006089,112
0.5665906659997172,112
0.6010437693847407,112
0.690221573883849,112
0.7246746772688725,112
0.7594191251945158,112
0.8494729501387496,112
0.9398565649219424,112
1.029910389866176,112
1.0652940046493689,112
1.1010307072686314,112
1.1371473394227836,112
1.227884042042046,112
1.3198599254808314,112
1.4113877481261683,112
1.450014839999307,112
1.5419907234380923,112
1.5806178153112307,112
1.6217270916159383,112
1.7206344468603234,112
1.810724527956019,112
1.844138694376717,112
1.881018595219622,112
1.9178984960625272,112
1.954778396905432,112
1.9916582977483368,112
2.0285381985912423,112
2.065418099434148,112
2.1022980002770524,112
2.139177901119957,112
2.1760578019628625,112
2.2129377028057675,112
2.249817603648673,112
2.341697500468264,112
2.433577397287856,112
2.4704572981307606,112
2.5073371989736657,112
2.5442170998165707,112
2.581097000659476,112
2.672976897479068,112
2.7098567983219723,112
2.7467366991648774,112
2.7836166000077824,112
2.8204965008506875,112
2.8573764016935925,112
2.8942563025364976,112
2.9311362033794026,112
2.968016104222308,112
3.0048960050652127,112
3.0417759059081177,112
3.078655806751023,112
3.115535707593928,112
3.152415608436833,112
3.2442955052564244,112
3.281175406099329,112
3.3180553069422345,112
3.3549352077851395,112
3.3918151086280446,112
3.4286950094709496,112
3.4655749103138547,112
3.50245481115676,112
3.5393347119996648,112
3.57621461284257,112
3.613094513685475,112
3.64997441452838,112
3.7418543113479714,112
3.777859212280283,112
3.813864113212595,112
3.849869014144908,112
3.88587391507722,112
3.921878816009532,112
3.957883716941844,112
3.993888617874156,112
4.029893518806468,112
4.06589841973878,112
4.101903320671092,112
4.137908221603404,112
4.173913122535716,112
4.209918023468028,112
4.24592292440034,112
4.281927825332652,112
4.317932726264964,112
4.353937627197276,112
4.389942528129588,112
4.4259474290619,112
4.516952329696188,112
4.5529572306285,112
4.5889621315608125,112
4.6249670324931245,112
4.6609719334254365,112
4.6969768343577485,112
4.7329817352900605,112
4.7689866362223725,112
4.8049915371546845,112
4.8409964380869965,112
4.8770013390193085,112
0.1000728384154291,113
0.1971799409280585,113
2.942839493584319,113
5.623087743364174,113
5.741970024072343,113
5.865677709260729,113
5.985919658546316,113
6.103018564534791,113
6.2175633424044365,113
8.63719970197186,113
11.005136237895204,113
13.847658539287767,113
16.966878977274696,113
18.427219662102512,113
20.111219002354307,113
20.87868013949964,113
21.00736596501944,113
21.077858332680083,113
21.147660903120027,113
21.27228623981499,113
21.342272557965973,113
21.40949735943436,113
21.47747769358998,113
21.54634840407516,113
21.671303153224663,113
21.74264395623709,113
21.81590898835405,113
21.947342639271447,113
22.034573711435616,113
22.127297845043124,113
22.22002197865063,113
22.31274611225814,113
22.405470245865647,113
22.498194379473155,113
22.590918513080663,113
22.68364264668817,113
22.77636678029568,113
22.869090913903182,113
22.961815047510694,113
23.0545391811182,113
23.14726331472571,113
23.239987448333217,113
23.332711581940725,113
23.425435715548232,113
23.51815984915574,113
23.665883982763248,113
23.758608116370755,113
23.851332249978263,113
23.94405638358577,113
24.03678051719328,113
24.129504650800783,113
24.22222878440829,113
24.3699529180158,113
24.46267705162331,113
24.555401185230817,113
24.648125318838325,113
24.74084945244584,113
24.83357358605334,113
24.926297719660848,113
25.01902185326836,113
25.111745986875864,113
25.20447012048337,113
25.29719425409088,113
25.444918387698387,113
25.53764252130589,113
25.6303666549134,113
25.72309078852091,113
25.815814922128418,113
25.963539055735925,113
26.11126318934344,113
26.20398732295094,113
26.296711456558448,113
26.38943559016596,113
26.537159723773463,113
26.68488385738097,113
26.77760799098848,113
26.870332124595983,113
26.96305625820349,113
27.055780391811,113
27.14850452541851,113
27.241228659026017,113
27.333952792633525,113
27.48167692624104,113
27.57440105984854,113
27.667125193456048,113
27.75984932706356,113
27.852573460671064,113
28.00029759427857,113
28.09302172788608,113
28.185745861493587,113
28.27846999510109,113
28.4261941287086,113
28.57391826231611,113
28.666642395923617,113
28.759366529531125,113
28.852090663138632,113
28.94481479674614,113
29.037538930353648,113
29.13026306396116,113
29.222987197568663,113
0.1000728384154291,114
0.1966799409280585,114
0.236259717900147,114
0.3294010845099767,114
0.4214267333632353,114
0.5133533690800131,114
0.5910613246041823,114
0.674130380876689,114
0.7586549751240301,114
2.45762708110395,114
3.88174178523603,114
6.122301124759345,114
7.317692422099738,114
8.747863434978157,114
11.422960844695542,114
14.048262684294684,114
16.51007283627351,114
19.46920497400053,114
22.54156353242289,114
24.225009015171537,114
24.29894024812543,114
24.3727962916925,114
24.50157825983064,114
24.63028723397168,114
24.758924264425456,114
24.833009355672683,114
24.90758664728397,114
24.97975702708729,114
25.053734916814044,114
25.130571738158576,114
25.21478809210216,114
25.309401653754133,114
25.404015215406112,114
25.49862877705809,114
25.59324233871007,114
25.68785590036205,114
25.782469462014028,114
25.877083023666007,114
25.971696585317986,114
26.066310146969965,114
26.215923708621943,114
26.31053727027392,114
26.4051508319259,114
26.55476439357788,114
26.64937795522986,114
26.79899151688184,114
26.893605078533817,114
26.9882186401858,114
27.08283220183777,114
27.17744576348976,114
27.32705932514173,114
27.42167288679371,114
27.51628644844569,114
27.66590001009767,114
27.760513571749648,114
27.855127133401627,114
28.00474069505361,114
28.099354256705585,114
28.248967818357563,114
28.343581380009542,114
28.43819494166152,114
28.5328085033135,114
28.62742206496548,114
28.72203562661746,114
28.81664918826944,114
28.911262749921416,114
29.060876311573395,114
29.15548987322537,114
29.25010343487736,114
29.34471699652933,114
29.43933055818131,114
29.53394411983329,114
29.62855768148527,114
29.723171243137248,114
29.872784804789227,114
29.96739836644121,114
30.062011928093185,114
30.156625489745164,114
30.306239051397142,114
30.40085261304912,114
30.4954661747011,114
30.64507973635308,114
30.73969329800505,114
30.83430685965704,114
30.928920421309016,114
31.023533982960995,114
31.173147544612974,114
31.322761106264952,114
33.67154514855467,114
34.92232862499713,114
35.713045439814984,114
35.81061507407289,114
35.9081847083308,114
36.00575434258871,114
36.10332397684662,114
36.200893611104526,114
36.298463245362434,114
36.39603287962034,114
36.49360251387825,114
36.59117214813616,114
0.1000728384154291,115
0.1966799409280585,115
0.291259717900147,115
0.3849010845099767,115
0.4774267333632353,115
0.5140407744325242,115
0.6048840621026768,115
0.6950596928097067,115
2.1748998317607264,115
3.3689897086675646,115
4.85314006592656,115
4.946491422611722,115
5.039283643025406,115
6.743632922429093,115
6.838144110995778,115
8.028422641116627,115
8.119759412962445,115
9.536745759207257,115
10.261975558954724,115
10.348836469012744,115
11.770743655520924,115
12.90664069588805,115
12.99865848805333,115
15.39901191975499,115
17.803124974030503,115
17.90430001403714,115
18.005097823697575,115
18.10554488237525,115
20.989019709188,115
23.341339903432377,115
23.445736358422288,115
23.55066552992488,115
26.70538726683284,115
26.81533464278604,115
26.92492382462645,115
30.082481312114247,115
31.58215944703246,115
34.00451549178501,115
34.124072242750124,115
34.174755890144304,115
34.2801916191711,115
37.16723294950862,115
40.22012491918941,115
40.27733510382314,115
40.38933946586986,115
41.88806559540172,115
43.104426287719285,115
44.77738380017368,115
44.895775308215406,115
45.00505992522218,115
45.11483792712667,115
48.56171397616842,115
50.28641180446127,115
50.40141518166044,115
52.308815789723184,115
53.81117065002897,115
53.92702962210157,115
54.03901909788826,115
55.53782199820259,115
55.6501742576597,115
58.24907672157266,115
58.35889893522241,115
58.46864633759239,115
59.91072206696251,115
60.01406811674812,115
60.05594032009819,115
60.15277908494451,115
60.24955820789316,115
63.24199580898264,115
63.34499209126213,115
66.10472409924247,115
69.51236169537285,115
71.51621763905266,115
72.32268135746696,115
72.43552372356632,115
75.62787721058109,115
75.73812237133959,115
77.4586724316118,115
77.56978684415796,115
78.3744283293722,115
78.43098015462735,115
78.47875630980113,115
78.52658179526904,115
78.5744571027694,115
78.6223827352164,115
78.72535920640209,115
78.77338703101256,115
78.87631989395001,115
81.92473364745953,115
84.5448820677934,115
85.34860534345486,115
86.50338287031033,115
86.55962427830079,115
86.67094300811866,115
86.72734027107933,115
86.83881732573488,115
86.8953754616318,115
86.95201601585129,115
87.00874037047603,115
87.06554995601752,115
0.1000728384154291,116
0.2151243381986281,116
0.3301758379818272,116
0.4417616018622265,116
0.5498816298398261,116
0.6530085963740853,116
0.6968940285578278,116
0.7938511533275154,116
0.83668004102855,116
0.8805654732122925,116
0.9257922259703186,116
1.0253034768238571,116
2.1704611716404463,116
2.270078183485558,116
2.3626143721476103,116
2.4545044986143614,116
3.593801149500897,116
3.690978029145291,116
3.735292123033097,116
3.8320520905390287,116
4.568769731892636,116
6.75373701132684,116
7.905717888249447,116
10.363662996663145,116
12.42699221648126,116
14.45144609488397,116
17.023795199208834,116
19.88835486773433,116
21.98295440815692,116
22.1316437995242,116
22.28033319089148,116
24.861591507644416,116
24.99974788796128,116
25.84466036178446,116
25.99621982673796,116
27.47988551275488,116
27.577455147012788,116
27.6750247812707,116
27.82759441552861,116
27.96197611898789,116
28.04428705566044,116
28.187323653854488,116
28.326894516145742,116
28.42485541727925,116
28.52281631841276,116
28.62077721954627,116
28.718738120679777,116
28.871699021813285,116
28.96985294398745,116
29.112020743274943,116
30.82055275607435,116
31.61315899893668,116
31.76761806123906,116
33.532401474323564,116
35.425524508334405,116
37.60761679002695,116
39.32047282706581,116
41.08213858111492,116
42.85145252959085,116
44.74198652614609,116
45.9467081950344,116
48.251209194716,116
48.35848561706138,116
48.52076203940676,116
48.62803846175214,116
48.79031488409752,116
50.28438487860812,116
51.49113981882522,116
51.59928247037421,116
51.70742512192321,116
51.8155677734722,116
51.9787104250212,116
52.14185307657019,116
52.30499572811919,116
52.41313837966818,116
52.57628103121718,116
52.68442368276617,116
52.79256633431517,116
52.90070898586416,116
53.00885163741316,116
53.11699428896216,116
53.22513694051115,116
53.333279592060144,116
53.49642224360914,116
53.60456489515813,116
53.71270754670713,116
53.820850198256124,116
53.92899284980512,116
54.03713550135412,116
54.14527815290311,116
54.253420804452105,116
54.3615634560011,116
54.524706107550095,116
54.63284875909909,116
54.740991410648085,116
54.84913406219708,116
54.95727671374608,116
55.06541936529507,116
55.17356201684407,116
55.28170466839306,116
0.1000728384154291,117
0.1966799409280585,117
0.3117314407112576,117
0.4267829404944566,117
0.5418344402776557,117
0.6023859400608548,117
0.7098902502818834,117
0.8139288246001122,117
0.9205215270371708,117
0.9786667558710672,117
1.0797990592399933,117
1.1264313626089193,117
1.2273648562659696,117
1.32829834992302,117
1.374003415054207,117
1.4214500161470227,117
1.4715915965498738,117
1.5279969918192675,117
1.5878681215108683,117
1.702739250904446,117
1.762610380596047,117
1.822481510287648,117
1.9373526396812253,117
1.997223769372826,117
2.0570948990644267,117
2.1169660287560275,117
2.1768371584476283,117
2.236708288139229,117
2.29657941783083,117
2.3564505475224307,117
2.4163216772140315,117
2.531192806607609,117
2.6460639360011866,117
2.760935065394764,117
2.820806195086365,117
2.880677324777966,117
2.9405484544695666,117
3.0004195841611674,117
3.060290713852768,117
3.120161843544369,117
3.18003297323597,117
3.2399041029275706,117
3.2997752326191714,117
3.359646362310772,117
3.419517492002373,117
3.479388621693974,117
3.5392597513855746,117
3.5991308810771754,117
3.659002010768776,117
3.718873140460377,117
3.778744270151978,117
3.8386153998435786,117
3.8984865295351794,117
3.95835765922678,117
4.018228788918381,117
4.078099918609982,117
4.137971048301583,117
4.197842177993183,117
4.257713307684784,117
4.317584437376385,117
4.4324555667699626,117
4.54732669616354,117
4.607197825855141,117
4.667068955546742,117
4.726940085238343,117
4.786811214929943,117
4.846682344621544,117
4.906553474313145,117
4.966424604004746,117
5.0262957336963465,117
5.086166863387947,117
5.146037993079548,117
5.205909122771149,117
5.26578025246275,117
5.325651382154351,117
5.385522511845951,117
5.445393641537552,117
5.56026477093113,117
5.675135900324707,117
5.735007030016308,117
5.794878159707909,117
5.9097492891014864,117
5.969620418793087,117
6.029491548484688,117
6.089362678176289,117
6.14923380786789,117
6.264104937261467,117
6.323976066953068,117
6.383847196644669,117
6.498718326038246,117
6.558589455729847,117
6.618460585421448,117
6.733331714815026,117
6.793202844506626,117
6.908073973900204,117
7.0229451032937815,117
7.082816232985382,117
7.19768736237896,117
7.257558492070561,117
7.3174296217621615,117
0.1000728384154291,118
0.1966799409280585,118
0.2887597219239043,118
0.3823902742157744,118
0.4338436373661326,118
0.4922284730861949,118
0.5916339107940959,118
0.6896460452268885,118
0.7830626764486598,118
0.8740042024443911,118
0.9656757661293316,118
0.9990833276103304,118
1.02861516225739,118
1.0533848279307652,118
1.0719908909092712,118
1.0818757242674997,118
0.076792401742475,118
0.1000728384154291,119
0.1966799409280585,119
0.2942489029039251,119
0.3374717231731255,119
0.374447606611911,119
0.4655642387660631,119
0.5553086866917065,119
0.5894864911908149,119
0.6781553822183735,119
0.7113624066452771,119
0.7991466441320403,119
0.8871378076996178,119
0.9747233435431336,119
1.0621177733225482,119
1.149512203101963,119
1.2333477453039587,119
1.2623819836126269,119
1.2916231468962134,119
1.376080171828121,119
1.4057627969132365,119
1.490681690786928,119
1.5208485663579403,119
1.5512763724373282,119
1.5819794774697722,119
1.6674072832511366,119
1.7523261771248282,119
1.7830292821572722,119
1.869662897353024,119
1.957440720562786,119
1.9917048007892075,119
2.0830933020161093,119
2.175452584092468,119
2.2687160835312308,119
2.3113734402404726,119
2.364428003941625,119
2.4174825676427782,119
2.525537131045908,119
2.6335916944490374,119
2.741646257852167,119
2.840742027078718,119
2.893796590779871,119
3.0018511541830004,119
3.054905717884153,119
3.107960281585306,119
3.161014845286459,119
3.214069408987612,119
3.2671239726887644,119
3.320178536389917,119
3.37323310009107,119
3.426287663792223,119
3.52285610667333,119
5.186102380667776,119
5.24540387994513,119
5.304705379222483,119
5.364006878499836,119
5.4233083777771895,119
5.482609877054543,119
5.541911376331896,119
5.601212875609249,119
5.686868915026039,119
7.119423994486184,119
8.786379346315712,119
8.847625476931185,119
8.949149420176596,119
10.795027305995076,119
13.113356401835532,119
15.268146088038534,119
15.380176407908053,119
17.841001851175875,119
20.80132923803196,119
23.45150838575229,119
26.597301963090903,119
29.692128337010203,119
31.23324068966383,119
31.388058681197567,119
31.542876672731303,119
33.08468956110707,119
34.79549103832396,119
34.951854603106746,119
36.71846946095936,119
38.90132912724396,119
39.05974725184872,119
39.20168619212346,119
41.49815227955722,119
41.6440239074869,119
43.58163103803514,119
45.974449443709,119
47.85461007736282,119
47.992785711346976,119
48.12939305753686,119
48.95901756380599,119
49.089507851944376,119
51.3644612172703,119
51.49441346918147,119
53.57510694504139,119
55.26453722480521,119
55.39034147027717,119
56.560003349816654,119
56.68583775523887,119
57.8558185196279,119
0.1000728384154291,120
0.1966799409280585,120
0.236259717900147,120
0.2744010845099767,120
0.2977512041007359,120
0.3204883122717221,120
0.3976794266973813,120
0.4748783418809255,120
0.5516291940485318,120
2.427032836702951,120
2.5101174646889053,120
3.987850750035757,120
4.0240305489233945,120
4.059963992565998,120
4.13871209952248,120
5.31914263102425,120
5.345825754806527,120
5.427312769696244,120
5.455923200354108,120
5.4844101674409,120
5.567776643440255,120
5.596025471344718,120
5.679159347668418,120
5.707180862084159,120
5.7350924841613855,120
5.762896575734147,120
5.790595398053655,120
5.818191122964152,120
5.845685836628207,120
5.873081535801419,120
5.900380146458873,120
5.927583516344556,120
6.0096934221239175,120
6.036711585477122,120
6.118639652386436,120
6.145479225322732,120
7.616469883129128,120
9.44250585953904,120
9.47103055077804,120
9.49944742093993,120
9.527758746177083,120
9.55596670950962,120
9.584073402688034,120
9.667080835208424,120
9.694990942955144,120
9.722805582687386,120
11.414010607406624,120
13.054582320854196,120
13.085613759935027,120
13.116544862046965,120
15.287098784700165,120
17.529730908584025,120
20.52772939660719,120
23.76649464538801,120
26.82736746957967,120
28.27925622846629,120
28.39958648030889,120
28.465073539427507,120
28.530722483189745,120
31.87487955637182,120
34.34498183744768,120
36.721470939528025,120
36.79533429798391,120
39.49105054848332,120
39.62154381702274,120
39.75152213133065,120
39.880858432616144,120
40.00995041048866,120
40.13880944958699,120
40.2674459206483,120
42.3428705926568,120
43.57130791664198,120
43.70115309973648,120
43.83093808143482,120
46.041045370588975,120
46.17177699516908,120
46.29976032779626,120
47.12116317061249,120
47.94280460176705,120
48.07136042949462,120
48.19903426667548,120
49.425728901107256,120
49.55373680380845,120
49.6815042755763,120
51.19582023242359,120
51.323602652119625,120
51.45105144372494,120
51.57825793986451,120
51.70532450149781,120
51.83213114798679,120
53.05784335998133,120
53.1848036212444,120
53.31145241911288,120
53.43813698204068,120
53.56463998190379,120
54.384341658276426,120
54.51054785750897,120
56.02335326302485,120
56.14984215113017,120
56.27614418747767,120
0.1000728384154291,121
0.1966799409280585,121
0.291259717900147,121
0.3844010845099767,121
0.4764267333632352,121
0.5680407744325241,121
0.6588840621026766,121
0.7490596928097065,121
3.0912859596706683,121
3.1851564877129848,121
3.2783593617774303,121
3.37222331840766,121
5.81249374229682,121
8.623844087908392,121
11.375278199648982,121
14.752537319797469,121
18.27845972692088,121
20.70669418012469,121
23.54212470136464,121
26.379002055803785,121
26.50545220394487,121
28.24143389099488,121
30.67134246894905,121
30.798015553814142,121
33.634065774925354,121
35.84189934711414,121
35.96990399110605,121
37.89001083284292,121
40.21623080133372,121
40.34501770121731,121
40.47345943654727,121
40.6015625643243,121
40.717456211399,121
42.62566100532905,121
42.74183807994024,121
43.55123845959798,121
43.66787042940752,121
45.86469092692033,121
45.981912900756754,121
46.09899458761112,121
46.21593980963127,121
46.33276720071928,121
48.396498155843176,121
48.5141010480632,121
51.11462118203536,121
51.23001699621574,121
53.29206066305534,121
53.40812272305385,121
55.66091675038234,121
58.910244648407854,121
61.04908460850612,121
61.15536153043405,121
64.0373908254017,121
64.14136924321548,121
64.24526416982309,121
64.34926788235799,121
64.45334567601577,121
67.69782723958389,121
69.13877787167922,121
69.24835606391326,121
71.66215558822051,121
71.77323314274446,121
74.83146449650422,121
77.34473654354707,121
79.76385399426118,121
79.88029039378063,121
79.99656396086112,121
80.11266594852106,121
82.25402122462884,121
84.95639878238336,121
85.07464896614448,121
85.19272070104972,121
87.5592878359069,121
87.67816297436849,121
89.9950174512972,121
90.11451057071582,121
91.78883234138384,121
91.90861786628858,121
93.41519666935102,121
93.53538278217212,121
93.65544104303018,121
95.85552167619365,121
97.76833378995552,121
97.88926076615944,121
100.59528135980264,121
100.71714590216772,121
103.037094575416,121
103.15976051713125,121
105.62603477860586,121
105.74930457497732,121
108.51270012284414,121
108.63690706069366,121
111.4796444969882,121
111.60468823189632,121
114.86647063965694,121
114.99259421701328,121
117.83708402986424,121
117.96390237386125,121
118.09064196522132,121
121.16298912937538,121
0.1000728384154291,122
0.2151243381986281,122
0.3301758379818272,122
0.4452273377650263,122
0.5577788406484606,122
0.6703303435318949,122
0.7689024487011912,122
1.571947065877247,122
3.2412560859196664,122
4.690549103307056,122
7.061949459599781,122
7.176805784689712,122
9.333919960193857,122
11.612858331010116,122
14.23891064863026,122
16.96834933281004,122
19.77055592659224,122
22.701535419587785,122
24.40969623148323,122
26.301273692245022,122
26.45609168377876,122
26.61090967531249,122
26.710727666846232,122
26.81054565837997,122
26.965363649913705,122
27.06518164144744,122
27.21999963298117,122
27.374817624514915,122
27.52963561604865,122
27.629453607582388,122
27.729271599116124,122
27.82908959064986,122
27.9839075821836,122
28.13872557371733,122
28.23854356525107,122
28.338361556784808,122
28.438179548318544,122
28.53799753985228,122
28.637815531386018,122
28.737633522919754,122
28.89245151445349,122
28.992269505987228,122
29.84058777080529,122
29.9407588550634,122
30.040929939321508,122
30.14110102357962,122
30.24127210783773,122
30.34144319209584,122
30.44161427635396,122
30.541785360612064,122
30.64195644487017,122
30.74212752912829,122
30.8422986133864,122
30.94246969764451,122
31.04264078190262,122
31.14281186616073,122
31.24298295041884,122
31.34315403467696,122
31.443325118935064,122
31.54349620319317,122
31.643667287451287,122
31.7438383717094,122
31.84400945596751,122
31.99918054022562,122
32.09935162448373,122
32.199522708741846,122
32.29969379299996,122
32.399864877258075,122
32.50003596151619,122
32.600207045774305,122
32.70037813003242,122
32.800549214290534,122
32.90072029854865,122
33.00089138280676,122
33.10106246706488,122
33.25623355132299,122
33.35640463558111,122
33.45657571983922,122
33.55674680409734,122
33.65691788835545,122
33.757088972613566,122
33.85726005687168,122
33.9574311411298,122
34.05760222538791,122
34.157773309646025,122
34.31294439390414,122
34.413115478162254,122
34.51328656242037,122
34.613457646678484,122
34.7136287309366,122
34.81379981519471,122
34.91397089945283,122
35.01414198371094,122
35.11431306796906,122
35.21448415222717,122
35.31465523648529,122
35.4148263207434,122
35.51499740500152,122
35.67016848925963,122
35.770339573517745,122
0.1000728384154291,123
0.1966799409280585,123
0.291259717900147,123
0.3856755457581206,123
0.4799326301245213,123
0.5743135973847341,123
0.6685516977827266,123
0.7557949939887241,123
1.9468729416053008,123
1.9845455059926227,123
2.0766213307301715,123
2.1143982628504947,123
3.252953074328156,123
4.681855581156464,123
6.519280455462189,123
8.181396530069335,123
10.724478482972655,123
10.771386910002503,123
10.818154483806168,123
10.920062914263282,123
10.967116281162772,123
11.01431891299394,123
11.061675403039729,123
11.109190635155713,123
11.15686981729773,123
11.254976834874425,123
11.298083849023852,123
12.725628204416308,123
12.767049655090842,123
12.80864863819984,123
12.850431691627774,123
12.947405848424706,123
12.989578708778891,123
13.086958497535262,123
13.184554144512688,123
13.22737539536861,123
13.27043291158584,123
13.31373841292766,123
13.357304841052564,123
13.401146568130526,123
13.500279642414126,123
13.542892515431914,123
13.585408296208652,123
13.627828836213622,123
13.670155916135585,123
13.76739125303534,123
13.809536494087252,123
13.906593240570102,123
15.560262359451327,123
17.554556049179112,123
19.21974550161185,123
20.887684911571096,123
23.34913358066524,123
25.90191493808,123
28.97122813825905,123
29.08920461926776,123
29.15218110027646,123
29.2122526807244,123
29.27243662545159,123
29.33273551776991,123
29.39315206257528,123
29.508689095138543,123
29.62434959076476,123
29.685136675430897,123
29.80105363752905,123
29.862103940862617,123
29.92329123906712,123
30.039619391656466,123
30.101092481930166,123
30.16271483701962,123
30.22449105040241,123
30.28642600727677,123
30.403524913265244,123
30.465793327012097,123
30.528237197358006,123
30.59086290592477,123
30.653677316131446,123
30.77168782990389,123
30.889902453648936,123
30.953329875466075,123
31.016979556096068,123
31.080861836804235,123
31.14498806833325,123
31.209370766334207,123
31.274023800441512,123
31.338962626618017,123
31.4042045759036,123
31.52476921779488,123
31.590678824043582,123
31.711958970153063,123
31.77863932980091,123
31.845754746333704,123
31.91334671376552,123
31.981465483775622,123
32.050173168964015,123
32.119548511115525,123
32.18969460666617,123
32.31575231000079,123
32.387925731091975,123
32.46153756254542,123
0.1000728384154291,124
0.1966799409280585,124
0.291259717900147,124
0.3849010845099767,124
0.4667512039271128,124
1.6476961235132943,124
1.7293550754514468,124
1.8115718747106329,124
3.982997694107605,124
5.463800945374085,124
8.076589145752504,124
8.124359511825158,124
8.17206230858238,124
8.274698437246396,124
8.322268773856475,124
8.369774174931361,124
8.417215474936082,124
8.519593478235318,124
8.621908986064508,124
8.724162765833452,124
8.771355566623523,124
8.818488125744178,124
8.865561158451154,124
8.912575368824317,124
8.959531438591792,124
9.006430038305833,124
9.053271816166951,124
9.155057416352346,124
9.201787457856252,124
9.248462555053546,124
9.295083303990676,124
9.34165028953822,124
9.38816408166559,124
9.434625242891624,124
9.481034320833997,124
9.527391851934508,124
9.628698364886358,124
9.674954366925077,124
9.721160371842696,124
9.767316871377542,124
9.812995937707736,124
9.858650554957702,124
9.904280838611438,124
9.949886911603524,124
9.99546888569267,124
10.041026880088165,124
10.086561006548717,124
10.132071380558326,124
10.1775581138757,124
10.223021318259551,124
10.323461105170562,124
10.368434456231906,124
10.41340780729325,124
10.513381158056571,124
10.613354508819892,124
10.658327859881236,124
10.70330121094258,124
10.748274562003925,124
10.793247913065269,124
10.838221264126611,124
10.883194615187955,124
10.9281679662493,124
11.028141317012622,124
11.071626563611344,124
11.115111810210063,124
11.21359705651076,124
11.25708230310948,124
11.300567549708202,124
11.344052796306922,124
11.387538042905645,124
11.431023289504363,124
11.474508536103084,124
11.517993782701804,124
11.561479029300523,124
11.604964275899246,124
11.703449522199945,124
11.746934768798663,124
11.790420015397384,124
11.833905261996104,124
14.58737186813624,124
14.632765141370609,124
14.678135321530416,124
14.778482512625768,124
17.873334006461217,124
21.372021788340096,124
25.158925968785447,124
27.799071352996325,124
30.76475434027792,124
30.896561389831746,124
30.97278346587087,124
31.0484818949014,124
31.17870635634476,124
31.245296014161724,124
31.31171408651407,124
31.36901514844978,124
31.42631621038549,124
31.5386172723212,124
31.59591833425691,124
31.653219396192625,124
31.71052045812833,124
0.1000728384154291,125
0.1966799409280585,125
0.291259717900147,125
0.3844010845099767,125
0.4764267333632352,125
0.5100407727843168,125
0.5839046665316465,125
0.656477583277786,125
0.6697943161090854,125
0.6809848553350213,125
0.7478383785894158,125
0.7566968795692566,125
0.7618788114598039,125
0.7624208892195503,125
0.7569644933066348,125
0.7428703762090783,125
-0.286065533062162,125
0.1000728384154291,126
0.1892906949418039,126
0.2734379694359751,126
0.358122438241765,126
0.4424149394529314,126
3.124333798934743,126
3.220879413236901,126
3.3163842484848947,126
3.3560280688600987,126
3.449937585790679,126
3.5436089598136395,126
3.58239799370341,126
3.621307514657304,126
3.660340499182269,126
3.6995000727968654,126
3.738789521207139,126
3.778212312658354,126
3.817772097935006,126
3.8574727364378414,126
3.8973183148103208,126
3.992313150365874,126
4.032461851884648,126
4.07276929547362,126
4.113240689088627,126
4.153881590862795,126
4.194697950084731,126
4.290026936729475,126
4.3305849731462445,126
4.371383056093976,126
4.4124332927661385,126
4.453749079306647,126
4.550345312853381,126
4.647238660653159,126
4.689447905917689,126
4.731994357009455,126
4.774902410854622,126
4.81820027162604,126
4.916920919020697,126
4.961103435655161,126
5.0057948641972985,126
5.051052935470864,126
5.0953332894044365,126
5.140202555854842,126
5.240739483435675,126
5.287047162701413,126
5.334266450305506,126
5.437601458330676,126
5.48737487201862,126
5.539175611038729,126
5.649442087908312,126
5.712755758364722,126
5.776069428821131,126
5.839383099277541,126
5.957696769435927,126
6.021010439892336,126
6.1393241100507225,126
6.202637780507132,126
6.265951450963541,126
6.329265121419951,126
6.39257879187636,126
6.45589246233277,126
6.574206132491156,126
6.6375198029475655,126
6.700833473403975,126
6.764147143860384,126
6.827460814316794,126
6.890774484773203,126
6.954088155229613,126
7.017401825686022,126
7.1357154958444085,126
7.199029166300818,126
7.262342836757227,126
7.325656507213637,126
7.388970177670046,126
7.452283848126456,126
7.515597518582865,126
7.578911189039275,126
7.642224859495684,126
7.76053852965407,126
7.82385220011048,126
7.887165870566889,126
8.005479540725275,126
8.068793211181685,126
8.132106881638094,126
8.195420552094504,126
8.258734222550913,126
8.322047893007323,126
8.385361563463732,126
8.503675233622118,126
8.566988904078528,126
8.630302574534937,126
8.748616244693324,126
8.811929915149733,126
8.875243585606142,126
8.993557255764529,126
9.056870926220938,126
9.120184596677348,126
9.183498267133755,126
9.246811937590168,126
9.310125608046576,126
0.1000728384154291,127
0.2151243381986281,127
0.3301758379818272,127
0.4452273377650263,127
0.5607788375482254,127
0.6763303373314244,127
0.7918818371146235,127
0.9074333368978224,127
1.0195191007782218,127
1.1350706005614208,127
1.2506221003446198,127
1.3557763924194195,127
2.104613235214876,127
3.265156788413788,127
3.3305537888473897,127
3.395950789280992,127
3.5163477897145934,127
5.58401551241662,127
7.262738490054865,127
9.740195824722017,127
12.126452317394207,127
14.516162856023566,127
16.908852679152137,127
19.89383799870028,127
22.82520526493067,127
24.077540453060127,127
24.168216162959304,127
24.311353847268585,127
24.39789926292228,127
24.48323886829188,127
24.56760769358928,127
24.65116392423919,127
24.734021345177226,127
24.8162657545048,127
24.897964167372542,127
24.979170379876223,127
25.059928531586458,127
25.140275492805507,127
25.220242524489667,127
25.299856468337754,127
25.379140622346885,127
25.458115399337423,127
25.589033496139603,127
25.66540645183281,127
25.742279824818805,127
25.874709325980348,127
25.95276464285666,127
26.03153546395118,127
26.109769643051667,127
26.189007175629463,127
26.269501280348663,127
26.35167774625097,127
26.43640834027211,127
26.526631995736587,127
26.620321387103864,127
26.714010778471145,127
26.80770016983842,127
26.901389561205697,127
27.05007895257297,127
27.14376834394025,127
27.23745773530753,127
27.386147126674807,127
27.479836518042084,127
27.57352590940936,127
27.66721530077664,127
27.76090469214392,127
27.909594083511195,127
28.003283474878472,127
28.09697286624575,127
28.190662257613027,127
28.284351648980305,127
28.378041040347583,127
28.47173043171486,127
28.620419823082138,127
28.71410921444941,127
28.807798605816693,127
28.90148799718397,127
28.995177388551248,127
29.08886677991853,127
29.182556171285803,127
29.27624556265308,127
29.36993495402036,127
29.46362434538764,127
29.55731373675492,127
29.70600312812219,127
29.79969251948947,127
29.948381910856742,127
30.097071302224023,127
30.1907606935913,127
30.28445008495858,127
30.433139476325856,127
30.526828867693133,127
30.67551825906041,127
30.76920765042769,127
30.86289704179497,127
30.956586433162244,127
31.05027582452952,127
31.1439652158968,127
31.29265460726408,127
31.38634399863136,127
0.1000728384154291,128
0.2081928663930287,128
0.3142855688300875,128
0.4189398609048874,128
0.4778775409525288,128
0.5918152210001703,128
0.6889617022757287,128
0.7844738390927072,128
0.8773904693011995,128
2.078961814630484,128
2.1269208778326267,128
2.2108787138645405,128
2.246820240158295,128
2.2834918115918392,128
2.316899373072838,128
2.40143120928452,128
2.481200880247807,128
2.500306942376947,128
2.525576609063601,128
2.550846275750255,128
2.576115942436909,128
3.3581706647460217,128
3.3950505655889267,128
3.4347050663714165,128
3.529359566855883,128
4.266756701159929,128
4.31295133276627,128
4.406098781961655,128
4.452293413567995,128
4.5534880486016025,128
4.644285480368589,128
4.745480115402197,128
4.791674747008537,128
4.889403647619938,128
4.990598282653545,128
5.036792914259886,128
5.119477475870108,128
6.308380926835989,128
6.35263092710421,128
6.451880930799698,128
6.496130931067919,128
6.595380934763407,128
6.639630935031628,128
6.738880938727116,128
6.821880794007038,128
7.967146015602802,128
8.013798980850433,128
8.060451946098064,128
8.107104911345695,128
8.153757876593327,128
8.200410841840958,128
8.247063807088589,128
8.29371677233622,128
8.34036973758385,128
8.387022702831482,128
8.433675668079113,128
8.480328633326744,128
8.526981598574375,128
8.573634563822006,128
8.620287529069637,128
8.666940494317268,128
8.7135934595649,128
8.76024642481253,128
8.806899390060162,128
8.853552355307793,128
8.900205320555424,128
8.946858285803055,128
8.993511251050686,128
9.040164216298315,128
9.086817181545948,128
9.13347014679358,128
9.18012311204121,128
9.22677607728884,128
9.328429042238447,128
9.430082007188055,128
9.476734972435688,128
9.578387937385296,128
9.625040902632929,128
9.726693867582537,128
9.773346832830166,128
9.819999798077797,128
9.866652763325428,128
9.91330572857306,128
9.95995869382069,128
10.00661165906832,128
10.108264624017927,128
10.15491758926556,128
10.201570554513191,128
10.3032235194628,128
10.34987648471043,128
10.39652944995806,128
10.443182415205692,128
10.5448353801553,128
10.591488345402931,128
10.69314131035254,128
10.73979427560017,128
10.7864472408478,128
10.888100205797407,128
10.989753170747017,128
11.036406135994648,128
0.1000728384154291,129
0.1966799409280585,129
0.291259717900147,129
0.3844010845099767,129
0.4764267333632352,129
0.567540774432524,129
0.5889046620159563,129
0.6629496742897508,129
0.678717479607641,129
0.6901277761395861,129
0.7569756563153767,129
0.8208838866954379,129
0.829792117075499,129
0.8387003474555602,129
0.8476085778356214,129
0.9115168082156826,129
0.9737453798392464,129
0.981723950486784,129
0.9897025211343218,129
1.6968252046594072,129
3.3301858289727617,129
3.408905571568911,129
3.477226576078837,129
4.192019364107554,129
4.270200958717768,129
4.348357109595244,129
4.426412752140467,129
4.504369868207877,129
4.528860239554351,129
4.553450117129986,129
5.735594878215497,129
5.819000737983887,129
7.64611651213855,129
7.736269707102482,129
7.826427782196705,129
7.916152687985604,129
9.39524039836616,129
11.572610469777292,129
11.67049911083669,129
11.76834807010383,129
11.865927728135294,129
13.351808818299478,129
13.451286437232202,129
15.579621913153831,129
17.935164811331934,129
20.765733840186304,129
23.31202209206313,129
23.42886229069919,129
26.637075948761577,129
29.714179263045875,129
31.93346755712804,129
33.422412658260626,129
35.60572006667787,129
35.76458593341528,129
35.923451800152684,129
37.41419500863724,129
37.57364385600189,129
37.73309270336655,129
39.44768684571837,129
39.5528430756361,129
39.65799930555382,129
39.81815553547155,129
42.003839269553765,129
43.90262118485074,129
45.95642999722414,129
47.91181202093872,129
49.96715985004168,129
50.13159753008932,129
51.90603717309154,129
53.40277418803192,129
53.5682168418524,129
55.62532035192618,129
55.73651371294464,129
55.90270707396309,129
56.01390043498155,129
56.12509379600001,129
56.29128715701847,129
58.19486341929296,129
59.40559763095685,129
59.51771955395263,129
59.684841476948414,129
59.8519633999442,129
62.32265761884381,129
62.43576674474938,129
62.59033561964944,129
64.6500201679493,129
66.55610848503018,129
67.76932162582703,129
67.93892247795577,129
68.05352333008452,129
68.20256981289239,129
69.92705448068166,129
71.65197607918981,129
71.76745976526387,129
71.93794345133792,129
72.10842713741197,129
72.27891082348602,129
73.54826479798513,129
73.71900648381612,129
76.19317177315365,129
0.1000728384154291,130
0.1966799409280585,130
0.291259717900147,130
0.3819010898059507,130
3.428492610115399,130
3.528998476225724,130
3.626415502983918,130
3.670207534689297,130
3.7139995663946768,130
3.812791590351453,130
6.910050158161511,130
10.66820233624333,130
14.733576637549676,130
17.703667202369886,130
17.775892577813934,130
17.84739670521376,130
17.97327062900911,130
18.09858496322344,130
18.168396079808872,130
18.237750025364505,130
18.361685121504813,130
18.48523375927361,130
18.553423677518115,130
18.61151577927761,130
18.66797485524231,130
18.72428334409469,130
18.780445648846147,130
18.8364659223268,130
18.892348087920908,130
18.948095858072257,130
19.003712750851584,130
19.059202104833176,130
19.11456709249104,130
19.169810732294334,130
19.224935899656163,130
19.27994533686853,130
19.33484166213808,130
19.3896273778222,130
19.499419532657235,130
19.55421813494642,130
19.609023193014423,130
19.66351377986837,130
19.772997919268168,130
19.88247561951704,130
19.936946888896863,130
19.991411735668223,130
20.04587016807052,130
20.100322194322032,130
20.15476782262002,130
20.209207061140777,130
20.26236859443792,130
20.31553012773505,130
20.4236916610322,130
20.476853194329333,130
20.530014727626472,130
20.63817626092361,130
20.74633779422075,130
20.85449932751789,130
20.907660860815028,130
20.960822394112167,130
21.013983927409303,130
21.067145460706445,130
21.120306994003585,130
21.173468527300724,130
21.226630060597863,130
21.279791593895,130
21.33295312719214,130
21.44111466048928,130
21.49427619378642,130
21.54743772708356,130
21.600599260380697,130
21.65376079367784,130
21.706922326974976,130
21.815083860272114,130
21.923245393569253,130
21.976406926866392,130
22.02956846016353,130
22.08272999346067,130
22.13589152675781,130
22.18905306005495,130
22.242214593352088,130
22.295376126649227,130
22.348537659946366,130
22.401699193243505,130
22.454860726540645,130
22.508022259837784,130
22.616183793134923,130
22.66934532643206,130
22.7225068597292,130
22.77248493903287,130
22.822463018336546,130
22.872441097640213,130
22.918236716834272,130
22.96403873398186,130
23.000481445931207,130
23.03693057283045,130
23.073386122130167,130
23.164848100982915,130
23.201316521160614,130
23.237791386090528,130
0.1000728384154291,131
0.1966799409280585,131
0.287259181607179,131
0.3725818522457402,131
0.4019011683944982,131
0.4219763312671702,131
0.4965656805966418,131
0.5157122571204227,131
0.5894521061513942,131
0.6096354719434303,131
0.6294353749785941,131
0.7055185731683296,131
0.7827282618914169,131
0.859573647025637,131
2.329324051383547,131
2.412655464950613,131
2.495793617907576,131
2.578677676263861,131
2.6065843083147326,131
2.689313141274861,131
2.772772190738133,131
2.8012532197121898,131
2.8297563247565547,131
2.91315001027625,131
2.9416310392503062,131
3.025134143996648,131
3.108659421670846,131
3.137206971291117,131
3.16577689127963,131
3.1943692840818683,131
3.2229842502806703,131
3.306356344017796,131
3.389289635810665,131
5.730086583289913,131
5.8230013657544175,131
8.265624981019311,131
8.364882025513463,131
10.978083882126622,131
13.570304426941686,131
16.165820154938512,131
19.22165993193131,131
19.3363879431222,131
22.62479801521592,131
24.77516401725413,131
24.90132450963536,131
24.972248762212136,131
25.09792296268604,131
26.961705911577404,131
28.13306357058924,131
28.20598077915048,131
28.279075942437235,131
28.407355628508668,131
28.48082690890161,131
28.554497418837293,131
28.62458121196874,131
28.694706157595867,131
28.76487259723707,131
28.83508087812662,131
28.905331353359404,131
28.967052663378897,131
29.02196269359488,131
29.07706413667697,131
29.13236461084384,131
29.187872367613497,131
29.24359637375969,131
29.29954640816945,131
29.35573317360181,131
29.412168438248816,131
29.468865199648324,131
29.57930222775835,131
29.690112567209187,131
29.74632635217208,131
29.80297901358504,131
29.860112814866486,131
29.913896406703177,131
29.96814009424347,131
30.022890544198933,131
30.07820496957797,131
30.1341551716258,131
30.19083393242258,131
30.248365821950618,131
30.306926971935216,131
30.36678567778367,131
30.428401375823203,131
30.492749790363494,131
30.563594619445983,131
30.639932508282843,131
30.716270397119704,131
30.792608285956565,131
30.868946174793425,131
30.94528406363029,131
31.021621952467147,131
31.097959841304007,131
31.174297730140868,131
31.25063561897773,131
31.381973514967147,131
31.458311403804007,131
31.589649299793425,131
31.66598718863029,131
31.742325077467147,131
0.1000728384154291,132
0.1416799409280584,132
0.236259717900147,132
0.2767511026562053,132
0.3634149578226956,132
0.4467189160002621,132
0.531870133878127,132
0.6165862974537762,132
0.7031455409540089,132
0.7364688922478112,132
0.8180000443769845,132
0.8464165606362971,132
0.9238976740105304,132
0.9518121757371576,132
1.036344011948839,132
1.061113677622214,132
1.0797197406007202,132
1.1446045745922475,132
0.1395212520672233,132
0.1000728384154291,133
0.1966799409280585,133
0.291259717900147,133
0.3844010845099767,133
0.4739267394219716,133
0.5075407788430532,133
0.5814046725903829,133
0.6509923130546887,133
0.7165579736505826,133
0.7828225210582097,133
1.9534899309550604,133
3.827896864739545,133
3.910361462858804,133
3.982436673370489,133
5.39741696569074,133
7.5137404367600755,133
7.60508740100015,133
9.0816310659324,133
10.506360770789271,133
13.261368037787564,133
13.363002301779874,133
13.464160026637204,133
15.64755851182092,133
18.593005241480952,133
21.911547721949702,133
25.697678256019632,133
29.19585105573799,133
30.65761297362385,133
30.787262202892475,133
30.916076161737784,133
32.43109432965579,133
34.16931991845488,133
34.29758079224158,133
34.42529871309092,133
35.596564327606046,133
35.723755430790455,133
37.93089575322279,133
38.05812503764296,133
38.87831057759472,133
40.10100899276557,133
40.22470992887687,133
42.140599494699686,133
42.26440873062937,133
44.46832865415779,133
44.57927279858556,133
47.6419414386896,133
49.70691583633658,133
49.82565357675198,133
51.88636496057156,133
52.000979402562415,133
54.88855574419144,133
56.889815547963416,133
57.00002474476937,133
59.94563407590035,133
63.19655937840584,133
64.698543855449,133
64.81450223316793,133
66.31701826443319,133
67.81978892674093,133
67.93612472107057,133
69.15163914253358,133
69.26840473850612,133
71.6889519854391,133
73.75334455212001,133
73.87166585167293,133
75.59974111755733,133
75.71824190159683,133
75.83660978217964,133
75.95484819402341,133
76.07050356408004,133
78.82656726380233,133
80.33014938374404,133
80.44699834426288,133
82.35605727275257,133
82.47321602841262,133
83.22859665890579,133
83.34572449465637,133
83.46274887164478,133
84.96633266051654,133
87.28153418143634,133
87.39942544092779,133
87.51723230024223,133
90.27549755712394,133
92.34108674665336,133
92.45395121117475,133
93.66595932980422,133
94.87828192253951,133
94.99188585718515,133
97.18579383333568,133
99.0923791690672,133
99.20712366094236,133
102.02755179395322,133
102.13037821789626,133
104.87493178387528,133
107.69094798107986,133
107.7988792075718,133
108.60041743656043,133
110.09569555660131,133
111.53654366870764,133
113.3836801662052,133
0.1000728384154291,134
0.1966799409280585,134
0.3117314407112576,134
0.4267829404944566,134
0.538368704374856,134
0.6436906534127784,134
0.7312766316227508,134
0.8162392380528045,134
1.6019026043705535,134
1.691668525605638,134
3.988392845063646,134
4.085706562071283,134
6.437527984648187,134
6.5399810525469375,134
9.07746665206476,134
11.384415790706118,134
11.491356484859429,134
13.948831395594732,134
17.064110630766983,134
20.131449479626745,134
23.5542055206222,134
25.76075156440092,134
25.886753699886004,134
28.09261508364662,134
29.82845888532153,134
29.954191386939577,134
30.024269852651024,134
30.093770023052915,134
30.162751903042007,134
30.23126420742599,134
30.35434727511253,134
30.42203505933196,134
30.489356533338466,134
30.61145990423259,134
31.83239098366271,134
31.899501519440243,134
32.021412128534706,134
32.088201724946074,134
32.15487316841164,134
32.221429186622174,134
32.34287238416169,134
32.409205250657934,134
32.475430168229,134
32.54154941830022,134
32.60756518785677,134
32.67347957518898,134
32.794294595180894,134
32.8600121841866,134
32.92563420453363,134
32.99116244868851,134
33.056598643115514,134
33.12194445185634,134
33.18720147985559,134
33.25237127605402,134
33.31745533626977,134
33.42664700621316,134
33.480806684129576,134
33.532235422025195,134
33.58363586894835,134
33.63500818407464,134
33.68635252479851,134
33.73766904676301,134
33.78895790388883,134
33.84021924840275,134
33.891453230865444,134
33.99766000019869,134
34.04883970371199,134
34.09999248712859,134
34.151118494610984,134
34.25721786878585,134
34.30829075076846,134
34.35933728018657,134
34.410357595203855,134
34.46135183254276,134
34.51232012750697,134
34.56326261400337,134
34.614179424563574,134
34.665070690364985,134
34.71593654125146,134
34.76677710575353,134
34.817592511108245,134
34.868382883278585,134
34.9191483469725,134
34.96988902566159,134
35.02060504159938,134
35.071296515839286,134
35.12196356825216,134
35.16245828786967,134
35.202934481030184,134
35.29840498752532,134
35.33886981381535,134
35.37932896634591,134
35.47478245154801,134
35.51523027583809,134
35.55567244561811,134
35.59610896727552,134
35.63653984718339,134
35.67696509170042,134
35.71738470717097,134
35.81279869992516,134
0.1000728384154291,135
0.1966799409280585,135
0.2397254538029467,135
0.2847982922183759,135
0.3870250452142673,135
0.4890362939919553,135
0.5965406042129838,135
0.6570921039961829,135
0.717643603779382,135
0.8331951035625811,135
0.94874660334578,135
1.064298103128979,135
1.1248496029121782,135
1.1854011026953772,135
1.3009526024785762,135
1.361504102261775,135
1.4220556020449744,135
1.5376071018281734,135
1.6531586016113724,135
1.7687101013945714,135
1.8817616052912849,135
3.605005795507349,135
3.7070551834987775,135
3.8078839130686895,135
4.603909844903864,135
4.706097813694395,135
6.422920914738096,135
6.529267931728281,135
8.432851935176767,135
10.632084513454355,135
10.743129531292832,135
13.345156232266344,135
16.18517854299111,135
16.32914012897766,135
19.19494097668941,135
19.343153102161374,135
22.66056381904725,135
24.20113552823677,135
24.3554128763064,135
24.509690224376023,135
24.663967572445653,135
24.804078853795,135
24.95853791609738,135
25.806503088191064,135
25.96149834376304,135
27.44848289093072,135
28.297659557005627,135
28.45385672462097,135
29.709161595337434,135
29.86585417738579,135
30.022546759434142,135
30.179239341482496,135
32.4166418387951,135
34.36726717476056,135
36.4730533598577,135
36.615297593276445,135
37.85484885951048,135
37.991557722768505,135
38.12614217005671,135
38.258124641971,135
39.99992221944155,135
40.1302106604992,135
42.053052360756055,135
42.17630075906004,135
42.30462392684921,135
42.37846301581956,135
42.50754714268543,135
44.24750100424246,135
45.07244926114475,135
45.20536605524366,135
45.33515161695228,135
48.1749607890742,135
48.30431539358649,135
49.07212519409397,135
49.20068562809292,135
50.373285306559744,135
50.43405301676864,135
50.54960506217355,135
53.17765133635873,135
53.934417476819696,135
54.0526961963045,135
54.17109265731448,135
56.99971690581912,135
57.12066606240148,135
57.23960299597854,135
60.35703940497512,135
60.47834014700526,135
62.54653453634853,135
63.36236744927043,135
63.48489936249131,135
63.60702407168025,135
65.62101471232052,135
65.74388970987673,135
67.25369968073244,135
67.3756896759736,135
67.48887459741707,135
68.93390624033088,135
71.76828686700935,135
71.83051787869806,135
71.89323043631191,135
0.1000728384154291,136
0.2151243381986281,136
0.3301758379818272,136
0.4452273377650263,136
0.5607788375482254,136
0.6763303373314244,136
0.7918818371146235,136
0.9074333368978224,136
1.0229848366810217,136
1.0810363334251774,136
1.1390878301693332,136
1.1971393269134891,136
1.255190823657645,136
1.3132423204018009,136
1.3712938171459568,136
1.4293453138901129,136
1.542396817786826,136
1.6004483145309818,136
1.6584998112751377,136
1.7165513080192936,136
1.7746028047634494,136
1.832654301507605,136
1.8907057982517608,136
1.948757294995917,136
2.006808791740073,136
2.064860288484229,136
2.1229117852283848,136
2.235963289125098,136
2.294014785869254,136
2.3520662826134098,136
2.4101177793575657,136
2.468169276101721,136
2.526220772845877,136
2.5842722695900333,136
2.642323766334189,136
2.7553752702309025,136
2.8134267669750583,136
2.871478263719214,136
2.92952976046337,136
2.987581257207526,136
3.045632753951682,136
3.1036842506958378,136
3.216735754592551,136
3.27728725437575,136
3.337838754158949,136
3.398390253942148,136
3.5139417537253474,136
4.673265446047125,136
4.733976837317286,136
4.794688228587447,136
4.910399619559584,136
4.971111010829745,136
5.031822402099905,136
5.092533793370066,136
5.208245184342204,136
5.268956575612364,136
5.329667966882525,136
5.3903793581526855,136
5.451090749422846,136
5.511802140693007,136
5.572513531963168,136
5.633224923233328,136
5.693936314503489,136
5.75464770577365,136
5.870359096745787,136
5.931070488015948,136
5.991781879286108,136
6.052493270556269,136
6.11320466182643,136
6.17391605309659,136
6.234627444366751,136
6.295338835636912,136
6.411050226609049,136
6.47176161787921,136
6.532473009149371,136
6.593184400419531,136
6.653895791689692,136
6.714607182959853,136
6.775318574230013,136
6.836029965500174,136
6.951741356472311,136
7.012452747742472,136
7.073164139012633,136
7.133875530282793,136
7.194586921552954,136
7.255298312823115,136
7.3160097040932754,136
7.376721095363436,136
7.437432486633597,136
7.553143877605734,136
7.613855268875895,136
7.674566660146056,136
7.790278051118193,136
7.850989442388354,136
7.911700833658514,136
8.027412224630652,136
8.14312361560279,136
8.20383500687295,136
8.26454639814311,136
8.325257789413271,136
0.1000728384154291,137
0.1966799409280585,137
0.291259717900147,137
0.3844010845099767,137
0.4654910132562001,137
0.547636756328233,137
0.6291730493580182,137
0.6551661767338594,137
0.6806694023584207,137
0.7511840440605958,137
0.8204924814676126,137
0.8279122837160905,137
0.8351111110572894,137
0.8933036547427257,137
0.9518941525642952,137
0.9554343993117292,137
1.0139248954405269,137
1.0174402041633803,137
1.020980450910815,137
1.0198087819193682,137
1.0186878748976818,137
1.0176182503386593,137
1.0716004411264517,137
1.0706349869764602,137
1.0697224434156165,137
1.0688633762805917,137
1.0680583637480816,137
1.0673079965676373,137
1.0666128785855329,137
1.065973627035805,137
1.0653908732969506,137
1.0648652630083455,137
1.0643974568560446,137
1.0639881309220294,137
1.0636379772662845,137
1.1183477060734952,137
1.1181180401803652,137
1.1729497275413672,137
1.1728435246954398,137
1.1728002157801023,137
1.1728206019947032,137
1.1729055052314146,137
1.1730557688610357,137
1.1732722586352105,137
1.1735558635304408,137
1.1739074966503034,137
1.1743280963604996,137
1.174818627336594,137
1.1753800814371282,137
1.2310134810726816,137
1.286719874046343,137
1.2875003412813606,137
1.2883559979131172,137
1.2892879919131013,137
1.2902975069340976,137
1.2913857636489632,137
1.3475540255644085,137
1.3488035866507055,137
1.3501357942335963,137
1.4065520375483396,137
1.40805375282473,137
1.4096424268540653,137
1.4113195986469005,137
1.413086863093144,137
1.4149458730575355,137
1.4168983438034268,137
1.473946057351372,137
1.476090859480268,137
1.478334674703023,137
1.5356795062293025,137
1.5381274315044942,137
1.5956806259677472,137
1.5982338181678863,137
1.6008945415709823,137
1.6586651626025053,137
1.7165481458400105,137
1.719546075536004,137
1.7226616578158649,137
1.7808977277931484,137
1.784257260708204,137
1.842743383346192,137
1.846359382940522,137
1.8501087237131508,137
1.8539950592425376,137
1.8580222493950933,137
1.862194377088985,137
1.866515769714556,137
1.8709910205547424,137
1.875625014862112,137
1.8804229582641927,137
1.8853904093597744,137
1.8905333169718,137
1.895858062988213,137
1.9013715107907267,137
1.9070810620655032,137
1.9129947233927165,137
1.9191211826150032,137
1.9254699005727385,137
1.93205121867179,137
1.9388764874060365,137
0.1000728384154291,138
0.1966799409280585,138
0.291259717900147,138
0.3294010845099767,138
0.4214267333632353,138
0.513040774432524,138
0.6038840621026766,138
0.6395518931737728,138
0.7299512033500097,138
0.8204829716034815,138
0.9111508026745776,138
1.001750139523883,138
1.034987414260049,138
1.1231552455617382,138
1.156680369753976,138
1.2451319638682796,138
3.13175248541369,138
3.225985417146821,138
3.3196603972507908,138
4.802161308009763,138
6.794200273234983,138
6.895298527557989,138
6.9961008299185234,138
7.097005369146009,138
9.98423600383534,138
10.092394018550058,138
13.151041412730356,138
16.673041487116954,138
16.78591451235547,138
19.79356154986157,138
19.910778159279964,138
20.02699141391053,138
20.141905741770408,138
20.255569653589863,138
22.567809062082908,138
25.20000992591536,138
28.461548780583858,138
28.58722371009621,138
31.198995182562665,138
32.935887506720746,138
34.80101908301731,138
34.92914069047556,138
37.13780355429895,138
37.26638675681504,138
39.59309946820975,138
39.71593647109778,138
40.47713953792542,138
40.59987195813239,138
43.669659702840114,138
45.34990877293861,138
45.47549631610303,138
47.15595957240937,138
47.28175834030056,138
47.352375108516505,138
47.47775353373822,138
47.60282175075525,138
49.67443220559768,138
51.87546865884475,138
54.48809774607013,138
54.603205237682566,138
54.71813773005794,138
54.83270787834714,138
56.68477987885069,138
56.79996097474884,138
56.91460130005668,138
58.76613662033866,138
58.88074800759147,138
60.55537520153971,138
62.28568369780078,138
62.40650294647455,138
62.527188652314905,138
64.20209389100788,138
64.32248094310273,138
64.37810387094726,138
64.4337292127799,138
64.48935697232594,138
64.5962608233582,138
67.13532308493961,138
67.18945058440079,138
69.37630900000443,138
71.91581758116592,138
71.97041479130496,138
72.02500736718287,138
74.62138378625025,138
74.67720208321919,138
74.73307187860121,138
74.78899370883812,138
75.59822222168776,138
75.70705687578055,138
75.76091960768434,138
75.8148105735633,138
75.86872993733022,138
78.46437035824391,138
78.5208217571232,138
78.57729449819061,138
81.46352520535919,138
81.5222169453952,138
81.58095890979502,138
81.63826259921524,138
81.6956101278517,138
0.1000728384154291,139
0.1966799409280585,139
0.2958411715595178,139
0.3946021886526095,139
0.4894636121706471,139
0.5839800713312501,139
0.6232257770927168,139
0.7168038258910607,139
0.7505429568350743,139
0.8384639429510068,139
1.5657444405019711,139
1.6541187199414205,139
1.7442091586649846,139
1.828171360737128,139
1.9116734671056697,139
3.894781629985614,139
3.986372794455333,139
4.077860388404174,139
4.168744842952533,139
6.698900740093036,139
9.697403709834855,139
13.03226808781032,139
16.538790211644027,139
20.50159932639243,139
23.581634149886764,139
23.715584657771583,139
25.738733461672915,139
28.70524805545177,139
31.404017577547656,139
31.536935300303448,139
34.561156938798085,139
34.68901159931027,139
37.30269388692098,139
37.4308882858472,139
37.55856203171713,139
39.63251279614252,139
41.90335143621788,139
42.031519988148034,139
44.40795095140462,139
44.53639210043321,139
44.66442551563704,139
44.79205123868811,139
46.99963030164981,139
49.5263801666732,139
51.9034026035511,139
54.543603494721786,139
54.666180548235324,139
54.78850758800764,139
56.80235032595315,139
56.925047396874525,139
59.245781097944494,139
61.26074756087494,139
61.38457534688605,139
63.99435995150061,139
66.3676581805617,139
66.49316636990608,139
66.61846044027908,139
68.8237760187668,139
68.94357614750345,139
69.06324063982454,139
69.18277307820848,139
69.30218211929544,139
71.56479201141369,139
71.68503449555922,139
72.90412352204834,139
73.71786418721182,139
73.83835608551921,139
75.05770268034814,139
75.1783341240097,139
76.39781667208972,139
78.0735764781405,139
78.19478802343278,139
79.70261597296499,139
79.82403915754604,139
81.68274522840113,139
81.80468921236967,139
83.31323114063048,139
83.43535311541396,139
85.34973024938618,139
85.4722313865976,139
87.33198178690877,139
87.4548767986756,139
87.57767769664666,139
89.43771438478635,139
89.5600288058658,139
91.98580002490682,139
92.10890282005904,139
92.23190833487672,139
94.48790003218812,139
96.3938901559369,139
96.50803089746398,139
98.2370170190945,139
100.14889926375244,139
102.66797558304086,139
102.78815420911572,139
104.29496104625116,139
106.75939644955338,139
106.86696591310442,139
106.9744868286723,139
108.973767042982,139
0.1000728384154291,140
0.1966799409280585,140
0.236259717900147,140
0.3294010845099767,140
0.3664267333632353,140
0.4575407744325241,140
0.5351104723000408,140
0.6111506556627248,140
0.6794916873332951,140
0.7455690687057469,140
1.5112676804420446,140
1.5770282184240316,140
1.5893084600102996,140
1.5946960903239344,140
1.6544989726972674,140
2.360547103686342,140
2.373406900791536,140
2.3862258808222507,140
2.399004375329325,140
2.4117427084130143,140
2.4244412013796066,140
2.4371001680848097,140
2.449719918659041,140
2.4623007585761045,140
2.4748429886531924,140
2.4873469041195606,140
2.5548127905932163,140
2.6208659501281475,140
2.683821761747906,140
2.6888462000061666,140
2.6893477917766107,140
2.683849902183367,140
2.6698405326461327,140
1.69599087844844,140
0.1000728384154291,141
0.1971799409280585,141
1.9065431309846503,141
4.498146610693549,141
7.094042959259308,141
10.20201213826127,141
10.312747341362623,141
10.422329232545334,141
10.530974609292324,141
13.208388186451932,141
13.320408515340496,141
13.432297100080577,141
16.25654075995697,141
19.0151177502421,141
19.134766982355803,141
21.822120542966257,141
24.838057183366907,141
26.06224814188988,141
26.18735218725684,141
26.311917882696264,141
27.12956888705588,141
27.25390747158532,141
27.378086103404097,141
27.502109741262785,141
27.62598304567848,141
28.848807057094387,141
28.972857040672856,141
29.096629712697418,141
29.214404515704675,141
29.33169748519224,141
29.448478987103755,141
31.965122909434307,141
32.083530568078714,141
33.300911824958355,141
34.80655094909959,141
36.31273126673396,141
36.43255932989613,141
36.55250047480321,141
36.672434038207705,141
36.78912405010893,141
38.00495108008023,141
38.12205843935529,141
40.72608251102947,141
41.94417807136626,141
42.06355884104679,141
42.18267712378505,141
42.30143562259321,141
44.31215433863266,141
45.07035650941696,141
46.28937745302854,141
46.37804882517485,141
48.97907809012803,141
50.70540303636284,141
50.822182488838415,141
52.27091802853942,141
53.02680637622709,141
53.08950659681115,141
53.15216620345349,141
53.26972349335831,141
54.48628822145261,141
56.159434832496615,141
56.27808823492405,141
56.39665774276583,141
56.515019481408615,141
57.32681696267945,141
57.445411970567775,141
58.95091306239684,141
59.07003026171424,141
59.88258644967429,141
60.0017328310698,141
61.67603737656795,141
61.79580828700466,141
61.91547299875887,141
62.02179855807694,141
62.12808265491398,141
62.234858907302936,141
64.36747852667244,141
64.42083122908147,141
64.52912845789464,141
65.33090659557851,141
65.38454088150533,141
65.43817852019342,141
65.54681951134475,141
65.60046385928067,141
65.70927236928614,141
65.76308255597027,141
65.81689442276033,141
65.92567111878665,141
65.97960852040919,141
66.03290574952038,141
66.14120966895493,141
66.24948854698809,141
66.30296191527518,141
66.35646384908827,141
66.40999451234015,141
66.46355407266887,141
66.5171426977125,141
66.5707605588344,141
66.6244078273979,141
66.67808467476638,141
0.1000728384154291,142
0.1966799409280585,142
0.291259717900147,142
0.3299010845099767,142
0.4224267333632353,142
1.1542575892503806,142
1.2470995880034843,142
1.339221389905474,142
1.4307137905780185,142
1.4676124919803917,142
1.5599109655133627,142
1.6518948699192813,142
1.6887582865673043,142
1.7803326053608837,142
1.8717411631178784,142
1.897836190715972,142
1.923825951268076,142
1.9497126153841668,142
1.97549826596367,142
2.056184903406692,142
2.0780244494463926,142
2.100920191654158,142
2.170001065978003,142
3.5783715608205324,142
4.702825582274389,142
4.783548972257567,142
4.865359387048674,142
4.892169805863095,142
6.020564886429501,142
7.43988463530798,142
7.472895621010256,142
7.560807033130121,142
7.593789367624712,142
7.626843644925547,142
7.6599709155644895,142
7.693172263601017,142
7.726448799171639,142
7.759801673391056,142
7.84809338549633,142
8.982159848013115,142
9.01773903767128,142
9.053446440645647,142
9.144285431751204,142
9.18025956551094,142
9.271015907325936,142
10.407302404442024,142
10.445060613253307,142
10.4829042951252,142
10.520834936448528,142
10.613854071744871,142
10.651963303485108,142
10.690164281674814,142
10.783458715924215,142
10.876678242036297,142
12.016651405641031,142
13.501484169312906,142
15.156865014382792,142
17.15157104904313,142
19.51128709897957,142
21.768873628841632,142
21.88423558136748,142
24.34619475354622,142
24.4655099621005,142
26.93111983213086,142
29.77575971014636,142
29.84870996248841,142
29.977027727140435,142
31.661593710818764,142
33.53030098752317,142
34.9956423305049,142
35.129921912444914,142
35.961085914141265,142
36.0979870175211,142
37.79663262120655,142
38.99693749192301,142
39.15363007397137,142
39.94879394295607,142
40.05081063138081,142
40.20782731980556,142
42.31185188608003,142
42.46996630329918,142
42.628080720518334,142
44.73315018299426,142
44.83730949641488,142
44.99646880983549,142
47.04753518880853,142
48.817814395044216,142
48.96420383005633,142
50.16905831112682,142
51.940390558791606,142
52.10228489402229,142
53.65098156029862,142
53.79251192910558,142
55.82638348836333,142
55.96840463740825,142
57.20860588432656,142
58.447052251519054,142
60.141665845699535,142
60.28103275104986,142
62.445387219180674,142
0.1000728384154291,143
0.1966799409280585,143
0.291259717900147,143
0.3819010898059507,143
0.4677775546497007,143
0.5515968694871565,143
0.6353596865719457,143
0.6645934402531286,143
0.6823059401994844,143
0.7526991150861879,143
0.8215862743145128,143
0.8369644179528852,143
0.9048118635600706,143
0.9143671568071744,143
0.9195492079070112,143
0.9190874102987155,143
0.9105843206397995,143
-0.1124423841484083,143
0.1000728384154291,144
0.1966799409280585,144
0.291259717900147,144
2.4716490279737244,144
4.774373035377673,144
4.873774449772052,144
7.167136828846148,144
7.262632961816005,144
7.357775408274344,144
7.452797371393851,144
7.547988842672519,144
7.588355767971686,144
7.683904531842879,144
7.724641996866874,144
7.820575568324736,144
7.861713245010785,144
7.958063721156529,144
7.999636455870084,144
8.096241764223985,144
8.174519426620416,144
8.251152745879105,144
8.271115019417218,144
8.288987669593505,144
8.360709379858188,144
8.428381110972575,144
8.496460180229358,144
9.206002693123034,144
9.224917167297416,144
9.941306644550377,144
10.018691660336067,144
10.089603090158514,144
10.155606345704609,144
10.171104980132393,144
10.241755147895626,144
10.257561571395806,144
10.331003590917996,144
10.349697766325288,144
10.368657489738276,144
10.390102203435116,144
10.411793272442036,144
10.433743465191537,144
10.455966950825266,144
10.478479533887318,144
10.503285262233428,144
10.581939178950003,144
10.606497942901068,144
10.63149724291902,144
10.711979673675112,144
10.737996968871764,144
10.764613270259312,144
10.791910232475807,144
10.82180143470209,144
10.907931815332583,144
10.940713408834153,144
11.027381989604644,144
11.060862391686848,144
11.153924241161755,144
11.202383305377175,144
11.305842365569283,144
11.354301429784709,144
11.402760494000129,144
11.45121955821555,144
11.499678622430972,144
11.548137686646394,144
11.596596750861815,144
11.645055815077235,144
11.69351487929266,144
11.796973939484769,144
11.845433003700188,144
11.89389206791561,144
11.942351132131032,144
11.990810196346454,144
12.039269260561875,144
12.087728324777297,144
12.13618738899272,144
12.18464645320814,144
12.233105517423562,144
12.281564581638984,144
12.330023645854403,144
12.378482710069829,144
12.426941774285249,144
12.47540083850067,144
12.578859898692778,144
12.6273189629082,144
12.675778027123622,144
12.77923708731573,144
12.827696151531152,144
12.93115521172326,144
14.08282209137719,144
14.171875431633405,144
14.275334491825513,144
15.427001371479443,144
15.516054711735658,144
16.260841629898955,144
16.312481365597655,144
16.364121101296355,144
16.470760836697032,144
16.522400572395732,144
16.6255745733742,144
16.678629137075355,144
0.1000728384154291,145
0.1966799409280585,145
0.2887597219239043,145
0.3244010866771506,145
0.4139267415891455,145
0.4483741172741221,145
0.5230713435600566,145
1.997002894539671,145
4.2339566298912334,145
7.282042319435911,145
10.60199853963487,145
14.072169172514512,145
16.78244912388199,145
18.51840761677103,145
18.64452664374387,145
18.77027398261848,145
18.840675362209776,145
18.96575317879761,145
19.090358006162933,145
19.160181314886938,145
19.23023308974924,145
19.3005242720427,145
19.371066903965424,145
19.44187430362228,145
19.51296127920332,145
19.63934439395535,145
19.71104229795815,145
19.78307614918339,145
19.85547015604968,145
19.98325228872611,145
20.05645523036416,145
20.13011767881362,145
20.25928617677274,145
20.332344113599028,145
20.4065626115318,145
20.537295164234813,145
22.74755731457313,145
24.82413692438644,145
26.97969623360045,145
28.441796858641897,145
28.516723669231133,145
28.590902821150515,145
28.71943170742865,145
28.792385247057872,145
28.864822865505914,145
28.991792853663902,145
29.063049353492847,145
29.134570975663333,145
29.2063725691806,145
29.27847074558364,145
29.3415362557594,145
29.404888420593853,145
29.468544679128485,145
29.53252473049986,145
29.596851003932105,145
29.71654926881462,145
29.781649441289392,145
29.902186673453063,145
29.968202860939943,145
30.03474879131687,145
30.101887314694974,145
30.16969822764422,145
30.23828621111284,145
30.296974153662934,145
30.3563584065497,145
30.410114166853763,145
30.464403767034955,145
30.5192910929694,145
30.57485742660964,145
30.63120968816748,145
30.67633501617184,145
30.77725146142712,145
30.824108170251755,145
30.866065287868885,145
31.596663379948048,145
32.73712327508202,145
33.88273205785027,145
33.93367083175054,145
33.99265679521432,145
34.051642758678106,145
34.11062872214189,145
34.16961468560567,145
34.28360065622201,145
34.3425866196858,145
34.40157258314958,145
34.46055854661336,145
34.51954451007715,145
34.57853047354093,145
34.63751643700471,145
34.696502400468496,145
34.75548836393228,145
34.86947433454862,145
34.9284602980124,145
34.98744626147619,145
35.04643222493997,145
35.16041819555631,145
35.219404159020094,145
35.27839012248388,145
35.33737608594766,145
35.396362049411444,145
0.1000728384154291,146
0.1966799409280585,146
0.291259717900147,146
0.3856755457581206,146
0.4799326301245213,146
0.5738135973847341,146
0.6510723034775686,146
0.6725875052547884,146
0.7441907363868189,146
0.7590347236878109,146
0.829535760629816,146
1.541500248659296,146
3.179954447496576,146
4.825207748163385,146
5.554324128378076,146
5.644845277715368,146
7.767126352239294,146
9.25368931953971,146
9.353391297805947,146
9.452122495222731,146
11.345516130972548,146
13.004849717665358,146
13.109530792284652,146
15.616883859682725,146
17.619927272844954,146
17.73210872774188,146
19.793216840077086,146
22.50245694623084,146
25.575912479477378,146
25.69655709357784,146
28.25710322684684,146
31.04909396017315,146
32.23327959090808,146
32.3183261303966,146
32.4698855953501,146
32.6214450603036,146
34.10511074632052,146
34.25401633531475,146
35.738464618608816,146
35.87616332851619,146
35.95715720230949,146
36.0891849229072,146
37.2658310703096,146
37.34370648933448,146
37.42185975761513,146
37.55018082331798,146
39.01006683275996,146
39.776531777971925,146
39.90448203031398,146
41.36467637079052,146
42.18710787214042,146
42.316311546020735,146
42.44551521990105,146
43.618815866224175,146
45.30365776057908,146
45.379215600793216,146
45.44249542326197,146
45.55991374224887,146
48.33346353739962,146
51.11529323010058,146
51.243916458981815,146
53.16664516450876,146
53.24401237940501,146
53.32290204025511,146
53.4039914575261,146
53.544284453108205,146
53.68376485404281,146
54.937372398282896,146
55.083408856508726,146
55.18357994076684,146
55.33875102502496,146
55.43892210928307,146
55.594093193541184,146
57.08124805314347,146
58.56907111082365,146
60.463324534371765,146
62.35850212820458,146
63.21036695155375,146
63.36908459434297,146
63.47280223713219,146
63.63151987992141,146
63.79023752271063,146
64.99300912479936,146
65.09716843821997,146
65.20132775164058,146
65.36048706506119,146
65.51964637848181,146
65.62380569190242,146
65.72796500532303,146
65.83212431874364,146
65.99128363216425,146
67.48231256482502,146
67.5870471363659,146
67.69178170790677,146
67.85151627944765,146
68.01125085098853,146
69.50284019472889,146
70.70715848252979,146
70.8678644816626,146
72.0725861505509,146
0.1000728384154291,147
0.1966799409280585,147
0.291259717900147,147
0.3849010845099767,147
0.4224267333632353,147
0.5140407744325242,147
0.5498840621026767,147
0.6405518931737729,147
0.7308541129207243,147
0.8209062805648024,147
0.9057315310347296,147
0.9903628513794808,147
1.019807483372044,147
1.0490721473513671,147
1.133090456085657,147
1.162013523845093,147
1.2458431309394684,147
1.3295809923405029,147
2.049433618664203,147
2.131006844222007,147
2.212580069779812,147
2.296211376666484,147
2.325592685371099,147
2.354973994075713,147
2.384355302780328,147
2.468612637251077,147
2.497993945955692,147
2.5822512804264406,147
2.6117597146624902,147
2.641532525300441,147
2.6715844793910364,147
2.756425626456199,147
2.843036420523582,147
4.544119842230735,147
4.634754016875682,147
6.466633990287242,147
8.302267268180309,147
8.401065870999751,147
9.13948814558929,147
10.97966365504211,147
13.229301735639034,147
15.593416397391849,147
15.710472768728907,147
18.54672188181179,147
21.45610439024941,147
21.58962357277705,147
21.681337537080147,147
21.77305150138324,147
21.91976546568633,147
22.066479429989425,147
22.21319339429252,147
22.3392281756293,147
24.87626650189273,147
25.00461220001094,147
28.18568760117328,147
30.51564008091896,147
31.691217894993045,147
31.8095665977814,147
34.771752987056416,147
36.50811638983805,147
36.63452381886827,147
36.75549171366082,147
38.43614617059896,147
38.56178083722355,147
38.68704898975249,147
41.11628259886768,147
41.24229735646063,147
41.367279331415375,147
42.82378537577356,147
44.50380131686489,147
44.62896422884306,147
46.70066088435991,147
46.82619825771971,147
47.58983208031561,147
47.71472314736725,147
49.78621060442733,147
49.856618515418674,147
49.98173443352914,147
50.106551520580965,147
51.84119274432701,147
51.96623629763992,147
52.0910277539647,147
53.825709906952845,147
55.28269003205531,147
55.40830065373447,147
55.53367458073587,147
56.70296136635261,147
57.92753482874676,147
58.04950825391847,147
58.17143895595926,147
58.29330205133625,147
58.40427787563272,147
60.253522947043855,147
60.36593113055893,147
60.478662281841714,147
61.635511427731,147
61.69377012512155,147
61.75205074212023,147
61.8650640543408,147
64.61864200195737,147
0.1000728384154291,148
0.2081928663930287,148
0.3232443661762277,148
0.4307486763972563,148
0.5347872507154852,148
2.0261403151314754,148
2.129760608065316,148
2.1783809009991564,148
2.278858150635885,148
2.378709584557844,148
2.477271872933292,148
3.2152843902966977,148
3.259622924521869,148
3.303484907848019,148
3.401757975995887,148
3.495736537456859,148
4.689780412197459,148
6.173423347950328,148
6.270286066413272,148
6.311966946304191,148
6.353472368747342,148
6.449808279008019,148
6.490980243265975,148
6.5866173486713055,148
7.376079557419169,148
9.033930072875052,148
10.18231258970543,148
10.265758777996194,148
10.305198955377232,148
10.399372401674878,148
11.826690855463635,148
12.566646526720591,148
12.668254063014688,148
14.505762383823098,148
14.584577866379918,148
16.236519285027683,148
16.972972639386356,148
18.62766660052985,148
18.672786251191795,148
18.74681785750836,148
20.16741767573804,148
20.89618864703625,148
22.5442000930354,148
23.737363845591247,148
23.831546292190254,148
25.66521833885163,148
25.761960134391487,148
25.85861866969317,148
25.9551414479658,148
27.6081012715742,148
27.65160536814183,148
27.75009179908484,148
27.793560624603927,148
29.68590652990788,148
31.68454897022489,148
31.78633828825,148
31.889010440471203,148
33.60248817122224,148
33.70698631173614,148
33.81112354612592,148
35.94190305090192,148
38.70466798162702,148
41.11873572683576,148
43.74757263945075,148
43.86610666860084,148
45.5949196585992,148
47.269506812683645,148
47.3892454565759,148
49.81297061201119,148
51.54417289740545,148
52.99765342232463,148
53.11946052003505,148
54.8512711209688,148
54.9732873279873,148
56.139161891307296,148
56.26106517634711,148
58.12041290279814,148
58.24281304039239,148
58.36043443505237,148
59.80989702442425,148
59.927812917866845,148
60.68406825984981,148
61.84614015165417,148
61.90961292395751,148
62.02790462780368,148
62.14618424970376,148
62.264256372949305,148
63.48131572684354,148
64.93157227700476,148
65.05041900618613,148
65.11433382660522,148
65.23300469620347,148
66.39566002073583,148
66.51452728202186,148
67.3267317352393,148
67.4456565839916,148
69.45641927153599,148
69.52114163295732,148
69.64072919802507,148
70.85922445804401,148
0.1000728384154291,149
0.1971799409280585,149
0.292259717900147,149
0.375045793671002,149
0.456965508479466,149
0.5398970493858953,149
0.5677688350713154,149
0.5950708990728756,149
0.6768615698254009,149
0.7581883301770588,149
2.6380951037442584,149
4.981248818877925,149
7.736696206573238,149
11.184630616462464,149
15.039449584413934,149
17.82020252656251,149
20.09105571924683,149
22.73097404169392,149
22.86070868513459,149
22.935219498505912,149
23.00951607392032,149
23.138607215034217,149
23.21315271062552,149
23.283204485487826,149
23.353892476484656,149
23.425309604973307,149
23.497580654823903,149
23.57088212181735,149
23.700482987766488,149
23.77684423988908,149
23.85594655779086,149
23.94159848260432,149
24.04141647413805,149
24.141234465671783,149
24.241052457205523,149
24.34087044873926,149
24.495688440273,149
24.595506431806733,149
24.69532442334047,149
24.795142414874206,149
24.894960406407943,149
25.04977839794168,149
25.149596389475416,149
25.24941438100916,149
25.34923237254289,149
25.449050364076623,149
25.603868355610363,149
25.7036863471441,149
25.85850433867784,149
25.958322330211573,149
26.05814032174531,149
26.15795831327905,149
26.312776304812783,149
26.41259429634652,149
26.512412287880256,149
26.667230279413992,149
26.76704827094773,149
26.866866262481462,149
27.0216842540152,149
27.12150224554894,149
27.276320237082675,149
27.37613822861641,149
27.47595622015015,149
27.57577421168389,149
27.730592203217626,149
27.83041019475136,149
27.93022818628509,149
28.085046177818832,149
28.18486416935257,149
28.284682160886305,149
28.38450015242004,149
28.48431814395378,149
28.584136135487515,149
28.68395412702125,149
28.78377211855499,149
28.88359011008873,149
28.983408101622462,149
29.0832260931562,149
29.183044084689936,149
29.282862076223672,149
29.38268006775741,149
29.482498059291142,149
29.582316050824883,149
29.68213404235862,149
29.78195203389236,149
29.881770025426093,149
29.98158801695983,149
30.08140600849357,149
30.181224000027303,149
30.33604199156104,149
30.435859983094776,149
30.53567797462852,149
30.63549596616225,149
30.790313957695982,149
30.890131949229723,149
30.98994994076346,149
31.0897679322972,149
31.189585923830933,149
31.28940391536467,149
31.38922190689841,149
0.1000728384154291,150
0.1966799409280585,150
0.291259717900147,150
0.3913325563155762,150
0.5063840560987752,150
0.6214355558819743,150
0.722507655578453,150
0.8202548548157996,150
1.557436160701115,150
1.654686860698063,150
1.7519375606950112,150
2.9556478886348465,150
3.056803641104751,150
3.10333039602152,150
3.8996976559769374,150
4.003804173720432,150
4.7475403581583056,150
5.948180671104663,150
5.997098487208244,150
6.0478919423399935,150
7.25658387989754,150
7.365225118424718,150
8.803364914681737,150
8.910210397865598,150
10.909950402405087,150
10.96355801897866,150
11.016952835794513,150
11.070143543954911,150
11.123138149108712,150
11.862993498172584,150
13.577530045833411,150
15.239492554988686,150
15.292017196144885,150
15.34454183730108,150
15.397066478457276,150
15.50459111931545,150
15.612115760173625,150
15.66464040132982,150
15.717165042486016,150
15.769689683642213,150
15.82221432479841,150
15.874738965954606,150
18.00787952991945,150
18.061578576292817,150
18.115277622666184,150
18.16897666903955,150
18.22267571541292,150
18.331374761488263,150
18.38507380786163,150
18.438772854235,150
18.492471900608365,150
18.54617094698173,150
18.5998699933551,150
18.653569039728467,150
18.70726808610184,150
18.7609671324752,150
18.81466617884857,150
18.868365225221936,150
21.12610220278626,150
21.17936220134621,150
21.232810900760946,150
21.28645570318228,150
21.340304614259058,150
21.39436632509356,150
21.44865029419785,150
21.5031668629778,150
21.557927382392936,150
21.66794436912065,150
21.723231693012767,150
21.8338048059774,150
21.889681042386343,150
21.94587997461682,150
22.00242386872893,150
22.059338302565862,150
22.116652951790147,150
22.174402655316644,150
22.23262891287928,150
22.34638197089558,150
22.405723945452028,150
22.465733573986345,150
22.52651395763284,150
22.58820594961768,150
22.65101365859633,150
22.715259776665025,150
22.781533220065885,150
22.851272397888952,150
22.976011582864576,150
23.045750760687643,150
23.170489945663267,150
23.240229123486333,150
23.3099683013094,150
23.379707479132467,150
23.449446656955534,150
23.5191858347786,150
23.588925012601667,150
23.658664190424734,150
23.78340337540036,150
23.853142553223424,150
23.92288173104649,150
23.99262090886956,150
0.1000728384154291,151
0.1966799409280585,151
0.291259717900147,151
2.792312942216862,151
2.8957935863408943,151
2.999208004331176,151
3.1025570619136214,151
3.2045232951071374,151
3.2918346225645654,151
3.378751009645712,151
4.165602450726521,151
4.204181704736357,151
4.2426390014805735,151
4.335316946371256,151
5.058210720880686,151
5.087713362290321,151
5.1719834074515685,151
5.898468600227295,151
7.32157872767633,151
7.35818871261066,151
7.449601040794311,151
7.483276551230608,151
7.516876304163395,151
7.60518400521463,151
7.693116107596813,151
9.340682902945934,151
9.378877164437233,151
9.472137653841434,151
9.564891384555755,151
10.75843827576822,151
12.882575200511871,151
15.010402844860016,151
17.062089131786287,151
18.500728295757234,151
20.864114535572323,151
20.979493745431977,151
23.52866499253681,151
25.792769971424114,151
25.91440492492421,151
28.81838426113952,151
29.58274638564185,151
29.708929981519184,151
29.83449696131635,151
30.65292564036205,151
30.777429522029607,151
32.927488474183214,151
33.052308350261846,151
34.914726799251895,151
35.04004791188973,151
35.1650525502757,151
37.18225568278522,151
37.30833699442029,151
37.42058996744037,151
37.5330059964168,151
37.64538075662732,151
40.533798715840575,151
43.24190717845612,151
44.00450931662934,151
44.06215172061937,151
44.17486381331699,151
46.94420003691928,151
47.00314957449453,151
47.05741229454296,151
47.11213989729302,151
47.16670289064066,151
47.27618185604232,151
49.73170320118086,151
51.9897982271971,151
54.625243236219255,151
57.003869227722745,151
59.85740713128047,151
61.05511352031388,151
61.20920762067919,151
63.2554632703849,151
64.74278711701976,151
64.89881660253472,151
66.79259276018753,151
68.55983707440555,151
68.71764347618947,151
68.87544987797338,151
69.0332562797573,151
69.17608402017343,151
69.2790449758062,151
69.41734680327535,151
71.11231442770004,151
72.30122308617757,151
72.39184214859267,151
72.53511119286155,151
73.33270722078615,151
73.43715606815081,151
73.59660491551547,151
74.4494866676163,151
76.50110281580442,151
77.70582448469273,151
79.42202786121312,151
80.9155986446784,151
81.07094359521818,151
83.02547869783695,151
84.92574173646426,151
86.12974687564972,151
0.1000728384154291,152
0.2151243381986281,152
0.3301758379818272,152
0.4457273377650263,152
0.5612788375482254,152
0.6733646014286248,152
0.7339161012118238,152
0.8460018650922232,152
0.9065533648754224,152
1.011707656950222,152
1.0653276849278217,152
1.1212996290726631,152
1.2357373091203048,152
1.2951749891679465,152
1.4026811974099882,152
1.4621188774576297,152
1.5215565575052712,152
1.580994237552913,152
1.6404319176005542,152
1.6998695976481957,152
1.7593072776958372,152
1.8187449577434789,152
1.93318263779112,152
1.9926203178387616,152
2.052057997886403,152
2.111495677934044,152
2.2259333579816856,152
2.285371038029327,152
2.344808718076968,152
2.4042463981246094,152
2.4636840781722507,152
2.523121758219892,152
2.582559438267533,152
2.6419971183151745,152
2.701434798362816,152
2.760872478410457,152
2.8203101584580983,152
2.87974783850574,152
2.939185518553381,152
2.998623198601022,152
3.0580608786486634,152
3.1174985586963047,152
3.231936238743946,152
3.291373918791588,152
3.3508115988392286,152
3.46524927888687,152
3.524686958934512,152
3.5841246389821526,152
3.643562319029794,152
3.702999999077435,152
3.762437679125077,152
3.8218753591727177,152
3.881313039220359,152
3.995750719268,152
4.055188399315642,152
4.114626079363283,152
4.174063759410925,152
4.288501439458567,152
4.347939119506208,152
4.407376799553849,152
4.46681447960149,152
4.526252159649132,152
4.585689839696773,152
4.645127519744414,152
4.704565199792056,152
4.764002879839697,152
4.878440559887339,152
4.93787823993498,152
4.997315919982621,152
5.056753600030262,152
5.171191280077904,152
5.230628960125546,152
5.290066640173187,152
5.349504320220828,152
5.46394200026847,152
5.523379680316111,152
5.5828173603637525,152
5.642255040411394,152
5.701692720459035,152
5.761130400506676,152
5.820568080554318,152
5.880005760601959,152
5.9394434406496,152
5.998881120697241,152
6.113318800744883,152
6.172756480792525,152
6.287194160840167,152
6.346631840887808,152
6.46106952093545,152
6.575507200983092,152
6.634944881030733,152
6.694382561078374,152
6.808820241126016,152
6.868257921173657,152
6.9276956012212985,152
6.98713328126894,152
7.046570961316581,152
7.106008641364222,152
7.165446321411864,152
7.224884001459505,152
0.1000728384154291,153
0.1966799409280585,153
0.291259717900147,153
0.3849010845099767,153
0.4774267333632353,153
0.5630066356742032,153
0.6479735263747093,153
0.7323944206153905,153
0.7616125843841,153
0.7906359183101425,153
0.8696262296084899,153
0.9486165409068372,153
1.0245156650523453,153
1.743159330366066,153
1.768686004830411,153
2.4900398933420687,153
3.2137627088556795,153
4.400922962380459,153
5.184343584729245,153
6.320547469807675,153
7.970802553845456,153
9.959160693837216,153
10.056047716094067,153
10.097824231637528,153
10.139492631805949,153
10.181055207652856,153
10.222514153374243,153
10.262855631215384,153
10.358146604997923,153
10.3983875782321,153
10.4385790460835,153
10.478721492839863,153
10.518815395338349,153
10.558861222965527,153
10.598859430206826,153
10.638810467822363,153
10.678714775396395,153
10.718572785062602,153
10.75838492522936,153
10.853151609105876,153
10.892873247070124,153
10.932550244880726,153
10.972182993693163,153
11.011771880937626,153
11.051317290319016,153
11.090819598091652,153
11.130279169333985,153
11.167254754258206,153
11.204147347165158,153
11.2409583077858,153
12.88716683248978,153
12.923857786608746,153
13.015470304442456,153
13.052005604756882,153
13.088464856995156,153
13.124849201096108,153
13.161159743470956,153
13.19739755700331,153
13.233563684774449,153
13.269659140063336,153
13.3056849100719,153
13.341641948474456,153
13.377531190318871,153
13.41335354085069,153
13.449109882963707,153
13.484801077199986,153
13.520427961749842,153
13.555991356177142,153
13.591492053968718,153
13.68193082968693,153
13.717308443887044,153
13.807625633580496,153
13.842883122069647,153
13.878081613136342,153
13.96822179193597,153
14.058304333044102,153
14.093329896135142,153
14.183299121362976,153
14.218212635172415,153
14.253071051938344,153
14.287874971432498,153
14.32262498225074,153
14.35732165808778,153
14.391965561462452,153
14.481557243419696,153
14.516097248447943,153
16.342383921993783,153
16.376860068095734,153
16.466285706413796,153
16.500661347908785,153
16.534987484021,153
16.569264599038174,153
16.60349316979747,153
16.637673665685465,153
16.671806541187575,153
16.705892247063925,153
16.739931222898772,153
16.77392390082579,153
16.80787070925336,153
16.84177206168871,153
0.1000728384154291,154
0.1966799409280585,154
0.2947254538029468,154
0.3924482740721472,154
0.4903298378329205,154
0.5333753507078088,154
0.6171187708902889,154
1.7517178605127866,154
1.834609063975864,154
1.918647172563129,154
2.0023554961014325,154
3.423105160408073,154
3.457777845375591,154
3.5470247442651326,154
3.6334220195937688,154
3.709584536664539,154
4.895693364255481,154
4.973257357888275,154
5.049138988070541,154
5.063978690356367,154
5.075455934442931,154
5.082896921020352,154
5.084666504459807,154
5.077890315028259,154
4.05597046849353,154
0.1000728384154291,155
0.2151243381986281,155
0.3301758379818272,155
0.4452273377650263,155
0.5602788375482254,155
0.6758303373314245,155
0.7913818371146235,155
0.9069333368978224,155
1.0224848366810215,155
1.1380363364642203,155
1.2546473012009165,155
2.9270838961639902,155
4.378984378341725,155
6.394179509643605,155
8.1352798865976,155
10.16119983965434,155
12.547827533230492,155
15.120797100454446,155
17.69715765486125,155
20.56502813683091,155
23.55196438034848,155
25.73157700628642,155
27.62453364312982,155
29.33598824398867,155
29.43800493241342,155
29.59502162083817,155
29.75203830926292,155
29.85405499768768,155
30.011071686112423,155
30.11308837453717,155
30.270105062961925,155
30.372121751386675,155
30.474138439811423,155
30.576155128236177,155
30.678171816660928,155
30.78018850508568,155
30.88220519351043,155
30.98422188193518,155
31.08623857035993,155
31.18825525878468,155
31.29027194720944,155
31.447288635634184,155
31.54930532405893,155
31.65132201248369,155
31.75333870090844,155
31.855355389333187,155
31.95737207775793,155
32.059388766182686,155
32.16140545460743,155
32.26342214303218,155
32.36543883145693,155
32.467455519881675,155
32.56947220830642,155
32.67148889673117,155
32.77350558515592,155
33.62398879407368,155
33.7263248224315,155
33.82866085078932,155
33.93099687914714,155
34.08833290750496,155
34.190668935862774,155
34.34800496422059,155
34.45034099257841,155
34.55267702093623,155
34.65501304929405,155
34.75734907765187,155
34.859685106009685,155
34.962021134367504,155
35.06435716272532,155
35.16669319108314,155
35.26902921944096,155
35.37136524779878,155
37.47569352145885,155
39.02100096834849,155
39.12501405411824,155
39.22902713988799,155
39.33304022565774,155
39.49205331142749,155
39.59606639719724,155
39.70007948296699,155
39.85909256873674,155
39.96310565450649,155
40.06711874027624,155
40.17113182604599,155
40.330144911815744,155
40.48915799758549,155
40.59317108335525,155
40.697184169125,155
40.801197254894745,155
40.905210340664496,155
41.00922342643425,155
41.168236512204,155
41.27224959797375,155
41.4312626837435,155
41.59027576951325,155
41.694288855283,155
41.79830194105275,155
41.9023150268225,155
42.06132811259225,155
42.165341198362,155
0.1000728384154291,156
0.1966799409280585,156
0.291259717900147,156
0.3844010845099767,156
0.4107512039271127,156
0.4914883117337871,156
0.5175225366428154,156
0.598712214487194,156
0.6770623337799301,156
0.7554457944208374,156
1.4746774595552674,156
2.1960739057832948,156
2.9743477862650147,156
3.0042157948338977,156
4.653098530382366,156
4.747233176542137,156
4.841075768891126,156
4.934642429162278,156
5.027852951886989,156
5.120731025905355,156
7.41369310018514,156
9.303801208705648,156
9.398823171825155,156
9.49339027699922,156
10.281937435240492,156
10.376957975299105,156
11.165984056861149,156
12.599889307752443,156
14.25942220534337,156
15.921188530463334,156
17.584935042017456,156
17.693770315004773,156
19.41306937020312,156
21.41611459521369,156
23.874376493940787,156
26.39038714042271,156
28.65265776438272,156
28.77216620928795,156
31.03556204036092,156
31.101294416043263,156
31.22146127387593,156
31.286472138555595,156
32.04469053224915,156
32.80300712425737,156
32.86787882873719,156
32.98716483037421,156
33.79955261613611,156
33.918364548582055,156
35.13614073679058,156
36.29924870657476,156
36.41848915654935,156
37.5816666419769,156
39.64819970340782,156
39.76863488042045,156
39.88888911663662,156
40.00902363444403,156
40.07431925906173,156
40.194603086583896,156
42.26193275373819,156
43.42750939023271,156
44.59360968066242,156
44.71582374851005,156
46.16998131002661,156
46.23728761723106,156
46.34669622680013,156
49.409328956960366,156
49.462892622559,156
49.51646392127745,156
49.5700428642916,156
49.6236294627773,156
49.73217789536588,156
52.43255197036292,156
53.59309136204878,156
54.809213703899154,156
54.92670066235213,156
54.98923391743218,156
55.05181390182432,156
55.11444105637762,156
55.17711583033848,156
55.29483868159284,156
55.41258574596957,156
55.46879957443952,156
55.580113406243,156
55.63652928240464,156
55.69304932900079,156
55.74967576258917,156
55.80641089611074,156
55.91817357791137,156
58.169832732803336,156
58.21882329536151,156
58.26792076257538,156
58.37212747362923,156
58.41316234347891,156
58.454279519892445,156
58.495480381227246,156
58.536766350544205,156
58.57813890305828,156
58.61959956241321,156
58.66114991185736,156
58.702791586793175,156
0.1000728384154291,157
0.1966799409280585,157
0.291259717900147,157
0.3294010845099767,157
0.4214267333632353,157
0.4508369372820499,157
0.5345372886991147,157
0.6055749537086133,157
1.731339800510371,157
1.8130104722118023,157
3.6968149947537294,157
4.428278673736256,157
4.4660683695805465,157
6.299812068011982,157
6.396262227193934,157
6.488629354731661,157
6.529671764578793,157
6.57052212718535,157
7.302900528731344,157
7.341939418313255,157
7.380793101536764,157
7.419468194347262,157
7.457970856277405,157
7.49630683610621,157
7.534481511623923,157
7.572499924424116,157
7.610366810476833,157
7.648086627103518,157
7.685663576867983,157
7.723101628811912,157
7.760404537393901,157
7.797575859434304,157
7.834618969321641,157
7.92653707269795,157
7.963333218808637,157
8.000010311675856,157
8.091571120232254,157
8.183018287533265,157
8.219354339150353,157
8.310581690834258,157
8.346702655525927,157
8.382719449783082,157
8.417879421572104,157
8.452946334125155,157
8.542921887847024,157
8.632807722115386,157
8.667605418508332,157
8.697099590709403,157
9.827916040865285,157
11.016128371732554,157
11.050645132057578,157
11.135827250464509,157
11.915898621165448,157
13.048834499717657,157
13.138079252310488,157
13.17224639140462,157
13.206337103378742,157
13.24035253888761,157
13.2742938144517,157
13.308162013953938,157
13.341958190050162,157
13.37568336549949,157
13.464338534420158,157
13.497924663475994,157
13.531442692998253,157
13.564893538047151,157
13.598278089417096,157
13.631597214589297,157
13.664851758635162,157
13.69804254507362,157
13.786170376685234,157
13.819236036285856,157
15.000629912986067,157
15.0185299626725,157
16.197784077738024,157
17.32503608187714,157
18.048583150533148,157
19.18001081485796,157
19.21276776288351,157
19.245466958156804,157
19.27810906014397,157
20.40307736631344,157
21.112641038856008,157
21.129027517995336,157
21.840588959416845,157
23.25411696431,157
24.382696746089884,157
24.400993349203297,157
24.475176768550103,157
25.19438960316831,157
25.91554120480867,157
26.63845897034466,157
26.668189491003783,157
27.79895345562725,157
27.83105392987484,157
27.86310372142725,157
27.895103338880524,157
27.92705328072457,157
27.958954035641504,157
27.990806082792208,157
0.1000728384154291,158
0.1966799409280585,158
0.236259717900147,158
0.3294010845099767,158
0.4109910142694791,158
0.4924756747757276,158
0.5741731313144048,158
0.5983604558830341,158
0.6699813597922405,158
0.6868523147975286,158
0.6979763333772501,158
0.7091003519569715,158
0.7748538267885526,158
0.7856073047121247,158
0.8510158176620682,158
0.8621743324299534,158
0.9280101585288724,158
0.9390047242020448,158
0.95016323896993,158
0.9614912609656532,158
0.9729947394778212,158
0.9846800568600376,158
0.996554076028355,158
1.0086241982032735,158
1.02089843089629,158
1.0333854614843805,158
1.0460947503422575,158
1.059036639807113,158
1.072222479907163,158
1.085664786686488,158
1.0993774294008691,158
1.1133758642797549,158
1.1276774223049362,158
1.1973016749222951,158
1.267270889421292,158
1.2826106439431388,158
1.2983506119896848,158
1.3695256359030683,158
1.3861772122879703,158
1.4033555912872036,158
1.4211228846659143,158
1.4395578357477865,158
1.4587635400791843,158
1.533880852450915,158
1.555113882114478,158
1.577785322730728,158
1.6574840865184743,158
1.6856485887517412,158
1.7193061507393796,158
1.752963712727018,158
1.7866212747146566,158
1.820278836702295,158
1.853936398689933,158
1.942593964104839,158
1.9762515260924776,158
2.009909088080116,158
2.0435666500677545,158
2.13222421548266,158
2.1658817774702985,158
2.199539339457937,158
2.2331969014455755,158
2.266854463433214,158
2.3005120254208524,158
2.334169587408491,158
2.3678271493961294,158
2.401484711383768,158
2.4351422733714063,158
2.523799838786312,158
2.5574574007739503,158
2.646114966188856,158
2.6797725281764944,158
2.713430090164133,158
2.747087652151772,158
2.835745217566677,158
2.9244027829815824,158
2.958060344969221,158
2.99171790695686,158
3.025375468944498,158
3.0590330309321363,158
3.0926905929197748,158
3.126348154907413,158
3.160005716895052,158
3.19366327888269,158
3.2273208408703287,158
3.315978406285234,158
3.3496359682728727,158
3.383293530260511,158
3.4719510956754167,158
3.505608657663055,158
3.5392662196506937,158
3.572923781638332,158
3.6065813436259706,158
3.695238909040876,158
3.7838964744557817,158
3.81755403644342,158
3.851211598431058,158
3.884869160418697,158
3.918526722406336,158
3.952184284393974,158
3.985841846381613,158
0.1000728384154291,159
0.1966799409280585,159
0.3027726433651173,159
0.4183241431483163,159
0.5338756429315155,159
0.6390299350063153,159
0.7407771367929713,159
0.79248313423021,159
0.8991891350947158,159
1.0058951359592214,159
1.1126011368237272,159
2.6119469162426725,159
4.0597518440686,159
4.170769346912934,159
5.839709056576325,159
7.3402569424711,159
7.399510448833539,159
7.458763955195977,159
7.573017461260392,159
7.687270967324807,159
7.797479828854634,159
7.863085893949105,159
7.928691959043576,159
8.049298023840024,159
8.114904088934495,159
8.180510154028966,159
8.246116219123437,159
8.366722283919884,159
8.432328349014355,159
8.497934414108826,159
8.618540478905274,159
8.739146543701722,159
8.804752608796193,159
8.870358673890664,159
8.935964738985135,159
9.001570804079606,159
9.067176869174077,159
9.187782933970524,159
9.253388999064995,159
9.318995064159466,159
9.384601129253936,159
9.450207194348408,159
9.51581325944288,159
9.58141932453735,159
9.64702538963182,159
9.712631454726292,159
9.778237519820763,159
9.843843584915234,159
9.964449649711682,159
10.030055714806153,159
10.095661779900624,159
10.161267844995097,159
10.226873910089566,159
10.347479974886014,159
10.413086039980485,159
10.478692105074956,159
10.544298170169426,159
10.609904235263896,159
10.675510300358368,159
10.74111636545284,159
10.861722430249287,159
10.927328495343758,159
10.99293456043823,159
11.0585406255327,159
11.124146690627173,159
11.24475275542362,159
11.31035882051809,159
11.37596488561256,159
11.441570950707032,159
11.507177015801505,159
11.572783080895974,159
11.638389145990445,159
11.703995211084916,159
11.769601276179388,159
11.835207341273858,159
11.900813406368329,159
11.9664194714628,159
12.03202553655727,159
12.097631601651742,159
12.21823766644819,159
12.338843731244635,159
12.404449796339108,159
12.47005586143358,159
12.53566192652805,159
12.60126799162252,159
12.666874056716992,159
12.732480121811465,159
12.798086186905934,159
12.863692252000403,159
12.929298317094876,159
12.994904382189349,159
13.060510447283818,159
13.126116512378289,159
13.246722577174737,159
13.312328642269208,159
13.37793470736368,159
13.44354077245815,159
13.50914683755262,159
13.574752902647091,159
13.640358967741562,159
0.1000728384154291,160
0.1966799409280585,160
0.2947254538029468,160
0.3849674091514971,160
0.4743740940767315,160
0.5635920773620516,160
0.5949448655719668,160
0.6805555533046633,160
0.7676217343087107,160
0.8540620963449389,160
0.8873854476387412,160
2.078364451544992,160
4.1233125525886924,160
6.306921084540597,160
8.900958617346994,160
11.73410542787861,160
14.63968951552644,160
18.188430539380235,160
20.06369838989412,160
22.36001706759565,160
22.514111167960955,160
22.61320526832626,160
22.712299368691568,160
22.81139346905688,160
22.91048756942218,160
23.009581669787487,160
23.1086757701528,160
23.2627698705181,160
23.361863970883405,160
23.51595807124871,160
23.615052171614018,160
23.714146271979324,160
23.86824037234463,160
23.967334472709936,160
24.066428573075243,160
24.22052267344055,160
24.31961677380585,160
24.41871087417116,160
24.517804974536467,160
24.616899074901774,160
24.71599317526708,160
24.815087275632383,160
24.914181375997693,160
25.013275476363,160
25.112369576728305,160
25.21146367709361,160
25.31055777745892,160
25.464651877824224,160
25.56374597818953,160
25.66284007855484,160
25.761934178920143,160
25.86102827928545,160
25.960122379650755,160
26.05921648001606,160
26.158310580381368,160
26.31240468074668,160
26.41149878111198,160
26.510592881477287,160
26.6096869818426,160
26.7087810822079,160
26.80787518257321,160
26.906969282938512,160
27.00606338330381,160
27.105157483669124,160
27.25925158403443,160
27.358345684399737,160
27.512439784765043,160
27.61153388513035,160
27.71062798549565,160
27.80972208586096,160
27.908816186226268,160
28.00791028659157,160
28.10700438695688,160
28.206098487322187,160
28.360192587687493,160
28.4592866880528,160
28.613380788418105,160
28.71247488878341,160
28.81156898914872,160
28.910663089514024,160
29.06475718987933,160
29.21885129024464,160
29.317945390609943,160
29.41703949097525,160
29.516133591340555,160
29.61522769170586,160
29.714321792071168,160
29.81341589243648,160
29.91250999280178,160
30.011604093167087,160
30.1106981935324,160
30.2097922938977,160
30.30888639426301,160
30.407980494628312,160
30.50707459499361,160
30.606168695358924,160
30.76026279572423,160
30.859356896089537,160
30.958450996454843,160
31.05754509682015,160
0.1000728384154291,161
0.1909427121775598,161
1.6755212500455978,161
3.723815216063533,161
5.437408879708585,161
5.535819247674283,161
7.721441726976769,161
10.13368238319158,161
10.18784923498848,161
10.296353493113829,161
12.431911027629337,161
14.889042924712369,161
14.942411911371831,161
14.994243950305382,161
15.045756470229035,161
15.096968668948977,161
15.147897567501088,161
15.198558360596005,161
15.248964695654438,161
15.299128897743344,161
15.349062152919904,161
15.3987746591734,161
15.448275751821098,161
15.497574008543852,161
15.60167733803304,161
15.650593055325611,161
15.699327946235844,161
15.732991748084734,161
15.821543336441229,161
15.854985170592974,161
15.943319611777971,161
15.976548914392898,161
16.009675246258688,161
16.04270068236203,161
16.075627223183822,161
16.16345678322525,161
16.19619120710106,161
16.228832275201988,161
16.261381697436285,161
16.348841120084238,161
16.43621214159341,161
16.468496289630842,161
16.500695050289345,161
16.53280985780568,161
16.564842101713133,161
16.596793119390917,161
16.683664214392614,161
16.71545663528652,161
16.747171607395124,161
16.778810311635446,161
16.81037389167161,161
16.841863461365413,161
16.873280101051044,161
16.904624857535076,161
16.93589874782176,161
16.967102766563606,161
17.053237870862198,161
17.084305003812027,161
17.115305074085903,161
17.146238972028208,161
17.232107561608267,161
17.262911677887153,161
17.29365214758129,161
17.324329771628094,161
17.354945328613233,161
17.440499578197908,161
17.470993266036224,161
17.501427114536476,161
18.9128699903986,161
20.54662615113468,161
22.36694949918003,161
24.479197443058204,161
24.51193981670351,161
24.54461896099658,161
24.63223566540093,161
24.66479070164771,161
24.69728481822224,161
24.72971875273199,161
24.8170932164094,161
24.84940891020508,161
24.881666519274425,161
25.60144005023451,161
26.32247028552504,161
28.434043266405773,161
28.466118820538235,161
28.49813899450512,161
28.53010439925404,161
28.56201562338085,161
28.593873251756143,161
28.62567785062404,161
28.65742997877808,161
28.744130179812625,161
28.77577898704024,161
28.80737692170353,161
28.83892449789257,161
28.924470760454845,161
28.95497278549285,161
28.98543096386404,161
29.01584567554803,161
29.10121728905053,161
0.1000728384154291,162
0.1966799409280585,162
0.291759717900147,162
0.3854010845099767,162
0.4229267333632353,162
0.5145407744325241,162
0.5509507055292117,162
0.5871645330601328,162
0.6780797644175458,162
0.7687132310922031,162
0.8590799678633341,162
0.949479278039571,162
1.039531445683649,162
1.0746141944628145,162
1.1578178827267074,162
1.1882715683977985,162
1.2187252540688895,162
1.3041789431672477,162
1.3346326288383388,162
1.419822321514406,162
1.5054304015438935,162
3.544019402245798,162
3.6363623153965854,162
5.931945325116434,162
6.029791594723978,162
7.739526153783121,162
7.839455210844793,162
10.24624212948493,162
10.350033373812952,162
12.942211003283775,162
15.999324173907556,162
19.434630739843684,162
21.44938203381385,162
21.516399670070875,162
21.637728044837424,162
25.000725992753225,162
25.122343351596484,162
27.03634954112932,162
28.896130252215507,162
31.044713103117093,162
33.60035865780246,162
35.61779101129537,162
35.68901195683478,162
35.75994876796506,162
35.83061672662449,162
37.90294062113122,162
37.9741490297667,162
38.045160202632765,162
38.10745432076983,162
38.16970192694359,162
38.28666605639896,162
39.958946932845805,162
40.021667165347424,162
40.0842676069067,162
40.146751060474905,162
40.208353216364046,162
40.32403905976836,162
40.4396451445502,162
40.50040458339703,162
40.55532297992456,162
40.61024137645208,162
40.66515977297961,162
40.72007816950713,162
40.77499656603466,162
40.829914962562185,162
40.88483335908971,162
40.93975175561724,162
40.99467015214477,162
41.04958854867229,162
41.104506945199816,162
41.15057680565819,162
41.18861214626536,162
41.22665869254574,162
41.26471647057637,162
41.3023172262679,162
41.33992173332676,162
41.37752999547824,162
41.470153311229794,162
44.132920483089535,162
46.375781992412655,162
49.3762312511694,162
49.41736269171949,162
49.45852521236654,162
49.49971900682564,162
49.54094427253719,162
49.57834500621672,162
49.67076559167023,162
49.70820610399957,162
49.745666621137815,162
49.83814722846861,162
49.87564800481911,162
49.91316903184767,162
50.00571039866324,162
50.043272176642375,162
50.08085445489402,162
50.17345731880184,162
50.21108085091825,162
50.30372514005418,162
50.39639027591463,162
50.43407633330341,162
0.1000728384154291,163
0.2081928663930287,163
0.3232443661762277,163
0.4382958659594268,163
0.5538473657426259,163
0.669398865525825,163
0.784950365309024,163
2.2872895526116954,163
2.406800114697276,163
2.471310676782856,163
2.535821238868436,163
2.6553318009540163,163
2.7748423630395966,163
2.894352925125177,163
2.958863487210757,163
3.0783740492963374,163
3.1978846113819177,163
3.2593951742786462,163
3.3759057368773515,163
3.43741629977408,163
3.4989268626708085,163
3.560437425567537,163
3.6219479884642656,163
3.683458551360994,163
3.7449691142577226,163
3.861479676856428,163
3.922990239753157,163
3.984500802649885,163
4.046011365546613,163
4.107521928443342,163
4.169032491340071,163
4.230543054236799,163
4.292053617133528,163
4.353564180030256,163
4.470074742628961,163
4.53158530552569,163
4.593095868422418,163
4.654606431319147,163
4.716116994215875,163
4.777627557112604,163
4.894138119711309,163
4.955648682608038,163
5.017159245504766,163
5.078669808401495,163
5.140180371298223,163
5.201690934194952,163
5.26320149709168,163
5.324712059988409,163
5.386222622885137,163
5.447733185781866,163
5.509243748678594,163
5.570754311575323,163
5.687264874174028,163
5.748775437070757,163
5.810285999967485,163
5.926796562566191,163
5.988307125462919,163
6.049817688359648,163
6.111328251256376,163
6.1728388141531045,163
6.234349377049833,163
6.350859939648538,163
6.470370501734118,163
6.534881063819698,163
6.599391625905279,163
6.663902187990859,163
6.728412750076439,163
6.792923312162019,163
6.857433874247599,163
6.921944436333179,163
6.986454998418759,163
7.05096556050434,163
7.11547612258992,163
7.1799866846755,163
7.24449724676108,163
7.30900780884666,163
7.37351837093224,163
7.43802893301782,163
7.5575394951034,163
7.62205005718898,163
7.686560619274561,163
7.751071181360141,163
7.815581743445721,163
7.880092305531301,163
7.944602867616881,163
8.064113429702461,163
8.128623991788041,163
8.248134553873621,163
8.312645115959201,163
8.377155678044781,163
8.496666240130361,163
8.561176802215941,163
8.625687364301521,163
8.690197926387102,163
8.754708488472682,163
8.819219050558262,163
8.883729612643842,163
9.003240174729422,163
9.067750736815002,163
9.132261298900582,163
0.1000728384154291,164
0.1966799409280585,164
0.291259717900147,164
0.3294010845099767,164
0.3664267333632353,164
0.4575407744325241,164
0.4933840621026766,164
0.5285596928097066,164
0.6181464083384546,164
0.6522063212889134,164
0.6857896833403507,164
0.7739379885068398,164
0.8616860801349613,164
3.03231152836189,164
3.123320027626608,164
3.211925327218625,164
4.401164471543882,164
6.104061424172971,164
7.297741829789731,164
7.39276244435415,164
7.487551889754388,164
9.144240733408362,164
9.246648910291649,164
11.144044611722476,164
11.22775099825697,164
12.016566675422956,164
12.057295263080167,164
12.15308464345174,164
12.193935562191774,164
12.289896030245592,164
12.385824952541162,164
12.481817167518903,164
12.579313721774389,164
14.571856942294408,164
14.673490051446723,164
17.026687149225047,164
17.13233291011887,164
19.88132845264512,164
22.42924187183314,164
25.54212717441383,164
28.664932059077085,164
30.817903820928624,164
30.94609039443957,164
32.46115613998937,164
32.52663129838275,164
32.64649552377033,164
34.56395119210664,164
34.689521992792905,164
34.81477784680842,164
37.938984181861656,164
39.80512895359426,164
39.934429984441046,164
40.06351299710042,164
41.80268576002354,164
44.23643767584108,164
44.3667550034806,164
44.487361750277145,164
44.6036657082759,164
47.61403643962966,164
47.738310485474976,164
50.9573475439752,164
51.086197733906005,164
51.215408830814376,164
52.03788858017927,164
53.499710559636384,164
53.57611634081682,164
53.70858808809956,164
53.84241641085724,164
53.9755770766518,164
54.10792656845522,164
55.57265756588808,164
55.70604101021002,164
55.83986673163477,164
55.91908304195584,164
56.05238774449295,164
57.79618371051831,164
59.3172993320044,164
61.59563743765808,164
63.7579477898464,164
63.89540885102006,164
63.96742175977679,164
64.04142214816065,164
64.17236136358233,164
65.6461563458738,164
65.8025199106566,164
67.85092401403197,164
69.90040256319904,164
70.04543071230528,164
71.24805608674313,164
72.10050783025586,164
72.25981239320865,164
72.36411695616144,164
72.50753124996248,164
74.2219857473051,164
75.48103089032092,164
75.64146374466864,164
75.80189659901636,164
75.95539798155848,164
77.15985156402817,164
77.26569285782976,164
0.1000728384154291,165
0.1966799409280585,165
0.291259717900147,165
0.3849010845099767,165
0.4784189880568545,165
0.5725871572449733,165
0.6675029851029469,165
0.7632982662932388,165
0.860161417985021,165
0.957524986969588,165
1.0559065507303615,165
1.1579177995080496,165
1.2734692992912486,165
1.3890207990744476,165
1.5045722988576469,165
1.566183263594343,165
1.6277942283310387,165
1.744405193067735,165
1.8060161578044307,165
1.8676271225411267,165
1.9292380872778228,165
1.9908490520145188,165
2.0524600167512146,165
2.1140709814879104,165
2.175681946224606,165
2.237292910961302,165
2.298903875697998,165
2.4155148404346938,165
2.4771258051713896,165
2.5387367699080854,165
2.6553477346447814,165
2.716958699381477,165
2.778569664118173,165
2.8401806288548688,165
2.901791593591565,165
2.9634025583282604,165
3.025013523064956,165
3.086624487801652,165
3.148235452538348,165
3.209846417275044,165
3.2714573820117394,165
3.388068346748436,165
3.449679311485131,165
3.566290276221827,165
3.627901240958523,165
3.6895122056952174,165
3.8061231704319134,165
3.8677341351686105,165
3.9293450999053054,165
3.990956064642002,165
4.052567029378698,165
4.114177994115394,165
4.17578895885209,165
4.237399923588786,165
4.299010888325482,165
4.360621853062177,165
4.422232817798873,165
4.483843782535569,165
4.545454747272265,165
4.66206571200896,165
4.723676676745656,165
4.785287641482352,165
4.901898606219048,165
4.963509570955743,165
5.025120535692439,165
5.141731500429135,165
5.20334246516583,165
5.264953429902526,165
5.326564394639222,165
5.388175359375918,165
5.449786324112614,165
5.5113972888493095,165
5.628008253586005,165
5.689619218322701,165
5.751230183059397,165
5.867841147796092,165
5.929452112532788,165
5.991063077269484,165
6.05267404200618,165
6.114285006742875,165
6.175895971479571,165
6.237506936216267,165
6.299117900952963,165
6.360728865689659,165
6.422339830426354,165
6.48395079516305,165
6.545561759899746,165
6.607172724636442,165
6.668783689373138,165
6.730394654109833,165
6.792005618846529,165
6.853616583583225,165
6.915227548319921,165
7.031838513056616,165
7.093449477793312,165
7.155060442530008,165
7.216671407266704,165
7.2782823720034,165
7.339893336740095,165
7.401504301476791,165
0.1000728384154291,166
0.1966799409280585,166
0.291259717900147,166
0.3819010898059507,166
0.4714267447179456,166
0.5600407912915846,166
0.6339046850389143,166
0.706074696738114,166
1.8865265667027136,166
1.9682771384304665,166
2.049769771057953,166
2.121520538586964,166
3.944079418439259,166
4.029652011353363,166
5.729455840546478,166
8.338434588868012,166
11.21671212907492,166
14.21808160539328,166
17.708256000492923,166
21.497231274364434,166
23.574320618822064,166
25.785210081382868,166
27.653478504127847,166
29.73100069096815,166
29.86183511193494,166
31.78444677231964,166
31.91455869797648,166
33.654119542836575,166
33.78358329431436,166
33.91243837555063,166
36.12116551732774,166
38.44819194007035,166
38.57767832818063,166
38.70012802369341,166
38.82225760991237,166
41.585158412882215,166
41.70867442649497,166
41.83188311447324,166
44.44130956290317,166
44.560923930720726,166
46.62732072284504,166
49.14715116274402,166
49.26892881742533,166
49.39060493378844,166
51.30474969633047,166
51.42700868613118,166
53.49575582173462,166
53.61840378233603,166
55.35096412716339,166
55.47138038778429,166
55.59162364766888,166
55.71169415285569,166
55.83155501403503,166
57.89818477278149,166
58.01880005168205,166
58.13931313235226,166
60.34023357093635,166
60.46154621211485,166
60.5828087902969,166
62.65077756297669,166
64.15954229020232,166
64.28182974505675,166
64.40390729954997,166
64.52575547469908,166
65.74650250968352,166
65.86853893459109,166
67.93723193163234,166
69.95163372220702,166
70.07503321220537,166
70.19826745727977,166
72.71853644599219,166
74.57829060227031,166
74.70120104324721,166
74.81917863261603,166
76.54742544066809,166
76.66564103883408,166
78.66671964448594,166
78.77683734816216,166
81.77690362852715,166
83.27308475893639,166
83.38292007815741,166
85.51824646365546,166
86.67310970199011,166
86.78430537056826,166
86.8328342765262,166
86.88135223385595,166
86.92985926863454,166
86.97835540693902,166
87.0818229235401,166
87.17751671296261,166
87.27317352515362,166
87.36895719838046,166
89.71532098126315,166
89.7564222916653,166
89.84611562934421,166
89.9358051374247,166
90.02549080845617,166
90.11517264988922,166
90.20483348813556,166
92.60109994855426,166
0.1000728384154291,167
0.1971799409280585,167
0.237259717900147,167
0.3309010845099767,167
0.3684267333632353,167
0.4600407744325241,167
0.4958840621026766,167
0.5310596928097066,167
0.6206464083384545,167
0.7097063212889134,167
1.844936864026141,167
1.936057948610318,167
1.9717268588672887,167
2.006981117227607,167
2.041852493089439,167
2.0763682322311934,167
2.1105519591000697,167
2.144424354025316,167
2.178003671436389,167
2.211306143171126,167
2.299346297058184,167
3.421925275596697,167
3.4456922104683705,167
3.4692670097676106,167
3.498520602230485,167
3.5275865554140147,167
3.556471657056515,167
3.585182220907962,167
3.613724134707525,167
3.697102901896786,167
3.7253236780587975,167
5.139715921289374,167
5.16766431543478,167
5.19546756150681,167
5.223129754501404,167
5.250654764679862,167
6.421714611557913,167
6.440214699340654,167
7.153816288543535,167
7.87409191024834,167
7.901096888330247,167
7.92798137865426,167
7.954748216491221,167
7.981400106737059,167
8.007939632703637,167
8.089369264136621,167
8.115691364543501,167
8.14190819790439,167
8.168021934829266,167
8.184062783397348,167
8.201180253900201,167
8.913423989690454,167
8.933357595257075,167
9.653271488662009,167
9.679940387488704,167
9.70651334915564,167
9.73299217984884,167
9.759378618999888,167
9.785674342919645,167
9.811880968172884,167
9.838000054716629,167
9.8640331088224,167
10.98860586967658,167
11.014482973516012,167
11.040278076298474,167
11.12099250118765,167
11.146627529323451,167
11.172184401792787,167
11.19766432147898,167
11.223068454799064,167
11.303397933337306,167
11.328653855382598,167
11.35383728737668,167
11.433949265279583,167
11.458990795858114,167
11.483962857902702,167
11.50886640337758,167
11.533702358508751,167
11.55847162481389,167
11.583175080078052,167
12.29404975678246,167
13.985979879852078,167
14.013399537824023,167
14.04074768087002,167
14.123025317459811,167
14.150233428016264,167
14.177372966069363,167
14.20444485934776,167
16.083054980690502,167
18.42365546899793,167
20.663194715056456,167
23.275439871928377,167
26.21848416765382,167
28.839178738236075,167
31.99035751541224,167
33.843098793009894,167
35.98465370012301,167
37.89425196154247,167
39.055920284372334,167
40.7289345550452,167
0.1000728384154291,168
0.1966799409280585,168
0.291759717900147,168
0.3854010845099767,168
0.4795002870874337,168
1.9639218796978244,168
2.756163643662094,168
4.244044683059965,168
6.425003430923734,168
6.471869058093343,168
6.574109188398634,168
6.621754164925132,168
6.72428009205154,168
6.771689734539304,168
6.818985733321224,168
6.921008440783535,168
6.968593536993776,168
7.016812394490753,168
7.065757162055288,168
7.115551422467743,168
8.771452258458648,168
8.819003730198656,168
8.92294877686194,168
9.02883265086106,168
9.08292578824452,168
9.14853185333899,168
9.214137918433462,168
9.33474398322991,168
9.40035004832438,168
9.465956113418851,168
9.531562178513322,168
9.597168243607792,168
9.662774308702264,168
9.783380373498712,168
9.848986438593183,168
9.914592503687654,168
9.980198568782123,168
10.100804633578573,168
10.166410698673044,168
10.232016763767517,168
10.297622828861986,168
10.363228893956457,168
10.428834959050928,168
10.4944410241454,168
10.56004708923987,168
10.62565315433434,168
10.691259219428812,168
10.81186528422526,168
10.87747134931973,168
10.9430774144142,168
11.008683479508672,168
11.074289544603143,168
11.139895609697614,168
11.205501674792083,168
11.271107739886556,168
11.336713804981027,168
11.402319870075498,168
11.46792593516997,168
11.53353200026444,168
11.599138065358911,168
11.664744130453382,168
11.730350195547851,168
11.795956260642324,168
11.861562325736797,168
11.982168390533245,168
12.047774455627714,168
12.168380520424162,168
12.233986585518632,168
12.299592650613103,168
12.420198715409551,168
12.485804780504022,168
12.551410845598491,168
12.617016910692964,168
12.682622975787435,168
12.748229040881906,168
12.813835105976375,168
12.879441171070848,168
13.000047235867296,168
13.120653300663744,168
13.186259365758216,168
13.306865430554662,168
13.372471495649132,168
13.438077560743604,168
13.558683625540052,168
13.6792896903365,168
13.799895755132948,168
13.920501819929395,168
13.986107885023866,168
14.051713950118335,168
14.117320015212808,168
14.18292608030728,168
14.24853214540175,168
14.31413821049622,168
14.379744275590692,168
14.445350340685165,168
14.510956405779634,168
14.576562470874103,168
14.642168535968576,168
14.707774601063049,168
14.773380666157518,168
0.1000728384154291,169
0.1966799409280585,169
0.291259717900147,169
0.3844010845099767,169
0.4189267322694142,169
0.5075407788430532,169
0.5814046725903829,169
0.5990835964952786,169
0.6122920220990856,169
0.6231503343482693,169
0.6347864369203527,169
0.6980949366738279,169
0.7027102249016245,169
0.7026769560219911,169
0.6966316452639368,169
0.6819439469294813,169
-0.3475950421375963,169
0.1000728384154291,170
0.1971799409280585,170
0.2957254538029468,170
0.3939482740721472,170
0.4373298378329205,170
0.5358753507078089,170
0.633238919692376,170
0.6749844188971073,170
0.7687889426617194,170
0.8082465673384169,170
0.9030657953230126,170
0.993023419996856,170
1.0826438388434632,170
2.972107859572528,170
3.0658033585754616,170
3.158728102466224,170
3.2463949790803177,170
3.333136143406985,170
4.468015136441348,170
5.89516800852692,170
5.991755018254874,170
6.088244939467071,170
6.1313031411377175,170
6.228515962382911,170
8.067938903590797,170
10.521613219997048,170
13.0700448549,170
15.860447028895972,170
18.343354324123023,170
21.697592723379763,170
23.874800413998933,170
24.66610151673305,170
24.81925543890722,170
24.91740936108139,170
25.01556328325556,170
25.11371720542973,170
25.2118711276039,170
25.31002504977807,170
25.40817897195224,170
25.50633289412641,170
25.65948681630058,170
25.75764073847475,170
25.85579466064892,170
25.953948582823088,170
26.05210250499725,170
26.150256427171428,170
26.2484103493456,170
26.346564271519767,170
26.499718193693937,170
27.98492184790113,170
29.74917775186897,170
32.04776589398798,170
33.75938075184059,170
35.52677961990746,170
37.88330876019646,170
39.59776325753908,170
39.70277984244759,170
39.8077964273561,170
39.91281301226461,170
40.017829597173126,170
40.12284618208164,170
40.22786276699015,170
40.33287935189866,170
40.49289593680717,170
40.652912521715685,170
40.7579291066242,170
40.86294569153271,170
40.96796227644122,170
41.07297886134973,170
41.23299544625824,170
41.33801203116676,170
41.44302861607527,170
41.60304520098378,170
41.70806178589229,170
41.8130783708008,170
41.918094955709314,170
42.02311154061783,170
42.12812812552634,170
42.23314471043485,170
42.33816129534336,170
42.44317788025187,170
42.60319446516039,170
42.7082110500689,170
42.86822763497741,170
42.97324421988592,170
43.07826080479443,170
43.183277389702944,170
43.288293974611456,170
43.44831055951997,170
43.60832714442848,170
43.71334372933699,170
43.8183603142455,170
43.923376899154015,170
44.028393484062526,170
44.13341006897104,170
44.29342665387955,170
44.39844323878806,170
44.50345982369657,170
44.608476408605085,170
44.7134929935136,170
0.1000728384154291,171
0.1966799409280585,171
0.291259717900147,171
0.3786001622265478,171
0.4585049271172186,171
0.4827903460299869,171
0.5615247439181705,171
0.5852628711199661,171
0.6635495636200806,171
0.687056879285564,171
0.7657950024640461,171
0.8351102273499866,171
0.9017140816485782,171
0.9141254990881582,171
0.9233914928099414,171
0.928944373741587,171
0.929818422480793,171
0.9795288675868226,171
0.9655602778711628,171
-0.0082909856519388,171
0.1000728384154291,172
0.1966799409280585,172
0.291259717900147,172
0.3294010845099767,172
0.4214267333632353,172
0.4575407744325241,172
0.5339046620159562,172
0.617992099384144,172
1.799688991168812,172
1.881305899480656,172
4.220993485311345,172
6.262515511373357,172
6.357915472248868,172
6.453294735411481,172
6.548471536496953,172
9.29042395577796,172
12.041933922424493,172
12.154117263607404,172
12.26206443434181,172
12.373549780078786,172
15.582543334546068,172
18.963991784740305,172
22.55806291791186,172
24.632653257575623,172
24.76065033091349,172
24.88780835710756,172
25.01424811130035,172
25.14005993427168,172
27.345891170442293,172
27.471882834705514,172
27.597505831276333,172
29.80330624287293,172
32.415766438846134,172
35.3174905468079,172
37.93261509804991,172
38.06235819046173,172
40.89981465631662,172
41.02885969653494,172
43.35568311932219,172
43.48486707960958,172
43.61365838915111,172
43.74205463562196,172
46.17374017785477,172
46.30261238861085,172
46.431266326205936,172
46.55974046914909,172
46.68808030274639,172
46.81626323998767,172
46.94041090904795,172
47.06447115153652,172
47.18198135853392,172
47.299294385915815,172
50.35677805901152,172
50.464352164274274,172
53.51931694508177,172
53.629784900551854,172
55.53325052917582,172
55.64477528989893,172
58.59179343641382,172
60.90346970022303,172
61.0178859195171,172
61.77065687984806,172
61.88165101022106,172
63.73027714700085,172
63.84209882081133,172
65.90077935517412,172
66.01302292556149,172
66.12568348259312,172
68.4366549810825,172
68.55053086191994,172
68.66435780734402,172
70.5710574647842,172
72.47843172759396,172
72.59405728787762,172
74.95786901921612,172
75.07394494474512,172
77.33310903967005,172
79.65329232704232,172
81.56868225919789,172
81.69226084098545,172
82.50919128844245,172
82.63293485734636,172
82.75674954870237,172
82.88054277266843,172
84.95102075069403,172
85.0755207735021,172
86.80995467126739,172
88.72734336576436,172
88.79800379822483,172
88.92356504568237,172
90.99570767607776,172
93.06850979414064,172
94.2393493283426,172
94.36656796484714,172
96.69190692246076,172
98.7666323012679,172
98.89314272241756,172
99.01965567713704,172
99.14608195715756,172
100.65037539893002,172
0.1000728384154291,173
0.1416799409280584,173
0.236259717900147,173
0.3294010845099767,173
0.4125455183063825,173
0.4979547572408994,173
0.5835709211503346,173
2.0606145498429616,173
4.557732546058782,173
4.656366364387162,173
4.755097561803945,173
7.344485693899282,173
10.171498471227771,173
13.32801066092362,173
16.896543411195704,173
18.91474401253563,173
21.29037021423591,173
23.90426128070616,173
26.058087703935342,173
26.131607371960204,173
26.20438969090088,173
26.331529553389966,173
26.40310018928895,173
26.474159829491608,173
26.54475588897113,173
26.614927725806133,173
26.68470853490911,173
26.75412669115374,173
26.82320672852088,173
26.891970070775,173
27.01543558780621,173
27.08362002671756,173
27.15153835103719,173
27.274204011297865,173
27.341629163509573,173
27.40882484749413,173
27.475801133896248,173
27.54256724645993,173
27.60913166456304,173
27.73050220984001,173
27.79668611986449,173
27.862690111221404,173
27.928520433812267,173
28.04918291786585,173
28.11468301483937,173
28.180025833171594,173
28.24521616967298,173
28.310258537198976,173
28.368683414810707,173
28.42703044767558,173
28.4853008291982,173
28.54349571674382,173
28.60161623324662,173
28.71466346872366,173
28.77263848170138,173
28.830542300560843,173
28.88837592480741,173
28.946140326270115,173
29.05883645023555,173
29.11646521652058,173
29.174027520488075,173
29.23152423400932,173
29.288956206376564,173
29.34632426516895,173
29.458629217074662,173
29.57087184867214,173
29.622520661371507,173
29.6741174289913,173
29.72566268769345,173
29.777156962705504,173
29.82860076865171,173
29.879994609870927,173
29.92424631691267,173
29.9684614966776,173
30.01264041407996,173
30.05678333021905,173
30.09868443061532,173
30.140554097260388,173
30.18239252653644,173
30.22419991238708,173
30.263948229044548,173
30.30366852694958,173
30.34336096223773,173
30.383025689314053,173
30.422662860881715,173
30.46227262796997,173
30.50185513996153,173
30.54141054461937,173
30.5809389881129,173
30.620440615043616,173
30.7149155684702,173
30.809363989933072,173
30.84878601947844,173
30.888181795681835,173
30.982551455671143,173
31.0218951351492,173
31.06121296841585,173
31.10050508838965,173
31.194771626628988,173
31.234012713352943,173
0.1000728384154291,174
0.1966799409280585,174
0.291259717900147,174
0.3844010845099767,174
0.4764267333632352,174
0.568353369080013,174
0.6462035142807848,174
0.7281211429266817,174
0.7547800877122767,174
0.7811930813817866,174
0.862258445563782,174
1.9921761863856204,174
3.637305747809876,174
5.468684207740296,174
7.120237719359864,174
7.216986987832058,174
7.258394915702809,174
7.354483325126637,174
7.454521412121449,174
7.499276198948434,174
7.543762880318223,174
7.58799510365153,174
7.63198519401531,174
7.6757443374667425,174
7.774282731995111,174
7.872609712917683,174
7.970733857915309,174
8.013663075679371,174
8.056404681246818,174
8.153965460431923,174
8.251351725258624,174
8.348569361911785,174
8.390623872428366,174
8.487520411117854,174
8.529263816519448,174
8.570858639559399,174
8.61230916845704,174
8.653619450835633,174
9.379494520209404,174
9.46803305533946,174
9.502367025294305,174
10.231420153979446,174
11.880336815120774,174
12.612848887475886,174
12.652084142379772,174
12.691193036768157,174
12.730178685480164,174
12.7690440534779,174
12.80779196641026,174
12.901425120206728,174
12.939946089810016,174
14.074101132760632,174
15.21036596936317,174
17.043521574565,174
17.084799186470494,174
17.125961018962673,174
17.163188714097327,174
18.589255619160458,174
18.62893253177323,174
18.668515607851745,174
18.708006576062424,174
18.74740710253074,174
18.786718794174984,174
18.82594320180721,174
18.86508182302133,174
18.9041361048864,174
18.94310744646105,174
18.981997201143905,174
19.020806678873,174
19.059537148186124,174
19.09818983815306,174
19.1917659401893,174
19.23026660976037,174
19.26869296798484,174
20.68690654112885,174
20.71958824897931,174
21.44690737289243,174
22.175618984823863,174
22.96062317562441,174
22.99740618352748,174
23.03411626840728,174
23.070754478546785,174
23.10732183251705,174
23.14381932042275,174
23.180247905079103,174
23.2166085231248,174
23.2529020860752,174
23.28912948131978,174
23.32529157306752,174
23.36138920324342,174
23.397423192339524,174
24.528459692902192,174
26.22883555807711,174
26.26471185775565,174
26.3005272553414,174
26.336282483729324,174
26.371978258384647,174
26.40761527795729,174
26.49819422486783,174
26.533715765866503,174
0.1000728384154291,175
0.1966799409280585,175
0.3062383792679169,175
0.421289879051116,175
0.5338413819345503,175
0.6468928858312636,175
0.7599443897279768,175
2.769547651675609,175
2.8721778124245674,175
2.9716843768629104,175
3.065849180487064,175
3.10376581844416,175
3.13933234211531,175
3.1757122456702263,175
3.263869810071853,175
3.993896889654067,175
4.085776786473659,175
4.122656687316564,175
4.159536588159469,175
4.196416489002374,175
4.233296389845279,175
4.270176290688184,175
4.307056191531089,175
4.391504618492988,175
5.124306294289497,175
6.613559696045783,175
7.357763263550666,175
8.800071331826118,175
8.856084956941274,175
8.91209858205643,175
8.968112207171586,175
9.024125832286742,175
9.135139453378583,175
9.19115307849374,175
9.247166703608896,175
9.303180328724054,175
9.414193949815896,175
9.470207574931052,175
9.526221200046209,175
9.637234821138051,175
9.693248446253207,175
9.749262071368364,175
9.80527569648352,175
9.861289321598676,175
9.917302946713832,175
9.973316571828988,175
10.029330196944144,175
10.140343818035989,175
11.352942141858009,175
13.363210114804176,175
15.3774487107667,175
17.85398187514915,175
19.727041511558944,175
22.452576037951296,175
25.316355452810264,175
28.408017734952352,175
29.60318948857396,175
29.699748953527457,175
29.796308418480955,175
29.89286788343445,175
29.98942734838795,175
30.08598681334145,175
30.182546278294943,175
30.27910574324844,175
30.430665208201937,175
30.52722467315544,175
30.62378413810893,175
30.775343603062428,175
30.871903068015925,175
30.968462532969426,175
31.06502199792292,175
31.161581462876416,175
31.25814092782992,175
31.40970039278341,175
31.506259857736907,175
31.602819322690404,175
31.6993787876439,175
31.7959382525974,175
31.892497717550896,175
31.9890571825044,175
32.08561664745789,175
32.23717611241139,175
32.333735577364884,175
32.43029504231838,175
32.52685450727187,175
32.623413972225364,175
32.71997343717886,175
32.81653290213235,175
32.913092367085845,175
33.00965183203934,175
33.10621129699283,175
33.202770761946326,175
33.29933022689982,175
33.45088969185332,175
33.54744915680681,175
33.64400862176031,175
33.7405680867138,175
33.837127551667294,175
33.93368701662079,175
34.03024648157428,175
0.1000728384154291,176
0.1966799409280585,176
0.291259717900147,176
0.3900207349932387,176
0.4935593093114675,176
0.5536108090946665,176
0.6546829087911452,176
0.7501950456081237,176
0.8416116802273597,176
0.9211920840917434,176
0.9578636555252876,176
0.9912712170062864,176
1.020803051653346,176
1.045572717326721,176
1.0641787803052272,176
1.0740636136634554,176
0.0689802911384309,176
0.1000728384154291,177
0.1966799409280585,177
0.291759717900147,177
0.3854010845099767,177
0.4229267333632353,177
0.4595407744325241,177
0.5503840621026767,177
0.5855596928097065,177
0.6674513934351262,177
0.7488845480777081,177
0.8301904691554364,177
0.911299322376376,177
0.9922185806728656,177
2.4105307726360614,177
2.497218814323073,177
3.9732993511654193,177
4.062825974652892,177
4.151995976100093,177
5.341686208377009,177
5.433560278842574,177
7.082863595912581,177
8.789674189517623,177
10.96976080221904,177
11.069239955971366,177
13.369087081978446,177
13.471194852719432,177
14.617696155438548,177
14.66416139585746,177
14.71048298163188,177
14.811570477316504,177
17.058736395666724,177
19.509326290915137,177
22.461564692864737,177
25.80243491754307,177
25.923805109097056,177
28.99255548249688,177
30.854218157822423,177
30.92374735785449,177
31.04766552667024,177
33.81757302187424,177
33.934375011064645,177
34.05092834425073,177
34.11223536979292,177
34.17330765365413,177
35.67633361755149,177
37.68519308720058,177
37.74801760930247,177
37.86405298022713,177
39.019606082720415,177
40.17547699717964,177
40.287564403397695,177
42.29148734269823,177
42.40442703573193,177
42.517247064990656,177
42.57504349855866,177
42.6328164553472,177
42.6905660396644,177
42.803292355520384,177
42.91594952253784,177
44.77136980784776,177
44.89003388019806,177
45.00863001232477,177
47.1530179819299,177
49.16501093749838,177
49.27730551456051,177
49.38955841307478,177
51.24460571861299,177
51.36294894812573,177
51.48134819140387,177
51.586150509321214,177
54.68542371412468,177
57.68751750608635,177
58.44367569634142,177
58.56144681992611,177
60.01124388332583,177
60.07479911399422,177
60.138407430761816,177
60.20206940330924,177
60.26578561367664,177
60.32955665667033,177
60.439169158828015,177
60.54881648499941,177
60.65760885704732,177
63.60323130120015,177
63.71564737488007,177
64.4665899031279,177
65.91636709774197,177
65.97997077197675,177
66.09869827993315,177
66.2173541155948,177
66.28126034656911,177
66.40023543861653,177
66.46428035336571,177
67.6824807153647,177
67.80184278316094,177
69.25313474333842,177
69.37306968031528,177
70.53710514005277,177
70.65750642924915,177
72.33313117615032,177
0.1000728384154291,178
0.1966799409280585,178
0.3027726433651173,178
0.4178241431483163,178
0.5328756429315153,178
0.6479271427147144,178
0.7634786424979134,178
1.9228023348196908,178
2.0385137257918284,178
3.7673096118315614,178
6.324485963378804,178
9.29369587281789,178
12.681503685107934,178
16.447239589285896,178
19.001827444132623,178
21.79975064048529,178
24.525405997079623,178
24.63111199621241,178
24.736817995345213,178
24.842523994478007,178
24.9482299936108,178
25.0539359927436,178
25.214641991876395,178
25.32034799100919,178
25.426053990141984,178
25.53175998927478,178
25.637465988407573,178
25.743171987540368,178
25.848877986673163,178
26.00958398580596,178
26.115289984938755,178
26.22099598407155,178
26.326701983204345,178
26.43240798233714,178
26.53811398146993,178
26.64381998060273,178
26.749525979735523,178
26.85523197886832,178
27.01593797800112,178
27.12164397713391,178
27.227349976266705,178
27.3330559753995,178
27.43876197453229,178
27.54446797366509,178
27.650173972797884,178
27.75587997193068,178
27.91658597106348,178
28.02229197019627,178
28.127997969329066,178
28.23370396846186,178
28.33940996759465,178
28.44511596672745,178
28.550821965860244,178
31.421524069396767,178
33.92839498940604,178
36.60378700068806,178
39.409763310475256,178
42.08791808989416,178
44.7672873424031,178
47.77365575646583,178
51.03747841998782,178
54.37599792403646,178
57.541614529808825,178
60.9224764236536,178
64.04217739268834,178
67.49993054764789,178
71.02825079391928,178
71.21037365852852,178
71.33749652313776,178
71.46461938774699,178
71.59174225235623,178
71.71886511696546,178
71.8459879815747,178
71.97311084618393,178
72.10023371079316,178
72.2273565754024,178
72.35447944001163,178
72.48160230462086,178
72.6087251692301,178
72.79084803383934,178
72.97297089844858,178
73.10009376305781,178
73.28221662766705,178
73.40933949227629,178
73.53646235688552,178
73.66358522149476,178
73.79070808610399,178
73.91783095071322,178
74.04495381532246,178
74.17207667993169,178
74.29919954454093,178
74.48132240915017,178
74.6084452737594,178
74.79056813836864,178
74.91769100297788,178
75.04481386758711,178
75.17193673219634,178
75.29905959680558,178
75.42618246141481,178
75.55330532602405,178
0.1000728384154291,179
0.1966799409280585,179
0.291259717900147,179
0.3819010898059507,179
0.4172600738292833,179
0.4517074495142599,179
0.5264046758001943,179
3.186661300021996,179
5.480490025836815,179
5.576584202010025,179
8.571316343504776,179
11.40368573578388,179
14.465368922188205,179
18.06547706750449,179
20.220295820066987,179
20.29661001949878,179
20.37407825105087,179
20.4530494099894,179
20.52873693859342,179
20.605444943979155,179
20.68343654859913,179
20.81815953440269,179
20.900552932635907,179
21.044065208027234,179
21.19499521661533,179
21.290925225203424,179
21.38685523379152,179
21.482785242379613,179
21.578715250967708,179
21.674645259555803,179
21.770575268143897,179
21.921505276731992,179
22.017435285320087,179
22.11336529390818,179
22.26429530249628,179
22.36022531108437,179
22.456155319672465,179
22.55208532826056,179
22.64801533684865,179
22.74394534543675,179
22.839875354024844,179
22.93580536261294,179
23.03173537120104,179
23.12766537978913,179
23.223595388377223,179
23.31952539696532,179
23.415455405553413,179
23.511385414141508,179
23.6073154227296,179
23.758245431317697,179
23.85417543990579,179
25.952456913858136,179
28.248775591559664,179
30.834879408963005,179
33.13475472631193,179
33.23740546632464,179
33.340056206337344,179
33.44270694635005,179
33.54535768636276,179
33.70300842637546,179
33.80565916638817,179
33.90830990640087,179
34.01096064641358,179
34.113611386426285,179
34.21626212643899,179
34.3189128664517,179
34.4215636064644,179
34.52421434647711,179
34.681865086489815,179
34.78451582650252,179
34.887166566515226,179
34.98981730652793,179
35.09246804654064,179
35.195118786553344,179
35.35276952656605,179
35.45542026657876,179
35.55807100659146,179
35.66072174660417,179
35.76337248661687,179
35.86602322662958,179
35.968673966642285,179
36.12632470665499,179
36.2289754466677,179
36.3866261866804,179
36.48927692669311,179
36.59192766670581,179
36.69457840671852,179
36.797229146731226,179
36.89987988674393,179
37.00253062675664,179
37.16018136676934,179
37.26283210678205,179
37.42048284679476,179
37.52313358680746,179
37.62578432682017,179
37.72843506683287,179
37.83108580684558,179
37.933736546858285,179
38.03638728687099,179
38.139038026883696,179
0.1000728384154291,180
0.1966799409280585,180
0.2878527012577617,180
0.3269350693147136,180
0.4260100815222211,180
0.5310646462962575,180
0.6379942092821546,180
0.6899237725660748,180
0.7968533355519719,180
0.903782898537869,180
0.9461700375900216,180
0.9840866755471176,180
1.019653199218268,180
1.0560331027731844,180
1.144190667174811,180
1.1735141686872193,180
1.1981171685979315,180
1.2165982313231178,180
1.2263997318000146,180
0.2212746860236474,180
0.1000728384154291,181
0.1406927102324223,181
0.1793281752273316,181
0.2715468281657047,181
0.3631627672560069,181
0.4491257854945514,181
0.5343242698557231,181
0.5662347601003501,181
0.5975599699861858,181
0.6283612848467681,181
0.658688429857001,181
0.6885825024194572,181
1.468148492390618,181
2.946866297046101,181
3.0357204013265733,181
4.919846945325292,181
5.011750363627828,181
6.20367338589803,181
6.296770230750001,181
6.389624372939027,181
8.226930505861459,181
10.221768140650934,181
12.273249513916504,181
14.27238583827273,181
16.949807627180014,181
19.261880667257355,181
21.52127926798336,181
24.28044557920025,181
25.093629980701586,181
25.1538552320304,181
25.21386659274915,181
25.27367283857117,181
25.333282053384377,181
25.392701707967475,181
25.451938727199387,181
25.51099954779064,181
25.62497114158029,181
25.68385507297613,181
25.74265285247253,181
25.8013659393903,181
25.859995744433927,181
25.910627802028785,181
25.9611914080256,181
26.01168748690641,181
26.054249762810727,181
26.09678182714276,181
26.13928386135449,181
26.18175604473129,181
26.22419855443049,181
26.266611565519057,181
26.308447375492467,181
26.350242511214844,181
26.39199730089698,181
26.41962532779965,181
26.447219262708163,181
27.162440846551394,181
28.79861719428394,181
28.82532773620281,181
28.852010515395737,181
28.87866568459961,181
28.905293396551347,181
28.931893800262547,181
28.958467044744825,181
29.67235729924236,181
29.6941896275321,181
30.41117491281424,181
30.490002338651752,181
30.513819123495555,181
30.53762529312465,181
30.56142086802814,181
30.585205872420406,181
30.6089803286532,181
30.63274425907824,181
30.656497684184647,181
32.29148241585884,181
32.31700847751293,181
32.34251379302535,181
32.367998446215125,181
32.393462524626585,181
32.41890611021611,181
32.49932928650472,181
32.52192368625495,181
32.5444978427777,181
32.56705183802936,181
32.58958575210366,181
32.61208969621751,181
32.63457376031968,181
33.75565034418199,181
33.83309488265607,181
33.85551977424714,181
33.87792509688828,181
33.90031092508528,181
35.77466075762007,181
37.19126336916182,181
39.3603081022093,181
41.40420431468281,181
43.75421282593779,181
46.2035574968381,181
48.33697375910388,181
51.03381078161986,181
0.1000728384154291,182
0.1966799409280585,182
0.291259717900147,182
0.3849010845099767,182
0.4774267333632353,182
0.5691673634724456,182
0.6604587119360465,182
0.7515584660781368,182
0.8275773893041343,182
0.8566326722206706,182
0.9404992534972928,182
1.0204339995242857,182
2.2042647375919127,182
2.234397612438371,182
2.2579772955931925,182
2.2781244999923014,182
2.29167721971946,182
2.305176176057031,182
2.318621939905753,182
2.332015071921816,182
2.345356119722893,182
2.3586456206821107,182
2.371884100996723,182
2.385072075688114,182
2.3982100504644417,182
2.411298519857993,182
2.424337969087829,182
2.4373288740597867,182
2.450271702297797,182
2.463166911081245,182
2.5310149452842974,182
2.598816249445846,182
2.666571263150146,182
2.679280403927734,182
2.6919440896444224,182
2.7045627300821447,182
2.7171367275722527,182
2.729666476995518,182
2.742152365782132,182
2.7545947767056727,182
2.7669940832264923,182
2.779350655079653,182
2.791664853618314,182
2.8589370324470305,182
2.8711675469957494,182
2.8833567387618326,182
2.8955049467466973,182
2.907612504363825,182
2.9196797394387626,182
2.93170697420912,182
2.998694525957873,182
3.064584227205088,182
3.0788679438837074,182
3.093094298542311,182
3.1072639431067013,182
3.1213775108762287,182
3.1354356258370184,182
3.20438464723604,182
3.220496540815404,182
3.2915904800601505,182
3.3626665304608845,182
3.3787247556455635,182
3.3947652205087446,182
3.4107879846550726,182
3.426793113277128,182
3.4427806659795546,182
3.4587507060922884,182
3.4725578724600576,182
3.5413650348045134,182
3.552704731860032,182
3.5640098265566134,182
3.623708847836425,182
3.632153873258104,182
3.640581978411248,182
3.641970601906834,182
3.693172738930045,182
3.683304397431968,182
3.7197737638334014,182
2.686299318490384,182
0.1000728384154291,183
0.1966799409280585,183
0.291759717900147,183
0.3854010845099767,183
0.4779267333632352,183
0.569540774432524,183
0.6578840669072707,183
0.7455596979535659,183
0.8329028840936263,183
0.8658507894552787,183
0.8985800798810561,183
0.9859483893788894,183
1.0584313478149017,183
1.7800595369018155,183
2.910258730856284,183
3.636667093244895,183
3.71007684430252,183
4.487976348010405,183
6.131644880381926,183
8.424009716121063,183
10.547300970164642,183
10.639968385902748,183
10.732881939021452,183
12.159320151416168,183
12.254115669039592,183
14.598913280276165,183
17.211556998995647,183
20.15493902376066,183
23.358662692812786,183
23.470889491943225,183
27.15067492839717,183
29.417889282507225,183
31.68609040711885,183
33.83724139267411,183
33.963546576066385,183
34.03447775339325,183
34.16006096426111,183
34.285318857162245,183
34.355271311603474,183
34.4249359167856,183
34.494328345934946,183
34.56346265325727,183
34.63235151252861,183
34.70100641099241,183
34.76943780856163,183
34.83765526975482,183
34.90566757396462,183
34.958524060255314,183
35.011288911855246,183
35.06396377906802,183
35.17156780586245,183
35.22410198376181,183
35.276567273592974,183
35.32581681088212,183
35.37501029372814,183
35.42414834425452,183
35.47323156968358,183
35.52226056606176,183
35.571235910809065,183
35.675158181047465,183
35.72402792871597,183
35.77284569740894,183
35.876612026995446,183
35.98032743931415,183
36.08399244845512,183
36.13260755763056,183
36.23617325798276,183
36.28869003537991,183
36.39615836278556,183
36.4402883565521,183
36.48438257635591,183
36.52644653902409,183
39.85373340088688,183
43.73232077531972,183
46.63068002784835,183
49.09531019972309,183
49.15187183321227,183
49.26343820379323,183
49.37498801415087,183
49.43150721457066,183
49.540135355316295,183
49.5937401859964,183
49.64732181477873,183
49.70088034883177,183
49.80941589433856,183
49.86292855651023,183
49.91641843959921,183
53.92661746195326,183
55.99202571840101,183
58.36059453001762,183
58.42654190136518,183
58.49245318775683,183
61.179939242170576,183
61.24731767099062,183
61.31454268810824,183
61.38161886076742,183
61.44855049211149,183
61.51534164344832,183
61.58199615408099,183
61.69283613831918,183
0.1000728384154291,184
0.1966799409280585,184
0.3062383792679169,184
0.421289879051116,184
0.5363413788343151,184
0.6479271427147144,184
0.7420677706055936,184
0.7825799077205953,184
0.8739965423398313,184
0.9634380652957256,184
1.044213415627986,184
1.1201080470733935,184
1.1439384869687852,184
1.1685414868794974,184
1.2420225474440154,184
1.2518240479209122,184
0.246699002144545,184
0.1000728384154291,185
0.1966799409280585,185
0.291759717900147,185
0.3854010845099767,185
0.4692853386079152,185
0.554398849097379,185
0.6388446981583913,185
0.7227016309772809,185
2.703947387126573,185
2.794129050758966,185
2.829161449757703,185
2.9186377222215016,185
2.9529077778135617,185
3.041979789224752,185
3.075861300763973,185
3.164627331731208,185
3.197395789859184,185
3.23001173460234,185
3.260701881212481,185
3.291288073596843,185
3.3217724314456065,185
3.407156986606606,185
3.4924436932926257,185
3.5226344237600644,185
3.607730991629251,185
3.692735135046133,185
3.7226485288267215,185
3.807472792876252,185
3.8372094924126943,185
3.866860130292662,185
3.896426163104661,185
3.918913900343069,185
3.941319804129489,185
3.963645189491399,185
3.9858913342033695,185
3.999121253800877,185
4.012304661286362,185
4.02544198506821,185
4.03853364796687,185
4.051580061626919,185
4.064581632105001,185
4.077538758007177,185
4.781166403976568,185
6.410973280159124,185
6.431284436446913,185
6.446216280062981,185
8.078709060748405,185
8.156722011466808,185
8.179693352853246,185
8.202623429199047,185
8.215170139869041,185
8.225270655428357,185
9.395496633326,185
9.46708337632317,185
9.4836433794846,185
10.602140155111735,185
10.621972147797532,185
10.64175219317276,185
10.661480823953934,185
10.68115856354434,185
10.700785924171395,185
10.72036340874929,185
10.739891510878987,185
10.759370712985582,185
10.775448108514135,185
10.846501352687664,185
10.862530554135628,185
10.878535835494583,185
10.894517304797954,185
10.910475077529735,185
10.926409265448637,185
10.942319980313368,185
11.013207329859323,185
11.029071422715967,185
11.0449123666187,185
11.060730269600937,185
11.076525239696092,185
11.09229737748701,185
12.496105613609142,185
12.51358555299539,185
12.531031823207922,185
12.548444647764152,185
12.565824250181503,185
12.583170848389454,185
12.600484660317488,185
12.617765898307152,185
12.635014774699991,185
12.652231496249623,185
12.669416267847009,185
12.686569294383116,185
12.703690775160975,185
12.720780907620972,185
12.792839883317535,185
12.809867904012387,185
12.826865153809376,185
12.843831822698302,185
12.860768096943684,185
12.932674156924076,185
12.94955018950004,185
13.021396369164176,185
0.1000728384154291,186
0.1971799409280585,186
0.2889871306577994,186
0.3794892512606923,186
0.4647074051546399,186
1.189131588523323,186
2.38114407580025,186
3.520553460272821,186
3.5618499647374686,186
5.216042986698148,186
7.056004224347039,186
7.1037587674661165,186
7.206102823774257,186
7.3080675513285245,186
7.354679709961154,186
7.400962531468845,186
7.4469363743801935,186
7.492619226095327,186
7.538027094431723,186
7.583174317440945,186
7.625650213580354,186
7.6679459100373455,186
7.71006767591391,186
7.752021358736481,186
7.793812425600523,186
7.890445999129268,186
7.931926889038713,186
7.973259619960125,186
8.014448456058789,186
8.05549742289724,186
8.096410326918067,186
8.137190772861658,186
8.23284217938547,186
8.2733677931111,186
8.368770701292151,186
8.40905384326809,186
8.504220020846155,186
8.54427190773384,186
8.584212058128065,186
8.679042914553227,186
8.773766815028482,186
8.813385999634512,186
8.852902616541376,186
8.947318727551634,186
8.986636313206496,186
9.025857277497224,186
9.064983452219233,186
9.104016601002083,186
9.142958423045048,186
9.18181055658458,186
9.220574582117363,186
9.25925202540009,186
9.297844360244968,186
10.71910036687192,186
11.448638387497136,186
12.585629626943303,186
14.57112949659638,186
14.610626987965192,186
14.650033920584288,186
14.744351905495568,186
14.783582497420475,186
14.877727197662708,186
14.971787456814798,186
15.01076467728489,186
15.049660215658385,186
15.08847538490772,186
15.127211456462334,186
15.220869662149632,186
15.259451196016933,186
15.2979572160433,186
15.33638884574954,186
16.468534797094904,186
18.29799205173869,186
18.335623135292973,186
18.428188395111803,186
18.46568868650032,186
18.50312484282104,186
18.54049767632756,186
18.577807978956542,186
18.615056523080646,186
18.652244062224604,186
18.689371331746845,186
18.78143904948861,186
18.817804170010973,186
18.854115526574454,186
18.89037369114691,186
18.92657922365443,186
18.962732672357657,186
18.99883457421259,186
19.034885455216656,186
19.07088583074079,186
19.106836205848246,186
19.14273707560079,186
20.271180654158968,186
21.402044582127967,186
23.04726170381132,186
23.08299306580548,186
23.11867703407988,186
23.20931405365252,186
23.24490456126185,186
0.1000728384154291,187
0.1966799409280585,187
0.2942489029039251,187
0.3930099199970168,187
0.4913914837577901,187
0.5861251764634214,187
0.6799259372690283,187
0.7735183351376616,187
0.8669107072690092,187
0.9051107466855608,187
0.997138783399161,187
1.7289866060653292,187
3.5636516661086644,187
4.706737980310019,187
6.362836942140159,187
6.4639890716114605,187
6.508790720317658,187
6.607680764112767,187
8.739991696877802,187
10.994589171846616,187
11.092101260562648,187
13.084025904079189,187
14.929647137457565,187
15.03817820259536,187
17.657569882359155,187
20.173369665360543,187
22.724749404963383,187
25.84649247951762,187
28.91800282313202,187
29.048441780210737,187
29.167830270217813,187
32.00954510939619,187
34.855624027168346,187
34.93076161870637,187
35.06337269145358,187
37.14389678435698,187
37.27445607712399,187
39.43076801030938,187
41.58859751752133,187
43.05440951871432,187
43.82767947134963,187
45.00706456556534,187
45.13943298567309,187
46.31587409453829,187
47.54767429862611,187
49.23585274064236,187
49.36928155457163,187
49.44768297117208,187
49.52605713974869,187
49.60440420798796,187
49.73772432198405,187
49.87101762626444,187
50.00478748144385,187
50.13635658329277,187
51.30629128512796,187
52.47663770984147,187
52.602837775865446,187
54.62122527534885,187
56.69594575348682,187
58.56303549962553,187
58.69195449625177,187
60.71327865925671,187
62.636935857490414,187
64.50696337413572,187
64.6388562231578,187
66.66229842333007,187
68.82015602448129,187
70.74579245720861,187
72.90494305941831,187
72.97780504959412,187
73.10431431081888,187
74.56252517151266,187
76.42702232780442,187
78.85879993422023,187
80.03151838326328,187
80.10440202936171,187
80.17721489571399,187
80.24995797030502,187
80.37763221391722,187
80.5052385612388,187
80.63178148645775,187
83.58484471454332,187
85.65187465742218,187
85.71786362982972,187
85.83872511657759,187
85.90162863556095,187
85.96437235399263,187
86.07008117660062,187
88.52138608916776,187
91.14240998252409,187
93.91451104526163,187
94.02095033769253,187
94.07243676651956,187
94.17873073537592,187
96.94147373159171,187
99.83760348203568,187
101.8477803895997,187
103.52237407794333,187
103.64261180616631,187
105.31817918528624,187
0.1000728384154291,188
0.1966799409280585,188
0.236259717900147,188
0.2744010845099767,188
0.3664267333632353,188
0.3991383097581602,188
0.4861715568273194,188
0.5605664038855992,188
0.6279718065459691,188
0.6949059301812611,188
0.7020197957579456,188
0.7089951485220752,188
0.7670051976863704,188
0.7656921786081455,188
0.7642786535259746,188
0.7627666031301431,188
0.8161579293489866,188
0.8144544679496847,188
0.8126579806965254,188
0.8657701671880148,188
0.9182926625769996,188
0.9096932238724492,188
0.8923699739214442,188
-0.1399017688992955,188
0.1000728384154291,189
0.1882874682234385,189
0.2753414288563349,189
0.3611509092521482,189
0.4440739788484388,189
0.5273568071794325,189
1.6566570438813977,189
2.441460106758984,189
3.1731270135320147,189
3.2661482429439843,189
3.3579248559739936,189
3.4497220601454863,189
4.181197592976862,189
5.370004827737978,189
5.459193317160729,189
5.494624054657223,189
5.584718531018671,189
5.671805521494326,189
5.703647648936686,189
5.790203979259905,189
5.821539564079222,189
5.852663733086166,189
5.883585067486939,189
5.9143114723475545,189
5.944850267863449,189
5.975208234062967,189
6.060313146582422,189
6.147964473486999,189
6.180492641455628,189
6.267760086856726,189
7.388699580036047,189
7.46593691786373,189
7.543085951410178,189
8.67153955283355,189
8.70129557567429,189
8.78596773910696,189
8.815557426442785,189
8.845065976095501,189
8.874494683732323,189
8.903844804289667,189
8.98030979258093,189
9.056699023368685,189
9.078069490167229,189
9.099421263459057,189
9.12075441774997,189
9.142069016369907,189
9.163365133824676,189
9.184642833444206,189
9.205902186009018,189
9.227143254849045,189
9.30336611417207,189
9.324570820453491,189
9.400730439248411,189
9.47689904344353,189
9.500228748443453,189
9.523594817864623,189
9.546997516202657,189
9.57043711540374,189
9.648830626877873,189
11.063518856438725,189
11.146830227943983,189
11.925522473427383,189
13.057272937866776,189
14.758476999374954,189
14.85037705001506,189
14.942209725054829,189
16.080033664378256,189
18.42709911313924,189
18.52662016895685,189
18.626090255352587,189
21.127979484173387,189
21.23162482378158,189
22.946278673383325,189
23.05187877711925,189
25.99849661883983,189
26.109508176120848,189
29.11427845505151,189
32.31420363930139,189
32.431316305669874,189
35.81031029370698,189
37.82820937143954,189
37.95453957970653,189
39.18005689810068,189
39.306799751447954,189
39.43313421464016,189
41.114730153268326,189
41.2411771068864,189
43.44813684672765,189
45.13061965161461,189
45.25870609555314,189
45.38664184315379,189
45.5147143981945,189
45.63141906331892,189
47.4859342582118,189
47.57285518269653,189
50.02985353093261,189
50.78253937583084,189
50.897156008292384,189
50.95685179229493,189
51.06191540207381,189
0.1000728384154291,190
0.1966799409280585,190
0.2879871306577994,190
0.3737392527619674,190
0.458457405642636,190
2.3453926105359493,190
5.397118067606279,190
5.503014074153684,190
8.32250482789888,190
10.633177591680711,190
14.030423265058488,190
16.986060630112817,190
17.044448902488963,190
17.15714007718886,190
17.21452410139323,190
17.268904665350096,190
17.32303219913007,190
17.376918893154315,190
17.43057581702217,190
17.484013067318372,190
17.53522085709363,190
17.586243551106712,190
17.637087757544062,190
17.687759628968223,190
17.738264907873504,190
17.788608966363828,190
17.83879684087121,190
17.888833262666253,190
17.938722684779513,190
17.98846930584644,190
18.03807709130316,190
18.087549792291107,190
18.136890962571883,190
18.186103973707528,190
18.235192028722924,190
18.33915817443548,190
18.38800531261071,190
18.43673621008021,190
18.48535350793999,190
18.533859729931265,190
18.637257290092577,190
18.682915292202857,190
18.728482229401333,190
18.828959730628007,190
18.87434936756959,190
18.91965265762592,190
18.96487106667493,190
19.01000601165298,190
19.05505886296565,190
19.10003094674287,190
19.14492354695051,190
19.189737907369885,190
19.23447523345521,190
19.33413669407833,190
19.37872342316913,190
19.423236521259284,190
19.46767705693644,190
19.51204606821515,190
19.61134456383045,190
19.6555735244595,190
19.68780760459532,190
19.71210267014732,190
19.736365161760943,190
19.760595291777747,190
19.83979326479067,190
19.86395929001202,190
19.888093568309444,190
19.91219630084862,190
19.936267685069936,190
20.015307921841043,190
20.03931719429721,190
20.11829570300808,190
20.14224362365832,190
20.16616114966501,190
20.1900484635674,190
20.268905751331943,190
20.292733184918063,190
20.31653094656696,190
20.340299207641976,190
21.7470577544712,190
21.76749493546714,190
21.84290528662433,190
21.863288942649262,190
21.883646050392883,190
21.90397674955358,190
21.92428117982973,190
21.94455947719445,190
21.96481177762081,190
21.98503821521928,190
22.06023892193963,190
22.08041403435101,190
22.100563678815263,190
22.120687985717552,190
22.140787083580392,190
22.160861097201007,190
22.180910151376622,190
22.200934370904463,190
22.22093387871911,190
22.24090879775514,190
22.260859247221845,190
0.1000728384154291,191
0.1966799409280585,191
0.291259717900147,191
0.3844010845099767,191
2.429353570843299,191
4.932517088040218,191
5.037592258258126,191
5.14272745550091,191
6.6357882175748575,191
6.7419968560993855,191
6.847482588479858,191
8.692061465164723,191
8.799484004683826,191
8.906428168153312,191
9.008560130929496,191
11.461688912561735,191
11.508088572970234,191
11.609158731153808,191
11.65491977249702,191
11.700389689853989,191
11.745584516874157,191
11.845457985153995,191
14.604019357910952,191
18.193855362878004,191
21.81468384517197,191
23.731052594456177,191
25.24194142137,191
25.31118797382381,191
25.43494619681013,191
26.657319251055007,191
27.87979117835017,191
29.33518926970184,191
29.45895968033136,191
29.58236552600621,191
29.705431591357275,191
31.620785109029192,191
31.74406174019959,191
33.47715858813322,191
34.98735718087274,191
35.10874550620401,191
37.02247744478761,191
37.14418224460195,191
37.26558109792957,191
38.9968923701484,191
39.11847341291367,191
40.84993582670669,191
40.97167639715408,191
41.09313831064114,191
42.3134041890316,191
42.43493306826382,191
42.55635245969798,191
44.62445615678004,191
44.74653458756137,191
46.66096796550208,191
46.78350453374157,191
48.9862911675816,191
50.71949733086523,191
52.45315592089947,191
52.57397837150794,191
52.69469166372495,191
52.81528134324784,191
52.935696928496384,191
54.1000063722746,191
54.16560800812962,191
54.28603142461538,191
55.04475830641997,191
56.72028988607502,191
56.8412891527903,191
56.95699203724892,191
58.80564571137459,191
58.91511406714947,191
60.91638126189739,191
60.96890443156392,191
61.02139563823969,191
61.12885508651764,191
61.23627725954086,191
62.73058072443039,191
63.88261834497482,191
63.93601922656328,191
63.98939572985203,191
64.09773495013744,191
64.20602060074836,191
66.20616651291877,191
67.41439498181373,191
69.07906831021339,191
70.23326147313148,191
72.23555148358375,191
72.34689212555915,191
72.45819371159106,191
72.5694565471533,191
72.6806626763466,191
72.79180502111942,191
72.90287678654224,191
73.01387894864112,191
74.7348059486869,191
76.58864469242319,191
76.64179355067238,191
76.74990387422069,191
76.85794038486704,191
78.29773897838815,191
0.1000728384154291,192
0.2151243381986281,192
0.3301758379818272,192
0.4452273377650263,192
0.5602788375482254,192
0.6753303373314244,192
0.7764024370279031,192
0.8169145741429048,192
0.9083312087621408,192
1.6958050065602976,192
2.8970079951848704,192
2.996132925983878,192
4.140683845516653,192
4.187534102138491,192
4.235500079479428,192
4.339904461887093,192
4.433793772843094,192
5.861935724404068,192
7.293122519638748,192
9.540649880554886,192
11.79630752143508,192
14.16156437433848,192
16.17196226559895,192
18.637226765439724,192
21.541939332970543,192
24.32403723686701,192
27.23371669216188,192
29.10145131173823,192
30.78679755972083,192
30.86218930719919,192
30.93711287665238,192
31.06626170387495,192
31.14036291168996,192
31.26941694934381,192
31.34342425768557,192
31.472385269400256,192
31.601469396266136,192
31.675485494871737,192
31.80443447837568,192
31.878317235745865,192
31.95213463270822,192
32.08032239570438,192
32.15345323208941,192
32.280751701651674,192
33.45168947859321,192
33.52373240581532,192
33.65050788961267,192
33.722029511783155,192
33.79330954106729,192
33.91935911481542,192
34.045188388614584,192
34.17066408478976,192
34.24094290513875,192
34.366032308898234,192
34.49093921064662,192
34.61567003786355,192
34.68523078065409,192
34.75462703492709,192
34.87886404007066,192
36.33488932195243,192
36.458664530370655,192
36.52730134685177,192
36.59580349892109,192
36.664174518560806,192
36.787417757204594,192
36.91053639923726,192
36.97853347418121,192
37.04641186772567,192
37.16900824291547,192
38.623285145658144,192
38.74583862587704,192
40.255068114895536,192
41.42182057085363,192
41.544763048423206,192
41.66743124986722,192
43.7368182963002,192
43.86015014234551,192
43.98321490722803,192
45.49301556455083,192
45.561458075338734,192
45.68480640824646,192
47.95155868370256,192
48.07601185469739,192
48.18895479618423,192
49.68867501198165,192
49.74702960952036,192
49.860059402425215,192
52.9248689149045,192
53.68357835990171,192
53.803796937283884,192
55.87078990806068,192
57.32356323984293,192
57.38986011755281,192
57.51098130151135,192
57.6318753211596,192
59.83317375492711,192
61.98038140817653,192
63.4897829395541,192
65.40523214765787,192
65.52870402303918,192
0.1000728384154291,193
0.1971799409280585,193
0.292259717900147,193
2.00018449759448,193
4.8155678965123005,193
4.917953894284517,193
4.964121782031805,193
5.00931094661072,193
5.108681970086844,193
5.207759865370543,193
5.251560871300251,193
5.350099523362667,193
5.393388901648075,193
5.490350824591667,193
8.102334123847038,193
11.205316115335751,193
14.672101377644784,193
18.129572012315823,193
21.586274631571253,193
22.80914749180519,193
22.93270412106673,193
24.793404929067588,193
26.86385486546757,193
28.086981624369,193
28.21118349281741,193
28.334958992480377,193
30.5389910535344,193
32.455841179660034,193
34.3731414052427,193
34.49834410183848,193
34.62314325045095,193
34.73763494396737,193
34.85214033134702,193
36.57697332718846,193
39.4029920537982,193
39.50974131273365,193
42.45257664369679,193
44.50910688089466,193
44.619509636333945,193
47.67254775660372,193
47.78091961043215,193
50.98873829092685,193
51.10525600283076,193
53.11377262000688,193
53.23128137813892,193
55.08646646529347,193
55.20478551069094,193
55.31803592273785,193
57.38315127739657,193
57.50210408623118,193
58.25946447992047,193
58.32363943199355,193
58.442728500814624,193
58.50690286220605,193
58.62600374198102,193
58.74502077958107,193
58.8640782072483,193
60.53821424141957,193
60.65797393037703,193
60.77762328693861,193
62.2840296322064,193
63.73589091618562,193
63.85636204511343,193
65.07577623589364,193
66.80659036705566,193
66.92787359212456,193
67.04896129545048,193
69.1167570807279,193
69.23854710680162,193
71.25202428311577,193
71.37452718275095,193
73.23445279755444,193
73.35742513458968,193
74.11873749980228,193
75.85185883236272,193
77.53047906626492,193
77.6544516629367,193
78.82230997661392,193
79.99043422579169,193
80.11484795131443,193
80.23584990347426,193
81.05017536624848,193
81.17128875326667,193
83.181659567633,193
84.85614101057304,193
84.92112972932424,193
85.0410105948823,193
87.10760500928914,193
88.96569761966312,193
89.07388750051105,193
90.2261005971297,193
90.33467576240146,193
90.44322545413816,193
90.55171713565431,193
90.65234961693132,193
93.47392120544755,193
96.57701769058548,193
96.68433367048348,193
97.4300812367066,193
99.9370759609803,193
0.1000728384154291,194
0.1966799409280585,194
0.291259717900147,194
0.3844010845099767,194
0.4780002870874338,194
0.5714643463029513,194
0.6508174188901615,194
0.6737661573633458,194
0.7468693951861272,194
0.7599050213558312,194
0.7692991522517656,194
0.8290144645986351,194
0.8274828401150897,194
0.8722321248455567,194
-0.1531446718768554,194
0.1000728384154291,195
0.1951485328719625,195
0.288285399673452,195
2.3330722236963464,195
6.088149811644739,195
6.207233508522338,195
6.331221351664995,195
6.460702256250993,195
6.546169283723672,195
6.631636311196351,195
6.77210333866903,195
6.9125703661417095,195
9.253161568299491,195
11.596310396579646,195
11.687234647523578,195
11.81870703967803,195
13.575369874674308,195
15.615204171157318,195
15.709128318585014,195
15.858052466012712,195
16.006976613440408,195
18.10338676249572,195
19.80938413988332,195
19.90594360483681,195
20.00250306979031,195
20.154062534743808,195
20.305621999697305,195
21.09573836914151,195
21.247707558025773,195
22.731768068085,195
22.829534217024328,195
22.98230036596366,195
23.08006651490299,195
23.177832663842324,195
23.275598812781656,195
23.428364961720987,195
23.58113111066032,195
23.67889725959965,195
23.776663408538983,195
23.911111749247667,195
26.44793474442804,195
27.64689253374655,195
29.134216380381403,195
31.182303474855228,195
32.383566503536045,195
32.52066287422788,195
33.299442330906594,195
34.781257902576066,195
35.98388327701392,195
36.14289636278368,195
37.633782903300805,195
37.73837508269804,195
37.84296726209528,195
37.94755944149252,195
38.10715162088975,195
39.87341878004151,195
40.033713762661975,195
41.28330249971761,195
41.430195103059816,195
41.57495048632789,195
41.73336861093266,195
41.88485526373182,195
42.02610345231416,195
43.56168134845852,195
43.69792504977027,195
43.830274541573694,195
45.00718013452219,195
45.140187646733374,195
46.3168460913682,195
46.44946693514219,195
46.58169582574646,195
46.71293762305034,195
48.17573035161112,195
48.30670573855578,195
49.075664489424014,195
49.14373096173302,195
49.266315132711085,195
49.33393394044654,195
49.45617743808713,195
51.370954735968986,195
51.49364626060488,195
52.25478410515303,195
52.32269519186471,195
52.390527947992666,195
52.51295451567615,195
52.580488658932026,195
52.64794491899326,195
52.76998612606795,195
53.99099928299879,195
54.11331153271821,195
54.180536707229614,195
54.24767629703131,195
54.36944488075004,195
55.53526257739813,195
55.60237341991158,195
55.72423306805246,195
55.84575890011255,195
57.35416464486067,195
58.11464832905093,195
58.23665461561966,195
0.1000728384154291,196
0.1928612428559448,196
2.082485627532203,196
2.178586436107292,196
2.2647411205316925,196
2.295002344667449,196
2.379505816518798,196
2.4593604762549544,196
2.538923080682292,196
2.5650614496762896,196
2.6459330913121843,196
4.470399439006581,196
4.502860966741576,196
5.918257418691649,196
7.392517748891844,196
7.480321500122084,196
7.567891452133193,196
7.655538130223288,196
7.743032503544821,196
7.831254090785517,196
7.919261868714823,196
8.007369931458964,196
8.040872666656508,196
8.074511155157818,196
8.108289189308419,196
8.197210773497357,196
8.285713508396878,196
10.405402496128811,196
10.439180530279412,196
10.469761222272648,196
10.500341914265883,196
10.585922605961098,196
10.616278297870888,196
10.646633989780678,196
10.731989681392443,196
10.762345373302235,196
10.847359247177376,196
12.825740404098765,196
15.169190950363411,196
17.756806917160286,196
20.207126684158577,196
23.26148468968226,196
23.37486144867493,196
26.38261887398316,196
29.687592546453093,196
31.37015023039426,196
31.49842708288249,196
34.027066100566635,196
36.35524388954613,196
38.68416247308626,196
38.814671287592006,196
40.55437734396971,196
42.98806323676499,196
43.11822239866195,196
43.2473646164236,196
43.37549978056716,196
45.295439229805886,196
45.41130925854009,196
46.57082761963171,196
46.65614131977123,196
49.541659155388295,196
51.85294775058788,196
53.75934783508343,196
53.87366624315542,196
55.88014860590261,196
58.07591863115591,196
58.19199853529495,196
58.30830212821525,196
60.034447157283246,196
60.0921162790553,196
60.20461244647664,196
60.31722032790345,196
62.67884981398743,196
62.78987643634242,196
62.845485405524194,196
62.95594241609138,196
66.36662294854682,196
66.48094029863637,196
66.59505088766377,196
68.65587480505269,196
68.77054159482282,196
69.57849739630979,196
71.63994477828305,196
71.75537492473882,196
71.87061920156043,196
74.01107826222938,196
74.11982011934083,196
76.5327022089557,196
79.41818046708863,196
81.93064808984559,196
82.04511089762013,196
82.15948666771214,196
82.27375714619916,196
82.38811031868022,196
82.50226915766757,196
85.01551688601535,196
86.74078560759585,196
86.85651885857146,196
88.91916715492766,196
89.02938750525277,196
0.1000728384154291,197
0.1416799409280584,197
0.236259717900147,197
0.3294010845099767,197
0.4214267333632353,197
0.513815235680668,197
0.6065973510058643,197
0.6992752958965465,197
0.7920050547224063,197
0.8849476116203602,197
0.9231124273311682,197
0.9615098431201506,197
1.0001512097299805,197
1.0390490428117476,197
1.068151308646556,197
1.093158074146267,197
1.172769897109028,197
1.1988698266950808,197
1.279906856319066,197
1.3058817782012186,197
1.331795350140091,197
1.3576483153310976,197
1.4384413980451785,197
1.4641753104088269,197
1.48985074316537,197
1.515468370592352,197
1.5410288557914458,197
1.5665328432378731,197
1.5919809625056944,197
1.6173738338557444,197
1.6427120589224062,197
1.6679962300268374,197
1.693226924589034,197
1.7184047088531218,197
1.7435301360247095,197
1.7686037499961815,197
1.793626081621405,197
1.818597650578376,197
1.843518967231866,197
1.86839053263342,197
1.8932128366587124,197
1.9729863595721684,197
1.997711573219057,197
2.022388939237352,197
2.102018911814447,197
2.126601936718579,197
2.1511384495106896,197
2.175628878599163,197
2.200073644941803,197
2.2244731620458325,197
2.2488278359678944,197
2.2731380653140505,197
2.297404241239782,197
2.376626749014612,197
2.400805967351552,197
2.424942266618963,197
2.449036011895295,197
2.528087558647748,197
2.552097268825527,197
2.631065480834004,197
2.654992543583866,197
2.733878784304615,197
2.7577245444563587,197
2.78153014411604,197
2.8052959036586245,197
2.829022136008497,197
2.852709154090043,197
2.931357259353753,197
2.954966756006833,197
2.978537938049193,197
3.057071095755454,197
3.0805665184316595,197
3.098966613834854,197
3.117222814312335,197
3.135339146902915,197
3.1533194151279886,197
3.1711672269312103,197
3.188885998403784,197
3.2064789779988487,197
3.223949250256773,197
3.2412997562942465,197
3.25853329939222,197
3.2756525505838354,197
3.288398132151123,197
3.301087846471127,197
3.313722311942037,197
3.381302132694181,197
3.393827897919472,197
3.4063001875338514,197
3.4187459512186607,197
3.4311390830708106,197
3.498480135066565,197
3.5107696358618696,197
3.523008116012569,197
3.5351960905400475,197
3.5473340651524623,197
3.559422534382101,197
3.571461983448025,197
3.6384528954086255,197
3.650395723482724,197
0.1000728384154291,198
0.1966799409280585,198
0.291259717900147,198
0.3864597581155855,198
0.481456888577918,198
0.5641758495187559,198
1.286934798321704,198
2.011346583924273,198
2.041245473287085,198
3.1771394599876066,198
4.659176432237546,198
5.4498043292405,198
6.59318309468123,198
8.081965694081104,198
8.18420998154024,198
8.231698219820224,198
8.279442924572146,198
8.327457965430419,198
8.375758798357893,198
8.479208896101115,198
8.523846594781277,198
8.568817751646636,198
8.61414620482981,198
8.659859461874364,198
8.70598962733209,198
8.752574650735257,198
8.799660092384217,198
10.639061099082824,198
10.68732848593652,198
10.73631137439668,198
10.78612953627169,198
10.836951049209237,198
10.889029136092065,198
10.942789582700131,198
11.054104155094024,198
11.115911794990897,198
11.183212494642136,198
11.250513194293378,198
11.31781389394462,198
11.38511459359586,198
11.507415292949078,198
11.57471599260032,198
11.64201669225156,198
11.709317391902802,198
11.776618091554043,198
11.898918790907262,198
11.966219490558505,198
12.033520190209744,198
12.155820889562962,198
12.223121589214204,198
12.290422288865445,198
12.412722988218665,198
12.480023687869904,198
12.547324387521146,198
12.614625087172389,198
12.736925786525603,198
12.804226486176846,198
12.871527185828088,198
12.938827885479329,198
13.061128584832549,198
13.128429284483788,198
13.19572998413503,198
13.26303068378627,198
13.330331383437512,198
13.45263208279073,198
13.519932782441971,198
13.587233482093213,198
13.654534181744454,198
13.776834881097672,198
13.844135580748912,198
13.911436280400157,198
13.978736980051396,198
14.046037679702636,198
14.11333837935388,198
14.18063907900512,198
14.24793977865636,198
14.315240478307604,198
14.382541177958844,198
14.449841877610083,198
14.517142577261328,198
14.584443276912568,198
14.65174397656381,198
14.71904467621505,198
14.786345375866292,198
14.90864607521951,198
15.030946774572728,198
15.09824747422397,198
15.16554817387521,198
15.232848873526452,198
15.300149573177691,198
15.367450272828934,198
15.489750972182152,198
15.557051671833394,198
15.624352371484637,198
15.691653071135876,198
15.758953770787118,198
15.82625447043836,198
15.8935551700896,198
16.015855869442817,198
16.083156569094058,198
0.1000728384154291,199
0.1966799409280585,199
0.291259717900147,199
0.3844010845099767,199
0.4214267333632353,199
0.5125407744325241,199
0.538607977343305,199
0.6066065728790602,199
0.672053694737657,199
0.7382814064748129,199
0.7461896892763218,199
0.7502002143427273,199
0.804458691285505,199
0.7975952332034251,199
0.782083758631303,199
-0.248385778150008,199
0.1000728384154291,200
0.2081928663930287,200
0.32324436617622776,200
0.38329586595942683,200
0.4983473657426259,200
0.6133988655258249,200
0.7144709652223036,200
0.7568581042744562,200
0.8497747344829485,200
0.9379030628063127,200
1.0228790653802797,200
1.7512347115137026,200
1.7911465851523325,200
1.8356399139322683,200
2.6348434885897083,200
2.732852702394907,200
4.447421794191782,200
5.602439408556406,200
5.702087928906862,200
5.800864679173414,200
5.843899337009375,200
5.941287932352011,200
5.983104479865019,200
6.079407749132101,200
6.112916366563026,200
6.200494469509308,200
8.031988204822724,200
8.071461481408065,200
8.110686772868817,200
8.204450198815053,200
8.243439228639787,200
10.289486200914567,200
12.285523922548478,200
14.643951685533708,200
17.19056561718959,200
20.411311954032783,200
23.32559860873547,200
26.462629248501866,200
28.353111617191267,200
28.506834516652614,200
31.84269474878447,200
33.73817186080175,200
33.88793070624483,200
36.33824749590766,200
38.88111756971253,200
41.41993963958736,200
41.556699272562575,200
41.69120136030474,200
43.21100460801415,200
43.34333612378481,200
45.08486482931919,200
47.00865391028646,200
47.13999623269752,200
47.26295675410301,200
47.385571136200994,200
48.83993503021277,200
48.96265783911321,200
51.11086604225929,200
51.22322669107015,200
52.89069142419393,200
53.003054062309815,200
54.15933410305078,200
54.216835765573336,200
54.329176625642134,200
54.44127119931872,200
55.25136702826842,200
55.3681195730924,200
55.48467066116751,200
57.15645356742709,200
58.60566129172299,200
58.723458750749295,200
58.84114293162242,200
61.03948702287195,200
61.15822238777953,200
61.27666208717426,200
62.494087743388704,200
62.612614216147634,200
64.06295796490326,200
64.18188522977897,200
65.34480320835982,200
65.40904564770172,200
65.52822562661474,200
65.64731440469599,200
65.76629095861485,200
66.929277725354,200
67.04238499903546,200
67.15547208698099,200
67.26851105907807,200
68.71361419324236,200
68.77239522146726,200
68.83114865797847,200
68.8898746542013,200
68.94857335990801,200
69.06221792742147,200
69.12102866512473,200
69.17981079317525,200
69.23856447434456,200
69.29728986956252,200
69.39926270283831,200
69.50125613696946,200
