population,babies,run_id
14,0,1
14,0,1
14,0,1
14,0,1
11,0,1
11,0,1
11,0,1
11,0,1
11,0,1
11,0,1
11,0,1
11,0,1
11,0,1
8,0,1
8,0,1
8,0,1
8,0,1
8,0,1
6,0,1
6,0,1
6,0,1
6,0,1
6,0,1
6,0,1
6,0,1
6,0,1
6,0,1
6,0,1
6,0,1
6,0,1
6,0,1
6,0,1
6,0,1
6,0,1
6,0,1
6,0,1
6,0,1
6,0,1
6,0,1
6,0,1
6,0,1
6,0,1
6,0,1
4,0,1
4,0,1
4,0,1
4,0,1
4,0,1
4,0,1
4,0,1
4,0,1
4,0,1
4,0,1
4,0,1
4,0,1
4,0,1
4,0,1
4,0,1
4,0,1
4,0,1
4,0,1
3,0,1
3,0,1
3,0,1
3,0,1
3,0,1
2,0,1
2,0,1
2,0,1
2,0,1
2,0,1
2,0,1
2,0,1
2,0,1
2,0,1
2,0,1
2,0,1
2,0,1
2,0,1
2,0,1
2,0,1
2,0,1
2,0,1
2,0,1
2,0,1
2,0,1
2,0,1
2,0,1
2,0,1
2,0,1
2,0,1
2,0,1
2,0,1
2,0,1
2,0,1
2,0,1
2,0,1
2,0,1
2,0,1
2,0,1
20,0,2
20,0,2
20,0,2
20,0,2
20,0,2
20,0,2
20,0,2
20,0,2
20,0,2
20,0,2
20,0,2
20,0,2
20,0,2
20,0,2
20,4,2
20,1,2
20,2,2
20,7,2
20,2,2
20,4,2
20,7,2
20,0,2
20,3,2
20,5,2
20,4,2
20,6,2
20,3,2
20,1,2
20,3,2
20,3,2
20,6,2
20,4,2
20,3,2
20,5,2
20,5,2
14,1,2
17,4,2
17,0,2
17,4,2
15,6,2
15,1,2
15,3,2
15,5,2
15,3,2
15,4,2
15,5,2
15,3,2
15,3,2
15,2,2
15,3,2
15,2,2
15,3,2
15,1,2
15,1,2
15,4,2
15,3,2
15,3,2
15,3,2
15,5,2
15,1,2
15,3,2
15,1,2
15,4,2
15,1,2
15,2,2
15,4,2
15,0,2
15,4,2
15,4,2
15,2,2
15,3,2
15,2,2
15,0,2
15,1,2
15,4,2
15,2,2
15,3,2
15,1,2
15,5,2
15,2,2
15,3,2
15,3,2
15,2,2
15,1,2
15,4,2
15,1,2
15,1,2
15,4,2
15,1,2
15,3,2
15,0,2
15,5,2
15,1,2
15,3,2
15,2,2
15,0,2
15,3,2
15,1,2
15,2,2
15,3,2
20,0,3
20,0,3
20,0,3
20,0,3
20,0,3
20,0,3
20,0,3
20,0,3
20,0,3
20,0,3
20,0,3
20,0,3
20,0,3
20,0,3
20,0,3
20,2,3
22,2,3
22,4,3
29,7,3
29,6,3
33,4,3
40,7,3
49,9,3
63,14,3
75,12,3
97,22,3
113,16,3
116,3,3
122,6,3
130,8,3
136,6,3
136,4,3
136,7,3
136,2,3
136,4,3
136,2,3
136,4,3
143,7,3
143,3,3
143,0,3
148,5,3
148,3,3
154,6,3
154,2,3
154,2,3
158,4,3
158,4,3
158,5,3
159,1,3
159,1,3
159,2,3
159,4,3
165,6,3
168,3,3
171,3,3
171,6,3
171,5,3
174,3,3
174,2,3
174,3,3
178,4,3
178,4,3
178,3,3
177,3,3
177,5,3
177,4,3
177,5,3
177,1,3
183,6,3
190,7,3
198,8,3
133,6,3
133,4,3
141,8,3
141,8,3
149,8,3
149,9,3
154,5,3
154,4,3
160,6,3
160,9,3
163,3,3
163,3,3
165,2,3
165,2,3
165,7,3
162,1,3
162,3,3
167,5,3
167,0,3
171,4,3
178,7,3
178,1,3
180,2,3
180,6,3
132,4,3
134,2,3
136,2,3
136,2,3
139,3,3
20,0,4
20,0,4
20,8,4
20,4,4
20,6,4
20,4,4
13,2,4
13,3,4
13,5,4
13,2,4
13,0,4
13,5,4
13,4,4
13,6,4
13,4,4
13,2,4
13,7,4
13,5,4
13,4,4
13,3,4
10,0,4
12,2,4
12,3,4
9,4,4
9,2,4
9,2,4
9,2,4
9,1,4
9,2,4
9,2,4
9,0,4
12,3,4
14,2,4
14,2,4
14,3,4
14,0,4
14,3,4
14,3,4
14,2,4
14,3,4
14,3,4
14,2,4
14,4,4
14,0,4
14,2,4
14,2,4
14,1,4
14,3,4
14,0,4
17,3,4
17,3,4
17,1,4
14,2,4
14,0,4
16,2,4
19,3,4
19,3,4
19,1,4
19,4,4
19,2,4
19,2,4
19,3,4
19,4,4
19,2,4
19,1,4
19,2,4
19,1,4
15,0,4
15,0,4
15,0,4
15,0,4
15,0,4
15,2,4
15,0,4
15,1,4
15,1,4
15,3,4
15,2,4
15,5,4
15,1,4
15,4,4
15,2,4
15,0,4
15,1,4
15,1,4
15,1,4
15,1,4
15,1,4
15,0,4
15,0,4
15,0,4
15,1,4
12,0,4
12,0,4
12,1,4
12,2,4
12,2,4
12,2,4
12,1,4
12,2,4
20,0,5
20,0,5
20,0,5
20,0,5
14,0,5
14,0,5
14,0,5
14,4,5
15,1,5
16,1,5
22,6,5
22,0,5
22,0,5
26,4,5
28,2,5
28,6,5
28,6,5
28,4,5
28,2,5
28,2,5
41,13,5
31,0,5
39,8,5
39,6,5
46,7,5
39,9,5
41,2,5
52,11,5
67,15,5
85,18,5
111,26,5
115,4,5
116,1,5
116,2,5
75,14,5
75,3,5
81,6,5
90,9,5
95,5,5
95,8,5
104,9,5
94,13,5
94,10,5
94,8,5
94,0,5
101,7,5
101,2,5
101,2,5
101,1,5
101,3,5
101,2,5
101,1,5
101,1,5
101,0,5
101,5,5
101,2,5
101,1,5
101,2,5
101,2,5
70,3,5
70,4,5
70,6,5
77,7,5
83,6,5
89,6,5
99,10,5
115,16,5
114,2,5
114,3,5
114,1,5
114,3,5
114,3,5
105,3,5
105,2,5
105,2,5
105,2,5
105,0,5
105,1,5
105,0,5
105,2,5
105,1,5
71,0,5
71,6,5
71,7,5
71,5,5
71,8,5
71,5,5
71,2,5
71,6,5
71,8,5
71,8,5
53,7,5
53,9,5
53,4,5
53,5,5
53,10,5
53,2,5
53,10,5
53,4,5
53,10,5
20,0,6
20,0,6
20,0,6
20,6,6
20,6,6
20,3,6
20,4,6
20,4,6
20,6,6
20,3,6
20,3,6
20,1,6
21,5,6
21,3,6
21,6,6
21,6,6
21,2,6
21,5,6
16,0,6
17,1,6
17,2,6
17,2,6
17,2,6
17,1,6
17,2,6
17,2,6
17,3,6
16,1,6
13,6,6
13,2,6
13,2,6
13,0,6
13,1,6
13,1,6
13,3,6
13,2,6
13,1,6
13,4,6
13,0,6
13,2,6
13,1,6
13,0,6
13,0,6
13,2,6
13,2,6
13,0,6
13,1,6
13,3,6
13,1,6
13,2,6
13,1,6
13,4,6
13,1,6
13,2,6
13,1,6
13,2,6
13,2,6
13,1,6
13,2,6
13,1,6
13,1,6
13,0,6
13,0,6
13,3,6
13,1,6
13,5,6
13,0,6
13,3,6
13,1,6
13,2,6
13,2,6
13,1,6
13,4,6
13,2,6
13,4,6
13,3,6
13,2,6
13,0,6
13,1,6
15,2,6
15,2,6
15,3,6
15,3,6
15,3,6
15,4,6
15,1,6
15,2,6
15,2,6
15,4,6
15,0,6
15,1,6
15,0,6
15,1,6
15,1,6
15,3,6
15,3,6
15,3,6
15,2,6
15,3,6
15,4,6
17,0,7
17,0,7
17,0,7
17,0,7
27,10,7
34,7,7
34,4,7
39,5,7
45,6,7
27,7,7
29,2,7
29,4,7
26,11,7
36,10,7
36,13,7
36,7,7
36,11,7
36,15,7
36,6,7
36,7,7
36,5,7
35,5,7
35,8,7
33,9,7
33,3,7
33,8,7
33,6,7
33,6,7
33,6,7
33,6,7
33,5,7
27,4,7
27,6,7
27,4,7
27,6,7
27,6,7
27,4,7
27,4,7
25,4,7
24,3,7
24,6,7
24,6,7
24,5,7
24,4,7
24,7,7
24,2,7
24,7,7
24,5,7
24,5,7
24,1,7
30,6,7
38,8,7
47,9,7
55,8,7
63,8,7
73,10,7
87,14,7
99,12,7
121,22,7
123,2,7
123,4,7
123,7,7
123,0,7
123,7,7
123,4,7
123,4,7
123,0,7
123,6,7
123,6,7
123,4,7
123,6,7
123,8,7
123,4,7
123,7,7
123,5,7
123,6,7
123,5,7
123,4,7
123,7,7
75,5,7
75,23,7
75,15,7
75,14,7
75,19,7
75,18,7
75,12,7
75,19,7
75,11,7
75,14,7
75,18,7
75,21,7
75,13,7
75,12,7
75,13,7
75,15,7
75,12,7
75,13,7
68,10,7
68,15,7
68,12,7
20,0,8
20,0,8
20,0,8
20,0,8
20,0,8
20,0,8
20,0,8
23,3,8
23,3,8
23,0,8
23,0,8
23,3,8
23,3,8
16,5,8
16,2,8
16,1,8
16,4,8
16,3,8
16,1,8
16,4,8
16,4,8
16,2,8
16,3,8
16,4,8
16,2,8
16,1,8
16,2,8
16,4,8
16,4,8
16,2,8
16,2,8
16,3,8
16,1,8
16,3,8
16,4,8
16,0,8
16,3,8
16,1,8
16,4,8
16,2,8
16,4,8
16,1,8
16,5,8
16,5,8
16,1,8
16,4,8
16,1,8
16,1,8
16,0,8
16,2,8
16,0,8
16,1,8
16,1,8
16,1,8
16,3,8
16,1,8
16,1,8
16,1,8
16,1,8
16,2,8
16,2,8
16,3,8
16,1,8
16,1,8
16,1,8
16,2,8
16,0,8
16,0,8
16,0,8
16,2,8
16,2,8
16,1,8
16,2,8
16,0,8
16,1,8
16,1,8
16,1,8
16,0,8
16,2,8
16,0,8
16,0,8
16,0,8
16,0,8
16,2,8
16,3,8
16,0,8
16,1,8
16,3,8
16,1,8
16,2,8
16,1,8
16,1,8
16,3,8
16,1,8
16,1,8
16,2,8
16,3,8
16,2,8
16,0,8
16,1,8
20,0,9
20,0,9
20,0,9
20,0,9
20,0,9
20,0,9
20,0,9
20,0,9
20,0,9
20,0,9
20,1,9
20,2,9
20,2,9
20,2,9
23,3,9
23,1,9
24,1,9
24,2,9
24,0,9
21,2,9
25,4,9
25,0,9
32,7,9
38,6,9
45,7,9
45,10,9
49,4,9
58,9,9
58,3,9
66,8,9
73,7,9
73,1,9
68,14,9
68,7,9
68,7,9
68,11,9
62,7,9
62,13,9
75,13,9
86,11,9
86,8,9
97,11,9
97,6,9
117,20,9
120,3,9
124,4,9
128,4,9
132,4,9
132,2,9
132,3,9
134,2,9
134,3,9
135,1,9
93,5,9
93,19,9
93,0,9
102,9,9
107,5,9
109,2,9
109,1,9
109,4,9
109,6,9
109,6,9
109,0,9
110,1,9
110,3,9
110,8,9
114,4,9
120,6,9
123,3,9
123,5,9
126,3,9
132,6,9
132,3,9
132,7,9
132,18,9
135,3,9
140,5,9
140,4,9
145,5,9
151,6,9
151,14,9
155,4,9
138,3,9
138,6,9
138,1,9
138,6,9
138,4,9
143,5,9
123,3,9
123,4,9
123,3,9
128,5,9
134,6,9
134,0,9
134,6,9
138,4,9
140,2,9
140,3,9
145,5,9
20,0,10
20,0,10
20,0,10
20,0,10
20,0,10
20,0,10
12,0,10
8,0,10
8,0,10
9,1,10
10,1,10
10,0,10
12,2,10
12,1,10
12,2,10
12,2,10
12,1,10
12,3,10
12,0,10
12,1,10
12,1,10
12,2,10
8,0,10
9,1,10
9,1,10
11,2,10
11,0,10
11,1,10
11,0,10
11,0,10
11,1,10
11,2,10
11,0,10
11,0,10
11,1,10
11,2,10
11,0,10
11,0,10
9,0,10
9,0,10
9,0,10
9,1,10
9,0,10
9,0,10
9,0,10
9,0,10
11,2,10
11,0,10
8,1,10
6,0,10
6,0,10
7,1,10
8,1,10
9,1,10
10,1,10
10,0,10
10,0,10
10,0,10
11,1,10
11,1,10
11,1,10
11,0,10
11,2,10
11,1,10
11,0,10
11,1,10
11,3,10
11,3,10
11,0,10
11,2,10
11,1,10
11,3,10
11,2,10
11,1,10
11,1,10
11,1,10
11,1,10
11,3,10
11,1,10
11,2,10
11,0,10
11,1,10
11,1,10
11,2,10
11,3,10
11,1,10
11,0,10
11,2,10
11,2,10
11,3,10
11,1,10
11,2,10
7,1,10
7,0,10
6,0,10
7,1,10
10,3,10
10,2,10
6,2,10
7,1,10
20,0,11
20,0,11
20,0,11
20,0,11
20,0,11
20,0,11
15,0,11
12,0,11
12,0,11
12,0,11
16,4,11
24,8,11
24,0,11
31,7,11
31,5,11
41,10,11
58,17,11
78,20,11
104,26,11
108,4,11
113,5,11
113,11,11
113,5,11
113,4,11
113,10,11
113,6,11
113,3,11
113,9,11
113,8,11
113,5,11
113,9,11
113,7,11
113,10,11
113,8,11
113,11,11
113,14,11
113,9,11
113,8,11
113,11,11
113,8,11
113,6,11
113,12,11
113,8,11
113,11,11
113,11,11
111,7,11
111,4,11
111,7,11
111,4,11
111,9,11
111,7,11
111,8,11
111,9,11
100,4,11
100,35,11
100,41,11
100,39,11
100,31,11
100,35,11
100,33,11
100,35,11
100,44,11
100,28,11
100,38,11
100,38,11
100,27,11
100,35,11
100,39,11
100,38,11
100,35,11
100,38,11
100,40,11
100,35,11
100,43,11
100,36,11
100,42,11
100,40,11
100,39,11
100,37,11
100,30,11
100,36,11
100,35,11
100,42,11
100,38,11
100,40,11
100,31,11
100,35,11
100,36,11
100,43,11
100,36,11
100,41,11
100,39,11
100,36,11
100,56,11
100,31,11
100,36,11
100,39,11
100,40,11
100,42,11
100,38,11
20,0,12
20,0,12
20,0,12
20,0,12
20,11,12
12,29,12
12,0,12
9,1,12
9,0,12
10,1,12
11,1,12
11,1,12
11,1,12
11,0,12
11,0,12
11,0,12
11,0,12
11,1,12
11,0,12
11,0,12
11,1,12
11,0,12
11,0,12
11,0,12
12,1,12
14,2,12
11,0,12
11,0,12
11,0,12
13,2,12
13,0,12
13,0,12
13,1,12
13,1,12
17,4,12
20,3,12
20,4,12
20,3,12
20,4,12
20,3,12
20,3,12
20,2,12
20,2,12
20,2,12
20,1,12
25,5,12
30,5,12
30,5,12
30,3,12
37,7,12
43,6,12
48,5,12
57,9,12
70,13,12
70,12,12
78,8,12
89,11,12
99,10,12
119,20,12
124,5,12
128,4,12
128,5,12
131,3,12
131,4,12
131,2,12
134,3,12
137,3,12
137,14,12
144,7,12
144,2,12
144,3,12
144,1,12
144,4,12
150,6,12
154,4,12
154,4,12
159,5,12
159,3,12
159,5,12
159,8,12
159,6,12
159,5,12
159,6,12
162,3,12
162,6,12
162,5,12
162,4,12
162,4,12
162,4,12
162,2,12
162,3,12
167,5,12
170,3,12
173,3,12
176,3,12
178,2,12
178,2,12
178,5,12
178,4,12
178,2,12
20,0,13
20,0,13
20,0,13
20,0,13
20,0,13
20,0,13
20,4,13
20,3,13
20,2,13
20,3,13
20,3,13
20,3,13
23,3,13
27,4,13
30,3,13
30,3,13
37,7,13
40,3,13
44,4,13
44,6,13
44,8,13
54,10,13
63,9,13
71,8,13
71,9,13
80,9,13
80,6,13
86,6,13
97,11,13
107,10,13
107,12,13
114,7,13
117,3,13
118,1,13
118,3,13
118,1,13
118,2,13
118,2,13
118,1,13
118,1,13
118,0,13
118,4,13
118,8,13
119,1,13
121,2,13
121,4,13
91,1,13
91,5,13
91,8,13
91,12,13
95,4,13
95,7,13
95,7,13
95,8,13
95,8,13
95,9,13
95,12,13
101,6,13
101,0,13
101,4,13
103,2,13
103,1,13
103,2,13
103,4,13
103,2,13
103,9,13
105,2,13
105,2,13
105,0,13
105,2,13
105,2,13
105,0,13
105,3,13
106,1,13
106,2,13
106,3,13
106,1,13
106,2,13
106,2,13
106,4,13
106,7,13
106,0,13
106,3,13
106,7,13
108,2,13
111,3,13
111,4,13
111,4,13
111,1,13
111,2,13
111,12,13
116,5,13
120,4,13
125,5,13
132,7,13
137,5,13
141,4,13
147,6,13
147,3,13
151,4,13
20,0,14
20,0,14
20,0,14
20,0,14
20,0,14
20,0,14
20,0,14
20,0,14
20,0,14
20,0,14
20,0,14
20,0,14
20,0,14
20,3,14
20,2,14
20,3,14
13,3,14
13,0,14
10,0,14
10,0,14
10,0,14
10,0,14
10,0,14
10,0,14
8,0,14
8,0,14
8,1,14
8,1,14
8,1,14
8,0,14
5,1,14
5,0,14
5,1,14
4,0,14
3,2,14
2,0,14
1,0,14
0,0,14
20,0,15
20,0,15
20,0,15
18,10,15
18,13,15
18,18,15
18,7,15
21,3,15
21,0,15
22,1,15
23,4,15
23,2,15
23,4,15
23,1,15
17,0,15
17,1,15
17,2,15
17,0,15
17,1,15
17,1,15
17,2,15
17,0,15
17,1,15
17,2,15
17,1,15
17,1,15
17,0,15
17,2,15
13,0,15
13,0,15
12,1,15
12,0,15
12,1,15
12,4,15
12,2,15
12,2,15
12,3,15
12,1,15
12,0,15
12,2,15
12,2,15
12,1,15
12,0,15
12,3,15
12,2,15
12,1,15
12,2,15
12,1,15
12,0,15
12,3,15
12,0,15
12,1,15
12,1,15
12,1,15
12,2,15
12,2,15
12,0,15
12,3,15
12,1,15
12,0,15
12,1,15
12,2,15
12,2,15
12,1,15
12,1,15
12,1,15
12,1,15
12,2,15
12,0,15
12,1,15
12,0,15
12,1,15
12,0,15
12,1,15
12,1,15
12,1,15
12,0,15
12,0,15
12,2,15
12,1,15
12,0,15
8,0,15
8,1,15
8,0,15
6,2,15
6,0,15
7,1,15
7,0,15
7,0,15
7,0,15
7,0,15
7,0,15
7,0,15
8,1,15
8,0,15
8,1,15
8,1,15
8,1,15
6,2,15
6,0,15
20,0,16
20,0,16
20,0,16
20,0,16
20,0,16
20,3,16
15,1,16
12,4,16
9,3,16
7,2,16
6,2,16
5,2,16
4,3,16
3,1,16
2,0,16
1,0,16
0,0,16
20,0,17
20,0,17
20,0,17
20,0,17
20,0,17
20,0,17
15,0,17
12,0,17
9,0,17
7,0,17
6,0,17
5,0,17
4,0,17
3,0,17
2,0,17
1,0,17
0,0,17
20,0,18
20,0,18
20,2,18
20,11,18
28,8,18
36,8,18
36,11,18
36,10,18
36,11,18
43,7,18
52,9,18
65,13,18
65,8,18
79,14,18
79,8,18
79,11,18
79,14,18
91,12,18
91,16,18
116,25,18
70,14,18
85,15,18
85,13,18
95,23,18
95,6,18
116,21,18
119,3,18
106,6,18
106,1,18
111,5,18
118,7,18
124,6,18
126,2,18
126,23,18
129,3,18
129,2,18
134,5,18
134,7,18
134,5,18
134,4,18
140,6,18
145,5,18
145,7,18
149,4,18
149,5,18
154,5,18
157,3,18
157,4,18
157,7,18
157,5,18
162,5,18
162,10,18
169,7,18
159,4,18
159,6,18
159,5,18
159,6,18
163,4,18
114,8,18
114,3,18
114,2,18
114,20,18
117,3,18
122,5,18
92,0,18
108,16,18
108,11,18
111,3,18
111,2,18
111,3,18
111,2,18
111,3,18
100,1,18
100,16,18
100,16,18
100,12,18
100,12,18
100,4,18
114,14,18
114,15,18
119,5,18
121,2,18
121,12,18
121,0,18
121,3,18
121,12,18
124,3,18
124,1,18
129,5,18
134,5,18
137,3,18
137,3,18
102,6,18
90,4,18
90,20,18
90,8,18
109,19,18
114,5,18
114,5,18
114,2,18
20,0,19
20,0,19
20,0,19
20,0,19
20,0,19
20,1,19
15,7,19
12,4,19
9,3,19
7,1,19
6,0,19
5,2,19
4,2,19
3,3,19
2,1,19
1,1,19
0,1,19
20,0,20
20,0,20
20,0,20
20,0,20
24,4,20
24,4,20
24,9,20
24,2,20
24,3,20
24,13,20
24,18,20
24,7,20
24,3,20
24,3,20
24,9,20
24,8,20
35,11,20
47,12,20
62,15,20
78,16,20
104,26,20
111,7,20
118,7,20
128,10,20
128,7,20
128,11,20
128,9,20
128,13,20
128,10,20
128,6,20
128,8,20
128,10,20
128,9,20
128,12,20
128,8,20
128,11,20
128,12,20
128,11,20
128,9,20
128,7,20
128,6,20
128,5,20
128,9,20
128,10,20
128,9,20
128,9,20
96,8,20
72,45,20
54,33,20
41,22,20
46,5,20
52,6,20
54,2,20
54,4,20
54,8,20
54,5,20
54,8,20
54,6,20
54,10,20
54,10,20
54,13,20
54,6,20
54,10,20
54,8,20
54,5,20
54,6,20
54,11,20
54,4,20
54,6,20
69,15,20
83,14,20
99,16,20
119,20,20
122,3,20
127,5,20
131,4,20
131,4,20
131,5,20
131,8,20
131,4,20
131,5,20
131,2,20
131,5,20
131,5,20
131,4,20
131,3,20
131,2,20
131,5,20
131,5,20
131,9,20
131,6,20
131,6,20
131,2,20
131,3,20
131,6,20
131,8,20
131,9,20
131,5,20
131,3,20
131,6,20
20,0,21
20,0,21
15,0,21
15,0,21
15,0,21
15,0,21
15,0,21
15,0,21
15,0,21
12,0,21
9,1,21
7,1,21
6,3,21
5,0,21
4,0,21
3,0,21
2,2,21
1,0,21
0,2,21
20,0,22
20,0,22
20,0,22
20,0,22
20,0,22
20,0,22
20,0,22
20,0,22
20,0,22
20,0,22
22,2,22
24,2,22
24,1,22
24,4,22
24,1,22
24,3,22
22,2,22
22,2,22
22,2,22
22,3,22
22,6,22
22,3,22
22,3,22
22,4,22
22,2,22
22,1,22
20,1,22
20,1,22
20,0,22
20,2,22
20,2,22
20,3,22
20,1,22
20,3,22
17,4,22
17,3,22
17,3,22
15,1,22
15,1,22
15,2,22
15,4,22
15,2,22
15,2,22
15,3,22
15,0,22
15,1,22
15,2,22
15,2,22
15,1,22
15,1,22
15,1,22
15,0,22
15,2,22
15,0,22
15,3,22
15,2,22
15,2,22
15,3,22
15,1,22
15,4,22
15,1,22
15,0,22
18,3,22
20,2,22
22,2,22
25,3,22
26,1,22
30,4,22
31,1,22
31,6,22
31,4,22
31,5,22
31,5,22
31,3,22
31,4,22
31,7,22
31,2,22
31,10,22
31,5,22
31,1,22
31,6,22
31,7,22
31,2,22
31,5,22
31,3,22
23,2,22
23,2,22
23,4,22
23,4,22
19,3,22
19,5,22
19,1,22
19,5,22
19,2,22
19,4,22
19,4,22
19,4,22
19,6,22
19,4,22
19,3,22
20,0,23
20,0,23
20,0,23
20,0,23
20,0,23
20,0,23
20,0,23
20,0,23
20,0,23
20,2,23
20,3,23
20,0,23
21,1,23
21,0,23
21,1,23
21,1,23
21,2,23
21,2,23
21,2,23
16,0,23
18,2,23
20,2,23
15,0,23
9,0,23
9,0,23
9,0,23
9,0,23
10,1,23
10,0,23
11,1,23
12,1,23
14,2,23
16,2,23
18,2,23
18,0,23
18,0,23
18,1,23
18,2,23
18,1,23
18,1,23
18,1,23
18,1,23
18,2,23
18,0,23
18,0,23
18,2,23
18,1,23
18,2,23
18,0,23
18,2,23
18,0,23
20,2,23
21,1,23
21,1,23
21,1,23
21,1,23
21,1,23
21,2,23
21,3,23
23,2,23
26,3,23
26,4,23
26,3,23
26,4,23
26,3,23
26,4,23
26,3,23
26,4,23
26,4,23
26,1,23
26,1,23
26,3,23
26,3,23
26,3,23
26,7,23
26,4,23
26,6,23
26,4,23
26,3,23
26,3,23
26,6,23
26,3,23
26,4,23
26,2,23
26,5,23
26,5,23
26,1,23
26,4,23
26,3,23
26,3,23
26,3,23
26,3,23
26,3,23
26,3,23
26,2,23
26,2,23
26,8,23
26,4,23
26,3,23
26,5,23
20,0,24
20,0,24
20,0,24
16,0,24
15,0,24
15,0,24
15,0,24
15,0,24
11,0,24
7,0,24
7,0,24
7,1,24
9,2,24
9,0,24
7,2,24
9,2,24
9,2,24
11,2,24
11,4,24
11,3,24
11,5,24
11,4,24
11,7,24
11,3,24
11,3,24
11,4,24
11,2,24
11,5,24
11,2,24
9,4,24
9,1,24
9,0,24
9,2,24
8,0,24
8,0,24
9,1,24
9,1,24
9,0,24
9,3,24
9,3,24
9,2,24
9,0,24
7,1,24
7,3,24
7,0,24
7,3,24
7,1,24
7,2,24
7,3,24
7,2,24
7,2,24
7,2,24
7,0,24
7,0,24
7,1,24
7,2,24
7,2,24
7,1,24
7,1,24
7,1,24
7,0,24
7,1,24
7,0,24
7,1,24
7,1,24
7,0,24
7,3,24
7,3,24
7,1,24
7,2,24
7,0,24
7,1,24
7,1,24
7,2,24
7,2,24
7,1,24
7,1,24
7,2,24
7,2,24
7,3,24
7,2,24
7,1,24
7,0,24
7,1,24
7,1,24
7,1,24
7,1,24
7,0,24
7,2,24
7,1,24
7,1,24
7,2,24
7,2,24
7,1,24
7,0,24
7,0,24
7,2,24
7,2,24
7,2,24
7,2,24
20,0,25
14,0,25
14,4,25
14,3,25
14,3,25
14,0,25
14,2,25
14,0,25
20,6,25
20,4,25
20,4,25
20,5,25
20,6,25
20,5,25
20,1,25
14,5,25
16,2,25
16,5,25
16,4,25
16,0,25
16,2,25
16,2,25
16,2,25
16,3,25
12,2,25
13,1,25
16,3,25
16,4,25
16,3,25
16,1,25
10,0,25
11,1,25
12,1,25
13,1,25
13,0,25
16,3,25
16,4,25
16,2,25
16,6,25
16,2,25
16,1,25
16,1,25
16,3,25
16,4,25
16,5,25
16,5,25
16,4,25
16,5,25
16,3,25
16,3,25
16,4,25
16,6,25
16,8,25
16,2,25
16,2,25
16,4,25
16,3,25
16,5,25
16,5,25
16,5,25
16,4,25
16,4,25
16,2,25
16,1,25
16,2,25
16,4,25
16,2,25
16,4,25
16,2,25
16,2,25
16,2,25
16,4,25
16,3,25
16,5,25
16,1,25
16,1,25
16,5,25
16,2,25
16,2,25
16,1,25
16,4,25
16,4,25
16,5,25
16,6,25
16,4,25
16,6,25
16,5,25
16,2,25
16,5,25
16,4,25
16,6,25
16,5,25
16,4,25
16,2,25
16,4,25
16,3,25
16,3,25
16,4,25
16,1,25
16,1,25
20,0,26
20,0,26
20,13,26
18,11,26
15,13,26
14,1,26
15,1,26
17,2,26
17,2,26
17,5,26
17,2,26
17,2,26
17,2,26
17,7,26
17,1,26
17,5,26
17,3,26
17,3,26
17,4,26
17,4,26
17,6,26
17,4,26
17,2,26
17,1,26
17,6,26
17,5,26
17,4,26
17,1,26
17,5,26
17,0,26
17,2,26
17,1,26
11,5,26
11,1,26
11,1,26
11,3,26
11,4,26
11,4,26
10,2,26
13,3,26
15,2,26
15,4,26
15,6,26
15,5,26
15,3,26
15,4,26
15,3,26
15,3,26
15,2,26
15,3,26
15,3,26
15,1,26
15,2,26
15,3,26
15,4,26
15,6,26
15,2,26
15,5,26
15,5,26
15,4,26
15,2,26
14,5,26
14,1,26
14,3,26
14,5,26
14,2,26
14,7,26
14,5,26
14,1,26
14,5,26
14,5,26
14,4,26
14,6,26
14,0,26
14,2,26
14,3,26
14,6,26
14,3,26
14,4,26
14,4,26
14,3,26
14,2,26
14,2,26
14,5,26
14,7,26
14,3,26
14,3,26
14,5,26
14,2,26
14,4,26
14,4,26
14,4,26
14,3,26
14,3,26
14,2,26
14,6,26
14,1,26
14,1,26
14,4,26
14,3,26
20,0,27
20,0,27
20,0,27
20,0,27
20,1,27
20,5,27
15,6,27
12,3,27
9,2,27
7,0,27
6,2,27
5,4,27
4,1,27
3,0,27
2,3,27
1,0,27
0,0,27
20,0,28
20,0,28
20,0,28
20,0,28
20,0,28
20,0,28
20,0,28
20,0,28
20,0,28
13,0,28
13,0,28
13,0,28
13,0,28
13,0,28
13,0,28
13,0,28
13,0,28
13,0,28
13,0,28
13,0,28
13,0,28
13,0,28
13,0,28
13,0,28
13,0,28
13,0,28
13,0,28
13,0,28
13,0,28
13,0,28
13,0,28
13,0,28
13,0,28
13,0,28
13,0,28
13,0,28
13,0,28
13,0,28
13,0,28
13,0,28
13,0,28
13,0,28
13,0,28
13,0,28
13,0,28
13,0,28
13,0,28
13,0,28
13,0,28
13,0,28
13,0,28
13,0,28
13,0,28
13,0,28
13,0,28
13,0,28
13,0,28
13,0,28
13,0,28
13,0,28
13,0,28
13,0,28
13,0,28
13,0,28
13,0,28
13,0,28
13,0,28
13,0,28
13,0,28
13,0,28
13,0,28
13,0,28
13,0,28
13,0,28
13,0,28
13,0,28
13,0,28
13,0,28
13,0,28
13,0,28
13,0,28
13,0,28
13,0,28
13,0,28
13,0,28
13,0,28
13,0,28
13,0,28
13,0,28
13,0,28
13,0,28
13,0,28
13,0,28
13,0,28
13,0,28
13,0,28
13,0,28
13,0,28
13,0,28
13,0,28
20,0,29
20,0,29
20,0,29
20,0,29
20,0,29
20,2,29
20,2,29
20,9,29
20,7,29
20,4,29
13,4,29
16,3,29
16,4,29
16,2,29
16,3,29
16,4,29
16,4,29
14,5,29
21,7,29
21,0,29
21,6,29
18,4,29
18,6,29
18,4,29
18,5,29
18,5,29
18,8,29
18,3,29
18,4,29
18,6,29
18,3,29
18,3,29
18,2,29
18,1,29
18,2,29
18,4,29
18,7,29
18,4,29
18,3,29
18,5,29
18,3,29
18,5,29
18,5,29
18,1,29
18,6,29
18,1,29
18,3,29
18,2,29
18,5,29
18,3,29
18,2,29
18,4,29
18,1,29
18,4,29
18,4,29
18,2,29
18,5,29
18,6,29
17,2,29
17,4,29
17,5,29
17,4,29
17,5,29
17,4,29
17,4,29
17,2,29
17,1,29
17,4,29
17,5,29
17,5,29
17,1,29
17,2,29
17,5,29
17,3,29
17,3,29
17,5,29
17,4,29
24,7,29
31,7,29
39,8,29
47,8,29
54,7,29
65,11,29
75,10,29
92,17,29
117,25,29
119,2,29
119,4,29
119,6,29
119,4,29
119,8,29
119,11,29
119,6,29
119,5,29
119,6,29
119,10,29
119,6,29
119,5,29
119,5,29
119,8,29
20,0,30
20,0,30
20,0,30
20,0,30
20,0,30
20,1,30
20,2,30
21,1,30
24,3,30
24,2,30
26,2,30
28,2,30
28,2,30
28,2,30
28,3,30
28,2,30
28,0,30
28,5,30
28,2,30
28,3,30
28,3,30
28,2,30
28,1,30
28,3,30
28,1,30
28,0,30
23,1,30
23,4,30
23,2,30
23,3,30
23,2,30
23,2,30
23,2,30
23,2,30
23,2,30
23,2,30
23,3,30
23,3,30
23,2,30
23,0,30
23,0,30
23,0,30
23,0,30
23,0,30
27,4,30
29,2,30
32,3,30
37,5,30
46,9,30
51,5,30
54,3,30
62,8,30
66,4,30
72,6,30
72,9,30
52,1,30
52,2,30
52,7,30
50,4,30
50,4,30
50,5,30
50,4,30
50,1,30
50,5,30
39,6,30
32,3,30
32,5,30
32,5,30
32,4,30
32,4,30
21,4,30
23,2,30
24,1,30
24,2,30
24,2,30
24,1,30
24,2,30
24,3,30
24,1,30
24,4,30
24,1,30
24,2,30
24,2,30
24,5,30
24,2,30
24,0,30
24,2,30
24,4,30
24,3,30
24,2,30
24,2,30
24,1,30
22,2,30
26,4,30
26,3,30
26,5,30
26,1,30
26,0,30
24,3,30
24,2,30
20,0,31
13,0,31
13,0,31
13,12,31
13,5,31
13,2,31
13,3,31
13,2,31
13,1,31
13,1,31
13,1,31
13,1,31
13,1,31
10,3,31
8,1,31
6,1,31
5,1,31
4,1,31
3,0,31
2,0,31
1,0,31
0,0,31
20,0,32
20,0,32
20,0,32
20,0,32
20,0,32
20,0,32
15,0,32
12,0,32
9,1,32
7,1,32
6,0,32
5,0,32
4,1,32
3,0,32
2,3,32
1,0,32
0,0,32
20,0,33
15,0,33
22,7,33
22,0,33
22,4,33
19,4,33
19,2,33
19,1,33
20,1,33
21,1,33
26,5,33
26,1,33
26,5,33
26,9,33
26,5,33
26,1,33
26,4,33
25,2,33
25,5,33
25,6,33
25,3,33
25,3,33
25,6,33
25,3,33
16,4,33
16,0,33
14,3,33
14,0,33
14,1,33
18,4,33
19,1,33
21,2,33
21,1,33
21,6,33
21,3,33
21,2,33
21,4,33
21,5,33
21,2,33
21,0,33
23,2,33
29,6,33
32,3,33
37,5,33
43,6,33
37,4,33
25,7,33
25,2,33
28,3,33
35,7,33
41,6,33
48,7,33
48,2,33
53,5,33
58,5,33
65,7,33
78,13,33
88,10,33
96,8,33
105,9,33
105,13,33
109,4,33
112,3,33
112,10,33
115,3,33
121,6,33
124,3,33
124,7,33
125,1,33
125,1,33
125,2,33
125,0,33
103,0,33
103,1,33
103,1,33
103,4,33
104,1,33
104,0,33
104,7,33
105,1,33
105,2,33
105,2,33
105,3,33
105,3,33
105,4,33
105,0,33
89,6,33
96,7,33
104,8,33
107,3,33
109,2,33
109,1,33
109,4,33
109,1,33
109,2,33
109,2,33
111,2,33
111,4,33
76,3,33
76,6,33
20,0,34
20,0,34
20,0,34
20,0,34
20,0,34
20,0,34
15,0,34
15,0,34
15,0,34
15,0,34
15,0,34
15,0,34
15,0,34
15,0,34
15,0,34
15,0,34
15,0,34
12,0,34
12,0,34
12,0,34
12,0,34
12,0,34
12,0,34
11,0,34
11,0,34
11,0,34
11,0,34
11,3,34
11,2,34
11,4,34
11,0,34
9,0,34
9,0,34
11,2,34
11,1,34
11,2,34
11,0,34
11,3,34
11,2,34
11,0,34
11,1,34
11,0,34
8,0,34
9,1,34
12,3,34
12,2,34
12,1,34
12,2,34
12,1,34
15,3,34
15,1,34
15,2,34
15,2,34
15,0,34
15,2,34
15,1,34
15,1,34
15,1,34
15,4,34
13,0,34
13,0,34
13,1,34
8,2,34
9,1,34
11,2,34
11,2,34
11,0,34
11,1,34
11,2,34
11,1,34
11,0,34
11,0,34
11,0,34
11,3,34
11,0,34
11,1,34
11,0,34
11,3,34
11,0,34
11,0,34
11,0,34
11,0,34
11,0,34
11,0,34
11,0,34
11,0,34
11,0,34
9,0,34
7,0,34
6,0,34
5,0,34
4,0,34
3,0,34
2,0,34
1,0,34
0,0,34
20,0,35
20,0,35
20,0,35
20,0,35
20,0,35
20,0,35
15,0,35
12,3,35
9,0,35
10,1,35
10,0,35
10,0,35
11,1,35
11,1,35
12,1,35
14,2,35
14,2,35
14,2,35
14,0,35
19,5,35
22,3,35
26,4,35
26,5,35
26,3,35
26,1,35
30,4,35
34,4,35
41,7,35
49,8,35
49,3,35
54,5,35
59,5,35
72,13,35
80,8,35
90,10,35
100,10,35
100,10,35
108,8,35
108,13,35
108,9,35
111,3,35
111,2,35
111,4,35
112,1,35
112,0,35
112,2,35
114,2,35
114,0,35
114,3,35
116,2,35
117,1,35
117,2,35
104,7,35
106,2,35
106,2,35
106,1,35
106,3,35
106,6,35
108,2,35
111,3,35
111,2,35
111,2,35
113,2,35
113,1,35
113,4,35
113,1,35
113,5,35
116,3,35
115,4,35
115,1,35
115,3,35
115,2,35
87,3,35
87,12,35
87,5,35
87,9,35
87,10,35
87,5,35
97,10,35
97,4,35
103,6,35
103,0,35
103,1,35
103,11,35
104,1,35
104,3,35
104,3,35
104,2,35
104,2,35
104,3,35
104,2,35
104,13,35
106,2,35
107,1,35
112,5,35
112,6,35
112,1,35
112,14,35
113,1,35
113,2,35
20,0,36
20,0,36
20,0,36
20,6,36
22,2,36
30,11,36
30,3,36
30,2,36
30,3,36
30,9,36
30,3,36
30,8,36
30,8,36
30,5,36
30,4,36
30,5,36
30,5,36
30,8,36
30,7,36
30,6,36
30,6,36
30,8,36
30,5,36
38,8,36
48,10,36
56,8,36
69,13,36
86,17,36
102,16,36
107,5,36
113,6,36
113,4,36
113,5,36
113,9,36
105,2,36
105,4,36
105,7,36
105,7,36
105,6,36
105,3,36
105,8,36
68,9,36
68,16,36
68,18,36
64,11,36
46,14,36
46,8,36
46,4,36
46,3,36
46,2,36
46,4,36
46,7,36
46,3,36
46,4,36
46,4,36
46,7,36
46,1,36
46,6,36
46,8,36
46,9,36
46,2,36
46,8,36
46,6,36
46,5,36
46,6,36
46,11,36
46,6,36
46,7,36
46,7,36
36,3,36
36,1,36
27,7,36
27,7,36
27,1,36
27,5,36
27,2,36
27,1,36
27,4,36
27,2,36
27,3,36
24,0,36
24,4,36
24,4,36
24,2,36
24,3,36
24,5,36
24,3,36
24,3,36
24,1,36
24,2,36
24,3,36
24,3,36
24,1,36
24,4,36
24,2,36
24,4,36
24,1,36
24,3,36
24,4,36
24,2,36
20,0,37
20,0,37
20,0,37
20,0,37
15,0,37
15,5,37
15,3,37
12,3,37
9,1,37
7,1,37
6,0,37
5,0,37
4,2,37
3,1,37
2,1,37
1,0,37
0,0,37
20,0,38
20,0,38
20,0,38
20,0,38
20,0,38
20,0,38
20,0,38
20,1,38
20,3,38
20,1,38
20,2,38
20,3,38
20,4,38
20,1,38
23,3,38
26,3,38
18,3,38
18,3,38
18,4,38
18,0,38
18,1,38
18,3,38
18,1,38
18,4,38
18,5,38
18,1,38
18,3,38
18,2,38
14,2,38
11,2,38
9,1,38
7,2,38
6,2,38
5,2,38
4,0,38
3,0,38
2,1,38
1,1,38
0,0,38
20,0,39
20,1,39
20,8,39
20,5,39
20,5,39
20,9,39
20,15,39
20,18,39
20,10,39
20,13,39
20,13,39
20,11,39
20,13,39
20,7,39
20,11,39
20,9,39
20,8,39
20,11,39
20,12,39
28,8,39
39,11,39
58,19,39
83,25,39
106,23,39
113,7,39
118,5,39
125,7,39
132,7,39
132,10,39
132,11,39
132,9,39
132,14,39
132,5,39
132,11,39
132,5,39
132,6,39
132,7,39
132,5,39
132,9,39
132,6,39
132,10,39
132,11,39
132,11,39
132,10,39
132,7,39
132,6,39
132,6,39
132,5,39
132,5,39
132,6,39
132,7,39
132,12,39
132,6,39
132,12,39
132,6,39
132,9,39
132,7,39
132,7,39
132,9,39
132,6,39
132,5,39
132,5,39
132,12,39
132,9,39
132,4,39
132,3,39
132,6,39
132,2,39
132,3,39
132,2,39
132,3,39
132,2,39
132,4,39
132,5,39
132,3,39
132,5,39
132,5,39
132,3,39
132,4,39
132,7,39
132,5,39
132,6,39
132,4,39
132,2,39
132,1,39
132,4,39
132,4,39
132,7,39
132,5,39
132,5,39
132,4,39
132,2,39
132,6,39
132,7,39
132,6,39
132,4,39
132,3,39
132,5,39
132,4,39
132,5,39
16,0,40
10,0,40
10,0,40
10,0,40
10,0,40
10,0,40
10,0,40
10,2,40
10,2,40
12,2,40
12,4,40
12,2,40
12,4,40
12,3,40
12,3,40
12,3,40
12,0,40
12,0,40
14,2,40
14,0,40
12,4,40
13,1,40
18,5,40
18,2,40
18,4,40
18,3,40
18,6,40
18,2,40
18,2,40
18,6,40
18,4,40
18,2,40
18,1,40
18,3,40
18,3,40
18,2,40
18,3,40
18,2,40
18,1,40
18,0,40
18,1,40
18,2,40
18,2,40
18,2,40
23,5,40
28,5,40
36,8,40
43,7,40
52,9,40
61,9,40
70,9,40
88,18,40
103,15,40
109,6,40
109,13,40
111,2,40
111,4,40
117,6,40
117,5,40
117,2,40
117,4,40
117,10,40
122,5,40
122,0,40
126,4,40
126,11,40
127,1,40
127,3,40
130,3,40
130,2,40
132,2,40
132,2,40
132,3,40
132,4,40
132,1,40
132,5,40
135,3,40
138,3,40
138,3,40
138,3,40
143,5,40
149,6,40
149,4,40
149,11,40
154,5,40
131,6,40
122,4,40
122,4,40
124,2,40
124,5,40
124,7,40
121,5,40
123,2,40
125,2,40
125,24,40
130,5,40
134,4,40
134,5,40
140,6,40
142,2,40
20,0,41
20,0,41
20,0,41
20,0,41
20,0,41
25,5,41
25,6,41
25,10,41
25,3,41
25,8,41
25,7,41
25,3,41
25,6,41
27,2,41
27,5,41
27,0,41
33,6,41
34,1,41
34,6,41
34,2,41
34,6,41
34,3,41
36,2,41
36,9,41
36,7,41
36,7,41
36,5,41
36,2,41
36,3,41
36,4,41
42,6,41
53,11,41
52,11,41
52,10,41
52,18,41
52,12,41
52,1,41
59,7,41
66,7,41
72,6,41
85,13,41
90,5,41
90,11,41
90,10,41
90,10,41
90,6,41
90,8,41
90,10,41
90,11,41
90,10,41
96,6,41
107,11,41
83,3,41
83,4,41
67,8,41
67,6,41
67,7,41
69,2,41
69,9,41
69,6,41
69,6,41
76,7,41
82,6,41
82,8,41
82,7,41
82,8,41
82,8,41
102,20,41
104,2,41
104,5,41
104,3,41
104,9,41
108,4,41
108,19,41
108,3,41
67,4,41
67,9,41
67,6,41
85,18,41
102,17,41
105,3,41
105,6,41
105,7,41
105,17,41
108,3,41
114,6,41
114,4,41
101,3,41
101,14,41
104,3,41
104,2,41
104,5,41
95,5,41
95,15,41
111,16,41
114,3,41
114,2,41
114,8,41
114,3,41
114,21,41
20,0,42
20,0,42
20,0,42
20,0,42
20,0,42
22,2,42
22,0,42
22,0,42
22,0,42
22,0,42
23,1,42
23,0,42
25,2,42
26,1,42
28,2,42
28,3,42
28,3,42
28,1,42
28,0,42
28,4,42
28,4,42
28,2,42
28,0,42
25,3,42
28,3,42
28,1,42
28,2,42
28,2,42
28,1,42
28,1,42
28,3,42
28,1,42
28,3,42
28,4,42
28,2,42
28,5,42
28,2,42
28,0,42
28,2,42
28,3,42
28,3,42
28,3,42
28,2,42
28,1,42
28,2,42
28,3,42
28,3,42
28,3,42
28,2,42
28,4,42
28,2,42
28,2,42
28,0,42
28,1,42
28,2,42
28,0,42
28,2,42
28,4,42
28,1,42
28,1,42
28,2,42
28,2,42
28,2,42
29,1,42
32,3,42
32,3,42
32,3,42
32,1,42
32,3,42
32,3,42
32,0,42
32,5,42
32,1,42
32,3,42
32,1,42
32,0,42
32,1,42
32,4,42
32,2,42
32,2,42
32,4,42
32,5,42
32,1,42
32,2,42
32,2,42
32,4,42
32,3,42
32,1,42
32,1,42
32,4,42
32,6,42
32,3,42
32,3,42
32,1,42
32,4,42
32,4,42
32,0,42
32,3,42
32,3,42
32,3,42
18,0,43
15,0,43
15,0,43
15,0,43
15,0,43
15,0,43
15,0,43
15,0,43
15,0,43
15,0,43
15,0,43
17,2,43
18,1,43
20,2,43
22,2,43
15,0,43
15,0,43
16,1,43
19,3,43
21,2,43
21,0,43
21,4,43
21,1,43
21,5,43
21,7,43
21,7,43
21,10,43
21,5,43
21,5,43
21,11,43
21,9,43
21,7,43
21,6,43
21,2,43
31,10,43
31,10,43
31,7,43
23,14,43
30,7,43
30,11,43
30,11,43
30,9,43
25,13,43
35,10,43
35,15,43
35,9,43
35,11,43
35,12,43
35,10,43
35,13,43
35,14,43
35,9,43
35,17,43
35,14,43
35,9,43
35,6,43
35,11,43
35,10,43
35,16,43
35,8,43
35,14,43
35,10,43
35,14,43
35,13,43
35,7,43
35,10,43
35,17,43
35,13,43
35,16,43
35,7,43
35,11,43
35,16,43
35,16,43
35,13,43
35,6,43
35,11,43
35,10,43
35,6,43
35,11,43
35,17,43
35,14,43
35,14,43
35,20,43
35,17,43
35,8,43
35,12,43
35,21,43
35,17,43
35,13,43
35,11,43
35,15,43
35,10,43
35,13,43
35,16,43
35,10,43
35,17,43
35,21,43
35,18,43
35,14,43
46,11,43
20,0,44
20,0,44
20,0,44
20,0,44
20,0,44
26,6,44
38,12,44
38,18,44
38,18,44
38,9,44
38,9,44
38,9,44
55,17,44
73,18,44
93,26,44
141,50,44
153,12,44
153,14,44
153,13,44
153,11,44
153,10,44
153,15,44
172,19,44
176,4,44
176,4,44
176,5,44
176,9,44
176,6,44
176,6,44
176,6,44
176,4,44
176,6,44
176,7,44
176,6,44
176,7,44
176,4,44
176,8,44
176,6,44
176,6,44
176,5,44
176,8,44
176,13,44
176,7,44
176,5,44
176,4,44
176,7,44
176,8,44
176,8,44
176,10,44
176,7,44
185,9,44
192,7,44
192,8,44
192,7,44
192,11,44
192,7,44
192,10,44
192,12,44
192,13,44
192,4,44
173,10,44
173,4,44
173,13,44
173,10,44
173,8,44
173,20,44
173,11,44
173,8,44
173,16,44
173,11,44
173,10,44
173,9,44
173,12,44
173,14,44
173,7,44
173,11,44
173,12,44
133,7,44
133,11,44
133,5,44
133,6,44
133,10,44
133,13,44
133,9,44
133,9,44
133,8,44
133,10,44
133,7,44
133,13,44
133,9,44
133,7,44
133,7,44
133,8,44
133,9,44
133,7,44
133,8,44
133,13,44
133,8,44
133,7,44
133,11,44
20,0,45
20,0,45
20,0,45
20,0,45
20,0,45
20,0,45
15,0,45
15,0,45
15,0,45
15,0,45
17,2,45
19,2,45
15,0,45
18,3,45
21,3,45
22,1,45
23,1,45
23,1,45
23,2,45
23,2,45
18,2,45
18,2,45
18,4,45
18,3,45
18,1,45
18,1,45
13,0,45
14,1,45
15,1,45
16,1,45
16,0,45
17,1,45
17,0,45
17,3,45
17,1,45
17,3,45
17,2,45
17,4,45
17,3,45
17,2,45
17,0,45
17,2,45
17,2,45
17,2,45
17,1,45
17,4,45
17,0,45
17,1,45
17,1,45
17,2,45
17,2,45
17,3,45
12,1,45
15,3,45
17,2,45
17,1,45
17,3,45
17,0,45
17,1,45
17,4,45
17,4,45
17,1,45
17,1,45
17,2,45
17,1,45
17,2,45
17,3,45
17,1,45
17,2,45
17,4,45
14,3,45
13,2,45
14,1,45
17,3,45
17,1,45
17,4,45
17,3,45
17,1,45
17,1,45
17,2,45
17,3,45
17,3,45
17,4,45
17,2,45
17,4,45
17,3,45
16,3,45
17,1,45
17,3,45
17,2,45
17,1,45
17,0,45
12,1,45
14,2,45
15,1,45
15,0,45
17,2,45
17,1,45
17,4,45
17,4,45
20,0,46
20,0,46
20,9,46
20,14,46
20,13,46
20,4,46
24,4,46
29,5,46
29,5,46
30,1,46
30,1,46
30,1,46
35,5,46
35,5,46
39,4,46
42,3,46
42,1,46
51,9,46
52,1,46
52,3,46
53,1,46
53,5,46
53,1,46
62,9,46
71,9,46
71,5,46
71,11,46
71,0,46
81,10,46
50,11,46
50,5,46
50,6,46
50,5,46
50,6,46
50,4,46
57,7,46
57,8,46
57,9,46
57,6,46
61,4,46
70,9,46
70,6,46
76,6,46
83,7,46
92,9,46
92,7,46
101,9,46
101,1,46
101,4,46
110,9,46
110,7,46
112,2,46
112,2,46
112,16,46
115,3,46
115,4,46
115,7,46
101,3,46
101,15,46
104,3,46
104,2,46
104,1,46
104,0,46
78,1,46
85,7,46
85,6,46
94,9,46
113,19,46
118,5,46
121,3,46
121,7,46
123,2,46
127,4,46
127,11,46
132,5,46
132,6,46
132,0,46
134,2,46
134,0,46
134,0,46
134,12,46
136,2,46
136,5,46
136,2,46
136,1,46
136,2,46
140,4,46
140,0,46
144,4,46
149,5,46
149,2,46
141,3,46
141,0,46
141,5,46
141,2,46
141,2,46
141,5,46
106,0,46
107,1,46
108,1,46
20,0,47
20,0,47
20,0,47
20,0,47
20,0,47
14,3,47
14,3,47
20,6,47
20,12,47
18,3,47
18,6,47
18,11,47
18,10,47
18,5,47
16,4,47
25,9,47
38,13,47
38,6,47
36,15,47
36,12,47
36,15,47
36,9,47
36,3,47
50,14,47
50,9,47
42,11,47
32,0,47
38,6,47
49,11,47
37,3,47
40,3,47
46,6,47
30,9,47
30,7,47
26,0,47
31,5,47
36,5,47
36,3,47
39,3,47
44,5,47
44,2,47
49,5,47
49,2,47
49,3,47
49,2,47
49,3,47
60,11,47
73,13,47
73,5,47
84,11,47
95,11,47
95,12,47
108,13,47
108,12,47
110,2,47
110,7,47
110,3,47
110,16,47
110,14,47
114,4,47
114,12,47
116,2,47
116,7,47
118,2,47
118,1,47
118,4,47
122,4,47
125,3,47
125,2,47
126,1,47
126,4,47
128,2,47
128,2,47
128,3,47
134,6,47
140,6,47
145,5,47
145,4,47
150,5,47
150,3,47
154,4,47
159,5,47
163,4,47
163,1,47
168,5,47
113,5,47
117,4,47
117,5,47
122,5,47
129,7,47
138,9,47
138,1,47
134,9,47
134,9,47
137,3,47
142,5,47
148,6,47
157,9,47
157,19,47
127,8,47
20,0,48
20,0,48
20,0,48
20,0,48
20,0,48
20,0,48
15,7,48
12,0,48
9,1,48
9,0,48
9,0,48
12,3,48
12,0,48
14,2,48
20,6,48
23,3,48
23,0,48
28,5,48
34,6,48
39,5,48
42,3,48
42,0,48
49,7,48
53,4,48
58,5,48
69,11,48
84,15,48
96,12,48
96,14,48
110,14,48
111,1,48
111,3,48
115,4,48
115,2,48
115,3,48
115,10,48
121,6,48
126,5,48
126,6,48
126,4,48
126,2,48
126,2,48
126,1,48
130,4,48
130,4,48
130,4,48
132,2,48
132,3,48
132,4,48
132,2,48
132,3,48
132,2,48
132,0,48
132,2,48
132,1,48
132,3,48
132,3,48
132,4,48
132,6,48
138,6,48
138,1,48
138,3,48
142,4,48
91,3,48
91,15,48
91,9,48
78,9,48
78,12,48
78,11,48
78,12,48
78,8,48
78,11,48
78,12,48
78,10,48
96,18,48
89,12,48
89,14,48
89,16,48
89,6,48
89,10,48
89,14,48
89,11,48
89,10,48
89,10,48
101,12,48
105,4,48
101,4,48
101,1,48
101,4,48
101,2,48
101,0,48
101,3,48
101,15,48
104,3,48
104,3,48
104,4,48
104,1,48
104,1,48
104,3,48
104,4,48
20,0,49
20,0,49
20,0,49
20,0,49
20,0,49
20,0,49
20,0,49
20,0,49
20,0,49
16,0,49
19,3,49
20,1,49
23,3,49
23,3,49
23,0,49
23,5,49
23,6,49
23,6,49
23,6,49
23,0,49
23,4,49
23,2,49
23,9,49
23,6,49
23,5,49
23,5,49
23,4,49
23,0,49
28,5,49
34,6,49
34,3,49
34,5,49
43,9,49
55,12,49
67,12,49
84,17,49
103,19,49
111,8,49
111,3,49
111,12,49
100,17,49
100,9,49
100,7,49
108,8,49
109,1,49
109,13,49
109,17,49
109,17,49
109,14,49
109,5,49
116,7,49
123,7,49
123,8,49
126,3,49
126,3,49
126,3,49
128,2,49
128,1,49
129,1,49
129,4,49
129,4,49
131,2,49
131,10,49
137,6,49
137,3,49
141,4,49
146,5,49
146,6,49
151,5,49
151,9,49
151,5,49
151,1,49
156,5,49
160,4,49
160,4,49
160,0,49
163,3,49
163,2,49
163,0,49
163,4,49
163,0,49
163,6,49
163,2,49
170,7,49
175,5,49
175,5,49
178,3,49
178,4,49
183,5,49
183,4,49
187,4,49
187,5,49
193,6,49
193,2,49
198,5,49
198,5,49
198,7,49
198,4,49
205,7,49
205,6,49
20,0,50
20,0,50
20,8,50
20,6,50
20,6,50
20,19,50
15,12,50
12,2,50
9,2,50
7,0,50
6,2,50
5,0,50
4,1,50
3,0,50
2,0,50
1,0,50
0,0,50
20,0,51
20,0,51
20,0,51
20,0,51
20,0,51
20,0,51
20,0,51
20,0,51
20,0,51
20,0,51
19,2,51
20,1,51
22,2,51
22,1,51
22,0,51
22,2,51
21,3,51
19,1,51
22,3,51
22,1,51
22,3,51
22,1,51
22,2,51
22,1,51
22,1,51
22,0,51
22,2,51
22,3,51
22,2,51
20,1,51
22,2,51
22,2,51
22,2,51
22,1,51
22,3,51
22,2,51
22,2,51
22,1,51
22,0,51
22,4,51
22,1,51
22,2,51
22,2,51
22,1,51
22,2,51
22,3,51
22,1,51
22,2,51
22,1,51
22,2,51
22,2,51
22,1,51
22,2,51
17,3,51
20,3,51
21,1,51
21,2,51
21,0,51
21,5,51
21,2,51
21,3,51
21,1,51
21,2,51
21,1,51
21,2,51
21,2,51
21,4,51
21,2,51
21,3,51
21,3,51
21,3,51
21,2,51
21,2,51
21,1,51
21,3,51
21,0,51
21,2,51
21,3,51
21,2,51
21,0,51
21,1,51
21,0,51
17,1,51
17,0,51
17,0,51
18,1,51
19,1,51
22,3,51
22,0,51
22,1,51
22,1,51
22,4,51
22,1,51
22,2,51
22,1,51
22,4,51
22,1,51
22,1,51
22,3,51
22,2,51
20,0,52
20,0,52
20,0,52
20,11,52
20,15,52
20,14,52
27,7,52
38,11,52
79,41,52
124,45,52
136,12,52
136,8,52
136,14,52
136,12,52
136,4,52
136,10,52
136,12,52
153,17,52
166,13,52
166,6,52
175,9,52
175,9,52
189,14,52
199,10,52
199,19,52
139,15,52
139,7,52
139,44,52
152,13,52
152,11,52
152,17,52
152,55,52
165,13,52
178,13,52
178,8,52
194,16,52
211,17,52
191,13,52
191,11,52
199,8,52
199,9,52
210,11,52
227,17,52
227,8,52
227,5,52
239,12,52
239,30,52
250,11,52
263,13,52
263,13,52
279,16,52
279,7,52
279,5,52
287,8,52
287,13,52
287,8,52
287,3,52
296,9,52
296,5,52
310,14,52
310,8,52
317,7,52
317,10,52
317,8,52
251,8,52
251,4,52
260,9,52
260,7,52
260,6,52
263,3,52
182,7,52
182,3,52
192,10,52
197,5,52
197,7,52
197,5,52
207,10,52
207,9,52
213,6,52
213,14,52
213,12,52
213,6,52
220,7,52
220,7,52
220,7,52
220,13,52
226,6,52
226,18,52
239,13,52
250,11,52
258,8,52
258,20,52
267,9,52
281,14,52
292,11,52
292,8,52
292,3,52
292,11,52
301,9,52
308,7,52
20,0,53
20,0,53
20,0,53
20,0,53
20,0,53
20,0,53
15,0,53
12,0,53
9,0,53
7,0,53
6,0,53
5,0,53
4,0,53
3,0,53
2,0,53
1,0,53
0,0,53
20,0,54
20,0,54
20,0,54
20,0,54
20,0,54
20,0,54
20,0,54
20,0,54
20,0,54
20,0,54
20,0,54
20,0,54
20,0,54
20,0,54
20,0,54
20,0,54
20,0,54
20,0,54
20,0,54
20,0,54
20,0,54
20,0,54
20,0,54
20,0,54
20,0,54
20,0,54
20,0,54
20,0,54
20,0,54
20,0,54
20,0,54
20,0,54
20,0,54
20,0,54
20,0,54
20,0,54
20,0,54
20,0,54
20,0,54
20,0,54
20,0,54
20,0,54
20,0,54
20,0,54
20,0,54
20,0,54
20,0,54
20,0,54
20,0,54
20,0,54
20,0,54
20,0,54
20,0,54
20,0,54
20,0,54
20,0,54
20,0,54
20,0,54
20,0,54
20,0,54
20,0,54
20,0,54
20,0,54
20,0,54
20,0,54
20,0,54
20,0,54
20,0,54
20,0,54
20,0,54
20,0,54
20,0,54
20,0,54
20,0,54
20,0,54
20,0,54
20,0,54
20,0,54
20,0,54
20,0,54
20,0,54
20,0,54
20,0,54
20,0,54
20,0,54
20,0,54
20,0,54
20,0,54
20,0,54
20,0,54
20,0,54
20,0,54
20,0,54
20,0,54
20,0,54
20,0,54
20,0,54
20,0,54
20,0,54
20,0,54
20,0,55
20,2,55
20,11,55
20,4,55
20,9,55
20,10,55
20,7,55
20,7,55
20,6,55
20,4,55
20,5,55
20,4,55
20,7,55
20,2,55
20,4,55
20,5,55
20,5,55
20,4,55
20,2,55
20,5,55
20,0,55
20,4,55
20,3,55
20,5,55
20,3,55
20,5,55
20,3,55
20,3,55
20,2,55
20,2,55
20,2,55
20,3,55
20,4,55
20,2,55
20,4,55
20,6,55
20,8,55
20,4,55
20,0,55
20,3,55
20,5,55
20,4,55
20,5,55
20,5,55
20,5,55
20,3,55
20,2,55
20,4,55
20,2,55
20,3,55
20,7,55
20,7,55
20,4,55
20,4,55
20,3,55
20,7,55
20,4,55
20,3,55
20,6,55
20,3,55
20,4,55
20,4,55
20,5,55
20,5,55
20,5,55
20,2,55
20,5,55
20,3,55
20,3,55
20,3,55
20,0,55
20,2,55
20,0,55
20,4,55
20,2,55
20,2,55
20,1,55
20,1,55
20,4,55
20,1,55
20,2,55
20,0,55
20,4,55
20,2,55
20,4,55
20,2,55
20,3,55
20,3,55
20,4,55
20,2,55
20,1,55
20,1,55
20,1,55
20,2,55
20,3,55
20,4,55
20,3,55
20,2,55
20,4,55
20,3,55
20,0,56
20,0,56
20,0,56
20,0,56
20,0,56
20,0,56
20,0,56
20,0,56
20,0,56
20,0,56
20,0,56
20,0,56
20,0,56
20,2,56
20,2,56
22,2,56
17,0,56
18,1,56
20,2,56
20,2,56
20,4,56
15,1,56
17,2,56
17,4,56
17,2,56
17,0,56
20,3,56
20,2,56
20,3,56
20,3,56
20,2,56
20,2,56
20,3,56
20,1,56
20,3,56
20,3,56
20,2,56
20,3,56
20,2,56
24,4,56
27,3,56
21,1,56
25,4,56
29,4,56
29,1,56
33,4,56
33,5,56
33,6,56
33,2,56
36,3,56
36,8,56
36,7,56
36,7,56
36,6,56
36,1,56
45,9,56
45,6,56
55,10,56
55,6,56
67,12,56
79,12,56
91,12,56
91,7,56
106,15,56
106,13,56
109,3,56
113,4,56
113,3,56
113,14,56
119,6,56
119,13,56
125,6,56
125,15,56
128,3,56
133,5,56
110,9,56
112,2,56
112,4,56
112,3,56
112,5,56
112,11,56
115,3,56
115,2,56
115,1,56
115,2,56
115,1,56
115,3,56
115,3,56
115,2,56
115,2,56
115,2,56
115,5,56
118,3,56
120,2,56
124,4,56
129,5,56
132,3,56
132,9,56
132,15,56
138,6,56
18,0,57
18,0,57
18,2,57
18,2,57
18,15,57
13,11,57
13,3,57
13,8,57
13,9,57
10,6,57
8,3,57
9,1,57
14,5,57
16,2,57
16,7,57
16,3,57
16,3,57
16,6,57
16,12,57
16,6,57
16,8,57
16,8,57
16,6,57
16,10,57
16,10,57
16,5,57
16,7,57
16,7,57
16,10,57
16,10,57
16,7,57
16,6,57
16,8,57
16,10,57
16,9,57
16,9,57
16,4,57
16,8,57
12,14,57
12,5,57
12,4,57
12,5,57
12,5,57
12,6,57
12,5,57
12,7,57
12,3,57
12,5,57
12,4,57
12,7,57
12,5,57
12,4,57
12,5,57
12,5,57
12,2,57
12,7,57
12,4,57
12,5,57
12,7,57
12,5,57
12,6,57
12,3,57
12,4,57
12,7,57
12,4,57
12,5,57
12,6,57
12,6,57
12,10,57
12,8,57
12,4,57
12,3,57
12,4,57
12,3,57
12,7,57
12,2,57
12,8,57
12,5,57
12,4,57
12,8,57
12,5,57
12,6,57
12,6,57
12,4,57
12,2,57
12,9,57
12,7,57
12,3,57
12,5,57
12,6,57
12,3,57
12,8,57
12,4,57
12,4,57
12,2,57
12,3,57
12,4,57
12,5,57
12,1,57
12,4,57
20,0,58
20,0,58
20,11,58
20,6,58
20,10,58
18,4,58
14,1,58
16,2,58
16,2,58
16,6,58
16,2,58
16,6,58
16,4,58
16,4,58
18,2,58
22,4,58
22,3,58
18,0,58
21,3,58
21,0,58
25,4,58
25,0,58
33,8,58
33,8,58
31,10,58
31,10,58
31,7,58
31,11,58
31,5,58
31,6,58
31,10,58
31,7,58
31,6,58
31,8,58
31,6,58
31,8,58
31,6,58
31,12,58
31,6,58
31,0,58
25,6,58
25,5,58
25,7,58
23,7,58
23,4,58
23,8,58
23,6,58
23,4,58
23,6,58
23,10,58
23,7,58
23,2,58
16,5,58
22,6,58
22,5,58
22,6,58
22,9,58
22,6,58
22,3,58
22,2,58
22,8,58
22,7,58
22,4,58
22,6,58
22,5,58
22,3,58
22,11,58
22,4,58
22,6,58
14,7,58
20,6,58
20,3,58
20,4,58
20,10,58
20,6,58
20,8,58
20,7,58
20,6,58
20,6,58
20,5,58
20,4,58
20,6,58
20,6,58
20,3,58
20,7,58
20,8,58
20,7,58
20,4,58
20,4,58
14,3,58
21,7,58
21,9,58
21,9,58
21,5,58
21,6,58
21,9,58
21,9,58
21,9,58
21,6,58
21,9,58
20,0,59
20,0,59
20,0,59
20,0,59
20,0,59
20,0,59
15,5,59
12,3,59
9,2,59
7,4,59
6,4,59
7,1,59
10,3,59
13,3,59
14,1,59
14,5,59
14,1,59
19,5,59
19,6,59
29,10,59
29,16,59
22,3,59
14,1,59
15,1,59
15,5,59
15,7,59
15,3,59
15,1,59
18,3,59
18,6,59
18,4,59
18,2,59
21,3,59
22,1,59
22,6,59
22,8,59
22,3,59
22,6,59
22,7,59
22,0,59
25,3,59
28,3,59
34,6,59
42,8,59
48,6,59
52,4,59
52,2,59
48,9,59
48,6,59
48,6,59
48,8,59
48,5,59
48,8,59
48,13,59
48,6,59
48,9,59
48,8,59
56,8,59
66,10,59
66,12,59
86,20,59
112,26,59
118,6,59
143,25,59
152,9,59
118,4,59
118,6,59
118,4,59
118,7,59
118,11,59
118,29,59
124,6,59
129,5,59
129,9,59
149,20,59
155,6,59
155,6,59
162,7,59
162,16,59
170,8,59
177,7,59
177,10,59
177,17,59
182,5,59
182,7,59
182,7,59
182,9,59
182,6,59
182,5,59
188,6,59
188,6,59
195,7,59
195,11,59
205,10,59
205,9,59
213,8,59
221,8,59
221,9,59
228,7,59
235,7,59
20,0,60
20,0,60
20,0,60
20,13,60
30,10,60
30,10,60
30,8,60
33,3,60
50,17,60
73,23,60
105,32,60
113,8,60
120,7,60
134,14,60
144,10,60
157,13,60
171,14,60
181,10,60
200,19,60
206,6,60
206,11,60
206,16,60
206,15,60
206,8,60
206,14,60
206,20,60
206,9,60
206,16,60
206,18,60
206,14,60
206,18,60
206,11,60
206,8,60
206,11,60
206,13,60
206,13,60
206,16,60
206,10,60
206,14,60
206,9,60
206,15,60
206,11,60
206,18,60
206,11,60
206,13,60
206,9,60
206,12,60
206,10,60
206,15,60
206,15,60
206,16,60
206,11,60
206,10,60
206,17,60
206,7,60
206,7,60
206,7,60
206,12,60
206,7,60
206,11,60
206,7,60
206,9,60
206,6,60
206,9,60
206,4,60
206,7,60
206,8,60
206,11,60
206,9,60
206,5,60
206,9,60
206,8,60
206,12,60
206,9,60
206,6,60
206,12,60
206,9,60
206,15,60
206,13,60
206,4,60
206,11,60
206,7,60
206,13,60
206,5,60
206,10,60
206,8,60
206,6,60
206,7,60
206,8,60
206,9,60
206,2,60
206,8,60
206,1,60
206,5,60
206,5,60
206,6,60
206,1,60
206,1,60
206,4,60
206,3,60
20,0,61
20,0,61
20,1,61
20,1,61
20,27,61
20,21,61
15,11,61
12,7,61
9,3,61
9,0,61
9,0,61
8,0,61
8,0,61
10,2,61
10,1,61
10,2,61
10,2,61
10,3,61
10,3,61
10,5,61
10,2,61
10,0,61
10,3,61
10,2,61
10,1,61
10,4,61
10,2,61
10,0,61
7,0,61
7,0,61
9,2,61
9,2,61
9,2,61
9,1,61
9,0,61
9,0,61
9,1,61
9,2,61
7,1,61
9,2,61
9,3,61
9,0,61
9,2,61
9,3,61
9,1,61
9,1,61
9,3,61
9,0,61
9,1,61
9,1,61
9,3,61
9,0,61
9,1,61
9,0,61
9,1,61
9,1,61
9,0,61
9,1,61
9,2,61
9,1,61
9,2,61
9,2,61
9,0,61
9,0,61
9,1,61
9,1,61
9,1,61
8,1,61
10,2,61
10,1,61
10,2,61
7,3,61
8,1,61
6,2,61
6,2,61
6,0,61
6,2,61
6,2,61
6,3,61
6,3,61
6,1,61
6,2,61
6,2,61
6,1,61
6,1,61
6,2,61
6,0,61
6,0,61
4,3,61
4,0,61
5,1,61
5,0,61
8,3,61
8,1,61
11,3,61
11,1,61
11,3,61
11,1,61
11,0,61
11,0,61
20,0,62
20,2,62
20,6,62
20,4,62
20,8,62
20,7,62
20,2,62
20,0,62
22,2,62
27,5,62
27,1,62
23,5,62
23,2,62
23,2,62
28,5,62
34,6,62
24,8,62
24,4,62
24,5,62
24,2,62
24,7,62
24,3,62
27,3,62
27,9,62
27,7,62
27,3,62
31,9,62
41,10,62
55,14,62
74,19,62
92,18,62
124,32,62
134,10,62
134,8,62
134,12,62
134,37,62
146,12,62
146,13,62
96,33,62
96,21,62
128,32,62
137,9,62
148,11,62
148,37,62
98,11,62
83,32,62
83,17,62
118,35,62
125,7,62
125,6,62
131,6,62
131,33,62
142,11,62
150,8,62
155,5,62
155,9,62
163,8,62
163,11,62
169,6,62
169,6,62
175,6,62
175,9,62
181,6,62
181,4,62
189,8,62
196,7,62
196,4,62
196,5,62
196,7,62
196,6,62
196,4,62
196,5,62
196,5,62
196,4,62
196,5,62
196,5,62
196,2,62
196,2,62
196,5,62
196,6,62
120,4,62
120,1,62
120,4,62
120,2,62
120,5,62
120,3,62
120,2,62
120,5,62
120,2,62
120,4,62
120,6,62
103,2,62
103,6,62
103,4,62
103,3,62
103,5,62
103,2,62
103,3,62
103,1,62
103,5,62
20,0,63
20,0,63
20,0,63
20,2,63
20,20,63
20,28,63
9,14,63
7,3,63
6,2,63
5,2,63
4,3,63
2,1,63
1,1,63
0,1,63
20,0,64
20,0,64
20,0,64
20,2,64
20,4,64
20,6,64
20,5,64
16,12,64
16,9,64
16,6,64
16,5,64
16,7,64
16,8,64
16,4,64
16,7,64
16,4,64
16,6,64
16,1,64
16,0,64
19,3,64
19,2,64
19,1,64
15,0,64
16,1,64
16,0,64
17,1,64
19,2,64
20,1,64
20,2,64
17,4,64
17,4,64
13,0,64
13,0,64
13,2,64
13,2,64
13,5,64
13,2,64
10,0,64
14,4,64
14,2,64
14,1,64
14,2,64
14,3,64
14,1,64
14,3,64
14,2,64
14,2,64
10,3,64
10,2,64
10,1,64
10,0,64
10,1,64
10,1,64
10,3,64
10,2,64
10,3,64
10,3,64
10,1,64
10,2,64
10,2,64
10,1,64
10,1,64
10,1,64
10,1,64
10,2,64
10,1,64
10,3,64
10,1,64
10,2,64
10,4,64
10,3,64
10,0,64
9,1,64
9,2,64
9,0,64
9,3,64
9,1,64
9,3,64
9,1,64
9,4,64
7,0,64
8,1,64
8,1,64
8,3,64
8,2,64
8,2,64
8,0,64
8,2,64
8,1,64
8,2,64
8,1,64
8,3,64
8,4,64
8,1,64
8,4,64
8,3,64
8,1,64
8,4,64
8,3,64
8,2,64
20,0,65
20,0,65
20,1,65
28,8,65
28,1,65
36,8,65
36,6,65
22,2,65
22,2,65
22,4,65
22,3,65
22,5,65
21,1,65
23,2,65
23,0,65
25,2,65
24,4,65
24,1,65
24,1,65
25,1,65
15,1,65
15,1,65
14,3,65
15,1,65
17,2,65
17,0,65
17,1,65
17,0,65
17,1,65
17,0,65
17,2,65
15,0,65
15,0,65
15,0,65
15,2,65
16,1,65
17,1,65
17,6,65
14,4,65
16,2,65
16,4,65
16,1,65
18,3,65
21,3,65
22,1,65
22,2,65
26,4,65
26,2,65
31,5,65
31,2,65
31,5,65
37,6,65
37,5,65
44,7,65
35,14,65
35,8,65
35,2,65
41,6,65
47,6,65
47,8,65
57,10,65
57,3,65
69,12,65
81,12,65
93,12,65
93,9,65
110,17,65
110,16,65
114,4,65
114,8,65
108,5,65
108,18,65
88,8,65
88,6,65
105,17,65
105,16,65
107,2,65
105,4,65
106,1,65
106,4,65
106,12,65
108,2,65
108,13,65
109,1,65
109,4,65
113,4,65
113,10,65
96,6,65
96,5,65
110,14,65
110,0,65
110,2,65
84,1,65
84,6,65
84,6,65
84,5,65
84,6,65
84,9,65
103,19,65
103,9,65
20,0,66
20,1,66
20,0,66
13,2,66
13,2,66
13,26,66
13,23,66
13,18,66
24,11,66
36,12,66
36,21,66
36,9,66
36,16,66
36,19,66
36,14,66
36,11,66
36,12,66
36,14,66
36,17,66
36,13,66
36,14,66
36,13,66
36,9,66
36,16,66
36,14,66
36,13,66
36,13,66
36,14,66
36,14,66
36,25,66
36,16,66
36,13,66
36,11,66
36,13,66
36,13,66
36,12,66
36,8,66
36,10,66
36,17,66
36,11,66
36,8,66
36,12,66
36,13,66
36,13,66
36,11,66
36,6,66
36,19,66
36,18,66
36,9,66
36,14,66
36,12,66
36,13,66
36,17,66
36,14,66
36,12,66
36,9,66
36,13,66
36,12,66
36,19,66
36,16,66
36,15,66
36,19,66
36,15,66
36,14,66
36,9,66
36,18,66
57,21,66
82,25,66
116,34,66
126,10,66
133,7,66
142,9,66
154,12,66
154,9,66
154,9,66
154,10,66
154,14,66
154,12,66
154,13,66
154,11,66
154,10,66
154,7,66
154,5,66
154,13,66
154,18,66
154,6,66
154,12,66
154,14,66
154,10,66
154,10,66
154,12,66
154,10,66
154,11,66
154,10,66
154,12,66
154,11,66
154,11,66
154,9,66
154,5,66
154,12,66
20,0,67
20,0,67
20,0,67
20,0,67
20,0,67
20,0,67
20,0,67
20,0,67
20,0,67
20,1,67
20,6,67
20,1,67
30,10,67
40,10,67
47,7,67
47,9,67
54,7,67
54,6,67
65,11,67
72,7,67
83,11,67
91,8,67
106,15,67
109,3,67
114,5,67
114,4,67
114,4,67
114,2,67
114,5,67
114,0,67
114,4,67
114,2,67
114,2,67
114,3,67
77,4,67
54,11,67
54,6,67
54,8,67
54,7,67
54,6,67
54,7,67
54,10,67
54,11,67
54,5,67
54,4,67
54,9,67
49,4,67
49,7,67
49,8,67
49,9,67
49,7,67
49,8,67
49,7,67
49,7,67
49,6,67
49,9,67
49,6,67
49,9,67
49,6,67
49,10,67
49,6,67
49,10,67
49,5,67
49,5,67
49,8,67
49,12,67
49,7,67
49,9,67
49,9,67
49,7,67
49,7,67
49,9,67
36,10,67
36,7,67
36,4,67
36,7,67
36,5,67
34,5,67
34,5,67
34,3,67
34,4,67
34,6,67
34,5,67
34,7,67
34,8,67
34,8,67
34,5,67
34,7,67
34,3,67
33,6,67
33,7,67
28,4,67
28,4,67
28,5,67
28,6,67
28,4,67
28,3,67
28,2,67
28,4,67
28,3,67
20,0,68
20,0,68
20,0,68
20,9,68
20,22,68
20,27,68
15,13,68
12,6,68
9,2,68
7,0,68
6,1,68
8,2,68
10,2,68
10,0,68
13,3,68
13,0,68
14,1,68
14,3,68
14,1,68
14,4,68
14,0,68
14,3,68
14,3,68
14,1,68
14,4,68
14,3,68
14,2,68
14,6,68
14,3,68
14,2,68
14,5,68
14,2,68
14,6,68
14,2,68
14,3,68
14,1,68
14,1,68
14,0,68
14,3,68
14,2,68
14,1,68
14,3,68
14,3,68
14,4,68
14,1,68
14,1,68
14,2,68
14,4,68
14,3,68
14,1,68
14,2,68
14,4,68
14,2,68
14,1,68
14,3,68
14,2,68
14,2,68
14,6,68
14,1,68
14,5,68
14,2,68
14,5,68
14,4,68
14,1,68
14,2,68
14,4,68
14,3,68
14,2,68
14,0,68
14,3,68
14,4,68
14,2,68
14,3,68
14,2,68
14,1,68
14,2,68
14,0,68
14,2,68
14,3,68
14,5,68
14,2,68
14,3,68
14,4,68
14,1,68
14,2,68
14,5,68
14,3,68
14,1,68
14,3,68
14,2,68
14,3,68
14,1,68
14,0,68
14,4,68
14,2,68
14,1,68
14,2,68
14,1,68
14,4,68
14,4,68
20,0,69
20,0,69
14,0,69
14,0,69
14,0,69
9,0,69
9,0,69
9,0,69
9,0,69
9,0,69
9,0,69
9,0,69
9,0,69
9,0,69
9,0,69
9,0,69
9,0,69
10,1,69
12,2,69
12,0,69
12,0,69
12,1,69
12,2,69
12,0,69
12,0,69
12,1,69
12,0,69
12,1,69
12,3,69
12,1,69
12,1,69
12,3,69
12,3,69
12,1,69
12,1,69
12,5,69
10,0,69
10,3,69
10,1,69
10,1,69
10,1,69
10,2,69
10,1,69
10,3,69
10,2,69
10,0,69
10,3,69
10,1,69
10,1,69
10,1,69
10,2,69
10,1,69
10,0,69
10,1,69
10,2,69
10,0,69
10,1,69
10,0,69
10,3,69
10,2,69
10,2,69
10,1,69
10,3,69
10,1,69
10,2,69
10,4,69
10,3,69
10,2,69
10,1,69
10,2,69
10,0,69
10,2,69
10,2,69
10,4,69
10,2,69
10,4,69
10,1,69
10,3,69
10,2,69
10,3,69
10,3,69
10,4,69
10,1,69
10,2,69
10,3,69
10,1,69
10,0,69
10,3,69
10,2,69
10,3,69
10,3,69
10,3,69
10,3,69
10,1,69
10,2,69
10,2,69
10,3,69
10,0,69
10,1,69
10,0,69
20,0,70
20,0,70
20,0,70
20,14,70
20,9,70
20,2,70
20,6,70
29,9,70
19,7,70
19,6,70
13,7,70
13,2,70
13,3,70
13,4,70
13,5,70
13,4,70
13,3,70
13,4,70
13,5,70
13,3,70
13,3,70
13,1,70
13,2,70
13,1,70
13,2,70
9,4,70
7,2,70
7,1,70
7,2,70
7,2,70
7,2,70
7,3,70
7,1,70
7,0,70
7,3,70
7,1,70
7,3,70
7,2,70
7,3,70
7,4,70
7,2,70
7,2,70
7,1,70
7,1,70
7,3,70
7,1,70
7,5,70
7,3,70
7,1,70
5,0,70
5,1,70
5,0,70
5,1,70
5,2,70
5,1,70
5,1,70
5,2,70
5,2,70
5,1,70
5,1,70
5,1,70
5,1,70
5,2,70
5,1,70
5,0,70
5,1,70
5,1,70
5,1,70
5,0,70
5,3,70
5,1,70
5,2,70
5,2,70
5,0,70
5,1,70
5,2,70
5,0,70
5,1,70
5,2,70
5,1,70
5,0,70
5,0,70
5,2,70
5,2,70
5,2,70
5,1,70
5,2,70
5,3,70
5,0,70
5,0,70
5,1,70
5,0,70
5,3,70
5,1,70
5,0,70
5,2,70
5,1,70
5,2,70
5,2,70
5,0,70
20,0,71
20,0,71
20,0,71
20,0,71
20,7,71
20,2,71
20,4,71
20,7,71
20,1,71
20,0,71
24,4,71
24,0,71
25,1,71
29,4,71
22,2,71
28,6,71
34,6,71
39,5,71
39,6,71
39,9,71
37,7,71
37,5,71
37,2,71
37,5,71
37,7,71
37,5,71
37,7,71
37,5,71
37,8,71
37,1,71
37,4,71
37,4,71
37,4,71
37,5,71
37,1,71
37,5,71
37,5,71
37,2,71
33,5,71
36,3,71
40,4,71
40,4,71
40,4,71
40,2,71
40,5,71
40,9,71
40,2,71
40,4,71
40,9,71
40,5,71
34,6,71
41,7,71
41,3,71
41,6,71
41,7,71
41,7,71
41,5,71
41,6,71
41,7,71
41,3,71
41,8,71
41,8,71
41,4,71
41,6,71
41,5,71
41,6,71
41,1,71
41,5,71
41,4,71
41,6,71
41,4,71
41,8,71
31,4,71
35,4,71
37,2,71
37,7,71
37,6,71
37,3,71
37,7,71
44,7,71
51,7,71
56,5,71
64,8,71
68,4,71
77,9,71
88,11,71
101,13,71
103,2,71
103,2,71
103,1,71
103,1,71
103,4,71
103,1,71
103,2,71
103,3,71
103,4,71
103,1,71
103,2,71
103,4,71
103,0,71
20,0,72
20,0,72
20,11,72
20,7,72
15,26,72
11,16,72
12,1,72
13,1,72
14,1,72
16,2,72
16,0,72
16,0,72
20,4,72
23,3,72
29,6,72
38,9,72
38,5,72
38,8,72
38,8,72
38,4,72
38,12,72
38,12,72
27,14,72
37,10,72
37,13,72
37,7,72
37,3,72
49,12,72
63,14,72
78,15,72
78,20,72
78,13,72
100,22,72
100,15,72
126,26,72
126,8,72
135,9,72
135,2,72
137,2,72
137,24,72
139,2,72
139,6,72
139,14,72
144,5,72
145,2,72
145,2,72
153,8,72
153,3,72
153,6,72
153,4,72
153,2,72
153,5,72
153,4,72
153,2,72
155,2,72
159,4,72
159,14,72
167,8,72
171,4,72
176,5,72
176,3,72
162,4,72
162,4,72
162,11,72
166,4,72
165,4,72
167,2,72
171,4,72
171,6,72
171,3,72
171,4,72
171,6,72
176,5,72
183,7,72
183,1,72
190,7,72
190,13,72
191,1,72
197,6,72
197,5,72
197,9,72
204,7,72
204,1,72
210,6,72
210,2,72
214,4,72
214,4,72
216,2,72
220,4,72
220,3,72
223,3,72
223,3,72
137,3,72
137,3,72
137,0,72
137,1,72
137,0,72
137,2,72
142,5,72
142,10,72
20,0,73
20,0,73
20,0,73
20,0,73
20,0,73
20,0,73
20,0,73
20,0,73
26,6,73
26,3,73
26,2,73
26,2,73
26,4,73
26,6,73
26,1,73
26,3,73
21,6,73
21,0,73
21,2,73
21,1,73
21,1,73
21,4,73
21,2,73
21,2,73
21,2,73
21,3,73
21,2,73
15,2,73
18,3,73
21,3,73
21,1,73
21,1,73
21,2,73
21,1,73
21,2,73
21,1,73
17,4,73
19,2,73
20,1,73
22,2,73
24,2,73
24,4,73
24,1,73
24,0,73
24,1,73
24,5,73
24,2,73
24,3,73
24,4,73
24,5,73
24,2,73
24,4,73
24,4,73
24,1,73
24,1,73
20,2,73
23,3,73
23,1,73
23,0,73
23,4,73
23,1,73
23,3,73
23,5,73
23,3,73
23,2,73
23,6,73
19,2,73
19,0,73
22,3,73
26,4,73
26,3,73
26,5,73
26,4,73
26,3,73
26,1,73
26,4,73
26,3,73
26,1,73
26,3,73
26,0,73
26,4,73
26,3,73
26,3,73
26,5,73
26,2,73
17,3,73
19,2,73
17,2,73
20,3,73
21,1,73
21,2,73
21,1,73
21,3,73
21,2,73
20,4,73
24,4,73
21,1,73
21,2,73
21,1,73
21,2,73
20,0,74
20,0,74
20,13,74
20,5,74
20,14,74
20,3,74
20,4,74
20,3,74
20,5,74
20,2,74
20,3,74
20,6,74
20,2,74
20,3,74
20,3,74
20,2,74
20,1,74
20,2,74
20,5,74
20,5,74
20,6,74
20,7,74
20,3,74
20,1,74
20,2,74
20,5,74
20,3,74
20,6,74
20,5,74
20,2,74
20,7,74
20,3,74
20,3,74
20,3,74
20,6,74
20,5,74
20,4,74
20,4,74
20,3,74
20,3,74
20,2,74
20,4,74
20,5,74
20,4,74
20,4,74
20,4,74
20,3,74
20,3,74
20,7,74
20,6,74
20,2,74
20,4,74
20,4,74
20,4,74
20,6,74
20,4,74
20,3,74
20,3,74
20,5,74
20,2,74
20,3,74
20,1,74
20,2,74
20,2,74
20,5,74
20,2,74
20,2,74
20,5,74
20,2,74
20,2,74
20,2,74
20,7,74
20,3,74
20,4,74
20,3,74
20,5,74
20,2,74
20,3,74
20,2,74
20,5,74
20,1,74
20,4,74
20,4,74
20,0,74
20,5,74
20,5,74
20,7,74
20,5,74
20,9,74
20,5,74
20,4,74
20,5,74
20,3,74
20,7,74
20,1,74
20,5,74
20,3,74
20,6,74
20,5,74
20,5,74
20,0,75
18,1,75
18,11,75
18,11,75
18,3,75
18,3,75
18,1,75
14,7,75
11,4,75
9,2,75
13,4,75
13,1,75
16,3,75
16,4,75
16,3,75
16,2,75
16,3,75
16,2,75
16,2,75
16,4,75
11,5,75
11,4,75
11,2,75
11,0,75
14,3,75
14,2,75
14,6,75
14,5,75
14,0,75
14,4,75
14,3,75
14,0,75
15,1,75
15,3,75
15,3,75
9,6,75
6,4,75
6,3,75
6,3,75
6,1,75
6,2,75
6,1,75
6,3,75
6,1,75
6,2,75
6,2,75
6,1,75
6,2,75
6,1,75
6,1,75
6,2,75
6,1,75
6,2,75
6,0,75
6,1,75
6,2,75
6,2,75
6,5,75
6,3,75
6,3,75
6,3,75
6,0,75
6,3,75
6,1,75
6,2,75
6,3,75
6,2,75
6,2,75
6,0,75
6,2,75
6,1,75
6,0,75
6,2,75
6,2,75
6,0,75
6,3,75
6,1,75
6,0,75
6,1,75
6,0,75
6,0,75
6,0,75
6,2,75
6,2,75
6,2,75
6,1,75
6,2,75
6,2,75
6,0,75
6,0,75
6,1,75
6,3,75
6,1,75
6,2,75
6,1,75
6,0,75
6,1,75
6,1,75
6,0,75
6,3,75
20,0,76
20,0,76
20,0,76
20,0,76
20,0,76
20,0,76
17,0,76
17,0,76
17,0,76
17,0,76
17,0,76
12,0,76
11,0,76
11,0,76
11,0,76
11,0,76
11,0,76
13,2,76
9,1,76
9,0,76
9,0,76
11,2,76
15,4,76
17,2,76
20,3,76
23,3,76
23,4,76
23,5,76
23,2,76
16,6,76
19,3,76
23,4,76
16,4,76
16,4,76
22,6,76
22,8,76
22,4,76
22,4,76
22,4,76
22,3,76
22,8,76
22,6,76
22,7,76
21,3,76
28,7,76
28,4,76
28,8,76
28,9,76
28,5,76
28,8,76
28,4,76
22,1,76
23,1,76
24,1,76
27,3,76
27,6,76
27,1,76
27,1,76
27,4,76
27,4,76
27,1,76
27,4,76
27,1,76
27,4,76
27,3,76
27,2,76
27,3,76
27,2,76
27,2,76
27,3,76
27,1,76
17,3,76
19,2,76
21,2,76
25,4,76
27,2,76
27,5,76
27,3,76
27,3,76
27,4,76
27,4,76
27,7,76
27,3,76
27,2,76
27,5,76
27,5,76
27,5,76
27,2,76
27,3,76
27,7,76
27,4,76
27,7,76
27,4,76
27,4,76
21,3,76
18,1,76
20,2,76
22,2,76
25,3,76
28,3,76
20,0,77
20,0,77
20,12,77
20,9,77
20,4,77
20,4,77
20,2,77
20,1,77
20,4,77
20,3,77
21,1,77
26,5,77
28,2,77
28,1,77
28,2,77
28,3,77
28,1,77
28,1,77
28,2,77
28,1,77
28,2,77
28,2,77
28,1,77
28,3,77
28,3,77
28,3,77
28,3,77
28,2,77
28,4,77
28,3,77
28,4,77
28,3,77
28,5,77
28,3,77
28,2,77
29,1,77
29,1,77
29,4,77
29,5,77
29,2,77
29,1,77
29,1,77
29,5,77
29,4,77
29,1,77
29,3,77
29,4,77
29,3,77
29,4,77
29,4,77
29,5,77
29,4,77
29,4,77
29,7,77
29,4,77
29,3,77
29,5,77
29,3,77
29,4,77
29,2,77
29,1,77
29,5,77
29,3,77
29,2,77
29,3,77
29,3,77
29,3,77
29,4,77
29,3,77
29,2,77
29,3,77
29,5,77
29,4,77
29,2,77
29,1,77
29,5,77
29,2,77
29,4,77
29,4,77
29,2,77
29,6,77
29,1,77
29,5,77
29,1,77
29,4,77
29,2,77
29,2,77
29,4,77
29,4,77
29,3,77
29,2,77
29,5,77
29,7,77
29,3,77
29,4,77
29,3,77
29,5,77
29,1,77
29,1,77
29,4,77
20,0,78
20,0,78
20,0,78
20,0,78
20,0,78
20,0,78
12,0,78
9,2,78
7,2,78
6,0,78
6,0,78
8,2,78
8,0,78
8,0,78
8,0,78
8,0,78
9,1,78
9,0,78
10,1,78
11,1,78
17,6,78
17,0,78
21,4,78
21,6,78
21,0,78
21,10,78
21,8,78
21,4,78
21,5,78
21,3,78
24,3,78
24,6,78
24,8,78
24,4,78
24,7,78
24,4,78
24,4,78
28,4,78
28,4,78
28,4,78
28,4,78
28,6,78
28,12,78
28,5,78
28,2,78
33,5,78
33,7,78
33,9,78
33,8,78
33,8,78
28,8,78
28,3,78
28,3,78
32,4,78
32,0,78
40,8,78
40,5,78
45,5,78
44,1,78
53,9,78
63,10,78
77,14,78
49,21,78
49,1,78
61,12,78
72,11,78
72,5,78
83,11,78
93,10,78
93,14,78
93,7,78
111,18,78
114,3,78
114,2,78
114,4,78
119,5,78
104,2,78
104,4,78
118,14,78
128,10,78
128,0,78
129,1,78
129,2,78
129,2,78
129,3,78
129,4,78
129,1,78
133,4,78
133,3,78
133,1,78
133,3,78
111,4,78
111,15,78
111,10,78
111,12,78
123,12,78
128,5,78
128,1,78
133,5,78
139,6,78
20,0,79
20,0,79
20,0,79
20,0,79
20,0,79
20,0,79
15,0,79
12,0,79
9,0,79
7,0,79
6,0,79
5,0,79
4,0,79
3,0,79
2,0,79
1,0,79
0,0,79
20,0,80
20,0,80
20,3,80
35,15,80
113,78,80
167,54,80
227,60,80
305,78,80
240,94,80
240,81,80
240,69,80
240,34,80
240,45,80
183,28,80
183,15,80
183,11,80
183,11,80
183,22,80
183,11,80
183,15,80
183,14,80
183,13,80
183,15,80
111,11,80
111,9,80
111,8,80
111,10,80
111,15,80
111,10,80
111,7,80
111,7,80
111,6,80
79,9,80
75,28,80
75,26,80
75,29,80
75,22,80
75,31,80
75,31,80
75,26,80
75,21,80
75,31,80
75,23,80
75,24,80
75,29,80
75,35,80
62,27,80
62,20,80
62,18,80
62,20,80
62,25,80
62,22,80
62,22,80
62,35,80
62,29,80
62,24,80
62,21,80
62,29,80
62,28,80
62,21,80
62,20,80
62,22,80
62,31,80
62,20,80
62,23,80
62,28,80
62,24,80
62,20,80
62,23,80
62,21,80
62,25,80
62,18,80
62,22,80
62,23,80
62,22,80
62,25,80
62,24,80
62,23,80
62,24,80
62,17,80
62,20,80
62,24,80
62,23,80
62,19,80
62,20,80
62,16,80
62,17,80
62,18,80
62,29,80
62,23,80
62,21,80
62,28,80
62,33,80
62,22,80
62,27,80
62,25,80
62,24,80
62,22,80
62,29,80
62,24,80
20,0,81
20,0,81
20,8,81
20,5,81
20,6,81
20,2,81
24,4,81
24,3,81
24,0,81
27,3,81
31,4,81
31,0,81
31,2,81
19,1,81
22,3,81
22,3,81
22,0,81
25,3,81
25,4,81
25,1,81
25,3,81
25,7,81
25,3,81
29,4,81
29,6,81
29,1,81
33,4,81
38,5,81
43,5,81
33,1,81
36,3,81
34,3,81
34,1,81
34,6,81
38,4,81
36,3,81
36,1,81
39,3,81
47,8,81
53,6,81
53,5,81
43,2,81
43,4,81
43,0,81
33,1,81
34,1,81
34,2,81
37,3,81
37,4,81
37,2,81
40,3,81
40,3,81
40,3,81
40,3,81
40,1,81
40,1,81
44,4,81
44,2,81
44,5,81
48,4,81
48,3,81
48,1,81
53,5,81
59,6,81
66,7,81
66,2,81
66,5,81
50,2,81
51,1,81
55,4,81
55,0,81
55,0,81
55,1,81
56,1,81
56,2,81
65,9,81
71,6,81
71,6,81
77,6,81
77,2,81
87,10,81
85,10,81
85,7,81
92,7,81
92,8,81
92,5,81
98,6,81
98,3,81
105,7,81
105,3,81
105,4,81
105,2,81
113,8,81
113,5,81
113,3,81
104,4,81
104,1,81
104,5,81
124,20,81
125,1,81
20,0,82
20,0,82
20,0,82
20,11,82
20,3,82
20,5,82
20,1,82
20,1,82
20,3,82
20,1,82
20,1,82
20,6,82
20,6,82
20,2,82
21,1,82
15,4,82
18,3,82
18,0,82
19,1,82
20,1,82
22,2,82
22,3,82
22,2,82
22,1,82
17,3,82
18,1,82
19,1,82
20,1,82
21,1,82
21,2,82
21,2,82
18,2,82
20,2,82
21,1,82
21,4,82
21,1,82
21,1,82
21,1,82
21,2,82
21,2,82
21,2,82
21,0,82
21,2,82
21,2,82
21,3,82
21,0,82
21,0,82
21,1,82
21,1,82
21,2,82
21,2,82
21,3,82
21,0,82
21,1,82
21,3,82
21,2,82
21,2,82
21,2,82
21,1,82
21,1,82
21,3,82
21,1,82
21,1,82
21,3,82
21,0,82
21,2,82
21,1,82
21,4,82
21,0,82
21,0,82
21,2,82
21,3,82
21,1,82
21,2,82
21,4,82
21,2,82
21,1,82
21,2,82
21,1,82
21,5,82
21,1,82
21,0,82
21,3,82
21,2,82
21,3,82
21,0,82
21,0,82
21,1,82
21,1,82
21,3,82
21,2,82
21,1,82
21,1,82
21,4,82
21,3,82
21,2,82
21,0,82
21,2,82
21,0,82
21,3,82
20,0,83
20,0,83
20,0,83
20,0,83
20,0,83
20,0,83
17,0,83
17,0,83
20,3,83
22,2,83
25,3,83
25,2,83
28,3,83
35,7,83
35,5,83
35,9,83
35,9,83
35,10,83
35,4,83
35,9,83
35,10,83
35,8,83
35,7,83
35,8,83
35,6,83
35,8,83
35,6,83
35,8,83
35,9,83
35,6,83
35,12,83
35,5,83
35,7,83
35,10,83
35,7,83
35,8,83
35,4,83
35,3,83
35,5,83
35,6,83
35,6,83
35,8,83
35,6,83
35,4,83
35,8,83
35,4,83
35,10,83
35,9,83
35,4,83
35,6,83
35,7,83
35,7,83
35,5,83
35,7,83
35,5,83
35,6,83
35,7,83
35,9,83
35,5,83
35,7,83
35,4,83
35,8,83
35,6,83
22,5,83
27,5,83
35,8,83
35,11,83
35,6,83
35,5,83
35,6,83
35,7,83
35,8,83
35,8,83
35,3,83
35,8,83
35,6,83
35,7,83
21,4,83
26,5,83
28,8,83
37,9,83
44,7,83
44,11,83
44,16,83
44,10,83
44,10,83
44,9,83
44,13,83
33,16,83
42,9,83
42,13,83
42,6,83
27,10,83
32,5,83
39,7,83
39,11,83
39,12,83
39,11,83
30,9,83
36,6,83
20,0,84
20,0,84
20,0,84
20,0,84
20,0,84
20,0,84
20,0,84
20,0,84
20,0,84
20,0,84
20,0,84
20,0,84
20,0,84
20,0,84
20,0,84
20,0,84
20,0,84
21,1,84
26,5,84
26,4,84
26,0,84
26,1,84
26,1,84
26,0,84
26,0,84
28,2,84
29,1,84
29,2,84
30,1,84
30,2,84
30,4,84
30,2,84
30,3,84
26,1,84
26,2,84
27,1,84
26,2,84
29,3,84
31,2,84
31,6,84
31,5,84
31,3,84
31,5,84
31,4,84
31,2,84
31,3,84
36,5,84
41,5,84
49,8,84
62,13,84
67,5,84
85,18,84
85,13,84
95,10,84
116,21,84
116,11,84
132,16,84
114,5,84
114,13,84
114,9,84
114,3,84
114,2,84
114,5,84
126,12,84
126,18,84
128,2,84
99,1,84
99,14,84
110,11,84
110,12,84
113,3,84
113,14,84
113,13,84
115,2,84
115,10,84
120,5,84
123,3,84
84,6,84
84,6,84
97,13,84
107,15,84
107,15,84
110,3,84
110,0,84
110,13,84
114,4,84
114,1,84
114,5,84
116,2,84
118,2,84
118,11,84
118,7,84
118,6,84
120,2,84
120,0,84
120,1,84
120,3,84
126,6,84
129,3,84
129,8,84
20,0,85
20,0,85
20,0,85
20,0,85
20,4,85
20,4,85
15,3,85
12,2,85
9,0,85
7,1,85
6,1,85
5,0,85
4,1,85
3,0,85
2,0,85
1,0,85
0,0,85
20,0,86
20,0,86
20,0,86
20,0,86
20,7,86
20,2,86
15,10,86
12,10,86
9,7,86
7,2,86
6,3,86
6,0,86
8,2,86
8,2,86
8,0,86
8,2,86
8,2,86
6,3,86
6,0,86
9,3,86
8,5,86
8,3,86
8,0,86
8,3,86
8,2,86
8,2,86
8,0,86
8,2,86
8,0,86
8,0,86
8,2,86
8,1,86
8,1,86
8,2,86
8,1,86
8,0,86
8,2,86
8,1,86
8,1,86
8,1,86
8,1,86
8,1,86
8,0,86
8,1,86
8,2,86
8,1,86
8,0,86
8,1,86
8,0,86
8,1,86
8,1,86
8,2,86
8,0,86
8,0,86
8,0,86
8,0,86
8,1,86
8,3,86
8,1,86
8,1,86
8,1,86
8,1,86
8,0,86
8,0,86
6,2,86
7,1,86
7,2,86
7,1,86
7,2,86
7,1,86
7,2,86
7,1,86
7,1,86
7,1,86
7,2,86
7,0,86
7,1,86
7,1,86
7,1,86
7,3,86
7,1,86
7,0,86
7,1,86
7,1,86
7,2,86
7,3,86
7,2,86
7,2,86
7,2,86
7,3,86
7,1,86
7,0,86
7,2,86
7,0,86
7,1,86
7,3,86
7,0,86
7,1,86
7,1,86
7,1,86
20,0,87
12,0,87
12,0,87
12,0,87
12,0,87
12,2,87
12,6,87
12,1,87
12,2,87
12,1,87
12,3,87
12,0,87
12,0,87
12,0,87
11,2,87
12,1,87
12,1,87
12,3,87
12,5,87
12,0,87
12,6,87
9,5,87
12,3,87
12,6,87
12,3,87
12,3,87
12,1,87
12,5,87
12,6,87
12,4,87
12,4,87
12,2,87
9,1,87
12,3,87
12,4,87
12,2,87
15,3,87
19,4,87
19,4,87
19,3,87
19,4,87
19,3,87
19,4,87
19,5,87
19,1,87
22,3,87
25,3,87
33,8,87
43,10,87
54,11,87
64,10,87
64,8,87
73,9,87
86,13,87
100,15,87
100,15,87
109,9,87
109,14,87
113,4,87
113,23,87
116,3,87
118,2,87
118,5,87
118,0,87
118,17,87
121,3,87
121,5,87
126,5,87
126,5,87
131,5,87
131,3,87
131,4,87
131,9,87
135,4,87
135,4,87
137,2,87
140,3,87
144,4,87
149,5,87
149,5,87
149,5,87
149,4,87
154,5,87
154,3,87
154,8,87
154,4,87
154,2,87
154,4,87
156,2,87
159,3,87
163,4,87
170,7,87
176,6,87
182,6,87
182,10,87
188,6,87
192,4,87
199,7,87
199,8,87
204,5,87
20,0,88
17,0,88
17,0,88
17,0,88
14,0,88
14,0,88
14,0,88
14,0,88
14,0,88
14,0,88
14,0,88
11,3,88
11,0,88
11,1,88
11,1,88
11,1,88
11,1,88
8,0,88
8,1,88
8,2,88
8,2,88
8,0,88
8,0,88
8,1,88
6,0,88
6,2,88
6,1,88
6,0,88
6,0,88
6,0,88
6,1,88
6,2,88
6,2,88
6,0,88
6,1,88
6,0,88
6,1,88
6,1,88
6,0,88
6,1,88
6,1,88
6,1,88
6,1,88
5,1,88
5,0,88
5,0,88
5,1,88
5,0,88
5,0,88
5,1,88
5,0,88
5,1,88
5,1,88
5,1,88
5,1,88
5,1,88
5,0,88
5,1,88
5,0,88
5,1,88
5,1,88
5,1,88
5,0,88
3,0,88
3,0,88
3,0,88
3,0,88
3,0,88
3,0,88
3,0,88
3,0,88
3,0,88
3,0,88
3,0,88
3,0,88
3,0,88
3,0,88
3,0,88
3,0,88
3,0,88
3,0,88
3,0,88
3,0,88
3,0,88
3,0,88
3,0,88
3,0,88
2,0,88
2,0,88
2,0,88
2,0,88
2,0,88
2,0,88
2,0,88
2,0,88
2,0,88
2,0,88
2,0,88
2,0,88
2,0,88
20,0,89
20,0,89
20,0,89
20,7,89
20,6,89
20,3,89
15,9,89
12,2,89
9,1,89
7,1,89
6,1,89
5,2,89
4,1,89
3,2,89
2,0,89
1,0,89
0,0,89
20,0,90
20,2,90
20,18,90
20,8,90
20,3,90
20,3,90
15,4,90
10,1,90
11,1,90
7,0,90
8,1,90
8,0,90
12,4,90
12,0,90
12,2,90
13,2,90
13,1,90
13,0,90
13,1,90
15,2,90
21,6,90
28,7,90
28,4,90
38,10,90
38,7,90
45,7,90
56,11,90
69,13,90
84,15,90
52,14,90
52,4,90
40,9,90
40,13,90
40,5,90
40,8,90
40,6,90
44,4,90
51,7,90
61,10,90
61,10,90
78,17,90
78,10,90
87,9,90
87,9,90
93,6,90
93,5,90
109,16,90
109,2,90
120,11,90
122,2,90
122,7,90
122,2,90
123,1,90
123,0,90
123,4,90
123,1,90
126,3,90
128,2,90
128,3,90
128,4,90
128,2,90
128,0,90
128,5,90
130,2,90
130,2,90
130,2,90
130,10,90
132,2,90
132,0,90
132,3,90
134,2,90
136,2,90
136,6,90
88,3,90
88,9,90
88,5,90
99,11,90
107,8,90
110,3,90
110,1,90
110,1,90
110,0,90
110,7,90
112,2,90
112,6,90
112,6,90
114,2,90
114,4,90
102,17,90
102,16,90
74,4,90
74,15,90
74,11,90
74,13,90
74,14,90
74,4,90
86,12,90
99,13,90
68,14,90
68,12,90
20,0,91
20,0,91
20,0,91
20,0,91
20,0,91
20,0,91
12,0,91
12,0,91
8,0,91
8,0,91
8,0,91
8,0,91
8,0,91
8,0,91
8,0,91
5,0,91
5,0,91
5,0,91
5,0,91
5,0,91
5,0,91
5,0,91
5,0,91
5,0,91
4,0,91
4,0,91
4,0,91
4,0,91
4,0,91
4,0,91
4,0,91
4,0,91
4,0,91
4,1,91
4,0,91
4,0,91
4,0,91
4,0,91
4,1,91
4,0,91
4,1,91
4,0,91
4,0,91
4,1,91
4,1,91
4,1,91
3,2,91
2,1,91
2,0,91
2,1,91
2,0,91
2,1,91
2,2,91
2,0,91
2,0,91
2,1,91
2,2,91
2,0,91
2,0,91
2,0,91
2,0,91
2,1,91
2,1,91
2,2,91
2,0,91
2,2,91
2,0,91
2,1,91
2,0,91
2,0,91
2,0,91
2,1,91
2,2,91
2,0,91
2,0,91
2,0,91
2,1,91
2,0,91
2,2,91
2,2,91
2,1,91
2,0,91
2,1,91
2,1,91
2,0,91
2,0,91
2,0,91
2,2,91
2,0,91
2,0,91
2,0,91
2,1,91
2,0,91
2,0,91
2,1,91
2,0,91
2,1,91
2,0,91
2,1,91
2,1,91
20,0,92
20,1,92
20,2,92
20,7,92
20,5,92
20,4,92
15,7,92
12,2,92
9,9,92
7,3,92
6,3,92
5,0,92
4,1,92
3,1,92
2,1,92
1,0,92
0,0,92
14,0,93
14,0,93
9,0,93
9,0,93
9,0,93
9,0,93
9,0,93
9,0,93
9,0,93
9,2,93
9,0,93
9,0,93
9,0,93
9,1,93
9,0,93
9,0,93
9,0,93
9,0,93
9,2,93
9,0,93
9,1,93
9,1,93
9,2,93
9,0,93
9,2,93
9,1,93
7,0,93
6,0,93
8,2,93
8,0,93
8,0,93
8,1,93
8,2,93
8,1,93
8,1,93
8,2,93
6,4,93
5,1,93
4,4,93
3,2,93
2,1,93
1,0,93
0,0,93
20,0,94
20,0,94
20,0,94
20,0,94
20,0,94
19,0,94
15,5,94
12,7,94
9,3,94
7,0,94
6,1,94
5,1,94
4,1,94
3,1,94
2,0,94
1,2,94
0,1,94
20,0,95
20,0,95
29,9,95
29,8,95
29,2,95
29,6,95
28,3,95
28,5,95
28,4,95
28,3,95
28,1,95
37,9,95
43,6,95
58,15,95
75,17,95
97,22,95
94,23,95
94,21,95
94,27,95
94,14,95
94,26,95
94,25,95
94,18,95
94,19,95
94,26,95
94,30,95
94,27,95
94,31,95
94,21,95
94,28,95
94,23,95
94,17,95
94,15,95
94,24,95
94,21,95
94,23,95
94,25,95
94,20,95
94,23,95
94,24,95
94,28,95
94,23,95
94,20,95
94,18,95
94,25,95
94,19,95
94,26,95
94,22,95
94,31,95
94,26,95
94,22,95
94,21,95
94,17,95
94,28,95
94,26,95
94,28,95
94,18,95
94,15,95
94,26,95
94,23,95
129,35,95
139,10,95
147,8,95
159,12,95
159,12,95
159,4,95
159,8,95
159,6,95
159,8,95
159,9,95
159,7,95
159,6,95
159,9,95
159,8,95
159,8,95
159,13,95
159,8,95
159,10,95
159,6,95
159,6,95
159,7,95
159,6,95
159,7,95
159,9,95
159,11,95
159,8,95
159,9,95
159,9,95
159,7,95
159,8,95
159,7,95
159,7,95
159,6,95
159,9,95
159,6,95
159,4,95
159,7,95
159,7,95
159,8,95
159,9,95
20,0,96
20,0,96
20,5,96
20,5,96
20,4,96
20,1,96
15,1,96
12,1,96
9,3,96
7,1,96
6,1,96
5,0,96
4,1,96
3,0,96
2,1,96
1,2,96
0,0,96
20,0,97
20,0,97
20,0,97
20,9,97
20,7,97
22,2,97
22,0,97
22,2,97
22,1,97
25,3,97
30,5,97
32,2,97
32,5,97
32,7,97
32,2,97
32,3,97
32,3,97
32,3,97
32,4,97
32,4,97
32,2,97
32,5,97
32,3,97
32,2,97
32,3,97
32,6,97
32,2,97
32,2,97
32,7,97
32,2,97
32,3,97
32,5,97
32,3,97
32,4,97
32,3,97
28,1,97
28,2,97
17,5,97
17,1,97
17,1,97
17,1,97
17,3,97
17,0,97
17,0,97
17,2,97
17,2,97
17,2,97
17,4,97
17,4,97
17,0,97
17,0,97
17,1,97
17,1,97
17,1,97
17,2,97
17,1,97
17,0,97
17,1,97
17,3,97
17,4,97
17,1,97
17,0,97
17,1,97
17,0,97
17,3,97
17,3,97
14,2,97
14,3,97
14,0,97
14,1,97
10,1,97
10,3,97
10,0,97
10,2,97
10,0,97
10,2,97
10,1,97
10,0,97
10,0,97
8,1,97
10,2,97
10,1,97
10,2,97
10,1,97
8,1,97
8,0,97
8,0,97
8,0,97
9,1,97
9,2,97
9,0,97
9,1,97
9,0,97
9,4,97
9,1,97
9,1,97
9,3,97
6,2,97
6,0,97
7,1,97
20,0,98
20,0,98
20,0,98
20,2,98
20,5,98
20,6,98
15,2,98
12,1,98
13,1,98
13,0,98
13,2,98
13,0,98
13,4,98
13,0,98
13,2,98
13,2,98
13,1,98
13,1,98
13,0,98
13,3,98
13,2,98
13,2,98
13,0,98
13,1,98
13,1,98
13,1,98
13,1,98
13,2,98
13,0,98
13,1,98
13,1,98
13,0,98
13,0,98
13,1,98
13,1,98
13,2,98
13,1,98
13,0,98
13,1,98
13,1,98
13,0,98
13,1,98
13,1,98
13,0,98
13,1,98
13,0,98
13,1,98
13,1,98
13,1,98
13,1,98
13,3,98
13,2,98
13,2,98
13,1,98
13,0,98
13,1,98
13,2,98
13,2,98
13,2,98
13,1,98
13,0,98
13,1,98
13,1,98
13,1,98
13,2,98
10,1,98
8,1,98
6,1,98
5,2,98
4,0,98
3,0,98
2,0,98
1,0,98
0,0,98
20,0,99
18,0,99
18,0,99
18,0,99
18,0,99
18,3,99
18,4,99
14,1,99
11,1,99
9,3,99
7,3,99
4,0,99
3,0,99
2,0,99
1,0,99
0,0,99
20,0,100
14,0,100
12,0,100
12,1,100
12,0,100
12,2,100
12,5,100
12,3,100
12,9,100
12,16,100
12,4,100
12,1,100
24,12,100
28,4,100
40,12,100
59,19,100
86,27,100
141,55,100
155,14,100
155,19,100
155,13,100
155,15,100
155,16,100
155,19,100
155,11,100
155,12,100
155,17,100
155,13,100
155,10,100
155,15,100
97,12,100
97,39,100
97,45,100
68,45,100
57,31,100
57,27,100
57,23,100
57,29,100
51,24,100
51,23,100
51,22,100
38,16,100
38,22,100
38,18,100
38,27,100
38,17,100
38,23,100
35,15,100
35,16,100
35,12,100
35,20,100
35,16,100
35,22,100
35,19,100
22,15,100
34,12,100
34,20,100
34,20,100
34,24,100
34,21,100
24,19,100
36,12,100
36,17,100
36,20,100
27,24,100
27,12,100
25,11,100
43,18,100
61,18,100
87,26,100
122,35,100
137,15,100
157,20,100
171,14,100
188,17,100
200,12,100
206,6,100
219,13,100
226,7,100
241,15,100
252,11,100
264,12,100
281,17,100
297,16,100
317,20,100
228,14,100
149,14,100
149,9,100
149,7,100
149,10,100
149,10,100
149,6,100
149,10,100
149,9,100
149,3,100
149,10,100
149,13,100
149,9,100
106,7,100
106,8,100
20,0,101
20,0,101
20,0,101
20,3,101
20,3,101
20,8,101
15,7,101
12,3,101
6,0,101
5,0,101
4,2,101
3,0,101
2,1,101
1,2,101
0,0,101
20,0,102
20,0,102
20,0,102
20,0,102
20,0,102
20,0,102
9,0,102
7,0,102
6,0,102
6,0,102
5,0,102
6,1,102
6,0,102
7,1,102
7,0,102
10,3,102
13,3,102
13,1,102
8,0,102
9,4,102
9,0,102
7,0,102
6,0,102
6,0,102
6,0,102
5,0,102
5,0,102
4,0,102
4,0,102
4,0,102
4,0,102
4,0,102
4,0,102
3,0,102
3,0,102
3,0,102
3,0,102
3,0,102
3,0,102
3,0,102
3,0,102
3,0,102
3,0,102
3,0,102
3,0,102
3,0,102
3,0,102
3,0,102
3,0,102
3,0,102
3,0,102
3,0,102
3,0,102
3,0,102
3,0,102
3,0,102
3,0,102
3,0,102
2,0,102
1,0,102
0,0,102
20,0,103
20,0,103
20,0,103
20,0,103
20,0,103
20,0,103
20,0,103
20,0,103
20,0,103
20,0,103
20,0,103
20,0,103
20,0,103
20,0,103
20,0,103
20,0,103
20,0,103
12,0,103
12,0,103
12,0,103
12,0,103
12,0,103
12,0,103
12,0,103
12,0,103
12,0,103
12,0,103
12,0,103
14,2,103
14,0,103
15,1,103
16,1,103
17,1,103
18,1,103
18,0,103
19,1,103
21,2,103
23,2,103
24,1,103
24,0,103
24,1,103
24,1,103
17,2,103
18,1,103
19,1,103
20,1,103
21,1,103
22,1,103
22,1,103
26,4,103
26,4,103
26,0,103
26,5,103
26,1,103
26,3,103
26,2,103
26,1,103
26,3,103
26,0,103
26,3,103
26,1,103
26,1,103
26,1,103
26,0,103
26,3,103
26,2,103
26,4,103
26,0,103
26,5,103
26,0,103
26,2,103
26,3,103
20,5,103
23,3,103
23,1,103
23,2,103
23,1,103
23,1,103
23,1,103
23,0,103
23,1,103
23,0,103
23,0,103
23,0,103
23,2,103
21,2,103
21,2,103
21,2,103
21,3,103
21,3,103
21,4,103
21,4,103
21,5,103
21,5,103
21,3,103
21,3,103
21,4,103
21,0,103
24,3,103
24,4,103
20,0,104
20,0,104
20,0,104
20,0,104
20,0,104
20,0,104
15,0,104
12,0,104
12,0,104
12,0,104
12,0,104
12,0,104
14,2,104
14,1,104
15,1,104
17,2,104
18,1,104
19,1,104
21,2,104
22,1,104
22,0,104
22,1,104
24,2,104
24,1,104
27,3,104
27,5,104
20,5,104
24,4,104
24,1,104
25,1,104
28,3,104
28,2,104
28,4,104
32,4,104
38,6,104
43,5,104
43,7,104
52,9,104
60,8,104
73,13,104
83,10,104
63,8,104
73,10,104
88,15,104
88,4,104
105,17,104
105,17,104
123,18,104
127,4,104
113,3,104
113,2,104
113,12,104
113,10,104
126,13,104
86,2,104
68,15,104
68,8,104
82,14,104
82,5,104
92,10,104
92,2,104
105,13,104
95,2,104
95,14,104
95,7,104
108,13,104
108,10,104
123,15,104
124,1,104
124,7,104
130,6,104
118,2,104
104,14,104
105,1,104
105,21,104
108,3,104
110,2,104
110,4,104
87,17,104
102,15,104
104,2,104
104,5,104
104,14,104
77,3,104
77,9,104
77,14,104
77,7,104
91,14,104
71,23,104
71,10,104
71,9,104
83,12,104
99,16,104
117,18,104
121,4,104
121,12,104
121,0,104
121,5,104
121,6,104
121,4,104
14,0,105
14,0,105
14,9,105
14,6,105
14,4,105
13,4,105
14,1,105
14,0,105
15,1,105
15,0,105
16,1,105
16,3,105
16,1,105
16,2,105
16,1,105
16,4,105
16,6,105
16,1,105
16,1,105
16,2,105
16,3,105
16,3,105
16,2,105
16,5,105
16,3,105
16,3,105
16,1,105
16,0,105
16,1,105
16,4,105
16,4,105
16,4,105
16,1,105
16,3,105
16,3,105
16,3,105
16,2,105
16,2,105
16,1,105
16,4,105
16,3,105
16,3,105
16,5,105
16,5,105
16,1,105
16,3,105
16,1,105
16,4,105
16,5,105
16,1,105
16,3,105
16,3,105
16,2,105
16,4,105
16,1,105
16,2,105
16,1,105
16,3,105
16,3,105
16,2,105
16,2,105
16,4,105
16,4,105
16,3,105
16,4,105
16,1,105
16,0,105
16,2,105
16,1,105
16,1,105
16,4,105
16,4,105
16,1,105
16,3,105
16,2,105
16,4,105
16,4,105
16,3,105
16,0,105
16,3,105
16,2,105
16,2,105
16,3,105
16,2,105
16,7,105
16,3,105
16,2,105
16,2,105
16,2,105
16,1,105
16,1,105
16,4,105
16,2,105
16,1,105
16,4,105
16,2,105
16,4,105
16,3,105
16,2,105
16,6,105
20,0,106
20,0,106
20,0,106
20,0,106
20,0,106
20,0,106
20,0,106
20,0,106
20,0,106
20,0,106
20,0,106
20,0,106
20,0,106
20,0,106
22,2,106
28,6,106
28,1,106
28,2,106
28,2,106
28,5,106
28,5,106
28,5,106
28,4,106
28,9,106
28,2,106
28,7,106
28,7,106
28,1,106
28,6,106
28,5,106
28,6,106
28,7,106
28,3,106
28,1,106
28,5,106
28,4,106
28,3,106
28,4,106
28,4,106
28,4,106
28,1,106
28,3,106
28,1,106
28,3,106
28,2,106
28,1,106
28,1,106
28,4,106
28,3,106
28,3,106
28,2,106
28,1,106
28,3,106
28,3,106
28,2,106
28,5,106
28,4,106
28,3,106
28,4,106
28,0,106
28,2,106
28,3,106
28,2,106
28,4,106
28,1,106
28,2,106
28,0,106
28,2,106
28,3,106
28,5,106
28,4,106
28,2,106
28,0,106
28,2,106
28,3,106
28,3,106
28,1,106
28,2,106
28,3,106
28,1,106
28,2,106
28,4,106
28,1,106
28,3,106
28,5,106
28,1,106
28,2,106
28,3,106
28,4,106
28,0,106
28,1,106
28,3,106
28,1,106
28,4,106
28,1,106
28,1,106
28,4,106
28,2,106
28,1,106
28,4,106
20,0,107
20,0,107
20,0,107
20,2,107
27,9,107
63,36,107
142,79,107
160,18,107
160,9,107
160,5,107
160,7,107
160,4,107
160,6,107
160,2,107
169,9,107
173,4,107
173,0,107
138,6,107
138,5,107
142,4,107
105,4,107
105,15,107
105,12,107
110,5,107
92,12,107
92,16,107
92,6,107
107,15,107
107,5,107
110,3,107
124,14,107
129,5,107
129,10,107
137,8,107
144,7,107
144,8,107
149,5,107
149,5,107
156,7,107
156,8,107
162,6,107
162,1,107
162,4,107
165,3,107
169,4,107
169,12,107
169,7,107
172,3,107
176,4,107
176,4,107
176,4,107
179,3,107
179,8,107
179,14,107
185,6,107
185,6,107
186,1,107
186,4,107
193,7,107
193,4,107
197,4,107
197,14,107
198,1,107
204,6,107
205,1,107
205,5,107
205,3,107
205,11,107
210,5,107
210,5,107
210,3,107
212,2,107
212,2,107
212,5,107
212,4,107
220,8,107
220,5,107
223,3,107
227,4,107
227,3,107
229,2,107
229,4,107
229,2,107
233,4,107
233,2,107
234,1,107
234,7,107
218,6,107
221,3,107
221,14,107
224,3,107
232,8,107
234,2,107
234,2,107
164,8,107
164,0,107
168,4,107
168,4,107
168,6,107
172,4,107
20,0,108
20,0,108
20,0,108
20,0,108
20,0,108
20,2,108
20,0,108
18,3,108
18,3,108
18,1,108
18,3,108
18,3,108
18,1,108
22,4,108
30,8,108
34,4,108
42,8,108
50,8,108
60,10,108
66,6,108
80,14,108
91,11,108
106,15,108
111,5,108
115,4,108
115,6,108
115,5,108
115,7,108
115,7,108
115,8,108
115,6,108
115,7,108
115,3,108
115,8,108
115,5,108
115,6,108
115,4,108
115,5,108
115,3,108
115,5,108
115,4,108
115,4,108
115,5,108
115,2,108
115,9,108
115,5,108
115,0,108
115,5,108
115,8,108
115,4,108
115,0,108
115,7,108
115,4,108
115,4,108
115,5,108
115,7,108
115,6,108
115,4,108
115,5,108
115,6,108
115,4,108
115,3,108
115,5,108
115,12,108
115,7,108
115,6,108
115,6,108
115,5,108
115,2,108
115,5,108
115,5,108
115,4,108
115,6,108
115,7,108
115,5,108
115,6,108
115,1,108
115,0,108
115,4,108
115,9,108
115,3,108
115,5,108
115,7,108
115,1,108
115,5,108
115,7,108
115,5,108
115,5,108
115,5,108
115,4,108
115,5,108
115,5,108
115,5,108
115,3,108
115,4,108
115,6,108
115,5,108
115,10,108
115,3,108
115,3,108
20,0,109
20,0,109
20,0,109
20,12,109
20,3,109
20,4,109
20,2,109
20,1,109
20,0,109
21,1,109
21,0,109
17,6,109
25,8,109
31,6,109
39,8,109
48,9,109
60,12,109
66,6,109
83,17,109
83,22,109
83,21,109
83,27,109
83,29,109
63,17,109
63,19,109
63,18,109
63,15,109
63,13,109
63,13,109
63,12,109
63,15,109
63,14,109
63,11,109
63,10,109
63,9,109
63,10,109
63,5,109
63,14,109
56,12,109
56,7,109
56,7,109
56,11,109
56,8,109
52,9,109
52,6,109
52,7,109
45,4,109
45,4,109
45,3,109
45,3,109
45,4,109
45,6,109
45,4,109
45,3,109
45,1,109
45,2,109
45,1,109
45,5,109
45,3,109
45,6,109
45,5,109
45,6,109
45,4,109
45,2,109
39,5,109
39,3,109
39,2,109
39,2,109
39,2,109
39,4,109
39,4,109
39,5,109
39,2,109
33,3,109
33,4,109
33,5,109
33,2,109
33,3,109
33,3,109
33,3,109
33,2,109
33,5,109
33,4,109
33,4,109
33,4,109
33,2,109
33,4,109
33,4,109
33,1,109
32,1,109
30,4,109
30,2,109
30,1,109
30,1,109
30,1,109
30,2,109
30,1,109
30,1,109
30,2,109
20,4,109
20,0,110
20,0,110
20,0,110
20,0,110
20,0,110
20,0,110
20,4,110
20,2,110
23,3,110
28,5,110
31,3,110
36,5,110
39,3,110
39,2,110
39,2,110
39,4,110
39,7,110
39,6,110
39,4,110
39,8,110
39,6,110
39,6,110
39,5,110
39,3,110
39,3,110
39,6,110
39,4,110
39,6,110
39,4,110
39,4,110
39,4,110
39,6,110
39,2,110
39,1,110
39,5,110
39,3,110
39,7,110
39,5,110
37,3,110
40,3,110
40,5,110
40,2,110
40,4,110
40,5,110
40,3,110
24,7,110
18,2,110
20,2,110
15,5,110
16,1,110
17,1,110
21,4,110
21,0,110
24,3,110
25,1,110
28,3,110
32,4,110
37,5,110
40,8,110
40,4,110
40,5,110
40,3,110
40,3,110
40,7,110
40,3,110
40,3,110
40,4,110
40,3,110
40,0,110
40,5,110
40,6,110
40,6,110
33,0,110
33,4,110
33,5,110
33,4,110
33,5,110
33,6,110
21,4,110
24,3,110
16,2,110
14,0,110
17,3,110
19,2,110
22,3,110
25,3,110
30,5,110
30,6,110
30,4,110
30,3,110
30,5,110
30,5,110
30,4,110
30,0,110
30,4,110
18,3,110
19,2,110
22,3,110
24,2,110
27,3,110
20,0,111
20,0,111
20,1,111
31,11,111
57,35,111
88,31,111
128,40,111
139,11,111
139,6,111
139,6,111
139,3,111
139,6,111
139,7,111
132,6,111
132,2,111
132,2,111
132,2,111
104,4,111
104,3,111
104,3,111
104,3,111
104,6,111
104,2,111
104,3,111
104,4,111
104,6,111
104,7,111
104,3,111
104,3,111
104,1,111
104,4,111
104,2,111
104,3,111
104,4,111
104,4,111
104,6,111
104,4,111
96,2,111
96,11,111
96,15,111
96,14,111
96,25,111
96,11,111
96,17,111
96,17,111
96,21,111
96,14,111
96,19,111
96,16,111
96,12,111
96,13,111
96,13,111
96,17,111
96,17,111
96,14,111
96,16,111
96,19,111
96,14,111
96,21,111
96,16,111
96,15,111
96,13,111
96,23,111
96,21,111
96,14,111
115,19,111
121,6,111
125,4,111
132,7,111
141,9,111
149,8,111
149,4,111
149,9,111
149,5,111
149,7,111
149,5,111
149,7,111
149,9,111
149,4,111
140,4,111
144,4,111
153,9,111
153,5,111
153,5,111
141,5,111
148,7,111
157,9,111
157,2,111
157,8,111
157,5,111
157,3,111
157,3,111
101,5,111
101,7,111
101,5,111
96,4,111
96,18,111
96,19,111
96,18,111
96,16,111
20,0,112
20,0,112
20,0,112
20,0,112
17,0,112
17,0,112
17,3,112
27,10,112
27,6,112
17,11,112
17,5,112
17,5,112
17,8,112
17,3,112
17,4,112
17,3,112
17,0,112
17,6,112
17,5,112
17,7,112
17,2,112
17,5,112
17,4,112
17,5,112
17,7,112
17,10,112
17,9,112
17,2,112
17,9,112
17,4,112
17,6,112
17,6,112
17,5,112
17,5,112
17,7,112
17,4,112
17,4,112
17,1,112
17,7,112
13,1,112
17,4,112
17,0,112
23,6,112
28,5,112
23,2,112
29,6,112
32,7,112
42,10,112
56,14,112
56,13,112
68,12,112
68,17,112
85,17,112
85,11,112
71,14,112
88,17,112
88,8,112
109,21,112
112,3,112
112,6,112
69,5,112
69,16,112
50,1,112
62,12,112
62,14,112
62,8,112
75,20,112
75,6,112
92,17,112
108,16,112
108,3,112
108,22,112
130,22,112
130,9,112
134,4,112
134,23,112
141,7,112
146,5,112
146,0,112
146,12,112
152,6,112
152,7,112
168,16,112
174,6,112
152,4,112
152,4,112
152,9,112
155,3,112
155,1,112
155,5,112
156,1,112
111,3,112
85,8,112
99,14,112
107,8,112
107,0,112
108,1,112
121,13,112
121,7,112
121,2,112
20,0,113
20,0,113
20,0,113
18,4,113
18,4,113
18,5,113
18,2,113
20,2,113
22,2,113
22,3,113
22,0,113
22,4,113
22,2,113
26,4,113
28,2,113
32,4,113
39,7,113
44,5,113
52,8,113
59,7,113
68,9,113
77,9,113
92,15,113
108,16,113
111,3,113
111,0,113
111,4,113
111,1,113
111,5,113
111,4,113
111,6,113
111,0,113
111,4,113
111,5,113
111,3,113
111,3,113
111,1,113
111,4,113
71,5,113
71,12,113
71,10,113
71,6,113
71,7,113
71,11,113
71,10,113
71,9,113
71,8,113
71,8,113
71,14,113
45,15,113
32,7,113
32,5,113
32,6,113
32,1,113
32,5,113
32,6,113
32,3,113
32,9,113
24,5,113
24,2,113
24,3,113
24,3,113
24,7,113
24,4,113
24,5,113
24,6,113
18,0,113
18,4,113
24,6,113
20,8,113
20,9,113
20,4,113
20,3,113
20,3,113
20,5,113
20,2,113
20,5,113
20,5,113
24,4,113
30,6,113
36,6,113
46,10,113
46,6,113
46,9,113
46,8,113
46,8,113
46,13,113
46,10,113
35,9,113
35,9,113
35,8,113
24,6,113
24,5,113
24,5,113
24,5,113
24,1,113
24,6,113
24,4,113
24,4,113
24,6,113
20,0,114
20,0,114
20,0,114
13,0,114
13,7,114
13,7,114
13,8,114
13,3,114
13,1,114
13,2,114
13,1,114
13,1,114
10,0,114
11,1,114
12,1,114
15,3,114
17,2,114
17,1,114
20,3,114
22,2,114
14,1,114
16,2,114
16,0,114
16,1,114
16,7,114
16,2,114
16,5,114
11,2,114
12,1,114
14,2,114
14,0,114
16,2,114
16,2,114
16,2,114
16,1,114
16,3,114
16,6,114
16,3,114
16,7,114
16,6,114
16,1,114
16,3,114
16,3,114
16,0,114
16,1,114
16,3,114
16,3,114
16,2,114
16,4,114
16,1,114
16,1,114
16,3,114
16,2,114
16,1,114
16,6,114
16,3,114
16,3,114
16,4,114
16,3,114
16,3,114
16,3,114
16,3,114
16,6,114
16,4,114
16,6,114
16,4,114
16,3,114
16,6,114
16,3,114
16,1,114
16,3,114
16,7,114
16,6,114
16,1,114
16,2,114
16,2,114
16,4,114
16,0,114
16,5,114
16,7,114
16,5,114
19,3,114
23,4,114
23,4,114
23,0,114
28,5,114
33,5,114
33,3,114
40,10,114
48,8,114
48,5,114
56,8,114
71,15,114
71,10,114
87,16,114
87,12,114
98,11,114
119,21,114
124,5,114
124,17,114
20,0,115
20,0,115
20,0,115
13,0,115
13,0,115
13,0,115
13,0,115
13,0,115
13,0,115
13,0,115
13,0,115
13,0,115
13,0,115
13,0,115
13,0,115
13,0,115
8,0,115
8,0,115
8,0,115
8,0,115
8,0,115
8,0,115
8,0,115
8,0,115
8,0,115
8,0,115
8,0,115
8,0,115
8,0,115
8,0,115
8,0,115
8,0,115
8,0,115
8,0,115
8,0,115
8,0,115
8,0,115
8,0,115
8,0,115
8,0,115
8,0,115
8,0,115
8,0,115
8,0,115
8,0,115
8,0,115
8,0,115
8,0,115
8,0,115
8,0,115
8,0,115
8,0,115
8,0,115
8,0,115
8,0,115
8,0,115
8,0,115
8,0,115
8,0,115
8,0,115
8,0,115
8,0,115
8,0,115
8,0,115
8,0,115
8,0,115
8,0,115
8,0,115
8,0,115
8,0,115
8,0,115
8,0,115
8,0,115
8,0,115
8,0,115
8,0,115
8,0,115
8,0,115
8,0,115
8,0,115
8,0,115
8,0,115
8,0,115
8,0,115
8,0,115
8,0,115
8,0,115
8,0,115
8,0,115
8,0,115
8,0,115
8,0,115
8,0,115
8,0,115
8,0,115
8,0,115
8,0,115
8,0,115
8,0,115
8,0,115
20,0,116
20,0,116
20,0,116
20,0,116
20,0,116
20,0,116
20,0,116
20,0,116
20,0,116
20,0,116
20,0,116
20,0,116
20,0,116
20,0,116
20,0,116
20,0,116
22,2,116
22,4,116
22,1,116
22,0,116
22,2,116
22,1,116
22,3,116
22,1,116
22,1,116
22,4,116
22,1,116
22,0,116
22,0,116
22,2,116
22,1,116
22,2,116
22,3,116
22,2,116
22,2,116
22,2,116
22,0,116
22,0,116
21,2,116
21,1,116
15,2,116
14,1,116
14,4,116
14,1,116
14,1,116
14,1,116
14,1,116
14,0,116
14,0,116
14,2,116
14,2,116
14,1,116
14,3,116
14,1,116
14,0,116
14,1,116
14,2,116
14,3,116
14,1,116
14,1,116
14,1,116
14,0,116
14,2,116
14,1,116
14,0,116
12,2,116
12,1,116
10,2,116
10,2,116
10,1,116
10,0,116
10,1,116
10,3,116
10,1,116
10,3,116
10,2,116
10,2,116
10,2,116
10,0,116
10,1,116
10,0,116
10,3,116
10,0,116
10,3,116
6,4,116
7,1,116
9,2,116
11,2,116
12,1,116
12,1,116
12,2,116
11,0,116
11,0,116
12,1,116
12,1,116
9,1,116
9,0,116
9,0,116
9,0,116
8,1,116
20,0,117
12,0,117
12,0,117
14,4,117
14,4,117
14,0,117
14,1,117
23,9,117
23,8,117
31,8,117
31,17,117
31,10,117
31,22,117
31,15,117
31,13,117
31,16,117
31,9,117
31,14,117
31,21,117
31,18,117
31,12,117
31,12,117
31,19,117
31,15,117
31,11,117
31,16,117
31,16,117
31,23,117
31,22,117
31,17,117
31,22,117
31,17,117
21,23,117
21,10,117
21,10,117
20,14,117
20,11,117
20,14,117
20,14,117
19,9,117
19,9,117
19,11,117
19,16,117
19,14,117
19,15,117
19,11,117
19,17,117
19,8,117
19,11,117
19,12,117
19,11,117
19,10,117
19,12,117
19,14,117
19,10,117
19,11,117
19,14,117
19,11,117
19,11,117
19,19,117
19,9,117
19,12,117
19,9,117
19,10,117
19,15,117
19,17,117
19,11,117
19,9,117
19,8,117
19,11,117
19,13,117
19,14,117
19,12,117
19,8,117
19,13,117
19,12,117
19,13,117
19,14,117
19,11,117
17,16,117
29,12,117
49,20,117
73,24,117
123,50,117
140,17,117
156,16,117
156,20,117
156,15,117
156,17,117
156,17,117
156,13,117
156,11,117
111,17,117
131,20,117
166,35,117
192,26,117
222,30,117
258,36,117
197,32,117
197,39,117
20,0,118
20,0,118
20,0,118
23,3,118
35,12,118
56,21,118
56,28,118
73,17,118
101,28,118
132,31,118
142,10,118
161,19,118
161,15,118
139,11,118
139,11,118
139,11,118
139,11,118
139,11,118
139,9,118
139,9,118
139,17,118
139,10,118
139,12,118
139,14,118
139,5,118
139,10,118
139,10,118
139,14,118
139,9,118
139,9,118
139,9,118
139,13,118
139,13,118
139,11,118
139,8,118
139,12,118
139,13,118
139,11,118
139,7,118
139,12,118
139,12,118
139,15,118
139,11,118
139,13,118
139,10,118
139,13,118
139,8,118
139,10,118
139,12,118
139,8,118
139,7,118
139,12,118
139,10,118
139,11,118
139,13,118
139,6,118
139,12,118
139,15,118
139,14,118
139,10,118
139,9,118
139,12,118
139,9,118
139,6,118
139,10,118
139,5,118
139,10,118
153,14,118
153,11,118
153,10,118
153,11,118
112,13,118
112,15,118
112,12,118
112,8,118
112,11,118
112,4,118
112,6,118
112,11,118
112,8,118
112,10,118
112,8,118
112,12,118
112,7,118
112,11,118
112,9,118
112,8,118
112,12,118
112,8,118
112,5,118
112,8,118
112,13,118
112,10,118
112,5,118
112,5,118
112,11,118
112,18,118
112,5,118
112,9,118
112,10,118
20,0,119
20,0,119
20,0,119
20,4,119
12,5,119
12,5,119
12,3,119
12,1,119
12,4,119
12,7,119
12,2,119
12,2,119
12,5,119
12,0,119
12,2,119
12,2,119
12,6,119
12,3,119
12,3,119
12,2,119
12,0,119
12,7,119
9,5,119
9,3,119
6,5,119
7,2,119
6,2,119
6,1,119
8,2,119
8,2,119
8,3,119
5,2,119
5,0,119
5,1,119
4,3,119
4,0,119
5,1,119
5,0,119
5,2,119
5,1,119
5,2,119
5,1,119
5,2,119
5,1,119
5,0,119
5,0,119
5,3,119
5,0,119
5,2,119
5,2,119
5,2,119
5,0,119
5,0,119
5,2,119
5,1,119
5,2,119
5,2,119
5,0,119
3,1,119
3,2,119
3,0,119
4,1,119
5,1,119
4,0,119
6,2,119
7,1,119
7,0,119
6,1,119
8,2,119
8,3,119
8,4,119
8,2,119
8,3,119
8,2,119
8,2,119
8,1,119
8,3,119
8,2,119
8,4,119
8,1,119
8,3,119
8,2,119
7,5,119
7,2,119
7,0,119
7,4,119
7,2,119
7,0,119
7,3,119
7,2,119
7,1,119
7,1,119
7,3,119
7,3,119
7,0,119
7,2,119
7,2,119
7,2,119
7,2,119
7,5,119
20,0,120
20,0,120
20,0,120
20,0,120
20,0,120
20,0,120
11,3,120
9,1,120
5,0,120
4,1,120
2,0,120
1,0,120
0,0,120
13,0,121
13,0,121
13,0,121
13,0,121
13,6,121
13,5,121
13,5,121
13,2,121
13,2,121
13,4,121
13,2,121
16,3,121
21,5,121
21,3,121
21,8,121
18,2,121
23,5,121
30,7,121
35,5,121
35,4,121
45,10,121
52,7,121
67,15,121
67,7,121
76,9,121
87,11,121
98,11,121
109,11,121
112,3,121
112,9,121
81,5,121
81,10,121
92,11,121
99,7,121
99,11,121
113,14,121
119,6,121
119,21,121
119,10,121
123,4,121
123,3,121
127,4,121
135,8,121
143,8,121
143,1,121
146,3,121
98,6,121
98,11,121
98,13,121
113,15,121
119,6,121
123,4,121
130,7,121
130,7,121
130,5,121
135,5,121
142,7,121
142,5,121
143,1,121
143,8,121
89,5,121
89,19,121
84,20,121
84,23,121
84,12,121
84,5,121
97,19,121
108,22,121
69,6,121
69,4,121
69,8,121
81,12,121
93,12,121
109,16,121
109,9,121
113,4,121
113,1,121
113,2,121
113,18,121
115,2,121
116,1,121
116,2,121
116,14,121
101,11,121
107,6,121
112,5,121
112,5,121
112,4,121
112,18,121
116,4,121
119,3,121
125,6,121
125,13,121
128,3,121
128,2,121
128,5,121
124,5,121
124,3,121
124,3,121
124,1,121
20,0,122
20,0,122
20,0,122
18,0,122
18,0,122
18,0,122
18,0,122
18,0,122
18,0,122
18,0,122
18,0,122
19,1,122
19,3,122
24,5,122
24,0,122
24,3,122
19,4,122
19,2,122
19,2,122
19,2,122
19,5,122
19,5,122
19,5,122
19,3,122
19,1,122
19,4,122
19,3,122
19,5,122
19,2,122
19,4,122
19,5,122
19,1,122
19,5,122
19,4,122
19,7,122
19,2,122
22,3,122
22,7,122
17,0,122
17,3,122
23,6,122
26,3,122
26,3,122
26,1,122
28,2,122
28,3,122
28,2,122
36,8,122
45,9,122
49,4,122
54,5,122
65,11,122
65,5,122
61,7,122
61,11,122
61,10,122
71,10,122
80,9,122
92,12,122
107,15,122
113,6,122
113,1,122
105,3,122
105,4,122
105,5,122
105,5,122
105,1,122
105,6,122
81,4,122
89,8,122
89,8,122
87,6,122
87,11,122
87,11,122
87,6,122
87,7,122
87,12,122
100,13,122
116,16,122
122,6,122
126,4,122
131,5,122
131,10,122
131,7,122
131,6,122
131,5,122
131,5,122
131,2,122
131,4,122
136,5,122
136,4,122
136,2,122
136,1,122
133,5,122
140,7,122
142,2,122
142,5,122
142,5,122
142,3,122
146,4,122
20,0,123
20,0,123
20,0,123
20,0,123
20,6,123
20,11,123
15,7,123
12,5,123
9,5,123
7,0,123
6,0,123
5,2,123
4,1,123
3,0,123
2,0,123
1,0,123
0,0,123
20,0,124
20,0,124
20,0,124
20,2,124
20,11,124
20,6,124
15,5,124
12,8,124
14,2,124
20,6,124
33,13,124
45,12,124
64,19,124
91,27,124
121,30,124
121,5,124
121,6,124
127,6,124
127,8,124
138,11,124
148,10,124
158,10,124
158,11,124
166,8,124
175,9,124
183,8,124
192,9,124
201,9,124
201,14,124
201,9,124
201,6,124
209,8,124
216,7,124
216,14,124
216,8,124
216,13,124
216,9,124
216,9,124
216,8,124
225,9,124
191,14,124
131,11,124
131,8,124
140,9,124
150,10,124
136,14,124
136,13,124
136,24,124
140,4,124
146,6,124
153,7,124
153,5,124
160,7,124
160,3,124
164,4,124
165,1,124
152,8,124
157,5,124
157,4,124
157,7,124
157,5,124
161,4,124
166,5,124
166,4,124
172,6,124
178,6,124
183,5,124
183,5,124
187,4,124
187,5,124
187,5,124
153,16,124
131,6,124
131,2,124
131,4,124
131,3,124
131,4,124
135,4,124
98,2,124
98,12,124
98,18,124
98,19,124
98,8,124
116,18,124
120,4,124
120,3,124
120,5,124
124,4,124
124,14,124
126,2,124
130,4,124
132,2,124
132,0,124
134,2,124
134,1,124
134,5,124
134,5,124
134,12,124
138,4,124
138,2,124
20,0,125
20,0,125
20,0,125
20,4,125
20,2,125
20,4,125
20,3,125
20,6,125
20,7,125
15,8,125
15,3,125
11,2,125
13,2,125
17,4,125
17,9,125
17,1,125
16,6,125
18,2,125
18,3,125
20,2,125
20,3,125
20,7,125
20,3,125
18,10,125
18,6,125
18,2,125
27,9,125
45,18,125
70,25,125
120,50,125
132,12,125
144,12,125
161,17,125
161,9,125
161,8,125
161,9,125
161,12,125
161,13,125
161,5,125
161,14,125
161,8,125
161,16,125
161,9,125
161,14,125
178,17,125
198,20,125
213,15,125
236,23,125
259,23,125
287,28,125
287,26,125
287,22,125
287,22,125
287,27,125
287,21,125
287,21,125
287,25,125
287,19,125
287,29,125
287,20,125
287,18,125
287,24,125
287,23,125
287,21,125
287,24,125
287,17,125
287,25,125
287,23,125
287,26,125
287,21,125
287,17,125
287,27,125
287,21,125
287,16,125
287,22,125
287,19,125
287,23,125
287,23,125
287,24,125
287,22,125
287,21,125
287,19,125
287,21,125
287,19,125
287,21,125
287,22,125
287,15,125
287,18,125
287,23,125
287,16,125
287,18,125
287,27,125
287,22,125
287,20,125
287,19,125
287,22,125
287,26,125
287,22,125
287,23,125
287,28,125
20,0,126
20,0,126
20,0,126
20,2,126
20,5,126
20,2,126
15,8,126
12,3,126
9,2,126
9,0,126
7,0,126
9,2,126
9,3,126
9,4,126
9,5,126
9,2,126
9,5,126
9,0,126
9,1,126
9,3,126
9,4,126
9,4,126
9,2,126
9,4,126
9,4,126
9,4,126
9,3,126
7,1,126
7,0,126
10,3,126
10,3,126
10,1,126
8,0,126
11,3,126
9,0,126
10,1,126
10,1,126
10,3,126
10,3,126
10,3,126
10,1,126
10,1,126
10,2,126
10,1,126
10,4,126
10,2,126
10,0,126
10,0,126
10,0,126
10,1,126
10,4,126
10,4,126
10,0,126
10,2,126
10,3,126
10,1,126
10,1,126
10,3,126
10,2,126
10,3,126
10,3,126
10,1,126
10,2,126
10,1,126
10,1,126
10,4,126
10,2,126
10,0,126
10,3,126
10,2,126
10,4,126
10,3,126
10,1,126
10,3,126
10,4,126
10,1,126
10,1,126
10,2,126
10,1,126
10,2,126
10,2,126
10,4,126
10,0,126
10,1,126
10,4,126
10,2,126
10,1,126
10,1,126
10,2,126
10,0,126
10,1,126
10,1,126
10,3,126
10,0,126
10,3,126
10,4,126
10,0,126
10,3,126
10,3,126
10,1,126
20,0,127
20,0,127
20,0,127
20,0,127
20,0,127
20,0,127
15,0,127
12,2,127
9,0,127
7,2,127
6,1,127
5,1,127
4,1,127
3,1,127
2,0,127
1,0,127
0,0,127
20,0,128
20,0,128
20,0,128
20,12,128
20,7,128
20,7,128
24,4,128
24,0,128
26,2,128
31,5,128
31,6,128
36,5,128
36,3,128
36,7,128
36,1,128
36,3,128
36,2,128
36,1,128
39,3,128
28,9,128
28,4,128
28,5,128
28,2,128
28,4,128
26,6,128
17,5,128
17,1,128
17,2,128
15,2,128
15,3,128
13,3,128
15,2,128
15,6,128
14,3,128
18,4,128
18,2,128
18,1,128
18,4,128
18,1,128
18,7,128
18,3,128
18,2,128
18,6,128
18,3,128
18,0,128
18,2,128
18,5,128
18,0,128
18,2,128
18,1,128
18,2,128
18,5,128
18,2,128
18,2,128
18,3,128
18,3,128
18,3,128
18,1,128
18,2,128
18,2,128
14,0,128
16,2,128
16,2,128
16,1,128
16,4,128
10,1,128
12,2,128
12,4,128
12,2,128
12,3,128
12,1,128
12,3,128
12,3,128
12,4,128
12,4,128
12,0,128
12,1,128
8,2,128
8,0,128
9,1,128
8,2,128
8,0,128
10,2,128
6,0,128
6,0,128
7,1,128
9,2,128
10,1,128
11,1,128
11,1,128
11,0,128
11,2,128
11,1,128
8,2,128
11,3,128
11,1,128
11,1,128
11,0,128
11,2,128
8,1,128
20,0,129
20,0,129
20,0,129
20,0,129
19,0,129
19,0,129
19,0,129
19,0,129
19,0,129
19,0,129
19,0,129
19,0,129
19,0,129
19,0,129
19,0,129
19,0,129
19,0,129
19,0,129
19,0,129
19,0,129
19,0,129
19,0,129
19,0,129
19,0,129
19,0,129
19,0,129
19,0,129
19,0,129
19,0,129
19,0,129
19,0,129
15,0,129
15,0,129
15,0,129
15,0,129
15,0,129
15,0,129
15,0,129
15,0,129
15,0,129
13,0,129
13,0,129
13,0,129
13,0,129
13,0,129
13,0,129
13,0,129
13,0,129
13,0,129
12,0,129
12,0,129
12,0,129
12,0,129
12,0,129
12,0,129
12,0,129
12,0,129
12,0,129
11,0,129
11,0,129
11,0,129
10,0,129
6,0,129
5,0,129
5,0,129
5,0,129
5,0,129
5,0,129
5,0,129
5,0,129
4,0,129
4,0,129
3,0,129
3,0,129
3,0,129
3,0,129
3,0,129
3,0,129
3,0,129
3,0,129
3,0,129
3,0,129
3,0,129
3,0,129
3,0,129
3,0,129
3,0,129
3,0,129
3,0,129
3,0,129
3,0,129
3,0,129
3,0,129
3,0,129
3,0,129
3,0,129
3,0,129
3,0,129
3,0,129
3,0,129
20,0,130
20,0,130
20,14,130
20,2,130
20,5,130
20,4,130
20,2,130
24,5,130
27,3,130
30,3,130
32,2,130
32,3,130
35,3,130
35,3,130
35,2,130
35,1,130
35,4,130
35,0,130
47,12,130
57,10,130
72,15,130
83,11,130
97,14,130
112,15,130
116,4,130
118,2,130
124,6,130
132,8,130
137,5,130
142,5,130
150,8,130
150,5,130
150,3,130
150,7,130
150,4,130
150,4,130
155,5,130
158,3,130
162,4,130
174,12,130
184,10,130
189,5,130
193,4,130
201,8,130
209,8,130
221,12,130
226,5,130
237,11,130
251,14,130
262,11,130
272,10,130
283,11,130
290,7,130
299,9,130
299,15,130
299,13,130
299,15,130
299,16,130
299,15,130
299,17,130
299,10,130
299,19,130
299,15,130
299,16,130
299,19,130
299,16,130
299,16,130
299,19,130
299,18,130
299,19,130
299,18,130
299,21,130
299,19,130
299,21,130
299,16,130
299,19,130
299,15,130
299,16,130
299,14,130
299,17,130
299,14,130
299,18,130
299,21,130
299,10,130
299,24,130
299,7,130
299,17,130
299,20,130
299,17,130
299,9,130
299,11,130
299,21,130
299,16,130
299,11,130
299,10,130
299,9,130
299,14,130
299,7,130
299,14,130
299,18,130
12,0,131
12,0,131
12,0,131
12,0,131
12,7,131
12,4,131
9,4,131
9,1,131
9,5,131
9,0,131
9,1,131
9,0,131
9,0,131
9,0,131
9,3,131
9,1,131
9,1,131
7,0,131
7,1,131
7,0,131
7,0,131
7,0,131
7,0,131
6,1,131
6,0,131
6,0,131
6,1,131
6,1,131
6,1,131
6,0,131
6,0,131
6,0,131
6,1,131
6,1,131
6,0,131
5,1,131
5,0,131
5,0,131
5,0,131
6,1,131
6,0,131
6,2,131
6,1,131
6,1,131
6,0,131
6,0,131
6,1,131
6,0,131
6,0,131
6,0,131
6,0,131
6,1,131
6,0,131
5,1,131
7,2,131
7,2,131
7,1,131
7,1,131
7,2,131
7,1,131
7,0,131
7,2,131
7,2,131
7,1,131
7,0,131
7,3,131
7,0,131
7,1,131
7,1,131
7,1,131
7,2,131
7,1,131
7,2,131
7,2,131
7,2,131
7,2,131
7,1,131
7,3,131
7,3,131
7,1,131
7,3,131
7,2,131
7,1,131
7,2,131
7,1,131
7,2,131
7,0,131
7,3,131
7,1,131
7,1,131
7,2,131
7,1,131
7,1,131
7,0,131
7,2,131
7,2,131
7,1,131
7,1,131
7,2,131
7,0,131
20,0,132
20,0,132
18,0,132
18,3,132
18,12,132
18,6,132
18,5,132
18,3,132
20,2,132
31,11,132
39,8,132
53,14,132
73,20,132
91,18,132
125,34,132
135,10,132
147,12,132
159,12,132
159,8,132
159,11,132
159,10,132
159,10,132
159,6,132
159,11,132
159,11,132
159,9,132
159,12,132
159,14,132
159,12,132
159,4,132
159,8,132
159,13,132
159,11,132
159,12,132
159,8,132
159,8,132
159,12,132
159,14,132
159,8,132
159,8,132
159,10,132
159,13,132
159,11,132
159,7,132
159,9,132
159,8,132
159,17,132
159,12,132
159,11,132
159,3,132
159,8,132
159,12,132
159,11,132
159,11,132
159,12,132
159,11,132
159,9,132
159,17,132
159,12,132
159,7,132
159,10,132
159,8,132
159,14,132
159,9,132
159,4,132
159,9,132
159,10,132
159,13,132
159,6,132
159,11,132
159,11,132
159,6,132
159,6,132
159,13,132
159,12,132
159,12,132
159,7,132
159,10,132
159,10,132
159,3,132
159,8,132
159,6,132
159,5,132
159,3,132
170,11,132
180,10,132
192,12,132
200,8,132
132,9,132
132,7,132
132,8,132
132,7,132
132,5,132
132,15,132
132,11,132
132,7,132
132,12,132
132,4,132
132,5,132
132,4,132
20,0,133
20,0,133
20,0,133
20,10,133
20,2,133
20,2,133
15,5,133
12,6,133
9,5,133
7,0,133
6,2,133
5,2,133
4,3,133
3,0,133
2,0,133
1,0,133
0,0,133
20,0,134
20,0,134
20,0,134
20,0,134
20,0,134
26,6,134
26,6,134
26,2,134
29,3,134
32,3,134
32,1,134
35,3,134
40,5,134
44,4,134
40,6,134
40,10,134
40,8,134
40,7,134
40,7,134
40,11,134
40,6,134
40,6,134
40,7,134
40,13,134
40,7,134
40,12,134
40,12,134
24,11,134
28,6,134
28,7,134
28,5,134
28,4,134
28,4,134
28,3,134
28,6,134
28,6,134
28,5,134
28,4,134
28,5,134
28,6,134
28,3,134
28,7,134
28,5,134
28,3,134
28,8,134
28,5,134
28,3,134
28,5,134
28,6,134
22,5,134
22,4,134
22,5,134
22,8,134
22,3,134
22,4,134
22,6,134
22,6,134
22,4,134
22,6,134
22,5,134
22,5,134
22,5,134
22,6,134
19,4,134
22,3,134
22,4,134
22,5,134
22,7,134
22,5,134
22,6,134
22,3,134
22,2,134
21,3,134
25,4,134
29,4,134
29,10,134
29,7,134
29,5,134
20,5,134
25,5,134
21,6,134
26,5,134
26,6,134
26,6,134
26,4,134
26,7,134
26,7,134
26,7,134
26,6,134
26,5,134
26,9,134
26,4,134
26,3,134
25,3,134
25,7,134
25,8,134
25,8,134
25,9,134
25,4,134
25,4,134
20,0,135
20,0,135
20,0,135
20,0,135
20,1,135
20,2,135
15,2,135
12,1,135
12,0,135
18,6,135
27,9,135
27,4,135
39,12,135
38,23,135
38,17,135
57,19,135
78,21,135
100,22,135
128,28,135
135,7,135
135,2,135
135,2,135
135,20,135
135,10,135
139,4,135
142,3,135
142,1,135
144,2,135
144,9,135
147,3,135
147,1,135
148,1,135
148,2,135
150,2,135
150,2,135
150,1,135
152,2,135
152,2,135
155,3,135
155,7,135
160,5,135
167,7,135
167,5,135
170,3,135
170,3,135
170,4,135
170,1,135
170,2,135
177,7,135
177,1,135
179,2,135
182,3,135
182,3,135
190,8,135
193,3,135
195,2,135
195,6,135
195,7,135
189,10,135
194,5,135
200,6,135
203,3,135
203,5,135
209,6,135
214,5,135
214,7,135
214,9,135
197,3,135
203,6,135
203,5,135
204,4,135
212,8,135
220,8,135
220,9,135
220,6,135
220,10,135
228,8,135
228,4,135
238,10,135
238,6,135
240,2,135
240,6,135
249,9,135
249,7,135
249,7,135
254,5,135
254,3,135
262,8,135
262,3,135
262,8,135
268,6,135
278,10,135
278,4,135
278,4,135
262,5,135
262,10,135
262,2,135
269,7,135
269,4,135
279,10,135
20,0,136
20,0,136
20,0,136
20,0,136
20,0,136
20,0,136
15,5,136
12,0,136
9,3,136
7,2,136
6,0,136
5,4,136
4,2,136
3,3,136
2,2,136
1,1,136
0,0,136
20,0,137
20,0,137
20,0,137
20,0,137
20,0,137
20,0,137
17,3,137
17,0,137
17,3,137
21,4,137
25,4,137
29,4,137
25,5,137
25,3,137
25,7,137
25,2,137
25,3,137
25,0,137
32,7,137
36,4,137
42,6,137
46,4,137
32,8,137
32,6,137
32,2,137
34,2,137
35,1,137
35,0,137
35,2,137
35,1,137
35,2,137
35,1,137
35,4,137
35,1,137
35,1,137
35,4,137
37,2,137
37,1,137
37,1,137
37,4,137
37,7,137
40,3,137
44,4,137
44,10,137
44,5,137
50,6,137
54,5,137
59,5,137
66,7,137
66,8,137
73,7,137
83,10,137
90,7,137
90,7,137
103,13,137
106,3,137
106,15,137
108,2,137
111,3,137
111,3,137
111,12,137
114,3,137
114,5,137
114,8,137
114,21,137
117,3,137
122,5,137
124,2,137
124,3,137
124,15,137
128,4,137
130,2,137
130,3,137
137,7,137
141,4,137
146,5,137
146,7,137
152,6,137
152,2,137
152,6,137
152,6,137
155,3,137
155,4,137
155,6,137
164,9,137
168,4,137
168,3,137
168,4,137
163,6,137
166,3,137
166,2,137
166,2,137
166,3,137
166,3,137
169,3,137
169,3,137
169,6,137
169,5,137
169,6,137
173,4,137
20,0,138
20,0,138
20,0,138
20,8,138
20,10,138
12,5,138
12,5,138
9,3,138
7,5,138
6,3,138
6,0,138
4,1,138
4,1,138
4,1,138
4,1,138
4,4,138
4,2,138
4,1,138
4,4,138
4,1,138
4,1,138
4,0,138
4,1,138
4,3,138
4,2,138
4,2,138
4,2,138
4,2,138
4,0,138
4,3,138
4,3,138
4,2,138
4,1,138
4,0,138
4,3,138
4,4,138
4,1,138
4,3,138
4,1,138
4,2,138
4,1,138
4,1,138
4,0,138
4,1,138
4,1,138
4,4,138
4,0,138
4,2,138
4,5,138
4,2,138
4,5,138
4,3,138
4,4,138
4,2,138
4,2,138
4,1,138
4,0,138
4,2,138
4,2,138
4,3,138
4,1,138
4,1,138
4,1,138
4,4,138
4,4,138
4,3,138
4,0,138
4,5,138
4,2,138
4,3,138
4,0,138
4,1,138
4,2,138
4,2,138
4,2,138
4,0,138
4,2,138
4,2,138
4,1,138
4,3,138
4,0,138
4,2,138
4,1,138
4,0,138
4,3,138
4,3,138
4,1,138
4,3,138
4,1,138
4,0,138
4,2,138
4,2,138
4,2,138
4,1,138
4,3,138
4,2,138
4,1,138
4,1,138
4,1,138
4,0,138
20,0,139
20,0,139
20,9,139
20,14,139
20,31,139
20,31,139
15,29,139
25,10,139
49,24,139
92,43,139
167,75,139
189,22,139
189,17,139
189,22,139
189,19,139
189,17,139
189,18,139
189,15,139
189,17,139
189,18,139
189,15,139
189,19,139
189,13,139
189,8,139
189,13,139
189,9,139
189,11,139
189,18,139
189,10,139
189,7,139
189,16,139
189,10,139
154,13,139
154,16,139
154,14,139
154,8,139
154,10,139
154,4,139
154,11,139
154,10,139
154,6,139
154,13,139
154,6,139
124,14,139
90,8,139
90,32,139
90,29,139
90,30,139
90,36,139
90,36,139
90,29,139
90,38,139
90,35,139
90,28,139
90,32,139
90,34,139
90,31,139
90,40,139
90,32,139
90,36,139
90,34,139
90,38,139
90,36,139
90,41,139
90,28,139
90,27,139
90,38,139
90,29,139
133,43,139
147,14,139
163,16,139
163,10,139
163,10,139
163,15,139
133,14,139
133,7,139
133,9,139
133,14,139
133,8,139
97,12,139
97,47,139
97,51,139
97,43,139
97,44,139
97,37,139
97,43,139
97,39,139
97,35,139
97,45,139
97,58,139
97,56,139
97,43,139
97,36,139
97,36,139
97,50,139
97,40,139
97,48,139
97,38,139
97,52,139
97,50,139
20,0,140
20,0,140
20,0,140
20,6,140
20,9,140
20,3,140
21,1,140
21,2,140
19,0,140
22,3,140
23,1,140
31,8,140
35,4,140
45,10,140
39,9,140
39,9,140
39,6,140
39,10,140
39,9,140
39,7,140
39,8,140
39,8,140
39,8,140
39,11,140
39,5,140
39,9,140
39,11,140
39,12,140
39,6,140
39,9,140
39,5,140
39,6,140
39,6,140
39,9,140
39,9,140
39,8,140
39,8,140
39,10,140
39,6,140
39,6,140
39,4,140
39,9,140
39,5,140
39,8,140
39,6,140
39,7,140
39,9,140
39,9,140
39,8,140
39,5,140
39,6,140
39,13,140
39,6,140
39,8,140
39,11,140
39,6,140
39,9,140
39,5,140
39,3,140
39,12,140
39,12,140
39,5,140
39,9,140
39,4,140
39,5,140
39,8,140
39,9,140
39,8,140
39,7,140
39,7,140
39,9,140
39,8,140
38,6,140
38,11,140
38,10,140
38,4,140
36,7,140
36,8,140
36,7,140
36,6,140
31,10,140
39,8,140
39,8,140
39,9,140
39,8,140
39,8,140
39,4,140
39,7,140
39,9,140
39,7,140
39,10,140
39,12,140
39,10,140
39,5,140
39,14,140
39,10,140
39,7,140
39,12,140
39,9,140
39,8,140
20,0,141
20,1,141
20,14,141
20,5,141
20,12,141
20,3,141
15,4,141
12,7,141
9,3,141
7,3,141
7,0,141
7,2,141
7,4,141
7,3,141
7,1,141
7,1,141
7,5,141
7,4,141
7,6,141
7,3,141
7,3,141
7,1,141
7,6,141
7,3,141
7,2,141
7,0,141
7,0,141
7,2,141
7,1,141
7,2,141
7,3,141
7,2,141
7,1,141
7,2,141
7,2,141
7,7,141
7,3,141
7,1,141
7,5,141
7,3,141
7,2,141
7,2,141
7,3,141
7,2,141
7,1,141
7,1,141
7,1,141
7,3,141
7,2,141
7,4,141
7,3,141
7,3,141
7,3,141
7,6,141
7,3,141
7,1,141
7,2,141
7,1,141
7,3,141
7,4,141
7,3,141
7,3,141
7,3,141
7,4,141
7,2,141
7,5,141
7,2,141
7,3,141
7,0,141
7,1,141
7,5,141
7,2,141
7,4,141
7,0,141
7,3,141
7,3,141
7,0,141
7,3,141
7,4,141
7,1,141
7,2,141
7,1,141
7,2,141
7,1,141
7,1,141
7,3,141
7,2,141
7,0,141
7,3,141
7,2,141
7,3,141
7,5,141
7,3,141
7,3,141
7,1,141
7,3,141
7,3,141
7,4,141
7,4,141
7,2,141
20,0,142
20,0,142
20,0,142
15,0,142
15,22,142
15,8,142
15,15,142
15,9,142
12,5,142
9,7,142
7,5,142
6,2,142
8,2,142
11,3,142
16,5,142
22,6,142
22,12,142
22,6,142
22,6,142
22,7,142
22,9,142
22,8,142
22,6,142
22,7,142
22,8,142
22,9,142
22,4,142
22,6,142
22,5,142
22,11,142
22,8,142
22,10,142
22,7,142
22,12,142
22,7,142
22,10,142
22,13,142
22,3,142
22,8,142
22,9,142
22,7,142
22,3,142
22,9,142
22,7,142
22,9,142
22,4,142
22,10,142
22,11,142
22,7,142
22,2,142
22,9,142
22,9,142
22,9,142
22,8,142
22,10,142
22,9,142
22,10,142
22,9,142
22,9,142
22,5,142
22,10,142
22,10,142
22,9,142
22,7,142
22,8,142
22,4,142
22,11,142
22,10,142
22,11,142
22,8,142
22,6,142
22,7,142
22,8,142
22,6,142
22,7,142
22,8,142
22,7,142
22,12,142
22,11,142
22,12,142
22,10,142
22,7,142
22,5,142
22,11,142
22,9,142
22,10,142
22,7,142
22,9,142
22,11,142
22,7,142
22,7,142
22,8,142
22,11,142
22,13,142
22,6,142
22,11,142
22,4,142
22,8,142
22,7,142
22,7,142
20,0,143
17,0,143
17,0,143
17,0,143
17,8,143
20,3,143
20,5,143
20,9,143
20,13,143
20,12,143
20,5,143
20,12,143
20,9,143
20,3,143
20,5,143
20,8,143
20,7,143
20,8,143
20,8,143
20,2,143
20,4,143
20,6,143
20,2,143
20,6,143
20,5,143
20,4,143
20,3,143
20,5,143
20,6,143
20,7,143
20,7,143
20,3,143
20,2,143
20,8,143
20,5,143
20,2,143
20,6,143
20,7,143
20,2,143
20,5,143
20,5,143
20,5,143
20,7,143
20,3,143
20,3,143
20,5,143
20,3,143
20,6,143
20,6,143
20,2,143
20,5,143
20,7,143
20,5,143
20,3,143
20,9,143
20,7,143
20,8,143
20,6,143
20,9,143
20,5,143
20,5,143
20,4,143
20,4,143
20,6,143
20,3,143
20,3,143
20,4,143
20,4,143
20,6,143
20,5,143
20,7,143
20,3,143
20,2,143
20,7,143
20,3,143
20,9,143
20,2,143
20,6,143
20,5,143
20,0,143
20,2,143
20,2,143
20,4,143
20,4,143
24,4,143
32,8,143
39,7,143
49,10,143
66,17,143
85,19,143
111,26,143
117,6,143
122,5,143
122,2,143
122,6,143
122,6,143
122,10,143
122,6,143
122,7,143
122,12,143
20,0,144
20,0,144
20,0,144
20,0,144
15,0,144
15,0,144
15,0,144
15,0,144
15,1,144
16,1,144
17,1,144
19,2,144
21,2,144
21,0,144
21,0,144
21,0,144
21,1,144
24,3,144
31,7,144
37,8,144
37,4,144
37,5,144
46,9,144
52,6,144
61,9,144
72,11,144
72,9,144
91,19,144
62,10,144
62,10,144
62,6,144
72,10,144
84,12,144
97,13,144
107,10,144
107,0,144
107,9,144
109,2,144
109,4,144
109,2,144
109,3,144
110,1,144
110,0,144
110,3,144
110,0,144
113,3,144
113,5,144
113,7,144
117,4,144
118,1,144
118,0,144
118,1,144
118,8,144
118,0,144
118,3,144
118,4,144
113,1,144
113,1,144
91,1,144
91,8,144
91,6,144
91,6,144
58,11,144
58,4,144
58,9,144
58,2,144
62,10,144
69,7,144
69,9,144
76,7,144
86,10,144
103,17,144
103,4,144
103,5,144
103,6,144
103,3,144
103,5,144
118,15,144
118,3,144
118,3,144
118,6,144
141,23,144
143,2,144
143,10,144
151,8,144
151,6,144
103,3,144
103,5,144
103,3,144
73,16,144
61,3,144
73,12,144
89,16,144
105,16,144
105,9,144
105,14,144
111,6,144
111,2,144
118,7,144
123,5,144
20,0,145
20,0,145
20,0,145
20,0,145
20,0,145
22,2,145
26,4,145
31,5,145
34,3,145
39,5,145
39,7,145
39,5,145
39,2,145
36,3,145
38,2,145
42,4,145
42,7,145
36,7,145
39,3,145
39,2,145
39,3,145
39,2,145
39,4,145
39,8,145
33,4,145
37,4,145
37,8,145
37,2,145
43,6,145
43,7,145
43,8,145
43,10,145
43,6,145
43,9,145
43,6,145
43,7,145
43,4,145
43,6,145
30,4,145
34,4,145
40,6,145
34,10,145
40,6,145
45,5,145
45,9,145
45,8,145
45,5,145
45,6,145
45,7,145
45,10,145
45,4,145
45,7,145
45,7,145
45,5,145
45,7,145
45,6,145
45,9,145
45,8,145
45,5,145
45,4,145
38,9,145
42,4,145
51,9,145
51,9,145
51,7,145
51,11,145
51,10,145
51,7,145
45,10,145
45,5,145
45,10,145
45,6,145
45,4,145
45,7,145
45,8,145
45,5,145
45,7,145
45,5,145
45,10,145
45,7,145
45,8,145
39,7,145
44,5,145
44,3,145
44,6,145
44,8,145
44,7,145
44,4,145
44,4,145
44,5,145
44,8,145
44,5,145
44,11,145
44,6,145
44,7,145
44,8,145
44,4,145
44,4,145
44,7,145
44,8,145
20,0,146
20,0,146
20,0,146
20,0,146
20,3,146
20,3,146
15,1,146
12,4,146
9,1,146
7,0,146
6,0,146
5,1,146
4,0,146
3,1,146
2,0,146
1,0,146
0,0,146
20,0,147
20,0,147
20,0,147
20,0,147
20,0,147
20,0,147
12,0,147
12,2,147
12,1,147
12,0,147
12,0,147
12,1,147
9,0,147
11,2,147
11,1,147
11,1,147
11,0,147
9,2,147
7,3,147
6,2,147
5,1,147
4,0,147
3,1,147
2,2,147
1,0,147
0,1,147
20,0,148
20,0,148
20,0,148
20,4,148
20,11,148
20,3,148
24,4,148
24,5,148
21,4,148
21,2,148
21,2,148
22,1,148
22,0,148
25,3,148
20,4,148
20,3,148
20,2,148
20,2,148
20,3,148
20,4,148
20,2,148
25,5,148
28,3,148
28,3,148
32,4,148
32,1,148
40,8,148
45,5,148
43,6,148
43,6,148
43,5,148
43,7,148
51,8,148
51,8,148
64,13,148
78,14,148
78,3,148
89,11,148
89,15,148
89,12,148
106,17,148
110,4,148
110,17,148
116,6,148
121,5,148
121,5,148
121,3,148
121,21,148
129,8,148
129,16,148
90,10,148
107,17,148
110,3,148
96,20,148
117,21,148
121,4,148
124,3,148
124,32,148
81,2,148
81,20,148
81,18,148
99,18,148
128,29,148
138,10,148
143,5,148
154,11,148
154,13,148
158,4,148
158,1,148
164,6,148
164,7,148
169,5,148
174,5,148
179,5,148
182,3,148
185,3,148
185,8,148
185,3,148
190,5,148
194,4,148
137,5,148
137,10,148
137,4,148
137,8,148
141,4,148
141,1,148
141,4,148
123,8,148
123,1,148
128,5,148
131,3,148
139,8,148
139,1,148
140,1,148
140,4,148
140,4,148
140,4,148
140,5,148
146,6,148
149,3,148
20,0,149
20,0,149
20,3,149
20,3,149
20,7,149
20,5,149
15,10,149
12,4,149
9,1,149
9,0,149
9,0,149
9,0,149
12,3,149
15,3,149
17,2,149
22,5,149
26,4,149
26,9,149
26,5,149
26,8,149
26,2,149
26,7,149
26,6,149
26,9,149
26,8,149
26,7,149
26,3,149
26,7,149
26,10,149
26,4,149
26,9,149
16,3,149
17,1,149
19,2,149
26,7,149
26,5,149
26,6,149
26,5,149
26,7,149
26,4,149
26,4,149
26,12,149
26,9,149
26,4,149
37,11,149
47,10,149
57,10,149
80,23,149
106,26,149
112,6,149
112,9,149
112,6,149
112,22,149
112,7,149
112,3,149
112,5,149
112,6,149
116,4,149
120,4,149
120,4,149
120,3,149
89,4,149
89,10,149
89,11,149
89,12,149
89,10,149
89,14,149
89,11,149
89,9,149
89,7,149
89,9,149
89,9,149
89,9,149
89,7,149
89,13,149
89,17,149
89,7,149
89,11,149
89,6,149
89,6,149
88,7,149
88,9,149
88,4,149
83,10,149
83,9,149
83,10,149
83,11,149
83,8,149
83,3,149
83,9,149
83,11,149
83,12,149
83,8,149
83,7,149
83,9,149
83,6,149
83,11,149
83,10,149
83,7,149
83,13,149
20,0,150
20,0,150
20,10,150
20,8,150
20,6,150
20,14,150
14,17,150
11,6,150
9,5,150
7,3,150
6,5,150
5,2,150
4,1,150
6,2,150
10,4,150
13,3,150
13,4,150
15,2,150
19,4,150
21,3,150
21,8,150
21,6,150
21,4,150
21,6,150
21,5,150
21,7,150
15,7,150
17,2,150
19,2,150
26,7,150
26,14,150
26,7,150
26,7,150
26,10,150
16,8,150
21,5,150
21,2,150
16,10,150
20,4,150
20,4,150
20,4,150
20,8,150
20,1,150
20,2,150
20,5,150
20,6,150
15,6,150
24,9,150
36,12,150
48,12,150
61,13,150
84,23,150
102,18,150
113,11,150
125,12,150
132,7,150
138,6,150
138,9,150
149,11,150
157,8,150
157,3,150
157,8,150
157,7,150
157,9,150
146,10,150
146,8,150
146,29,150
153,7,150
165,12,150
173,8,150
173,6,150
176,3,150
176,5,150
176,6,150
176,7,150
176,6,150
182,6,150
192,10,150
200,8,150
206,6,150
206,9,150
206,12,150
206,7,150
218,12,150
224,6,150
191,6,150
191,6,150
191,5,150
194,3,150
206,12,150
214,8,150
218,4,150
203,5,150
203,4,150
203,6,150
203,8,150
203,7,150
127,2,150
127,4,150
127,7,150
14,0,151
14,0,151
9,0,151
9,0,151
9,0,151
9,0,151
9,0,151
9,0,151
9,0,151
9,0,151
10,1,151
10,0,151
12,2,151
13,1,151
14,1,151
15,1,151
17,2,151
17,1,151
17,4,151
14,0,151
14,1,151
14,0,151
14,1,151
17,3,151
22,5,151
22,1,151
22,0,151
22,0,151
22,3,151
22,3,151
22,3,151
22,5,151
22,4,151
22,8,151
22,8,151
22,6,151
17,0,151
18,9,151
18,7,151
18,5,151
12,9,151
12,4,151
12,0,151
16,4,151
16,0,151
10,2,151
10,4,151
10,0,151
7,1,151
8,1,151
6,2,151
6,0,151
8,2,151
8,0,151
9,1,151
11,2,151
10,1,151
10,2,151
10,2,151
11,2,151
11,0,151
11,3,151
11,0,151
11,2,151
11,4,151
11,2,151
11,2,151
11,2,151
11,3,151
11,4,151
11,1,151
11,2,151
11,1,151
11,1,151
11,5,151
11,1,151
11,1,151
11,5,151
11,2,151
11,1,151
11,1,151
11,5,151
11,1,151
11,4,151
11,2,151
11,2,151
11,1,151
11,3,151
11,2,151
11,0,151
11,3,151
11,1,151
11,0,151
11,2,151
11,0,151
11,3,151
11,1,151
11,3,151
11,2,151
11,3,151
20,0,152
15,0,152
15,0,152
15,0,152
15,0,152
15,0,152
15,0,152
15,0,152
15,0,152
15,0,152
12,0,152
12,0,152
12,0,152
12,0,152
12,0,152
12,0,152
12,0,152
12,0,152
13,1,152
13,1,152
13,0,152
15,2,152
18,3,152
26,8,152
26,6,152
36,10,152
36,7,152
49,13,152
59,16,152
82,23,152
109,27,152
118,9,152
126,8,152
133,7,152
84,5,152
52,15,152
52,16,152
52,15,152
52,16,152
52,19,152
52,19,152
52,27,152
52,4,152
67,15,152
83,16,152
88,25,152
116,28,152
120,4,152
127,7,152
134,7,152
134,11,152
142,8,152
150,8,152
150,4,152
150,7,152
150,7,152
150,4,152
150,3,152
157,7,152
164,7,152
170,6,152
180,10,152
180,8,152
187,7,152
195,8,152
195,6,152
195,7,152
195,2,152
195,10,152
195,3,152
201,6,152
201,4,152
201,8,152
201,6,152
201,9,152
201,4,152
201,6,152
206,5,152
206,3,152
206,7,152
206,9,152
206,4,152
177,5,152
177,5,152
177,7,152
177,3,152
177,8,152
183,6,152
188,5,152
197,9,152
197,5,152
192,8,152
192,4,152
192,6,152
192,7,152
183,5,152
183,8,152
183,2,152
183,5,152
183,6,152
20,0,153
20,0,153
20,11,153
20,3,153
20,3,153
20,5,153
20,6,153
13,5,153
13,0,153
15,2,153
15,2,153
15,6,153
15,0,153
19,4,153
25,6,153
28,3,153
28,3,153
28,8,153
28,4,153
28,3,153
28,6,153
28,6,153
28,5,153
28,2,153
28,9,153
28,9,153
28,6,153
28,3,153
28,10,153
28,7,153
28,10,153
28,4,153
25,9,153
25,4,153
25,3,153
25,10,153
25,6,153
25,6,153
25,2,153
25,5,153
19,5,153
24,5,153
24,5,153
24,7,153
24,10,153
24,5,153
24,2,153
24,6,153
24,4,153
24,7,153
24,4,153
24,3,153
24,8,153
24,5,153
24,5,153
24,8,153
24,3,153
24,7,153
24,11,153
24,5,153
24,5,153
24,3,153
24,3,153
24,7,153
24,9,153
24,8,153
24,7,153
24,7,153
24,7,153
24,6,153
24,2,153
24,5,153
24,5,153
24,6,153
24,7,153
24,5,153
24,2,153
24,2,153
24,2,153
24,2,153
24,3,153
24,2,153
24,2,153
24,3,153
24,3,153
24,3,153
24,2,153
24,2,153
24,2,153
16,0,153
17,1,153
21,4,153
21,3,153
21,2,153
21,2,153
21,1,153
21,2,153
21,0,153
21,4,153
21,5,153
20,0,154
20,0,154
20,11,154
20,13,154
20,9,154
20,7,154
20,15,154
16,15,154
16,12,154
16,6,154
16,7,154
16,3,154
16,3,154
16,2,154
16,2,154
18,2,154
23,5,154
27,4,154
33,6,154
47,14,154
60,13,154
74,14,154
86,12,154
105,19,154
110,5,154
116,6,154
116,5,154
116,7,154
116,7,154
116,4,154
116,7,154
116,4,154
116,10,154
116,2,154
116,3,154
116,3,154
116,9,154
116,4,154
116,3,154
116,2,154
116,6,154
116,4,154
116,4,154
116,6,154
116,6,154
116,3,154
116,7,154
116,5,154
116,6,154
116,3,154
116,5,154
116,7,154
116,6,154
116,6,154
116,4,154
116,5,154
116,7,154
72,7,154
72,22,154
72,10,154
62,19,154
62,16,154
62,13,154
62,13,154
62,14,154
62,15,154
62,17,154
62,22,154
62,12,154
62,6,154
46,8,154
46,4,154
46,6,154
46,6,154
46,7,154
46,5,154
46,7,154
46,5,154
46,8,154
46,3,154
46,7,154
46,5,154
46,11,154
46,6,154
31,10,154
31,4,154
31,2,154
31,2,154
31,4,154
31,4,154
31,3,154
31,4,154
31,3,154
31,3,154
31,6,154
31,4,154
25,6,154
25,2,154
25,3,154
25,3,154
20,0,155
20,0,155
15,0,155
11,0,155
7,0,155
7,1,155
7,6,155
7,9,155
7,11,155
7,6,155
7,9,155
7,7,155
7,2,155
7,5,155
7,0,155
7,0,155
9,2,155
13,4,155
13,0,155
14,1,155
14,0,155
15,1,155
16,1,155
17,1,155
23,6,155
26,3,155
30,4,155
33,3,155
33,9,155
25,4,155
32,7,155
32,7,155
32,5,155
32,4,155
32,9,155
32,4,155
32,10,155
32,7,155
32,8,155
32,10,155
32,4,155
32,6,155
32,11,155
32,6,155
32,9,155
42,10,155
42,10,155
42,12,155
40,11,155
40,7,155
40,5,155
40,8,155
40,9,155
40,11,155
40,9,155
40,6,155
40,14,155
40,5,155
40,8,155
40,7,155
40,7,155
40,7,155
40,14,155
40,8,155
40,7,155
40,9,155
40,7,155
33,10,155
41,8,155
41,9,155
41,14,155
41,9,155
41,8,155
41,15,155
41,10,155
38,10,155
47,9,155
61,14,155
51,13,155
51,16,155
51,15,155
51,9,155
51,11,155
51,15,155
39,10,155
51,12,155
51,6,155
51,18,155
51,8,155
51,11,155
51,14,155
51,4,155
51,13,155
51,15,155
51,16,155
51,14,155
51,9,155
51,11,155
51,14,155
51,8,155
20,0,156
20,0,156
20,0,156
20,0,156
20,0,156
20,0,156
20,0,156
20,0,156
22,2,156
22,3,156
22,2,156
22,2,156
14,2,156
16,2,156
16,6,156
16,2,156
16,6,156
16,5,156
16,3,156
16,2,156
16,3,156
16,2,156
16,3,156
16,2,156
16,2,156
16,1,156
16,3,156
16,4,156
16,2,156
12,3,156
12,2,156
12,3,156
12,0,156
12,1,156
12,2,156
12,2,156
12,4,156
12,3,156
12,7,156
12,6,156
12,1,156
12,1,156
10,0,156
10,1,156
12,3,156
12,2,156
12,1,156
12,3,156
12,3,156
12,4,156
12,2,156
12,2,156
12,3,156
12,2,156
12,1,156
12,3,156
12,2,156
12,2,156
12,1,156
12,3,156
12,3,156
12,2,156
12,4,156
12,4,156
12,2,156
12,1,156
12,3,156
12,2,156
12,0,156
12,1,156
12,3,156
12,1,156
12,3,156
12,5,156
12,3,156
12,4,156
12,6,156
12,5,156
12,4,156
12,2,156
12,5,156
12,2,156
12,3,156
12,2,156
12,3,156
12,0,156
12,5,156
12,2,156
12,4,156
12,2,156
12,3,156
12,3,156
12,3,156
12,4,156
12,4,156
12,0,156
12,3,156
12,0,156
12,4,156
12,3,156
20,0,157
20,0,157
20,0,157
20,0,157
20,0,157
20,0,157
20,0,157
17,0,157
17,0,157
17,0,157
17,0,157
17,0,157
11,0,157
11,0,157
11,0,157
11,0,157
11,0,157
11,0,157
11,0,157
11,0,157
10,2,157
10,0,157
10,0,157
10,0,157
11,1,157
11,0,157
12,1,157
13,1,157
13,0,157
13,0,157
13,0,157
13,0,157
13,0,157
14,1,157
14,0,157
15,1,157
16,1,157
16,0,157
16,3,157
16,1,157
16,1,157
16,2,157
16,0,157
16,0,157
16,0,157
16,1,157
16,0,157
16,1,157
16,1,157
16,1,157
16,1,157
16,0,157
16,0,157
16,0,157
16,1,157
16,1,157
16,0,157
16,1,157
16,2,157
16,2,157
16,1,157
16,1,157
16,1,157
16,0,157
16,0,157
16,1,157
16,1,157
16,1,157
16,1,157
16,0,157
16,0,157
16,0,157
16,0,157
16,1,157
16,0,157
16,0,157
16,0,157
16,0,157
16,0,157
16,1,157
16,0,157
16,0,157
16,1,157
16,1,157
16,0,157
16,0,157
16,2,157
16,2,157
16,1,157
16,1,157
16,1,157
16,0,157
16,1,157
16,1,157
16,0,157
16,2,157
16,2,157
16,0,157
16,0,157
16,0,157
20,0,158
20,0,158
20,0,158
20,0,158
20,0,158
20,0,158
15,0,158
15,0,158
15,0,158
15,0,158
15,0,158
15,0,158
19,4,158
19,1,158
19,2,158
21,2,158
21,2,158
21,1,158
21,1,158
21,1,158
21,5,158
21,3,158
21,3,158
21,1,158
21,1,158
21,2,158
21,4,158
21,3,158
21,2,158
21,2,158
21,3,158
21,2,158
21,3,158
21,1,158
21,2,158
21,2,158
21,3,158
21,2,158
21,2,158
21,2,158
21,0,158
21,2,158
21,3,158
21,4,158
21,1,158
21,2,158
21,0,158
21,2,158
21,1,158
21,3,158
21,0,158
21,1,158
21,4,158
21,0,158
21,0,158
21,0,158
21,0,158
21,0,158
21,0,158
21,0,158
21,0,158
21,0,158
21,0,158
21,0,158
21,0,158
21,0,158
21,0,158
21,0,158
21,0,158
21,0,158
21,0,158
21,0,158
21,0,158
21,0,158
21,0,158
21,0,158
21,0,158
21,0,158
21,0,158
21,0,158
21,0,158
21,0,158
21,0,158
21,0,158
21,0,158
21,0,158
21,0,158
21,0,158
21,0,158
21,0,158
21,0,158
21,0,158
21,0,158
21,0,158
21,0,158
21,0,158
21,0,158
21,0,158
21,0,158
21,0,158
20,0,159
20,0,159
41,21,159
55,27,159
55,18,159
55,10,159
55,21,159
55,11,159
55,0,159
55,0,159
55,0,159
55,0,159
55,0,159
64,9,159
64,7,159
61,12,159
61,6,159
61,7,159
61,4,159
61,3,159
61,4,159
70,9,159
70,15,159
82,12,159
94,12,159
94,10,159
107,13,159
110,3,159
110,0,159
110,4,159
110,17,159
115,5,159
115,12,159
117,2,159
117,13,159
119,2,159
119,5,159
125,6,159
125,5,159
125,14,159
125,9,159
133,8,159
133,12,159
134,1,159
134,3,159
90,2,159
90,0,159
97,7,159
111,14,159
111,5,159
111,4,159
122,11,159
82,2,159
89,7,159
95,6,159
90,9,159
90,4,159
83,10,159
85,2,159
85,7,159
85,5,159
85,7,159
85,7,159
89,4,159
89,6,159
99,10,159
119,20,159
119,1,159
120,1,159
120,3,159
127,7,159
127,14,159
96,0,159
103,7,159
105,2,159
116,11,159
118,2,159
118,14,159
120,2,159
123,3,159
129,6,159
129,1,159
132,3,159
132,3,159
132,2,159
132,4,159
132,4,159
132,5,159
132,2,159
144,12,159
148,4,159
148,4,159
148,6,159
154,6,159
154,0,159
154,4,159
154,4,159
154,2,159
154,16,159
160,6,159
20,0,160
20,0,160
20,0,160
20,0,160
20,5,160
20,1,160
20,0,160
20,0,160
21,4,160
24,3,160
25,1,160
28,3,160
20,2,160
22,2,160
23,1,160
24,1,160
25,1,160
19,2,160
23,4,160
23,0,160
24,1,160
26,2,160
28,2,160
31,3,160
31,1,160
31,5,160
31,3,160
31,2,160
31,1,160
25,3,160
26,1,160
26,1,160
26,3,160
26,4,160
26,0,160
26,2,160
20,2,160
22,2,160
25,3,160
29,4,160
29,1,160
29,1,160
29,2,160
29,2,160
29,2,160
29,3,160
29,0,160
29,1,160
29,2,160
29,3,160
23,1,160
20,2,160
20,0,160
20,0,160
21,1,160
23,2,160
25,2,160
29,4,160
27,4,160
27,4,160
27,0,160
27,3,160
27,2,160
27,3,160
27,4,160
27,4,160
27,2,160
27,1,160
23,3,160
24,1,160
25,1,160
27,2,160
26,4,160
28,2,160
28,4,160
28,1,160
28,4,160
28,1,160
28,0,160
28,2,160
29,1,160
31,2,160
31,4,160
31,0,160
31,4,160
31,3,160
31,3,160
20,6,160
23,3,160
25,2,160
25,0,160
29,4,160
32,3,160
32,3,160
32,2,160
32,1,160
32,3,160
32,1,160
32,3,160
32,3,160
20,0,161
20,0,161
20,1,161
20,12,161
20,8,161
20,6,161
15,8,161
12,3,161
9,2,161
7,1,161
6,0,161
4,1,161
3,0,161
2,0,161
1,0,161
0,0,161
20,0,162
20,0,162
20,0,162
20,0,162
20,0,162
20,5,162
20,5,162
20,5,162
20,2,162
20,3,162
20,3,162
20,1,162
18,1,162
18,1,162
18,4,162
18,0,162
15,1,162
17,2,162
18,1,162
18,1,162
20,2,162
20,1,162
28,8,162
28,3,162
31,3,162
36,5,162
36,4,162
43,7,162
59,16,162
73,14,162
95,22,162
113,18,162
113,25,162
119,6,162
119,22,162
90,9,162
90,14,162
97,15,162
97,15,162
97,17,162
97,23,162
90,7,162
111,21,162
119,8,162
119,9,162
119,4,162
119,6,162
119,5,162
119,11,162
119,5,162
122,3,162
123,1,162
123,7,162
123,6,162
123,2,162
123,3,162
123,18,162
125,2,162
125,7,162
125,3,162
125,0,162
125,6,162
125,2,162
125,3,162
125,2,162
125,8,162
113,1,162
113,4,162
113,0,162
113,3,162
113,2,162
113,3,162
113,1,162
93,2,162
93,12,162
93,10,162
110,17,162
112,2,162
115,3,162
121,6,162
126,5,162
130,4,162
130,1,162
135,5,162
137,2,162
137,5,162
137,3,162
137,5,162
137,3,162
137,1,162
137,2,162
138,1,162
138,2,162
138,2,162
138,3,162
138,3,162
138,3,162
138,3,162
138,1,162
138,4,162
20,0,163
20,0,163
20,0,163
20,0,163
20,0,163
20,0,163
13,0,163
13,0,163
13,0,163
13,0,163
13,0,163
13,0,163
13,1,163
13,0,163
18,5,163
18,2,163
27,9,163
27,2,163
37,10,163
37,4,163
42,5,163
50,8,163
62,12,163
86,24,163
106,20,163
106,10,163
110,4,163
110,5,163
103,22,163
103,13,163
109,6,163
109,7,163
116,7,163
116,19,163
116,24,163
123,7,163
123,21,163
123,16,163
146,23,163
153,7,163
163,10,163
167,4,163
173,6,163
173,5,163
173,20,163
176,3,163
181,5,163
181,18,163
186,5,163
186,3,163
186,4,163
190,4,163
190,5,163
194,4,163
194,14,163
199,5,163
199,5,163
168,2,163
168,2,163
168,3,163
170,2,163
173,3,163
175,2,163
178,3,163
178,5,163
178,1,163
178,5,163
181,3,163
181,5,163
181,3,163
187,6,163
187,3,163
187,2,163
195,8,163
173,0,163
183,10,163
183,6,163
183,8,163
183,1,163
187,4,163
187,4,163
146,5,163
146,6,163
146,6,163
146,4,163
152,6,163
152,18,163
156,4,163
164,8,163
164,3,163
170,6,163
176,6,163
176,6,163
185,9,163
185,5,163
185,4,163
189,4,163
189,5,163
198,9,163
198,7,163
20,0,164
20,0,164
20,0,164
20,3,164
20,2,164
20,32,164
15,38,164
12,33,164
9,6,164
7,11,164
6,5,164
5,2,164
10,5,164
16,6,164
25,9,164
34,9,164
52,18,164
75,23,164
106,31,164
120,14,164
126,6,164
126,10,164
126,10,164
126,10,164
126,12,164
126,13,164
126,8,164
126,6,164
126,10,164
126,11,164
126,7,164
126,13,164
126,7,164
126,4,164
126,15,164
126,12,164
126,6,164
126,8,164
126,9,164
126,5,164
126,7,164
126,13,164
126,8,164
126,6,164
126,8,164
126,12,164
126,15,164
126,7,164
139,13,164
149,10,164
149,13,164
173,24,164
190,17,164
186,15,164
186,18,164
186,16,164
186,14,164
186,20,164
186,21,164
186,19,164
186,16,164
186,18,164
186,13,164
186,21,164
186,22,164
186,22,164
151,23,164
151,14,164
151,15,164
151,19,164
151,18,164
151,24,164
151,17,164
129,24,164
129,16,164
129,15,164
129,23,164
129,20,164
129,18,164
83,18,164
83,58,164
83,45,164
83,60,164
83,45,164
83,61,164
83,52,164
83,48,164
83,39,164
83,57,164
83,58,164
83,62,164
83,63,164
83,51,164
63,45,164
63,32,164
63,39,164
63,36,164
63,46,164
63,37,164
63,35,164
20,0,165
20,0,165
20,0,165
20,4,165
20,3,165
20,2,165
15,2,165
9,1,165
7,2,165
6,0,165
5,1,165
4,1,165
3,0,165
2,0,165
1,0,165
0,1,165
20,0,166
20,0,166
20,0,166
20,0,166
20,0,166
20,0,166
20,0,166
20,0,166
20,0,166
20,0,166
20,0,166
20,0,166
20,0,166
20,0,166
20,0,166
20,0,166
20,0,166
20,0,166
20,0,166
20,0,166
20,0,166
17,0,166
17,0,166
17,0,166
17,0,166
17,0,166
17,0,166
17,0,166
17,0,166
17,0,166
17,0,166
14,0,166
14,0,166
12,0,166
12,0,166
12,0,166
12,0,166
12,0,166
12,0,166
12,0,166
9,0,166
9,0,166
9,0,166
9,0,166
9,0,166
9,0,166
9,0,166
9,0,166
9,0,166
9,0,166
9,0,166
9,0,166
9,0,166
9,0,166
9,0,166
9,0,166
9,0,166
9,0,166
9,0,166
9,0,166
9,0,166
9,0,166
9,0,166
9,0,166
9,0,166
9,0,166
9,0,166
7,0,166
7,0,166
7,0,166
7,0,166
7,0,166
7,0,166
7,0,166
7,0,166
7,0,166
7,0,166
7,0,166
7,0,166
7,0,166
7,0,166
7,0,166
7,0,166
5,0,166
5,0,166
5,0,166
5,0,166
5,0,166
5,0,166
5,0,166
5,0,166
5,0,166
5,0,166
5,0,166
5,0,166
5,0,166
5,0,166
5,0,166
5,0,166
4,0,166
20,0,167
20,0,167
20,0,167
20,0,167
20,0,167
20,0,167
20,0,167
20,0,167
25,5,167
25,2,167
25,6,167
25,7,167
34,9,167
48,14,167
77,29,167
119,42,167
133,14,167
147,14,167
157,10,167
157,7,167
157,11,167
157,13,167
157,7,167
157,11,167
157,16,167
157,12,167
157,7,167
157,10,167
157,8,167
157,12,167
157,11,167
157,9,167
157,12,167
115,14,167
99,15,167
99,44,167
99,46,167
99,52,167
99,51,167
99,46,167
99,43,167
99,55,167
99,42,167
99,49,167
99,41,167
99,48,167
99,46,167
99,40,167
99,52,167
99,45,167
99,45,167
99,39,167
99,57,167
99,40,167
99,54,167
99,48,167
99,44,167
99,47,167
99,41,167
99,30,167
99,48,167
99,43,167
99,39,167
99,58,167
97,43,167
97,43,167
97,44,167
97,53,167
97,53,167
97,43,167
97,35,167
97,53,167
97,39,167
97,42,167
97,49,167
97,42,167
97,43,167
97,42,167
97,48,167
97,52,167
97,50,167
97,54,167
87,50,167
87,47,167
87,45,167
87,47,167
87,37,167
87,31,167
87,46,167
87,50,167
87,51,167
87,38,167
68,40,167
68,25,167
68,30,167
68,33,167
68,33,167
68,37,167
68,27,167
68,32,167
20,0,168
20,0,168
20,6,168
20,5,168
20,2,168
20,1,168
15,0,168
12,0,168
9,0,168
9,0,168
9,0,168
9,0,168
9,0,168
9,0,168
9,1,168
9,1,168
9,0,168
9,1,168
9,1,168
9,1,168
9,1,168
9,0,168
9,0,168
9,2,168
9,1,168
7,0,168
9,2,168
9,1,168
9,0,168
9,1,168
9,1,168
9,1,168
9,2,168
9,0,168
9,1,168
7,0,168
9,2,168
9,2,168
9,1,168
9,0,168
9,4,168
9,4,168
9,2,168
9,3,168
7,1,168
6,2,168
5,2,168
4,2,168
3,1,168
2,0,168
1,1,168
0,0,168
14,0,169
14,0,169
14,0,169
14,0,169
14,0,169
14,0,169
14,0,169
14,0,169
14,0,169
14,0,169
14,0,169
14,0,169
14,0,169
14,0,169
14,0,169
14,0,169
14,0,169
14,0,169
14,0,169
14,2,169
14,1,169
14,1,169
14,0,169
14,1,169
14,2,169
14,1,169
14,0,169
14,2,169
14,4,169
14,2,169
14,0,169
14,2,169
14,1,169
14,1,169
14,2,169
14,1,169
14,1,169
14,1,169
14,2,169
14,3,169
14,2,169
14,0,169
14,0,169
14,3,169
14,0,169
14,0,169
14,1,169
14,2,169
14,0,169
14,1,169
14,2,169
14,2,169
14,2,169
14,1,169
14,0,169
14,2,169
14,1,169
14,2,169
14,2,169
14,0,169
14,0,169
14,0,169
14,1,169
14,0,169
14,0,169
14,1,169
14,1,169
14,2,169
14,0,169
14,2,169
14,1,169
14,1,169
14,1,169
14,0,169
14,1,169
14,2,169
14,1,169
14,0,169
14,1,169
14,1,169
14,0,169
14,1,169
14,0,169
14,3,169
14,1,169
14,1,169
14,3,169
14,1,169
14,2,169
14,2,169
14,2,169
14,2,169
14,1,169
14,2,169
14,1,169
14,1,169
14,2,169
14,2,169
14,2,169
14,2,169
20,0,170
20,0,170
20,0,170
20,0,170
20,3,170
20,1,170
20,2,170
15,7,170
12,4,170
9,7,170
7,1,170
6,2,170
5,3,170
4,1,170
3,2,170
2,2,170
1,3,170
0,2,170
20,0,171
20,0,171
20,0,171
20,0,171
20,0,171
20,0,171
15,6,171
12,2,171
9,1,171
7,1,171
6,4,171
5,2,171
6,1,171
7,1,171
8,1,171
10,2,171
13,3,171
13,2,171
21,8,171
21,1,171
20,8,171
20,5,171
20,5,171
20,1,171
26,6,171
26,1,171
34,8,171
40,6,171
44,4,171
44,1,171
50,6,171
60,10,171
79,19,171
101,22,171
105,4,171
105,27,171
107,2,171
112,5,171
112,3,171
112,10,171
126,14,171
86,5,171
86,28,171
86,21,171
86,22,171
86,23,171
86,14,171
120,34,171
126,6,171
134,8,171
114,7,171
114,34,171
126,12,171
134,8,171
142,8,171
149,7,171
149,2,171
149,24,171
153,4,171
153,9,171
153,8,171
158,5,171
158,4,171
158,2,171
158,6,171
158,11,171
165,7,171
176,11,171
186,10,171
193,7,171
204,11,171
211,7,171
218,7,171
218,9,171
218,9,171
216,10,171
216,12,171
216,5,171
216,10,171
216,9,171
216,10,171
216,13,171
216,8,171
150,3,171
150,7,171
150,10,171
150,6,171
150,3,171
136,6,171
136,13,171
136,8,171
136,7,171
136,5,171
136,7,171
136,6,171
136,8,171
136,2,171
143,7,171
149,6,171
149,6,171
20,0,172
20,0,172
20,0,172
20,0,172
20,0,172
20,0,172
20,0,172
20,0,172
20,0,172
20,0,172
20,0,172
20,0,172
20,0,172
20,0,172
20,0,172
20,0,172
20,0,172
18,0,172
18,0,172
18,1,172
18,1,172
18,2,172
18,1,172
18,0,172
18,0,172
18,2,172
18,2,172
18,1,172
18,3,172
18,0,172
18,4,172
20,2,172
20,1,172
20,0,172
20,2,172
20,2,172
20,4,172
20,2,172
20,1,172
20,4,172
20,3,172
20,4,172
20,2,172
15,0,172
16,1,172
17,1,172
17,1,172
17,4,172
17,1,172
17,3,172
17,2,172
17,1,172
17,1,172
17,2,172
17,0,172
17,0,172
17,3,172
17,4,172
17,0,172
17,0,172
17,1,172
17,3,172
17,1,172
17,4,172
17,0,172
17,1,172
17,1,172
17,0,172
17,2,172
17,0,172
17,2,172
17,1,172
17,0,172
17,1,172
17,0,172
17,1,172
17,0,172
17,2,172
17,1,172
17,3,172
17,3,172
17,3,172
17,2,172
17,2,172
17,1,172
17,0,172
17,0,172
17,0,172
17,0,172
17,1,172
17,1,172
17,0,172
17,2,172
17,2,172
17,2,172
17,3,172
17,0,172
17,1,172
17,1,172
17,0,172
20,0,173
20,0,173
20,14,173
20,6,173
20,2,173
17,2,173
13,4,173
10,7,173
8,0,173
6,3,173
5,0,173
4,0,173
4,0,173
4,0,173
4,0,173
4,0,173
4,0,173
4,0,173
4,0,173
4,0,173
4,0,173
4,0,173
4,0,173
4,0,173
4,0,173
4,0,173
4,0,173
4,0,173
4,0,173
4,0,173
4,0,173
4,0,173
4,0,173
4,0,173
4,0,173
4,0,173
4,0,173
4,0,173
4,0,173
4,0,173
4,0,173
4,0,173
4,0,173
4,0,173
4,0,173
4,0,173
4,0,173
4,0,173
4,0,173
4,0,173
4,0,173
4,0,173
4,0,173
4,0,173
4,0,173
4,0,173
4,0,173
4,0,173
4,0,173
4,0,173
4,0,173
4,0,173
4,0,173
4,0,173
4,0,173
4,0,173
4,0,173
4,0,173
4,0,173
4,0,173
4,0,173
4,0,173
4,0,173
4,0,173
4,0,173
4,0,173
4,0,173
4,0,173
4,0,173
4,0,173
4,0,173
4,0,173
4,0,173
4,0,173
4,0,173
4,0,173
4,0,173
4,0,173
4,0,173
4,0,173
4,0,173
4,0,173
4,0,173
4,0,173
4,0,173
4,0,173
4,0,173
4,0,173
4,0,173
4,0,173
20,0,174
20,0,174
20,1,174
20,12,174
20,26,174
27,7,174
27,13,174
27,13,174
27,2,174
28,1,174
28,3,174
28,1,174
28,3,174
28,5,174
28,3,174
28,3,174
28,6,174
28,3,174
30,2,174
30,4,174
30,4,174
30,3,174
30,3,174
30,7,174
39,9,174
47,8,174
60,13,174
60,15,174
83,23,174
103,20,174
123,20,174
129,6,174
129,4,174
135,6,174
135,0,174
135,5,174
129,4,174
131,2,174
131,3,174
144,13,174
150,6,174
150,4,174
150,6,174
150,7,174
150,5,174
150,0,174
150,6,174
150,5,174
150,5,174
150,10,174
109,4,174
109,2,174
109,8,174
109,6,174
109,6,174
109,3,174
71,2,174
71,14,174
71,10,174
71,14,174
71,12,174
82,11,174
106,24,174
112,6,174
116,4,174
120,4,174
121,1,174
82,4,174
82,19,174
64,15,174
64,17,174
64,10,174
64,14,174
64,15,174
64,12,174
64,10,174
64,15,174
60,11,174
60,11,174
60,11,174
60,11,174
60,18,174
60,13,174
60,16,174
60,10,174
60,12,174
60,16,174
60,12,174
60,16,174
60,12,174
60,16,174
60,14,174
60,17,174
60,9,174
60,16,174
60,12,174
60,23,174
60,9,174
60,14,174
60,10,174
20,0,175
20,0,175
20,0,175
20,0,175
20,3,175
20,4,175
15,7,175
12,15,175
9,11,175
7,4,175
6,6,175
4,2,175
3,0,175
2,0,175
1,0,175
0,0,175
20,0,176
20,1,176
20,8,176
20,7,176
20,3,176
20,3,176
20,2,176
21,1,176
21,1,176
21,2,176
28,7,176
32,4,176
41,9,176
47,6,176
53,6,176
62,9,176
75,13,176
93,18,176
110,17,176
115,5,176
115,1,176
115,3,176
115,3,176
115,3,176
115,4,176
115,3,176
115,4,176
115,5,176
115,1,176
115,3,176
115,7,176
115,6,176
115,2,176
115,7,176
115,7,176
115,4,176
115,2,176
115,3,176
115,6,176
115,3,176
115,5,176
115,4,176
115,5,176
115,6,176
115,3,176
115,4,176
115,3,176
115,4,176
115,7,176
115,5,176
115,2,176
115,3,176
115,2,176
115,2,176
115,5,176
115,2,176
115,5,176
115,6,176
115,7,176
115,7,176
115,4,176
115,4,176
115,2,176
115,2,176
115,4,176
115,4,176
115,3,176
115,3,176
115,5,176
115,2,176
115,4,176
115,3,176
115,4,176
115,5,176
115,1,176
115,4,176
115,3,176
115,4,176
115,4,176
115,3,176
115,4,176
115,3,176
115,4,176
115,6,176
115,2,176
115,5,176
115,4,176
115,6,176
115,4,176
115,4,176
115,5,176
115,6,176
115,3,176
115,6,176
115,5,176
115,5,176
115,4,176
115,5,176
115,6,176
115,1,176
20,0,177
20,0,177
20,0,177
20,0,177
20,0,177
20,0,177
15,0,177
12,0,177
9,0,177
7,0,177
6,0,177
5,0,177
4,0,177
3,0,177
2,1,177
1,0,177
0,0,177
20,0,178
20,2,178
20,15,178
20,4,178
20,5,178
20,6,178
15,4,178
12,5,178
9,0,178
6,4,178
5,4,178
10,5,178
16,6,178
16,5,178
21,5,178
26,5,178
26,6,178
26,4,178
31,5,178
34,3,178
45,11,178
56,11,178
67,11,178
80,13,178
80,18,178
80,9,178
94,14,178
100,20,178
100,7,178
118,18,178
122,4,178
127,5,178
127,5,178
127,5,178
133,6,178
133,5,178
133,1,178
135,2,178
135,7,178
135,5,178
135,2,178
135,4,178
143,8,178
149,6,178
149,5,178
149,8,178
151,2,178
155,4,178
130,1,178
82,4,178
82,7,178
82,5,178
82,8,178
87,5,178
87,9,178
87,13,178
87,7,178
87,9,178
87,7,178
87,3,178
92,5,178
59,10,178
59,2,178
59,6,178
59,8,178
59,5,178
59,5,178
59,5,178
65,6,178
70,5,178
70,4,178
64,4,178
72,8,178
66,4,178
66,12,178
66,8,178
66,8,178
66,7,178
66,11,178
66,11,178
66,10,178
66,6,178
73,7,178
73,11,178
54,12,178
54,6,178
54,14,178
54,6,178
54,8,178
54,9,178
54,5,178
54,8,178
54,4,178
59,5,178
69,10,178
84,15,178
97,13,178
107,10,178
110,3,178
110,2,178
20,0,179
12,0,179
12,0,179
14,2,179
14,0,179
17,3,179
19,2,179
27,8,179
32,5,179
32,5,179
32,9,179
32,10,179
32,6,179
32,7,179
24,6,179
28,4,179
34,6,179
34,8,179
34,4,179
27,9,179
35,8,179
26,12,179
26,7,179
26,6,179
26,9,179
26,7,179
26,8,179
26,9,179
23,3,179
28,5,179
28,3,179
28,3,179
28,4,179
28,9,179
28,4,179
28,9,179
28,7,179
28,4,179
28,7,179
28,3,179
28,7,179
28,4,179
28,7,179
28,9,179
28,7,179
28,5,179
28,9,179
28,7,179
28,4,179
28,4,179
28,7,179
28,7,179
28,8,179
28,5,179
28,6,179
28,5,179
28,8,179
28,4,179
28,6,179
28,5,179
28,5,179
28,8,179
28,6,179
28,7,179
28,12,179
28,3,179
28,3,179
28,3,179
28,8,179
28,7,179
28,8,179
28,7,179
28,5,179
28,5,179
28,8,179
28,4,179
28,7,179
28,7,179
28,2,179
28,5,179
28,7,179
28,4,179
28,5,179
28,4,179
28,5,179
28,7,179
28,5,179
28,5,179
28,6,179
28,6,179
28,5,179
28,6,179
28,9,179
28,4,179
28,5,179
28,2,179
28,5,179
28,3,179
28,6,179
28,8,179
20,0,180
20,0,180
20,10,180
27,7,180
27,2,180
27,2,180
19,2,180
18,0,180
18,1,180
18,2,180
18,3,180
18,0,180
18,2,180
18,4,180
18,2,180
18,2,180
18,3,180
18,5,180
18,5,180
18,2,180
18,4,180
25,7,180
33,8,180
43,10,180
53,10,180
73,20,180
73,11,180
94,21,180
121,27,180
128,7,180
128,15,180
128,6,180
135,7,180
135,18,180
144,9,180
149,5,180
149,8,180
149,14,180
149,5,180
154,5,180
154,4,180
154,5,180
162,8,180
165,3,180
170,5,180
170,4,180
170,7,180
170,7,180
178,8,180
181,3,180
181,9,180
187,6,180
187,4,180
191,4,180
191,4,180
191,3,180
197,6,180
197,7,180
197,3,180
203,6,180
209,6,180
209,5,180
209,4,180
214,5,180
214,5,180
214,5,180
221,7,180
221,6,180
221,5,180
221,6,180
223,2,180
223,6,180
226,3,180
226,6,180
233,7,180
236,3,180
242,6,180
242,6,180
249,7,180
249,8,180
257,8,180
264,7,180
264,4,180
270,6,180
270,7,180
275,5,180
275,4,180
280,5,180
284,4,180
284,2,180
289,5,180
289,5,180
214,7,180
214,2,180
157,11,180
160,3,180
160,0,180
160,3,180
160,8,180
162,2,180
20,0,181
20,0,181
20,0,181
20,0,181
20,0,181
12,0,181
12,0,181
12,0,181
15,3,181
16,1,181
19,3,181
21,2,181
21,5,181
21,3,181
21,0,181
21,3,181
21,6,181
21,7,181
21,0,181
21,6,181
21,1,181
21,7,181
21,4,181
27,6,181
27,6,181
27,11,181
27,17,181
27,3,181
20,12,181
30,10,181
30,8,181
30,11,181
30,1,181
30,13,181
30,13,181
30,13,181
30,13,181
30,5,181
44,14,181
62,18,181
104,42,181
137,33,181
148,11,181
148,13,181
163,15,181
177,14,181
177,14,181
192,15,181
201,9,181
201,16,181
216,15,181
166,12,181
166,10,181
166,11,181
174,8,181
186,12,181
199,13,181
212,13,181
230,18,181
230,12,181
242,12,181
242,24,181
242,12,181
263,21,181
263,15,181
263,6,181
283,20,181
295,12,181
317,22,181
317,18,181
335,18,181
361,26,181
384,23,181
384,24,181
404,20,181
422,18,181
422,20,181
422,19,181
422,19,181
422,20,181
438,16,181
456,18,181
456,19,181
337,13,181
337,12,181
337,21,181
347,10,181
362,15,181
362,7,181
373,11,181
386,13,181
386,26,181
386,19,181
405,19,181
405,15,181
426,21,181
426,15,181
426,15,181
426,22,181
399,19,181
20,0,182
20,0,182
12,0,182
12,6,182
12,3,182
12,1,182
12,4,182
12,5,182
13,1,182
13,0,182
18,5,182
26,8,182
26,9,182
26,6,182
26,12,182
26,14,182
26,8,182
26,12,182
26,10,182
26,6,182
26,4,182
26,11,182
26,17,182
26,9,182
26,9,182
26,9,182
26,9,182
26,9,182
26,9,182
26,10,182
26,12,182
26,12,182
26,12,182
26,12,182
26,12,182
26,6,182
26,12,182
26,9,182
26,7,182
26,11,182
26,9,182
26,6,182
26,9,182
26,7,182
26,12,182
26,10,182
26,9,182
26,9,182
26,12,182
26,7,182
26,8,182
26,13,182
26,11,182
26,14,182
26,11,182
26,8,182
26,12,182
26,9,182
26,12,182
26,8,182
26,7,182
26,8,182
26,8,182
26,9,182
26,5,182
26,9,182
26,7,182
26,6,182
26,11,182
26,5,182
26,8,182
26,8,182
26,9,182
26,6,182
26,3,182
26,8,182
26,5,182
26,8,182
26,3,182
26,3,182
26,9,182
26,6,182
26,6,182
26,3,182
26,8,182
26,10,182
26,6,182
26,6,182
26,7,182
26,8,182
26,8,182
26,4,182
26,9,182
26,5,182
26,7,182
26,3,182
26,4,182
26,12,182
26,7,182
26,5,182
20,0,183
16,0,183
16,0,183
16,0,183
16,0,183
16,0,183
17,1,183
17,2,183
18,1,183
20,2,183
21,1,183
16,4,183
18,2,183
20,2,183
23,3,183
23,1,183
23,0,183
23,2,183
23,1,183
23,4,183
23,4,183
23,4,183
23,1,183
23,2,183
14,1,183
14,0,183
16,2,183
19,3,183
19,0,183
24,5,183
24,4,183
24,0,183
24,3,183
24,2,183
24,1,183
15,2,183
17,2,183
20,3,183
22,2,183
24,2,183
24,4,183
24,2,183
24,4,183
24,2,183
24,2,183
24,1,183
24,3,183
24,2,183
24,1,183
24,2,183
24,2,183
24,2,183
24,1,183
24,2,183
24,1,183
24,2,183
24,4,183
15,1,183
15,0,183
15,0,183
17,2,183
19,2,183
21,2,183
24,3,183
24,3,183
24,1,183
24,4,183
19,2,183
20,1,183
20,0,183
22,2,183
23,1,183
23,3,183
23,2,183
23,0,183
23,1,183
17,1,183
19,2,183
20,1,183
22,2,183
24,2,183
24,2,183
24,3,183
24,1,183
24,1,183
24,4,183
24,1,183
22,4,183
24,2,183
24,2,183
24,2,183
24,2,183
24,1,183
24,2,183
24,1,183
24,2,183
23,1,183
23,6,183
23,1,183
23,3,183
20,0,184
20,0,184
20,0,184
20,0,184
20,0,184
20,0,184
20,0,184
25,5,184
25,5,184
25,12,184
36,11,184
49,13,184
66,17,184
78,12,184
94,16,184
127,33,184
134,7,184
146,12,184
157,11,184
170,13,184
170,7,184
178,8,184
178,10,184
178,7,184
178,11,184
187,9,184
205,18,184
165,9,184
183,18,184
193,10,184
193,16,184
193,19,184
193,37,184
204,11,184
215,11,184
215,16,184
215,10,184
215,12,184
215,9,184
223,8,184
223,3,184
233,10,184
242,9,184
242,15,184
250,8,184
257,7,184
257,11,184
257,9,184
257,9,184
271,14,184
285,14,184
297,12,184
297,10,184
306,9,184
306,9,184
314,8,184
261,11,184
269,8,184
269,10,184
273,4,184
273,12,184
282,9,184
282,6,184
282,7,184
287,5,184
287,6,184
261,12,184
261,6,184
274,13,184
281,7,184
281,14,184
281,14,184
179,12,184
179,12,184
179,13,184
179,10,184
185,6,184
185,7,184
192,7,184
204,12,184
217,13,184
217,7,184
217,4,184
217,7,184
232,15,184
241,9,184
239,13,184
239,10,184
254,15,184
254,9,184
271,17,184
271,5,184
174,18,184
178,4,184
178,10,184
186,8,184
192,6,184
192,2,184
192,5,184
202,10,184
20,0,185
20,0,185
20,0,185
12,0,185
12,2,185
12,0,185
12,0,185
12,0,185
12,0,185
12,3,185
12,1,185
12,1,185
12,0,185
12,3,185
12,0,185
12,2,185
12,2,185
12,1,185
12,2,185
12,1,185
8,0,185
8,1,185
8,2,185
8,1,185
8,1,185
8,2,185
5,2,185
6,1,185
7,1,185
7,0,185
8,1,185
8,0,185
8,1,185
8,1,185
8,0,185
8,0,185
7,0,185
9,2,185
9,4,185
9,2,185
9,3,185
9,2,185
9,1,185
9,2,185
7,1,185
9,2,185
9,0,185
9,0,185
8,0,185
8,2,185
8,1,185
8,1,185
8,2,185
8,2,185
5,1,185
5,0,185
5,1,185
5,0,185
5,1,185
5,2,185
5,2,185
5,0,185
4,2,185
3,0,185
2,0,185
1,0,185
0,0,185
20,0,186
20,0,186
20,0,186
14,0,186
14,7,186
14,6,186
14,8,186
14,2,186
14,2,186
11,5,186
9,4,186
7,6,186
10,3,186
13,3,186
15,2,186
15,0,186
19,4,186
19,1,186
23,4,186
26,3,186
30,4,186
35,5,186
35,2,186
40,5,186
40,2,186
48,8,186
48,14,186
57,9,186
69,12,186
80,11,186
97,17,186
114,17,186
119,5,186
119,24,186
127,8,186
96,3,186
96,13,186
92,16,186
108,16,186
109,1,186
109,16,186
110,1,186
100,1,186
100,20,186
84,14,186
84,10,186
109,25,186
78,7,186
78,17,186
78,13,186
55,15,186
55,16,186
55,14,186
55,10,186
55,19,186
55,11,186
41,14,186
41,10,186
41,11,186
53,12,186
61,8,186
77,16,186
97,20,186
97,20,186
123,26,186
133,10,186
133,16,186
139,6,186
139,9,186
139,4,186
139,3,186
139,5,186
145,6,186
145,4,186
154,9,186
157,3,186
161,4,186
161,14,186
167,6,186
171,4,186
171,4,186
171,5,186
164,4,186
164,3,186
164,3,186
109,6,186
109,0,186
109,10,186
111,2,186
118,7,186
124,6,186
128,4,186
128,2,186
132,4,186
135,3,186
138,3,186
138,6,186
144,6,186
147,3,186
147,6,186
20,0,187
20,0,187
20,0,187
20,0,187
20,0,187
20,0,187
15,0,187
12,0,187
9,2,187
6,0,187
5,1,187
4,1,187
3,0,187
2,0,187
1,0,187
0,0,187
20,0,188
20,0,188
20,0,188
20,0,188
20,8,188
20,5,188
15,6,188
12,3,188
8,1,188
5,3,188
4,2,188
3,1,188
2,0,188
2,0,188
2,0,188
3,1,188
3,0,188
3,0,188
3,0,188
3,0,188
5,2,188
5,2,188
5,0,188
5,0,188
5,1,188
5,0,188
4,0,188
5,1,188
5,0,188
5,0,188
5,1,188
5,0,188
5,1,188
5,0,188
5,0,188
5,2,188
5,0,188
5,1,188
5,2,188
5,0,188
5,2,188
5,1,188
5,0,188
5,0,188
4,1,188
4,1,188
3,1,188
3,0,188
3,0,188
3,0,188
4,1,188
4,1,188
4,0,188
4,0,188
4,0,188
4,2,188
4,1,188
4,1,188
4,1,188
4,1,188
4,1,188
4,0,188
4,2,188
4,1,188
3,0,188
3,0,188
3,0,188
3,0,188
3,0,188
3,0,188
3,0,188
3,0,188
5,2,188
5,0,188
5,0,188
5,0,188
5,1,188
5,2,188
5,2,188
5,2,188
5,2,188
5,1,188
5,0,188
5,0,188
5,1,188
5,2,188
5,2,188
5,0,188
5,2,188
5,1,188
4,2,188
4,1,188
4,3,188
4,0,188
4,1,188
4,1,188
4,4,188
4,1,188
4,1,188
4,0,188
20,0,189
20,0,189
20,0,189
13,0,189
13,0,189
13,0,189
9,0,189
6,0,189
6,0,189
6,0,189
6,0,189
6,1,189
6,3,189
6,2,189
6,2,189
6,1,189
6,3,189
6,2,189
6,4,189
6,1,189
5,2,189
5,1,189
5,0,189
5,1,189
5,1,189
5,0,189
5,0,189
5,3,189
5,3,189
5,1,189
5,2,189
5,2,189
5,0,189
5,1,189
5,3,189
5,1,189
5,2,189
5,1,189
5,1,189
5,2,189
5,1,189
5,3,189
5,1,189
5,2,189
5,3,189
5,2,189
5,1,189
5,1,189
5,1,189
5,0,189
5,1,189
5,2,189
5,1,189
5,2,189
5,0,189
5,1,189
5,1,189
5,2,189
5,3,189
5,0,189
5,2,189
5,1,189
5,1,189
5,0,189
5,3,189
5,1,189
5,0,189
5,1,189
5,1,189
5,0,189
5,3,189
5,0,189
5,1,189
5,1,189
5,1,189
5,2,189
5,1,189
5,1,189
5,0,189
5,0,189
5,0,189
5,2,189
5,3,189
5,0,189
5,2,189
5,1,189
5,0,189
5,0,189
5,0,189
5,2,189
5,1,189
5,4,189
5,1,189
5,0,189
5,1,189
5,2,189
5,1,189
5,0,189
5,2,189
5,0,189
14,0,190
14,0,190
14,0,190
14,0,190
14,0,190
14,0,190
14,0,190
14,0,190
14,0,190
14,0,190
9,0,190
9,0,190
9,0,190
9,0,190
9,2,190
9,2,190
9,1,190
9,0,190
9,0,190
8,1,190
6,1,190
9,3,190
10,1,190
10,2,190
8,0,190
9,1,190
7,0,190
8,2,190
9,1,190
9,1,190
9,2,190
9,4,190
9,2,190
9,3,190
9,1,190
9,2,190
7,0,190
6,0,190
5,4,190
4,2,190
3,0,190
2,1,190
1,2,190
0,0,190
20,0,191
15,0,191
15,1,191
15,1,191
11,4,191
37,26,191
99,62,191
168,69,191
204,36,191
241,37,191
241,32,191
241,30,191
241,17,191
241,20,191
241,14,191
241,11,191
241,21,191
241,14,191
241,14,191
241,15,191
241,15,191
241,23,191
241,16,191
200,17,191
127,17,191
127,12,191
127,12,191
127,9,191
127,7,191
127,12,191
127,10,191
127,13,191
127,14,191
127,14,191
127,9,191
127,10,191
127,10,191
127,10,191
127,15,191
127,11,191
127,13,191
127,15,191
127,12,191
127,13,191
127,12,191
127,10,191
127,11,191
127,12,191
127,5,191
127,9,191
127,9,191
127,8,191
127,15,191
127,6,191
127,5,191
127,10,191
127,6,191
127,4,191
127,8,191
127,6,191
127,4,191
127,6,191
127,7,191
127,6,191
127,10,191
127,7,191
136,9,191
146,10,191
154,8,191
154,8,191
154,9,191
154,10,191
154,6,191
111,4,191
111,8,191
111,7,191
111,5,191
111,8,191
111,4,191
111,7,191
111,8,191
111,6,191
111,10,191
111,7,191
111,6,191
111,4,191
111,6,191
111,9,191
111,4,191
111,4,191
111,6,191
111,5,191
111,3,191
111,5,191
111,6,191
111,3,191
111,5,191
111,9,191
111,12,191
111,3,191
14,0,192
14,1,192
14,0,192
14,0,192
14,0,192
14,1,192
15,1,192
17,2,192
17,0,192
17,3,192
17,3,192
15,3,192
15,2,192
15,2,192
15,2,192
11,2,192
14,3,192
14,3,192
14,0,192
14,1,192
14,0,192
14,2,192
14,3,192
14,0,192
14,4,192
14,3,192
14,3,192
14,0,192
14,2,192
14,4,192
14,3,192
14,4,192
14,1,192
14,3,192
9,4,192
11,2,192
11,3,192
11,1,192
11,3,192
11,6,192
11,2,192
11,4,192
11,0,192
11,1,192
11,2,192
11,2,192
11,3,192
11,2,192
11,4,192
14,3,192
16,2,192
20,4,192
26,6,192
33,7,192
40,7,192
47,7,192
62,15,192
72,10,192
54,15,192
54,13,192
54,19,192
54,17,192
54,11,192
54,10,192
54,15,192
54,13,192
54,17,192
54,17,192
54,11,192
54,16,192
54,16,192
54,11,192
54,16,192
54,17,192
54,18,192
54,13,192
54,13,192
54,10,192
54,12,192
54,13,192
54,13,192
54,15,192
54,14,192
54,11,192
54,12,192
54,13,192
54,13,192
54,10,192
54,8,192
54,5,192
54,8,192
54,8,192
54,8,192
54,4,192
54,9,192
54,8,192
54,6,192
54,6,192
54,9,192
54,9,192
20,0,193
20,0,193
20,1,193
20,1,193
20,1,193
20,0,193
15,1,193
12,9,193
16,4,193
16,0,193
22,6,193
27,5,193
36,11,193
36,7,193
36,0,193
36,10,193
36,5,193
36,0,193
36,4,193
36,4,193
36,5,193
36,4,193
36,4,193
36,4,193
36,1,193
36,3,193
36,5,193
36,6,193
36,4,193
25,2,193
22,3,193
23,1,193
25,2,193
26,1,193
26,4,193
26,2,193
26,3,193
26,2,193
26,3,193
26,1,193
26,4,193
22,2,193
16,3,193
17,2,193
19,2,193
20,1,193
22,2,193
25,3,193
26,1,193
26,2,193
26,4,193
24,2,193
24,4,193
27,3,193
27,2,193
27,1,193
27,1,193
21,2,193
23,2,193
25,2,193
30,5,193
19,3,193
24,5,193
28,4,193
28,3,193
21,1,193
22,1,193
19,2,193
22,3,193
23,1,193
24,1,193
25,1,193
27,2,193
27,3,193
23,1,193
25,2,193
28,3,193
28,1,193
28,3,193
28,2,193
28,3,193
28,3,193
28,3,193
28,1,193
28,0,193
28,0,193
26,4,193
26,3,193
26,3,193
26,1,193
26,3,193
26,3,193
26,4,193
26,3,193
26,3,193
26,4,193
26,4,193
26,3,193
26,3,193
26,3,193
20,0,194
20,0,194
20,0,194
20,0,194
20,0,194
20,3,194
15,9,194
12,2,194
9,8,194
7,3,194
6,5,194
8,2,194
8,2,194
6,3,194
6,0,194
5,2,194
5,2,194
5,1,194
5,2,194
5,1,194
5,1,194
5,3,194
5,1,194
5,3,194
5,4,194
5,1,194
5,2,194
5,2,194
3,0,194
3,2,194
3,0,194
2,3,194
1,1,194
0,0,194
20,0,195
20,0,195
20,2,195
20,11,195
20,7,195
20,3,195
15,2,195
12,3,195
9,1,195
7,0,195
6,0,195
5,0,195
4,0,195
3,0,195
3,0,195
3,0,195
3,0,195
3,0,195
3,0,195
3,0,195
3,0,195
3,0,195
3,0,195
3,0,195
3,0,195
3,0,195
3,0,195
3,0,195
3,0,195
3,0,195
3,0,195
3,0,195
3,0,195
3,0,195
3,0,195
3,0,195
3,0,195
3,0,195
3,0,195
3,0,195
3,0,195
3,0,195
3,0,195
2,0,195
2,0,195
2,0,195
2,0,195
2,0,195
2,0,195
2,0,195
2,0,195
2,0,195
2,0,195
2,0,195
2,0,195
2,0,195
2,0,195
2,0,195
2,0,195
2,0,195
2,0,195
2,0,195
2,0,195
2,0,195
2,0,195
2,0,195
2,0,195
2,0,195
2,0,195
2,0,195
2,0,195
2,0,195
2,0,195
2,0,195
2,0,195
2,0,195
2,0,195
2,0,195
2,0,195
2,0,195
2,0,195
2,0,195
2,0,195
2,0,195
2,0,195
2,0,195
2,0,195
2,0,195
2,0,195
2,0,195
2,0,195
2,0,195
2,0,195
2,0,195
2,0,195
2,0,195
2,0,195
2,0,195
2,0,195
2,0,195
20,0,196
20,0,196
16,0,196
16,0,196
16,0,196
20,4,196
20,2,196
24,4,196
24,2,196
24,4,196
24,3,196
24,0,196
24,2,196
24,2,196
24,3,196
24,3,196
24,1,196
24,1,196
16,2,196
14,0,196
14,1,196
14,0,196
14,0,196
14,4,196
11,0,196
14,3,196
11,2,196
14,3,196
14,2,196
14,2,196
11,0,196
11,0,196
11,1,196
11,3,196
11,1,196
11,1,196
11,1,196
11,0,196
11,3,196
11,1,196
11,4,196
11,2,196
11,3,196
11,3,196
11,1,196
11,2,196
11,0,196
11,1,196
11,1,196
11,1,196
11,3,196
8,0,196
10,2,196
11,1,196
11,1,196
9,0,196
7,0,196
9,2,196
10,1,196
11,1,196
11,2,196
11,1,196
11,1,196
11,0,196
11,0,196
11,0,196
10,1,196
11,1,196
11,1,196
11,0,196
11,1,196
11,0,196
11,1,196
11,1,196
11,1,196
11,0,196
11,0,196
11,1,196
11,0,196
11,1,196
9,0,196
9,0,196
11,2,196
13,2,196
13,4,196
10,0,196
11,1,196
11,0,196
11,0,196
11,0,196
9,0,196
9,0,196
9,0,196
9,0,196
9,0,196
10,1,196
10,0,196
10,2,196
10,0,196
10,1,196
20,0,197
18,0,197
18,0,197
18,0,197
18,0,197
13,0,197
13,0,197
13,0,197
13,0,197
13,0,197
13,0,197
10,1,197
10,2,197
10,1,197
9,2,197
9,1,197
7,0,197
7,0,197
7,0,197
6,0,197
7,1,197
9,2,197
9,0,197
9,0,197
9,0,197
9,0,197
9,1,197
7,0,197
8,1,197
8,1,197
8,2,197
8,3,197
8,2,197
8,2,197
8,1,197
8,1,197
8,2,197
8,1,197
8,1,197
8,2,197
8,1,197
8,1,197
8,6,197
8,0,197
8,0,197
8,2,197
8,3,197
8,3,197
8,4,197
8,1,197
8,2,197
8,1,197
8,1,197
8,0,197
8,1,197
8,1,197
8,0,197
8,2,197
8,0,197
8,1,197
8,2,197
8,1,197
8,1,197
8,0,197
8,1,197
8,1,197
8,2,197
8,0,197
8,4,197
8,0,197
8,2,197
8,1,197
8,1,197
8,3,197
8,2,197
8,2,197
8,1,197
8,3,197
8,2,197
8,1,197
8,1,197
8,1,197
8,1,197
8,1,197
8,1,197
8,0,197
8,1,197
8,2,197
8,2,197
8,2,197
8,1,197
8,1,197
8,1,197
8,1,197
8,2,197
8,0,197
8,2,197
8,1,197
8,2,197
8,3,197
20,0,198
18,0,198
18,0,198
18,0,198
18,3,198
18,6,198
18,4,198
18,6,198
18,7,198
18,7,198
24,6,198
31,7,198
34,13,198
34,10,198
34,5,198
30,10,198
30,4,198
30,6,198
30,4,198
30,8,198
30,9,198
30,6,198
30,8,198
30,8,198
30,11,198
30,10,198
30,4,198
30,4,198
30,8,198
30,7,198
30,11,198
30,7,198
28,8,198
28,9,198
28,4,198
28,5,198
28,6,198
28,9,198
28,5,198
28,8,198
28,5,198
28,8,198
28,6,198
28,8,198
28,7,198
28,8,198
28,7,198
28,11,198
28,13,198
28,7,198
28,5,198
28,7,198
28,5,198
28,8,198
28,6,198
28,7,198
28,7,198
28,4,198
28,8,198
28,8,198
28,4,198
28,10,198
28,5,198
28,11,198
28,7,198
28,10,198
28,7,198
28,9,198
28,8,198
28,5,198
28,8,198
28,6,198
28,9,198
28,8,198
28,6,198
28,6,198
28,4,198
28,7,198
28,7,198
28,9,198
28,9,198
28,6,198
28,9,198
28,7,198
28,7,198
28,6,198
28,12,198
28,6,198
28,7,198
28,11,198
28,7,198
28,6,198
28,2,198
28,9,198
28,10,198
28,9,198
28,4,198
28,10,198
28,10,198
28,7,198
20,0,199
20,0,199
20,0,199
20,0,199
20,0,199
20,0,199
15,0,199
12,0,199
9,4,199
7,1,199
6,1,199
5,2,199
4,0,199
3,1,199
2,1,199
1,1,199
0,0,199
20,0,200
20,0,200
20,0,200
20,0,200
20,0,200
20,0,200
20,0,200
20,0,200
20,4,200
20,1,200
24,4,200
26,3,200
32,6,200
38,6,200
48,10,200
55,7,200
62,7,200
73,11,200
89,16,200
113,24,200
117,4,200
117,7,200
117,6,200
117,3,200
117,3,200
117,3,200
117,4,200
117,5,200
103,4,200
103,4,200
103,7,200
103,4,200
103,7,200
103,9,200
103,5,200
103,6,200
78,4,200
78,16,200
78,20,200
78,16,200
78,18,200
78,26,200
78,18,200
78,13,200
78,16,200
78,21,200
78,20,200
78,16,200
78,18,200
78,14,200
78,21,200
78,19,200
78,19,200
78,30,200
72,20,200
72,14,200
72,23,200
72,19,200
72,19,200
72,18,200
72,15,200
72,18,200
72,25,200
72,14,200
72,15,200
72,16,200
72,14,200
72,13,200
72,22,200
72,26,200
72,19,200
72,25,200
72,24,200
72,30,200
72,26,200
72,20,200
72,21,200
72,24,200
72,19,200
72,16,200
72,19,200
72,21,200
72,23,200
72,23,200
72,27,200
64,24,200
64,15,200
46,23,200
46,12,200
46,18,200
46,15,200
46,9,200
46,12,200
46,17,200
46,18,200
46,18,200
46,15,200
46,9,200
46,9,200
46,8,200
